שם הקרן,מס' קרן,סוג הקרן,פרופיל חשיפה מניות,"פרופיל חשיפה מט""ח",סיווג הקרן כותרת על,סיווג הקרן כותרת ראשית,סיווג הקרן כותרת משנית,מאפייני הקרן,נאמן,מנהל קרן,מעמד מס,דמי ניהול,דמי נאמנות,שווי נכסי הקרן,תאריך נכונות,מחיר קניה,מחיר פדיון,סטיית תקן,נכס ייחוס,סיווג עמלת הפצה,שיעור הוספה
איביאי טכ עילית,1142538,קרן הייטק,5,D,קרן סגורה,קרן טכנולוגיה עילית,,"הקרן הינה קרן בלתי מוגבלת בני""ע חוץ",יובנק נאמנות,"איביאי קרנות נאמנות ",פטורה,1.300,0.1000,512.5,21.07.2026,,,,"ת""א טק-עילית",לא נגבית עמלת הפצה,0.000
תכלית סל תא 35,1143700,קרן סל,4,0,מניות בארץ,מניות לפי שווי שוק,Large Cap,לפי מדיניות השקעותיה הקרן הינה קרן מחקה,מזרחי טפחות נאמנות,מיטב קרנות נאמנות,פטורה,0.250,0.0200,,21.07.2026,4115.28,4111.16,,"ת""א-35",לא נגבית עמלת הפצה,0.000
תכלית סל תא 125,1143718,קרן סל,4,0,מניות בארץ,מניות לפי שווי שוק,Mid Cap & Large,לפי מדיניות השקעותיה הקרן הינה קרן מחקה,אלמגור-בריטמן נאמנות,מיטב קרנות נאמנות,פטורה,0.250,0.0200,,21.07.2026,4050.55,4046.50,,"ת""א 125",לא נגבית עמלת הפצה,0.000
תכלית סל בנקים ישראל,1143726,קרן סל,4,0,מניות בארץ,מניות לפי ענפים,בנקאות ואשראי חוץ בנקאי,לפי מדיניות השקעותיה הקרן הינה קרן מחקה,הרמטיק נאמנות,מיטב קרנות נאמנות,פטורה,0.600,0.0200,,21.07.2026,7273.54,7266.27,,אינדקס בנקים ישראל,לא נגבית עמלת הפצה,0.000
תכלית סל 100 NDX ממ,1143734,קרן סל,4,A,"מניות בחו""ל","מניות גיאוגרפי - מנוטרלת מט""ח",אמריקה- שווקים מפותחים,"הקרן הינה קרן בלתי מוגבלת בני""ע חוץ,לפי מדיניות השקעותיה הקרן הינה קרן מחקה,קרן כשרה",אלמגור-בריטמן נאמנות,מיטב קרנות נאמנות,פטורה,0.800,0.0300,,20.07.2026,22414.26,22347.02,,NASDAQ 100 - NTR,לא נגבית עמלת הפצה,0.000
תכלית סל Hang Seng CHN ממ,1143742,קרן סל,4,A,"מניות בחו""ל","מניות גיאוגרפי - מנוטרלת מט""ח",אסיה ופסיפיק- שווקים מתעוררים,"הקרן הינה קרן בלתי מוגבלת בני""ע חוץ,לפי מדיניות השקעותיה הקרן הינה קרן מחקה",אלמגור-בריטמן נאמנות,מיטב קרנות נאמנות,פטורה,1.500,0.0300,,20.07.2026,8311.33,8286.40,,"HANG SENG CHINA ENTREPRISES ",לא נגבית עמלת הפצה,0.000
תכלית סל EU STOXX50 ממ,1143767,קרן סל,4,A,"מניות בחו""ל","מניות גיאוגרפי - מנוטרלת מט""ח",אירופה- כללי,"הקרן הינה קרן בלתי מוגבלת בני""ע חוץ,לפי מדיניות השקעותיה הקרן הינה קרן מחקה,קרן כשרה",אלמגור-בריטמן נאמנות,מיטב קרנות נאמנות,פטורה,0.800,0.0300,,20.07.2026,7191.18,7169.61,,EURO STOXX 50 - NTR,לא נגבית עמלת הפצה,0.000
תכלית סל תא 90,1143783,קרן סל,4,0,מניות בארץ,מניות לפי שווי שוק,Mid Cap,לפי מדיניות השקעותיה הקרן הינה קרן מחקה,הרמטיק נאמנות,מיטב קרנות נאמנות,פטורה,0.600,0.0200,,21.07.2026,3587.09,3583.50,,"ת""א 90",לא נגבית עמלת הפצה,0.000
תכלית סל תלבונד 20,1143791,קרן סל,0,0,"אג""ח בארץ - חברות והמרה","אג""ח חברות צמודות מדד",בריבית קבועה,לפי מדיניות השקעותיה הקרן הינה קרן מחקה,אלמגור-בריטמן נאמנות,מיטב קרנות נאמנות,פטורה,0.250,0.0200,,21.07.2026,415.10,414.68,,תל בונד 20 צמודות,לא נגבית עמלת הפצה,0.000
תכלית סל SP500 ממ,1143817,קרן סל,4,A,"מניות בחו""ל","מניות גיאוגרפי - מנוטרלת מט""ח",אמריקה- שווקים מפותחים,"הקרן הינה קרן בלתי מוגבלת בני""ע חוץ,לפי מדיניות השקעותיה הקרן הינה קרן מחקה,קרן כשרה",אלמגור-בריטמן נאמנות,מיטב קרנות נאמנות,פטורה,0.800,0.0300,,20.07.2026,6399.60,6380.40,,S&P 500 - NTR,לא נגבית עמלת הפצה,0.000
תכלית סל DAX ממ,1143825,קרן סל,4,A,"מניות בחו""ל","מניות גיאוגרפי - מנוטרלת מט""ח",אירופה- שווקים מפותחים,"הקרן הינה קרן בלתי מוגבלת בני""ע חוץ,לפי מדיניות השקעותיה הקרן הינה קרן מחקה",אלמגור-בריטמן נאמנות,מיטב קרנות נאמנות,פטורה,0.800,0.0300,,20.07.2026,21275.26,21211.43,,DAX - NTR,לא נגבית עמלת הפצה,0.000
תכלית סל STOXX600 מא,1143833,קרן סל,4,A,"מניות בחו""ל","מניות גיאוגרפי - מנוטרלת מט""ח",אירופה- כללי,"הקרן הינה קרן בלתי מוגבלת בני""ע חוץ,לפי מדיניות השקעותיה הקרן הינה קרן מחקה,קרן כשרה",הרמטיק נאמנות,מיטב קרנות נאמנות,פטורה,0.800,0.0300,,20.07.2026,822.85,820.38,,STOXX Europe 600 - NTR,לא נגבית עמלת הפצה,0.000
תכלית סל ‏SP Finance,1143841,קרן סל,4,D,"מניות בחו""ל","מניות לפי ענפים בחו""ל - חשופת מט""ח",Financial,"הקרן הינה קרן בלתי מוגבלת בני""ע חוץ,לפי מדיניות השקעותיה הקרן הינה קרן מחקה,קרן להשקעות חוץ – מטבע עיקרי - דולר ארה""ב",אלמגור-בריטמן נאמנות,מיטב קרנות נאמנות,פטורה,0.450,0.0300,,20.07.2026,15323.44,15277.47,,"S&P Financial Select Sector- NTR,דולר ארה""ב",לא נגבית עמלת הפצה,0.000
תכלית סל SPIndustrial ממ,1143858,קרן סל,4,A,"מניות בחו""ל","מניות לפי ענפים בחו""ל - מנוטרלת מט""ח",Industrials,"הקרן הינה קרן בלתי מוגבלת בני""ע חוץ,לפי מדיניות השקעותיה הקרן הינה קרן מחקה",אלמגור-בריטמן נאמנות,מיטב קרנות נאמנות,פטורה,0.800,0.0300,,20.07.2026,4526.94,4513.36,,S&P Industrial Select Sector - NTR,לא נגבית עמלת הפצה,0.000
תכלית סל MSCI World מד,1143866,קרן סל,4,A,"מניות בחו""ל","מניות גיאוגרפי - מנוטרלת מט""ח",גלובלי- שווקים מפותחים,"הקרן הינה קרן בלתי מוגבלת בני""ע חוץ,לפי מדיניות השקעותיה הקרן הינה קרן מחקה,קרן כשרה",הרמטיק נאמנות,מיטב קרנות נאמנות,פטורה,0.800,0.0300,,16.07.2026,11767.37,11732.07,,MSCI WORLD INDEX - NTR,לא נגבית עמלת הפצה,0.000
תכלית סל מש מחזור/בסיס ממ,1143882,קרן סל,4,A,"מניות בחו""ל","מניות בחו""ל קרן משולבת",,"הקרן הינה קרן בלתי מוגבלת בני""ע חוץ,לפי מדיניות השקעותיה הקרן הינה קרן מחקה",אלמגור-בריטמן נאמנות,מיטב קרנות נאמנות,פטורה,0.000,0.0300,,20.07.2026,21550.47,21485.82,,"S&P Consumer Staples Select Sector - NTR,S&P Consumer Discretionary Select Sector - NTR",לא נגבית עמלת הפצה,0.000
תכלית סל צריכה מחזור SP,1143957,קרן סל,4,D,"מניות בחו""ל","מניות לפי ענפים בחו""ל - חשופת מט""ח",Consumer Discretionary,"הקרן הינה קרן בלתי מוגבלת בני""ע חוץ,לפי מדיניות השקעותיה הקרן הינה קרן מחקה,קרן להשקעות חוץ – מטבע עיקרי - דולר ארה""ב",אלמגור-בריטמן נאמנות,מיטב קרנות נאמנות,פטורה,0.700,0.0300,,20.07.2026,20265.48,20204.68,,"S&P Consumer Discretionary Select Sector - NTR,דולר ארה""ב",לא נגבית עמלת הפצה,0.000
תכלית סל SP Tech ממ,1143965,קרן סל,4,A,"מניות בחו""ל","מניות לפי ענפים בחו""ל - מנוטרלת מט""ח",Technology,"הקרן הינה קרן בלתי מוגבלת בני""ע חוץ,לפי מדיניות השקעותיה הקרן הינה קרן מחקה",אלמגור-בריטמן נאמנות,מיטב קרנות נאמנות,פטורה,0.600,0.0300,,20.07.2026,11789.43,11754.06,,S&P Technology Select Sector Index - NTR,לא נגבית עמלת הפצה,0.000
תכלית סל צריכה בסיס SP,1143981,קרן סל,4,D,"מניות בחו""ל","מניות לפי ענפים בחו""ל - חשופת מט""ח",Consumer Staples,"הקרן הינה קרן בלתי מוגבלת בני""ע חוץ,לפי מדיניות השקעותיה הקרן הינה קרן מחקה,קרן להשקעות חוץ – מטבע עיקרי - דולר ארה""ב",אלמגור-בריטמן נאמנות,מיטב קרנות נאמנות,פטורה,0.600,0.0300,,20.07.2026,11665.48,11630.48,,"S&P Consumer Staples Select Sector - NTR,דולר ארה""ב",לא נגבית עמלת הפצה,0.000
תכלית סל SP HealthCare,1143999,קרן סל,4,D,"מניות בחו""ל","מניות לפי ענפים בחו""ל - חשופת מט""ח",Health Care,"הקרן הינה קרן בלתי מוגבלת בני""ע חוץ,לפי מדיניות השקעותיה הקרן הינה קרן מחקה,קרן להשקעות חוץ – מטבע עיקרי - דולר ארה""ב",אלמגור-בריטמן נאמנות,מיטב קרנות נאמנות,פטורה,0.500,0.0300,,20.07.2026,18410.00,18354.77,,"S&P Health Care Select Sector Index- NTR,דולר ארה""ב",לא נגבית עמלת הפצה,0.000
תכלית סל תלבונד מאגר,1144013,קרן סל,0,B,"אג""ח בארץ - חברות והמרה","אג""ח חברות","אג""ח חברות שקלי וצמוד",לפי מדיניות השקעותיה הקרן הינה קרן מחקה,הרמטיק נאמנות,מיטב קרנות נאמנות,פטורה,0.250,0.0150,,21.07.2026,4325.25,4320.92,,תל בונד מאגר,לא נגבית עמלת הפצה,0.000
תכלית סל CAC 40 ממ,1144054,קרן סל,4,A,"מניות בחו""ל","מניות גיאוגרפי - מנוטרלת מט""ח",אירופה- שווקים מפותחים,"הקרן הינה קרן בלתי מוגבלת בני""ע חוץ,לפי מדיניות השקעותיה הקרן הינה קרן מחקה",הרמטיק נאמנות,מיטב קרנות נאמנות,פטורה,0.800,0.0300,,20.07.2026,18896.17,18839.48,,CAC 40 - NTR,לא נגבית עמלת הפצה,0.000
תכלית סל DAX,1144104,קרן סל,4,D,"מניות בחו""ל","מניות גיאוגרפי - חשופת מט""ח",אירופה- שווקים מפותחים,"הקרן הינה קרן בלתי מוגבלת בני""ע חוץ,לפי מדיניות השקעותיה הקרן הינה קרן מחקה,קרן להשקעות חוץ – מטבע עיקרי - אירו",הרמטיק נאמנות,מיטב קרנות נאמנות,פטורה,0.600,0.0300,,20.07.2026,7673.63,7650.61,,"DAX - NTR,אירו",לא נגבית עמלת הפצה,0.000
תכלית סל MSCI India,1144112,קרן סל,4,D,"מניות בחו""ל","מניות גיאוגרפי - חשופת מט""ח",אסיה ופסיפיק- שווקים מתעוררים,"הקרן הינה קרן בלתי מוגבלת בני""ע חוץ,לפי מדיניות השקעותיה הקרן הינה קרן מחקה,קרן להשקעות חוץ – מטבע עיקרי - רופי הודי",הרמטיק נאמנות,מיטב קרנות נאמנות,פטורה,1.200,0.0300,,16.07.2026,777.97,775.64,,"MSCI INDIA - NTR,רופי הודי",לא נגבית עמלת הפצה,0.000
תכלית סל תא פיננסים,1144161,קרן סל,4,0,מניות בארץ,מניות לפי ענפים,פיננסים,לפי מדיניות השקעותיה הקרן הינה קרן מחקה,הרמטיק נאמנות,מיטב קרנות נאמנות,פטורה,0.500,0.0150,,21.07.2026,9355.07,9336.36,,"ת""א פיננסים",לא נגבית עמלת הפצה,0.000
תכלית סל MSCI ACWorld,1144237,קרן סל,4,D,"מניות בחו""ל","מניות גלובליות - חשופת מט""ח",,"הקרן הינה קרן בלתי מוגבלת בני""ע חוץ,לפי מדיניות השקעותיה הקרן הינה קרן מחקה,קרן להשקעות חוץ – מטבע עיקרי - דולר ארה""ב,קרן כשרה",הרמטיק נאמנות,מיטב קרנות נאמנות,פטורה,1.000,0.0300,,16.07.2026,3921.61,3909.85,,"MSCI AC WORLD INDEX - NTR,דולר ארה""ב",לא נגבית עמלת הפצה,0.000
תכלית סל ‏ISE Cyber,1144252,קרן סל,4,D,"מניות בחו""ל","מניות לפי ענפים בחו""ל - חשופת מט""ח",Cyber Security,"הקרן הינה קרן בלתי מוגבלת בני""ע חוץ,לפי מדיניות השקעותיה הקרן הינה קרן מחקה,קרן להשקעות חוץ – מטבע עיקרי - דולר ארה""ב",אלמגור-בריטמן נאמנות,מיטב קרנות נאמנות,פטורה,0.600,0.0300,,16.07.2026,3078.96,3069.72,,"ISE Cyber Security - NTR,דולר ארה""ב",לא נגבית עמלת הפצה,0.000
תכלית סל תלבונד תשו ש,1144260,קרן סל,0,0,"אג""ח בארץ - חברות והמרה","אג""ח חברות שקלי",בריבית קבועה,לפי מדיניות השקעותיה הקרן הינה קרן מחקה,אלמגור-בריטמן נאמנות,מיטב קרנות נאמנות,פטורה,0.200,0.0200,,21.07.2026,4329.45,4325.12,,תל בונד-תשואות שקל,לא נגבית עמלת הפצה,0.000
תכלית סל SP Energy,1144278,קרן סל,4,D,"מניות בחו""ל","מניות לפי ענפים בחו""ל - חשופת מט""ח",Energy,"הקרן הינה קרן בלתי מוגבלת בני""ע חוץ,לפי מדיניות השקעותיה הקרן הינה קרן מחקה,קרן להשקעות חוץ – מטבע עיקרי - דולר ארה""ב",אלמגור-בריטמן נאמנות,מיטב קרנות נאמנות,פטורה,0.350,0.0300,,20.07.2026,7355.76,7333.69,,"S&P Energy Select Sector - NTR,דולר ארה""ב",לא נגבית עמלת הפצה,0.000
תכלית סל SP US AD,1144310,קרן סל,4,D,"מניות בחו""ל","מניות לפי ענפים בחו""ל - חשופת מט""ח",Aerospace & Defense,"הקרן הינה קרן בלתי מוגבלת בני""ע חוץ,לפי מדיניות השקעותיה הקרן הינה קרן מחקה,קרן להשקעות חוץ – מטבע עיקרי - דולר ארה""ב",אלמגור-בריטמן נאמנות,מיטב קרנות נאמנות,פטורה,0.600,0.0300,,20.07.2026,14136.59,14094.18,,"S&P Aerospace & Defense Select Industry Index - NTR,דולר ארה""ב",לא נגבית עמלת הפצה,0.000
תכלית סל MSCI ACWorld מד,1144336,קרן סל,4,A,"מניות בחו""ל","מניות גלובליות - מנוטרלת מט""ח",,"הקרן הינה קרן בלתי מוגבלת בני""ע חוץ,לפי מדיניות השקעותיה הקרן הינה קרן מחקה,קרן כשרה",אלמגור-בריטמן נאמנות,מיטב קרנות נאמנות,פטורה,0.600,0.0300,,16.07.2026,487.64,486.18,,MSCI AC WORLD INDEX - NTR,לא נגבית עמלת הפצה,0.000
תכלית סל תלבונד-גלובל,1144377,קרן סל,0,0,"אג""ח בארץ - חברות והמרה","אג""ח חברות שקלי",בריבית קבועה,לפי מדיניות השקעותיה הקרן הינה קרן מחקה,אלמגור-בריטמן נאמנות,מיטב קרנות נאמנות,פטורה,0.200,0.0200,,21.07.2026,4548.98,4544.43,,תל בונד - גלובל שקלי,לא נגבית עמלת הפצה,0.000
תכלית סל ‏‏SP500,1144385,קרן סל,4,D,"מניות בחו""ל","מניות גיאוגרפי - חשופת מט""ח",אמריקה- שווקים מפותחים,"הקרן הינה קרן בלתי מוגבלת בני""ע חוץ,לפי מדיניות השקעותיה הקרן הינה קרן מחקה,קרן להשקעות חוץ – מטבע עיקרי - דולר ארה""ב,קרן כשרה",הרמטיק נאמנות,מיטב קרנות נאמנות,פטורה,0.700,0.0300,,20.07.2026,26800.29,26719.89,,"S&P 500 - NTR,דולר ארה""ב",לא נגבית עמלת הפצה,0.000
תכלית סל ‏‏‏NDX 100,1144401,קרן סל,4,D,"מניות בחו""ל","מניות גיאוגרפי - חשופת מט""ח",אמריקה- שווקים מפותחים,"הקרן הינה קרן בלתי מוגבלת בני""ע חוץ,לפי מדיניות השקעותיה הקרן הינה קרן מחקה,קרן להשקעות חוץ – מטבע עיקרי - דולר ארה""ב,קרן כשרה",הרמטיק נאמנות,מיטב קרנות נאמנות,פטורה,0.700,0.0300,,20.07.2026,45540.85,45404.23,,"NASDAQ 100 - NTR,דולר ארה""ב",לא נגבית עמלת הפצה,0.000
תכלית סל ‏‏‏‏Nikkei225,1144419,קרן סל,4,D,"מניות בחו""ל","מניות גיאוגרפי - חשופת מט""ח",אסיה ופסיפיק- שווקים מפותחים,"הקרן הינה קרן בלתי מוגבלת בני""ע חוץ,לפי מדיניות השקעותיה הקרן הינה קרן מחקה,קרן להשקעות חוץ – מטבע עיקרי - יין יפני",הרמטיק נאמנות,מיטב קרנות נאמנות,פטורה,0.700,0.0300,,20.07.2026,32645.02,32547.08,,"NIKKEI 225 - NTR,יין יפני",לא נגבית עמלת הפצה,0.000
תכלית סל ‏‏‏EU STOXX50,1144427,קרן סל,4,D,"מניות בחו""ל","מניות גיאוגרפי - חשופת מט""ח",אירופה- כללי,"הקרן הינה קרן בלתי מוגבלת בני""ע חוץ,לפי מדיניות השקעותיה הקרן הינה קרן מחקה,קרן להשקעות חוץ – מטבע עיקרי - אירו,קרן כשרה",הרמטיק נאמנות,מיטב קרנות נאמנות,פטורה,0.600,0.0300,,20.07.2026,28636.39,28550.48,,"EURO STOXX 50 - NTR,אירו",לא נגבית עמלת הפצה,0.000
תכלית סל MSCI EM,1144450,קרן סל,4,D,"מניות בחו""ל","מניות גיאוגרפי - חשופת מט""ח",גלובלי- שווקים מתעוררים,"הקרן הינה קרן בלתי מוגבלת בני""ע חוץ,לפי מדיניות השקעותיה הקרן הינה קרן מחקה,קרן להשקעות חוץ – מטבע עיקרי - דולר ארה""ב,קרן כשרה",הרמטיק נאמנות,מיטב קרנות נאמנות,פטורה,0.550,0.0300,,15.07.2026,2463.47,2456.08,,"MSCI EMERGING MARKETS - NTR,דולר ארה""ב",לא נגבית עמלת הפצה,0.000
תכלית סל Nikkei225 ממ,1144468,קרן סל,4,A,"מניות בחו""ל","מניות גיאוגרפי - מנוטרלת מט""ח",אסיה ופסיפיק- שווקים מפותחים,"הקרן הינה קרן בלתי מוגבלת בני""ע חוץ,לפי מדיניות השקעותיה הקרן הינה קרן מחקה",הרמטיק נאמנות,מיטב קרנות נאמנות,פטורה,0.950,0.0300,,20.07.2026,68156.18,67951.71,,NIKKEI 225 - NTR,לא נגבית עמלת הפצה,0.000
תכלית סל ‏‏‏Russell 2000,1144484,קרן סל,4,D,"מניות בחו""ל","מניות גיאוגרפי - חשופת מט""ח",אמריקה- שווקים מפותחים,"הקרן הינה קרן בלתי מוגבלת בני""ע חוץ,לפי מדיניות השקעותיה הקרן הינה קרן מחקה,קרן להשקעות חוץ – מטבע עיקרי - דולר ארה""ב,קרן כשרה",הרמטיק נאמנות,מיטב קרנות נאמנות,פטורה,0.600,0.0300,,20.07.2026,9939.18,9909.36,,"RUSSELL 2000 - NTR,דולר ארה""ב",לא נגבית עמלת הפצה,0.000
תכלית סל מש מניות ארהב,1144518,קרן סל,4,D,"מניות בחו""ל","מניות בחו""ל קרן משולבת",,"הקרן הינה קרן בלתי מוגבלת בני""ע חוץ,לפי מדיניות השקעותיה הקרן הינה קרן מחקה,קרן להשקעות חוץ – מטבע עיקרי - דולר ארה""ב",הרמטיק נאמנות,מיטב קרנות נאמנות,פטורה,0.000,0.0300,,20.07.2026,43576.38,43445.65,,"NASDAQ 100 - NTR,S&P 500 - NTR,RUSSELL 2000 - NTR,דולר ארה""ב",לא נגבית עמלת הפצה,0.000
תכלית סל ‏‏‏NDX Bio,1144526,קרן סל,4,D,"מניות בחו""ל","מניות לפי ענפים בחו""ל - חשופת מט""ח",Biotechnology,"הקרן הינה קרן בלתי מוגבלת בני""ע חוץ,לפי מדיניות השקעותיה הקרן הינה קרן מחקה,קרן להשקעות חוץ – מטבע עיקרי - דולר ארה""ב",הרמטיק נאמנות,מיטב קרנות נאמנות,פטורה,1.200,0.0300,,20.07.2026,16818.54,16768.08,,"Nasdaq Biotechnology - NTR,דולר ארה""ב",לא נגבית עמלת הפצה,0.000
תכלית סל חז BB Oil,1144534,קרן סל,4,D,סחורות,סחורה,,"הקרן הינה קרן בלתי מוגבלת בני""ע חוץ,לפי מדיניות השקעותיה הקרן הינה קרן מחקה,קרן להשקעות חוץ – מטבע עיקרי - דולר ארה""ב",הרמטיק נאמנות,מיטב קרנות נאמנות,פטורה,1.500,0.0300,,20.07.2026,2853.87,2845.31,,"BBG BRENT CRUDE,דולר ארה""ב",לא נגבית עמלת הפצה,0.000
תכלית סל חז BB Siver,1144542,קרן סל,4,D,סחורות,סחורה,,"הקרן הינה קרן בלתי מוגבלת בני""ע חוץ,לפי מדיניות השקעותיה הקרן הינה קרן מחקה,קרן להשקעות חוץ – מטבע עיקרי - דולר ארה""ב",הרמטיק נאמנות,מיטב קרנות נאמנות,פטורה,1.500,0.0300,,20.07.2026,8598.53,8572.73,,"BBG Silver,דולר ארה""ב",לא נגבית עמלת הפצה,0.000
תכלית סל תא נדלן,1144559,קרן סל,4,0,מניות בארץ,מניות לפי ענפים,"נדל""ן ובנייה",לפי מדיניות השקעותיה הקרן הינה קרן מחקה,הרמטיק נאמנות,מיטב קרנות נאמנות,פטורה,0.450,0.0150,,21.07.2026,1333.27,1330.60,,"ת""א נדל""ן",לא נגבית עמלת הפצה,0.000
תכלית סל תא צמיחה,1144575,קרן סל,4,0,מניות בארץ,מניות לפי שווי שוק,Small Cap,לפי מדיניות השקעותיה הקרן הינה קרן מחקה,הרמטיק נאמנות,מיטב קרנות נאמנות,פטורה,1.000,0.0300,,21.07.2026,1899.89,1896.09,,"ת""א-צמיחה",לא נגבית עמלת הפצה,0.000
תכלית סל תלגוב צמוד 0-2,1144591,קרן סל,0,0,"אג""ח בארץ - מדינה","אג""ח מדינה צמוד מדד",צמודות מדד ממשלתיות - קצר,"לפי מדיניות השקעותיה הקרן הינה קרן מחקה,קרן כשרה",הרמטיק נאמנות,מיטב קרנות נאמנות,פטורה,0.150,0.0200,,21.07.2026,2688.88,2686.19,,תל גוב-צמודות 0-2,לא נגבית עמלת הפצה,0.000
תכלית סל תלגוב שקלי 0-2,1144609,קרן סל,0,0,"אג""ח בארץ - מדינה","אג""ח מדינה שקליות",ריבית קבועה  - קצר,"לפי מדיניות השקעותיה הקרן הינה קרן מחקה,קרן כשרה",הרמטיק נאמנות,מיטב קרנות נאמנות,פטורה,0.150,0.0200,,21.07.2026,3549.92,3546.37,,תל גוב-שקלי 0-2,לא נגבית עמלת הפצה,0.000
תכלית סל תלגוב מקמ,1144633,קרן סל,0,0,"אג""ח בארץ - מדינה","אג""ח מדינה שקליות","מק""מ","לפי מדיניות השקעותיה הקרן הינה קרן מחקה,קרן כשרה",הרמטיק נאמנות,מיטב קרנות נאמנות,פטורה,0.000,0.0200,,21.07.2026,3211.61,3208.40,,"תל גוב-מק""מ",לא נגבית עמלת הפצה,0.000
תכלית סל תא 35 פי 2 חודש,1144658,קרן סל,6,0,ממונפות,ממונפות בסיכון גבוה,מניות בארץ,"הקרן הינה קרן ממונפת,לפי מדיניות השקעותיה הקרן הינה קרן מחקה",הרמטיק נאמנות,מיטב קרנות נאמנות,פטורה,1.500,0.0300,,21.07.2026,7726.97,7703.79,,"ת""א-35",לא נגבית עמלת הפצה,0.000
תכלית סל LBMA Gold AM,1144666,קרן סל,4,D,סחורות,סחורה,,"הקרן הינה קרן בלתי מוגבלת בני""ע חוץ,לפי מדיניות השקעותיה הקרן הינה קרן מחקה,קרן להשקעות חוץ – מטבע עיקרי - דולר ארה""ב",הרמטיק נאמנות,מיטב קרנות נאמנות,פטורה,1.500,0.0300,,20.07.2026,9917.73,9887.98,,"LBMA Gold Price AM USD,דולר ארה""ב",לא נגבית עמלת הפצה,0.000
תכלית סל תלבונד צ יתר,1144690,קרן סל,0,0,"אג""ח בארץ - חברות והמרה","אג""ח חברות צמודות מדד",בריבית קבועה,לפי מדיניות השקעותיה הקרן הינה קרן מחקה,הרמטיק נאמנות,מיטב קרנות נאמנות,פטורה,0.200,0.0200,,21.07.2026,4375.94,4371.56,,תל בונד צמודות-יתר,לא נגבית עמלת הפצה,0.000
תכלית סל תא 35 פי 3 חודש,1144708,קרן סל,6,0,ממונפות,ממונפות בסיכון גבוה,מניות בארץ,"הקרן הינה קרן ממונפת,לפי מדיניות השקעותיה הקרן הינה קרן מחקה",הרמטיק נאמנות,מיטב קרנות נאמנות,פטורה,1.250,0.0300,,21.07.2026,6943.28,6922.45,,"ת""א-35",לא נגבית עמלת הפצה,0.000
תכלית סל חסרתא35 פי2 חודש,1144716,קרן סל,6,0,ממונפות,ממונפות בחסר בסיכון גבוה,מניות בארץ,"הקרן הינה קרן ממונפת,לפי מדיניות השקעותיה הקרן הינה קרן מחקה,לפי מדיניות השקעותיה הקרן הינה קרן חשיפה הפוכה",הרמטיק נאמנות,מיטב קרנות נאמנות,פטורה,1.500,0.0300,,21.07.2026,39.92,39.80,,"ת""א-35",לא נגבית עמלת הפצה,0.000
תכלית סל STOXX600,1144724,קרן סל,4,D,"מניות בחו""ל","מניות גיאוגרפי - חשופת מט""ח",אירופה- כללי,"הקרן הינה קרן בלתי מוגבלת בני""ע חוץ,לפי מדיניות השקעותיה הקרן הינה קרן מחקה,קרן להשקעות חוץ – מטבע עיקרי - אירו,קרן כשרה",הרמטיק נאמנות,מיטב קרנות נאמנות,פטורה,0.600,0.0300,,20.07.2026,2986.74,2977.78,,"STOXX Europe 600 - NTR,אירו",לא נגבית עמלת הפצה,0.000
תכלית סל תא נפט וגז,1144807,קרן סל,4,0,מניות בארץ,מניות לפי ענפים,"נפט, גז ואנרגיה",לפי מדיניות השקעותיה הקרן הינה קרן מחקה,הרמטיק נאמנות,מיטב קרנות נאמנות,פטורה,0.500,0.0300,,21.07.2026,2985.38,2979.41,,"ת""א-נפט וגז",לא נגבית עמלת הפצה,0.000
תכלית סל תלבונד צ בנק,1144823,קרן סל,0,0,"אג""ח בארץ - חברות והמרה","אג""ח חברות צמודות מדד",בריבית קבועה,"לפי מדיניות השקעותיה הקרן הינה קרן מחקה,קרן כשרה",הרמטיק נאמנות,מיטב קרנות נאמנות,פטורה,0.200,0.0150,,21.07.2026,3759.48,3755.72,,תל בונד צמודות - בנקים ללא COCO,לא נגבית עמלת הפצה,0.000
תכלית סל DJ Internet ממ,1144831,קרן סל,4,A,"מניות בחו""ל","מניות לפי ענפים בחו""ל - מנוטרלת מט""ח",Internet,"הקרן הינה קרן בלתי מוגבלת בני""ע חוץ,לפי מדיניות השקעותיה הקרן הינה קרן מחקה",הרמטיק נאמנות,מיטב קרנות נאמנות,פטורה,0.800,0.0300,,20.07.2026,624.05,622.18,,Dow Jones Internet Composite Index - NTR,לא נגבית עמלת הפצה,0.000
תכלית סל SP Finance ממ,1144849,קרן סל,4,A,"מניות בחו""ל","מניות לפי ענפים בחו""ל - מנוטרלת מט""ח",Financial,"הקרן הינה קרן בלתי מוגבלת בני""ע חוץ,לפי מדיניות השקעותיה הקרן הינה קרן מחקה",הרמטיק נאמנות,מיטב קרנות נאמנות,פטורה,0.500,0.0300,,20.07.2026,4024.37,4012.30,,S&P Financial Select Sector- NTR,לא נגבית עמלת הפצה,0.000
תכלית סל FTSE250 ממ,1144856,קרן סל,4,A,"מניות בחו""ל","מניות גיאוגרפי - מנוטרלת מט""ח",אירופה- שווקים מפותחים,"הקרן הינה קרן בלתי מוגבלת בני""ע חוץ,לפי מדיניות השקעותיה הקרן הינה קרן מחקה",הרמטיק נאמנות,מיטב קרנות נאמנות,פטורה,1.000,0.0300,,20.07.2026,1776.37,1771.04,,FTSE 250 Index - NTR,לא נגבית עמלת הפצה,0.000
תכלית סל SP500 Aristo,1144906,קרן סל,4,D,"מניות בחו""ל","מניות גיאוגרפי - חשופת מט""ח",אמריקה- שווקים מפותחים,"הקרן הינה קרן בלתי מוגבלת בני""ע חוץ,לפי מדיניות השקעותיה הקרן הינה קרן מחקה,קרן להשקעות חוץ – מטבע עיקרי - דולר ארה""ב",הרמטיק נאמנות,מיטב קרנות נאמנות,פטורה,0.700,0.0300,,20.07.2026,2845.20,2836.66,,"S&P 500 Dividend Aristocrats - NTR,דולר ארה""ב",לא נגבית עמלת הפצה,0.000
תכלית סל SP500 Aristo ממ,1144914,קרן סל,4,A,"מניות בחו""ל","מניות גיאוגרפי - מנוטרלת מט""ח",אמריקה- שווקים מפותחים,"הקרן הינה קרן בלתי מוגבלת בני""ע חוץ,לפי מדיניות השקעותיה הקרן הינה קרן מחקה",הרמטיק נאמנות,מיטב קרנות נאמנות,פטורה,0.900,0.0300,,20.07.2026,733.36,731.16,,S&P 500 Dividend Aristocrats - NTR,לא נגבית עמלת הפצה,0.000
תכלית סל IPOX 100 US ממ,1144948,קרן סל,4,A,"מניות בחו""ל","מניות גיאוגרפי - מנוטרלת מט""ח",אמריקה- שווקים מפותחים,"הקרן הינה קרן בלתי מוגבלת בני""ע חוץ,לפי מדיניות השקעותיה הקרן הינה קרן מחקה",הרמטיק נאמנות,מיטב קרנות נאמנות,פטורה,1.250,0.0300,,20.07.2026,5964.79,5946.90,,IPOX 100 US Index - NTR,לא נגבית עמלת הפצה,0.000
תכלית סל SP MidCap400 ממ,1144955,קרן סל,4,A,"מניות בחו""ל","מניות גיאוגרפי - מנוטרלת מט""ח",אמריקה- שווקים מפותחים,"הקרן הינה קרן בלתי מוגבלת בני""ע חוץ,לפי מדיניות השקעותיה הקרן הינה קרן מחקה",הרמטיק נאמנות,מיטב קרנות נאמנות,פטורה,0.900,0.0300,,20.07.2026,4142.10,4129.67,,S&P MidCap 400 - NTR,לא נגבית עמלת הפצה,0.000
תכלית סל תלגוב לא צמודות,1144971,קרן סל,0,0,"אג""ח בארץ - מדינה","אג""ח מדינה שקליות",שקליות ממשלתיות -  אחר,"לפי מדיניות השקעותיה הקרן הינה קרן מחקה,קרן כשרה",אלמגור-בריטמן נאמנות,מיטב קרנות נאמנות,פטורה,0.150,0.0200,,21.07.2026,439.53,439.09,,תל גוב – לא צמודות,לא נגבית עמלת הפצה,0.000
תכלית סל מש ממש מניות חול,1144997,קרן סל,4,D,"אג""ח בארץ - מדינה","אג""ח מדינה משולבת- חשיפה מרבית מעל 10% מניות",,"הקרן הינה קרן בלתי מוגבלת בני""ע חוץ,לפי מדיניות השקעותיה הקרן הינה קרן מחקה",אלמגור-בריטמן נאמנות,מיטב קרנות נאמנות,פטורה,0.700,0.0300,,20.07.2026,17569.24,17551.67,,"תל גוב-צמודות 5-10,תל גוב – לא צמודות,DJ U.S. SELECT DIVIDEND INDEX - NTR,דולר ארה""ב,EURO STOXX Select Dividend 30 - NTR,אירו",לא נגבית עמלת הפצה,0.000
תכלית סל תל דיב,1145036,קרן סל,4,0,מניות בארץ,מניות לפי שווי שוק,All Cap,לפי מדיניות השקעותיה הקרן הינה קרן מחקה,אלמגור-בריטמן נאמנות,מיטב קרנות נאמנות,פטורה,0.500,0.0200,,21.07.2026,4508.81,4499.79,,תל דיב,לא נגבית עמלת הפצה,0.000
תכלית סל תא SME60,1145044,קרן סל,4,0,מניות בארץ,מניות לפי שווי שוק,Small Cap & Mid,לפי מדיניות השקעותיה הקרן הינה קרן מחקה,אלמגור-בריטמן נאמנות,מיטב קרנות נאמנות,פטורה,1.000,0.0200,,21.07.2026,1165.22,1162.89,,"ת""א-SME60",לא נגבית עמלת הפצה,0.000
תכלית סל תלגוב צמוד 2-5,1145085,קרן סל,0,0,"אג""ח בארץ - מדינה","אג""ח מדינה צמוד מדד",צמודות מדד ממשלתיות - בינוני,"לפי מדיניות השקעותיה הקרן הינה קרן מחקה,קרן כשרה",אלמגור-בריטמן נאמנות,מיטב קרנות נאמנות,פטורה,0.150,0.0200,,21.07.2026,301.71,301.41,,תל גוב-צמודות 2-5,לא נגבית עמלת הפצה,0.000
תכלית סל תלבונד 40,1145093,קרן סל,0,0,"אג""ח בארץ - חברות והמרה","אג""ח חברות צמודות מדד",בריבית קבועה,לפי מדיניות השקעותיה הקרן הינה קרן מחקה,אלמגור-בריטמן נאמנות,מיטב קרנות נאמנות,פטורה,0.200,0.0200,,21.07.2026,397.43,397.03,,תל בונד 40 צמודות,לא נגבית עמלת הפצה,0.000
תכלית סל תלבונד 60,1145101,קרן סל,0,0,"אג""ח בארץ - חברות והמרה","אג""ח חברות צמודות מדד",בריבית קבועה,לפי מדיניות השקעותיה הקרן הינה קרן מחקה,אלמגור-בריטמן נאמנות,מיטב קרנות נאמנות,פטורה,0.250,0.0200,,21.07.2026,408.50,408.09,,תל בונד 60 צמודות,לא נגבית עמלת הפצה,0.000
תכלית סל FTSE 100 ממ,1145127,קרן סל,4,A,"מניות בחו""ל","מניות גיאוגרפי - מנוטרלת מט""ח",אירופה- שווקים מפותחים,"הקרן הינה קרן בלתי מוגבלת בני""ע חוץ,לפי מדיניות השקעותיה הקרן הינה קרן מחקה",אלמגור-בריטמן נאמנות,מיטב קרנות נאמנות,פטורה,1.300,0.0300,,20.07.2026,11544.65,11510.02,,"FTSE 100 - NTR ",לא נגבית עמלת הפצה,0.000
תכלית סל תלגוב שקלי 2-5,1145150,קרן סל,0,0,"אג""ח בארץ - מדינה","אג""ח מדינה שקליות",ריבית קבועה  - בינוני,"לפי מדיניות השקעותיה הקרן הינה קרן מחקה,קרן כשרה",אלמגור-בריטמן נאמנות,מיטב קרנות נאמנות,פטורה,0.150,0.0200,,21.07.2026,461.38,460.92,,תל גוב-שקלי 2-5,לא נגבית עמלת הפצה,0.000
תכלית סל תלגוב שקלי 5+,1145168,קרן סל,0,0,"אג""ח בארץ - מדינה","אג""ח מדינה שקליות",ריבית קבועה - ארוך,"לפי מדיניות השקעותיה הקרן הינה קרן מחקה,קרן כשרה",אלמגור-בריטמן נאמנות,מיטב קרנות נאמנות,פטורה,0.150,0.0200,,21.07.2026,658.67,658.01,,תל גוב-שקלי 5+,לא נגבית עמלת הפצה,0.000
תכלית סל תלגוב צמוד 5-10,1145176,קרן סל,0,0,"אג""ח בארץ - מדינה","אג""ח מדינה צמוד מדד",צמודות מדד ממשלתיות - ארוך,"לפי מדיניות השקעותיה הקרן הינה קרן מחקה,קרן כשרה",אלמגור-בריטמן נאמנות,מיטב קרנות נאמנות,פטורה,0.150,0.0200,,21.07.2026,382.86,382.48,,תל גוב-צמודות 5-10,לא נגבית עמלת הפצה,0.000
תכלית סל תלבונד שקלי,1145184,קרן סל,0,0,"אג""ח בארץ - חברות והמרה","אג""ח חברות שקלי",בריבית קבועה,לפי מדיניות השקעותיה הקרן הינה קרן מחקה,אלמגור-בריטמן נאמנות,מיטב קרנות נאמנות,פטורה,0.250,0.0200,,21.07.2026,440.45,440.01,,תל בונד שקלי,לא נגבית עמלת הפצה,0.000
תכלית סל Russell 2000 ממ,1145234,קרן סל,4,A,"מניות בחו""ל","מניות גיאוגרפי - מנוטרלת מט""ח",אמריקה- שווקים מפותחים,"הקרן הינה קרן בלתי מוגבלת בני""ע חוץ,לפי מדיניות השקעותיה הקרן הינה קרן מחקה,קרן כשרה",אלמגור-בריטמן נאמנות,מיטב קרנות נאמנות,פטורה,0.700,0.0300,,20.07.2026,2445.09,2437.75,,RUSSELL 2000 - NTR,לא נגבית עמלת הפצה,0.000
תכלית סל מש מניות חול ממ,1145242,קרן סל,4,A,"מניות בחו""ל","מניות בחו""ל קרן משולבת",,"הקרן הינה קרן בלתי מוגבלת בני""ע חוץ,לפי מדיניות השקעותיה הקרן הינה קרן מחקה",אלמגור-בריטמן נאמנות,מיטב קרנות נאמנות,פטורה,0.000,0.0300,,20.07.2026,53007.10,52848.08,,"NASDAQ 100 - NTR,S&P 500 - NTR,RUSSELL 2000 - NTR",לא נגבית עמלת הפצה,0.000
תכלית סל תלבונד תשו צמוד,1145259,קרן סל,0,0,"אג""ח בארץ - חברות והמרה","אג""ח חברות צמודות מדד",בריבית קבועה,לפי מדיניות השקעותיה הקרן הינה קרן מחקה,אלמגור-בריטמן נאמנות,מיטב קרנות נאמנות,פטורה,0.200,0.0200,,21.07.2026,4635.90,4631.26,,תל בונד תשואות צמודות,לא נגבית עמלת הפצה,0.000
תכלית סל MDAX,1145283,קרן סל,4,D,"מניות בחו""ל","מניות גיאוגרפי - חשופת מט""ח",אירופה- שווקים מפותחים,"הקרן הינה קרן בלתי מוגבלת בני""ע חוץ,לפי מדיניות השקעותיה הקרן הינה קרן מחקה,קרן להשקעות חוץ – מטבע עיקרי - אירו",אלמגור-בריטמן נאמנות,מיטב קרנות נאמנות,פטורה,0.650,0.0300,,20.07.2026,6175.48,6156.95,,"MDAX - NTR,אירו",לא נגבית עמלת הפצה,0.000
תכלית סל MDAX ממ,1145309,קרן סל,4,A,"מניות בחו""ל","מניות גיאוגרפי - מנוטרלת מט""ח",אירופה- שווקים מפותחים,"הקרן הינה קרן בלתי מוגבלת בני""ע חוץ,לפי מדיניות השקעותיה הקרן הינה קרן מחקה",אלמגור-בריטמן נאמנות,מיטב קרנות נאמנות,פטורה,0.850,0.0300,,20.07.2026,1700.44,1695.34,,MDAX - NTR,לא נגבית עמלת הפצה,0.000
תכלית סל SP HealthCare ממ,1145333,קרן סל,4,A,"מניות בחו""ל","מניות לפי ענפים בחו""ל - מנוטרלת מט""ח",Health Care,"הקרן הינה קרן בלתי מוגבלת בני""ע חוץ,לפי מדיניות השקעותיה הקרן הינה קרן מחקה",אלמגור-בריטמן נאמנות,מיטב קרנות נאמנות,פטורה,0.800,0.0300,,20.07.2026,4685.65,4671.59,,S&P Health Care Select Sector Index- NTR,לא נגבית עמלת הפצה,0.000
קסם Russell 2000 ETF,1145713,קרן סל,4,D,"מניות בחו""ל","מניות גיאוגרפי - חשופת מט""ח",אמריקה- שווקים מפותחים,"הקרן הינה קרן בלתי מוגבלת בני""ע חוץ,לפי מדיניות השקעותיה הקרן הינה קרן מחקה,קרן להשקעות חוץ – מטבע עיקרי - דולר ארה""ב,קרן כשרה",הרמטיק נאמנות,קסם,פטורה,0.470,0.0300,,20.07.2026,8994.26,8967.28,,"RUSSELL 2000 - NTR,דולר ארה""ב",לא נגבית עמלת הפצה,0.000
קסםETF תל גוב-צמודות 5-10,1145739,קרן סל,0,0,"אג""ח בארץ - מדינה","אג""ח מדינה צמוד מדד",צמודות מדד ממשלתיות - ארוך,"לפי מדיניות השקעותיה הקרן הינה קרן מחקה,קרן כשרה",הרמטיק נאמנות,קסם,פטורה,0.150,0.0300,,21.07.2026,3869.64,3865.77,,תל גוב-צמודות 5-10,לא נגבית עמלת הפצה,0.000
קסם MSCI India ETF,1145747,קרן סל,4,D,"מניות בחו""ל","מניות גיאוגרפי - חשופת מט""ח",אסיה ופסיפיק- שווקים מתעוררים,"הקרן הינה קרן בלתי מוגבלת בני""ע חוץ,לפי מדיניות השקעותיה הקרן הינה קרן מחקה,קרן להשקעות חוץ – מטבע עיקרי - רופי הודי",מזרחי טפחות נאמנות,קסם,פטורה,1.000,0.0300,,16.07.2026,7427.11,7404.83,,"MSCI INDIA - NTR,רופי הודי",לא נגבית עמלת הפצה,0.000
קסם KOSPI 200 ETF,1145754,קרן סל,4,D,"מניות בחו""ל","מניות גיאוגרפי - חשופת מט""ח",אסיה ופסיפיק- שווקים מפותחים,"הקרן הינה קרן בלתי מוגבלת בני""ע חוץ,לפי מדיניות השקעותיה הקרן הינה קרן מחקה,קרן להשקעות חוץ – מטבע עיקרי - וואן דרום קוריאני,קרן כשרה",מזרחי טפחות נאמנות,קסם,פטורה,0.600,0.0300,,15.07.2026,20954.53,20891.67,,"Kospi 200 - GTR,וואן דרום קוריאני",לא נגבית עמלת הפצה,0.000
קסם MSCI World ETF,1145804,קרן סל,4,D,"מניות בחו""ל","מניות גיאוגרפי - חשופת מט""ח",גלובלי- שווקים מפותחים,"הקרן הינה קרן בלתי מוגבלת בני""ע חוץ,לפי מדיניות השקעותיה הקרן הינה קרן מחקה,קרן להשקעות חוץ – מטבע עיקרי - דולר ארה""ב,קרן כשרה",מזרחי טפחות נאמנות,קסם,פטורה,0.830,0.0300,,16.07.2026,14037.27,13995.16,,"MSCI WORLD INDEX - NTR,דולר ארה""ב",לא נגבית עמלת הפצה,0.000
קסם MSCI EM ETF,1145812,קרן סל,4,D,"מניות בחו""ל","מניות גיאוגרפי - חשופת מט""ח",גלובלי- שווקים מתעוררים,"הקרן הינה קרן בלתי מוגבלת בני""ע חוץ,לפי מדיניות השקעותיה הקרן הינה קרן מחקה,קרן להשקעות חוץ – מטבע עיקרי - דולר ארה""ב,קרן כשרה",יובנק נאמנות,קסם,פטורה,1.140,0.0300,,15.07.2026,4968.62,4953.71,,"MSCI EMERGING MARKETS - NTR,דולר ארה""ב",לא נגבית עמלת הפצה,0.000
קסם LBMA Gold PM ETF,1145820,קרן סל,4,D,סחורות,סחורה,,"הקרן הינה קרן בלתי מוגבלת בני""ע חוץ,לפי מדיניות השקעותיה הקרן הינה קרן מחקה,קרן להשקעות חוץ – מטבע עיקרי - דולר ארה""ב,קרן כשרה",הרמטיק נאמנות,קסם,פטורה,1.480,0.0300,,20.07.2026,9388.95,9360.79,,"LBMA Gold Price PM,דולר ארה""ב",לא נגבית עמלת הפצה,0.000
קסם MSCI FE ExJPN ETF,1145838,קרן סל,4,D,"מניות בחו""ל","מניות גיאוגרפי - חשופת מט""ח",אסיה ופסיפיק- כללי,"הקרן הינה קרן בלתי מוגבלת בני""ע חוץ,לפי מדיניות השקעותיה הקרן הינה קרן מחקה,קרן להשקעות חוץ – מטבע עיקרי - דולר ארה""ב",יובנק נאמנות,קסם,פטורה,0.950,0.0300,,15.07.2026,3123.73,3114.36,,"MSCI AC Far East EX Japan,דולר ארה""ב",לא נגבית עמלת הפצה,0.000
קסם DJ HealthCare ETF,1145879,קרן סל,4,D,"מניות בחו""ל","מניות לפי ענפים בחו""ל - חשופת מט""ח",Health Care,"הקרן הינה קרן בלתי מוגבלת בני""ע חוץ,לפי מדיניות השקעותיה הקרן הינה קרן מחקה,קרן להשקעות חוץ – מטבע עיקרי - דולר ארה""ב",מזרחי טפחות נאמנות,קסם,פטורה,1.000,0.0300,,16.07.2026,3267.78,3257.98,,"DJ HEALTH CARE TITANS 30 INDEX - NTR,דולר ארה""ב",לא נגבית עמלת הפצה,0.000
קסם ISE US Water ETF,1145887,קרן סל,4,D,"מניות בחו""ל","מניות לפי ענפים בחו""ל - חשופת מט""ח",Cleantech,"הקרן הינה קרן בלתי מוגבלת בני""ע חוץ,לפי מדיניות השקעותיה הקרן הינה קרן מחקה,קרן להשקעות חוץ – מטבע עיקרי - דולר ארה""ב",הרמטיק נאמנות,קסם,פטורה,0.800,0.0300,,20.07.2026,22769.15,22700.85,,"ISE Clean Edge Water Index - GTR ,דולר ארה""ב",לא נגבית עמלת הפצה,0.000
קסם SP Energy ETF,1145903,קרן סל,4,D,"מניות בחו""ל","מניות לפי ענפים בחו""ל - חשופת מט""ח",Energy,"הקרן הינה קרן בלתי מוגבלת בני""ע חוץ,לפי מדיניות השקעותיה הקרן הינה קרן מחקה,קרן להשקעות חוץ – מטבע עיקרי - דולר ארה""ב",הרמטיק נאמנות,קסם,פטורה,0.280,0.0300,,20.07.2026,4138.82,4126.41,,"S&P Energy Select Sector - NTR,דולר ארה""ב",לא נגבית עמלת הפצה,0.000
קסם ETF תל דיב,1145911,קרן סל,4,A,מניות בארץ,מניות לפי שווי שוק,All Cap,לפי מדיניות השקעותיה הקרן הינה קרן מחקה,הרמטיק נאמנות,קסם,פטורה,0.530,0.0300,,21.07.2026,45232.78,45142.31,,תל דיב,לא נגבית עמלת הפצה,0.000
קסם BB Oil ETF,1145929,קרן סל,4,D,סחורות,סחורה,,"הקרן הינה קרן בלתי מוגבלת בני""ע חוץ,לפי מדיניות השקעותיה הקרן הינה קרן מחקה,קרן להשקעות חוץ – מטבע עיקרי - דולר ארה""ב,קרן כשרה",הרמטיק נאמנות,קסם,פטורה,1.500,0.0300,,20.07.2026,2814.88,2806.44,,"Bloomberg Brent Crude,דולר ארה""ב",לא נגבית עמלת הפצה,0.000
קסם Nikkei225 ETF ממ,1145945,קרן סל,4,A,"מניות בחו""ל","מניות גיאוגרפי - מנוטרלת מט""ח",אסיה ופסיפיק- שווקים מפותחים,"הקרן הינה קרן בלתי מוגבלת בני""ע חוץ,לפי מדיניות השקעותיה הקרן הינה קרן מחקה,קרן כשרה",מזרחי טפחות נאמנות,קסם,פטורה,1.230,0.0300,,20.07.2026,74854.08,74629.51,,NIKKEI 225 - NTR,לא נגבית עמלת הפצה,0.000
קסם EU Stox50 ETF ממ,1145952,קרן סל,4,A,"מניות בחו""ל","מניות גיאוגרפי - מנוטרלת מט""ח",אירופה- כללי,"הקרן הינה קרן בלתי מוגבלת בני""ע חוץ,לפי מדיניות השקעותיה הקרן הינה קרן מחקה",מזרחי טפחות נאמנות,קסם,פטורה,0.680,0.0300,,20.07.2026,9009.78,8982.75,,EURO STOXX 50 - NTR,לא נגבית עמלת הפצה,0.000
קסם ETF תלבונד 20 צמודות,1145960,קרן סל,0,0,"אג""ח בארץ - חברות והמרה","אג""ח חברות צמודות מדד",בריבית קבועה,לפי מדיניות השקעותיה הקרן הינה קרן מחקה,הרמטיק נאמנות,קסם,פטורה,0.250,0.0150,,21.07.2026,4140.65,4136.51,,תל בונד 20 צמודות,לא נגבית עמלת הפצה,0.000
קסם ETF תא צמיחה,1145994,קרן סל,4,A,מניות בארץ,מניות לפי שווי שוק,Small Cap,לפי מדיניות השקעותיה הקרן הינה קרן מחקה,הרמטיק נאמנות,קסם,פטורה,1.000,0.0300,,21.07.2026,18737.87,18700.40,,"ת""א-צמיחה",לא נגבית עמלת הפצה,0.000
קסם Stox Mid200 ETF,1146000,קרן סל,4,D,"מניות בחו""ל","מניות גיאוגרפי - חשופת מט""ח",אירופה- כללי,"הקרן הינה קרן בלתי מוגבלת בני""ע חוץ,לפי מדיניות השקעותיה הקרן הינה קרן מחקה,קרן להשקעות חוץ – מטבע עיקרי - אירו",הרמטיק נאמנות,קסם,פטורה,0.900,0.0300,,20.07.2026,2467.60,2460.20,,"STOXX EUROPE MID 200 - NTR,אירו",לא נגבית עמלת הפצה,0.000
קסם ETF ממח תא 35 פי2,1146059,קרן סל,6,A,ממונפות,ממונפות בחסר בסיכון גבוה,מניות בארץ,"הקרן הינה קרן ממונפת,לפי מדיניות השקעותיה הקרן הינה קרן מחקה,לפי מדיניות השקעותיה הקרן הינה קרן חשיפה הפוכה",מזרחי טפחות נאמנות,קסם,פטורה,2.750,0.0300,,21.07.2026,479.01,479.01,,"ת""א-35",לא נגבית עמלת הפצה,0.000
קסם DJ US DIV ETF,1146067,קרן סל,4,D,"מניות בחו""ל","מניות גיאוגרפי - חשופת מט""ח",אמריקה- שווקים מפותחים,"הקרן הינה קרן בלתי מוגבלת בני""ע חוץ,לפי מדיניות השקעותיה הקרן הינה קרן מחקה,קרן להשקעות חוץ – מטבע עיקרי - דולר ארה""ב",הרמטיק נאמנות,קסם,פטורה,1.140,0.0300,,20.07.2026,3777.89,3766.56,,"DJ U.S. SELECT DIVIDEND INDEX - NTR,דולר ארה""ב",לא נגבית עמלת הפצה,0.000
קסם IBOVESPA ETF,1146091,קרן סל,4,D,"מניות בחו""ל","מניות גיאוגרפי - חשופת מט""ח",אמריקה- שווקים מתעוררים,"הקרן הינה קרן בלתי מוגבלת בני""ע חוץ,לפי מדיניות השקעותיה הקרן הינה קרן מחקה,קרן להשקעות חוץ – מטבע עיקרי - ריאל ברזילאי",מזרחי טפחות נאמנות,קסם,פטורה,1.000,0.0300,,20.07.2026,8742.84,8716.61,,"IBOVESPA - GTR,ריאל ברזילאי",לא נגבית עמלת הפצה,0.000
קסם ETF תא ביטוח,1146125,קרן סל,4,A,מניות בארץ,מניות לפי ענפים,ביטוח,לפי מדיניות השקעותיה הקרן הינה קרן מחקה,הרמטיק נאמנות,קסם,פטורה,0.650,0.0300,,21.07.2026,128677.58,128420.23,,"ת""א-ביטוח",לא נגבית עמלת הפצה,0.000
קסם ETF תל גוב-צמודות 0-2,1146133,קרן סל,0,0,"אג""ח בארץ - מדינה","אג""ח מדינה צמוד מדד",צמודות מדד ממשלתיות - קצר,"לפי מדיניות השקעותיה הקרן הינה קרן מחקה,קרן כשרה",הרמטיק נאמנות,קסם,פטורה,0.150,0.0150,,21.07.2026,2733.15,2730.42,,תל גוב-צמודות 0-2,לא נגבית עמלת הפצה,0.000
קסם NDX US BBack ETF ממ,1146141,קרן סל,4,A,"מניות בחו""ל","מניות גיאוגרפי - מנוטרלת מט""ח",אמריקה- שווקים מפותחים,"הקרן הינה קרן בלתי מוגבלת בני""ע חוץ,לפי מדיניות השקעותיה הקרן הינה קרן מחקה",יובנק נאמנות,קסם,פטורה,1.080,0.0300,,20.07.2026,21441.62,21377.29,,NASDAQ US BuyBack Achievers Index - NTR,לא נגבית עמלת הפצה,0.000
קסם ETF תל גוב-צמודות 2-5,1146158,קרן סל,0,0,"אג""ח בארץ - מדינה","אג""ח מדינה צמוד מדד",צמודות מדד ממשלתיות - בינוני,"לפי מדיניות השקעותיה הקרן הינה קרן מחקה,קרן כשרה",הרמטיק נאמנות,קסם,פטורה,0.150,0.0150,,21.07.2026,3028.87,3025.84,,תל גוב-צמודות 2-5,לא נגבית עמלת הפצה,0.000
קסם ETF תל גוב-שקלי 0-2,1146166,קרן סל,0,0,"אג""ח בארץ - מדינה","אג""ח מדינה שקליות",ריבית קבועה  - קצר,"לפי מדיניות השקעותיה הקרן הינה קרן מחקה,קרן כשרה",הרמטיק נאמנות,קסם,פטורה,0.000,0.0200,,21.07.2026,3627.85,3624.22,,תל גוב-שקלי 0-2,לא נגבית עמלת הפצה,0.000
קסם ETF תל גוב-שקל 5+,1146174,קרן סל,0,0,"אג""ח בארץ - מדינה","אג""ח מדינה שקליות",ריבית קבועה - ארוך,"לפי מדיניות השקעותיה הקרן הינה קרן מחקה,קרן כשרה",הרמטיק נאמנות,קסם,פטורה,0.150,0.0150,,21.07.2026,6583.51,6576.92,,תל גוב-שקלי 5+,לא נגבית עמלת הפצה,0.000
קסם Stox600 ETF מא,1146182,קרן סל,4,A,"מניות בחו""ל","מניות גיאוגרפי - מנוטרלת מט""ח",אירופה- כללי,"הקרן הינה קרן בלתי מוגבלת בני""ע חוץ,לפי מדיניות השקעותיה הקרן הינה קרן מחקה,קרן כשרה",מזרחי טפחות נאמנות,קסם,פטורה,0.930,0.0300,,20.07.2026,14657.79,14613.81,,STOXX Europe 600 - NTR,לא נגבית עמלת הפצה,0.000
קסם ETF תל גוב-שקלי 2-5,1146190,קרן סל,0,0,"אג""ח בארץ - מדינה","אג""ח מדינה שקליות",ריבית קבועה  - בינוני,"לפי מדיניות השקעותיה הקרן הינה קרן מחקה,קרן כשרה",הרמטיק נאמנות,קסם,פטורה,0.150,0.0150,,21.07.2026,4612.79,4608.18,,תל גוב-שקלי 2-5,לא נגבית עמלת הפצה,0.000
קסם Stox600 ETF,1146208,קרן סל,4,D,"מניות בחו""ל","מניות גיאוגרפי - חשופת מט""ח",אירופה- כללי,"הקרן הינה קרן בלתי מוגבלת בני""ע חוץ,לפי מדיניות השקעותיה הקרן הינה קרן מחקה,קרן להשקעות חוץ – מטבע עיקרי - אירו",הרמטיק נאמנות,קסם,פטורה,0.730,0.0300,,20.07.2026,53752.08,53590.82,,"STOXX Europe 600 - NTR,אירו",לא נגבית עמלת הפצה,0.000
קסם ETF תלבונד 40 צמודות,1146216,קרן סל,0,0,"אג""ח בארץ - חברות והמרה","אג""ח חברות צמודות מדד",בריבית קבועה,לפי מדיניות השקעותיה הקרן הינה קרן מחקה,הרמטיק נאמנות,קסם,פטורה,0.250,0.0150,,21.07.2026,3948.87,3944.92,,תל בונד 40 צמודות,לא נגבית עמלת הפצה,0.000
קסם NDX US BBack ETF,1146224,קרן סל,4,D,"מניות בחו""ל","מניות גיאוגרפי - חשופת מט""ח",אמריקה- שווקים מפותחים,"הקרן הינה קרן בלתי מוגבלת בני""ע חוץ,לפי מדיניות השקעותיה הקרן הינה קרן מחקה,קרן להשקעות חוץ – מטבע עיקרי - דולר ארה""ב",מזרחי טפחות נאמנות,קסם,פטורה,0.780,0.0300,,20.07.2026,84005.02,83753.01,,"NASDAQ US BuyBack Achievers Index - NTR,דולר ארה""ב",לא נגבית עמלת הפצה,0.000
קסם ETF תלבונד 60 צמודות,1146232,קרן סל,0,0,"אג""ח בארץ - חברות והמרה","אג""ח חברות צמודות מדד",בריבית קבועה,לפי מדיניות השקעותיה הקרן הינה קרן מחקה,הרמטיק נאמנות,קסם,פטורה,0.250,0.0150,,21.07.2026,4065.84,4061.77,,תל בונד 60 צמודות,לא נגבית עמלת הפצה,0.000
קסם Stox Mid200 ETF מא,1146240,קרן סל,4,A,"מניות בחו""ל","מניות גיאוגרפי - מנוטרלת מט""ח",אירופה- כללי,"הקרן הינה קרן בלתי מוגבלת בני""ע חוץ,לפי מדיניות השקעותיה הקרן הינה קרן מחקה",מזרחי טפחות נאמנות,קסם,פטורה,0.900,0.0300,,20.07.2026,8086.06,8061.80,,STOXX EUROPE MID 200 - NTR,לא נגבית עמלת הפצה,0.000
קסם ETF תל גוב-צמודות,1146257,קרן סל,0,0,"אג""ח בארץ - מדינה","אג""ח מדינה צמוד מדד",צמודות מדד ממשלתיות - אחר,"לפי מדיניות השקעותיה הקרן הינה קרן מחקה,קרן כשרה",הרמטיק נאמנות,קסם,פטורה,0.150,0.0200,,21.07.2026,3787.06,3783.28,,תל גוב-צמודות,לא נגבית עמלת הפצה,0.000
קסם ETF מש מנ אירו מא,1146265,קרן סל,4,A,"מניות בחו""ל","מניות בחו""ל קרן משולבת",,"הקרן הינה קרן בלתי מוגבלת בני""ע חוץ,לפי מדיניות השקעותיה הקרן הינה קרן מחקה",מזרחי טפחות נאמנות,קסם,פטורה,0.000,0.0200,,20.07.2026,24866.40,24791.80,,"STOXX EUROPE MID 200 - NTR,DAX - NTR,STOXX Europe 600 - NTR",לא נגבית עמלת הפצה,0.000
"קסם ETF תל גוב-מק""מ",1146273,קרן סל,0,0,"אג""ח בארץ - מדינה","אג""ח מדינה שקליות","מק""מ","לפי מדיניות השקעותיה הקרן הינה קרן מחקה,קרן כשרה",הרמטיק נאמנות,קסם,פטורה,0.150,0.0200,,21.07.2026,3195.27,3192.08,,"תל גוב-מק""מ",לא נגבית עמלת הפצה,0.000
קסם ETF תבונצ בנק לל COCO,1146281,קרן סל,0,0,"אג""ח בארץ - חברות והמרה","אג""ח חברות צמודות מדד",בריבית קבועה,"לפי מדיניות השקעותיה הקרן הינה קרן מחקה,קרן כשרה",אלמגור-בריטמן נאמנות,קסם,פטורה,0.230,0.0300,,21.07.2026,3739.48,3735.74,,תל בונד צמודות - בנקים ללא COCO,לא נגבית עמלת הפצה,0.000
קסם Stox600 Banks ETF מא,1146307,קרן סל,4,A,"מניות בחו""ל","מניות לפי ענפים בחו""ל - מנוטרלת מט""ח",Banking,"הקרן הינה קרן בלתי מוגבלת בני""ע חוץ,לפי מדיניות השקעותיה הקרן הינה קרן מחקה",מזרחי טפחות נאמנות,קסם,פטורה,0.250,0.0300,,20.07.2026,13114.95,13075.60,,STOXX EUROPE 600 Banks - NTR,לא נגבית עמלת הפצה,0.000
קסם ETF תא 90,1146331,קרן סל,4,A,מניות בארץ,מניות לפי שווי שוק,Mid Cap,לפי מדיניות השקעותיה הקרן הינה קרן מחקה,אלמגור-בריטמן נאמנות,קסם,פטורה,0.600,0.0140,,21.07.2026,34692.46,34657.77,,"ת""א 90",לא נגבית עמלת הפצה,0.000
קסם ETF תא 125,1146356,קרן סל,4,A,מניות בארץ,מניות לפי שווי שוק,Mid Cap & Large,לפי מדיניות השקעותיה הקרן הינה קרן מחקה,הרמטיק נאמנות,קסם,פטורה,0.250,0.0100,,21.07.2026,40273.29,40233.02,,"ת""א 125",לא נגבית עמלת הפצה,0.000
קסם ETF תא גלובל-טק,1146364,קרן סל,4,A,מניות בארץ,מניות לפי ענפים,טכנולוגיה,לפי מדיניות השקעותיה הקרן הינה קרן מחקה,הרמטיק נאמנות,קסם,פטורה,0.400,0.0300,,21.07.2026,4632.83,4623.56,,"ת""א גלובל-בלוטק",לא נגבית עמלת הפצה,0.000
קסם MDAX Germany ETF,1146372,קרן סל,4,D,"מניות בחו""ל","מניות גיאוגרפי - חשופת מט""ח",אירופה- שווקים מפותחים,"הקרן הינה קרן בלתי מוגבלת בני""ע חוץ,לפי מדיניות השקעותיה הקרן הינה קרן מחקה,קרן להשקעות חוץ – מטבע עיקרי - אירו",מזרחי טפחות נאמנות,קסם,פטורה,0.000,0.0300,,20.07.2026,9842.55,9813.03,,"MDAX - NTR,אירו",לא נגבית עמלת הפצה,0.000
קסם ETF ממ תא 35 פי3,1146380,קרן סל,6,A,ממונפות,ממונפות בסיכון גבוה,מניות בארץ,"הקרן הינה קרן ממונפת,לפי מדיניות השקעותיה הקרן הינה קרן מחקה",מזרחי טפחות נאמנות,קסם,פטורה,2.750,0.0300,,21.07.2026,5704.04,5686.93,,"ת""א-35",לא נגבית עמלת הפצה,0.000
קסם EU Stox50 ETF,1146406,קרן סל,4,D,"מניות בחו""ל","מניות גיאוגרפי - חשופת מט""ח",אירופה- כללי,"הקרן הינה קרן בלתי מוגבלת בני""ע חוץ,לפי מדיניות השקעותיה הקרן הינה קרן מחקה,קרן להשקעות חוץ – מטבע עיקרי - אירו",הרמטיק נאמנות,קסם,פטורה,0.800,0.0300,,20.07.2026,23917.92,23846.17,,"EURO STOXX 50 - NTR,אירו",לא נגבית עמלת הפצה,0.000
קסם ETF תלבונד שקלי,1146414,קרן סל,0,0,"אג""ח בארץ - חברות והמרה","אג""ח חברות שקלי",בריבית קבועה,לפי מדיניות השקעותיה הקרן הינה קרן מחקה,הרמטיק נאמנות,קסם,פטורה,0.250,0.0150,,21.07.2026,4377.59,4373.21,,תל בונד שקלי,לא נגבית עמלת הפצה,0.000
קסם LBMA Gold PM ETF ממ,1146422,קרן סל,4,A,סחורות,סחורה,,"הקרן הינה קרן בלתי מוגבלת בני""ע חוץ,לפי מדיניות השקעותיה הקרן הינה קרן מחקה,קרן כשרה",מזרחי טפחות נאמנות,קסם,פטורה,1.480,0.0300,,20.07.2026,2777.40,2769.07,,LBMA Gold Price PM,לא נגבית עמלת הפצה,0.000
קסם ETF אינדקס בנקים ישרא,1146430,קרן סל,4,A,מניות בארץ,מניות לפי ענפים,בנקאות ואשראי חוץ בנקאי,לפי מדיניות השקעותיה הקרן הינה קרן מחקה,מזרחי טפחות נאמנות,קסם,פטורה,0.650,0.0150,,21.07.2026,71412.21,71340.80,,אינדקס בנקים ישראל,לא נגבית עמלת הפצה,0.000
קסם DowJones IA ETF,1146448,קרן סל,4,D,"מניות בחו""ל","מניות גיאוגרפי - חשופת מט""ח",אמריקה- שווקים מפותחים,"הקרן הינה קרן בלתי מוגבלת בני""ע חוץ,לפי מדיניות השקעותיה הקרן הינה קרן מחקה,קרן להשקעות חוץ – מטבע עיקרי - דולר ארה""ב,קרן כשרה",הרמטיק נאמנות,קסם,פטורה,0.600,0.0300,,20.07.2026,17092.21,17040.93,,"Dow Jones Industrial Average - NTR,דולר ארה""ב",לא נגבית עמלת הפצה,0.000
קסם ETF חסר תלבונד 40 צמו,1146455,קרן סל,0,0,ממונפות,ממונפות בחסר בסיכון גבוה,"אג""ח בארץ","הקרן הינה קרן ממונפת,לפי מדיניות השקעותיה הקרן הינה קרן מחקה,לפי מדיניות השקעותיה הקרן הינה קרן חשיפה הפוכה",מזרחי טפחות נאמנות,קסם,פטורה,0.500,0.0300,,21.07.2026,1345.47,1341.43,,תל בונד 40 צמודות,לא נגבית עמלת הפצה,0.000
קסם SP500 ETF,1146471,קרן סל,4,D,"מניות בחו""ל","מניות גיאוגרפי - חשופת מט""ח",אמריקה- שווקים מפותחים,"הקרן הינה קרן בלתי מוגבלת בני""ע חוץ,לפי מדיניות השקעותיה הקרן הינה קרן מחקה,קרן להשקעות חוץ – מטבע עיקרי - דולר ארה""ב,קרן כשרה",הרמטיק נאמנות,קסם,פטורה,0.600,0.0300,,20.07.2026,25095.48,25020.19,,"S&P 500 - NTR,דולר ארה""ב",לא נגבית עמלת הפצה,0.000
קסם FTSE100 ETF,1146497,קרן סל,4,D,"מניות בחו""ל","מניות גיאוגרפי - חשופת מט""ח",אירופה- שווקים מפותחים,"הקרן הינה קרן בלתי מוגבלת בני""ע חוץ,לפי מדיניות השקעותיה הקרן הינה קרן מחקה,קרן להשקעות חוץ – מטבע עיקרי - לירה שטרלינג",הרמטיק נאמנות,קסם,פטורה,0.400,0.0300,,20.07.2026,5127.60,5112.22,,"FTSE 100 - NTR ,לירה שטרלינג",לא נגבית עמלת הפצה,0.000
קסם NDX100 ETF,1146505,קרן סל,4,D,"מניות בחו""ל","מניות גיאוגרפי - חשופת מט""ח",אמריקה- שווקים מפותחים,"הקרן הינה קרן בלתי מוגבלת בני""ע חוץ,לפי מדיניות השקעותיה הקרן הינה קרן מחקה,קרן להשקעות חוץ – מטבע עיקרי - דולר ארה""ב,קרן כשרה",הרמטיק נאמנות,קסם,פטורה,0.590,0.0300,,20.07.2026,83805.49,83554.08,,"NASDAQ 100 - NTR,דולר ארה""ב",לא נגבית עמלת הפצה,0.000
קסם DAX ETF,1146513,קרן סל,4,D,"מניות בחו""ל","מניות גיאוגרפי - חשופת מט""ח",אירופה- שווקים מפותחים,"הקרן הינה קרן בלתי מוגבלת בני""ע חוץ,לפי מדיניות השקעותיה הקרן הינה קרן מחקה,קרן להשקעות חוץ – מטבע עיקרי - אירו,קרן כשרה",הרמטיק נאמנות,קסם,פטורה,0.530,0.0300,,20.07.2026,7370.32,7348.21,,"DAX - NTR,אירו",לא נגבית עמלת הפצה,0.000
קסם FTSECHN50 ETF,1146521,קרן סל,4,D,"מניות בחו""ל","מניות גיאוגרפי - חשופת מט""ח",אסיה ופסיפיק- שווקים מתעוררים,"הקרן הינה קרן בלתי מוגבלת בני""ע חוץ,לפי מדיניות השקעותיה הקרן הינה קרן מחקה,קרן להשקעות חוץ – מטבע עיקרי - דולר הונג קונג",מזרחי טפחות נאמנות,קסם,פטורה,0.950,0.0300,,16.07.2026,6099.35,6081.05,,"FTSE China 50 - NTR,דולר הונג קונג",לא נגבית עמלת הפצה,0.000
קסם ETF תא SME60,1146539,קרן סל,4,A,מניות בארץ,מניות לפי שווי שוק,Small Cap & Mid,לפי מדיניות השקעותיה הקרן הינה קרן מחקה,הרמטיק נאמנות,קסם,פטורה,0.980,0.0300,,21.07.2026,11520.04,11497.00,,"ת""א-SME60",לא נגבית עמלת הפצה,0.000
קסם ETF תא נדלן,1146547,קרן סל,4,A,מניות בארץ,מניות לפי ענפים,"נדל""ן ובנייה",לפי מדיניות השקעותיה הקרן הינה קרן מחקה,הרמטיק נאמנות,קסם,פטורה,0.530,0.0300,,21.07.2026,13127.32,13101.07,,"ת""א נדל""ן",לא נגבית עמלת הפצה,0.000
קסם ETF תא פיננסים,1146554,קרן סל,4,A,מניות בארץ,מניות לפי ענפים,פיננסים,לפי מדיניות השקעותיה הקרן הינה קרן מחקה,הרמטיק נאמנות,קסם,פטורה,0.600,0.0300,,21.07.2026,90861.17,90679.45,,"ת""א פיננסים",לא נגבית עמלת הפצה,0.000
קסם ETF תל גוב- שקלי,1146562,קרן סל,0,0,"אג""ח בארץ - מדינה","אג""ח מדינה שקליות",ריבית קבועה,"לפי מדיניות השקעותיה הקרן הינה קרן מחקה,קרן כשרה",הרמטיק נאמנות,קסם,פטורה,0.150,0.0150,,21.07.2026,5115.23,5110.12,,תל גוב-שקלי,לא נגבית עמלת הפצה,0.000
קסם ETF תא 35,1146570,קרן סל,4,A,מניות בארץ,מניות לפי שווי שוק,Large Cap,לפי מדיניות השקעותיה הקרן הינה קרן מחקה,הרמטיק נאמנות,קסם,פטורה,0.250,0.0100,,21.07.2026,41029.47,40988.45,,"ת""א-35",לא נגבית עמלת הפצה,0.000
קסם MDAX Germany ETF ממ,1146588,קרן סל,4,A,"מניות בחו""ל","מניות גיאוגרפי - מנוטרלת מט""ח",אירופה- שווקים מפותחים,"הקרן הינה קרן בלתי מוגבלת בני""ע חוץ,לפי מדיניות השקעותיה הקרן הינה קרן מחקה,קרן כשרה",יובנק נאמנות,קסם,פטורה,0.740,0.0300,,20.07.2026,2767.52,2759.22,,MDAX - NTR,לא נגבית עמלת הפצה,0.000
קסם SP500 ETF ממ,1146604,קרן סל,4,A,"מניות בחו""ל","מניות גיאוגרפי - מנוטרלת מט""ח",אמריקה- שווקים מפותחים,"הקרן הינה קרן בלתי מוגבלת בני""ע חוץ,לפי מדיניות השקעותיה הקרן הינה קרן מחקה,קרן כשרה",הרמטיק נאמנות,קסם,פטורה,0.900,0.0300,,20.07.2026,6968.80,6947.89,,S&P 500 - NTR,לא נגבית עמלת הפצה,0.000
קסם NDX100 ETF ממ,1146612,קרן סל,4,A,"מניות בחו""ל","מניות גיאוגרפי - מנוטרלת מט""ח",אמריקה- שווקים מפותחים,"הקרן הינה קרן בלתי מוגבלת בני""ע חוץ,לפי מדיניות השקעותיה הקרן הינה קרן מחקה,קרן כשרה",הרמטיק נאמנות,קסם,פטורה,0.890,0.0300,,20.07.2026,23015.70,22946.66,,NASDAQ 100 - NTR,לא נגבית עמלת הפצה,0.000
קסם BB Oil ETF ממ,1146620,קרן סל,4,A,סחורות,סחורה,,"הקרן הינה קרן בלתי מוגבלת בני""ע חוץ,לפי מדיניות השקעותיה הקרן הינה קרן מחקה,קרן כשרה",מזרחי טפחות נאמנות,קסם,פטורה,1.500,0.0300,,20.07.2026,1173.61,1170.09,,Bloomberg Brent Crude,לא נגבית עמלת הפצה,0.000
קסם ETF מש תל ג כממ וקונצ,1146638,קרן סל,0,A,"אג""ח בארץ משולבת",ללא מניות,,לפי מדיניות השקעותיה הקרן הינה קרן מחקה,מזרחי טפחות נאמנות,קסם,פטורה,0.000,0.0200,,21.07.2026,15706.34,15690.63,,"תל גוב-כללי,תל בונד 60 צמודות,תל בונד שקלי",לא נגבית עמלת הפצה,0.000
קסם ETF תל גוב-כללי,1146646,קרן סל,0,A,"אג""ח בארץ - מדינה","אג""ח מדינה שיקלי וצמוד",,"לפי מדיניות השקעותיה הקרן הינה קרן מחקה,קרן כשרה",הרמטיק נאמנות,קסם,פטורה,0.150,0.0150,,21.07.2026,3875.03,3871.15,,תל גוב-כללי,לא נגבית עמלת הפצה,0.000
קסם ETF מש אגח כלל ומנ יש,1146661,קרן סל,2,A,"אג""ח בארץ משולבת",עד 10% מניות,,לפי מדיניות השקעותיה הקרן הינה קרן מחקה,מזרחי טפחות נאמנות,קסם,פטורה,0.000,0.0200,,21.07.2026,17065.41,17048.34,,"תל גוב-כללי,תל בונד 60 צמודות,תל בונד שקלי,ת""א 125",לא נגבית עמלת הפצה,0.000
קסם MSCI ACWorld ETF,1146679,קרן סל,4,D,"מניות בחו""ל","מניות גלובליות - חשופת מט""ח",,"הקרן הינה קרן בלתי מוגבלת בני""ע חוץ,לפי מדיניות השקעותיה הקרן הינה קרן מחקה,קרן להשקעות חוץ – מטבע עיקרי - דולר ארה""ב,קרן כשרה",מזרחי טפחות נאמנות,קסם,פטורה,0.950,0.0300,,16.07.2026,1611.10,1606.27,,"MSCI AC WORLD INDEX - NTR,דולר ארה""ב",לא נגבית עמלת הפצה,0.000
קסם Hang Seng CHN ETF ממ,1146687,קרן סל,4,A,"מניות בחו""ל","מניות גיאוגרפי - מנוטרלת מט""ח",אסיה ופסיפיק- שווקים מתעוררים,"הקרן הינה קרן בלתי מוגבלת בני""ע חוץ,לפי מדיניות השקעותיה הקרן הינה קרן מחקה",מזרחי טפחות נאמנות,קסם,פטורה,1.000,0.0300,,20.07.2026,996.94,993.95,,HANG SENG CHINA ENTREPRISE - NTR,לא נגבית עמלת הפצה,0.000
קסם ETF מש אגח כל ומנ,1146695,קרן סל,2,A,"אג""ח בארץ משולבת",עד 20% מניות,,לפי מדיניות השקעותיה הקרן הינה קרן מחקה,מזרחי טפחות נאמנות,קסם,פטורה,0.000,0.0200,,21.07.2026,16635.12,16618.49,,"תל גוב-כללי,תל בונד 60 צמודות,תל בונד שקלי,ת""א 125,MSCI EMERGING MARKETS - NTR,דולר ארה""ב",לא נגבית עמלת הפצה,0.000
קסם DAX ETF ממ,1146703,קרן סל,4,A,"מניות בחו""ל","מניות גיאוגרפי - מנוטרלת מט""ח",אירופה- שווקים מפותחים,"הקרן הינה קרן בלתי מוגבלת בני""ע חוץ,לפי מדיניות השקעותיה הקרן הינה קרן מחקה,קרן כשרה",מזרחי טפחות נאמנות,קסם,פטורה,1.000,0.0300,,20.07.2026,20856.76,20794.19,,DAX - NTR,לא נגבית עמלת הפצה,0.000
קסם Russell 2000 ETF ממ,1146729,קרן סל,4,A,"מניות בחו""ל","מניות גיאוגרפי - מנוטרלת מט""ח",אמריקה- שווקים מפותחים,"הקרן הינה קרן בלתי מוגבלת בני""ע חוץ,לפי מדיניות השקעותיה הקרן הינה קרן מחקה",יובנק נאמנות,קסם,פטורה,0.350,0.0300,,20.07.2026,2613.84,2606.00,,RUSSELL 2000 - NTR,לא נגבית עמלת הפצה,0.000
קסם MSCI EM ETF מד,1146737,קרן סל,4,A,"מניות בחו""ל","מניות גיאוגרפי - מנוטרלת מט""ח",גלובלי- שווקים מתעוררים,"הקרן הינה קרן בלתי מוגבלת בני""ע חוץ,לפי מדיניות השקעותיה הקרן הינה קרן מחקה,קרן כשרה",יובנק נאמנות,קסם,פטורה,1.400,0.0300,,15.07.2026,1565.83,1561.13,,MSCI EMERGING MARKETS - NTR,לא נגבית עמלת הפצה,0.000
קסם ETF חסר תא 35,1146745,קרן סל,6,A,ממונפות,ממונפות בחסר בסיכון גבוה,מניות בארץ,"הקרן הינה קרן ממונפת,לפי מדיניות השקעותיה הקרן הינה קרן מחקה,לפי מדיניות השקעותיה הקרן הינה קרן חשיפה הפוכה",מזרחי טפחות נאמנות,קסם,פטורה,0.750,0.0300,,21.07.2026,1799.55,1794.15,,"ת""א-35",לא נגבית עמלת הפצה,0.000
קסם SP Finance ETF,1146786,קרן סל,4,D,"מניות בחו""ל","מניות לפי ענפים בחו""ל - חשופת מט""ח",Financial,"הקרן הינה קרן בלתי מוגבלת בני""ע חוץ,לפי מדיניות השקעותיה הקרן הינה קרן מחקה,קרן להשקעות חוץ – מטבע עיקרי - דולר ארה""ב,קרן כשרה",הרמטיק נאמנות,קסם,פטורה,0.750,0.0300,,20.07.2026,21686.48,21621.42,,"S&P Financial Select Sector- NTR,דולר ארה""ב",לא נגבית עמלת הפצה,0.000
קסם SP ETF צריכה מחזור,1146794,קרן סל,4,D,"מניות בחו""ל","מניות לפי ענפים בחו""ל - חשופת מט""ח",Consumer Discretionary,"הקרן הינה קרן בלתי מוגבלת בני""ע חוץ,לפי מדיניות השקעותיה הקרן הינה קרן מחקה,קרן להשקעות חוץ – מטבע עיקרי - דולר ארה""ב,קרן כשרה",הרמטיק נאמנות,קסם,פטורה,0.760,0.0300,,20.07.2026,68699.28,68493.18,,"S&P Consumer Discretionary Select Sector - NTR,דולר ארה""ב",לא נגבית עמלת הפצה,0.000
קסם DJ Internet ETF ממ,1146810,קרן סל,4,A,"מניות בחו""ל","מניות לפי ענפים בחו""ל - מנוטרלת מט""ח",Internet,"הקרן הינה קרן בלתי מוגבלת בני""ע חוץ,לפי מדיניות השקעותיה הקרן הינה קרן מחקה",יובנק נאמנות,קסם,פטורה,1.975,0.0300,,20.07.2026,5950.00,5932.15,,Dow Jones Internet Composite Index - NTR,לא נגבית עמלת הפצה,0.000
קסם ETF מש מנ Mid מפו ממ,1146828,קרן סל,4,A,"מניות בחו""ל","מניות בחו""ל קרן משולבת",,"הקרן הינה קרן בלתי מוגבלת בני""ע חוץ,לפי מדיניות השקעותיה הקרן הינה קרן מחקה",מזרחי טפחות נאמנות,קסם,פטורה,0.000,0.0200,,20.07.2026,21076.33,21013.10,,"MDAX - NTR,S&P MidCap 400 - NTR,FTSE 250 Index - NTR",לא נגבית עמלת הפצה,0.000
קסם ETF תא נפט וגז,1146885,קרן סל,4,A,מניות בארץ,מניות לפי ענפים,"נפט, גז ואנרגיה",לפי מדיניות השקעותיה הקרן הינה קרן מחקה,הרמטיק נאמנות,קסם,פטורה,0.600,0.0300,,21.07.2026,30327.32,30266.67,,"ת""א-נפט וגז",לא נגבית עמלת הפצה,0.000
קסם iBox $ IG30 ETF,1146919,קרן סל,0,D,"אג""ח בחו""ל","חברות והמרה חשופת מט""ח",,"הקרן הינה קרן בלתי מוגבלת בני""ע חוץ,לפי מדיניות השקעותיה הקרן הינה קרן מחקה,קרן להשקעות חוץ – מטבע עיקרי - דולר ארה""ב",הרמטיק נאמנות,קסם,פטורה,0.600,0.0300,,20.07.2026,9194.27,9166.69,,"IBOXX USD LIQUID INVESTMENT GRADE TOP 30 INDEX - GTR,דולר ארה""ב",לא נגבית עמלת הפצה,0.000
קסם ETF תלבונד צמוד,1146927,קרן סל,0,0,"אג""ח בארץ - חברות והמרה","אג""ח חברות צמודות מדד",בריבית קבועה,לפי מדיניות השקעותיה הקרן הינה קרן מחקה,הרמטיק נאמנות,קסם,פטורה,0.250,0.0150,,21.07.2026,4223.08,4218.86,,תל בונד צמודות,לא נגבית עמלת הפצה,0.000
קסם ETF תלבונד צ יתר,1146935,קרן סל,0,0,"אג""ח בארץ - חברות והמרה","אג""ח חברות צמודות מדד",בריבית קבועה,לפי מדיניות השקעותיה הקרן הינה קרן מחקה,הרמטיק נאמנות,קסם,פטורה,0.220,0.0200,,21.07.2026,4358.14,4353.78,,תל בונד צמודות-יתר,לא נגבית עמלת הפצה,0.000
קסם SP Homebuild ETF,1146943,קרן סל,4,D,"מניות בחו""ל","מניות לפי ענפים בחו""ל - חשופת מט""ח",REIT &  Real Estate,"הקרן הינה קרן בלתי מוגבלת בני""ע חוץ,לפי מדיניות השקעותיה הקרן הינה קרן מחקה,קרן להשקעות חוץ – מטבע עיקרי - דולר ארה""ב",הרמטיק נאמנות,קסם,פטורה,0.600,0.0300,,20.07.2026,31560.37,31465.69,,"S&P Homebuilders Select Industry - NTR,דולר ארה""ב",לא נגבית עמלת הפצה,0.000
קסם ETF תלבונד תשו צמודות,1146950,קרן סל,0,0,"אג""ח בארץ - חברות והמרה","אג""ח חברות צמודות מדד",בריבית קבועה,לפי מדיניות השקעותיה הקרן הינה קרן מחקה,הרמטיק נאמנות,קסם,פטורה,0.250,0.0150,,21.07.2026,4617.00,4612.39,,תל בונד תשואות צמודות,לא נגבית עמלת הפצה,0.000
קסם ETF ממ SP500 פי3,1146968,קרן סל,6,D,ממונפות,ממונפות בסיכון גבוה,"מניות בחו""ל","הקרן הינה קרן בלתי מוגבלת בני""ע חוץ,הקרן הינה קרן ממונפת,לפי מדיניות השקעותיה הקרן הינה קרן מחקה,קרן להשקעות חוץ – מטבע עיקרי - דולר ארה""ב",יובנק נאמנות,קסם,פטורה,2.750,0.0300,,20.07.2026,75120.17,74894.81,,"S&P 500 - NTR,דולר ארה""ב",לא נגבית עמלת הפצה,0.000
קסם ETF ממ NDX100 פי3,1146976,קרן סל,6,D,ממונפות,ממונפות בסיכון גבוה,"מניות בחו""ל","הקרן הינה קרן בלתי מוגבלת בני""ע חוץ,הקרן הינה קרן ממונפת,לפי מדיניות השקעותיה הקרן הינה קרן מחקה,קרן להשקעות חוץ – מטבע עיקרי - דולר ארה""ב",יובנק נאמנות,קסם,פטורה,2.750,0.0300,,20.07.2026,33651.56,33550.61,,"NASDAQ 100 - NTR,דולר ארה""ב",לא נגבית עמלת הפצה,0.000
קסם ETF ממ DAX פי3,1146984,קרן סל,6,D,ממונפות,ממונפות בסיכון גבוה,"מניות בחו""ל","הקרן הינה קרן בלתי מוגבלת בני""ע חוץ,הקרן הינה קרן ממונפת,לפי מדיניות השקעותיה הקרן הינה קרן מחקה,קרן להשקעות חוץ – מטבע עיקרי - אירו",יובנק נאמנות,קסם,פטורה,2.750,0.0300,,20.07.2026,8161.73,8137.24,,"DAX - NTR,אירו",לא נגבית עמלת הפצה,0.000
קסם ETF ממח SP500 פי2,1146992,קרן סל,6,D,ממונפות,ממונפות בחסר בסיכון גבוה,"מניות בחו""ל","הקרן הינה קרן בלתי מוגבלת בני""ע חוץ,הקרן הינה קרן ממונפת,לפי מדיניות השקעותיה הקרן הינה קרן מחקה,לפי מדיניות השקעותיה הקרן הינה קרן חשיפה הפוכה,קרן להשקעות חוץ – מטבע עיקרי - דולר ארה""ב",יובנק נאמנות,קסם,פטורה,2.750,0.0300,,20.07.2026,2707.90,2699.77,,"S&P 500 - NTR,דולר ארה""ב",לא נגבית עמלת הפצה,0.000
קסם ETF ממח NDX100 פי2,1147008,קרן סל,6,D,ממונפות,ממונפות בחסר בסיכון גבוה,"מניות בחו""ל","הקרן הינה קרן בלתי מוגבלת בני""ע חוץ,הקרן הינה קרן ממונפת,לפי מדיניות השקעותיה הקרן הינה קרן מחקה,לפי מדיניות השקעותיה הקרן הינה קרן חשיפה הפוכה,קרן להשקעות חוץ – מטבע עיקרי - דולר ארה""ב",יובנק נאמנות,קסם,פטורה,2.750,0.0300,,20.07.2026,253.42,252.66,,"NASDAQ 100 - NTR,דולר ארה""ב",לא נגבית עמלת הפצה,0.000
קסם ETF ממח DAX פי2,1147016,קרן סל,6,D,ממונפות,ממונפות בחסר בסיכון גבוה,"מניות בחו""ל","הקרן הינה קרן בלתי מוגבלת בני""ע חוץ,הקרן הינה קרן ממונפת,לפי מדיניות השקעותיה הקרן הינה קרן מחקה,לפי מדיניות השקעותיה הקרן הינה קרן חשיפה הפוכה,קרן להשקעות חוץ – מטבע עיקרי - אירו",יובנק נאמנות,קסם,פטורה,2.750,0.0300,,20.07.2026,4787.48,4773.11,,"DAX - NTR,אירו",לא נגבית עמלת הפצה,0.000
קסם SP SCap600 ETF ממ,1147024,קרן סל,4,A,"מניות בחו""ל","מניות גיאוגרפי - מנוטרלת מט""ח",אמריקה- שווקים מפותחים,"הקרן הינה קרן בלתי מוגבלת בני""ע חוץ,לפי מדיניות השקעותיה הקרן הינה קרן מחקה",מזרחי טפחות נאמנות,קסם,פטורה,0.800,0.0300,,20.07.2026,14930.69,14885.90,,S&P SmallCap 600 - NTR,לא נגבית עמלת הפצה,0.000
קסם WideMoat US ETF,1147032,קרן סל,4,D,"מניות בחו""ל","מניות גיאוגרפי - חשופת מט""ח",אמריקה- כללי,"הקרן הינה קרן בלתי מוגבלת בני""ע חוץ,לפי מדיניות השקעותיה הקרן הינה קרן מחקה,קרן להשקעות חוץ – מטבע עיקרי - דולר ארה""ב",הרמטיק נאמנות,קסם,פטורה,0.650,0.0300,,20.07.2026,49719.94,49570.78,,"Morningstar Wide Moat Focus - GTR,דולר ארה""ב",לא נגבית עמלת הפצה,0.000
קסם ETF מש מנ ארהב ממ,1147040,קרן סל,4,A,"מניות בחו""ל","מניות בחו""ל קרן משולבת",,"הקרן הינה קרן בלתי מוגבלת בני""ע חוץ,לפי מדיניות השקעותיה הקרן הינה קרן מחקה",הרמטיק נאמנות,קסם,פטורה,0.000,0.0200,,20.07.2026,44735.67,44601.46,,"S&P 500 - NTR,NASDAQ 100 - NTR,S&P SmallCap 600 - NTR",לא נגבית עמלת הפצה,0.000
קסם ETFמש תל גוב כ ומנ ממ,1147057,קרן סל,2,A,"אג""ח בארץ משולבת",עד 20% מניות,,"הקרן הינה קרן בלתי מוגבלת בני""ע חוץ,לפי מדיניות השקעותיה הקרן הינה קרן מחקה",מזרחי טפחות נאמנות,קסם,פטורה,0.000,0.0200,,20.07.2026,14455.36,14440.91,,"תל גוב-כללי,תל בונד 60 צמודות,תל בונד שקלי,תל בונד צמודות,תל בונד תשואות צמודות,S&P 500 - NTR,ת""א 125,MDAX - NTR",לא נגבית עמלת הפצה,0.000
קסם SP500 LVHD ETF,1147065,קרן סל,4,D,"מניות בחו""ל","מניות גיאוגרפי - חשופת מט""ח",אמריקה- שווקים מפותחים,"הקרן הינה קרן בלתי מוגבלת בני""ע חוץ,לפי מדיניות השקעותיה הקרן הינה קרן מחקה,קרן להשקעות חוץ – מטבע עיקרי - דולר ארה""ב",הרמטיק נאמנות,קסם,פטורה,0.980,0.0300,,20.07.2026,32387.02,32289.86,,"S&P 500 Low Volatility High Dividend Index - NTR,דולר ארה""ב",לא נגבית עמלת הפצה,0.000
קסם MSCI World ETF מד,1147073,קרן סל,4,A,"מניות בחו""ל","מניות גיאוגרפי - מנוטרלת מט""ח",גלובלי- שווקים מפותחים,"הקרן הינה קרן בלתי מוגבלת בני""ע חוץ,לפי מדיניות השקעותיה הקרן הינה קרן מחקה,קרן כשרה",יובנק נאמנות,קסם,פטורה,1.000,0.0300,,16.07.2026,11942.77,11906.94,,MSCI WORLD INDEX - NTR,לא נגבית עמלת הפצה,0.000
קסם ETF תלבונד מאגר,1147081,קרן סל,0,A,"אג""ח בארץ - חברות והמרה","אג""ח חברות","אג""ח חברות שקלי וצמוד",לפי מדיניות השקעותיה הקרן הינה קרן מחקה,הרמטיק נאמנות,קסם,פטורה,0.250,0.0150,,21.07.2026,4307.74,4303.43,,תל בונד מאגר,לא נגבית עמלת הפצה,0.000
קסם FTSE250 ETF ממ,1147099,קרן סל,4,A,"מניות בחו""ל","מניות גיאוגרפי - מנוטרלת מט""ח",אירופה- שווקים מפותחים,"הקרן הינה קרן בלתי מוגבלת בני""ע חוץ,לפי מדיניות השקעותיה הקרן הינה קרן מחקה",מזרחי טפחות נאמנות,קסם,פטורה,0.500,0.0300,,20.07.2026,1870.55,1864.94,,FTSE 250 Index - NTR,לא נגבית עמלת הפצה,0.000
קסם DJ US DIV ETF ממ,1147107,קרן סל,4,A,"מניות בחו""ל","מניות גיאוגרפי - מנוטרלת מט""ח",אמריקה- שווקים מפותחים,"הקרן הינה קרן בלתי מוגבלת בני""ע חוץ,לפי מדיניות השקעותיה הקרן הינה קרן מחקה",יובנק נאמנות,קסם,פטורה,0.930,0.0300,,20.07.2026,11699.78,11664.68,,DJ U.S. SELECT DIVIDEND INDEX - NTR,לא נגבית עמלת הפצה,0.000
קסם ETF חסר תלבונד תשו צמ,1147131,קרן סל,0,0,ממונפות,ממונפות בחסר בסיכון גבוה,"אג""ח בארץ","הקרן הינה קרן ממונפת,לפי מדיניות השקעותיה הקרן הינה קרן מחקה,לפי מדיניות השקעותיה הקרן הינה קרן חשיפה הפוכה",מזרחי טפחות נאמנות,קסם,פטורה,0.500,0.0300,,21.07.2026,2762.40,2754.11,,תל בונד תשואות צמודות,לא נגבית עמלת הפצה,0.000
קסם ETF מש מנ ארהב,1147156,קרן סל,4,D,"מניות בחו""ל","מניות בחו""ל קרן משולבת",,"הקרן הינה קרן בלתי מוגבלת בני""ע חוץ,לפי מדיניות השקעותיה הקרן הינה קרן מחקה,קרן להשקעות חוץ – מטבע עיקרי - דולר ארה""ב",הרמטיק נאמנות,קסם,פטורה,0.000,0.0200,,20.07.2026,36735.29,36625.08,,"NASDAQ 100 - NTR,S&P 500 - NTR,NASDAQ US BuyBack Achievers Index - NTR,דולר ארה""ב",לא נגבית עמלת הפצה,0.000
קסם SP HealthCare ETF,1147172,קרן סל,4,D,"מניות בחו""ל","מניות לפי ענפים בחו""ל - חשופת מט""ח",Health Care,"הקרן הינה קרן בלתי מוגבלת בני""ע חוץ,לפי מדיניות השקעותיה הקרן הינה קרן מחקה,קרן להשקעות חוץ – מטבע עיקרי - דולר ארה""ב,קרן כשרה",הרמטיק נאמנות,קסם,פטורה,0.700,0.0300,,20.07.2026,5255.82,5240.06,,"S&P Health Care Select Sector Index- NTR,דולר ארה""ב",לא נגבית עמלת הפצה,0.000
קסם All Bond ETF ר.משת שק,1147198,קרן סל,0,0,"אג""ח בארץ - כללי",,,לפי מדיניות השקעותיה הקרן הינה קרן מחקה,הרמטיק נאמנות,קסם,פטורה,0.230,0.0200,,21.07.2026,4070.77,4066.70,,All-Bond - ריבית משתנה שקלי,לא נגבית עמלת הפצה,0.000
קסם ETF מש מנ סק ארהב,1147214,קרן סל,4,D,"מניות בחו""ל","מניות בחו""ל קרן משולבת",,"הקרן הינה קרן בלתי מוגבלת בני""ע חוץ,לפי מדיניות השקעותיה הקרן הינה קרן מחקה,קרן להשקעות חוץ – מטבע עיקרי - דולר ארה""ב",מזרחי טפחות נאמנות,קסם,פטורה,0.000,0.0200,,20.07.2026,31705.59,31610.48,,"S&P Financial Select Sector- NTR,S&P Health Care Select Sector Index- NTR,S&P Consumer Discretionary Select Sector - NTR,S&P Technology Select Sector Index - NTR,דולר ארה""ב",לא נגבית עמלת הפצה,0.000
קסם SP Tech ETF,1147230,קרן סל,4,D,"מניות בחו""ל","מניות לפי ענפים בחו""ל - חשופת מט""ח",Technology,"הקרן הינה קרן בלתי מוגבלת בני""ע חוץ,לפי מדיניות השקעותיה הקרן הינה קרן מחקה,קרן להשקעות חוץ – מטבע עיקרי - דולר ארה""ב,קרן כשרה",מזרחי טפחות נאמנות,קסם,פטורה,0.640,0.0300,,20.07.2026,11234.55,11200.85,,"S&P Technology Select Sector Index - NTR,דולר ארה""ב",לא נגבית עמלת הפצה,0.000
קסם iBox $ 3-7 ETF ממ,1147263,קרן סל,0,A,"אג""ח בחו""ל","חברות והמרה  מנוטרלת מט""ח - בינוני",,"הקרן הינה קרן בלתי מוגבלת בני""ע חוץ,לפי מדיניות השקעותיה הקרן הינה קרן מחקה",מזרחי טפחות נאמנות,קסם,פטורה,0.300,0.0300,,20.07.2026,17575.53,17522.81,,iBoxx $ Corporates Liquid 3-7 - GTR,לא נגבית עמלת הפצה,0.000
קסם ETF ישראטק Bstar,1147271,קרן סל,4,D,"מניות בחו""ל","מניות לפי ענפים בחו""ל - חשופת מט""ח",Technology,"הקרן הינה קרן בלתי מוגבלת בני""ע חוץ,לפי מדיניות השקעותיה הקרן הינה קרן מחקה,קרן להשקעות חוץ – מטבע עיקרי - דולר ארה""ב",יובנק נאמנות,קסם,פטורה,0.600,0.0300,,16.07.2026,16569.46,16519.75,,"בלוסטאר ישראל גלובל טכנולוגיות - NTR,דולר ארה""ב",לא נגבית עמלת הפצה,0.000
קסם iBox $ 3-7 ETF,1147297,קרן סל,0,D,"אג""ח בחו""ל","חברות והמרה חשופת מט""ח - בינוני",,"הקרן הינה קרן בלתי מוגבלת בני""ע חוץ,לפי מדיניות השקעותיה הקרן הינה קרן מחקה,קרן להשקעות חוץ – מטבע עיקרי - דולר ארה""ב",מזרחי טפחות נאמנות,קסם,פטורה,0.300,0.0300,,20.07.2026,6313.46,6294.52,,"iBoxx $ Corporates Liquid 3-7 - GTR,דולר ארה""ב",לא נגבית עמלת הפצה,0.000
קסם ETF חסר תא SME60,1147347,קרן סל,6,A,ממונפות,ממונפות בחסר בסיכון גבוה,מניות בארץ,"הקרן הינה קרן ממונפת,לפי מדיניות השקעותיה הקרן הינה קרן מחקה,לפי מדיניות השקעותיה הקרן הינה קרן חשיפה הפוכה",יובנק נאמנות,קסם,פטורה,2.350,0.0300,,21.07.2026,2234.21,2227.51,,"ת""א-SME60",לא נגבית עמלת הפצה,0.000
קסם MSCI ACWorld ETF מד,1147362,קרן סל,4,A,"מניות בחו""ל","מניות גלובליות - מנוטרלת מט""ח",,"הקרן הינה קרן בלתי מוגבלת בני""ע חוץ,לפי מדיניות השקעותיה הקרן הינה קרן מחקה,קרן כשרה",יובנק נאמנות,קסם,פטורה,0.220,0.0300,,16.07.2026,4891.02,4876.35,,MSCI AC WORLD INDEX - NTR,לא נגבית עמלת הפצה,0.000
קסם ETF תלבונד ש 3-5,1147396,קרן סל,0,0,"אג""ח בארץ - חברות והמרה","אג""ח חברות שקלי",בריבית קבועה - בינוני,לפי מדיניות השקעותיה הקרן הינה קרן מחקה,מזרחי טפחות נאמנות,קסם,פטורה,0.250,0.0300,,21.07.2026,4362.47,4358.10,,תל בונד-שקלי 3-5,לא נגבית עמלת הפצה,0.000
קסם SP Industrial ETF,1147529,קרן סל,4,D,"מניות בחו""ל","מניות לפי ענפים בחו""ל - חשופת מט""ח",Industrials,"הקרן הינה קרן בלתי מוגבלת בני""ע חוץ,לפי מדיניות השקעותיה הקרן הינה קרן מחקה,קרן להשקעות חוץ – מטבע עיקרי - דולר ארה""ב",הרמטיק נאמנות,קסם,פטורה,0.800,0.0300,,20.07.2026,55934.01,55766.21,,"S&P Industrial Select Sector - NTR,דולר ארה""ב",לא נגבית עמלת הפצה,0.000
קסם FTSE100 ETF ממ,1147545,קרן סל,4,A,"מניות בחו""ל","מניות גיאוגרפי - מנוטרלת מט""ח",אירופה- שווקים מפותחים,"הקרן הינה קרן בלתי מוגבלת בני""ע חוץ,לפי מדיניות השקעותיה הקרן הינה קרן מחקה,קרן כשרה",יובנק נאמנות,קסם,פטורה,0.800,0.0300,,20.07.2026,12941.40,12902.58,,"FTSE 100 - NTR ",לא נגבית עמלת הפצה,0.000
איביאי סל LBMA Gold AM,1147875,קרן סל,4,D,סחורות,סחורה,,"הקרן הינה קרן בלתי מוגבלת בני""ע חוץ,לפי מדיניות השקעותיה הקרן הינה קרן מחקה,קרן להשקעות חוץ – מטבע עיקרי - דולר ארה""ב",יובנק נאמנות,"איביאי קרנות נאמנות ",פטורה,1.500,0.0200,,20.07.2026,2626.43,2618.55,,"LBMA Gold Price AM USD,דולר ארה""ב",לא נגבית עמלת הפצה,0.000
איביאי סל iBox $ IG30,1147966,קרן סל,0,D,"אג""ח בחו""ל","חברות והמרה חשופת מט""ח",,"הקרן הינה קרן בלתי מוגבלת בני""ע חוץ,לפי מדיניות השקעותיה הקרן הינה קרן מחקה,קרן להשקעות חוץ – מטבע עיקרי - דולר ארה""ב",יובנק נאמנות,"איביאי קרנות נאמנות ",פטורה,0.200,0.0200,,20.07.2026,9183.90,9156.35,,"IBOXX USD LIQUID INVESTMENT GRADE TOP 30 INDEX - GTR,דולר ארה""ב",לא נגבית עמלת הפצה,0.000
איביאי סל תלבונד 40צמודות,1147974,קרן סל,0,0,"אג""ח בארץ - חברות והמרה","אג""ח חברות צמודות מדד",בריבית קבועה,לפי מדיניות השקעותיה הקרן הינה קרן מחקה,יובנק נאמנות,"איביאי קרנות נאמנות ",פטורה,0.250,0.0150,,21.07.2026,398.14,397.74,,תל בונד 40 צמודות,לא נגבית עמלת הפצה,0.000
איביאי סל תלבונד 60צמודות,1148006,קרן סל,0,0,"אג""ח בארץ - חברות והמרה","אג""ח חברות צמודות מדד",בריבית קבועה,לפי מדיניות השקעותיה הקרן הינה קרן מחקה,יובנק נאמנות,"איביאי קרנות נאמנות ",פטורה,0.250,0.0080,,21.07.2026,409.07,408.66,,תל בונד 60 צמודות,לא נגבית עמלת הפצה,0.000
איביאי סל תלבונד צמוד,1148048,קרן סל,0,0,"אג""ח בארץ - חברות והמרה","אג""ח חברות צמודות מדד",בריבית קבועה,לפי מדיניות השקעותיה הקרן הינה קרן מחקה,יובנק נאמנות,"איביאי קרנות נאמנות ",פטורה,0.200,0.0150,,21.07.2026,4236.06,4231.82,,תל בונד צמודות,לא נגבית עמלת הפצה,0.000
איביאי סל SP 500,1148162,קרן סל,4,D,"מניות בחו""ל","מניות גיאוגרפי - חשופת מט""ח",אמריקה- שווקים מפותחים,"הקרן הינה קרן בלתי מוגבלת בני""ע חוץ,לפי מדיניות השקעותיה הקרן הינה קרן מחקה,קרן להשקעות חוץ – מטבע עיקרי - דולר ארה""ב,קרן כשרה",יובנק נאמנות,"איביאי קרנות נאמנות ",פטורה,0.800,0.0085,,20.07.2026,22492.49,22425.01,,"S&P 500 - NTR,דולר ארה""ב",לא נגבית עמלת הפצה,0.000
איביאי סל SP HlthCare ממ,1148212,קרן סל,4,A,"מניות בחו""ל","מניות לפי ענפים בחו""ל - מנוטרלת מט""ח",Health Care,"הקרן הינה קרן בלתי מוגבלת בני""ע חוץ,לפי מדיניות השקעותיה הקרן הינה קרן מחקה",יובנק נאמנות,"איביאי קרנות נאמנות ",פטורה,0.800,0.0200,,20.07.2026,4748.73,4734.48,,S&P Health Care Select Sector Index- NTR,לא נגבית עמלת הפצה,0.000
איביאי סל תלבונד צ A,1148477,קרן סל,0,0,"אג""ח בארץ - חברות והמרה","אג""ח חברות צמודות מדד",בריבית קבועה,לפי מדיניות השקעותיה הקרן הינה קרן מחקה,יובנק נאמנות,"איביאי קרנות נאמנות ",פטורה,0.250,0.0085,,21.07.2026,4347.67,4343.32,,תל בונד-צמודות A,לא נגבית עמלת הפצה,0.000
איביאי סל אינדקס בנקים יש,1148774,קרן סל,4,A,מניות בארץ,מניות לפי ענפים,בנקאות ואשראי חוץ בנקאי,לפי מדיניות השקעותיה הקרן הינה קרן מחקה,יובנק נאמנות,"איביאי קרנות נאמנות ",פטורה,0.650,0.0080,,21.07.2026,7288.45,7281.16,,אינדקס בנקים ישראל,לא נגבית עמלת הפצה,0.000
איביאי סל תא 125,1148808,קרן סל,4,A,מניות בארץ,מניות לפי שווי שוק,Mid Cap & Large,לפי מדיניות השקעותיה הקרן הינה קרן מחקה,יובנק נאמנות,"איביאי קרנות נאמנות ",פטורה,0.350,0.0080,,21.07.2026,4025.14,4021.11,,"ת""א 125",לא נגבית עמלת הפצה,0.000
הראל סל תא 125,1148899,קרן סל,4,A,מניות בארץ,מניות לפי שווי שוק,Mid Cap & Large,לפי מדיניות השקעותיה הקרן הינה קרן מחקה,מזרחי טפחות נאמנות,הראל,פטורה,0.250,0.0085,,21.07.2026,4042.61,4038.57,,"ת""א 125",לא נגבית עמלת הפצה,0.000
הראל סל תא 35,1148907,קרן סל,4,A,מניות בארץ,מניות לפי שווי שוק,Large Cap,לפי מדיניות השקעותיה הקרן הינה קרן מחקה,יובנק נאמנות,הראל,פטורה,0.250,0.0080,,21.07.2026,4129.43,4125.30,,"ת""א-35",לא נגבית עמלת הפצה,0.000
הראל סל תא 90,1148931,קרן סל,4,A,מניות בארץ,מניות לפי שווי שוק,Mid Cap,לפי מדיניות השקעותיה הקרן הינה קרן מחקה,מזרחי טפחות נאמנות,הראל,פטורה,0.600,0.0085,,21.07.2026,3613.31,3609.70,,"ת""א 90",לא נגבית עמלת הפצה,0.000
הראל סל אינדק בנקים ישראל,1148949,קרן סל,4,A,מניות בארץ,מניות לפי ענפים,בנקאות ואשראי חוץ בנקאי,לפי מדיניות השקעותיה הקרן הינה קרן מחקה,יובנק נאמנות,הראל,פטורה,0.600,0.0080,,21.07.2026,7388.28,7380.89,,אינדקס בנקים ישראל,לא נגבית עמלת הפצה,0.000
הראל סל תא SME60,1148956,קרן סל,4,A,מניות בארץ,מניות לפי שווי שוק,Small Cap & Mid,לפי מדיניות השקעותיה הקרן הינה קרן מחקה,יובנק נאמנות,הראל,פטורה,0.800,0.0150,,21.07.2026,1225.67,1223.22,,"ת""א-SME60",לא נגבית עמלת הפצה,0.000
הראל סל תא נדלן,1148964,קרן סל,4,A,מניות בארץ,מניות לפי ענפים,"נדל""ן ובנייה",לפי מדיניות השקעותיה הקרן הינה קרן מחקה,יובנק נאמנות,הראל,פטורה,0.600,0.0150,,21.07.2026,1338.67,1335.99,,"ת""א נדל""ן",לא נגבית עמלת הפצה,0.000
הראל סל תא פיננסים,1148980,קרן סל,4,A,מניות בארץ,מניות לפי ענפים,פיננסים,לפי מדיניות השקעותיה הקרן הינה קרן מחקה,יובנק נאמנות,הראל,פטורה,0.600,0.0150,,21.07.2026,9365.12,9346.39,,"ת""א פיננסים",לא נגבית עמלת הפצה,0.000
הראל סל SP500,1149020,קרן סל,4,D,"מניות בחו""ל","מניות גיאוגרפי - חשופת מט""ח",אמריקה- שווקים מפותחים,"הקרן הינה קרן בלתי מוגבלת בני""ע חוץ,לפי מדיניות השקעותיה הקרן הינה קרן מחקה,קרן להשקעות חוץ – מטבע עיקרי - דולר ארה""ב,קרן כשרה",יובנק נאמנות,הראל,פטורה,0.600,0.0080,,20.07.2026,2665.50,2657.50,,"S&P 500 - NTR,דולר ארה""ב",לא נגבית עמלת הפצה,0.000
הראל סל NDX 100,1149038,קרן סל,4,D,"מניות בחו""ל","מניות גיאוגרפי - חשופת מט""ח",אמריקה- שווקים מפותחים,"הקרן הינה קרן בלתי מוגבלת בני""ע חוץ,לפי מדיניות השקעותיה הקרן הינה קרן מחקה,קרן להשקעות חוץ – מטבע עיקרי - דולר ארה""ב,קרן כשרה",יובנק נאמנות,הראל,פטורה,0.700,0.0100,,20.07.2026,9269.28,9241.47,,"NASDAQ 100 - NTR,דולר ארה""ב",לא נגבית עמלת הפצה,0.000
הראל סל ‏DAX,1149053,קרן סל,4,D,"מניות בחו""ל","מניות גיאוגרפי - חשופת מט""ח",אירופה- שווקים מפותחים,"הקרן הינה קרן בלתי מוגבלת בני""ע חוץ,לפי מדיניות השקעותיה הקרן הינה קרן מחקה,קרן להשקעות חוץ – מטבע עיקרי - אירו,קרן כשרה",יובנק נאמנות,הראל,פטורה,0.500,0.0200,,20.07.2026,7825.96,7802.48,,"DAX - NTR,אירו",לא נגבית עמלת הפצה,0.000
הראל סל NDX 100 ממ,1149103,קרן סל,4,A,"מניות בחו""ל","מניות גיאוגרפי - מנוטרלת מט""ח",אמריקה- שווקים מפותחים,"הקרן הינה קרן בלתי מוגבלת בני""ע חוץ,לפי מדיניות השקעותיה הקרן הינה קרן מחקה,קרן כשרה",יובנק נאמנות,הראל,פטורה,0.800,0.0150,,20.07.2026,23862.78,23791.19,,NASDAQ 100 - NTR,לא נגבית עמלת הפצה,0.000
הראל סל SP500 ממ,1149137,קרן סל,4,A,"מניות בחו""ל","מניות גיאוגרפי - מנוטרלת מט""ח",אמריקה- שווקים מפותחים,"הקרן הינה קרן בלתי מוגבלת בני""ע חוץ,לפי מדיניות השקעותיה הקרן הינה קרן מחקה,קרן כשרה",יובנק נאמנות,הראל,פטורה,0.800,0.0100,,20.07.2026,7067.60,7046.40,,S&P 500 - NTR,לא נגבית עמלת הפצה,0.000
הראל סל DAX ממ,1149160,קרן סל,4,A,"מניות בחו""ל","מניות גיאוגרפי - מנוטרלת מט""ח",אירופה- שווקים מפותחים,"הקרן הינה קרן בלתי מוגבלת בני""ע חוץ,לפי מדיניות השקעותיה הקרן הינה קרן מחקה,קרן כשרה",יובנק נאמנות,הראל,פטורה,0.800,0.0150,,20.07.2026,21416.54,21352.29,,DAX - NTR,לא נגבית עמלת הפצה,0.000
הראל סל DowJones IA,1149228,קרן סל,4,D,"מניות בחו""ל","מניות גיאוגרפי - חשופת מט""ח",אמריקה- שווקים מפותחים,"הקרן הינה קרן בלתי מוגבלת בני""ע חוץ,לפי מדיניות השקעותיה הקרן הינה קרן מחקה,קרן להשקעות חוץ – מטבע עיקרי - דולר ארה""ב,קרן כשרה",יובנק נאמנות,הראל,פטורה,0.450,0.0200,,20.07.2026,19528.63,19470.04,,"Dow Jones Industrial Average - NTR,דולר ארה""ב",לא נגבית עמלת הפצה,0.000
איביאי סל חסר תא 90,1149236,קרן סל,6,A,ממונפות,ממונפות בחסר בסיכון גבוה,מניות בארץ,"הקרן הינה קרן ממונפת,לפי מדיניות השקעותיה הקרן הינה קרן מחקה,לפי מדיניות השקעותיה הקרן הינה קרן חשיפה הפוכה",יובנק נאמנות,"איביאי קרנות נאמנות ",פטורה,0.500,0.0150,,21.07.2026,61.36,61.18,,"ת""א 90",לא נגבית עמלת הפצה,0.000
הראל סל EU STOXX50,1149244,קרן סל,4,D,"מניות בחו""ל","מניות גיאוגרפי - חשופת מט""ח",אירופה- כללי,"הקרן הינה קרן בלתי מוגבלת בני""ע חוץ,לפי מדיניות השקעותיה הקרן הינה קרן מחקה,קרן להשקעות חוץ – מטבע עיקרי - אירו,קרן כשרה",יובנק נאמנות,הראל,פטורה,0.450,0.0200,,20.07.2026,2894.55,2885.87,,"EURO STOXX 50 - NTR,אירו",לא נגבית עמלת הפצה,0.000
הראל סל Nikkei225 ממ,1149251,קרן סל,4,A,"מניות בחו""ל","מניות גיאוגרפי - מנוטרלת מט""ח",אסיה ופסיפיק- שווקים מפותחים,"הקרן הינה קרן בלתי מוגבלת בני""ע חוץ,לפי מדיניות השקעותיה הקרן הינה קרן מחקה,קרן כשרה",יובנק נאמנות,הראל,פטורה,0.780,0.0200,,20.07.2026,7091.85,7070.57,,NIKKEI 225 - NTR,לא נגבית עמלת הפצה,0.000
הראל סל SP Industrial,1149285,קרן סל,4,D,"מניות בחו""ל","מניות לפי ענפים בחו""ל - חשופת מט""ח",Industrials,"הקרן הינה קרן בלתי מוגבלת בני""ע חוץ,לפי מדיניות השקעותיה הקרן הינה קרן מחקה,קרן להשקעות חוץ – מטבע עיקרי - דולר ארה""ב,קרן כשרה",יובנק נאמנות,הראל,פטורה,0.700,0.0200,,20.07.2026,6193.02,6174.44,,"S&P Industrial Select Sector - NTR,דולר ארה""ב",לא נגבית עמלת הפצה,0.000
הראל סל MSCI EM,1149301,קרן סל,4,D,"מניות בחו""ל","מניות גיאוגרפי - חשופת מט""ח",גלובלי- שווקים מתעוררים,"הקרן הינה קרן בלתי מוגבלת בני""ע חוץ,לפי מדיניות השקעותיה הקרן הינה קרן מחקה,קרן להשקעות חוץ – מטבע עיקרי - דולר ארה""ב,קרן כשרה",יובנק נאמנות,הראל,פטורה,0.400,0.0150,,15.07.2026,6079.86,6061.62,,"MSCI EMERGING MARKETS - NTR,דולר ארה""ב",לא נגבית עמלת הפצה,0.000
הראל סל MSCI ACWorld,1149335,קרן סל,4,D,"מניות בחו""ל","מניות גלובליות - חשופת מט""ח",,"הקרן הינה קרן בלתי מוגבלת בני""ע חוץ,לפי מדיניות השקעותיה הקרן הינה קרן מחקה,קרן להשקעות חוץ – מטבע עיקרי - דולר ארה""ב,קרן כשרה",יובנק נאמנות,הראל,פטורה,0.550,0.0200,,16.07.2026,3888.80,3877.13,,"MSCI AC WORLD INDEX - NTR,דולר ארה""ב",לא נגבית עמלת הפצה,0.000
איביאי סל MSCI ACWorld,1149772,קרן סל,4,D,"מניות בחו""ל","מניות גלובליות - חשופת מט""ח",,"הקרן הינה קרן בלתי מוגבלת בני""ע חוץ,לפי מדיניות השקעותיה הקרן הינה קרן מחקה,קרן להשקעות חוץ – מטבע עיקרי - דולר ארה""ב,קרן כשרה",יובנק נאמנות,"איביאי קרנות נאמנות ",פטורה,0.800,0.0200,,16.07.2026,3906.80,3895.08,,"MSCI AC WORLD INDEX - NTR,דולר ארה""ב",לא נגבית עמלת הפצה,0.000
איביאי סל DAX ממ,1149830,קרן סל,4,A,"מניות בחו""ל","מניות גיאוגרפי - מנוטרלת מט""ח",אירופה- שווקים מפותחים,"הקרן הינה קרן בלתי מוגבלת בני""ע חוץ,לפי מדיניות השקעותיה הקרן הינה קרן מחקה,קרן כשרה",יובנק נאמנות,"איביאי קרנות נאמנות ",פטורה,0.800,0.0200,,20.07.2026,21239.34,21175.62,,DAX - NTR,לא נגבית עמלת הפצה,0.000
הראל סל SP HealthCare,1149848,קרן סל,4,D,"מניות בחו""ל","מניות לפי ענפים בחו""ל - חשופת מט""ח",Health Care,"הקרן הינה קרן בלתי מוגבלת בני""ע חוץ,לפי מדיניות השקעותיה הקרן הינה קרן מחקה,קרן להשקעות חוץ – מטבע עיקרי - דולר ארה""ב,קרן כשרה",יובנק נאמנות,הראל,פטורה,0.500,0.0100,,20.07.2026,5534.42,5517.82,,"S&P Health Care Select Sector Index- NTR,דולר ארה""ב",לא נגבית עמלת הפצה,0.000
הראל סל SP Finance,1149855,קרן סל,4,D,"מניות בחו""ל","מניות לפי ענפים בחו""ל - חשופת מט""ח",Financial,"הקרן הינה קרן בלתי מוגבלת בני""ע חוץ,לפי מדיניות השקעותיה הקרן הינה קרן מחקה,קרן להשקעות חוץ – מטבע עיקרי - דולר ארה""ב,קרן כשרה",יובנק נאמנות,הראל,פטורה,0.450,0.0100,,20.07.2026,2392.94,2385.76,,"S&P Financial Select Sector- NTR,דולר ארה""ב",לא נגבית עמלת הפצה,0.000
הראל סל צריכה בסיס SP,1149863,קרן סל,4,D,"מניות בחו""ל","מניות לפי ענפים בחו""ל - חשופת מט""ח",Consumer Staples,"הקרן הינה קרן בלתי מוגבלת בני""ע חוץ,לפי מדיניות השקעותיה הקרן הינה קרן מחקה,קרן להשקעות חוץ – מטבע עיקרי - דולר ארה""ב,קרן כשרה",יובנק נאמנות,הראל,פטורה,0.500,0.0200,,20.07.2026,3112.07,3102.73,,"S&P Consumer Staples Select Sector - NTR,דולר ארה""ב",לא נגבית עמלת הפצה,0.000
הראל סל STOXX600,1149871,קרן סל,4,D,"מניות בחו""ל","מניות גיאוגרפי - חשופת מט""ח",אירופה- כללי,"הקרן הינה קרן בלתי מוגבלת בני""ע חוץ,לפי מדיניות השקעותיה הקרן הינה קרן מחקה,קרן להשקעות חוץ – מטבע עיקרי - אירו,קרן כשרה",יובנק נאמנות,הראל,פטורה,0.600,0.0200,,20.07.2026,3028.74,3019.65,,"STOXX Europe 600 - NTR,אירו",לא נגבית עמלת הפצה,0.000
הראל סל STOXX600 מא,1149889,קרן סל,4,A,"מניות בחו""ל","מניות גיאוגרפי - מנוטרלת מט""ח",אירופה- כללי,"הקרן הינה קרן בלתי מוגבלת בני""ע חוץ,לפי מדיניות השקעותיה הקרן הינה קרן מחקה,קרן כשרה",יובנק נאמנות,הראל,פטורה,0.800,0.0200,,20.07.2026,847.98,845.44,,STOXX Europe 600 - NTR,לא נגבית עמלת הפצה,0.000
הראל סל SP Finance ממ,1149897,קרן סל,4,A,"מניות בחו""ל","מניות לפי ענפים בחו""ל - מנוטרלת מט""ח",Financial,"הקרן הינה קרן בלתי מוגבלת בני""ע חוץ,לפי מדיניות השקעותיה הקרן הינה קרן מחקה,קרן כשרה",יובנק נאמנות,הראל,פטורה,0.500,0.0200,,20.07.2026,640.76,638.84,,S&P Financial Select Sector- NTR,לא נגבית עמלת הפצה,0.000
הראל סל SP500 LV ממ,1149905,קרן סל,4,A,"מניות בחו""ל","מניות גיאוגרפי - מנוטרלת מט""ח",אמריקה- שווקים מפותחים,"הקרן הינה קרן בלתי מוגבלת בני""ע חוץ,לפי מדיניות השקעותיה הקרן הינה קרן מחקה,קרן כשרה",יובנק נאמנות,הראל,פטורה,0.650,0.0200,,20.07.2026,1195.46,1191.87,,S&P 500 Low Volatility Index - NTR,לא נגבית עמלת הפצה,0.000
הראל סל SP Tech,1149939,קרן סל,4,D,"מניות בחו""ל","מניות לפי ענפים בחו""ל - חשופת מט""ח",Technology,"הקרן הינה קרן בלתי מוגבלת בני""ע חוץ,לפי מדיניות השקעותיה הקרן הינה קרן מחקה,קרן להשקעות חוץ – מטבע עיקרי - דולר ארה""ב,קרן כשרה",יובנק נאמנות,הראל,פטורה,0.600,0.0100,,20.07.2026,11363.67,11329.58,,"S&P Technology Select Sector Index - NTR,דולר ארה""ב",לא נגבית עמלת הפצה,0.000
MTF סל תל גוב-שקלי,1149954,קרן סל,0,0,"אג""ח בארץ - מדינה","אג""ח מדינה שקליות",ריבית קבועה,"לפי מדיניות השקעותיה הקרן הינה קרן מחקה,קרן כשרה",אלמגור-בריטמן נאמנות,מגדל,פטורה,0.200,0.0300,,21.07.2026,407.98,407.57,,תל גוב-שקלי,לא נגבית עמלת הפצה,0.000
MTF סל תל גוב-שקלי 2-5,1149962,קרן סל,0,0,"אג""ח בארץ - מדינה","אג""ח מדינה שקליות",ריבית קבועה  - בינוני,"לפי מדיניות השקעותיה הקרן הינה קרן מחקה,קרן כשרה",אלמגור-בריטמן נאמנות,מגדל,פטורה,0.150,0.0300,,21.07.2026,439.24,438.80,,תל גוב-שקלי 2-5,לא נגבית עמלת הפצה,0.000
הראל סל SP500 EW ממ,1149970,קרן סל,4,A,"מניות בחו""ל","מניות גיאוגרפי - מנוטרלת מט""ח",אמריקה- שווקים מפותחים,"הקרן הינה קרן בלתי מוגבלת בני""ע חוץ,לפי מדיניות השקעותיה הקרן הינה קרן מחקה,קרן כשרה",מזרחי טפחות נאמנות,הראל,פטורה,0.400,0.0200,,20.07.2026,8677.62,8651.59,,S&P 500 Equal Weight - NTR,לא נגבית עמלת הפצה,0.000
MTF סל תלבונד 20 צמודות,1149988,קרן סל,0,0,"אג""ח בארץ - חברות והמרה","אג""ח חברות צמודות מדד",בריבית קבועה,לפי מדיניות השקעותיה הקרן הינה קרן מחקה,אלמגור-בריטמן נאמנות,מגדל,פטורה,0.250,0.0050,,21.07.2026,517.02,516.50,,תל בונד 20 צמודות,לא נגבית עמלת הפצה,0.000
MTF סל תלבונד 60‎ צמודות,1149996,קרן סל,0,0,"אג""ח בארץ - חברות והמרה","אג""ח חברות צמודות מדד",בריבית קבועה,לפי מדיניות השקעותיה הקרן הינה קרן מחקה,אלמגור-בריטמן נאמנות,מגדל,פטורה,0.250,0.0050,,21.07.2026,520.45,519.93,,תל בונד 60 צמודות,לא נגבית עמלת הפצה,0.000
MTF סל תלבונד שקלי,1150002,קרן סל,0,0,"אג""ח בארץ - חברות והמרה","אג""ח חברות שקלי",בריבית קבועה,לפי מדיניות השקעותיה הקרן הינה קרן מחקה,אלמגור-בריטמן נאמנות,מגדל,פטורה,0.250,0.0050,,21.07.2026,509.82,509.31,,תל בונד שקלי,לא נגבית עמלת הפצה,0.000
MTF סל תל גוב-צמודות 2-5,1150010,קרן סל,0,0,"אג""ח בארץ - מדינה","אג""ח מדינה צמוד מדד",צמודות מדד ממשלתיות - בינוני,"לפי מדיניות השקעותיה הקרן הינה קרן מחקה,קרן כשרה",אלמגור-בריטמן נאמנות,מגדל,פטורה,0.150,0.0300,,21.07.2026,390.55,390.16,,תל גוב-צמודות 2-5,לא נגבית עמלת הפצה,0.000
הראל סל SP Energy,1150036,קרן סל,4,D,"מניות בחו""ל","מניות לפי ענפים בחו""ל - חשופת מט""ח",Energy,"הקרן הינה קרן בלתי מוגבלת בני""ע חוץ,לפי מדיניות השקעותיה הקרן הינה קרן מחקה,קרן להשקעות חוץ – מטבע עיקרי - דולר ארה""ב,קרן כשרה",יובנק נאמנות,הראל,פטורה,0.300,0.0200,,20.07.2026,7065.44,7044.24,,"S&P Energy Select Sector - NTR,דולר ארה""ב",לא נגבית עמלת הפצה,0.000
MTF סל תל גוב-שקלי 5+,1150051,קרן סל,0,0,"אג""ח בארץ - מדינה","אג""ח מדינה שקליות",ריבית קבועה - ארוך,"לפי מדיניות השקעותיה הקרן הינה קרן מחקה,קרן כשרה",אלמגור-בריטמן נאמנות,מגדל,פטורה,0.150,0.0300,,21.07.2026,493.84,493.35,,תל גוב-שקלי 5+,לא נגבית עמלת הפצה,0.000
MTF סל תל גוב-צמודות 5-10,1150069,קרן סל,0,0,"אג""ח בארץ - מדינה","אג""ח מדינה צמוד מדד",צמודות מדד ממשלתיות - ארוך,"לפי מדיניות השקעותיה הקרן הינה קרן מחקה,קרן כשרה",אלמגור-בריטמן נאמנות,מגדל,פטורה,0.150,0.0300,,21.07.2026,417.19,416.77,,תל גוב-צמודות 5-10,לא נגבית עמלת הפצה,0.000
MTF סל תלבונד צמוד,1150101,קרן סל,0,0,"אג""ח בארץ - חברות והמרה","אג""ח חברות צמודות מדד",בריבית קבועה,לפי מדיניות השקעותיה הקרן הינה קרן מחקה,אלמגור-בריטמן נאמנות,מגדל,פטורה,0.250,0.0050,,21.07.2026,461.47,461.01,,תל בונד צמודות,לא נגבית עמלת הפצה,0.000
MTF סל‏ תלבונד תשו צמודות,1150119,קרן סל,0,0,"אג""ח בארץ - חברות והמרה","אג""ח חברות צמודות מדד",בריבית קבועה,לפי מדיניות השקעותיה הקרן הינה קרן מחקה,אלמגור-בריטמן נאמנות,מגדל,פטורה,0.250,0.0050,,21.07.2026,475.90,475.42,,תל בונד תשואות צמודות,לא נגבית עמלת הפצה,0.000
MTF סל תלבונד-גלובל שקלי,1150135,קרן סל,0,0,"אג""ח בארץ - חברות והמרה","אג""ח חברות שקלי",בריבית קבועה,לפי מדיניות השקעותיה הקרן הינה קרן מחקה,אלמגור-בריטמן נאמנות,מגדל,פטורה,0.000,0.0100,,21.07.2026,387.58,387.19,,תל בונד - גלובל שקלי,לא נגבית עמלת הפצה,0.000
MTF סל‏ תלבונד שקל 50,1150168,קרן סל,0,0,"אג""ח בארץ - חברות והמרה","אג""ח חברות שקלי",בריבית קבועה,לפי מדיניות השקעותיה הקרן הינה קרן מחקה,אלמגור-בריטמן נאמנות,מגדל,פטורה,0.250,0.0050,,21.07.2026,358.51,358.15,,תל בונד שקלי-50,לא נגבית עמלת הפצה,0.000
MTF סל תא 35,1150184,קרן סל,4,A,מניות בארץ,מניות לפי שווי שוק,Large Cap,לפי מדיניות השקעותיה הקרן הינה קרן מחקה,מזרחי טפחות נאמנות,מגדל,פטורה,0.240,0.0050,,21.07.2026,5620.30,5614.68,,"ת""א-35",לא נגבית עמלת הפצה,0.000
הראל סל ISE Cyber מד,1150192,קרן סל,4,A,"מניות בחו""ל","מניות לפי ענפים בחו""ל - מנוטרלת מט""ח",Cyber Security,"הקרן הינה קרן בלתי מוגבלת בני""ע חוץ,לפי מדיניות השקעותיה הקרן הינה קרן מחקה,קרן כשרה",יובנק נאמנות,הראל,פטורה,0.700,0.0150,,16.07.2026,778.88,776.54,,ISE Cyber Security - NTR,לא נגבית עמלת הפצה,0.000
הראל סל MSCI ACWorld מד,1150200,קרן סל,4,A,"מניות בחו""ל","מניות גלובליות - מנוטרלת מט""ח",,"הקרן הינה קרן בלתי מוגבלת בני""ע חוץ,לפי מדיניות השקעותיה הקרן הינה קרן מחקה,קרן כשרה",יובנק נאמנות,הראל,פטורה,0.250,0.0200,,16.07.2026,1039.83,1036.71,,MSCI AC WORLD INDEX - NTR,לא נגבית עמלת הפצה,0.000
MTF סל‏ STOXX600,1150226,קרן סל,4,D,"מניות בחו""ל","מניות גיאוגרפי - חשופת מט""ח",אירופה- כללי,"הקרן הינה קרן בלתי מוגבלת בני""ע חוץ,לפי מדיניות השקעותיה הקרן הינה קרן מחקה,קרן כשרה",אלמגור-בריטמן נאמנות,מגדל,פטורה,0.400,0.0300,,20.07.2026,5607.47,5590.65,,"STOXX Europe 600 - NTR,אירו",לא נגבית עמלת הפצה,0.000
MTF סל‏ Russell 2000,1150242,קרן סל,4,D,"מניות בחו""ל","מניות גיאוגרפי - חשופת מט""ח",אמריקה- שווקים מפותחים,"הקרן הינה קרן בלתי מוגבלת בני""ע חוץ,לפי מדיניות השקעותיה הקרן הינה קרן מחקה,קרן כשרה",אלמגור-בריטמן נאמנות,מגדל,פטורה,0.240,0.0300,,20.07.2026,8101.86,8077.55,,"RUSSELL 2000 - NTR,דולר ארה""ב",לא נגבית עמלת הפצה,0.000
MTF סל‏ תא 90,1150259,קרן סל,4,A,מניות בארץ,מניות לפי שווי שוק,Mid Cap,לפי מדיניות השקעותיה הקרן הינה קרן מחקה,אלמגור-בריטמן נאמנות,מגדל,פטורה,0.600,0.0050,,21.07.2026,5428.75,5423.32,,"ת""א 90",לא נגבית עמלת הפצה,0.000
MTF סל תא טק-עילית,1150267,קרן סל,4,A,מניות בארץ,מניות לפי ענפים,טכנולוגיה,לפי מדיניות השקעותיה הקרן הינה קרן מחקה,אלמגור-בריטמן נאמנות,מגדל,פטורה,0.500,0.0300,,21.07.2026,751.27,749.77,,"ת""א טק-עילית",לא נגבית עמלת הפצה,0.000
MTF סל‏ MSCI EM,1150275,קרן סל,4,D,"מניות בחו""ל","מניות גיאוגרפי - חשופת מט""ח",גלובלי- שווקים מתעוררים,"הקרן הינה קרן בלתי מוגבלת בני""ע חוץ,לפי מדיניות השקעותיה הקרן הינה קרן מחקה,קרן כשרה",אלמגור-בריטמן נאמנות,מגדל,פטורה,0.350,0.0300,,20.07.2026,4791.13,4776.76,,"MSCI EMERGING MARKETS - NTR,דולר ארה""ב",לא נגבית עמלת הפצה,0.000
MTF סל תא 125,1150283,קרן סל,4,A,מניות בארץ,מניות לפי שווי שוק,Mid Cap & Large,לפי מדיניות השקעותיה הקרן הינה קרן מחקה,מזרחי טפחות נאמנות,מגדל,פטורה,0.240,0.0050,,21.07.2026,6349.34,6342.99,,"ת""א 125",לא נגבית עמלת הפצה,0.000
MTF סל‏ SP500,1150333,קרן סל,4,D,"מניות בחו""ל","מניות גיאוגרפי - חשופת מט""ח",אמריקה- שווקים מפותחים,"הקרן הינה קרן בלתי מוגבלת בני""ע חוץ,לפי מדיניות השקעותיה הקרן הינה קרן מחקה,קרן כשרה",אלמגור-בריטמן נאמנות,מגדל,פטורה,0.250,0.0300,,20.07.2026,9835.10,9805.59,,"S&P 500 - NTR,דולר ארה""ב",לא נגבית עמלת הפצה,0.000
MTF סל‏ SP US A&D,1150341,קרן סל,4,D,"מניות בחו""ל","מניות לפי ענפים בחו""ל - חשופת מט""ח",Aerospace & Defense,"הקרן הינה קרן בלתי מוגבלת בני""ע חוץ,לפי מדיניות השקעותיה הקרן הינה קרן מחקה",אלמגור-בריטמן נאמנות,מגדל,פטורה,0.800,0.0300,,20.07.2026,13251.74,13211.98,,"S&P Aerospace & Defense Select Industry Index - NTR,דולר ארה""ב",לא נגבית עמלת הפצה,0.000
MTF סל‏ צריכה מחזור SP,1150358,קרן סל,4,D,"מניות בחו""ל","מניות לפי ענפים בחו""ל - חשופת מט""ח",Consumer Discretionary,"הקרן הינה קרן בלתי מוגבלת בני""ע חוץ,לפי מדיניות השקעותיה הקרן הינה קרן מחקה,קרן כשרה",אלמגור-בריטמן נאמנות,מגדל,פטורה,0.150,0.0300,,20.07.2026,6931.83,6911.03,,"S&P Consumer Discretionary Select Sector - NTR,דולר ארה""ב",לא נגבית עמלת הפצה,0.000
MTF סל‏ צריכה בסיס SP,1150366,קרן סל,4,D,"מניות בחו""ל","מניות לפי ענפים בחו""ל - חשופת מט""ח",Consumer Staples,"הקרן הינה קרן בלתי מוגבלת בני""ע חוץ,לפי מדיניות השקעותיה הקרן הינה קרן מחקה,קרן כשרה",אלמגור-בריטמן נאמנות,מגדל,פטורה,0.150,0.0300,,20.07.2026,3029.26,3020.17,,"S&P Consumer Staples Select Sector - NTR,דולר ארה""ב",לא נגבית עמלת הפצה,0.000
הראל סל ISE Cyber,1150374,קרן סל,4,D,"מניות בחו""ל","מניות לפי ענפים בחו""ל - חשופת מט""ח",Cyber Security,"הקרן הינה קרן בלתי מוגבלת בני""ע חוץ,לפי מדיניות השקעותיה הקרן הינה קרן מחקה,קרן להשקעות חוץ – מטבע עיקרי - דולר ארה""ב,קרן כשרה",יובנק נאמנות,הראל,פטורה,0.600,0.0150,,16.07.2026,3047.84,3038.70,,"ISE Cyber Security - NTR,דולר ארה""ב",לא נגבית עמלת הפצה,0.000
MTF סל‏ SP Finance,1150382,קרן סל,4,D,"מניות בחו""ל","מניות לפי ענפים בחו""ל - חשופת מט""ח",Financial,"הקרן הינה קרן בלתי מוגבלת בני""ע חוץ,לפי מדיניות השקעותיה הקרן הינה קרן מחקה,קרן כשרה",אלמגור-בריטמן נאמנות,מגדל,פטורה,0.800,0.0300,,20.07.2026,5239.61,5223.89,,"S&P Financial Select Sector- NTR,דולר ארה""ב",לא נגבית עמלת הפצה,0.000
MTF סל‏ SP Health Care,1150390,קרן סל,4,D,"מניות בחו""ל","מניות לפי ענפים בחו""ל - חשופת מט""ח",Health Care,"הקרן הינה קרן בלתי מוגבלת בני""ע חוץ,לפי מדיניות השקעותיה הקרן הינה קרן מחקה,קרן כשרה",אלמגור-בריטמן נאמנות,מגדל,פטורה,0.150,0.0300,,20.07.2026,4894.68,4880.00,,"S&P Health Care Select Sector Index- NTR,דולר ארה""ב",לא נגבית עמלת הפצה,0.000
MTF סל‏ SP Industrial,1150408,קרן סל,4,D,"מניות בחו""ל","מניות לפי ענפים בחו""ל - חשופת מט""ח",Industrials,"הקרן הינה קרן בלתי מוגבלת בני""ע חוץ,לפי מדיניות השקעותיה הקרן הינה קרן מחקה,קרן כשרה",אלמגור-בריטמן נאמנות,מגדל,פטורה,0.150,0.0300,,20.07.2026,7686.30,7663.24,,"S&P Industrial Select Sector - NTR,דולר ארה""ב",לא נגבית עמלת הפצה,0.000
MTF סל DAX ממ,1150416,קרן סל,4,A,"מניות בחו""ל","מניות גיאוגרפי - מנוטרלת מט""ח",אירופה- שווקים מפותחים,"הקרן הינה קרן בלתי מוגבלת בני""ע חוץ,לפי מדיניות השקעותיה הקרן הינה קרן מחקה,קרן כשרה",אלמגור-בריטמן נאמנות,מגדל,פטורה,0.450,0.0300,,20.07.2026,5845.72,5828.18,,DAX - NTR,לא נגבית עמלת הפצה,0.000
MTF סל‏ SP Tech,1150424,קרן סל,4,D,"מניות בחו""ל","מניות לפי ענפים בחו""ל - חשופת מט""ח",Technology,"הקרן הינה קרן בלתי מוגבלת בני""ע חוץ,לפי מדיניות השקעותיה הקרן הינה קרן מחקה,קרן כשרה",אלמגור-בריטמן נאמנות,מגדל,פטורה,0.600,0.0300,,20.07.2026,17078.05,17026.82,,"S&P Technology Select Sector Index - NTR,דולר ארה""ב",לא נגבית עמלת הפצה,0.000
MTF סל‏ SP Health Care ממ,1150432,קרן סל,4,A,"מניות בחו""ל","מניות לפי ענפים בחו""ל - מנוטרלת מט""ח",Health Care,"הקרן הינה קרן בלתי מוגבלת בני""ע חוץ,לפי מדיניות השקעותיה הקרן הינה קרן מחקה,קרן כשרה",אלמגור-בריטמן נאמנות,מגדל,פטורה,0.800,0.0300,,20.07.2026,6320.71,6301.75,,S&P Health Care Select Sector Index- NTR,לא נגבית עמלת הפצה,0.000
הראל סל תלבונד 20 צמוד,1150440,קרן סל,0,0,"אג""ח בארץ - חברות והמרה","אג""ח חברות צמודות מדד",בריבית קבועה,לפי מדיניות השקעותיה הקרן הינה קרן מחקה,מזרחי טפחות נאמנות,הראל,פטורה,0.250,0.0085,,21.07.2026,418.15,417.73,,תל בונד 20 צמודות,לא נגבית עמלת הפצה,0.000
MTF סל‏ SP Industrial ממ,1150457,קרן סל,4,A,"מניות בחו""ל","מניות לפי ענפים בחו""ל - מנוטרלת מט""ח",Industrials,"הקרן הינה קרן בלתי מוגבלת בני""ע חוץ,לפי מדיניות השקעותיה הקרן הינה קרן מחקה,קרן כשרה",אלמגור-בריטמן נאמנות,מגדל,פטורה,0.800,0.0300,,20.07.2026,5591.25,5574.48,,S&P Industrial Select Sector - NTR,לא נגבית עמלת הפצה,0.000
הראל סל תלבונד 60 צמוד,1150473,קרן סל,0,0,"אג""ח בארץ - חברות והמרה","אג""ח חברות צמודות מדד",בריבית קבועה,לפי מדיניות השקעותיה הקרן הינה קרן מחקה,מזרחי טפחות נאמנות,הראל,פטורה,0.320,0.0085,,21.07.2026,407.05,406.64,,תל בונד 60 צמודות,לא נגבית עמלת הפצה,0.000
MTF סל‏ SP Tech ממ,1150481,קרן סל,4,A,"מניות בחו""ל","מניות לפי ענפים בחו""ל - מנוטרלת מט""ח",Technology,"הקרן הינה קרן בלתי מוגבלת בני""ע חוץ,לפי מדיניות השקעותיה הקרן הינה קרן מחקה,קרן כשרה",אלמגור-בריטמן נאמנות,מגדל,פטורה,0.800,0.0300,,20.07.2026,14252.11,14209.35,,S&P Technology Select Sector Index - NTR,לא נגבית עמלת הפצה,0.000
הראל סל תלבונד 40 צמוד,1150499,קרן סל,0,0,"אג""ח בארץ - חברות והמרה","אג""ח חברות צמודות מדד",בריבית קבועה,לפי מדיניות השקעותיה הקרן הינה קרן מחקה,מזרחי טפחות נאמנות,הראל,פטורה,0.200,0.0100,,21.07.2026,397.57,397.17,,תל בונד 40 צמודות,לא נגבית עמלת הפצה,0.000
MTF סל‏ SP Utilities ממ,1150507,קרן סל,4,A,"מניות בחו""ל","מניות לפי ענפים בחו""ל - מנוטרלת מט""ח",Utilities,"הקרן הינה קרן בלתי מוגבלת בני""ע חוץ,לפי מדיניות השקעותיה הקרן הינה קרן מחקה,קרן כשרה",אלמגור-בריטמן נאמנות,מגדל,פטורה,0.150,0.0300,,20.07.2026,3613.25,3602.41,,S&P Utilities Select Sector - NTR,לא נגבית עמלת הפצה,0.000
הראל סל תלבונד שקלי,1150523,קרן סל,0,0,"אג""ח בארץ - חברות והמרה","אג""ח חברות שקלי",בריבית קבועה,לפי מדיניות השקעותיה הקרן הינה קרן מחקה,מזרחי טפחות נאמנות,הראל,פטורה,0.280,0.0085,,21.07.2026,438.60,438.16,,תל בונד שקלי,לא נגבית עמלת הפצה,0.000
MTF סל‏ Nikkei225 ממ,1150531,קרן סל,4,A,"מניות בחו""ל","מניות גיאוגרפי - מנוטרלת מט""ח",אסיה ופסיפיק- שווקים מפותחים,"הקרן הינה קרן בלתי מוגבלת בני""ע חוץ,לפי מדיניות השקעותיה הקרן הינה קרן מחקה,קרן כשרה",אלמגור-בריטמן נאמנות,מגדל,פטורה,0.770,0.0300,,20.07.2026,7233.16,7211.46,,NIKKEI 225 - NTR,לא נגבית עמלת הפצה,0.000
MTF סל‏ Russell 2000 ממ,1150549,קרן סל,4,A,"מניות בחו""ל","מניות גיאוגרפי - מנוטרלת מט""ח",אמריקה- שווקים מפותחים,"הקרן הינה קרן בלתי מוגבלת בני""ע חוץ,לפי מדיניות השקעותיה הקרן הינה קרן מחקה,קרן כשרה",אלמגור-בריטמן נאמנות,מגדל,פטורה,0.500,0.0300,,20.07.2026,5037.18,5022.07,,RUSSELL 2000 - NTR,לא נגבית עמלת הפצה,0.000
MTF סל‏ SP US A&D ממ,1150564,קרן סל,4,A,"מניות בחו""ל","מניות לפי ענפים בחו""ל - מנוטרלת מט""ח",Aerospace & Defense,"הקרן הינה קרן בלתי מוגבלת בני""ע חוץ,לפי מדיניות השקעותיה הקרן הינה קרן מחקה",אלמגור-בריטמן נאמנות,מגדל,פטורה,0.800,0.0300,,20.07.2026,5280.37,5264.53,,S&P Aerospace & Defense Select Industry Index - NTR,לא נגבית עמלת הפצה,0.000
MTF סל‏ SP500 ממ,1150572,קרן סל,4,A,"מניות בחו""ל","מניות גיאוגרפי - מנוטרלת מט""ח",אמריקה- שווקים מפותחים,"הקרן הינה קרן בלתי מוגבלת בני""ע חוץ,לפי מדיניות השקעותיה הקרן הינה קרן מחקה,קרן כשרה",אלמגור-בריטמן נאמנות,מגדל,פטורה,0.250,0.0300,,20.07.2026,9344.81,9316.78,,S&P 500 - NTR,לא נגבית עמלת הפצה,0.000
MTF סל‏ SP Finance ממ,1150598,קרן סל,4,A,"מניות בחו""ל","מניות לפי ענפים בחו""ל - מנוטרלת מט""ח",Financial,"הקרן הינה קרן בלתי מוגבלת בני""ע חוץ,לפי מדיניות השקעותיה הקרן הינה קרן מחקה,קרן כשרה",אלמגור-בריטמן נאמנות,מגדל,פטורה,0.800,0.0300,,20.07.2026,5335.98,5319.97,,S&P Financial Select Sector- NTR,לא נגבית עמלת הפצה,0.000
הראל סל תלבונד צמוד,1150606,קרן סל,0,0,"אג""ח בארץ - חברות והמרה","אג""ח חברות צמודות מדד",בריבית קבועה,לפי מדיניות השקעותיה הקרן הינה קרן מחקה,יובנק נאמנות,הראל,פטורה,0.250,0.0080,,21.07.2026,424.60,424.18,,תל בונד צמודות,לא נגבית עמלת הפצה,0.000
MTF סל‏ STOXX600 ממ,1150614,קרן סל,4,A,"מניות בחו""ל","מניות גיאוגרפי - מנוטרלת מט""ח",אירופה- כללי,"הקרן הינה קרן בלתי מוגבלת בני""ע חוץ,לפי מדיניות השקעותיה הקרן הינה קרן מחקה,קרן כשרה",אלמגור-בריטמן נאמנות,מגדל,פטורה,0.550,0.0300,,20.07.2026,9851.81,9822.25,,STOXX Europe 600 - NTR,לא נגבית עמלת הפצה,0.000
הראל סל תלבונד תשוא צמודת,1150622,קרן סל,0,0,"אג""ח בארץ - חברות והמרה","אג""ח חברות צמודות מדד",בריבית קבועה,לפי מדיניות השקעותיה הקרן הינה קרן מחקה,יובנק נאמנות,הראל,פטורה,0.250,0.0100,,21.07.2026,461.09,460.63,,תל בונד תשואות צמודות,לא נגבית עמלת הפצה,0.000
MTF סל‏ צריכה מחזור SP ממ,1150663,קרן סל,4,A,"מניות בחו""ל","מניות לפי ענפים בחו""ל - מנוטרלת מט""ח",Consumer Discretionary,"הקרן הינה קרן בלתי מוגבלת בני""ע חוץ,לפי מדיניות השקעותיה הקרן הינה קרן מחקה,קרן כשרה",אלמגור-בריטמן נאמנות,מגדל,פטורה,0.800,0.0300,,20.07.2026,6969.23,6948.32,,S&P Consumer Discretionary Select Sector - NTR,לא נגבית עמלת הפצה,0.000
הראל סל תלבונד תשו ש,1150671,קרן סל,0,0,"אג""ח בארץ - חברות והמרה","אג""ח חברות שקלי",בריבית קבועה,לפי מדיניות השקעותיה הקרן הינה קרן מחקה,יובנק נאמנות,הראל,פטורה,0.200,0.0080,,21.07.2026,434.59,434.16,,תל בונד-תשואות שקל,לא נגבית עמלת הפצה,0.000
MTF סל‏ צריכה בסיס SP ממ,1150689,קרן סל,4,A,"מניות בחו""ל","מניות לפי ענפים בחו""ל - מנוטרלת מט""ח",Consumer Staples,"הקרן הינה קרן בלתי מוגבלת בני""ע חוץ,לפי מדיניות השקעותיה הקרן הינה קרן מחקה,קרן כשרה",אלמגור-בריטמן נאמנות,מגדל,פטורה,0.650,0.0300,,20.07.2026,3564.75,3554.06,,S&P Consumer Staples Select Sector - NTR,לא נגבית עמלת הפצה,0.000
הראל סל תלבונד ש 50,1150713,קרן סל,0,0,"אג""ח בארץ - חברות והמרה","אג""ח חברות שקלי",בריבית קבועה,לפי מדיניות השקעותיה הקרן הינה קרן מחקה,יובנק נאמנות,הראל,פטורה,0.250,0.0080,,21.07.2026,445.73,445.28,,תל בונד שקלי-50,לא נגבית עמלת הפצה,0.000
MTF סל‏ SP Energy ממ,1150721,קרן סל,4,A,"מניות בחו""ל","מניות לפי ענפים בחו""ל - מנוטרלת מט""ח",Energy,"הקרן הינה קרן בלתי מוגבלת בני""ע חוץ,לפי מדיניות השקעותיה הקרן הינה קרן מחקה,קרן כשרה",אלמגור-בריטמן נאמנות,מגדל,פטורה,0.100,0.0300,,20.07.2026,4518.28,4504.73,,S&P Energy Select Sector - NTR,לא נגבית עמלת הפצה,0.000
הראל סל תלבונד-גלובל שקל,1150739,קרן סל,0,0,"אג""ח בארץ - חברות והמרה","אג""ח חברות שקלי",בריבית קבועה,לפי מדיניות השקעותיה הקרן הינה קרן מחקה,מזרחי טפחות נאמנות,הראל,פטורה,0.250,0.0150,,21.07.2026,458.11,457.65,,תל בונד - גלובל שקלי,לא נגבית עמלת הפצה,0.000
הראל סל תלבונד שק-בנקוביט,1150747,קרן סל,0,0,"אג""ח בארץ - חברות והמרה","אג""ח חברות שקלי",בריבית קבועה,"לפי מדיניות השקעותיה הקרן הינה קרן מחקה,קרן כשרה",מזרחי טפחות נאמנות,הראל,פטורה,0.350,0.0150,,21.07.2026,460.17,459.71,,תל בונד שקלי- בנקים וביטוח,לא נגבית עמלת הפצה,0.000
קסם ETF תלבונד צ 3-5,1150754,קרן סל,0,0,"אג""ח בארץ - חברות והמרה","אג""ח חברות צמודות מדד",בריבית קבועה - בינוני,לפי מדיניות השקעותיה הקרן הינה קרן מחקה,אלמגור-בריטמן נאמנות,קסם,פטורה,0.250,0.0300,,21.07.2026,4177.73,4173.55,,תל בונד-צמודות 3-5,לא נגבית עמלת הפצה,0.000
קסם ETF תלבונד ש 50,1150762,קרן סל,0,0,"אג""ח בארץ - חברות והמרה","אג""ח חברות שקלי",בריבית קבועה,לפי מדיניות השקעותיה הקרן הינה קרן מחקה,מזרחי טפחות נאמנות,קסם,פטורה,0.250,0.0140,,21.07.2026,4477.53,4473.06,,תל בונד שקלי-50,לא נגבית עמלת הפצה,0.000
קסם ETF תלבונד-גלובל שקלי,1150770,קרן סל,0,0,"אג""ח בארץ - חברות והמרה","אג""ח חברות שקלי",בריבית קבועה,לפי מדיניות השקעותיה הקרן הינה קרן מחקה,מזרחי טפחות נאמנות,קסם,פטורה,0.250,0.0300,,21.07.2026,4536.50,4531.96,,תל בונד - גלובל שקלי,לא נגבית עמלת הפצה,0.000
קסם SP MidCap400 ETF,1150796,קרן סל,4,D,"מניות בחו""ל","מניות גיאוגרפי - חשופת מט""ח",אמריקה- שווקים מפותחים,"הקרן הינה קרן בלתי מוגבלת בני""ע חוץ,לפי מדיניות השקעותיה הקרן הינה קרן מחקה,קרן להשקעות חוץ – מטבע עיקרי - דולר ארה""ב,קרן כשרה",מזרחי טפחות נאמנות,קסם,פטורה,0.100,0.0300,,20.07.2026,18217.11,18162.46,,"S&P MidCap 400 - NTR,דולר ארה""ב",לא נגבית עמלת הפצה,0.000
MTF סל DAX,1150861,קרן סל,4,D,"מניות בחו""ל","מניות גיאוגרפי - חשופת מט""ח",אירופה- שווקים מפותחים,"הקרן הינה קרן בלתי מוגבלת בני""ע חוץ,לפי מדיניות השקעותיה הקרן הינה קרן מחקה,קרן כשרה",אלמגור-בריטמן נאמנות,מגדל,פטורה,0.450,0.0300,,20.07.2026,8088.15,8063.89,,"DAX - NTR,אירו",לא נגבית עמלת הפצה,0.000
איביאי סל כש תלבונ 60צמוד,1155076,קרן סל,0,0,"אג""ח בארץ - חברות והמרה","אג""ח חברות צמודות מדד",בריבית קבועה,"לפי מדיניות השקעותיה הקרן הינה קרן מחקה,קרן כשרה",יובנק נאמנות,"איביאי קרנות נאמנות ",פטורה,0.000,0.0000,,21.07.2026,408.24,407.83,,תל בונד 60 צמודות,לא נגבית עמלת הפצה,0.000
הראל סל כש תלבונד 60 צמוד,1155092,קרן סל,0,0,"אג""ח בארץ - חברות והמרה","אג""ח חברות צמודות מדד",בריבית קבועה,"לפי מדיניות השקעותיה הקרן הינה קרן מחקה,קרן כשרה",מזרחי טפחות נאמנות,הראל,פטורה,0.000,0.0010,,21.07.2026,418.85,418.43,,תל בונד 60 צמודות,לא נגבית עמלת הפצה,0.000
תכלית סל כש תלבונדתשו צמו,1155100,קרן סל,0,0,"אג""ח בארץ - חברות והמרה","אג""ח חברות צמודות מדד",בריבית קבועה,"לפי מדיניות השקעותיה הקרן הינה קרן מחקה,קרן כשרה",אלמגור-בריטמן נאמנות,מיטב קרנות נאמנות,פטורה,0.000,0.0001,,21.07.2026,4635.95,4631.31,,תל בונד תשואות צמודות,לא נגבית עמלת הפצה,0.000
תכלית סל כש תלבונד צ יתר,1155118,קרן סל,0,0,"אג""ח בארץ - חברות והמרה","אג""ח חברות צמודות מדד",בריבית קבועה,"לפי מדיניות השקעותיה הקרן הינה קרן מחקה,קרן כשרה",הרמטיק נאמנות,מיטב קרנות נאמנות,פטורה,0.000,0.0000,,21.07.2026,4376.04,4371.66,,תל בונד צמודות-יתר,לא נגבית עמלת הפצה,0.000
קסם ETF כש תלבונד 60 צמוד,1155126,קרן סל,0,0,"אג""ח בארץ - חברות והמרה","אג""ח חברות צמודות מדד",בריבית קבועה,"לפי מדיניות השקעותיה הקרן הינה קרן מחקה,קרן כשרה",הרמטיק נאמנות,קסם,פטורה,0.000,0.0000,,21.07.2026,124.50,124.38,,תל בונד 60 צמודות,לא נגבית עמלת הפצה,0.000
קסם ETF כשרה תלבונד שקלי,1155159,קרן סל,0,0,"אג""ח בארץ - חברות והמרה","אג""ח חברות שקלי",בריבית קבועה,"לפי מדיניות השקעותיה הקרן הינה קרן מחקה,קרן כשרה",הרמטיק נאמנות,קסם,פטורה,0.000,0.0000,,21.07.2026,4377.59,4373.21,,תל בונד שקלי,לא נגבית עמלת הפצה,0.000
תכלית סל כש תלבונד שקלי,1155183,קרן סל,0,0,"אג""ח בארץ - חברות והמרה","אג""ח חברות שקלי",בריבית קבועה,"לפי מדיניות השקעותיה הקרן הינה קרן מחקה,קרן כשרה",אלמגור-בריטמן נאמנות,מיטב קרנות נאמנות,פטורה,0.000,0.0001,,21.07.2026,440.46,440.02,,תל בונד שקלי,לא נגבית עמלת הפצה,0.000
הראל סל כש תלבונד שקלי,1155191,קרן סל,0,0,"אג""ח בארץ - חברות והמרה","אג""ח חברות שקלי",בריבית קבועה,"לפי מדיניות השקעותיה הקרן הינה קרן מחקה,קרן כשרה",מזרחי טפחות נאמנות,הראל,פטורה,0.000,0.0010,,21.07.2026,438.48,438.04,,תל בונד שקלי,לא נגבית עמלת הפצה,0.000
איביאי סל כש תא 125,1155324,קרן סל,4,A,מניות בארץ,מניות לפי שווי שוק,Mid Cap & Large,"לפי מדיניות השקעותיה הקרן הינה קרן מחקה,קרן כשרה",יובנק נאמנות,"איביאי קרנות נאמנות ",פטורה,0.000,0.0000,,21.07.2026,4025.37,4021.34,,"ת""א 125",לא נגבית עמלת הפצה,0.000
הראל סל כש תא 125,1155340,קרן סל,4,A,מניות בארץ,מניות לפי שווי שוק,Mid Cap & Large,"לפי מדיניות השקעותיה הקרן הינה קרן מחקה,קרן כשרה",מזרחי טפחות נאמנות,הראל,פטורה,0.000,0.0010,,21.07.2026,4040.31,4036.27,,"ת""א 125",לא נגבית עמלת הפצה,0.000
קסם ETF כשרה תא 125,1155365,קרן סל,4,A,מניות בארץ,מניות לפי שווי שוק,Mid Cap & Large,"לפי מדיניות השקעותיה הקרן הינה קרן מחקה,קרן כשרה",הרמטיק נאמנות,קסם,פטורה,0.000,0.0000,,21.07.2026,40273.29,40233.02,,"ת""א 125",לא נגבית עמלת הפצה,0.000
תכלית סל כש תא 125,1155373,קרן סל,4,0,מניות בארץ,מניות לפי שווי שוק,Mid Cap & Large,"לפי מדיניות השקעותיה הקרן הינה קרן מחקה,קרן כשרה",אלמגור-בריטמן נאמנות,מיטב קרנות נאמנות,פטורה,0.000,0.0001,,21.07.2026,4051.05,4047.00,,"ת""א 125",לא נגבית עמלת הפצה,0.000
קסם AlB ETF דו וט5 בת20 צ,1157379,קרן סל,0,D,"אג""ח בארץ - חברות והמרה","אג""ח חברות",אחר,לפי מדיניות השקעותיה הקרן הינה קרן מחקה,יובנק נאמנות,קסם,פטורה,0.250,0.0250,,21.07.2026,4249.06,4244.82,,All-Bond דולר וטופ 5 בתל בונד- 20 צמודות,לא נגבית עמלת הפצה,0.000
קסם SPBDUS3T ETF,1157908,קרן סל,0,D,"אג""ח בחו""ל","ממשלתיות חשופת מט""ח - קצר",,"הקרן הינה קרן בלתי מוגבלת בני""ע חוץ,לפי מדיניות השקעותיה הקרן הינה קרן מחקה,קרן להשקעות חוץ – מטבע עיקרי - דולר ארה""ב,קרן להשק חוץ-פטור ממס לתושבי חוץ,קרן כשרה",אלמגור-בריטמן נאמנות,קסם,פטורה,0.150,0.0300,,20.07.2026,11584.05,11549.30,,"S&P U.S. Treasury Bond 1-3 Year Index,דולר ארה""ב",לא נגבית עמלת הפצה,0.000
קסם SPBDUS5T ETF,1157916,קרן סל,0,D,"אג""ח בחו""ל","ממשלתיות חשופת מט""ח - בינוני",,"הקרן הינה קרן בלתי מוגבלת בני""ע חוץ,לפי מדיניות השקעותיה הקרן הינה קרן מחקה,קרן להשקעות חוץ – מטבע עיקרי - דולר ארה""ב,קרן להשק חוץ-פטור ממס לתושבי חוץ,קרן כשרה",אלמגור-בריטמן נאמנות,קסם,פטורה,0.150,0.0300,,20.07.2026,16068.00,16019.80,,"S&P U.S. Treasury Bond 3-5 Year Index,דולר ארה""ב",לא נגבית עמלת הפצה,0.000
קסם SPBDU10T ETF,1157924,קרן סל,0,D,"אג""ח בחו""ל","ממשלתיות חשופת מט""ח - ארוך",,"הקרן הינה קרן בלתי מוגבלת בני""ע חוץ,לפי מדיניות השקעותיה הקרן הינה קרן מחקה,קרן להשקעות חוץ – מטבע עיקרי - דולר ארה""ב,קרן להשק חוץ-פטור ממס לתושבי חוץ,קרן כשרה",אלמגור-בריטמן נאמנות,קסם,פטורה,0.150,0.0300,,20.07.2026,2020.29,2014.23,,"S&P U.S. Treasury Bond 7-10 Year Index,דולר ארה""ב",לא נגבית עמלת הפצה,0.000
קסם NIFTY50 ETF,1157957,קרן סל,4,D,"מניות בחו""ל","מניות גיאוגרפי - חשופת מט""ח",אסיה ופסיפיק- שווקים מתעוררים,"הקרן הינה קרן בלתי מוגבלת בני""ע חוץ,לפי מדיניות השקעותיה הקרן הינה קרן מחקה",אלמגור-בריטמן נאמנות,קסם,פטורה,0.800,0.0300,,16.07.2026,10152.15,10121.70,,"CNX NIFTY- GTR,רופי הודי",לא נגבית עמלת הפצה,0.000
MTF סל Indx US Cloud Comp,1158328,קרן סל,4,D,"מניות בחו""ל","מניות לפי ענפים בחו""ל - חשופת מט""ח",Cloud Computing,"הקרן הינה קרן בלתי מוגבלת בני""ע חוץ,לפי מדיניות השקעותיה הקרן הינה קרן מחקה",אלמגור-בריטמן נאמנות,מגדל,פטורה,0.800,0.0300,,20.07.2026,3583.63,3572.88,,"Indxx USA Cloud Computing Index - NTR,דולר ארה""ב",לא נגבית עמלת הפצה,0.000
MTF סל כש תל בונד 60צמוד,1159698,קרן סל,0,0,"אג""ח בארץ - חברות והמרה","אג""ח חברות צמודות מדד",בריבית קבועה,"לפי מדיניות השקעותיה הקרן הינה קרן מחקה,קרן כשרה",אלמגור-בריטמן נאמנות,מגדל,פטורה,0.000,0.0000,,21.07.2026,520.50,519.98,,תל בונד 60 צמודות,לא נגבית עמלת הפצה,0.000
MTF סל כש תל בונד שקלי,1159706,קרן סל,0,0,"אג""ח בארץ - חברות והמרה","אג""ח חברות שקלי",בריבית קבועה,"לפי מדיניות השקעותיה הקרן הינה קרן מחקה,קרן כשרה",אלמגור-בריטמן נאמנות,מגדל,פטורה,0.000,0.0000,,21.07.2026,509.95,509.44,,תל בונד שקלי,לא נגבית עמלת הפצה,0.000
"MTF סל כש ת""א-125",1159714,קרן סל,4,A,מניות בארץ,מניות לפי שווי שוק,Mid Cap & Large,"לפי מדיניות השקעותיה הקרן הינה קרן מחקה,קרן כשרה",מזרחי טפחות נאמנות,מגדל,פטורה,0.000,0.0050,,21.07.2026,6349.15,6342.80,,"ת""א 125",לא נגבית עמלת הפצה,0.000
תכלית סל Indxx REAL EST,1160159,קרן סל,4,D,"מניות בחו""ל","מניות לפי ענפים בחו""ל - חשופת מט""ח",REIT &  Real Estate,"הקרן הינה קרן בלתי מוגבלת בני""ע חוץ,לפי מדיניות השקעותיה הקרן הינה קרן מחקה,קרן להשקעות חוץ – מטבע עיקרי - דולר ארה""ב",אלמגור-בריטמן נאמנות,מיטב קרנות נאמנות,פטורה,0.800,0.0300,,20.07.2026,4473.21,4459.79,,"INDXX US INDUSTRIAL REAL ESTATE & LOGISTICS,דולר ארה""ב",לא נגבית עמלת הפצה,0.000
תכלית סל חסר2 תא 90,1161033,קרן סל,6,0,ממונפות,ממונפות בחסר בסיכון גבוה,מניות בארץ,"הקרן הינה קרן ממונפת,לפי מדיניות השקעותיה הקרן הינה קרן מחקה,לפי מדיניות השקעותיה הקרן הינה קרן חשיפה הפוכה",אלמגור-בריטמן נאמנות,מיטב קרנות נאמנות,פטורה,0.500,0.0200,,21.07.2026,241.85,241.12,,"ת""א 90",לא נגבית עמלת הפצה,0.000
קסם ETF חסר תא 90 2,1161058,קרן סל,6,0,ממונפות,ממונפות בחסר בסיכון גבוה,מניות בארץ,"הקרן הינה קרן ממונפת,לפי מדיניות השקעותיה הקרן הינה קרן מחקה,לפי מדיניות השקעותיה הקרן הינה קרן חשיפה הפוכה",מזרחי טפחות נאמנות,קסם,פטורה,0.400,0.0300,,21.07.2026,2296.60,2289.71,,"ת""א 90",לא נגבית עמלת הפצה,0.000
הראל סל תא טכנולוגיה,1161827,קרן סל,4,A,מניות בארץ,מניות לפי ענפים,טכנולוגיה,לפי מדיניות השקעותיה הקרן הינה קרן מחקה,מזרחי טפחות נאמנות,הראל,פטורה,0.450,0.0180,,21.07.2026,277.48,276.93,,"ת""א-טכנולוגיה",לא נגבית עמלת הפצה,0.000
קסם ETF חסר תא 125,1161884,קרן סל,6,0,ממונפות,ממונפות בחסר בסיכון גבוה,מניות בארץ,"הקרן הינה קרן ממונפת,לפי מדיניות השקעותיה הקרן הינה קרן מחקה,לפי מדיניות השקעותיה הקרן הינה קרן חשיפה הפוכה",הרמטיק נאמנות,קסם,פטורה,0.500,0.0300,,21.07.2026,3144.75,3135.32,,"ת""א 125",לא נגבית עמלת הפצה,0.000
MTF סל S&P 500 Sc&Sc,1162189,קרן סל,4,D,"מניות בחו""ל","מניות גיאוגרפי - חשופת מט""ח",אמריקה- שווקים מפותחים,"הקרן הינה קרן בלתי מוגבלת בני""ע חוץ,לפי מדיניות השקעותיה הקרן הינה קרן מחקה,קרן כשרה",אלמגור-בריטמן נאמנות,מגדל,פטורה,0.000,0.0100,,20.07.2026,14935.86,14891.05,,"S&P 500 Scored & Screened Index - NTR,דולר ארה""ב",לא נגבית עמלת הפצה,0.000
MTF סל אנד אגח בנק וביט,1162361,קרן סל,0,0,"אג""ח בארץ - חברות והמרה","אג""ח חברות","אג""ח חברות שקלי וצמוד",לפי מדיניות השקעותיה הקרן הינה קרן מחקה,מזרחי טפחות נאמנות,מגדל,פטורה,0.250,0.0050,,21.07.2026,529.27,528.74,,"אינדקס אג""ח בנקים וביטוח - רובד 2",לא נגבית עמלת הפצה,0.000
קסם CSI300 ETF,1162783,קרן סל,4,D,"מניות בחו""ל","מניות גיאוגרפי - חשופת מט""ח",אסיה ופסיפיק- שווקים מתעוררים,"הקרן הינה קרן בלתי מוגבלת בני""ע חוץ,לפי מדיניות השקעותיה הקרן הינה קרן מחקה,קרן להשקעות חוץ – מטבע עיקרי - דולר ארה""ב,קרן להשק חוץ-פטור ממס לתושבי חוץ,קרן כשרה",הרמטיק נאמנות,קסם,פטורה,0.500,0.0300,,20.07.2026,27670.99,27587.98,,"CSI300,דולר ארה""ב",לא נגבית עמלת הפצה,0.000
MTF סל תא-בנייה,1165653,קרן סל,4,A,מניות בארץ,מניות לפי ענפים,"נדל""ן ובנייה",לפי מדיניות השקעותיה הקרן הינה קרן מחקה,אלמגור-בריטמן נאמנות,מגדל,פטורה,0.400,0.0300,,21.07.2026,1996.42,1992.43,,"ת""א-בנייה",לא נגבית עמלת הפצה,0.000
MTF סל תא-מניב ישראל,1165661,קרן סל,4,A,מניות בארץ,מניות לפי ענפים,"נדל""ן ובנייה",לפי מדיניות השקעותיה הקרן הינה קרן מחקה,אלמגור-בריטמן נאמנות,מגדל,פטורה,0.400,0.0300,,21.07.2026,1372.91,1370.16,,"ת""א-מניב ישראל",לא נגבית עמלת הפצה,0.000
מור סל S&P500,1165810,קרן סל,4,D,"מניות בחו""ל","מניות גיאוגרפי - חשופת מט""ח",אמריקה- שווקים מפותחים,"הקרן הינה קרן בלתי מוגבלת בני""ע חוץ,לפי מדיניות השקעותיה הקרן הינה קרן מחקה,קרן להשקעות חוץ – מטבע עיקרי - דולר ארה""ב,קרן כשרה",יובנק נאמנות,מור קרנות,פטורה,0.100,0.0200,,20.07.2026,11400.12,11365.92,,"S&P 500 - NTR,דולר ארה""ב",לא נגבית עמלת הפצה,0.000
מור סל S&P500 ממ,1165828,קרן סל,4,A,"מניות בחו""ל","מניות גיאוגרפי - מנוטרלת מט""ח",אמריקה- שווקים מפותחים,"הקרן הינה קרן בלתי מוגבלת בני""ע חוץ,לפי מדיניות השקעותיה הקרן הינה קרן מחקה",יובנק נאמנות,מור קרנות,פטורה,0.100,0.0200,,20.07.2026,11498.18,11463.69,,S&P 500 - NTR,לא נגבית עמלת הפצה,0.000
מור סל NASDAQ 100,1165836,קרן סל,4,D,"מניות בחו""ל","מניות גיאוגרפי - חשופת מט""ח",אמריקה- שווקים מפותחים,"הקרן הינה קרן בלתי מוגבלת בני""ע חוץ,לפי מדיניות השקעותיה הקרן הינה קרן מחקה,קרן להשקעות חוץ – מטבע עיקרי - דולר ארה""ב",יובנק נאמנות,מור קרנות,פטורה,0.100,0.0200,,20.07.2026,13278.08,13238.25,,"NASDAQ 100 - NTR,דולר ארה""ב",לא נגבית עמלת הפצה,0.000
מור סל NASDAQ 100 ממ,1165844,קרן סל,4,A,"מניות בחו""ל","מניות גיאוגרפי - מנוטרלת מט""ח",אמריקה- שווקים מפותחים,"הקרן הינה קרן בלתי מוגבלת בני""ע חוץ,לפי מדיניות השקעותיה הקרן הינה קרן מחקה",יובנק נאמנות,מור קרנות,פטורה,0.100,0.0200,,20.07.2026,13101.17,13061.87,,NASDAQ 100 - NTR,לא נגבית עמלת הפצה,0.000
הראל סל כש תא 90,1166172,קרן סל,4,A,מניות בארץ,מניות לפי שווי שוק,Mid Cap,"לפי מדיניות השקעותיה הקרן הינה קרן מחקה,קרן כשרה",מזרחי טפחות נאמנות,הראל,פטורה,0.000,0.0010,,21.07.2026,3620.11,3616.49,,"ת""א 90",לא נגבית עמלת הפצה,0.000
קסם ETF תא סקטור-באלאנס,1167261,קרן סל,4,A,מניות בארץ,מניות לפי שווי שוק,Mid Cap & Large,לפי מדיניות השקעותיה הקרן הינה קרן מחקה,אלמגור-בריטמן נאמנות,קסם,פטורה,0.300,0.0300,,21.07.2026,46861.02,46814.16,,"ת""א סקטור-באלאנס",לא נגבית עמלת הפצה,0.000
קסם ICCHNG ETF,1167329,קרן סל,4,D,"מניות בחו""ל","מניות לפי ענפים בחו""ל - חשופת מט""ח",Alternative / Renewable Energy,"הקרן הינה קרן בלתי מוגבלת בני""ע חוץ,לפי מדיניות השקעותיה הקרן הינה קרן מחקה",הרמטיק נאמנות,קסם,פטורה,0.500,0.0300,,16.07.2026,21248.50,21184.76,,"Indxx Climate Change Solutions ,דולר ארה""ב",לא נגבית עמלת הפצה,0.000
הראל סל ממ NDX 100 פי3 ממ,1167568,קרן סל,6,A,ממונפות,ממונפות בסיכון גבוה,"מניות בחו""ל","הקרן הינה קרן בלתי מוגבלת בני""ע חוץ,הקרן הינה קרן ממונפת,לפי מדיניות השקעותיה הקרן הינה קרן מחקה,קרן כשרה",מזרחי טפחות נאמנות,הראל,פטורה,2.500,0.0250,,20.07.2026,16548.17,16498.53,,NASDAQ 100 - NTR,לא נגבית עמלת הפצה,0.000
הראל סל ממ NDX100 חסר פי2,1167576,קרן סל,6,D,ממונפות,ממונפות בחסר בסיכון גבוה,"מניות בחו""ל","הקרן הינה קרן בלתי מוגבלת בני""ע חוץ,הקרן הינה קרן ממונפת,לפי מדיניות השקעותיה הקרן הינה קרן מחקה,לפי מדיניות השקעותיה הקרן הינה קרן חשיפה הפוכה,קרן להשקעות חוץ – מטבע עיקרי - דולר ארה""ב,קרן כשרה",מזרחי טפחות נאמנות,הראל,פטורה,1.750,0.0250,,20.07.2026,591.99,590.21,,"NASDAQ 100 - NTR,דולר ארה""ב",לא נגבית עמלת הפצה,0.000
MTF סל Travel & Vacation,1167584,קרן סל,4,D,"מניות בחו""ל","מניות לפי ענפים בחו""ל - חשופת מט""ח",Travel,"הקרן הינה קרן בלתי מוגבלת בני""ע חוץ,לפי מדיניות השקעותיה הקרן הינה קרן מחקה",אלמגור-בריטמן נאמנות,מגדל,פטורה,0.800,0.0300,,20.07.2026,3213.36,3203.72,,"BlueStarTravel and Vacation Index,דולר ארה""ב",לא נגבית עמלת הפצה,0.000
קסם HXRNTR ETF,1168715,קרן סל,4,D,"מניות בחו""ל","מניות לפי ענפים בחו""ל - חשופת מט""ח",Cyber Security,"הקרן הינה קרן בלתי מוגבלת בני""ע חוץ,לפי מדיניות השקעותיה הקרן הינה קרן מחקה",אלמגור-בריטמן נאמנות,קסם,פטורה,0.450,0.0300,,16.07.2026,31478.80,31384.37,,"ISE Cyber Security - NTR,דולר ארה""ב",לא נגבית עמלת הפצה,0.000
MTF סל אנד אנר מתחד ישראל,1168723,קרן סל,4,A,מניות בארץ,מניות לפי ענפים,"נפט, גז ואנרגיה",לפי מדיניות השקעותיה הקרן הינה קרן מחקה,מזרחי טפחות נאמנות,מגדל,פטורה,0.500,0.0050,,21.07.2026,2251.07,2246.57,,אינדקס אנרגיה מתחדשת ישראל,לא נגבית עמלת הפצה,0.000
תכלית סל תלבונד שקלי 50,1169333,קרן סל,0,0,"אג""ח בארץ - חברות והמרה","אג""ח חברות שקלי",בריבית קבועה,לפי מדיניות השקעותיה הקרן הינה קרן מחקה,יובנק נאמנות,מיטב קרנות נאמנות,פטורה,0.150,0.0300,,21.07.2026,4419.33,4414.91,,תל בונד שקלי-50,לא נגבית עמלת הפצה,0.000
תכלית סל ביג טק 30 ארהב,1169341,קרן סל,4,D,"מניות בחו""ל","מניות לפי ענפים בחו""ל - חשופת מט""ח",Technology,"הקרן הינה קרן בלתי מוגבלת בני""ע חוץ,לפי מדיניות השקעותיה הקרן הינה קרן מחקה,קרן להשקעות חוץ – מטבע עיקרי - דולר ארה""ב",יובנק נאמנות,מיטב קרנות נאמנות,פטורה,0.500,0.0300,,20.07.2026,7600.02,7577.22,,"אינדקס ביג טק 30 ארה""ב,דולר ארה""ב",לא נגבית עמלת הפצה,0.000
MTF סל תא טכנולוגיה,1169408,קרן סל,4,A,מניות בארץ,מניות לפי ענפים,טכנולוגיה,לפי מדיניות השקעותיה הקרן הינה קרן מחקה,אלמגור-בריטמן נאמנות,מגדל,פטורה,0.400,0.0100,,21.07.2026,2412.38,2407.56,,"ת""א-טכנולוגיה",לא נגבית עמלת הפצה,0.000
הראל סל תל בונד מאגר,1169622,קרן סל,0,A,"אג""ח בארץ - חברות והמרה","אג""ח חברות","אג""ח חברות שקלי וצמוד",לפי מדיניות השקעותיה הקרן הינה קרן מחקה,מזרחי טפחות נאמנות,הראל,פטורה,0.250,0.0050,,21.07.2026,437.57,437.13,,תל בונד מאגר,לא נגבית עמלת הפצה,0.000
MTF סל BSTAR TOP10 US BNK,1169796,קרן סל,4,D,"מניות בחו""ל","מניות לפי ענפים בחו""ל - חשופת מט""ח",Banking,"הקרן הינה קרן בלתי מוגבלת בני""ע חוץ,לפי מדיניות השקעותיה הקרן הינה קרן מחקה",אלמגור-בריטמן נאמנות,מגדל,פטורה,0.500,0.0300,,20.07.2026,4184.13,4171.58,,"BLUESTAR TOP 10 US BANKS,דולר ארה""ב",לא נגבית עמלת הפצה,0.000
תכלית סל PHLX Semicond,1170703,קרן סל,4,D,"מניות בחו""ל","מניות לפי ענפים בחו""ל - חשופת מט""ח",Semiconductor,"הקרן הינה קרן בלתי מוגבלת בני""ע חוץ,לפי מדיניות השקעותיה הקרן הינה קרן מחקה,קרן להשקעות חוץ – מטבע עיקרי - דולר ארה""ב",אלמגור-בריטמן נאמנות,מיטב קרנות נאמנות,פטורה,0.500,0.0300,,20.07.2026,12514.94,12477.40,,"PHLX Semiconductor Sector Index - GTR,דולר ארה""ב",לא נגבית עמלת הפצה,0.000
קסם ETF תלבונד תשו שקל,1170836,קרן סל,0,0,"אג""ח בארץ - חברות והמרה","אג""ח חברות שקלי",בריבית קבועה,לפי מדיניות השקעותיה הקרן הינה קרן מחקה,יובנק נאמנות,קסם,פטורה,0.250,0.0300,,21.07.2026,4365.88,4361.51,,תל בונד-תשואות שקל,לא נגבית עמלת הפצה,0.000
קסם ICNET ETF,1170844,קרן סל,4,D,"מניות בחו""ל","מניות לפי ענפים בחו""ל - חשופת מט""ח",Internet,"הקרן הינה קרן בלתי מוגבלת בני""ע חוץ,לפי מדיניות השקעותיה הקרן הינה קרן מחקה,קרן להשקעות חוץ – מטבע עיקרי - דולר ארה""ב,קרן להשק חוץ-פטור ממס לתושבי חוץ",הרמטיק נאמנות,קסם,פטורה,0.800,0.0300,,16.07.2026,3626.28,3615.40,,"Indxx China Internet ,דולר ארה""ב",לא נגבית עמלת הפצה,0.000
MTF סל‏ חסרתא90 4574.35,1171099,קרן סל,6,A,ממונפות,ממונפות בחסר בסיכון גבוה,מניות בארץ,"הקרן הינה קרן ממונפת,לפי מדיניות השקעותיה הקרן הינה קרן מחקה,לפי מדיניות השקעותיה הקרן הינה קרן חשיפה הפוכה",אלמגור-בריטמן נאמנות,מגדל,פטורה,0.250,0.0300,,21.07.2026,566.30,564.60,,"ת""א 90",לא נגבית עמלת הפצה,0.000
MTF סל אנד US REIT קניות,1171321,קרן סל,4,D,"מניות בחו""ל","מניות לפי ענפים בחו""ל - חשופת מט""ח",REIT &  Real Estate,"הקרן הינה קרן בלתי מוגבלת בני""ע חוץ,לפי מדיניות השקעותיה הקרן הינה קרן מחקה",מזרחי טפחות נאמנות,מגדל,פטורה,0.800,0.0300,,20.07.2026,4932.81,4918.01,,"Index Shopping Centers REIT,דולר ארה""ב",לא נגבית עמלת הפצה,0.000
MTF סל Bstar China Net Sf,1171586,קרן סל,4,D,"מניות בחו""ל","מניות לפי ענפים בחו""ל - חשופת מט""ח",Internet,"הקרן הינה קרן בלתי מוגבלת בני""ע חוץ,לפי מדיניות השקעותיה הקרן הינה קרן מחקה,קרן כשרה",אלמגור-בריטמן נאמנות,מגדל,פטורה,0.100,0.0300,,16.07.2026,777.79,775.46,,"Bluestar China Internet Software INDEX ",לא נגבית עמלת הפצה,0.000
MTF סל תל בונד צמודות A,1171594,קרן סל,0,0,"אג""ח בארץ - חברות והמרה","אג""ח חברות צמודות מדד",בריבית קבועה,לפי מדיניות השקעותיה הקרן הינה קרן מחקה,אלמגור-בריטמן נאמנות,מגדל,פטורה,0.100,0.0050,,21.07.2026,437.93,437.49,,תל בונד-צמודות A,לא נגבית עמלת הפצה,0.000
MTF סל תל בונד שקלי A,1172824,קרן סל,0,0,"אג""ח בארץ - חברות והמרה","אג""ח חברות שקלי",בריבית קבועה,לפי מדיניות השקעותיה הקרן הינה קרן מחקה,אלמגור-בריטמן נאמנות,מגדל,פטורה,0.000,0.0050,,21.07.2026,454.45,454.00,,תל בונד-שקלי A,לא נגבית עמלת הפצה,0.000
קסם MVSMHTR ETF,1174119,קרן סל,4,D,"מניות בחו""ל","מניות לפי ענפים בחו""ל - חשופת מט""ח",Semiconductor,"הקרן הינה קרן בלתי מוגבלת בני""ע חוץ,לפי מדיניות השקעותיה הקרן הינה קרן מחקה,קרן להשקעות חוץ – מטבע עיקרי - דולר ארה""ב,קרן להשק חוץ-פטור ממס לתושבי חוץ,קרן כשרה",אלמגור-בריטמן נאמנות,קסם,פטורה,0.450,0.0300,,20.07.2026,67420.31,67218.05,,"MVIS US Listed Semiconductor 25,דולר ארה""ב",לא נגבית עמלת הפצה,0.000
MTF סל ‏‏‏MSCI ACWorld מד,1176031,קרן סל,4,A,"מניות בחו""ל","מניות גלובליות - מנוטרלת מט""ח",,"הקרן הינה קרן בלתי מוגבלת בני""ע חוץ,לפי מדיניות השקעותיה הקרן הינה קרן מחקה",אלמגור-בריטמן נאמנות,מגדל,פטורה,0.200,0.0300,,16.07.2026,3283.32,3273.47,,MSCI AC WORLD INDEX - NTR,לא נגבית עמלת הפצה,0.000
קסם ETF תלבונד צמודות A,1176320,קרן סל,0,0,"אג""ח בארץ - חברות והמרה","אג""ח חברות צמודות מדד",בריבית קבועה,לפי מדיניות השקעותיה הקרן הינה קרן מחקה,אלמגור-בריטמן נאמנות,קסם,פטורה,0.200,0.0300,,21.07.2026,4370.18,4365.81,,תל בונד-צמודות A,לא נגבית עמלת הפצה,0.000
תכלית סל תא-בנייה,1176536,קרן סל,4,0,מניות בארץ,מניות לפי ענפים,"נדל""ן ובנייה",לפי מדיניות השקעותיה הקרן הינה קרן מחקה,הרמטיק נאמנות,מיטב קרנות נאמנות,פטורה,0.000,0.0300,,21.07.2026,2032.05,2027.99,,"ת""א-בנייה",לא נגבית עמלת הפצה,0.000
קסם ETF תא-בנייה,1178359,קרן סל,4,A,מניות בארץ,מניות לפי ענפים,"נדל""ן ובנייה",לפי מדיניות השקעותיה הקרן הינה קרן מחקה,אלמגור-בריטמן נאמנות,קסם,פטורה,0.250,0.0300,,21.07.2026,20171.79,20131.45,,"ת""א-בנייה",לא נגבית עמלת הפצה,0.000
MTF סל FTSE China A50,1181023,קרן סל,4,D,"מניות בחו""ל","מניות גיאוגרפי - חשופת מט""ח",אסיה ופסיפיק- שווקים מתעוררים,"הקרן הינה קרן בלתי מוגבלת בני""ע חוץ,לפי מדיניות השקעותיה הקרן הינה קרן מחקה",אלמגור-בריטמן נאמנות,מגדל,פטורה,0.100,0.0300,,20.07.2026,2401.79,2394.58,,"FTSE CHINA A50,דולר ארה""ב",לא נגבית עמלת הפצה,0.000
MTF סל Nasdaq 100,1181387,קרן סל,4,D,"מניות בחו""ל","מניות גיאוגרפי - חשופת מט""ח",אמריקה- שווקים מפותחים,"הקרן הינה קרן בלתי מוגבלת בני""ע חוץ,לפי מדיניות השקעותיה הקרן הינה קרן מחקה,קרן כשרה",אלמגור-בריטמן נאמנות,מגדל,פטורה,0.000,0.0200,,20.07.2026,6143.89,6125.46,,"NASDAQ 100 - NTR,דולר ארה""ב",לא נגבית עמלת הפצה,0.000
MTF סל Nasdaq 100 ממ,1181445,קרן סל,4,A,"מניות בחו""ל","מניות גיאוגרפי - מנוטרלת מט""ח",אמריקה- שווקים מפותחים,"הקרן הינה קרן בלתי מוגבלת בני""ע חוץ,לפי מדיניות השקעותיה הקרן הינה קרן מחקה,קרן כשרה",אלמגור-בריטמן נאמנות,מגדל,פטורה,0.000,0.0200,,20.07.2026,11034.32,11001.22,,NASDAQ 100 - NTR,לא נגבית עמלת הפצה,0.000
"MTF סל ת""א-נדל""ן",1183953,קרן סל,4,A,מניות בארץ,מניות לפי ענפים,"נדל""ן ובנייה",לפי מדיניות השקעותיה הקרן הינה קרן מחקה,אלמגור-בריטמן נאמנות,מגדל,פטורה,0.400,0.0150,,21.07.2026,1455.04,1452.13,,"ת""א נדל""ן",לא נגבית עמלת הפצה,0.000
הראל סל SP Ex Tec Sftr ממ,1184092,קרן סל,4,A,"מניות בחו""ל","מניות לפי ענפים בחו""ל - מנוטרלת מט""ח",Technology,"הקרן הינה קרן בלתי מוגבלת בני""ע חוץ,לפי מדיניות השקעותיה הקרן הינה קרן מחקה,קרן כשרה",מזרחי טפחות נאמנות,הראל,פטורה,0.500,0.0250,,20.07.2026,6213.53,6194.89,,S&P North American Expanded Technology Software,לא נגבית עמלת הפצה,0.000
קסם ETF תלבונד-שקלי 5-15,1185123,קרן סל,0,0,"אג""ח בארץ - חברות והמרה","אג""ח חברות שקלי",בריבית קבועה - ארוך,לפי מדיניות השקעותיה הקרן הינה קרן מחקה,הרמטיק נאמנות,קסם,פטורה,0.000,0.0300,,21.07.2026,4513.75,4509.23,,תל בונד-שקלי 5-15,לא נגבית עמלת הפצה,0.000
קסם ETF חסר תא נדלן,1186634,קרן סל,6,0,ממונפות,ממונפות בחסר בסיכון גבוה,מניות בארץ,"הקרן הינה קרן ממונפת,לפי מדיניות השקעותיה הקרן הינה קרן מחקה,לפי מדיניות השקעותיה הקרן הינה קרן חשיפה הפוכה",הרמטיק נאמנות,קסם,פטורה,1.000,0.0300,,21.07.2026,5900.77,5883.06,,"ת""א נדל""ן",לא נגבית עמלת הפצה,0.000
MTF סל ממונפ Ndx100 פי 3,1187079,קרן סל,6,D,ממונפות,ממונפות בסיכון גבוה,"מניות בחו""ל","הקרן הינה קרן בלתי מוגבלת בני""ע חוץ,הקרן הינה קרן ממונפת,לפי מדיניות השקעותיה הקרן הינה קרן מחקה,קרן כשרה",מזרחי טפחות נאמנות,מגדל,פטורה,1.350,0.0300,,20.07.2026,22987.42,22918.46,,"NASDAQ 100 - NTR,דולר ארה""ב",לא נגבית עמלת הפצה,0.000
מור סל אי.בנקים מש,1187764,קרן סל,4,A,מניות בארץ,מניות לפי ענפים,בנקאות ואשראי חוץ בנקאי,לפי מדיניות השקעותיה הקרן הינה קרן מחקה,יובנק נאמנות,מור קרנות,פטורה,0.500,0.0200,,21.07.2026,11495.24,11483.74,,אינדקס בנקים משקל שווה,לא נגבית עמלת הפצה,0.000
MTF סל ממ חסר Ndx100 פי 2,1188069,קרן סל,6,D,ממונפות,ממונפות בחסר בסיכון גבוה,"מניות בחו""ל","הקרן הינה קרן בלתי מוגבלת בני""ע חוץ,הקרן הינה קרן ממונפת,לפי מדיניות השקעותיה הקרן הינה קרן מחקה,לפי מדיניות השקעותיה הקרן הינה קרן חשיפה הפוכה",מזרחי טפחות נאמנות,מגדל,פטורה,0.000,0.0300,,20.07.2026,1378.04,1373.91,,"NASDAQ 100 - NTR,דולר ארה""ב",לא נגבית עמלת הפצה,0.000
קסם ETF אינדקס ערך עולמי,1189018,קרן סל,4,D,"מניות בחו""ל","מניות גלובליות - חשופת מט""ח",,"הקרן הינה קרן בלתי מוגבלת בני""ע חוץ,לפי מדיניות השקעותיה הקרן הינה קרן מחקה,קרן להשקעות חוץ – מטבע עיקרי - דולר ארה""ב,קרן להשק חוץ-פטור ממס לתושבי חוץ,קרן כשרה",הרמטיק נאמנות,קסם,פטורה,0.400,0.0150,,16.07.2026,6495.99,6476.50,,"אינדקס ערך עולמי,דולר ארה""ב",לא נגבית עמלת הפצה,0.000
קסם ETF אינדקס צמי עולמי,1189372,קרן סל,4,D,"מניות בחו""ל","מניות גלובליות - חשופת מט""ח",,"הקרן הינה קרן בלתי מוגבלת בני""ע חוץ,לפי מדיניות השקעותיה הקרן הינה קרן מחקה,קרן להשקעות חוץ – מטבע עיקרי - דולר ארה""ב,קרן להשק חוץ-פטור ממס לתושבי חוץ,קרן כשרה",הרמטיק נאמנות,קסם,פטורה,0.400,0.0150,,16.07.2026,7105.69,7084.37,,"אינדקס צמיחה עולמי,דולר ארה""ב",לא נגבית עמלת הפצה,0.000
תכלית סל ערך עולמי מד,1189596,קרן סל,4,D,"מניות בחו""ל","מניות גלובליות - מנוטרלת מט""ח",,"הקרן הינה קרן בלתי מוגבלת בני""ע חוץ,לפי מדיניות השקעותיה הקרן הינה קרן מחקה,קרן כשרה",אלמגור-בריטמן נאמנות,מיטב קרנות נאמנות,פטורה,0.400,0.0100,,16.07.2026,5296.77,5280.88,,אינדקס ערך עולמי,לא נגבית עמלת הפצה,0.000
תכלית סל צמיחה עולמי,1189604,קרן סל,4,D,"מניות בחו""ל","מניות גלובליות - חשופת מט""ח",,"הקרן הינה קרן בלתי מוגבלת בני""ע חוץ,לפי מדיניות השקעותיה הקרן הינה קרן מחקה,קרן להשקעות חוץ – מטבע עיקרי - דולר ארה""ב,קרן כשרה",אלמגור-בריטמן נאמנות,מיטב קרנות נאמנות,פטורה,0.400,0.0100,,16.07.2026,5258.42,5242.64,,"אינדקס צמיחה עולמי,דולר ארה""ב",לא נגבית עמלת הפצה,0.000
קסם ETF ממח BB Oil פי2,1189802,קרן סל,6,D,ממונפות,ממונפות בחסר בסיכון גבוה,סחורה,"הקרן הינה קרן בלתי מוגבלת בני""ע חוץ,הקרן הינה קרן ממונפת,לפי מדיניות השקעותיה הקרן הינה קרן מחקה,לפי מדיניות השקעותיה הקרן הינה קרן חשיפה הפוכה,קרן להשקעות חוץ – מטבע עיקרי - דולר ארה""ב,קרן להשק חוץ-פטור ממס לתושבי חוץ",הרמטיק נאמנות,קסם,פטורה,1.500,0.0300,,20.07.2026,304.06,303.15,,"Bloomberg Brent Crude,דולר ארה""ב",לא נגבית עמלת הפצה,0.000
MTF סל אנד צמיחה עולמי,1189810,קרן סל,4,D,"מניות בחו""ל","מניות גלובליות - חשופת מט""ח",,"הקרן הינה קרן בלתי מוגבלת בני""ע חוץ,לפי מדיניות השקעותיה הקרן הינה קרן מחקה,קרן כשרה",מזרחי טפחות נאמנות,מגדל,פטורה,0.120,0.0050,,16.07.2026,3790.99,3779.62,,אינדקס צמיחה עולמי,לא נגבית עמלת הפצה,0.000
MTF סל אנד ערך עולמי,1189828,קרן סל,4,D,"מניות בחו""ל","מניות גלובליות - חשופת מט""ח",,"הקרן הינה קרן בלתי מוגבלת בני""ע חוץ,לפי מדיניות השקעותיה הקרן הינה קרן מחקה,קרן כשרה",מזרחי טפחות נאמנות,מגדל,פטורה,0.120,0.0050,,16.07.2026,4422.07,4408.80,,אינדקס ערך עולמי,לא נגבית עמלת הפצה,0.000
איביאיסל אינ מומנ ארהב ממ,1190347,קרן סל,4,A,"מניות בחו""ל","מניות גיאוגרפי - מנוטרלת מט""ח",אמריקה- שווקים מפותחים,"הקרן הינה קרן בלתי מוגבלת בני""ע חוץ,לפי מדיניות השקעותיה הקרן הינה קרן מחקה",יובנק נאמנות,"איביאי קרנות נאמנות ",פטורה,0.400,0.0100,,20.07.2026,3493.58,3483.10,,"אינדקס מומנטום ארה""ב",לא נגבית עמלת הפצה,0.000
איביאיסל אינדקס ערך עולמי,1190354,קרן סל,4,D,"מניות בחו""ל","מניות גלובליות - חשופת מט""ח",,"הקרן הינה קרן בלתי מוגבלת בני""ע חוץ,לפי מדיניות השקעותיה הקרן הינה קרן מחקה,קרן להשקעות חוץ – מטבע עיקרי - דולר ארה""ב",יובנק נאמנות,"איביאי קרנות נאמנות ",פטורה,0.400,0.0100,,16.07.2026,2410.10,2402.87,,"אינדקס ערך עולמי,דולר ארה""ב",לא נגבית עמלת הפצה,0.000
איביאיסל אינד צמיחה עולמי,1190362,קרן סל,4,D,"מניות בחו""ל","מניות גלובליות - חשופת מט""ח",,"הקרן הינה קרן בלתי מוגבלת בני""ע חוץ,לפי מדיניות השקעותיה הקרן הינה קרן מחקה,קרן להשקעות חוץ – מטבע עיקרי - דולר ארה""ב",יובנק נאמנות,"איביאי קרנות נאמנות ",פטורה,0.400,0.0100,,16.07.2026,3089.44,3080.17,,"אינדקס צמיחה עולמי,דולר ארה""ב",לא נגבית עמלת הפצה,0.000
הראל סל אינ יש 100רו מש ש,1190685,קרן סל,4,A,מניות בארץ,מניות לפי שווי שוק,Mid Cap & Large,לפי מדיניות השקעותיה הקרן הינה קרן מחקה,מזרחי טפחות נאמנות,הראל,פטורה,0.250,0.0200,,21.07.2026,329.47,328.81,,אינדקס ישראל 100 רווחיות משקל שווה,לא נגבית עמלת הפצה,0.000
הראל סל תלבו צמ בנ לא קוק,1190776,קרן סל,0,0,"אג""ח בארץ - חברות והמרה","אג""ח חברות צמודות מדד",בריבית קבועה,"לפי מדיניות השקעותיה הקרן הינה קרן מחקה,קרן כשרה",יובנק נאמנות,הראל,פטורה,0.200,0.0100,,21.07.2026,381.74,381.36,,תל בונד צמודות - בנקים ללא COCO,לא נגבית עמלת הפצה,0.000
הראל סל אינד מומנטום ארהב,1190859,קרן סל,4,D,"מניות בחו""ל","מניות גיאוגרפי - חשופת מט""ח",אמריקה- שווקים מפותחים,"הקרן הינה קרן בלתי מוגבלת בני""ע חוץ,לפי מדיניות השקעותיה הקרן הינה קרן מחקה,קרן להשקעות חוץ – מטבע עיקרי - דולר ארה""ב,קרן כשרה",מזרחי טפחות נאמנות,הראל,פטורה,0.500,0.0050,,20.07.2026,3372.32,3362.20,,"אינדקס מומנטום ארה""ב,דולר ארה""ב",לא נגבית עמלת הפצה,0.000
MTF סל iBoxx$ LqInvGrT30,1191881,קרן סל,0,D,"אג""ח בחו""ל","חברות והמרה חשופת מט""ח",,"הקרן הינה קרן בלתי מוגבלת בני""ע חוץ,לפי מדיניות השקעותיה הקרן הינה קרן מחקה",אלמגור-בריטמן נאמנות,מגדל,פטורה,0.250,0.0300,,20.07.2026,99.26,98.96,,"IBOXX USD LIQUID INVESTMENT GRADE TOP 30 INDEX - GTR,דולר ארה""ב",לא נגבית עמלת הפצה,0.000
קסם ETF אינ מד צמ מ5 קב,1192384,קרן סל,0,0,"אג""ח בארץ - מדינה","אג""ח מדינה צמוד מדד",צמודות מדד ממשלתיות - בינוני,לפי מדיניות השקעותיה הקרן הינה קרן מחקה,הרמטיק נאמנות,קסם,פטורה,0.100,0.0200,,21.07.2026,1220.84,1219.62,,"אינדקס מדינה צמוד - מח""מ 5 קבוע ",לא נגבית עמלת הפצה,0.000
קסם ETF אינ מד שק מ5 קב,1192392,קרן סל,0,0,"אג""ח בארץ - מדינה","אג""ח מדינה שקליות",ריבית קבועה  - בינוני,לפי מדיניות השקעותיה הקרן הינה קרן מחקה,הרמטיק נאמנות,קסם,פטורה,0.100,0.0200,,21.07.2026,1328.81,1327.48,,"אינדקס מדינה שקלי- מח""מ 5 קבוע ",לא נגבית עמלת הפצה,0.000
MTF סל‏ תלבונד שקלי 5-15,1193044,קרן סל,0,0,"אג""ח בארץ - חברות והמרה","אג""ח חברות שקלי",בריבית קבועה - ארוך,לפי מדיניות השקעותיה הקרן הינה קרן מחקה,מזרחי טפחות נאמנות,מגדל,פטורה,0.000,0.0050,,21.07.2026,452.00,451.55,,תל בונד-שקלי 5-15,לא נגבית עמלת הפצה,0.000
MTF סל‏ תלבונד שקלי 1-3,1193051,קרן סל,0,0,"אג""ח בארץ - חברות והמרה","אג""ח חברות שקלי",בריבית קבועה - קצר,לפי מדיניות השקעותיה הקרן הינה קרן מחקה,מזרחי טפחות נאמנות,מגדל,פטורה,0.000,0.0050,,21.07.2026,481.94,481.46,,תל בונד-שקלי 1-3,לא נגבית עמלת הפצה,0.000
MTF סל תל גוב – כללי,1193069,קרן סל,0,A,"אג""ח בארץ - מדינה","אג""ח מדינה שיקלי וצמוד",,לפי מדיניות השקעותיה הקרן הינה קרן מחקה,יובנק נאמנות,מגדל,פטורה,0.000,0.0050,,21.07.2026,402.71,402.31,,תל גוב-כללי,לא נגבית עמלת הפצה,0.000
MTF סל תל בונד-צמודות 1-3,1193127,קרן סל,0,0,"אג""ח בארץ - חברות והמרה","אג""ח חברות צמודות מדד",בריבית קבועה - קצר,לפי מדיניות השקעותיה הקרן הינה קרן מחקה,יובנק נאמנות,מגדל,פטורה,0.250,0.0050,,21.07.2026,418.94,418.52,,תל בונד-צמודות 1-3,לא נגבית עמלת הפצה,0.000
MTF סל‏ תלבונד צמוד 5-15,1193135,קרן סל,0,0,"אג""ח בארץ - חברות והמרה","אג""ח חברות צמודות מדד",בריבית קבועה - ארוך,לפי מדיניות השקעותיה הקרן הינה קרן מחקה,מזרחי טפחות נאמנות,מגדל,פטורה,0.000,0.0050,,21.07.2026,450.87,450.42,,תל בונד-צמודות 5-15,לא נגבית עמלת הפצה,0.000
MTF סל תל בונד-מאגר,1193317,קרן סל,0,A,"אג""ח בארץ - חברות והמרה","אג""ח חברות","אג""ח חברות שקלי וצמוד",לפי מדיניות השקעותיה הקרן הינה קרן מחקה,מזרחי טפחות נאמנות,מגדל,פטורה,0.200,0.0050,,21.07.2026,441.69,441.25,,תל בונד מאגר,לא נגבית עמלת הפצה,0.000
קסם ETF תלבונד צ 1-3,1193614,קרן סל,0,0,"אג""ח בארץ - חברות והמרה","אג""ח חברות צמודות מדד",בריבית קבועה - קצר,לפי מדיניות השקעותיה הקרן הינה קרן מחקה,מזרחי טפחות נאמנות,קסם,פטורה,0.250,0.0150,,21.07.2026,4160.97,4156.81,,תל בונד-צמודות 1-3,לא נגבית עמלת הפצה,0.000
קסם ETF תלבונד צ AA-AAA,1193648,קרן סל,0,0,"אג""ח בארץ - חברות והמרה","אג""ח חברות צמודות מדד",בריבית קבועה,לפי מדיניות השקעותיה הקרן הינה קרן מחקה,יובנק נאמנות,קסם,פטורה,0.250,0.0150,,21.07.2026,4264.52,4260.26,,תל בונד-צמודות AA-AAA,לא נגבית עמלת הפצה,0.000
קסם ETF תלבונד ש A,1193655,קרן סל,0,0,"אג""ח בארץ - חברות והמרה","אג""ח חברות שקלי",בריבית קבועה,לפי מדיניות השקעותיה הקרן הינה קרן מחקה,מזרחי טפחות נאמנות,קסם,פטורה,0.250,0.0150,,21.07.2026,4525.15,4520.62,,תל בונד-שקלי A,לא נגבית עמלת הפצה,0.000
קסם ETF תלבונד ש AA-AAA,1193663,קרן סל,0,0,"אג""ח בארץ - חברות והמרה","אג""ח חברות שקלי",בריבית קבועה,לפי מדיניות השקעותיה הקרן הינה קרן מחקה,מזרחי טפחות נאמנות,קסם,פטורה,0.250,0.0150,,21.07.2026,4636.16,4631.53,,תל בונד-שקלי AA-AAA,לא נגבית עמלת הפצה,0.000
קסם ETF תלבונד צמוד 5-15,1193671,קרן סל,0,0,"אג""ח בארץ - חברות והמרה","אג""ח חברות צמודות מדד",בריבית קבועה - ארוך,לפי מדיניות השקעותיה הקרן הינה קרן מחקה,מזרחי טפחות נאמנות,קסם,פטורה,0.150,0.0150,,21.07.2026,4490.92,4486.43,,תל בונד-צמודות 5-15,לא נגבית עמלת הפצה,0.000
קסם ETF תלבונד ש 1-3,1193689,קרן סל,0,0,"אג""ח בארץ - חברות והמרה","אג""ח חברות שקלי",בריבית קבועה - קצר,לפי מדיניות השקעותיה הקרן הינה קרן מחקה,מזרחי טפחות נאמנות,קסם,פטורה,0.250,0.0150,,21.07.2026,4787.40,4782.61,,תל בונד-שקלי 1-3,לא נגבית עמלת הפצה,0.000
קסם IXMNTR ETF ממ,1193713,קרן סל,4,A,"מניות בחו""ל","מניות לפי ענפים בחו""ל - מנוטרלת מט""ח",Financial,"הקרן הינה קרן בלתי מוגבלת בני""ע חוץ,לפי מדיניות השקעותיה הקרן הינה קרן מחקה",יובנק נאמנות,קסם,פטורה,0.500,0.0200,,20.07.2026,6075.21,6056.98,,S&P Financial Select Sector- NTR,לא נגבית עמלת הפצה,0.000
קסם SP Tech ETF ממ,1193739,קרן סל,4,A,"מניות בחו""ל","מניות לפי ענפים בחו""ל - מנוטרלת מט""ח",Technology,"הקרן הינה קרן בלתי מוגבלת בני""ע חוץ,לפי מדיניות השקעותיה הקרן הינה קרן מחקה",מזרחי טפחות נאמנות,קסם,פטורה,0.800,0.0200,,20.07.2026,11597.52,11562.73,,S&P Technology Select Sector Index - NTR,לא נגבית עמלת הפצה,0.000
קסם SP400NTR ETF ממ,1193747,קרן סל,4,A,"מניות בחו""ל","מניות גיאוגרפי - מנוטרלת מט""ח",אמריקה- שווקים מפותחים,"הקרן הינה קרן בלתי מוגבלת בני""ע חוץ,לפי מדיניות השקעותיה הקרן הינה קרן מחקה",מזרחי טפחות נאמנות,קסם,פטורה,0.600,0.0200,,20.07.2026,3137.47,3128.05,,S&P MidCap 400 - NTR,לא נגבית עמלת הפצה,0.000
קסם ETF צריכה מחזורSPממ,1193754,קרן סל,4,A,"מניות בחו""ל","מניות לפי ענפים בחו""ל - מנוטרלת מט""ח",Consumer Discretionary,"הקרן הינה קרן בלתי מוגבלת בני""ע חוץ,לפי מדיניות השקעותיה הקרן הינה קרן מחקה",יובנק נאמנות,קסם,פטורה,0.800,0.0200,,20.07.2026,5166.34,5150.84,,S&P Consumer Discretionary Select Sector - NTR,לא נגבית עמלת הפצה,0.000
קסם SPSIRBKN ETF ממ,1193762,קרן סל,4,A,"מניות בחו""ל","מניות לפי ענפים בחו""ל - מנוטרלת מט""ח",Banking,"הקרן הינה קרן בלתי מוגבלת בני""ע חוץ,לפי מדיניות השקעותיה הקרן הינה קרן מחקה",יובנק נאמנות,קסם,פטורה,0.800,0.0200,,20.07.2026,1958.02,1952.14,,S&P Regional Banks Select Industry Index -NTR,לא נגבית עמלת הפצה,0.000
קסם ETF צריכה בסיס SPממ,1193788,קרן סל,4,A,"מניות בחו""ל","מניות לפי ענפים בחו""ל - מנוטרלת מט""ח",Consumer Staples,"הקרן הינה קרן בלתי מוגבלת בני""ע חוץ,לפי מדיניות השקעותיה הקרן הינה קרן מחקה",יובנק נאמנות,קסם,פטורה,0.700,0.0200,,20.07.2026,3087.32,3078.05,,S&P Consumer Staples Select Sector - NTR,לא נגבית עמלת הפצה,0.000
קסם ETF צריכה בסיס SP,1193820,קרן סל,4,D,"מניות בחו""ל","מניות לפי ענפים בחו""ל - חשופת מט""ח",Consumer Staples,"הקרן הינה קרן בלתי מוגבלת בני""ע חוץ,לפי מדיניות השקעותיה הקרן הינה קרן מחקה,קרן להשקעות חוץ – מטבע עיקרי - דולר ארה""ב,קרן כשרה",יובנק נאמנות,קסם,פטורה,0.700,0.0200,,20.07.2026,3083.83,3074.58,,"S&P Consumer Staples Select Sector - NTR,דולר ארה""ב",לא נגבית עמלת הפצה,0.000
קסם M1CXBLRV ETF,1194067,קרן סל,4,D,"מניות בחו""ל","מניות גלובליות - חשופת מט""ח",,"הקרן הינה קרן בלתי מוגבלת בני""ע חוץ,לפי מדיניות השקעותיה הקרן הינה קרן מחקה,קרן להשקעות חוץ – מטבע עיקרי - דולר ארה""ב,קרן להשק חוץ-פטור ממס לתושבי חוץ",הרמטיק נאמנות,קסם,פטורה,0.500,0.0200,,16.07.2026,4003.12,3991.11,,"MSCI ACWI Sustainable Development,דולר ארה""ב",לא נגבית עמלת הפצה,0.000
הראל Mul Str ק.גידור בנאמ,1194141,קרן גידור בנאמנות,4,D,קרן גידור בנאמנות,,,"הקרן הינה קרן בלתי מוגבלת בני""ע חוץ,הקרן היא קרן מועדים קבועים",יובנק נאמנות,הראל,פטורה,1.500,0.0400,1179.8,26.03.2023,,100.00,,אחר,0.35%,0.000
סיגמא לונגשורטמניות גידור,1194158,קרן גידור בנאמנות,5,E,קרן גידור בנאמנות,,,"הקרן הינה קרן בלתי מוגבלת בני""ע חוץ,הקרן היא קרן מועדים קבועים",יובנק נאמנות,סיגמא,פטורה,1.350,0.0400,123.7,26.03.2023,,100.00,,אחר,0.35%,0.000
"סיגמא לונגשורט אג""ח גידור",1194166,קרן גידור בנאמנות,2,B,קרן גידור בנאמנות,,,"הקרן הינה קרן בלתי מוגבלת בני""ע חוץ,הקרן היא קרן מועדים קבועים",יובנק נאמנות,סיגמא,פטורה,0.790,0.0400,111.4,26.03.2023,,100.00,,אחר,0.35%,0.000
הראל אסט מנ חול ק.גדר בנא,1194182,קרן גידור בנאמנות,4,D,קרן גידור בנאמנות,,,"הקרן הינה קרן בלתי מוגבלת בני""ע חוץ,הקרן היא קרן מועדים קבועים",יובנק נאמנות,הראל,פטורה,1.250,0.0400,292.5,26.03.2023,,100.00,,אחר,0.35%,0.000
איביאי גידור Macro Strate,1194208,קרן גידור בנאמנות,6,F,קרן גידור בנאמנות,,,"הקרן הינה קרן בלתי מוגבלת בני""ע חוץ,הקרן הינה קרן ממונפת,הקרן היא קרן מועדים קבועים",יובנק נאמנות,"איביאי קרנות נאמנות ",פטורה,1.500,0.0400,106.0,26.03.2023,,100.00,,אחר,0.35%,0.000
י.ל. מולט אסט גידור,1194216,קרן גידור בנאמנות,6,F,קרן גידור בנאמנות,,,"הקרן הינה קרן בלתי מוגבלת בני""ע חוץ,הקרן הינה קרן ממונפת,הקרן היא קרן מועדים קבועים",יובנק נאמנות,ילין לפידות,פטורה,1.500,0.0400,186.6,26.03.2023,,100.00,,אחר,0.35%,0.000
מיטב Multi Strategy גידור,1194224,קרן גידור בנאמנות,4,D,קרן גידור בנאמנות,,,"הקרן הינה קרן בלתי מוגבלת בני""ע חוץ,הקרן הינה קרן ממונפת,הקרן היא קרן מועדים קבועים",יובנק נאמנות,מיטב קרנות נאמנות,פטורה,1.350,0.0400,92.0,26.03.2023,,100.00,,אחר,0.35%,0.000
מיטב מניות לונגשורט גידור,1194232,קרן גידור בנאמנות,4,D,קרן גידור בנאמנות,,,"הקרן הינה קרן בלתי מוגבלת בני""ע חוץ,הקרן הינה קרן ממונפת,הקרן היא קרן מועדים קבועים",הרמטיק נאמנות,מיטב קרנות נאמנות,פטורה,1.350,0.0400,225.6,26.03.2023,,100.00,,אחר,0.35%,0.000
מיטבiQM לונשור ישרא גידור,1194240,קרן גידור בנאמנות,4,C,קרן גידור בנאמנות,,,"הקרן הינה קרן בלתי מוגבלת בני""ע חוץ,הקרן הינה קרן ממונפת,הקרן היא קרן מועדים קבועים",הרמטיק נאמנות,מיטב קרנות נאמנות,פטורה,1.350,0.0400,18.1,26.03.2023,,100.00,,"ת""א 125",0.35%,0.000
מגדל Is Qnt Str קרן גידור,1194265,קרן גידור בנאמנות,6,F,קרן גידור בנאמנות,,,"הקרן הינה קרן בלתי מוגבלת בני""ע חוץ,הקרן הינה קרן ממונפת,הקרן היא קרן מועדים קבועים",יובנק נאמנות,מגדל,פטורה,1.500,0.0400,39.8,27.03.2023,,100.00,,אחר,0.35%,0.000
"מור אסטרטגיות אג""ח גידור",1194273,קרן גידור בנאמנות,2,E,קרן גידור בנאמנות,,,"הקרן הינה קרן בלתי מוגבלת בני""ע חוץ,הקרן הינה קרן ממונפת,הקרן היא קרן מועדים קבועים",יובנק נאמנות,מור קרנות,פטורה,0.880,0.0400,828.4,26.03.2023,,100.00,,אחר,0.35%,0.000
אושן יצירה אסטרטגיות,1194281,קרן גידור בנאמנות,5,E,קרן גידור בנאמנות,,,"הקרן הינה קרן בלתי מוגבלת בני""ע חוץ,הקרן היא קרן מועדים קבועים",יובנק נאמנות,סיגמא,פטורה,1.500,0.0400,34.7,28.03.2023,,100.00,,אחר,0.35%,0.000
אימפקט לונגשורט קרן גידור,1194315,קרן גידור בנאמנות,6,F,קרן גידור בנאמנות,,,"הקרן הינה קרן בלתי מוגבלת בני""ע חוץ,הקרן הינה קרן ממונפת,הקרן היא קרן מועדים קבועים",מזרחי טפחות נאמנות,איילון,פטורה,1.500,0.0400,64.2,27.04.2023,,100.00,,"ת""א 125",0.35%,0.000
פסטרנק שהם ל/ש קרן גידור,1194323,קרן גידור בנאמנות,6,F,קרן גידור בנאמנות,,,"הקרן הינה קרן בלתי מוגבלת בני""ע חוץ,הקרן הינה קרן ממונפת,הקרן היא קרן מועדים קבועים",מזרחי טפחות נאמנות,איילון,פטורה,1.250,0.0400,198.0,29.03.2023,,100.00,,"ת""א All-Share ",0.35%,0.000
"אנליסט נדל""ן - גידור",1194356,קרן גידור בנאמנות,5,D,קרן גידור בנאמנות,,,"הקרן הינה קרן בלתי מוגבלת בני""ע חוץ,הקרן היא קרן מועדים קבועים",מזרחי טפחות נאמנות,אנליסט,פטורה,1.500,0.0300,33.0,26.03.2023,,100.00,,"ת""א נדל""ן,MSCI US IMI Real Estate 25/5,דולר ארה""ב",0.35%,0.000
אנליסט מניות - גידור,1194364,קרן גידור בנאמנות,6,D,קרן גידור בנאמנות,,,"הקרן הינה קרן בלתי מוגבלת בני""ע חוץ,הקרן הינה קרן ממונפת,הקרן היא קרן מועדים קבועים",מזרחי טפחות נאמנות,אנליסט,פטורה,1.500,0.0300,59.8,26.03.2023,,100.00,,אחר,0.35%,0.000
מור סל תא 35,1194380,קרן סל,4,A,מניות בארץ,מניות לפי שווי שוק,Large Cap,לפי מדיניות השקעותיה הקרן הינה קרן מחקה,יובנק נאמנות,מור קרנות,פטורה,0.200,0.0200,,21.07.2026,11841.42,11829.58,,"ת""א-35",לא נגבית עמלת הפצה,0.000
מור סל תל בונד 60 צמודות,1195304,קרן סל,0,0,"אג""ח בארץ - חברות והמרה","אג""ח חברות צמודות מדד",בריבית קבועה,לפי מדיניות השקעותיה הקרן הינה קרן מחקה,יובנק נאמנות,מור קרנות,פטורה,0.250,0.0200,,21.07.2026,5959.23,5953.27,,תל בונד 60 צמודות,לא נגבית עמלת הפצה,0.000
מור סל תל בונד מאגר,1195312,קרן סל,0,A,"אג""ח בארץ - חברות והמרה","אג""ח חברות",אחר,לפי מדיניות השקעותיה הקרן הינה קרן מחקה,יובנק נאמנות,מור קרנות,פטורה,0.200,0.0200,,21.07.2026,6052.23,6046.18,,תל בונד מאגר,לא נגבית עמלת הפצה,0.000
מור סל תא 90,1196146,קרן סל,4,A,מניות בארץ,מניות לפי שווי שוק,Mid Cap,לפי מדיניות השקעותיה הקרן הינה קרן מחקה,יובנק נאמנות,מור קרנות,פטורה,0.450,0.0200,,21.07.2026,10069.42,10059.35,,"ת""א 90",לא נגבית עמלת הפצה,0.000
מור סל תא 125,1196153,קרן סל,4,A,מניות בארץ,מניות לפי שווי שוק,Mid Cap & Large,לפי מדיניות השקעותיה הקרן הינה קרן מחקה,יובנק נאמנות,מור קרנות,פטורה,0.200,0.0200,,21.07.2026,11195.27,11184.07,,"ת""א 125",לא נגבית עמלת הפצה,0.000
הורייזן ל/ש קרן גידור,1196187,קרן גידור בנאמנות,5,E,קרן גידור בנאמנות,,,"הקרן הינה קרן בלתי מוגבלת בני""ע חוץ,הקרן הינה קרן ממונפת,הקרן היא קרן מועדים קבועים",יובנק נאמנות,איילון,פטורה,1.500,0.0400,4.6,20.09.2023,,100.00,,אחר,0.35%,0.000
תכלית סל תא-ביטוח,1197698,קרן סל,4,0,מניות בארץ,מניות לפי ענפים,ביטוח,לפי מדיניות השקעותיה הקרן הינה קרן מחקה,הרמטיק נאמנות,מיטב קרנות נאמנות,פטורה,0.400,0.0300,,21.07.2026,14283.64,14255.07,,"ת""א-ביטוח",לא נגבית עמלת הפצה,0.000
קסם ETF כשרה תלבונד תשו צ,1199058,קרן סל,0,0,"אג""ח בארץ - חברות והמרה","אג""ח חברות צמודות מדד",בריבית קבועה,"לפי מדיניות השקעותיה הקרן הינה קרן מחקה,קרן כשרה",הרמטיק נאמנות,קסם,פטורה,0.000,0.0000,,21.07.2026,4617.00,4612.39,,תל בונד תשואות צמודות,לא נגבית עמלת הפצה,0.000
MTF סל אינדקס T10 Tech,1200195,קרן סל,4,D,"מניות בחו""ל","מניות לפי ענפים בחו""ל - חשופת מט""ח",Technology,"הקרן הינה קרן בלתי מוגבלת בני""ע חוץ,לפי מדיניות השקעותיה הקרן הינה קרן מחקה",מזרחי טפחות נאמנות,מגדל,פטורה,0.500,0.0300,,20.07.2026,3291.65,3281.78,,"אינדקס Tech Top10,דולר ארה""ב",לא נגבית עמלת הפצה,0.000
MTF סל Indx US HEALT10,1200351,קרן סל,4,D,"מניות בחו""ל","מניות לפי ענפים בחו""ל - חשופת מט""ח",Health Care,"הקרן הינה קרן בלתי מוגבלת בני""ע חוץ,לפי מדיניות השקעותיה הקרן הינה קרן מחקה",מזרחי טפחות נאמנות,מגדל,פטורה,0.200,0.0300,,20.07.2026,2503.53,2496.02,,"INDXX US HEALTHCARE TOP 10 INDEX ,דולר ארה""ב",לא נגבית עמלת הפצה,0.000
איביאי סל S&P 500 ממ,1200435,קרן סל,4,A,"מניות בחו""ל","מניות גיאוגרפי - מנוטרלת מט""ח",אמריקה- שווקים מפותחים,"הקרן הינה קרן בלתי מוגבלת בני""ע חוץ,לפי מדיניות השקעותיה הקרן הינה קרן מחקה,קרן כשרה",מזרחי טפחות נאמנות,"איביאי קרנות נאמנות ",פטורה,0.000,0.0100,,20.07.2026,7615.03,7592.18,,S&P 500 - NTR,לא נגבית עמלת הפצה,0.000
איביאי סל Nasdaq 100 ממ,1200443,קרן סל,4,A,"מניות בחו""ל","מניות גיאוגרפי - מנוטרלת מט""ח",אמריקה- שווקים מפותחים,"הקרן הינה קרן בלתי מוגבלת בני""ע חוץ,לפי מדיניות השקעותיה הקרן הינה קרן מחקה,קרן כשרה",מזרחי טפחות נאמנות,"איביאי קרנות נאמנות ",פטורה,0.000,0.0100,,20.07.2026,8139.79,8115.37,,NASDAQ 100 - NTR,לא נגבית עמלת הפצה,0.000
איביאי סל Nasdaq 100,1200450,קרן סל,4,D,"מניות בחו""ל","מניות גיאוגרפי - חשופת מט""ח",אמריקה- שווקים מפותחים,"הקרן הינה קרן בלתי מוגבלת בני""ע חוץ,לפי מדיניות השקעותיה הקרן הינה קרן מחקה,קרן להשקעות חוץ – מטבע עיקרי - דולר ארה""ב,קרן כשרה",מזרחי טפחות נאמנות,"איביאי קרנות נאמנות ",פטורה,0.000,0.0100,,20.07.2026,6963.37,6942.48,,"NASDAQ 100 - NTR,דולר ארה""ב",לא נגבית עמלת הפצה,0.000
אש ל\ש מניות קרן גידור,1200989,קרן גידור בנאמנות,5,E,קרן גידור בנאמנות,,,"הקרן הינה קרן בלתי מוגבלת בני""ע חוץ,הקרן הינה קרן ממונפת,הקרן היא קרן מועדים קבועים",יובנק נאמנות,אלטשולר-שחם קרנות,פטורה,1.000,0.0400,56.2,04.12.2023,,100.00,,אחר,0.35%,0.000
MTF סל MSCI AC World,1201003,קרן סל,4,D,"מניות בחו""ל","מניות גלובליות - חשופת מט""ח",,"הקרן הינה קרן בלתי מוגבלת בני""ע חוץ,לפי מדיניות השקעותיה הקרן הינה קרן מחקה,קרן להשקעות חוץ – מטבע עיקרי - דולר ארה""ב,קרן כשרה",אלמגור-בריטמן נאמנות,מגדל,פטורה,0.170,0.0300,,16.07.2026,3692.06,3680.98,,"MSCI AC WORLD INDEX - NTR,דולר ארה""ב",לא נגבית עמלת הפצה,0.000
מגדל GL Qnt Str קרן גידור,1201557,קרן גידור בנאמנות,5,E,קרן גידור בנאמנות,,,"הקרן הינה קרן בלתי מוגבלת בני""ע חוץ,הקרן היא קרן מועדים קבועים",יובנק נאמנות,מגדל,פטורה,1.500,0.0400,15.1,28.12.2023,,100.00,,"S&P 500 - NTR,דולר ארה""ב",0.35%,0.000
מגדל מנ LngShr קרן גידור,1201565,קרן גידור בנאמנות,5,E,קרן גידור בנאמנות,,,"הקרן הינה קרן בלתי מוגבלת בני""ע חוץ,הקרן הינה קרן ממונפת,הקרן היא קרן מועדים קבועים",יובנק נאמנות,מגדל,פטורה,0.350,0.0300,70.0,26.12.2023,,100.00,,אחר,0.35%,0.000
MTF סל אינדקס 120 ישראל,1201623,קרן סל,4,A,מניות בארץ,מניות לפי שווי שוק,Mid Cap & Large,לפי מדיניות השקעותיה הקרן הינה קרן מחקה,מזרחי טפחות נאמנות,מגדל,פטורה,0.100,0.0050,,21.07.2026,6170.48,6164.31,,"אינדקס 120 ישראל ",לא נגבית עמלת הפצה,0.000
י.ל סל S&P 500,1201656,קרן סל,4,D,"מניות בחו""ל","מניות גיאוגרפי - חשופת מט""ח",אמריקה- שווקים מפותחים,"הקרן הינה קרן בלתי מוגבלת בני""ע חוץ,לפי מדיניות השקעותיה הקרן הינה קרן מחקה,קרן כשרה",יובנק נאמנות,ילין לפידות,פטורה,0.000,0.0200,,20.07.2026,6440.29,6420.97,,"S&P 500 - NTR,דולר ארה""ב",לא נגבית עמלת הפצה,0.000
י.ל סל S&P 500 ממ,1201664,קרן סל,4,A,"מניות בחו""ל","מניות גיאוגרפי - מנוטרלת מט""ח",אמריקה- שווקים מפותחים,"הקרן הינה קרן בלתי מוגבלת בני""ע חוץ,לפי מדיניות השקעותיה הקרן הינה קרן מחקה",יובנק נאמנות,ילין לפידות,פטורה,0.000,0.0200,,20.07.2026,7361.55,7339.47,,S&P 500 - NTR,לא נגבית עמלת הפצה,0.000
י.ל סל Nasdaq 100,1201672,קרן סל,4,D,"מניות בחו""ל","מניות גיאוגרפי - חשופת מט""ח",אמריקה- שווקים מפותחים,"הקרן הינה קרן בלתי מוגבלת בני""ע חוץ,לפי מדיניות השקעותיה הקרן הינה קרן מחקה",יובנק נאמנות,ילין לפידות,פטורה,0.000,0.0200,,20.07.2026,6794.22,6773.84,,"NASDAQ 100 - NTR,דולר ארה""ב",לא נגבית עמלת הפצה,0.000
אש M-Strategy- קרן גידור,1201680,קרן גידור בנאמנות,6,F,קרן גידור בנאמנות,,,"הקרן הינה קרן בלתי מוגבלת בני""ע חוץ,הקרן הינה קרן ממונפת,הקרן היא קרן מועדים קבועים",יובנק נאמנות,אלטשולר-שחם קרנות,פטורה,1.000,0.0400,25.9,16.01.2024,,100.00,,אחר,0.35%,0.000
י.ל סל Nasdaq 100 ממ,1201698,קרן סל,4,A,"מניות בחו""ל","מניות גיאוגרפי - מנוטרלת מט""ח",אמריקה- שווקים מפותחים,"הקרן הינה קרן בלתי מוגבלת בני""ע חוץ,לפי מדיניות השקעותיה הקרן הינה קרן מחקה",יובנק נאמנות,ילין לפידות,פטורה,0.000,0.0200,,20.07.2026,7898.88,7875.18,,NASDAQ 100 - NTR,לא נגבית עמלת הפצה,0.000
קסם SP5T5N ETF,1202183,קרן סל,4,D,"מניות בחו""ל","מניות גיאוגרפי - חשופת מט""ח",אמריקה- שווקים מפותחים,"הקרן הינה קרן בלתי מוגבלת בני""ע חוץ,לפי מדיניות השקעותיה הקרן הינה קרן מחקה,קרן להשקעות חוץ – מטבע עיקרי - דולר ארה""ב",הרמטיק נאמנות,קסם,פטורה,0.250,0.0300,,20.07.2026,5337.03,5321.02,,"S&P 500 TOP 50,דולר ארה""ב",לא נגבית עמלת הפצה,0.000
קסם SPXEWNTR ETF,1203835,קרן סל,4,D,"מניות בחו""ל","מניות גיאוגרפי - חשופת מט""ח",אמריקה- שווקים מפותחים,"הקרן הינה קרן בלתי מוגבלת בני""ע חוץ,לפי מדיניות השקעותיה הקרן הינה קרן מחקה,קרן להשקעות חוץ – מטבע עיקרי - דולר ארה""ב",הרמטיק נאמנות,קסם,פטורה,0.200,0.0300,,20.07.2026,4508.91,4495.38,,"S&P 500 Equal Weight - NTR,דולר ארה""ב",לא נגבית עמלת הפצה,0.000
מור ל/ש נדלן אירופה גידור,1204742,קרן גידור בנאמנות,4,D,קרן גידור בנאמנות,,,"הקרן הינה קרן בלתי מוגבלת בני""ע חוץ,הקרן היא קרן מועדים קבועים",יובנק נאמנות,מור קרנות,פטורה,1.350,0.0400,11.1,25.03.2024,,100.00,,אחר,0.35%,0.000
איילון זבו ל/ש גידור גלוב,1204783,קרן גידור בנאמנות,5,E,קרן גידור בנאמנות,,,"הקרן הינה קרן בלתי מוגבלת בני""ע חוץ,הקרן הינה קרן ממונפת,הקרן היא קרן מועדים קבועים",יובנק נאמנות,איילון,פטורה,1.000,0.0400,143.0,20.06.2024,,100.00,,אחר,0.35%,0.000
מגדל GBoStr קרן גידור נק$,1204916,קרן גידור בנאמנות,0,E,קרן גידור בנאמנות,,,"הקרן הינה קרן בלתי מוגבלת בני""ע חוץ,הקרן הינה קרן ממונפת,הקרן היא קרן מועדים קבועים,יחידות הקרן נקובות ב- $",יובנק נאמנות,מגדל,פטורה,0.900,0.0400,31.2,17.04.2024,,100.00,,אחר,0.35%,0.000
MTF סל BLBRG US AN RC,1205657,קרן סל,4,D,"מניות בחו""ל","מניות גיאוגרפי - חשופת מט""ח",אמריקה- שווקים מפותחים,"הקרן הינה קרן בלתי מוגבלת בני""ע חוץ,לפי מדיניות השקעותיה הקרן הינה קרן מחקה",אלמגור-בריטמן נאמנות,מגדל,פטורה,0.800,0.0300,,20.07.2026,2476.54,2469.11,,"Bloomberg US Analyst Recommendations Index ",לא נגבית עמלת הפצה,0.000
"י.ל סל ת""א בנקים",1206549,קרן סל,4,A,מניות בארץ,מניות לפי ענפים,בנקאות ואשראי חוץ בנקאי,לפי מדיניות השקעותיה הקרן הינה קרן מחקה,יובנק נאמנות,ילין לפידות,פטורה,0.490,0.0050,,21.07.2026,10365.75,10355.38,,"ת""א בנקים",לא נגבית עמלת הפצה,0.000
פורצן מולטי אסט קרן גידור,1207646,קרן גידור בנאמנות,6,F,קרן גידור בנאמנות,,,"הקרן הינה קרן בלתי מוגבלת בני""ע חוץ,הקרן הינה קרן ממונפת,הקרן היא קרן מועדים קבועים",מזרחי טפחות נאמנות,איילון,פטורה,1.500,0.0400,29.1,18.09.2024,,100.00,,אחר,0.35%,0.000
אלפי בנדק לו/שו אגח קר גנ,1207729,קרן גידור בנאמנות,1,A,קרן גידור בנאמנות,,,"הקרן הינה קרן ממונפת,הקרן היא קרן מועדים קבועים",יובנק נאמנות,הראל,פטורה,0.750,0.0400,39.6,08.07.2024,,100.00,,All-Bond כללי,0.35%,0.000
מגדל אסט אגח יש קרן גידור,1207786,קרן גידור בנאמנות,2,D,קרן גידור בנאמנות,,,"הקרן הינה קרן בלתי מוגבלת בני""ע חוץ,הקרן היא קרן מועדים קבועים",יובנק נאמנות,מגדל,פטורה,0.750,0.0400,96.2,17.07.2024,,100.00,,אחר,0.35%,0.000
פוקוס לונג/שרט - גידור,1207885,קרן גידור בנאמנות,5,D,קרן גידור בנאמנות,,,"הקרן הינה קרן בלתי מוגבלת בני""ע חוץ,הקרן הינה קרן ממונפת,הקרן היא קרן מועדים קבועים",יובנק נאמנות,איילון,פטורה,1.500,0.0400,16.3,22.12.2024,,100.00,,"ת""א 125",0.35%,0.000
MTF סל אנד US SEMI10,1207901,קרן סל,4,D,"מניות בחו""ל","מניות לפי ענפים בחו""ל - חשופת מט""ח",Semiconductor,"הקרן הינה קרן בלתי מוגבלת בני""ע חוץ,לפי מדיניות השקעותיה הקרן הינה קרן מחקה",מזרחי טפחות נאמנות,מגדל,פטורה,0.100,0.0300,,20.07.2026,4636.29,4622.38,,"אינדקס שבבים ארה""ב Top10,דולר ארה""ב",לא נגבית עמלת הפצה,0.000
פיינאל קפיטל אגח גידור,1208891,קרן גידור בנאמנות,2,E,קרן גידור בנאמנות,,,"הקרן הינה קרן בלתי מוגבלת בני""ע חוץ,הקרן הינה קרן ממונפת,הקרן היא קרן מועדים קבועים",יובנק נאמנות,סיגמא,פטורה,1.150,0.0400,94.0,14.08.2024,,100.00,,אחר,0.35%,0.000
"איביאי סל ת""א-90",1209444,קרן סל,4,A,מניות בארץ,מניות לפי שווי שוק,Mid Cap,לפי מדיניות השקעותיה הקרן הינה קרן מחקה,יובנק נאמנות,"איביאי קרנות נאמנות ",פטורה,0.100,0.0100,,21.07.2026,9469.11,9459.64,,"ת""א 90",לא נגבית עמלת הפצה,0.000
אשABי AIB Prt Alp ק גידור,1209808,קרן גידור בנאמנות,5,D,קרן גידור בנאמנות,,,"הקרן הינה קרן בלתי מוגבלת בני""ע חוץ,הקרן הינה קרן ממונפת,הקרן היא קרן מועדים קבועים",יובנק נאמנות,אלטשולר-שחם קרנות,פטורה,1.000,0.0400,0.3,03.09.2024,,100.00,,"S&P 500 - NTR,דולר ארה""ב",0.35%,0.000
AI Q.S (5E) FINQ ק.ג,1209931,קרן גידור בנאמנות,5,E,קרן גידור בנאמנות,,,"הקרן הינה קרן בלתי מוגבלת בני""ע חוץ,הקרן הינה קרן ממונפת,הקרן היא קרן מועדים קבועים",יובנק נאמנות,תמיר פישמן,פטורה,0.000,0.0400,9.6,02.09.2024,,100.00,,"S&P 500 - NTR,דולר ארה""ב",0.35%,0.000
הראל אסטר אגח ק. גידור בנ,1210970,קרן גידור בנאמנות,2,E,קרן גידור בנאמנות,,,"הקרן הינה קרן בלתי מוגבלת בני""ע חוץ,הקרן היא קרן מועדים קבועים",יובנק נאמנות,הראל,פטורה,0.850,0.0400,131.5,24.09.2024,,100.00,,אחר,0.35%,0.000
פסטרנק שהם אא קרן גידור,1212521,קרן גידור בנאמנות,2,D,קרן גידור בנאמנות,,,"הקרן הינה קרן בלתי מוגבלת בני""ע חוץ,הקרן הינה קרן ממונפת,הקרן היא קרן מועדים קבועים",מזרחי טפחות נאמנות,איילון,פטורה,0.750,0.0400,57.9,19.02.2025,,100.00,,אחר,0.35%,0.000
קבין מולטי אסטר קרן גידור,1212703,קרן גידור בנאמנות,5,E,קרן גידור בנאמנות,,,"הקרן הינה קרן בלתי מוגבלת בני""ע חוץ,הקרן הינה קרן ממונפת,הקרן היא קרן מועדים קבועים",יובנק נאמנות,איילון,פטורה,1.400,0.0400,4.5,22.12.2024,,100.00,,אחר,0.35%,0.000
MTF סל S&P Israel100 IL,1212794,קרן סל,4,A,מניות בארץ,מניות לפי שווי שוק,Mid Cap & Large,לפי מדיניות השקעותיה הקרן הינה קרן מחקה,מזרחי טפחות נאמנות,מגדל,פטורה,0.000,0.0050,,21.07.2026,3946.07,3942.12,,S&P Israel 100 Index - ILS,לא נגבית עמלת הפצה,0.000
תכלית סל World Quality מד,1213420,קרן סל,4,A,"מניות בחו""ל","מניות גלובליות - מנוטרלת מט""ח",,"הקרן הינה קרן בלתי מוגבלת בני""ע חוץ,לפי מדיניות השקעותיה הקרן הינה קרן מחקה",אלמגור-בריטמן נאמנות,מיטב קרנות נאמנות,פטורה,0.400,0.0100,,16.07.2026,3587.77,3577.01,,World Quality iNDEX,לא נגבית עמלת הפצה,0.000
תכלית סל מדורג פיזור רחב,1213461,קרן סל,0,A,"אג""ח בארץ - חברות והמרה","אג""ח חברות","אג""ח חברות שקלי וצמוד",לפי מדיניות השקעותיה הקרן הינה קרן מחקה,הרמטיק נאמנות,מיטב קרנות נאמנות,פטורה,0.250,0.0300,,21.07.2026,1175.40,1174.22,,אינדקס מדורג פיזור רחב,לא נגבית עמלת הפצה,0.000
הראל סל תא 90 ובנקים,1213594,קרן סל,4,A,מניות בארץ,מניות לפי שווי שוק,Mid Cap & Large,לפי מדיניות השקעותיה הקרן הינה קרן מחקה,מזרחי טפחות נאמנות,הראל,פטורה,0.100,0.0200,,21.07.2026,4028.78,4024.75,,"ת""א 90 ובנקים",לא נגבית עמלת הפצה,0.000
איביאי גידור מניות ישר MS,1213636,קרן גידור בנאמנות,4,D,קרן גידור בנאמנות,,,"הקרן הינה קרן בלתי מוגבלת בני""ע חוץ,הקרן הינה קרן ממונפת,הקרן היא קרן מועדים קבועים",יובנק נאמנות,"איביאי קרנות נאמנות ",פטורה,1.500,0.0400,186.3,11.12.2024,,100.00,,אחר,0.35%,0.000
איביאי גידור אסטרטגיותאגח,1213644,קרן גידור בנאמנות,3,E,קרן גידור בנאמנות,,,"הקרן הינה קרן בלתי מוגבלת בני""ע חוץ,הקרן הינה קרן ממונפת,הקרן היא קרן מועדים קבועים",יובנק נאמנות,"איביאי קרנות נאמנות ",פטורה,0.880,0.0400,158.7,11.12.2024,,100.00,,אחר,0.35%,0.000
איביאי לו/שו גלו אק גידור,1213651,קרן גידור בנאמנות,4,D,קרן גידור בנאמנות,,,"הקרן הינה קרן בלתי מוגבלת בני""ע חוץ,הקרן הינה קרן ממונפת,הקרן היא קרן מועדים קבועים",יובנק נאמנות,"איביאי קרנות נאמנות ",פטורה,1.500,0.0400,60.7,11.12.2024,,100.00,,אחר,0.35%,0.000
פינסה אסטרטגיות חוב גידור,1214840,קרן גידור בנאמנות,2,E,קרן גידור בנאמנות,,,"הקרן הינה קרן בלתי מוגבלת בני""ע חוץ,הקרן הינה קרן ממונפת,הקרן היא קרן מועדים קבועים",יובנק נאמנות,סיגמא,פטורה,0.850,0.0400,82.5,30.12.2024,,100.00,,אחר,0.35%,0.000
קסם אק לו/שו מניש קג בנ,1215375,קרן גידור בנאמנות,5,B,קרן גידור בנאמנות,,,"הקרן הינה קרן ממונפת,הקרן היא קרן מועדים קבועים",הרמטיק נאמנות,קסם,פטורה,1.100,0.0400,210.3,18.03.2025,,100.00,,"ת""א 125",0.35%,0.000
קסם אק לו/שו מנ אר קגי בנ,1215383,קרן גידור בנאמנות,5,E,קרן גידור בנאמנות,,,"הקרן הינה קרן בלתי מוגבלת בני""ע חוץ,הקרן הינה קרן ממונפת,הקרן היא קרן מועדים קבועים,קרן להשקעות חוץ – מטבע עיקרי - דולר ארה""ב",הרמטיק נאמנות,קסם,פטורה,1.100,0.0400,42.4,18.03.2025,,100.00,,"S&P 500 - NTR,דולר ארה""ב",0.35%,0.000
"איביאי סל ת""א-ביטוח",1215771,קרן סל,4,A,מניות בארץ,מניות לפי ענפים,ביטוח,לפי מדיניות השקעותיה הקרן הינה קרן מחקה,יובנק נאמנות,"איביאי קרנות נאמנות ",פטורה,0.200,0.0100,,21.07.2026,14356.80,14328.09,,"ת""א-ביטוח",לא נגבית עמלת הפצה,0.000
סיגמא אסטרטג ישראל גידור,1216050,קרן גידור בנאמנות,5,E,קרן גידור בנאמנות,,,"הקרן הינה קרן בלתי מוגבלת בני""ע חוץ,הקרן היא קרן מועדים קבועים",יובנק נאמנות,סיגמא,פטורה,1.350,0.0400,28.7,30.03.2025,,100.00,,אחר,0.35%,0.000
תכלית סל כשרה תל בונד 60,1216480,קרן סל,0,0,"אג""ח בארץ - חברות והמרה","אג""ח חברות צמודות מדד",בריבית קבועה,"לפי מדיניות השקעותיה הקרן הינה קרן מחקה,קרן כשרה",אלמגור-בריטמן נאמנות,מיטב קרנות נאמנות,פטורה,0.000,0.0001,,21.07.2026,426.71,426.28,,תל בונד 60 צמודות,לא נגבית עמלת הפצה,0.000
סלע מולטי אסט קרן גידור,1216670,קרן גידור בנאמנות,5,E,קרן גידור בנאמנות,,,"הקרן הינה קרן בלתי מוגבלת בני""ע חוץ,הקרן הינה קרן ממונפת,הקרן היא קרן מועדים קבועים",יובנק נאמנות,איילון,פטורה,1.500,0.0400,82.8,26.03.2025,,100.00,,אחר,0.35%,0.000
ב.אלט אס אגח מנ קרן גידור,1216761,קרן גידור בנאמנות,3,E,קרן גידור בנאמנות,,,"הקרן הינה קרן בלתי מוגבלת בני""ע חוץ,הקרן הינה קרן ממונפת,הקרן היא קרן מועדים קבועים",יובנק נאמנות,איילון,פטורה,0.850,0.0400,75.7,20.03.2025,,100.00,,אחר,0.35%,0.000
מור אגח ומניות -קרן גידור,1217231,קרן גידור בנאמנות,3,C,קרן גידור בנאמנות,,,"הקרן הינה קרן בלתי מוגבלת בני""ע חוץ,הקרן היא קרן מועדים קבועים",יובנק נאמנות,מור קרנות,פטורה,1.200,0.0400,345.4,11.03.2025,,100.00,,"All-Bond כללי,ת""א 125",0.35%,0.000
אקרמן מולטי אסט קרן גידור,1217397,קרן גידור בנאמנות,4,D,קרן גידור בנאמנות,,,"הקרן הינה קרן בלתי מוגבלת בני""ע חוץ,הקרן הינה קרן ממונפת,הקרן היא קרן מועדים קבועים",יובנק נאמנות,איילון,פטורה,1.500,0.0400,46.7,26.02.2025,,100.00,,אחר,0.35%,0.000
MTF סל אנד US T10PuCyber,1217561,קרן סל,4,D,"מניות בחו""ל","מניות לפי ענפים בחו""ל - חשופת מט""ח",Cyber Security,"הקרן הינה קרן בלתי מוגבלת בני""ע חוץ,לפי מדיניות השקעותיה הקרן הינה קרן מחקה",מזרחי טפחות נאמנות,מגדל,פטורה,0.500,0.0300,,20.07.2026,2480.41,2472.97,,"אינדקס US Top10 Pure Cyber Security ,דולר ארה""ב",לא נגבית עמלת הפצה,0.000
תכלית סל Bitcoin BRRNY,1217835,קרן סל,4,D,נכסים דיגיטליים,Bitcoin,,"הקרן הינה קרן בלתי מוגבלת בני""ע חוץ,לפי מדיניות השקעותיה הקרן הינה קרן מחקה,קרן להשקעות חוץ – מטבע עיקרי - דולר ארה""ב",הרמטיק נאמנות,מיטב קרנות נאמנות,פטורה,0.200,0.0300,,20.07.2026,2588.88,2581.11,,"CME CF Bitcoin Reference Rate - New York Variant,דולר ארה""ב",לא נגבית עמלת הפצה,0.000
איביאי סל מידקפ&בנקים ביש,1217843,קרן סל,4,A,מניות בארץ,מניות לפי שווי שוק,Mid Cap & Large,לפי מדיניות השקעותיה הקרן הינה קרן מחקה,יובנק נאמנות,"איביאי קרנות נאמנות ",פטורה,0.100,0.0100,,21.07.2026,6847.41,6840.56,,אינדקס מיד קאפ ובנקים בישראל,לא נגבית עמלת הפצה,0.000
תמיר פישמן ק.ג לונג-שורט,1218692,קרן גידור בנאמנות,6,F,קרן גידור בנאמנות,,,"הקרן הינה קרן בלתי מוגבלת בני""ע חוץ,הקרן הינה קרן ממונפת,הקרן היא קרן מועדים קבועים",יובנק נאמנות,תמיר פישמן,פטורה,1.000,0.0400,21.9,27.03.2025,,100.00,,אחר,0.35%,0.000
ATF סל S&P 500,1218916,קרן סל,4,D,"מניות בחו""ל","מניות גיאוגרפי - חשופת מט""ח",אמריקה- שווקים מפותחים,"הקרן הינה קרן בלתי מוגבלת בני""ע חוץ,לפי מדיניות השקעותיה הקרן הינה קרן מחקה,קרן להשקעות חוץ – מטבע עיקרי - דולר ארה""ב,קרן כשרה",מזרחי טפחות נאמנות,אנליסט,פטורה,0.000,0.0080,,20.07.2026,6124.13,6105.76,,"S&P 500 - NTR,דולר ארה""ב",לא נגבית עמלת הפצה,0.000
ATF סל S&P500 מנוטרלת מטח,1218924,קרן סל,4,A,"מניות בחו""ל","מניות גיאוגרפי - מנוטרלת מט""ח",אמריקה- שווקים מפותחים,"הקרן הינה קרן בלתי מוגבלת בני""ע חוץ,לפי מדיניות השקעותיה הקרן הינה קרן מחקה,קרן כשרה",מזרחי טפחות נאמנות,אנליסט,פטורה,0.000,0.0080,,20.07.2026,7411.33,7389.10,,S&P 500 - NTR,לא נגבית עמלת הפצה,0.000
MTF סל אנד ממשUSמחמ10קבוע,1219294,קרן סל,0,D,"אג""ח בחו""ל","ממשלתיות חשופת מט""ח - ארוך",,"הקרן הינה קרן בלתי מוגבלת בני""ע חוץ,לפי מדיניות השקעותיה הקרן הינה קרן מחקה",מזרחי טפחות נאמנות,מגדל,פטורה,0.100,0.0200,,20.07.2026,245.45,244.71,,"אינדקס אג""ח ממשלת ארה""ב - מח""מ 10 קבוע,דולר ארה""ב",לא נגבית עמלת הפצה,0.000
קסם ETF א יש 100 ר מש שו,1220151,קרן סל,4,A,מניות בארץ,מניות לפי שווי שוק,Mid Cap & Large,לפי מדיניות השקעותיה הקרן הינה קרן מחקה,אלמגור-בריטמן נאמנות,קסם,פטורה,0.250,0.0150,,21.07.2026,7382.13,7367.37,,אינדקס ישראל 100 רווחיות משקל שווה,לא נגבית עמלת הפצה,0.000
מיטב כספית 14082026 מתחדש,1220227,קרן פתוחה,0,0,קרן כספית,כספית מתחדשת,חודשי,הקרן היא קרן מועדים קבועים,הרמטיק נאמנות,מיטב קרנות נאמנות,פטורה,0.200,0.0070,28.0,25.05.2025,,100.00,,"תל גוב-מק""מ",0.1%,0.000
הראל סל CME CF Bitcoin BR,1220391,קרן סל,4,D,נכסים דיגיטליים,Bitcoin,,"הקרן הינה קרן בלתי מוגבלת בני""ע חוץ,לפי מדיניות השקעותיה הקרן הינה קרן מחקה,קרן להשקעות חוץ – מטבע עיקרי - דולר ארה""ב,קרן כשרה",מזרחי טפחות נאמנות,הראל,פטורה,0.200,0.0250,,20.07.2026,5189.75,5174.18,,"CME CF Bitcoin Reference Rate - New York Variant,דולר ארה""ב",לא נגבית עמלת הפצה,0.000
תכלית סל Ether-Dollar,1220409,קרן סל,4,D,נכסים דיגיטליים,Ethereum,,"הקרן הינה קרן בלתי מוגבלת בני""ע חוץ,לפי מדיניות השקעותיה הקרן הינה קרן מחקה,קרן להשקעות חוץ – מטבע עיקרי - דולר ארה""ב",הרמטיק נאמנות,מיטב קרנות נאמנות,פטורה,0.500,0.0300,,20.07.2026,2008.79,2002.76,,"CME CF Ether – Dollar Reference Rate New York Variant,דולר ארה""ב",לא נגבית עמלת הפצה,0.000
תכלית סל S&P 500 פי 3,1221654,קרן סל,6,D,ממונפות,ממונפות בסיכון גבוה,"מניות בחו""ל","הקרן הינה קרן בלתי מוגבלת בני""ע חוץ,הקרן הינה קרן ממונפת,לפי מדיניות השקעותיה הקרן הינה קרן מחקה,קרן להשקעות חוץ – מטבע עיקרי - דולר ארה""ב",הרמטיק נאמנות,מיטב קרנות נאמנות,פטורה,1.950,0.0300,,20.07.2026,3855.92,3844.35,,"S&P 500 - NTR,דולר ארה""ב",לא נגבית עמלת הפצה,0.000
תכלית סל NASDAQ 100 פי 3,1221662,קרן סל,6,D,ממונפות,ממונפות בסיכון גבוה,"מניות בחו""ל","הקרן הינה קרן בלתי מוגבלת בני""ע חוץ,הקרן הינה קרן ממונפת,לפי מדיניות השקעותיה הקרן הינה קרן מחקה,קרן להשקעות חוץ – מטבע עיקרי - דולר ארה""ב",הרמטיק נאמנות,מיטב קרנות נאמנות,פטורה,1.450,0.0300,,20.07.2026,4139.68,4127.26,,"NASDAQ 100 - NTR,דולר ארה""ב",לא נגבית עמלת הפצה,0.000
MTF סל Indx TOP10US OIL,1221670,קרן סל,4,D,"מניות בחו""ל","מניות לפי ענפים בחו""ל - חשופת מט""ח",Energy,"הקרן הינה קרן בלתי מוגבלת בני""ע חוץ,לפי מדיניות השקעותיה הקרן הינה קרן מחקה",מזרחי טפחות נאמנות,מגדל,פטורה,0.100,0.0300,,20.07.2026,2936.19,2927.38,,"Indxx Top 10 US Oil Industry,דולר ארה""ב",לא נגבית עמלת הפצה,0.000
איביאי סל S&P Bitcoin,1222249,קרן סל,4,D,נכסים דיגיטליים,Bitcoin,,"הקרן הינה קרן בלתי מוגבלת בני""ע חוץ,לפי מדיניות השקעותיה הקרן הינה קרן מחקה",יובנק נאמנות,"איביאי קרנות נאמנות ",פטורה,0.200,0.0100,,20.07.2026,2505.05,2497.53,,"S&P Bitcoin Index,דולר ארה""ב",לא נגבית עמלת הפצה,0.000
MTF סל Indx Top10EurDefמא,1222439,קרן סל,4,D,"מניות בחו""ל","מניות לפי ענפים בחו""ל - מנוטרלת מט""ח",Aerospace & Defense,"הקרן הינה קרן בלתי מוגבלת בני""ע חוץ,לפי מדיניות השקעותיה הקרן הינה קרן מחקה,קרן כשרה",מזרחי טפחות נאמנות,מגדל,פטורה,0.100,0.0300,,20.07.2026,2732.11,2723.91,,Indxx Top 10 Europe Defense,לא נגבית עמלת הפצה,0.000
אש מ כספ חודשי 14082026,1223866,קרן פתוחה,0,0,קרן כספית,כספית מתחדשת,חודשי,הקרן היא קרן מועדים קבועים,יובנק נאמנות,אלטשולר-שחם קרנות,פטורה,0.190,0.0070,13.1,09.07.2025,,100.00,,"תל גוב-מק""מ",0.1%,0.000
"איביאי סל ת""א-35",1225994,קרן סל,4,A,מניות בארץ,מניות לפי שווי שוק,Large Cap,לפי מדיניות השקעותיה הקרן הינה קרן מחקה,יובנק נאמנות,"איביאי קרנות נאמנות ",פטורה,0.100,0.0100,,21.07.2026,6830.72,6823.89,,"ת""א-35",לא נגבית עמלת הפצה,0.000
"הראל סל ת""א- נפט וגז",1226927,קרן סל,4,A,מניות בארץ,מניות לפי ענפים,"נפט, גז ואנרגיה",לפי מדיניות השקעותיה הקרן הינה קרן מחקה,יובנק נאמנות,הראל,פטורה,0.400,0.0200,,21.07.2026,3011.99,3005.97,,"ת""א-נפט וגז",לא נגבית עמלת הפצה,0.000
קסם NDEUCHF ETF,1230473,קרן סל,4,D,"מניות בחו""ל","מניות גיאוגרפי - חשופת מט""ח",אסיה ופסיפיק- שווקים מתעוררים,"הקרן הינה קרן בלתי מוגבלת בני""ע חוץ,לפי מדיניות השקעותיה הקרן הינה קרן מחקה",אלמגור-בריטמן נאמנות,קסם,פטורה,0.500,0.0300,,16.07.2026,3318.70,3308.74,,"MSCI China ,דולר ארה""ב",לא נגבית עמלת הפצה,0.000
הראל סל תל גוב -לא צמודות,1231919,קרן סל,0,0,"אג""ח בארץ - מדינה","אג""ח מדינה שקליות",שקליות ממשלתיות -  אחר,לפי מדיניות השקעותיה הקרן הינה קרן מחקה,יובנק נאמנות,הראל,פטורה,0.150,0.0200,,21.07.2026,465.45,464.98,,תל גוב – לא צמודות,לא נגבית עמלת הפצה,0.000
"הראל סל ת""א בטחוניות",1233170,קרן סל,4,A,מניות בארץ,מניות לפי ענפים,תעשיה,לפי מדיניות השקעותיה הקרן הינה קרן מחקה,יובנק נאמנות,הראל,פטורה,0.350,0.0200,,21.07.2026,3872.67,3864.92,,"ת""א ביטחוניות",לא נגבית עמלת הפצה,0.000
"הראל סל ת""א תשתיות",1235803,קרן סל,4,A,מניות בארץ,מניות לפי ענפים,תשתיות,לפי מדיניות השקעותיה הקרן הינה קרן מחקה,יובנק נאמנות,הראל,פטורה,0.350,0.0200,,21.07.2026,4234.82,4226.35,,"ת""א תשתיות",לא נגבית עמלת הפצה,0.000
תכלית סל ישרא ביטחוניות,1235985,קרן סל,4,A,מניות בארץ,מניות לפי ענפים,תעשיה,לפי מדיניות השקעותיה הקרן הינה קרן מחקה,הרמטיק נאמנות,מיטב קרנות נאמנות,פטורה,0.300,0.0150,,21.07.2026,7663.82,7648.49,,אינדקס תעשיות ביטחוניות ישראל,לא נגבית עמלת הפצה,0.000
"MTF סל‏ חסר ת""א-בנייה",1236744,קרן סל,6,A,ממונפות,ממונפות בחסר בסיכון גבוה,מניות בארץ,"הקרן הינה קרן ממונפת,לפי מדיניות השקעותיה הקרן הינה קרן מחקה,לפי מדיניות השקעותיה הקרן הינה קרן חשיפה הפוכה",אלמגור-בריטמן נאמנות,מגדל,פטורה,0.500,0.0300,,21.07.2026,2328.87,2321.88,,"ת""א-בנייה",לא נגבית עמלת הפצה,0.000
MTF סל Indxביטחוני ישראל,1236751,קרן סל,4,A,מניות בארץ,מניות לפי ענפים,תעשיה,לפי מדיניות השקעותיה הקרן הינה קרן מחקה,מזרחי טפחות נאמנות,מגדל,פטורה,0.100,0.0100,,21.07.2026,3014.91,3008.88,,"INDXX ביטחוניות ישראל ",לא נגבית עמלת הפצה,0.000
קסם ITRR10Y ETF ממ,1237064,קרן סל,0,A,"אג""ח בחו""ל","ממשלתיות מנוטרלת מט""ח - ארוך",,"הקרן הינה קרן בלתי מוגבלת בני""ע חוץ,לפי מדיניות השקעותיה הקרן הינה קרן מחקה",אלמגור-בריטמן נאמנות,קסם,פטורה,0.200,0.0250,,20.07.2026,3872.71,3861.09,,+iBoxx $ Treasuries 10Y,לא נגבית עמלת הפצה,0.000
MTF סל Ind Indstrl Elect,1237916,קרן סל,4,D,"מניות בחו""ל","מניות לפי ענפים בחו""ל - חשופת מט""ח",Industrials,"הקרן הינה קרן בלתי מוגבלת בני""ע חוץ,לפי מדיניות השקעותיה הקרן הינה קרן מחקה",מזרחי טפחות נאמנות,מגדל,פטורה,0.500,0.0400,,20.07.2026,2943.89,2935.06,,"Indxx US Industrial Electrification Ecosystem,דולר ארה""ב",לא נגבית עמלת הפצה,0.000
"ATF סל ת""א 200",1238104,קרן סל,4,A,מניות בארץ,מניות לפי שווי שוק,All Cap,לפי מדיניות השקעותיה הקרן הינה קרן מחקה,מזרחי טפחות נאמנות,אנליסט,פטורה,0.000,0.0050,,21.07.2026,4838.30,4828.62,,"ת""א-200",לא נגבית עמלת הפצה,0.000
"ATF סל ת""א 125",1238203,קרן סל,4,A,מניות בארץ,מניות לפי שווי שוק,Mid Cap & Large,לפי מדיניות השקעותיה הקרן הינה קרן מחקה,מזרחי טפחות נאמנות,אנליסט,פטורה,0.000,0.0050,,21.07.2026,4852.09,4847.24,,"ת""א 125",לא נגבית עמלת הפצה,0.000
קסם ETF תא טכנולוגיה,1238559,קרן סל,4,A,מניות בארץ,מניות לפי ענפים,טכנולוגיה,לפי מדיניות השקעותיה הקרן הינה קרן מחקה,הרמטיק נאמנות,קסם,פטורה,0.100,0.0150,,21.07.2026,2418.08,2413.24,,"ת""א-טכנולוגיה",לא נגבית עמלת הפצה,0.000
קסם ETF אי אנרגיה ישראלי,1238567,קרן סל,4,A,מניות בארץ,מניות לפי ענפים,"נפט, גז ואנרגיה",לפי מדיניות השקעותיה הקרן הינה קרן מחקה,אלמגור-בריטמן נאמנות,קסם,פטורה,0.200,0.0200,,21.07.2026,3942.26,3934.38,,אינדקס אנרגיה ישראלית,לא נגבית עמלת הפצה,0.000
קסם MVIDITR ETF,1239698,קרן סל,4,A,מניות בארץ,מניות לפי ענפים,תעשיה,לפי מדיניות השקעותיה הקרן הינה קרן מחקה,מזרחי טפחות נאמנות,קסם,פטורה,0.250,0.0250,,21.07.2026,5676.96,5665.61,,"MarketVector תעשיות בטחוניות ישראליות ",לא נגבית עמלת הפצה,0.000
הראל סל MSCI Em Mrkt מד,1239862,קרן סל,4,A,"מניות בחו""ל","מניות גיאוגרפי - מנוטרלת מט""ח",גלובלי- שווקים מתעוררים,"הקרן הינה קרן בלתי מוגבלת בני""ע חוץ,לפי מדיניות השקעותיה הקרן הינה קרן מחקה",יובנק נאמנות,הראל,פטורה,0.400,0.0250,,15.07.2026,922.45,919.68,,MSCI EMERGING MARKETS - NTR,לא נגבית עמלת הפצה,0.000
קסם ETFמש תא 125 S&P500 ח,1242940,קרן סל,4,D,אחר,,,"הקרן הינה קרן בלתי מוגבלת בני""ע חוץ,לפי מדיניות השקעותיה הקרן הינה קרן מחקה",הרמטיק נאמנות,קסם,פטורה,0.000,0.0200,,20.07.2026,4071.83,4063.69,,"ת""א 125,S&P 500 - NTR,דולר ארה""ב",לא נגבית עמלת הפצה,0.000
קסם Poland 50 iNDEX ETF,1243450,קרן סל,4,D,"מניות בחו""ל","מניות גיאוגרפי - חשופת מט""ח",אירופה- שווקים מתעוררים,"הקרן הינה קרן בלתי מוגבלת בני""ע חוץ,לפי מדיניות השקעותיה הקרן הינה קרן מחקה",הרמטיק נאמנות,קסם,פטורה,0.500,0.0300,,,,,,"Poland 50 iNDEX,זלוטי פולני",לא נגבית עמלת הפצה,0.000
הראל מדורג שקלי ללא מניות,5100110,קרן פתוחה,0,0,"אג""ח בארץ - חברות והמרה",חברות והמרה שקלי ללא מניות,,,יובנק נאמנות,הראל,פטורה,0.850,0.0400,77.2,21.07.2026,283.29,283.29,0.34,תל בונד-לא צמודות,0.35%,0.000
איביאי יתר,5100144,קרן פתוחה,4,A,מניות בארץ,מניות לפי שווי שוק,מניות Small Cap,,יובנק נאמנות,"איביאי קרנות נאמנות ",פטורה,2.710,0.0500,41.4,21.07.2026,1648.84,1648.84,3.29,יתר מניות,0.35%,0.000
קסם אקט ענקיות טכנ חול,5100151,קרן פתוחה,4,D,"מניות בחו""ל","מניות לפי ענפים בחו""ל",,"הקרן הינה קרן בלתי מוגבלת בני""ע חוץ",יובנק נאמנות,קסם,פטורה,1.940,0.0400,341.6,20.07.2026,480.44,480.44,1.90,"NASDAQ 100 - NTR,דולר ארה""ב",0.35%,0.000
הראל 4D אודם,5100169,קרן פתוחה,4,D,גמישות,,,"הקרן הינה קרן בלתי מוגבלת בני""ע חוץ",יובנק נאמנות,הראל,פטורה,1.190,0.0400,84.0,20.07.2026,597.23,597.23,1.99,אחר,0.35%,0.000
"אילים אג""ח + 30%",5100193,קרן פתוחה,2,B,"אג""ח בארץ - כללי","אג""ח כללי בארץ - עד 30% מניות",,,יובנק נאמנות,אילים קרנות,פטורה,0.690,0.0300,312.6,21.07.2026,420.98,420.98,1.00,"All-Bond כללי,ת""א 125",0.35%,0.000
אלטשולר שחם 10/90 תיק חול,5100235,קרן פתוחה,1,D,"אג""ח בחו""ל","אג""ח חשופת דולר",,"הקרן הינה קרן בלתי מוגבלת בני""ע חוץ",יובנק נאמנות,אלטשולר-שחם קרנות,פטורה,0.780,0.0400,63.5,20.07.2026,171.69,171.69,0.91,"Bloomberg Intermediate Corporate Total Return Index Value Unhedged USD - GTR,MSCI World Index Daily Net TR Local,דולר ארה""ב",0.35%,0.000
קסםאקט מניותדיבידנדגלובלי,5100243,קרן פתוחה,4,D,"מניות בחו""ל","מניות כללי בחו""ל","מניות כללי בחו""ל חשופת מט""ח","הקרן הינה קרן בלתי מוגבלת בני""ע חוץ,קרן להשק חוץ-פטור ממס לתושבי חוץ",יובנק נאמנות,קסם,פטורה,1.890,0.0400,51.2,20.07.2026,627.85,627.85,0.96,"Dow Jones U.S. Dividend 100 Index ,S&P US Dividend Growers Index,דולר ארה""ב",0.35%,0.000
קסם אקט 10/90 תיק סולידי,5100284,קרן פתוחה,1,A,"אג""ח בארץ - כללי","אג""ח כללי בארץ - עד 10% מניות","אג""ח כללי בארץ בדירוג גבוה (AA ומעלה ו/ או מדינה)- עד 10% מניות",,יובנק נאמנות,קסם,פטורה,0.800,0.0300,364.2,21.07.2026,327.77,327.77,0.54,"תל גוב-כללי,תל בונד שקלי-50,תל בונד-צמודות AA-AAA,ת""א 125",0.35%,0.000
תמיר פישמן 0D ! אג בינלאו,5100300,קרן פתוחה,0,D,"אג""ח בחו""ל","אג""ח חשופת דולר",,"הקרן הינה קרן בלתי מוגבלת בני""ע חוץ",יובנק נאמנות,תמיר פישמן,חייבת,0.890,0.0600,53.0,20.07.2026,110.67,110.67,0.81,"IBOXX USD LIQUID INVESTMENT GRADE - GTR,דולר ארה""ב",0.35%,0.000
קסם אקט מדינה ללא מנ כשר,5100318,קרן פתוחה,0,B,"אג""ח בארץ - מדינה","אג""ח מדינה כללי - ללא מניות",,קרן כשרה,יובנק נאמנות,קסם,פטורה,0.670,0.0300,66.6,21.07.2026,185.82,185.82,0.36,"תל גוב-שקלי 2-5,תל גוב-צמודות 2-5,תל בונד מאגר",0.35%,0.000
מיטב מדורגות A ומעלה,5100383,קרן פתוחה,0,B,"אג""ח בארץ - חברות והמרה",חברות והמרה ללא מניות,"חברות והמרה ללא מניות וללא סימן קריאה, עם מגבלת מח""מ עד 5 שנים",,מזרחי טפחות נאמנות,מיטב קרנות נאמנות,פטורה,0.890,0.0300,239.6,21.07.2026,275.51,275.51,0.37,"אג""ח כללי - קונצרני",0.35%,0.000
מיטב ת״א 125,5100474,קרן פתוחה,4,A,מניות בארץ,מניות לפי שווי שוק,מניות Large & Mid Cap,,יובנק נאמנות,מיטב קרנות נאמנות,פטורה,1.850,0.0400,1884.6,21.07.2026,1454.75,1454.72,3.30,"ת""א 125",0.35%,0.000
איביאי 4D גלובל אקוויטי,5100482,קרן פתוחה,4,D,"מניות בחו""ל","מניות כללי בחו""ל","מניות כללי בחו""ל חשופת מט""ח","הקרן הינה קרן בלתי מוגבלת בני""ע חוץ",יובנק נאמנות,"איביאי קרנות נאמנות ",פטורה,2.100,0.0500,127.6,20.07.2026,269.56,269.56,0.93,"S&P 500 - NTR,דולר ארה""ב",0.35%,0.000
הראל מדינה שקלית ארוכה,5100565,קרן פתוחה,0,0,"אג""ח בארץ - מדינה","אג""ח מדינה שקליות - ללא מניות",,,יובנק נאמנות,הראל,פטורה,0.690,0.0400,159.2,21.07.2026,352.55,352.55,0.87,תל גוב-שקלי 5+,0.35%,0.000
קסם אקט שקל A ומעלה,5100581,קרן פתוחה,0,0,"אג""ח בארץ - חברות והמרה",חברות והמרה שקלי ללא מניות,,,יובנק נאמנות,קסם,פטורה,0.710,0.0300,79.6,21.07.2026,261.17,261.17,0.35,"תל גוב-שקלי 2-5,תל בונד-שקלי A",0.35%,0.000
"איביאי 0D ! אג יורו בינ""ל",5100615,קרן פתוחה,0,D,"אג""ח בחו""ל","אג""ח חשופת מט""ח",,"הקרן הינה קרן בלתי מוגבלת בני""ע חוץ,קרן להשקעות חוץ – מטבע עיקרי - אירו,קרן להשק חוץ-פטור ממס לתושבי חוץ",יובנק נאמנות,"איביאי קרנות נאמנות ",פטורה,1.000,0.0500,3.0,20.07.2026,98.42,98.42,0.73,אירו,0.35%,0.000
מיטב כספית דולרית,5100672,קרן פתוחה,0,D,קרן כספית,"כספית מט""חית עם קונצרני",חשופת דולר,"הקרן הינה קרן בלתי מוגבלת בני""ע חוץ,קרן להשקעות חוץ – מטבע עיקרי - דולר ארה""ב",יובנק נאמנות,מיטב קרנות נאמנות,פטורה,0.280,0.0200,280.8,20.07.2026,69.33,69.33,1.11,"אחר,דולר ארה""ב",0.1%,0.000
מגדל תיק מר נזיל בנק בינל,5100680,קרן פתוחה,0,A,"אג""ח בארץ - חברות והמרה",חברות והמרה ללא מניות,"חברות והמרה ללא מניות וללא סימן קריאה, עם מגבלת מח""מ עד 5 שנים",הקרן עוקבת תיק של - הבנק הבינלאומי הראשון לישראל,יובנק נאמנות,מגדל,פטורה,0.490,0.0400,27.5,21.07.2026,194.23,194.23,0.16,"אג""ח כללי - קונצרני",0.35%,0.000
הראל סקטור עולמי עד30מטח,5100771,קרן פתוחה,4,B,"מניות בחו""ל","מניות כללי בחו""ל","מניות כללי בחו""ל מוגנת מט""ח","הקרן הינה קרן בלתי מוגבלת בני""ע חוץ,קרן להשק חוץ-פטור ממס לתושבי חוץ",יובנק נאמנות,הראל,פטורה,1.170,0.0400,30.9,20.07.2026,205.86,205.84,1.09,MSCI AC WORLD INDEX - NTR,0.35%,0.000
"אש תיק אג""ח שקלי",5100813,קרן פתוחה,0,A,"אג""ח בארץ - כללי","אג""ח כללי בארץ - ללא מניות","אג""ח כללי בארץ ללא מניות וללא סימן קריאה",,יובנק נאמנות,אלטשולר-שחם קרנות,פטורה,0.780,0.0400,436.7,21.07.2026,383.21,383.21,0.59,"תל גוב-שקלי,תל בונד שקלי",0.35%,0.000
"איביאי מניות ארה""ב",5100821,קרן פתוחה,4,D,"מניות בחו""ל",מניות גאוגרפי,"ארה""ב חשופת מט""ח","הקרן הינה קרן בלתי מוגבלת בני""ע חוץ",יובנק נאמנות,"איביאי קרנות נאמנות ",פטורה,2.250,0.0500,127.3,20.07.2026,127.36,127.36,1.35,"S&P 500 - NTR,דולר ארה""ב",0.35%,0.000
קסם אקט תיק מנוהל,5100953,קרן פתוחה,3,D,"אג""ח בארץ - כללי","אג""ח כללי בארץ - חשיפה מרבית מעל 30% מניות",,,מזרחי טפחות נאמנות,קסם,פטורה,0.450,0.0400,173.5,21.07.2026,126.84,126.84,0.64,"All-Bond כללי,ת""א 125,MSCI AC WORLD INDEX - NTR,דולר ארה""ב",0.35%,0.000
מיטב 5D זהב,5100961,קרן פתוחה,5,D,"מניות בחו""ל","מניות לפי ענפים בחו""ל",,"הקרן הינה קרן בלתי מוגבלת בני""ע חוץ",יובנק נאמנות,מיטב קרנות נאמנות,פטורה,2.520,0.0300,48.1,20.07.2026,148.73,148.73,3.65,"GOLD SPOT $/OZ INDEX,דולר ארה""ב",0.35%,0.000
"מיטב מניות טכנולוגיה חו""ל",5101019,קרן פתוחה,4,D,"מניות בחו""ל","מניות לפי ענפים בחו""ל",,"הקרן הינה קרן בלתי מוגבלת בני""ע חוץ",מזרחי טפחות נאמנות,מיטב קרנות נאמנות,פטורה,1.690,0.0400,502.3,20.07.2026,673.78,673.59,1.55,"NASDAQ COMPOSITE INDEX - GTR,דולר ארה""ב",0.35%,0.000
"אנליסט טכנולוגיות חו""ל",5101092,קרן פתוחה,4,D,"מניות בחו""ל","מניות לפי ענפים בחו""ל",,"הקרן הינה קרן בלתי מוגבלת בני""ע חוץ",מזרחי טפחות נאמנות,אנליסט,פטורה,1.950,0.0250,474.8,20.07.2026,549.60,549.60,1.91,"NASDAQ COMPOSITE INDEX - GTR,דולר ארה""ב",0.35%,0.000
"איילון ארה""ב חייבת",5101118,קרן פתוחה,4,D,"מניות בחו""ל",מניות גאוגרפי,"ארה""ב חשופת מט""ח","הקרן הינה קרן בלתי מוגבלת בני""ע חוץ",יובנק נאמנות,איילון,חייבת,0.950,0.0400,82.8,20.07.2026,301.94,301.94,0.83,"S&P 500 - NTR,דולר ארה""ב",0.35%,0.000
איילון מניות US,5101159,קרן פתוחה,4,D,"מניות בחו""ל",מניות גאוגרפי,"ארה""ב חשופת מט""ח","הקרן הינה קרן בלתי מוגבלת בני""ע חוץ",יובנק נאמנות,איילון,פטורה,1.950,0.0400,44.0,20.07.2026,163.04,163.04,1.35,"S&P 500 - NTR,דולר ארה""ב",0.35%,0.000
איביאי ביוטכנולוגיה גלובל,5101183,קרן פתוחה,4,D,"מניות בחו""ל","מניות לפי ענפים בחו""ל",,"הקרן הינה קרן בלתי מוגבלת בני""ע חוץ",יובנק נאמנות,"איביאי קרנות נאמנות ",חייבת,1.100,0.0500,17.9,20.07.2026,196.10,196.10,2.58,"NASDAQ Biotechnology INDEX - GTR,דולר ארה""ב",0.35%,0.000
מגדל 25/75 פלוס,5101191,קרן פתוחה,2,B,"אג""ח בארץ - כללי","אג""ח כללי בארץ - עד 25% מניות",,,יובנק נאמנות,מגדל,פטורה,0.890,0.0500,51.6,21.07.2026,151.28,151.28,0.90,All-Bond כללי,0.35%,0.000
סיגמא מניות ערך גלובלי,5101233,קרן פתוחה,4,D,"מניות בחו""ל","מניות כללי בחו""ל","מניות כללי בחו""ל חשופת מט""ח","הקרן הינה קרן בלתי מוגבלת בני""ע חוץ",אלמגור-בריטמן נאמנות,סיגמא,פטורה,2.420,0.0400,57.4,20.07.2026,201.16,201.16,1.18,"MSCI WORLD INDEX - NTR,דולר ארה""ב",0.35%,0.000
אנליסט מניות ישראל,5101258,קרן פתוחה,4,B,מניות בארץ,מניות לפי שווי שוק,מניות Large & Mid Cap,,מזרחי טפחות נאמנות,אנליסט,פטורה,1.690,0.0300,533.1,21.07.2026,1045.28,1045.28,2.97,"ת""א 125",0.35%,0.000
"אנליסט נדל""ן",5101266,קרן פתוחה,4,B,מניות בארץ,מניות לפי ענפים,,,מזרחי טפחות נאמנות,אנליסט,פטורה,1.850,0.0300,41.2,21.07.2026,829.34,829.34,4.11,"נדל""ן ובינוי",0.35%,0.000
"קסם אקט ארה""ב חייבת",5101308,קרן פתוחה,4,D,"מניות בחו""ל",מניות גאוגרפי,"ארה""ב חשופת מט""ח","הקרן הינה קרן בלתי מוגבלת בני""ע חוץ",אלמגור-בריטמן נאמנות,קסם,חייבת,0.950,0.0400,42.1,20.07.2026,163.04,163.04,1.03,"S&P 500 - NTR,דולר ארה""ב",0.35%,0.000
איילון מניות קרן נאמנות,5101381,קרן פתוחה,4,B,מניות בארץ,מניות לפי שווי שוק,מניות All Cap,,יובנק נאמנות,איילון,פטורה,2.490,0.0400,22.3,21.07.2026,456.53,456.53,3.62,"ת""א 125",0.35%,0.000
"סיגמא אג""ח מדינה",5101399,קרן פתוחה,0,A,"אג""ח בארץ - מדינה","אג""ח מדינה כללי - ללא מניות",,,אלמגור-בריטמן נאמנות,סיגמא,פטורה,0.640,0.0400,224.2,21.07.2026,56.46,56.46,0.23,תל גוב-כללי,0.35%,0.000
קסם אקטיב שווקים מתעוררים,5101431,קרן פתוחה,4,D,"מניות בחו""ל",מניות גאוגרפי,"מניות גיאוגרפי אחר חשופת מט""ח","הקרן הינה קרן בלתי מוגבלת בני""ע חוץ",יובנק נאמנות,קסם,חייבת,1.950,0.0400,6.5,20.07.2026,155.14,155.14,0.99,"MSCI EMERGING MARKETS - NTR,דולר ארה""ב",0.35%,0.000
קסם אקט אגח + 25%,5101480,קרן פתוחה,2,B,"אג""ח בארץ - כללי","אג""ח כללי בארץ - עד 25% מניות",,,מזרחי טפחות נאמנות,קסם,פטורה,0.680,0.0400,80.3,21.07.2026,314.73,314.73,0.95,"All-Bond כללי,ת""א 125",0.35%,0.000
מור מחקה תא 35,5101506,קרן מחקה,4,A,מניות בארץ,מניות לפי שווי שוק,Large Cap,לפי מדיניות השקעותיה הקרן הינה קרן מחקה,יובנק נאמנות,מור קרנות,פטורה,0.450,0.0200,152.3,21.07.2026,924.89,924.89,3.10,"ת""א-35",לא נגבית עמלת הפצה,0.000
מיטב מדינה שקלית כשרה,5101563,קרן פתוחה,0,0,"אג""ח בארץ - מדינה","אג""ח מדינה שקליות - ללא מניות",,קרן כשרה,יובנק נאמנות,מיטב קרנות נאמנות,פטורה,0.690,0.0200,86.3,21.07.2026,192.01,192.01,0.52,תל גוב-שקלי,0.35%,0.000
מגדל מדינה שקלים ארוכים,5101571,קרן פתוחה,0,0,"אג""ח בארץ - מדינה","אג""ח מדינה שקליות - ללא מניות",,,אלמגור-בריטמן נאמנות,מגדל,פטורה,0.690,0.0400,287.7,21.07.2026,320.55,320.55,0.88,תל גוב-שקלי 5+,0.35%,0.000
"קסם אקט אג""ח גלובלי מדורג",5101621,קרן פתוחה,0,D,"אג""ח בחו""ל","אג""ח חשופת מט""ח",,"הקרן הינה קרן בלתי מוגבלת בני""ע חוץ",יובנק נאמנות,קסם,פטורה,0.750,0.0400,59.9,20.07.2026,120.34,120.34,0.95,"Markit iBoxx USD Liquid Investment Grade 0-5 - GTR ,דולר ארה""ב",0.35%,0.000
אנליסט השקעות,5101639,קרן פתוחה,4,D,גמישות,,,"הקרן הינה קרן בלתי מוגבלת בני""ע חוץ,הקרן היא קרן מועדים קבועים",מזרחי טפחות נאמנות,אנליסט,פטורה,1.940,0.0250,468.3,20.07.2026,2094.26,2094.26,1.63,אחר,0.35%,0.000
"הראל אג""ח תאגידים",5101670,קרן פתוחה,1,B,"אג""ח בארץ - חברות והמרה",חברות והמרה עם מניות,חברות והמרה עם מניות ועם סימן קריאה,,יובנק נאמנות,הראל,פטורה,0.650,0.0400,34.4,21.07.2026,300.28,297.31,0.31,"אג""ח כללי - קונצרני",0.35%,1.000
הראל קונצרני פלוס,5101704,קרן פתוחה,1,B,"אג""ח בארץ - חברות והמרה",חברות והמרה עם מניות,חברות והמרה עם מניות ועם סימן קריאה,,יובנק נאמנות,הראל,פטורה,0.590,0.0400,6.3,21.07.2026,139.47,139.47,0.51,"אג""ח כללי - קונצרני,ת""א 125",0.35%,0.000
"הראל אג""ח חו""ל יורו",5101712,קרן פתוחה,0,D,"אג""ח בחו""ל","אג""ח חשופת מט""ח",,"הקרן הינה קרן בלתי מוגבלת בני""ע חוץ,קרן להשקעות חוץ – מטבע עיקרי - אירו",יובנק נאמנות,הראל,פטורה,1.170,0.0400,14.5,20.07.2026,146.66,146.66,0.71,אירו,0.35%,0.000
איילון סולידית +10%,5101795,קרן פתוחה,1,B,"אג""ח בארץ - כללי","אג""ח כללי בארץ - עד 10% מניות","אג""ח כללי בארץ בדירוג גבוה (AA ומעלה ו/ או מדינה)- עד 10% מניות",,יובנק נאמנות,איילון,פטורה,0.650,0.0300,23.7,21.07.2026,264.31,264.31,0.56,"All-Bond כללי,ת""א 125",0.35%,0.000
איילון מדינה שקלית+10%,5101811,קרן פתוחה,1,A,"אג""ח בארץ - מדינה","אג""ח מדינה שקליות - עד 10% מניות",,,יובנק נאמנות,איילון,פטורה,0.640,0.0300,25.5,21.07.2026,258.47,258.47,0.74,"תל גוב-שקלי,ת""א 125",0.35%,0.000
איביאי 0D אגחול$ נק$ 3שני,5101902,קרן פתוחה,0,D,"אג""ח בחו""ל","אג""ח נקובת מט""ח",,"הקרן הינה קרן בלתי מוגבלת בני""ע חוץ,יחידות הקרן נקובות ב- $,קרן להשקעות חוץ – מטבע עיקרי - דולר ארה""ב,קרן להשק חוץ-פטור ממס לתושבי חוץ",יובנק נאמנות,"איביאי קרנות נאמנות ",פטורה,0.660,0.0500,31.3,20.07.2026,31.09,31.09,1.16,ICE BofAML 1-3 Year US Corporate & Government Index,0.35%,0.000
מיטב גז ונפט,5101951,קרן פתוחה,4,A,מניות בארץ,מניות לפי ענפים,,,יובנק נאמנות,מיטב קרנות נאמנות,פטורה,2.050,0.0300,61.8,21.07.2026,661.83,661.83,4.52,חיפושי גז ונפט מניות והמירים,0.35%,0.000
איביאי מניות,5102132,קרן פתוחה,4,A,מניות בארץ,מניות לפי שווי שוק,מניות All Cap,,יובנק נאמנות,"איביאי קרנות נאמנות ",פטורה,2.290,0.0500,289.5,21.07.2026,520.92,520.92,3.69,"ת""א 125",0.35%,0.000
איילון פאי 30/70,5102157,קרן פתוחה,2,B,"אג""ח בארץ - כללי","אג""ח כללי בארץ - עד 30% מניות",,,יובנק נאמנות,איילון,פטורה,0.850,0.0400,46.5,21.07.2026,322.47,322.47,0.85,"All-Bond כללי,ת""א 125",0.35%,0.000
מיטב LONG RUN 4D,5102207,קרן פתוחה,4,D,גמישות,,,"הקרן הינה קרן בלתי מוגבלת בני""ע חוץ",יובנק נאמנות,מיטב קרנות נאמנות,פטורה,1.480,0.0300,348.7,20.07.2026,609.94,609.93,1.31,אחר,0.35%,0.000
"מיטב מניות ארה""ב",5102256,קרן פתוחה,4,D,"מניות בחו""ל",מניות גאוגרפי,"ארה""ב חשופת מט""ח","הקרן הינה קרן בלתי מוגבלת בני""ע חוץ",מזרחי טפחות נאמנות,מיטב קרנות נאמנות,פטורה,1.760,0.0400,786.4,20.07.2026,560.26,560.23,1.03,"S&P 500 - NTR,דולר ארה""ב",0.35%,0.000
"אש ת""א MidCap Stk Pick",5102298,קרן פתוחה,4,B,מניות בארץ,מניות לפי שווי שוק,מניות Large & Mid Cap,,יובנק נאמנות,אלטשולר-שחם קרנות,פטורה,1.500,0.0400,233.0,21.07.2026,394.96,394.96,2.94,"ת""א 90",0.35%,0.000
מיטב תיק השקעות 25/75,5102330,קרן פתוחה,2,B,"אג""ח בארץ - כללי","אג""ח כללי בארץ - עד 25% מניות",,,יובנק נאמנות,מיטב קרנות נאמנות,פטורה,0.890,0.0400,332.8,21.07.2026,88.99,88.99,0.91,All-Bond כללי,0.35%,0.000
"הראל אג""ח דולר בינלאומי",5102371,קרן פתוחה,0,D,"אג""ח בחו""ל","אג""ח חשופת דולר",,"הקרן הינה קרן בלתי מוגבלת בני""ע חוץ",מזרחי טפחות נאמנות,הראל,חייבת,0.760,0.0400,269.3,20.07.2026,133.34,133.34,0.96,"Bloomberg Intermediate Corporate Total Return Index Value Unhedged USD - GTR,דולר ארה""ב",0.35%,0.000
"קסם אקט עוקב תיק 2 בינ""ל",5102421,קרן פתוחה,2,B,"אג""ח בארץ - כללי","אג""ח כללי בארץ - עד 15% מניות",,הקרן עוקבת תיק של - הבנק הבינלאומי הראשון לישראל,אלמגור-בריטמן נאמנות,קסם,פטורה,0.760,0.0300,448.2,21.07.2026,229.61,229.61,0.45,"All-Bond כללי,ת""א 125",0.35%,0.000
הראל מדינה שקלי 0-3 + 10%,5102470,קרן פתוחה,1,A,"אג""ח בארץ - מדינה","אג""ח מדינה שקליות - עד 10% מניות",,,יובנק נאמנות,הראל,פטורה,1.350,0.0400,40.5,21.07.2026,187.45,187.45,0.32,"תל גוב-שקלי 0-2,תל בונד-שקלי 1-3,ת""א 125,MSCI AC WORLD INDEX - RT - NTR ",0.35%,0.000
הראל ישראל 25/75,5102488,קרן פתוחה,2,B,"אג""ח בארץ - כללי","אג""ח כללי בארץ - עד 25% מניות",,,יובנק נאמנות,הראל,פטורה,0.630,0.0400,1538.9,21.07.2026,74.91,74.91,0.98,"All-Bond כללי,ת""א 125",0.35%,0.000
הראל אירופה עד 30 מטח,5102652,קרן פתוחה,4,B,"מניות בחו""ל",מניות גאוגרפי,"מניות גאוגרפי מוגנת מט""ח","הקרן הינה קרן בלתי מוגבלת בני""ע חוץ,קרן להשק חוץ-פטור ממס לתושבי חוץ",יובנק נאמנות,הראל,פטורה,1.150,0.0400,5.9,20.07.2026,115.02,114.91,0.91,STOXX Europe 600 - NTR,0.35%,0.000
מגדל תיק השקעות 30/70,5102678,קרן פתוחה,2,B,"אג""ח בארץ - כללי","אג""ח כללי בארץ - עד 30% מניות",,,אלמגור-בריטמן נאמנות,מגדל,פטורה,0.790,0.0400,452.2,21.07.2026,322.44,322.44,1.03,"All-Bond כללי,מניות כללי",0.35%,0.000
"הראל אג""ח סולידית מחלקת",5102850,קרן פתוחה,0,B,"אג""ח בארץ - כללי","אג""ח כללי בארץ - ללא מניות","אג""ח כללי בארץ ללא מניות וללא סימן קריאה, עם מגבלת מח""מ עד 5 שנים",,יובנק נאמנות,הראל,חייבת,1.170,0.0400,21.3,21.07.2026,29.95,29.95,0.23,"תל בונד-צמודות AA-AAA,תל בונד-שקלי AA-AAA,תל גוב-כללי",0.35%,0.000
הראל תשתיות ישראל,5102876,קרן פתוחה,4,A,מניות בארץ,מניות לפי ענפים,,,יובנק נאמנות,הראל,פטורה,1.250,0.0400,100.4,21.07.2026,481.93,481.93,4.07,"ת""א-נפט וגז,ת""א-תשתיות אנרגיה,ת""א-בנייה",0.35%,0.000
מגדל עוק תיק 2 בנק בינל,5102926,קרן פתוחה,2,B,"אג""ח בארץ - כללי","אג""ח כללי בארץ - עד 15% מניות",,הקרן עוקבת תיק של - הבנק הבינלאומי הראשון לישראל,אלמגור-בריטמן נאמנות,מגדל,פטורה,0.790,0.0300,160.7,21.07.2026,247.43,247.43,0.45,All-Bond כללי,0.35%,0.000
מגדל כספית שקלית,5102991,קרן פתוחה,0,0,קרן כספית,כספית שקלית,כספית שקלית עם קונצרני,,אלמגור-בריטמן נאמנות,מגדל,פטורה,0.239,0.0100,5743.0,21.07.2026,168.22,168.22,0.00,אחר,0.1%,0.000
"קסם אקטיב אג""ח",5103056,קרן פתוחה,0,B,"אג""ח בארץ - כללי","אג""ח כללי בארץ - ללא מניות","אג""ח כללי בארץ ללא מניות וללא סימן קריאה",,יובנק נאמנות,קסם,פטורה,1.150,0.0400,180.4,21.07.2026,181.01,181.01,0.37,All-Bond כללי,0.35%,0.000
"קסם אקטאג""ח גלובמנוטרלמטח",5103106,קרן פתוחה,0,A,"אג""ח בחו""ל","אג""ח מוגנת מט""ח",,"הקרן הינה קרן בלתי מוגבלת בני""ע חוץ",יובנק נאמנות,קסם,פטורה,0.750,0.0400,134.5,20.07.2026,109.01,109.01,0.41,"Markit iBoxx USD Liquid Investment Grade 0-5 - GTR ",0.2%,0.000
קסם אקט מדינה צמוד + 10%,5103114,קרן פתוחה,1,B,"אג""ח בארץ - מדינה","אג""ח מדינה צמוד מדד - עד 10% מניות",,,יובנק נאמנות,קסם,פטורה,0.680,0.0400,432.9,21.07.2026,180.74,180.74,0.47,"תל גוב-צמודות,ת""א 125",0.35%,0.000
מגדל סקטור ארהב-מנוטר מטח,5103148,קרן פתוחה,4,A,"מניות בחו""ל",מניות גאוגרפי,"מניות גאוגרפי מוגנת מט""ח","הקרן הינה קרן בלתי מוגבלת בני""ע חוץ",אלמגור-בריטמן נאמנות,מגדל,פטורה,1.500,0.0500,90.3,20.07.2026,568.42,568.41,1.51,S&P 500 - NTR,0.35%,0.000
מגדל בונד שק A ומעלה +10%,5103163,קרן פתוחה,1,A,"אג""ח בארץ - חברות והמרה",חברות והמרה שקלי עם מניות,,,אלמגור-בריטמן נאמנות,מגדל,פטורה,0.590,0.0400,14.4,21.07.2026,279.13,279.13,0.48,תל בונד שקלי,0.35%,0.000
הראל אגח מדינות בחול-נ.$,5103247,קרן פתוחה,0,D,"אג""ח בחו""ל","אג""ח נקובת מט""ח",,"הקרן הינה קרן בלתי מוגבלת בני""ע חוץ,יחידות הקרן נקובות ב- $",יובנק נאמנות,הראל,פטורה,0.500,0.0400,60.5,20.07.2026,151.66,151.66,1.12,Bloomberg US Treasuey 1-5 Years,0.35%,0.000
"מיטב מניות ת""א MID CAP",5103296,קרן פתוחה,4,A,מניות בארץ,מניות לפי שווי שוק,מניות Large & Mid Cap,,מזרחי טפחות נאמנות,מיטב קרנות נאמנות,פטורה,1.790,0.0400,381.6,21.07.2026,1624.30,1624.30,3.41,"ת""א 90",0.35%,0.000
מגדל מעוף כפליים ממונפת,5103304,קרן פתוחה,6,A,ממונפות ואסטרטגיות,ממונפות בסיכון גבוה,,הקרן הינה קרן ממונפת,אלמגור-בריטמן נאמנות,מגדל,פטורה,2.810,0.0500,72.1,21.07.2026,1422.86,1422.86,6.17,"ת""א-35",0.35%,0.000
"קסם אקטיב אג""ח מדינה",5103361,קרן פתוחה,0,B,"אג""ח בארץ - מדינה","אג""ח מדינה כללי - ללא מניות",,,אלמגור-בריטמן נאמנות,קסם,חייבת,1.070,0.0400,41.2,21.07.2026,144.97,144.97,0.05,"תל גוב-מק""מ,תל גוב-צמודות 0-2",0.2%,0.000
קסם אקט ! קונ חול מנ חייב,5103387,קרן פתוחה,0,A,"אג""ח בחו""ל","אג""ח מוגנת מט""ח",,"הקרן הינה קרן בלתי מוגבלת בני""ע חוץ",אלמגור-בריטמן נאמנות,קסם,חייבת,0.590,0.0400,273.6,20.07.2026,115.97,115.97,0.17,Bloomberg Intermediate Corporate Total Return Index Value Unhedged USD - GTR,0.35%,0.000
הראל כספית דולר נזיל חיבת,5103403,קרן פתוחה,0,D,קרן כספית,"כספית מט""חית עם קונצרני",חשופת דולר,"הקרן הינה קרן בלתי מוגבלת בני""ע חוץ",יובנק נאמנות,הראל,חייבת,0.590,0.0200,40.5,20.07.2026,91.67,91.67,1.11,"אחר,דולר ארה""ב",0.1%,0.000
קסם אקטיב (4D) מניות US,5103486,קרן פתוחה,4,D,"מניות בחו""ל",מניות גאוגרפי,"ארה""ב חשופת מט""ח","הקרן הינה קרן בלתי מוגבלת בני""ע חוץ,קרן להשקעות חוץ – מטבע עיקרי - דולר ארה""ב,קרן להשק חוץ-פטור ממס לתושבי חוץ",אלמגור-בריטמן נאמנות,קסם,פטורה,1.700,0.0300,7.9,20.07.2026,216.73,216.73,1.19,"S&P 500 - NTR,דולר ארה""ב",0.35%,0.000
איביאי ILמנ Large&MidCap,5103494,קרן פתוחה,4,A,מניות בארץ,מניות לפי שווי שוק,מניות Large & Mid Cap,,יובנק נאמנות,"איביאי קרנות נאמנות ",פטורה,1.550,0.0500,98.3,21.07.2026,345.52,345.52,3.74,"ת""א 125",0.35%,0.000
איביאי כספית שקלית,5103510,קרן פתוחה,0,0,קרן כספית,כספית שקלית,כספית שקלית עם קונצרני,,יובנק נאמנות,"איביאי קרנות נאמנות ",פטורה,0.200,0.0100,2425.6,21.07.2026,157.21,157.21,0.00,"תל גוב-מק""מ",0.1%,0.000
כוון (2B)י 30/70,5103569,קרן פתוחה,2,B,"אג""ח בארץ - כללי","אג""ח כללי בארץ - עד 30% מניות",,,יובנק נאמנות,איילון,פטורה,0.790,0.0450,18.7,21.07.2026,348.71,348.71,0.98,All-Bond כללי,0.35%,0.000
"מגדל 0D אג""ח $ בינל נקוב$",5103585,קרן פתוחה,0,D,"אג""ח בחו""ל","אג""ח נקובת מט""ח",,"הקרן הינה קרן בלתי מוגבלת בני""ע חוץ,יחידות הקרן נקובות ב- $,קרן להשק חוץ-פטור ממס לתושבי חוץ",אלמגור-בריטמן נאמנות,מגדל,פטורה,0.950,0.0400,30.2,20.07.2026,177.80,177.80,1.06,S&P 500 Bond Mega 30 Investment Grade 3-5 Year - GTR,0.35%,0.000
איביאי 4D סין קרן נאמנות,5103593,קרן פתוחה,4,D,"מניות בחו""ל",מניות גאוגרפי,"מניות גיאוגרפי אחר חשופת מט""ח","הקרן הינה קרן בלתי מוגבלת בני""ע חוץ",יובנק נאמנות,"איביאי קרנות נאמנות ",פטורה,1.950,0.0500,14.6,20.07.2026,191.57,191.57,2.35,"FTSE China 50 - NTR,דולר הונג קונג",0.35%,0.000
"מגדל אג""ח ללא מניות",5103676,קרן פתוחה,0,0,"אג""ח בארץ - כללי","אג""ח כללי בארץ - ללא מניות","אג""ח כללי בארץ ללא מניות וללא סימן קריאה",,יובנק נאמנות,מגדל,פטורה,0.690,0.0400,258.2,21.07.2026,172.53,172.53,0.41,All-Bond כללי,0.35%,0.000
מיטב סקי מניות,5103692,קרן פתוחה,4,A,מניות בארץ,מניות לפי שווי שוק,מניות All Cap,,יובנק נאמנות,מיטב קרנות נאמנות,פטורה,1.590,0.0300,611.6,21.07.2026,1036.45,1036.45,3.02,"ת""א 125,ת""א-SME60",0.35%,0.000
"אש (4B) נדל""ן",5103700,קרן פתוחה,4,B,מניות בארץ,מניות לפי ענפים,,,יובנק נאמנות,אלטשולר-שחם קרנות,פטורה,1.240,0.0400,130.1,21.07.2026,1203.41,1203.41,3.54,"ת""א נדל""ן",0.35%,0.000
קסם אקט אגח חול 2029 נקוב,5103718,קרן פתוחה,0,D,"אג""ח בחו""ל","אג""ח נקובת מט""ח",,"הקרן הינה קרן בלתי מוגבלת בני""ע חוץ,יחידות הקרן נקובות ב- $",אלמגור-בריטמן נאמנות,קסם,חייבת,0.460,0.0400,98.0,20.07.2026,149.30,149.30,1.18,Bloomberg U.S. AGG 1-3 Year Total Return Value Unhedged,0.35%,0.000
קסם אקטיב תיק+20% אגד חוץ,5103726,קרן פתוחה,2,D,אגד קרנות,אגד חוץ,,"הקרן הינה קרן בלתי מוגבלת בני""ע חוץ,קרן להשקעות חוץ – מטבע עיקרי - דולר ארה""ב,קרן להשק חוץ-פטור ממס לתושבי חוץ",אלמגור-בריטמן נאמנות,קסם,פטורה,0.750,0.0400,4.5,20.07.2026,107.96,107.96,0.91,"The Bloomberg Global Aggregate Bond Index,MSCI AC WORLD INDEX - NTR,דולר ארה""ב",0.35%,0.000
מגדל הודו,5103759,קרן פתוחה,4,D,"מניות בחו""ל",מניות גאוגרפי,"מניות גיאוגרפי אחר חשופת מט""ח","הקרן הינה קרן בלתי מוגבלת בני""ע חוץ",אלמגור-בריטמן נאמנות,מגדל,פטורה,1.950,0.0500,37.5,20.07.2026,291.19,291.19,1.85,"CNX NIFTY- GTR,רופי הודי",0.35%,0.000
מיטב עוקבת תיק 1 בינלאומי,5103767,קרן פתוחה,1,B,"אג""ח בארץ - כללי","אג""ח כללי בארץ - עד 5% מניות",,הקרן עוקבת תיק של - הבנק הבינלאומי הראשון לישראל,יובנק נאמנות,מיטב קרנות נאמנות,פטורה,0.690,0.0300,75.2,21.07.2026,178.95,178.95,0.27,All-Bond כללי,0.35%,0.000
איילון (2B)י 15/85,5103809,קרן פתוחה,2,B,"אג""ח בארץ - כללי","אג""ח כללי בארץ - עד 15% מניות",,,יובנק נאמנות,איילון,פטורה,0.650,0.0400,21.3,21.07.2026,187.04,187.04,0.77,"All-Bond כללי,ת""א 125",0.35%,0.000
הראל ספיר מניות,5103999,קרן פתוחה,4,B,מניות בארץ,מניות לפי שווי שוק,מניות All Cap,,יובנק נאמנות,הראל,פטורה,0.590,0.0400,105.3,21.07.2026,1011.91,992.07,3.64,"ת""א 125",0.35%,2.000
מיטב מניות ישראל,5104153,קרן פתוחה,4,B,מניות בארץ,מניות לפי שווי שוק,מניות All Cap,"הקרן הינה קרן בלתי מוגבלת בני""ע חוץ",מזרחי טפחות נאמנות,מיטב קרנות נאמנות,פטורה,1.680,0.0400,244.7,20.07.2026,772.09,772.09,2.03,"ת""א 125,ת""א-SME60",0.35%,0.000
"אנליסט 0D ! אג""ח חו""ל ללא",5104237,קרן פתוחה,0,D,"אג""ח בחו""ל","אג""ח חשופת מט""ח",,"הקרן הינה קרן בלתי מוגבלת בני""ע חוץ",מזרחי טפחות נאמנות,אנליסט,פטורה,0.790,0.0250,49.2,20.07.2026,105.18,105.18,0.95,"Bloomberg US Credit Total Return Value Unhedged USD – GTR,דולר ארה""ב",0.35%,0.000
קסם אקט עוקב מרכ נזיל בינ,5104252,קרן פתוחה,0,A,"אג""ח בארץ - חברות והמרה",חברות והמרה ללא מניות,"חברות והמרה ללא מניות וללא סימן קריאה, עם מגבלת מח""מ עד 5 שנים",הקרן עוקבת תיק של - הבנק הבינלאומי הראשון לישראל,יובנק נאמנות,קסם,פטורה,0.520,0.0400,80.9,21.07.2026,567.79,567.79,0.16,"תל בונד-צמודות 1-3,תל בונד-שקלי 1-3",0.35%,0.000
קסם אקטיב יפן,5104278,קרן פתוחה,4,D,"מניות בחו""ל",מניות גאוגרפי,"מניות גיאוגרפי אחר חשופת מט""ח","הקרן הינה קרן בלתי מוגבלת בני""ע חוץ,קרן להשק חוץ-פטור ממס לתושבי חוץ",יובנק נאמנות,קסם,פטורה,1.950,0.0400,27.1,20.07.2026,344.91,344.91,1.91,"NIKKEI 225 - NTR,יין יפני",0.35%,0.000
אנליסט אסטרטגיות,5104328,קרן פתוחה,5,C,ממונפות ואסטרטגיות,אסטרטגיות (לא ממונפות),,,מזרחי טפחות נאמנות,אנליסט,פטורה,3.520,0.0300,12.9,21.07.2026,612.43,612.43,3.08,מניות כללי,0.35%,0.000
"איביאי 0D ! אג דולר בינ""ל",5104393,קרן פתוחה,0,D,"אג""ח בחו""ל","אג""ח חשופת דולר",,"הקרן הינה קרן בלתי מוגבלת בני""ע חוץ,קרן להשקעות חוץ – מטבע עיקרי - דולר ארה""ב,קרן להשק חוץ-פטור ממס לתושבי חוץ",יובנק נאמנות,"איביאי קרנות נאמנות ",פטורה,0.980,0.0500,115.4,20.07.2026,103.02,103.02,1.01,"Bloomberg Intermediate Corporate Total Return Index Value Unhedged USD - GTR,דולר ארה""ב",0.35%,0.000
"מגדל אסטרטגיות אג""ח מדינה",5104419,קרן פתוחה,0,A,ממונפות ואסטרטגיות,אסטרטגיות (לא ממונפות),,,יובנק נאמנות,מגדל,פטורה,1.090,0.0500,49.9,21.07.2026,171.52,171.52,0.50,תל גוב-כללי,0.35%,0.000
הראל 10/90 - כשרה,5104476,קרן פתוחה,1,B,"אג""ח בארץ - כללי","אג""ח כללי בארץ - עד 10% מניות","אג""ח כללי בארץ- עד 10% מניות ללא סימן קריאה",קרן כשרה,יובנק נאמנות,הראל,פטורה,1.230,0.0400,56.7,21.07.2026,206.08,206.08,0.46,"All-Bond כללי,ת""א 125",0.35%,0.000
ת.פ (2B)י 15/85,5104518,קרן פתוחה,2,B,"אג""ח בארץ - כללי","אג""ח כללי בארץ - עד 15% מניות",,,יובנק נאמנות,תמיר פישמן,פטורה,0.690,0.0500,827.2,21.07.2026,256.26,256.26,0.68,"All-Bond כללי,ת""א 125",0.35%,0.000
מגדל MID CAP גרמניה ממ,5104666,קרן פתוחה,4,A,"מניות בחו""ל",מניות גאוגרפי,"מניות גאוגרפי מוגנת מט""ח","הקרן הינה קרן בלתי מוגבלת בני""ע חוץ",אלמגור-בריטמן נאמנות,מגדל,פטורה,1.850,0.0500,6.6,20.07.2026,227.53,227.45,1.66,MDAX - NTR,0.35%,0.000
הפניקסקסם תיק קונצרנימדור,5104732,קרן פתוחה,0,B,"אג""ח בארץ - חברות והמרה",חברות והמרה ללא מניות,חברות והמרה ללא מניות וללא סימן קריאה,,יובנק נאמנות,קסם,פטורה,0.890,0.0400,620.8,21.07.2026,212.84,212.84,0.39,"אג""ח כללי - קונצרני",0.35%,0.000
קסם אקט ! תיק קונצרנ 4,5104773,קרן פתוחה,0,B,"אג""ח בארץ - חברות והמרה",חברות והמרה ללא מניות,חברות והמרה ללא מניות עם סימן קריאה,,יובנק נאמנות,קסם,פטורה,0.770,0.0300,388.4,21.07.2026,238.46,238.46,0.34,"אג""ח כללי - קונצרני",0.35%,0.000
קסם אקטיב מניות אירופה,5104781,קרן פתוחה,4,D,"מניות בחו""ל",מניות גאוגרפי,"מניות גיאוגרפי אחר חשופת מט""ח","הקרן הינה קרן בלתי מוגבלת בני""ע חוץ,קרן להשק חוץ-פטור ממס לתושבי חוץ",יובנק נאמנות,קסם,פטורה,1.940,0.0400,23.4,20.07.2026,356.28,356.28,1.23,"STOXX Europe 600 - NTR,אירו",0.35%,0.000
הראל נבחרת 10/90,5104823,קרן פתוחה,1,B,"אג""ח בארץ - כללי","אג""ח כללי בארץ - עד 10% מניות","אג""ח כללי בארץ- עד 10% מניות ללא סימן קריאה",,יובנק נאמנות,הראל,פטורה,0.690,0.0400,265.2,21.07.2026,168.69,168.69,0.50,"All-Bond כללי,ת""א 125",0.35%,0.000
מגדל עוקב תיק 1 הבינלאומי,5104831,קרן פתוחה,1,B,"אג""ח בארץ - כללי","אג""ח כללי בארץ - עד 5% מניות",,הקרן עוקבת תיק של - הבנק הבינלאומי הראשון לישראל,אלמגור-בריטמן נאמנות,מגדל,פטורה,0.650,0.0400,54.5,21.07.2026,138.18,138.18,0.25,All-Bond כללי,0.35%,0.000
"מגדל אג""ח חברות",5104849,קרן פתוחה,0,A,"אג""ח בארץ - חברות והמרה",חברות והמרה ללא מניות,חברות והמרה ללא מניות עם סימן קריאה,,אלמגור-בריטמן נאמנות,מגדל,פטורה,0.880,0.0400,367.9,21.07.2026,266.21,266.21,0.35,"אג""ח כללי - קונצרני",0.35%,0.000
איילון מניות בנקים,5104922,קרן פתוחה,4,A,מניות בארץ,מניות לפי ענפים,,,יובנק נאמנות,איילון,פטורה,1.150,0.0300,998.2,21.07.2026,554.74,554.74,3.67,"ת""א בנקים-5",0.35%,0.000
קסם אקט אירופה,5104948,קרן פתוחה,4,D,"מניות בחו""ל",מניות גאוגרפי,"מניות גיאוגרפי אחר חשופת מט""ח","הקרן הינה קרן בלתי מוגבלת בני""ע חוץ",מזרחי טפחות נאמנות,קסם,פטורה,1.950,0.0400,9.4,20.07.2026,270.04,270.04,1.02,"STOXX Europe 600 - NTR,אירו",0.35%,0.000
מיטב בונד A ומעלה,5105143,קרן פתוחה,1,B,"אג""ח בארץ - חברות והמרה",חברות והמרה עם מניות,חברות והמרה עם מניות ללא סימן קריאה,,יובנק נאמנות,מיטב קרנות נאמנות,פטורה,1.020,0.0400,289.7,21.07.2026,221.28,221.28,0.55,"אג""ח כללי - קונצרני",0.35%,0.000
הפניקס קסם ממשלתי שקלי,5105176,קרן פתוחה,0,A,"אג""ח בארץ - מדינה","אג""ח מדינה שקליות - ללא מניות",,,אלמגור-בריטמן נאמנות,קסם,פטורה,0.850,0.0400,266.0,21.07.2026,146.80,146.80,0.48,"תל גוב – לא צמודות,תל בונד שקלי",0.35%,0.000
אש (4D) ירוקה גלובלי,5105218,קרן פתוחה,4,D,"מניות בחו""ל","מניות לפי ענפים בחו""ל",,"הקרן הינה קרן בלתי מוגבלת בני""ע חוץ",יובנק נאמנות,אלטשולר-שחם קרנות,פטורה,2.250,0.0400,33.2,20.07.2026,204.37,204.37,1.91,"WilderHill New Energy Global Innovation Index USD Net TR - NTR,דולר ארה""ב",0.35%,0.000
מגדל אפ 15/85,5105259,קרן פתוחה,2,B,"אג""ח בארץ - כללי","אג""ח כללי בארץ - עד 15% מניות",,,אלמגור-בריטמן נאמנות,מגדל,פטורה,0.890,0.0450,392.0,21.07.2026,273.60,273.60,0.60,All-Bond כללי,0.35%,0.000
ברומטר (2B)י 15/85,5105267,קרן פתוחה,2,B,"אג""ח בארץ - כללי","אג""ח כללי בארץ - עד 15% מניות",,,יובנק נאמנות,איילון,פטורה,0.930,0.0350,720.3,21.07.2026,296.50,296.50,0.50,"All-Bond כללי,ת""א 125",0.35%,0.000
כוון (2B)י 20/80,5105317,קרן פתוחה,2,B,"אג""ח בארץ - כללי","אג""ח כללי בארץ - עד 20% מניות",,,יובנק נאמנות,איילון,חייבת,0.890,0.0450,25.7,21.07.2026,212.18,212.18,0.61,"All-Bond כללי,מניות כללי",0.35%,0.000
"אילים אג""ח מדינה +10%",5105382,קרן פתוחה,1,B,"אג""ח בארץ - מדינה","אג""ח מדינה כללי - עד 10% מניות",,,יובנק נאמנות,אילים קרנות,פטורה,0.690,0.0300,686.2,21.07.2026,225.51,225.51,0.55,"תל גוב-כללי,ת""א 125",0.35%,0.000
"הראל אג""ח עולמי",5105390,קרן פתוחה,0,D,"אג""ח בחו""ל","אג""ח חשופת מט""ח",,"הקרן הינה קרן בלתי מוגבלת בני""ע חוץ",מזרחי טפחות נאמנות,הראל,פטורה,0.780,0.0400,52.8,20.07.2026,112.46,112.46,0.87,"Bloomberg Intermediate Corporate Total Return Index Value Unhedged USD - GTR,דולר ארה""ב",0.35%,0.000
אלטשולר שחם S&P 500,5105531,קרן פתוחה,4,D,"מניות בחו""ל",מניות גאוגרפי,"ארה""ב חשופת מט""ח","הקרן הינה קרן בלתי מוגבלת בני""ע חוץ,קרן להשקעות חוץ – מטבע עיקרי - דולר ארה""ב",יובנק נאמנות,אלטשולר-שחם קרנות,פטורה,1.600,0.0400,607.4,20.07.2026,395.13,395.13,1.09,"S&P 500 - NTR,דולר ארה""ב",0.35%,0.000
מיטב עוקבת תיק 2 בינל,5105580,קרן פתוחה,2,B,"אג""ח בארץ - כללי","אג""ח כללי בארץ - עד 15% מניות",,הקרן עוקבת תיק של - הבנק הבינלאומי הראשון לישראל,מזרחי טפחות נאמנות,מיטב קרנות נאמנות,פטורה,0.740,0.0300,443.6,21.07.2026,130.11,130.11,0.47,All-Bond כללי,0.35%,0.000
איילון 10/90 תק אג חו נ$,5105614,קרן פתוחה,1,D,"אג""ח בחו""ל","אג""ח נקובת מט""ח",,"הקרן הינה קרן בלתי מוגבלת בני""ע חוץ,יחידות הקרן נקובות ב- $,קרן להשקעות חוץ – מטבע עיקרי - דולר ארה""ב,קרן להשק חוץ-פטור ממס לתושבי חוץ",יובנק נאמנות,איילון,פטורה,0.880,0.0400,97.1,20.07.2026,37.68,37.68,1.12,"Bloomberg US Intermediate Credit - GTR,S&P 500 - NTR,דולר ארה""ב",0.35%,0.000
קסם אקט קונצרני A ומעלה,5105648,קרן פתוחה,0,A,"אג""ח בארץ - חברות והמרה",חברות והמרה ללא מניות,"חברות והמרה ללא מניות וללא סימן קריאה, עם מגבלת מח""מ עד 5 שנים",,אלמגור-בריטמן נאמנות,קסם,פטורה,0.720,0.0400,493.6,21.07.2026,206.11,206.11,0.33,"תל בונד 60 צמודות,תל בונד שקלי",0.35%,0.000
אש 0B(!) אג חברות ללא מנ',5105697,קרן פתוחה,0,B,"אג""ח בארץ - חברות והמרה",חברות והמרה ללא מניות,חברות והמרה ללא מניות עם סימן קריאה,"הקרן הינה קרן בלתי מוגבלת בני""ע חוץ",יובנק נאמנות,אלטשולר-שחם קרנות,פטורה,1.240,0.0400,291.7,20.07.2026,240.90,240.90,0.21,"Bloomberg Intermediate Corporate Total Return Index Value Unhedged USD - GTR,אג""ח כללי - קונצרני,דולר ארה""ב",0.35%,0.000
אש (2C)י 25-75,5105705,קרן פתוחה,2,C,"אג""ח בארץ - כללי","אג""ח כללי בארץ - עד 25% מניות",,"הקרן הינה קרן בלתי מוגבלת בני""ע חוץ",יובנק נאמנות,אלטשולר-שחם קרנות,פטורה,0.790,0.0400,128.2,20.07.2026,278.96,278.96,0.56,"אג""ח כללי - קונצרני,ת""א 125,MSCI World Index Daily Net TR Local,דולר ארה""ב",0.35%,0.000
מיטב אגד חוץ BOND נקוב $,5105713,קרן פתוחה,1,D,אגד קרנות,אגד חוץ,,"הקרן הינה קרן בלתי מוגבלת בני""ע חוץ,יחידות הקרן נקובות ב- $,קרן להשקעות חוץ – מטבע עיקרי - דולר ארה""ב,קרן להשק חוץ-פטור ממס לתושבי חוץ",יובנק נאמנות,מיטב קרנות נאמנות,פטורה,1.230,0.0300,21.3,20.07.2026,145.02,145.00,0.84,BLOOMBERG US AGGREGATE TOTAL RETURN VALUE UNHEDGED USD - GTR,0.35%,0.000
אש כספית ללא קונצרני,5105820,קרן פתוחה,0,0,קרן כספית,כספית שקלית,כספית שקלית ללא קונצרני,,יובנק נאמנות,אלטשולר-שחם קרנות,פטורה,0.210,0.0100,1057.6,21.07.2026,143.92,143.92,0.00,"תל גוב-מק""מ",0.1%,0.000
קסם אקט ! תיק אגח ללא מנ,5105846,קרן פתוחה,0,A,"אג""ח בארץ - כללי","אג""ח כללי בארץ - ללא מניות","אג""ח כללי בארץ ללא מניות עם סימן קריאה",,יובנק נאמנות,קסם,פטורה,0.680,0.0300,869.3,21.07.2026,141.98,141.98,0.35,All-Bond כללי,0.35%,0.000
אלטשולר 6F קרן ממונפת,5105895,קרן פתוחה,6,F,ממונפות ואסטרטגיות,ממונפות בסיכון גבוה,,"הקרן הינה קרן בלתי מוגבלת בני""ע חוץ,הקרן הינה קרן ממונפת",יובנק נאמנות,אלטשולר-שחם קרנות,פטורה,2.200,0.0500,44.8,20.07.2026,723.73,723.73,1.22,אחר,0.35%,0.000
אש (40) יתר,5105903,קרן פתוחה,4,0,מניות בארץ,מניות לפי שווי שוק,מניות Small Cap,,יובנק נאמנות,אלטשולר-שחם קרנות,פטורה,2.500,0.0400,134.1,21.07.2026,794.17,794.17,2.70,יתר מניות,0.35%,0.000
אש 0D(!) אג גלובל ללא מנ',5105911,קרן פתוחה,0,D,"אג""ח בחו""ל","אג""ח חשופת מט""ח",,"הקרן הינה קרן בלתי מוגבלת בני""ע חוץ",יובנק נאמנות,אלטשולר-שחם קרנות,פטורה,0.950,0.0400,158.4,20.07.2026,158.26,158.26,0.99,"Bloomberg Intermediate Corporate Total Return Index Value Unhedged USD - GTR,דולר ארה""ב",0.35%,0.000
"אנליסט מניות ארה""ב",5105929,קרן פתוחה,4,D,"מניות בחו""ל",מניות גאוגרפי,"ארה""ב חשופת מט""ח","הקרן הינה קרן בלתי מוגבלת בני""ע חוץ",מזרחי טפחות נאמנות,אנליסט,פטורה,2.400,0.0300,83.1,20.07.2026,253.35,253.35,1.20,"S&P 500 - NTR,דולר ארה""ב",0.35%,0.000
קסם אקט מדי צמוד לא מניות,5105978,קרן פתוחה,0,A,"אג""ח בארץ - מדינה","אג""ח מדינה צמוד מדד - ללא מניות",,,מזרחי טפחות נאמנות,קסם,פטורה,0.710,0.0500,555.4,21.07.2026,194.96,194.96,0.23,תל גוב-צמודות,0.35%,0.000
איילון חברות ללא מניות,5106158,קרן פתוחה,0,B,"אג""ח בארץ - חברות והמרה",חברות והמרה ללא מניות,חברות והמרה ללא מניות וללא סימן קריאה,,מזרחי טפחות נאמנות,איילון,פטורה,0.780,0.0400,35.1,21.07.2026,162.18,162.18,0.34,"אג""ח כללי - קונצרני",0.35%,0.000
מגדל ת. השקעות קונצ ישראל,5106190,קרן פתוחה,1,A,"אג""ח בארץ - חברות והמרה",חברות והמרה עם מניות,חברות והמרה עם מניות ועם סימן קריאה,,יובנק נאמנות,מגדל,פטורה,1.520,0.0500,97.4,21.07.2026,159.83,159.83,0.37,תל בונד מאגר,0.35%,0.000
מגדל (!) 10/90,5106208,קרן פתוחה,1,B,"אג""ח בארץ - כללי","אג""ח כללי בארץ - עד 10% מניות","אג""ח כללי בארץ- עד 10% מניות ועם סימן קריאה",,יובנק נאמנות,מגדל,פטורה,0.590,0.0500,395.4,21.07.2026,227.56,227.56,0.50,All-Bond כללי,0.35%,0.000
י.ל. מנייתית,5106273,קרן פתוחה,4,B,מניות בארץ,מניות לפי שווי שוק,מניות All Cap,"הקרן הינה קרן בלתי מוגבלת בני""ע חוץ",יובנק נאמנות,ילין לפידות,פטורה,2.320,0.0500,1363.6,20.07.2026,817.18,817.18,1.51,מניות כללי,0.35%,0.000
הראל נבחרת 20/80,5106422,קרן פתוחה,2,B,"אג""ח בארץ - כללי","אג""ח כללי בארץ - עד 20% מניות",,,יובנק נאמנות,הראל,פטורה,0.590,0.0400,86.8,21.07.2026,196.45,196.45,0.62,"All-Bond כללי,ת""א 125",0.35%,0.000
הראל תיק השקעות,5106430,קרן פתוחה,2,B,"אג""ח בארץ - חברות והמרה",חברות והמרה בסיכון גבוה,,,יובנק נאמנות,הראל,פטורה,0.890,0.0400,18.3,21.07.2026,259.66,259.66,0.70,"אג""ח כללי - קונצרני,ת""א 125",0.35%,0.000
מגדל אגח לפדיון עד 2027,5106547,קרן פתוחה,0,A,"אג""ח בארץ - כללי","אג""ח כללי בארץ - ללא מניות","אג""ח כללי בארץ ללא מניות וללא סימן קריאה, עם מגבלת מח""מ עד 5 שנים",,יובנק נאמנות,מגדל,פטורה,0.550,0.0500,200.2,21.07.2026,126.85,126.85,0.14,All-Bond כללי,0.35%,0.000
"FOREST אגם - אג""ח מדינה",5106562,קרן פתוחה,0,A,"אג""ח בארץ - מדינה","אג""ח מדינה כללי - ללא מניות",,,יובנק נאמנות,פורסט,פטורה,0.590,0.0400,1039.7,21.07.2026,186.09,186.09,0.17,תל גוב-כללי,0.35%,0.000
פניקסם תיק מניות עולמי-נ$,5106653,קרן פתוחה,4,D,"מניות בחו""ל","מניות כללי בחו""ל","מניות חו""ל נקובת מט""ח","הקרן הינה קרן בלתי מוגבלת בני""ע חוץ,יחידות הקרן נקובות ב- $,קרן להשק חוץ-פטור ממס לתושבי חוץ",יובנק נאמנות,קסם,פטורה,1.740,0.0400,47.7,20.07.2026,54.82,54.82,1.06,MSCI AC WORLD INDEX - NTR,0.35%,0.000
"איילון אג""ח + 10%",5106745,קרן פתוחה,1,A,"אג""ח בארץ - כללי","אג""ח כללי בארץ - עד 10% מניות","אג""ח כללי בארץ- עד 10% מניות ללא סימן קריאה",,יובנק נאמנות,איילון,פטורה,0.730,0.0300,142.8,21.07.2026,160.19,160.19,0.65,"All-Bond כללי,ת""א 125",0.35%,0.000
איילון מדינה + 10%,5106778,קרן פתוחה,1,B,"אג""ח בארץ - מדינה","אג""ח מדינה כללי - עד 10% מניות",,,יובנק נאמנות,איילון,פטורה,0.570,0.0300,25.7,21.07.2026,176.45,176.45,0.61,"תל גוב-כללי,ת""א 125",0.35%,0.000
אילים LARGE MID CAP ישראל,5106810,קרן פתוחה,4,B,מניות בארץ,מניות לפי שווי שוק,מניות Large & Mid Cap,,יובנק נאמנות,אילים קרנות,פטורה,1.050,0.0300,1952.1,21.07.2026,514.62,514.62,3.06,"ת""א 125",0.35%,0.000
"הראל 4D מניות חו""ל",5106885,קרן פתוחה,4,D,"מניות בחו""ל","מניות כללי בחו""ל","מניות כללי בחו""ל חשופת מט""ח","הקרן הינה קרן בלתי מוגבלת בני""ע חוץ,קרן להשק חוץ-פטור ממס לתושבי חוץ",מזרחי טפחות נאמנות,הראל,פטורה,1.950,0.0400,89.2,20.07.2026,132.47,132.47,0.96,"MSCI AC WORLD INDEX - NTR,דולר ארה""ב",0.35%,0.000
סיגמא תא ESG 125,5106968,קרן פתוחה,4,B,מניות בארץ,מניות לפי שווי שוק,מניות Large & Mid Cap,,מזרחי טפחות נאמנות,סיגמא,פטורה,1.450,0.0400,33.3,21.07.2026,383.35,383.35,3.68,"ת""א 125",0.35%,0.000
מיטב הזד אגח בסיכון גבוה,5106992,קרן פתוחה,0,B,"אג""ח בארץ - חברות והמרה",חברות והמרה בסיכון גבוה,,,מזרחי טפחות נאמנות,מיטב קרנות נאמנות,פטורה,1.520,0.0300,171.0,21.07.2026,353.06,353.06,0.24,"אג""ח כללי - קונצרני",0.35%,0.000
"מיטב (!) אג""ח חברות",5107131,קרן פתוחה,0,B,"אג""ח בארץ - חברות והמרה",חברות והמרה ללא מניות,חברות והמרה ללא מניות עם סימן קריאה,,יובנק נאמנות,מיטב קרנות נאמנות,פטורה,1.020,0.0400,414.7,21.07.2026,198.91,198.91,0.25,"אג""ח כללי - קונצרני",0.35%,0.000
הראל קונצרני A ומעלה,5107156,קרן פתוחה,0,C,"אג""ח בארץ - חברות והמרה",חברות והמרה ללא מניות,חברות והמרה ללא מניות וללא סימן קריאה,,מזרחי טפחות נאמנות,הראל,פטורה,0.590,0.0400,87.4,21.07.2026,197.29,197.29,0.29,תל בונד מאגר,0.35%,0.000
"איביאי מק""מ",5107305,קרן פתוחה,0,0,"אג""ח בארץ - מדינה","אג""ח מדינה שקליות - ללא מניות",,,יובנק נאמנות,"איביאי קרנות נאמנות ",פטורה,0.460,0.0500,25.9,21.07.2026,134.60,134.60,0.00,"תל גוב-מק""מ",0.2%,0.000
"איביאי מק""מ פלוס",5107313,קרן פתוחה,1,A,"אג""ח בארץ - מדינה","אג""ח מדינה שקליות - עד 10% מניות",,,יובנק נאמנות,"איביאי קרנות נאמנות ",פטורה,0.450,0.0500,156.3,21.07.2026,156.80,156.80,0.16,"תל גוב-מק""מ",0.2%,0.000
סיגמא בונד שקלי A ומעלה,5107321,קרן פתוחה,0,0,"אג""ח בארץ - חברות והמרה",חברות והמרה שקלי ללא מניות,,,אלמגור-בריטמן נאמנות,סיגמא,פטורה,0.690,0.0400,55.2,21.07.2026,97.37,97.37,0.38,תל בונד שקלי,0.35%,0.000
"איביאי 0D אג""ח גלובלי",5107362,קרן פתוחה,0,D,"אג""ח בחו""ל","אג""ח חשופת מט""ח",,"הקרן הינה קרן בלתי מוגבלת בני""ע חוץ,קרן להשק חוץ-פטור ממס לתושבי חוץ",יובנק נאמנות,"איביאי קרנות נאמנות ",פטורה,0.970,0.0500,6.7,20.07.2026,49.37,49.37,0.86,"Bloomberg Intermediate Corporate Total Return Index Value Unhedged USD - GTR,דולר ארה""ב",0.35%,0.000
איביאי עד 3 שנים 20/80,5107420,קרן פתוחה,2,B,"אג""ח בארץ - כללי","אג""ח כללי בארץ - עד 20% מניות",,,יובנק נאמנות,"איביאי קרנות נאמנות ",פטורה,0.790,0.0500,1064.7,21.07.2026,142.61,142.61,0.63,All-Bond כללי,0.35%,0.000
הראל הזדמנ קונצ בסיכוןגבו,5107453,קרן פתוחה,0,A,"אג""ח בארץ - חברות והמרה",חברות והמרה בסיכון גבוה,,,יובנק נאמנות,הראל,פטורה,1.560,0.0400,20.3,21.07.2026,198.62,198.62,0.31,"אג""ח כללי - קונצרני",0.35%,0.000
י.ל. תיק+30%,5107495,קרן פתוחה,2,B,"אג""ח בארץ - כללי","אג""ח כללי בארץ - עד 30% מניות",,,יובנק נאמנות,ילין לפידות,פטורה,1.450,0.0500,169.9,21.07.2026,267.32,267.32,0.93,"All-Bond כללי,מניות כללי",0.35%,0.000
הראל קונצרני שקלי + 10%,5107503,קרן פתוחה,1,A,"אג""ח בארץ - חברות והמרה",חברות והמרה שקלי עם מניות,,,מזרחי טפחות נאמנות,הראל,פטורה,0.500,0.0400,93.6,21.07.2026,209.14,209.14,0.51,"תל בונד שקלי,ת""א 125",0.35%,0.000
מיטב ממשלתי + 10%,5107651,קרן פתוחה,1,A,"אג""ח בארץ - מדינה","אג""ח מדינה כללי - עד 10% מניות",,,יובנק נאמנות,מיטב קרנות נאמנות,פטורה,0.650,0.0300,743.8,21.07.2026,195.22,195.22,0.54,"תל גוב-כללי,ת""א 125",0.35%,0.000
"מור אג""ח פלוס",5107693,קרן פתוחה,1,A,"אג""ח בארץ - כללי","אג""ח כללי בארץ - עד 10% מניות","אג""ח כללי בארץ- עד 10% מניות ללא סימן קריאה",,יובנק נאמנות,מור קרנות,פטורה,0.790,0.0250,1558.1,21.07.2026,277.15,277.15,0.45,"All-Bond כללי,מניות כללי",0.35%,0.000
"מור מניות ת""א 125",5107701,קרן פתוחה,4,A,מניות בארץ,מניות לפי שווי שוק,מניות Large & Mid Cap,,יובנק נאמנות,מור קרנות,פטורה,1.750,0.0350,450.9,21.07.2026,863.80,863.80,3.34,"ת""א 125",0.35%,0.000
מיטב 15/85,5107727,קרן פתוחה,2,B,"אג""ח בארץ - כללי","אג""ח כללי בארץ - עד 15% מניות",,,יובנק נאמנות,מיטב קרנות נאמנות,פטורה,0.890,0.0400,405.4,21.07.2026,149.51,149.51,0.60,All-Bond כללי,0.35%,0.000
אש אגח חול עד 10 מטח,5107784,קרן פתוחה,0,A,"אג""ח בחו""ל","אג""ח מוגנת מט""ח",,"הקרן הינה קרן בלתי מוגבלת בני""ע חוץ",יובנק נאמנות,אלטשולר-שחם קרנות,פטורה,0.800,0.0400,576.4,20.07.2026,133.52,133.52,0.27,Bloomberg Intermediate Corporate Total Return Index Value Unhedged USD - GTR,0.35%,0.000
"אש אג""ח מדינה + 10%",5107800,קרן פתוחה,1,A,"אג""ח בארץ - מדינה","אג""ח מדינה כללי - עד 10% מניות",,,יובנק נאמנות,אלטשולר-שחם קרנות,פטורה,0.590,0.0400,77.3,21.07.2026,212.32,212.32,0.53,"תל גוב-כללי,ת""א 125,MSCI World Index Daily Net TR Local",0.35%,0.000
"הראל אג""ח מדורג ומניות",5107859,קרן פתוחה,2,B,"אג""ח בארץ - חברות והמרה",חברות והמרה עם מניות,חברות והמרה עם מניות ללא סימן קריאה,"הקרן הינה קרן בלתי מוגבלת בני""ע חוץ",מזרחי טפחות נאמנות,הראל,פטורה,0.490,0.0400,7.2,20.07.2026,144.50,144.50,0.21,"תל בונד מאגר,ת""א 125",0.35%,0.000
אקסיומה 30/70,5107883,קרן פתוחה,2,B,"אג""ח בארץ - כללי","אג""ח כללי בארץ - עד 30% מניות",,,יובנק נאמנות,סיגמא,פטורה,0.750,0.0400,191.1,21.07.2026,223.31,223.31,0.65,"All-Bond כללי,ת""א 125",0.35%,0.000
כוון (2B)י 15/85,5107958,קרן פתוחה,2,B,"אג""ח בארץ - כללי","אג""ח כללי בארץ - עד 15% מניות",,,יובנק נאמנות,איילון,פטורה,0.890,0.0450,22.8,21.07.2026,124.07,124.07,0.75,All-Bond כללי,0.35%,0.000
הראל שווקים מפותח עד30מטח,5108006,קרן פתוחה,4,B,"מניות בחו""ל",מניות גאוגרפי,"מניות גאוגרפי מוגנת מט""ח","הקרן הינה קרן בלתי מוגבלת בני""ע חוץ",מזרחי טפחות נאמנות,הראל,פטורה,1.390,0.0400,32.4,20.07.2026,259.98,259.96,1.54,MSCI WORLD INDEX - NTR,0.35%,0.000
"מגדל אפיקים אג""ח",5108030,קרן פתוחה,1,B,"אג""ח בארץ - כללי","אג""ח כללי בארץ - עד 5% מניות",,,אלמגור-בריטמן נאמנות,מגדל,פטורה,1.780,0.0450,126.9,21.07.2026,2021.97,2021.97,0.38,All-Bond כללי,0.35%,0.000
סיגמא שקלית סולידית + 10%,5108048,קרן פתוחה,1,A,"אג""ח בארץ - כללי","אג""ח כללי בארץ - עד 10% מניות","אג""ח כללי בארץ בדירוג גבוה (AA ומעלה ו/ או מדינה)- עד 10% מניות",,אלמגור-בריטמן נאמנות,סיגמא,פטורה,0.590,0.0400,96.9,21.07.2026,167.39,167.39,0.50,"תל גוב – לא צמודות,תל בונד שקלי,מניות כללי",0.35%,0.000
מגדל אפיקים (!) 10/90,5108055,קרן פתוחה,1,C,"אג""ח בארץ - כללי","אג""ח כללי בארץ - עד 10% מניות","אג""ח כללי בארץ- עד 10% מניות ועם סימן קריאה",,אלמגור-בריטמן נאמנות,מגדל,פטורה,0.790,0.0450,42.8,21.07.2026,1066.33,1066.33,0.50,All-Bond כללי,0.35%,0.000
קסם אקטיב פרימיום,5108105,קרן פתוחה,3,C,"אג""ח בארץ - כללי","אג""ח כללי בארץ - חשיפה מרבית מעל 30% מניות",,"הקרן הינה קרן בלתי מוגבלת בני""ע חוץ",יובנק נאמנות,קסם,פטורה,0.850,0.0400,327.3,20.07.2026,393.80,393.80,0.90,"אג""ח כללי - קונצרני,ת""א 125",0.35%,0.000
כרמים (2A)י 15/85,5108147,קרן פתוחה,2,A,"אג""ח בארץ - כללי","אג""ח כללי בארץ - עד 15% מניות",,,יובנק נאמנות,איילון,פטורה,0.750,0.0400,182.6,21.07.2026,164.46,164.46,0.74,All-Bond כללי,0.35%,0.000
"כרמים אג""ח חברות",5108162,קרן פתוחה,1,A,"אג""ח בארץ - חברות והמרה",חברות והמרה עם מניות,חברות והמרה עם מניות ועם סימן קריאה,,יובנק נאמנות,איילון,פטורה,1.450,0.0450,127.4,21.07.2026,168.46,168.46,0.57,"אג""ח כללי - קונצרני",0.35%,0.000
כרמים צמוד מדד מדורג,5108188,קרן פתוחה,0,0,"אג""ח בארץ - חברות והמרה",חברות והמרה ללא מניות,חברות והמרה ללא מניות וללא סימן קריאה,,יובנק נאמנות,איילון,פטורה,1.350,0.0450,45.3,21.07.2026,163.80,163.80,0.37,"אג""ח צמודות מדד - קונצרני",0.35%,0.000
קסם אקט עוקב אג תיק 2 בינ,5108220,קרן פתוחה,0,0,"אג""ח בארץ - כללי","אג""ח כללי בארץ - ללא מניות","אג""ח כללי בארץ ללא מניות וללא סימן קריאה",הקרן עוקבת תיק של - הבנק הבינלאומי הראשון לישראל,יובנק נאמנות,קסם,פטורה,0.620,0.0400,100.4,21.07.2026,112.12,112.12,0.33,All-Bond כללי,0.35%,0.000
קסם אקט קונצרני שקלי + 10,5108238,קרן פתוחה,1,B,"אג""ח בארץ - חברות והמרה",חברות והמרה שקלי עם מניות,,,אלמגור-בריטמן נאמנות,קסם,פטורה,1.080,0.0400,5.8,21.07.2026,158.77,158.77,0.56,"תל בונד שקלי,ת""א 125",0.35%,0.000
הראל פרימיום קונצרני+25%,5108253,קרן פתוחה,2,C,"אג""ח בארץ - חברות והמרה",חברות והמרה עם מניות,חברות והמרה עם מניות ללא סימן קריאה,"הקרן הינה קרן בלתי מוגבלת בני""ע חוץ",יובנק נאמנות,הראל,פטורה,0.790,0.0400,24.5,20.07.2026,748.61,748.61,0.52,"אג""ח כללי - קונצרני,ת""א 125",0.35%,0.000
אזימוט (1A)י 5/95,5108279,קרן פתוחה,1,A,"אג""ח בארץ - כללי","אג""ח כללי בארץ - עד 5% מניות",,,יובנק נאמנות,איילון,פטורה,0.690,0.0400,205.0,21.07.2026,521.88,521.88,0.18,"All-Bond כללי,ת""א 125",0.35%,0.000
אש מניות גלובלי עד 30 מטח,5108329,קרן פתוחה,4,B,"מניות בחו""ל","מניות כללי בחו""ל","מניות כללי בחו""ל מוגנת מט""ח","הקרן הינה קרן בלתי מוגבלת בני""ע חוץ",יובנק נאמנות,אלטשולר-שחם קרנות,פטורה,1.780,0.0350,235.5,20.07.2026,224.00,224.00,1.37,MSCI World Index Daily Net TR Local,0.35%,0.000
אלטשולר עק 2 בנק בינל,5108402,קרן פתוחה,2,B,"אג""ח בארץ - כללי","אג""ח כללי בארץ - עד 15% מניות",,הקרן עוקבת תיק של - הבנק הבינלאומי הראשון לישראל,יובנק נאמנות,אלטשולר-שחם קרנות,פטורה,0.790,0.0400,51.2,21.07.2026,181.87,181.87,0.45,"All-Bond כללי,ת""א 125,MSCI World Index Daily Net TR Local,דולר ארה""ב",0.35%,0.000
"סיגמא 00 ! אג""ח חברות",5108428,קרן פתוחה,0,0,"אג""ח בארץ - חברות והמרה",חברות והמרה ללא מניות,חברות והמרה ללא מניות עם סימן קריאה,,אלמגור-בריטמן נאמנות,סיגמא,פטורה,0.890,0.0400,77.0,21.07.2026,212.22,212.22,0.41,"אג""ח כללי - קונצרני",0.35%,0.000
FOREST עיטם,5108501,קרן פתוחה,3,B,"אג""ח בארץ - כללי","אג""ח כללי בארץ - חשיפה מרבית מעל 30% מניות",,,יובנק נאמנות,פורסט,פטורה,1.170,0.0400,881.8,21.07.2026,388.00,388.00,0.97,"All-Bond כללי,ת""א All-Share ",0.35%,0.000
"FOREST אג""ח",5108519,קרן פתוחה,1,B,"אג""ח בארץ - כללי","אג""ח כללי בארץ - עד 10% מניות","אג""ח כללי בארץ- עד 10% מניות ועם סימן קריאה",,יובנק נאמנות,פורסט,פטורה,0.880,0.0400,1244.4,21.07.2026,270.65,270.65,0.41,"All-Bond כללי,ת""א All-Share ",0.35%,0.000
מיטב מדדית ממשלתית כשרה,5108626,קרן פתוחה,1,A,"אג""ח בארץ - מדינה","אג""ח מדינה צמוד מדד - עד 10% מניות",,קרן כשרה,יובנק נאמנות,מיטב קרנות נאמנות,פטורה,0.950,0.0300,60.4,21.07.2026,629.98,629.97,0.37,תל גוב-צמודות,0.35%,0.000
"אש אג""ח הזדמנויות",5108642,קרן פתוחה,1,B,"אג""ח בארץ - חברות והמרה",חברות והמרה עם מניות,חברות והמרה עם מניות ועם סימן קריאה,"הקרן הינה קרן בלתי מוגבלת בני""ע חוץ",יובנק נאמנות,אלטשולר-שחם קרנות,פטורה,1.490,0.0400,167.8,20.07.2026,244.64,244.64,0.29,"Bloomberg Barclays US High Yield Very Liquid Index - GTR,MSCI World Index Daily Net TR Local,דולר ארה""ב,תל בונד תשואות צמודות פיזור רחב,תל בונד תשואות שקלי פיזור רחב,ת""א 125",0.35%,0.000
אש אג מד צמוד-מדד ללא מנ',5108667,קרן פתוחה,0,0,"אג""ח בארץ - מדינה","אג""ח מדינה צמוד מדד - ללא מניות",,,יובנק נאמנות,אלטשולר-שחם קרנות,פטורה,0.780,0.0400,579.0,21.07.2026,183.16,183.16,0.47,"תל גוב-צמודות,All-Bond כללי",0.35%,0.000
"מיטב 0D ! אג""ח דולר",5108683,קרן פתוחה,0,D,"אג""ח בחו""ל","אג""ח חשופת דולר",,"הקרן הינה קרן בלתי מוגבלת בני""ע חוץ",יובנק נאמנות,מיטב קרנות נאמנות,פטורה,0.790,0.0300,377.7,20.07.2026,151.51,151.51,0.98,"BLOOMBERG US AGGREGATE TOTAL RETURN VALUE UNHEDGED USD - GTR,דולר ארה""ב",0.35%,0.000
קסם אקטיבאגחהזדמנויותפלוס,5108733,קרן פתוחה,2,B,"אג""ח בארץ - חברות והמרה",חברות והמרה בסיכון גבוה,,,יובנק נאמנות,קסם,פטורה,1.340,0.0400,36.7,21.07.2026,230.45,230.45,0.96,"אג""ח כללי - קונצרני,ת""א 125",0.35%,0.000
אקסיומה אגח מדורג ללא מנ,5108774,קרן פתוחה,0,B,"אג""ח בארץ - חברות והמרה",חברות והמרה ללא מניות,חברות והמרה ללא מניות וללא סימן קריאה,,יובנק נאמנות,סיגמא,פטורה,0.750,0.0400,780.2,21.07.2026,199.55,199.55,0.28,תל בונד מאגר,0.35%,0.000
תכלית TTF תלגוב שקלי 2-5,5108857,קרן מחקה,0,0,"אג""ח בארץ - מדינה","אג""ח מדינה שקליות",ריבית קבועה  - בינוני,"לפי מדיניות השקעותיה הקרן הינה קרן מחקה,קרן כשרה",אלמגור-בריטמן נאמנות,מיטב קרנות נאמנות,פטורה,0.100,0.0300,339.8,21.07.2026,72.65,72.65,0.29,תל גוב-שקלי 2-5,לא נגבית עמלת הפצה,0.000
אקסיומה נבחרת מניות 125,5108865,קרן פתוחה,4,B,מניות בארץ,מניות לפי שווי שוק,מניות Large & Mid Cap,,יובנק נאמנות,סיגמא,פטורה,1.380,0.0400,56.1,21.07.2026,575.50,575.50,4.02,"ת""א 125",0.35%,0.000
י.ל. יתר,5108873,קרן פתוחה,4,B,מניות בארץ,מניות לפי שווי שוק,מניות Small Cap,,יובנק נאמנות,ילין לפידות,פטורה,2.460,0.0500,317.9,21.07.2026,1077.13,1077.13,2.83,יתר מניות,0.35%,0.000
י.ל אגח פוט חבר סכןגבו+10,5108899,קרן פתוחה,1,B,"אג""ח בארץ - חברות והמרה",חברות והמרה בסיכון גבוה,,,יובנק נאמנות,ילין לפידות,פטורה,1.700,0.0500,855.4,21.07.2026,359.46,359.46,0.45,"אג""ח כללי - קונצרני",0.35%,0.000
סיגמא 10/90,5109004,קרן פתוחה,1,B,"אג""ח בארץ - כללי","אג""ח כללי בארץ - עד 10% מניות","אג""ח כללי בארץ- עד 10% מניות ללא סימן קריאה",,אלמגור-בריטמן נאמנות,סיגמא,פטורה,0.750,0.0400,849.4,21.07.2026,206.68,206.68,0.57,All-Bond כללי,0.35%,0.000
קסם אקט Bond Dollar Plus,5109053,קרן פתוחה,0,D,"אג""ח בחו""ל","אג""ח חשופת דולר",,"הקרן הינה קרן בלתי מוגבלת בני""ע חוץ",יובנק נאמנות,קסם,פטורה,0.750,0.0400,57.9,20.07.2026,89.03,89.03,0.90,"Markit iBoxx USD Liquid Investment Grade 0-5 - GTR ,דולר ארה""ב",0.35%,0.000
כרמים מדינה שקלית +10,5109079,קרן פתוחה,1,A,"אג""ח בארץ - מדינה","אג""ח מדינה שקליות - עד 10% מניות",,,יובנק נאמנות,איילון,פטורה,0.590,0.0450,112.7,21.07.2026,139.20,139.20,1.20,"תל גוב – לא צמודות,ת""א 125",0.35%,0.000
פיטנגו (4B) מניות,5109129,קרן פתוחה,4,B,מניות בארץ,מניות לפי שווי שוק,מניות All Cap,"הקרן הינה קרן בלתי מוגבלת בני""ע חוץ",יובנק נאמנות,איילון,פטורה,2.830,0.0450,27.6,20.07.2026,173.71,173.71,1.28,מניות כללי,0.35%,0.000
פיטנגו (2B)י 25/75,5109137,קרן פתוחה,2,B,"אג""ח בארץ - כללי","אג""ח כללי בארץ - עד 25% מניות",,,יובנק נאמנות,איילון,פטורה,1.850,0.0450,99.5,21.07.2026,235.59,235.59,0.76,"All-Bond כללי,מניות כללי",0.35%,0.000
קסם אקטיב קונצרני שקלי,5109160,קרן פתוחה,0,A,"אג""ח בארץ - חברות והמרה",חברות והמרה שקלי ללא מניות,,,יובנק נאמנות,קסם,פטורה,0.980,0.0300,55.7,21.07.2026,174.09,174.09,0.34,תל בונד-לא צמודות,0.35%,0.000
קסם אקט 30/70,5109319,קרן פתוחה,2,C,"אג""ח בארץ - כללי","אג""ח כללי בארץ - עד 30% מניות",,,יובנק נאמנות,קסם,פטורה,0.760,0.0300,175.8,21.07.2026,244.84,244.84,1.03,"All-Bond כללי,ת""א 125",0.35%,0.000
"אילים אג""ח ללא מניות",5109384,קרן פתוחה,0,A,"אג""ח בארץ - כללי","אג""ח כללי בארץ - ללא מניות","אג""ח כללי בארץ ללא מניות עם סימן קריאה",,יובנק נאמנות,אילים קרנות,פטורה,0.690,0.0300,479.2,21.07.2026,180.08,180.08,0.44,All-Bond כללי,0.35%,0.000
תכלית TTF תא 35,5109418,קרן מחקה,4,0,מניות בארץ,מניות לפי שווי שוק,Large Cap,לפי מדיניות השקעותיה הקרן הינה קרן מחקה,אלמגור-בריטמן נאמנות,מיטב קרנות נאמנות,פטורה,0.300,0.0300,181.3,21.07.2026,256.04,256.04,3.10,"ת""א-35",לא נגבית עמלת הפצה,0.000
"קסם אקט עוקב תיק 3 בינ""",5109558,קרן פתוחה,2,B,"אג""ח בארץ - כללי","אג""ח כללי בארץ - עד 30% מניות",,הקרן עוקבת תיק של - הבנק הבינלאומי הראשון לישראל,אלמגור-בריטמן נאמנות,קסם,פטורה,0.610,0.0300,240.8,21.07.2026,182.70,182.70,0.66,"All-Bond כללי,ת""א 125",0.35%,0.000
"איילון אג""ח+10%",5109608,קרן פתוחה,1,B,"אג""ח בארץ - כללי","אג""ח כללי בארץ - עד 10% מניות","אג""ח כללי בארץ- עד 10% מניות ועם סימן קריאה",,מזרחי טפחות נאמנות,איילון,פטורה,0.800,0.0400,12.2,21.07.2026,230.94,230.94,0.78,"All-Bond כללי,ת""א 125",0.35%,0.000
"כוון אג""ח ללא מניות",5109624,קרן פתוחה,0,B,"אג""ח בארץ - כללי","אג""ח כללי בארץ - ללא מניות","אג""ח כללי בארץ ללא מניות וללא סימן קריאה",,יובנק נאמנות,איילון,פטורה,0.690,0.0450,13.2,21.07.2026,171.56,171.56,0.34,All-Bond כללי,0.35%,0.000
כוון (1B)י 10/90,5109632,קרן פתוחה,1,B,"אג""ח בארץ - כללי","אג""ח כללי בארץ - עד 10% מניות","אג""ח כללי בארץ- עד 10% מניות ללא סימן קריאה",,יובנק נאמנות,איילון,פטורה,0.740,0.0450,7.0,21.07.2026,211.60,211.60,0.58,"All-Bond כללי,מניות כללי",0.35%,0.000
"איילון אג""ח והנפקות ללא מ",5109673,קרן פתוחה,0,B,"אג""ח בארץ - כללי","אג""ח כללי בארץ - ללא מניות","אג""ח כללי בארץ ללא מניות עם סימן קריאה",,יובנק נאמנות,איילון,פטורה,0.690,0.0400,259.3,21.07.2026,181.82,181.82,0.38,"אג""ח כללי - קונצרני",0.35%,0.000
מור גמישה 4D,5109731,קרן פתוחה,4,D,גמישות,,,,יובנק נאמנות,מור קרנות,פטורה,1.880,0.0300,1313.2,21.07.2026,656.64,656.64,2.59,אחר,0.35%,0.000
"מור מעשר אג""ח - כשרה",5109749,קרן פתוחה,1,A,"אג""ח בארץ - כללי","אג""ח כללי בארץ - עד 5% מניות",,קרן כשרה,יובנק נאמנות,מור קרנות,פטורה,0.880,0.0250,100.6,21.07.2026,195.10,195.10,0.38,All-Bond כללי,0.35%,0.000
מור שקלי מדינה ללא מני כש,5109756,קרן פתוחה,0,0,"אג""ח בארץ - מדינה","אג""ח מדינה שקליות - ללא מניות",,קרן כשרה,יובנק נאמנות,מור קרנות,פטורה,0.650,0.0250,235.7,21.07.2026,166.96,166.96,0.47,תל גוב – לא צמודות,0.35%,0.000
"קסם אקטיב ארה""ב נקוב $",5109848,קרן פתוחה,4,D,"מניות בחו""ל","מניות כללי בחו""ל","מניות חו""ל נקובת מט""ח","הקרן הינה קרן בלתי מוגבלת בני""ע חוץ,יחידות הקרן נקובות ב- $,קרן להשקעות חוץ – מטבע עיקרי - דולר ארה""ב",מזרחי טפחות נאמנות,קסם,פטורה,1.400,0.0400,29.1,20.07.2026,104.54,104.54,2.57,"RUSSELL 2000 - NTR,NASDAQ 100 - NTR",0.35%,0.000
קסם אקט ממשלתי + 15%,5109863,קרן פתוחה,2,A,"אג""ח בארץ - מדינה","אג""ח מדינה כללי - עד 20% מניות",,,יובנק נאמנות,קסם,פטורה,0.730,0.0400,70.7,21.07.2026,211.70,211.70,0.69,"תל גוב-שקלי 2-5,תל גוב-צמודות 2-5,ת""א 125",0.35%,0.000
סיגמא 00 אג כללי ללא מניו,5109871,קרן פתוחה,0,0,"אג""ח בארץ - כללי","אג""ח כללי בארץ - ללא מניות","אג""ח כללי בארץ ללא מניות וללא סימן קריאה",,אלמגור-בריטמן נאמנות,סיגמא,פטורה,1.490,0.0400,34.0,21.07.2026,178.81,178.81,0.38,All-Bond כללי,0.35%,0.000
"MTF מחקה ת""א 125",5109889,קרן מחקה,4,A,מניות בארץ,מניות לפי שווי שוק,Mid Cap & Large,לפי מדיניות השקעותיה הקרן הינה קרן מחקה,אלמגור-בריטמן נאמנות,מגדל,פטורה,0.100,0.0050,2307.7,21.07.2026,456.17,456.17,3.29,"ת""א 125",לא נגבית עמלת הפצה,0.000
"MTF מחקה ת""א 35",5109897,קרן מחקה,4,A,מניות בארץ,מניות לפי שווי שוק,Large Cap,לפי מדיניות השקעותיה הקרן הינה קרן מחקה,אלמגור-בריטמן נאמנות,מגדל,פטורה,0.100,0.0150,754.1,21.07.2026,422.21,422.21,3.10,"ת""א-35",לא נגבית עמלת הפצה,0.000
קסםאקטAA ומעלה ו/או מדינה,5109988,קרן פתוחה,0,B,"אג""ח בארץ - כללי","אג""ח כללי בארץ - ללא מניות","אג""ח כללי בארץ בדירוג גבוה בלבד (AA ומעלה ו/ או מדינה)",,יובנק נאמנות,קסם,פטורה,0.590,0.0400,124.5,21.07.2026,130.75,130.75,0.28,"תל גוב-כללי,תל בונד-צמודות AA-AAA,תל בונד-שקלי AA-AAA",0.35%,0.000
"הראל ת""א-Midcap150",5110051,קרן פתוחה,4,B,מניות בארץ,מניות לפי שווי שוק,מניות All Cap,,מזרחי טפחות נאמנות,הראל,פטורה,1.950,0.0400,97.5,21.07.2026,11217.68,11217.68,3.83,"ת""א-90 ו- CAP 0.8% SME60",0.35%,0.000
אש 00 אגח תל בונד,5110085,קרן פתוחה,0,0,"אג""ח בארץ - חברות והמרה",חברות והמרה ללא מניות,חברות והמרה ללא מניות וללא סימן קריאה,,יובנק נאמנות,אלטשולר-שחם קרנות,פטורה,0.790,0.0400,291.5,21.07.2026,217.07,217.07,0.42,"תל בונד צמודות,תל בונד שקלי 100",0.35%,0.000
הראל קונצרני דולרי,5110150,קרן פתוחה,1,D,"אג""ח בארץ - חברות והמרה",חברות והמרה עם מניות,חברות והמרה עם מניות ללא סימן קריאה,"קרן להשקעות חוץ – מטבע עיקרי - דולר ארה""ב",יובנק נאמנות,הראל,פטורה,1.320,0.0400,15.0,21.07.2026,170.48,170.48,1.31,"אחר,S&P 500 - NTR,דולר ארה""ב",0.35%,0.000
הראל מעורבת,5110176,קרן פתוחה,3,C,"אג""ח בארץ - כללי","אג""ח כללי בארץ - חשיפה מרבית מעל 30% מניות",,,יובנק נאמנות,הראל,פטורה,2.249,0.0400,43.5,21.07.2026,20664.09,20664.09,1.99,"All-Bond כללי,ת""א 125,MSCI AC WORLD INDEX - RT - NTR ,דולר ארה""ב",0.35%,0.000
הראל מדד בינוני ממשלתי,5110192,קרן פתוחה,1,B,"אג""ח בארץ - מדינה","אג""ח מדינה צמוד מדד - עד 10% מניות",,,מזרחי טפחות נאמנות,הראל,פטורה,1.270,0.0400,51.2,21.07.2026,11927.28,11927.28,0.36,"תל גוב-צמודות 2-5,ת""א 125",0.35%,0.000
קסםאקט!תיקקרנללאמנ-אגדישר,5110226,קרן פתוחה,0,C,אגד קרנות,אגד ישראלי,,,יובנק נאמנות,קסם,פטורה,0.000,0.0200,18.3,21.07.2026,168.90,168.90,0.32,All-Bond כללי,0.35%,0.000
קסם אקטיב מדינה -AA ומעלה,5110309,קרן פתוחה,0,0,"אג""ח בארץ - מדינה","אג""ח מדינה כללי - ללא מניות",,,אלמגור-בריטמן נאמנות,קסם,פטורה,0.620,0.0400,163.7,21.07.2026,165.89,165.89,0.36,"תל גוב-שקלי 2-5,תל גוב-צמודות 2-5,אינדקס AA ומעלה מאוזן",0.35%,0.000
"הראל אג""ח חו""ל דולר",5110333,קרן פתוחה,0,D,"אג""ח בחו""ל","אג""ח חשופת דולר",,"הקרן הינה קרן בלתי מוגבלת בני""ע חוץ",יובנק נאמנות,הראל,פטורה,0.790,0.0400,116.5,20.07.2026,681.89,681.89,0.88,"Bloomberg Intermediate Corporate Total Return Index Value Unhedged USD - GTR,דולר ארה""ב",0.35%,0.000
הראל כספית נקובה ב-$,5110341,קרן פתוחה,0,D,קרן כספית,"כספית מט""חית עם קונצרני","נקובת מט""ח","הקרן הינה קרן בלתי מוגבלת בני""ע חוץ,יחידות הקרן נקובות ב- $,קרן להשקעות חוץ – מטבע עיקרי - דולר ארה""ב,קרן להשק חוץ-פטור ממס לתושבי חוץ",מזרחי טפחות נאמנות,הראל,פטורה,0.250,0.0200,4057.5,20.07.2026,134.85,134.85,1.01,אחר,0.1%,0.000
הראל מניות דיבידנד,5110374,קרן פתוחה,4,B,מניות בארץ,מניות לפי שווי שוק,מניות All Cap,,יובנק נאמנות,הראל,פטורה,1.470,0.0400,43.8,21.07.2026,9501.45,9501.45,3.50,תל דיב,0.35%,0.000
קסם אקט כספית נקובה דולר,5110382,קרן פתוחה,0,D,קרן כספית,"כספית מט""חית עם קונצרני","נקובת מט""ח","הקרן הינה קרן בלתי מוגבלת בני""ע חוץ,יחידות הקרן נקובות ב- $,קרן להשקעות חוץ – מטבע עיקרי - דולר ארה""ב,קרן להשק חוץ-פטור ממס לתושבי חוץ",יובנק נאמנות,קסם,פטורה,0.250,0.0200,525.4,20.07.2026,129.77,129.77,1.05,אחר,0.1%,0.000
"אנליסט (!) אג""ח",5110523,קרן פתוחה,0,B,"אג""ח בארץ - כללי","אג""ח כללי בארץ - ללא מניות","אג""ח כללי בארץ ללא מניות עם סימן קריאה",,מזרחי טפחות נאמנות,אנליסט,פטורה,0.890,0.0300,319.6,21.07.2026,231.83,231.83,0.34,"אג""ח כללי - קונצרני",0.35%,0.000
"הראל מניות חו""ל-נקובה $",5110531,קרן פתוחה,4,D,"מניות בחו""ל","מניות כללי בחו""ל","מניות חו""ל נקובת מט""ח","הקרן הינה קרן בלתי מוגבלת בני""ע חוץ,יחידות הקרן נקובות ב- $,קרן להשק חוץ-פטור ממס לתושבי חוץ",יובנק נאמנות,הראל,פטורה,1.810,0.0400,36.9,20.07.2026,381.80,381.78,0.97,MSCI AC WORLD INDEX - NTR,0.35%,0.000
אש תיק השקעות ללא מניות,5110564,קרן פתוחה,0,B,"אג""ח בארץ - כללי","אג""ח כללי בארץ - ללא מניות","אג""ח כללי בארץ ללא מניות וללא סימן קריאה",,יובנק נאמנות,אלטשולר-שחם קרנות,פטורה,0.920,0.0400,92.6,21.07.2026,207.37,207.37,0.39,All-Bond כללי,0.35%,0.000
"איביאי אג""ח ללא מניות",5110580,קרן פתוחה,0,B,"אג""ח בארץ - כללי","אג""ח כללי בארץ - ללא מניות","אג""ח כללי בארץ ללא מניות עם סימן קריאה",,יובנק נאמנות,"איביאי קרנות נאמנות ",פטורה,0.890,0.0500,199.9,21.07.2026,214.26,214.26,0.34,All-Bond כללי,0.35%,0.000
הראל בונד חול מדורג נקו $,5110655,קרן פתוחה,2,D,"אג""ח בחו""ל","אג""ח נקובת מט""ח",,"הקרן הינה קרן בלתי מוגבלת בני""ע חוץ,יחידות הקרן נקובות ב- $,קרן להשקעות חוץ – מטבע עיקרי - דולר ארה""ב,קרן להשק חוץ-פטור ממס לתושבי חוץ",יובנק נאמנות,הראל,פטורה,0.970,0.0400,36.7,20.07.2026,258.22,258.22,0.94,"Bloomberg Intermediate Corporate Total Return Index Value Unhedged USD - GTR,S&P 500 - NTR",0.35%,0.000
"קסם אקטיב ת""א 90",5110713,קרן פתוחה,4,A,מניות בארץ,מניות לפי שווי שוק,מניות Large & Mid Cap,,יובנק נאמנות,קסם,פטורה,2.200,0.0400,244.9,21.07.2026,9150.95,9150.95,4.16,"ת""א 90",0.35%,0.000
"הפניקס קסם אג""ח גלובלי",5110739,קרן פתוחה,0,D,"אג""ח בחו""ל","אג""ח חשופת מט""ח",,"הקרן הינה קרן בלתי מוגבלת בני""ע חוץ",יובנק נאמנות,קסם,חייבת,0.850,0.0400,80.0,20.07.2026,795.80,795.80,0.77,"Markit iBoxx USD Liquid Investment Grade 0-5 - GTR ,דולר ארה""ב",0.35%,0.000
"הפניקס קסם ת""א 125",5110788,קרן פתוחה,4,A,מניות בארץ,מניות לפי שווי שוק,מניות Large & Mid Cap,,יובנק נאמנות,קסם,פטורה,1.840,0.0400,1049.8,21.07.2026,5386.69,5386.69,3.36,"ת""א 125",0.35%,0.000
קסם אקטיב מניות יתר,5110820,קרן פתוחה,4,A,מניות בארץ,מניות לפי שווי שוק,מניות Small Cap,,יובנק נאמנות,קסם,פטורה,2.840,0.0400,87.5,21.07.2026,2932.10,2932.10,3.16,"ת""א-SME60",0.35%,0.000
"קסם אקטיב מניותחו""לגלובלי",5110838,קרן פתוחה,4,D,"מניות בחו""ל","מניות כללי בחו""ל","מניות כללי בחו""ל חשופת מט""ח","הקרן הינה קרן בלתי מוגבלת בני""ע חוץ,קרן להשק חוץ-פטור ממס לתושבי חוץ",יובנק נאמנות,קסם,פטורה,2.220,0.0400,100.2,20.07.2026,1312.88,1312.88,0.99,"MSCI WORLD INDEX - NTR,דולר ארה""ב",0.35%,0.000
קסם אקטיב גלוב,5110879,קרן פתוחה,4,D,לתושבי חוץ בלבד,,,"הקרן הינה קרן בלתי מוגבלת בני""ע חוץ,יחידות הקרן נקובות ב- $",יובנק נאמנות,קסם,חייבת לתושבי חוץ,2.190,0.0400,8.9,20.07.2026,1483.67,1483.67,1.22,Russell 3000 - GTR,0.35%,0.000
"הראל תיק אג""ח פלוס 10%",5110929,קרן פתוחה,1,B,"אג""ח בארץ - כללי","אג""ח כללי בארץ - עד 10% מניות","אג""ח כללי בארץ- עד 10% מניות ועם סימן קריאה","הקרן הינה קרן בלתי מוגבלת בני""ע חוץ",מזרחי טפחות נאמנות,הראל,פטורה,0.750,0.0400,19.9,20.07.2026,193.37,193.37,0.25,"All-Bond כללי,ת""א 125,MSCI AC WORLD INDEX - RT - NTR ,דולר ארה""ב",0.35%,0.000
אש (00) מדינה צמוד בינוני,5111000,קרן פתוחה,0,0,"אג""ח בארץ - מדינה","אג""ח מדינה צמוד מדד - ללא מניות",,,יובנק נאמנות,אלטשולר-שחם קרנות,פטורה,0.690,0.0400,80.4,21.07.2026,156.05,156.05,0.27,"תל גוב-צמודות 2-5,תל בונד צמודות",0.35%,0.000
"הראל אג""ח קונצרני ללא מני",5111059,קרן פתוחה,0,B,"אג""ח בארץ - חברות והמרה",חברות והמרה ללא מניות,חברות והמרה ללא מניות וללא סימן קריאה,,יובנק נאמנות,הראל,פטורה,0.590,0.0400,51.5,21.07.2026,4740.74,4740.74,0.37,תל בונד מאגר,0.35%,0.000
הראל אג חול מניות 20% מטח,5111117,קרן פתוחה,2,B,"אג""ח בחו""ל","אג""ח מוגנת מט""ח",,"הקרן הינה קרן בלתי מוגבלת בני""ע חוץ",יובנק נאמנות,הראל,פטורה,0.740,0.0400,541.5,20.07.2026,901.39,901.39,0.31,"Bloomberg Intermediate Corporate Total Return Index Value Unhedged USD - GTR,S&P 500 - NTR",0.35%,0.000
הראל מניות ערך BuySide,5111133,קרן פתוחה,4,B,מניות בארץ,מניות לפי שווי שוק,מניות All Cap,,יובנק נאמנות,הראל,פטורה,1.590,0.0400,668.5,21.07.2026,48033.73,48033.73,3.42,"ת""א All-Share ",0.35%,0.000
"הראל חו""ל סקטורים בצמיחה",5111190,קרן פתוחה,4,D,"מניות בחו""ל","מניות כללי בחו""ל","מניות כללי בחו""ל חשופת מט""ח","הקרן הינה קרן בלתי מוגבלת בני""ע חוץ",יובנק נאמנות,הראל,פטורה,1.950,0.0400,72.0,20.07.2026,3677.30,3677.17,1.89,"Russell 3000 Growth In - GTR,דולר ארה""ב",0.35%,0.000
"הראל תיק אג""ח + 20%",5111216,קרן פתוחה,2,B,"אג""ח בארץ - כללי","אג""ח כללי בארץ - עד 20% מניות",,"הקרן הינה קרן בלתי מוגבלת בני""ע חוץ",יובנק נאמנות,הראל,פטורה,1.690,0.0400,93.7,20.07.2026,3159.83,3159.83,0.45,"All-Bond כללי,ת""א 125,MSCI AC WORLD INDEX - RT - NTR ,דולר ארה""ב",0.35%,0.000
איביאי מחקה תלגוב-צמוד2-5,5111240,קרן מחקה,0,0,"אג""ח בארץ - מדינה","אג""ח מדינה צמוד מדד",צמודות מדד ממשלתיות - בינוני,לפי מדיניות השקעותיה הקרן הינה קרן מחקה,יובנק נאמנות,"איביאי קרנות נאמנות ",פטורה,0.150,0.0250,104.5,21.07.2026,148.00,148.00,0.18,תל גוב-צמודות 2-5,לא נגבית עמלת הפצה,0.000
"איביאי מחקה תל גוב-מק""מ",5111265,קרן מחקה,0,0,"אג""ח בארץ - מדינה","אג""ח מדינה שקליות","מק""מ",לפי מדיניות השקעותיה הקרן הינה קרן מחקה,יובנק נאמנות,"איביאי קרנות נאמנות ",פטורה,0.090,0.0250,45.8,21.07.2026,130.95,130.95,0.03,"תל גוב-מק""מ",לא נגבית עמלת הפצה,0.000
הראל נבחרת מניות,5111273,קרן פתוחה,4,B,מניות בארץ,מניות לפי שווי שוק,מניות All Cap,,יובנק נאמנות,הראל,פטורה,1.980,0.0400,1109.7,21.07.2026,4703.54,4703.54,3.66,"ת""א-35,ת""א-90 ו- CAP 0.8% SME60",0.35%,0.000
הראל מניות Mid Cap ישראל,5111299,קרן פתוחה,4,C,מניות בארץ,מניות לפי שווי שוק,מניות Large & Mid Cap,"הקרן הינה קרן בלתי מוגבלת בני""ע חוץ",יובנק נאמנות,הראל,פטורה,2.340,0.0400,57.3,20.07.2026,11319.44,11319.44,2.16,"ת""א 90",0.35%,0.000
מיטב מדינה +20%,5111307,קרן פתוחה,2,A,"אג""ח בארץ - מדינה","אג""ח מדינה כללי - עד 20% מניות",,,מזרחי טפחות נאמנות,מיטב קרנות נאמנות,פטורה,0.650,0.0300,553.4,21.07.2026,167.45,167.45,0.69,תל גוב-כללי,0.35%,0.000
הראל מדינה צמוד + 10%,5111331,קרן פתוחה,1,A,"אג""ח בארץ - מדינה","אג""ח מדינה צמוד מדד - עד 10% מניות",,,יובנק נאמנות,הראל,פטורה,0.590,0.0400,737.2,21.07.2026,1734.92,1734.92,0.37,"תל גוב-צמודות,תל בונד צמודות,ת""א 125",0.35%,0.000
הראל שקלים מדורגות ללא מנ,5111356,קרן פתוחה,0,A,"אג""ח בארץ - חברות והמרה",חברות והמרה שקלי ללא מניות,,,יובנק נאמנות,הראל,פטורה,1.350,0.0400,34.4,21.07.2026,1352.65,1352.65,0.31,"תל בונד שקלי,תל בונד מאגר",0.35%,0.000
קסם אקט!קונצרני לונג שורט,5111364,קרן פתוחה,0,A,ממונפות ואסטרטגיות,ממונפות אחר,,הקרן הינה קרן ממונפת,יובנק נאמנות,קסם,פטורה,1.130,0.0400,18.5,21.07.2026,228.66,228.66,0.32,"אג""ח כללי - קונצרני",0.35%,0.000
הראל US EQUITY 4D ת.חוץ,5111398,קרן פתוחה,4,D,לתושבי חוץ בלבד,,,"הקרן הינה קרן בלתי מוגבלת בני""ע חוץ,יחידות הקרן נקובות ב- $",יובנק נאמנות,הראל,חייבת לתושבי חוץ,2.920,0.0400,7.2,20.07.2026,1137.33,1137.33,0.92,S&P 500 - NTR,0.35%,0.000
קסם אקטיב מניות,5111406,קרן פתוחה,4,B,מניות בארץ,מניות לפי שווי שוק,מניות All Cap,"הקרן הינה קרן בלתי מוגבלת בני""ע חוץ",יובנק נאמנות,קסם,חייבת,1.100,0.0400,14.9,20.07.2026,298.11,298.11,1.25,"ת""א 125,S&P 500 - NTR",0.35%,0.000
"הראל 4D חו""ל US",5111414,קרן פתוחה,4,D,"מניות בחו""ל",מניות גאוגרפי,"ארה""ב חשופת מט""ח","הקרן הינה קרן בלתי מוגבלת בני""ע חוץ,קרן להשקעות חוץ – מטבע עיקרי - דולר ארה""ב",יובנק נאמנות,הראל,פטורה,2.800,0.0400,10.3,20.07.2026,1069.61,1069.47,1.27,"S&P 500 - NTR,דולר ארה""ב",0.35%,0.000
איביאי מחקה תלגוב-שקלי2-5,5111422,קרן מחקה,0,0,"אג""ח בארץ - מדינה","אג""ח מדינה שקליות",ריבית קבועה  - בינוני,לפי מדיניות השקעותיה הקרן הינה קרן מחקה,יובנק נאמנות,"איביאי קרנות נאמנות ",פטורה,0.150,0.0250,106.9,21.07.2026,159.23,159.23,0.29,תל גוב-שקלי 2-5,לא נגבית עמלת הפצה,0.000
איילון מדדית מדינה ללא מנ,5111448,קרן פתוחה,0,A,"אג""ח בארץ - מדינה","אג""ח מדינה צמוד מדד - ללא מניות",,,יובנק נאמנות,איילון,פטורה,0.680,0.0300,9.3,21.07.2026,163.02,163.02,0.22,תל גוב-צמודות,0.35%,0.000
הראל מניות צמיחה,5111455,קרן פתוחה,4,A,מניות בארץ,מניות לפי שווי שוק,מניות All Cap,,יובנק נאמנות,הראל,פטורה,1.250,0.0400,52.8,21.07.2026,1244.94,1244.94,3.57,"ת""א All-Share ",0.35%,0.000
איביאי מחקה תל גוב-שקלי5+,5111489,קרן מחקה,0,0,"אג""ח בארץ - מדינה","אג""ח מדינה שקליות",ריבית קבועה - ארוך,לפי מדיניות השקעותיה הקרן הינה קרן מחקה,יובנק נאמנות,"איביאי קרנות נאמנות ",פטורה,0.000,0.0250,221.8,21.07.2026,169.42,169.42,0.92,תל גוב-שקלי 5+,לא נגבית עמלת הפצה,0.000
"הראל מעו""ף בריבוע",5111570,קרן פתוחה,6,A,ממונפות ואסטרטגיות,ממונפות בסיכון גבוה,,הקרן הינה קרן ממונפת,יובנק נאמנות,הראל,פטורה,2.830,0.0400,52.4,21.07.2026,831.84,830.18,5.97,"ת""א-35",0.35%,0.200
איביאי ממשל שקלי קצר פלוס,5111620,קרן פתוחה,0,0,"אג""ח בארץ - מדינה","אג""ח מדינה שקליות - ללא מניות",,,יובנק נאמנות,"איביאי קרנות נאמנות ",פטורה,0.350,0.0500,49.0,21.07.2026,133.27,133.27,0.04,"תל גוב-מק""מ",0.2%,0.000
איביאי מדינה צמוד ללא מנ,5111638,קרן פתוחה,0,0,"אג""ח בארץ - מדינה","אג""ח מדינה צמוד מדד - ללא מניות",,,יובנק נאמנות,"איביאי קרנות נאמנות ",פטורה,0.650,0.0500,154.6,21.07.2026,165.35,165.35,0.21,תל גוב-צמודות,0.35%,0.000
קסם אקט תיק אגח חול HY-נ$,5111661,קרן פתוחה,0,D,"אג""ח בחו""ל","אג""ח נקובת מט""ח",,"הקרן הינה קרן בלתי מוגבלת בני""ע חוץ,יחידות הקרן נקובות ב- $,קרן להשק חוץ-פטור ממס לתושבי חוץ",יובנק נאמנות,קסם,פטורה,0.750,0.0400,57.7,20.07.2026,181.23,181.23,1.02,IBOXX USD LIQUID HIGH YIELD - GTR,0.35%,0.000
הראל מניות LargCap ישראל,5111695,קרן פתוחה,4,B,מניות בארץ,מניות לפי שווי שוק,מניות Large & Mid Cap,,יובנק נאמנות,הראל,פטורה,2.330,0.0400,200.5,21.07.2026,2094.55,2094.55,3.39,"ת""א-35",0.35%,0.000
מגדל פרימיו תיק השקע עד50,5111711,קרן פתוחה,3,D,"אג""ח בארץ - כללי","אג""ח כללי בארץ - חשיפה מרבית מעל 30% מניות",,"הקרן הינה קרן בלתי מוגבלת בני""ע חוץ",אלמגור-בריטמן נאמנות,מגדל,פטורה,0.780,0.0450,237.2,20.07.2026,245.90,245.90,0.89,All-Bond כללי,0.35%,0.000
"הראל מסלול אג""ח",5111836,קרן פתוחה,0,A,"אג""ח בארץ - כללי","אג""ח כללי בארץ - ללא מניות","אג""ח כללי בארץ ללא מניות וללא סימן קריאה",,יובנק נאמנות,הראל,פטורה,0.934,0.0400,152.0,21.07.2026,142.00,142.00,0.34,All-Bond כללי,0.35%,0.000
הראל מדינה שקלית,5111869,קרן פתוחה,0,B,"אג""ח בארץ - מדינה","אג""ח מדינה שקליות - ללא מניות",,,יובנק נאמנות,הראל,פטורה,0.370,0.0400,380.1,21.07.2026,138.03,138.03,0.57,"תל גוב – לא צמודות,תל בונד-שקלי 1-3",0.35%,0.000
הראל מדינה,5111885,קרן פתוחה,0,A,"אג""ח בארץ - מדינה","אג""ח מדינה כללי - ללא מניות",,,יובנק נאמנות,הראל,פטורה,0.720,0.0400,142.1,21.07.2026,136.33,136.33,0.33,תל גוב-כללי,0.35%,0.000
י.ל. א.מדורג ללא מניות,5111935,קרן פתוחה,0,0,"אג""ח בארץ - חברות והמרה",חברות והמרה ללא מניות,חברות והמרה ללא מניות וללא סימן קריאה,,יובנק נאמנות,ילין לפידות,פטורה,0.700,0.0400,329.0,21.07.2026,179.83,179.83,0.34,"אג""ח כללי - קונצרני",0.35%,0.000
הראל נכסים סולידיים,5111992,קרן פתוחה,1,A,"אג""ח בארץ - כללי","אג""ח כללי בארץ - עד 10% מניות","אג""ח כללי בארץ בדירוג גבוה (AA ומעלה ו/ או מדינה)- עד 10% מניות",,מזרחי טפחות נאמנות,הראל,פטורה,0.380,0.0400,220.5,21.07.2026,163.46,162.65,0.48,"תל גוב-צמודות 2-5,תל בונד-צמודות AA-AAA,תל גוב-שקלי 2-5,תל בונד-שקלי AA-AAA,ת""א 125",0.35%,0.500
איביאי מחקה תל גוב-כללי,5112271,קרן מחקה,0,A,"אג""ח בארץ - מדינה","אג""ח מדינה שיקלי וצמוד",,לפי מדיניות השקעותיה הקרן הינה קרן מחקה,יובנק נאמנות,"איביאי קרנות נאמנות ",פטורה,0.200,0.0250,54.8,21.07.2026,155.61,155.61,0.45,תל גוב-כללי,לא נגבית עמלת הפצה,0.000
MTF מח‏ תלבונד 40 צמודות,5112404,קרן מחקה,0,0,"אג""ח בארץ - חברות והמרה","אג""ח חברות צמודות מדד",בריבית קבועה,לפי מדיניות השקעותיה הקרן הינה קרן מחקה,אלמגור-בריטמן נאמנות,מגדל,פטורה,0.250,0.0300,35.3,21.07.2026,174.27,174.27,0.32,תל בונד 40 צמודות,לא נגבית עמלת הפצה,0.000
"קסם אקטיב אג""ח דולר בינל",5112479,קרן פתוחה,0,D,"אג""ח בחו""ל","אג""ח חשופת דולר",,"הקרן הינה קרן בלתי מוגבלת בני""ע חוץ,קרן להשקעות חוץ – מטבע עיקרי - דולר ארה""ב",יובנק נאמנות,קסם,פטורה,1.270,0.0300,22.2,20.07.2026,240.77,240.77,0.95,"Bloomberg Intermediate Corporate Total Return Index Value Unhedged USD - GTR,דולר ארה""ב",0.35%,0.000
"קסם אקטאג""חקונצרניBuySide",5112487,קרן פתוחה,0,A,"אג""ח בארץ - חברות והמרה",חברות והמרה ללא מניות,חברות והמרה ללא מניות עם סימן קריאה,,יובנק נאמנות,קסם,פטורה,0.650,0.0400,181.8,21.07.2026,178.32,178.32,0.37,"אג""ח כללי - קונצרני",0.35%,0.000
הראל תיק מדינה,5112560,קרן פתוחה,0,B,"אג""ח בארץ - מדינה","אג""ח מדינה כללי - ללא מניות",,"הקרן הינה קרן בלתי מוגבלת בני""ע חוץ",מזרחי טפחות נאמנות,הראל,פטורה,0.490,0.0400,136.4,20.07.2026,175.73,175.73,0.18,תל גוב-כללי,0.35%,0.000
הראל מחקה מש 90אגח 10מנ,5112586,קרן מחקה,2,A,"אג""ח בארץ משולבת",עד 10% מניות,,לפי מדיניות השקעותיה הקרן הינה קרן מחקה,מזרחי טפחות נאמנות,הראל,פטורה,0.000,0.0200,119.2,21.07.2026,188.62,188.62,0.43,"תל בונד 60 צמודות,תל גוב – לא צמודות,תל בונד תשואות צמודות,תל גוב-צמודות 5-10,ת""א 125,S&P 500 - NTR,דולר ארה""ב",לא נגבית עמלת הפצה,0.000
איביאי מחקה תא 125,5112628,קרן מחקה,4,A,מניות בארץ,מניות לפי שווי שוק,Mid Cap & Large,לפי מדיניות השקעותיה הקרן הינה קרן מחקה,יובנק נאמנות,"איביאי קרנות נאמנות ",פטורה,0.100,0.0250,2455.2,21.07.2026,436.37,436.37,3.29,"ת""א 125",לא נגבית עמלת הפצה,0.000
מגדל בונד מדורג A ומעלה,5112669,קרן פתוחה,0,0,"אג""ח בארץ - חברות והמרה",חברות והמרה ללא מניות,חברות והמרה ללא מניות וללא סימן קריאה,,אלמגור-בריטמן נאמנות,מגדל,פטורה,0.550,0.0400,319.4,21.07.2026,178.84,178.84,0.38,תל בונד צמודות,0.35%,0.000
מגדל בונד שקלי A ומעלה,5112677,קרן פתוחה,0,0,"אג""ח בארץ - חברות והמרה",חברות והמרה שקלי ללא מניות,,,אלמגור-בריטמן נאמנות,מגדל,פטורה,0.740,0.0400,108.0,21.07.2026,192.38,192.38,0.35,תל בונד שקלי,0.35%,0.000
"קסם אקטיב מניות חו""ל",5112693,קרן פתוחה,4,D,"מניות בחו""ל","מניות כללי בחו""ל","מניות כללי בחו""ל חשופת מט""ח","הקרן הינה קרן בלתי מוגבלת בני""ע חוץ",מזרחי טפחות נאמנות,קסם,פטורה,1.870,0.0500,25.5,20.07.2026,310.65,310.65,1.04,"MSCI WORLD INDEX - NTR,S&P 500 - NTR,דולר ארה""ב",0.35%,0.000
קסם 10-90,5112719,קרן פתוחה,1,A,"אג""ח בארץ - כללי","אג""ח כללי בארץ - עד 10% מניות","אג""ח כללי בארץ- עד 10% מניות ללא סימן קריאה",,מזרחי טפחות נאמנות,קסם,פטורה,0.790,0.0500,464.5,21.07.2026,190.10,190.10,0.58,"All-Bond כללי,ת""א 125",0.35%,0.000
הראל 30/70,5112768,קרן פתוחה,2,B,"אג""ח בארץ - כללי","אג""ח כללי בארץ - עד 30% מניות",,,יובנק נאמנות,הראל,פטורה,0.690,0.0400,380.2,21.07.2026,198.84,198.84,0.90,"All-Bond כללי,ת""א 125",0.35%,0.000
מגדל תיק השקעות 15/85,5112826,קרן פתוחה,2,B,"אג""ח בארץ - כללי","אג""ח כללי בארץ - עד 15% מניות",,,אלמגור-בריטמן נאמנות,מגדל,פטורה,0.790,0.0400,403.5,21.07.2026,217.66,217.66,0.58,All-Bond כללי,0.35%,0.000
מגדל אינפלציה מדינה,5112842,קרן פתוחה,1,B,"אג""ח בארץ - מדינה","אג""ח מדינה צמוד מדד - עד 10% מניות",,,אלמגור-בריטמן נאמנות,מגדל,פטורה,0.680,0.0400,186.0,21.07.2026,150.90,150.90,0.39,תל גוב-צמודות 2-5,0.35%,0.000
מגדל אגח מדורג רכיב בטוחה,5112909,קרן פתוחה,0,A,"אג""ח בארץ - חברות והמרה",חברות והמרה ללא מניות,חברות והמרה ללא מניות עם סימן קריאה,,אלמגור-בריטמן נאמנות,מגדל,פטורה,0.890,0.0450,235.5,21.07.2026,201.39,201.39,0.28,"אג""ח כללי - קונצרני",0.35%,0.000
מיטב עוקבת תיק 3 בינל,5112917,קרן פתוחה,2,C,"אג""ח בארץ - כללי","אג""ח כללי בארץ - עד 30% מניות",,הקרן עוקבת תיק של - הבנק הבינלאומי הראשון לישראל,יובנק נאמנות,מיטב קרנות נאמנות,פטורה,0.790,0.0400,581.4,21.07.2026,219.53,219.53,0.67,All-Bond כללי,0.35%,0.000
איילון (2B)י 20/80,5112925,קרן פתוחה,2,B,"אג""ח בארץ - כללי","אג""ח כללי בארץ - עד 20% מניות",,,יובנק נאמנות,איילון,פטורה,0.750,0.0300,74.2,21.07.2026,137.01,137.01,0.91,"All-Bond כללי,ת""א 125",0.35%,0.000
"איילון שקלי מ ואג""ח מדורג",5112933,קרן פתוחה,0,B,"אג""ח בארץ - מדינה","אג""ח מדינה שקליות - ללא מניות",,,יובנק נאמנות,איילון,פטורה,0.610,0.0300,20.3,21.07.2026,135.90,135.90,0.65,תל גוב – לא צמודות,0.35%,0.000
איילון מדינה+20%,5112941,קרן פתוחה,2,B,"אג""ח בארץ - מדינה","אג""ח מדינה כללי - עד 20% מניות",,,יובנק נאמנות,איילון,פטורה,0.690,0.0300,25.8,21.07.2026,169.10,169.10,0.87,"תל גוב-כללי,ת""א 125",0.35%,0.000
מור מחקה גליל 2-5,5113006,קרן מחקה,0,0,"אג""ח בארץ - מדינה","אג""ח מדינה צמוד מדד",צמודות מדד ממשלתיות - בינוני,לפי מדיניות השקעותיה הקרן הינה קרן מחקה,יובנק נאמנות,מור קרנות,פטורה,0.150,0.0200,12.9,21.07.2026,128.45,128.45,0.18,תל גוב-צמודות 2-5,לא נגבית עמלת הפצה,0.000
איביאי מחקה תלבונד 20צמוד,5113014,קרן מחקה,0,0,"אג""ח בארץ - חברות והמרה","אג""ח חברות צמודות מדד",בריבית קבועה,לפי מדיניות השקעותיה הקרן הינה קרן מחקה,יובנק נאמנות,"איביאי קרנות נאמנות ",פטורה,0.250,0.0300,36.5,21.07.2026,170.11,170.11,0.41,תל בונד 20 צמודות,לא נגבית עמלת הפצה,0.000
מור מחקה שחר 2-5,5113022,קרן מחקה,0,0,"אג""ח בארץ - מדינה","אג""ח מדינה שקליות",ריבית קבועה  - בינוני,לפי מדיניות השקעותיה הקרן הינה קרן מחקה,יובנק נאמנות,מור קרנות,פטורה,0.150,0.0200,29.9,21.07.2026,145.33,145.33,0.29,תל גוב-שקלי 2-5,לא נגבית עמלת הפצה,0.000
איביאי קונצרני משתנה,5113048,קרן פתוחה,0,0,"אג""ח בארץ - חברות והמרה",חברות והמרה שקלי ללא מניות,,,יובנק נאמנות,"איביאי קרנות נאמנות ",פטורה,0.650,0.0500,19.2,21.07.2026,154.06,154.06,0.11,All-Bond - ריבית משתנה שקלי,0.35%,0.000
מור מחקה תא 125,5113063,קרן מחקה,4,A,מניות בארץ,מניות לפי שווי שוק,Mid Cap & Large,לפי מדיניות השקעותיה הקרן הינה קרן מחקה,יובנק נאמנות,מור קרנות,פטורה,0.000,0.0200,281.1,21.07.2026,420.19,420.19,3.29,"ת""א 125",לא נגבית עמלת הפצה,0.000
איביאי מחקה תלבונד שקלי,5113071,קרן מחקה,0,0,"אג""ח בארץ - חברות והמרה","אג""ח חברות שקלי",בריבית קבועה,לפי מדיניות השקעותיה הקרן הינה קרן מחקה,יובנק נאמנות,"איביאי קרנות נאמנות ",פטורה,0.200,0.0250,400.8,21.07.2026,181.68,181.68,0.39,תל בונד שקלי,לא נגבית עמלת הפצה,0.000
הראל מדינה שמרני + 10%,5113105,קרן פתוחה,1,A,"אג""ח בארץ - מדינה","אג""ח מדינה כללי - עד 10% מניות",,,יובנק נאמנות,הראל,פטורה,0.640,0.0400,1167.1,21.07.2026,137.36,137.36,0.43,"תל גוב-שקלי 0-2,תל גוב-צמודות 0-2,ת""א 125",0.35%,0.000
הראל מחקה מש מדינה,5113121,קרן מחקה,0,0,"אג""ח בארץ - מדינה","אג""ח מדינה משולבת- ללא מניות",,"לפי מדיניות השקעותיה הקרן הינה קרן מחקה,קרן כשרה",מזרחי טפחות נאמנות,הראל,פטורה,0.250,0.0300,45.1,21.07.2026,155.65,155.65,0.40,"תל גוב-צמודות 0-2,תל גוב-צמודות 2-5,תל גוב-צמודות 5-10,תל גוב-שקלי 0-2,תל גוב-שקלי 2-5,תל גוב-שקלי 5+,תל גוב-משתנה שקלי",לא נגבית עמלת הפצה,0.000
הראל קונצרני AA ומעלה,5113188,קרן פתוחה,0,A,"אג""ח בארץ - חברות והמרה",חברות והמרה ללא מניות,"חברות והמרה ללא מניות וללא סימן קריאה, עם מגבלת מח""מ עד 5 שנים",,יובנק נאמנות,הראל,פטורה,0.590,0.0400,36.9,21.07.2026,151.83,151.83,0.29,"תל בונד-צמודות AA-AAA,תל בונד-שקלי AA-AAA",0.35%,0.000
קסם KTF תלבונד 40 צמודות,5113303,קרן מחקה,0,0,"אג""ח בארץ - חברות והמרה","אג""ח חברות צמודות מדד",בריבית קבועה,לפי מדיניות השקעותיה הקרן הינה קרן מחקה,יובנק נאמנות,קסם,פטורה,0.350,0.0250,29.3,21.07.2026,167.14,167.14,0.33,תל בונד 40 צמודות,לא נגבית עמלת הפצה,0.000
קסם KTF תל גוב- צמודות2-5,5113329,קרן מחקה,0,0,"אג""ח בארץ - מדינה","אג""ח מדינה צמוד מדד",צמודות מדד ממשלתיות - בינוני,"לפי מדיניות השקעותיה הקרן הינה קרן מחקה,קרן כשרה",יובנק נאמנות,קסם,פטורה,0.250,0.0250,99.6,21.07.2026,128.96,128.96,0.18,תל גוב-צמודות 2-5,לא נגבית עמלת הפצה,0.000
קסם KTF תא 125,5113345,קרן מחקה,4,A,מניות בארץ,מניות לפי שווי שוק,Mid Cap & Large,לפי מדיניות השקעותיה הקרן הינה קרן מחקה,יובנק נאמנות,קסם,פטורה,0.100,0.0250,1513.6,21.07.2026,409.47,409.47,3.29,"ת""א 125",לא נגבית עמלת הפצה,0.000
קסם KTF תל גוב-צמודות,5113386,קרן מחקה,0,0,"אג""ח בארץ - מדינה","אג""ח מדינה צמוד מדד",צמודות מדד ממשלתיות - אחר,"לפי מדיניות השקעותיה הקרן הינה קרן מחקה,קרן כשרה",יובנק נאמנות,קסם,פטורה,0.250,0.0250,33.1,21.07.2026,152.64,152.64,0.46,תל גוב-צמודות,לא נגבית עמלת הפצה,0.000
"קסם KTF תל גוב- מק""מ",5113402,קרן מחקה,0,0,"אג""ח בארץ - מדינה","אג""ח מדינה שקליות","מק""מ","לפי מדיניות השקעותיה הקרן הינה קרן מחקה,קרן כשרה",יובנק נאמנות,קסם,פטורה,0.080,0.0250,135.2,21.07.2026,127.87,127.87,0.03,"תל גוב-מק""מ",לא נגבית עמלת הפצה,0.000
קסם KTF תל גוב- כללי,5113428,קרן מחקה,0,A,"אג""ח בארץ - מדינה","אג""ח מדינה שיקלי וצמוד",,"לפי מדיניות השקעותיה הקרן הינה קרן מחקה,קרן כשרה",יובנק נאמנות,קסם,פטורה,0.250,0.0250,138.2,21.07.2026,152.92,152.92,0.46,תל גוב-כללי,לא נגבית עמלת הפצה,0.000
קסם KTF תל גוב-שקלי 2-5,5113444,קרן מחקה,0,0,"אג""ח בארץ - מדינה","אג""ח מדינה שקליות",ריבית קבועה  - בינוני,"לפי מדיניות השקעותיה הקרן הינה קרן מחקה,קרן כשרה",יובנק נאמנות,קסם,פטורה,0.150,0.0250,109.5,21.07.2026,147.24,147.24,0.29,תל גוב-שקלי 2-5,לא נגבית עמלת הפצה,0.000
"סיגמא אג""ח משולבת + 20%",5113527,קרן פתוחה,2,A,"אג""ח בארץ - כללי","אג""ח כללי בארץ - עד 20% מניות",,,אלמגור-בריטמן נאמנות,סיגמא,פטורה,0.850,0.0400,148.0,21.07.2026,171.19,171.19,0.66,All-Bond כללי,0.35%,0.000
"סיגמא 4D מניות חו""ל",5113543,קרן פתוחה,4,D,"מניות בחו""ל","מניות כללי בחו""ל","מניות כללי בחו""ל חשופת מט""ח","הקרן הינה קרן בלתי מוגבלת בני""ע חוץ",אלמגור-בריטמן נאמנות,סיגמא,פטורה,1.250,0.0400,77.7,20.07.2026,312.71,312.71,2.13,"S&P 500 - NTR,דולר ארה""ב",0.35%,0.000
"הראל בונד חו""ל - נקובה $",5113568,קרן פתוחה,0,D,"אג""ח בחו""ל","אג""ח נקובת מט""ח",,"הקרן הינה קרן בלתי מוגבלת בני""ע חוץ,יחידות הקרן נקובות ב- $",יובנק נאמנות,הראל,פטורה,0.690,0.0400,200.2,20.07.2026,46.65,46.65,1.13,Bloomberg Intermediate Corporate Total Return Index Value Unhedged USD - GTR,0.35%,0.000
מיטב מניות צמיחה,5113618,קרן פתוחה,4,A,מניות בארץ,מניות לפי שווי שוק,מניות All Cap,,מזרחי טפחות נאמנות,מיטב קרנות נאמנות,פטורה,1.690,0.0400,128.1,21.07.2026,3820.99,3820.99,3.29,"ת""א 125,ת""א-SME60",0.35%,0.000
מגדל מדינה + 15%,5113683,קרן פתוחה,2,B,"אג""ח בארץ - מדינה","אג""ח מדינה כללי - עד 20% מניות",,,אלמגור-בריטמן נאמנות,מגדל,פטורה,0.570,0.0400,10.5,21.07.2026,149.83,149.83,0.71,תל גוב-כללי,0.35%,0.000
אנליסט תיק 2 הבינלאומי,5113709,קרן פתוחה,2,B,"אג""ח בארץ - כללי","אג""ח כללי בארץ - עד 15% מניות",,הקרן עוקבת תיק של - הבנק הבינלאומי הראשון לישראל,מזרחי טפחות נאמנות,אנליסט,פטורה,0.690,0.0300,52.2,21.07.2026,173.45,173.45,0.46,"All-Bond כללי,MSCI AC WORLD INDEX - NTR,דולר ארה""ב",0.35%,0.000
מיטב אגח קונצרני + 10%,5113956,קרן פתוחה,1,B,"אג""ח בארץ - חברות והמרה",חברות והמרה עם מניות,חברות והמרה עם מניות ללא סימן קריאה,,מזרחי טפחות נאמנות,מיטב קרנות נאמנות,פטורה,1.290,0.0300,17.6,21.07.2026,906.28,906.27,0.51,"אג""ח כללי - קונצרני",0.35%,0.000
תכלית SP500 TTF,5113998,קרן מחקה,4,D,"מניות בחו""ל","מניות גיאוגרפי - חשופת מט""ח",אמריקה- שווקים מפותחים,"הקרן הינה קרן בלתי מוגבלת בני""ע חוץ,לפי מדיניות השקעותיה הקרן הינה קרן מחקה,קרן כשרה",יובנק נאמנות,מיטב קרנות נאמנות,פטורה,0.300,0.0300,1275.5,20.07.2026,809.65,809.65,0.98,"S&P 500 - NTR,דולר ארה""ב",לא נגבית עמלת הפצה,0.000
מור בונד שקלי A ומעלה,5114020,קרן פתוחה,0,0,"אג""ח בארץ - חברות והמרה",חברות והמרה שקלי ללא מניות,,,יובנק נאמנות,מור קרנות,פטורה,0.740,0.0250,74.1,21.07.2026,181.64,181.64,0.31,תל בונד שקלי,0.35%,0.000
מיטב 30/70,5114079,קרן פתוחה,2,B,"אג""ח בארץ - כללי","אג""ח כללי בארץ - עד 30% מניות",,"הקרן הינה קרן בלתי מוגבלת בני""ע חוץ",מזרחי טפחות נאמנות,מיטב קרנות נאמנות,פטורה,0.790,0.0300,655.5,20.07.2026,319.54,319.54,0.49,All-Bond כללי,0.35%,0.000
ילין 4D גמישה,5114087,קרן פתוחה,4,D,גמישות,,,,יובנק נאמנות,ילין לפידות,פטורה,1.910,0.0500,390.9,21.07.2026,579.20,579.20,2.80,אחר,0.35%,0.000
אזימוט 10/90 דיבידנד,5114160,קרן פתוחה,1,B,"אג""ח בארץ - כללי","אג""ח כללי בארץ - עד 10% מניות","אג""ח כללי בארץ- עד 10% מניות ללא סימן קריאה",,יובנק נאמנות,איילון,פטורה,0.890,0.0300,108.2,21.07.2026,204.66,204.66,0.56,All-Bond כללי,0.35%,0.000
אילים אגח+מגובה בביטחונות,5114178,קרן פתוחה,0,A,"אג""ח בארץ - כללי","אג""ח כללי בארץ - ללא מניות","אג""ח כללי בארץ ללא מניות וללא סימן קריאה, עם מגבלת מח""מ עד 5 שנים",,יובנק נאמנות,אילים קרנות,פטורה,0.590,0.0300,173.9,21.07.2026,159.89,159.89,0.40,All-Bond כללי,0.35%,0.000
קסםאקט!אגד חוץאגח ופקדנק$,5114210,קרן פתוחה,1,D,אגד קרנות,אגד חוץ,,"הקרן הינה קרן בלתי מוגבלת בני""ע חוץ,יחידות הקרן נקובות ב- $,קרן להשק חוץ-פטור ממס לתושבי חוץ",יובנק נאמנות,קסם,פטורה,1.470,0.0400,7.4,20.07.2026,137.98,137.98,0.87,"Markit iBoxx USD Liquid Investment Grade 0-5 - GTR ",0.35%,0.000
קסםאקטיבאגחמדורגרכיבבטוחה,5114228,קרן פתוחה,0,A,"אג""ח בארץ - חברות והמרה",חברות והמרה ללא מניות,חברות והמרה ללא מניות עם סימן קריאה,,יובנק נאמנות,קסם,פטורה,0.870,0.0400,136.3,21.07.2026,198.98,198.98,0.34,"אג""ח כללי - קונצרני",0.35%,0.000
אש (2B)י 20-80,5114236,קרן פתוחה,2,B,"אג""ח בארץ - כללי","אג""ח כללי בארץ - עד 20% מניות",,,יובנק נאמנות,אלטשולר-שחם קרנות,פטורה,0.790,0.0400,146.1,21.07.2026,212.30,212.30,0.63,"All-Bond כללי,ת""א 125,MSCI World Index Daily Net TR Local,דולר ארה""ב",0.35%,0.000
אזימוט השקעות (4D),5114285,קרן פתוחה,4,D,גמישות,,,"הקרן הינה קרן בלתי מוגבלת בני""ע חוץ",יובנק נאמנות,איילון,פטורה,1.940,0.0300,46.2,20.07.2026,261.58,261.58,1.07,"All-Bond כללי,ת""א 125",0.35%,0.000
מור מחקה תל בונד שקלי,5114319,קרן מחקה,0,0,"אג""ח בארץ - חברות והמרה","אג""ח חברות שקלי",בריבית קבועה,לפי מדיניות השקעותיה הקרן הינה קרן מחקה,יובנק נאמנות,מור קרנות,פטורה,0.250,0.0200,68.4,21.07.2026,180.67,180.67,0.38,תל בונד שקלי,לא נגבית עמלת הפצה,0.000
איביאי מחקה תלבונד 40צמוד,5114327,קרן מחקה,0,0,"אג""ח בארץ - חברות והמרה","אג""ח חברות צמודות מדד",בריבית קבועה,לפי מדיניות השקעותיה הקרן הינה קרן מחקה,יובנק נאמנות,"איביאי קרנות נאמנות ",פטורה,0.200,0.0300,12.2,21.07.2026,169.15,169.15,0.35,תל בונד 40 צמודות,לא נגבית עמלת הפצה,0.000
אנליסט (1A) 10/90,5114350,קרן פתוחה,1,A,"אג""ח בארץ - כללי","אג""ח כללי בארץ - עד 10% מניות","אג""ח כללי בארץ- עד 10% מניות ללא סימן קריאה",,מזרחי טפחות נאמנות,אנליסט,פטורה,0.740,0.0300,74.2,21.07.2026,186.27,186.27,0.59,"All-Bond כללי,ת""א 125",0.35%,0.000
י.ל. עוקבת תיק 1 בינל,5114392,קרן פתוחה,1,B,"אג""ח בארץ - כללי","אג""ח כללי בארץ - עד 5% מניות",,הקרן עוקבת תיק של - הבנק הבינלאומי הראשון לישראל,יובנק נאמנות,ילין לפידות,פטורה,0.540,0.0500,51.9,21.07.2026,142.07,142.07,0.24,All-Bond כללי,0.35%,0.000
מיטב עוקב מרכ נזילות בינל,5114434,קרן פתוחה,0,A,"אג""ח בארץ - חברות והמרה",חברות והמרה ללא מניות,"חברות והמרה ללא מניות וללא סימן קריאה, עם מגבלת מח""מ עד 5 שנים",הקרן עוקבת תיק של - הבנק הבינלאומי הראשון לישראל,מזרחי טפחות נאמנות,מיטב קרנות נאמנות,פטורה,0.520,0.0300,257.0,21.07.2026,138.28,138.28,0.12,"תל בונד-שקלי 1-3,תל בונד-צמודות 1-3",0.35%,0.000
תכלית TTF תלבונד שקלי,5114491,קרן מחקה,0,0,"אג""ח בארץ - חברות והמרה","אג""ח חברות שקלי",בריבית קבועה,לפי מדיניות השקעותיה הקרן הינה קרן מחקה,יובנק נאמנות,מיטב קרנות נאמנות,פטורה,0.200,0.0300,192.8,21.07.2026,184.23,184.23,0.40,תל בונד שקלי,לא נגבית עמלת הפצה,0.000
קסם אקטיב (1A)י 5-95,5114558,קרן פתוחה,1,A,"אג""ח בארץ - כללי","אג""ח כללי בארץ - עד 5% מניות",,,אלמגור-בריטמן נאמנות,קסם,פטורה,0.600,0.0300,46.0,21.07.2026,132.54,132.54,0.41,"All-Bond כללי,ת""א 125",0.35%,0.000
קסם KTF תלבונד שקלי,5114566,קרן מחקה,0,0,"אג""ח בארץ - חברות והמרה","אג""ח חברות שקלי",בריבית קבועה,לפי מדיניות השקעותיה הקרן הינה קרן מחקה,יובנק נאמנות,קסם,פטורה,0.100,0.0250,421.6,21.07.2026,175.17,175.17,0.40,תל בונד שקלי,לא נגבית עמלת הפצה,0.000
איילון מדינה פרימיום כשרה,5114624,קרן פתוחה,0,A,"אג""ח בארץ - מדינה","אג""ח מדינה כללי - ללא מניות",,קרן כשרה,יובנק נאמנות,איילון,פטורה,0.640,0.0300,32.0,21.07.2026,139.32,139.32,0.36,תל גוב-כללי,0.35%,0.000
איביאי מדינה +10%,5114632,קרן פתוחה,1,A,"אג""ח בארץ - מדינה","אג""ח מדינה כללי - עד 10% מניות",,,יובנק נאמנות,"איביאי קרנות נאמנות ",פטורה,0.580,0.0500,1002.2,21.07.2026,165.62,165.62,0.56,תל גוב-כללי,0.35%,0.000
מיטב (!) קונצרני פלוס,5114640,קרן פתוחה,1,A,"אג""ח בארץ - חברות והמרה",חברות והמרה עם מניות,חברות והמרה עם מניות ועם סימן קריאה,,מזרחי טפחות נאמנות,מיטב קרנות נאמנות,פטורה,0.790,0.0300,127.6,21.07.2026,233.93,233.93,0.46,"אג""ח כללי - קונצרני",0.35%,0.000
תכלית TTF תא 125,5114657,קרן מחקה,4,0,מניות בארץ,מניות לפי שווי שוק,Mid Cap & Large,לפי מדיניות השקעותיה הקרן הינה קרן מחקה,אלמגור-בריטמן נאמנות,מיטב קרנות נאמנות,פטורה,0.100,0.0300,2228.3,21.07.2026,364.01,364.01,3.29,"ת""א 125",לא נגבית עמלת הפצה,0.000
קסם אקטיב מדינה שקלי פלוס,5114749,קרן פתוחה,1,A,"אג""ח בארץ - מדינה","אג""ח מדינה שקליות - עד 10% מניות",,,יובנק נאמנות,קסם,פטורה,0.620,0.0400,156.8,21.07.2026,148.00,148.00,0.72,"תל גוב – לא צמודות,ת""א 125",0.35%,0.000
"מיטב (!) אג""ח ממשלתי",5114780,קרן פתוחה,0,B,"אג""ח בארץ - מדינה","אג""ח מדינה כללי - ללא מניות",,,מזרחי טפחות נאמנות,מיטב קרנות נאמנות,פטורה,0.840,0.0300,678.6,21.07.2026,144.58,144.58,0.40,"תל גוב-צמודות 2-5,תל גוב-שקלי 2-5",0.35%,0.000
מיטב ! 10/90,5114798,קרן פתוחה,1,B,"אג""ח בארץ - כללי","אג""ח כללי בארץ - עד 10% מניות","אג""ח כללי בארץ- עד 10% מניות ועם סימן קריאה",,יובנק נאמנות,מיטב קרנות נאמנות,פטורה,0.810,0.0400,461.2,21.07.2026,189.93,189.93,0.53,All-Bond כללי,0.35%,0.000
מיטב מדינה צמודה+10%,5114830,קרן פתוחה,1,A,"אג""ח בארץ - מדינה","אג""ח מדינה צמוד מדד - עד 10% מניות",,,יובנק נאמנות,מיטב קרנות נאמנות,פטורה,0.590,0.0300,21.1,21.07.2026,390.22,390.22,0.34,תל גוב-צמודות,0.35%,0.000
י.ל מניות דיבידנד,5114897,קרן פתוחה,4,A,מניות בארץ,מניות לפי שווי שוק,מניות All Cap,,יובנק נאמנות,ילין לפידות,פטורה,1.950,0.0500,622.8,21.07.2026,581.29,581.29,3.26,מניות כללי,0.35%,0.000
י.ל קונצרני שקלי + 20%,5114913,קרן פתוחה,2,A,"אג""ח בארץ - חברות והמרה",חברות והמרה שקלי עם מניות,,,יובנק נאמנות,ילין לפידות,פטורה,0.770,0.0500,55.2,21.07.2026,180.39,180.39,0.48,תל בונד שקלי,0.35%,0.000
הראל מחקה תלבונד צ יתר,5114939,קרן מחקה,0,0,"אג""ח בארץ - חברות והמרה","אג""ח חברות צמודות מדד",בריבית קבועה,לפי מדיניות השקעותיה הקרן הינה קרן מחקה,מזרחי טפחות נאמנות,הראל,פטורה,0.150,0.0200,54.3,21.07.2026,164.17,164.17,0.30,תל בונד צמודות-יתר,לא נגבית עמלת הפצה,0.000
מגדל כספית נקובה בדולר,5115001,קרן פתוחה,0,D,קרן כספית,"כספית מט""חית עם קונצרני","נקובת מט""ח","הקרן הינה קרן בלתי מוגבלת בני""ע חוץ,יחידות הקרן נקובות ב- $,קרן להשקעות חוץ – מטבע עיקרי - דולר ארה""ב,קרן להשק חוץ-פטור ממס לתושבי חוץ",אלמגור-בריטמן נאמנות,מגדל,פטורה,0.249,0.0100,297.3,20.07.2026,128.61,128.61,1.09,אחר,0.1%,0.000
"אנליסט (4B) מניות ת""א 125",5115027,קרן פתוחה,4,B,מניות בארץ,מניות לפי שווי שוק,מניות Large & Mid Cap,,מזרחי טפחות נאמנות,אנליסט,פטורה,2.050,0.0300,97.8,21.07.2026,298.82,298.82,3.45,"ת""א 125",0.35%,0.000
קבין 6F השקעות- ממונפת,5115050,קרן פתוחה,6,F,ממונפות ואסטרטגיות,ממונפות בסיכון גבוה,,"הקרן הינה קרן בלתי מוגבלת בני""ע חוץ,הקרן הינה קרן ממונפת",יובנק נאמנות,איילון,פטורה,2.800,0.0400,25.0,20.07.2026,729.31,729.09,1.86,"S&P 500 - NTR,דולר ארה""ב",0.35%,0.000
הראל צמודים ממשלת ללא מני,5115068,קרן פתוחה,0,A,"אג""ח בארץ - מדינה","אג""ח מדינה צמוד מדד - ללא מניות",,,יובנק נאמנות,הראל,פטורה,0.650,0.0400,75.8,21.07.2026,127.35,127.35,0.13,תל גוב-צמודות,0.35%,0.000
הראל מדינה צמודה,5115076,קרן פתוחה,0,B,"אג""ח בארץ - מדינה","אג""ח מדינה צמוד מדד - ללא מניות",,,יובנק נאמנות,הראל,פטורה,0.690,0.0400,492.0,21.07.2026,134.36,134.36,0.20,"תל גוב-צמודות 2-5,תל בונד צמודות",0.35%,0.000
"י.ל. תיק אג""ח+15%",5115092,קרן פתוחה,2,C,"אג""ח בארץ - כללי","אג""ח כללי בארץ - עד 15% מניות",,,יובנק נאמנות,ילין לפידות,פטורה,0.760,0.0400,331.0,21.07.2026,201.92,201.92,0.57,"All-Bond כללי,מניות כללי",0.35%,0.000
איביאי מחקה תלבונד 60צמוד,5115100,קרן מחקה,0,0,"אג""ח בארץ - חברות והמרה","אג""ח חברות צמודות מדד",בריבית קבועה,לפי מדיניות השקעותיה הקרן הינה קרן מחקה,יובנק נאמנות,"איביאי קרנות נאמנות ",פטורה,0.250,0.0300,69.2,21.07.2026,163.77,163.77,0.39,תל בונד 60 צמודות,לא נגבית עמלת הפצה,0.000
מור מחקה גליל 5-10,5115118,קרן מחקה,0,0,"אג""ח בארץ - מדינה","אג""ח מדינה צמוד מדד",צמודות מדד ממשלתיות - ארוך,לפי מדיניות השקעותיה הקרן הינה קרן מחקה,יובנק נאמנות,מור קרנות,פטורה,0.150,0.0200,34.8,21.07.2026,154.18,154.18,0.40,תל גוב-צמודות 5-10,לא נגבית עמלת הפצה,0.000
מור מחקה תא 90,5115126,קרן מחקה,4,A,מניות בארץ,מניות לפי שווי שוק,Mid Cap,לפי מדיניות השקעותיה הקרן הינה קרן מחקה,יובנק נאמנות,מור קרנות,פטורה,0.450,0.0200,160.2,21.07.2026,481.77,481.77,4.08,"ת""א 90",לא נגבית עמלת הפצה,0.000
אש (1B)י 10-90,5115167,קרן פתוחה,1,B,"אג""ח בארץ - כללי","אג""ח כללי בארץ - עד 10% מניות","אג""ח כללי בארץ- עד 10% מניות ללא סימן קריאה",,יובנק נאמנות,אלטשולר-שחם קרנות,פטורה,0.750,0.0350,486.1,21.07.2026,188.85,188.85,0.54,"All-Bond כללי,ת""א 125,MSCI World Index Daily Net TR Local,דולר ארה""ב",0.35%,0.000
אנליסט שקלית קונצרנית ללא,5115225,קרן פתוחה,0,0,"אג""ח בארץ - חברות והמרה",חברות והמרה שקלי ללא מניות,,,מזרחי טפחות נאמנות,אנליסט,פטורה,0.540,0.0300,14.5,21.07.2026,157.49,157.49,0.41,תל בונד-לא צמודות,0.35%,0.000
FOREST סלקט 15/85,5115258,קרן פתוחה,2,A,"אג""ח בארץ - כללי","אג""ח כללי בארץ - עד 15% מניות",,הקרן היא קרן מועדים קבועים,יובנק נאמנות,פורסט,פטורה,0.870,0.0400,304.4,21.07.2026,203.48,203.48,0.45,"All-Bond כללי,ת""א All-Share ",0.35%,0.000
MTF‏ מח מש אגח ישראל 80%,5115274,קרן מחקה,2,A,"אג""ח בארץ משולבת",עד 20% מניות,,לפי מדיניות השקעותיה הקרן הינה קרן מחקה,אלמגור-בריטמן נאמנות,מגדל,פטורה,0.490,0.0300,23.4,21.07.2026,177.66,177.66,0.92,"תל גוב-כללי,תל בונד 60 צמודות,ת""א 125",לא נגבית עמלת הפצה,0.000
הראל 10/90 מחלקת,5115290,קרן פתוחה,1,A,"אג""ח בארץ - כללי","אג""ח כללי בארץ - עד 10% מניות","אג""ח כללי בארץ- עד 10% מניות ללא סימן קריאה",,מזרחי טפחות נאמנות,הראל,חייבת,0.770,0.0400,23.5,21.07.2026,44.49,44.49,0.35,"All-Bond כללי,ת""א 125",0.35%,0.000
מגדל סולידית,5115324,קרן פתוחה,0,A,"אג""ח בארץ - כללי","אג""ח כללי בארץ - ללא מניות","אג""ח כללי בארץ בדירוג גבוה בלבד (AA ומעלה ו/ או מדינה)",,אלמגור-בריטמן נאמנות,מגדל,פטורה,0.590,0.0400,50.3,21.07.2026,134.32,134.32,0.28,תל גוב-כללי,0.35%,0.000
"מגדל אג""ח מדינה+10%",5115332,קרן פתוחה,1,A,"אג""ח בארץ - מדינה","אג""ח מדינה כללי - עד 10% מניות",,,אלמגור-בריטמן נאמנות,מגדל,פטורה,0.490,0.0400,70.6,21.07.2026,152.54,152.54,0.50,תל גוב-כללי,0.35%,0.000
הראל 10/90 פלטינום,5115365,קרן פתוחה,1,B,"אג""ח בארץ - כללי","אג""ח כללי בארץ - עד 10% מניות","אג""ח כללי בארץ- עד 10% מניות ועם סימן קריאה",,יובנק נאמנות,הראל,פטורה,0.700,0.0400,86.0,21.07.2026,169.40,169.40,0.47,"All-Bond כללי,ת""א 125",0.35%,0.000
כוון מניות גלובלית U.S,5115373,קרן פתוחה,4,D,"מניות בחו""ל",מניות גאוגרפי,"ארה""ב חשופת מט""ח","הקרן הינה קרן בלתי מוגבלת בני""ע חוץ",יובנק נאמנות,איילון,פטורה,1.870,0.0450,19.8,20.07.2026,404.84,404.84,1.06,"S&P 500 - NTR,דולר ארה""ב",0.35%,0.000
אלטשולר עק חול 2 בנק בינל,5115407,קרן פתוחה,2,D,"אג""ח בחו""ל","אג""ח חשופת מט""ח",,"הקרן הינה קרן בלתי מוגבלת בני""ע חוץ,הקרן עוקבת תיק של - הבנק הבינלאומי הראשון לישראל",יובנק נאמנות,אלטשולר-שחם קרנות,פטורה,0.920,0.0400,91.3,20.07.2026,147.54,147.54,0.87,"Bloomberg Intermediate Corporate Total Return Index Value Unhedged USD - GTR,MSCI World Index Daily Net TR Local,דולר ארה""ב",0.35%,0.000
"טופ אלפא אג""ח ללא מניות",5115449,קרן פתוחה,0,A,"אג""ח בארץ - כללי","אג""ח כללי בארץ - ללא מניות","אג""ח כללי בארץ ללא מניות עם סימן קריאה",,יובנק נאמנות,איילון,פטורה,0.760,0.0400,31.3,21.07.2026,151.55,151.55,0.28,All-Bond כללי,0.35%,0.000
"טופ אלפא 4D מניות חו""ל",5115456,קרן פתוחה,4,D,"מניות בחו""ל","מניות כללי בחו""ל","מניות כללי בחו""ל חשופת מט""ח","הקרן הינה קרן בלתי מוגבלת בני""ע חוץ",יובנק נאמנות,איילון,פטורה,2.440,0.0400,123.6,20.07.2026,474.25,473.86,0.74,"S&P 500 - NTR,דולר ארה""ב",0.35%,0.000
איילון נזילות בינלאומי +,5115464,קרן פתוחה,0,A,"אג""ח בארץ - חברות והמרה",חברות והמרה ללא מניות,"חברות והמרה ללא מניות וללא סימן קריאה, עם מגבלת מח""מ עד 5 שנים",הקרן עוקבת תיק של - הבנק הבינלאומי הראשון לישראל,יובנק נאמנות,איילון,פטורה,0.520,0.0300,28.1,21.07.2026,123.99,123.99,0.19,"תל בונד-צמודות 1-3,תל בונד-שקלי 1-3",0.35%,0.000
תכלית TTF תלבונד 20,5115472,קרן מחקה,0,0,"אג""ח בארץ - חברות והמרה","אג""ח חברות צמודות מדד",בריבית קבועה,לפי מדיניות השקעותיה הקרן הינה קרן מחקה,אלמגור-בריטמן נאמנות,מיטב קרנות נאמנות,פטורה,0.200,0.0300,194.9,21.07.2026,113.67,113.67,0.46,תל בונד 20 צמודות,לא נגבית עמלת הפצה,0.000
מיטב קונצרני שקלי,5115498,קרן פתוחה,0,0,"אג""ח בארץ - חברות והמרה",חברות והמרה שקלי ללא מניות,,,יובנק נאמנות,מיטב קרנות נאמנות,פטורה,0.640,0.0300,26.0,21.07.2026,146.23,146.23,0.35,תל בונד-לא צמודות,0.35%,0.000
סיגמא 00 ! דירוג פנימי,5115506,קרן פתוחה,0,0,"אג""ח בארץ - חברות והמרה",חברות והמרה ללא מניות,חברות והמרה ללא מניות עם סימן קריאה,,מזרחי טפחות נאמנות,סיגמא,פטורה,1.270,0.0400,54.0,21.07.2026,672.41,672.41,0.36,"אג""ח כללי - קונצרני",0.35%,0.000
סיגמא מדינה +20%,5115514,קרן פתוחה,2,B,"אג""ח בארץ - מדינה","אג""ח מדינה כללי - עד 20% מניות",,,מזרחי טפחות נאמנות,סיגמא,פטורה,0.590,0.0400,1269.5,21.07.2026,167.87,167.87,0.77,"All-Bond כללי,ת""א 125,S&P 500 - NTR,דולר ארה""ב",0.35%,0.000
הראל 10/90 פלוס,5115548,קרן פתוחה,1,B,"אג""ח בארץ - כללי","אג""ח כללי בארץ - עד 10% מניות","אג""ח כללי בארץ- עד 10% מניות ללא סימן קריאה",,יובנק נאמנות,הראל,פטורה,0.689,0.0400,95.2,21.07.2026,156.59,156.59,0.56,"All-Bond כללי,ת""א 125,MSCI AC WORLD INDEX - RT - NTR ,דולר ארה""ב",0.35%,0.000
הראל 30/70 פלוס,5115555,קרן פתוחה,2,B,"אג""ח בארץ - כללי","אג""ח כללי בארץ - עד 30% מניות",,"הקרן הינה קרן בלתי מוגבלת בני""ע חוץ",יובנק נאמנות,הראל,פטורה,0.590,0.0400,22.9,20.07.2026,139.76,139.76,0.81,"All-Bond כללי,ת""א 125,MSCI AC WORLD INDEX - RT - NTR ,דולר ארה""ב",0.35%,0.000
קסם KTF תלבונד 20 צמודות,5115589,קרן מחקה,0,0,"אג""ח בארץ - חברות והמרה","אג""ח חברות צמודות מדד",בריבית קבועה,לפי מדיניות השקעותיה הקרן הינה קרן מחקה,יובנק נאמנות,קסם,פטורה,0.250,0.0250,323.3,21.07.2026,155.83,155.83,0.46,תל בונד 20 צמודות,לא נגבית עמלת הפצה,0.000
קסם KTF תלבונד מאגר,5115597,קרן מחקה,0,A,"אג""ח בארץ - חברות והמרה","אג""ח חברות","אג""ח חברות שקלי וצמוד",לפי מדיניות השקעותיה הקרן הינה קרן מחקה,יובנק נאמנות,קסם,פטורה,0.250,0.0250,155.2,21.07.2026,163.37,163.37,0.32,תל בונד מאגר,לא נגבית עמלת הפצה,0.000
קסם KTF תלבונד צ יתר,5115605,קרן מחקה,0,0,"אג""ח בארץ - חברות והמרה","אג""ח חברות צמודות מדד",בריבית קבועה,לפי מדיניות השקעותיה הקרן הינה קרן מחקה,יובנק נאמנות,קסם,פטורה,0.350,0.0250,34.8,21.07.2026,159.52,159.52,0.32,תל בונד צמודות-יתר,לא נגבית עמלת הפצה,0.000
"מור מק""מ פלוס",5115621,קרן פתוחה,1,A,"אג""ח בארץ - מדינה","אג""ח מדינה שקליות - עד 10% מניות",,,יובנק נאמנות,מור קרנות,פטורה,0.550,0.0200,316.0,21.07.2026,139.94,139.94,0.20,"תל גוב-מק""מ",0.2%,0.000
הפניקסקסם אגח חולמדורג-נ$,5115647,קרן פתוחה,0,D,"אג""ח בחו""ל","אג""ח נקובת מט""ח",,"הקרן הינה קרן בלתי מוגבלת בני""ע חוץ,יחידות הקרן נקובות ב- $,קרן להשק חוץ-פטור ממס לתושבי חוץ",יובנק נאמנות,קסם,פטורה,0.700,0.0400,114.0,20.07.2026,130.04,130.04,0.99,"Markit iBoxx USD Liquid Investment Grade 0-5 - GTR ",0.35%,0.000
י.ל. 10/90,5115704,קרן פתוחה,1,A,"אג""ח בארץ - כללי","אג""ח כללי בארץ - עד 10% מניות","אג""ח כללי בארץ- עד 10% מניות ללא סימן קריאה",,יובנק נאמנות,ילין לפידות,פטורה,0.800,0.0400,917.8,21.07.2026,174.79,174.79,0.52,All-Bond כללי,0.35%,0.000
י.ל. מדינה שקלי ללא מניות,5115712,קרן פתוחה,0,0,"אג""ח בארץ - מדינה","אג""ח מדינה שקליות - ללא מניות",,,יובנק נאמנות,ילין לפידות,פטורה,0.760,0.0400,11.4,21.07.2026,138.11,138.11,0.58,תל גוב – לא צמודות,0.35%,0.000
הראל מחקה מש 80אגח 20מנ,5115738,קרן מחקה,2,B,"אג""ח בארץ משולבת",עד 20% מניות,,"הקרן הינה קרן בלתי מוגבלת בני""ע חוץ,לפי מדיניות השקעותיה הקרן הינה קרן מחקה",מזרחי טפחות נאמנות,הראל,פטורה,0.000,0.0300,89.2,20.07.2026,180.36,180.36,0.26,"תל גוב – לא צמודות,תל בונד 60 צמודות,תל בונד תשואות צמודות,תל גוב-צמודות 5-10,ת""א 125,S&P 500 - NTR,דולר ארה""ב",לא נגבית עמלת הפצה,0.000
איביאי מחקה מש קונצמנ8020,5115761,קרן מחקה,2,A,"אג""ח בארץ משולבת",עד 20% מניות,,לפי מדיניות השקעותיה הקרן הינה קרן מחקה,יובנק נאמנות,"איביאי קרנות נאמנות ",פטורה,0.500,0.0300,45.5,21.07.2026,182.51,182.51,0.88,"תל בונד 40 צמודות,תל בונד שקלי,ת""א 125",לא נגבית עמלת הפצה,0.000
י.ל. מדינה+10%,5115787,קרן פתוחה,1,B,"אג""ח בארץ - מדינה","אג""ח מדינה כללי - עד 10% מניות",,,יובנק נאמנות,ילין לפידות,פטורה,0.640,0.0400,63.4,21.07.2026,155.21,155.21,0.53,תל גוב-כללי,0.35%,0.000
מיטב כספית נקובה ב -$,5115795,קרן פתוחה,0,D,קרן כספית,"כספית מט""חית עם קונצרני","נקובת מט""ח","הקרן הינה קרן בלתי מוגבלת בני""ע חוץ,יחידות הקרן נקובות ב- $,קרן להשקעות חוץ – מטבע עיקרי - דולר ארה""ב,קרן להשק חוץ-פטור ממס לתושבי חוץ",יובנק נאמנות,מיטב קרנות נאמנות,פטורה,0.280,0.0200,406.0,20.07.2026,127.04,127.04,1.18,אחר,0.1%,0.000
אנליסט ממשלתית סולידי עד2,5115803,קרן פתוחה,1,A,"אג""ח בארץ - מדינה","אג""ח מדינה כללי - עד 10% מניות",,,מזרחי טפחות נאמנות,אנליסט,פטורה,0.580,0.0300,94.8,21.07.2026,526.40,526.40,0.12,"תל גוב-שקלי 0-2,תל גוב-צמודות 0-2",0.2%,0.000
ת.פ (1B)י 10/90,5115811,קרן פתוחה,1,B,"אג""ח בארץ - כללי","אג""ח כללי בארץ - עד 10% מניות","אג""ח כללי בארץ- עד 10% מניות ללא סימן קריאה",,יובנק נאמנות,תמיר פישמן,פטורה,0.750,0.0500,131.2,21.07.2026,152.72,152.72,0.51,"All-Bond כללי,ת""א 125",0.35%,0.000
תכלית TTFמש אגח מניות 10%,5115837,קרן מחקה,2,A,"אג""ח בארץ משולבת",עד 10% מניות,,לפי מדיניות השקעותיה הקרן הינה קרן מחקה,אלמגור-בריטמן נאמנות,מיטב קרנות נאמנות,פטורה,0.500,0.0300,25.7,21.07.2026,113.05,113.05,0.48,"תל גוב-שקלי 2-5,תל גוב-צמודות 2-5,תל בונד צמודות,תל בונד שקלי,ת""א 125",לא נגבית עמלת הפצה,0.000
י.ל. תיק אגח סולידי+10%,5115886,קרן פתוחה,1,A,"אג""ח בארץ - כללי","אג""ח כללי בארץ - עד 10% מניות","אג""ח כללי בארץ בדירוג גבוה (AA ומעלה ו/ או מדינה)- עד 10% מניות",,יובנק נאמנות,ילין לפידות,פטורה,0.690,0.0500,258.9,21.07.2026,165.14,165.14,0.42,All-Bond כללי,0.35%,0.000
הראל תיק סולידי ללא מניות,5115894,קרן פתוחה,0,B,"אג""ח בארץ - כללי","אג""ח כללי בארץ - ללא מניות","אג""ח כללי בארץ בדירוג גבוה בלבד (AA ומעלה ו/ או מדינה)",,יובנק נאמנות,הראל,פטורה,0.680,0.0400,37.1,21.07.2026,141.74,141.74,0.31,"תל גוב-כללי,תל בונד-שקלי AA-AAA,תל בונד-צמודות AA-AAA",0.35%,0.000
הראל נבחרת קונצרני,5115928,קרן פתוחה,0,A,"אג""ח בארץ - חברות והמרה",חברות והמרה ללא מניות,חברות והמרה ללא מניות עם סימן קריאה,,יובנק נאמנות,הראל,פטורה,0.590,0.0400,48.6,21.07.2026,156.29,156.29,0.24,"אג""ח כללי - קונצרני",0.35%,0.000
"הראל אג""ח Total Return",5115936,קרן פתוחה,0,B,"אג""ח בארץ - כללי","אג""ח כללי בארץ - ללא מניות","אג""ח כללי בארץ ללא מניות וללא סימן קריאה, עם מגבלת מח""מ עד 5 שנים",,יובנק נאמנות,הראל,פטורה,0.490,0.0400,47.6,21.07.2026,127.92,127.92,0.34,All-Bond כללי,0.35%,0.000
הראל מדינה + 20%,5115977,קרן פתוחה,2,B,"אג""ח בארץ - מדינה","אג""ח מדינה כללי - עד 20% מניות",,,יובנק נאמנות,הראל,פטורה,0.490,0.0400,145.4,21.07.2026,155.13,155.13,0.83,"תל גוב-שקלי 2-5,תל גוב-צמודות 2-5,ת""א 125",0.35%,0.000
הראל צמודים ממשלתיים,5115985,קרן פתוחה,0,0,"אג""ח בארץ - מדינה","אג""ח מדינה צמוד מדד - ללא מניות",,,יובנק נאמנות,הראל,פטורה,0.250,0.0400,62.3,21.07.2026,126.60,125.97,0.24,תל גוב-צמודות,0.35%,0.500
"הראל אג""ח קונצרני + 10%",5115993,קרן פתוחה,1,A,"אג""ח בארץ - חברות והמרה",חברות והמרה עם מניות,חברות והמרה עם מניות ללא סימן קריאה,,יובנק נאמנות,הראל,פטורה,0.490,0.0400,148.2,21.07.2026,181.35,181.35,0.51,"אג""ח כללי - קונצרני,ת""א 125",0.35%,0.000
הראל שקלית ממשלתית,5116009,קרן פתוחה,0,0,"אג""ח בארץ - מדינה","אג""ח מדינה שקליות - ללא מניות",,,יובנק נאמנות,הראל,פטורה,0.250,0.0400,96.9,21.07.2026,141.34,140.64,0.55,תל גוב – לא צמודות,0.35%,0.500
אש 0D אגח גלובלי נקובה ב$,5116017,קרן פתוחה,0,D,"אג""ח בחו""ל","אג""ח נקובת מט""ח",,"הקרן הינה קרן בלתי מוגבלת בני""ע חוץ,יחידות הקרן נקובות ב- $",יובנק נאמנות,אלטשולר-שחם קרנות,פטורה,0.700,0.0400,331.9,20.07.2026,154.96,154.96,1.19,Bloomberg Intermediate Corporate Total Return Index Value Unhedged USD - GTR,0.35%,0.000
אנליסט 20/80,5116033,קרן פתוחה,2,B,"אג""ח בארץ - כללי","אג""ח כללי בארץ - עד 20% מניות",,"הקרן הינה קרן בלתי מוגבלת בני""ע חוץ",מזרחי טפחות נאמנות,אנליסט,פטורה,0.840,0.0300,2346.5,20.07.2026,224.69,224.69,0.36,"אג""ח כללי - קונצרני,ת""א 125",0.35%,0.000
סיגמא ממשלתי שקלי,5116041,קרן פתוחה,0,0,"אג""ח בארץ - מדינה","אג""ח מדינה שקליות - ללא מניות",,,מזרחי טפחות נאמנות,סיגמא,פטורה,0.900,0.0400,31.8,21.07.2026,99.72,99.72,0.51,תל גוב – לא צמודות,0.35%,0.000
"אזימוט אג""ח ללא מניות",5116082,קרן פתוחה,0,B,"אג""ח בארץ - כללי","אג""ח כללי בארץ - ללא מניות","אג""ח כללי בארץ ללא מניות וללא סימן קריאה, עם מגבלת מח""מ עד 5 שנים",,יובנק נאמנות,איילון,פטורה,0.890,0.0400,83.2,21.07.2026,163.40,163.40,0.34,All-Bond כללי,0.35%,0.000
מגדל אגח מדינה,5116140,קרן פתוחה,0,A,"אג""ח בארץ - מדינה","אג""ח מדינה כללי - ללא מניות",,,יובנק נאמנות,מגדל,פטורה,0.470,0.0500,342.9,21.07.2026,131.84,131.84,0.36,תל גוב-כללי,0.35%,0.000
מגדל מניות חול טכנ חדש ממ,5116165,קרן פתוחה,4,A,"מניות בחו""ל","מניות כללי בחו""ל","מניות כללי בחו""ל מוגנת מט""ח","הקרן הינה קרן בלתי מוגבלת בני""ע חוץ",יובנק נאמנות,מגדל,פטורה,1.950,0.0600,78.5,20.07.2026,125.77,125.77,2.49,NASDAQ 100 - NTR,0.35%,0.000
MTF מח תל גוב-כללי,5116181,קרן מחקה,0,A,"אג""ח בארץ - מדינה","אג""ח מדינה שיקלי וצמוד",,"לפי מדיניות השקעותיה הקרן הינה קרן מחקה,קרן כשרה",יובנק נאמנות,מגדל,פטורה,0.150,0.0300,267.2,21.07.2026,139.49,139.49,0.46,תל גוב-כללי,לא נגבית עמלת הפצה,0.000
קסם אקט תיק אגח ללא מניות,5116470,קרן פתוחה,0,B,"אג""ח בארץ - כללי","אג""ח כללי בארץ - ללא מניות","אג""ח כללי בארץ ללא מניות וללא סימן קריאה",,יובנק נאמנות,קסם,פטורה,0.720,0.0300,1067.4,21.07.2026,155.30,155.30,0.38,All-Bond כללי,0.35%,0.000
י.ל. 20/80,5116488,קרן פתוחה,2,B,"אג""ח בארץ - כללי","אג""ח כללי בארץ - עד 20% מניות",,,יובנק נאמנות,ילין לפידות,פטורה,0.950,0.0500,998.0,21.07.2026,209.10,209.10,0.72,"All-Bond כללי,מניות כללי",0.35%,0.000
"קסם אקטיב אג""ח ממוצע AA",5116512,קרן פתוחה,0,0,"אג""ח בארץ - חברות והמרה",חברות והמרה ללא מניות,"חברות והמרה ללא מניות וללא סימן קריאה, עם מגבלת מח""מ עד 5 שנים",,יובנק נאמנות,קסם,פטורה,0.650,0.0400,119.5,21.07.2026,135.82,135.82,0.27,"תל בונד שקלי-50,תל בונד 40 צמודות",0.35%,0.000
קסם אקט אגח מדינה +10%,5116553,קרן פתוחה,1,A,"אג""ח בארץ - מדינה","אג""ח מדינה כללי - עד 10% מניות",,,מזרחי טפחות נאמנות,קסם,פטורה,0.620,0.0400,153.0,21.07.2026,143.16,143.16,0.57,"תל גוב-שקלי 2-5,תל גוב-צמודות 2-5,ת""א 125",0.35%,0.000
"FOREST אג""ח מדורג",5116629,קרן פתוחה,0,A,"אג""ח בארץ - חברות והמרה",חברות והמרה ללא מניות,חברות והמרה ללא מניות עם סימן קריאה,,מזרחי טפחות נאמנות,פורסט,פטורה,0.860,0.0400,578.7,21.07.2026,171.90,171.90,0.26,תל בונד 60 צמודות,0.35%,0.000
"טרגט אג""ח ללא מניות",5116637,קרן פתוחה,0,A,"אג""ח בארץ - כללי","אג""ח כללי בארץ - ללא מניות","אג""ח כללי בארץ ללא מניות וללא סימן קריאה",,יובנק נאמנות,איילון,פטורה,0.550,0.0400,316.0,21.07.2026,161.85,161.85,0.39,All-Bond כללי,0.35%,0.000
"הראל שנהב אג""ח",5116660,קרן פתוחה,2,B,"אג""ח בארץ - כללי","אג""ח כללי בארץ - עד 15% מניות",,"הקרן הינה קרן בלתי מוגבלת בני""ע חוץ",מזרחי טפחות נאמנות,הראל,פטורה,0.280,0.0400,39.5,20.07.2026,150.58,149.09,0.14,All-Bond כללי,0.35%,1.000
"דיאמונד מניות ת""א 125",5116736,קרן פתוחה,4,A,מניות בארץ,מניות לפי שווי שוק,מניות Large & Mid Cap,,מזרחי טפחות נאמנות,איילון,פטורה,1.300,0.0500,43.0,21.07.2026,297.14,297.14,3.89,"ת""א 125",0.35%,0.000
י.ל. ! קונצרני שקלי,5116777,קרן פתוחה,0,0,"אג""ח בארץ - חברות והמרה",חברות והמרה שקלי ללא מניות,,,יובנק נאמנות,ילין לפידות,פטורה,0.690,0.0500,141.6,21.07.2026,165.04,165.04,0.36,תל בונד שקלי,0.35%,0.000
הראל מחקה תל-גובצמוד5-10,5116785,קרן מחקה,0,0,"אג""ח בארץ - מדינה","אג""ח מדינה צמוד מדד",צמודות מדד ממשלתיות - ארוך,"לפי מדיניות השקעותיה הקרן הינה קרן מחקה,קרן כשרה",מזרחי טפחות נאמנות,הראל,פטורה,0.000,0.0200,205.1,21.07.2026,136.25,136.25,0.40,תל גוב-צמודות 5-10,לא נגבית עמלת הפצה,0.000
הראל מחקה מש אג ישר צמוד,5116793,קרן מחקה,0,0,"אג""ח בארץ משולבת",ללא מניות,,לפי מדיניות השקעותיה הקרן הינה קרן מחקה,מזרחי טפחות נאמנות,הראל,פטורה,0.350,0.0300,24.8,21.07.2026,135.60,135.60,0.33,"תל גוב-צמודות 5-10,תל בונד 20 צמודות,תל גוב-צמודות 0-2,תל גוב-צמודות 2-5",לא נגבית עמלת הפצה,0.000
MTF מח‏ תלבונד צ יתר,5116918,קרן מחקה,0,0,"אג""ח בארץ - חברות והמרה","אג""ח חברות צמודות מדד",בריבית קבועה,לפי מדיניות השקעותיה הקרן הינה קרן מחקה,אלמגור-בריטמן נאמנות,מגדל,פטורה,0.250,0.0300,59.8,21.07.2026,158.60,158.60,0.30,תל בונד צמודות-יתר,לא נגבית עמלת הפצה,0.000
מגדל צמודה בונד מדורג,5116926,קרן פתוחה,0,A,"אג""ח בארץ - חברות והמרה",חברות והמרה ללא מניות,"חברות והמרה ללא מניות וללא סימן קריאה, עם מגבלת מח""מ עד 5 שנים",,אלמגור-בריטמן נאמנות,מגדל,פטורה,0.750,0.0400,967.4,21.07.2026,142.37,142.37,0.26,תל בונד צמודות,0.35%,0.000
אנליסט דירוג פנימי,5116934,קרן פתוחה,0,B,"אג""ח בארץ - חברות והמרה",חברות והמרה ללא מניות,חברות והמרה ללא מניות וללא סימן קריאה,,מזרחי טפחות נאמנות,אנליסט,פטורה,0.790,0.0300,257.5,21.07.2026,157.08,157.08,0.37,"אג""ח כללי - קונצרני",0.35%,0.000
קסם אקט מדורג ללא מניו,5116942,קרן פתוחה,0,A,"אג""ח בארץ - חברות והמרה",חברות והמרה ללא מניות,חברות והמרה ללא מניות וללא סימן קריאה,,מזרחי טפחות נאמנות,קסם,פטורה,0.710,0.0400,243.7,21.07.2026,156.96,156.18,0.35,תל בונד מאגר,0.35%,0.500
מור מחקה שחר 5+,5116967,קרן מחקה,0,0,"אג""ח בארץ - מדינה","אג""ח מדינה שקליות",ריבית קבועה - ארוך,לפי מדיניות השקעותיה הקרן הינה קרן מחקה,יובנק נאמנות,מור קרנות,פטורה,0.150,0.0200,34.9,21.07.2026,161.81,161.81,0.93,תל גוב-שקלי 5+,לא נגבית עמלת הפצה,0.000
אש אגח קונצרני A ומעלה,5116975,קרן פתוחה,0,A,"אג""ח בארץ - חברות והמרה",חברות והמרה ללא מניות,"חברות והמרה ללא מניות וללא סימן קריאה, עם מגבלת מח""מ עד 5 שנים",,יובנק נאמנות,אלטשולר-שחם קרנות,פטורה,0.690,0.0350,245.2,21.07.2026,155.12,155.12,0.36,"תל בונד שקלי,תל בונד צמודות",0.35%,0.000
אש (0A) אגח מדינה ללא מנ',5116983,קרן פתוחה,0,A,"אג""ח בארץ - מדינה","אג""ח מדינה כללי - ללא מניות",,,יובנק נאמנות,אלטשולר-שחם קרנות,פטורה,0.630,0.0350,259.8,21.07.2026,137.79,137.79,0.37,"תל גוב-כללי,All-Bond כללי",0.35%,0.000
הראל מחקה מש אגח ישר שקל,5117007,קרן מחקה,0,0,"אג""ח בארץ משולבת",ללא מניות,,לפי מדיניות השקעותיה הקרן הינה קרן מחקה,מזרחי טפחות נאמנות,הראל,פטורה,0.000,0.0300,23.7,21.07.2026,148.08,148.08,0.47,"תל גוב-שקלי 5+,תל בונד שקלי,תל גוב-שקלי 0-2,תל גוב-שקלי 2-5,תל גוב-משתנה שקלי",לא נגבית עמלת הפצה,0.000
איביאי מחקה תלבונד צמוד,5117023,קרן מחקה,0,0,"אג""ח בארץ - חברות והמרה","אג""ח חברות צמודות מדד",בריבית קבועה,לפי מדיניות השקעותיה הקרן הינה קרן מחקה,יובנק נאמנות,"איביאי קרנות נאמנות ",פטורה,0.250,0.0300,62.3,21.07.2026,157.84,157.84,0.36,תל בונד צמודות,לא נגבית עמלת הפצה,0.000
מור מחקה תל בונד צ יתר,5117049,קרן מחקה,0,0,"אג""ח בארץ - חברות והמרה","אג""ח חברות צמודות מדד",בריבית קבועה,לפי מדיניות השקעותיה הקרן הינה קרן מחקה,יובנק נאמנות,מור קרנות,פטורה,0.200,0.0200,15.2,21.07.2026,163.88,163.88,0.32,תל בונד צמודות-יתר,לא נגבית עמלת הפצה,0.000
MTF מח‏ מש שקלי,5117080,קרן מחקה,0,0,"אג""ח בארץ משולבת",ללא מניות,,לפי מדיניות השקעותיה הקרן הינה קרן מחקה,אלמגור-בריטמן נאמנות,מגדל,פטורה,0.390,0.0150,11.8,21.07.2026,132.98,132.98,0.28,"תל גוב-שקלי 2-5,תל בונד שקלי",לא נגבית עמלת הפצה,0.000
קסם אקט שקלית ממשלתית כשר,5117122,קרן פתוחה,0,0,"אג""ח בארץ - מדינה","אג""ח מדינה שקליות - ללא מניות",,קרן כשרה,יובנק נאמנות,קסם,פטורה,0.540,0.0400,68.7,21.07.2026,130.27,130.27,0.49,תל גוב – לא צמודות,0.35%,0.000
הראל אגח בינלאומי עד20מטח,5117130,קרן פתוחה,0,B,"אג""ח בחו""ל","אג""ח מוגנת מט""ח",,"הקרן הינה קרן בלתי מוגבלת בני""ע חוץ",יובנק נאמנות,הראל,פטורה,0.780,0.0400,89.4,20.07.2026,292.53,292.53,0.22,Bloomberg Intermediate Corporate Total Return Index Value Unhedged USD - GTR,0.35%,0.000
"הראל תיק אג""ח סולידי+10%",5117239,קרן פתוחה,1,B,"אג""ח בארץ - כללי","אג""ח כללי בארץ - עד 10% מניות","אג""ח כללי בארץ בדירוג גבוה (AA ומעלה ו/ או מדינה)- עד 10% מניות",,מזרחי טפחות נאמנות,הראל,פטורה,0.550,0.0300,57.1,21.07.2026,133.29,133.29,0.57,"תל בונד-שקלי AA-AAA,תל בונד-צמודות AA-AAA,All-Bond כללי,ת""א 125",0.35%,0.000
הראל מחקה תל-גוב צמוד2-5,5117247,קרן מחקה,0,0,"אג""ח בארץ - מדינה","אג""ח מדינה צמוד מדד",צמודות מדד ממשלתיות - בינוני,"לפי מדיניות השקעותיה הקרן הינה קרן מחקה,קרן כשרה",מזרחי טפחות נאמנות,הראל,פטורה,0.050,0.0200,311.2,21.07.2026,117.19,117.19,0.18,תל גוב-צמודות 2-5,לא נגבית עמלת הפצה,0.000
הראל מחקה תל גוב-שקלי 2-5,5117262,קרן מחקה,0,0,"אג""ח בארץ - מדינה","אג""ח מדינה שקליות",ריבית קבועה  - בינוני,"לפי מדיניות השקעותיה הקרן הינה קרן מחקה,קרן כשרה",מזרחי טפחות נאמנות,הראל,פטורה,0.000,0.0200,208.4,21.07.2026,129.47,129.47,0.29,תל גוב-שקלי 2-5,לא נגבית עמלת הפצה,0.000
הראל מחקה תלבונד 20 צמוד,5117270,קרן מחקה,0,0,"אג""ח בארץ - חברות והמרה","אג""ח חברות צמודות מדד",בריבית קבועה,לפי מדיניות השקעותיה הקרן הינה קרן מחקה,מזרחי טפחות נאמנות,הראל,פטורה,0.100,0.0200,697.4,21.07.2026,151.65,151.65,0.46,תל בונד 20 צמודות,לא נגבית עמלת הפצה,0.000
הראל מחקה תלבונד שקלי,5117288,קרן מחקה,0,0,"אג""ח בארץ - חברות והמרה","אג""ח חברות שקלי",בריבית קבועה,לפי מדיניות השקעותיה הקרן הינה קרן מחקה,מזרחי טפחות נאמנות,הראל,פטורה,0.200,0.0180,206.7,21.07.2026,158.96,158.96,0.40,תל בונד שקלי,לא נגבית עמלת הפצה,0.000
י.ל. מדינה שקלי 1-4 שנים,5117296,קרן פתוחה,0,0,"אג""ח בארץ - מדינה","אג""ח מדינה שקליות - ללא מניות",,,יובנק נאמנות,ילין לפידות,פטורה,0.420,0.0500,64.3,21.07.2026,126.81,126.81,0.29,תל גוב – לא צמודות,0.35%,0.000
"י.ל. תיק אג""ח ללא מניות",5117304,קרן פתוחה,0,B,"אג""ח בארץ - כללי","אג""ח כללי בארץ - ללא מניות","אג""ח כללי בארץ ללא מניות וללא סימן קריאה",,יובנק נאמנות,ילין לפידות,פטורה,0.740,0.0400,272.5,21.07.2026,142.60,142.60,0.37,All-Bond כללי,0.35%,0.000
י.ל. עוקבת תיק 2 בינל,5117312,קרן פתוחה,2,B,"אג""ח בארץ - כללי","אג""ח כללי בארץ - עד 15% מניות",,הקרן עוקבת תיק של - הבנק הבינלאומי הראשון לישראל,יובנק נאמנות,ילין לפידות,פטורה,0.790,0.0050,463.5,21.07.2026,153.11,153.11,0.42,"All-Bond כללי,מניות כללי",0.35%,0.000
תכלית TTFמש אגח מניות 15%,5117346,קרן מחקה,2,A,"אג""ח בארץ משולבת",עד 20% מניות,,לפי מדיניות השקעותיה הקרן הינה קרן מחקה,אלמגור-בריטמן נאמנות,מיטב קרנות נאמנות,פטורה,0.650,0.0300,31.1,21.07.2026,167.07,167.07,0.50,"תל גוב-כללי,תל בונד שקלי,תל בונד צמודות,תל בונד צמודות - בנקים ללא COCO,ת""א 125,S&P 500 - NTR,STOXX Europe 600 - NTR",לא נגבית עמלת הפצה,0.000
תכלית TTF תלגוב צמוד 2-5,5117379,קרן מחקה,0,0,"אג""ח בארץ - מדינה","אג""ח מדינה צמוד מדד",צמודות מדד ממשלתיות - בינוני,"לפי מדיניות השקעותיה הקרן הינה קרן מחקה,קרן כשרה",אלמגור-בריטמן נאמנות,מיטב קרנות נאמנות,פטורה,0.200,0.0300,462.1,21.07.2026,117.22,117.22,0.18,תל גוב-צמודות 2-5,לא נגבית עמלת הפצה,0.000
איביאי כספית נקובה דולר $,5117429,קרן פתוחה,0,D,קרן כספית,"כספית מט""חית עם קונצרני","נקובת מט""ח","הקרן הינה קרן בלתי מוגבלת בני""ע חוץ,יחידות הקרן נקובות ב- $,קרן להשק חוץ-פטור ממס לתושבי חוץ",יובנק נאמנות,"איביאי קרנות נאמנות ",פטורה,0.250,0.0100,1769.0,20.07.2026,126.88,126.88,1.07,אחר,0.1%,0.000
קסם KTF תלבונד צמוד,5117437,קרן מחקה,0,0,"אג""ח בארץ - חברות והמרה","אג""ח חברות צמודות מדד",בריבית קבועה,לפי מדיניות השקעותיה הקרן הינה קרן מחקה,יובנק נאמנות,קסם,פטורה,0.260,0.0250,343.4,21.07.2026,148.81,148.81,0.36,תל בונד צמודות,לא נגבית עמלת הפצה,0.000
Gse Spot מחקר,5117445,קרן פתוחה,0,A,"אג""ח בארץ - חברות והמרה",חברות והמרה ללא מניות,חברות והמרה ללא מניות וללא סימן קריאה,,מזרחי טפחות נאמנות,איילון,פטורה,0.900,0.0400,31.8,21.07.2026,153.17,153.17,0.40,"תל בונד צמודות,תל בונד שקלי",0.35%,0.000
"הראל תיק אג""ח + 15%",5117460,קרן פתוחה,2,B,"אג""ח בארץ - כללי","אג""ח כללי בארץ - עד 15% מניות",,"הקרן הינה קרן בלתי מוגבלת בני""ע חוץ",מזרחי טפחות נאמנות,הראל,פטורה,0.740,0.0200,226.0,20.07.2026,160.55,160.55,0.38,"תל בונד שקלי-50,תל בונד 60 צמודות,תל גוב-צמודות 2-5,תל גוב-שקלי 2-5,ת""א 125,MSCI AC WORLD INDEX - RT - NTR ,דולר ארה""ב",0.35%,0.000
איביאי מחקה תלבונד צמדיתר,5117494,קרן מחקה,0,0,"אג""ח בארץ - חברות והמרה","אג""ח חברות צמודות מדד",בריבית קבועה,לפי מדיניות השקעותיה הקרן הינה קרן מחקה,יובנק נאמנות,"איביאי קרנות נאמנות ",פטורה,0.200,0.0250,93.1,21.07.2026,155.31,155.31,0.32,תל בונד צמודות-יתר,לא נגבית עמלת הפצה,0.000
י.ל. ! אגח חברות +10,5117502,קרן פתוחה,1,A,"אג""ח בארץ - חברות והמרה",חברות והמרה עם מניות,חברות והמרה עם מניות ועם סימן קריאה,,יובנק נאמנות,ילין לפידות,פטורה,0.910,0.0500,1003.1,21.07.2026,164.67,164.67,0.47,"אג""ח כללי - קונצרני",0.35%,0.000
מור מדדית מדינה ללא מניות,5117510,קרן פתוחה,0,0,"אג""ח בארץ - מדינה","אג""ח מדינה צמוד מדד - ללא מניות",,,יובנק נאמנות,מור קרנות,פטורה,0.650,0.0250,105.8,21.07.2026,121.76,121.76,0.27,תל גוב-צמודות 2-5,0.35%,0.000
מגדל S&P 500,5117536,קרן פתוחה,4,D,"מניות בחו""ל",מניות גאוגרפי,"ארה""ב חשופת מט""ח","הקרן הינה קרן בלתי מוגבלת בני""ע חוץ,קרן להשקעות חוץ – מטבע עיקרי - דולר ארה""ב",אלמגור-בריטמן נאמנות,מגדל,פטורה,0.500,0.0500,16.5,20.07.2026,232.11,232.10,1.08,"S&P 500 - NTR,דולר ארה""ב",0.35%,0.000
"איביאי אג""ח חברות מדורג",5117577,קרן פתוחה,0,B,"אג""ח בארץ - חברות והמרה",חברות והמרה ללא מניות,חברות והמרה ללא מניות וללא סימן קריאה,,יובנק נאמנות,"איביאי קרנות נאמנות ",פטורה,0.950,0.0500,323.7,21.07.2026,142.22,142.22,0.38,תל בונד מאגר,0.35%,0.000
מור מחקה NASDAQ100,5117585,קרן מחקה,4,D,"מניות בחו""ל","מניות גיאוגרפי - חשופת מט""ח",אמריקה- שווקים מפותחים,"הקרן הינה קרן בלתי מוגבלת בני""ע חוץ,לפי מדיניות השקעותיה הקרן הינה קרן מחקה",יובנק נאמנות,מור קרנות,פטורה,0.500,0.0200,763.7,20.07.2026,866.90,866.90,1.46,"NASDAQ 100 - NTR,דולר ארה""ב",לא נגבית עמלת הפצה,0.000
מור מחקה S&P500,5117601,קרן מחקה,4,D,"מניות בחו""ל","מניות גיאוגרפי - חשופת מט""ח",אמריקה- שווקים מפותחים,"הקרן הינה קרן בלתי מוגבלת בני""ע חוץ,לפי מדיניות השקעותיה הקרן הינה קרן מחקה",יובנק נאמנות,מור קרנות,פטורה,0.400,0.0200,260.5,20.07.2026,478.06,478.06,0.99,"S&P 500 - NTR,דולר ארה""ב",לא נגבית עמלת הפצה,0.000
"איביאי תיק אג""ח כללי",5117619,קרן פתוחה,0,B,"אג""ח בארץ - כללי","אג""ח כללי בארץ - ללא מניות","אג""ח כללי בארץ ללא מניות וללא סימן קריאה",,יובנק נאמנות,"איביאי קרנות נאמנות ",פטורה,0.890,0.0500,61.0,21.07.2026,128.21,128.21,0.51,All-Bond כללי,0.35%,0.000
איביאי מחקה מש ממשלתי,5117627,קרן מחקה,0,0,"אג""ח בארץ - מדינה","אג""ח מדינה משולבת- ללא מניות",,לפי מדיניות השקעותיה הקרן הינה קרן מחקה,יובנק נאמנות,"איביאי קרנות נאמנות ",פטורה,0.500,0.0300,34.3,21.07.2026,126.66,126.66,0.40,"תל גוב-צמודות 2-5,תל גוב-צמודות 5-10,תל גוב-שקלי 2-5,תל גוב-שקלי 5+",לא נגבית עמלת הפצה,0.000
איילון 75/25 כשרה,5117650,קרן פתוחה,2,C,"אג""ח בארץ - כללי","אג""ח כללי בארץ - עד 25% מניות",,קרן כשרה,מזרחי טפחות נאמנות,איילון,פטורה,0.650,0.0400,138.7,21.07.2026,178.94,178.94,0.96,"All-Bond כללי,ת""א 125",0.35%,0.000
איילון תיק השקעות ללא מנ,5117668,קרן פתוחה,0,B,"אג""ח בארץ - כללי","אג""ח כללי בארץ - ללא מניות","אג""ח כללי בארץ ללא מניות וללא סימן קריאה",,מזרחי טפחות נאמנות,איילון,פטורה,0.610,0.0300,39.9,21.07.2026,143.54,143.54,0.40,All-Bond כללי,0.35%,0.000
"איילון אקסטרים ת""א 125",5117684,קרן פתוחה,6,A,ממונפות ואסטרטגיות,ממונפות בסיכון גבוה,,הקרן הינה קרן ממונפת,מזרחי טפחות נאמנות,איילון,פטורה,1.850,0.0400,165.2,21.07.2026,878.94,875.44,9.69,"ת""א 125",0.35%,0.400
"איילון אקסטרים ת""א 35",5117692,קרן פתוחה,6,0,ממונפות ואסטרטגיות,ממונפות בסיכון גבוה,,הקרן הינה קרן ממונפת,מזרחי טפחות נאמנות,איילון,פטורה,1.850,0.0400,148.2,21.07.2026,761.82,758.78,9.27,"ת""א-35",0.35%,0.400
איילון (00) כספית,5117700,קרן פתוחה,0,0,קרן כספית,כספית שקלית,כספית שקלית עם קונצרני,,מזרחי טפחות נאמנות,איילון,פטורה,0.180,0.0050,7988.6,21.07.2026,119.94,119.94,0.00,"תל גוב-מק""מ",0.1%,0.000
אימפקט (2B)י 20/80,5117734,קרן פתוחה,2,B,"אג""ח בארץ - כללי","אג""ח כללי בארץ - עד 20% מניות",,,מזרחי טפחות נאמנות,איילון,פטורה,0.850,0.0400,72.0,21.07.2026,179.53,179.53,0.73,"All-Bond כללי,מניות כללי",0.35%,0.000
"איילון משקל שווה ת""א 35",5117742,קרן פתוחה,4,B,מניות בארץ,מניות לפי שווי שוק,מניות Large & Mid Cap,,מזרחי טפחות נאמנות,איילון,פטורה,1.150,0.0400,18.8,21.07.2026,363.93,363.93,3.47,"ת""א-35",0.35%,0.000
איילון 6D S&P 500 פי 3,5117759,קרן פתוחה,6,D,ממונפות ואסטרטגיות,ממונפות בסיכון גבוה,,"הקרן הינה קרן בלתי מוגבלת בני""ע חוץ,הקרן הינה קרן ממונפת",מזרחי טפחות נאמנות,איילון,פטורה,1.850,0.0400,155.6,20.07.2026,2075.26,2066.89,3.13,S&P 500 - NTR,0.35%,0.400
איילון 0F אקסטרים דולר פ3,5117809,קרן פתוחה,0,F,ממונפות ואסטרטגיות,ממונפות בסיכון גבוה,,הקרן הינה קרן ממונפת,מזרחי טפחות נאמנות,איילון,פטורה,1.500,0.0300,11.8,21.07.2026,57.09,56.86,4.29,"דולר ארה""ב",0.35%,0.400
MTF מח‏ תלבונד צבנללאCOCO,5117817,קרן מחקה,0,0,"אג""ח בארץ - חברות והמרה","אג""ח חברות צמודות מדד",בריבית קבועה,"לפי מדיניות השקעותיה הקרן הינה קרן מחקה,קרן כשרה",יובנק נאמנות,מגדל,פטורה,0.150,0.0300,102.6,21.07.2026,127.39,127.39,0.23,תל בונד צמודות - בנקים ללא COCO,לא נגבית עמלת הפצה,0.000
איביאי מחקה תלגו-צמוד5-10,5117833,קרן מחקה,0,0,"אג""ח בארץ - מדינה","אג""ח מדינה צמוד מדד",צמודות מדד ממשלתיות - ארוך,לפי מדיניות השקעותיה הקרן הינה קרן מחקה,יובנק נאמנות,"איביאי קרנות נאמנות ",פטורה,0.150,0.0250,55.5,21.07.2026,129.48,129.48,0.40,תל גוב-צמודות 5-10,לא נגבית עמלת הפצה,0.000
הראל עוקבת תיק2 הבינלאומי,5117841,קרן פתוחה,2,B,"אג""ח בארץ - כללי","אג""ח כללי בארץ - עד 15% מניות",,הקרן עוקבת תיק של - הבנק הבינלאומי הראשון לישראל,יובנק נאמנות,הראל,פטורה,0.760,0.0400,200.2,21.07.2026,141.25,141.25,0.41,"All-Bond כללי,ת""א 125,MSCI AC WORLD INDEX - RT - NTR ,דולר ארה""ב",0.35%,0.000
MTF מח‏ תל גוב-צמודות,5117866,קרן מחקה,0,0,"אג""ח בארץ - מדינה","אג""ח מדינה צמוד מדד",צמודות מדד ממשלתיות - אחר,"לפי מדיניות השקעותיה הקרן הינה קרן מחקה,קרן כשרה",אלמגור-בריטמן נאמנות,מגדל,פטורה,0.100,0.0300,35.3,21.07.2026,129.94,129.94,0.46,תל גוב-צמודות,לא נגבית עמלת הפצה,0.000
מגדל בונד צמוד A ומעלה,5117932,קרן פתוחה,0,0,"אג""ח בארץ - חברות והמרה",חברות והמרה ללא מניות,חברות והמרה ללא מניות וללא סימן קריאה,,אלמגור-בריטמן נאמנות,מגדל,פטורה,0.790,0.0400,411.1,21.07.2026,153.81,153.81,0.37,"תל בונד תשואות צמודות,תל בונד צמודות",0.35%,0.000
איביאי מחקה תלב-תשואתצמוד,5117957,קרן מחקה,0,0,"אג""ח בארץ - חברות והמרה","אג""ח חברות צמודות מדד",בריבית קבועה,לפי מדיניות השקעותיה הקרן הינה קרן מחקה,יובנק נאמנות,"איביאי קרנות נאמנות ",פטורה,0.200,0.0250,237.8,21.07.2026,161.45,161.45,0.49,תל בונד תשואות צמודות,לא נגבית עמלת הפצה,0.000
קסםאקט אירופIndPl-מנומטח,5117973,קרן פתוחה,4,A,"מניות בחו""ל",מניות גאוגרפי,"מניות גאוגרפי מוגנת מט""ח","הקרן הינה קרן בלתי מוגבלת בני""ע חוץ",יובנק נאמנות,קסם,פטורה,1.250,0.0400,30.3,20.07.2026,266.35,266.35,1.06,STOXX Europe 600 - NTR,0.35%,0.000
קסם KTF תלבונד 60 צמודות,5118021,קרן מחקה,0,0,"אג""ח בארץ - חברות והמרה","אג""ח חברות צמודות מדד",בריבית קבועה,לפי מדיניות השקעותיה הקרן הינה קרן מחקה,יובנק נאמנות,קסם,פטורה,0.250,0.0250,718.0,21.07.2026,144.97,144.97,0.39,תל בונד 60 צמודות,לא נגבית עמלת הפצה,0.000
קסם KTF תל גוב-שקלי 5+,5118039,קרן מחקה,0,0,"אג""ח בארץ - מדינה","אג""ח מדינה שקליות",ריבית קבועה - ארוך,"לפי מדיניות השקעותיה הקרן הינה קרן מחקה,קרן כשרה",יובנק נאמנות,קסם,פטורה,0.000,0.0250,54.8,21.07.2026,149.67,149.67,0.92,תל גוב-שקלי 5+,לא נגבית עמלת הפצה,0.000
קסם KTF תל גוב-שקלי,5118047,קרן מחקה,0,0,"אג""ח בארץ - מדינה","אג""ח מדינה שקליות",ריבית קבועה,"לפי מדיניות השקעותיה הקרן הינה קרן מחקה,קרן כשרה",יובנק נאמנות,קסם,פטורה,0.250,0.0250,134.3,21.07.2026,135.72,135.72,0.55,תל גוב-שקלי,לא נגבית עמלת הפצה,0.000
קסםKTF תל גוב-צמודות 5-10,5118054,קרן מחקה,0,0,"אג""ח בארץ - מדינה","אג""ח מדינה צמוד מדד",צמודות מדד ממשלתיות - ארוך,"לפי מדיניות השקעותיה הקרן הינה קרן מחקה,קרן כשרה",יובנק נאמנות,קסם,פטורה,0.250,0.0250,157.1,21.07.2026,130.42,130.42,0.40,תל גוב-צמודות 5-10,לא נגבית עמלת הפצה,0.000
קסם אקט עוקבתיק בנק הבינל,5118062,קרן פתוחה,1,B,"אג""ח בארץ - כללי","אג""ח כללי בארץ - עד 5% מניות",,הקרן עוקבת תיק של - הבנק הבינלאומי הראשון לישראל,יובנק נאמנות,קסם,פטורה,0.580,0.0400,51.4,21.07.2026,127.87,127.87,0.31,"All-Bond כללי,ת""א 125",0.35%,0.000
"י.ל! אג""ח TOTAL RETURN",5118088,קרן פתוחה,0,B,"אג""ח בארץ - כללי","אג""ח כללי בארץ - ללא מניות","אג""ח כללי בארץ ללא מניות עם סימן קריאה",,יובנק נאמנות,ילין לפידות,פטורה,0.750,0.0400,848.9,21.07.2026,139.61,139.61,0.35,All-Bond כללי,0.35%,0.000
קסם אקטארהב IndexPlusכשרה,5118112,קרן פתוחה,4,D,"מניות בחו""ל",מניות גאוגרפי,"ארה""ב חשופת מט""ח","הקרן הינה קרן בלתי מוגבלת בני""ע חוץ,קרן כשרה",יובנק נאמנות,קסם,פטורה,1.820,0.0400,254.5,20.07.2026,395.12,395.12,1.24,"S&P 500 - NTR,NASDAQ 100 - NTR,דולר ארה""ב",0.35%,0.000
קסם KTF תלבונד תשו צמודות,5118120,קרן מחקה,0,0,"אג""ח בארץ - חברות והמרה","אג""ח חברות צמודות מדד",בריבית קבועה,לפי מדיניות השקעותיה הקרן הינה קרן מחקה,יובנק נאמנות,קסם,פטורה,0.200,0.0250,156.1,21.07.2026,158.41,158.41,0.49,תל בונד תשואות צמודות,לא נגבית עמלת הפצה,0.000
"קסם אקטיב אג""ח מדורג",5118138,קרן פתוחה,0,C,"אג""ח בארץ - חברות והמרה",חברות והמרה ללא מניות,חברות והמרה ללא מניות וללא סימן קריאה,,יובנק נאמנות,קסם,פטורה,0.770,0.0400,286.5,21.07.2026,146.76,146.76,0.35,תל בונד מאגר,0.35%,0.000
קסם אקטיב תיק השקעות גמיש,5118146,קרן פתוחה,4,D,גמישות,,,"הקרן הינה קרן בלתי מוגבלת בני""ע חוץ",יובנק נאמנות,קסם,פטורה,1.840,0.0400,406.4,20.07.2026,385.43,385.43,2.01,אחר,0.35%,0.000
קסם iBox $ IG30 KTF,5118179,קרן מחקה,0,D,"אג""ח בחו""ל","חברות והמרה חשופת מט""ח",,"הקרן הינה קרן בלתי מוגבלת בני""ע חוץ,לפי מדיניות השקעותיה הקרן הינה קרן מחקה",יובנק נאמנות,קסם,פטורה,0.250,0.0250,85.6,20.07.2026,119.54,119.54,0.98,"IBOXX USD LIQUID INVESTMENT GRADE TOP 30 INDEX - GTR,דולר ארה""ב",לא נגבית עמלת הפצה,0.000
מגדל הזדמ אגח תשואה גבוהה,5118187,קרן פתוחה,1,B,"אג""ח בארץ - חברות והמרה",חברות והמרה בסיכון גבוה,,,אלמגור-בריטמן נאמנות,מגדל,פטורה,1.250,0.0400,292.7,21.07.2026,227.80,227.80,0.37,"אג""ח כללי - קונצרני",0.35%,0.000
מגדל 10/90 פלוס,5118195,קרן פתוחה,1,B,"אג""ח בארץ - כללי","אג""ח כללי בארץ - עד 10% מניות","אג""ח כללי בארץ- עד 10% מניות ועם סימן קריאה",,אלמגור-בריטמן נאמנות,מגדל,פטורה,0.890,0.0400,51.4,21.07.2026,166.94,166.94,0.52,All-Bond כללי,0.35%,0.000
"מיטב אג""ח + 20%",5118237,קרן פתוחה,2,B,"אג""ח בארץ - כללי","אג""ח כללי בארץ - עד 20% מניות",,,יובנק נאמנות,מיטב קרנות נאמנות,פטורה,0.790,0.0300,275.5,21.07.2026,180.51,180.51,0.75,All-Bond כללי,0.35%,0.000
טרגט 20/80,5118260,קרן פתוחה,2,B,"אג""ח בארץ - כללי","אג""ח כללי בארץ - עד 20% מניות",,,יובנק נאמנות,איילון,פטורה,0.550,0.0400,29.7,21.07.2026,178.10,178.10,0.70,All-Bond כללי,0.35%,0.000
איביאי 10/90,5118310,קרן פתוחה,1,A,"אג""ח בארץ - כללי","אג""ח כללי בארץ - עד 10% מניות","אג""ח כללי בארץ- עד 10% מניות ללא סימן קריאה",,יובנק נאמנות,"איביאי קרנות נאמנות ",פטורה,0.750,0.0500,272.8,21.07.2026,160.14,160.14,0.50,All-Bond כללי,0.35%,0.000
"אנליסט0Aאג""ח A מחמ1-4",5118328,קרן פתוחה,0,A,"אג""ח בארץ - חברות והמרה",חברות והמרה ללא מניות,"חברות והמרה ללא מניות וללא סימן קריאה, עם מגבלת מח""מ עד 5 שנים",,יובנק נאמנות,אנליסט,פטורה,0.680,0.0300,412.3,21.07.2026,139.46,139.46,0.32,"אג""ח כללי - קונצרני",0.35%,0.000
י.ל. מדינה ללא מניות,5118369,קרן פתוחה,0,0,"אג""ח בארץ - מדינה","אג""ח מדינה כללי - ללא מניות",,,יובנק נאמנות,ילין לפידות,פטורה,0.550,0.0500,83.2,21.07.2026,121.33,121.33,0.36,תל גוב-כללי,0.35%,0.000
י.ל. מדינה צמוד קצר,5118377,קרן פתוחה,1,A,"אג""ח בארץ - מדינה","אג""ח מדינה צמוד מדד - עד 10% מניות",,,יובנק נאמנות,ילין לפידות,פטורה,0.680,0.0500,644.7,21.07.2026,128.55,128.55,0.24,תל גוב-צמודות 0-2,0.35%,0.000
מגדל תיק 25/75,5118385,קרן פתוחה,2,B,"אג""ח בארץ - כללי","אג""ח כללי בארץ - עד 25% מניות",,,אלמגור-בריטמן נאמנות,מגדל,פטורה,0.790,0.0450,282.9,21.07.2026,168.14,168.14,0.88,All-Bond כללי,0.35%,0.000
תכלית TTF תלגוב כללי,5118393,קרן מחקה,0,A,"אג""ח בארץ - מדינה","אג""ח מדינה שיקלי וצמוד",,"לפי מדיניות השקעותיה הקרן הינה קרן מחקה,קרן כשרה",יובנק נאמנות,מיטב קרנות נאמנות,פטורה,0.150,0.0300,89.4,21.07.2026,128.41,128.41,0.46,תל גוב-כללי,לא נגבית עמלת הפצה,0.000
הראל מחקה S&P 500 - $,5118419,קרן מחקה,4,D,"מניות בחו""ל","מניות גיאוגרפי - חשופת מט""ח",אמריקה- שווקים מפותחים,"הקרן הינה קרן בלתי מוגבלת בני""ע חוץ,לפי מדיניות השקעותיה הקרן הינה קרן מחקה,יחידות הקרן נקובות ב- $,קרן להשקעות חוץ – מטבע עיקרי - דולר ארה""ב,קרן להשק חוץ-פטור ממס לתושבי חוץ,קרן כשרה",מזרחי טפחות נאמנות,הראל,פטורה,0.200,0.0250,145.3,20.07.2026,518.22,518.22,0.97,S&P 500 - NTR,לא נגבית עמלת הפצה,0.000
דיאמונד 20/80 כשרה,5118435,קרן פתוחה,2,B,"אג""ח בארץ - כללי","אג""ח כללי בארץ - עד 20% מניות",,קרן כשרה,יובנק נאמנות,איילון,פטורה,1.390,0.0400,56.3,21.07.2026,160.26,160.26,0.81,"All-Bond כללי,ת""א 125",0.35%,0.000
MTF מח מש אגח ישראל ממ,5118450,קרן מחקה,2,A,"אג""ח בארץ משולבת",עד 10% מניות,,"הקרן הינה קרן בלתי מוגבלת בני""ע חוץ,לפי מדיניות השקעותיה הקרן הינה קרן מחקה",אלמגור-בריטמן נאמנות,מגדל,פטורה,0.490,0.0300,54.1,20.07.2026,144.97,144.97,0.18,"תל בונד צמודות-יתר,תל גוב-שקלי,תל גוב-צמודות 2-5,S&P 500 - NTR",לא נגבית עמלת הפצה,0.000
אש 2B אג מד +20%,5118476,קרן פתוחה,2,B,"אג""ח בארץ - מדינה","אג""ח מדינה כללי - עד 20% מניות",,,יובנק נאמנות,אלטשולר-שחם קרנות,פטורה,0.750,0.0400,55.5,21.07.2026,138.82,138.82,0.64,"תל גוב-כללי,ת""א 125,MSCI World Index Daily Net TR Local",0.35%,0.000
"קסם אקט! אגח חו""ל דולר HY",5118534,קרן פתוחה,0,D,"אג""ח בחו""ל","אג""ח חשופת דולר",,"הקרן הינה קרן בלתי מוגבלת בני""ע חוץ",יובנק נאמנות,קסם,פטורה,0.750,0.0400,25.7,20.07.2026,129.45,129.45,1.01,"IBOXX USD LIQUID HIGH YIELD - GTR,דולר ארה""ב",0.35%,0.000
מור מחקה תלבונד צ בנק,5118559,קרן מחקה,0,0,"אג""ח בארץ - חברות והמרה","אג""ח חברות צמודות מדד",בריבית קבועה,לפי מדיניות השקעותיה הקרן הינה קרן מחקה,יובנק נאמנות,מור קרנות,פטורה,0.200,0.0200,21.7,21.07.2026,122.73,122.73,0.23,תל בונד צמודות - בנקים ללא COCO,לא נגבית עמלת הפצה,0.000
אש אג ארב/חל קצ עד 10 מטח,5118591,קרן פתוחה,0,A,"אג""ח בחו""ל","אג""ח מוגנת מט""ח",,"הקרן הינה קרן בלתי מוגבלת בני""ע חוץ",יובנק נאמנות,אלטשולר-שחם קרנות,פטורה,0.950,0.0400,352.2,20.07.2026,123.58,123.58,0.27,Bloomberg Intermediate Corporate Total Return Index Value Unhedged USD - GTR,0.35%,0.000
אש שווקים מפתח עד 30 מטח,5118609,קרן פתוחה,4,B,"מניות בחו""ל",מניות גאוגרפי,"מניות גאוגרפי מוגנת מט""ח","הקרן הינה קרן בלתי מוגבלת בני""ע חוץ",יובנק נאמנות,אלטשולר-שחם קרנות,פטורה,1.500,0.0400,951.8,20.07.2026,267.66,267.66,1.34,MSCI World Index Daily Net TR Local,0.35%,0.000
י.ל. 25/75,5118617,קרן פתוחה,2,C,"אג""ח בארץ - כללי","אג""ח כללי בארץ - עד 25% מניות",,"הקרן הינה קרן בלתי מוגבלת בני""ע חוץ",יובנק נאמנות,ילין לפידות,פטורה,0.790,0.0400,849.1,20.07.2026,182.83,182.83,0.47,"All-Bond כללי,מניות כללי",0.35%,0.000
איילון תיק 3 הבינלאומי,5118625,קרן פתוחה,2,C,"אג""ח בארץ - כללי","אג""ח כללי בארץ - עד 30% מניות",,הקרן עוקבת תיק של - הבנק הבינלאומי הראשון לישראל,יובנק נאמנות,איילון,פטורה,0.600,0.0300,235.8,21.07.2026,178.34,178.34,0.70,"All-Bond כללי,ת""א 125",0.35%,0.000
"מור (!) תיק אג""ח קונצרני",5118633,קרן פתוחה,0,A,"אג""ח בארץ - חברות והמרה",חברות והמרה ללא מניות,חברות והמרה ללא מניות עם סימן קריאה,,יובנק נאמנות,מור קרנות,פטורה,0.880,0.0250,727.3,21.07.2026,160.48,160.48,0.29,"אג""ח כללי - קונצרני",0.35%,0.000
"מור אג""ח מדינה - כשרה",5118641,קרן פתוחה,0,0,"אג""ח בארץ - מדינה","אג""ח מדינה כללי - ללא מניות",,קרן כשרה,יובנק נאמנות,מור קרנות,פטורה,0.640,0.0120,152.4,21.07.2026,122.85,122.85,0.32,"תל גוב-מק""מ,תל גוב-צמודות 2-5,תל גוב-שקלי 5+",0.35%,0.000
"ת.פ אג""ח מדינה פלוס",5118666,קרן פתוחה,0,A,"אג""ח בארץ - מדינה","אג""ח מדינה כללי - ללא מניות",,,יובנק נאמנות,תמיר פישמן,פטורה,0.550,0.0400,24.5,21.07.2026,119.42,119.42,0.33,תל גוב-כללי,0.35%,0.000
20/80FOREST,5118674,קרן פתוחה,2,B,"אג""ח בארץ - כללי","אג""ח כללי בארץ - עד 20% מניות",,,יובנק נאמנות,פורסט,פטורה,0.950,0.0400,1116.1,21.07.2026,178.19,178.19,0.61,"All-Bond כללי,ת""א All-Share ",0.35%,0.000
איביאי מחקה משStoxx Daxממ,5118690,קרן מחקה,4,A,"מניות בחו""ל","מניות בחו""ל קרן משולבת",,"הקרן הינה קרן בלתי מוגבלת בני""ע חוץ,לפי מדיניות השקעותיה הקרן הינה קרן מחקה",יובנק נאמנות,"איביאי קרנות נאמנות ",פטורה,0.800,0.0300,58.7,20.07.2026,251.11,251.11,1.15,"STOXX Europe 600 - NTR,DAX - NTR",לא נגבית עמלת הפצה,0.000
מיטב תיק השקעות + 30%,5118716,קרן פתוחה,2,B,"אג""ח בארץ - כללי","אג""ח כללי בארץ - עד 30% מניות",,,יובנק נאמנות,מיטב קרנות נאמנות,פטורה,0.790,0.0400,508.2,21.07.2026,160.34,160.34,1.01,All-Bond כללי,0.35%,0.000
תכלית TTFמש אגחמניות20%ממ,5118724,קרן מחקה,2,B,"אג""ח בארץ משולבת",עד 20% מניות,,"הקרן הינה קרן בלתי מוגבלת בני""ע חוץ,לפי מדיניות השקעותיה הקרן הינה קרן מחקה",יובנק נאמנות,מיטב קרנות נאמנות,פטורה,0.650,0.0300,50.6,20.07.2026,163.76,163.76,0.34,"תל גוב-כללי,תל בונד 20 צמודות,תל בונד שקלי,S&P 500 - NTR",לא נגבית עמלת הפצה,0.000
תכלית TTF תא 90,5118740,קרן מחקה,4,0,מניות בארץ,מניות לפי שווי שוק,Mid Cap,לפי מדיניות השקעותיה הקרן הינה קרן מחקה,יובנק נאמנות,מיטב קרנות נאמנות,פטורה,0.000,0.0300,567.5,21.07.2026,448.05,448.05,4.09,"ת""א 90",לא נגבית עמלת הפצה,0.000
תכלית TTF תלבונד צ בנק,5118757,קרן מחקה,0,0,"אג""ח בארץ - חברות והמרה","אג""ח חברות צמודות מדד",בריבית קבועה,"לפי מדיניות השקעותיה הקרן הינה קרן מחקה,קרן כשרה",אלמגור-בריטמן נאמנות,מיטב קרנות נאמנות,פטורה,0.200,0.0300,56.6,21.07.2026,121.44,121.44,0.23,תל בונד צמודות - בנקים ללא COCO,לא נגבית עמלת הפצה,0.000
טרגט 10/90,5118765,קרן פתוחה,1,B,"אג""ח בארץ - כללי","אג""ח כללי בארץ - עד 10% מניות","אג""ח כללי בארץ- עד 10% מניות ללא סימן קריאה",,יובנק נאמנות,איילון,פטורה,0.550,0.0400,87.3,21.07.2026,157.83,157.83,0.57,All-Bond כללי,0.35%,0.000
"טרגט אג""ח חברות ללא מניות",5118773,קרן פתוחה,0,A,"אג""ח בארץ - חברות והמרה",חברות והמרה ללא מניות,חברות והמרה ללא מניות עם סימן קריאה,,יובנק נאמנות,איילון,פטורה,0.550,0.0400,47.0,21.07.2026,151.88,151.88,0.27,"אג""ח כללי - קונצרני",0.35%,0.000
קסם WideMoat US KTF ממ,5118781,קרן מחקה,4,A,"מניות בחו""ל","מניות גיאוגרפי - מנוטרלת מט""ח",אמריקה- כללי,"הקרן הינה קרן בלתי מוגבלת בני""ע חוץ,לפי מדיניות השקעותיה הקרן הינה קרן מחקה",יובנק נאמנות,קסם,פטורה,0.800,0.0250,281.3,20.07.2026,330.83,330.65,0.88,Morningstar Wide Moat Focus - GTR,לא נגבית עמלת הפצה,0.000
מגדל עוק תיק 3 בנק בינל,5118799,קרן פתוחה,2,B,"אג""ח בארץ - כללי","אג""ח כללי בארץ - עד 30% מניות",,הקרן עוקבת תיק של - הבנק הבינלאומי הראשון לישראל,אלמגור-בריטמן נאמנות,מגדל,פטורה,0.690,0.0400,202.7,21.07.2026,176.55,176.55,0.76,All-Bond כללי,0.35%,0.000
קסם אקט ! מב קונצרנ +10%,5118815,קרן פתוחה,1,A,"אג""ח בארץ - חברות והמרה",חברות והמרה עם מניות,חברות והמרה עם מניות ועם סימן קריאה,,יובנק נאמנות,קסם,פטורה,0.830,0.0300,89.2,21.07.2026,171.76,171.76,0.55,"אג""ח כללי - קונצרני,ת""א 125",0.35%,0.000
הראל מניו ישרLarge&MidCap,5118849,קרן פתוחה,4,A,מניות בארץ,מניות לפי שווי שוק,מניות Large & Mid Cap,,יובנק נאמנות,הראל,פטורה,1.950,0.0400,240.3,21.07.2026,489.20,489.20,3.93,"ת""א 125",0.35%,0.000
קסםאקטסקטור חול-מנוטרלמטח,5118872,קרן פתוחה,4,A,"מניות בחו""ל","מניות לפי ענפים בחו""ל",,"הקרן הינה קרן בלתי מוגבלת בני""ע חוץ",יובנק נאמנות,קסם,פטורה,1.550,0.0400,67.2,20.07.2026,250.21,250.21,0.94,S&P 500 - NTR,0.35%,0.000
קסםאקט קונצצמוד דולרפלוס,5118880,קרן פתוחה,0,D,"אג""ח בארץ - חברות והמרה",חברות והמרה ללא מניות,חברות והמרה ללא מניות וללא סימן קריאה,,יובנק נאמנות,קסם,פטורה,0.780,0.0400,22.9,21.07.2026,108.62,108.62,0.87,"תל בונד מאגר,דולר ארה""ב",0.35%,0.000
קסםאקטמניותישראל Buy Side,5118898,קרן פתוחה,4,B,מניות בארץ,מניות לפי שווי שוק,מניות All Cap,,יובנק נאמנות,קסם,פטורה,1.610,0.0400,115.7,21.07.2026,489.18,489.18,3.17,"ת""א 125",0.35%,0.000
מיטב מניות ESG ישראל,5118930,קרן פתוחה,4,B,מניות בארץ,מניות לפי שווי שוק,מניות All Cap,"הקרן הינה קרן בלתי מוגבלת בני""ע חוץ",יובנק נאמנות,מיטב קרנות נאמנות,פטורה,1.500,0.0300,295.4,20.07.2026,576.64,576.64,1.92,"ת""א 125,ת""א-SME60",0.35%,0.000
הורייזן (2B)י 30/70,5118948,קרן פתוחה,2,B,"אג""ח בארץ - כללי","אג""ח כללי בארץ - עד 30% מניות",,,יובנק נאמנות,איילון,פטורה,0.900,0.0300,212.1,21.07.2026,199.55,199.55,0.99,"All-Bond כללי,ת""א 125",0.35%,0.000
הורייזן (2B)י 20/80,5118955,קרן פתוחה,2,B,"אג""ח בארץ - כללי","אג""ח כללי בארץ - עד 20% מניות",,,יובנק נאמנות,איילון,פטורה,0.900,0.0300,155.4,21.07.2026,192.46,192.46,0.84,"All-Bond כללי,ת""א 125",0.35%,0.000
אנליסט פיזור רחב 10/90,5118963,קרן פתוחה,1,A,"אג""ח בארץ - כללי","אג""ח כללי בארץ - עד 10% מניות","אג""ח כללי בארץ- עד 10% מניות ללא סימן קריאה",,יובנק נאמנות,אנליסט,פטורה,0.760,0.0300,291.2,21.07.2026,153.80,153.80,0.59,"All-Bond כללי,ת""א 125",0.35%,0.000
MTF מח תא SME60,5118997,קרן מחקה,4,A,מניות בארץ,מניות לפי שווי שוק,Small Cap & Mid,לפי מדיניות השקעותיה הקרן הינה קרן מחקה,אלמגור-בריטמן נאמנות,מגדל,פטורה,0.500,0.0300,226.5,21.07.2026,219.80,219.80,3.82,"ת""א-SME60",לא נגבית עמלת הפצה,0.000
"קסם אקט מניות ארה""ב",5119003,קרן פתוחה,4,D,"מניות בחו""ל",מניות גאוגרפי,"ארה""ב חשופת מט""ח","הקרן הינה קרן בלתי מוגבלת בני""ע חוץ",מזרחי טפחות נאמנות,קסם,פטורה,1.610,0.0400,150.8,20.07.2026,248.42,248.42,1.20,"S&P 500 - NTR,דולר ארה""ב",0.35%,0.000
י.ל. 5/95,5119060,קרן פתוחה,1,B,"אג""ח בארץ - כללי","אג""ח כללי בארץ - עד 5% מניות",,,יובנק נאמנות,ילין לפידות,פטורה,0.540,0.0500,67.5,21.07.2026,130.56,130.56,0.38,All-Bond כללי,0.35%,0.000
מור מדינה + 10%,5119078,קרן פתוחה,1,A,"אג""ח בארץ - מדינה","אג""ח מדינה כללי - עד 10% מניות",,,יובנק נאמנות,מור קרנות,פטורה,0.590,0.0120,696.7,21.07.2026,139.84,139.84,0.51,"תל גוב-כללי,ת""א 125",0.35%,0.000
"מור תיק אג""ח + 30%",5119086,קרן פתוחה,2,A,"אג""ח בארץ - כללי","אג""ח כללי בארץ - עד 30% מניות",,,יובנק נאמנות,מור קרנות,פטורה,0.760,0.0300,1053.1,21.07.2026,198.49,198.49,1.03,"All-Bond כללי,מניות כללי",0.35%,0.000
"אנליסט 4D מניות חו""ל",5119144,קרן פתוחה,4,D,"מניות בחו""ל","מניות כללי בחו""ל","מניות כללי בחו""ל חשופת מט""ח","הקרן הינה קרן בלתי מוגבלת בני""ע חוץ",מזרחי טפחות נאמנות,אנליסט,פטורה,2.400,0.0300,26.8,20.07.2026,199.51,199.51,1.14,"MSCI AC WORLD INDEX - NTR,דולר ארה""ב",0.35%,0.000
MTF מח‏ תלבונד מאגר,5119151,קרן מחקה,0,A,"אג""ח בארץ - חברות והמרה","אג""ח חברות","אג""ח חברות שקלי וצמוד",לפי מדיניות השקעותיה הקרן הינה קרן מחקה,אלמגור-בריטמן נאמנות,מגדל,פטורה,0.170,0.0150,168.4,21.07.2026,137.65,137.65,0.34,תל בונד מאגר,לא נגבית עמלת הפצה,0.000
מור מחקה תלבונד מאגר,5119177,קרן מחקה,0,A,"אג""ח בארץ - חברות והמרה","אג""ח חברות",אחר,לפי מדיניות השקעותיה הקרן הינה קרן מחקה,יובנק נאמנות,מור קרנות,פטורה,0.250,0.0200,44.9,21.07.2026,136.35,136.35,0.32,תל בונד מאגר,לא נגבית עמלת הפצה,0.000
איביאי מחקה מש מנ ארהב ממ,5119185,קרן מחקה,4,A,"מניות בחו""ל","מניות בחו""ל קרן משולבת",,"הקרן הינה קרן בלתי מוגבלת בני""ע חוץ,לפי מדיניות השקעותיה הקרן הינה קרן מחקה",יובנק נאמנות,"איביאי קרנות נאמנות ",פטורה,0.500,0.0300,412.2,20.07.2026,384.19,384.19,1.46,"S&P 500 - NTR,NASDAQ 100 - NTR,RUSSELL 2000 - NTR",לא נגבית עמלת הפצה,0.000
אש LV SB תא 125 AB,5119201,קרן מחקה,4,A,מניות בארץ,מניות לפי שווי שוק,Mid Cap & Large,לפי מדיניות השקעותיה הקרן הינה קרן מחקה,יובנק נאמנות,אלטשולר-שחם קרנות,פטורה,0.800,0.0300,261.1,21.07.2026,467.72,467.72,4.13,"ת""א 125 AlphaBeta SmartBeta Low Volatility",לא נגבית עמלת הפצה,0.000
אש SB מפ תא125 AB,5119219,קרן מחקה,4,A,מניות בארץ,מניות לפי שווי שוק,Mid Cap & Large,לפי מדיניות השקעותיה הקרן הינה קרן מחקה,יובנק נאמנות,אלטשולר-שחם קרנות,פטורה,0.800,0.0300,536.3,21.07.2026,458.24,458.24,3.99,"מולטי פקטור ת""א 125 AlphaBeta SmartBeta",לא נגבית עמלת הפצה,0.000
אש SB מש אגח מניות 10,5119227,קרן מחקה,2,A,"אג""ח בארץ משולבת",עד 10% מניות,,לפי מדיניות השקעותיה הקרן הינה קרן מחקה,יובנק נאמנות,אלטשולר-שחם קרנות,פטורה,0.550,0.0300,15.0,21.07.2026,132.06,132.06,0.76,"מומנטום קונצרני (A-) ומעלה AlphaBeta SmartBeta,מומנטום ממשלתי AlphaBeta SmartBeta,ת""א 125 AlphaBeta SmartBeta Low Volatility",לא נגבית עמלת הפצה,0.000
אש SB מומ קונצרני -AB A,5119235,קרן מחקה,0,0,"אג""ח בארץ - חברות והמרה","אג""ח חברות","אג""ח חברות שקלי וצמוד",לפי מדיניות השקעותיה הקרן הינה קרן מחקה,יובנק נאמנות,אלטשולר-שחם קרנות,פטורה,0.500,0.0300,12.3,21.07.2026,120.40,120.40,0.37,מומנטום קונצרני (A-) ומעלה AlphaBeta SmartBeta,לא נגבית עמלת הפצה,0.000
י.ל. 10/90 צמיחה,5119243,קרן פתוחה,1,B,"אג""ח בארץ - כללי","אג""ח כללי בארץ - עד 10% מניות","אג""ח כללי בארץ- עד 10% מניות ועם סימן קריאה",,יובנק נאמנות,ילין לפידות,פטורה,0.790,0.0400,1041.8,21.07.2026,153.42,153.42,0.50,All-Bond כללי,0.35%,0.000
איביאי מחקה MSCI EM,5119318,קרן מחקה,4,D,"מניות בחו""ל","מניות גיאוגרפי - חשופת מט""ח",גלובלי- שווקים מתעוררים,"הקרן הינה קרן בלתי מוגבלת בני""ע חוץ,לפי מדיניות השקעותיה הקרן הינה קרן מחקה",יובנק נאמנות,"איביאי קרנות נאמנות ",פטורה,0.800,0.0300,115.0,15.07.2026,160.31,160.17,1.91,"MSCI EMERGING MARKETS - NTR,דולר ארה""ב",לא נגבית עמלת הפצה,0.000
מיטב 5/95,5119359,קרן פתוחה,1,A,"אג""ח בארץ - כללי","אג""ח כללי בארץ - עד 5% מניות",,,מזרחי טפחות נאמנות,מיטב קרנות נאמנות,פטורה,0.560,0.0300,39.6,21.07.2026,131.47,131.47,0.33,All-Bond כללי,0.35%,0.000
"מיטב אג""ח פלוס",5119367,קרן פתוחה,1,B,"אג""ח בארץ - כללי","אג""ח כללי בארץ - עד 10% מניות","אג""ח כללי בארץ- עד 10% מניות ללא סימן קריאה",,מזרחי טפחות נאמנות,מיטב קרנות נאמנות,פטורה,0.690,0.0300,78.5,21.07.2026,142.04,142.04,0.56,All-Bond כללי,0.35%,0.000
תכלית TTF תלגוב שקלי 5+,5119375,קרן מחקה,0,0,"אג""ח בארץ - מדינה","אג""ח מדינה שקליות",ריבית קבועה - ארוך,"לפי מדיניות השקעותיה הקרן הינה קרן מחקה,קרן כשרה",אלמגור-בריטמן נאמנות,מיטב קרנות נאמנות,פטורה,0.000,0.0300,185.7,21.07.2026,131.59,131.59,0.92,תל גוב-שקלי 5+,לא נגבית עמלת הפצה,0.000
תכלית TTF תלגוב צמוד 5-10,5119383,קרן מחקה,0,0,"אג""ח בארץ - מדינה","אג""ח מדינה צמוד מדד",צמודות מדד ממשלתיות - ארוך,"לפי מדיניות השקעותיה הקרן הינה קרן מחקה,קרן כשרה",אלמגור-בריטמן נאמנות,מיטב קרנות נאמנות,פטורה,0.000,0.0300,99.2,21.07.2026,119.76,119.76,0.40,תל גוב-צמודות 5-10,לא נגבית עמלת הפצה,0.000
הראל כספית שקלית,5119409,קרן פתוחה,0,0,קרן כספית,כספית שקלית,כספית שקלית עם קונצרני,,מזרחי טפחות נאמנות,הראל,פטורה,0.190,0.0100,4300.0,21.07.2026,1180.95,1180.95,0.00,אחר,0.1%,0.000
איביאי 15/85,5119417,קרן פתוחה,2,B,"אג""ח בארץ - כללי","אג""ח כללי בארץ - עד 15% מניות",,,יובנק נאמנות,"איביאי קרנות נאמנות ",פטורה,0.790,0.0500,408.5,21.07.2026,158.95,158.95,0.67,All-Bond כללי,0.35%,0.000
"איביאי אג""ח חברות",5119425,קרן פתוחה,0,B,"אג""ח בארץ - חברות והמרה",חברות והמרה ללא מניות,חברות והמרה ללא מניות עם סימן קריאה,,יובנק נאמנות,"איביאי קרנות נאמנות ",פטורה,0.890,0.0500,529.2,21.07.2026,154.32,154.32,0.38,"אג""ח כללי - קונצרני",0.35%,0.000
הראל תיק אגח קונצרני-כשרה,5119441,קרן פתוחה,0,B,"אג""ח בארץ - חברות והמרה",חברות והמרה ללא מניות,"חברות והמרה ללא מניות וללא סימן קריאה, עם מגבלת מח""מ עד 5 שנים",קרן כשרה,יובנק נאמנות,הראל,פטורה,1.100,0.0400,444.0,21.07.2026,122.08,122.08,0.31,"אג""ח כללי - קונצרני",0.35%,0.000
"הראל תיק אג""ח כללי - כשרה",5119458,קרן פתוחה,0,B,"אג""ח בארץ - כללי","אג""ח כללי בארץ - ללא מניות","אג""ח כללי בארץ ללא מניות עם סימן קריאה",קרן כשרה,יובנק נאמנות,הראל,פטורה,1.140,0.0400,514.9,21.07.2026,125.04,125.04,0.30,All-Bond כללי,0.35%,0.000
מור מניות ישראל,5119466,קרן פתוחה,4,B,מניות בארץ,מניות לפי שווי שוק,מניות All Cap,,יובנק נאמנות,מור קרנות,פטורה,1.690,0.0350,2451.2,21.07.2026,569.83,569.83,3.07,מניות כללי,0.35%,0.000
י.ל. מניות צמיחה,5119508,קרן פתוחה,4,D,מניות בארץ,מניות לפי שווי שוק,מניות All Cap,"הקרן הינה קרן בלתי מוגבלת בני""ע חוץ",יובנק נאמנות,ילין לפידות,פטורה,1.800,0.0400,474.5,20.07.2026,466.89,466.89,1.91,מניות כללי,0.35%,0.000
אנליסט מדינה ללא מניות,5119607,קרן פתוחה,0,0,"אג""ח בארץ - מדינה","אג""ח מדינה כללי - ללא מניות",,,מזרחי טפחות נאמנות,אנליסט,פטורה,0.620,0.0250,221.8,21.07.2026,120.17,120.17,0.37,תל גוב-כללי,0.35%,0.000
MTF מח מש אגח ישראל 85%ממ,5119615,קרן מחקה,2,A,"אג""ח בארץ משולבת",עד 20% מניות,,"הקרן הינה קרן בלתי מוגבלת בני""ע חוץ,לפי מדיניות השקעותיה הקרן הינה קרן מחקה",אלמגור-בריטמן נאמנות,מגדל,פטורה,0.490,0.0300,17.6,20.07.2026,144.31,144.31,0.19,"תל גוב-שקלי,תל בונד צמודות - בנקים ללא COCO,תל בונד שקלי,תל בונד תשואות צמודות,תל בונד צמודות,S&P 500 - NTR,STOXX Europe 600 - NTR,ת""א 125",לא נגבית עמלת הפצה,0.000
MTF‏ מח מש אגח ממשלת90%ממ,5119623,קרן מחקה,2,A,"אג""ח בארץ - מדינה","אג""ח מדינה משולבת- עד 10% מניות",,"הקרן הינה קרן בלתי מוגבלת בני""ע חוץ,לפי מדיניות השקעותיה הקרן הינה קרן מחקה",אלמגור-בריטמן נאמנות,מגדל,פטורה,0.490,0.0300,15.3,20.07.2026,127.69,127.69,0.25,"תל גוב-כללי,תל גוב-צמודות 2-5,תל גוב-שקלי 2-5,S&P 500 - NTR,STOXX Europe 600 - NTR,ת""א 125",לא נגבית עמלת הפצה,0.000
קסם אקט ממשלתי צמוד בינונ,5119664,קרן פתוחה,0,0,"אג""ח בארץ - מדינה","אג""ח מדינה צמוד מדד - ללא מניות",,,יובנק נאמנות,קסם,פטורה,0.640,0.0400,785.1,21.07.2026,120.47,120.47,0.22,"תל גוב-צמודות 2-5,תל בונד 60 צמודות",0.35%,0.000
"אנליסט אג""ח פיזור רחב ללא",5119672,קרן פתוחה,0,A,"אג""ח בארץ - כללי","אג""ח כללי בארץ - ללא מניות","אג""ח כללי בארץ ללא מניות עם סימן קריאה",,מזרחי טפחות נאמנות,אנליסט,פטורה,0.650,0.0300,74.2,21.07.2026,136.04,136.04,0.35,All-Bond כללי,0.35%,0.000
איביאי מחקה מש אגח מנ9010,5119706,קרן מחקה,2,A,"אג""ח בארץ משולבת",עד 10% מניות,,לפי מדיניות השקעותיה הקרן הינה קרן מחקה,יובנק נאמנות,"איביאי קרנות נאמנות ",פטורה,0.500,0.0300,64.0,21.07.2026,133.49,133.49,0.50,"תל גוב-שקלי 2-5,תל גוב-שקלי 5+,תל גוב-צמודות 2-5,תל גוב-צמודות 5-10,תל בונד תשואות צמודות,תל בונד 60 צמודות,תל בונד שקלי,ת""א 125,S&P 500 - NTR,STOXX Europe 600 - NTR",לא נגבית עמלת הפצה,0.000
קסם אקט ספ חול 30/70נקו$,5119730,קרן פתוחה,2,D,"אג""ח בחו""ל","אג""ח נקובת מט""ח",,"הקרן הינה קרן בלתי מוגבלת בני""ע חוץ,יחידות הקרן נקובות ב- $",יובנק נאמנות,קסם,פטורה,0.790,0.0400,360.9,20.07.2026,165.26,165.26,1.02,"Markit iBoxx USD Liquid Investment Grade 0-5 - GTR ,S&P 500 - NTR,NASDAQ 100 - NTR",0.35%,0.000
מור כספית,5119813,קרן פתוחה,0,0,קרן כספית,כספית שקלית,כספית שקלית עם קונצרני,,יובנק נאמנות,מור קרנות,פטורה,0.240,0.0050,4333.9,21.07.2026,118.89,118.89,0.00,"תל גוב-מק""מ",0.1%,0.000
מור 15/85,5119821,קרן פתוחה,2,A,"אג""ח בארץ - כללי","אג""ח כללי בארץ - עד 15% מניות",,,יובנק נאמנות,מור קרנות,פטורה,0.730,0.0250,1026.8,21.07.2026,163.38,163.38,0.62,"All-Bond כללי,מניות כללי",0.35%,0.000
איביאי אגח חול מנוטרל מטח,5119839,קרן פתוחה,0,A,"אג""ח בחו""ל","אג""ח מוגנת מט""ח",,"הקרן הינה קרן בלתי מוגבלת בני""ע חוץ,קרן להשק חוץ-פטור ממס לתושבי חוץ",יובנק נאמנות,"איביאי קרנות נאמנות ",פטורה,0.700,0.0500,21.6,20.07.2026,102.06,102.06,0.25,Bloomberg Intermediate Corporate Total Return Index Value Unhedged USD - GTR,0.35%,0.000
פרופאונד (4B) מנייתית,5119854,קרן פתוחה,4,B,מניות בארץ,מניות לפי שווי שוק,מניות All Cap,,מזרחי טפחות נאמנות,איילון,פטורה,1.850,0.0500,750.7,21.07.2026,749.21,749.21,3.46,מניות כללי,0.35%,0.000
"דיאמונד אג""ח אור החיים",5119862,קרן פתוחה,0,A,"אג""ח בארץ - כללי","אג""ח כללי בארץ - ללא מניות","אג""ח כללי בארץ ללא מניות וללא סימן קריאה",קרן כשרה,יובנק נאמנות,איילון,פטורה,0.790,0.0400,980.0,21.07.2026,138.58,138.58,0.36,All-Bond כללי,0.35%,0.000
"איביאי מחקה משולב אג""ח יש",5119904,קרן מחקה,0,A,"אג""ח בארץ משולבת",ללא מניות,,לפי מדיניות השקעותיה הקרן הינה קרן מחקה,יובנק נאמנות,"איביאי קרנות נאמנות ",פטורה,0.500,0.0250,51.8,21.07.2026,126.03,126.03,0.38,"תל גוב-כללי,תל בונד מאגר,תל בונד-צמודות A",לא נגבית עמלת הפצה,0.000
י.ל. איי ומעלה עד4שנים,5119953,קרן פתוחה,0,A,"אג""ח בארץ - חברות והמרה",חברות והמרה ללא מניות,"חברות והמרה ללא מניות וללא סימן קריאה, עם מגבלת מח""מ עד 5 שנים",,יובנק נאמנות,ילין לפידות,פטורה,0.760,0.0400,748.4,21.07.2026,133.82,133.82,0.33,"אג""ח כללי - קונצרני",0.35%,0.000
"ילין 0D ! אג""ח חו""ל",5119961,קרן פתוחה,0,D,"אג""ח בחו""ל","אג""ח חשופת מט""ח",,"הקרן הינה קרן בלתי מוגבלת בני""ע חוץ",יובנק נאמנות,ילין לפידות,פטורה,0.790,0.0400,73.4,20.07.2026,96.79,96.79,0.97,"Bloomberg Intermediate Corporate Total Return Index Value Unhedged USD - GTR,דולר ארה""ב",0.35%,0.000
אושן תיק מניות,5119987,קרן פתוחה,4,B,מניות בארץ,מניות לפי שווי שוק,מניות All Cap,,יובנק נאמנות,סיגמא,פטורה,1.850,0.0400,65.6,21.07.2026,480.81,480.81,2.22,מניות כללי,0.35%,0.000
י.ל. אגח קונצרני,5120068,קרן פתוחה,0,B,"אג""ח בארץ - חברות והמרה",חברות והמרה ללא מניות,חברות והמרה ללא מניות עם סימן קריאה,,יובנק נאמנות,ילין לפידות,פטורה,0.890,0.0400,1165.9,21.07.2026,146.13,146.13,0.33,"אג""ח כללי - קונצרני",0.35%,0.000
ילין 1D 10/90 אג חולומני,5120126,קרן פתוחה,1,D,"אג""ח בחו""ל","אג""ח חשופת מט""ח",,"הקרן הינה קרן בלתי מוגבלת בני""ע חוץ",יובנק נאמנות,ילין לפידות,פטורה,0.790,0.0400,329.8,20.07.2026,115.79,115.79,0.94,"Bloomberg Intermediate Corporate Total Return Index Value Unhedged USD - GTR,דולר ארה""ב",0.35%,0.000
אימפקט (4B) מניות,5120225,קרן פתוחה,4,B,מניות בארץ,מניות לפי שווי שוק,מניות All Cap,,מזרחי טפחות נאמנות,איילון,פטורה,1.600,0.0500,92.7,21.07.2026,355.25,355.25,3.17,מניות כללי,0.35%,0.000
איביאי מחקה נדלן SOL IL,5120282,קרן מחקה,4,A,מניות בארץ,מניות לפי ענפים,"נדל""ן ובנייה",לפי מדיניות השקעותיה הקרן הינה קרן מחקה,יובנק נאמנות,"איביאי קרנות נאמנות ",פטורה,0.800,0.0300,128.3,21.07.2026,402.65,402.65,4.95,Solactive – B-BRE Israel Commercial Real Estate - GTR,לא נגבית עמלת הפצה,0.000
הראל עוקבת מרכב נזל הבינל,5120340,קרן פתוחה,0,A,"אג""ח בארץ - חברות והמרה",חברות והמרה ללא מניות,"חברות והמרה ללא מניות וללא סימן קריאה, עם מגבלת מח""מ עד 5 שנים",הקרן עוקבת תיק של - הבנק הבינלאומי הראשון לישראל,מזרחי טפחות נאמנות,הראל,פטורה,0.490,0.0400,43.0,21.07.2026,120.15,120.15,0.17,"תל בונד-צמודות 1-3,תל בונד-שקלי 1-3",0.35%,0.000
"איילון אג""ח ללא מניות",5120381,קרן פתוחה,0,B,"אג""ח בארץ - כללי","אג""ח כללי בארץ - ללא מניות","אג""ח כללי בארץ ללא מניות עם סימן קריאה",,יובנק נאמנות,איילון,פטורה,0.680,0.0400,58.7,21.07.2026,147.33,147.33,0.42,All-Bond כללי,0.35%,0.000
מגדל תיק 10/90,5120423,קרן פתוחה,1,B,"אג""ח בארץ - כללי","אג""ח כללי בארץ - עד 10% מניות","אג""ח כללי בארץ- עד 10% מניות ללא סימן קריאה",,אלמגור-בריטמן נאמנות,מגדל,פטורה,0.790,0.0400,602.5,21.07.2026,162.63,162.63,0.52,All-Bond כללי,0.35%,0.000
"ת.פ (1D) אג""ח חו""ל משתנה",5120464,קרן פתוחה,1,D,"אג""ח בחו""ל","אג""ח חשופת מט""ח",,"הקרן הינה קרן בלתי מוגבלת בני""ע חוץ",יובנק נאמנות,תמיר פישמן,פטורה,0.850,0.0500,47.7,20.07.2026,120.24,120.24,0.93,"דולר ארה""ב,S&P 500 - NTR",0.35%,0.000
"אפיקים 4D חו""ל",5120514,קרן פתוחה,4,D,"מניות בחו""ל","מניות כללי בחו""ל","מניות כללי בחו""ל חשופת מט""ח","הקרן הינה קרן בלתי מוגבלת בני""ע חוץ",אלמגור-בריטמן נאמנות,מגדל,פטורה,2.970,0.0500,70.2,20.07.2026,1339.65,1339.53,0.94,"MSCI WORLD INDEX - NTR,דולר ארה""ב",0.35%,0.000
ת.פ (4C) מניות,5120522,קרן פתוחה,4,C,מניות בארץ,מניות לפי שווי שוק,מניות All Cap,"הקרן הינה קרן בלתי מוגבלת בני""ע חוץ",יובנק נאמנות,תמיר פישמן,פטורה,1.790,0.0500,2692.7,20.07.2026,631.04,631.04,1.76,"ת""א 125",0.35%,0.000
איביאי מחקה All-Bondרמששק,5120563,קרן מחקה,0,0,"אג""ח בארץ - חברות והמרה","אג""ח חברות שקלי",בריבית  משתנה,לפי מדיניות השקעותיה הקרן הינה קרן מחקה,יובנק נאמנות,"איביאי קרנות נאמנות ",פטורה,0.200,0.0250,16.3,21.07.2026,129.65,129.65,0.04,All-Bond - ריבית משתנה שקלי,לא נגבית עמלת הפצה,0.000
סיגמא מניות ישראל,5120613,קרן פתוחה,4,C,מניות בארץ,מניות לפי שווי שוק,מניות All Cap,,אלמגור-בריטמן נאמנות,סיגמא,פטורה,1.590,0.0400,1889.1,21.07.2026,692.87,692.87,3.26,מניות כללי,0.35%,0.000
איביאי מדינה פלוס A ומעלה,5120647,קרן פתוחה,0,A,"אג""ח בארץ - מדינה","אג""ח מדינה כללי - ללא מניות",,,יובנק נאמנות,"איביאי קרנות נאמנות ",פטורה,0.700,0.0500,905.8,21.07.2026,124.71,124.71,0.35,תל גוב-כללי,0.35%,0.000
"איביאי תיק אג""ח+10%",5120662,קרן פתוחה,1,B,"אג""ח בארץ - כללי","אג""ח כללי בארץ - עד 10% מניות","אג""ח כללי בארץ- עד 10% מניות ועם סימן קריאה",,יובנק נאמנות,"איביאי קרנות נאמנות ",פטורה,0.690,0.0500,800.1,21.07.2026,150.40,150.40,0.54,All-Bond כללי,0.35%,0.000
"סיגמא (0A)(!) תיק אג""ח",5120704,קרן פתוחה,0,A,"אג""ח בארץ - כללי","אג""ח כללי בארץ - ללא מניות","אג""ח כללי בארץ ללא מניות עם סימן קריאה",,מזרחי טפחות נאמנות,סיגמא,פטורה,0.760,0.0400,75.3,21.07.2026,146.52,146.52,0.32,All-Bond כללי,0.35%,0.000
סיגמא תיק אגח + 10,5120720,קרן פתוחה,1,B,"אג""ח בארץ - כללי","אג""ח כללי בארץ - עד 10% מניות","אג""ח כללי בארץ- עד 10% מניות ועם סימן קריאה",,מזרחי טפחות נאמנות,סיגמא,פטורה,0.790,0.0400,65.4,21.07.2026,167.72,167.72,0.52,All-Bond כללי,0.35%,0.000
מיטב ! שקלי קונצ עד 4 שנ,5120738,קרן פתוחה,0,A,"אג""ח בארץ - חברות והמרה",חברות והמרה שקלי ללא מניות,,,יובנק נאמנות,מיטב קרנות נאמנות,פטורה,0.620,0.0300,49.7,21.07.2026,399.13,399.13,0.32,תל בונד שקלי,0.35%,0.000
הראל השקע תא Large&MidCap,5120779,קרן פתוחה,4,B,מניות בארץ,מניות לפי שווי שוק,מניות Large & Mid Cap,,יובנק נאמנות,הראל,פטורה,1.400,0.0400,62.5,21.07.2026,2134.57,2134.57,3.73,"ת""א 125",0.35%,0.000
אנליסט גמישה,5120795,קרן פתוחה,4,D,גמישות,,,,מזרחי טפחות נאמנות,אנליסט,פטורה,1.930,0.0300,392.3,21.07.2026,14154.02,14154.02,3.07,אחר,0.35%,0.000
אנליסט מניות,5120811,קרן פתוחה,4,B,מניות בארץ,מניות לפי שווי שוק,מניות All Cap,,מזרחי טפחות נאמנות,אנליסט,פטורה,2.050,0.0300,436.9,21.07.2026,21062.13,21062.13,3.20,"ת""א 125",0.35%,0.000
אנליסט תעשיות,5120837,קרן פתוחה,4,B,מניות בארץ,מניות לפי ענפים,,,מזרחי טפחות נאמנות,אנליסט,פטורה,2.050,0.0300,143.4,21.07.2026,8207.51,8207.51,3.01,"ת""א 125",0.35%,0.000
אנליסט (00) כספית שקלית,5120852,קרן פתוחה,0,0,קרן כספית,כספית שקלית,כספית שקלית עם קונצרני,,מזרחי טפחות נאמנות,אנליסט,פטורה,0.169,0.0100,6683.9,21.07.2026,398.06,398.06,0.00,"תל גוב-מק""מ",0.1%,0.000
מיטב סולידית,5120886,קרן פתוחה,0,B,"אג""ח בארץ - כללי","אג""ח כללי בארץ - ללא מניות","אג""ח כללי בארץ בדירוג גבוה בלבד (AA ומעלה ו/ או מדינה)",,מזרחי טפחות נאמנות,מיטב קרנות נאמנות,פטורה,0.790,0.0300,530.3,21.07.2026,135.33,135.33,0.26,All-Bond כללי,0.35%,0.000
"אנליסט אג""ח חברות + 30%",5120894,קרן פתוחה,2,C,"אג""ח בארץ - חברות והמרה",חברות והמרה עם מניות,חברות והמרה עם מניות ללא סימן קריאה,,מזרחי טפחות נאמנות,אנליסט,פטורה,1.900,0.0300,28.7,21.07.2026,1222.14,1222.14,0.90,"אג""ח כללי - קונצרני,מניות כללי",0.35%,0.000
מיטב 2D עוקבת 2 חול הבינל,5120902,קרן פתוחה,2,D,"אג""ח בחו""ל","אג""ח חשופת מט""ח",,"הקרן הינה קרן בלתי מוגבלת בני""ע חוץ,הקרן עוקבת תיק של - הבנק הבינלאומי הראשון לישראל",מזרחי טפחות נאמנות,מיטב קרנות נאמנות,פטורה,0.690,0.0300,83.1,20.07.2026,128.23,128.23,0.88,"ICE BofA US Corporate Index - GTR,S&P 500 - NTR,דולר ארה""ב",0.35%,0.000
"אנליסט אג""ח מדינה + 10%",5120910,קרן פתוחה,1,C,"אג""ח בארץ - מדינה","אג""ח מדינה כללי - עד 10% מניות",,,מזרחי טפחות נאמנות,אנליסט,פטורה,0.590,0.0300,31.3,21.07.2026,1221.39,1221.39,0.54,"תל גוב-כללי,ת""א 125",0.35%,0.000
אזימוט (2B)י 25/75,5120951,קרן פתוחה,2,B,"אג""ח בארץ - כללי","אג""ח כללי בארץ - עד 25% מניות",,"הקרן הינה קרן בלתי מוגבלת בני""ע חוץ",יובנק נאמנות,איילון,פטורה,0.750,0.0400,16.6,20.07.2026,160.77,160.77,0.37,"All-Bond כללי,ת""א 125,S&P 500 - NTR,דולר ארה""ב",0.35%,0.000
"ילין 4D מניות חו""ל",5120977,קרן פתוחה,4,D,"מניות בחו""ל","מניות כללי בחו""ל","מניות כללי בחו""ל חשופת מט""ח","הקרן הינה קרן בלתי מוגבלת בני""ע חוץ",יובנק נאמנות,ילין לפידות,פטורה,1.700,0.0400,505.7,20.07.2026,278.22,278.22,1.19,"S&P 500 - NTR,דולר ארה""ב",0.35%,0.000
קסם אקטיב אגח חול מנוטרל,5120993,קרן פתוחה,1,A,"אג""ח בחו""ל","אג""ח מוגנת מט""ח",,"הקרן הינה קרן בלתי מוגבלת בני""ע חוץ",יובנק נאמנות,קסם,פטורה,0.750,0.0300,219.3,20.07.2026,116.03,116.03,0.25,"IBOXX USD LIQUID INVESTMENT GRADE TOP 30 INDEX - GTR,S&P 500 - NTR",0.35%,0.000
קסם All Bond KTF ר.משת שק,5121025,קרן מחקה,0,0,"אג""ח בארץ - כללי",,,לפי מדיניות השקעותיה הקרן הינה קרן מחקה,יובנק נאמנות,קסם,פטורה,0.350,0.0250,16.3,21.07.2026,128.14,128.14,0.04,All-Bond - ריבית משתנה שקלי,לא נגבית עמלת הפצה,0.000
קסם אקטכספדולמגמתריבית,5121058,קרן פתוחה,0,D,קרן כספית,"כספית מט""חית עם קונצרני",חשופת דולר,"הקרן הינה קרן בלתי מוגבלת בני""ע חוץ,קרן להשקעות חוץ – מטבע עיקרי - דולר ארה""ב,קרן להשק חוץ-פטור ממס לתושבי חוץ",יובנק נאמנות,קסם,פטורה,0.190,0.0100,167.1,20.07.2026,95.83,95.83,1.12,"אחר,דולר ארה""ב",0.1%,0.000
מור מדדית מדינה + 20%,5121090,קרן פתוחה,2,A,"אג""ח בארץ - מדינה","אג""ח מדינה כללי - עד 20% מניות",,,יובנק נאמנות,מור קרנות,פטורה,0.650,0.0250,435.9,21.07.2026,138.41,138.41,0.65,"תל גוב-צמודות,מניות כללי",0.35%,0.000
קסם KTF ישראטק Bstar,5121132,קרן מחקה,4,D,"מניות בחו""ל","מניות לפי ענפים בחו""ל - חשופת מט""ח",Technology,"הקרן הינה קרן בלתי מוגבלת בני""ע חוץ,לפי מדיניות השקעותיה הקרן הינה קרן מחקה",יובנק נאמנות,קסם,פטורה,0.800,0.0250,18.0,16.07.2026,187.53,187.53,1.97,"בלוסטאר ישראל גלובל טכנולוגיות - NTR,דולר ארה""ב",לא נגבית עמלת הפצה,0.000
אנליסט (00) כספית,5121140,קרן פתוחה,0,0,קרן כספית,כספית שקלית,כספית שקלית עם קונצרני,,מזרחי טפחות נאמנות,אנליסט,פטורה,0.215,0.0100,5459.7,21.07.2026,118.88,118.88,0.00,"תל גוב-מק""מ",0.1%,0.000
י.ל 1090תיקאגחולומנעד30מט,5121181,קרן פתוחה,1,B,"אג""ח בחו""ל","אג""ח מוגנת מט""ח",,"הקרן הינה קרן בלתי מוגבלת בני""ע חוץ",יובנק נאמנות,ילין לפידות,פטורה,0.700,0.0400,24.0,20.07.2026,121.22,121.22,0.24,Bloomberg Intermediate Corporate Total Return Index Value Unhedged USD - GTR,0.35%,0.000
MTF מח‏ iBox $ IG30 ממ,5121207,קרן מחקה,0,A,"אג""ח בחו""ל","חברות והמרה  מנוטרלת מט""ח",,"הקרן הינה קרן בלתי מוגבלת בני""ע חוץ,לפי מדיניות השקעותיה הקרן הינה קרן מחקה",אלמגור-בריטמן נאמנות,מגדל,פטורה,0.250,0.0300,435.7,20.07.2026,113.05,113.05,0.34,IBOXX USD LIQUID INVESTMENT GRADE TOP 30 INDEX - GTR,לא נגבית עמלת הפצה,0.000
קסם KTF תלבונד תשו ש,5121223,קרן מחקה,0,0,"אג""ח בארץ - חברות והמרה","אג""ח חברות שקלי",בריבית קבועה,לפי מדיניות השקעותיה הקרן הינה קרן מחקה,יובנק נאמנות,קסם,פטורה,0.250,0.0250,29.0,21.07.2026,137.29,137.29,0.41,תל בונד-תשואות שקל,לא נגבית עמלת הפצה,0.000
"מור 10/90 תיק אג""ח חו""ל",5121249,קרן פתוחה,1,D,"אג""ח בחו""ל","אג""ח חשופת מט""ח",,"הקרן הינה קרן בלתי מוגבלת בני""ע חוץ",יובנק נאמנות,מור קרנות,פטורה,0.840,0.0250,180.9,20.07.2026,119.81,119.81,0.64,"Markit iBoxx USD Liquid Investment Grade 0-5 - GTR ,ICE U.S Treasury Core Bond TR Index - GTR,S&P 500 - NTR,דולר ארה""ב",0.35%,0.000
מיטב מדינה,5121272,קרן פתוחה,0,B,"אג""ח בארץ - מדינה","אג""ח מדינה כללי - ללא מניות",,,מזרחי טפחות נאמנות,מיטב קרנות נאמנות,פטורה,0.690,0.0300,529.3,21.07.2026,116.55,116.55,0.33,תל גוב-כללי,0.35%,0.000
אש SB מש תא Large Cap,5121306,קרן מחקה,4,A,מניות בארץ,מניות בארץ קרן משולבת,,לפי מדיניות השקעותיה הקרן הינה קרן מחקה,יובנק נאמנות,אלטשולר-שחם קרנות,פטורה,0.800,0.0300,170.9,21.07.2026,327.46,327.46,3.75,"AlphaBeta SmartBeta Large Cap Top 5,ת""א-35,AlphaBeta SmartBeta Large Cap Bottom 5",לא נגבית עמלת הפצה,0.000
תכלית TTF מש מניות חול,5121322,קרן מחקה,4,D,"מניות בחו""ל","מניות בחו""ל קרן משולבת",,"הקרן הינה קרן בלתי מוגבלת בני""ע חוץ,לפי מדיניות השקעותיה הקרן הינה קרן מחקה",יובנק נאמנות,מיטב קרנות נאמנות,פטורה,0.700,0.0300,75.7,20.07.2026,237.86,237.78,0.84,"S&P 500 - NTR,S&P EMERGING BMI INDEX - NTR,דולר ארה""ב,STOXX Europe 600 - NTR,אירו",לא נגבית עמלת הפצה,0.000
קסםאקט ספ תיק אגח ומניות,5121330,קרן פתוחה,3,D,"אג""ח בחו""ל","אג""ח חשופת מט""ח",,"הקרן הינה קרן בלתי מוגבלת בני""ע חוץ",יובנק נאמנות,קסם,פטורה,0.750,0.0400,109.2,20.07.2026,154.15,154.15,0.76,"Markit iBoxx USD Liquid Investment Grade 0-5 - GTR ,S&P 500 - NTR,דולר ארה""ב",0.35%,0.000
אלפי בנדק 20/80,5121363,קרן פתוחה,2,C,"אג""ח בארץ - כללי","אג""ח כללי בארץ - עד 20% מניות",,"הקרן הינה קרן בלתי מוגבלת בני""ע חוץ",יובנק נאמנות,הראל,פטורה,0.790,0.0600,44.9,20.07.2026,184.03,184.03,0.35,"All-Bond כללי,ת""א 125",0.35%,0.000
MTF מח מש אגח צמוד בינוני,5121405,קרן מחקה,0,0,"אג""ח בארץ משולבת",ללא מניות,,לפי מדיניות השקעותיה הקרן הינה קרן מחקה,אלמגור-בריטמן נאמנות,מגדל,פטורה,0.390,0.0300,46.1,21.07.2026,116.75,116.75,0.21,"תל גוב-צמודות 2-5,תל בונד צמודות,תל בונד צמודות - בנקים ללא COCO",לא נגבית עמלת הפצה,0.000
MTF‏ מח מש אגח ישראל 100%,5121413,קרן מחקה,0,0,"אג""ח בארץ משולבת",ללא מניות,,לפי מדיניות השקעותיה הקרן הינה קרן מחקה,אלמגור-בריטמן נאמנות,מגדל,פטורה,0.390,0.0300,30.5,21.07.2026,119.23,119.23,0.30,"תל גוב-צמודות 2-5,תל גוב-שקלי 0-2,תל גוב-שקלי 5+,תל בונד 60 צמודות,תל בונד שקלי,תל בונד-צמודות A",לא נגבית עמלת הפצה,0.000
קסם אקטיב (2B)י 20/80,5121439,קרן פתוחה,2,B,"אג""ח בארץ - כללי","אג""ח כללי בארץ - עד 20% מניות",,,יובנק נאמנות,קסם,פטורה,0.790,0.0400,707.0,21.07.2026,174.44,174.44,0.78,"All-Bond כללי,ת""א 125",0.35%,0.000
איביאי מחקה DAX ממ,5121470,קרן מחקה,4,A,"מניות בחו""ל","מניות גיאוגרפי - מנוטרלת מט""ח",אירופה- שווקים מפותחים,"הקרן הינה קרן בלתי מוגבלת בני""ע חוץ,לפי מדיניות השקעותיה הקרן הינה קרן מחקה",יובנק נאמנות,"איביאי קרנות נאמנות ",פטורה,0.400,0.0300,33.8,20.07.2026,195.42,195.27,1.28,DAX - NTR,לא נגבית עמלת הפצה,0.000
MTF‏ מח מש אגח ישראל75%ממ,5121504,קרן מחקה,2,A,"אג""ח בארץ משולבת",עד 30% מניות,,"הקרן הינה קרן בלתי מוגבלת בני""ע חוץ,לפי מדיניות השקעותיה הקרן הינה קרן מחקה",אלמגור-בריטמן נאמנות,מגדל,פטורה,0.490,0.0300,16.7,20.07.2026,151.04,151.04,0.33,"תל גוב-כללי,תל בונד תשואות צמודות,תל בונד מאגר,All-Bond - ריבית משתנה שקלי,ת""א 125,RUSSELL 1000RU10N30U,STOXX Europe 600 - NTR",לא נגבית עמלת הפצה,0.000
מור 10/90,5121587,קרן פתוחה,1,A,"אג""ח בארץ - כללי","אג""ח כללי בארץ - עד 10% מניות","אג""ח כללי בארץ- עד 10% מניות ללא סימן קריאה",,יובנק נאמנות,מור קרנות,פטורה,0.780,0.0150,2336.0,21.07.2026,157.94,157.94,0.48,"All-Bond כללי,מניות כללי",0.35%,0.000
MTF מח תל גוב-צמודות 2-5,5121686,קרן מחקה,0,0,"אג""ח בארץ - מדינה","אג""ח מדינה צמוד מדד",צמודות מדד ממשלתיות - בינוני,"לפי מדיניות השקעותיה הקרן הינה קרן מחקה,קרן כשרה",מזרחי טפחות נאמנות,מגדל,פטורה,0.150,0.0300,164.4,21.07.2026,113.56,113.56,0.19,תל גוב-צמודות 2-5,לא נגבית עמלת הפצה,0.000
מיטב 10/90 אגח חול 30 מטח,5121694,קרן פתוחה,1,B,"אג""ח בחו""ל","אג""ח מוגנת מט""ח",,"הקרן הינה קרן בלתי מוגבלת בני""ע חוץ",מזרחי טפחות נאמנות,מיטב קרנות נאמנות,פטורה,0.650,0.0300,1323.1,20.07.2026,137.79,137.79,0.30,"BLOOMBERG US AGGREGATE TOTAL RETURN VALUE UNHEDGED USD - GTR,S&P 500 - NTR",0.35%,0.000
ילין 1D ! אגח חול נקוב $,5121710,קרן פתוחה,1,D,"אג""ח בחו""ל","אג""ח נקובת מט""ח",,"הקרן הינה קרן בלתי מוגבלת בני""ע חוץ,יחידות הקרן נקובות ב- $,קרן להשקעות חוץ – מטבע עיקרי - דולר ארה""ב",יובנק נאמנות,ילין לפידות,פטורה,0.790,0.0500,162.8,20.07.2026,131.18,131.18,1.15,"Bloomberg Intermediate Corporate Total Return Index Value Unhedged USD - GTR,דולר ארה""ב",0.35%,0.000
י.ל. 30/70,5121728,קרן פתוחה,2,D,"אג""ח בארץ - כללי","אג""ח כללי בארץ - עד 30% מניות",,"הקרן הינה קרן בלתי מוגבלת בני""ע חוץ",יובנק נאמנות,ילין לפידות,פטורה,0.790,0.0500,1395.3,20.07.2026,195.63,195.63,0.49,"All-Bond כללי,מניות כללי",0.35%,0.000
"מיטב מניות חו""ל עד 30% מט",5121736,קרן פתוחה,4,B,"מניות בחו""ל","מניות כללי בחו""ל","מניות כללי בחו""ל מוגנת מט""ח","הקרן הינה קרן בלתי מוגבלת בני""ע חוץ",מזרחי טפחות נאמנות,מיטב קרנות נאמנות,פטורה,1.490,0.0400,210.2,20.07.2026,275.52,275.52,1.92,S&P 500 - NTR,0.35%,0.000
"אנליסט0A!אג""חחוללאמנוטרלת",5121777,קרן פתוחה,0,A,"אג""ח בחו""ל","אג""ח מוגנת מט""ח",,"הקרן הינה קרן בלתי מוגבלת בני""ע חוץ",יובנק נאמנות,אנליסט,פטורה,0.790,0.0300,51.9,20.07.2026,107.23,107.23,0.39,Bloomberg US Credit Total Return Value Unhedged USD – GTR,0.35%,0.000
הראל מחקה מש 75אג 25מ ממ,5121801,קרן מחקה,2,A,"אג""ח בארץ משולבת",עד 30% מניות,,"הקרן הינה קרן בלתי מוגבלת בני""ע חוץ,לפי מדיניות השקעותיה הקרן הינה קרן מחקה",מזרחי טפחות נאמנות,הראל,פטורה,0.000,0.0300,131.4,20.07.2026,154.01,154.01,0.31,"תל בונד מאגר,תל גוב-שקלי 0-2,תל גוב-שקלי 2-5,תל גוב-צמודות 0-2,תל גוב-צמודות 2-5,ת""א 125,S&P 500 - NTR,STOXX Europe 600 - NTR",לא נגבית עמלת הפצה,0.000
הראל מחקה תלבונד 60 צמוד,5121835,קרן מחקה,0,0,"אג""ח בארץ - חברות והמרה","אג""ח חברות צמודות מדד",בריבית קבועה,לפי מדיניות השקעותיה הקרן הינה קרן מחקה,מזרחי טפחות נאמנות,הראל,פטורה,0.200,0.0180,647.0,21.07.2026,136.14,136.14,0.39,תל בונד 60 צמודות,לא נגבית עמלת הפצה,0.000
MTF מח‏ STOXX600,5121843,קרן מחקה,4,D,"מניות בחו""ל","מניות גיאוגרפי - חשופת מט""ח",אירופה- כללי,"הקרן הינה קרן בלתי מוגבלת בני""ע חוץ,לפי מדיניות השקעותיה הקרן הינה קרן מחקה,קרן כשרה",מזרחי טפחות נאמנות,מגדל,פטורה,0.200,0.0300,52.7,20.07.2026,189.64,189.64,0.98,"STOXX Europe 600 - NTR,אירו",לא נגבית עמלת הפצה,0.000
סיגמא (4D) מניות דיבידנד,5121868,קרן פתוחה,4,D,"מניות בחו""ל",מניות גאוגרפי,"מניות גיאוגרפי אחר חשופת מט""ח","הקרן הינה קרן בלתי מוגבלת בני""ע חוץ",מזרחי טפחות נאמנות,סיגמא,פטורה,1.690,0.0400,48.5,20.07.2026,151.35,151.35,1.29,"STOXX Europe 600 - NTR,אירו",0.35%,0.000
איביאי מחקה SP Finance ממ,5121892,קרן מחקה,4,A,"מניות בחו""ל","מניות לפי ענפים בחו""ל - מנוטרלת מט""ח",Financial,"הקרן הינה קרן בלתי מוגבלת בני""ע חוץ,לפי מדיניות השקעותיה הקרן הינה קרן מחקה",יובנק נאמנות,"איביאי קרנות נאמנות ",פטורה,0.400,0.0300,48.4,20.07.2026,241.33,241.33,0.89,S&P Financial Select Sector- NTR,לא נגבית עמלת הפצה,0.000
MTF מח מש אירופה ממ,5121983,קרן מחקה,4,A,"מניות בחו""ל","מניות בחו""ל קרן משולבת",,"הקרן הינה קרן בלתי מוגבלת בני""ע חוץ,לפי מדיניות השקעותיה הקרן הינה קרן מחקה,קרן כשרה",אלמגור-בריטמן נאמנות,מגדל,פטורה,0.500,0.0200,12.0,20.07.2026,231.43,231.43,1.25,"DAX - NTR,STOXX Europe 600 - NTR",לא נגבית עמלת הפצה,0.000
קסם אקט ממשלי שקליעדשנת,5122031,קרן פתוחה,0,0,"אג""ח בארץ - מדינה","אג""ח מדינה שקליות - ללא מניות",,,יובנק נאמנות,קסם,פטורה,0.440,0.0400,102.4,21.07.2026,118.90,118.90,0.15,תל גוב-שקלי 0-2,0.35%,0.000
קסם אקטיב ספיר 30/70,5122056,קרן פתוחה,2,B,"אג""ח בארץ - כללי","אג""ח כללי בארץ - עד 30% מניות",,"הקרן הינה קרן בלתי מוגבלת בני""ע חוץ",יובנק נאמנות,קסם,פטורה,0.580,0.0400,157.6,20.07.2026,200.03,196.11,0.35,"All-Bond כללי,ת""א 125",0.35%,2.000
קסם אקטיב ספ גמישה,5122064,קרן פתוחה,4,D,גמישות,,,"הקרן הינה קרן בלתי מוגבלת בני""ע חוץ",יובנק נאמנות,קסם,פטורה,0.200,0.0400,111.6,20.07.2026,227.70,226.57,0.68,אחר,0.35%,0.500
"אש ת""א 125",5122080,קרן פתוחה,4,A,מניות בארץ,מניות לפי שווי שוק,מניות Large & Mid Cap,,יובנק נאמנות,אלטשולר-שחם קרנות,פטורה,1.500,0.0400,266.3,21.07.2026,419.21,419.21,2.82,"ת""א 125",0.35%,0.000
מור מחקה NASDAQ100 ממ,5122098,קרן מחקה,4,A,"מניות בחו""ל","מניות גיאוגרפי - מנוטרלת מט""ח",אמריקה- שווקים מפותחים,"הקרן הינה קרן בלתי מוגבלת בני""ע חוץ,לפי מדיניות השקעותיה הקרן הינה קרן מחקה",יובנק נאמנות,מור קרנות,פטורה,0.500,0.0200,242.0,20.07.2026,528.17,528.17,1.97,NASDAQ 100 - NTR,לא נגבית עמלת הפצה,0.000
הראל 4D לשם,5122114,קרן פתוחה,4,D,גמישות,,,"הקרן הינה קרן בלתי מוגבלת בני""ע חוץ",יובנק נאמנות,הראל,פטורה,0.200,0.0200,91.0,20.07.2026,203.43,199.44,0.81,אחר,0.35%,2.000
MTF מח‏ STOXX600 ממ,5122163,קרן מחקה,4,A,"מניות בחו""ל","מניות גיאוגרפי - מנוטרלת מט""ח",אירופה- כללי,"הקרן הינה קרן בלתי מוגבלת בני""ע חוץ,לפי מדיניות השקעותיה הקרן הינה קרן מחקה,קרן כשרה",מזרחי טפחות נאמנות,מגדל,פטורה,0.000,0.0300,134.6,20.07.2026,229.43,229.33,1.07,STOXX Europe 600 - NTR,לא נגבית עמלת הפצה,0.000
י.ל. קונצרני+10%,5122221,קרן פתוחה,1,B,"אג""ח בארץ - חברות והמרה",חברות והמרה עם מניות,חברות והמרה עם מניות ללא סימן קריאה,,יובנק נאמנות,ילין לפידות,פטורה,0.790,0.0400,514.5,21.07.2026,165.49,165.49,0.51,"אג""ח כללי - קונצרני",0.35%,0.000
י.ל. 20/80 צמיחה,5122239,קרן פתוחה,2,B,"אג""ח בארץ - כללי","אג""ח כללי בארץ - עד 20% מניות",,"הקרן הינה קרן בלתי מוגבלת בני""ע חוץ",יובנק נאמנות,ילין לפידות,פטורה,0.840,0.0400,595.1,20.07.2026,173.59,173.59,0.37,"All-Bond כללי,מניות כללי",0.35%,0.000
גביש 20/80,5122247,קרן פתוחה,2,B,"אג""ח בארץ - כללי","אג""ח כללי בארץ - עד 20% מניות",,,יובנק נאמנות,סיגמא,פטורה,0.790,0.0600,66.0,21.07.2026,131.76,131.76,0.74,"All-Bond כללי,ת""א 125",0.35%,0.000
MTF מח תלבונד 60 צמודות,5122262,קרן מחקה,0,0,"אג""ח בארץ - חברות והמרה","אג""ח חברות צמודות מדד",בריבית קבועה,לפי מדיניות השקעותיה הקרן הינה קרן מחקה,מזרחי טפחות נאמנות,מגדל,פטורה,0.250,0.0300,321.4,21.07.2026,136.13,136.13,0.39,תל בונד 60 צמודות,לא נגבית עמלת הפצה,0.000
MTF מח‏ מש מניות ישראל,5122288,קרן מחקה,4,A,מניות בארץ,מניות בארץ קרן משולבת,,לפי מדיניות השקעותיה הקרן הינה קרן מחקה,אלמגור-בריטמן נאמנות,מגדל,פטורה,0.500,0.0150,428.3,21.07.2026,400.54,400.54,3.24,"ת""א 125,ת""א בנקים-5",לא נגבית עמלת הפצה,0.000
מגדל תיק 20/80,5122304,קרן פתוחה,2,B,"אג""ח בארץ - כללי","אג""ח כללי בארץ - עד 20% מניות",,,אלמגור-בריטמן נאמנות,מגדל,פטורה,0.850,0.0400,586.1,21.07.2026,176.08,176.08,0.69,All-Bond כללי,0.35%,0.000
MTF מח תלבונד תשו ש,5122320,קרן מחקה,0,0,"אג""ח בארץ - חברות והמרה","אג""ח חברות שקלי",בריבית קבועה,לפי מדיניות השקעותיה הקרן הינה קרן מחקה,מזרחי טפחות נאמנות,מגדל,פטורה,0.150,0.0300,55.6,21.07.2026,135.94,135.94,0.39,תל בונד-תשואות שקל,לא נגבית עמלת הפצה,0.000
קסם אקט תא Lrg & Mid Cap,5122338,קרן פתוחה,4,B,מניות בארץ,מניות לפי שווי שוק,מניות Large & Mid Cap,,יובנק נאמנות,קסם,פטורה,1.240,0.0400,228.9,21.07.2026,540.73,540.73,3.46,"ת""א 125",0.35%,0.000
מגדל תיק השקעות 10/90,5122379,קרן פתוחה,1,A,"אג""ח בארץ - כללי","אג""ח כללי בארץ - עד 10% מניות","אג""ח כללי בארץ- עד 10% מניות ללא סימן קריאה",,אלמגור-בריטמן נאמנות,מגדל,פטורה,0.770,0.0400,443.9,21.07.2026,147.44,147.44,0.57,All-Bond כללי,0.35%,0.000
מור מחקה תלבונד תשו.שקל,5122395,קרן מחקה,0,0,"אג""ח בארץ - חברות והמרה","אג""ח חברות שקלי",בריבית קבועה,לפי מדיניות השקעותיה הקרן הינה קרן מחקה,יובנק נאמנות,מור קרנות,פטורה,0.200,0.0200,40.6,21.07.2026,134.83,134.83,0.41,תל בונד-תשואות שקל,לא נגבית עמלת הפצה,0.000
"קבין 4D מניות חו""ל",5122411,קרן פתוחה,4,D,"מניות בחו""ל","מניות כללי בחו""ל","מניות כללי בחו""ל חשופת מט""ח","הקרן הינה קרן בלתי מוגבלת בני""ע חוץ",יובנק נאמנות,איילון,פטורה,1.700,0.0450,84.7,20.07.2026,333.28,333.22,1.16,"S&P 500 - NTR,דולר ארה""ב",0.35%,0.000
איביאי מחקה אינדקסA מאוזן,5122460,קרן מחקה,0,0,"אג""ח בארץ - חברות והמרה","אג""ח חברות","אג""ח חברות שקלי וצמוד",לפי מדיניות השקעותיה הקרן הינה קרן מחקה,יובנק נאמנות,"איביאי קרנות נאמנות ",פטורה,0.300,0.0250,215.9,21.07.2026,138.45,138.45,0.34,אינדקס A מאוזן,לא נגבית עמלת הפצה,0.000
איביאי מחקה אינAA מע-מאזן,5122478,קרן מחקה,0,0,"אג""ח בארץ - חברות והמרה","אג""ח חברות","אג""ח חברות שקלי וצמוד",לפי מדיניות השקעותיה הקרן הינה קרן מחקה,יובנק נאמנות,"איביאי קרנות נאמנות ",פטורה,0.300,0.0250,430.3,21.07.2026,133.76,133.76,0.32,אינדקס AA ומעלה מאוזן,לא נגבית עמלת הפצה,0.000
איביאי 20/80,5122494,קרן פתוחה,2,B,"אג""ח בארץ - כללי","אג""ח כללי בארץ - עד 20% מניות",,,יובנק נאמנות,"איביאי קרנות נאמנות ",פטורה,0.790,0.0500,275.4,21.07.2026,172.14,172.14,0.85,All-Bond כללי,0.35%,0.000
איביאי 30/70,5122502,קרן פתוחה,2,C,"אג""ח בארץ - כללי","אג""ח כללי בארץ - עד 30% מניות",,"הקרן הינה קרן בלתי מוגבלת בני""ע חוץ",יובנק נאמנות,"איביאי קרנות נאמנות ",פטורה,0.890,0.0500,1156.2,20.07.2026,199.17,199.17,0.60,All-Bond כללי,0.35%,0.000
הראל מחקה תא 125,5122510,קרן מחקה,4,A,מניות בארץ,מניות לפי שווי שוק,Mid Cap & Large,לפי מדיניות השקעותיה הקרן הינה קרן מחקה,מזרחי טפחות נאמנות,הראל,פטורה,0.000,0.0180,1801.8,21.07.2026,316.70,316.70,3.29,"ת""א 125",לא נגבית עמלת הפצה,0.000
אלפא טק אירופה E.S.G,5122536,קרן פתוחה,4,D,"מניות בחו""ל",מניות גאוגרפי,"מניות גיאוגרפי אחר חשופת מט""ח","הקרן הינה קרן בלתי מוגבלת בני""ע חוץ",מזרחי טפחות נאמנות,הראל,פטורה,0.980,0.0400,26.6,20.07.2026,172.82,172.65,1.78,"S&P Europe 350 ESG Index,אירו",0.35%,0.000
הראל מחקה Albnd רב מש שקל,5122551,קרן מחקה,0,0,"אג""ח בארץ - חברות והמרה","אג""ח חברות שקלי",בריבית  משתנה,לפי מדיניות השקעותיה הקרן הינה קרן מחקה,מזרחי טפחות נאמנות,הראל,פטורה,0.200,0.0300,16.5,21.07.2026,128.35,128.35,0.04,All-Bond - ריבית משתנה שקלי,לא נגבית עמלת הפצה,0.000
MTF מח MSCI World,5122569,קרן מחקה,4,D,"מניות בחו""ל","מניות גיאוגרפי - חשופת מט""ח",גלובלי- שווקים מפותחים,"הקרן הינה קרן בלתי מוגבלת בני""ע חוץ,לפי מדיניות השקעותיה הקרן הינה קרן מחקה,קרן כשרה",אלמגור-בריטמן נאמנות,מגדל,פטורה,0.250,0.0200,622.4,16.07.2026,267.80,267.72,0.74,"MSCI WORLD INDEX - NTR,דולר ארה""ב",לא נגבית עמלת הפצה,0.000
אזימוט 18/82 חי דיבדינד,5122593,קרן פתוחה,2,A,"אג""ח בארץ - כללי","אג""ח כללי בארץ - עד 20% מניות",,,יובנק נאמנות,איילון,פטורה,0.950,0.0300,31.9,21.07.2026,181.84,181.84,0.69,All-Bond כללי,0.35%,0.000
מיטב 20/80,5122601,קרן פתוחה,2,B,"אג""ח בארץ - כללי","אג""ח כללי בארץ - עד 20% מניות",,,מזרחי טפחות נאמנות,מיטב קרנות נאמנות,פטורה,0.840,0.0300,1024.3,21.07.2026,174.90,174.90,0.78,All-Bond כללי,0.35%,0.000
מיטב מדינה צמודה,5122619,קרן פתוחה,0,B,"אג""ח בארץ - מדינה","אג""ח מדינה צמוד מדד - ללא מניות",,,מזרחי טפחות נאמנות,מיטב קרנות נאמנות,פטורה,0.640,0.0300,227.4,21.07.2026,123.30,123.30,0.23,תל גוב-צמודות,0.35%,0.000
MTF מח SP500,5122627,קרן מחקה,4,D,"מניות בחו""ל","מניות גיאוגרפי - חשופת מט""ח",אמריקה- שווקים מפותחים,"הקרן הינה קרן בלתי מוגבלת בני""ע חוץ,לפי מדיניות השקעותיה הקרן הינה קרן מחקה,קרן כשרה",מזרחי טפחות נאמנות,מגדל,פטורה,0.000,0.0300,2073.9,20.07.2026,326.23,326.23,0.98,"S&P 500 - NTR,דולר ארה""ב",לא נגבית עמלת הפצה,0.000
MTF מח‏ תלבונד תשו צמודות,5122635,קרן מחקה,0,0,"אג""ח בארץ - חברות והמרה","אג""ח חברות צמודות מדד",בריבית קבועה,לפי מדיניות השקעותיה הקרן הינה קרן מחקה,מזרחי טפחות נאמנות,מגדל,פטורה,0.200,0.0300,208.8,21.07.2026,149.77,149.77,0.48,תל בונד תשואות צמודות,לא נגבית עמלת הפצה,0.000
"קסם אקט ארה""ב מנוטרלת",5122668,קרן פתוחה,4,A,"מניות בחו""ל",מניות גאוגרפי,"מניות גאוגרפי מוגנת מט""ח","הקרן הינה קרן בלתי מוגבלת בני""ע חוץ",מזרחי טפחות נאמנות,קסם,פטורה,1.200,0.0400,70.9,20.07.2026,239.25,239.25,1.31,S&P 500 - NTR,0.35%,0.000
ברק 6F אסטרטגיות,5122676,קרן פתוחה,6,F,ממונפות ואסטרטגיות,ממונפות בסיכון גבוה,,"הקרן הינה קרן בלתי מוגבלת בני""ע חוץ,הקרן הינה קרן ממונפת",יובנק נאמנות,ברק,פטורה,3.800,0.1000,12.9,20.07.2026,433.61,433.60,4.67,"NASDAQ 100 - NTR,דולר ארה""ב",0.35%,0.000
איביאי מחקה SOL US REIT,5122692,קרן מחקה,4,D,"מניות בחו""ל","מניות לפי ענפים בחו""ל - חשופת מט""ח",REIT &  Real Estate,"הקרן הינה קרן בלתי מוגבלת בני""ע חוץ,לפי מדיניות השקעותיה הקרן הינה קרן מחקה",יובנק נאמנות,"איביאי קרנות נאמנות ",פטורה,0.800,0.0300,11.9,20.07.2026,159.40,159.37,1.62,"Solactive -B-BRE US REIT INDEX - NTR,דולר ארה""ב",לא נגבית עמלת הפצה,0.000
מור סולידית,5122718,קרן פתוחה,0,A,"אג""ח בארץ - כללי","אג""ח כללי בארץ - ללא מניות","אג""ח כללי בארץ בדירוג גבוה בלבד (AA ומעלה ו/ או מדינה)",,יובנק נאמנות,מור קרנות,פטורה,0.630,0.0250,177.2,21.07.2026,121.32,121.32,0.26,"All-Bond כללי,תל גוב-מק""מ",0.35%,0.000
מור 20/80,5122726,קרן פתוחה,2,B,"אג""ח בארץ - כללי","אג""ח כללי בארץ - עד 20% מניות",,,יובנק נאמנות,מור קרנות,פטורה,0.830,0.0250,1122.2,21.07.2026,173.24,173.24,0.76,"All-Bond כללי,מניות כללי",0.35%,0.000
איילון עוקב תיק מס 2 בינל,5122791,קרן פתוחה,2,B,"אג""ח בארץ - כללי","אג""ח כללי בארץ - עד 15% מניות",,הקרן עוקבת תיק של - הבנק הבינלאומי הראשון לישראל,יובנק נאמנות,איילון,פטורה,0.690,0.0300,62.6,21.07.2026,129.94,129.94,0.49,"All-Bond כללי,ת""א 125",0.35%,0.000
טרגט (4D) מניות אירופה,5122809,קרן פתוחה,4,D,"מניות בחו""ל",מניות גאוגרפי,"מניות גיאוגרפי אחר חשופת מט""ח","הקרן הינה קרן בלתי מוגבלת בני""ע חוץ",יובנק נאמנות,איילון,פטורה,1.590,0.0400,7.8,20.07.2026,153.45,153.30,1.17,"STOXX Europe 600 - NTR,אירו",0.35%,0.000
"מור תיק אג""ח + 15%",5122817,קרן פתוחה,2,B,"אג""ח בארץ - כללי","אג""ח כללי בארץ - עד 15% מניות",,,יובנק נאמנות,מור קרנות,פטורה,0.770,0.0250,419.6,21.07.2026,151.12,151.12,0.69,"All-Bond כללי,מניות כללי",0.35%,0.000
אש 2Bי 30-70,5122825,קרן פתוחה,2,B,"אג""ח בארץ - כללי","אג""ח כללי בארץ - עד 30% מניות",,"הקרן הינה קרן בלתי מוגבלת בני""ע חוץ",יובנק נאמנות,אלטשולר-שחם קרנות,פטורה,0.800,0.0400,103.3,20.07.2026,162.67,162.67,0.46,"All-Bond כללי,ת""א 125,MSCI World Index Daily Net TR Local,דולר ארה""ב",0.35%,0.000
MTF מח‏ מש ממשלתי מאוזן,5122841,קרן מחקה,0,0,"אג""ח בארץ - מדינה","אג""ח מדינה משולבת- ללא מניות",,"לפי מדיניות השקעותיה הקרן הינה קרן מחקה,קרן כשרה",אלמגור-בריטמן נאמנות,מגדל,פטורה,0.250,0.0300,70.8,21.07.2026,114.59,114.59,0.40,"תל גוב-שקלי 2-5,תל גוב-צמודות 2-5,תל גוב-שקלי 5+,תל גוב-צמודות 5-10",לא נגבית עמלת הפצה,0.000
איביאי מחקה מש SPConsumממ,5122890,קרן מחקה,4,A,"מניות בחו""ל","מניות בחו""ל קרן משולבת",,"הקרן הינה קרן בלתי מוגבלת בני""ע חוץ,לפי מדיניות השקעותיה הקרן הינה קרן מחקה",יובנק נאמנות,"איביאי קרנות נאמנות ",פטורה,0.500,0.0300,11.7,20.07.2026,199.84,199.84,0.89,"S&P Consumer Staples Select Sector - NTR,S&P Consumer Discretionary Select Sector - NTR",לא נגבית עמלת הפצה,0.000
מור מחקה S&P Health Care,5122908,קרן מחקה,4,D,"מניות בחו""ל","מניות לפי ענפים בחו""ל - חשופת מט""ח",Health Care,"הקרן הינה קרן בלתי מוגבלת בני""ע חוץ,לפי מדיניות השקעותיה הקרן הינה קרן מחקה",יובנק נאמנות,מור קרנות,פטורה,0.500,0.0200,33.2,20.07.2026,225.89,225.89,2.06,"S&P Health Care Select Sector Index- NTR,דולר ארה""ב",לא נגבית עמלת הפצה,0.000
MTF מח‏ SP500 Aristo,5122924,קרן מחקה,4,D,"מניות בחו""ל","מניות גיאוגרפי - חשופת מט""ח",אמריקה- שווקים מפותחים,"הקרן הינה קרן בלתי מוגבלת בני""ע חוץ,לפי מדיניות השקעותיה הקרן הינה קרן מחקה,קרן כשרה",אלמגור-בריטמן נאמנות,מגדל,פטורה,0.600,0.0300,36.2,20.07.2026,198.49,198.43,1.45,"S&P 500 Dividend Aristocrats - NTR,דולר ארה""ב",לא נגבית עמלת הפצה,0.000
"הראל אג""ח ממשלתיות",5122932,קרן פתוחה,0,A,"אג""ח בארץ - מדינה","אג""ח מדינה כללי - ללא מניות",,,יובנק נאמנות,הראל,פטורה,0.430,0.0400,24.8,21.07.2026,116.31,115.73,0.33,תל גוב-כללי,0.35%,0.500
קסם Stox600 KTF מא,5122940,קרן מחקה,4,A,"מניות בחו""ל","מניות גיאוגרפי - מנוטרלת מט""ח",אירופה- כללי,"הקרן הינה קרן בלתי מוגבלת בני""ע חוץ,לפי מדיניות השקעותיה הקרן הינה קרן מחקה",אלמגור-בריטמן נאמנות,קסם,פטורה,0.250,0.0250,105.9,20.07.2026,258.74,258.74,1.00,STOXX Europe 600 - NTR,לא נגבית עמלת הפצה,0.000
קסם SP500 KTF ממ,5122957,קרן מחקה,4,A,"מניות בחו""ל","מניות גיאוגרפי - מנוטרלת מט""ח",אמריקה- שווקים מפותחים,"הקרן הינה קרן בלתי מוגבלת בני""ע חוץ,לפי מדיניות השקעותיה הקרן הינה קרן מחקה,קרן כשרה",מזרחי טפחות נאמנות,קסם,פטורה,0.000,0.0250,2990.6,20.07.2026,340.27,340.27,1.11,S&P 500 - NTR,לא נגבית עמלת הפצה,0.000
קסם KTF מש מנ ארהב ממ,5122965,קרן מחקה,4,A,"מניות בחו""ל","מניות בחו""ל קרן משולבת",,"הקרן הינה קרן בלתי מוגבלת בני""ע חוץ,לפי מדיניות השקעותיה הקרן הינה קרן מחקה",אלמגור-בריטמן נאמנות,קסם,פטורה,0.700,0.0250,131.3,20.07.2026,372.73,372.73,1.33,"S&P 500 - NTR,NASDAQ 100 - NTR",לא נגבית עמלת הפצה,0.000
MTF מח תל גוב-שקלי 2-5,5122973,קרן מחקה,0,0,"אג""ח בארץ - מדינה","אג""ח מדינה שקליות",ריבית קבועה  - בינוני,"לפי מדיניות השקעותיה הקרן הינה קרן מחקה,קרן כשרה",מזרחי טפחות נאמנות,מגדל,פטורה,0.150,0.0200,194.6,21.07.2026,113.09,113.09,0.29,תל גוב-שקלי 2-5,לא נגבית עמלת הפצה,0.000
"י.ל תיק אג""ח LV",5123005,קרן פתוחה,0,B,"אג""ח בארץ - כללי","אג""ח כללי בארץ - ללא מניות","אג""ח כללי בארץ ללא מניות וללא סימן קריאה, עם מגבלת מח""מ עד 5 שנים",,יובנק נאמנות,ילין לפידות,פטורה,0.500,0.0400,113.7,21.07.2026,119.65,119.65,0.17,All-Bond כללי,0.35%,0.000
מור מחקה S&P 500 ממ,5123021,קרן מחקה,4,A,"מניות בחו""ל","מניות גיאוגרפי - מנוטרלת מט""ח",אמריקה- שווקים מפותחים,"הקרן הינה קרן בלתי מוגבלת בני""ע חוץ,לפי מדיניות השקעותיה הקרן הינה קרן מחקה",יובנק נאמנות,מור קרנות,פטורה,0.000,0.0200,306.5,20.07.2026,327.92,327.92,1.23,S&P 500 - NTR,לא נגבית עמלת הפצה,0.000
MTF מח תלבונד 20 צמודות,5123039,קרן מחקה,0,0,"אג""ח בארץ - חברות והמרה","אג""ח חברות צמודות מדד",בריבית קבועה,לפי מדיניות השקעותיה הקרן הינה קרן מחקה,אלמגור-בריטמן נאמנות,מגדל,פטורה,0.250,0.0300,410.0,21.07.2026,134.51,134.51,0.46,תל בונד 20 צמודות,לא נגבית עמלת הפצה,0.000
סיגמא (2B)י 30/70,5123096,קרן פתוחה,2,B,"אג""ח בארץ - כללי","אג""ח כללי בארץ - עד 30% מניות",,,יובנק נאמנות,סיגמא,פטורה,0.790,0.0400,1322.1,21.07.2026,194.15,194.15,0.96,All-Bond כללי,0.35%,0.000
הראל מחקה אינד חב2-4,5123104,קרן מחקה,0,0,"אג""ח בארץ - חברות והמרה","אג""ח חברות","אג""ח חברות שקלי וצמוד",לפי מדיניות השקעותיה הקרן הינה קרן מחקה,מזרחי טפחות נאמנות,הראל,פטורה,0.200,0.0250,37.0,21.07.2026,133.18,133.18,0.27,"אינדקס קונצרני מאוזן מח""מ 2-4",לא נגבית עמלת הפצה,0.000
הראל מחקה אינד חב צA,5123112,קרן מחקה,0,0,"אג""ח בארץ - חברות והמרה","אג""ח חברות צמודות מדד",בריבית קבועה,לפי מדיניות השקעותיה הקרן הינה קרן מחקה,מזרחי טפחות נאמנות,הראל,פטורה,0.350,0.0200,113.5,21.07.2026,132.42,132.42,0.34,אינדקס A צמוד,לא נגבית עמלת הפצה,0.000
מיטב מדינה שקלי עד 4 שנים,5123120,קרן פתוחה,0,0,"אג""ח בארץ - מדינה","אג""ח מדינה שקליות - ללא מניות",,,מזרחי טפחות נאמנות,מיטב קרנות נאמנות,פטורה,0.490,0.0300,175.4,21.07.2026,117.66,117.66,0.35,תל גוב-שקלי 2-5,0.35%,0.000
"מיטב אג""ח",5123138,קרן פתוחה,0,B,"אג""ח בארץ - כללי","אג""ח כללי בארץ - ללא מניות","אג""ח כללי בארץ ללא מניות וללא סימן קריאה",,מזרחי טפחות נאמנות,מיטב קרנות נאמנות,פטורה,0.690,0.0300,583.0,21.07.2026,132.06,132.06,0.38,All-Bond כללי,0.35%,0.000
מיטב קונצרני שקלי פלוס,5123146,קרן פתוחה,1,A,"אג""ח בארץ - חברות והמרה",חברות והמרה שקלי עם מניות,,,מזרחי טפחות נאמנות,מיטב קרנות נאמנות,פטורה,0.690,0.0300,189.0,21.07.2026,153.98,153.98,0.54,תל בונד-לא צמודות,0.35%,0.000
תכלית STOX600 TTF מא,5123153,קרן מחקה,4,A,"מניות בחו""ל","מניות גיאוגרפי - מנוטרלת מט""ח",אירופה- כללי,"הקרן הינה קרן בלתי מוגבלת בני""ע חוץ,לפי מדיניות השקעותיה הקרן הינה קרן מחקה,קרן כשרה",אלמגור-בריטמן נאמנות,מיטב קרנות נאמנות,פטורה,0.250,0.0300,196.4,20.07.2026,252.40,252.40,1.07,STOXX Europe 600 - NTR,לא נגבית עמלת הפצה,0.000
תכלית SP500 TTF ממ,5123161,קרן מחקה,4,A,"מניות בחו""ל","מניות גיאוגרפי - מנוטרלת מט""ח",אמריקה- שווקים מפותחים,"הקרן הינה קרן בלתי מוגבלת בני""ע חוץ,לפי מדיניות השקעותיה הקרן הינה קרן מחקה,קרן כשרה",אלמגור-בריטמן נאמנות,מיטב קרנות נאמנות,פטורה,0.000,0.0300,2061.2,20.07.2026,336.32,336.32,1.23,S&P 500 - NTR,לא נגבית עמלת הפצה,0.000
תכלית NDX 100 TTF ממ,5123179,קרן מחקה,4,A,"מניות בחו""ל","מניות גיאוגרפי - מנוטרלת מט""ח",אמריקה- שווקים מפותחים,"הקרן הינה קרן בלתי מוגבלת בני""ע חוץ,לפי מדיניות השקעותיה הקרן הינה קרן מחקה,קרן כשרה",אלמגור-בריטמן נאמנות,מיטב קרנות נאמנות,פטורה,0.000,0.0300,1091.5,20.07.2026,548.47,548.47,1.97,NASDAQ 100 - NTR,לא נגבית עמלת הפצה,0.000
קסם אקטיב זהב וכרייה,5123211,קרן פתוחה,4,D,"מניות בחו""ל","מניות לפי ענפים בחו""ל",,"הקרן הינה קרן בלתי מוגבלת בני""ע חוץ",מזרחי טפחות נאמנות,קסם,פטורה,1.900,0.0400,97.0,20.07.2026,194.96,194.96,3.54,"GOLD SPOT $/OZ INDEX,דולר ארה""ב",0.35%,0.000
"סיגמא 1A אג""ח מדינה +%10",5123237,קרן פתוחה,1,A,"אג""ח בארץ - מדינה","אג""ח מדינה כללי - עד 10% מניות",,,יובנק נאמנות,סיגמא,פטורה,0.670,0.0400,553.2,21.07.2026,134.51,134.51,0.53,תל גוב-כללי,0.35%,0.000
MTF מח‏ אינד AA ומעלהש,5123260,קרן מחקה,0,0,"אג""ח בארץ - חברות והמרה","אג""ח חברות שקלי",בריבית קבועה,לפי מדיניות השקעותיה הקרן הינה קרן מחקה,מזרחי טפחות נאמנות,מגדל,פטורה,0.250,0.0300,270.9,21.07.2026,129.45,129.45,0.38,אינדקס AA ומעלה שקלי,לא נגבית עמלת הפצה,0.000
MTF מח‏ אינד AAומעלה צמוד,5123278,קרן מחקה,0,0,"אג""ח בארץ - חברות והמרה","אג""ח חברות צמודות מדד",בריבית קבועה,לפי מדיניות השקעותיה הקרן הינה קרן מחקה,מזרחי טפחות נאמנות,מגדל,פטורה,0.250,0.0300,409.8,21.07.2026,132.34,132.34,0.32,אינדקס AA ומעלה צמוד,לא נגבית עמלת הפצה,0.000
אילים 10/90,5123286,קרן פתוחה,1,B,"אג""ח בארץ - כללי","אג""ח כללי בארץ - עד 10% מניות","אג""ח כללי בארץ- עד 10% מניות ללא סימן קריאה",,יובנק נאמנות,אילים קרנות,פטורה,0.740,0.0300,835.1,21.07.2026,144.30,144.30,0.55,"All-Bond כללי,ת""א 125",0.35%,0.000
"מור אג""ח ישראל - כשרה",5123294,קרן פתוחה,0,A,"אג""ח בארץ - כללי","אג""ח כללי בארץ - ללא מניות","אג""ח כללי בארץ ללא מניות וללא סימן קריאה",קרן כשרה,יובנק נאמנות,מור קרנות,פטורה,0.750,0.0250,241.7,21.07.2026,127.57,127.57,0.34,"אג""ח כללי - קונצרני",0.35%,0.000
ברומטר 4D מניות גלובלי,5123302,קרן פתוחה,4,D,"מניות בחו""ל","מניות כללי בחו""ל","מניות כללי בחו""ל חשופת מט""ח","הקרן הינה קרן בלתי מוגבלת בני""ע חוץ",יובנק נאמנות,איילון,פטורה,1.480,0.0400,169.7,20.07.2026,235.92,235.92,0.74,"S&P 500 - NTR,דולר ארה""ב",0.35%,0.000
דולפין 10/90,5123328,קרן פתוחה,1,B,"אג""ח בארץ - כללי","אג""ח כללי בארץ - עד 10% מניות","אג""ח כללי בארץ- עד 10% מניות ללא סימן קריאה",,יובנק נאמנות,איילון,פטורה,0.750,0.0400,2114.7,21.07.2026,161.32,161.32,0.51,"All-Bond כללי,מניות כללי",0.35%,0.000
דולפין מניות,5123336,קרן פתוחה,4,B,מניות בארץ,מניות לפי שווי שוק,מניות All Cap,,יובנק נאמנות,איילון,פטורה,1.780,0.0500,292.1,21.07.2026,358.93,358.93,2.59,מניות כללי,0.35%,0.000
MTF מח‏ אינד A צמוד,5123344,קרן מחקה,0,0,"אג""ח בארץ - חברות והמרה","אג""ח חברות צמודות מדד",בריבית קבועה,לפי מדיניות השקעותיה הקרן הינה קרן מחקה,מזרחי טפחות נאמנות,מגדל,פטורה,0.250,0.0300,382.0,21.07.2026,132.99,132.99,0.34,אינדקס A צמוד,לא נגבית עמלת הפצה,0.000
MTF מח אינד HY-BBB כללי,5123351,קרן מחקה,0,0,"אג""ח בארץ - חברות והמרה",חברות והמרה בסיכון גבוה,,לפי מדיניות השקעותיה הקרן הינה קרן מחקה,מזרחי טפחות נאמנות,מגדל,פטורה,0.500,0.0300,106.4,21.07.2026,158.13,158.13,0.37,אינדקס HY-BBB כללי,לא נגבית עמלת הפצה,0.000
MTF מח‏ אינד Aש,5123369,קרן מחקה,0,0,"אג""ח בארץ - חברות והמרה","אג""ח חברות שקלי",בריבית קבועה,לפי מדיניות השקעותיה הקרן הינה קרן מחקה,מזרחי טפחות נאמנות,מגדל,פטורה,0.250,0.0300,201.6,21.07.2026,132.66,132.66,0.37,,לא נגבית עמלת הפצה,0.000
MTF מח תל גוב-שקלי,5123393,קרן מחקה,0,0,"אג""ח בארץ - מדינה","אג""ח מדינה שקליות",ריבית קבועה,"לפי מדיניות השקעותיה הקרן הינה קרן מחקה,קרן כשרה",מזרחי טפחות נאמנות,מגדל,פטורה,0.130,0.0300,81.9,21.07.2026,114.58,114.58,0.55,תל גוב-שקלי,לא נגבית עמלת הפצה,0.000
מור מחקה S&P 500 LVHD,5123419,קרן מחקה,4,D,"מניות בחו""ל","מניות גיאוגרפי - חשופת מט""ח",אמריקה- שווקים מפותחים,"הקרן הינה קרן בלתי מוגבלת בני""ע חוץ,לפי מדיניות השקעותיה הקרן הינה קרן מחקה",יובנק נאמנות,מור קרנות,פטורה,0.500,0.0200,15.6,20.07.2026,142.74,142.74,1.55,"S&P 500 Low Volatility High Dividend Index - NTR,דולר ארה""ב",לא נגבית עמלת הפצה,0.000
MTF מח‏ SP500 Aristo ממ,5123443,קרן מחקה,4,A,"מניות בחו""ל","מניות גיאוגרפי - מנוטרלת מט""ח",אמריקה- שווקים מפותחים,"הקרן הינה קרן בלתי מוגבלת בני""ע חוץ,לפי מדיניות השקעותיה הקרן הינה קרן מחקה,קרן כשרה",אלמגור-בריטמן נאמנות,מגדל,פטורה,0.600,0.0300,25.6,20.07.2026,197.84,197.83,0.85,S&P 500 Dividend Aristocrats - NTR,לא נגבית עמלת הפצה,0.000
"קסם אקט אג""ח +10%",5123468,קרן פתוחה,1,B,"אג""ח בארץ - כללי","אג""ח כללי בארץ - עד 10% מניות","אג""ח כללי בארץ- עד 10% מניות ועם סימן קריאה",,מזרחי טפחות נאמנות,קסם,פטורה,0.690,0.0500,113.7,21.07.2026,152.55,152.55,0.55,"All-Bond כללי,ת""א 125",0.35%,0.000
"קסם אקט אג""ח מדינה",5123476,קרן פתוחה,0,A,"אג""ח בארץ - מדינה","אג""ח מדינה כללי - ללא מניות",,,מזרחי טפחות נאמנות,קסם,פטורה,0.640,0.0500,157.2,21.07.2026,119.24,119.24,0.37,"תל גוב-שקלי 2-5,תל גוב-צמודות 2-5,תל בונד מאגר",0.35%,0.000
MTF מח‏ תלבונד צמוד,5123518,קרן מחקה,0,0,"אג""ח בארץ - חברות והמרה","אג""ח חברות צמודות מדד",בריבית קבועה,לפי מדיניות השקעותיה הקרן הינה קרן מחקה,מזרחי טפחות נאמנות,מגדל,פטורה,0.250,0.0300,119.8,21.07.2026,134.00,134.00,0.35,תל בונד צמודות,לא נגבית עמלת הפצה,0.000
FOREST סלקט 25/75,5123542,קרן פתוחה,2,B,"אג""ח בארץ - כללי","אג""ח כללי בארץ - עד 25% מניות",,הקרן היא קרן מועדים קבועים,יובנק נאמנות,פורסט,פטורה,0.890,0.0400,202.7,21.07.2026,172.69,172.69,0.62,"All-Bond כללי,ת""א All-Share ",0.35%,0.000
הראל מחקה אינד חב שA,5123559,קרן מחקה,0,0,"אג""ח בארץ - חברות והמרה","אג""ח חברות שקלי",בריבית קבועה,לפי מדיניות השקעותיה הקרן הינה קרן מחקה,מזרחי טפחות נאמנות,הראל,פטורה,0.250,0.0200,47.8,21.07.2026,132.31,132.31,0.36,אינדקס A שקלי,לא נגבית עמלת הפצה,0.000
MTF מח‏ SP US A&D ממ,5123567,קרן מחקה,4,A,"מניות בחו""ל","מניות לפי ענפים בחו""ל - מנוטרלת מט""ח",Aerospace & Defense,"הקרן הינה קרן בלתי מוגבלת בני""ע חוץ,לפי מדיניות השקעותיה הקרן הינה קרן מחקה,קרן כשרה",אלמגור-בריטמן נאמנות,מגדל,פטורה,0.800,0.0250,354.2,20.07.2026,327.71,327.71,2.89,S&P Aerospace & Defense Select Industry Index - NTR,לא נגבית עמלת הפצה,0.000
MTF מח‏ SP500 LVHD ממ,5123575,קרן מחקה,4,A,"מניות בחו""ל","מניות גיאוגרפי - מנוטרלת מט""ח",אמריקה- שווקים מפותחים,"הקרן הינה קרן בלתי מוגבלת בני""ע חוץ,לפי מדיניות השקעותיה הקרן הינה קרן מחקה",אלמגור-בריטמן נאמנות,מגדל,פטורה,0.500,0.0300,16.9,20.07.2026,144.62,144.62,0.85,S&P 500 Low Volatility High Dividend Index - NTR,לא נגבית עמלת הפצה,0.000
דיאמונד 4D גמישה,5123609,קרן פתוחה,4,D,גמישות,,,"הקרן הינה קרן בלתי מוגבלת בני""ע חוץ",יובנק נאמנות,איילון,פטורה,1.640,0.0400,230.9,20.07.2026,342.15,342.15,1.21,אחר,0.35%,0.000
MTF מח תא צמיחה,5123641,קרן מחקה,4,A,מניות בארץ,מניות לפי שווי שוק,Small Cap,לפי מדיניות השקעותיה הקרן הינה קרן מחקה,מזרחי טפחות נאמנות,מגדל,פטורה,0.250,0.0300,21.5,21.07.2026,170.88,170.88,3.14,"ת""א-צמיחה",לא נגבית עמלת הפצה,0.000
דולפין יתר,5123716,קרן פתוחה,4,B,מניות בארץ,מניות לפי שווי שוק,מניות Small Cap,,יובנק נאמנות,איילון,פטורה,1.850,0.0400,84.2,21.07.2026,299.65,299.65,2.05,יתר מניות,0.35%,0.000
"קסם אקטיב אג""ח חברות פלוס",5123724,קרן פתוחה,2,A,"אג""ח בארץ - חברות והמרה",חברות והמרה עם מניות,חברות והמרה עם מניות ללא סימן קריאה,,יובנק נאמנות,קסם,פטורה,1.300,0.0400,134.5,21.07.2026,188.64,188.64,0.86,"תל בונד מאגר,ת""א 125",0.35%,0.000
מור 4D מניות גלובלי,5123740,קרן פתוחה,4,D,"מניות בחו""ל","מניות כללי בחו""ל","מניות כללי בחו""ל חשופת מט""ח","הקרן הינה קרן בלתי מוגבלת בני""ע חוץ",יובנק נאמנות,מור קרנות,פטורה,1.850,0.0300,515.4,20.07.2026,249.34,249.34,1.15,"MSCI AC WORLD INDEX - NTR,דולר ארה""ב",0.35%,0.000
י.ל. אגח פוט חבר סכןגבו,5123757,קרן פתוחה,0,B,"אג""ח בארץ - חברות והמרה",חברות והמרה בסיכון גבוה,,"הקרן הינה קרן בלתי מוגבלת בני""ע חוץ",יובנק נאמנות,ילין לפידות,פטורה,1.550,0.0500,391.1,20.07.2026,138.32,138.32,0.12,"אג""ח כללי - קונצרני",0.35%,0.000
מגדל 4D גמישה,5123799,קרן פתוחה,4,D,גמישות,,,"הקרן הינה קרן בלתי מוגבלת בני""ע חוץ",אלמגור-בריטמן נאמנות,מגדל,פטורה,1.250,0.0500,35.1,20.07.2026,334.93,334.93,2.36,אחר,0.35%,0.000
סלע מניות,5123815,קרן פתוחה,4,B,מניות בארץ,מניות לפי שווי שוק,מניות All Cap,,יובנק נאמנות,איילון,פטורה,1.490,0.0400,82.5,21.07.2026,398.69,398.69,3.25,"ת""א 125",0.35%,0.000
סלע 10/90,5123823,קרן פתוחה,1,B,"אג""ח בארץ - כללי","אג""ח כללי בארץ - עד 10% מניות","אג""ח כללי בארץ- עד 10% מניות ללא סימן קריאה",,יובנק נאמנות,איילון,פטורה,0.750,0.0400,46.2,21.07.2026,149.41,149.41,0.61,"All-Bond כללי,ת""א 125",0.35%,0.000
"סלע אג""ח כללי ללא מניות",5123831,קרן פתוחה,0,B,"אג""ח בארץ - כללי","אג""ח כללי בארץ - ללא מניות","אג""ח כללי בארץ ללא מניות עם סימן קריאה",,יובנק נאמנות,איילון,פטורה,0.690,0.0400,46.3,21.07.2026,132.17,132.17,0.34,All-Bond כללי,0.35%,0.000
"מיטב אג""ח + 10%",5123872,קרן פתוחה,1,A,"אג""ח בארץ - כללי","אג""ח כללי בארץ - עד 10% מניות","אג""ח כללי בארץ- עד 10% מניות ללא סימן קריאה",,יובנק נאמנות,מיטב קרנות נאמנות,פטורה,0.790,0.0400,1069.3,21.07.2026,150.01,150.01,0.56,All-Bond כללי,0.35%,0.000
מיטב אגח מדורג ללא מניות,5123880,קרן פתוחה,0,A,"אג""ח בארץ - חברות והמרה",חברות והמרה ללא מניות,חברות והמרה ללא מניות וללא סימן קריאה,,יובנק נאמנות,מיטב קרנות נאמנות,פטורה,0.690,0.0300,415.7,21.07.2026,130.77,130.77,0.26,"אג""ח כללי - קונצרני",0.35%,0.000
מיטב כספית,5123898,קרן פתוחה,0,0,קרן כספית,כספית שקלית,כספית שקלית עם קונצרני,,יובנק נאמנות,מיטב קרנות נאמנות,פטורה,0.250,0.0100,4687.6,21.07.2026,1188.85,1188.85,0.00,"תל גוב-מק""מ",0.1%,0.000
איביאי מחקה איאגח-ר-בטוחה,5123930,קרן מחקה,0,0,"אג""ח בארץ - חברות והמרה","אג""ח חברות","אג""ח חברות שקלי וצמוד",לפי מדיניות השקעותיה הקרן הינה קרן מחקה,יובנק נאמנות,"איביאי קרנות נאמנות ",פטורה,0.500,0.0250,154.9,21.07.2026,134.43,134.43,0.28,"אינדקס אג""ח עם רכיב בטוחה",לא נגבית עמלת הפצה,0.000
"מיטב (!) אג""ח קונצרני",5123948,קרן פתוחה,0,A,"אג""ח בארץ - חברות והמרה",חברות והמרה ללא מניות,חברות והמרה ללא מניות עם סימן קריאה,,יובנק נאמנות,מיטב קרנות נאמנות,פטורה,0.790,0.0400,227.0,21.07.2026,140.50,140.50,0.25,"אג""ח כללי - קונצרני",0.35%,0.000
"מיטב אג""ח ישראל סולידית",5123955,קרן פתוחה,0,B,"אג""ח בארץ - כללי","אג""ח כללי בארץ - ללא מניות","אג""ח כללי בארץ בדירוג גבוה בלבד (AA ומעלה ו/ או מדינה)",,יובנק נאמנות,מיטב קרנות נאמנות,פטורה,0.690,0.0400,684.5,21.07.2026,125.07,125.07,0.26,תל גוב-כללי,0.35%,0.000
י.ל תיק השקעות עד 50%,5123963,קרן פתוחה,3,C,"אג""ח בארץ - כללי","אג""ח כללי בארץ - חשיפה מרבית מעל 30% מניות",,"הקרן הינה קרן בלתי מוגבלת בני""ע חוץ",יובנק נאמנות,ילין לפידות,פטורה,0.930,0.0500,367.3,20.07.2026,213.63,213.63,0.79,"All-Bond כללי,מניות כללי",0.35%,0.000
י.ל אגח חב חול עד 30 מט,5123971,קרן פתוחה,1,B,"אג""ח בחו""ל","אג""ח מוגנת מט""ח",,"הקרן הינה קרן בלתי מוגבלת בני""ע חוץ",יובנק נאמנות,ילין לפידות,פטורה,0.690,0.0500,61.2,20.07.2026,122.83,122.83,0.25,Bloomberg Intermediate Corporate Total Return Index Value Unhedged USD - GTR,0.35%,0.000
מור מחקה S&P Financial,5123997,קרן מחקה,4,D,"מניות בחו""ל","מניות לפי ענפים בחו""ל - חשופת מט""ח",Financial,"הקרן הינה קרן בלתי מוגבלת בני""ע חוץ,לפי מדיניות השקעותיה הקרן הינה קרן מחקה",יובנק נאמנות,מור קרנות,פטורה,0.150,0.0200,14.4,20.07.2026,206.33,206.33,1.35,"S&P Financial Select Sector- NTR,דולר ארה""ב",לא נגבית עמלת הפצה,0.000
אש SB אירופה AB ממ,5124003,קרן מחקה,4,A,"מניות בחו""ל","מניות גיאוגרפי - מנוטרלת מט""ח",אירופה- כללי,"הקרן הינה קרן בלתי מוגבלת בני""ע חוץ,לפי מדיניות השקעותיה הקרן הינה קרן מחקה",יובנק נאמנות,אלטשולר-שחם קרנות,פטורה,0.800,0.0300,65.9,20.07.2026,270.73,270.73,2.06,אירופה AlphaBeta SmartBeta,לא נגבית עמלת הפצה,0.000
"סיגמא 0D ! אג""ח דולר בינל",5124045,קרן פתוחה,0,D,"אג""ח בחו""ל","אג""ח חשופת דולר",,"הקרן הינה קרן בלתי מוגבלת בני""ע חוץ,קרן להשקעות חוץ – מטבע עיקרי - דולר ארה""ב,קרן להשק חוץ-פטור ממס לתושבי חוץ",מזרחי טפחות נאמנות,סיגמא,פטורה,0.790,0.0400,66.0,20.07.2026,106.62,106.62,1.01,"דולר ארה""ב",0.35%,0.000
סיגמא (2C)י 25/75,5124060,קרן פתוחה,2,C,"אג""ח בארץ - כללי","אג""ח כללי בארץ - עד 25% מניות",,,מזרחי טפחות נאמנות,סיגמא,פטורה,0.590,0.0400,52.7,21.07.2026,158.32,158.32,0.82,All-Bond כללי,0.35%,0.000
אש מניות ישראל SB,5124144,קרן פתוחה,4,A,מניות בארץ,מניות לפי שווי שוק,מניות All Cap,,יובנק נאמנות,אלטשולר-שחם קרנות,פטורה,1.950,0.0400,43.5,21.07.2026,408.22,408.22,4.41,"ת""א 125",0.35%,0.000
אלטשולר 4D גמישה,5124201,קרן פתוחה,4,D,גמישות,,,"הקרן הינה קרן בלתי מוגבלת בני""ע חוץ",יובנק נאמנות,אלטשולר-שחם קרנות,פטורה,1.500,0.0400,56.1,20.07.2026,158.87,158.87,1.33,אחר,0.35%,0.000
אושן גלובל אקוויטי,5124268,קרן פתוחה,4,D,"מניות בחו""ל","מניות כללי בחו""ל","מניות כללי בחו""ל חשופת מט""ח","הקרן הינה קרן בלתי מוגבלת בני""ע חוץ",יובנק נאמנות,סיגמא,פטורה,1.850,0.0400,48.6,20.07.2026,271.70,271.70,1.75,"S&P 500 - NTR,דולר ארה""ב",0.35%,0.000
איביאי מחקה Russell 2000,5124284,קרן מחקה,4,D,"מניות בחו""ל","מניות גיאוגרפי - חשופת מט""ח",אמריקה- שווקים מפותחים,"הקרן הינה קרן בלתי מוגבלת בני""ע חוץ,לפי מדיניות השקעותיה הקרן הינה קרן מחקה",יובנק נאמנות,"איביאי קרנות נאמנות ",פטורה,0.400,0.0300,84.9,20.07.2026,187.41,187.41,1.62,"RUSSELL 2000 - NTR,דולר ארה""ב",לא נגבית עמלת הפצה,0.000
קסם אקט אנרגיה,5124292,קרן פתוחה,4,C,מניות בארץ,מניות לפי ענפים,,"הקרן הינה קרן בלתי מוגבלת בני""ע חוץ",אלמגור-בריטמן נאמנות,קסם,פטורה,2.790,0.0300,14.0,20.07.2026,451.22,451.22,2.14,"ת""א-נפט וגז",0.35%,0.000
"מור נדל""ן",5124300,קרן פתוחה,4,B,מניות בארץ,מניות לפי ענפים,,,יובנק נאמנות,מור קרנות,פטורה,1.320,0.0300,305.9,21.07.2026,413.94,413.94,4.34,"נדל""ן ובינוי",0.35%,0.000
מור יתר,5124326,קרן פתוחה,4,B,מניות בארץ,מניות לפי שווי שוק,מניות Small Cap,,יובנק נאמנות,מור קרנות,פטורה,2.200,0.0350,272.1,21.07.2026,439.46,439.46,2.96,יתר מניות,0.35%,0.000
מור הזדמנויות אגח קונצר,5124342,קרן פתוחה,1,A,"אג""ח בארץ - חברות והמרה",חברות והמרה עם מניות,חברות והמרה עם מניות ועם סימן קריאה,,יובנק נאמנות,מור קרנות,פטורה,1.180,0.0300,1434.4,21.07.2026,177.73,177.73,0.43,"אג""ח כללי - קונצרני",0.35%,0.000
תכלית TTF אינדHY-BBB כלל,5124409,קרן מחקה,0,0,"אג""ח בארץ - חברות והמרה",חברות והמרה בסיכון גבוה,,לפי מדיניות השקעותיה הקרן הינה קרן מחקה,אלמגור-בריטמן נאמנות,מיטב קרנות נאמנות,פטורה,0.500,0.0300,20.4,21.07.2026,148.01,148.01,0.30,אינדקס HY-BBB כללי,לא נגבית עמלת הפצה,0.000
תכלית TTF אינד 5+ מאוזן,5124417,קרן מחקה,0,0,"אג""ח בארץ - חברות והמרה","אג""ח חברות","אג""ח חברות שקלי וצמוד",לפי מדיניות השקעותיה הקרן הינה קרן מחקה,אלמגור-בריטמן נאמנות,מיטב קרנות נאמנות,פטורה,0.200,0.0300,84.6,21.07.2026,139.59,139.59,0.61,אינדקס מדורג 5+ מאוזן,לא נגבית עמלת הפצה,0.000
תכלית TTF אינד 2-5 מאוזן,5124425,קרן מחקה,0,0,"אג""ח בארץ - חברות והמרה","אג""ח חברות","אג""ח חברות שקלי וצמוד",לפי מדיניות השקעותיה הקרן הינה קרן מחקה,אלמגור-בריטמן נאמנות,מיטב קרנות נאמנות,פטורה,0.200,0.0300,86.5,21.07.2026,128.34,128.34,0.32,אינדקס מדורג 2-5 מאוזן,לא נגבית עמלת הפצה,0.000
קסם אקטיב (!) 10/90,5124466,קרן פתוחה,1,A,"אג""ח בארץ - כללי","אג""ח כללי בארץ - עד 10% מניות","אג""ח כללי בארץ- עד 10% מניות ועם סימן קריאה",,יובנק נאמנות,קסם,פטורה,0.740,0.0400,103.2,21.07.2026,153.54,153.54,0.58,"All-Bond כללי,ת""א 125",0.35%,0.000
קסם SP500 KTF,5124482,קרן מחקה,4,D,"מניות בחו""ל","מניות גיאוגרפי - חשופת מט""ח",אמריקה- שווקים מפותחים,"הקרן הינה קרן בלתי מוגבלת בני""ע חוץ,לפי מדיניות השקעותיה הקרן הינה קרן מחקה,קרן כשרה",אלמגור-בריטמן נאמנות,קסם,פטורה,0.000,0.0250,4047.8,20.07.2026,310.32,310.32,0.98,"S&P 500 - NTR,דולר ארה""ב",לא נגבית עמלת הפצה,0.000
קסם KTF תא 35,5124490,קרן מחקה,4,A,מניות בארץ,מניות לפי שווי שוק,Large Cap,לפי מדיניות השקעותיה הקרן הינה קרן מחקה,יובנק נאמנות,קסם,פטורה,0.100,0.0250,707.5,21.07.2026,292.95,292.95,3.10,"ת""א-35",לא נגבית עמלת הפצה,0.000
קסם KTF תא 90,5124508,קרן מחקה,4,A,מניות בארץ,מניות לפי שווי שוק,Mid Cap,לפי מדיניות השקעותיה הקרן הינה קרן מחקה,יובנק נאמנות,קסם,פטורה,0.400,0.0250,433.0,21.07.2026,392.21,392.21,4.09,"ת""א 90",לא נגבית עמלת הפצה,0.000
קסם NDX100 KTF ממ,5124516,קרן מחקה,4,A,"מניות בחו""ל","מניות גיאוגרפי - מנוטרלת מט""ח",אמריקה- שווקים מפותחים,"הקרן הינה קרן בלתי מוגבלת בני""ע חוץ,לפי מדיניות השקעותיה הקרן הינה קרן מחקה,קרן כשרה",אלמגור-בריטמן נאמנות,קסם,פטורה,0.000,0.0250,922.0,20.07.2026,451.02,451.02,1.80,NASDAQ 100 - NTR,לא נגבית עמלת הפצה,0.000
תכלית NDX 100 TTF,5124532,קרן מחקה,4,D,"מניות בחו""ל","מניות גיאוגרפי - חשופת מט""ח",אמריקה- שווקים מפותחים,"הקרן הינה קרן בלתי מוגבלת בני""ע חוץ,לפי מדיניות השקעותיה הקרן הינה קרן מחקה,קרן כשרה",אלמגור-בריטמן נאמנות,מיטב קרנות נאמנות,פטורה,0.300,0.0300,314.8,20.07.2026,387.82,387.82,1.45,"NASDAQ 100 - NTR,דולר ארה""ב",לא נגבית עמלת הפצה,0.000
תכלית DAX TTF,5124557,קרן מחקה,4,D,"מניות בחו""ל","מניות גיאוגרפי - חשופת מט""ח",אירופה- שווקים מפותחים,"הקרן הינה קרן בלתי מוגבלת בני""ע חוץ,לפי מדיניות השקעותיה הקרן הינה קרן מחקה",יובנק נאמנות,מיטב קרנות נאמנות,פטורה,0.000,0.0300,66.2,20.07.2026,176.75,176.56,1.16,"DAX - NTR,אירו",לא נגבית עמלת הפצה,0.000
תכלית MSCI WORLD TTF,5124573,קרן מחקה,4,D,"מניות בחו""ל","מניות גיאוגרפי - חשופת מט""ח",גלובלי- שווקים מפותחים,"הקרן הינה קרן בלתי מוגבלת בני""ע חוץ,לפי מדיניות השקעותיה הקרן הינה קרן מחקה,קרן כשרה",יובנק נאמנות,מיטב קרנות נאמנות,פטורה,0.310,0.0300,353.5,16.07.2026,245.63,245.53,0.74,"MSCI WORLD INDEX - NTR,דולר ארה""ב",לא נגבית עמלת הפצה,0.000
תכלית DowJones IA TTF,5124581,קרן מחקה,4,D,"מניות בחו""ל","מניות גיאוגרפי - חשופת מט""ח",אמריקה- שווקים מפותחים,"הקרן הינה קרן בלתי מוגבלת בני""ע חוץ,לפי מדיניות השקעותיה הקרן הינה קרן מחקה",יובנק נאמנות,מיטב קרנות נאמנות,פטורה,0.500,0.0300,89.9,20.07.2026,241.33,241.33,1.00,"Dow Jones Industrial Average - NTR,דולר ארה""ב",לא נגבית עמלת הפצה,0.000
אש (3C)י 50-50,5124615,קרן פתוחה,3,C,"אג""ח בארץ - כללי","אג""ח כללי בארץ - חשיפה מרבית מעל 30% מניות",,"הקרן הינה קרן בלתי מוגבלת בני""ע חוץ",יובנק נאמנות,אלטשולר-שחם קרנות,פטורה,0.900,0.0400,53.3,20.07.2026,169.18,169.18,0.95,"אג""ח כללי - קונצרני,ת""א 125,MSCI World Index Daily Net TR Local,דולר ארה""ב",0.35%,0.000
הראל תיק השקעות עד 50%,5124672,קרן פתוחה,3,B,"אג""ח בארץ - כללי","אג""ח כללי בארץ - חשיפה מרבית מעל 30% מניות",,"הקרן הינה קרן בלתי מוגבלת בני""ע חוץ",מזרחי טפחות נאמנות,הראל,פטורה,0.770,0.0400,39.0,20.07.2026,154.23,154.23,0.76,"All-Bond כללי,ת""א 125,MSCI AC WORLD INDEX - RT - NTR ,דולר ארה""ב",0.35%,0.000
הראל תיק אגח סולידי עד3שנ,5124698,קרן פתוחה,0,A,"אג""ח בארץ - כללי","אג""ח כללי בארץ - ללא מניות","אג""ח כללי בארץ בדירוג גבוה בלבד (AA ומעלה ו/ או מדינה)",,מזרחי טפחות נאמנות,הראל,פטורה,0.490,0.0400,180.5,21.07.2026,120.09,120.09,0.18,"תל בונד-שקלי 1-3,תל בונד-צמודות 1-3,תל גוב-שקלי 0-2",0.35%,0.000
הראל קונצרני דולרי ללא מנ,5124706,קרן פתוחה,0,D,"אג""ח בארץ - חברות והמרה",חברות והמרה ללא מניות,חברות והמרה ללא מניות עם סימן קריאה,,יובנק נאמנות,הראל,פטורה,0.720,0.0400,14.0,21.07.2026,121.79,121.79,1.26,"אחר,דולר ארה""ב",0.35%,0.000
MTF מח‏ Russell 1000G,5124730,קרן מחקה,4,D,"מניות בחו""ל","מניות גיאוגרפי - חשופת מט""ח",אמריקה- שווקים מפותחים,"הקרן הינה קרן בלתי מוגבלת בני""ע חוץ,לפי מדיניות השקעותיה הקרן הינה קרן מחקה,קרן כשרה",אלמגור-בריטמן נאמנות,מגדל,פטורה,0.600,0.0300,66.4,20.07.2026,351.95,351.84,1.45,"RUSSELL 1000 Growth - NTR,דולר ארה""ב",לא נגבית עמלת הפצה,0.000
איביאי מחקה תא125 SO LVHD,5124755,קרן מחקה,4,A,מניות בארץ,מניות לפי שווי שוק,Mid Cap & Large,לפי מדיניות השקעותיה הקרן הינה קרן מחקה,יובנק נאמנות,"איביאי קרנות נאמנות ",פטורה,0.800,0.0300,39.4,21.07.2026,273.75,273.75,3.36,Solactive – B-BRE Tel Aviv 125 low volatility high dividends - GTR,לא נגבית עמלת הפצה,0.000
איילון תיק 20/80,5124763,קרן פתוחה,2,B,"אג""ח בארץ - כללי","אג""ח כללי בארץ - עד 20% מניות",,,יובנק נאמנות,איילון,פטורה,0.750,0.0400,22.8,21.07.2026,154.58,154.58,0.82,"All-Bond כללי,ת""א 125",0.35%,0.000
מור תיק השקעות 50%,5124805,קרן פתוחה,3,B,"אג""ח בארץ - כללי","אג""ח כללי בארץ - חשיפה מרבית מעל 30% מניות",,"הקרן הינה קרן בלתי מוגבלת בני""ע חוץ",יובנק נאמנות,מור קרנות,פטורה,0.890,0.0300,986.7,20.07.2026,228.16,228.16,0.73,"All-Bond כללי,מניות כללי",0.35%,0.000
מגדל תיק 50/50,5124862,קרן פתוחה,3,C,"אג""ח בארץ - כללי","אג""ח כללי בארץ - חשיפה מרבית מעל 30% מניות",,"הקרן הינה קרן בלתי מוגבלת בני""ע חוץ",אלמגור-בריטמן נאמנות,מגדל,פטורה,0.790,0.0400,102.3,20.07.2026,211.84,211.84,0.85,All-Bond כללי,0.35%,0.000
פרופאונד (1A)י 10/90,5124888,קרן פתוחה,1,A,"אג""ח בארץ - כללי","אג""ח כללי בארץ - עד 10% מניות","אג""ח כללי בארץ- עד 10% מניות ללא סימן קריאה",,מזרחי טפחות נאמנות,איילון,פטורה,0.790,0.0400,84.8,21.07.2026,142.50,142.50,0.54,All-Bond כללי,0.35%,0.000
הראל מחקה אינד פד' 2028,5124912,קרן מחקה,0,0,"אג""ח בארץ - חברות והמרה","אג""ח חברות","אג""ח חברות שקלי וצמוד",לפי מדיניות השקעותיה הקרן הינה קרן מחקה,מזרחי טפחות נאמנות,הראל,פטורה,0.240,0.0250,175.5,21.07.2026,123.66,123.66,0.28,אינדקס לפדיון 2028 (מתגלגל כל 6 שנים),לא נגבית עמלת הפצה,0.000
מיטב מניות LONG RUN,5124938,קרן פתוחה,4,A,מניות בארץ,מניות לפי שווי שוק,מניות All Cap,,יובנק נאמנות,מיטב קרנות נאמנות,פטורה,0.800,0.0300,397.3,21.07.2026,496.90,494.43,3.39,"ת""א 125,ת""א-SME60",0.35%,0.500
ברומטר (4B) מניות,5124979,קרן פתוחה,4,B,מניות בארץ,מניות לפי שווי שוק,מניות All Cap,,יובנק נאמנות,איילון,פטורה,1.480,0.0400,203.9,21.07.2026,399.72,399.72,2.52,מניות כללי,0.35%,0.000
פורטה 4D השקעות,5124995,קרן פתוחה,4,D,גמישות,,,"הקרן הינה קרן בלתי מוגבלת בני""ע חוץ",יובנק נאמנות,סיגמא,פטורה,1.500,0.0400,251.7,20.07.2026,221.83,221.83,0.78,אחר,0.35%,0.000
פורטה (2B)י 20/80,5125000,קרן פתוחה,2,B,"אג""ח בארץ - כללי","אג""ח כללי בארץ - עד 20% מניות",,,יובנק נאמנות,סיגמא,פטורה,0.850,0.0400,360.7,21.07.2026,169.70,169.70,0.77,"All-Bond כללי,ת""א 125",0.35%,0.000
פורטה (4B) מניות ישראל,5125018,קרן פתוחה,4,B,מניות בארץ,מניות לפי שווי שוק,מניות All Cap,,יובנק נאמנות,סיגמא,פטורה,1.800,0.0400,555.2,21.07.2026,396.28,396.28,3.45,מניות כללי,0.35%,0.000
י.ל. 10/90 ערך,5125026,קרן פתוחה,1,B,"אג""ח בארץ - כללי","אג""ח כללי בארץ - עד 10% מניות","אג""ח כללי בארץ- עד 10% מניות ללא סימן קריאה","הקרן הינה קרן בלתי מוגבלת בני""ע חוץ",יובנק נאמנות,ילין לפידות,פטורה,0.790,0.0500,291.6,20.07.2026,146.12,146.12,0.26,All-Bond כללי,0.35%,0.000
י.ל. עוקבת תיק 3 בינל,5125042,קרן פתוחה,2,B,"אג""ח בארץ - כללי","אג""ח כללי בארץ - עד 30% מניות",,הקרן עוקבת תיק של - הבנק הבינלאומי הראשון לישראל,יובנק נאמנות,ילין לפידות,פטורה,0.740,0.0500,342.7,21.07.2026,161.73,161.73,0.60,"All-Bond כללי,מניות כללי",0.35%,0.000
תכלית TTF שקלי תקרה 500מ,5125067,קרן מחקה,0,0,"אג""ח בארץ - חברות והמרה","אג""ח חברות שקלי",בריבית קבועה,לפי מדיניות השקעותיה הקרן הינה קרן מחקה,יובנק נאמנות,מיטב קרנות נאמנות,פטורה,0.200,0.0300,24.3,21.07.2026,131.97,131.97,0.34,אינדקס שקלי מדורג תקרת סדרה 500 מ',לא נגבית עמלת הפצה,0.000
אנליסט פיזור רחב 20/80,5125109,קרן פתוחה,2,B,"אג""ח בארץ - כללי","אג""ח כללי בארץ - עד 20% מניות",,,יובנק נאמנות,אנליסט,פטורה,0.740,0.0300,103.5,21.07.2026,158.12,158.12,0.75,"All-Bond כללי,ת""א 125",0.35%,0.000
איביאי מחקה תלבונד-גלובשק,5125133,קרן מחקה,0,0,"אג""ח בארץ - חברות והמרה","אג""ח חברות שקלי",בריבית קבועה,לפי מדיניות השקעותיה הקרן הינה קרן מחקה,יובנק נאמנות,"איביאי קרנות נאמנות ",פטורה,0.250,0.0300,23.3,21.07.2026,126.46,126.46,0.63,תל בונד - גלובל שקלי,לא נגבית עמלת הפצה,0.000
קסם DAX KTF ממ,5125158,קרן מחקה,4,A,"מניות בחו""ל","מניות גיאוגרפי - מנוטרלת מט""ח",אירופה- שווקים מפותחים,"הקרן הינה קרן בלתי מוגבלת בני""ע חוץ,לפי מדיניות השקעותיה הקרן הינה קרן מחקה",אלמגור-בריטמן נאמנות,קסם,פטורה,0.000,0.0250,139.2,20.07.2026,192.40,192.40,1.30,DAX - NTR,לא נגבית עמלת הפצה,0.000
קסם DowJones IA KTF ממ,5125166,קרן מחקה,4,A,"מניות בחו""ל","מניות גיאוגרפי - מנוטרלת מט""ח",אמריקה- שווקים מפותחים,"הקרן הינה קרן בלתי מוגבלת בני""ע חוץ,לפי מדיניות השקעותיה הקרן הינה קרן מחקה",אלמגור-בריטמן נאמנות,קסם,פטורה,0.250,0.0250,128.8,20.07.2026,226.90,226.90,0.60,Dow Jones Industrial Average - NTR,לא נגבית עמלת הפצה,0.000
קסם SP Finance KTF ממ,5125174,קרן מחקה,4,A,"מניות בחו""ל","מניות לפי ענפים בחו""ל - מנוטרלת מט""ח",Financial,"הקרן הינה קרן בלתי מוגבלת בני""ע חוץ,לפי מדיניות השקעותיה הקרן הינה קרן מחקה",אלמגור-בריטמן נאמנות,קסם,פטורה,0.400,0.0250,64.2,20.07.2026,202.64,202.64,0.91,S&P Financial Select Sector- NTR,לא נגבית עמלת הפצה,0.000
קסם SP Industrial KTF ממ,5125182,קרן מחקה,4,A,"מניות בחו""ל","מניות לפי ענפים בחו""ל - מנוטרלת מט""ח",Industrials,"הקרן הינה קרן בלתי מוגבלת בני""ע חוץ,לפי מדיניות השקעותיה הקרן הינה קרן מחקה",אלמגור-בריטמן נאמנות,קסם,פטורה,0.200,0.0250,141.2,20.07.2026,237.60,237.60,1.31,S&P Industrial Select Sector - NTR,לא נגבית עמלת הפצה,0.000
איביאי תיק השקעות 50/50,5125190,קרן פתוחה,3,C,"אג""ח בארץ - כללי","אג""ח כללי בארץ - חשיפה מרבית מעל 30% מניות",,"הקרן הינה קרן בלתי מוגבלת בני""ע חוץ",יובנק נאמנות,"איביאי קרנות נאמנות ",פטורה,0.850,0.0500,10.1,20.07.2026,197.41,197.41,0.63,All-Bond כללי,0.35%,0.000
אלפי בנדק 30/70 תיק ישראל,5125208,קרן פתוחה,2,B,"אג""ח בארץ - כללי","אג""ח כללי בארץ - עד 30% מניות",,,יובנק נאמנות,הראל,פטורה,0.790,0.0550,222.1,21.07.2026,165.66,165.66,1.14,"All-Bond כללי,ת""א 125",0.35%,0.000
אלפי בנדק 10/90,5125216,קרן פתוחה,1,A,"אג""ח בארץ - כללי","אג""ח כללי בארץ - עד 10% מניות","אג""ח כללי בארץ- עד 10% מניות ללא סימן קריאה",,יובנק נאמנות,הראל,פטורה,0.760,0.0550,30.6,21.07.2026,139.92,139.92,0.56,"All-Bond כללי,ת""א-35",0.35%,0.000
איביאי מחקה אינתאMidCרווח,5125224,קרן מחקה,4,A,מניות בארץ,מניות לפי שווי שוק,Mid Cap,לפי מדיניות השקעותיה הקרן הינה קרן מחקה,יובנק נאמנות,"איביאי קרנות נאמנות ",פטורה,0.500,0.0250,196.0,21.07.2026,371.67,371.67,4.19,"אינדקס ת""א Mid Cap רווחיות",לא נגבית עמלת הפצה,0.000
מור מניות ערך,5125257,קרן פתוחה,4,D,מניות בארץ,מניות לפי שווי שוק,מניות All Cap,"הקרן הינה קרן בלתי מוגבלת בני""ע חוץ",יובנק נאמנות,מור קרנות,פטורה,1.590,0.0300,992.7,20.07.2026,429.96,429.96,1.53,מניות כללי,0.35%,0.000
FORESTי 10/90,5125265,קרן פתוחה,1,B,"אג""ח בארץ - כללי","אג""ח כללי בארץ - עד 10% מניות","אג""ח כללי בארץ- עד 10% מניות ללא סימן קריאה",,מזרחי טפחות נאמנות,פורסט,פטורה,0.790,0.0400,1541.4,21.07.2026,147.80,147.80,0.42,"All-Bond כללי,ת""א All-Share ",0.35%,0.000
הראל חושן,5125281,קרן פתוחה,3,C,"אג""ח בארץ - כללי","אג""ח כללי בארץ - חשיפה מרבית מעל 30% מניות",,"הקרן הינה קרן בלתי מוגבלת בני""ע חוץ",יובנק נאמנות,הראל,פטורה,0.350,0.0300,54.6,20.07.2026,171.74,170.04,0.45,"All-Bond כללי,ת""א 125,MSCI AC WORLD INDEX - RT - NTR ,דולר ארה""ב",0.35%,1.000
תכלית TTF תלבונד ש 50,5125323,קרן מחקה,0,0,"אג""ח בארץ - חברות והמרה","אג""ח חברות שקלי",בריבית קבועה,לפי מדיניות השקעותיה הקרן הינה קרן מחקה,יובנק נאמנות,מיטב קרנות נאמנות,פטורה,0.250,0.0300,231.6,21.07.2026,119.13,119.13,0.44,תל בונד שקלי-50,לא נגבית עמלת הפצה,0.000
MTF מח תלבונד ש 3-5,5125331,קרן מחקה,0,0,"אג""ח בארץ - חברות והמרה","אג""ח חברות שקלי",בריבית קבועה - בינוני,לפי מדיניות השקעותיה הקרן הינה קרן מחקה,אלמגור-בריטמן נאמנות,מגדל,פטורה,0.000,0.0300,126.1,21.07.2026,118.28,118.28,0.38,תל בונד-שקלי 3-5,לא נגבית עמלת הפצה,0.000
MTF מח‏ תלבונד צ 5-15,5125349,קרן מחקה,0,0,"אג""ח בארץ - חברות והמרה","אג""ח חברות צמודות מדד",בריבית קבועה - ארוך,לפי מדיניות השקעותיה הקרן הינה קרן מחקה,אלמגור-בריטמן נאמנות,מגדל,פטורה,0.000,0.0300,212.3,21.07.2026,134.10,134.10,0.55,תל בונד-צמודות 5-15,לא נגבית עמלת הפצה,0.000
MTF מח‏ תלבונד צ 3-5,5125356,קרן מחקה,0,0,"אג""ח בארץ - חברות והמרה","אג""ח חברות צמודות מדד",בריבית קבועה - בינוני,לפי מדיניות השקעותיה הקרן הינה קרן מחקה,אלמגור-בריטמן נאמנות,מגדל,פטורה,0.250,0.0300,241.0,21.07.2026,126.72,126.72,0.32,תל בונד-צמודות 3-5,לא נגבית עמלת הפצה,0.000
MTF מח‏ תלבונד ש 5-15,5125364,קרן מחקה,0,0,"אג""ח בארץ - חברות והמרה","אג""ח חברות שקלי",בריבית קבועה - ארוך,לפי מדיניות השקעותיה הקרן הינה קרן מחקה,אלמגור-בריטמן נאמנות,מגדל,פטורה,0.000,0.0300,239.6,21.07.2026,120.45,120.45,0.60,תל בונד-שקלי 5-15,לא נגבית עמלת הפצה,0.000
MTF מח‏ תלבונד שקלי 1-3,5125372,קרן מחקה,0,0,"אג""ח בארץ - חברות והמרה","אג""ח חברות שקלי",בריבית קבועה - קצר,לפי מדיניות השקעותיה הקרן הינה קרן מחקה,אלמגור-בריטמן נאמנות,מגדל,פטורה,0.250,0.0300,186.6,21.07.2026,127.82,127.82,0.26,תל בונד-שקלי 1-3,לא נגבית עמלת הפצה,0.000
קסם אקטיב גמישה FLEX,5125380,קרן פתוחה,5,D,גמישות,,,"הקרן הינה קרן בלתי מוגבלת בני""ע חוץ",יובנק נאמנות,קסם,פטורה,1.460,0.0400,116.1,20.07.2026,361.03,361.03,1.41,אחר,0.35%,0.000
מגדל 10/90 תיק אגח סולידי,5125406,קרן פתוחה,1,B,"אג""ח בארץ - כללי","אג""ח כללי בארץ - עד 10% מניות","אג""ח כללי בארץ בדירוג גבוה (AA ומעלה ו/ או מדינה)- עד 10% מניות",,אלמגור-בריטמן נאמנות,מגדל,פטורה,0.490,0.0400,41.8,21.07.2026,132.84,132.84,0.46,All-Bond כללי,0.35%,0.000
מגדל 20/80 Buy Side,5125414,קרן פתוחה,2,B,"אג""ח בארץ - כללי","אג""ח כללי בארץ - עד 20% מניות",,,אלמגור-בריטמן נאמנות,מגדל,פטורה,0.730,0.0400,105.3,21.07.2026,156.19,156.19,0.87,All-Bond כללי,0.35%,0.000
מגדל 30/70 Buy Side,5125422,קרן פתוחה,2,B,"אג""ח בארץ - כללי","אג""ח כללי בארץ - עד 30% מניות",,,אלמגור-בריטמן נאמנות,מגדל,פטורה,0.790,0.0400,65.4,21.07.2026,168.91,168.91,1.05,All-Bond כללי,0.35%,0.000
MTF מח Indx US E-Com ממ,5125430,קרן מחקה,4,A,"מניות בחו""ל","מניות לפי ענפים בחו""ל - מנוטרלת מט""ח",e-Commerce,"הקרן הינה קרן בלתי מוגבלת בני""ע חוץ,לפי מדיניות השקעותיה הקרן הינה קרן מחקה,קרן כשרה",אלמגור-בריטמן נאמנות,מגדל,פטורה,0.800,0.0300,220.6,20.07.2026,216.31,216.25,1.91,Indxx USA E-Commerce Index - NTR,לא נגבית עמלת הפצה,0.000
י.ל. תיק ממשלתי+10,5125448,קרן פתוחה,1,B,"אג""ח בארץ - מדינה","אג""ח מדינה כללי - עד 10% מניות",,,יובנק נאמנות,ילין לפידות,פטורה,0.540,0.0500,68.8,21.07.2026,131.91,131.91,0.54,תל גוב-כללי,0.35%,0.000
י.ל. תיק אגח סולידי,5125455,קרן פתוחה,0,B,"אג""ח בארץ - כללי","אג""ח כללי בארץ - ללא מניות","אג""ח כללי בארץ בדירוג גבוה בלבד (AA ומעלה ו/ או מדינה)",,יובנק נאמנות,ילין לפידות,פטורה,0.640,0.0500,67.8,21.07.2026,119.88,119.88,0.28,All-Bond כללי,0.35%,0.000
פסטרנק אגח חברות ללא מנ,5125463,קרן פתוחה,0,A,"אג""ח בארץ - חברות והמרה",חברות והמרה ללא מניות,חברות והמרה ללא מניות עם סימן קריאה,,מזרחי טפחות נאמנות,איילון,פטורה,0.850,0.0400,730.7,21.07.2026,141.99,141.99,0.29,"אג""ח כללי - קונצרני",0.35%,0.000
"פורטה תיק אג""ח עד 10%",5125562,קרן פתוחה,1,B,"אג""ח בארץ - כללי","אג""ח כללי בארץ - עד 10% מניות","אג""ח כללי בארץ- עד 10% מניות ללא סימן קריאה",,יובנק נאמנות,סיגמא,פטורה,0.800,0.0400,316.3,21.07.2026,145.57,145.57,0.48,All-Bond כללי,0.35%,0.000
"פורטה (!) אג""ח חברות",5125570,קרן פתוחה,1,B,"אג""ח בארץ - חברות והמרה",חברות והמרה עם מניות,חברות והמרה עם מניות ועם סימן קריאה,,יובנק נאמנות,סיגמא,פטורה,1.000,0.0400,622.0,21.07.2026,155.49,155.49,0.45,"אג""ח כללי - קונצרני",0.35%,0.000
קסם SP Finance KTF,5125604,קרן מחקה,4,D,"מניות בחו""ל","מניות לפי ענפים בחו""ל - חשופת מט""ח",Financial,"הקרן הינה קרן בלתי מוגבלת בני""ע חוץ,לפי מדיניות השקעותיה הקרן הינה קרן מחקה",אלמגור-בריטמן נאמנות,קסם,פטורה,0.250,0.0250,75.9,20.07.2026,204.41,204.41,1.42,"S&P Financial Select Sector- NTR,דולר ארה""ב",לא נגבית עמלת הפצה,0.000
קסם Stox600 KTF,5125612,קרן מחקה,4,D,"מניות בחו""ל","מניות גיאוגרפי - חשופת מט""ח",אירופה- כללי,"הקרן הינה קרן בלתי מוגבלת בני""ע חוץ,לפי מדיניות השקעותיה הקרן הינה קרן מחקה",אלמגור-בריטמן נאמנות,קסם,פטורה,0.250,0.0250,94.8,20.07.2026,177.14,177.07,1.00,"STOXX Europe 600 - NTR,אירו",לא נגבית עמלת הפצה,0.000
קסם SP Tech KTF ממ,5125620,קרן מחקה,4,A,"מניות בחו""ל","מניות לפי ענפים בחו""ל - מנוטרלת מט""ח",Technology,"הקרן הינה קרן בלתי מוגבלת בני""ע חוץ,לפי מדיניות השקעותיה הקרן הינה קרן מחקה",אלמגור-בריטמן נאמנות,קסם,פטורה,0.400,0.0250,332.0,20.07.2026,460.85,460.85,2.45,S&P Technology Select Sector Index - NTR,לא נגבית עמלת הפצה,0.000
קסם SP KTF צריכה מחזור ממ,5125638,קרן מחקה,4,A,"מניות בחו""ל","מניות לפי ענפים בחו""ל - מנוטרלת מט""ח",Consumer Discretionary,"הקרן הינה קרן בלתי מוגבלת בני""ע חוץ,לפי מדיניות השקעותיה הקרן הינה קרן מחקה",אלמגור-בריטמן נאמנות,קסם,פטורה,0.300,0.0250,85.9,20.07.2026,202.19,202.19,1.30,S&P Consumer Discretionary Select Sector - NTR,לא נגבית עמלת הפצה,0.000
הראל אייל,5125646,קרן פתוחה,2,B,"אג""ח בארץ - כללי","אג""ח כללי בארץ - עד 30% מניות",,"הקרן הינה קרן בלתי מוגבלת בני""ע חוץ",יובנק נאמנות,הראל,פטורה,0.580,0.0300,191.5,20.07.2026,179.57,177.79,0.47,"All-Bond כללי,ת""א 125",0.35%,1.000
"סיגמא אג""ח לפדיון 12/2027",5125653,קרן פתוחה,0,A,"אג""ח בארץ - כללי","אג""ח כללי בארץ - ללא מניות","אג""ח כללי בארץ ללא מניות וללא סימן קריאה, עם מגבלת מח""מ עד 5 שנים",,אלמגור-בריטמן נאמנות,סיגמא,פטורה,0.590,0.0400,97.4,21.07.2026,118.68,118.68,0.17,All-Bond כללי,0.35%,0.000
סיגמא (2B)י 15/85,5125661,קרן פתוחה,2,B,"אג""ח בארץ - כללי","אג""ח כללי בארץ - עד 15% מניות",,,אלמגור-בריטמן נאמנות,סיגמא,פטורה,0.760,0.0400,265.1,21.07.2026,144.53,144.53,0.67,All-Bond כללי,0.35%,0.000
סיגמא (4D) גמישה,5125679,קרן פתוחה,4,D,גמישות,,,"הקרן הינה קרן בלתי מוגבלת בני""ע חוץ",אלמגור-בריטמן נאמנות,סיגמא,פטורה,1.250,0.0400,488.4,20.07.2026,223.21,223.21,1.59,אחר,0.35%,0.000
"מגדל אג""ח Buy Side",5125687,קרן פתוחה,0,B,"אג""ח בארץ - כללי","אג""ח כללי בארץ - ללא מניות","אג""ח כללי בארץ ללא מניות עם סימן קריאה",,אלמגור-בריטמן נאמנות,מגדל,פטורה,0.590,0.0400,39.9,21.07.2026,127.45,127.45,0.36,All-Bond כללי,0.35%,0.000
מגדל אגחחברות 10%+BuySide,5125695,קרן פתוחה,1,A,"אג""ח בארץ - חברות והמרה",חברות והמרה עם מניות,חברות והמרה עם מניות ועם סימן קריאה,,אלמגור-בריטמן נאמנות,מגדל,פטורה,0.690,0.0400,527.3,21.07.2026,148.71,148.71,0.47,"אג""ח כללי - קונצרני",0.35%,0.000
MTF מח Bstar FinTech מד,5125703,קרן מחקה,4,D,"מניות בחו""ל","מניות לפי ענפים בחו""ל - מנוטרלת מט""ח",Fintech,"הקרן הינה קרן בלתי מוגבלת בני""ע חוץ,לפי מדיניות השקעותיה הקרן הינה קרן מחקה,קרן כשרה",אלמגור-בריטמן נאמנות,מגדל,פטורה,0.800,0.0300,16.7,16.07.2026,98.81,98.81,2.67,Bluestar Fintech Index - NTR,לא נגבית עמלת הפצה,0.000
אילים 30/70,5125729,קרן פתוחה,2,C,"אג""ח בארץ - כללי","אג""ח כללי בארץ - עד 30% מניות",,,יובנק נאמנות,אילים קרנות,פטורה,0.690,0.0300,586.9,21.07.2026,162.25,162.25,0.99,"All-Bond כללי,ת""א 125",0.35%,0.000
אילים עוקבת תיק 2,5125737,קרן פתוחה,2,B,"אג""ח בארץ - כללי","אג""ח כללי בארץ - עד 15% מניות",,הקרן עוקבת תיק של - הבנק הבינלאומי הראשון לישראל,יובנק נאמנות,אילים קרנות,פטורה,0.780,0.0300,192.4,21.07.2026,136.50,136.50,0.48,"All-Bond כללי,ת""א 125",0.35%,0.000
אילים עוקבת תיק 3,5125745,קרן פתוחה,2,C,"אג""ח בארץ - כללי","אג""ח כללי בארץ - עד 30% מניות",,הקרן עוקבת תיק של - הבנק הבינלאומי הראשון לישראל,יובנק נאמנות,אילים קרנות,פטורה,0.780,0.0300,87.6,21.07.2026,159.68,159.68,0.73,"All-Bond כללי,ת""א 125",0.35%,0.000
MTF מח Indx GlobA&D,5125752,קרן מחקה,4,D,"מניות בחו""ל","מניות לפי ענפים בחו""ל - חשופת מט""ח",Aerospace & Defense,"הקרן הינה קרן בלתי מוגבלת בני""ע חוץ,לפי מדיניות השקעותיה הקרן הינה קרן מחקה,קרן כשרה",אלמגור-בריטמן נאמנות,מגדל,פטורה,0.800,0.0300,1901.8,16.07.2026,311.29,311.19,2.73,"Indxx Global Aerospace & Defense Index - NTR,דולר ארה""ב",לא נגבית עמלת הפצה,0.000
MTF מח‏ SP Tech ממ,5125760,קרן מחקה,4,A,"מניות בחו""ל","מניות לפי ענפים בחו""ל - מנוטרלת מט""ח",Technology,"הקרן הינה קרן בלתי מוגבלת בני""ע חוץ,לפי מדיניות השקעותיה הקרן הינה קרן מחקה,קרן כשרה",אלמגור-בריטמן נאמנות,מגדל,פטורה,0.800,0.0250,162.5,20.07.2026,424.29,424.29,2.70,S&P Technology Select Sector Index - NTR,לא נגבית עמלת הפצה,0.000
אילים 50/50,5125778,קרן פתוחה,3,A,"אג""ח בארץ - כללי","אג""ח כללי בארץ - חשיפה מרבית מעל 30% מניות",,,יובנק נאמנות,אילים קרנות,פטורה,0.690,0.0300,118.4,21.07.2026,203.19,203.19,1.38,"All-Bond כללי,ת""א 125",0.35%,0.000
אילים 20/80,5125794,קרן פתוחה,2,A,"אג""ח בארץ - כללי","אג""ח כללי בארץ - עד 20% מניות",,,יובנק נאמנות,אילים קרנות,פטורה,0.750,0.0300,3117.3,21.07.2026,172.57,172.57,0.78,"All-Bond כללי,ת""א 125",0.35%,0.000
"קסם אקטיב אג""ח עד 3 שנים",5125802,קרן פתוחה,0,B,"אג""ח בארץ - כללי","אג""ח כללי בארץ - ללא מניות","אג""ח כללי בארץ ללא מניות וללא סימן קריאה, עם מגבלת מח""מ עד 5 שנים",,יובנק נאמנות,קסם,פטורה,0.540,0.0400,237.5,21.07.2026,121.33,121.33,0.26,All-Bond כללי,0.35%,0.000
אלפי בנדק All Bond כללי,5125828,קרן פתוחה,0,A,"אג""ח בארץ - כללי","אג""ח כללי בארץ - ללא מניות","אג""ח כללי בארץ ללא מניות עם סימן קריאה",,מזרחי טפחות נאמנות,הראל,פטורה,0.690,0.0400,143.6,21.07.2026,115.69,115.69,0.39,All-Bond כללי,0.35%,0.000
אלפא טק מניות ESG ישראל,5125836,קרן פתוחה,4,A,מניות בארץ,מניות לפי שווי שוק,מניות All Cap,,מזרחי טפחות נאמנות,הראל,פטורה,1.250,0.0400,42.4,21.07.2026,309.45,309.45,3.44,"ת""א 125 אקלים נקי מדלקים פוסיליים",0.35%,0.000
MTF מח SP500 ממ,5125869,קרן מחקה,4,A,"מניות בחו""ל","מניות גיאוגרפי - מנוטרלת מט""ח",אמריקה- שווקים מפותחים,"הקרן הינה קרן בלתי מוגבלת בני""ע חוץ,לפי מדיניות השקעותיה הקרן הינה קרן מחקה,קרן כשרה",אלמגור-בריטמן נאמנות,מגדל,פטורה,0.000,0.0200,1860.2,20.07.2026,255.33,255.33,1.23,S&P 500 - NTR,לא נגבית עמלת הפצה,0.000
מור 5/95,5125885,קרן פתוחה,1,B,"אג""ח בארץ - כללי","אג""ח כללי בארץ - עד 5% מניות",,,יובנק נאמנות,מור קרנות,פטורה,0.610,0.0300,249.2,21.07.2026,126.67,126.67,0.40,All-Bond כללי,0.35%,0.000
"מור אג""ח חברות",5125901,קרן פתוחה,1,A,"אג""ח בארץ - חברות והמרה",חברות והמרה עם מניות,חברות והמרה עם מניות ללא סימן קריאה,,יובנק נאמנות,מור קרנות,פטורה,0.790,0.0300,577.0,21.07.2026,144.54,144.54,0.53,"אג""ח כללי - קונצרני,ת""א 125",0.35%,0.000
מור 25/75,5125919,קרן פתוחה,2,B,"אג""ח בארץ - כללי","אג""ח כללי בארץ - עד 25% מניות",,,יובנק נאמנות,מור קרנות,פטורה,0.850,0.0300,1062.5,21.07.2026,173.88,173.88,0.86,"All-Bond כללי,מניות כללי",0.35%,0.000
הראל 15/85,5125935,קרן פתוחה,2,B,"אג""ח בארץ - כללי","אג""ח כללי בארץ - עד 15% מניות",,,יובנק נאמנות,הראל,פטורה,0.580,0.0400,169.6,21.07.2026,139.34,139.34,0.61,"All-Bond כללי,ת""א 125",0.35%,0.000
הראל 25/75,5125943,קרן פתוחה,2,B,"אג""ח בארץ - כללי","אג""ח כללי בארץ - עד 25% מניות",,"הקרן הינה קרן בלתי מוגבלת בני""ע חוץ",יובנק נאמנות,הראל,פטורה,0.490,0.0400,10.2,20.07.2026,117.34,117.34,0.34,"All-Bond כללי,ת""א 125,MSCI AC WORLD INDEX - RT - NTR ,דולר ארה""ב",0.35%,0.000
הראל 20/80,5125950,קרן פתוחה,2,B,"אג""ח בארץ - כללי","אג""ח כללי בארץ - עד 20% מניות",,"הקרן הינה קרן בלתי מוגבלת בני""ע חוץ",יובנק נאמנות,הראל,פטורה,0.840,0.0400,454.8,20.07.2026,157.64,157.64,0.29,"All-Bond כללי,ת""א 125",0.35%,0.000
י.ל. 15/85,5125968,קרן פתוחה,2,B,"אג""ח בארץ - כללי","אג""ח כללי בארץ - עד 15% מניות",,,יובנק נאמנות,ילין לפידות,פטורה,0.790,0.0400,381.1,21.07.2026,149.28,149.28,0.63,"All-Bond כללי,מניות כללי",0.35%,0.000
MTF מח תל בונד-צמודות 1-3,5125984,קרן מחקה,0,0,"אג""ח בארץ - חברות והמרה","אג""ח חברות צמודות מדד",בריבית קבועה - קצר,לפי מדיניות השקעותיה הקרן הינה קרן מחקה,אלמגור-בריטמן נאמנות,מגדל,פטורה,0.250,0.0300,417.3,21.07.2026,124.40,124.40,0.25,תל בונד-צמודות 1-3,לא נגבית עמלת הפצה,0.000
"הראל אג""ח מדורג רכב בטוחה",5125992,קרן פתוחה,0,A,"אג""ח בארץ - חברות והמרה",חברות והמרה ללא מניות,חברות והמרה ללא מניות עם סימן קריאה,,יובנק נאמנות,הראל,פטורה,0.580,0.0400,54.5,21.07.2026,132.96,132.96,0.19,"אג""ח כללי - קונצרני",0.35%,0.000
"מיטב אג""ח עד 5% מניות",5126008,קרן פתוחה,1,B,"אג""ח בארץ - כללי","אג""ח כללי בארץ - עד 5% מניות",,,יובנק נאמנות,מיטב קרנות נאמנות,פטורה,0.550,0.0300,181.7,21.07.2026,124.97,124.97,0.38,All-Bond כללי,0.35%,0.000
מיטב תיק השקעות עד 50%,5126024,קרן פתוחה,3,C,"אג""ח בארץ - כללי","אג""ח כללי בארץ - חשיפה מרבית מעל 30% מניות",,,יובנק נאמנות,מיטב קרנות נאמנות,פטורה,0.780,0.0300,399.4,21.07.2026,208.56,208.56,1.27,All-Bond כללי,0.35%,0.000
מיטב 40/60,5126065,קרן פתוחה,3,B,"אג""ח בארץ - כללי","אג""ח כללי בארץ - חשיפה מרבית מעל 30% מניות",,,מזרחי טפחות נאמנות,מיטב קרנות נאמנות,פטורה,0.790,0.0300,310.7,21.07.2026,205.87,205.87,1.28,All-Bond כללי,0.35%,0.000
פוקוס גמישה,5126081,קרן פתוחה,4,D,גמישות,,,"הקרן הינה קרן בלתי מוגבלת בני""ע חוץ",יובנק נאמנות,איילון,פטורה,1.600,0.0450,141.3,20.07.2026,380.12,380.10,1.32,אחר,0.35%,0.000
"אילים 4D מניות חו""ל",5126099,קרן פתוחה,4,D,"מניות בחו""ל","מניות כללי בחו""ל","מניות כללי בחו""ל חשופת מט""ח","הקרן הינה קרן בלתי מוגבלת בני""ע חוץ",יובנק נאמנות,אילים קרנות,פטורה,1.250,0.0300,47.7,20.07.2026,3238.10,3237.86,1.23,"S&P 500 - NTR,דולר ארה""ב",0.35%,0.000
פוקוס 10/90,5126107,קרן פתוחה,1,A,"אג""ח בארץ - כללי","אג""ח כללי בארץ - עד 10% מניות","אג""ח כללי בארץ- עד 10% מניות ללא סימן קריאה",,יובנק נאמנות,איילון,פטורה,0.790,0.0400,252.9,21.07.2026,146.35,146.35,0.58,All-Bond כללי,0.35%,0.000
פוקוס 20/80,5126123,קרן פתוחה,2,B,"אג""ח בארץ - כללי","אג""ח כללי בארץ - עד 20% מניות",,,יובנק נאמנות,איילון,פטורה,0.850,0.0400,394.7,21.07.2026,160.48,160.48,0.74,All-Bond כללי,0.35%,0.000
אש (2B)י 15-85,5126164,קרן פתוחה,2,B,"אג""ח בארץ - כללי","אג""ח כללי בארץ - עד 15% מניות",,,יובנק נאמנות,אלטשולר-שחם קרנות,פטורה,0.750,0.0400,55.0,21.07.2026,139.95,139.95,0.64,"All-Bond כללי,ת""א 125,MSCI World Index Daily Net TR Local,דולר ארה""ב",0.35%,0.000
אש (3C)י 35-65,5126180,קרן פתוחה,3,C,"אג""ח בארץ - כללי","אג""ח כללי בארץ - חשיפה מרבית מעל 30% מניות",,"הקרן הינה קרן בלתי מוגבלת בני""ע חוץ",יובנק נאמנות,אלטשולר-שחם קרנות,פטורה,0.850,0.0400,16.5,20.07.2026,152.49,152.49,0.51,"All-Bond כללי,ת""א 125,MSCI World Index Daily Net TR Local,דולר ארה""ב",0.35%,0.000
איביאי תיק קונצרני + 10%,5126214,קרן פתוחה,1,A,"אג""ח בארץ - חברות והמרה",חברות והמרה עם מניות,חברות והמרה עם מניות ללא סימן קריאה,,יובנק נאמנות,"איביאי קרנות נאמנות ",פטורה,0.650,0.0500,50.8,21.07.2026,1450.95,1450.95,0.42,תל בונד מאגר,0.35%,0.000
איביאי גיא 25/75,5126230,קרן פתוחה,2,B,"אג""ח בארץ - כללי","אג""ח כללי בארץ - עד 25% מניות",,,יובנק נאמנות,"איביאי קרנות נאמנות ",פטורה,1.210,0.0500,83.6,21.07.2026,3692.18,3692.18,0.80,All-Bond כללי,0.35%,0.000
"אילים אג""ח +20%",5126271,קרן פתוחה,2,B,"אג""ח בארץ - כללי","אג""ח כללי בארץ - עד 20% מניות",,,יובנק נאמנות,אילים קרנות,פטורה,0.690,0.0300,79.1,21.07.2026,4374.64,4374.64,0.79,"All-Bond כללי,ת""א 125",0.35%,0.000
איילון תיק 15/85,5126289,קרן פתוחה,2,B,"אג""ח בארץ - כללי","אג""ח כללי בארץ - עד 15% מניות",,,יובנק נאמנות,איילון,פטורה,0.650,0.0400,26.3,21.07.2026,136.20,136.20,0.74,"All-Bond כללי,ת""א 125",0.35%,0.000
מיטב תיק השקעות 15/85,5126347,קרן פתוחה,2,C,"אג""ח בארץ - כללי","אג""ח כללי בארץ - עד 15% מניות",,,מזרחי טפחות נאמנות,מיטב קרנות נאמנות,פטורה,0.690,0.0300,315.7,21.07.2026,156.06,156.06,0.65,All-Bond כללי,0.35%,0.000
כוון גמישה 4D קרן נאמנות,5126420,קרן פתוחה,4,D,גמישות,,,"הקרן הינה קרן בלתי מוגבלת בני""ע חוץ",יובנק נאמנות,איילון,פטורה,1.870,0.0450,65.1,20.07.2026,663.12,663.12,1.47,אחר,0.35%,0.000
"מגדל F6 נאסד""ק כפליים",5126438,קרן פתוחה,6,F,ממונפות ואסטרטגיות,ממונפות בסיכון גבוה,,"הקרן הינה קרן בלתי מוגבלת בני""ע חוץ,הקרן הינה קרן ממונפת",יובנק נאמנות,מגדל,פטורה,3.600,0.0600,338.7,20.07.2026,1622.86,1614.77,3.32,"NASDAQ 100 - NTR,דולר ארה""ב",0.35%,0.500
איביאי נטע מדינה ללא מניו,5126453,קרן פתוחה,0,0,"אג""ח בארץ - מדינה","אג""ח מדינה כללי - ללא מניות",,,יובנק נאמנות,"איביאי קרנות נאמנות ",פטורה,0.480,0.0500,650.7,21.07.2026,1419.81,1419.81,0.36,תל גוב-כללי,0.35%,0.000
איביאי נוגה 25/75,5126479,קרן פתוחה,2,B,"אג""ח בארץ - כללי","אג""ח כללי בארץ - עד 25% מניות",,,יובנק נאמנות,"איביאי קרנות נאמנות ",פטורה,0.890,0.0500,100.1,21.07.2026,4587.43,4587.43,0.79,All-Bond כללי,0.35%,0.000
מגדל (B4) מניות יתר,5126487,קרן פתוחה,4,B,מניות בארץ,מניות לפי שווי שוק,מניות Small Cap,,יובנק נאמנות,מגדל,פטורה,1.250,0.0600,21.1,21.07.2026,1724.72,1724.72,3.47,"ת""א-SME60",0.35%,0.000
"איביאי אג""ח פלוס 10/90",5126495,קרן פתוחה,1,A,"אג""ח בארץ - כללי","אג""ח כללי בארץ - עד 10% מניות","אג""ח כללי בארץ- עד 10% מניות ועם סימן קריאה",,יובנק נאמנות,"איביאי קרנות נאמנות ",פטורה,0.550,0.0500,229.4,21.07.2026,1673.31,1673.31,0.55,All-Bond כללי,0.35%,0.000
מגדל הזדמ אגח חבר סיכ מוג,5126511,קרן פתוחה,1,A,"אג""ח בארץ - חברות והמרה",חברות והמרה בסיכון גבוה,,,יובנק נאמנות,מגדל,פטורה,1.910,0.0500,101.6,21.07.2026,1115.31,1115.30,0.48,"אג""ח כללי - קונצרני",0.35%,0.000
כוון מניות ישראל,5126560,קרן פתוחה,4,B,מניות בארץ,מניות לפי שווי שוק,מניות All Cap,,יובנק נאמנות,איילון,פטורה,1.450,0.0450,50.6,21.07.2026,448.72,448.72,3.31,"ת""א 125",0.35%,0.000
"איביאי אג""ח חברות שקלי",5126586,קרן פתוחה,0,0,"אג""ח בארץ - חברות והמרה",חברות והמרה שקלי ללא מניות,,,יובנק נאמנות,"איביאי קרנות נאמנות ",פטורה,0.600,0.0500,46.6,21.07.2026,459.45,459.45,0.40,תל בונד שקלי,0.35%,0.000
אנליסט מניות SMALL CAP יש,5126685,קרן פתוחה,4,B,מניות בארץ,מניות לפי שווי שוק,מניות Small Cap,,מזרחי טפחות נאמנות,אנליסט,פטורה,2.210,0.0300,239.8,21.07.2026,2898.24,2898.24,2.48,יתר מניות,0.35%,0.000
אש (4B) סופה מניות,5126701,קרן פתוחה,4,B,מניות בארץ,מניות לפי שווי שוק,מניות All Cap,,יובנק נאמנות,אלטשולר-שחם קרנות,פטורה,2.200,0.0400,645.4,21.07.2026,3704.68,3704.68,2.48,"ת""א 125",0.35%,0.000
אש 0B(!) תיק אגח ללא מנ',5126727,קרן פתוחה,0,B,"אג""ח בארץ - כללי","אג""ח כללי בארץ - ללא מניות","אג""ח כללי בארץ ללא מניות עם סימן קריאה","הקרן הינה קרן בלתי מוגבלת בני""ע חוץ",יובנק נאמנות,אלטשולר-שחם קרנות,פטורה,0.700,0.0400,127.7,20.07.2026,708.42,708.42,0.21,"All-Bond כללי,Bloomberg Intermediate Corporate Total Return Index Value Unhedged USD - GTR,דולר ארה""ב",0.35%,0.000
קסם אקט 20-80,5126776,קרן פתוחה,2,B,"אג""ח בארץ - כללי","אג""ח כללי בארץ - עד 20% מניות",,,מזרחי טפחות נאמנות,קסם,פטורה,0.820,0.0400,594.0,21.07.2026,929.88,929.88,0.81,"All-Bond כללי,ת""א 125",0.35%,0.000
מור מחקה תלבונד תשו.צמ,5126818,קרן מחקה,0,0,"אג""ח בארץ - חברות והמרה","אג""ח חברות צמודות מדד",בריבית קבועה,לפי מדיניות השקעותיה הקרן הינה קרן מחקה,יובנק נאמנות,מור קרנות,פטורה,0.200,0.0200,15.0,21.07.2026,617.88,617.88,0.48,תל בונד תשואות צמודות,לא נגבית עמלת הפצה,0.000
אילים מדינה שקלית פלוס,5126941,קרן פתוחה,1,A,"אג""ח בארץ - מדינה","אג""ח מדינה שקליות - עד 10% מניות",,,יובנק נאמנות,אילים קרנות,פטורה,0.590,0.0300,402.6,21.07.2026,560.51,560.51,0.69,"תל גוב – לא צמודות,ת""א 125",0.35%,0.000
מגדל כספית דולר,5126990,קרן פתוחה,0,D,קרן כספית,"כספית מט""חית עם קונצרני",חשופת דולר,"הקרן הינה קרן בלתי מוגבלת בני""ע חוץ,קרן להשקעות חוץ – מטבע עיקרי - דולר ארה""ב",יובנק נאמנות,מגדל,פטורה,0.250,0.0300,158.2,20.07.2026,102.51,102.51,1.11,אחר,0.1%,0.000
אזימוט מניות,5127006,קרן פתוחה,4,B,מניות בארץ,מניות לפי שווי שוק,מניות All Cap,,יובנק נאמנות,איילון,פטורה,2.180,0.0300,33.8,21.07.2026,295.08,295.08,2.95,מניות כללי,0.35%,0.000
מיטב סולידית פלוס,5127030,קרן פתוחה,1,A,"אג""ח בארץ - כללי","אג""ח כללי בארץ - עד 10% מניות","אג""ח כללי בארץ בדירוג גבוה (AA ומעלה ו/ או מדינה)- עד 10% מניות",,מזרחי טפחות נאמנות,מיטב קרנות נאמנות,פטורה,0.590,0.0300,175.4,21.07.2026,136.25,136.25,0.54,תל גוב-כללי,0.35%,0.000
תכלית SP US AD TTF ממ,5127055,קרן מחקה,4,A,"מניות בחו""ל","מניות לפי ענפים בחו""ל - מנוטרלת מט""ח",Aerospace & Defense,"הקרן הינה קרן בלתי מוגבלת בני""ע חוץ,לפי מדיניות השקעותיה הקרן הינה קרן מחקה",הרמטיק נאמנות,מיטב קרנות נאמנות,פטורה,0.550,0.0300,396.8,20.07.2026,253.97,253.92,2.89,S&P Aerospace & Defense Select Industry Index - NTR,לא נגבית עמלת הפצה,0.000
תכלית ISE Cyber TTF מד,5127063,קרן מחקה,4,B,"מניות בחו""ל","מניות לפי ענפים בחו""ל - מנוטרלת מט""ח",Cyber Security,"הקרן הינה קרן בלתי מוגבלת בני""ע חוץ,לפי מדיניות השקעותיה הקרן הינה קרן מחקה",אלמגור-בריטמן נאמנות,מיטב קרנות נאמנות,פטורה,0.800,0.0300,141.5,16.07.2026,236.15,236.15,2.69,ISE Cyber Security - NTR,לא נגבית עמלת הפצה,0.000
"ילין 4D מניות חו""ל נקוב $",5127089,קרן פתוחה,4,D,"מניות בחו""ל","מניות כללי בחו""ל","מניות חו""ל נקובת מט""ח","הקרן הינה קרן בלתי מוגבלת בני""ע חוץ,יחידות הקרן נקובות ב- $,קרן להשק חוץ-פטור ממס לתושבי חוץ",יובנק נאמנות,ילין לפידות,פטורה,1.700,0.0500,206.6,20.07.2026,272.35,272.35,1.20,"S&P 500 - NTR,דולר ארה""ב",0.35%,0.000
ת.פ. (1A) ממשלתי+5%,5127105,קרן פתוחה,1,A,"אג""ח בארץ - מדינה","אג""ח מדינה כללי - עד 10% מניות",,,יובנק נאמנות,תמיר פישמן,פטורה,0.550,0.0300,110.3,21.07.2026,122.82,122.82,0.19,"תל גוב-צמודות 0-2,תל גוב-שקלי 0-2,ת""א 125",0.2%,0.000
ת.פ (2C) תיק 3 הבינלאומי,5127121,קרן פתוחה,2,C,"אג""ח בארץ - כללי","אג""ח כללי בארץ - עד 30% מניות",,"הקרן הינה קרן בלתי מוגבלת בני""ע חוץ,הקרן עוקבת תיק של - הבנק הבינלאומי הראשון לישראל",יובנק נאמנות,תמיר פישמן,פטורה,0.690,0.0400,675.1,20.07.2026,166.99,166.99,0.46,"All-Bond כללי,ת""א 125,S&P 500 - NTR,דולר ארה""ב",0.35%,0.000
שופן 2B 20/80,5127139,קרן פתוחה,2,B,"אג""ח בארץ - כללי","אג""ח כללי בארץ - עד 20% מניות",,,מזרחי טפחות נאמנות,סיגמא,פטורה,0.820,0.0400,49.2,21.07.2026,155.30,155.30,0.77,"All-Bond כללי,מניות כללי",0.35%,0.000
איביאי מחקה SO USInternet,5127147,קרן מחקה,4,D,"מניות בחו""ל","מניות לפי ענפים בחו""ל - חשופת מט""ח",Internet,"הקרן הינה קרן בלתי מוגבלת בני""ע חוץ,לפי מדיניות השקעותיה הקרן הינה קרן מחקה",יובנק נאמנות,"איביאי קרנות נאמנות ",פטורה,0.800,0.0300,37.0,20.07.2026,219.69,219.62,2.19,"SOLACTIVE US INTERNET INDEX - NTR,דולר ארה""ב",לא נגבית עמלת הפצה,0.000
MTF מח Bstar Robotic מד,5127162,קרן מחקה,4,D,"מניות בחו""ל","מניות לפי ענפים בחו""ל - מנוטרלת מט""ח",Robotics,"הקרן הינה קרן בלתי מוגבלת בני""ע חוץ,לפי מדיניות השקעותיה הקרן הינה קרן מחקה,קרן כשרה",אלמגור-בריטמן נאמנות,מגדל,פטורה,0.800,0.0200,117.1,16.07.2026,235.45,235.45,1.89,Bluestar Robotics Index - NTR,לא נגבית עמלת הפצה,0.000
אלפי בנדק מניות ישראל,5127188,קרן פתוחה,4,B,מניות בארץ,מניות לפי שווי שוק,מניות All Cap,,יובנק נאמנות,הראל,פטורה,1.690,0.0600,153.1,21.07.2026,280.24,280.24,3.27,"ת""א All-Share ",0.35%,0.000
"איביאי אג""ח+ 15%",5127204,קרן פתוחה,2,B,"אג""ח בארץ - כללי","אג""ח כללי בארץ - עד 15% מניות",,,יובנק נאמנות,"איביאי קרנות נאמנות ",פטורה,0.690,0.0500,126.0,21.07.2026,141.36,141.36,0.60,All-Bond כללי,0.35%,0.000
מוניטר 4D גמישה,5127212,קרן פתוחה,4,D,גמישות,,,"הקרן הינה קרן בלתי מוגבלת בני""ע חוץ",יובנק נאמנות,איילון,פטורה,1.200,0.0500,6.3,20.07.2026,136.12,136.12,1.03,אחר,0.35%,0.000
מוניטר 2D 30/70 - נקובה $,5127220,קרן פתוחה,2,D,"אג""ח בחו""ל","אג""ח נקובת מט""ח",,"הקרן הינה קרן בלתי מוגבלת בני""ע חוץ,יחידות הקרן נקובות ב- $,קרן להשק חוץ-פטור ממס לתושבי חוץ",יובנק נאמנות,איילון,פטורה,0.950,0.0500,10.7,20.07.2026,136.48,136.48,0.97,"BLOOMBERG US AGGREGATE TOTAL RETURN VALUE UNHEDGED USD - GTR,S&P 500 - NTR",0.35%,0.000
קסםאקט מניות רובוטיקה חול,5127253,קרן פתוחה,4,D,"מניות בחו""ל","מניות לפי ענפים בחו""ל",,"הקרן הינה קרן בלתי מוגבלת בני""ע חוץ",יובנק נאמנות,קסם,פטורה,1.940,0.0400,78.8,20.07.2026,375.16,375.16,1.91,"Robo Global Robotics and Automation TR Index - NTR,דולר ארה""ב",0.35%,0.000
דולפין 4D גמישה,5127279,קרן פתוחה,4,D,גמישות,,,"הקרן הינה קרן בלתי מוגבלת בני""ע חוץ",יובנק נאמנות,איילון,פטורה,1.900,0.0450,59.2,20.07.2026,252.75,252.75,0.88,אחר,0.35%,0.000
תכלית SP Utilities TTF ממ,5127287,קרן מחקה,4,A,"מניות בחו""ל","מניות לפי ענפים בחו""ל - מנוטרלת מט""ח",Utilities,"הקרן הינה קרן בלתי מוגבלת בני""ע חוץ,לפי מדיניות השקעותיה הקרן הינה קרן מחקה",הרמטיק נאמנות,מיטב קרנות נאמנות,פטורה,0.600,0.0300,70.0,20.07.2026,180.19,180.19,1.25,S&P Utilities Select Sector - NTR,לא נגבית עמלת הפצה,0.000
תכליתPHLX Semicond TTF,5127329,קרן מחקה,4,D,"מניות בחו""ל","מניות לפי ענפים בחו""ל - חשופת מט""ח",Semiconductor,"הקרן הינה קרן בלתי מוגבלת בני""ע חוץ,לפי מדיניות השקעותיה הקרן הינה קרן מחקה",אלמגור-בריטמן נאמנות,מיטב קרנות נאמנות,פטורה,0.800,0.0300,1724.0,20.07.2026,820.38,820.19,3.44,"PHLX Semiconductor Sector Index - GTR,דולר ארה""ב",לא נגבית עמלת הפצה,0.000
"הראל אג""ח קונצרני מדורג",5127360,קרן פתוחה,0,A,"אג""ח בארץ - חברות והמרה",חברות והמרה ללא מניות,חברות והמרה ללא מניות וללא סימן קריאה,,יובנק נאמנות,הראל,פטורה,0.300,0.0250,146.9,21.07.2026,129.61,128.97,0.31,תל בונד מאגר,0.35%,0.500
MTF מח Bstar AI מד,5127378,קרן מחקה,4,D,"מניות בחו""ל","מניות לפי ענפים בחו""ל - מנוטרלת מט""ח",Technology,"הקרן הינה קרן בלתי מוגבלת בני""ע חוץ,לפי מדיניות השקעותיה הקרן הינה קרן מחקה,קרן כשרה",אלמגור-בריטמן נאמנות,מגדל,פטורה,0.800,0.0300,138.4,16.07.2026,193.15,193.09,3.44,Bluestar Artificial Intelligence - NTR,לא נגבית עמלת הפצה,0.000
MTF מח Indx US E-Com,5127402,קרן מחקה,4,D,"מניות בחו""ל","מניות לפי ענפים בחו""ל - חשופת מט""ח",e-Commerce,"הקרן הינה קרן בלתי מוגבלת בני""ע חוץ,לפי מדיניות השקעותיה הקרן הינה קרן מחקה,קרן כשרה",אלמגור-בריטמן נאמנות,מגדל,פטורה,0.800,0.0300,36.1,20.07.2026,188.73,188.73,1.65,"Indxx USA E-Commerce Index - NTR,דולר ארה""ב",לא נגבית עמלת הפצה,0.000
MTF מח תא סקטור-באלאנס,5127428,קרן מחקה,4,A,מניות בארץ,מניות לפי שווי שוק,Mid Cap & Large,לפי מדיניות השקעותיה הקרן הינה קרן מחקה,אלמגור-בריטמן נאמנות,מגדל,פטורה,0.250,0.0200,126.3,21.07.2026,345.66,345.66,3.66,"ת""א סקטור-באלאנס",לא נגבית עמלת הפצה,0.000
איביאי מחקה S&P 500,5127469,קרן מחקה,4,D,"מניות בחו""ל","מניות גיאוגרפי - חשופת מט""ח",אמריקה- שווקים מפותחים,"הקרן הינה קרן בלתי מוגבלת בני""ע חוץ,לפי מדיניות השקעותיה הקרן הינה קרן מחקה",יובנק נאמנות,"איביאי קרנות נאמנות ",פטורה,0.250,0.0250,1238.9,20.07.2026,255.77,255.77,0.98,"S&P 500 - NTR,דולר ארה""ב",לא נגבית עמלת הפצה,0.000
"מור אג""ח מדינה + 15%",5127477,קרן פתוחה,2,A,"אג""ח בארץ - מדינה","אג""ח מדינה כללי - עד 20% מניות",,,יובנק נאמנות,מור קרנות,פטורה,0.630,0.0300,274.5,21.07.2026,135.30,135.30,0.65,"תל גוב-כללי,ת""א 125",0.35%,0.000
איביאי D.A. MODEL 4D,5127493,קרן פתוחה,4,D,"מניות בחו""ל",מניות גאוגרפי,"ארה""ב חשופת מט""ח","הקרן הינה קרן בלתי מוגבלת בני""ע חוץ",יובנק נאמנות,"איביאי קרנות נאמנות ",פטורה,1.350,0.0300,2.1,20.07.2026,142.17,142.17,1.23,"DA - Clear Motivation Index Net,דולר ארה""ב",0.35%,0.000
הראל מחקה DAX ממ,5127501,קרן מחקה,4,A,"מניות בחו""ל","מניות גיאוגרפי - מנוטרלת מט""ח",אירופה- שווקים מפותחים,"הקרן הינה קרן בלתי מוגבלת בני""ע חוץ,לפי מדיניות השקעותיה הקרן הינה קרן מחקה,קרן כשרה",מזרחי טפחות נאמנות,הראל,פטורה,0.000,0.0200,182.6,20.07.2026,190.30,190.30,1.35,DAX - NTR,לא נגבית עמלת הפצה,0.000
הראל מחקה SP500 ממ,5127527,קרן מחקה,4,A,"מניות בחו""ל","מניות גיאוגרפי - מנוטרלת מט""ח",אמריקה- שווקים מפותחים,"הקרן הינה קרן בלתי מוגבלת בני""ע חוץ,לפי מדיניות השקעותיה הקרן הינה קרן מחקה,קרן כשרה",מזרחי טפחות נאמנות,הראל,פטורה,0.000,0.0200,1222.3,20.07.2026,253.44,253.44,1.23,S&P 500 - NTR,לא נגבית עמלת הפצה,0.000
קסם KTF תא סקטור-באלאנס,5127535,קרן מחקה,4,A,מניות בארץ,מניות לפי שווי שוק,Mid Cap & Large,לפי מדיניות השקעותיה הקרן הינה קרן מחקה,יובנק נאמנות,קסם,פטורה,0.250,0.0250,226.1,21.07.2026,353.03,353.03,3.66,"ת""א סקטור-באלאנס",לא נגבית עמלת הפצה,0.000
קסם DAX KTF,5127543,קרן מחקה,4,D,"מניות בחו""ל","מניות גיאוגרפי - חשופת מט""ח",אירופה- שווקים מפותחים,"הקרן הינה קרן בלתי מוגבלת בני""ע חוץ,לפי מדיניות השקעותיה הקרן הינה קרן מחקה",אלמגור-בריטמן נאמנות,קסם,פטורה,0.000,0.0250,21.0,20.07.2026,151.58,151.58,1.10,"DAX - NTR,אירו",לא נגבית עמלת הפצה,0.000
קסם SP US AD KTF ממ,5127550,קרן מחקה,4,A,"מניות בחו""ל","מניות לפי ענפים בחו""ל - מנוטרלת מט""ח",Aerospace & Defense,"הקרן הינה קרן בלתי מוגבלת בני""ע חוץ,לפי מדיניות השקעותיה הקרן הינה קרן מחקה",אלמגור-בריטמן נאמנות,קסם,פטורה,0.700,0.0250,80.5,20.07.2026,243.80,243.80,2.56,S&P Aerospace & Defense Select Industry Index - NTR,לא נגבית עמלת הפצה,0.000
"איילון קנאביס חו""ל",5127568,קרן פתוחה,4,D,"מניות בחו""ל","מניות לפי ענפים בחו""ל",,"הקרן הינה קרן בלתי מוגבלת בני""ע חוץ",מזרחי טפחות נאמנות,איילון,פטורה,1.600,0.0400,2.2,20.07.2026,13.62,13.57,3.29,"North American Cannabis Index - NTR,דולר ארה""ב",0.35%,0.000
פסטרנק שהם (4B) מניות,5127576,קרן פתוחה,4,B,מניות בארץ,מניות לפי שווי שוק,מניות All Cap,,מזרחי טפחות נאמנות,איילון,פטורה,1.750,0.0500,2067.5,21.07.2026,514.92,514.92,2.76,מניות כללי,0.35%,0.000
"תכלית TTF ת""א סקטור-בלאנס",5127584,קרן מחקה,4,A,מניות בארץ,מניות לפי שווי שוק,Mid Cap & Large,לפי מדיניות השקעותיה הקרן הינה קרן מחקה,הרמטיק נאמנות,מיטב קרנות נאמנות,פטורה,0.250,0.0300,93.0,21.07.2026,354.35,354.35,3.66,"ת""א סקטור-באלאנס",לא נגבית עמלת הפצה,0.000
MTF מח Indx US Cloud ממ,5127592,קרן מחקה,4,A,"מניות בחו""ל","מניות לפי ענפים בחו""ל - מנוטרלת מט""ח",Cloud Computing,"הקרן הינה קרן בלתי מוגבלת בני""ע חוץ,לפי מדיניות השקעותיה הקרן הינה קרן מחקה,קרן כשרה",אלמגור-בריטמן נאמנות,מגדל,פטורה,0.800,0.0300,41.9,20.07.2026,152.19,152.15,2.95,Indxx USA Cloud Computing Index - NTR,לא נגבית עמלת הפצה,0.000
תכלית ISE CLOUD TTF ממ,5127600,קרן מחקה,4,A,"מניות בחו""ל","מניות לפי ענפים בחו""ל - מנוטרלת מט""ח",Cloud Computing,"הקרן הינה קרן בלתי מוגבלת בני""ע חוץ,לפי מדיניות השקעותיה הקרן הינה קרן מחקה",הרמטיק נאמנות,מיטב קרנות נאמנות,פטורה,0.800,0.0300,78.7,20.07.2026,208.86,208.79,2.61,ISE CTA Cloud Computing - NTR,לא נגבית עמלת הפצה,0.000
MTF מח DAX,5127642,קרן מחקה,4,D,"מניות בחו""ל","מניות גיאוגרפי - חשופת מט""ח",אירופה- שווקים מפותחים,"הקרן הינה קרן בלתי מוגבלת בני""ע חוץ,לפי מדיניות השקעותיה הקרן הינה קרן מחקה,קרן כשרה",אלמגור-בריטמן נאמנות,מגדל,פטורה,0.000,0.0200,46.2,20.07.2026,157.19,157.19,1.16,"DAX - NTR,אירו",לא נגבית עמלת הפצה,0.000
MTF מח DAX ממ,5127659,קרן מחקה,4,A,"מניות בחו""ל","מניות גיאוגרפי - מנוטרלת מט""ח",אירופה- שווקים מפותחים,"הקרן הינה קרן בלתי מוגבלת בני""ע חוץ,לפי מדיניות השקעותיה הקרן הינה קרן מחקה,קרן כשרה",אלמגור-בריטמן נאמנות,מגדל,פטורה,0.000,0.0200,52.1,20.07.2026,188.42,188.33,1.35,DAX - NTR,לא נגבית עמלת הפצה,0.000
SP 30Bond 3-5 Year מח MTF,5127667,קרן מחקה,0,D,"אג""ח בחו""ל","חברות והמרה חשופת מט""ח - בינוני",,"הקרן הינה קרן בלתי מוגבלת בני""ע חוץ,לפי מדיניות השקעותיה הקרן הינה קרן מחקה",אלמגור-בריטמן נאמנות,מגדל,פטורה,0.250,0.0300,107.6,20.07.2026,100.31,100.31,1.05,"S&P 500 Bond Mega 30 Investment Grade 3-5 Year - GTR,דולר ארה""ב",לא נגבית עמלת הפצה,0.000
MTF מח תלבונד שקלי,5127709,קרן מחקה,0,0,"אג""ח בארץ - חברות והמרה","אג""ח חברות שקלי",בריבית קבועה,לפי מדיניות השקעותיה הקרן הינה קרן מחקה,אלמגור-בריטמן נאמנות,מגדל,פטורה,0.200,0.0300,701.8,21.07.2026,123.31,123.31,0.39,תל בונד שקלי,לא נגבית עמלת הפצה,0.000
קסם אקט 15/85,5127717,קרן פתוחה,2,B,"אג""ח בארץ - כללי","אג""ח כללי בארץ - עד 15% מניות",,,יובנק נאמנות,קסם,פטורה,0.680,0.0400,281.7,21.07.2026,138.96,138.96,0.66,"All-Bond כללי,ת""א 125",0.35%,0.000
מור 4D השקעות,5127725,קרן פתוחה,4,D,גמישות,,,"הקרן הינה קרן בלתי מוגבלת בני""ע חוץ",יובנק נאמנות,מור קרנות,פטורה,1.550,0.0300,874.4,20.07.2026,393.40,393.40,1.70,אחר,0.35%,0.000
איביאי מחקה SO NA CANABIS,5127733,קרן מחקה,4,D,"מניות בחו""ל","מניות לפי ענפים בחו""ל - חשופת מט""ח",Cannabis,"הקרן הינה קרן בלתי מוגבלת בני""ע חוץ,לפי מדיניות השקעותיה הקרן הינה קרן מחקה",יובנק נאמנות,"איביאי קרנות נאמנות ",פטורה,1.000,0.0300,5.0,20.07.2026,11.23,11.23,2.80,"North American Cannabis Index - NTR,דולר ארה""ב",לא נגבית עמלת הפצה,0.000
איביאי מחקה Nasdaq 100,5127766,קרן מחקה,4,D,"מניות בחו""ל","מניות גיאוגרפי - חשופת מט""ח",אמריקה- שווקים מפותחים,"הקרן הינה קרן בלתי מוגבלת בני""ע חוץ,לפי מדיניות השקעותיה הקרן הינה קרן מחקה",יובנק נאמנות,"איביאי קרנות נאמנות ",פטורה,0.300,0.0250,818.3,20.07.2026,334.14,334.14,1.45,"NASDAQ 100 - NTR,דולר ארה""ב",לא נגבית עמלת הפצה,0.000
"הראל תיק אג""ח חו""ל נקובה$",5127774,קרן פתוחה,2,D,"אג""ח בחו""ל","אג""ח נקובת מט""ח",,"הקרן הינה קרן בלתי מוגבלת בני""ע חוץ,יחידות הקרן נקובות ב- $,קרן להשקעות חוץ – מטבע עיקרי - דולר ארה""ב",מזרחי טפחות נאמנות,הראל,פטורה,0.300,0.0300,23.3,20.07.2026,146.63,145.18,0.94,Bloomberg Intermediate Corporate Total Return Index Value Unhedged USD - GTR,0.35%,1.000
הראל מדינה + 10%,5127782,קרן פתוחה,1,B,"אג""ח בארץ - מדינה","אג""ח מדינה כללי - עד 10% מניות",,,מזרחי טפחות נאמנות,הראל,פטורה,0.430,0.0400,18.3,21.07.2026,123.27,123.27,0.52,"תל גוב-כללי,ת""א 125",0.35%,0.000
הראל כספית מגמת ריבית,5127790,קרן פתוחה,0,0,קרן כספית,כספית שקלית,כספית שקלית עם קונצרני,,מזרחי טפחות נאמנות,הראל,פטורה,0.180,0.0100,10665.4,21.07.2026,1180.80,1180.80,0.00,אחר,0.1%,0.000
הראל כספית דולר מגמת ריבי,5127808,קרן פתוחה,0,D,קרן כספית,"כספית מט""חית עם קונצרני",חשופת דולר,"הקרן הינה קרן בלתי מוגבלת בני""ע חוץ,קרן להשקעות חוץ – מטבע עיקרי - דולר ארה""ב",מזרחי טפחות נאמנות,הראל,פטורה,0.200,0.0200,664.6,20.07.2026,105.32,105.32,1.11,"אחר,דולר ארה""ב",0.1%,0.000
קסם Indx DisTech KTF ממ,5127857,קרן מחקה,4,A,"מניות בחו""ל","מניות לפי ענפים בחו""ל - מנוטרלת מט""ח",Technology,"הקרן הינה קרן בלתי מוגבלת בני""ע חוץ,לפי מדיניות השקעותיה הקרן הינה קרן מחקה",אלמגור-בריטמן נאמנות,קסם,פטורה,0.700,0.0250,15.7,20.07.2026,144.46,144.38,1.68,Indxx USD Disruptive Technologies Index - NTR,לא נגבית עמלת הפצה,0.000
איביאי מחקה SOL Fintech,5127865,קרן מחקה,4,D,"מניות בחו""ל","מניות לפי ענפים בחו""ל - חשופת מט""ח",Fintech,"הקרן הינה קרן בלתי מוגבלת בני""ע חוץ,לפי מדיניות השקעותיה הקרן הינה קרן מחקה",יובנק נאמנות,"איביאי קרנות נאמנות ",פטורה,0.800,0.0300,3.6,16.07.2026,119.70,119.66,2.24,"Solactive FinTech Index - NTR,דולר ארה""ב",לא נגבית עמלת הפצה,0.000
קסם אקטיב כספית פטורה,5127881,קרן פתוחה,0,0,קרן כספית,כספית שקלית,כספית שקלית עם קונצרני,,יובנק נאמנות,קסם,פטורה,0.240,0.0100,6278.7,21.07.2026,117.89,117.89,0.00,"תל גוב-מק""מ",0.1%,0.000
MTF מח‏ תלבונד שקל 50,5127907,קרן מחקה,0,0,"אג""ח בארץ - חברות והמרה","אג""ח חברות שקלי",בריבית קבועה,לפי מדיניות השקעותיה הקרן הינה קרן מחקה,אלמגור-בריטמן נאמנות,מגדל,פטורה,0.250,0.0300,386.6,21.07.2026,122.60,122.60,0.44,תל בונד שקלי-50,לא נגבית עמלת הפצה,0.000
תכלית ISE CLOUD TTF,5127915,קרן מחקה,4,D,"מניות בחו""ל","מניות לפי ענפים בחו""ל - חשופת מט""ח",Cloud Computing,"הקרן הינה קרן בלתי מוגבלת בני""ע חוץ,לפי מדיניות השקעותיה הקרן הינה קרן מחקה",הרמטיק נאמנות,מיטב קרנות נאמנות,פטורה,0.600,0.0300,36.9,20.07.2026,209.29,209.23,2.29,"ISE CTA Cloud Computing - NTR,דולר ארה""ב",לא נגבית עמלת הפצה,0.000
מיטב 10/90 תיק אגח חול,5127923,קרן פתוחה,1,D,"אג""ח בחו""ל","אג""ח חשופת מט""ח",,"הקרן הינה קרן בלתי מוגבלת בני""ע חוץ",יובנק נאמנות,מיטב קרנות נאמנות,פטורה,0.750,0.0300,17.2,20.07.2026,126.30,126.30,0.89,"BLOOMBERG US AGGREGATE TOTAL RETURN VALUE UNHEDGED USD - GTR,S&P 500 - NTR,דולר ארה""ב",0.35%,0.000
מיטב מדינה + 10%,5127931,קרן פתוחה,1,B,"אג""ח בארץ - מדינה","אג""ח מדינה כללי - עד 10% מניות",,,יובנק נאמנות,מיטב קרנות נאמנות,פטורה,0.590,0.0300,226.2,21.07.2026,135.65,135.65,0.54,תל גוב-כללי,0.35%,0.000
איביאי עד 3 שנים 10/90,5127949,קרן פתוחה,1,B,"אג""ח בארץ - כללי","אג""ח כללי בארץ - עד 10% מניות","אג""ח כללי בארץ- עד 10% מניות ללא סימן קריאה",,יובנק נאמנות,"איביאי קרנות נאמנות ",פטורה,0.690,0.0500,1526.4,21.07.2026,146.69,146.69,0.45,All-Bond כללי,0.35%,0.000
ISP (1B) 10/90,5127980,קרן פתוחה,1,B,"אג""ח בארץ - כללי","אג""ח כללי בארץ - עד 10% מניות","אג""ח כללי בארץ- עד 10% מניות ללא סימן קריאה",,יובנק נאמנות,איילון,פטורה,0.800,0.0350,140.2,21.07.2026,149.20,149.20,0.64,"All-Bond כללי,ת""א 125",0.35%,0.000
"איביאי אג""ח $ ריבית משת +",5127998,קרן פתוחה,2,D,"אג""ח בחו""ל","אג""ח חשופת דולר",,"הקרן הינה קרן בלתי מוגבלת בני""ע חוץ,קרן להשקעות חוץ – מטבע עיקרי - דולר ארה""ב,קרן להשק חוץ-פטור ממס לתושבי חוץ",יובנק נאמנות,"איביאי קרנות נאמנות ",פטורה,0.890,0.0500,15.3,20.07.2026,115.65,115.65,0.82,"Bloomberg US FRN < 5 yrs Total Return Index Value Unhedged USD,דולר ארה""ב",0.35%,0.000
אלטשולר 0D ממשלארהב עד2 ד,5128004,קרן פתוחה,0,D,"אג""ח בחו""ל","אג""ח חשופת דולר",,"הקרן הינה קרן בלתי מוגבלת בני""ע חוץ,קרן להשקעות חוץ – מטבע עיקרי - דולר ארה""ב,קרן להשק חוץ-פטור ממס לתושבי חוץ",יובנק נאמנות,אלטשולר-שחם קרנות,פטורה,0.600,0.0300,8.6,20.07.2026,96.12,96.12,1.08,"Bloomberg U.S. Treasury: 1-3 Year,דולר ארה""ב",0.35%,0.000
MTF מח‏ Indx GlobMedDev מ,5128020,קרן מחקה,4,D,"מניות בחו""ל","מניות לפי ענפים בחו""ל - מנוטרלת מט""ח",Health Care,"הקרן הינה קרן בלתי מוגבלת בני""ע חוץ,לפי מדיניות השקעותיה הקרן הינה קרן מחקה,קרן כשרה",אלמגור-בריטמן נאמנות,מגדל,פטורה,0.800,0.0300,18.6,16.07.2026,100.36,100.36,1.72,Indxx Global Medical Devices,לא נגבית עמלת הפצה,0.000
MTF‏ מח SP5MI13T,5128038,קרן מחקה,0,D,"אג""ח בחו""ל","חברות והמרה חשופת מט""ח - קצר",,"הקרן הינה קרן בלתי מוגבלת בני""ע חוץ,לפי מדיניות השקעותיה הקרן הינה קרן מחקה",אלמגור-בריטמן נאמנות,מגדל,פטורה,0.250,0.0200,237.7,20.07.2026,99.00,99.00,1.09,"S&P 500 Bond Mega 30 Investment Grade 3-5 Year - GTR,דולר ארה""ב",לא נגבית עמלת הפצה,0.000
קסם Russell 2000 KTF ממ,5128079,קרן מחקה,4,A,"מניות בחו""ל","מניות גיאוגרפי - מנוטרלת מט""ח",אמריקה- שווקים מפותחים,"הקרן הינה קרן בלתי מוגבלת בני""ע חוץ,לפי מדיניות השקעותיה הקרן הינה קרן מחקה",אלמגור-בריטמן נאמנות,קסם,פטורה,0.250,0.0250,176.5,20.07.2026,155.18,155.18,1.22,RUSSELL 2000 - NTR,לא נגבית עמלת הפצה,0.000
קסם אקטיב כספית דולרית,5128087,קרן פתוחה,0,D,קרן כספית,"כספית מט""חית עם קונצרני",חשופת דולר,"הקרן הינה קרן בלתי מוגבלת בני""ע חוץ,קרן להשקעות חוץ – מטבע עיקרי - דולר ארה""ב",יובנק נאמנות,קסם,פטורה,0.200,0.0150,306.9,20.07.2026,37411.86,37411.86,1.11,"אחר,דולר ארה""ב",0.1%,0.000
הראל מחקה תלבונד מאגר,5128095,קרן מחקה,0,A,"אג""ח בארץ - חברות והמרה","אג""ח חברות","אג""ח חברות שקלי וצמוד",לפי מדיניות השקעותיה הקרן הינה קרן מחקה,מזרחי טפחות נאמנות,הראל,פטורה,0.000,0.0150,181.7,21.07.2026,435.40,435.40,0.34,תל בונד מאגר,לא נגבית עמלת הפצה,0.000
הראל מחקה תל-גוב משתנ שקל,5128103,קרן מחקה,0,0,"אג""ח בארץ - מדינה","אג""ח מדינה שקליות",ריבית משתנה ממשלתיות,"לפי מדיניות השקעותיה הקרן הינה קרן מחקה,קרן כשרה",מזרחי טפחות נאמנות,הראל,פטורה,0.100,0.0150,23.2,21.07.2026,324.13,324.13,0.08,תל גוב-משתנה שקלי,לא נגבית עמלת הפצה,0.000
הראל מחקה תל גוב-שקלי,5128111,קרן מחקה,0,0,"אג""ח בארץ - מדינה","אג""ח מדינה שקליות",ריבית קבועה,"לפי מדיניות השקעותיה הקרן הינה קרן מחקה,קרן כשרה",מזרחי טפחות נאמנות,הראל,פטורה,0.140,0.0150,79.5,21.07.2026,515.31,515.31,0.52,תל גוב-שקלי,לא נגבית עמלת הפצה,0.000
הראל מחקה תל גוב-שקלי 5+,5128137,קרן מחקה,0,0,"אג""ח בארץ - מדינה","אג""ח מדינה שקליות",ריבית קבועה - ארוך,"לפי מדיניות השקעותיה הקרן הינה קרן מחקה,קרן כשרה",מזרחי טפחות נאמנות,הראל,פטורה,0.150,0.0150,45.8,21.07.2026,665.46,665.46,0.92,תל גוב-שקלי 5+,לא נגבית עמלת הפצה,0.000
הראל מחקה מש מניות חול ממ,5128202,קרן מחקה,4,A,"מניות בחו""ל","מניות בחו""ל קרן משולבת",,"הקרן הינה קרן בלתי מוגבלת בני""ע חוץ,לפי מדיניות השקעותיה הקרן הינה קרן מחקה,קרן כשרה",מזרחי טפחות נאמנות,הראל,פטורה,0.000,0.0250,313.6,20.07.2026,41739.24,41739.24,1.18,"S&P 500 - NTR,Dow Jones Industrial Average - NTR,NASDAQ 100 - NTR,RUSSELL 2000 - NTR",לא נגבית עמלת הפצה,0.000
הראל מחקה מש 85אג 15מנ ממ,5128210,קרן מחקה,2,A,"אג""ח בארץ משולבת",עד 20% מניות,,"הקרן הינה קרן בלתי מוגבלת בני""ע חוץ,לפי מדיניות השקעותיה הקרן הינה קרן מחקה",מזרחי טפחות נאמנות,הראל,פטורה,0.000,0.0250,49.2,20.07.2026,15085.97,15085.97,0.17,"תל גוב – לא צמודות,תל בונד צמודות,תל גוב-צמודות 2-5,תל בונד תשואות צמודות,ת""א 125,S&P 500 - NTR,STOXX Europe 600 - NTR",לא נגבית עמלת הפצה,0.000
הראל מחקה מש מניות חול,5128236,קרן מחקה,4,D,"מניות בחו""ל","מניות בחו""ל קרן משולבת",,"הקרן הינה קרן בלתי מוגבלת בני""ע חוץ,לפי מדיניות השקעותיה הקרן הינה קרן מחקה,קרן כשרה",מזרחי טפחות נאמנות,הראל,פטורה,0.000,0.0250,91.2,20.07.2026,34475.55,34475.55,1.09,"S&P 500 - NTR,NASDAQ 100 - NTR,RUSSELL 2000 - NTR,דולר ארה""ב",לא נגבית עמלת הפצה,0.000
הראל מחקה מש מנ סקטורארהב,5128244,קרן מחקה,4,D,"מניות בחו""ל","מניות בחו""ל קרן משולבת",,"הקרן הינה קרן בלתי מוגבלת בני""ע חוץ,לפי מדיניות השקעותיה הקרן הינה קרן מחקה,קרן כשרה",מזרחי טפחות נאמנות,הראל,פטורה,0.000,0.0250,57.2,20.07.2026,29064.95,29064.95,0.98,"S&P Consumer Staples Select Sector - NTR,S&P Financial Select Sector- NTR,S&P Health Care Select Sector Index- NTR,S&P Technology Select Sector Index - NTR,דולר ארה""ב",לא נגבית עמלת הפצה,0.000
הראל מחקה מש מנסקטרארהבממ,5128251,קרן מחקה,4,A,"מניות בחו""ל","מניות בחו""ל קרן משולבת",,"הקרן הינה קרן בלתי מוגבלת בני""ע חוץ,לפי מדיניות השקעותיה הקרן הינה קרן מחקה,קרן כשרה",מזרחי טפחות נאמנות,הראל,פטורה,0.000,0.0250,35.5,20.07.2026,30541.95,30541.95,0.68,"S&P Consumer Staples Select Sector - NTR,S&P Financial Select Sector- NTR,S&P Health Care Select Sector Index- NTR,S&P Technology Select Sector Index - NTR",לא נגבית עמלת הפצה,0.000
אלפא טק גמישה,5128293,קרן פתוחה,4,D,גמישות,,,"הקרן הינה קרן בלתי מוגבלת בני""ע חוץ",מזרחי טפחות נאמנות,הראל,פטורה,0.950,0.0400,15.4,20.07.2026,206.78,206.78,1.33,אחר,0.35%,0.000
י.ל. צמוד מדינה,5128343,קרן פתוחה,0,A,"אג""ח בארץ - מדינה","אג""ח מדינה צמוד מדד - ללא מניות",,,יובנק נאמנות,ילין לפידות,פטורה,0.590,0.0400,34.7,21.07.2026,120.19,120.19,0.21,תל גוב-צמודות,0.35%,0.000
"י.ל אג""ח ישראל",5128350,קרן פתוחה,0,A,"אג""ח בארץ - כללי","אג""ח כללי בארץ - ללא מניות","אג""ח כללי בארץ ללא מניות עם סימן קריאה",,יובנק נאמנות,ילין לפידות,פטורה,0.750,0.0400,263.6,21.07.2026,141.03,141.03,0.35,All-Bond כללי,0.35%,0.000
"י.ל מניות ערך ת""א 125",5128368,קרן פתוחה,4,B,מניות בארץ,מניות לפי שווי שוק,מניות Large & Mid Cap,,יובנק נאמנות,ילין לפידות,פטורה,1.500,0.0500,636.8,21.07.2026,386.72,386.72,3.17,"ת""א 125",0.35%,0.000
מור 30/70,5128376,קרן פתוחה,2,B,"אג""ח בארץ - כללי","אג""ח כללי בארץ - עד 30% מניות",,,יובנק נאמנות,מור קרנות,פטורה,0.790,0.0300,1061.5,21.07.2026,177.79,177.79,0.88,"All-Bond כללי,מניות כללי",0.35%,0.000
דולפין אגח סולידית,5128418,קרן פתוחה,0,B,"אג""ח בארץ - כללי","אג""ח כללי בארץ - ללא מניות","אג""ח כללי בארץ בדירוג גבוה בלבד (AA ומעלה ו/ או מדינה)",,יובנק נאמנות,איילון,פטורה,0.590,0.0450,106.3,21.07.2026,122.94,122.94,0.28,All-Bond כללי,0.35%,0.000
איביאי תיק קונצרני,5128434,קרן פתוחה,0,B,"אג""ח בארץ - חברות והמרה",חברות והמרה ללא מניות,חברות והמרה ללא מניות עם סימן קריאה,,יובנק נאמנות,"איביאי קרנות נאמנות ",פטורה,0.890,0.0500,1456.2,21.07.2026,156.72,156.72,0.34,"אג""ח כללי - קונצרני",0.35%,0.000
איביאי מחקה NasdaqAirline,5128442,קרן מחקה,4,D,"מניות בחו""ל","מניות לפי ענפים בחו""ל - חשופת מט""ח",Transportation,"הקרן הינה קרן בלתי מוגבלת בני""ע חוץ,לפי מדיניות השקעותיה הקרן הינה קרן מחקה",יובנק נאמנות,"איביאי קרנות נאמנות ",פטורה,0.800,0.0300,37.6,16.07.2026,115.97,115.97,2.98,"Nasdaq Global Smart Airlines Index,דולר ארה""ב",לא נגבית עמלת הפצה,0.000
MTF‏ מח BCHNQNTR,5128459,קרן מחקה,4,D,"מניות בחו""ל","מניות לפי ענפים בחו""ל - חשופת מט""ח",Internet,"הקרן הינה קרן בלתי מוגבלת בני""ע חוץ,לפי מדיניות השקעותיה הקרן הינה קרן מחקה,קרן כשרה",אלמגור-בריטמן נאמנות,מגדל,פטורה,0.800,0.0300,9.0,16.07.2026,73.97,73.89,2.59,"Bluestar China Internet Software INDEX ,דולר ארה""ב",לא נגבית עמלת הפצה,0.000
MTF‏ מח BSEAQNTR,5128467,קרן מחקה,4,D,"מניות בחו""ל","מניות לפי ענפים בחו""ל - חשופת מט""ח",Technology,"הקרן הינה קרן בלתי מוגבלת בני""ע חוץ,לפי מדיניות השקעותיה הקרן הינה קרן מחקה,קרן כשרה",אלמגור-בריטמן נאמנות,מגדל,פטורה,0.600,0.0300,68.6,16.07.2026,268.17,268.17,2.38,"Bluestar Asia Technology INDEX,דולר ארה""ב",לא נגבית עמלת הפצה,0.000
פורטה (1B)י 10/90,5128475,קרן פתוחה,1,B,"אג""ח בארץ - כללי","אג""ח כללי בארץ - עד 10% מניות","אג""ח כללי בארץ- עד 10% מניות ללא סימן קריאה",,יובנק נאמנות,סיגמא,פטורה,0.620,0.0400,516.4,21.07.2026,150.66,150.66,0.55,"All-Bond כללי,ת""א 125",0.35%,0.000
"פורטה אג""ח כללי",5128483,קרן פתוחה,0,B,"אג""ח בארץ - כללי","אג""ח כללי בארץ - ללא מניות","אג""ח כללי בארץ ללא מניות עם סימן קריאה",,יובנק נאמנות,סיגמא,פטורה,0.600,0.0400,106.8,21.07.2026,134.19,134.19,0.40,All-Bond כללי,0.35%,0.000
י.ל. 25/75 צמיחה,5128491,קרן פתוחה,2,B,"אג""ח בארץ - כללי","אג""ח כללי בארץ - עד 25% מניות",,,יובנק נאמנות,ילין לפידות,פטורה,0.790,0.0400,344.9,21.07.2026,177.00,177.00,0.81,"All-Bond כללי,מניות כללי",0.35%,0.000
דיאמונד מניות גלובאלי,5128509,קרן פתוחה,4,D,"מניות בחו""ל","מניות כללי בחו""ל","מניות כללי בחו""ל חשופת מט""ח","הקרן הינה קרן בלתי מוגבלת בני""ע חוץ",מזרחי טפחות נאמנות,איילון,פטורה,1.440,0.0500,14.1,20.07.2026,266.45,266.45,1.42,"S&P 500 - NTR,דולר ארה""ב",0.35%,0.000
פורטה מניות,5128525,קרן פתוחה,4,D,מניות בארץ,מניות לפי שווי שוק,מניות All Cap,,יובנק נאמנות,סיגמא,פטורה,1.850,0.0400,353.6,21.07.2026,419.33,419.33,3.30,מניות כללי,0.35%,0.000
פורטה אגח ללא מנ,5128541,קרן פתוחה,0,B,"אג""ח בארץ - כללי","אג""ח כללי בארץ - ללא מניות","אג""ח כללי בארץ ללא מניות וללא סימן קריאה",,יובנק נאמנות,סיגמא,פטורה,0.750,0.0400,516.8,21.07.2026,128.73,128.73,0.41,All-Bond כללי,0.35%,0.000
"גביש אג""ח חברות ללא מניות",5128566,קרן פתוחה,0,B,"אג""ח בארץ - חברות והמרה",חברות והמרה ללא מניות,חברות והמרה ללא מניות עם סימן קריאה,,יובנק נאמנות,סיגמא,פטורה,0.890,0.0400,39.0,21.07.2026,142.48,142.48,0.26,"אג""ח כללי - קונצרני",0.35%,0.000
הראל גביש תיק אגח ללא מני,5128590,קרן פתוחה,0,B,"אג""ח בארץ - כללי","אג""ח כללי בארץ - ללא מניות","אג""ח כללי בארץ ללא מניות וללא סימן קריאה",,יובנק נאמנות,הראל,פטורה,0.730,0.0400,856.0,21.07.2026,138.22,138.22,0.39,All-Bond כללי,0.35%,0.000
FOREST מניות,5128616,קרן פתוחה,4,B,מניות בארץ,מניות לפי שווי שוק,מניות All Cap,,יובנק נאמנות,פורסט,פטורה,1.200,0.0400,206.4,21.07.2026,264.81,264.81,2.08,"ת""א All-Share ",0.35%,0.000
MTF‏ מח BEGAMNTR,5128624,קרן מחקה,4,D,"מניות בחו""ל","מניות לפי ענפים בחו""ל - חשופת מט""ח",e-Gaming,"הקרן הינה קרן בלתי מוגבלת בני""ע חוץ,לפי מדיניות השקעותיה הקרן הינה קרן מחקה,קרן כשרה",אלמגור-בריטמן נאמנות,מגדל,פטורה,0.800,0.0300,9.0,16.07.2026,153.90,153.85,1.65,"BLUESTAR E-GAMES INDEX,דולר ארה""ב",לא נגבית עמלת הפצה,0.000
"מיטב (!) אג""ח תשואה כוללת",5128632,קרן פתוחה,0,B,"אג""ח בארץ - כללי","אג""ח כללי בארץ - ללא מניות","אג""ח כללי בארץ ללא מניות עם סימן קריאה",,יובנק נאמנות,מיטב קרנות נאמנות,פטורה,0.740,0.0300,170.7,21.07.2026,142.66,142.66,0.28,All-Bond כללי,0.35%,0.000
מיטב (!) נבחרת קונצרני,5128640,קרן פתוחה,0,B,"אג""ח בארץ - חברות והמרה",חברות והמרה ללא מניות,חברות והמרה ללא מניות עם סימן קריאה,,יובנק נאמנות,מיטב קרנות נאמנות,פטורה,0.790,0.0400,651.4,21.07.2026,151.42,151.42,0.33,"אג""ח כללי - קונצרני",0.35%,0.000
איביאי עד 3 שנים 30/70,5128665,קרן פתוחה,2,C,"אג""ח בארץ - כללי","אג""ח כללי בארץ - עד 30% מניות",,"הקרן הינה קרן בלתי מוגבלת בני""ע חוץ",יובנק נאמנות,"איביאי קרנות נאמנות ",פטורה,0.690,0.0500,210.6,20.07.2026,169.09,169.09,0.39,All-Bond כללי,0.35%,0.000
סיגמא מדינה צמודה פלוס,5128673,קרן פתוחה,1,A,"אג""ח בארץ - מדינה","אג""ח מדינה צמוד מדד - עד 10% מניות",,,מזרחי טפחות נאמנות,סיגמא,פטורה,0.640,0.0400,2043.5,21.07.2026,133.18,133.18,0.40,"תל גוב-צמודות,מניות כללי",0.35%,0.000
תכלית TTF DJ Internet,5128756,קרן מחקה,4,D,"מניות בחו""ל","מניות לפי ענפים בחו""ל - חשופת מט""ח",Internet,"הקרן הינה קרן בלתי מוגבלת בני""ע חוץ,לפי מדיניות השקעותיה הקרן הינה קרן מחקה",אלמגור-בריטמן נאמנות,מיטב קרנות נאמנות,פטורה,0.600,0.0300,9.7,20.07.2026,188.32,188.32,1.63,"Dow Jones Internet Composite Index - NTR,דולר ארה""ב",לא נגבית עמלת הפצה,0.000
תכלית TTF י All Bond-דולר,5128772,קרן מחקה,0,D,"אג""ח בארץ - חברות והמרה","אג""ח חברות",אחר,לפי מדיניות השקעותיה הקרן הינה קרן מחקה,אלמגור-בריטמן נאמנות,מיטב קרנות נאמנות,פטורה,0.200,0.0300,37.4,21.07.2026,118.71,118.71,0.59,All-Bond דולר וטופ 5 בתל בונד- 20 צמודות,לא נגבית עמלת הפצה,0.000
ת.פ (4D) יDIGITAL ECONOMY,5128814,קרן פתוחה,4,D,"מניות בחו""ל","מניות כללי בחו""ל","מניות כללי בחו""ל חשופת מט""ח","הקרן הינה קרן בלתי מוגבלת בני""ע חוץ",יובנק נאמנות,תמיר פישמן,פטורה,1.490,0.0400,41.6,20.07.2026,200.56,200.56,2.00,"MSCI WORLD INDEX - NTR,דולר ארה""ב",0.35%,0.000
ב. אלטרנטיב אגח קונצרני,5128848,קרן פתוחה,0,C,"אג""ח בארץ - חברות והמרה",חברות והמרה ללא מניות,חברות והמרה ללא מניות עם סימן קריאה,,יובנק נאמנות,איילון,פטורה,0.890,0.0400,402.0,21.07.2026,157.67,157.67,0.31,"אג""ח כללי - קונצרני",0.35%,0.000
איילון (4D) מניות גלובאלי,5128855,קרן פתוחה,4,D,"מניות בחו""ל","מניות כללי בחו""ל","מניות כללי בחו""ל חשופת מט""ח","הקרן הינה קרן בלתי מוגבלת בני""ע חוץ",מזרחי טפחות נאמנות,איילון,פטורה,1.500,0.0400,132.1,20.07.2026,190.24,190.15,1.35,"S&P 500 - NTR,RUSSELL 2000 - NTR,דולר ארה""ב",0.35%,0.000
הראל עוקבת תיק3 הבינלאומי,5128871,קרן פתוחה,2,B,"אג""ח בארץ - כללי","אג""ח כללי בארץ - עד 30% מניות",,הקרן עוקבת תיק של - הבנק הבינלאומי הראשון לישראל,מזרחי טפחות נאמנות,הראל,פטורה,0.550,0.0400,116.2,21.07.2026,149.74,149.74,0.53,"All-Bond כללי,ת""א 125,MSCI AC WORLD INDEX - RT - NTR ,דולר ארה""ב",0.35%,0.000
הראל שהם אגח סוליד ללא מנ,5128897,קרן פתוחה,0,0,"אג""ח בארץ - כללי","אג""ח כללי בארץ - ללא מניות","אג""ח כללי בארץ בדירוג גבוה בלבד (AA ומעלה ו/ או מדינה)",,מזרחי טפחות נאמנות,הראל,פטורה,0.250,0.0300,68.4,21.07.2026,120.83,119.63,0.27,"תל בונד-שקלי AA-AAA,תל בונד-צמודות AA-AAA,תל גוב-כללי",0.35%,1.000
קסם XNDXNNR KTF,5128905,קרן מחקה,4,D,"מניות בחו""ל","מניות גיאוגרפי - חשופת מט""ח",אמריקה- שווקים מפותחים,"הקרן הינה קרן בלתי מוגבלת בני""ע חוץ,לפי מדיניות השקעותיה הקרן הינה קרן מחקה,קרן כשרה",אלמגור-בריטמן נאמנות,קסם,פטורה,0.000,0.0250,1784.8,20.07.2026,361.63,361.63,1.43,"NASDAQ 100 - NTR,דולר ארה""ב",לא נגבית עמלת הפצה,0.000
תכלית Indx eGaming TTF,5128939,קרן מחקה,4,D,"מניות בחו""ל","מניות לפי ענפים בחו""ל - חשופת מט""ח",e-Gaming,"הקרן הינה קרן בלתי מוגבלת בני""ע חוץ,לפי מדיניות השקעותיה הקרן הינה קרן מחקה,קרן להשקעות חוץ – מטבע עיקרי - דולר ארה""ב,קרן להשק חוץ-פטור ממס לתושבי חוץ",אלמגור-בריטמן נאמנות,מיטב קרנות נאמנות,פטורה,0.800,0.0300,24.0,20.07.2026,245.27,245.20,2.81,"Indxx US eGaming & Virtual Reality ,דולר ארה""ב",לא נגבית עמלת הפצה,0.000
"איילון אקסטרים נאסד""ק 3X",5128947,קרן פתוחה,6,D,ממונפות ואסטרטגיות,ממונפות בסיכון גבוה,,"הקרן הינה קרן בלתי מוגבלת בני""ע חוץ,הקרן הינה קרן ממונפת",מזרחי טפחות נאמנות,איילון,פטורה,1.850,0.0400,155.8,20.07.2026,605.42,602.99,5.30,NASDAQ 100 - NTR,0.35%,0.400
מור מניות טכנולוגיה גלובל,5128962,קרן פתוחה,4,D,"מניות בחו""ל","מניות לפי ענפים בחו""ל",,"הקרן הינה קרן בלתי מוגבלת בני""ע חוץ",יובנק נאמנות,מור קרנות,פטורה,2.100,0.0250,225.7,20.07.2026,312.41,312.41,1.84,"Nasdaq Composite Index - NTR,דולר ארה""ב",0.35%,0.000
תכלית TTF תא-פמילי,5128970,קרן מחקה,4,A,מניות בארץ,מניות לפי שווי שוק,אחר,לפי מדיניות השקעותיה הקרן הינה קרן מחקה,אלמגור-בריטמן נאמנות,מיטב קרנות נאמנות,פטורה,0.500,0.0300,90.1,21.07.2026,318.09,318.09,4.67,"ת""א-פמילי",לא נגבית עמלת הפצה,0.000
תכלית Indx Cybersec TTF,5128988,קרן מחקה,4,D,"מניות בחו""ל","מניות לפי ענפים בחו""ל - חשופת מט""ח",Cyber Security,"הקרן הינה קרן בלתי מוגבלת בני""ע חוץ,לפי מדיניות השקעותיה הקרן הינה קרן מחקה,קרן להשקעות חוץ – מטבע עיקרי - דולר ארה""ב,קרן להשק חוץ-פטור ממס לתושבי חוץ",אלמגור-בריטמן נאמנות,מיטב קרנות נאמנות,פטורה,0.800,0.0300,24.2,20.07.2026,215.99,215.99,2.50,"Indxx US Junior Cybersecurity,דולר ארה""ב",לא נגבית עמלת הפצה,0.000
"קסם אקט תיק אג""ח ומניות",5128996,קרן פתוחה,3,D,"אג""ח בארץ - כללי","אג""ח כללי בארץ - חשיפה מרבית מעל 30% מניות",,"הקרן הינה קרן בלתי מוגבלת בני""ע חוץ",יובנק נאמנות,קסם,פטורה,0.790,0.0300,109.3,20.07.2026,201.13,201.13,0.86,"ת""א 125,All-Bond כללי",0.35%,0.000
קסם KTF בונד שקלי AA,5129002,קרן מחקה,0,0,"אג""ח בארץ - חברות והמרה","אג""ח חברות שקלי",בריבית קבועה,לפי מדיניות השקעותיה הקרן הינה קרן מחקה,יובנק נאמנות,קסם,פטורה,0.200,0.0250,194.6,21.07.2026,122.25,122.25,0.41,תל בונד-שקלי AA-AAA,לא נגבית עמלת הפצה,0.000
קסם KTF בונד צמודAA,5129010,קרן מחקה,0,0,"אג""ח בארץ - חברות והמרה","אג""ח חברות צמודות מדד",בריבית קבועה,לפי מדיניות השקעותיה הקרן הינה קרן מחקה,יובנק נאמנות,קסם,פטורה,0.200,0.0250,402.1,21.07.2026,124.41,124.41,0.36,תל בונד-צמודות AA-AAA,לא נגבית עמלת הפצה,0.000
קסם KTF תלבונד צ 3-5,5129028,קרן מחקה,0,0,"אג""ח בארץ - חברות והמרה","אג""ח חברות צמודות מדד",בריבית קבועה - בינוני,לפי מדיניות השקעותיה הקרן הינה קרן מחקה,יובנק נאמנות,קסם,פטורה,0.350,0.0250,64.5,21.07.2026,122.10,122.10,0.32,תל בונד-צמודות 3-5,לא נגבית עמלת הפצה,0.000
קסם AlB KTF דו וט5 בת20 צ,5129036,קרן מחקה,0,D,"אג""ח בארץ - חברות והמרה","אג""ח חברות",אחר,לפי מדיניות השקעותיה הקרן הינה קרן מחקה,יובנק נאמנות,קסם,פטורה,0.350,0.0250,30.0,21.07.2026,117.99,117.99,0.60,All-Bond דולר וטופ 5 בתל בונד- 20 צמודות,לא נגבית עמלת הפצה,0.000
MTF מח אינד A-AA 1-3,5129069,קרן מחקה,0,0,"אג""ח בארץ - חברות והמרה","אג""ח חברות","אג""ח חברות שקלי וצמוד",לפי מדיניות השקעותיה הקרן הינה קרן מחקה,מזרחי טפחות נאמנות,מגדל,פטורה,0.250,0.0300,146.1,21.07.2026,120.36,120.36,0.24,"אינדקס A-AA ישראל 1-3 ",לא נגבית עמלת הפצה,0.000
פורצ'ן גמישה,5129093,קרן פתוחה,4,D,גמישות,,,"הקרן הינה קרן בלתי מוגבלת בני""ע חוץ",מזרחי טפחות נאמנות,איילון,פטורה,1.800,0.0400,177.8,20.07.2026,317.03,317.01,1.43,אחר,0.35%,0.000
"פורצ'ן אג""ח בינלאומי",5129101,קרן פתוחה,0,D,"אג""ח בחו""ל","אג""ח חשופת מט""ח",,"הקרן הינה קרן בלתי מוגבלת בני""ע חוץ",מזרחי טפחות נאמנות,איילון,פטורה,0.900,0.0400,546.6,20.07.2026,135.59,135.59,0.83,"דולר ארה""ב",0.35%,0.000
פורצ'ן 10/90,5129119,קרן פתוחה,1,B,"אג""ח בארץ - כללי","אג""ח כללי בארץ - עד 10% מניות","אג""ח כללי בארץ- עד 10% מניות ללא סימן קריאה",קרן להשק חוץ-פטור ממס לתושבי חוץ,מזרחי טפחות נאמנות,איילון,פטורה,0.800,0.0400,348.9,21.07.2026,151.47,151.47,0.58,"All-Bond כללי,ת""א 125",0.35%,0.000
קסם SP5MI35T KTF,5129127,קרן מחקה,0,D,"אג""ח בחו""ל","חברות והמרה חשופת מט""ח - בינוני",,"הקרן הינה קרן בלתי מוגבלת בני""ע חוץ,לפי מדיניות השקעותיה הקרן הינה קרן מחקה",אלמגור-בריטמן נאמנות,קסם,פטורה,0.250,0.0250,229.6,20.07.2026,100.34,100.34,0.99,"S&P 500 Bond Mega 30 Investment Grade 3-5 Year - GTR,דולר ארה""ב",לא נגבית עמלת הפצה,0.000
הראל אמלפי,5129143,קרן פתוחה,2,B,"אג""ח בארץ - כללי","אג""ח כללי בארץ - עד 30% מניות",,,יובנק נאמנות,הראל,פטורה,0.430,0.0300,87.5,21.07.2026,176.72,174.97,1.02,"All-Bond כללי,ת""א 125",0.35%,1.000
הראל מנ תנודת נמוכה תאLMC,5129168,קרן פתוחה,4,A,מניות בארץ,מניות לפי שווי שוק,מניות Large & Mid Cap,,יובנק נאמנות,הראל,פטורה,1.190,0.0400,16.6,21.07.2026,406.50,406.50,3.16,"ת""א 125",0.35%,0.000
"קסם אקטיב תיק אג""ח + 15",5129184,קרן פתוחה,2,A,"אג""ח בארץ - כללי","אג""ח כללי בארץ - עד 15% מניות",,,יובנק נאמנות,קסם,פטורה,0.890,0.0400,206.3,21.07.2026,142.89,142.89,0.69,"All-Bond כללי,ת""א 125",0.35%,0.000
קסם KTF תל גוב-שקלי 5-10,5129192,קרן מחקה,0,0,"אג""ח בארץ - מדינה","אג""ח מדינה שקליות",ריבית קבועה - ארוך,"לפי מדיניות השקעותיה הקרן הינה קרן מחקה,קרן כשרה",יובנק נאמנות,קסם,פטורה,0.100,0.0250,529.0,21.07.2026,108.31,108.31,0.61,תל גוב-שקלי 5-10,לא נגבית עמלת הפצה,0.000
"ברומטר (!) אג""ח חברות",5129200,קרן פתוחה,0,B,"אג""ח בארץ - חברות והמרה",חברות והמרה ללא מניות,חברות והמרה ללא מניות עם סימן קריאה,,יובנק נאמנות,איילון,פטורה,0.790,0.0400,111.3,21.07.2026,135.32,135.32,0.23,"אג""ח כללי - קונצרני",0.35%,0.000
איביאי מחקה STOXX 600 מא,5129218,קרן מחקה,4,A,"מניות בחו""ל","מניות גיאוגרפי - מנוטרלת מט""ח",אירופה- כללי,"הקרן הינה קרן בלתי מוגבלת בני""ע חוץ,לפי מדיניות השקעותיה הקרן הינה קרן מחקה",יובנק נאמנות,"איביאי קרנות נאמנות ",פטורה,0.250,0.0200,91.3,20.07.2026,194.40,194.35,1.06,STOXX Europe 600 - NTR,לא נגבית עמלת הפצה,0.000
איביאי מחקה SP ConsStaple,5129226,קרן מחקה,4,D,"מניות בחו""ל","מניות לפי ענפים בחו""ל - חשופת מט""ח",Consumer Staples,"הקרן הינה קרן בלתי מוגבלת בני""ע חוץ,לפי מדיניות השקעותיה הקרן הינה קרן מחקה,קרן להשקעות חוץ – מטבע עיקרי - דולר ארה""ב",יובנק נאמנות,"איביאי קרנות נאמנות ",פטורה,0.300,0.0230,28.7,20.07.2026,144.66,144.62,2.07,"S&P Consumer Staples Select Sector - NTR,דולר ארה""ב",לא נגבית עמלת הפצה,0.000
איביאי מחקה SP Financial,5129242,קרן מחקה,4,D,"מניות בחו""ל","מניות לפי ענפים בחו""ל - חשופת מט""ח",Financial,"הקרן הינה קרן בלתי מוגבלת בני""ע חוץ,לפי מדיניות השקעותיה הקרן הינה קרן מחקה,קרן להשקעות חוץ – מטבע עיקרי - דולר ארה""ב",יובנק נאמנות,"איביאי קרנות נאמנות ",פטורה,0.250,0.0230,117.0,20.07.2026,186.96,186.96,1.40,"S&P Financial Select Sector- NTR,דולר ארה""ב",לא נגבית עמלת הפצה,0.000
איביאי מחקה SP HealthCare,5129259,קרן מחקה,4,D,"מניות בחו""ל","מניות לפי ענפים בחו""ל - חשופת מט""ח",Health Care,"הקרן הינה קרן בלתי מוגבלת בני""ע חוץ,לפי מדיניות השקעותיה הקרן הינה קרן מחקה,קרן להשקעות חוץ – מטבע עיקרי - דולר ארה""ב",יובנק נאמנות,"איביאי קרנות נאמנות ",פטורה,0.500,0.0200,78.3,20.07.2026,166.34,166.34,2.14,"S&P Health Care Select Sector Index- NTR,דולר ארה""ב",לא נגבית עמלת הפצה,0.000
MTF מח Indx Glob E-Com,5129267,קרן מחקה,4,D,"מניות בחו""ל","מניות לפי ענפים בחו""ל - חשופת מט""ח",e-Commerce,"הקרן הינה קרן בלתי מוגבלת בני""ע חוץ,לפי מדיניות השקעותיה הקרן הינה קרן מחקה,קרן כשרה",אלמגור-בריטמן נאמנות,מגדל,פטורה,0.800,0.0300,8.3,16.07.2026,129.23,129.23,1.61,"Indxx Global E-Commerce Index,דולר ארה""ב",לא נגבית עמלת הפצה,0.000
הראל מחקהSP500,5129275,קרן מחקה,4,D,"מניות בחו""ל","מניות גיאוגרפי - חשופת מט""ח",אמריקה- שווקים מפותחים,"הקרן הינה קרן בלתי מוגבלת בני""ע חוץ,לפי מדיניות השקעותיה הקרן הינה קרן מחקה,קרן להשקעות חוץ – מטבע עיקרי - דולר ארה""ב,קרן כשרה",מזרחי טפחות נאמנות,הראל,פטורה,0.000,0.0250,3439.6,20.07.2026,251.08,251.08,0.98,"S&P 500 - NTR,דולר ארה""ב",לא נגבית עמלת הפצה,0.000
הראל מחקהNDX 100,5129283,קרן מחקה,4,D,"מניות בחו""ל","מניות גיאוגרפי - חשופת מט""ח",אמריקה- שווקים מפותחים,"הקרן הינה קרן בלתי מוגבלת בני""ע חוץ,לפי מדיניות השקעותיה הקרן הינה קרן מחקה,קרן להשקעות חוץ – מטבע עיקרי - דולר ארה""ב,קרן כשרה",מזרחי טפחות נאמנות,הראל,פטורה,0.000,0.0250,1565.3,20.07.2026,350.72,350.72,1.46,"NASDAQ 100 - NTR,דולר ארה""ב",לא נגבית עמלת הפצה,0.000
איביאי מחקה מש מנ ארהב,5129309,קרן מחקה,4,D,"מניות בחו""ל","מניות בחו""ל קרן משולבת",,"הקרן הינה קרן בלתי מוגבלת בני""ע חוץ,לפי מדיניות השקעותיה הקרן הינה קרן מחקה",יובנק נאמנות,"איביאי קרנות נאמנות ",פטורה,0.500,0.0300,242.3,20.07.2026,240.97,240.97,1.10,"S&P 500 - NTR,NASDAQ 100 - NTR,RUSSELL 2000 - NTR,דולר ארה""ב",לא נגבית עמלת הפצה,0.000
איילון בינלאומי 4,5129317,קרן פתוחה,3,D,"אג""ח בארץ - כללי","אג""ח כללי בארץ - חשיפה מרבית מעל 30% מניות",,"הקרן הינה קרן בלתי מוגבלת בני""ע חוץ,הקרן עוקבת תיק של - הבנק הבינלאומי הראשון לישראל",יובנק נאמנות,איילון,פטורה,0.750,0.0300,60.4,20.07.2026,172.95,172.95,0.64,"All-Bond כללי,S&P 500 - NTR",0.35%,0.000
"פוקוס (0A) אג""ח",5129333,קרן פתוחה,0,A,"אג""ח בארץ - כללי","אג""ח כללי בארץ - ללא מניות","אג""ח כללי בארץ ללא מניות וללא סימן קריאה",,יובנק נאמנות,איילון,פטורה,0.750,0.0400,237.0,21.07.2026,129.38,129.38,0.40,All-Bond כללי,0.35%,0.000
תכלית INDXX REAL EST TTF,5129374,קרן מחקה,4,D,"מניות בחו""ל","מניות לפי ענפים בחו""ל - חשופת מט""ח",REIT &  Real Estate,"הקרן הינה קרן בלתי מוגבלת בני""ע חוץ,לפי מדיניות השקעותיה הקרן הינה קרן מחקה,קרן להשקעות חוץ – מטבע עיקרי - דולר ארה""ב,קרן להשק חוץ-פטור ממס לתושבי חוץ",אלמגור-בריטמן נאמנות,מיטב קרנות נאמנות,פטורה,0.800,0.0300,29.2,20.07.2026,155.12,155.12,1.64,"INDXX US INDUSTRIAL REAL ESTATE & LOGISTICS,דולר ארה""ב",לא נגבית עמלת הפצה,0.000
"שופן אג""ח גלאט",5129382,קרן פתוחה,0,B,"אג""ח בארץ - כללי","אג""ח כללי בארץ - ללא מניות","אג""ח כללי בארץ ללא מניות וללא סימן קריאה",קרן כשרה,מזרחי טפחות נאמנות,סיגמא,פטורה,0.890,0.0400,21.2,21.07.2026,120.92,120.92,0.36,All-Bond כללי,0.35%,0.000
הראל כספית ניהול נזילות,5129408,קרן פתוחה,0,0,קרן כספית,כספית שקלית,כספית שקלית עם קונצרני,,יובנק נאמנות,הראל,פטורה,0.170,0.0100,4664.4,21.07.2026,1177.78,1177.78,0.00,אחר,0.1%,0.000
הראל מחקה אינד פד' 2030,5129424,קרן מחקה,0,0,"אג""ח בארץ - חברות והמרה","אג""ח חברות","אג""ח חברות שקלי וצמוד",לפי מדיניות השקעותיה הקרן הינה קרן מחקה,מזרחי טפחות נאמנות,הראל,פטורה,0.200,0.0200,94.6,21.07.2026,124.91,124.91,0.29,אינדקס לפדיון 2030 (מתגלגל כל 6 שנים),לא נגבית עמלת הפצה,0.000
קסם KTF תלבונד שקלי-50,5129432,קרן מחקה,0,0,"אג""ח בארץ - חברות והמרה","אג""ח חברות שקלי",בריבית קבועה,לפי מדיניות השקעותיה הקרן הינה קרן מחקה,יובנק נאמנות,קסם,פטורה,0.000,0.0250,194.4,21.07.2026,116.91,116.91,0.44,תל בונד שקלי-50,לא נגבית עמלת הפצה,0.000
מור עוקבת תיק 2 הבינלאומי,5129457,קרן פתוחה,2,B,"אג""ח בארץ - כללי","אג""ח כללי בארץ - עד 15% מניות",,הקרן עוקבת תיק של - הבנק הבינלאומי הראשון לישראל,יובנק נאמנות,מור קרנות,פטורה,0.740,0.0250,552.4,21.07.2026,136.30,136.30,0.51,"All-Bond כללי,מניות כללי",0.35%,0.000
הראל מנ במומנטום תאLMC,5129465,קרן פתוחה,4,A,מניות בארץ,מניות לפי שווי שוק,מניות Large & Mid Cap,,יובנק נאמנות,הראל,פטורה,1.290,0.0400,807.1,21.07.2026,459.04,459.04,4.05,"ת""א 125",0.35%,0.000
"אלפא טק מניות חו""ל ESG",5129473,קרן פתוחה,4,D,"מניות בחו""ל","מניות כללי בחו""ל","מניות כללי בחו""ל חשופת מט""ח","הקרן הינה קרן בלתי מוגבלת בני""ע חוץ,קרן להשק חוץ-פטור ממס לתושבי חוץ",מזרחי טפחות נאמנות,הראל,פטורה,0.900,0.0400,44.9,20.07.2026,264.86,264.86,1.25,"S&P 500 Scored & Screened Index - NTR,דולר ארה""ב",0.35%,0.000
מגדל עוק אגח תיק 2 בינל,5129499,קרן פתוחה,0,0,"אג""ח בארץ - כללי","אג""ח כללי בארץ - ללא מניות","אג""ח כללי בארץ ללא מניות וללא סימן קריאה",הקרן עוקבת תיק של - הבנק הבינלאומי הראשון לישראל,אלמגור-בריטמן נאמנות,מגדל,פטורה,0.610,0.0400,12.3,21.07.2026,117.81,117.81,0.31,All-Bond כללי,0.35%,0.000
איביאי מחקה Sol ElectrPay,5129507,קרן מחקה,4,D,"מניות בחו""ל","מניות לפי ענפים בחו""ל - חשופת מט""ח",e-Commerce,"הקרן הינה קרן בלתי מוגבלת בני""ע חוץ,לפי מדיניות השקעותיה הקרן הינה קרן מחקה",יובנק נאמנות,"איביאי קרנות נאמנות ",פטורה,0.800,0.0300,1.8,16.07.2026,49.09,49.09,2.60,"Solactive Electronic Payment USD NTR Index,דולר ארה""ב",לא נגבית עמלת הפצה,0.000
הראל כספית דולרית נקובה $,5129523,קרן פתוחה,0,D,קרן כספית,"כספית מט""חית עם קונצרני","נקובת מט""ח","הקרן הינה קרן בלתי מוגבלת בני""ע חוץ,יחידות הקרן נקובות ב- $,קרן להשקעות חוץ – מטבע עיקרי - דולר ארה""ב,קרן להשק חוץ-פטור ממס לתושבי חוץ",יובנק נאמנות,הראל,פטורה,0.150,0.0200,8119.4,20.07.2026,122.56,122.56,1.06,אחר,0.1%,0.000
MTF מח אינדקס A ישראל 2-4,5129531,קרן מחקה,0,0,"אג""ח בארץ - חברות והמרה","אג""ח חברות","אג""ח חברות שקלי וצמוד",לפי מדיניות השקעותיה הקרן הינה קרן מחקה,אלמגור-בריטמן נאמנות,מגדל,פטורה,0.250,0.0300,176.5,21.07.2026,121.53,121.53,0.35,אינדקס A ישראל 2-4,לא נגבית עמלת הפצה,0.000
MTF מח אנד אגח מינוף נמוך,5129549,קרן מחקה,0,0,"אג""ח בארץ - חברות והמרה","אג""ח חברות","אג""ח חברות שקלי וצמוד",לפי מדיניות השקעותיה הקרן הינה קרן מחקה,אלמגור-בריטמן נאמנות,מגדל,פטורה,0.250,0.0300,148.2,21.07.2026,120.53,120.53,0.37,"אינדקס אג""ח במינוף פיננסי נמוך",לא נגבית עמלת הפצה,0.000
הפניקסקסם אגח כללי Aומעלה,5129564,קרן פתוחה,0,0,"אג""ח בארץ - כללי","אג""ח כללי בארץ - ללא מניות","אג""ח כללי בארץ ללא מניות וללא סימן קריאה",,יובנק נאמנות,קסם,פטורה,0.370,0.0400,487.0,21.07.2026,119.82,119.82,0.39,All-Bond כללי,0.35%,0.000
אש עוקבת תיק 3 הבינלאומי,5129598,קרן פתוחה,2,B,"אג""ח בארץ - כללי","אג""ח כללי בארץ - עד 30% מניות",,"הקרן הינה קרן בלתי מוגבלת בני""ע חוץ,הקרן עוקבת תיק של - הבנק הבינלאומי הראשון לישראל",יובנק נאמנות,אלטשולר-שחם קרנות,פטורה,0.700,0.0400,11.5,20.07.2026,138.37,138.37,0.39,"All-Bond כללי,ת""א 125,MSCI World Index Daily Net TR Local,דולר ארה""ב",0.35%,0.000
פסטרנק שהם גמישה,5129606,קרן פתוחה,4,D,גמישות,,,"הקרן הינה קרן בלתי מוגבלת בני""ע חוץ",מזרחי טפחות נאמנות,איילון,פטורה,1.700,0.0500,26.7,20.07.2026,289.81,289.81,1.32,אחר,0.35%,0.000
MTF מח BSTAR Connec Tech,5129648,קרן מחקה,4,D,"מניות בחו""ל","מניות לפי ענפים בחו""ל - חשופת מט""ח",Internet,"הקרן הינה קרן בלתי מוגבלת בני""ע חוץ,לפי מדיניות השקעותיה הקרן הינה קרן מחקה,קרן כשרה",אלמגור-בריטמן נאמנות,מגדל,פטורה,0.800,0.0300,48.5,16.07.2026,221.69,221.69,2.07,"Bluestar Global Connective Technologies Index,דולר ארה""ב",לא נגבית עמלת הפצה,0.000
אנליסט עוקבת 3 הבנק הבינל,5129655,קרן פתוחה,2,B,"אג""ח בארץ - כללי","אג""ח כללי בארץ - עד 30% מניות",,הקרן עוקבת תיק של - הבנק הבינלאומי הראשון לישראל,מזרחי טפחות נאמנות,אנליסט,פטורה,0.690,0.0300,73.9,21.07.2026,155.18,155.18,0.60,"All-Bond כללי,ת""א 125,S&P 500 - NTR,דולר ארה""ב",0.35%,0.000
הראל מחקה אנד אגח תזרA מע,5129663,קרן מחקה,0,0,"אג""ח בארץ - חברות והמרה","אג""ח חברות","אג""ח חברות שקלי וצמוד",לפי מדיניות השקעותיה הקרן הינה קרן מחקה,מזרחי טפחות נאמנות,הראל,פטורה,0.150,0.0200,66.6,21.07.2026,123.29,123.29,0.33,"אינדקס אג""ח תזרימיות A ומעלה",לא נגבית עמלת הפצה,0.000
הראל מחקה תב צמ בנ לא קוק,5129689,קרן מחקה,0,0,"אג""ח בארץ - חברות והמרה","אג""ח חברות צמודות מדד",בריבית קבועה,"לפי מדיניות השקעותיה הקרן הינה קרן מחקה,קרן כשרה",מזרחי טפחות נאמנות,הראל,פטורה,0.150,0.0150,368.5,21.07.2026,376.73,376.73,0.23,תל בונד צמודות - בנקים ללא COCO,לא נגבית עמלת הפצה,0.000
הראל מחקה תל דיב,5129697,קרן מחקה,4,A,מניות בארץ,מניות לפי שווי שוק,All Cap,לפי מדיניות השקעותיה הקרן הינה קרן מחקה,מזרחי טפחות נאמנות,הראל,פטורה,0.600,0.0150,63.4,21.07.2026,4564.43,4564.43,3.72,תל דיב,לא נגבית עמלת הפצה,0.000
הראל מחקה תא סקטור-באלאנס,5129705,קרן מחקה,4,A,מניות בארץ,מניות לפי שווי שוק,Mid Cap & Large,לפי מדיניות השקעותיה הקרן הינה קרן מחקה,מזרחי טפחות נאמנות,הראל,פטורה,0.130,0.0150,167.0,21.07.2026,4705.87,4705.87,3.66,"ת""א סקטור-באלאנס",לא נגבית עמלת הפצה,0.000
הראל מחקה DJ US DIV,5129721,קרן מחקה,4,D,"מניות בחו""ל","מניות גיאוגרפי - חשופת מט""ח",אמריקה- שווקים מפותחים,"הקרן הינה קרן בלתי מוגבלת בני""ע חוץ,לפי מדיניות השקעותיה הקרן הינה קרן מחקה,קרן להשקעות חוץ – מטבע עיקרי - דולר ארה""ב,קרן כשרה",יובנק נאמנות,הראל,פטורה,0.700,0.0200,20.8,20.07.2026,4633.60,4633.60,1.34,"DJ U.S. SELECT DIVIDEND INDEX - NTR,דולר ארה""ב",לא נגבית עמלת הפצה,0.000
הראל מחקה Russell 2000 ממ,5129739,קרן מחקה,4,A,"מניות בחו""ל","מניות גיאוגרפי - מנוטרלת מט""ח",אמריקה- שווקים מפותחים,"הקרן הינה קרן בלתי מוגבלת בני""ע חוץ,לפי מדיניות השקעותיה הקרן הינה קרן מחקה,קרן כשרה",יובנק נאמנות,הראל,פטורה,0.400,0.0200,114.4,20.07.2026,2596.07,2596.07,1.71,RUSSELL 2000 - NTR,לא נגבית עמלת הפצה,0.000
הראל מחקה צריכה בסי SP ממ,5129762,קרן מחקה,4,A,"מניות בחו""ל","מניות לפי ענפים בחו""ל - מנוטרלת מט""ח",Consumer Staples,"הקרן הינה קרן בלתי מוגבלת בני""ע חוץ,לפי מדיניות השקעותיה הקרן הינה קרן מחקה,קרן כשרה",יובנק נאמנות,הראל,פטורה,0.600,0.0200,20.6,20.07.2026,3082.57,3082.57,1.54,S&P Consumer Staples Select Sector - NTR,לא נגבית עמלת הפצה,0.000
הראל מחקה iBox $ 3-7 ממ,5129770,קרן מחקה,0,A,"אג""ח בחו""ל","חברות והמרה  מנוטרלת מט""ח - בינוני",,"הקרן הינה קרן בלתי מוגבלת בני""ע חוץ,לפי מדיניות השקעותיה הקרן הינה קרן מחקה",יובנק נאמנות,הראל,פטורה,0.220,0.0200,474.3,20.07.2026,176.67,176.67,0.30,iBoxx $ Corporates Liquid 3-7 - GTR,לא נגבית עמלת הפצה,0.000
הראל מחקה SP Tech ממ,5129788,קרן מחקה,4,A,"מניות בחו""ל","מניות לפי ענפים בחו""ל - מנוטרלת מט""ח",Technology,"הקרן הינה קרן בלתי מוגבלת בני""ע חוץ,לפי מדיניות השקעותיה הקרן הינה קרן מחקה,קרן כשרה",יובנק נאמנות,הראל,פטורה,0.700,0.0200,302.6,20.07.2026,2947.09,2947.09,2.71,S&P Technology Select Sector Index - NTR,לא נגבית עמלת הפצה,0.000
MTF מח אנד תא 125 Quality,5129887,קרן מחקה,4,A,מניות בארץ,מניות לפי שווי שוק,Mid Cap & Large,לפי מדיניות השקעותיה הקרן הינה קרן מחקה,מזרחי טפחות נאמנות,מגדל,פטורה,0.600,0.0400,77.4,21.07.2026,286.58,286.58,3.47,"אינדקס ת""א-125 Quality ",לא נגבית עמלת הפצה,0.000
מור A ומעלה עד 4 שנים,5129937,קרן פתוחה,0,A,"אג""ח בארץ - חברות והמרה",חברות והמרה ללא מניות,"חברות והמרה ללא מניות וללא סימן קריאה, עם מגבלת מח""מ עד 5 שנים",,יובנק נאמנות,מור קרנות,פטורה,0.760,0.0300,542.2,21.07.2026,122.72,122.72,0.29,"אג""ח כללי - קונצרני",0.35%,0.000
"FOREST אג""ח ללא מניות",5129978,קרן פתוחה,0,B,"אג""ח בארץ - כללי","אג""ח כללי בארץ - ללא מניות","אג""ח כללי בארץ ללא מניות עם סימן קריאה",,מזרחי טפחות נאמנות,פורסט,פטורה,0.750,0.0400,720.0,21.07.2026,131.76,131.76,0.25,All-Bond כללי,0.35%,0.000
MTF מח אנד אגח בנק וביטוח,5130000,קרן מחקה,0,0,"אג""ח בארץ - חברות והמרה","אג""ח חברות","אג""ח חברות שקלי וצמוד",לפי מדיניות השקעותיה הקרן הינה קרן מחקה,מזרחי טפחות נאמנות,מגדל,פטורה,0.250,0.0300,128.3,21.07.2026,113.42,113.42,0.35,"אינדקס אג""ח בנקים וביטוח",לא נגבית עמלת הפצה,0.000
הראל מחקה אנד אגח CoCo בנ,5130018,קרן מחקה,0,0,"אג""ח בארץ - חברות והמרה","אג""ח חברות","אג""ח חברות שקלי וצמוד",לפי מדיניות השקעותיה הקרן הינה קרן מחקה,מזרחי טפחות נאמנות,הראל,פטורה,0.360,0.0200,560.9,21.07.2026,129.58,129.58,0.39,"אינדקס אג""ח CoCo בנקים",לא נגבית עמלת הפצה,0.000
הראל מחקהDJ US Medic Eq,5130026,קרן מחקה,4,D,"מניות בחו""ל","מניות לפי ענפים בחו""ל - חשופת מט""ח",Health Care,"הקרן הינה קרן בלתי מוגבלת בני""ע חוץ,לפי מדיניות השקעותיה הקרן הינה קרן מחקה,קרן להשקעות חוץ – מטבע עיקרי - דולר ארה""ב,קרן כשרה",מזרחי טפחות נאמנות,הראל,פטורה,0.800,0.0250,49.8,20.07.2026,104.26,104.26,2.42,"Dow Jones U.S. Select Medical Equipment ,דולר ארה""ב",לא נגבית עמלת הפצה,0.000
איילון תיק מניות כשרה,5130042,קרן פתוחה,4,B,מניות בארץ,מניות לפי שווי שוק,מניות All Cap,"הקרן הינה קרן בלתי מוגבלת בני""ע חוץ,קרן כשרה",יובנק נאמנות,איילון,פטורה,0.800,0.0400,133.4,20.07.2026,265.01,265.01,1.58,"ת""א 125",0.35%,0.000
ורדן Flexible,5130059,קרן פתוחה,4,D,גמישות,,,"הקרן הינה קרן בלתי מוגבלת בני""ע חוץ",יובנק נאמנות,איילון,פטורה,1.880,0.0450,4.1,20.07.2026,151.33,151.31,1.66,אחר,0.35%,0.000
איביאי אסטרטגיות ממונפת,5130067,קרן פתוחה,6,F,ממונפות ואסטרטגיות,ממונפות בסיכון גבוה,,"הקרן הינה קרן בלתי מוגבלת בני""ע חוץ,הקרן הינה קרן ממונפת",יובנק נאמנות,"איביאי קרנות נאמנות ",פטורה,2.000,0.0500,567.2,20.07.2026,195.41,195.40,0.61,אחר,0.35%,0.000
MTF מח אנד צמוד בנק ביטוח,5130083,קרן מחקה,0,0,"אג""ח בארץ - חברות והמרה","אג""ח חברות צמודות מדד",בריבית קבועה,"לפי מדיניות השקעותיה הקרן הינה קרן מחקה,קרן כשרה",מזרחי טפחות נאמנות,מגדל,פטורה,0.200,0.0300,79.4,21.07.2026,114.66,114.66,0.23,אינדקס צמודות בנקים וביטוח,לא נגבית עמלת הפצה,0.000
קסם אקט כספית דולרית-נקו$,5130091,קרן פתוחה,0,D,קרן כספית,"כספית מט""חית עם קונצרני","נקובת מט""ח","הקרן הינה קרן בלתי מוגבלת בני""ע חוץ,יחידות הקרן נקובות ב- $,קרן להשקעות חוץ – מטבע עיקרי - דולר ארה""ב,קרן להשק חוץ-פטור ממס לתושבי חוץ",יובנק נאמנות,קסם,פטורה,0.250,0.0100,608.4,20.07.2026,120.11,120.11,1.05,אחר,0.1%,0.000
תכלית TTF תלבונד ש 3-5,5130133,קרן מחקה,0,0,"אג""ח בארץ - חברות והמרה","אג""ח חברות שקלי",בריבית קבועה - בינוני,לפי מדיניות השקעותיה הקרן הינה קרן מחקה,אלמגור-בריטמן נאמנות,מיטב קרנות נאמנות,פטורה,0.000,0.0300,69.9,21.07.2026,4422.55,4422.55,0.40,תל בונד-שקלי 3-5,לא נגבית עמלת הפצה,0.000
תכליתChina HXCNTR TTF ממ,5130141,קרן מחקה,4,A,"מניות בחו""ל","מניות גיאוגרפי - מנוטרלת מט""ח",אסיה ופסיפיק- שווקים מתעוררים,"הקרן הינה קרן בלתי מוגבלת בני""ע חוץ,לפי מדיניות השקעותיה הקרן הינה קרן מחקה",הרמטיק נאמנות,מיטב קרנות נאמנות,פטורה,0.800,0.0300,5.5,20.07.2026,4755.20,4755.20,2.35,NASDAQ Golden Dragon China ,לא נגבית עמלת הפצה,0.000
תכלית TTF תלבונד צ AA-AAA,5130158,קרן מחקה,0,0,"אג""ח בארץ - חברות והמרה","אג""ח חברות צמודות מדד",בריבית קבועה,לפי מדיניות השקעותיה הקרן הינה קרן מחקה,אלמגור-בריטמן נאמנות,מיטב קרנות נאמנות,פטורה,0.200,0.0300,193.3,21.07.2026,4270.37,4270.37,0.35,תל בונד-צמודות AA-AAA,לא נגבית עמלת הפצה,0.000
תכלית TTF תלבונד ש 1-3,5130166,קרן מחקה,0,0,"אג""ח בארץ - חברות והמרה","אג""ח חברות שקלי",בריבית קבועה - קצר,לפי מדיניות השקעותיה הקרן הינה קרן מחקה,אלמגור-בריטמן נאמנות,מיטב קרנות נאמנות,פטורה,0.000,0.0300,177.9,21.07.2026,4778.64,4778.64,0.26,תל בונד-שקלי 1-3,לא נגבית עמלת הפצה,0.000
תכלית TTF תלבונד ש 5-15,5130174,קרן מחקה,0,0,"אג""ח בארץ - חברות והמרה","אג""ח חברות שקלי",בריבית קבועה - ארוך,לפי מדיניות השקעותיה הקרן הינה קרן מחקה,אלמגור-בריטמן נאמנות,מיטב קרנות נאמנות,פטורה,0.050,0.0300,547.9,21.07.2026,4503.82,4503.82,0.60,תל בונד-שקלי 5-15,לא נגבית עמלת הפצה,0.000
י.ל. 40/60,5130182,קרן פתוחה,3,C,"אג""ח בארץ - כללי","אג""ח כללי בארץ - חשיפה מרבית מעל 30% מניות",,,יובנק נאמנות,ילין לפידות,פטורה,0.840,0.0400,287.9,21.07.2026,178.57,178.57,1.25,"All-Bond כללי,מניות כללי",0.35%,0.000
י.ל. A ומעלה+10%,5130190,קרן פתוחה,1,A,"אג""ח בארץ - חברות והמרה",חברות והמרה עם מניות,חברות והמרה עם מניות ללא סימן קריאה,,יובנק נאמנות,ילין לפידות,פטורה,0.790,0.0400,330.5,21.07.2026,145.07,145.07,0.50,"אג""ח כללי - קונצרני",0.35%,0.000
י.ל. מדינה + 20%,5130208,קרן פתוחה,2,B,"אג""ח בארץ - מדינה","אג""ח מדינה כללי - עד 20% מניות",,,יובנק נאמנות,ילין לפידות,פטורה,0.540,0.0400,26.4,21.07.2026,128.20,128.20,0.78,"תל גוב-כללי,מניות כללי",0.35%,0.000
מגדל אגח חברות + 25%,5130224,קרן פתוחה,2,A,"אג""ח בארץ - חברות והמרה",חברות והמרה עם מניות,חברות והמרה עם מניות ללא סימן קריאה,,אלמגור-בריטמן נאמנות,מגדל,פטורה,0.690,0.0400,19.2,21.07.2026,150.35,150.35,0.81,"אג""ח כללי - קונצרני",0.35%,0.000
ברק גמישה,5130240,קרן פתוחה,4,D,גמישות,,,"הקרן הינה קרן בלתי מוגבלת בני""ע חוץ",יובנק נאמנות,ברק,פטורה,1.800,0.1000,5.0,20.07.2026,196.01,196.01,2.43,אחר,0.35%,0.000
איביאי 20/90,5130265,קרן פתוחה,2,C,ממונפות ואסטרטגיות,אסטרטגיות (לא ממונפות),,"הקרן הינה קרן בלתי מוגבלת בני""ע חוץ",יובנק נאמנות,"איביאי קרנות נאמנות ",פטורה,0.890,0.0500,274.3,20.07.2026,142.49,142.49,0.28,"תל גוב-מק""מ",0.35%,0.000
הראל מניות פיננסים,5130273,קרן פתוחה,4,A,מניות בארץ,מניות לפי ענפים,,,יובנק נאמנות,הראל,פטורה,1.500,0.0400,123.5,21.07.2026,339.05,339.05,4.10,"ת""א פיננסים,ת""א נדל""ן",0.35%,0.000
איביאי מחקה BDef&Cy&Intel,5130299,קרן מחקה,4,D,"מניות בחו""ל","מניות לפי ענפים בחו""ל - חשופת מט""ח",Cyber Security,"הקרן הינה קרן בלתי מוגבלת בני""ע חוץ,לפי מדיניות השקעותיה הקרן הינה קרן מחקה",יובנק נאמנות,"איביאי קרנות נאמנות ",פטורה,0.800,0.0300,8.4,16.07.2026,250.53,250.53,2.01,"BlueStar Defense & Cyber & Intelligence,דולר ארה""ב",לא נגבית עמלת הפצה,0.000
איילון 10/90,5130307,קרן פתוחה,1,B,"אג""ח בארץ - כללי","אג""ח כללי בארץ - עד 10% מניות","אג""ח כללי בארץ- עד 10% מניות ללא סימן קריאה",,מזרחי טפחות נאמנות,איילון,פטורה,0.800,0.0300,571.0,21.07.2026,157.77,157.77,0.57,"All-Bond כללי,ת""א 125",0.35%,0.000
איילון אגח ללא מניות,5130315,קרן פתוחה,0,B,"אג""ח בארץ - כללי","אג""ח כללי בארץ - ללא מניות","אג""ח כללי בארץ ללא מניות וללא סימן קריאה",,מזרחי טפחות נאמנות,איילון,פטורה,0.790,0.0300,1701.4,21.07.2026,133.97,133.97,0.34,All-Bond כללי,0.35%,0.000
איילון מימון ואש חוץ בנק,5130323,קרן פתוחה,4,B,מניות בארץ,מניות לפי ענפים,,,מזרחי טפחות נאמנות,איילון,פטורה,1.500,0.0400,16.6,21.07.2026,192.29,192.29,3.01,"ת""א ביטוח ושירותים פיננסים",0.35%,0.000
ב. אלטרנטיב מניות ישראל,5130349,קרן פתוחה,4,B,מניות בארץ,מניות לפי שווי שוק,מניות All Cap,,יובנק נאמנות,איילון,פטורה,1.800,0.0400,480.0,21.07.2026,466.14,466.14,2.84,מניות כללי,0.35%,0.000
י.ל. קונצרני ישראל,5130356,קרן פתוחה,0,A,"אג""ח בארץ - חברות והמרה",חברות והמרה ללא מניות,חברות והמרה ללא מניות עם סימן קריאה,,יובנק נאמנות,ילין לפידות,פטורה,0.750,0.0400,556.6,21.07.2026,133.81,133.81,0.33,"אג""ח כללי - קונצרני",0.35%,0.000
מור ברקת 30/70,5130364,קרן פתוחה,2,B,"אג""ח בארץ - כללי","אג""ח כללי בארץ - עד 30% מניות",,"הקרן הינה קרן בלתי מוגבלת בני""ע חוץ",יובנק נאמנות,מור קרנות,פטורה,0.580,0.0300,161.7,20.07.2026,183.29,182.02,0.64,"All-Bond כללי,ת""א 125",0.35%,0.700
MTF מח אנ מש בנק 2080,5130372,קרן מחקה,2,0,"אג""ח בארץ משולבת",עד 20% מניות,,לפי מדיניות השקעותיה הקרן הינה קרן מחקה,מזרחי טפחות נאמנות,מגדל,פטורה,0.250,0.0400,182.0,21.07.2026,153.95,153.95,0.89,אינדקס בנקים ישראל 20/80,לא נגבית עמלת הפצה,0.000
איביאי מחקה תלב-בנק ביטוח,5130380,קרן מחקה,0,0,"אג""ח בארץ - חברות והמרה","אג""ח חברות שקלי",בריבית קבועה,לפי מדיניות השקעותיה הקרן הינה קרן מחקה,יובנק נאמנות,"איביאי קרנות נאמנות ",פטורה,0.200,0.0200,330.7,21.07.2026,116.45,116.45,0.45,תל בונד שקלי- בנקים וביטוח,לא נגבית עמלת הפצה,0.000
MTF מח Indx Pure Cyber מד,5130398,קרן מחקה,4,D,"מניות בחו""ל","מניות לפי ענפים בחו""ל - מנוטרלת מט""ח",Cyber Security,"הקרן הינה קרן בלתי מוגבלת בני""ע חוץ,לפי מדיניות השקעותיה הקרן הינה קרן מחקה",אלמגור-בריטמן נאמנות,מגדל,פטורה,0.800,0.0300,21.6,20.07.2026,157.48,157.48,2.66,INDXX PURE CYBER INDEX,לא נגבית עמלת הפצה,0.000
פרופאונד אג מדורגות,5130414,קרן פתוחה,0,A,"אג""ח בארץ - חברות והמרה",חברות והמרה ללא מניות,חברות והמרה ללא מניות עם סימן קריאה,,מזרחי טפחות נאמנות,איילון,פטורה,0.800,0.0400,102.3,21.07.2026,124.25,124.25,0.33,"אג""ח כללי - קונצרני",0.35%,0.000
פרופאונד גמישה,5130422,קרן פתוחה,4,D,גמישות,,,,מזרחי טפחות נאמנות,איילון,פטורה,1.750,0.0500,104.5,21.07.2026,307.02,307.02,2.90,אחר,0.35%,0.000
פרופאונד 20/80,5130430,קרן פתוחה,2,B,"אג""ח בארץ - כללי","אג""ח כללי בארץ - עד 20% מניות",,,מזרחי טפחות נאמנות,איילון,פטורה,0.770,0.0400,30.1,21.07.2026,142.25,142.25,0.81,"All-Bond כללי,מניות כללי",0.35%,0.000
מיטב אגח קונצרני מדורג 5ש,5130455,קרן פתוחה,0,B,"אג""ח בארץ - חברות והמרה",חברות והמרה ללא מניות,"חברות והמרה ללא מניות וללא סימן קריאה, עם מגבלת מח""מ עד 5 שנים",,יובנק נאמנות,מיטב קרנות נאמנות,פטורה,0.680,0.0300,111.0,21.07.2026,124.06,124.06,0.26,"אג""ח כללי - קונצרני",0.35%,0.000
"מיטב אג""ח עד 4 שנים",5130463,קרן פתוחה,0,A,"אג""ח בארץ - כללי","אג""ח כללי בארץ - ללא מניות","אג""ח כללי בארץ ללא מניות וללא סימן קריאה, עם מגבלת מח""מ עד 5 שנים",,יובנק נאמנות,מיטב קרנות נאמנות,פטורה,0.590,0.0300,222.4,21.07.2026,126.91,126.91,0.31,All-Bond כללי,0.35%,0.000
הראל איתן,5130505,קרן פתוחה,4,D,גמישות,,,"הקרן הינה קרן בלתי מוגבלת בני""ע חוץ,הקרן היא קרן מועדים קבועים",יובנק נאמנות,הראל,פטורה,0.000,0.0400,423.5,20.07.2026,430.43,409.93,2.07,אחר,0.35%,5.000
MTF מח תל גוב-שקלי 5+,5130513,קרן מחקה,0,0,"אג""ח בארץ - מדינה","אג""ח מדינה שקליות",ריבית קבועה - ארוך,"לפי מדיניות השקעותיה הקרן הינה קרן מחקה,קרן כשרה",אלמגור-בריטמן נאמנות,מגדל,פטורה,0.000,0.0300,319.7,21.07.2026,92.71,92.71,0.92,תל גוב-שקלי 5+,לא נגבית עמלת הפצה,0.000
MTF מח S&P 500 S&S ממ,5130521,קרן מחקה,4,A,"מניות בחו""ל","מניות גיאוגרפי - מנוטרלת מט""ח",אמריקה- שווקים מפותחים,"הקרן הינה קרן בלתי מוגבלת בני""ע חוץ,לפי מדיניות השקעותיה הקרן הינה קרן מחקה,קרן כשרה",אלמגור-בריטמן נאמנות,מגדל,פטורה,0.000,0.0300,160.2,20.07.2026,217.27,217.27,1.15,S&P 500 Scored & Screened Index - NTR,לא נגבית עמלת הפצה,0.000
הפניקס קסם אגח ללא מניות,5130539,קרן פתוחה,0,A,"אג""ח בארץ - כללי","אג""ח כללי בארץ - ללא מניות","אג""ח כללי בארץ ללא מניות עם סימן קריאה",,אלמגור-בריטמן נאמנות,קסם,פטורה,0.840,0.0300,707.5,21.07.2026,113.15,113.15,0.36,All-Bond כללי,0.35%,0.000
"הפניקס קסם מניות חו""ל",5130554,קרן פתוחה,4,D,"מניות בחו""ל","מניות כללי בחו""ל","מניות כללי בחו""ל חשופת מט""ח","הקרן הינה קרן בלתי מוגבלת בני""ע חוץ",אלמגור-בריטמן נאמנות,קסם,פטורה,1.790,0.0300,456.5,20.07.2026,183.38,182.47,1.02,"MSCI AC WORLD INDEX - NTR,דולר ארה""ב",0.35%,0.500
קסם אקט עוקב אג תיק 3 בינ,5130588,קרן פתוחה,0,0,"אג""ח בארץ - כללי","אג""ח כללי בארץ - ללא מניות","אג""ח כללי בארץ ללא מניות וללא סימן קריאה",הקרן עוקבת תיק של - הבנק הבינלאומי הראשון לישראל,אלמגור-בריטמן נאמנות,קסם,פטורה,0.620,0.0300,30.8,21.07.2026,125.25,125.25,0.35,All-Bond כללי,0.35%,0.000
MTF מח מש אנד 2080 נד מני,5130596,קרן מחקה,2,A,"אג""ח בארץ משולבת",עד 20% מניות,,לפי מדיניות השקעותיה הקרן הינה קרן מחקה,מזרחי טפחות נאמנות,מגדל,פטורה,0.000,0.0300,18.4,21.07.2026,143.37,143.37,1.23,"אינדקס נדל""ן מניב 20/80",לא נגבית עמלת הפצה,0.000
MTF מח אנד תשתיות ישראל,5130604,קרן מחקה,4,A,מניות בארץ,מניות לפי ענפים,תשתיות,לפי מדיניות השקעותיה הקרן הינה קרן מחקה,מזרחי טפחות נאמנות,מגדל,פטורה,0.500,0.0300,1306.6,21.07.2026,328.65,328.65,4.65,אינדקס תשתיות לאומיות ישראל,לא נגבית עמלת הפצה,0.000
סיגמא מדינה עד 5 ללא מניו,5130612,קרן פתוחה,0,A,"אג""ח בארץ - מדינה","אג""ח מדינה כללי - ללא מניות",,,אלמגור-בריטמן נאמנות,סיגמא,פטורה,0.550,0.0400,711.1,21.07.2026,116.10,116.10,0.34,תל גוב-כללי,0.35%,0.000
MTF מח תא 90,5130620,קרן מחקה,4,A,מניות בארץ,מניות לפי שווי שוק,Mid Cap,לפי מדיניות השקעותיה הקרן הינה קרן מחקה,אלמגור-בריטמן נאמנות,מגדל,פטורה,0.100,0.0300,797.6,21.07.2026,258.46,258.46,4.09,"ת""א 90",לא נגבית עמלת הפצה,0.000
"הראל מחקה ת""א 90",5130638,קרן מחקה,4,A,מניות בארץ,מניות לפי שווי שוק,Mid Cap,לפי מדיניות השקעותיה הקרן הינה קרן מחקה,מזרחי טפחות נאמנות,הראל,פטורה,0.000,0.0200,1356.8,21.07.2026,254.81,254.81,4.09,"ת""א 90",לא נגבית עמלת הפצה,0.000
"הראל מחקה ת""א 35",5130661,קרן מחקה,4,A,מניות בארץ,מניות לפי שווי שוק,Large Cap,לפי מדיניות השקעותיה הקרן הינה קרן מחקה,מזרחי טפחות נאמנות,הראל,פטורה,0.000,0.0200,1738.8,21.07.2026,243.00,243.00,3.10,"ת""א-35",לא נגבית עמלת הפצה,0.000
איביאי מחקה תא 35,5130687,קרן מחקה,4,A,מניות בארץ,מניות לפי שווי שוק,Large Cap,לפי מדיניות השקעותיה הקרן הינה קרן מחקה,יובנק נאמנות,"איביאי קרנות נאמנות ",פטורה,0.250,0.0200,386.8,21.07.2026,242.79,242.79,3.10,"ת""א-35",לא נגבית עמלת הפצה,0.000
איביאי מחקה תלב-צמוד3-5,5130695,קרן מחקה,0,0,"אג""ח בארץ - חברות והמרה","אג""ח חברות צמודות מדד",בריבית קבועה - בינוני,לפי מדיניות השקעותיה הקרן הינה קרן מחקה,יובנק נאמנות,"איביאי קרנות נאמנות ",פטורה,0.200,0.0200,283.4,21.07.2026,120.60,120.60,0.32,תל בונד-צמודות 3-5,לא נגבית עמלת הפצה,0.000
איביאי מחקה איA-AAמנ-מרוח,5130703,קרן מחקה,0,0,"אג""ח בארץ - חברות והמרה","אג""ח חברות","אג""ח חברות שקלי וצמוד",לפי מדיניות השקעותיה הקרן הינה קרן מחקה,יובנק נאמנות,"איביאי קרנות נאמנות ",פטורה,0.300,0.0200,536.6,21.07.2026,120.27,120.27,0.35,אינדקס AA-A מנגנון מרווח,לא נגבית עמלת הפצה,0.000
אימפקט 10/90,5130729,קרן פתוחה,1,B,"אג""ח בארץ - כללי","אג""ח כללי בארץ - עד 10% מניות","אג""ח כללי בארץ- עד 10% מניות ללא סימן קריאה",,מזרחי טפחות נאמנות,איילון,פטורה,0.800,0.0400,53.6,21.07.2026,131.60,131.60,0.52,"All-Bond כללי,ת""א 125",0.35%,0.000
איביאי מחקה ShilerCAPE®US,5130737,קרן מחקה,4,D,"מניות בחו""ל","מניות גיאוגרפי - חשופת מט""ח",אמריקה- שווקים מפותחים,"הקרן הינה קרן בלתי מוגבלת בני""ע חוץ,לפי מדיניות השקעותיה הקרן הינה קרן מחקה,קרן להשקעות חוץ – מטבע עיקרי - דולר ארה""ב,קרן כשרה",יובנק נאמנות,"איביאי קרנות נאמנות ",פטורה,0.790,0.0200,459.4,20.07.2026,215.69,215.69,0.98,"Shiller Barclays CAPE® US Core Mid-Month Sector Net TR Index,דולר ארה""ב",לא נגבית עמלת הפצה,0.000
MTF מח Indxx ReEnergy מד,5130745,קרן מחקה,4,D,"מניות בחו""ל","מניות לפי ענפים בחו""ל - מנוטרלת מט""ח",Alternative / Renewable Energy,"הקרן הינה קרן בלתי מוגבלת בני""ע חוץ,לפי מדיניות השקעותיה הקרן הינה קרן מחקה,קרן כשרה",אלמגור-בריטמן נאמנות,מגדל,פטורה,0.800,0.0300,38.9,16.07.2026,143.35,143.31,1.78,Indxx Renewable Energy Index,לא נגבית עמלת הפצה,0.000
איביאי מחקה STOXX 600,5130752,קרן מחקה,4,D,"מניות בחו""ל","מניות גיאוגרפי - חשופת מט""ח",אירופה- כללי,"הקרן הינה קרן בלתי מוגבלת בני""ע חוץ,לפי מדיניות השקעותיה הקרן הינה קרן מחקה,קרן להשקעות חוץ – מטבע עיקרי - אירו",יובנק נאמנות,"איביאי קרנות נאמנות ",פטורה,0.250,0.0250,147.5,20.07.2026,168.83,168.64,0.97,"STOXX Europe 600 - NTR,אירו",לא נגבית עמלת הפצה,0.000
"פורצ'ן אג""ח ללא מניות",5130802,קרן פתוחה,0,B,"אג""ח בארץ - כללי","אג""ח כללי בארץ - ללא מניות","אג""ח כללי בארץ ללא מניות עם סימן קריאה",קרן להשק חוץ-פטור ממס לתושבי חוץ,מזרחי טפחות נאמנות,איילון,פטורה,0.790,0.0400,170.7,21.07.2026,158.06,158.06,0.41,All-Bond כללי,0.35%,0.000
פסטרנק שהם 30/70,5130810,קרן פתוחה,2,B,"אג""ח בארץ - כללי","אג""ח כללי בארץ - עד 30% מניות",,,מזרחי טפחות נאמנות,איילון,פטורה,0.780,0.0400,801.4,21.07.2026,220.32,220.32,0.79,"All-Bond כללי,מניות כללי",0.35%,0.000
תכלית TTF תל בונד בנקבטח,5130828,קרן מחקה,0,0,"אג""ח בארץ - חברות והמרה","אג""ח חברות שקלי",בריבית קבועה,לפי מדיניות השקעותיה הקרן הינה קרן מחקה,הרמטיק נאמנות,מיטב קרנות נאמנות,פטורה,0.000,0.0300,194.4,21.07.2026,117.06,117.06,0.45,תל בונד שקלי- בנקים וביטוח,לא נגבית עמלת הפצה,0.000
תכלית TTF תל בונד שAA-AAA,5130836,קרן מחקה,0,0,"אג""ח בארץ - חברות והמרה","אג""ח חברות שקלי",בריבית קבועה,לפי מדיניות השקעותיה הקרן הינה קרן מחקה,הרמטיק נאמנות,מיטב קרנות נאמנות,פטורה,0.000,0.0300,218.5,21.07.2026,117.23,117.23,0.41,תל בונד-שקלי AA-AAA,לא נגבית עמלת הפצה,0.000
קסם SP500 KTF נקובה $,5130851,קרן מחקה,4,D,"מניות בחו""ל","מניות גיאוגרפי - חשופת מט""ח",אמריקה- שווקים מפותחים,"הקרן הינה קרן בלתי מוגבלת בני""ע חוץ,לפי מדיניות השקעותיה הקרן הינה קרן מחקה,יחידות הקרן נקובות ב- $,קרן להשקעות חוץ – מטבע עיקרי - דולר ארה""ב,קרן להשק חוץ-פטור ממס לתושבי חוץ",הרמטיק נאמנות,קסם,פטורה,0.200,0.0300,94.6,20.07.2026,269.13,269.13,0.95,S&P 500 - NTR,לא נגבית עמלת הפצה,0.000
קסם ICCHNG KTF,5130869,קרן מחקה,4,D,"מניות בחו""ל","מניות לפי ענפים בחו""ל - חשופת מט""ח",Alternative / Renewable Energy,"הקרן הינה קרן בלתי מוגבלת בני""ע חוץ,לפי מדיניות השקעותיה הקרן הינה קרן מחקה,קרן להשקעות חוץ – מטבע עיקרי - דולר ארה""ב,קרן להשק חוץ-פטור ממס לתושבי חוץ",הרמטיק נאמנות,קסם,פטורה,0.800,0.0300,14.2,16.07.2026,159.53,159.53,1.47,"Indxx Climate Change Solutions ,דולר ארה""ב",לא נגבית עמלת הפצה,0.000
MTF מח תא טכנולוגיה,5130893,קרן מחקה,4,A,מניות בארץ,מניות לפי ענפים,טכנולוגיה,לפי מדיניות השקעותיה הקרן הינה קרן מחקה,אלמגור-בריטמן נאמנות,מגדל,פטורה,0.450,0.0200,193.0,21.07.2026,268.91,268.91,4.05,"ת""א-טכנולוגיה",לא נגבית עמלת הפצה,0.000
איביאי מחקה תא 90,5130919,קרן מחקה,4,A,מניות בארץ,מניות לפי שווי שוק,Mid Cap,לפי מדיניות השקעותיה הקרן הינה קרן מחקה,יובנק נאמנות,"איביאי קרנות נאמנות ",פטורה,0.200,0.0200,528.3,21.07.2026,278.79,278.79,4.09,"ת""א 90",לא נגבית עמלת הפצה,0.000
קסם KTF תא טכנולוגיה,5130927,קרן מחקה,4,A,מניות בארץ,מניות לפי ענפים,טכנולוגיה,לפי מדיניות השקעותיה הקרן הינה קרן מחקה,הרמטיק נאמנות,קסם,פטורה,0.250,0.0300,192.2,21.07.2026,262.78,262.78,4.05,"ת""א-טכנולוגיה",לא נגבית עמלת הפצה,0.000
קסם KTF אג שק ביט שיר פינ,5130943,קרן מחקה,0,0,"אג""ח בארץ - חברות והמרה","אג""ח חברות שקלי",בריבית קבועה,לפי מדיניות השקעותיה הקרן הינה קרן מחקה,הרמטיק נאמנות,קסם,פטורה,0.000,0.0300,46.5,21.07.2026,114.16,114.16,0.38,"אינדקס אג""ח שקלי ביטוח ושירותים פיננסיים ",לא נגבית עמלת הפצה,0.000
אנליסט סולידית,5130950,קרן פתוחה,0,B,"אג""ח בארץ - כללי","אג""ח כללי בארץ - ללא מניות","אג""ח כללי בארץ בדירוג גבוה בלבד (AA ומעלה ו/ או מדינה)",,מזרחי טפחות נאמנות,אנליסט,פטורה,0.500,0.0300,38.3,21.07.2026,118.32,118.32,0.23,All-Bond כללי,0.35%,0.000
MTF מח BSTAR Solar En מד,5130976,קרן מחקה,4,D,"מניות בחו""ל","מניות לפי ענפים בחו""ל - מנוטרלת מט""ח",Alternative / Renewable Energy,"הקרן הינה קרן בלתי מוגבלת בני""ע חוץ,לפי מדיניות השקעותיה הקרן הינה קרן מחקה,קרן כשרה",אלמגור-בריטמן נאמנות,מגדל,פטורה,0.800,0.0300,12.2,16.07.2026,78.27,78.27,4.62,BlueStar Solar Energy Industry Index,לא נגבית עמלת הפצה,0.000
"י.ל. מניות נדל""ן",5130984,קרן פתוחה,4,B,מניות בארץ,מניות לפי ענפים,,,יובנק נאמנות,ילין לפידות,פטורה,1.200,0.0400,36.2,21.07.2026,223.40,223.40,4.35,"נדל""ן ובינוי",0.35%,0.000
איביאי מחקה תלב-שקלAA-AAA,5130992,קרן מחקה,0,0,"אג""ח בארץ - חברות והמרה","אג""ח חברות שקלי",בריבית קבועה,לפי מדיניות השקעותיה הקרן הינה קרן מחקה,יובנק נאמנות,"איביאי קרנות נאמנות ",פטורה,0.200,0.0200,223.2,21.07.2026,118.35,118.35,0.41,תל בונד-שקלי AA-AAA,לא נגבית עמלת הפצה,0.000
איביאי מחקה תלב-צמוAA-AAA,5131008,קרן מחקה,0,0,"אג""ח בארץ - חברות והמרה","אג""ח חברות צמודות מדד",בריבית קבועה,לפי מדיניות השקעותיה הקרן הינה קרן מחקה,יובנק נאמנות,"איביאי קרנות נאמנות ",פטורה,0.200,0.0200,330.5,21.07.2026,124.05,124.05,0.36,תל בונד-צמודות AA-AAA,לא נגבית עמלת הפצה,0.000
מור אנרגיה נקיה גלובלי,5131040,קרן פתוחה,4,D,"מניות בחו""ל","מניות לפי ענפים בחו""ל",,"הקרן הינה קרן בלתי מוגבלת בני""ע חוץ",יובנק נאמנות,מור קרנות,פטורה,1.850,0.0300,37.2,20.07.2026,150.38,150.38,1.82,"S&P Global Clean Energy Transition Index,דולר ארה""ב",0.35%,0.000
מגדל אג מדינה ומניות עד10,5131057,קרן פתוחה,1,A,"אג""ח בארץ - מדינה","אג""ח מדינה כללי - עד 10% מניות",,,אלמגור-בריטמן נאמנות,מגדל,פטורה,0.430,0.0400,317.4,21.07.2026,6029.29,6029.29,0.50,תל גוב-כללי,0.35%,0.000
"הראל מחקה ת""א טכנולוגיה",5131081,קרן מחקה,4,A,מניות בארץ,מניות לפי ענפים,טכנולוגיה,לפי מדיניות השקעותיה הקרן הינה קרן מחקה,מזרחי טפחות נאמנות,הראל,פטורה,0.150,0.0200,283.3,21.07.2026,254.00,254.00,4.05,"ת""א-טכנולוגיה",לא נגבית עמלת הפצה,0.000
"מגדל אג""ח ומניות עד 20%",5131099,קרן פתוחה,2,B,"אג""ח בארץ - כללי","אג""ח כללי בארץ - עד 20% מניות",,,אלמגור-בריטמן נאמנות,מגדל,חייבת,0.750,0.0400,78.0,21.07.2026,9576.22,9576.22,0.59,All-Bond כללי,0.35%,0.000
"הראל איתן אג""ח",5131107,קרן פתוחה,0,C,"אג""ח בארץ - כללי","אג""ח כללי בארץ - ללא מניות","אג""ח כללי בארץ ללא מניות עם סימן קריאה","הקרן הינה קרן בלתי מוגבלת בני""ע חוץ",יובנק נאמנות,הראל,פטורה,0.000,0.0400,182.4,20.07.2026,156.00,148.57,0.23,All-Bond כללי,0.35%,5.000
מגדל תיק אגח הכנסה חודשית,5131115,קרן פתוחה,2,A,"אג""ח בארץ - כללי","אג""ח כללי בארץ - עד 15% מניות",,,אלמגור-בריטמן נאמנות,מגדל,חייבת,1.180,0.0400,32.3,21.07.2026,106.23,106.23,0.49,All-Bond כללי,0.35%,0.000
מגדל מדינה פלוס A ומעלה,5131131,קרן פתוחה,0,B,"אג""ח בארץ - מדינה","אג""ח מדינה כללי - ללא מניות",,,אלמגור-בריטמן נאמנות,מגדל,פטורה,0.590,0.0400,398.3,21.07.2026,2900.94,2900.94,0.32,תל גוב-כללי,0.35%,0.000
הראל מחקה אנד אגAA-AAA ש,5131164,קרן מחקה,0,0,"אג""ח בארץ - חברות והמרה","אג""ח חברות שקלי",בריבית קבועה,לפי מדיניות השקעותיה הקרן הינה קרן מחקה,מזרחי טפחות נאמנות,הראל,פטורה,0.290,0.0200,37.8,21.07.2026,118.53,118.53,0.36,אינדקס AA-AAA ריאליות שקלי,לא נגבית עמלת הפצה,0.000
מגדל מדד מדינה,5131172,קרן פתוחה,1,A,"אג""ח בארץ - מדינה","אג""ח מדינה צמוד מדד - עד 10% מניות",,,אלמגור-בריטמן נאמנות,מגדל,פטורה,0.690,0.0400,207.1,21.07.2026,4963.02,4963.02,0.40,תל גוב-צמודות,0.35%,0.000
הראל מחקה אינ אג AA-AAA צ,5131180,קרן מחקה,0,0,"אג""ח בארץ - חברות והמרה","אג""ח חברות צמודות מדד",בריבית קבועה,לפי מדיניות השקעותיה הקרן הינה קרן מחקה,מזרחי טפחות נאמנות,הראל,פטורה,0.290,0.0200,76.5,21.07.2026,123.22,123.22,0.34,אינדקס AA-AAA ריאליות צמוד,לא נגבית עמלת הפצה,0.000
תכלית SP500 Scored TTF,5131198,קרן מחקה,4,D,"מניות בחו""ל","מניות גיאוגרפי - חשופת מט""ח",אמריקה- שווקים מפותחים,"הקרן הינה קרן בלתי מוגבלת בני""ע חוץ,לפי מדיניות השקעותיה הקרן הינה קרן מחקה,קרן להשקעות חוץ – מטבע עיקרי - דולר ארה""ב",הרמטיק נאמנות,מיטב קרנות נאמנות,פטורה,0.000,0.0300,56.5,20.07.2026,237.70,237.63,1.02,"S&P 500 Scored & Screened Index - NTR,דולר ארה""ב",לא נגבית עמלת הפצה,0.000
קסם NDX Bio KTF ממ,5131206,קרן מחקה,4,A,"מניות בחו""ל","מניות לפי ענפים בחו""ל - מנוטרלת מט""ח",Biotechnology,"הקרן הינה קרן בלתי מוגבלת בני""ע חוץ,לפי מדיניות השקעותיה הקרן הינה קרן מחקה",יובנק נאמנות,קסם,פטורה,0.400,0.0250,14.9,20.07.2026,5244.13,5244.13,1.51,Nasdaq Biotechnology - NTR,לא נגבית עמלת הפצה,0.000
MTF מח אנד אגח חבר ממשל,5131222,קרן מחקה,0,0,"אג""ח בארץ - חברות והמרה","אג""ח חברות","אג""ח חברות שקלי וצמוד",לפי מדיניות השקעותיה הקרן הינה קרן מחקה,מזרחי טפחות נאמנות,מגדל,פטורה,0.200,0.0300,189.3,21.07.2026,113.70,113.70,0.49,"אינדקס אג""ח חברות ממשלתיות",לא נגבית עמלת הפצה,0.000
מגדל דולר אגרסיבי אגח חול,5131230,קרן פתוחה,0,E,"אג""ח בחו""ל","אג""ח חשופת דולר",,"הקרן הינה קרן בלתי מוגבלת בני""ע חוץ",אלמגור-בריטמן נאמנות,מגדל,חייבת,1.370,0.0400,9.4,20.07.2026,808.59,808.59,1.64,"S&P 500 Bond Mega 30 Investment Grade 3-5 Year - GTR,דולר ארה""ב",0.35%,0.000
אנליסט (2A)י 15/85,5131263,קרן פתוחה,2,A,"אג""ח בארץ - כללי","אג""ח כללי בארץ - עד 15% מניות",,,יובנק נאמנות,אנליסט,פטורה,0.450,0.0300,23.5,21.07.2026,150.98,150.98,0.68,"All-Bond כללי,ת""א 125",0.35%,0.000
מגדל מניות ישראל Buy Side,5131271,קרן פתוחה,4,B,מניות בארץ,מניות לפי שווי שוק,מניות All Cap,,אלמגור-בריטמן נאמנות,מגדל,פטורה,1.750,0.0500,138.2,21.07.2026,7992.28,7992.28,3.84,"ת""א All-Share ",0.35%,0.000
איביאי מחקה משמדינה90ב10,5131289,קרן מחקה,2,A,"אג""ח בארץ - מדינה","אג""ח מדינה משולבת- עד 10% מניות",,לפי מדיניות השקעותיה הקרן הינה קרן מחקה,יובנק נאמנות,"איביאי קרנות נאמנות ",פטורה,0.500,0.0150,62.7,21.07.2026,599.77,599.77,0.49,"תל גוב-צמודות 2-5,תל גוב-שקלי 2-5,אינדקס בנקים ישראל",לא נגבית עמלת הפצה,0.000
"מגדל נדל""ן",5131297,קרן פתוחה,4,A,מניות בארץ,מניות לפי ענפים,,,אלמגור-בריטמן נאמנות,מגדל,פטורה,1.250,0.0500,27.7,21.07.2026,3488.84,3488.84,4.68,"ת""א נדל""ן",0.35%,0.000
מגדל מניות סייבר חול,5131313,קרן פתוחה,4,D,"מניות בחו""ל","מניות לפי ענפים בחו""ל",,"הקרן הינה קרן בלתי מוגבלת בני""ע חוץ",אלמגור-בריטמן נאמנות,מגדל,פטורה,1.940,0.0500,103.5,20.07.2026,1947.74,1947.54,2.35,"ISE Cyber Security - NTR,Nasdaq ISE Cyber Security Select Net Total Return Index,דולר ארה""ב",0.35%,0.000
מגדל 4D שווקים מתעוררים,5131339,קרן פתוחה,4,D,"מניות בחו""ל",מניות גאוגרפי,"מניות גיאוגרפי אחר חשופת מט""ח","הקרן הינה קרן בלתי מוגבלת בני""ע חוץ",אלמגור-בריטמן נאמנות,מגדל,פטורה,1.250,0.0500,48.6,20.07.2026,628.23,628.23,1.55,"MSCI EMERGING MARKETS - NTR,דולר ארה""ב",0.35%,0.000
קסם KTF מש חברות ומדינה,5131347,קרן מחקה,0,0,"אג""ח בארץ משולבת",ללא מניות,,לפי מדיניות השקעותיה הקרן הינה קרן מחקה,מזרחי טפחות נאמנות,קסם,פטורה,0.000,0.0150,19.5,21.07.2026,474.04,474.04,0.54,"תל בונד 20 צמודות,תל גוב-צמודות 5-10,תל גוב-שקלי 5+",לא נגבית עמלת הפצה,0.000
"מגדל ת""א Mid Cap",5131354,קרן פתוחה,4,A,מניות בארץ,מניות לפי שווי שוק,מניות Large & Mid Cap,,אלמגור-בריטמן נאמנות,מגדל,פטורה,0.690,0.0500,18.9,21.07.2026,1824.04,1824.04,4.38,"ת""א 90",0.35%,0.000
איילון טכנולוגיה ישראל,5131362,קרן פתוחה,4,B,מניות בארץ,מניות לפי ענפים,,,יובנק נאמנות,איילון,פטורה,1.250,0.0400,28.0,21.07.2026,259.91,259.91,4.23,"ת""א-טכנולוגיה",0.35%,0.000
מגדל מניות חול נקובה $,5131388,קרן פתוחה,4,D,"מניות בחו""ל","מניות כללי בחו""ל","מניות חו""ל נקובת מט""ח","הקרן הינה קרן בלתי מוגבלת בני""ע חוץ,יחידות הקרן נקובות ב- $,קרן להשקעות חוץ – מטבע עיקרי - דולר ארה""ב,קרן להשק חוץ-פטור ממס לתושבי חוץ",אלמגור-בריטמן נאמנות,מגדל,פטורה,1.950,0.0400,22.3,20.07.2026,182.93,182.92,1.07,MSCI WORLD INDEX - NTR,0.35%,0.000
הראל מחקה תא בנייה,5131404,קרן מחקה,4,A,מניות בארץ,מניות לפי ענפים,"נדל""ן ובנייה",לפי מדיניות השקעותיה הקרן הינה קרן מחקה,מזרחי טפחות נאמנות,הראל,פטורה,0.250,0.0200,80.1,21.07.2026,291.10,291.10,5.88,"ת""א-בנייה",לא נגבית עמלת הפצה,0.000
"הראל מחקה ת""א מניב ישראל",5131420,קרן מחקה,4,A,מניות בארץ,מניות לפי ענפים,"נדל""ן ובנייה",לפי מדיניות השקעותיה הקרן הינה קרן מחקה,מזרחי טפחות נאמנות,הראל,פטורה,0.100,0.0200,98.0,21.07.2026,235.69,235.69,4.41,"ת""א-מניב ישראל",לא נגבית עמלת הפצה,0.000
מגדל סין,5131438,קרן פתוחה,4,D,"מניות בחו""ל",מניות גאוגרפי,"מניות גיאוגרפי אחר חשופת מט""ח","הקרן הינה קרן בלתי מוגבלת בני""ע חוץ",אלמגור-בריטמן נאמנות,מגדל,פטורה,1.250,0.0500,7.2,20.07.2026,308.18,308.18,2.20,"FTSE China 50 - NTR,דולר הונג קונג",0.35%,0.000
MTF מח BST TOP US BNK ממ,5131446,קרן מחקה,4,A,"מניות בחו""ל","מניות לפי ענפים בחו""ל - מנוטרלת מט""ח",Banking,"הקרן הינה קרן בלתי מוגבלת בני""ע חוץ,לפי מדיניות השקעותיה הקרן הינה קרן מחקה",אלמגור-בריטמן נאמנות,מגדל,פטורה,0.500,0.0300,310.1,20.07.2026,299.61,299.61,1.54,BLUESTAR TOP 10 US BANKS,לא נגבית עמלת הפצה,0.000
"מגדל מניות ישראל ת""א 125",5131453,קרן פתוחה,4,A,מניות בארץ,מניות לפי שווי שוק,מניות Large & Mid Cap,,אלמגור-בריטמן נאמנות,מגדל,פטורה,1.490,0.0500,107.8,21.07.2026,763.26,763.26,3.72,"ת""א 125",0.35%,0.000
דרך מנ ערך בינלא כשר,5131461,קרן פתוחה,4,D,"מניות בחו""ל","מניות כללי בחו""ל","מניות כללי בחו""ל חשופת מט""ח","הקרן הינה קרן בלתי מוגבלת בני""ע חוץ,קרן כשרה",יובנק נאמנות,סיגמא,פטורה,1.850,0.0400,18.8,20.07.2026,153.36,153.36,0.79,"MSCI World Value Index,דולר ארה""ב",0.35%,0.000
"מגדל אג""ח ישראל סולידית",5131479,קרן פתוחה,0,A,"אג""ח בארץ - כללי","אג""ח כללי בארץ - ללא מניות","אג""ח כללי בארץ בדירוג גבוה בלבד (AA ומעלה ו/ או מדינה)",,אלמגור-בריטמן נאמנות,מגדל,פטורה,0.590,0.0400,6.3,21.07.2026,132.06,132.06,0.33,All-Bond כללי,0.35%,0.000
קסם KTF תא מניב ישראל,5131487,קרן מחקה,4,0,מניות בארץ,מניות לפי ענפים,"נדל""ן ובנייה",לפי מדיניות השקעותיה הקרן הינה קרן מחקה,אלמגור-בריטמן נאמנות,קסם,פטורה,0.150,0.0250,93.3,21.07.2026,238.12,238.12,4.42,"ת""א-מניב ישראל",לא נגבית עמלת הפצה,0.000
MTF מח BSTAR TRAV VAC ממ,5131503,קרן מחקה,4,A,"מניות בחו""ל","מניות לפי ענפים בחו""ל - מנוטרלת מט""ח",Travel,"הקרן הינה קרן בלתי מוגבלת בני""ע חוץ,לפי מדיניות השקעותיה הקרן הינה קרן מחקה,קרן כשרה",אלמגור-בריטמן נאמנות,מגדל,פטורה,0.800,0.0300,62.5,20.07.2026,164.63,164.58,2.22,,לא נגבית עמלת הפצה,0.000
MTF מח אנד צריכה בסיסית,5131529,קרן מחקה,4,A,מניות בארץ,מניות לפי ענפים,צריכה בסיסית,לפי מדיניות השקעותיה הקרן הינה קרן מחקה,מזרחי טפחות נאמנות,מגדל,פטורה,0.500,0.0400,104.2,21.07.2026,154.57,154.57,2.86,אינדקס צריכה בסיסית ישראל,לא נגבית עמלת הפצה,0.000
תכלית NASDAQ Green TTF ממ,5131537,קרן מחקה,4,A,"מניות בחו""ל","מניות לפי ענפים בחו""ל - מנוטרלת מט""ח",Cleantech,"הקרן הינה קרן בלתי מוגבלת בני""ע חוץ,לפי מדיניות השקעותיה הקרן הינה קרן מחקה",הרמטיק נאמנות,מיטב קרנות נאמנות,פטורה,0.800,0.0300,69.7,20.07.2026,72.25,72.23,4.96,NASDAQ Clean Edge Green Energy Equal Weighted Index,לא נגבית עמלת הפצה,0.000
אקורד (1A)י 10/90,5131545,קרן פתוחה,1,A,"אג""ח בארץ - כללי","אג""ח כללי בארץ - עד 10% מניות","אג""ח כללי בארץ- עד 10% מניות ללא סימן קריאה",,יובנק נאמנות,איילון,פטורה,0.750,0.0400,222.2,21.07.2026,138.51,138.51,0.56,"All-Bond כללי,ת""א 125",0.35%,0.000
"אקורד אג""ח מדורגות",5131552,קרן פתוחה,0,0,"אג""ח בארץ - חברות והמרה",חברות והמרה ללא מניות,חברות והמרה ללא מניות וללא סימן קריאה,,יובנק נאמנות,איילון,פטורה,0.770,0.0400,350.1,21.07.2026,131.26,131.26,0.42,"אג""ח כללי - קונצרני",0.35%,0.000
אקורד (2B)י 20/80,5131560,קרן פתוחה,2,B,"אג""ח בארץ - כללי","אג""ח כללי בארץ - עד 20% מניות",,,יובנק נאמנות,איילון,פטורה,0.790,0.0400,320.9,21.07.2026,157.84,157.84,0.77,"All-Bond כללי,ת""א 125",0.35%,0.000
קסם KTF אינ מזון ישראלי,5131578,קרן מחקה,4,A,מניות בארץ,מניות לפי ענפים,צריכה בסיסית,לפי מדיניות השקעותיה הקרן הינה קרן מחקה,יובנק נאמנות,קסם,פטורה,0.500,0.0250,73.4,21.07.2026,174.75,174.75,2.82,אינדקס מזון ישראלי,לא נגבית עמלת הפצה,0.000
"מור(!) אג""ח חב רכיב בטוחה",5131586,קרן פתוחה,0,A,"אג""ח בארץ - חברות והמרה",חברות והמרה ללא מניות,חברות והמרה ללא מניות עם סימן קריאה,,יובנק נאמנות,מור קרנות,פטורה,0.820,0.0300,464.1,21.07.2026,132.17,132.17,0.27,"אג""ח כללי - קונצרני",0.35%,0.000
איביאי מחקה אינAתקרתמנפיק,5131602,קרן מחקה,0,0,"אג""ח בארץ - חברות והמרה","אג""ח חברות","אג""ח חברות שקלי וצמוד",לפי מדיניות השקעותיה הקרן הינה קרן מחקה,יובנק נאמנות,"איביאי קרנות נאמנות ",פטורה,0.300,0.0200,471.3,21.07.2026,125.53,125.53,0.34,אינדקס A תקרת מנפיק,לא נגבית עמלת הפצה,0.000
איביאי מחקה תל-ב צבלאCOCO,5131610,קרן מחקה,0,0,"אג""ח בארץ - חברות והמרה","אג""ח חברות צמודות מדד",בריבית קבועה,לפי מדיניות השקעותיה הקרן הינה קרן מחקה,יובנק נאמנות,"איביאי קרנות נאמנות ",פטורה,0.180,0.0200,178.7,21.07.2026,117.79,117.79,0.23,תל בונד צמודות - בנקים ללא COCO,לא נגבית עמלת הפצה,0.000
איביאי מחקה S&P 500 ממ,5131628,קרן מחקה,4,A,"מניות בחו""ל","מניות גיאוגרפי - מנוטרלת מט""ח",אמריקה- שווקים מפותחים,"הקרן הינה קרן בלתי מוגבלת בני""ע חוץ,לפי מדיניות השקעותיה הקרן הינה קרן מחקה",יובנק נאמנות,"איביאי קרנות נאמנות ",פטורה,0.250,0.0150,1251.1,20.07.2026,214.89,214.89,1.23,S&P 500 - NTR,לא נגבית עמלת הפצה,0.000
איביאי מחקה תל בונד מאגר,5131636,קרן מחקה,0,A,"אג""ח בארץ - חברות והמרה","אג""ח חברות","אג""ח חברות שקלי וצמוד",לפי מדיניות השקעותיה הקרן הינה קרן מחקה,יובנק נאמנות,"איביאי קרנות נאמנות ",פטורה,0.150,0.0200,78.4,21.07.2026,123.94,123.94,0.34,תל בונד מאגר,לא נגבית עמלת הפצה,0.000
איביאי מחקה Nasdaq100 ממ,5131644,קרן מחקה,4,A,"מניות בחו""ל","מניות גיאוגרפי - מנוטרלת מט""ח",אמריקה- שווקים מפותחים,"הקרן הינה קרן בלתי מוגבלת בני""ע חוץ,לפי מדיניות השקעותיה הקרן הינה קרן מחקה",יובנק נאמנות,"איביאי קרנות נאמנות ",פטורה,0.300,0.0150,1035.0,20.07.2026,235.26,235.26,1.97,NASDAQ 100 - NTR,לא נגבית עמלת הפצה,0.000
איביאי מחקה תלגוב-צמוד0-2,5131701,קרן מחקה,0,0,"אג""ח בארץ - מדינה","אג""ח מדינה צמוד מדד",צמודות מדד ממשלתיות - קצר,לפי מדיניות השקעותיה הקרן הינה קרן מחקה,יובנק נאמנות,"איביאי קרנות נאמנות ",פטורה,0.100,0.0150,202.3,21.07.2026,271.40,271.40,0.09,תל גוב-צמודות 0-2,לא נגבית עמלת הפצה,0.000
קסם ICNET KTF,5131719,קרן מחקה,4,D,"מניות בחו""ל","מניות לפי ענפים בחו""ל - חשופת מט""ח",Internet,"הקרן הינה קרן בלתי מוגבלת בני""ע חוץ,לפי מדיניות השקעותיה הקרן הינה קרן מחקה",הרמטיק נאמנות,קסם,פטורה,0.800,0.0300,3.3,16.07.2026,44.91,44.91,2.65,"Indxx China Internet ,דולר ארה""ב",לא נגבית עמלת הפצה,0.000
MTF מח אנד A-AA שקלי,5131727,קרן מחקה,0,0,"אג""ח בארץ - חברות והמרה","אג""ח חברות שקלי",בריבית קבועה,לפי מדיניות השקעותיה הקרן הינה קרן מחקה,מזרחי טפחות נאמנות,מגדל,פטורה,0.000,0.0300,66.9,21.07.2026,117.17,117.17,0.33,"אינדקס AA-A שקלי. ",לא נגבית עמלת הפצה,0.000
MTF מח אנד A-AA צמוד,5131735,קרן מחקה,0,0,"אג""ח בארץ - חברות והמרה","אג""ח חברות צמודות מדד",בריבית קבועה,לפי מדיניות השקעותיה הקרן הינה קרן מחקה,מזרחי טפחות נאמנות,מגדל,פטורה,0.250,0.0300,278.7,21.07.2026,126.18,126.18,0.32,אינדקס A-AA צמוד,לא נגבית עמלת הפצה,0.000
מור מחקה אי.צריכה ישראלית,5131743,קרן מחקה,4,A,מניות בארץ,מניות לפי ענפים,שילוב ענפים,לפי מדיניות השקעותיה הקרן הינה קרן מחקה,יובנק נאמנות,מור קרנות,פטורה,0.550,0.0200,23.2,21.07.2026,157.32,157.32,3.20,אינדקס צריכה ישראלית,לא נגבית עמלת הפצה,0.000
תכליתIND Tour&Leis EW TTF,5131768,קרן מחקה,4,D,"מניות בחו""ל","מניות לפי ענפים בחו""ל - חשופת מט""ח",Travel,"הקרן הינה קרן בלתי מוגבלת בני""ע חוץ,לפי מדיניות השקעותיה הקרן הינה קרן מחקה,קרן להשקעות חוץ – מטבע עיקרי - דולר ארה""ב",יובנק נאמנות,מיטב קרנות נאמנות,פטורה,0.600,0.0300,16.1,20.07.2026,157.06,156.98,1.86,"INDXX DEVELOPED TOURISM AND LEISURE,דולר ארה""ב",לא נגבית עמלת הפצה,0.000
הראל מחקה תל גוב-כללי,5131792,קרן מחקה,0,A,"אג""ח בארץ - מדינה","אג""ח מדינה שיקלי וצמוד",,"לפי מדיניות השקעותיה הקרן הינה קרן מחקה,קרן כשרה",מזרחי טפחות נאמנות,הראל,פטורה,0.100,0.0200,169.5,21.07.2026,103.43,103.43,0.46,תל גוב-כללי,לא נגבית עמלת הפצה,0.000
קסםKTFמש SP צריכה ארהב ממ,5131818,קרן מחקה,4,A,"מניות בחו""ל","מניות בחו""ל קרן משולבת",,"הקרן הינה קרן בלתי מוגבלת בני""ע חוץ,לפי מדיניות השקעותיה הקרן הינה קרן מחקה",יובנק נאמנות,קסם,פטורה,0.000,0.0200,14.3,20.07.2026,20604.83,20604.83,0.81,"S&P Consumer Discretionary Select Sector - NTR,S&P Consumer Staples Select Sector - NTR",לא נגבית עמלת הפצה,0.000
קסם KTF מש SP ארהב צריכה,5131826,קרן מחקה,4,D,"מניות בחו""ל","מניות בחו""ל קרן משולבת",,"הקרן הינה קרן בלתי מוגבלת בני""ע חוץ,לפי מדיניות השקעותיה הקרן הינה קרן מחקה,קרן להשקעות חוץ – מטבע עיקרי - דולר ארה""ב",יובנק נאמנות,קסם,פטורה,0.000,0.0200,10.4,20.07.2026,20158.13,20158.13,1.02,"S&P Consumer Discretionary Select Sector - NTR,S&P Consumer Staples Select Sector - NTR,דולר ארה""ב",לא נגבית עמלת הפצה,0.000
איביאי מחקה DJ US RealEst,5131834,קרן מחקה,4,D,"מניות בחו""ל","מניות לפי ענפים בחו""ל - חשופת מט""ח",REIT &  Real Estate,"הקרן הינה קרן בלתי מוגבלת בני""ע חוץ,לפי מדיניות השקעותיה הקרן הינה קרן מחקה,קרן להשקעות חוץ – מטבע עיקרי - דולר ארה""ב",יובנק נאמנות,"איביאי קרנות נאמנות ",פטורה,0.800,0.0200,137.9,20.07.2026,1233.02,1233.02,1.67,"Dow Jones U.S. Real Estate Index,דולר ארה""ב",לא נגבית עמלת הפצה,0.000
קסםKTFמש SP ארהב פיננס ממ,5131842,קרן מחקה,4,A,"מניות בחו""ל","מניות בחו""ל קרן משולבת",,"הקרן הינה קרן בלתי מוגבלת בני""ע חוץ,לפי מדיניות השקעותיה הקרן הינה קרן מחקה",יובנק נאמנות,קסם,פטורה,0.000,0.0200,24.8,20.07.2026,21547.68,21547.68,0.92,"S&P Financial Select Sector- NTR,S&P Regional Banks Select Industry Index -NTR",לא נגבית עמלת הפצה,0.000
ISPי (2B)י 20/80,5131867,קרן פתוחה,2,B,"אג""ח בארץ - כללי","אג""ח כללי בארץ - עד 20% מניות",,,יובנק נאמנות,איילון,פטורה,0.800,0.0400,29.6,21.07.2026,137.03,137.03,0.89,"All-Bond כללי,ת""א 125",0.35%,0.000
"ISPי אג""ח ללא מניות",5131875,קרן פתוחה,0,B,"אג""ח בארץ - כללי","אג""ח כללי בארץ - ללא מניות","אג""ח כללי בארץ ללא מניות וללא סימן קריאה",,יובנק נאמנות,איילון,פטורה,0.700,0.0400,105.6,21.07.2026,117.37,117.37,0.37,All-Bond כללי,0.35%,0.000
מור מחקה אי.תש.ובינוי US,5131883,קרן מחקה,4,D,"מניות בחו""ל","מניות לפי ענפים בחו""ל - חשופת מט""ח",REIT &  Real Estate,"הקרן הינה קרן בלתי מוגבלת בני""ע חוץ,לפי מדיניות השקעותיה הקרן הינה קרן מחקה,קרן להשקעות חוץ – מטבע עיקרי - דולר ארה""ב",יובנק נאמנות,מור קרנות,פטורה,0.800,0.0200,355.6,20.07.2026,244.53,244.53,2.17,"אינדקס תשתיות ובינוי ארה""ב,דולר ארה""ב",לא נגבית עמלת הפצה,0.000
מור מחקה אי.טכנ מ.שווה,5131891,קרן מחקה,4,A,מניות בארץ,מניות לפי ענפים,טכנולוגיה,לפי מדיניות השקעותיה הקרן הינה קרן מחקה,יובנק נאמנות,מור קרנות,פטורה,0.550,0.0200,43.4,21.07.2026,209.04,209.04,4.03,אינדקס טכנולוגיה ישראל EW,לא נגבית עמלת הפצה,0.000
איביאי מחקה תלב-תשואות שק,5131909,קרן מחקה,0,0,"אג""ח בארץ - חברות והמרה","אג""ח חברות שקלי",בריבית קבועה,לפי מדיניות השקעותיה הקרן הינה קרן מחקה,יובנק נאמנות,"איביאי קרנות נאמנות ",פטורה,0.200,0.0200,102.0,21.07.2026,122.10,122.10,0.41,תל בונד-תשואות שקל,לא נגבית עמלת הפצה,0.000
תכלית TTF בנקים ישראל,5131925,קרן מחקה,4,0,מניות בארץ,מניות לפי ענפים,בנקאות ואשראי חוץ בנקאי,לפי מדיניות השקעותיה הקרן הינה קרן מחקה,יובנק נאמנות,מיטב קרנות נאמנות,פטורה,0.200,0.0300,511.6,21.07.2026,404.01,404.01,3.83,אינדקס בנקים ישראל,לא נגבית עמלת הפצה,0.000
קסם HXRNTR KTF מד,5131941,קרן מחקה,4,D,"מניות בחו""ל","מניות לפי ענפים בחו""ל - מנוטרלת מט""ח",Cyber Security,"הקרן הינה קרן בלתי מוגבלת בני""ע חוץ,לפי מדיניות השקעותיה הקרן הינה קרן מחקה",אלמגור-בריטמן נאמנות,קסם,פטורה,0.700,0.0250,40.0,16.07.2026,166.49,166.49,2.66,ISE Cyber Security - NTR,לא נגבית עמלת הפצה,0.000
דיאמונד (2B)י 30/70,5131958,קרן פתוחה,2,B,"אג""ח בארץ - כללי","אג""ח כללי בארץ - עד 30% מניות",,,מזרחי טפחות נאמנות,איילון,פטורה,0.890,0.0400,156.3,21.07.2026,163.87,163.87,1.15,"All-Bond כללי,ת""א 125",0.35%,0.000
מור מחקה אי.בנקים מש,5131966,קרן מחקה,4,A,מניות בארץ,מניות לפי ענפים,בנקאות ואשראי חוץ בנקאי,לפי מדיניות השקעותיה הקרן הינה קרן מחקה,יובנק נאמנות,מור קרנות,פטורה,0.500,0.0200,920.3,21.07.2026,432.02,432.02,3.78,אינדקס בנקים משקל שווה,לא נגבית עמלת הפצה,0.000
הורייזן פיוצ'ר טק גלובל,5131974,קרן פתוחה,4,D,"מניות בחו""ל","מניות לפי ענפים בחו""ל",,"הקרן הינה קרן בלתי מוגבלת בני""ע חוץ",יובנק נאמנות,איילון,פטורה,1.600,0.0450,28.9,20.07.2026,153.25,153.23,2.49,"NASDAQ COMPOSITE INDEX - GTR,דולר ארה""ב",0.35%,0.000
איביאי גמישה,5131982,קרן פתוחה,4,D,גמישות,,,"הקרן הינה קרן בלתי מוגבלת בני""ע חוץ",יובנק נאמנות,"איביאי קרנות נאמנות ",פטורה,0.900,0.0400,34.2,20.07.2026,183.11,183.11,2.56,אחר,0.35%,0.000
איילון תיק רשויות מקומיות,5131990,קרן פתוחה,1,0,"אג""ח בארץ - כללי","אג""ח כללי בארץ - עד 5% מניות",,,יובנק נאמנות,איילון,פטורה,0.540,0.0300,59.8,21.07.2026,118.58,118.58,0.43,"תל גוב-כללי,תל בונד-שקלי AA-AAA,ת""א 125",0.35%,0.000
קסם KTF אינ eGaming מד,5132006,קרן מחקה,4,D,"מניות בחו""ל","מניות לפי ענפים בחו""ל - מנוטרלת מט""ח",e-Gaming,"הקרן הינה קרן בלתי מוגבלת בני""ע חוץ,לפי מדיניות השקעותיה הקרן הינה קרן מחקה",מזרחי טפחות נאמנות,קסם,פטורה,0.600,0.0250,4.5,16.07.2026,168.30,168.21,2.30,אינדקס eGaming,לא נגבית עמלת הפצה,0.000
איילון אנרגיה ירוקה ישראל,5132014,קרן פתוחה,4,B,מניות בארץ,מניות לפי ענפים,,"הקרן הינה קרן בלתי מוגבלת בני""ע חוץ",יובנק נאמנות,איילון,פטורה,1.250,0.0400,83.6,20.07.2026,149.25,149.25,4.33,"ת""א-קלינטק",0.35%,0.000
הראל מחקהאנד Aשק מנפ ישר,5132030,קרן מחקה,0,0,"אג""ח בארץ - חברות והמרה","אג""ח חברות שקלי",בריבית קבועה,לפי מדיניות השקעותיה הקרן הינה קרן מחקה,מזרחי טפחות נאמנות,הראל,פטורה,0.300,0.0200,73.6,21.07.2026,119.22,119.22,0.29,אינדקס A שקלי מנפיקים ישראלים,לא נגבית עמלת הפצה,0.000
ב. אלטרנטיב 10/90,5132055,קרן פתוחה,1,B,"אג""ח בארץ - כללי","אג""ח כללי בארץ - עד 10% מניות","אג""ח כללי בארץ- עד 10% מניות ללא סימן קריאה",,יובנק נאמנות,איילון,פטורה,0.790,0.0400,391.1,21.07.2026,142.02,142.02,0.50,"All-Bond כללי,מניות כללי",0.35%,0.000
איביאי מחקה משSPסקטורUSממ,5132063,קרן מחקה,4,A,"מניות בחו""ל","מניות בחו""ל קרן משולבת",,"הקרן הינה קרן בלתי מוגבלת בני""ע חוץ,לפי מדיניות השקעותיה הקרן הינה קרן מחקה",יובנק נאמנות,"איביאי קרנות נאמנות ",פטורה,0.500,0.0200,23.0,20.07.2026,33857.74,33848.25,0.93,"S&P Financial Select Sector- NTR,S&P Technology Select Sector Index - NTR,S&P Health Care Select Sector Index- NTR",לא נגבית עמלת הפצה,0.000
איביאי מחקה DJ Internetממ,5132071,קרן מחקה,4,A,"מניות בחו""ל","מניות לפי ענפים בחו""ל - מנוטרלת מט""ח",Internet,"הקרן הינה קרן בלתי מוגבלת בני""ע חוץ,לפי מדיניות השקעותיה הקרן הינה קרן מחקה",יובנק נאמנות,"איביאי קרנות נאמנות ",פטורה,0.800,0.0200,28.6,20.07.2026,8832.67,8830.07,2.01,Dow Jones Internet Composite Index - NTR,לא נגבית עמלת הפצה,0.000
קסם KTFמש SP סקטורים ארהב,5132089,קרן מחקה,4,D,"מניות בחו""ל","מניות בחו""ל קרן משולבת",,"הקרן הינה קרן בלתי מוגבלת בני""ע חוץ,לפי מדיניות השקעותיה הקרן הינה קרן מחקה,קרן להשקעות חוץ – מטבע עיקרי - דולר ארה""ב",יובנק נאמנות,קסם,פטורה,0.000,0.0200,80.6,20.07.2026,32278.61,32278.61,1.06,"S&P Financial Select Sector- NTR,S&P Technology Select Sector Index - NTR,S&P Health Care Select Sector Index- NTR,דולר ארה""ב",לא נגבית עמלת הפצה,0.000
איילון בונד A-AA,5132113,קרן פתוחה,1,A,"אג""ח בארץ - חברות והמרה",חברות והמרה עם מניות,חברות והמרה עם מניות ללא סימן קריאה,,יובנק נאמנות,איילון,פטורה,0.750,0.0400,5.5,21.07.2026,130.09,130.09,0.65,"אג""ח כללי - קונצרני",0.35%,0.000
"קבין אג""ח ללא מניות",5132121,קרן פתוחה,0,B,"אג""ח בארץ - כללי","אג""ח כללי בארץ - ללא מניות","אג""ח כללי בארץ ללא מניות וללא סימן קריאה",,יובנק נאמנות,איילון,פטורה,0.790,0.0400,1234.5,21.07.2026,136.54,136.54,0.33,All-Bond כללי,0.35%,0.000
איביאי מחקה מש טכנל על חד,5132139,קרן מחקה,4,D,"מניות בחו""ל","מניות בחו""ל קרן משולבת",,"הקרן הינה קרן בלתי מוגבלת בני""ע חוץ,לפי מדיניות השקעותיה הקרן הינה קרן מחקה",יובנק נאמנות,"איביאי קרנות נאמנות ",פטורה,0.500,0.0300,24.6,20.07.2026,145.58,145.58,1.29,"ת""א-טכנולוגיה,NASDAQ 100 - NTR,NASDAQ OMX China Technology Index,דולר ארה""ב",לא נגבית עמלת הפצה,0.000
איביאי מחקה SP Technology,5132147,קרן מחקה,4,D,"מניות בחו""ל","מניות לפי ענפים בחו""ל - חשופת מט""ח",Technology,"הקרן הינה קרן בלתי מוגבלת בני""ע חוץ,לפי מדיניות השקעותיה הקרן הינה קרן מחקה,קרן להשקעות חוץ – מטבע עיקרי - דולר ארה""ב",יובנק נאמנות,"איביאי קרנות נאמנות ",פטורה,0.500,0.0230,129.8,20.07.2026,267.50,267.50,2.13,"S&P Technology Select Sector Index - NTR,דולר ארה""ב",לא נגבית עמלת הפצה,0.000
איביאי מחקה SPTechnoממ,5132154,קרן מחקה,4,A,"מניות בחו""ל","מניות לפי ענפים בחו""ל - מנוטרלת מט""ח",Technology,"הקרן הינה קרן בלתי מוגבלת בני""ע חוץ,לפי מדיניות השקעותיה הקרן הינה קרן מחקה",יובנק נאמנות,"איביאי קרנות נאמנות ",פטורה,0.500,0.0230,194.3,20.07.2026,249.62,249.62,2.72,S&P Technology Select Sector Index - NTR,לא נגבית עמלת הפצה,0.000
תכלית TTF ביגטק30ארהב ממ,5132162,קרן מחקה,4,A,"מניות בחו""ל","מניות לפי ענפים בחו""ל - מנוטרלת מט""ח",Technology,"הקרן הינה קרן בלתי מוגבלת בני""ע חוץ,לפי מדיניות השקעותיה הקרן הינה קרן מחקה",יובנק נאמנות,מיטב קרנות נאמנות,פטורה,0.500,0.0300,263.7,20.07.2026,240.47,240.44,2.60,"אינדקס ביג טק 30 ארה""ב",לא נגבית עמלת הפצה,0.000
פסטרנק שהם 10/90,5132204,קרן פתוחה,1,B,"אג""ח בארץ - כללי","אג""ח כללי בארץ - עד 10% מניות","אג""ח כללי בארץ- עד 10% מניות ועם סימן קריאה",,מזרחי טפחות נאמנות,איילון,פטורה,0.730,0.0400,258.5,21.07.2026,139.49,139.49,0.52,"All-Bond כללי,מניות כללי",0.35%,0.000
מור מחקה אי.סייבר מח.ענן,5132220,קרן מחקה,4,D,"מניות בחו""ל","מניות לפי ענפים בחו""ל - חשופת מט""ח",Cyber Security,"הקרן הינה קרן בלתי מוגבלת בני""ע חוץ,לפי מדיניות השקעותיה הקרן הינה קרן מחקה,קרן להשקעות חוץ – מטבע עיקרי - דולר ארה""ב",יובנק נאמנות,מור קרנות,פטורה,0.800,0.0200,91.8,20.07.2026,195.14,195.14,2.97,"אינדקס סייבר למחשוב ענן,דולר ארה""ב",לא נגבית עמלת הפצה,0.000
קסם KTF אינ מח ענן ארה ממ,5132279,קרן מחקה,4,A,"מניות בחו""ל","מניות לפי ענפים בחו""ל - מנוטרלת מט""ח",Cloud Computing,"הקרן הינה קרן בלתי מוגבלת בני""ע חוץ,לפי מדיניות השקעותיה הקרן הינה קרן מחקה",יובנק נאמנות,קסם,פטורה,0.500,0.0250,9.8,20.07.2026,95.98,95.98,2.67,אינדקס Cloud Computing,לא נגבית עמלת הפצה,0.000
איילון ואליו מ ESGעד30מטח,5132287,קרן פתוחה,4,B,"מניות בחו""ל","מניות כללי בחו""ל","מניות כללי בחו""ל מוגנת מט""ח","הקרן הינה קרן בלתי מוגבלת בני""ע חוץ",יובנק נאמנות,איילון,פטורה,1.480,0.0400,5.3,20.07.2026,144.98,144.98,1.18,S&P 500 Scored & Screened Index - NTR,0.35%,0.000
הראל מחקהאנד קמעו מסח יש,5132295,קרן מחקה,4,A,מניות בארץ,מניות לפי ענפים,שילוב ענפים,לפי מדיניות השקעותיה הקרן הינה קרן מחקה,מזרחי טפחות נאמנות,הראל,פטורה,0.350,0.0200,30.0,21.07.2026,162.36,162.36,3.45,אינדקס קמעונאות ומסחר ישראל,לא נגבית עמלת הפצה,0.000
אילים מניות בנקים,5132303,קרן פתוחה,4,B,מניות בארץ,מניות לפי ענפים,,,יובנק נאמנות,אילים קרנות,פטורה,0.690,0.0300,361.6,21.07.2026,360.33,360.33,3.68,"ת""א בנקים-5",0.35%,0.000
איביאי מחקה DJ Asia Div30,5132329,קרן מחקה,4,D,"מניות בחו""ל","מניות גיאוגרפי - חשופת מט""ח",אסיה ופסיפיק- כללי,"הקרן הינה קרן בלתי מוגבלת בני""ע חוץ,לפי מדיניות השקעותיה הקרן הינה קרן מחקה,קרן להשקעות חוץ – מטבע עיקרי - דולר ארה""ב",יובנק נאמנות,"איביאי קרנות נאמנות ",פטורה,0.800,0.0200,16.8,16.07.2026,8549.40,8549.40,1.71,"DJ ASIA SELECT DIVIDEND 30 TOTAL RETURN INDEX - NTR,דולר ארה""ב",לא נגבית עמלת הפצה,0.000
איביאי מחקה SP R Banks,5132337,קרן מחקה,4,D,"מניות בחו""ל","מניות לפי ענפים בחו""ל - חשופת מט""ח",Banking,"הקרן הינה קרן בלתי מוגבלת בני""ע חוץ,לפי מדיניות השקעותיה הקרן הינה קרן מחקה,קרן להשקעות חוץ – מטבע עיקרי - דולר ארה""ב",יובנק נאמנות,"איביאי קרנות נאמנות ",פטורה,0.000,0.0200,7.5,20.07.2026,8628.58,8628.58,2.18,"S&P Regional Banks Select Industry Index -NTR,דולר ארה""ב",לא נגבית עמלת הפצה,0.000
איביאי מחקה Japan50Div ממ,5132345,קרן מחקה,4,A,"מניות בחו""ל","מניות גיאוגרפי - מנוטרלת מט""ח",אסיה ופסיפיק- שווקים מפותחים,"הקרן הינה קרן בלתי מוגבלת בני""ע חוץ,לפי מדיניות השקעותיה הקרן הינה קרן מחקה",יובנק נאמנות,"איביאי קרנות נאמנות ",פטורה,0.800,0.0200,50.4,16.07.2026,11880.16,11880.16,2.09,Japan 50 Dividend iNDEX,לא נגבית עמלת הפצה,0.000
איביאי מחקה SPCommunicati,5132360,קרן מחקה,4,D,"מניות בחו""ל","מניות לפי ענפים בחו""ל - חשופת מט""ח",Communication,"הקרן הינה קרן בלתי מוגבלת בני""ע חוץ,לפי מדיניות השקעותיה הקרן הינה קרן מחקה,קרן להשקעות חוץ – מטבע עיקרי - דולר ארה""ב",יובנק נאמנות,"איביאי קרנות נאמנות ",פטורה,0.500,0.0230,22.9,20.07.2026,161.66,161.66,1.42,"S&P Communication Services Select Sector,דולר ארה""ב",לא נגבית עמלת הפצה,0.000
"קסם KTF אינ תייר ארה""ב ממ",5132378,קרן מחקה,4,A,"מניות בחו""ל","מניות לפי ענפים בחו""ל - מנוטרלת מט""ח",Travel,"הקרן הינה קרן בלתי מוגבלת בני""ע חוץ,לפי מדיניות השקעותיה הקרן הינה קרן מחקה",יובנק נאמנות,קסם,פטורה,0.700,0.0250,11.8,20.07.2026,127.66,127.66,1.88,אינדקס Travel,לא נגבית עמלת הפצה,0.000
"פוקוס אג""ח חברות",5132386,קרן פתוחה,0,A,"אג""ח בארץ - חברות והמרה",חברות והמרה ללא מניות,חברות והמרה ללא מניות עם סימן קריאה,,יובנק נאמנות,איילון,פטורה,0.890,0.0400,115.7,21.07.2026,131.76,131.76,0.34,"אג""ח כללי - קונצרני",0.35%,0.000
קסם CSI300 KTF,5132394,קרן מחקה,4,D,"מניות בחו""ל","מניות גיאוגרפי - חשופת מט""ח",אסיה ופסיפיק- שווקים מתעוררים,"הקרן הינה קרן בלתי מוגבלת בני""ע חוץ,לפי מדיניות השקעותיה הקרן הינה קרן מחקה,קרן להשקעות חוץ – מטבע עיקרי - דולר ארה""ב,קרן להשק חוץ-פטור ממס לתושבי חוץ",הרמטיק נאמנות,קסם,פטורה,0.500,0.0300,4.3,20.07.2026,108.62,108.47,0.84,"CSI300,דולר ארה""ב",לא נגבית עמלת הפצה,0.000
קסם KTF תבונצ בנק לל COCO,5132402,קרן מחקה,0,0,"אג""ח בארץ - חברות והמרה","אג""ח חברות צמודות מדד",בריבית קבועה,לפי מדיניות השקעותיה הקרן הינה קרן מחקה,יובנק נאמנות,קסם,פטורה,0.150,0.0250,93.5,21.07.2026,117.20,117.20,0.23,תל בונד צמודות - בנקים ללא COCO,לא נגבית עמלת הפצה,0.000
פלקון 20/80,5132410,קרן פתוחה,2,B,"אג""ח בארץ - כללי","אג""ח כללי בארץ - עד 20% מניות",,,מזרחי טפחות נאמנות,סיגמא,פטורה,0.790,0.0400,48.1,21.07.2026,140.93,140.93,0.71,"All-Bond כללי,ת""א 125",0.35%,0.000
אלפי בנדק עוקבת תיק3 בינ,5132428,קרן פתוחה,2,B,"אג""ח בארץ - כללי","אג""ח כללי בארץ - עד 30% מניות",,הקרן עוקבת תיק של - הבנק הבינלאומי הראשון לישראל,יובנק נאמנות,הראל,פטורה,0.590,0.0400,55.5,21.07.2026,141.56,141.56,0.59,"All-Bond כללי,ת""א 125,S&P 500 - NTR,דולר ארה""ב",0.35%,0.000
אלפי בנדק מניות חול,5132436,קרן פתוחה,4,D,"מניות בחו""ל","מניות כללי בחו""ל","מניות כללי בחו""ל חשופת מט""ח","הקרן הינה קרן בלתי מוגבלת בני""ע חוץ",יובנק נאמנות,הראל,פטורה,1.690,0.0400,98.6,20.07.2026,175.43,175.43,1.25,"MSCI AC WORLD INDEX - NTR,דולר ארה""ב",0.35%,0.000
איביאי מחקה BStarGreenTec,5132493,קרן מחקה,4,D,"מניות בחו""ל","מניות לפי ענפים בחו""ל - חשופת מט""ח",Technology,"הקרן הינה קרן בלתי מוגבלת בני""ע חוץ,לפי מדיניות השקעותיה הקרן הינה קרן מחקה",יובנק נאמנות,"איביאי קרנות נאמנות ",פטורה,0.800,0.0300,8.8,16.07.2026,102.84,102.81,1.50,"BlueStar Global GreenTech Index,דולר ארה""ב",לא נגבית עמלת הפצה,0.000
איביאי מחקה תלבונד שקלי50,5132519,קרן מחקה,0,0,"אג""ח בארץ - חברות והמרה","אג""ח חברות שקלי",בריבית קבועה,לפי מדיניות השקעותיה הקרן הינה קרן מחקה,יובנק נאמנות,"איביאי קרנות נאמנות ",פטורה,0.200,0.0200,309.0,21.07.2026,114.93,114.93,0.44,תל בונד שקלי-50,לא נגבית עמלת הפצה,0.000
איביאי מחקה ISE CyberSecu,5132527,קרן מחקה,4,D,"מניות בחו""ל","מניות לפי ענפים בחו""ל - חשופת מט""ח",Cyber Security,"הקרן הינה קרן בלתי מוגבלת בני""ע חוץ,לפי מדיניות השקעותיה הקרן הינה קרן מחקה,קרן להשקעות חוץ – מטבע עיקרי - דולר ארה""ב",יובנק נאמנות,"איביאי קרנות נאמנות ",פטורה,0.500,0.0230,18.2,16.07.2026,144.09,144.09,2.53,"ISE Cyber Security - NTR,דולר ארה""ב",לא נגבית עמלת הפצה,0.000
תכלית TTF אגחישראל A&UP,5132535,קרן מחקה,0,0,"אג""ח בארץ - חברות והמרה","אג""ח חברות","אג""ח חברות שקלי וצמוד",לפי מדיניות השקעותיה הקרן הינה קרן מחקה,יובנק נאמנות,מיטב קרנות נאמנות,פטורה,0.250,0.0300,210.7,21.07.2026,121.21,121.21,0.32,אינדקס ישראל A ומעלה פקטור מרווח,לא נגבית עמלת הפצה,0.000
"ת.פ (0B)(!) אג""ח חברות",5132568,קרן פתוחה,0,B,"אג""ח בארץ - חברות והמרה",חברות והמרה ללא מניות,חברות והמרה ללא מניות עם סימן קריאה,,יובנק נאמנות,תמיר פישמן,פטורה,0.550,0.0400,77.8,21.07.2026,129.65,129.65,0.32,"אג""ח כללי - קונצרני",0.35%,0.000
הראל מחקהאינ A-AAA תשק $,5132592,קרן מחקה,0,D,"אג""ח בארץ - חברות והמרה","אג""ח חברות שקלי",בריבית קבועה,"הקרן הינה קרן בלתי מוגבלת בני""ע חוץ,לפי מדיניות השקעותיה הקרן הינה קרן מחקה,יחידות הקרן נקובות ב- $,קרן להשקעות חוץ – מטבע עיקרי - דולר ארה""ב",מזרחי טפחות נאמנות,הראל,פטורה,0.350,0.0200,131.5,20.07.2026,123.67,123.67,1.11,"אינדקס A-AAA ת""א שקלי,דולר ארה""ב",לא נגבית עמלת הפצה,0.000
איביאי מחקה אינאגח מ-גבוה,5132626,קרן מחקה,0,0,"אג""ח בארץ - חברות והמרה","אג""ח חברות","אג""ח חברות שקלי וצמוד",לפי מדיניות השקעותיה הקרן הינה קרן מחקה,יובנק נאמנות,"איביאי קרנות נאמנות ",פטורה,0.300,0.0200,325.6,21.07.2026,123.23,123.23,0.38,"אינדקס אג""ח במרווח גבוה",לא נגבית עמלת הפצה,0.000
"הראל אג""ח ישראל - נקובה $",5132634,קרן פתוחה,0,D,"אג""ח בארץ - כללי","אג""ח כללי בארץ - ללא מניות","אג""ח כללי בארץ ללא מניות וללא סימן קריאה","הקרן הינה קרן בלתי מוגבלת בני""ע חוץ,יחידות הקרן נקובות ב- $,קרן להשקעות חוץ – מטבע עיקרי - דולר ארה""ב",יובנק נאמנות,הראל,פטורה,0.490,0.0400,38.4,20.07.2026,124.90,124.90,1.08,"All-Bond כללי,דולר ארה""ב",0.35%,0.000
איביאי מחקה אנדק רכ חש גל,5132709,קרן מחקה,4,D,"מניות בחו""ל","מניות לפי ענפים בחו""ל - חשופת מט""ח",Transportation,"הקרן הינה קרן בלתי מוגבלת בני""ע חוץ,לפי מדיניות השקעותיה הקרן הינה קרן מחקה",יובנק נאמנות,"איביאי קרנות נאמנות ",פטורה,0.800,0.0300,4.0,16.07.2026,36.05,36.00,2.50,"אינדקס רכב חשמלי ,דולר ארה""ב",לא נגבית עמלת הפצה,0.000
איביאי מחקה אנדקס חבצרכסן,5132766,קרן מחקה,4,D,"מניות בחו""ל","מניות לפי ענפים בחו""ל - חשופת מט""ח",Consumer Staples,"הקרן הינה קרן בלתי מוגבלת בני""ע חוץ,לפי מדיניות השקעותיה הקרן הינה קרן מחקה",יובנק נאמנות,איביאי ניהול קרנות,פטורה,0.800,0.0300,2.4,17.06.2024,51.32,51.32,3.58,"אינדקס חברות צריכה סיניות,דולר ארה""ב",לא נגבית עמלת הפצה,0.000
קסם KTF תא-בנייה,5132782,קרן מחקה,4,A,מניות בארץ,מניות לפי ענפים,"נדל""ן ובנייה",לפי מדיניות השקעותיה הקרן הינה קרן מחקה,יובנק נאמנות,קסם,פטורה,0.000,0.0250,47.4,21.07.2026,162.49,162.49,5.88,"ת""א-בנייה",לא נגבית עמלת הפצה,0.000
קבין (1B)י 10/90,5132790,קרן פתוחה,1,B,"אג""ח בארץ - כללי","אג""ח כללי בארץ - עד 10% מניות","אג""ח כללי בארץ- עד 10% מניות ללא סימן קריאה",,יובנק נאמנות,איילון,פטורה,0.790,0.0400,1014.7,21.07.2026,143.53,143.53,0.49,"All-Bond כללי,ת""א 125",0.35%,0.000
קסם אקטיב דולר פי 3,5132832,קרן פתוחה,0,F,ממונפות ואסטרטגיות,ממונפות בסיכון גבוה,,הקרן הינה קרן ממונפת,יובנק נאמנות,קסם,פטורה,1.000,0.0400,33.2,21.07.2026,77.41,77.26,4.33,"דולר ארה""ב",0.35%,0.200
הראל מחקהאנד A-AA צמו0-2,5132865,קרן מחקה,0,0,"אג""ח בארץ - חברות והמרה","אג""ח חברות צמודות מדד",בריבית קבועה - קצר,לפי מדיניות השקעותיה הקרן הינה קרן מחקה,מזרחי טפחות נאמנות,הראל,פטורה,0.200,0.0200,128.1,21.07.2026,124.94,124.94,0.23,אינדקס A-AA צמוד 0-2,לא נגבית עמלת הפצה,0.000
אקורד (2B)י 30/70,5132873,קרן פתוחה,2,B,"אג""ח בארץ - כללי","אג""ח כללי בארץ - עד 30% מניות",,,יובנק נאמנות,איילון,פטורה,0.880,0.0400,185.3,21.07.2026,152.96,152.96,1.04,"All-Bond כללי,ת""א 125",0.35%,0.000
תכלית TTF ביג טק30 סין מד,5132923,קרן מחקה,4,D,"מניות בחו""ל","מניות לפי ענפים בחו""ל - מנוטרלת מט""ח",Technology,"הקרן הינה קרן בלתי מוגבלת בני""ע חוץ,לפי מדיניות השקעותיה הקרן הינה קרן מחקה",אלמגור-בריטמן נאמנות,מיטב קרנות נאמנות,פטורה,0.800,0.0300,8.2,16.07.2026,48.56,48.48,2.39,"אינדקס ביג טק 30 סין ",לא נגבית עמלת הפצה,0.000
קסם KTF אינ אג A משק שו,5132931,קרן מחקה,0,0,"אג""ח בארץ - חברות והמרה","אג""ח חברות","אג""ח חברות שקלי וצמוד",לפי מדיניות השקעותיה הקרן הינה קרן מחקה,אלמגור-בריטמן נאמנות,קסם,פטורה,0.200,0.0250,79.1,21.07.2026,120.81,120.81,0.31,"אינדקס אג""ח A משקל שווה",לא נגבית עמלת הפצה,0.000
קסם KTF אינ אג AA משק שו,5132949,קרן מחקה,0,0,"אג""ח בארץ - חברות והמרה","אג""ח חברות","אג""ח חברות שקלי וצמוד",לפי מדיניות השקעותיה הקרן הינה קרן מחקה,אלמגור-בריטמן נאמנות,קסם,פטורה,0.350,0.0250,78.0,21.07.2026,117.05,117.05,0.33,"אינדקס אג""ח AA משקל שווה",לא נגבית עמלת הפצה,0.000
קסם MVSMHTR KTF ממ,5132972,קרן מחקה,4,A,"מניות בחו""ל","מניות לפי ענפים בחו""ל - מנוטרלת מט""ח",Semiconductor,"הקרן הינה קרן בלתי מוגבלת בני""ע חוץ,לפי מדיניות השקעותיה הקרן הינה קרן מחקה",אלמגור-בריטמן נאמנות,קסם,פטורה,0.500,0.0250,614.5,20.07.2026,372.96,372.96,2.99,MVIS US Listed Semiconductor 25,לא נגבית עמלת הפצה,0.000
הראל 15/85 - נקובה $,5132998,קרן פתוחה,2,D,"אג""ח בארץ - כללי","אג""ח כללי בארץ - עד 15% מניות",,"הקרן הינה קרן בלתי מוגבלת בני""ע חוץ,יחידות הקרן נקובות ב- $,קרן להשקעות חוץ – מטבע עיקרי - דולר ארה""ב",יובנק נאמנות,הראל,פטורה,0.690,0.0400,276.7,20.07.2026,137.42,137.42,1.08,"All-Bond כללי,ת""א 125,MSCI AC WORLD INDEX - RT - NTR ,דולר ארה""ב",0.35%,0.000
MTF מח אנד היטק יש חול מד,5133038,קרן מחקה,4,D,"מניות בחו""ל","מניות לפי ענפים בחו""ל - מנוטרלת מט""ח",Technology,"הקרן הינה קרן בלתי מוגבלת בני""ע חוץ,לפי מדיניות השקעותיה הקרן הינה קרן מחקה",מזרחי טפחות נאמנות,מגדל,פטורה,0.500,0.0300,3.8,20.07.2026,42.16,42.16,2.17,"אינדקס הייטק ישראלי בחו""ל",לא נגבית עמלת הפצה,0.000
MTF מח S&P CHINA 500 מד,5133061,קרן מחקה,4,A,"מניות בחו""ל","מניות גיאוגרפי - מנוטרלת מט""ח",אסיה ופסיפיק- שווקים מתעוררים,"הקרן הינה קרן בלתי מוגבלת בני""ע חוץ,לפי מדיניות השקעותיה הקרן הינה קרן מחקה",אלמגור-בריטמן נאמנות,מגדל,פטורה,0.500,0.0300,11.3,16.07.2026,77.10,77.10,1.31,S&P China 500 Index,לא נגבית עמלת הפצה,0.000
"פסטרנק שהם מנ חו""ל",5133111,קרן פתוחה,4,D,"מניות בחו""ל","מניות כללי בחו""ל","מניות כללי בחו""ל חשופת מט""ח","הקרן הינה קרן בלתי מוגבלת בני""ע חוץ",מזרחי טפחות נאמנות,איילון,פטורה,1.750,0.0400,326.4,20.07.2026,160.84,160.84,1.29,"S&P 500 - NTR,דולר ארה""ב",0.35%,0.000
מור מניות צמיחה גלובלי,5133129,קרן פתוחה,4,D,"מניות בחו""ל","מניות כללי בחו""ל","מניות כללי בחו""ל חשופת מט""ח","הקרן הינה קרן בלתי מוגבלת בני""ע חוץ",יובנק נאמנות,מור קרנות,פטורה,1.760,0.0300,259.0,20.07.2026,170.40,170.40,1.22,"MSCI AC WORLD INDEX - NTR,דולר ארה""ב",0.35%,0.000
איביאיצמוד 20/90,5133137,קרן פתוחה,2,C,ממונפות ואסטרטגיות,אסטרטגיות (לא ממונפות),,"הקרן הינה קרן בלתי מוגבלת בני""ע חוץ",יובנק נאמנות,"איביאי קרנות נאמנות ",פטורה,0.890,0.0500,665.7,20.07.2026,132.60,132.60,0.26,All-Bond צמוד,0.35%,0.000
הראל מחקהאנדA-AAAריא פקט,5133145,קרן מחקה,0,0,"אג""ח בארץ - חברות והמרה","אג""ח חברות","אג""ח חברות שקלי וצמוד",לפי מדיניות השקעותיה הקרן הינה קרן מחקה,מזרחי טפחות נאמנות,הראל,פטורה,0.300,0.0200,47.0,21.07.2026,120.42,120.42,0.35,אינדקס A-AAA ריאליות פקטור מרווח,לא נגבית עמלת הפצה,0.000
הראל מחקהאנד מנפיש מש ש,5133152,קרן מחקה,0,A,"אג""ח בארץ - חברות והמרה","אג""ח חברות","אג""ח חברות שקלי וצמוד",לפי מדיניות השקעותיה הקרן הינה קרן מחקה,מזרחי טפחות נאמנות,הראל,פטורה,0.200,0.0200,14.8,21.07.2026,118.66,118.66,0.29,"אינדקס אג""ח מנפיקים ישראלים במשקל שווה",לא נגבית עמלת הפצה,0.000
אביב-שגב (4D) גמישה,5133186,קרן פתוחה,4,D,גמישות,,,"הקרן הינה קרן בלתי מוגבלת בני""ע חוץ",יובנק נאמנות,איילון,פטורה,1.850,0.0400,22.7,20.07.2026,179.16,179.16,1.46,אחר,0.35%,0.000
MTF מח תלבונד שקל AA-AAA,5133202,קרן מחקה,0,0,"אג""ח בארץ - חברות והמרה","אג""ח חברות שקלי",בריבית קבועה,לפי מדיניות השקעותיה הקרן הינה קרן מחקה,אלמגור-בריטמן נאמנות,מגדל,פטורה,0.000,0.0300,99.7,21.07.2026,113.61,113.61,0.41,תל בונד-שקלי AA-AAA,לא נגבית עמלת הפצה,0.000
MTF מח תלבונד צמד AA-AAA,5133210,קרן מחקה,0,0,"אג""ח בארץ - חברות והמרה","אג""ח חברות צמודות מדד",בריבית קבועה,לפי מדיניות השקעותיה הקרן הינה קרן מחקה,אלמגור-בריטמן נאמנות,מגדל,פטורה,0.100,0.0300,429.6,21.07.2026,116.08,116.08,0.36,תל בונד-צמודות AA-AAA,לא נגבית עמלת הפצה,0.000
ATF מחקה בנקים וביטוח יש,5133236,קרן מחקה,4,0,מניות בארץ,מניות לפי ענפים,שילוב ענפים,לפי מדיניות השקעותיה הקרן הינה קרן מחקה,מזרחי טפחות נאמנות,אנליסט,פטורה,0.500,0.0200,626.6,21.07.2026,415.24,415.24,4.36,אינדקס בנקים וביטוח ישראל,לא נגבית עמלת הפצה,0.000
אש AB SBי USAPureValue ממ,5133269,קרן מחקה,4,A,"מניות בחו""ל","מניות גיאוגרפי - מנוטרלת מט""ח",אמריקה- כללי,"הקרן הינה קרן בלתי מוגבלת בני""ע חוץ,לפי מדיניות השקעותיה הקרן הינה קרן מחקה",יובנק נאמנות,אלטשולר-שחם קרנות,פטורה,0.900,0.0300,3.8,20.07.2026,134.81,134.81,1.00,AlphaBeta SmartBeta USA Pure Value,לא נגבית עמלת הפצה,0.000
איביאי מחקה SP Semicon ממ,5133293,קרן מחקה,4,A,"מניות בחו""ל","מניות לפי ענפים בחו""ל - מנוטרלת מט""ח",Semiconductor,"הקרן הינה קרן בלתי מוגבלת בני""ע חוץ,לפי מדיניות השקעותיה הקרן הינה קרן מחקה",יובנק נאמנות,"איביאי קרנות נאמנות ",פטורה,0.400,0.0230,92.3,20.07.2026,240.38,240.35,4.67,S&P Semiconductor Select Industry,לא נגבית עמלת הפצה,0.000
סיגמא 50/50,5133301,קרן פתוחה,3,D,"אג""ח בארץ - כללי","אג""ח כללי בארץ - חשיפה מרבית מעל 30% מניות",,"הקרן הינה קרן בלתי מוגבלת בני""ע חוץ",מזרחי טפחות נאמנות,סיגמא,פטורה,0.790,0.0400,64.6,20.07.2026,155.28,155.28,0.87,"All-Bond כללי,ת""א 125,S&P 500 - NTR,דולר ארה""ב",0.35%,0.000
תכלית TTF US Robotics ממ,5133335,קרן מחקה,4,A,"מניות בחו""ל","מניות לפי ענפים בחו""ל - מנוטרלת מט""ח",Robotics,"הקרן הינה קרן בלתי מוגבלת בני""ע חוץ,לפי מדיניות השקעותיה הקרן הינה קרן מחקה",אלמגור-בריטמן נאמנות,מיטב קרנות נאמנות,פטורה,0.800,0.0300,8.3,20.07.2026,89.52,89.52,2.27,Nasdaq CTA US Artificial Intelligence and Robotics,לא נגבית עמלת הפצה,0.000
סלע 20/80,5133343,קרן פתוחה,2,B,"אג""ח בארץ - כללי","אג""ח כללי בארץ - עד 20% מניות",,,יובנק נאמנות,איילון,פטורה,0.750,0.0400,11.3,21.07.2026,131.68,131.68,0.88,"All-Bond כללי,מניות כללי",0.35%,0.000
תכלית TTF אגחצמוד A&UP,5133376,קרן מחקה,0,0,"אג""ח בארץ - חברות והמרה","אג""ח חברות צמודות מדד",בריבית קבועה,לפי מדיניות השקעותיה הקרן הינה קרן מחקה,הרמטיק נאמנות,מיטב קרנות נאמנות,פטורה,0.150,0.0300,122.5,21.07.2026,119.15,119.15,0.31,אינדקס ישראל צמוד A ומעלה פקטור מרווח,לא נגבית עמלת הפצה,0.000
"קסם אקטיב מניות נדל""ן",5133384,קרן פתוחה,4,B,מניות בארץ,מניות לפי ענפים,,,יובנק נאמנות,קסם,פטורה,0.700,0.0400,7.7,21.07.2026,148.98,148.98,4.49,"נדל""ן ובינוי",0.35%,0.000
קסם KTF תלבונד צמודות A,5133392,קרן מחקה,0,0,"אג""ח בארץ - חברות והמרה","אג""ח חברות צמודות מדד",בריבית קבועה,לפי מדיניות השקעותיה הקרן הינה קרן מחקה,אלמגור-בריטמן נאמנות,קסם,פטורה,0.250,0.0250,796.6,21.07.2026,122.34,122.34,0.44,תל בונד-צמודות A,לא נגבית עמלת הפצה,0.000
קסם IUSINFI KTF ממ,5133434,קרן מחקה,4,A,"מניות בחו""ל","מניות לפי ענפים בחו""ל - מנוטרלת מט""ח",Utilities,"הקרן הינה קרן בלתי מוגבלת בני""ע חוץ,לפי מדיניות השקעותיה הקרן הינה קרן מחקה",אלמגור-בריטמן נאמנות,קסם,פטורה,0.500,0.0250,115.4,20.07.2026,216.67,216.67,1.03,Indxx US Infrastructure,לא נגבית עמלת הפצה,0.000
פורצ'ן (2B)י 20/80,5133459,קרן פתוחה,2,B,"אג""ח בארץ - כללי","אג""ח כללי בארץ - עד 20% מניות",,קרן להשק חוץ-פטור ממס לתושבי חוץ,מזרחי טפחות נאמנות,איילון,פטורה,0.790,0.0400,68.5,21.07.2026,140.00,140.00,0.82,"All-Bond כללי,ת""א 125",0.35%,0.000
פוקוס (4B) מניות,5133525,קרן פתוחה,4,B,מניות בארץ,מניות לפי שווי שוק,מניות All Cap,"הקרן הינה קרן בלתי מוגבלת בני""ע חוץ",יובנק נאמנות,איילון,פטורה,1.690,0.0400,74.7,20.07.2026,264.40,264.40,1.49,מניות כללי,0.35%,0.000
איביאי מחקה פננס יש אזןענ,5133533,קרן מחקה,4,A,מניות בארץ,מניות לפי ענפים,פיננסים,לפי מדיניות השקעותיה הקרן הינה קרן מחקה,יובנק נאמנות,"איביאי קרנות נאמנות ",פטורה,0.650,0.0300,298.2,21.07.2026,372.51,372.51,4.55,אינדקס פיננסים ישראל איזון ענפי,לא נגבית עמלת הפצה,0.000
תכלית TTF תא-בנייה,5133541,קרן מחקה,4,0,מניות בארץ,מניות לפי ענפים,"נדל""ן ובנייה",לפי מדיניות השקעותיה הקרן הינה קרן מחקה,הרמטיק נאמנות,מיטב קרנות נאמנות,פטורה,0.200,0.0300,209.8,21.07.2026,139.00,139.00,5.88,"ת""א-בנייה",לא נגבית עמלת הפצה,0.000
הראל מחקהNDX 100 ממ,5133574,קרן מחקה,4,A,"מניות בחו""ל","מניות גיאוגרפי - מנוטרלת מט""ח",אמריקה- שווקים מפותחים,"הקרן הינה קרן בלתי מוגבלת בני""ע חוץ,לפי מדיניות השקעותיה הקרן הינה קרן מחקה,קרן כשרה",מזרחי טפחות נאמנות,הראל,פטורה,0.000,0.0100,1112.0,20.07.2026,175.16,175.16,1.98,NASDAQ 100 - NTR,לא נגבית עמלת הפצה,0.000
תכלית TTF תא ביטוח ופיננס,5133582,קרן מחקה,4,0,מניות בארץ,מניות לפי ענפים,ביטוח,לפי מדיניות השקעותיה הקרן הינה קרן מחקה,הרמטיק נאמנות,מיטב קרנות נאמנות,פטורה,0.300,0.0200,553.8,21.07.2026,442.83,442.83,5.64,"ת""א ביטוח ושירותים פיננסים",לא נגבית עמלת הפצה,0.000
הראל מחקהאנד AA-AAAת0-2 $,5133608,קרן מחקה,0,D,"אג""ח בארץ - חברות והמרה","אג""ח חברות","אג""ח חברות שקלי וצמוד","הקרן הינה קרן בלתי מוגבלת בני""ע חוץ,לפי מדיניות השקעותיה הקרן הינה קרן מחקה,יחידות הקרן נקובות ב- $,קרן להשקעות חוץ – מטבע עיקרי - דולר ארה""ב",מזרחי טפחות נאמנות,הראל,פטורה,0.250,0.0200,42.2,20.07.2026,124.29,124.29,1.02,"אינדקס AA-AAA ת""א 0-2,דולר ארה""ב",לא נגבית עמלת הפצה,0.000
הראל מחקה אנד בנקים ישראל,5133616,קרן מחקה,4,A,מניות בארץ,מניות לפי ענפים,בנקאות ואשראי חוץ בנקאי,לפי מדיניות השקעותיה הקרן הינה קרן מחקה,מזרחי טפחות נאמנות,הראל,פטורה,0.500,0.0200,229.1,21.07.2026,306.17,306.17,3.83,אינדקס בנקים ישראל,לא נגבית עמלת הפצה,0.000
י.ל אגד ישראלי עד 30%,5133632,קרן פתוחה,2,B,אגד קרנות,אגד ישראלי,,"הקרן הינה קרן בלתי מוגבלת בני""ע חוץ",יובנק נאמנות,ילין לפידות,פטורה,0.000,0.0200,56.6,20.07.2026,128.65,128.65,0.38,"All-Bond כללי,מניות כללי",0.35%,0.000
י.ל אגד ישראלי עד 15%,5133640,קרן פתוחה,2,B,אגד קרנות,אגד ישראלי,,"הקרן הינה קרן בלתי מוגבלת בני""ע חוץ",יובנק נאמנות,ילין לפידות,פטורה,0.000,0.0200,63.2,20.07.2026,119.91,119.91,0.22,"All-Bond כללי,מניות כללי",0.35%,0.000
איביאי מחקה שבבים גל EWמד,5133657,קרן מחקה,4,D,"מניות בחו""ל","מניות לפי ענפים בחו""ל - מנוטרלת מט""ח",Semiconductor,"הקרן הינה קרן בלתי מוגבלת בני""ע חוץ,לפי מדיניות השקעותיה הקרן הינה קרן מחקה",יובנק נאמנות,"איביאי קרנות נאמנות ",פטורה,0.800,0.0300,145.9,16.07.2026,240.16,240.15,4.67,אינדקס מוליכים למחצה גלובלי EW,לא נגבית עמלת הפצה,0.000
איביאי מחקה אינA-AA 0-2 $,5133673,קרן מחקה,0,D,"אג""ח בארץ - חברות והמרה","אג""ח חברות שקלי",בריבית קבועה - קצר,"לפי מדיניות השקעותיה הקרן הינה קרן מחקה,יחידות הקרן נקובות ב- $,קרן להשקעות חוץ – מטבע עיקרי - דולר ארה""ב",יובנק נאמנות,"איביאי קרנות נאמנות ",פטורה,0.000,0.0200,29.0,21.07.2026,124.99,124.99,1.50,"אינדקס A-AAי שקלי 0-2 ,דולר ארה""ב",לא נגבית עמלת הפצה,0.000
תכלית SP900 PValue TTF ממ,5133681,קרן מחקה,4,A,"מניות בחו""ל","מניות גיאוגרפי - מנוטרלת מט""ח",אמריקה- שווקים מפותחים,"הקרן הינה קרן בלתי מוגבלת בני""ע חוץ,לפי מדיניות השקעותיה הקרן הינה קרן מחקה",אלמגור-בריטמן נאמנות,מיטב קרנות נאמנות,פטורה,0.500,0.0300,55.0,20.07.2026,156.42,156.37,0.97,S&P 900 Pure Value,לא נגבית עמלת הפצה,0.000
קסם BB Agriculture KTF,5133699,קרן מחקה,4,D,סחורות,מדד סחורות,,"הקרן הינה קרן בלתי מוגבלת בני""ע חוץ,לפי מדיניות השקעותיה הקרן הינה קרן מחקה,קרן להשקעות חוץ – מטבע עיקרי - דולר ארה""ב,קרן כשרה",הרמטיק נאמנות,קסם,פטורה,0.800,0.0300,8.1,20.07.2026,184.53,184.53,1.30,"Bloomberg Agriculture Index,דולר ארה""ב",לא נגבית עמלת הפצה,0.000
דולפין 25/75,5133707,קרן פתוחה,2,B,"אג""ח בארץ - כללי","אג""ח כללי בארץ - עד 25% מניות",,,יובנק נאמנות,איילון,פטורה,0.790,0.0400,312.6,21.07.2026,138.31,138.31,0.79,"All-Bond כללי,מניות כללי",0.35%,0.000
MTF מח אנד יצרני גלובל מד,5133715,קרן מחקה,4,D,"מניות בחו""ל","מניות לפי ענפים בחו""ל - מנוטרלת מט""ח",שילוב ענפים,"הקרן הינה קרן בלתי מוגבלת בני""ע חוץ,לפי מדיניות השקעותיה הקרן הינה קרן מחקה",מזרחי טפחות נאמנות,מגדל,פטורה,0.800,0.0300,10.1,16.07.2026,148.70,148.70,1.39,"אינדקס Global Manufacturers ",לא נגבית עמלת הפצה,0.000
איילון (4D) השקעות,5133731,קרן פתוחה,4,D,גמישות,,,"הקרן הינה קרן בלתי מוגבלת בני""ע חוץ",יובנק נאמנות,איילון,פטורה,1.540,0.0400,15.4,20.07.2026,164.29,164.29,2.51,אחר,0.35%,0.000
הראל All Bond מחקה כללי,5133756,קרן מחקה,0,A,"אג""ח בארץ - כללי",,,לפי מדיניות השקעותיה הקרן הינה קרן מחקה,מזרחי טפחות נאמנות,הראל,פטורה,0.200,0.0200,27.0,21.07.2026,110.31,110.31,0.37,All-Bond כללי,לא נגבית עמלת הפצה,0.000
"הראל מחקה ת""א All-Share",5133764,קרן מחקה,4,A,מניות בארץ,מניות לפי שווי שוק,All Cap,לפי מדיניות השקעותיה הקרן הינה קרן מחקה,מזרחי טפחות נאמנות,הראל,פטורה,0.250,0.0200,30.6,21.07.2026,178.50,178.50,3.41,"ת""א All-Share ",לא נגבית עמלת הפצה,0.000
קסם KTF אי צ מד T60 לל בנ,5133772,קרן מחקה,0,0,"אג""ח בארץ - חברות והמרה","אג""ח חברות צמודות מדד",בריבית קבועה,לפי מדיניות השקעותיה הקרן הינה קרן מחקה,אלמגור-בריטמן נאמנות,קסם,פטורה,0.100,0.0300,261.5,21.07.2026,117.08,117.08,0.40,אינדקס צמוד מדורג Top60 ללא בנקים,לא נגבית עמלת הפצה,0.000
מור אגד ישראלי 30% מניות,5133780,קרן פתוחה,2,C,אגד קרנות,אגד ישראלי,,"הקרן הינה קרן בלתי מוגבלת בני""ע חוץ",יובנק נאמנות,מור קרנות,פטורה,0.000,0.0200,196.2,20.07.2026,134.74,134.74,0.45,"All-Bond כללי,מניות כללי",0.35%,0.000
מור אגד ישראלי 15% מניות,5133798,קרן פתוחה,2,B,אגד קרנות,אגד ישראלי,,"הקרן הינה קרן בלתי מוגבלת בני""ע חוץ",יובנק נאמנות,מור קרנות,פטורה,0.000,0.0200,231.9,20.07.2026,125.14,125.14,0.28,"All-Bond כללי,מניות כללי",0.35%,0.000
מיטב תיק15 אגד ישראלי,5133822,קרן פתוחה,2,B,אגד קרנות,אגד ישראלי,,,יובנק נאמנות,מיטב קרנות נאמנות,פטורה,0.000,0.0200,112.2,21.07.2026,125.58,125.58,0.60,"All-Bond כללי,ת""א 125",0.35%,0.000
מיטב תיקאגח30 אגד ישראלי,5133830,קרן פתוחה,3,C,אגד קרנות,אגד ישראלי,,"הקרן הינה קרן בלתי מוגבלת בני""ע חוץ",יובנק נאמנות,מיטב קרנות נאמנות,פטורה,0.000,0.0200,101.0,20.07.2026,138.10,138.10,0.42,"All-Bond כללי,ת""א 125",0.35%,0.000
פלקון תיק השקעות+30,5133871,קרן פתוחה,2,B,"אג""ח בארץ - כללי","אג""ח כללי בארץ - עד 30% מניות",,,אלמגור-בריטמן נאמנות,סיגמא,פטורה,0.790,0.0400,33.7,21.07.2026,139.02,139.02,0.98,"All-Bond כללי,ת""א 125",0.35%,0.000
MTF מח אנד US REIT10 ממ,5133897,קרן מחקה,4,A,"מניות בחו""ל","מניות לפי ענפים בחו""ל - מנוטרלת מט""ח",REIT &  Real Estate,"הקרן הינה קרן בלתי מוגבלת בני""ע חוץ,לפי מדיניות השקעותיה הקרן הינה קרן מחקה",מזרחי טפחות נאמנות,מגדל,פטורה,0.500,0.0300,4.7,20.07.2026,78.59,78.56,1.47,"אינדקס נדל""ן למגורים ארה""ב Top10",לא נגבית עמלת הפצה,0.000
"ATF מחקה אג""ח TOP 100 EW",5133905,קרן מחקה,0,0,"אג""ח בארץ - חברות והמרה","אג""ח חברות","אג""ח חברות שקלי וצמוד",לפי מדיניות השקעותיה הקרן הינה קרן מחקה,מזרחי טפחות נאמנות,אנליסט,פטורה,0.200,0.0200,140.6,21.07.2026,114.57,114.57,0.36,"אינדקס אג""ח חברות EW - TOP 100",לא נגבית עמלת הפצה,0.000
מיטב תיק אגח + 15,5133939,קרן פתוחה,2,A,"אג""ח בארץ - כללי","אג""ח כללי בארץ - עד 15% מניות",,,מזרחי טפחות נאמנות,מיטב קרנות נאמנות,פטורה,0.350,0.0300,72.4,21.07.2026,122.90,122.29,0.63,"All-Bond כללי,ת""א 125",0.35%,0.500
"מור 20/80 מניות חו""ל",5133947,קרן פתוחה,2,B,"אג""ח בארץ - כללי","אג""ח כללי בארץ - עד 20% מניות",,"הקרן הינה קרן בלתי מוגבלת בני""ע חוץ",יובנק נאמנות,מור קרנות,פטורה,0.820,0.0300,1365.6,20.07.2026,133.75,133.75,0.33,"All-Bond כללי,MSCI AC WORLD INDEX - RT - NTR ,דולר ארה""ב",0.35%,0.000
"אש אג""ח מדינה שקליות",5133954,קרן פתוחה,0,A,"אג""ח בארץ - מדינה","אג""ח מדינה שקליות - ללא מניות",,,יובנק נאמנות,אלטשולר-שחם קרנות,פטורה,0.700,0.0350,58.1,21.07.2026,109.51,109.51,0.53,"תל גוב – לא צמודות,All-Bond שקלי",0.35%,0.000
איביאי מחקה מש מנ נדיש חד,5133996,קרן מחקה,4,A,מניות בארץ,מניות בארץ קרן משולבת,,לפי מדיניות השקעותיה הקרן הינה קרן מחקה,יובנק נאמנות,"איביאי קרנות נאמנות ",פטורה,0.500,0.0300,10.8,21.07.2026,112.52,112.52,4.43,"ת""א-בנייה,ת""א-מניב ישראל,ת""א- מניב חו""ל",לא נגבית עמלת הפצה,0.000
קסם אקט אגד ישר עד 15%מני,5134002,קרן פתוחה,2,B,אגד קרנות,אגד ישראלי,,,אלמגור-בריטמן נאמנות,קסם,פטורה,0.000,0.0150,173.6,21.07.2026,125.33,125.33,0.62,"All-Bond כללי,ת""א 125",0.35%,0.000
קסם אקט אגד ישר עד 30%מני,5134010,קרן פתוחה,2,B,אגד קרנות,אגד ישראלי,,"הקרן הינה קרן בלתי מוגבלת בני""ע חוץ",אלמגור-בריטמן נאמנות,קסם,פטורה,0.000,0.0150,139.4,20.07.2026,135.89,135.89,0.49,"All-Bond כללי,ת""א 125",0.35%,0.000
מיטב 25/75,5134028,קרן פתוחה,2,B,"אג""ח בארץ - כללי","אג""ח כללי בארץ - עד 25% מניות",,,מזרחי טפחות נאמנות,מיטב קרנות נאמנות,פטורה,0.590,0.0300,1033.5,21.07.2026,145.02,145.02,0.85,"All-Bond כללי,ת""א 125",0.35%,0.000
מיטב אגח ללא מניות,5134036,קרן פתוחה,0,B,"אג""ח בארץ - כללי","אג""ח כללי בארץ - ללא מניות","אג""ח כללי בארץ ללא מניות וללא סימן קריאה",,מזרחי טפחות נאמנות,מיטב קרנות נאמנות,פטורה,0.590,0.0300,475.0,21.07.2026,125.65,125.65,0.39,All-Bond כללי,0.35%,0.000
איביאי מחקה גלבל פודטק מד,5134044,קרן מחקה,4,D,"מניות בחו""ל","מניות לפי ענפים בחו""ל - מנוטרלת מט""ח",Technology,"הקרן הינה קרן בלתי מוגבלת בני""ע חוץ,לפי מדיניות השקעותיה הקרן הינה קרן מחקה",יובנק נאמנות,"איביאי קרנות נאמנות ",פטורה,0.800,0.0300,1.6,16.07.2026,73.74,73.72,1.33,"אינדקס פודטק גלובלי ",לא נגבית עמלת הפצה,0.000
פוקוס (2B)י 30/70,5134069,קרן פתוחה,2,B,"אג""ח בארץ - כללי","אג""ח כללי בארץ - עד 30% מניות",,,יובנק נאמנות,איילון,פטורה,0.790,0.0400,678.5,21.07.2026,149.23,149.23,0.93,"All-Bond כללי,ת""א 125",0.35%,0.000
איילון מנ בלוקציין וכרייה,5134077,קרן פתוחה,4,D,"מניות בחו""ל","מניות לפי ענפים בחו""ל",,"הקרן הינה קרן בלתי מוגבלת בני""ע חוץ",יובנק נאמנות,איילון,פטורה,1.850,0.0400,19.1,20.07.2026,118.53,118.53,4.83,Nasdaq Blockchain Economy,0.35%,0.000
"איביאי מחקה ת""א-ביטוח",5134093,קרן מחקה,4,A,מניות בארץ,מניות לפי ענפים,ביטוח,לפי מדיניות השקעותיה הקרן הינה קרן מחקה,יובנק נאמנות,"איביאי קרנות נאמנות ",פטורה,0.600,0.0200,443.4,21.07.2026,480.69,480.69,5.94,"ת""א-ביטוח",לא נגבית עמלת הפצה,0.000
הראל מחקה אינ מני ערך ישר,5134101,קרן מחקה,4,A,מניות בארץ,מניות לפי שווי שוק,Mid Cap & Large,לפי מדיניות השקעותיה הקרן הינה קרן מחקה,מזרחי טפחות נאמנות,הראל,פטורה,0.650,0.0200,400.6,21.07.2026,211.62,211.62,3.61,אינדקס מניות ערך ישראל,לא נגבית עמלת הפצה,0.000
מור מחקה ציוד שבבים,5134119,קרן מחקה,4,D,"מניות בחו""ל","מניות לפי ענפים בחו""ל - חשופת מט""ח",Semiconductor,"הקרן הינה קרן בלתי מוגבלת בני""ע חוץ,לפי מדיניות השקעותיה הקרן הינה קרן מחקה",יובנק נאמנות,מור קרנות,פטורה,0.750,0.0200,270.6,16.07.2026,302.32,302.32,3.95,"אינדקס יצרני ציוד לשבבים גלובלי,דולר ארה""ב",לא נגבית עמלת הפצה,0.000
MTF מח אנד מתכ מינ גלב מד,5134135,קרן מחקה,4,D,"מניות בחו""ל","מניות לפי ענפים בחו""ל - מנוטרלת מט""ח",Materials,"הקרן הינה קרן בלתי מוגבלת בני""ע חוץ,לפי מדיניות השקעותיה הקרן הינה קרן מחקה",מזרחי טפחות נאמנות,מגדל,פטורה,0.800,0.0300,96.5,16.07.2026,152.60,152.60,4.25,אינדקס Global Metals & Minerals Producers,לא נגבית עמלת הפצה,0.000
אימפקט (4D)י Global Share,5134143,קרן פתוחה,4,D,"מניות בחו""ל","מניות כללי בחו""ל","מניות כללי בחו""ל חשופת מט""ח","הקרן הינה קרן בלתי מוגבלת בני""ע חוץ",מזרחי טפחות נאמנות,איילון,פטורה,1.670,0.0400,448.8,20.07.2026,180.80,180.80,1.66,"S&P 500 - NTR,דולר ארה""ב",0.35%,0.000
אש AB SB MS Cap MF T30TA,5134150,קרן מחקה,4,A,מניות בארץ,מניות לפי שווי שוק,Small Cap & Mid,לפי מדיניות השקעותיה הקרן הינה קרן מחקה,יובנק נאמנות,אלטשולר-שחם קרנות,פטורה,0.800,0.0300,13.9,21.07.2026,224.46,224.46,3.76,AlphaBeta SmartBeta Mid – Small Cap MultiFactor Top 30 TA,לא נגבית עמלת הפצה,0.000
איביאי מחקה אינדק בנק-ישר,5134168,קרן מחקה,4,A,מניות בארץ,מניות לפי ענפים,בנקאות ואשראי חוץ בנקאי,לפי מדיניות השקעותיה הקרן הינה קרן מחקה,יובנק נאמנות,"איביאי קרנות נאמנות ",פטורה,0.500,0.0200,545.7,21.07.2026,253.33,253.33,3.83,אינדקס בנקים ישראל,לא נגבית עמלת הפצה,0.000
אילים מניות תשתיות,5134176,קרן פתוחה,4,B,מניות בארץ,מניות לפי ענפים,,,יובנק נאמנות,אילים קרנות,פטורה,0.690,0.0300,303.5,21.07.2026,215.95,215.95,3.54,"ת""א 125",0.35%,0.000
איביאי מחקה מש מניותיש חד,5134200,קרן מחקה,4,A,מניות בארץ,מניות בארץ קרן משולבת,,לפי מדיניות השקעותיה הקרן הינה קרן מחקה,יובנק נאמנות,"איביאי קרנות נאמנות ",פטורה,0.000,0.0300,85.7,21.07.2026,185.62,185.62,3.50,"ת""א-35,ת""א 90,ת""א-SME60",לא נגבית עמלת הפצה,0.000
קבין (4D) גמישה,5134218,קרן פתוחה,4,D,גמישות,,,"הקרן הינה קרן בלתי מוגבלת בני""ע חוץ",יובנק נאמנות,איילון,פטורה,1.800,0.0400,19.0,20.07.2026,157.50,157.45,1.45,אחר,0.35%,0.000
פסטרנק אגח ללא מניות,5134226,קרן פתוחה,0,B,"אג""ח בארץ - כללי","אג""ח כללי בארץ - ללא מניות","אג""ח כללי בארץ ללא מניות וללא סימן קריאה",,מזרחי טפחות נאמנות,איילון,פטורה,0.750,0.0400,222.6,21.07.2026,118.61,118.61,0.39,All-Bond כללי,0.35%,0.000
פסטרנק שהם 20/80,5134234,קרן פתוחה,2,B,"אג""ח בארץ - כללי","אג""ח כללי בארץ - עד 20% מניות",,,מזרחי טפחות נאמנות,איילון,פטורה,0.780,0.0400,465.7,21.07.2026,138.27,138.27,0.68,"All-Bond כללי,ת""א All-Share ",0.35%,0.000
MTF מח אנד שבבים גלובל מד,5134242,קרן מחקה,4,D,"מניות בחו""ל","מניות לפי ענפים בחו""ל - מנוטרלת מט""ח",Semiconductor,"הקרן הינה קרן בלתי מוגבלת בני""ע חוץ,לפי מדיניות השקעותיה הקרן הינה קרן מחקה",מזרחי טפחות נאמנות,מגדל,פטורה,0.800,0.0300,142.6,16.07.2026,269.19,269.19,4.46,אינדקס Global Semiconductors,לא נגבית עמלת הפצה,0.000
איביאי אגד ישראלי עד 30%,5134267,קרן פתוחה,2,B,אגד קרנות,אגד ישראלי,,"הקרן הינה קרן בלתי מוגבלת בני""ע חוץ",יובנק נאמנות,"איביאי קרנות נאמנות ",פטורה,0.000,0.0200,123.0,20.07.2026,132.87,132.87,0.46,"All-Bond כללי,מניות כללי",0.35%,0.000
איביאי אגד ישראלי עד 15%,5134275,קרן פתוחה,2,B,אגד קרנות,אגד ישראלי,,"הקרן הינה קרן בלתי מוגבלת בני""ע חוץ",יובנק נאמנות,"איביאי קרנות נאמנות ",פטורה,0.000,0.0200,160.2,20.07.2026,123.21,123.21,0.30,"All-Bond כללי,מניות כללי",0.35%,0.000
"פורצ'ן מניות חו""ל",5134283,קרן פתוחה,4,D,"מניות בחו""ל","מניות כללי בחו""ל","מניות כללי בחו""ל חשופת מט""ח","הקרן הינה קרן בלתי מוגבלת בני""ע חוץ",מזרחי טפחות נאמנות,איילון,פטורה,1.800,0.0400,38.3,20.07.2026,151.51,151.51,1.64,"S&P 500 - NTR,דולר ארה""ב",0.35%,0.000
דיאמונד (1B)י 10/90,5134291,קרן פתוחה,1,B,"אג""ח בארץ - כללי","אג""ח כללי בארץ - עד 10% מניות","אג""ח כללי בארץ- עד 10% מניות ללא סימן קריאה",,יובנק נאמנות,איילון,פטורה,0.790,0.0400,68.2,21.07.2026,124.76,124.76,0.70,"All-Bond כללי,ת""א 125",0.35%,0.000
מגדל כספית,5134309,קרן פתוחה,0,0,קרן כספית,כספית שקלית,כספית שקלית עם קונצרני,,יובנק נאמנות,מגדל,פטורה,0.239,0.0100,5127.6,21.07.2026,117.31,117.31,0.00,אחר,0.1%,0.000
י.ל Large & mid cap ישראל,5134317,קרן פתוחה,4,B,מניות בארץ,מניות לפי שווי שוק,מניות Large & Mid Cap,,יובנק נאמנות,ילין לפידות,פטורה,1.200,0.0500,210.3,21.07.2026,232.35,232.35,3.36,"ת""א 125",0.35%,0.000
פינסה 20/80,5134333,קרן פתוחה,2,B,"אג""ח בארץ - כללי","אג""ח כללי בארץ - עד 20% מניות",,,יובנק נאמנות,סיגמא,פטורה,0.790,0.0400,453.9,21.07.2026,136.72,136.72,0.62,"All-Bond כללי,מניות כללי",0.35%,0.000
פינסה 10/90,5134341,קרן פתוחה,1,B,"אג""ח בארץ - כללי","אג""ח כללי בארץ - עד 10% מניות","אג""ח כללי בארץ- עד 10% מניות ללא סימן קריאה",,יובנק נאמנות,סיגמא,פטורה,0.790,0.0400,106.5,21.07.2026,126.39,126.39,0.53,"All-Bond כללי,מניות כללי",0.35%,0.000
פינסה מניות,5134358,קרן פתוחה,4,B,מניות בארץ,מניות לפי שווי שוק,מניות All Cap,,יובנק נאמנות,סיגמא,פטורה,1.800,0.0400,144.6,21.07.2026,211.00,211.00,2.93,מניות כללי,0.35%,0.000
"פינסה אג""ח ללא מניות",5134366,קרן פתוחה,0,B,"אג""ח בארץ - כללי","אג""ח כללי בארץ - ללא מניות","אג""ח כללי בארץ ללא מניות וללא סימן קריאה",,יובנק נאמנות,סיגמא,פטורה,0.750,0.0400,930.1,21.07.2026,120.69,120.69,0.39,All-Bond כללי,0.35%,0.000
פינסה גמישה,5134374,קרן פתוחה,4,D,גמישות,,,"הקרן הינה קרן בלתי מוגבלת בני""ע חוץ",יובנק נאמנות,סיגמא,פטורה,1.700,0.0400,49.6,20.07.2026,164.55,164.55,1.63,אחר,0.35%,0.000
תכלית TTF אגחשקלי A&UP,5134390,קרן מחקה,0,0,"אג""ח בארץ - חברות והמרה","אג""ח חברות שקלי",בריבית קבועה,לפי מדיניות השקעותיה הקרן הינה קרן מחקה,הרמטיק נאמנות,מיטב קרנות נאמנות,פטורה,0.150,0.0300,37.3,21.07.2026,113.42,113.42,0.37,אינדקס ישראל שקלי A ומעלה פקטור מרווח,לא נגבית עמלת הפצה,0.000
איביאי מחקה ערךארהב סק ממ,5134416,קרן מחקה,4,A,"מניות בחו""ל","מניות גיאוגרפי - מנוטרלת מט""ח",אמריקה- כללי,"הקרן הינה קרן בלתי מוגבלת בני""ע חוץ,לפי מדיניות השקעותיה הקרן הינה קרן מחקה",יובנק נאמנות,"איביאי קרנות נאמנות ",פטורה,0.800,0.0300,18.1,20.07.2026,128.91,128.88,0.93,"אינדקס מניות ערך ארה""ב פיזור סקטוריאלי",לא נגבית עמלת הפצה,0.000
מור מחקה אי.ביטוח מש,5134424,קרן מחקה,4,A,מניות בארץ,מניות לפי ענפים,ביטוח,לפי מדיניות השקעותיה הקרן הינה קרן מחקה,יובנק נאמנות,מור קרנות,פטורה,0.400,0.0200,344.4,21.07.2026,374.45,374.45,5.54,אינדקס ביטוח משקל שווה,לא נגבית עמלת הפצה,0.000
פורטה 30/70,5134432,קרן פתוחה,2,B,"אג""ח בארץ - כללי","אג""ח כללי בארץ - עד 30% מניות",,,יובנק נאמנות,סיגמא,פטורה,0.750,0.0400,738.4,21.07.2026,154.30,154.30,1.00,"All-Bond כללי,מניות כללי",0.35%,0.000
קסם אקטיב (2B)י 25/75,5134457,קרן פתוחה,2,B,"אג""ח בארץ - כללי","אג""ח כללי בארץ - עד 25% מניות",,,יובנק נאמנות,קסם,פטורה,0.590,0.0300,39.0,21.07.2026,135.52,135.52,0.95,"All-Bond כללי,ת""א 125",0.35%,0.000
קסם אקטיב תיק השקעות+30%,5134465,קרן פתוחה,2,C,"אג""ח בארץ - כללי","אג""ח כללי בארץ - עד 30% מניות",,"הקרן הינה קרן בלתי מוגבלת בני""ע חוץ",יובנק נאמנות,קסם,פטורה,0.790,0.0300,350.0,20.07.2026,139.63,139.63,0.54,"All-Bond כללי,ת""א 125",0.35%,0.000
"קסם אקטיב אג""ח + 10%",5134473,קרן פתוחה,1,A,"אג""ח בארץ - כללי","אג""ח כללי בארץ - עד 10% מניות","אג""ח כללי בארץ- עד 10% מניות ללא סימן קריאה",,יובנק נאמנות,קסם,פטורה,0.740,0.0300,214.5,21.07.2026,123.96,123.96,0.56,"All-Bond כללי,ת""א 125",0.35%,0.000
"קסם אקטיב אג""ח חברות +10%",5134481,קרן פתוחה,1,B,"אג""ח בארץ - חברות והמרה",חברות והמרה עם מניות,חברות והמרה עם מניות ללא סימן קריאה,,יובנק נאמנות,קסם,פטורה,0.750,0.0300,350.9,21.07.2026,132.07,132.07,0.56,"אג""ח כללי - קונצרני,ת""א 125",0.35%,0.000
איילון (2C)י 30/70,5134523,קרן פתוחה,2,C,"אג""ח בארץ - כללי","אג""ח כללי בארץ - עד 30% מניות",,,יובנק נאמנות,איילון,פטורה,0.890,0.0400,44.0,21.07.2026,135.65,135.65,1.13,"All-Bond כללי,ת""א 125",0.35%,0.000
MTF מח Nasdaq 100,5134531,קרן מחקה,4,D,"מניות בחו""ל","מניות גיאוגרפי - חשופת מט""ח",אמריקה- שווקים מפותחים,"הקרן הינה קרן בלתי מוגבלת בני""ע חוץ,לפי מדיניות השקעותיה הקרן הינה קרן מחקה,קרן כשרה",אלמגור-בריטמן נאמנות,מגדל,פטורה,0.000,0.0250,767.4,20.07.2026,191.38,191.38,1.46,"NASDAQ 100 - NTR,דולר ארה""ב",לא נגבית עמלת הפצה,0.000
MTF מח Nasdaq 100 ממ,5134549,קרן מחקה,4,A,"מניות בחו""ל","מניות גיאוגרפי - מנוטרלת מט""ח",אמריקה- שווקים מפותחים,"הקרן הינה קרן בלתי מוגבלת בני""ע חוץ,לפי מדיניות השקעותיה הקרן הינה קרן מחקה,קרן כשרה",אלמגור-בריטמן נאמנות,מגדל,פטורה,0.000,0.0100,1251.7,20.07.2026,173.25,173.25,1.97,NASDAQ 100 - NTR,לא נגבית עמלת הפצה,0.000
תכלית TTF SemiconEquip מד,5134556,קרן מחקה,4,D,"מניות בחו""ל","מניות לפי ענפים בחו""ל - מנוטרלת מט""ח",Semiconductor,"הקרן הינה קרן בלתי מוגבלת בני""ע חוץ,לפי מדיניות השקעותיה הקרן הינה קרן מחקה",אלמגור-בריטמן נאמנות,מיטב קרנות נאמנות,פטורה,0.600,0.0300,91.6,16.07.2026,241.09,241.02,4.07,INDXX SEMICONDUCTOR EQUIPMENT PROVIDERS,לא נגבית עמלת הפצה,0.000
איביאי מחקה תלגוב-משתנהשק,5134564,קרן מחקה,0,0,"אג""ח בארץ - מדינה","אג""ח מדינה שקליות",ריבית משתנה ממשלתיות,לפי מדיניות השקעותיה הקרן הינה קרן מחקה,יובנק נאמנות,"איביאי קרנות נאמנות ",פטורה,0.150,0.0150,4.9,21.07.2026,319.17,319.17,0.08,תל גוב-משתנה שקלי,לא נגבית עמלת הפצה,0.000
מיטב תיק אגח ללא מניות,5134606,קרן פתוחה,0,A,"אג""ח בארץ - כללי","אג""ח כללי בארץ - ללא מניות","אג""ח כללי בארץ ללא מניות עם סימן קריאה",,מזרחי טפחות נאמנות,מיטב קרנות נאמנות,פטורה,0.690,0.0300,18.7,21.07.2026,121.27,121.27,0.24,All-Bond כללי,0.35%,0.000
מיטב תיק אגח + 10%,5134614,קרן פתוחה,1,A,"אג""ח בארץ - כללי","אג""ח כללי בארץ - עד 10% מניות","אג""ח כללי בארץ- עד 10% מניות ועם סימן קריאה",,מזרחי טפחות נאמנות,מיטב קרנות נאמנות,פטורה,0.790,0.0300,12.9,21.07.2026,125.43,125.43,0.46,All-Bond כללי,0.35%,0.000
"מיטב אג""ח מדינה ללא מניות",5134663,קרן פתוחה,0,A,"אג""ח בארץ - מדינה","אג""ח מדינה כללי - ללא מניות",,,מזרחי טפחות נאמנות,מיטב קרנות נאמנות,פטורה,0.590,0.0250,748.4,21.07.2026,114.11,114.11,0.40,תל גוב-כללי,0.35%,0.000
איביאי מחקה תא 125-נ $,5134671,קרן מחקה,4,D,מניות בארץ,מניות לפי שווי שוק,Mid Cap & Large,"לפי מדיניות השקעותיה הקרן הינה קרן מחקה,יחידות הקרן נקובות ב- $,קרן להשקעות חוץ – מטבע עיקרי - דולר ארה""ב",יובנק נאמנות,"איביאי קרנות נאמנות ",פטורה,0.250,0.0200,465.2,21.07.2026,222.05,222.05,2.37,"ת""א 125,דולר ארה""ב",לא נגבית עמלת הפצה,0.000
איביאי מחקה Shiller US ממ,5134689,קרן מחקה,4,A,"מניות בחו""ל","מניות גיאוגרפי - מנוטרלת מט""ח",אמריקה- שווקים מפותחים,"הקרן הינה קרן בלתי מוגבלת בני""ע חוץ,לפי מדיניות השקעותיה הקרן הינה קרן מחקה,קרן כשרה",יובנק נאמנות,"איביאי קרנות נאמנות ",פטורה,0.790,0.0200,570.0,20.07.2026,136.82,136.82,0.88,Shiller Barclays CAPE® US Core Mid-Month Sector Net TR Index,לא נגבית עמלת הפצה,0.000
הראל מחקה אינ פד 2026 משש,5134705,קרן מחקה,0,A,"אג""ח בארץ - חברות והמרה","אג""ח חברות","אג""ח חברות שקלי וצמוד",לפי מדיניות השקעותיה הקרן הינה קרן מחקה,מזרחי טפחות נאמנות,הראל,פטורה,0.200,0.0200,36.4,21.07.2026,109.90,109.90,0.11,אינדקס לפדיון 2026 מנפיקים במשקל שווה (מתגלגל כל 6 שנים),לא נגבית עמלת הפצה,0.000
MTF מח אנד תא 125 SMRT MO,5134713,קרן מחקה,4,A,מניות בארץ,מניות לפי שווי שוק,Mid Cap & Large,לפי מדיניות השקעותיה הקרן הינה קרן מחקה,מזרחי טפחות נאמנות,מגדל,פטורה,0.000,0.0300,77.0,21.07.2026,215.57,215.57,3.63,"מדד אינדקס ת""א-125 Smart Momentum",לא נגבית עמלת הפצה,0.000
הראל אגד ישראלי עד 15%,5134754,קרן פתוחה,2,C,אגד קרנות,אגד ישראלי,,"הקרן הינה קרן בלתי מוגבלת בני""ע חוץ",מזרחי טפחות נאמנות,הראל,פטורה,0.000,0.0200,20.0,20.07.2026,117.57,117.57,0.33,"All-Bond כללי,ת""א All-Share ",0.35%,0.000
הראל אגד ישראלי עד 30%,5134762,קרן פתוחה,2,C,אגד קרנות,אגד ישראלי,,"הקרן הינה קרן בלתי מוגבלת בני""ע חוץ",מזרחי טפחות נאמנות,הראל,פטורה,0.000,0.0200,20.9,20.07.2026,124.79,124.79,0.33,"All-Bond כללי,ת""א All-Share ",0.35%,0.000
MTF מח אנד A מנגנון שק צמ,5134788,קרן מחקה,0,0,"אג""ח בארץ - חברות והמרה","אג""ח חברות","אג""ח חברות שקלי וצמוד",לפי מדיניות השקעותיה הקרן הינה קרן מחקה,מזרחי טפחות נאמנות,מגדל,פטורה,0.200,0.0300,45.0,21.07.2026,117.73,117.73,0.37,אינדקס A מנגנון שקלי-צמוד,לא נגבית עמלת הפצה,0.000
MTF מח אנ AA מנגנון שק צמ,5134796,קרן מחקה,0,0,"אג""ח בארץ - חברות והמרה","אג""ח חברות","אג""ח חברות שקלי וצמוד",לפי מדיניות השקעותיה הקרן הינה קרן מחקה,מזרחי טפחות נאמנות,מגדל,פטורה,0.200,0.0300,31.5,21.07.2026,112.97,112.97,0.34,אינדקס AA מנגנון שקלי-צמוד,לא נגבית עמלת הפצה,0.000
"אילים אג""ח קונצרני",5134804,קרן פתוחה,0,A,"אג""ח בארץ - חברות והמרה",חברות והמרה ללא מניות,חברות והמרה ללא מניות עם סימן קריאה,,יובנק נאמנות,אילים קרנות,פטורה,0.690,0.0300,787.7,21.07.2026,127.45,127.45,0.43,"אג""ח כללי - קונצרני",0.35%,0.000
איביאי מחקה BloomUSCor1-5,5134812,קרן מחקה,0,D,"אג""ח בחו""ל","חברות והמרה חשופת מט""ח - בינוני",,"הקרן הינה קרן בלתי מוגבלת בני""ע חוץ,לפי מדיניות השקעותיה הקרן הינה קרן מחקה,קרן להשקעות חוץ – מטבע עיקרי - דולר ארה""ב,קרן כשרה",יובנק נאמנות,"איביאי קרנות נאמנות ",פטורה,0.400,0.0200,79.9,20.07.2026,7725.91,7710.59,1.04,"Bloomberg US Corporate 1-5 Year - GTR,דולר ארה""ב",לא נגבית עמלת הפצה,0.000
איביאי מחקהBlooUSInterCrt,5134820,קרן מחקה,0,D,"אג""ח בחו""ל","אג""ח בחו""ל - אחר",,"הקרן הינה קרן בלתי מוגבלת בני""ע חוץ,לפי מדיניות השקעותיה הקרן הינה קרן מחקה,קרן להשקעות חוץ – מטבע עיקרי - דולר ארה""ב,קרן כשרה",יובנק נאמנות,"איביאי קרנות נאמנות ",פטורה,0.300,0.0200,8.5,20.07.2026,9886.04,9886.04,0.97,"Bloomberg US Intermediate Credit - GTR,דולר ארה""ב",לא נגבית עמלת הפצה,0.000
איביאי מחקהBlooUSCor1-5ממ,5134838,קרן מחקה,0,A,"אג""ח בחו""ל","חברות והמרה  מנוטרלת מט""ח - בינוני",,"הקרן הינה קרן בלתי מוגבלת בני""ע חוץ,לפי מדיניות השקעותיה הקרן הינה קרן מחקה",יובנק נאמנות,"איביאי קרנות נאמנות ",פטורה,0.400,0.0200,196.3,20.07.2026,2189.36,2188.74,0.15,Bloomberg US Corporate 1-5 Year - GTR,לא נגבית עמלת הפצה,0.000
פרופאונד (2B)י 30/70,5134846,קרן פתוחה,2,B,"אג""ח בארץ - כללי","אג""ח כללי בארץ - עד 30% מניות",,,מזרחי טפחות נאמנות,איילון,פטורה,0.690,0.0400,46.8,21.07.2026,137.79,137.79,1.03,"All-Bond כללי,מניות כללי",0.35%,0.000
MTF מח אנד A ש אופק יצ חי,5134853,קרן מחקה,0,0,"אג""ח בארץ - חברות והמרה","אג""ח חברות שקלי",בריבית קבועה,לפי מדיניות השקעותיה הקרן הינה קרן מחקה,מזרחי טפחות נאמנות,מגדל,פטורה,0.200,0.0300,61.0,21.07.2026,118.50,118.50,0.37,אינדקס A שקלי אופק דירוג יציב או חיובי,לא נגבית עמלת הפצה,0.000
איביאי מחקה SP Industrial,5134879,קרן מחקה,4,D,"מניות בחו""ל","מניות לפי ענפים בחו""ל - חשופת מט""ח",Industrials,"הקרן הינה קרן בלתי מוגבלת בני""ע חוץ,לפי מדיניות השקעותיה הקרן הינה קרן מחקה,קרן להשקעות חוץ – מטבע עיקרי - דולר ארה""ב,קרן כשרה",יובנק נאמנות,"איביאי קרנות נאמנות ",פטורה,0.700,0.0200,32.8,20.07.2026,17830.11,17830.11,1.81,"S&P Industrial Select Sector - NTR,דולר ארה""ב",לא נגבית עמלת הפצה,0.000
איביאי מחקה SP 500 LVHD,5134887,קרן מחקה,4,D,"מניות בחו""ל","מניות גיאוגרפי - חשופת מט""ח",אמריקה- שווקים מפותחים,"הקרן הינה קרן בלתי מוגבלת בני""ע חוץ,לפי מדיניות השקעותיה הקרן הינה קרן מחקה,קרן להשקעות חוץ – מטבע עיקרי - דולר ארה""ב",יובנק נאמנות,"איביאי קרנות נאמנות ",פטורה,0.000,0.0200,20.4,20.07.2026,9893.14,9893.14,1.54,"S&P 500 Low Volatility High Dividend Index - NTR,דולר ארה""ב",לא נגבית עמלת הפצה,0.000
איביאי מחקה iBox$ IG0-5ממ,5134895,קרן מחקה,0,A,"אג""ח בחו""ל","חברות והמרה  מנוטרלת מט""ח",,"הקרן הינה קרן בלתי מוגבלת בני""ע חוץ,לפי מדיניות השקעותיה הקרן הינה קרן מחקה",יובנק נאמנות,"איביאי קרנות נאמנות ",פטורה,0.300,0.0200,72.0,20.07.2026,1254.46,1251.93,0.09,"Markit iBoxx USD Liquid Investment Grade 0-5 - GTR ",לא נגבית עמלת הפצה,0.000
איביאי מחקה תל בונד-שקליA,5134911,קרן מחקה,0,0,"אג""ח בארץ - חברות והמרה","אג""ח חברות שקלי",בריבית קבועה,לפי מדיניות השקעותיה הקרן הינה קרן מחקה,יובנק נאמנות,"איביאי קרנות נאמנות ",פטורה,0.000,0.0200,168.0,21.07.2026,116.06,116.06,0.40,תל בונד-שקלי A,לא נגבית עמלת הפצה,0.000
קסם iBox $ FRNIG KTF,5134929,קרן מחקה,0,D,"אג""ח בחו""ל","חברות והמרה חשופת מט""ח",,"הקרן הינה קרן בלתי מוגבלת בני""ע חוץ,לפי מדיניות השקעותיה הקרן הינה קרן מחקה,קרן להשקעות חוץ – מטבע עיקרי - דולר ארה""ב",מזרחי טפחות נאמנות,קסם,פטורה,0.500,0.0300,14.4,20.07.2026,3910.15,3910.15,0.92,"iBoxx USD Liquid FRN Investment Grade Corporates 100,דולר ארה""ב",לא נגבית עמלת הפצה,0.000
איילון עד 30% מניות אגד,5134960,קרן פתוחה,2,B,אגד קרנות,אגד ישראלי,,"הקרן הינה קרן בלתי מוגבלת בני""ע חוץ",יובנק נאמנות,איילון,פטורה,0.000,0.0200,77.5,20.07.2026,135.36,135.36,0.47,"All-Bond כללי,ת""א 125",0.35%,0.000
איילון עד 15% מניות אגד,5134978,קרן פתוחה,2,B,אגד קרנות,אגד ישראלי,,,יובנק נאמנות,איילון,פטורה,0.000,0.0200,71.0,21.07.2026,123.94,123.94,0.61,"All-Bond כללי,ת""א 125",0.35%,0.000
קסם ITOPTEN KTF ממ,5134986,קרן מחקה,4,A,"מניות בחו""ל","מניות לפי ענפים בחו""ל - מנוטרלת מט""ח",Technology,"הקרן הינה קרן בלתי מוגבלת בני""ע חוץ,לפי מדיניות השקעותיה הקרן הינה קרן מחקה",הרמטיק נאמנות,קסם,פטורה,0.600,0.0300,283.4,20.07.2026,244.56,244.55,2.55,Indxx US Tech Top 10 – MR,לא נגבית עמלת הפצה,0.000
"מור (!) אג""ח + 10%",5135009,קרן פתוחה,1,A,"אג""ח בארץ - כללי","אג""ח כללי בארץ - עד 10% מניות","אג""ח כללי בארץ- עד 10% מניות ועם סימן קריאה",,יובנק נאמנות,מור קרנות,פטורה,0.750,0.0250,1140.7,21.07.2026,136.65,136.65,0.50,"All-Bond כללי,מניות כללי",0.35%,0.000
מור ! אגח חברות זיקה יש $,5135017,קרן פתוחה,1,D,"אג""ח בארץ - חברות והמרה",חברות והמרה עם מניות,חברות והמרה עם מניות ועם סימן קריאה,"הקרן הינה קרן בלתי מוגבלת בני""ע חוץ,יחידות הקרן נקובות ב- $",יובנק נאמנות,מור קרנות,פטורה,0.790,0.0250,73.7,20.07.2026,135.82,135.82,0.53,"אג""ח כללי - קונצרני,All-Bond דולר וטופ 5 בתל בונד- 20 צמודות",0.35%,0.000
איביאי מחקה גל סיבר EW מד,5135025,קרן מחקה,4,D,"מניות בחו""ל","מניות לפי ענפים בחו""ל - מנוטרלת מט""ח",Cyber Security,"הקרן הינה קרן בלתי מוגבלת בני""ע חוץ,לפי מדיניות השקעותיה הקרן הינה קרן מחקה",יובנק נאמנות,"איביאי קרנות נאמנות ",פטורה,0.400,0.0300,5.2,16.07.2026,123.13,123.13,2.82,אינדקס סייבר גלובלי משקל שווה,לא נגבית עמלת הפצה,0.000
הראל איתן אסטרטגיות,5135041,קרן פתוחה,5,D,ממונפות ואסטרטגיות,אסטרטגיות (לא ממונפות),,"הקרן הינה קרן בלתי מוגבלת בני""ע חוץ",יובנק נאמנות,הראל,פטורה,0.000,0.0400,6.9,20.07.2026,109.58,104.36,1.96,אחר,0.35%,5.000
Gse Spotי (4B) מניות,5135058,קרן פתוחה,4,B,מניות בארץ,מניות לפי שווי שוק,מניות All Cap,,מזרחי טפחות נאמנות,איילון,פטורה,1.850,0.0400,9.4,21.07.2026,197.70,197.70,3.19,מניות כללי,0.35%,0.000
תכלית PHLX Semicon TTF ממ,5135074,קרן מחקה,4,A,"מניות בחו""ל","מניות לפי ענפים בחו""ל - מנוטרלת מט""ח",Semiconductor,"הקרן הינה קרן בלתי מוגבלת בני""ע חוץ,לפי מדיניות השקעותיה הקרן הינה קרן מחקה",אלמגור-בריטמן נאמנות,מיטב קרנות נאמנות,פטורה,0.500,0.0300,686.0,20.07.2026,306.09,306.06,4.04,PHLX Semiconductor Sector Index - NTR,לא נגבית עמלת הפצה,0.000
"MTF מח ת""א-90 נקובה $",5135090,קרן מחקה,4,D,מניות בארץ,מניות לפי שווי שוק,Mid Cap,"הקרן הינה קרן בלתי מוגבלת בני""ע חוץ,לפי מדיניות השקעותיה הקרן הינה קרן מחקה,יחידות הקרן נקובות ב- $,קרן להשקעות חוץ – מטבע עיקרי - דולר ארה""ב",מזרחי טפחות נאמנות,מגדל,פטורה,0.000,0.0300,80.4,20.07.2026,174.90,174.90,2.15,"ת""א 90,דולר ארה""ב",לא נגבית עמלת הפצה,0.000
MTF מח BLBRG US AN RC ממ,5135108,קרן מחקה,4,A,"מניות בחו""ל","מניות גיאוגרפי - מנוטרלת מט""ח",אמריקה- שווקים מפותחים,"הקרן הינה קרן בלתי מוגבלת בני""ע חוץ,לפי מדיניות השקעותיה הקרן הינה קרן מחקה,קרן כשרה",אלמגור-בריטמן נאמנות,מגדל,פטורה,0.800,0.0300,410.3,20.07.2026,142.13,142.08,1.04,"Bloomberg US Analyst Recommendations Index ",לא נגבית עמלת הפצה,0.000
קסם KTF אי T60 צמ מש תל,5135116,קרן מחקה,0,0,"אג""ח בארץ - חברות והמרה","אג""ח חברות צמודות מדד",בריבית קבועה,לפי מדיניות השקעותיה הקרן הינה קרן מחקה,הרמטיק נאמנות,קסם,פטורה,0.100,0.0300,31.9,21.07.2026,117.71,117.71,0.37,אינדקס Top 60 צמוד - משקל תשואה לפדיון,לא נגבית עמלת הפצה,0.000
קסם KTF תא פמילי,5135132,קרן מחקה,4,A,מניות בארץ,מניות לפי שווי שוק,אחר,לפי מדיניות השקעותיה הקרן הינה קרן מחקה,הרמטיק נאמנות,קסם,פטורה,0.250,0.0300,17.8,21.07.2026,163.96,163.96,4.40,"ת""א-פמילי",לא נגבית עמלת הפצה,0.000
תכלית TTF תל-בונד שקלי A,5135140,קרן מחקה,0,0,"אג""ח בארץ - חברות והמרה","אג""ח חברות שקלי",בריבית קבועה,לפי מדיניות השקעותיה הקרן הינה קרן מחקה,הרמטיק נאמנות,מיטב קרנות נאמנות,פטורה,0.000,0.0300,187.7,21.07.2026,117.10,117.10,0.40,תל בונד-שקלי A,לא נגבית עמלת הפצה,0.000
יל מחקה סייבר מבוסס AI ממ,5135157,קרן מחקה,4,A,"מניות בחו""ל","מניות לפי ענפים בחו""ל - מנוטרלת מט""ח",Cyber Security,"הקרן הינה קרן בלתי מוגבלת בני""ע חוץ,לפי מדיניות השקעותיה הקרן הינה קרן מחקה",יובנק נאמנות,ילין לפידות,פטורה,0.770,0.0200,17.4,20.07.2026,163.12,163.12,2.40,"אינדקס סייבר ארה""ב מבוסס AI",לא נגבית עמלת הפצה,0.000
"ATF מחקה ת""א-125 מומנטוםע",5135165,קרן מחקה,4,A,מניות בארץ,מניות לפי שווי שוק,Mid Cap & Large,לפי מדיניות השקעותיה הקרן הינה קרן מחקה,מזרחי טפחות נאמנות,אנליסט,פטורה,0.500,0.0200,123.5,21.07.2026,218.15,218.15,3.29,"אינדקס ת""א-125 מומנטום ענפי",לא נגבית עמלת הפצה,0.000
"ברק אולטרה ת""א 35 פי 3",5135173,קרן פתוחה,6,0,ממונפות ואסטרטגיות,ממונפות בסיכון גבוה,,הקרן הינה קרן ממונפת,יובנק נאמנות,ברק,פטורה,1.800,0.1000,39.8,21.07.2026,387.49,386.33,9.27,"ת""א-35",0.35%,0.300
ברק אולטרה S&P 500 פי 3,5135181,קרן פתוחה,6,D,ממונפות ואסטרטגיות,ממונפות בסיכון גבוה,,"הקרן הינה קרן בלתי מוגבלת בני""ע חוץ,הקרן הינה קרן ממונפת",יובנק נאמנות,ברק,פטורה,1.800,0.1000,12.4,20.07.2026,191.73,191.08,3.19,S&P 500 - NTR,0.35%,0.300
ברק אולטרה דאקס פי 3,5135199,קרן פתוחה,6,D,ממונפות ואסטרטגיות,ממונפות בסיכון גבוה,,"הקרן הינה קרן בלתי מוגבלת בני""ע חוץ,הקרן הינה קרן ממונפת",יובנק נאמנות,ברק,פטורה,3.600,0.1000,8.6,20.07.2026,321.77,320.77,3.98,DAX - NTR,0.35%,0.300
"ברק אולטרה נאסד""ק 100 פי3",5135207,קרן פתוחה,6,D,ממונפות ואסטרטגיות,ממונפות בסיכון גבוה,,"הקרן הינה קרן בלתי מוגבלת בני""ע חוץ,הקרן הינה קרן ממונפת",יובנק נאמנות,ברק,פטורה,1.800,0.1000,41.9,20.07.2026,223.61,222.93,5.39,NASDAQ 100 - NTR,0.35%,0.300
"ברק אולטרה ת""א 125 פי 3",5135215,קרן פתוחה,6,A,ממונפות ואסטרטגיות,ממונפות בסיכון גבוה,,הקרן הינה קרן ממונפת,יובנק נאמנות,ברק,פטורה,1.800,0.1000,44.7,21.07.2026,334.94,333.94,9.92,"ת""א 125",0.35%,0.300
קסם אקטיב ברקת 30/70,5135223,קרן פתוחה,2,B,"אג""ח בארץ - כללי","אג""ח כללי בארץ - עד 30% מניות",,"הקרן הינה קרן בלתי מוגבלת בני""ע חוץ",יובנק נאמנות,קסם,פטורה,0.580,0.0400,65.6,20.07.2026,140.41,139.71,0.47,"All-Bond כללי,ת""א 125",0.35%,0.500
"ISP י(4D) מניות חו""ל",5135256,קרן פתוחה,4,D,"מניות בחו""ל","מניות כללי בחו""ל","מניות כללי בחו""ל חשופת מט""ח","הקרן הינה קרן בלתי מוגבלת בני""ע חוץ",יובנק נאמנות,איילון,פטורה,1.600,0.0400,60.3,20.07.2026,158.94,158.94,1.24,"S&P 500 - NTR,דולר ארה""ב",0.35%,0.000
"פרופאונד אג""ח ללא מניות",5135264,קרן פתוחה,0,B,"אג""ח בארץ - כללי","אג""ח כללי בארץ - ללא מניות","אג""ח כללי בארץ ללא מניות וללא סימן קריאה",,מזרחי טפחות נאמנות,איילון,פטורה,0.990,0.0400,176.9,21.07.2026,113.21,113.21,0.35,All-Bond כללי,0.35%,0.000
קסם KTFמש מניות MidCap ממ,5135272,קרן מחקה,4,A,"מניות בחו""ל","מניות בחו""ל קרן משולבת",,"הקרן הינה קרן בלתי מוגבלת בני""ע חוץ,לפי מדיניות השקעותיה הקרן הינה קרן מחקה",מזרחי טפחות נאמנות,קסם,פטורה,0.000,0.0200,19.0,20.07.2026,20233.62,20233.62,1.12,"S&P MidCap 400 - NTR,MDAX - NTR,FTSE 250 Index - NTR",לא נגבית עמלת הפצה,0.000
איביאי מחקהE-STOXXDiv30ממ,5135280,קרן מחקה,4,A,"מניות בחו""ל","מניות גיאוגרפי - מנוטרלת מט""ח",אירופה- כללי,"הקרן הינה קרן בלתי מוגבלת בני""ע חוץ,לפי מדיניות השקעותיה הקרן הינה קרן מחקה",יובנק נאמנות,"איביאי קרנות נאמנות ",פטורה,0.500,0.0200,83.4,20.07.2026,6509.35,6509.35,0.94,EURO STOXX Select Dividend 30 - NTR,לא נגבית עמלת הפצה,0.000
איביאי מחקה iBox $ IG30ממ,5135306,קרן מחקה,0,A,"אג""ח בחו""ל","חברות והמרה  מנוטרלת מט""ח",,"הקרן הינה קרן בלתי מוגבלת בני""ע חוץ,לפי מדיניות השקעותיה הקרן הינה קרן מחקה",יובנק נאמנות,"איביאי קרנות נאמנות ",פטורה,0.600,0.0200,10.2,20.07.2026,2634.55,2634.55,0.25,IBOXX USD LIQUID INVESTMENT GRADE TOP 30 INDEX - GTR,לא נגבית עמלת הפצה,0.000
קסם M1WD KTF,5135330,קרן מחקה,4,D,"מניות בחו""ל","מניות גלובליות - חשופת מט""ח",,"הקרן הינה קרן בלתי מוגבלת בני""ע חוץ,לפי מדיניות השקעותיה הקרן הינה קרן מחקה,קרן להשקעות חוץ – מטבע עיקרי - דולר ארה""ב,קרן להשק חוץ-פטור ממס לתושבי חוץ,קרן כשרה",הרמטיק נאמנות,קסם,פטורה,0.300,0.0300,166.3,16.07.2026,156.60,156.60,0.78,"MSCI AC WORLD INDEX - NTR,דולר ארה""ב",לא נגבית עמלת הפצה,0.000
"הראל מחקה ת""א 90 נקובה $",5135348,קרן מחקה,4,D,מניות בארץ,מניות לפי שווי שוק,Mid Cap,"הקרן הינה קרן בלתי מוגבלת בני""ע חוץ,לפי מדיניות השקעותיה הקרן הינה קרן מחקה,יחידות הקרן נקובות ב- $,קרן להשקעות חוץ – מטבע עיקרי - דולר ארה""ב",מזרחי טפחות נאמנות,הראל,פטורה,0.000,0.0200,44.7,20.07.2026,182.53,182.53,2.15,"ת""א 90,דולר ארה""ב",לא נגבית עמלת הפצה,0.000
איביאי מחקה מותמזוןגל10מד,5135371,קרן מחקה,4,D,"מניות בחו""ל","מניות לפי ענפים בחו""ל - מנוטרלת מט""ח",Consumer Staples,"הקרן הינה קרן בלתי מוגבלת בני""ע חוץ,לפי מדיניות השקעותיה הקרן הינה קרן מחקה",יובנק נאמנות,"איביאי קרנות נאמנות ",פטורה,0.650,0.0230,2.4,20.07.2026,112.17,112.17,1.06,אינדקס Food Brands Top 10,לא נגבית עמלת הפצה,0.000
MTF מח תל גוב-צמודות 5-10,5135405,קרן מחקה,0,0,"אג""ח בארץ - מדינה","אג""ח מדינה צמוד מדד",צמודות מדד ממשלתיות - ארוך,לפי מדיניות השקעותיה הקרן הינה קרן מחקה,אלמגור-בריטמן נאמנות,מגדל,פטורה,0.000,0.0300,165.8,21.07.2026,110.69,110.69,0.40,תל גוב-צמודות 5-10,לא נגבית עמלת הפצה,0.000
MTF מח תל גוב-שקלי 5-10,5135413,קרן מחקה,0,0,"אג""ח בארץ - מדינה","אג""ח מדינה שקליות",ריבית קבועה - ארוך,לפי מדיניות השקעותיה הקרן הינה קרן מחקה,אלמגור-בריטמן נאמנות,מגדל,פטורה,0.000,0.0300,683.9,21.07.2026,113.37,113.37,0.61,תל גוב-שקלי 5-10,לא נגבית עמלת הפצה,0.000
"מור מחקה A-AA מח""מ 3",5135421,קרן מחקה,0,0,"אג""ח בארץ - חברות והמרה","אג""ח חברות",אחר,לפי מדיניות השקעותיה הקרן הינה קרן מחקה,יובנק נאמנות,מור קרנות,פטורה,0.200,0.0200,34.9,21.07.2026,121.57,121.57,0.28,"אינדקס A-AA מח""מ 3 סינטטי",לא נגבית עמלת הפצה,0.000
"מור מחקה A מח""מ 4",5135439,קרן מחקה,0,0,"אג""ח בארץ - חברות והמרה","אג""ח חברות",אחר,לפי מדיניות השקעותיה הקרן הינה קרן מחקה,יובנק נאמנות,מור קרנות,פטורה,0.200,0.0200,217.2,21.07.2026,124.19,124.19,0.41,"אינדקס A מח""מ 4 סינטטי",לא נגבית עמלת הפצה,0.000
MTF מח אינדקס תעשיה ישר,5135470,קרן מחקה,4,A,מניות בארץ,מניות לפי ענפים,תעשיה,לפי מדיניות השקעותיה הקרן הינה קרן מחקה,יובנק נאמנות,מגדל,פטורה,0.500,0.0300,112.4,21.07.2026,214.27,214.27,4.10,אינדקס תעשיה ישראל,לא נגבית עמלת הפצה,0.000
אש נדלן ישראל AB SB,5135496,קרן מחקה,4,A,מניות בארץ,מניות לפי ענפים,"נדל""ן ובנייה",לפי מדיניות השקעותיה הקרן הינה קרן מחקה,יובנק נאמנות,אלטשולר-שחם קרנות,פטורה,0.900,0.0300,6.0,21.07.2026,149.74,149.74,4.47,"נדל""ן ישראל AlphaBeta SmartBeta",לא נגבית עמלת הפצה,0.000
אש טכנולוגיה ישראל AB SB,5135504,קרן מחקה,4,A,מניות בארץ,מניות לפי ענפים,טכנולוגיה,לפי מדיניות השקעותיה הקרן הינה קרן מחקה,יובנק נאמנות,אלטשולר-שחם קרנות,פטורה,0.900,0.0300,37.1,21.07.2026,275.89,275.89,4.66,טכנולוגיה ישראל AlphaBeta SmartBeta,לא נגבית עמלת הפצה,0.000
אביב מניות גלובלי כשרה,5135512,קרן פתוחה,4,D,"מניות בחו""ל","מניות כללי בחו""ל","מניות כללי בחו""ל חשופת מט""ח","הקרן הינה קרן בלתי מוגבלת בני""ע חוץ,קרן כשרה",יובנק נאמנות,איילון,פטורה,1.950,0.0450,47.2,20.07.2026,132.20,132.20,1.05,"S&P 500 - NTR,דולר ארה""ב",0.35%,0.000
אביב מניות ישראל ESG כשרה,5135520,קרן פתוחה,4,B,מניות בארץ,מניות לפי שווי שוק,מניות All Cap,קרן כשרה,יובנק נאמנות,איילון,פטורה,1.950,0.0450,89.6,21.07.2026,192.01,192.01,3.62,מניות כללי,0.35%,0.000
אביב 20/80 תיק ESG כשרה,5135538,קרן פתוחה,2,B,"אג""ח בארץ - כללי","אג""ח כללי בארץ - עד 20% מניות",,קרן כשרה,יובנק נאמנות,איילון,פטורה,0.930,0.0450,28.6,21.07.2026,128.96,128.96,0.88,"All-Bond כללי,מניות כללי",0.35%,0.000
אביב ESG מניות ישראל,5135546,קרן פתוחה,4,B,מניות בארץ,מניות לפי שווי שוק,מניות All Cap,,יובנק נאמנות,איילון,פטורה,1.950,0.0450,40.1,21.07.2026,212.23,212.23,3.24,מניות כללי,0.35%,0.000
"אביב אג""ח חברות ESG כשרה",5135553,קרן פתוחה,0,A,"אג""ח בארץ - חברות והמרה",חברות והמרה ללא מניות,חברות והמרה ללא מניות וללא סימן קריאה,קרן כשרה,יובנק נאמנות,איילון,פטורה,0.890,0.0450,82.5,21.07.2026,114.27,114.27,0.36,"אג""ח כללי - קונצרני",0.35%,0.000
"אילים אג""ח FLOATERS $",5135587,קרן פתוחה,0,D,"אג""ח בחו""ל","אג""ח נקובת מט""ח",,"הקרן הינה קרן בלתי מוגבלת בני""ע חוץ,יחידות הקרן נקובות ב- $,קרן להשקעות חוץ – מטבע עיקרי - דולר ארה""ב,קרן להשק חוץ-פטור ממס לתושבי חוץ",יובנק נאמנות,אילים קרנות,פטורה,0.590,0.0300,26.0,20.07.2026,120.36,120.34,1.09,"דולר ארה""ב",0.35%,0.000
"אילים אג""ח FLOATERS",5135595,קרן פתוחה,0,D,"אג""ח בחו""ל","אג""ח חשופת דולר",,"הקרן הינה קרן בלתי מוגבלת בני""ע חוץ,קרן להשקעות חוץ – מטבע עיקרי - דולר ארה""ב,קרן להשק חוץ-פטור ממס לתושבי חוץ",יובנק נאמנות,אילים קרנות,פטורה,0.590,0.0300,8.2,20.07.2026,110.64,110.63,0.92,"דולר ארה""ב",0.35%,0.000
MTF מח S&P 500 Value ממ,5135603,קרן מחקה,4,A,"מניות בחו""ל","מניות גיאוגרפי - מנוטרלת מט""ח",אמריקה- שווקים מפותחים,"הקרן הינה קרן בלתי מוגבלת בני""ע חוץ,לפי מדיניות השקעותיה הקרן הינה קרן מחקה",מזרחי טפחות נאמנות,מגדל,פטורה,0.500,0.0300,21.7,20.07.2026,162.67,162.67,0.38,S&P 500 Value Index,לא נגבית עמלת הפצה,0.000
קסם BURRTNTR KTF ממ,5135611,קרן מחקה,4,A,"מניות בחו""ל","מניות לפי ענפים בחו""ל - מנוטרלת מט""ח",REIT &  Real Estate,"הקרן הינה קרן בלתי מוגבלת בני""ע חוץ,לפי מדיניות השקעותיה הקרן הינה קרן מחקה",הרמטיק נאמנות,קסם,פטורה,0.000,0.0300,2.2,20.07.2026,116.25,116.25,1.81,BlueStar Top-10 US Residential Real Estate,לא נגבית עמלת הפצה,0.000
גביש גמישה,5135629,קרן פתוחה,4,D,גמישות,,,"הקרן הינה קרן בלתי מוגבלת בני""ע חוץ",יובנק נאמנות,סיגמא,פטורה,1.850,0.0400,22.8,20.07.2026,176.55,176.54,1.43,אחר,0.35%,0.000
ברק אולטרה בנקים פי 3,5135652,קרן פתוחה,6,A,ממונפות ואסטרטגיות,ממונפות בסיכון גבוה,,הקרן הינה קרן ממונפת,יובנק נאמנות,ברק,פטורה,3.600,0.1000,133.5,21.07.2026,426.77,425.49,11.82,"ת""א בנקים-5",0.35%,0.300
איביאי מחקה ישר הנהגהנשית,5135686,קרן מחקה,4,A,מניות בארץ,מניות לפי שווי שוק,אחר,לפי מדיניות השקעותיה הקרן הינה קרן מחקה,יובנק נאמנות,"איביאי קרנות נאמנות ",פטורה,0.000,0.0300,3.0,21.07.2026,199.34,199.34,4.19,אינדקס ישראל הנהגה נשית,לא נגבית עמלת הפצה,0.000
"איביאי מחקה ת""א-נדל""ן",5135694,קרן מחקה,4,A,מניות בארץ,מניות לפי ענפים,"נדל""ן ובנייה",לפי מדיניות השקעותיה הקרן הינה קרן מחקה,יובנק נאמנות,"איביאי קרנות נאמנות ",פטורה,0.400,0.0200,127.2,21.07.2026,133.73,133.73,4.97,"ת""א נדל""ן",לא נגבית עמלת הפצה,0.000
קסם אקט 20/80 נקובה$,5135702,קרן פתוחה,2,D,"אג""ח בארץ - כללי","אג""ח כללי בארץ - עד 20% מניות",,"הקרן הינה קרן בלתי מוגבלת בני""ע חוץ,יחידות הקרן נקובות ב- $,קרן להשקעות חוץ – מטבע עיקרי - דולר ארה""ב",יובנק נאמנות,קסם,פטורה,0.580,0.0400,30.4,20.07.2026,136.55,136.55,0.81,"All-Bond כללי,ת""א 125,דולר ארה""ב",0.35%,0.000
"איביאי מחקה ת""א-פיננסים",5135710,קרן מחקה,4,A,מניות בארץ,מניות לפי ענפים,פיננסים,לפי מדיניות השקעותיה הקרן הינה קרן מחקה,יובנק נאמנות,"איביאי קרנות נאמנות ",פטורה,0.500,0.0200,274.4,21.07.2026,351.10,351.10,4.46,"ת""א פיננסים",לא נגבית עמלת הפצה,0.000
הראל מחקה תל גוב-מקמ נקו$,5135736,קרן מחקה,0,D,"אג""ח בארץ - מדינה","אג""ח מדינה שקליות","מק""מ","הקרן הינה קרן בלתי מוגבלת בני""ע חוץ,לפי מדיניות השקעותיה הקרן הינה קרן מחקה,יחידות הקרן נקובות ב- $,קרן להשקעות חוץ – מטבע עיקרי - דולר ארה""ב,קרן כשרה",מזרחי טפחות נאמנות,הראל,פטורה,0.200,0.0200,12.5,20.07.2026,120.93,120.93,1.06,"תל גוב-מק""מ,דולר ארה""ב",לא נגבית עמלת הפצה,0.000
אש אגד ישראלי עד 15% מנ,5135744,קרן פתוחה,2,B,אגד קרנות,אגד ישראלי,,"הקרן הינה קרן בלתי מוגבלת בני""ע חוץ",יובנק נאמנות,אלטשולר-שחם קרנות,פטורה,0.000,0.0200,21.5,20.07.2026,121.79,121.79,0.29,"All-Bond כללי,FTSE DEVELOPED Index - Net TR USD,ת""א 125",0.35%,0.000
אש אגד ישראלי עד 30% מנ,5135751,קרן פתוחה,2,B,אגד קרנות,אגד ישראלי,,"הקרן הינה קרן בלתי מוגבלת בני""ע חוץ",יובנק נאמנות,אלטשולר-שחם קרנות,פטורה,0.000,0.0200,18.8,20.07.2026,128.77,128.77,0.38,"All-Bond כללי,FTSE DEVELOPED Index - Net TR USD,ת""א 125",0.35%,0.000
ב. אלטרנטיב 20/80,5135769,קרן פתוחה,2,B,"אג""ח בארץ - כללי","אג""ח כללי בארץ - עד 20% מניות",,,יובנק נאמנות,איילון,פטורה,0.790,0.0450,724.2,21.07.2026,145.46,145.46,0.68,"All-Bond כללי,מניות כללי",0.35%,0.000
קסם KTF אי AA ומע שק 0-3,5135777,קרן מחקה,0,0,"אג""ח בארץ - חברות והמרה","אג""ח חברות שקלי",בריבית קבועה,לפי מדיניות השקעותיה הקרן הינה קרן מחקה,הרמטיק נאמנות,קסם,פטורה,0.100,0.0300,86.4,21.07.2026,118.35,118.35,0.22,אינדקס AA ומעלה שקלי 0-3,לא נגבית עמלת הפצה,0.000
קסם KTF אי AA ומע צמ 0-3,5135785,קרן מחקה,0,0,"אג""ח בארץ - חברות והמרה","אג""ח חברות צמודות מדד",בריבית קבועה,לפי מדיניות השקעותיה הקרן הינה קרן מחקה,הרמטיק נאמנות,קסם,פטורה,0.100,0.0300,246.9,21.07.2026,118.21,118.21,0.20,אינדקס AA ומעלה צמוד 0-3,לא נגבית עמלת הפצה,0.000
אינווסטור360 מניות ערך יש,5135793,קרן פתוחה,4,B,מניות בארץ,מניות לפי שווי שוק,מניות All Cap,,יובנק נאמנות,איילון,פטורה,0.800,0.0450,31.5,21.07.2026,195.86,195.86,3.62,"ת""א 125",0.35%,0.000
"אינווסטור360 מניות חו""ל",5135801,קרן פתוחה,4,D,"מניות בחו""ל","מניות כללי בחו""ל","מניות כללי בחו""ל חשופת מט""ח","הקרן הינה קרן בלתי מוגבלת בני""ע חוץ",יובנק נאמנות,איילון,פטורה,0.750,0.0450,28.1,20.07.2026,183.99,183.99,1.63,"S&P 500 - NTR,דולר ארה""ב",0.35%,0.000
תכלית TTF תלבונד צמוד 1-3,5135819,קרן מחקה,0,0,"אג""ח בארץ - חברות והמרה","אג""ח חברות צמודות מדד",בריבית קבועה - קצר,לפי מדיניות השקעותיה הקרן הינה קרן מחקה,הרמטיק נאמנות,מיטב קרנות נאמנות,פטורה,0.200,0.0200,707.5,21.07.2026,119.75,119.75,0.25,תל בונד-צמודות 1-3,לא נגבית עמלת הפצה,0.000
הראל מחקה תל גוב-שקלי 10+,5135835,קרן מחקה,0,0,"אג""ח בארץ - מדינה","אג""ח מדינה שקליות",ריבית קבועה - ארוך,"לפי מדיניות השקעותיה הקרן הינה קרן מחקה,קרן כשרה",מזרחי טפחות נאמנות,הראל,פטורה,0.100,0.0200,83.9,21.07.2026,105.36,105.36,1.16,תל גוב-שקלי 10+,לא נגבית עמלת הפצה,0.000
הראל מחקה תל-גובצמוד 10+,5135843,קרן מחקה,0,0,"אג""ח בארץ - מדינה","אג""ח מדינה צמוד מדד",צמודות מדד ממשלתיות - ארוך,"לפי מדיניות השקעותיה הקרן הינה קרן מחקה,קרן כשרה",מזרחי טפחות נאמנות,הראל,פטורה,0.100,0.0200,9.6,21.07.2026,96.91,96.91,1.03,תל גוב-צמודות 10+,לא נגבית עמלת הפצה,0.000
איביאי מחקה אדקס אשחצ שפס,5135884,קרן מחקה,4,A,מניות בארץ,מניות לפי ענפים,בנקאות ואשראי חוץ בנקאי,לפי מדיניות השקעותיה הקרן הינה קרן מחקה,יובנק נאמנות,"איביאי קרנות נאמנות ",פטורה,0.800,0.0300,54.7,21.07.2026,212.63,212.63,4.07,אינדקס אשראי חוץ בנקאי ושירותים פיננסיים אחרים בישראל,לא נגבית עמלת הפצה,0.000
מיטב כספית ניהול נזילות,5135926,קרן פתוחה,0,0,קרן כספית,כספית שקלית,כספית שקלית עם קונצרני,,יובנק נאמנות,מיטב קרנות נאמנות,פטורה,0.220,0.0100,4640.8,21.07.2026,1171.23,1171.23,0.00,"תל גוב-מק""מ",0.1%,0.000
MTF מח אנ A-AAAל2029(כל4),5135942,קרן מחקה,0,A,"אג""ח בארץ - חברות והמרה","אג""ח חברות","אג""ח חברות שקלי וצמוד",לפי מדיניות השקעותיה הקרן הינה קרן מחקה,מזרחי טפחות נאמנות,מגדל,פטורה,0.200,0.0300,78.8,21.07.2026,117.07,117.07,0.27,אינדקס A-AAA לפדיון 2025 (מתגלגל כל 4 שנים),לא נגבית עמלת הפצה,0.000
ATF מחקה אגח בנקיםוממשלתי,5135975,קרן מחקה,0,0,"אג""ח בארץ - חברות והמרה","אג""ח חברות","אג""ח חברות שקלי וצמוד",לפי מדיניות השקעותיה הקרן הינה קרן מחקה,מזרחי טפחות נאמנות,אנליסט,פטורה,0.250,0.0200,182.9,21.07.2026,113.89,113.89,0.29,"אינדקס אג""ח בנקים וחב' ממשלתיות",לא נגבית עמלת הפצה,0.000
MTF מח אנד US SEMI10 ממ,5135983,קרן מחקה,4,A,"מניות בחו""ל","מניות לפי ענפים בחו""ל - מנוטרלת מט""ח",Semiconductor,"הקרן הינה קרן בלתי מוגבלת בני""ע חוץ,לפי מדיניות השקעותיה הקרן הינה קרן מחקה,קרן כשרה",מזרחי טפחות נאמנות,מגדל,פטורה,0.500,0.0300,787.3,20.07.2026,543.37,543.37,3.96,"אינדקס שבבים ארה""ב Top10",לא נגבית עמלת הפצה,0.000
י.ל. 30/70 ערך,5135991,קרן פתוחה,2,B,"אג""ח בארץ - כללי","אג""ח כללי בארץ - עד 30% מניות",,,יובנק נאמנות,ילין לפידות,פטורה,0.590,0.0300,1070.1,21.07.2026,161.38,161.38,1.11,"All-Bond כללי,מניות כללי",0.35%,0.000
ISPי (4B) מניות ישראל,5136015,קרן פתוחה,4,B,מניות בארץ,מניות לפי שווי שוק,מניות All Cap,,יובנק נאמנות,איילון,פטורה,1.200,0.0400,90.1,21.07.2026,209.75,209.75,3.34,מניות כללי,0.35%,0.000
תכלית TTF י A-AA לפד 2028,5136023,קרן מחקה,0,0,"אג""ח בארץ - חברות והמרה","אג""ח חברות","אג""ח חברות שקלי וצמוד",לפי מדיניות השקעותיה הקרן הינה קרן מחקה,הרמטיק נאמנות,מיטב קרנות נאמנות,פטורה,0.150,0.0300,14.6,21.07.2026,117.73,117.73,0.24,אינדקס A-AA לפדיון 2025 (מתגלגל כל 3 שנים),לא נגבית עמלת הפצה,0.000
תכלית TTF יש AA מאוזן 2-4,5136031,קרן מחקה,0,0,"אג""ח בארץ - חברות והמרה","אג""ח חברות","אג""ח חברות שקלי וצמוד",לפי מדיניות השקעותיה הקרן הינה קרן מחקה,הרמטיק נאמנות,מיטב קרנות נאמנות,פטורה,0.150,0.0300,96.7,21.07.2026,117.29,117.29,0.28,אינדקס ישראל AA מאוזן 2-4,לא נגבית עמלת הפצה,0.000
קסם SP HealthCare KTF ממ,5136056,קרן מחקה,4,A,"מניות בחו""ל","מניות לפי ענפים בחו""ל - מנוטרלת מט""ח",Health Care,"הקרן הינה קרן בלתי מוגבלת בני""ע חוץ,לפי מדיניות השקעותיה הקרן הינה קרן מחקה",יובנק נאמנות,קסם,פטורה,0.550,0.0300,55.6,20.07.2026,14653.34,14653.34,1.40,S&P Health Care Select Sector Index- NTR,לא נגבית עמלת הפצה,0.000
קסם Nikkei225 KTF,5136064,קרן מחקה,4,D,"מניות בחו""ל","מניות גיאוגרפי - חשופת מט""ח",אסיה ופסיפיק- שווקים מפותחים,"הקרן הינה קרן בלתי מוגבלת בני""ע חוץ,לפי מדיניות השקעותיה הקרן הינה קרן מחקה,קרן להשקעות חוץ – מטבע עיקרי - יין יפני,קרן כשרה",מזרחי טפחות נאמנות,קסם,פטורה,0.550,0.0300,103.7,20.07.2026,31347.67,31343.32,1.73,"NIKKEI 225 - NTR,יין יפני",לא נגבית עמלת הפצה,0.000
פסטרנק שהם 15/85,5136080,קרן פתוחה,2,B,"אג""ח בארץ - כללי","אג""ח כללי בארץ - עד 15% מניות",,,מזרחי טפחות נאמנות,איילון,פטורה,0.750,0.0400,69.9,21.07.2026,133.45,133.45,0.58,"All-Bond כללי,ת""א 125",0.35%,0.000
פסטרנק שהם מ MidCap ישראל,5136098,קרן פתוחה,4,B,מניות בארץ,מניות לפי שווי שוק,מניות Large & Mid Cap,,מזרחי טפחות נאמנות,איילון,פטורה,1.550,0.0400,227.1,21.07.2026,221.47,221.47,3.25,"ת""א-90 ו- CAP 0.8% SME60",0.35%,0.000
קסם Bullet KTF ישראל 2026,5136114,קרן מחקה,0,0,"אג""ח בארץ - חברות והמרה","אג""ח חברות","אג""ח חברות שקלי וצמוד",לפי מדיניות השקעותיה הקרן הינה קרן מחקה,הרמטיק נאמנות,קסם,פטורה,0.200,0.0300,180.3,21.07.2026,117.80,117.80,0.05,אינדקס Bullet ישראל 2026,לא נגבית עמלת הפצה,0.000
ב. אלטרנטיב גמישה,5136122,קרן פתוחה,4,D,גמישות,,,"הקרן הינה קרן בלתי מוגבלת בני""ע חוץ",יובנק נאמנות,איילון,פטורה,1.680,0.0400,96.0,20.07.2026,284.14,284.14,1.28,אחר,0.35%,0.000
"קסם KTF ת""א מעלה",5136130,קרן מחקה,4,A,מניות בארץ,מניות לפי שווי שוק,אחר,לפי מדיניות השקעותיה הקרן הינה קרן מחקה,הרמטיק נאמנות,קסם,פטורה,0.500,0.0150,75.5,21.07.2026,55858.01,55858.01,4.04,מעלה,לא נגבית עמלת הפצה,0.000
י.ל. מחקה אנ ירק גלובל AI,5136148,קרן מחקה,4,D,"מניות בחו""ל","מניות לפי ענפים בחו""ל - חשופת מט""ח",Alternative / Renewable Energy,"הקרן הינה קרן בלתי מוגבלת בני""ע חוץ,לפי מדיניות השקעותיה הקרן הינה קרן מחקה",יובנק נאמנות,ילין לפידות,פטורה,0.770,0.0200,23.7,16.07.2026,98.53,98.53,1.42,"אינדקס אנרגיה ירוקה גלובלי מבוסס AI ,דולר ארה""ב",לא נגבית עמלת הפצה,0.000
"מיטב נדל""ן - תשתיות",5136163,קרן פתוחה,4,B,מניות בארץ,מניות לפי ענפים,,,מזרחי טפחות נאמנות,מיטב קרנות נאמנות,פטורה,0.950,0.0300,53.4,21.07.2026,217.47,217.47,4.03,"נדל""ן ובינוי,ת""א-תשתיות אנרגיה,ת""א-נפט וגז",0.35%,0.000
תכלית TTF בנקיםארהבMEGAממ,5136171,קרן מחקה,4,A,"מניות בחו""ל","מניות לפי ענפים בחו""ל - מנוטרלת מט""ח",Banking,"הקרן הינה קרן בלתי מוגבלת בני""ע חוץ,לפי מדיניות השקעותיה הקרן הינה קרן מחקה",אלמגור-בריטמן נאמנות,מיטב קרנות נאמנות,פטורה,0.400,0.0300,91.4,20.07.2026,166.57,166.57,1.77,אינדקס Mega 20 US Banks,לא נגבית עמלת הפצה,0.000
י.ל. ! 10/90,5136189,קרן פתוחה,1,B,"אג""ח בארץ - כללי","אג""ח כללי בארץ - עד 10% מניות","אג""ח כללי בארץ- עד 10% מניות ועם סימן קריאה",,יובנק נאמנות,ילין לפידות,פטורה,0.540,0.0300,200.8,21.07.2026,140.18,140.18,0.56,All-Bond כללי,0.35%,0.000
הראל מחקה תלבונד שקלי 1-3,5136213,קרן מחקה,0,0,"אג""ח בארץ - חברות והמרה","אג""ח חברות שקלי",בריבית קבועה - קצר,לפי מדיניות השקעותיה הקרן הינה קרן מחקה,יובנק נאמנות,הראל,פטורה,0.000,0.0200,147.2,21.07.2026,119.76,119.76,0.26,תל בונד-שקלי 1-3,לא נגבית עמלת הפצה,0.000
הראל מחקה תלבונד-שקלי 3-5,5136221,קרן מחקה,0,0,"אג""ח בארץ - חברות והמרה","אג""ח חברות שקלי",בריבית קבועה - בינוני,לפי מדיניות השקעותיה הקרן הינה קרן מחקה,יובנק נאמנות,הראל,פטורה,0.000,0.0200,85.4,21.07.2026,120.09,120.09,0.40,תל בונד-שקלי 3-5,לא נגבית עמלת הפצה,0.000
קבין (2B)י 20/80,5136239,קרן פתוחה,2,B,"אג""ח בארץ - כללי","אג""ח כללי בארץ - עד 20% מניות",,,יובנק נאמנות,איילון,פטורה,0.840,0.0400,272.0,21.07.2026,150.95,150.95,0.63,"All-Bond כללי,מניות כללי",0.35%,0.000
איביאי מחקה תא צמיחה,5136247,קרן מחקה,4,A,מניות בארץ,מניות לפי שווי שוק,Small Cap,לפי מדיניות השקעותיה הקרן הינה קרן מחקה,יובנק נאמנות,"איביאי קרנות נאמנות ",פטורה,0.000,0.0150,7.1,21.07.2026,1945.77,1945.77,3.12,"ת""א-צמיחה",לא נגבית עמלת הפצה,0.000
בול מרקט השקעות,5136254,קרן פתוחה,4,D,גמישות,,,"הקרן הינה קרן בלתי מוגבלת בני""ע חוץ",מזרחי טפחות נאמנות,איילון,פטורה,1.500,0.0400,16.1,20.07.2026,193.00,193.00,1.12,אחר,0.35%,0.000
אינווסטור 360 גמישה,5136262,קרן פתוחה,4,D,גמישות,,,"הקרן הינה קרן בלתי מוגבלת בני""ע חוץ",יובנק נאמנות,איילון,פטורה,0.900,0.0400,386.0,20.07.2026,258.40,258.40,1.70,אחר,0.35%,0.000
פיטנגו 10/90,5136270,קרן פתוחה,1,B,"אג""ח בארץ - כללי","אג""ח כללי בארץ - עד 10% מניות","אג""ח כללי בארץ- עד 10% מניות ללא סימן קריאה",,יובנק נאמנות,איילון,פטורה,0.830,0.0400,11.3,21.07.2026,126.16,126.16,0.50,"All-Bond כללי,ת""א 125",0.35%,0.000
FORESTי 30/70,5136288,קרן פתוחה,2,B,"אג""ח בארץ - כללי","אג""ח כללי בארץ - עד 30% מניות",,,מזרחי טפחות נאמנות,פורסט,פטורה,0.950,0.0400,108.3,21.07.2026,139.79,139.79,0.75,"All-Bond כללי,ת""א All-Share ",0.35%,0.000
איילון אגח ש לפדיון 06/30,5136296,קרן פתוחה,0,0,"אג""ח בארץ - כללי","אג""ח כללי בארץ - ללא מניות","אג""ח כללי בארץ ללא מניות וללא סימן קריאה, עם מגבלת מח""מ עד 5 שנים",,יובנק נאמנות,איילון,פטורה,0.600,0.0300,20.7,21.07.2026,114.10,114.10,0.13,תל בונד שקלי,0.35%,0.000
דיאמונד אסטרטג השקעות כשר,5136304,קרן פתוחה,5,E,ממונפות ואסטרטגיות,אסטרטגיות (לא ממונפות),,"הקרן הינה קרן בלתי מוגבלת בני""ע חוץ,קרן כשרה",יובנק נאמנות,איילון,פטורה,1.800,0.0400,22.6,20.07.2026,161.70,161.70,1.41,"ת""א 125",0.35%,0.000
MTF מח אנד ממשל ₪ לפד רב4,5136312,קרן מחקה,0,0,"אג""ח בארץ - מדינה","אג""ח מדינה שקליות",ריבית קבועה  - קצר,לפי מדיניות השקעותיה הקרן הינה קרן מחקה,יובנק נאמנות,מגדל,פטורה,0.100,0.0100,35.2,21.07.2026,114.99,114.99,0.05,אינדקס ממשלתי שקלי לפדיון - רבעון 4,לא נגבית עמלת הפצה,0.000
מגדל מניות צמיחה,5136338,קרן פתוחה,4,B,מניות בארץ,מניות לפי שווי שוק,מניות All Cap,"הקרן הינה קרן בלתי מוגבלת בני""ע חוץ",יובנק נאמנות,מגדל,פטורה,0.500,0.0300,18.6,20.07.2026,244.27,244.27,2.10,"ת""א 125",0.35%,0.000
"פוקוס אג""ח (0B)(!)",5136361,קרן פתוחה,0,B,"אג""ח בארץ - כללי","אג""ח כללי בארץ - ללא מניות","אג""ח כללי בארץ ללא מניות עם סימן קריאה",,יובנק נאמנות,איילון,פטורה,0.790,0.0400,78.7,21.07.2026,125.70,125.70,0.36,All-Bond כללי,0.35%,0.000
הראל מחקה תלבונד-צמוד 3-5,5136379,קרן מחקה,0,0,"אג""ח בארץ - חברות והמרה","אג""ח חברות צמודות מדד",בריבית קבועה - בינוני,לפי מדיניות השקעותיה הקרן הינה קרן מחקה,יובנק נאמנות,הראל,פטורה,0.120,0.0200,238.2,21.07.2026,123.46,123.46,0.32,תל בונד-צמודות 3-5,לא נגבית עמלת הפצה,0.000
י.ל. מחקה שבבים גלובלי AI,5136395,קרן מחקה,4,D,"מניות בחו""ל","מניות לפי ענפים בחו""ל - חשופת מט""ח",Semiconductor,"הקרן הינה קרן בלתי מוגבלת בני""ע חוץ,לפי מדיניות השקעותיה הקרן הינה קרן מחקה",יובנק נאמנות,ילין לפידות,פטורה,0.770,0.0200,109.1,20.07.2026,306.32,306.32,3.47,"אינדקס שבבים גלובלי - מבוסס AI,דולר ארה""ב",לא נגבית עמלת הפצה,0.000
דולפין 20/80,5136429,קרן פתוחה,2,B,"אג""ח בארץ - כללי","אג""ח כללי בארץ - עד 20% מניות",,,יובנק נאמנות,איילון,פטורה,0.790,0.0400,256.8,21.07.2026,144.97,144.97,0.67,"All-Bond כללי,מניות כללי",0.35%,0.000
אילים אגד ישראל 15% מניות,5136437,קרן פתוחה,2,B,אגד קרנות,אגד ישראלי,,"הקרן הינה קרן בלתי מוגבלת בני""ע חוץ",יובנק נאמנות,אילים קרנות,פטורה,0.000,0.0200,289.2,20.07.2026,135.70,135.70,0.30,"All-Bond כללי,מניות כללי",0.35%,0.000
אילים אגד ישראל 30% מניות,5136445,קרן פתוחה,2,C,אגד קרנות,אגד ישראלי,,"הקרן הינה קרן בלתי מוגבלת בני""ע חוץ",יובנק נאמנות,אילים קרנות,פטורה,0.000,0.0200,306.7,20.07.2026,151.55,151.54,0.44,"All-Bond כללי,מניות כללי",0.35%,0.000
מיטב כספית שקלית כשרה,5136544,קרן פתוחה,0,0,קרן כספית,כספית שקלית,כספית שקלית עם קונצרני,קרן כשרה,יובנק נאמנות,מיטב קרנות נאמנות,פטורה,0.160,0.0100,8792.7,21.07.2026,1163.93,1163.93,0.00,"תל גוב-מק""מ",0.1%,0.000
איילון מד שקל בנקים עד2.5,5136551,קרן פתוחה,0,0,"אג""ח בארץ - מדינה","אג""ח מדינה שקליות - ללא מניות",,,יובנק נאמנות,איילון,פטורה,0.430,0.0300,17.8,21.07.2026,115.06,115.06,0.10,תל גוב-שקלי 0-2,0.2%,0.000
פורטה תיק השקעות עד 50%,5136569,קרן פתוחה,3,C,"אג""ח בארץ - כללי","אג""ח כללי בארץ - חשיפה מרבית מעל 30% מניות",,"הקרן הינה קרן בלתי מוגבלת בני""ע חוץ",יובנק נאמנות,סיגמא,פטורה,0.950,0.0400,227.6,20.07.2026,192.85,192.85,0.71,"All-Bond כללי,מניות כללי",0.35%,0.000
"פורטה אג""ח מדינה + 10%",5136593,קרן פתוחה,1,A,"אג""ח בארץ - מדינה","אג""ח מדינה כללי - עד 10% מניות",,,יובנק נאמנות,סיגמא,פטורה,0.590,0.0400,150.4,21.07.2026,126.41,126.41,0.55,תל גוב-כללי,0.35%,0.000
"אזימוט מניות חו""ל",5136601,קרן פתוחה,4,D,"מניות בחו""ל","מניות כללי בחו""ל","מניות כללי בחו""ל חשופת מט""ח","הקרן הינה קרן בלתי מוגבלת בני""ע חוץ",יובנק נאמנות,איילון,פטורה,2.000,0.0300,19.8,20.07.2026,148.47,148.47,1.18,"S&P 500 - NTR,דולר ארה""ב",0.35%,0.000
"פלקון תיק אג""ח ללא מניות",5136619,קרן פתוחה,0,A,"אג""ח בארץ - כללי","אג""ח כללי בארץ - ללא מניות","אג""ח כללי בארץ ללא מניות וללא סימן קריאה",,מזרחי טפחות נאמנות,סיגמא,פטורה,0.790,0.0400,33.9,21.07.2026,116.92,116.92,0.29,All-Bond כללי,0.35%,0.000
סיגמא (2B)י 20/80,5136627,קרן פתוחה,2,B,"אג""ח בארץ - כללי","אג""ח כללי בארץ - עד 20% מניות",,,מזרחי טפחות נאמנות,סיגמא,פטורה,0.690,0.0400,1178.4,21.07.2026,152.73,152.73,0.80,"All-Bond כללי,מניות כללי",0.35%,0.000
"קסם אקטיב חלל והגנה ארה""ב",5136635,קרן פתוחה,4,D,"מניות בחו""ל","מניות לפי ענפים בחו""ל",,"הקרן הינה קרן בלתי מוגבלת בני""ע חוץ",יובנק נאמנות,קסם,פטורה,1.500,0.0400,22.4,20.07.2026,181.19,181.19,4.60,"The S-Network Space Index,דולר ארה""ב",0.35%,0.000
מגדל עד30% מנ אגד ישר,5136650,קרן פתוחה,2,B,אגד קרנות,אגד ישראלי,,"הקרן הינה קרן בלתי מוגבלת בני""ע חוץ",יובנק נאמנות,מגדל,פטורה,0.000,0.0200,15.8,20.07.2026,139.20,139.20,0.38,"All-Bond כללי,מניות כללי",0.35%,0.000
מגדל עד15% מנ אגד ישר,5136668,קרן פתוחה,2,B,אגד קרנות,אגד ישראלי,,,יובנק נאמנות,מגדל,פטורה,0.000,0.0200,45.3,21.07.2026,129.07,129.07,0.60,"All-Bond כללי,מניות כללי",0.35%,0.000
ATF מחקה משולבת 25/75חודש,5136676,קרן מחקה,2,B,"אג""ח בארץ משולבת",עד 30% מניות,,"הקרן הינה קרן בלתי מוגבלת בני""ע חוץ,לפי מדיניות השקעותיה הקרן הינה קרן מחקה",מזרחי טפחות נאמנות,אנליסט,פטורה,0.290,0.0250,17.3,20.07.2026,139.71,139.71,0.38,"אינדקס מנגנון אג""ח חברות-מדינה,אינדקס מק""מ,אינדקס מנגנון מניות ישראל-ארהב",לא נגבית עמלת הפצה,0.000
דיאמונד אג שק פדיון 06/27,5136684,קרן פתוחה,0,0,"אג""ח בארץ - כללי","אג""ח כללי בארץ - ללא מניות","אג""ח כללי בארץ ללא מניות וללא סימן קריאה, עם מגבלת מח""מ עד 5 שנים",,יובנק נאמנות,איילון,פטורה,0.700,0.0400,70.2,21.07.2026,121.78,121.78,0.09,תל בונד שקלי,0.35%,0.000
קסם SP KTF צריכה בסיס,5136692,קרן מחקה,4,D,"מניות בחו""ל","מניות לפי ענפים בחו""ל - חשופת מט""ח",Consumer Staples,"הקרן הינה קרן בלתי מוגבלת בני""ע חוץ,לפי מדיניות השקעותיה הקרן הינה קרן מחקה,קרן להשקעות חוץ – מטבע עיקרי - דולר ארה""ב,קרן כשרה",מזרחי טפחות נאמנות,קסם,פטורה,0.150,0.0300,18.4,20.07.2026,3137.45,3135.82,1.83,"S&P Consumer Staples Select Sector - NTR,דולר ארה""ב",לא נגבית עמלת הפצה,0.000
"אש 30/70 מניות ת""א",5136700,קרן פתוחה,2,A,"אג""ח בארץ - כללי","אג""ח כללי בארץ - עד 30% מניות",,,יובנק נאמנות,אלטשולר-שחם קרנות,פטורה,0.490,0.0400,11.4,21.07.2026,135.19,135.19,0.92,"All-Bond כללי,ת""א 125",0.35%,0.000
"אש 20/80 מניות ת""א",5136718,קרן פתוחה,2,A,"אג""ח בארץ - כללי","אג""ח כללי בארץ - עד 20% מניות",,,יובנק נאמנות,אלטשולר-שחם קרנות,פטורה,0.490,0.0400,377.6,21.07.2026,138.87,138.87,0.79,"All-Bond כללי,ת""א 125",0.35%,0.000
"אש 10/90 מניות ת""א",5136726,קרן פתוחה,1,A,"אג""ח בארץ - כללי","אג""ח כללי בארץ - עד 10% מניות","אג""ח כללי בארץ- עד 10% מניות ללא סימן קריאה",,יובנק נאמנות,אלטשולר-שחם קרנות,פטורה,0.490,0.0400,10.9,21.07.2026,120.41,120.41,0.49,"All-Bond כללי,ת""א 125",0.35%,0.000
אש (4D)י MSCI World,5136734,קרן פתוחה,4,D,"מניות בחו""ל",מניות גאוגרפי,"מניות גיאוגרפי אחר חשופת מט""ח","הקרן הינה קרן בלתי מוגבלת בני""ע חוץ",יובנק נאמנות,אלטשולר-שחם קרנות,פטורה,1.500,0.0400,304.7,20.07.2026,172.85,172.85,0.98,"MSCI WORLD INDEX - NTR,דולר ארה""ב",0.35%,0.000
אש כספית נקובת דולר,5136742,קרן פתוחה,0,D,קרן כספית,"כספית מט""חית עם קונצרני","נקובת מט""ח","הקרן הינה קרן בלתי מוגבלת בני""ע חוץ,יחידות הקרן נקובות ב- $,קרן להשקעות חוץ – מטבע עיקרי - דולר ארה""ב",יובנק נאמנות,אלטשולר-שחם קרנות,פטורה,0.130,0.0100,528.7,20.07.2026,117.38,117.38,1.21,Bloomberg US Treasury Bills 0-3 Months Unh USD,0.1%,0.000
"אש אג""ח קונצרני מדורג",5136759,קרן פתוחה,0,B,"אג""ח בארץ - חברות והמרה",חברות והמרה ללא מניות,חברות והמרה ללא מניות וללא סימן קריאה,,יובנק נאמנות,אלטשולר-שחם קרנות,פטורה,0.790,0.0400,227.8,21.07.2026,120.27,120.27,0.34,"Bloomberg Intermediate Corporate Total Return Index Value Unhedged USD - GTR,תל בונד מאגר",0.35%,0.000
עציוני גמישה,5136767,קרן פתוחה,4,D,גמישות,,,"הקרן הינה קרן בלתי מוגבלת בני""ע חוץ",מזרחי טפחות נאמנות,סיגמא,פטורה,1.500,0.0400,113.0,20.07.2026,235.32,235.32,0.80,אחר,0.35%,0.000
ATF מניות מומנטוםUSמנוטרל,5136775,קרן מחקה,4,A,"מניות בחו""ל","מניות גיאוגרפי - מנוטרלת מט""ח",אמריקה- שווקים מפותחים,"הקרן הינה קרן בלתי מוגבלת בני""ע חוץ,לפי מדיניות השקעותיה הקרן הינה קרן מחקה",מזרחי טפחות נאמנות,אנליסט,פטורה,0.650,0.0250,120.1,20.07.2026,183.11,183.11,1.13,"אינדקס מניות ארה""ב Large Cap מומנטום ענפי",לא נגבית עמלת הפצה,0.000
קסם אקט מניות בלוקצ'יין,5136783,קרן פתוחה,4,D,"מניות בחו""ל","מניות לפי ענפים בחו""ל",,"הקרן הינה קרן בלתי מוגבלת בני""ע חוץ",יובנק נאמנות,קסם,פטורה,1.750,0.0300,27.9,20.07.2026,505.60,505.60,4.41,"EQM-Emerita Blockchain BLOK 50 Global Index,דולר ארה""ב",0.35%,0.000
איילון אגח ש לפדיון 6/28,5136791,קרן פתוחה,0,0,"אג""ח בארץ - כללי","אג""ח כללי בארץ - ללא מניות","אג""ח כללי בארץ בדירוג גבוה בלבד (AA ומעלה ו/ או מדינה)",,יובנק נאמנות,איילון,פטורה,0.600,0.0300,35.9,21.07.2026,115.82,115.82,0.14,תל בונד שקלי,0.35%,0.000
ברומטר גמישה,5136817,קרן פתוחה,4,D,גמישות,,,"הקרן הינה קרן בלתי מוגבלת בני""ע חוץ",יובנק נאמנות,איילון,פטורה,1.480,0.0400,26.5,20.07.2026,126.55,126.55,0.34,אחר,0.35%,0.000
MTF מח אנ A-AAA שכ מד מחמ,5136825,קרן מחקה,0,0,"אג""ח בארץ - חברות והמרה","אג""ח חברות","אג""ח חברות שקלי וצמוד",לפי מדיניות השקעותיה הקרן הינה קרן מחקה,יובנק נאמנות,מגדל,פטורה,0.000,0.0200,37.1,21.07.2026,119.61,119.61,0.28,"אינדקס A-AAA שכבות מדורגות מח""מ",לא נגבית עמלת הפצה,0.000
איביאי מחקהSP500 EWממ,5136833,קרן מחקה,4,A,"מניות בחו""ל","מניות גיאוגרפי - מנוטרלת מט""ח",אמריקה- שווקים מפותחים,"הקרן הינה קרן בלתי מוגבלת בני""ע חוץ,לפי מדיניות השקעותיה הקרן הינה קרן מחקה",יובנק נאמנות,"איביאי קרנות נאמנות ",פטורה,0.000,0.0230,127.1,20.07.2026,146.19,146.19,0.75,S&P 500 Equal Weight - NTR,לא נגבית עמלת הפצה,0.000
"איביאי מחקה ת""א סקט-בלנס",5136841,קרן מחקה,4,A,מניות בארץ,מניות לפי שווי שוק,Mid Cap & Large,לפי מדיניות השקעותיה הקרן הינה קרן מחקה,יובנק נאמנות,"איביאי קרנות נאמנות ",פטורה,0.500,0.0200,73.0,21.07.2026,246.40,246.40,3.67,"ת""א סקטור-באלאנס",לא נגבית עמלת הפצה,0.000
איביאי מחקה תלב-צמוד1-3,5136858,קרן מחקה,0,0,"אג""ח בארץ - חברות והמרה","אג""ח חברות צמודות מדד",בריבית קבועה - קצר,לפי מדיניות השקעותיה הקרן הינה קרן מחקה,יובנק נאמנות,"איביאי קרנות נאמנות ",פטורה,0.200,0.0200,450.9,21.07.2026,122.39,122.39,0.25,תל בונד-צמודות 1-3,לא נגבית עמלת הפצה,0.000
איילון כספית ניהול נזילות,5136866,קרן פתוחה,0,0,קרן כספית,כספית שקלית,כספית שקלית עם קונצרני,,מזרחי טפחות נאמנות,איילון,פטורה,0.180,0.0050,3936.3,21.07.2026,115.00,115.00,0.00,"תל גוב-מק""מ",0.1%,0.000
קסם אקטיב כספית,5136874,קרן פתוחה,0,0,קרן כספית,כספית שקלית,כספית שקלית עם קונצרני,,יובנק נאמנות,קסם,פטורה,0.240,0.0100,1538.1,21.07.2026,114.85,114.85,0.00,"תל גוב-מק""מ",0.1%,0.000
קסם Bullet KTF ישראל 2027,5136882,קרן מחקה,0,0,"אג""ח בארץ - חברות והמרה","אג""ח חברות","אג""ח חברות שקלי וצמוד",לפי מדיניות השקעותיה הקרן הינה קרן מחקה,הרמטיק נאמנות,קסם,פטורה,0.200,0.0300,307.6,21.07.2026,119.12,119.12,0.20,אינדקס Bullet ישראל 2027,לא נגבית עמלת הפצה,0.000
מגדל כספית דולרית נקובה $,5136890,קרן פתוחה,0,D,קרן כספית,"כספית מט""חית עם קונצרני","נקובת מט""ח","הקרן הינה קרן בלתי מוגבלת בני""ע חוץ,יחידות הקרן נקובות ב- $,קרן להשקעות חוץ – מטבע עיקרי - דולר ארה""ב,קרן להשק חוץ-פטור ממס לתושבי חוץ",יובנק נאמנות,מגדל,פטורה,0.210,0.0100,961.2,20.07.2026,114.90,114.90,1.11,אחר,0.1%,0.000
תכלית TTF תלבונד מאגר,5136916,קרן מחקה,0,A,"אג""ח בארץ - חברות והמרה","אג""ח חברות","אג""ח חברות שקלי וצמוד",לפי מדיניות השקעותיה הקרן הינה קרן מחקה,הרמטיק נאמנות,מיטב קרנות נאמנות,פטורה,0.000,0.0300,419.9,21.07.2026,122.51,122.51,0.34,תל בונד מאגר,לא נגבית עמלת הפצה,0.000
איילון כספית דולרית,5136924,קרן פתוחה,0,D,קרן כספית,"כספית מט""חית עם קונצרני",חשופת דולר,"הקרן הינה קרן בלתי מוגבלת בני""ע חוץ,קרן להשקעות חוץ – מטבע עיקרי - דולר ארה""ב",מזרחי טפחות נאמנות,איילון,פטורה,0.150,0.0050,218.3,20.07.2026,91.38,91.38,1.11,"אחר,דולר ארה""ב",0.1%,0.000
MTF מח מש NDX100 SP500 ממ,5136932,קרן מחקה,4,A,"מניות בחו""ל","מניות בחו""ל קרן משולבת",,"הקרן הינה קרן בלתי מוגבלת בני""ע חוץ,לפי מדיניות השקעותיה הקרן הינה קרן מחקה,קרן כשרה",אלמגור-בריטמן נאמנות,מגדל,פטורה,0.250,0.0300,364.5,20.07.2026,179.17,179.17,1.45,"S&P 500 - NTR,NASDAQ 100 - NTR",לא נגבית עמלת הפצה,0.000
י.ל מחקה תל בונד 100 צמוד,5136940,קרן מחקה,0,0,"אג""ח בארץ - חברות והמרה","אג""ח חברות צמודות מדד",בריבית קבועה,לפי מדיניות השקעותיה הקרן הינה קרן מחקה,יובנק נאמנות,ילין לפידות,פטורה,0.250,0.0200,166.4,21.07.2026,118.31,118.31,0.37,תל בונד 100 צמודות,לא נגבית עמלת הפצה,0.000
י.ל מחקה תל בונד שקלי 100,5136957,קרן מחקה,0,0,"אג""ח בארץ - חברות והמרה","אג""ח חברות שקלי",בריבית קבועה,לפי מדיניות השקעותיה הקרן הינה קרן מחקה,יובנק נאמנות,ילין לפידות,פטורה,0.250,0.0200,100.6,21.07.2026,120.38,120.38,0.36,תל בונד שקלי 100,לא נגבית עמלת הפצה,0.000
תכלית TTF תלבונד 60,5136965,קרן מחקה,0,0,"אג""ח בארץ - חברות והמרה","אג""ח חברות צמודות מדד",בריבית קבועה,לפי מדיניות השקעותיה הקרן הינה קרן מחקה,אלמגור-בריטמן נאמנות,מיטב קרנות נאמנות,פטורה,0.000,0.0300,790.1,21.07.2026,120.10,120.10,0.39,תל בונד 60 צמודות,לא נגבית עמלת הפצה,0.000
י.ל. מחקה תשתיו גלובלי AI,5136981,קרן מחקה,4,D,"מניות בחו""ל","מניות לפי ענפים בחו""ל - חשופת מט""ח",Utilities,"הקרן הינה קרן בלתי מוגבלת בני""ע חוץ,לפי מדיניות השקעותיה הקרן הינה קרן מחקה",יובנק נאמנות,ילין לפידות,פטורה,0.770,0.0200,12.7,20.07.2026,120.44,120.44,1.36,"אינדקס תשתיות חיוניות גלובלי- מבוסס AI,דולר ארה""ב",לא נגבית עמלת הפצה,0.000
תכלית SP 30Bond 3-5Y TTF,5136999,קרן מחקה,0,D,"אג""ח בחו""ל","חברות והמרה חשופת מט""ח - בינוני",,"הקרן הינה קרן בלתי מוגבלת בני""ע חוץ,לפי מדיניות השקעותיה הקרן הינה קרן מחקה",אלמגור-בריטמן נאמנות,מיטב קרנות נאמנות,פטורה,0.150,0.0300,266.9,20.07.2026,95.68,95.68,1.05,"S&P 500 Bond Mega 30 Investment Grade 3-5 Year - GTR,דולר ארה""ב",לא נגבית עמלת הפצה,0.000
MTF מחקה תל-דיב,5137013,קרן מחקה,4,A,מניות בארץ,מניות לפי שווי שוק,All Cap,לפי מדיניות השקעותיה הקרן הינה קרן מחקה,אלמגור-בריטמן נאמנות,מגדל,פטורה,0.600,0.0300,30.1,21.07.2026,5010.74,5010.74,3.72,תל דיב,לא נגבית עמלת הפצה,0.000
הראל מחקה iBox $ 3-7,5137021,קרן מחקה,0,D,"אג""ח בחו""ל","חברות והמרה חשופת מט""ח - בינוני",,"הקרן הינה קרן בלתי מוגבלת בני""ע חוץ,לפי מדיניות השקעותיה הקרן הינה קרן מחקה,קרן להשקעות חוץ – מטבע עיקרי - דולר ארה""ב",יובנק נאמנות,הראל,פטורה,0.200,0.0200,112.3,20.07.2026,635.88,635.88,1.04,"iBoxx $ Corporates Liquid 3-7 - GTR,דולר ארה""ב",לא נגבית עמלת הפצה,0.000
הראל מחקה MSCI India,5137039,קרן מחקה,4,D,"מניות בחו""ל","מניות גיאוגרפי - חשופת מט""ח",אסיה ופסיפיק- שווקים מתעוררים,"הקרן הינה קרן בלתי מוגבלת בני""ע חוץ,לפי מדיניות השקעותיה הקרן הינה קרן מחקה,קרן להשקעות חוץ – מטבע עיקרי - רופי הודי,קרן כשרה",יובנק נאמנות,הראל,פטורה,0.850,0.0200,33.8,16.07.2026,765.60,764.63,1.86,"MSCI INDIA - NTR,רופי הודי",לא נגבית עמלת הפצה,0.000
MTF מח מש תא125&תא90,5137047,קרן מחקה,4,A,מניות בארץ,מניות בארץ קרן משולבת,,לפי מדיניות השקעותיה הקרן הינה קרן מחקה,יובנק נאמנות,מגדל,פטורה,0.000,0.0300,108.9,21.07.2026,229.23,229.23,3.49,"ת""א 125,ת""א 90",לא נגבית עמלת הפצה,0.000
MTF מח מש בנדשק50&בנדשקלי,5137054,קרן מחקה,0,0,"אג""ח בארץ - חברות והמרה","אג""ח חברות",משולבת,לפי מדיניות השקעותיה הקרן הינה קרן מחקה,יובנק נאמנות,מגדל,פטורה,0.000,0.0300,16.4,21.07.2026,122.43,122.43,0.37,"תל בונד שקלי-50,תל בונד שקלי",לא נגבית עמלת הפצה,0.000
אנליסט (0A) סולידית,5137070,קרן פתוחה,0,A,"אג""ח בארץ - כללי","אג""ח כללי בארץ - ללא מניות","אג""ח כללי בארץ בדירוג גבוה בלבד (AA ומעלה ו/ או מדינה)",,מזרחי טפחות נאמנות,אנליסט,פטורה,0.480,0.0250,6.1,21.07.2026,116.70,116.70,0.39,"תל בונד-צמודות AA-AAA,תל בונד-שקלי AA-AAA",0.35%,0.000
הראל מחקה Hang Seng,5137088,קרן מחקה,4,D,"מניות בחו""ל","מניות גיאוגרפי - חשופת מט""ח",אסיה ופסיפיק- שווקים מתעוררים,"הקרן הינה קרן בלתי מוגבלת בני""ע חוץ,לפי מדיניות השקעותיה הקרן הינה קרן מחקה,קרן להשקעות חוץ – מטבע עיקרי - דולר הונג קונג,קרן כשרה",יובנק נאמנות,הראל,פטורה,0.500,0.0200,6.5,20.07.2026,1372.99,1372.99,1.67,"‏HANG SENG - NTR,דולר הונג קונג",לא נגבית עמלת הפצה,0.000
MTF מח Indx US HEALT10 ממ,5137112,קרן מחקה,4,A,"מניות בחו""ל","מניות לפי ענפים בחו""ל - מנוטרלת מט""ח",Health Care,"הקרן הינה קרן בלתי מוגבלת בני""ע חוץ,לפי מדיניות השקעותיה הקרן הינה קרן מחקה",מזרחי טפחות נאמנות,מגדל,פטורה,0.500,0.0300,17.3,20.07.2026,124.42,124.42,1.86,"INDXX US HEALTHCARE TOP 10 INDEX ",לא נגבית עמלת הפצה,0.000
מגדל A-AAA שקלפדיון 2028,5137120,קרן פתוחה,0,A,"אג""ח בארץ - חברות והמרה",חברות והמרה שקלי ללא מניות,,,יובנק נאמנות,מגדל,פטורה,0.550,0.0300,49.1,21.07.2026,115.64,115.64,0.17,תל בונד-שקלי 3-5,0.35%,0.000
"פורטה מניות חו""ל",5137146,קרן פתוחה,4,D,"מניות בחו""ל","מניות כללי בחו""ל","מניות כללי בחו""ל חשופת מט""ח","הקרן הינה קרן בלתי מוגבלת בני""ע חוץ",יובנק נאמנות,סיגמא,פטורה,1.700,0.0300,158.5,20.07.2026,148.18,148.18,1.19,"MSCI AC WORLD INDEX - NTR,דולר ארה""ב",0.35%,0.000
"מור אג""ח לפדיון עד 12/27",5137153,קרן פתוחה,0,0,"אג""ח בארץ - כללי","אג""ח כללי בארץ - ללא מניות","אג""ח כללי בארץ ללא מניות וללא סימן קריאה, עם מגבלת מח""מ עד 5 שנים",,יובנק נאמנות,מור קרנות,פטורה,0.650,0.0200,19.6,21.07.2026,116.85,116.85,0.22,All-Bond כללי,0.35%,0.000
קסם אקטיב שורט דולר פי 2,5137161,קרן פתוחה,0,F,ממונפות ואסטרטגיות,ממונפות בסיכון גבוה,,"הקרן הינה קרן ממונפת,לפי מדיניות השקעותיה הקרן הינה קרן חשיפה הפוכה",יובנק נאמנות,קסם,פטורה,1.000,0.0400,3.6,21.07.2026,123.65,123.40,2.87,"דולר ארה""ב",0.35%,0.200
איביאי מחקה ShillerC USנ$,5137179,קרן מחקה,4,D,"מניות בחו""ל","מניות גיאוגרפי - חשופת מט""ח",אמריקה- שווקים מפותחים,"הקרן הינה קרן בלתי מוגבלת בני""ע חוץ,לפי מדיניות השקעותיה הקרן הינה קרן מחקה,יחידות הקרן נקובות ב- $,קרן להשקעות חוץ – מטבע עיקרי - דולר ארה""ב,קרן להשק חוץ-פטור ממס לתושבי חוץ",יובנק נאמנות,"איביאי קרנות נאמנות ",פטורה,0.790,0.0200,132.4,20.07.2026,146.43,146.43,1.13,Shiller Barclays CAPE® US Core Mid-Month Sector Net TR Index,לא נגבית עמלת הפצה,0.000
איביאי מחקה מש מנ אר L ממ,5137187,קרן מחקה,4,A,"מניות בחו""ל","מניות בחו""ל קרן משולבת",,"הקרן הינה קרן בלתי מוגבלת בני""ע חוץ,לפי מדיניות השקעותיה הקרן הינה קרן מחקה",יובנק נאמנות,"איביאי קרנות נאמנות ",פטורה,0.500,0.0300,64.3,20.07.2026,164.54,164.54,1.25,"S&P 500 - NTR,NASDAQ 100 - NTR,Dow Jones Industrial Average - NTR",לא נגבית עמלת הפצה,0.000
הראל מחקה תל בונד שקלי-50,5137195,קרן מחקה,0,0,"אג""ח בארץ - חברות והמרה","אג""ח חברות שקלי",בריבית קבועה,לפי מדיניות השקעותיה הקרן הינה קרן מחקה,יובנק נאמנות,הראל,פטורה,0.070,0.0100,784.0,21.07.2026,120.88,120.88,0.44,תל בונד שקלי-50,לא נגבית עמלת הפצה,0.000
הראל מחקה STOXX600 מא,5137203,קרן מחקה,4,A,"מניות בחו""ל","מניות גיאוגרפי - מנוטרלת מט""ח",אירופה- כללי,"הקרן הינה קרן בלתי מוגבלת בני""ע חוץ,לפי מדיניות השקעותיה הקרן הינה קרן מחקה,קרן כשרה",יובנק נאמנות,הראל,פטורה,0.000,0.0100,221.7,20.07.2026,151.13,151.13,1.07,STOXX Europe 600 - NTR,לא נגבית עמלת הפצה,0.000
"פורצ'ן תיק אג""ח",5137211,קרן פתוחה,0,B,"אג""ח בארץ - כללי","אג""ח כללי בארץ - ללא מניות","אג""ח כללי בארץ ללא מניות וללא סימן קריאה",,מזרחי טפחות נאמנות,איילון,פטורה,0.790,0.0400,58.9,21.07.2026,121.51,121.51,0.45,All-Bond כללי,0.35%,0.000
תכלית TTF מדינה מאוזןמחמ4,5137229,קרן מחקה,0,0,"אג""ח בארץ - מדינה","אג""ח מדינה שיקלי וצמוד",,לפי מדיניות השקעותיה הקרן הינה קרן מחקה,הרמטיק נאמנות,מיטב קרנות נאמנות,פטורה,0.150,0.0300,36.2,21.07.2026,112.44,112.44,0.27,"אינדקס מדינה מאוזן - מח""מ 4 קבוע",לא נגבית עמלת הפצה,0.000
איביאי מחקה אינ דיב מחלק,5137237,קרן מחקה,4,A,מניות בארץ,מניות לפי שווי שוק,Mid Cap & Large,לפי מדיניות השקעותיה הקרן הינה קרן מחקה,יובנק נאמנות,"איביאי קרנות נאמנות ",חייבת,0.500,0.0200,73.7,21.07.2026,162.65,162.65,2.74,אינדקס מניות דיבידנד ישראל,לא נגבית עמלת הפצה,0.000
הורייזן אגח ח מדרג נקוב $,5137245,קרן פתוחה,0,D,"אג""ח בחו""ל","אג""ח נקובת מט""ח",,"הקרן הינה קרן בלתי מוגבלת בני""ע חוץ,יחידות הקרן נקובות ב- $,קרן להשק חוץ-פטור ממס לתושבי חוץ",יובנק נאמנות,איילון,פטורה,0.890,0.0300,36.3,20.07.2026,120.70,120.70,1.08,"Markit iBoxx USD Liquid Investment Grade 0-5 - GTR ",0.35%,0.000
הורייזן (!) אגח $ בינלאומ,5137252,קרן פתוחה,0,D,"אג""ח בחו""ל","אג""ח חשופת דולר",,"הקרן הינה קרן בלתי מוגבלת בני""ע חוץ",יובנק נאמנות,איילון,פטורה,0.980,0.0400,35.8,20.07.2026,96.41,96.41,0.96,"IBOXX USD LIQUID INVESTMENT GRADE - GTR,דולר ארה""ב",0.35%,0.000
קסם אקטיב כספית אירו,5137278,קרן פתוחה,0,D,קרן כספית,"כספית מט""חית עם קונצרני",חשופת אירו,"הקרן הינה קרן בלתי מוגבלת בני""ע חוץ,קרן להשקעות חוץ – מטבע עיקרי - אירו,קרן להשק חוץ-פטור ממס לתושבי חוץ",יובנק נאמנות,קסם,פטורה,0.140,0.0100,25.7,20.07.2026,92.64,92.64,0.81,"אחר,אירו",0.1%,0.000
איילון אגח צמוד 12/28,5137286,קרן פתוחה,0,0,"אג""ח בארץ - כללי","אג""ח כללי בארץ - ללא מניות","אג""ח כללי בארץ בדירוג גבוה בלבד (AA ומעלה ו/ או מדינה)",,יובנק נאמנות,איילון,פטורה,0.600,0.0300,295.4,21.07.2026,114.02,114.02,0.21,All-Bond צמוד,0.35%,0.000
י.ל מחקה תא 125 משקל שווה,5137294,קרן מחקה,4,A,מניות בארץ,מניות לפי שווי שוק,Mid Cap & Large,לפי מדיניות השקעותיה הקרן הינה קרן מחקה,יובנק נאמנות,ילין לפידות,פטורה,0.100,0.0200,96.5,21.07.2026,200.06,200.06,3.89,"ת""א 125 משקל שווה",לא נגבית עמלת הפצה,0.000
"י.ל מחקה ת""א בנקים",5137302,קרן מחקה,4,A,מניות בארץ,מניות לפי ענפים,בנקאות ואשראי חוץ בנקאי,לפי מדיניות השקעותיה הקרן הינה קרן מחקה,יובנק נאמנות,ילין לפידות,פטורה,0.490,0.0200,628.9,21.07.2026,221.46,221.46,3.80,"ת""א בנקים",לא נגבית עמלת הפצה,0.000
הראל כספית יורו,5137310,קרן פתוחה,0,D,קרן כספית,"כספית מט""חית עם קונצרני",חשופת אירו,"הקרן הינה קרן בלתי מוגבלת בני""ע חוץ,קרן להשקעות חוץ – מטבע עיקרי - אירו,קרן להשק חוץ-פטור ממס לתושבי חוץ",מזרחי טפחות נאמנות,הראל,פטורה,0.140,0.0100,106.7,20.07.2026,94.08,94.08,0.80,"אחר,אירו",0.1%,0.000
תכלית AA-AAA TTF י0-3,5137328,קרן מחקה,0,0,"אג""ח בארץ - חברות והמרה","אג""ח חברות","אג""ח חברות שקלי וצמוד",לפי מדיניות השקעותיה הקרן הינה קרן מחקה,הרמטיק נאמנות,מיטב קרנות נאמנות,פטורה,0.150,0.0300,62.5,21.07.2026,116.06,116.06,0.18,אינדקס AA-AAA י0-3 - פקטור מינוף פיננסי נמוך,לא נגבית עמלת הפצה,0.000
"ATF מחקה מניות ארה""ב חשוף",5137336,קרן מחקה,4,D,"מניות בחו""ל","מניות גיאוגרפי - חשופת מט""ח",אמריקה- שווקים מפותחים,"הקרן הינה קרן בלתי מוגבלת בני""ע חוץ,לפי מדיניות השקעותיה הקרן הינה קרן מחקה",מזרחי טפחות נאמנות,אנליסט,פטורה,0.650,0.0250,44.3,20.07.2026,137.32,137.32,1.09,"אינדקס מניות ארה""ב Large Cap מומנטום ענפי,דולר ארה""ב",לא נגבית עמלת הפצה,0.000
איילון אגח בנקים וביטוח,5137344,קרן פתוחה,0,0,"אג""ח בארץ - חברות והמרה",חברות והמרה ללא מניות,חברות והמרה ללא מניות וללא סימן קריאה,,יובנק נאמנות,איילון,פטורה,0.600,0.0300,171.3,21.07.2026,115.98,115.98,0.30,"תל בונד שקלי- בנקים וביטוח,תל בונד צמודות - בנקים ללא COCO",0.35%,0.000
י.ל מחקה תל בונד תשוא צמד,5137401,קרן מחקה,0,0,"אג""ח בארץ - חברות והמרה","אג""ח חברות צמודות מדד",בריבית קבועה,לפי מדיניות השקעותיה הקרן הינה קרן מחקה,יובנק נאמנות,ילין לפידות,פטורה,0.250,0.0200,177.6,21.07.2026,121.78,121.78,0.37,תל בונד תשואות צמודות פיזור רחב,לא נגבית עמלת הפצה,0.000
הראל מחקה אנד Top10Tec,5137435,קרן מחקה,4,D,"מניות בחו""ל","מניות לפי ענפים בחו""ל - חשופת מט""ח",Technology,"הקרן הינה קרן בלתי מוגבלת בני""ע חוץ,לפי מדיניות השקעותיה הקרן הינה קרן מחקה,קרן להשקעות חוץ – מטבע עיקרי - דולר ארה""ב",מזרחי טפחות נאמנות,הראל,פטורה,0.500,0.0250,40.8,20.07.2026,161.55,161.55,2.27,"אינדקס Tech Top10,דולר ארה""ב",לא נגבית עמלת הפצה,0.000
גביש 30/70,5137443,קרן פתוחה,2,B,"אג""ח בארץ - כללי","אג""ח כללי בארץ - עד 30% מניות",,,יובנק נאמנות,סיגמא,פטורה,0.790,0.0400,29.5,21.07.2026,139.32,139.32,1.03,"All-Bond כללי,ת""א 125",0.35%,0.000
"פינסה אג""ח חברות",5137450,קרן פתוחה,0,B,"אג""ח בארץ - חברות והמרה",חברות והמרה ללא מניות,חברות והמרה ללא מניות עם סימן קריאה,,יובנק נאמנות,סיגמא,פטורה,0.850,0.0400,389.9,21.07.2026,124.02,124.02,0.35,"אג""ח כללי - קונצרני",0.35%,0.000
פינסה Global Equity,5137468,קרן פתוחה,4,D,"מניות בחו""ל","מניות כללי בחו""ל","מניות כללי בחו""ל חשופת מט""ח","הקרן הינה קרן בלתי מוגבלת בני""ע חוץ",יובנק נאמנות,סיגמא,פטורה,1.400,0.0400,42.7,20.07.2026,129.56,129.56,1.55,"MSCI WORLD INDEX - NTR,דולר ארה""ב",0.35%,0.000
"פסטרנק שהם אג""ח ללא מניות",5137476,קרן פתוחה,0,B,"אג""ח בארץ - כללי","אג""ח כללי בארץ - ללא מניות","אג""ח כללי בארץ ללא מניות עם סימן קריאה",,מזרחי טפחות נאמנות,איילון,פטורה,1.000,0.0400,440.3,21.07.2026,116.62,116.62,0.54,All-Bond כללי,0.35%,0.000
י.ל מחקה לפדיון 2027 צמוד,5137484,קרן מחקה,0,0,"אג""ח בארץ - חברות והמרה","אג""ח חברות צמודות מדד",בריבית קבועה,לפי מדיניות השקעותיה הקרן הינה קרן מחקה,יובנק נאמנות,ילין לפידות,פטורה,0.240,0.0200,259.3,21.07.2026,114.82,114.82,0.23,quabify אג״ח לפדיון 2027 צמוד,לא נגבית עמלת הפצה,0.000
י.ל מחקה לפדיון 2026 צמוד,5137492,קרן מחקה,0,0,"אג""ח בארץ - חברות והמרה","אג""ח חברות צמודות מדד",בריבית קבועה,לפי מדיניות השקעותיה הקרן הינה קרן מחקה,יובנק נאמנות,ילין לפידות,פטורה,0.240,0.0200,103.6,21.07.2026,112.63,112.63,0.08,quabify אג״ח לפדיון 2026 צמוד,לא נגבית עמלת הפצה,0.000
י.ל מחקה לפדיון 2027 שקלי,5137500,קרן מחקה,0,0,"אג""ח בארץ - חברות והמרה","אג""ח חברות שקלי",בריבית קבועה,לפי מדיניות השקעותיה הקרן הינה קרן מחקה,יובנק נאמנות,ילין לפידות,פטורה,0.240,0.0200,94.6,21.07.2026,113.92,113.92,0.19,"quabify אג״ח לפדיון 2027 שקלי ",לא נגבית עמלת הפצה,0.000
י.ל מחקה לפדיון 2026 שקלי,5137518,קרן מחקה,0,0,"אג""ח בארץ - חברות והמרה","אג""ח חברות שקלי",בריבית קבועה,לפי מדיניות השקעותיה הקרן הינה קרן מחקה,יובנק נאמנות,ילין לפידות,פטורה,0.240,0.0200,32.6,21.07.2026,113.00,113.00,0.06,"quabify אג״ח לפדיון 2026 שקלי ",לא נגבית עמלת הפצה,0.000
איביאי מחקה אינ קו ג מחלק,5137526,קרן מחקה,0,0,"אג""ח בארץ - חברות והמרה","אג""ח חברות","אג""ח חברות שקלי וצמוד",לפי מדיניות השקעותיה הקרן הינה קרן מחקה,מזרחי טפחות נאמנות,"איביאי קרנות נאמנות ",חייבת,0.200,0.0200,18.3,21.07.2026,101.33,101.33,0.35,"אינדקס אג""ח קופון גבוה ",לא נגבית עמלת הפצה,0.000
אילים מניות AI,5137534,קרן פתוחה,4,D,"מניות בחו""ל","מניות לפי ענפים בחו""ל",,"הקרן הינה קרן בלתי מוגבלת בני""ע חוץ",יובנק נאמנות,אילים קרנות,פטורה,0.890,0.0300,456.6,20.07.2026,182.66,182.60,2.49,"NASDAQ 100 - NTR,דולר ארה""ב",0.35%,0.000
איביאי מחקה A-AAA שקל 1-4,5137542,קרן מחקה,0,0,"אג""ח בארץ - חברות והמרה","אג""ח חברות שקלי",בריבית קבועה,לפי מדיניות השקעותיה הקרן הינה קרן מחקה,יובנק נאמנות,"איביאי קרנות נאמנות ",פטורה,0.250,0.0300,92.4,21.07.2026,117.68,117.68,0.31,אינדקס A-AAA שקלי 1-4,לא נגבית עמלת הפצה,0.000
מגדל כספית מחלקת חודשי,5137559,קרן פתוחה,0,0,קרן כספית,כספית שקלית,כספית שקלית עם קונצרני,,יובנק נאמנות,מגדל,חייבת,0.160,0.0100,213.2,21.07.2026,100.57,100.57,0.05,אחר,0.1%,0.000
קסם IUBT10N KTF ממ,5137567,קרן מחקה,4,A,"מניות בחו""ל","מניות לפי ענפים בחו""ל - מנוטרלת מט""ח",Banking,"הקרן הינה קרן בלתי מוגבלת בני""ע חוץ,לפי מדיניות השקעותיה הקרן הינה קרן מחקה",הרמטיק נאמנות,קסם,פטורה,0.350,0.0300,21.5,20.07.2026,235.69,235.69,1.38,"Indxx US Banks Top 10 ",לא נגבית עמלת הפצה,0.000
קסם Bullet KTF דולר 26 גל,5137575,קרן מחקה,0,D,"אג""ח בחו""ל","חברות והמרה חשופת מט""ח",,"הקרן הינה קרן בלתי מוגבלת בני""ע חוץ,לפי מדיניות השקעותיה הקרן הינה קרן מחקה,קרן להשקעות חוץ – מטבע עיקרי - דולר ארה""ב,קרן להשק חוץ-פטור ממס לתושבי חוץ",הרמטיק נאמנות,קסם,פטורה,0.450,0.0300,5.7,20.07.2026,87.37,87.37,0.92,"אינדקס Bullet דולר 2026-גלובלי,דולר ארה""ב",לא נגבית עמלת הפצה,0.000
"איילון זבולון מניות חו""ל",5137625,קרן פתוחה,4,D,"מניות בחו""ל","מניות כללי בחו""ל","מניות כללי בחו""ל חשופת מט""ח","הקרן הינה קרן בלתי מוגבלת בני""ע חוץ",יובנק נאמנות,איילון,פטורה,1.750,0.0300,207.2,20.07.2026,314.54,314.23,2.77,"S&P 500 - NTR,דולר ארה""ב",0.35%,0.000
"איילון זבולון ! אג""ח HY",5137633,קרן פתוחה,0,D,"אג""ח בחו""ל","אג""ח חשופת מט""ח",,"הקרן הינה קרן בלתי מוגבלת בני""ע חוץ",יובנק נאמנות,איילון,פטורה,1.000,0.0300,449.3,20.07.2026,195.21,195.21,0.99,"IBOXX USD LIQUID HIGH YIELD - GTR,דולר ארה""ב",0.35%,0.000
י.ל כספית,5137641,קרן פתוחה,0,0,קרן כספית,כספית שקלית,כספית שקלית עם קונצרני,,יובנק נאמנות,ילין לפידות,פטורה,0.220,0.0100,5179.2,21.07.2026,112.08,112.08,0.00,"תל גוב-מק""מ",0.1%,0.000
תכלית TTF מש SP500/NDX100,5137666,קרן מחקה,4,D,"מניות בחו""ל","מניות בחו""ל קרן משולבת",,"הקרן הינה קרן בלתי מוגבלת בני""ע חוץ,לפי מדיניות השקעותיה הקרן הינה קרן מחקה",הרמטיק נאמנות,מיטב קרנות נאמנות,פטורה,0.000,0.0300,47.7,20.07.2026,139.82,139.82,1.09,"S&P 500 - NTR,NASDAQ 100 - NTR,דולר ארה""ב",לא נגבית עמלת הפצה,0.000
מור עוקבת בינלאומי תיק 3,5137682,קרן פתוחה,2,B,"אג""ח בארץ - כללי","אג""ח כללי בארץ - עד 30% מניות",,"הקרן הינה קרן בלתי מוגבלת בני""ע חוץ,הקרן עוקבת תיק של - הבנק הבינלאומי הראשון לישראל",יובנק נאמנות,מור קרנות,פטורה,0.660,0.0200,197.1,20.07.2026,139.21,139.21,0.47,"אג""ח כללי - קונצרני,תל גוב-כללי,ת""א 125,MSCI AC WORLD INDEX - RT - NTR ,דולר ארה""ב",0.35%,0.000
מיטב כספית שקלית ללא קונ,5137690,קרן פתוחה,0,0,קרן כספית,כספית שקלית,כספית שקלית ללא קונצרני,,מזרחי טפחות נאמנות,מיטב קרנות נאמנות,פטורה,0.140,0.0100,2987.8,21.07.2026,1116.79,1116.79,0.00,"תל גוב-מק""מ",0.1%,0.000
"דולפין אג""ח ללא מניות",5137708,קרן פתוחה,0,B,"אג""ח בארץ - כללי","אג""ח כללי בארץ - ללא מניות","אג""ח כללי בארץ ללא מניות וללא סימן קריאה",,יובנק נאמנות,איילון,פטורה,0.720,0.0400,10.0,21.07.2026,116.56,116.56,0.45,All-Bond כללי,0.35%,0.000
MTF מח SPMega30 5-7 נקוב$,5137716,קרן מחקה,0,D,"אג""ח בחו""ל","חברות והמרה חשופת מט""ח - ארוך",,"הקרן הינה קרן בלתי מוגבלת בני""ע חוץ,לפי מדיניות השקעותיה הקרן הינה קרן מחקה,יחידות הקרן נקובות ב- $,קרן להשקעות חוץ – מטבע עיקרי - דולר ארה""ב",מזרחי טפחות נאמנות,מגדל,פטורה,0.250,0.0300,83.0,20.07.2026,115.43,115.43,1.22,S&P 500 Bond Mega 30 Investment Grade 5-7 Year,לא נגבית עמלת הפצה,0.000
קסם SPBDU10T KTF ממ,5137724,קרן מחקה,0,A,"אג""ח בחו""ל","ממשלתיות מנוטרלת מט""ח - ארוך",,"הקרן הינה קרן בלתי מוגבלת בני""ע חוץ,לפי מדיניות השקעותיה הקרן הינה קרן מחקה",אלמגור-בריטמן נאמנות,קסם,פטורה,0.150,0.0250,161.4,20.07.2026,108.72,108.72,0.37,S&P U.S. Treasury Bond 7-10 Year Index,לא נגבית עמלת הפצה,0.000
איביאי כספית ניהול נזילות,5137732,קרן פתוחה,0,0,קרן כספית,כספית שקלית,כספית שקלית עם קונצרני,,יובנק נאמנות,"איביאי קרנות נאמנות ",פטורה,0.169,0.0100,6035.4,21.07.2026,111.51,111.51,0.00,"תל גוב-מק""מ",0.1%,0.000
קסם אקטיב כספית שקלית,5137740,קרן פתוחה,0,0,קרן כספית,כספית שקלית,כספית שקלית עם קונצרני,,יובנק נאמנות,קסם,פטורה,0.190,0.0100,8801.5,21.07.2026,1119.76,1119.76,0.00,"תל גוב-מק""מ",0.1%,0.000
עציוני מניות ישראל,5137757,קרן פתוחה,4,B,מניות בארץ,מניות לפי שווי שוק,מניות All Cap,,אלמגור-בריטמן נאמנות,סיגמא,פטורה,1.500,0.0400,246.5,21.07.2026,274.17,274.17,2.62,מניות כללי,0.35%,0.000
פסטרנק שהם 10/90,5137765,קרן פתוחה,1,B,"אג""ח בארץ - כללי","אג""ח כללי בארץ - עד 10% מניות","אג""ח כללי בארץ- עד 10% מניות ללא סימן קריאה",,מזרחי טפחות נאמנות,איילון,פטורה,0.590,0.0400,93.4,21.07.2026,127.40,127.40,0.50,"All-Bond כללי,מניות כללי",0.35%,0.000
MTF מח אנד מUSמחמ10קב ממ,5137773,קרן מחקה,0,A,"אג""ח בחו""ל","ממשלתיות מנוטרלת מט""ח - ארוך",,"הקרן הינה קרן בלתי מוגבלת בני""ע חוץ,לפי מדיניות השקעותיה הקרן הינה קרן מחקה,קרן כשרה",מזרחי טפחות נאמנות,מגדל,פטורה,0.100,0.0200,340.3,20.07.2026,106.09,106.09,0.68,"אינדקס אג""ח ממשלת ארה""ב - מח""מ 10 קבוע",לא נגבית עמלת הפצה,0.000
תכלית SP 30Bond 5-7Y TTF,5137781,קרן מחקה,0,D,"אג""ח בחו""ל","חברות והמרה חשופת מט""ח - ארוך",,"הקרן הינה קרן בלתי מוגבלת בני""ע חוץ,לפי מדיניות השקעותיה הקרן הינה קרן מחקה,קרן להשקעות חוץ – מטבע עיקרי - דולר ארה""ב",הרמטיק נאמנות,מיטב קרנות נאמנות,פטורה,0.250,0.0300,34.3,20.07.2026,94.56,94.56,1.04,"S&P 500 Bond Mega 30 Investment Grade 5-7 Year,דולר ארה""ב",לא נגבית עמלת הפצה,0.000
"מיטב אג""ח קונצרני A ומעלה",5137799,קרן פתוחה,0,B,"אג""ח בארץ - חברות והמרה",חברות והמרה ללא מניות,חברות והמרה ללא מניות וללא סימן קריאה,,יובנק נאמנות,מיטב קרנות נאמנות,פטורה,0.590,0.0300,268.2,21.07.2026,120.16,120.16,0.36,"אג""ח כללי - קונצרני",0.35%,0.000
הראל מחקה SP500 EW,5137807,קרן מחקה,4,D,"מניות בחו""ל","מניות גיאוגרפי - חשופת מט""ח",אמריקה- שווקים מפותחים,"הקרן הינה קרן בלתי מוגבלת בני""ע חוץ,לפי מדיניות השקעותיה הקרן הינה קרן מחקה,קרן להשקעות חוץ – מטבע עיקרי - דולר ארה""ב,קרן כשרה",מזרחי טפחות נאמנות,הראל,פטורה,0.150,0.0250,175.7,20.07.2026,123.46,123.46,1.10,"S&P 500 Equal Weight - NTR,דולר ארה""ב",לא נגבית עמלת הפצה,0.000
הראל כספית שקלית כשרה,5137815,קרן פתוחה,0,0,קרן כספית,כספית שקלית,כספית שקלית עם קונצרני,קרן כשרה,יובנק נאמנות,הראל,פטורה,0.140,0.0100,2683.6,21.07.2026,1114.76,1114.76,0.00,אחר,0.1%,0.000
סלע אגד חוץ מנייתי-נקוב $,5137823,קרן פתוחה,4,D,אגד קרנות,אגד חוץ,,"הקרן הינה קרן בלתי מוגבלת בני""ע חוץ,יחידות הקרן נקובות ב- $,קרן להשק חוץ-פטור ממס לתושבי חוץ",יובנק נאמנות,איילון,פטורה,1.350,0.0400,20.1,20.07.2026,157.79,157.79,0.98,S&P 500 - NTR,0.35%,0.000
איילון אגח קונצרני A ומעל,5137831,קרן פתוחה,0,0,"אג""ח בארץ - חברות והמרה",חברות והמרה ללא מניות,חברות והמרה ללא מניות וללא סימן קריאה,,מזרחי טפחות נאמנות,איילון,פטורה,0.590,0.0400,198.8,21.07.2026,116.80,116.80,0.31,"אג""ח כללי - קונצרני",0.35%,0.000
מור אגח דירוג פנימי תשואה,5137849,קרן פתוחה,1,B,"אג""ח בארץ - חברות והמרה",חברות והמרה בסיכון גבוה,,,יובנק נאמנות,מור קרנות,פטורה,1.400,0.0250,280.2,21.07.2026,127.36,127.36,0.36,"אג""ח כללי - קונצרני,תל בונד-תשואות שקל",0.35%,0.000
מיטב 10/90 ESG,5137872,קרן פתוחה,1,B,"אג""ח בארץ - כללי","אג""ח כללי בארץ - עד 10% מניות","אג""ח כללי בארץ- עד 10% מניות ללא סימן קריאה",,יובנק נאמנות,מיטב קרנות נאמנות,פטורה,0.590,0.0300,375.2,21.07.2026,129.54,129.54,0.57,"All-Bond כללי,ת""א 125",0.35%,0.000
מיטב 20/80 ESG,5137880,קרן פתוחה,2,B,"אג""ח בארץ - כללי","אג""ח כללי בארץ - עד 20% מניות",,,מזרחי טפחות נאמנות,מיטב קרנות נאמנות,פטורה,0.650,0.0300,207.7,21.07.2026,138.30,138.30,0.83,"All-Bond כללי,ת""א 125",0.35%,0.000
מיטב 30/70 ESG,5137898,קרן פתוחה,2,B,"אג""ח בארץ - כללי","אג""ח כללי בארץ - עד 30% מניות",,"הקרן הינה קרן בלתי מוגבלת בני""ע חוץ",מזרחי טפחות נאמנות,מיטב קרנות נאמנות,פטורה,0.650,0.0300,57.7,20.07.2026,137.55,137.55,0.46,"All-Bond כללי,ת""א 125",0.35%,0.000
איביאי כספית דולרית נקוב$,5137906,קרן פתוחה,0,D,קרן כספית,"כספית מט""חית עם קונצרני","נקובת מט""ח","הקרן הינה קרן בלתי מוגבלת בני""ע חוץ,יחידות הקרן נקובות ב- $,קרן להשקעות חוץ – מטבע עיקרי - דולר ארה""ב,קרן להשק חוץ-פטור ממס לתושבי חוץ",יובנק נאמנות,"איביאי קרנות נאמנות ",פטורה,0.250,0.0100,1013.2,20.07.2026,112.23,112.23,1.17,אחר,0.1%,0.000
ברק תיק 20/80,5137914,קרן פתוחה,2,B,"אג""ח בארץ - כללי","אג""ח כללי בארץ - עד 20% מניות",,,יובנק נאמנות,ברק,פטורה,0.750,0.1000,4.0,21.07.2026,124.37,124.37,0.97,"All-Bond כללי,מניות כללי",0.35%,0.000
ברק תיק 10/90,5137922,קרן פתוחה,1,B,"אג""ח בארץ - כללי","אג""ח כללי בארץ - עד 10% מניות","אג""ח כללי בארץ- עד 10% מניות ללא סימן קריאה",,יובנק נאמנות,ברק,פטורה,0.750,0.1000,4.8,21.07.2026,118.20,118.20,0.69,"All-Bond כללי,מניות כללי",0.35%,0.000
הראל מחקה אינ אנרגיה ישרא,5137948,קרן מחקה,4,A,מניות בארץ,מניות לפי ענפים,"נפט, גז ואנרגיה",לפי מדיניות השקעותיה הקרן הינה קרן מחקה,יובנק נאמנות,הראל,פטורה,0.400,0.0200,238.5,21.07.2026,241.55,241.55,4.61,אינדקס אנרגיה ישראלית,לא נגבית עמלת הפצה,0.000
קסם SPRFI03 KTF,5137955,קרן מחקה,4,D,"מניות בחו""ל","מניות גיאוגרפי - חשופת מט""ח",אמריקה- שווקים מפותחים,"הקרן הינה קרן בלתי מוגבלת בני""ע חוץ,לפי מדיניות השקעותיה הקרן הינה קרן מחקה,קרן להשקעות חוץ – מטבע עיקרי - דולר ארה""ב",הרמטיק נאמנות,קסם,פטורה,0.900,0.0300,7.5,20.07.2026,111.76,111.70,0.88,"Cboe S&P 500 15% Buffer MAR IC,דולר ארה""ב",לא נגבית עמלת הפצה,0.000
איביאי מחקה אינאגחמר-ג0-2,5137963,קרן מחקה,0,0,"אג""ח בארץ - חברות והמרה","אג""ח חברות","אג""ח חברות שקלי וצמוד",לפי מדיניות השקעותיה הקרן הינה קרן מחקה,יובנק נאמנות,"איביאי קרנות נאמנות ",פטורה,0.350,0.0200,243.0,21.07.2026,116.15,116.15,0.28,"אינדקס אג""ח במרווח גבוה - מח""מ 0-2",לא נגבית עמלת הפצה,0.000
איביאי מחקה A-AAA צמד 1-4,5137989,קרן מחקה,0,0,"אג""ח בארץ - חברות והמרה","אג""ח חברות צמודות מדד",בריבית קבועה,לפי מדיניות השקעותיה הקרן הינה קרן מחקה,יובנק נאמנות,"איביאי קרנות נאמנות ",פטורה,0.250,0.0300,120.7,21.07.2026,115.42,115.42,0.28,אינדקס A-AAA צמוד 1-4,לא נגבית עמלת הפצה,0.000
ATF מחקה שקלים ארוכיםעד20,5137997,קרן מחקה,0,0,"אג""ח בארץ - חברות והמרה","אג""ח חברות שקלי",בריבית קבועה - ארוך,לפי מדיניות השקעותיה הקרן הינה קרן מחקה,מזרחי טפחות נאמנות,אנליסט,פטורה,0.200,0.0200,416.5,21.07.2026,119.84,119.84,0.70,אינדקס שקלים ארוכים עד 20% מדינה,לא נגבית עמלת הפצה,0.000
מור כספית דולרית,5138003,קרן פתוחה,0,D,קרן כספית,"כספית מט""חית עם קונצרני",חשופת דולר,"הקרן הינה קרן בלתי מוגבלת בני""ע חוץ,קרן להשקעות חוץ – מטבע עיקרי - דולר ארה""ב,קרן להשק חוץ-פטור ממס לתושבי חוץ",יובנק נאמנות,מור קרנות,פטורה,0.250,0.0050,70.1,20.07.2026,93.63,93.63,1.11,"ICE U.S. Treasury Short Bond Index,דולר ארה""ב",0.1%,0.000
קסם SP5T5N KTF ממ,5138011,קרן מחקה,4,A,"מניות בחו""ל","מניות גיאוגרפי - מנוטרלת מט""ח",אמריקה- שווקים מפותחים,"הקרן הינה קרן בלתי מוגבלת בני""ע חוץ,לפי מדיניות השקעותיה הקרן הינה קרן מחקה",הרמטיק נאמנות,קסם,פטורה,0.500,0.0300,147.1,20.07.2026,154.28,154.28,1.56,S&P 500 TOP 50,לא נגבית עמלת הפצה,0.000
א.ש מחקה A.B SB US MF,5138029,קרן מחקה,4,D,"מניות בחו""ל","מניות גיאוגרפי - חשופת מט""ח",אמריקה- שווקים מפותחים,"הקרן הינה קרן בלתי מוגבלת בני""ע חוץ,לפי מדיניות השקעותיה הקרן הינה קרן מחקה",יובנק נאמנות,אלטשולר-שחם קרנות,פטורה,0.800,0.0300,1.3,20.07.2026,104.06,104.06,1.38,"AlphaBeta SmartBeta USA MultiFactor,דולר ארה""ב",לא נגבית עמלת הפצה,0.000
"אש S&P 500 מנוטרלת מט""ח",5138037,קרן פתוחה,4,A,"מניות בחו""ל",מניות גאוגרפי,"מניות גאוגרפי מוגנת מט""ח","הקרן הינה קרן בלתי מוגבלת בני""ע חוץ",יובנק נאמנות,אלטשולר-שחם קרנות,פטורה,1.450,0.0400,58.5,20.07.2026,156.54,156.54,1.43,S&P 500 - NTR,0.35%,0.000
י.ל מחקה לפדיון 2028 צמוד,5138045,קרן מחקה,0,0,"אג""ח בארץ - חברות והמרה","אג""ח חברות צמודות מדד",בריבית קבועה,לפי מדיניות השקעותיה הקרן הינה קרן מחקה,יובנק נאמנות,ילין לפידות,פטורה,0.240,0.0200,182.7,21.07.2026,114.96,114.96,0.26,quabify אג״ח לפדיון 2028 צמוד,לא נגבית עמלת הפצה,0.000
י.ל מחקה לפדיון 2029 צמוד,5138052,קרן מחקה,0,0,"אג""ח בארץ - חברות והמרה","אג""ח חברות צמודות מדד",בריבית קבועה,לפי מדיניות השקעותיה הקרן הינה קרן מחקה,יובנק נאמנות,ילין לפידות,פטורה,0.240,0.0200,177.3,21.07.2026,116.69,116.69,0.29,quabify אג״ח לפדיון 2029 צמוד,לא נגבית עמלת הפצה,0.000
י.ל מחקה לפדיון 2028 שקלי,5138060,קרן מחקה,0,0,"אג""ח בארץ - חברות והמרה","אג""ח חברות שקלי",בריבית קבועה,לפי מדיניות השקעותיה הקרן הינה קרן מחקה,יובנק נאמנות,ילין לפידות,פטורה,0.240,0.0200,85.7,21.07.2026,114.50,114.50,0.20,quabify אג״ח לפדיון 2028 שקלי,לא נגבית עמלת הפצה,0.000
י.ל מחקה לפדיון 2029 שקלי,5138078,קרן מחקה,0,0,"אג""ח בארץ - חברות והמרה","אג""ח חברות שקלי",בריבית קבועה,לפי מדיניות השקעותיה הקרן הינה קרן מחקה,יובנק נאמנות,ילין לפידות,פטורה,0.240,0.0200,163.9,21.07.2026,115.08,115.08,0.28,quabify אג״ח לפדיון 2029 שקלי,לא נגבית עמלת הפצה,0.000
תכלית TTFי CoCo ישראל-10,5138086,קרן מחקה,0,0,"אג""ח בארץ - חברות והמרה","אג""ח חברות צמודות מדד",בריבית קבועה,לפי מדיניות השקעותיה הקרן הינה קרן מחקה,הרמטיק נאמנות,מיטב קרנות נאמנות,פטורה,0.100,0.0300,35.6,21.07.2026,117.67,117.67,0.43,אינדקס CoCo ישראל-10,לא נגבית עמלת הפצה,0.000
מגדל כספית שקלית כשרה,5138094,קרן פתוחה,0,0,קרן כספית,כספית שקלית,כספית שקלית עם קונצרני,קרן כשרה,יובנק נאמנות,מגדל,פטורה,0.149,0.0050,5599.4,21.07.2026,111.03,111.03,0.00,אחר,0.1%,0.000
קסם Bullet KTF ישראל 2028,5138102,קרן מחקה,0,0,"אג""ח בארץ - חברות והמרה","אג""ח חברות","אג""ח חברות שקלי וצמוד",לפי מדיניות השקעותיה הקרן הינה קרן מחקה,הרמטיק נאמנות,קסם,פטורה,0.250,0.0300,135.0,21.07.2026,113.83,113.83,0.22,אינדקס Bullet ישראל 2028,לא נגבית עמלת הפצה,0.000
קסם Bullet KTF ישראל 2029,5138110,קרן מחקה,0,0,"אג""ח בארץ - חברות והמרה","אג""ח חברות","אג""ח חברות שקלי וצמוד",לפי מדיניות השקעותיה הקרן הינה קרן מחקה,הרמטיק נאמנות,קסם,פטורה,0.250,0.0300,118.1,21.07.2026,115.32,115.32,0.27,אינדקס Bullet ישראל 2029,לא נגבית עמלת הפצה,0.000
קסם Bullet KTF ישראל 2030,5138128,קרן מחקה,0,0,"אג""ח בארץ - חברות והמרה","אג""ח חברות","אג""ח חברות שקלי וצמוד",לפי מדיניות השקעותיה הקרן הינה קרן מחקה,הרמטיק נאמנות,קסם,פטורה,0.250,0.0300,111.3,21.07.2026,113.53,113.53,0.25,אינדקס Bullet ישראל 2030,לא נגבית עמלת הפצה,0.000
MTF‏ מח S&P 500 Top 50,5138151,קרן מחקה,4,D,"מניות בחו""ל","מניות גיאוגרפי - חשופת מט""ח",אמריקה- שווקים מפותחים,"הקרן הינה קרן בלתי מוגבלת בני""ע חוץ,לפי מדיניות השקעותיה הקרן הינה קרן מחקה",מזרחי טפחות נאמנות,מגדל,פטורה,0.150,0.0300,56.8,20.07.2026,122.81,122.81,1.31,"S&P 500 TOP 50,דולר ארה""ב",לא נגבית עמלת הפצה,0.000
איביאי מחקה A-AAA שקל 3-6,5138169,קרן מחקה,0,0,"אג""ח בארץ - חברות והמרה","אג""ח חברות שקלי",בריבית קבועה - בינוני,לפי מדיניות השקעותיה הקרן הינה קרן מחקה,יובנק נאמנות,"איביאי קרנות נאמנות ",פטורה,0.000,0.0300,134.1,21.07.2026,116.58,116.58,0.49,אינדקס A-AAA שקלי 3-6,לא נגבית עמלת הפצה,0.000
MTF מח Russell 2000 ממ,5138201,קרן מחקה,4,A,"מניות בחו""ל","מניות גיאוגרפי - מנוטרלת מט""ח",אמריקה- שווקים מפותחים,"הקרן הינה קרן בלתי מוגבלת בני""ע חוץ,לפי מדיניות השקעותיה הקרן הינה קרן מחקה,קרן כשרה",מזרחי טפחות נאמנות,מגדל,פטורה,0.250,0.0300,171.7,20.07.2026,143.14,143.14,1.74,RUSSELL 2000 - NTR,לא נגבית עמלת הפצה,0.000
פרופאונד ! תיק אגח ללא מנ,5138219,קרן פתוחה,0,B,"אג""ח בארץ - כללי","אג""ח כללי בארץ - ללא מניות","אג""ח כללי בארץ ללא מניות עם סימן קריאה",,מזרחי טפחות נאמנות,איילון,פטורה,0.690,0.0400,45.3,21.07.2026,114.20,114.20,0.34,All-Bond כללי,0.35%,0.000
קסם KTF אינ AA ומעלה 3 +,5138227,קרן מחקה,0,0,"אג""ח בארץ - חברות והמרה","אג""ח חברות","אג""ח חברות שקלי וצמוד",לפי מדיניות השקעותיה הקרן הינה קרן מחקה,הרמטיק נאמנות,קסם,פטורה,0.250,0.0300,50.7,21.07.2026,116.18,116.18,0.46,אינדקס AA ומעלה 3+,לא נגבית עמלת הפצה,0.000
סיגמא אגח ללא מניות,5138243,קרן פתוחה,0,B,"אג""ח בארץ - כללי","אג""ח כללי בארץ - ללא מניות","אג""ח כללי בארץ ללא מניות וללא סימן קריאה",,אלמגור-בריטמן נאמנות,סיגמא,פטורה,0.690,0.0400,41.8,21.07.2026,115.21,115.21,0.37,All-Bond כללי,0.35%,0.000
קסם IBOXIG30 KTF ממ,5138250,קרן מחקה,0,A,"אג""ח בחו""ל","חברות והמרה  מנוטרלת מט""ח",,"הקרן הינה קרן בלתי מוגבלת בני""ע חוץ,לפי מדיניות השקעותיה הקרן הינה קרן מחקה",הרמטיק נאמנות,קסם,פטורה,0.150,0.0300,173.6,20.07.2026,2774.53,2774.53,0.24,IBOXX USD LIQUID INVESTMENT GRADE TOP 30 INDEX - GTR,לא נגבית עמלת הפצה,0.000
קסם KTF אינ בינוי והנ תש,5138268,קרן מחקה,4,A,מניות בארץ,מניות לפי ענפים,שילוב ענפים,לפי מדיניות השקעותיה הקרן הינה קרן מחקה,יובנק נאמנות,קסם,פטורה,0.500,0.0200,215.1,21.07.2026,2877.48,2877.48,5.10,אינדקס בינוי והנדסת תשתיות,לא נגבית עמלת הפצה,0.000
MTF מח AB אגח מא Bullet28,5138276,קרן מחקה,0,A,"אג""ח בארץ - חברות והמרה","אג""ח חברות","אג""ח חברות שקלי וצמוד",לפי מדיניות השקעותיה הקרן הינה קרן מחקה,יובנק נאמנות,מגדל,פטורה,0.200,0.0300,49.0,21.07.2026,111.33,111.33,0.17,"A.B. אג""ח מאוזן Bullet 2028 A-AAA",לא נגבית עמלת הפצה,0.000
מגדל אגח בינלאומי עד 2030,5138284,קרן פתוחה,0,D,"אג""ח בחו""ל","אג""ח חשופת דולר",,"הקרן הינה קרן בלתי מוגבלת בני""ע חוץ",מזרחי טפחות נאמנות,מגדל,פטורה,0.560,0.0400,21.6,20.07.2026,93.07,93.07,1.06,"S&P 500 Bond Mega 30 Investment Grade 5-7 Year,דולר ארה""ב",0.35%,0.000
הראל מחקה SP HealhCare ממ,5138300,קרן מחקה,4,A,"מניות בחו""ל","מניות לפי ענפים בחו""ל - מנוטרלת מט""ח",Health Care,"הקרן הינה קרן בלתי מוגבלת בני""ע חוץ,לפי מדיניות השקעותיה הקרן הינה קרן מחקה,קרן כשרה",יובנק נאמנות,הראל,פטורה,0.650,0.0200,83.3,20.07.2026,4699.58,4699.58,1.40,S&P Health Care Select Sector Index- NTR,לא נגבית עמלת הפצה,0.000
MTF מח אנד CoCo ישראל 10,5138318,קרן מחקה,0,0,"אג""ח בארץ - חברות והמרה","אג""ח חברות צמודות מדד",בריבית קבועה,לפי מדיניות השקעותיה הקרן הינה קרן מחקה,יובנק נאמנות,מגדל,פטורה,0.000,0.0200,70.1,21.07.2026,117.18,117.18,0.44,אינדקס CoCo ישראל-10,לא נגבית עמלת הפצה,0.000
מיטב כספית דולרית נקובה $,5138326,קרן פתוחה,0,D,קרן כספית,"כספית מט""חית עם קונצרני","נקובת מט""ח","הקרן הינה קרן בלתי מוגבלת בני""ע חוץ,יחידות הקרן נקובות ב- $,קרן להשקעות חוץ – מטבע עיקרי - דולר ארה""ב,קרן להשק חוץ-פטור ממס לתושבי חוץ",יובנק נאמנות,מיטב קרנות נאמנות,פטורה,0.140,0.0200,2696.9,20.07.2026,111.45,111.45,1.07,אחר,0.1%,0.000
תכלית SP 30B 3-5Y TTF ממ,5138334,קרן מחקה,0,A,"אג""ח בחו""ל","חברות והמרה  מנוטרלת מט""ח - בינוני",,"הקרן הינה קרן בלתי מוגבלת בני""ע חוץ,לפי מדיניות השקעותיה הקרן הינה קרן מחקה",אלמגור-בריטמן נאמנות,מיטב קרנות נאמנות,פטורה,0.200,0.0300,83.9,20.07.2026,109.98,109.98,0.22,S&P 500 Bond Mega 30 Investment Grade 3-5 Year - GTR,לא נגבית עמלת הפצה,0.000
MTF מח אנ AA-AAA יש 5-7,5138342,קרן מחקה,0,A,"אג""ח בארץ - חברות והמרה","אג""ח חברות","אג""ח חברות שקלי וצמוד",לפי מדיניות השקעותיה הקרן הינה קרן מחקה,יובנק נאמנות,מגדל,פטורה,0.000,0.0200,359.7,21.07.2026,118.36,118.36,0.54,אינדקס AA-AAA ישראל 5-7,לא נגבית עמלת הפצה,0.000
ATF מחקה מרווח מעל הממוצע,5138359,קרן מחקה,0,0,"אג""ח בארץ - חברות והמרה","אג""ח חברות","אג""ח חברות שקלי וצמוד",לפי מדיניות השקעותיה הקרן הינה קרן מחקה,מזרחי טפחות נאמנות,אנליסט,פטורה,0.200,0.0200,103.9,21.07.2026,118.81,118.81,0.39,"אינדקס EW TOP100 מרווח מעל הממוצע מותאם מח""מ",לא נגבית עמלת הפצה,0.000
תכלית SP 500 EW TTF ממ,5138383,קרן מחקה,4,A,"מניות בחו""ל","מניות גיאוגרפי - מנוטרלת מט""ח",אמריקה- שווקים מפותחים,"הקרן הינה קרן בלתי מוגבלת בני""ע חוץ,לפי מדיניות השקעותיה הקרן הינה קרן מחקה",הרמטיק נאמנות,מיטב קרנות נאמנות,פטורה,0.100,0.0300,39.1,20.07.2026,126.82,126.82,0.77,S&P 500 Equal Weight - NTR,לא נגבית עמלת הפצה,0.000
מגדל אגח לפדיון עד 2030,5138391,קרן פתוחה,0,A,"אג""ח בארץ - כללי","אג""ח כללי בארץ - ללא מניות","אג""ח כללי בארץ ללא מניות וללא סימן קריאה",,מזרחי טפחות נאמנות,מגדל,פטורה,0.490,0.0400,67.7,21.07.2026,113.29,113.29,0.26,All-Bond כללי,0.35%,0.000
הראל מחקה אינ תעש ביטחונ,5138409,קרן מחקה,4,D,"מניות בחו""ל","מניות לפי ענפים בחו""ל - חשופת מט""ח",Aerospace & Defense,"הקרן הינה קרן בלתי מוגבלת בני""ע חוץ,לפי מדיניות השקעותיה הקרן הינה קרן מחקה",מזרחי טפחות נאמנות,הראל,פטורה,0.700,0.0200,573.8,20.07.2026,178.63,178.63,2.40,"אינדקס תעשיות ביטחוניות ארה""ב וישראל,דולר ארה""ב",לא נגבית עמלת הפצה,0.000
תכלית AA-AAA TTF י5+,5138417,קרן מחקה,0,0,"אג""ח בארץ - חברות והמרה","אג""ח חברות","אג""ח חברות שקלי וצמוד",לפי מדיניות השקעותיה הקרן הינה קרן מחקה,הרמטיק נאמנות,מיטב קרנות נאמנות,פטורה,0.200,0.0300,13.7,21.07.2026,118.36,118.36,0.61,אינדקס AA-AAAי 5+ פקטור מינוף פיננסי נמוך,לא נגבית עמלת הפצה,0.000
פורצן (!) אגח נקובה $,5138425,קרן פתוחה,0,D,"אג""ח בחו""ל","אג""ח נקובת מט""ח",,"הקרן הינה קרן בלתי מוגבלת בני""ע חוץ,יחידות הקרן נקובות ב- $,קרן להשק חוץ-פטור ממס לתושבי חוץ",מזרחי טפחות נאמנות,איילון,פטורה,0.900,0.0400,387.8,20.07.2026,119.17,119.17,1.04,IBOXX USD LIQUID INVESTMENT GRADE - GTR,0.35%,0.000
MTF מח BLBRG US AN RC,5138433,קרן מחקה,4,D,"מניות בחו""ל","מניות גיאוגרפי - חשופת מט""ח",אמריקה- שווקים מפותחים,"הקרן הינה קרן בלתי מוגבלת בני""ע חוץ,לפי מדיניות השקעותיה הקרן הינה קרן מחקה",אלמגור-בריטמן נאמנות,מגדל,פטורה,0.800,0.0300,22.8,20.07.2026,106.49,106.46,1.03,"Bloomberg US Analyst Recommendations Index ,דולר ארה""ב",לא נגבית עמלת הפצה,0.000
קסם SP5T5N KTF,5138441,קרן מחקה,4,D,"מניות בחו""ל","מניות גיאוגרפי - חשופת מט""ח",אמריקה- שווקים מפותחים,"הקרן הינה קרן בלתי מוגבלת בני""ע חוץ,לפי מדיניות השקעותיה הקרן הינה קרן מחקה",הרמטיק נאמנות,קסם,פטורה,0.250,0.0300,6.6,20.07.2026,121.40,121.40,1.30,"S&P 500 TOP 50,דולר ארה""ב",לא נגבית עמלת הפצה,0.000
MTF מח אנ Top10USBankBnd,5138458,קרן מחקה,0,D,"אג""ח בחו""ל","חברות והמרה חשופת מט""ח - בינוני",,"הקרן הינה קרן בלתי מוגבלת בני""ע חוץ,לפי מדיניות השקעותיה הקרן הינה קרן מחקה",מזרחי טפחות נאמנות,מגדל,פטורה,0.250,0.0300,29.6,20.07.2026,93.29,93.29,1.00,"אינדקס Top 10 US Banks Bonds,דולר ארה""ב",לא נגבית עמלת הפצה,0.000
MTF מח‏ iBoxx $ Lq IG30,5138466,קרן מחקה,0,D,"אג""ח בחו""ל","חברות והמרה חשופת מט""ח",,"הקרן הינה קרן בלתי מוגבלת בני""ע חוץ,לפי מדיניות השקעותיה הקרן הינה קרן מחקה",אלמגור-בריטמן נאמנות,מגדל,פטורה,0.200,0.0300,75.6,20.07.2026,90.28,90.28,1.03,"IBOXX USD LIQUID INVESTMENT GRADE TOP 30 INDEX - GTR,דולר ארה""ב",לא נגבית עמלת הפצה,0.000
MTF מח SP500 EW ממ,5138474,קרן מחקה,4,A,"מניות בחו""ל","מניות גיאוגרפי - מנוטרלת מט""ח",אמריקה- שווקים מפותחים,"הקרן הינה קרן בלתי מוגבלת בני""ע חוץ,לפי מדיניות השקעותיה הקרן הינה קרן מחקה",מזרחי טפחות נאמנות,מגדל,פטורה,0.000,0.0300,107.8,20.07.2026,123.18,123.18,0.76,S&P 500 Equal Weight - NTR,לא נגבית עמלת הפצה,0.000
MTF מח SPMega30 3-5 ממ,5138482,קרן מחקה,0,A,"אג""ח בחו""ל","חברות והמרה  מנוטרלת מט""ח - בינוני",,"הקרן הינה קרן בלתי מוגבלת בני""ע חוץ,לפי מדיניות השקעותיה הקרן הינה קרן מחקה",אלמגור-בריטמן נאמנות,מגדל,פטורה,0.200,0.0300,167.5,20.07.2026,108.16,108.16,0.22,S&P 500 Bond Mega 30 Investment Grade 3-5 Year - GTR,לא נגבית עמלת הפצה,0.000
קסם אקטיב מח א מ אגד יש,5138490,קרן פתוחה,3,C,אגד קרנות,אגד ישראלי,,"הקרן הינה קרן בלתי מוגבלת בני""ע חוץ",יובנק נאמנות,קסם,פטורה,0.000,0.0200,4.7,20.07.2026,123.70,123.70,0.33,"All-Bond כללי,ת""א 125",0.35%,0.000
"מגדל נאסד""ק 100 כשרה ממ",5138524,קרן פתוחה,4,A,"מניות בחו""ל",מניות גאוגרפי,"מניות גאוגרפי מוגנת מט""ח","הקרן הינה קרן בלתי מוגבלת בני""ע חוץ,קרן כשרה",מזרחי טפחות נאמנות,מגדל,פטורה,0.500,0.0300,32.0,20.07.2026,144.41,144.41,1.97,NASDAQ 100 - NTR,0.35%,0.000
מגדל 10/90 - אגח מדורג,5138532,קרן פתוחה,1,A,"אג""ח בארץ - חברות והמרה",חברות והמרה עם מניות,חברות והמרה עם מניות ללא סימן קריאה,,מזרחי טפחות נאמנות,מגדל,פטורה,0.490,0.0300,8.3,21.07.2026,115.38,115.38,0.53,"תל בונד מאגר,ת""א 125",0.35%,0.000
קסם Bullet KTF צמוד 2026,5138557,קרן מחקה,0,0,"אג""ח בארץ - חברות והמרה","אג""ח חברות צמודות מדד",בריבית קבועה,לפי מדיניות השקעותיה הקרן הינה קרן מחקה,הרמטיק נאמנות,קסם,פטורה,0.250,0.0300,24.8,21.07.2026,1189.71,1189.71,0.08,אינדקס Bullet צמוד 2026,לא נגבית עמלת הפצה,0.000
קסם Bullet KTF שקלי 2026,5138565,קרן מחקה,0,0,"אג""ח בארץ - חברות והמרה","אג""ח חברות שקלי",בריבית קבועה,לפי מדיניות השקעותיה הקרן הינה קרן מחקה,אלמגור-בריטמן נאמנות,קסם,פטורה,0.200,0.0300,77.0,21.07.2026,1177.73,1177.73,0.05,אינדקס Bullet שקלי 2026,לא נגבית עמלת הפצה,0.000
קסם Bullet KTF שקלי 27,5138573,קרן מחקה,0,0,"אג""ח בארץ - חברות והמרה","אג""ח חברות שקלי",בריבית קבועה,לפי מדיניות השקעותיה הקרן הינה קרן מחקה,הרמטיק נאמנות,קסם,פטורה,0.200,0.0300,76.9,21.07.2026,1190.41,1190.41,0.18,"אינדקס Bullet שקלי 2027 ",לא נגבית עמלת הפצה,0.000
קסם Bullet KTF צמוד 2027,5138581,קרן מחקה,0,0,"אג""ח בארץ - חברות והמרה","אג""ח חברות צמודות מדד",בריבית קבועה,לפי מדיניות השקעותיה הקרן הינה קרן מחקה,הרמטיק נאמנות,קסם,פטורה,0.200,0.0300,228.5,21.07.2026,1215.43,1215.43,0.23,"אינדקס Bullet צמוד 2027 ",לא נגבית עמלת הפצה,0.000
קסם Bullet KTF צמוד 2029,5138599,קרן מחקה,0,0,"אג""ח בארץ - חברות והמרה","אג""ח חברות צמודות מדד",בריבית קבועה,לפי מדיניות השקעותיה הקרן הינה קרן מחקה,הרמטיק נאמנות,קסם,פטורה,0.250,0.0300,134.3,21.07.2026,1256.80,1256.80,0.29,אינדקס Bullet צמוד 2029,לא נגבית עמלת הפצה,0.000
קסם Bullet KTF שקלי 29,5138607,קרן מחקה,0,0,"אג""ח בארץ - חברות והמרה","אג""ח חברות שקלי",בריבית קבועה,לפי מדיניות השקעותיה הקרן הינה קרן מחקה,הרמטיק נאמנות,קסם,פטורה,0.250,0.0300,98.0,21.07.2026,1189.04,1189.04,0.29,אינדקס Bullet שקלי 2029,לא נגבית עמלת הפצה,0.000
"דולפין מניות חו""ל",5138615,קרן פתוחה,4,D,"מניות בחו""ל","מניות כללי בחו""ל","מניות כללי בחו""ל חשופת מט""ח","הקרן הינה קרן בלתי מוגבלת בני""ע חוץ",יובנק נאמנות,איילון,פטורה,1.790,0.0400,79.3,20.07.2026,132.88,132.88,1.17,"S&P 500 - NTR,RUSSELL 2000 - NTR,דולר ארה""ב",0.35%,0.000
תכליתBlockchain Ecosy TTF,5138623,קרן מחקה,4,D,"מניות בחו""ל","מניות לפי ענפים בחו""ל - חשופת מט""ח",Blockchain,"הקרן הינה קרן בלתי מוגבלת בני""ע חוץ,לפי מדיניות השקעותיה הקרן הינה קרן מחקה",אלמגור-בריטמן נאמנות,מיטב קרנות נאמנות,פטורה,0.950,0.0300,2.5,20.07.2026,102.94,102.94,5.09,"INDXX Blockchin Ecosystem,דולר ארה""ב",לא נגבית עמלת הפצה,0.000
קסם RU20N30U KTF,5138631,קרן מחקה,4,D,"מניות בחו""ל","מניות גיאוגרפי - חשופת מט""ח",אמריקה- שווקים מפותחים,"הקרן הינה קרן בלתי מוגבלת בני""ע חוץ,לפי מדיניות השקעותיה הקרן הינה קרן מחקה,קרן כשרה",הרמטיק נאמנות,קסם,פטורה,0.000,0.0300,34.7,20.07.2026,122.50,122.50,1.44,"RUSSELL 2000 - NTR,דולר ארה""ב",לא נגבית עמלת הפצה,0.000
י.ל מחקה צמודות בנקים,5138649,קרן מחקה,0,0,"אג""ח בארץ - חברות והמרה","אג""ח חברות צמודות מדד",בריבית קבועה,לפי מדיניות השקעותיה הקרן הינה קרן מחקה,יובנק נאמנות,ילין לפידות,פטורה,0.250,0.0200,19.6,21.07.2026,109.76,109.76,0.27,"תל בונד צמודות בנקים ",לא נגבית עמלת הפצה,0.000
מגדל הזדמנויות אגח ללא מנ,5138656,קרן פתוחה,0,A,"אג""ח בארץ - כללי","אג""ח כללי בארץ - ללא מניות","אג""ח כללי בארץ ללא מניות עם סימן קריאה",,יובנק נאמנות,מגדל,פטורה,0.590,0.0300,2.5,21.07.2026,95.72,95.72,0.70,All-Bond כללי,0.35%,0.000
קסם SPRFI06 KTF,5138664,קרן מחקה,4,D,"מניות בחו""ל","מניות גיאוגרפי - חשופת מט""ח",אמריקה- שווקים מפותחים,"הקרן הינה קרן בלתי מוגבלת בני""ע חוץ,לפי מדיניות השקעותיה הקרן הינה קרן מחקה,קרן להשקעות חוץ – מטבע עיקרי - דולר ארה""ב",הרמטיק נאמנות,קסם,פטורה,0.850,0.0300,10.6,20.07.2026,102.29,102.29,0.87,"Cboe S&P 500 15% Buffer JUN IC,דולר ארה""ב",לא נגבית עמלת הפצה,0.000
אילים מניות ישראל,5138672,קרן פתוחה,4,B,מניות בארץ,מניות לפי שווי שוק,מניות All Cap,,יובנק נאמנות,אילים קרנות,פטורה,0.790,0.0300,21.6,21.07.2026,175.28,175.28,4.04,מניות כללי,0.35%,0.000
"אילים תיק אג""ח +10%",5138680,קרן פתוחה,1,A,"אג""ח בארץ - כללי","אג""ח כללי בארץ - עד 10% מניות","אג""ח כללי בארץ- עד 10% מניות ללא סימן קריאה",,יובנק נאמנות,אילים קרנות,פטורה,0.590,0.0300,95.9,21.07.2026,125.39,125.39,0.60,"All-Bond כללי,ת""א 125",0.35%,0.000
דולפין כספית,5138698,קרן פתוחה,0,0,קרן כספית,כספית שקלית,כספית שקלית עם קונצרני,,יובנק נאמנות,איילון,פטורה,0.149,0.0100,5686.5,21.07.2026,108.83,108.83,0.00,"תל גוב-מק""מ",0.1%,0.000
אזימוט כספית,5138706,קרן פתוחה,0,0,קרן כספית,כספית שקלית,כספית שקלית עם קונצרני,,יובנק נאמנות,איילון,פטורה,0.140,0.0100,218.6,21.07.2026,108.74,108.74,0.00,"תל גוב-מק""מ",0.1%,0.000
"אילים 90\10 תיק אג""ח חו""ל",5138714,קרן פתוחה,1,D,"אג""ח בחו""ל","אג""ח חשופת מט""ח",,"הקרן הינה קרן בלתי מוגבלת בני""ע חוץ",יובנק נאמנות,אילים קרנות,פטורה,0.590,0.0300,20.3,20.07.2026,98.54,98.54,0.86,"BLOOMBERG US AGGREGATE TOTAL RETURN VALUE UNHEDGED USD - GTR,S&P 500 - NTR,דולר ארה""ב",0.35%,0.000
הראל מחקה iBox US5-9 T50,5138722,קרן מחקה,0,D,"אג""ח בחו""ל","חברות והמרה חשופת מט""ח - ארוך",,"הקרן הינה קרן בלתי מוגבלת בני""ע חוץ,לפי מדיניות השקעותיה הקרן הינה קרן מחקה,קרן להשקעות חוץ – מטבע עיקרי - דולר ארה""ב",מזרחי טפחות נאמנות,הראל,פטורה,0.100,0.0250,100.5,20.07.2026,91.81,91.81,1.03,"iBoxx USD Liquid 5-9 Top 50,דולר ארה""ב",לא נגבית עמלת הפצה,0.000
הורייזן (4D) אסטרטגיות,5138730,קרן פתוחה,4,D,ממונפות ואסטרטגיות,אסטרטגיות (לא ממונפות),,"הקרן הינה קרן בלתי מוגבלת בני""ע חוץ",יובנק נאמנות,איילון,פטורה,1.500,0.0400,33.5,20.07.2026,109.61,109.61,0.96,אחר,0.35%,0.000
קסם KTF אינ תעש ביט גלובל,5138748,קרן מחקה,4,D,"מניות בחו""ל","מניות לפי ענפים בחו""ל - חשופת מט""ח",Aerospace & Defense,"הקרן הינה קרן בלתי מוגבלת בני""ע חוץ,לפי מדיניות השקעותיה הקרן הינה קרן מחקה",אלמגור-בריטמן נאמנות,קסם,פטורה,0.700,0.0250,328.4,20.07.2026,144.60,144.54,2.62,"אינדקס תעשיות ביטחוניות גלובלי,דולר ארה""ב",לא נגבית עמלת הפצה,0.000
תכלית MSCI India USD TTF,5138755,קרן מחקה,4,D,"מניות בחו""ל","מניות גיאוגרפי - חשופת מט""ח",אסיה ופסיפיק- שווקים מתעוררים,"הקרן הינה קרן בלתי מוגבלת בני""ע חוץ,לפי מדיניות השקעותיה הקרן הינה קרן מחקה",הרמטיק נאמנות,מיטב קרנות נאמנות,פטורה,0.550,0.0300,9.2,16.07.2026,69.64,69.64,1.83,"(MSCI INDIA (USD,דולר ארה""ב",לא נגבית עמלת הפצה,0.000
אלטשולר שחם כספית,5138763,קרן פתוחה,0,0,קרן כספית,כספית שקלית,כספית שקלית עם קונצרני,,יובנק נאמנות,אלטשולר-שחם קרנות,פטורה,0.234,0.0100,2775.4,21.07.2026,109.04,109.04,0.00,"תל גוב-מק""מ",0.1%,0.000
"דרך אג""ח ללא מניות",5138771,קרן פתוחה,0,A,"אג""ח בארץ - כללי","אג""ח כללי בארץ - ללא מניות","אג""ח כללי בארץ ללא מניות וללא סימן קריאה",קרן כשרה,יובנק נאמנות,סיגמא,פטורה,0.750,0.0400,29.3,21.07.2026,112.07,112.07,0.26,All-Bond כללי,0.35%,0.000
"מור 30/70 מניות חו""ל כשרה",5138789,קרן פתוחה,2,B,"אג""ח בארץ - כללי","אג""ח כללי בארץ - עד 30% מניות",,"הקרן הינה קרן בלתי מוגבלת בני""ע חוץ,קרן כשרה",יובנק נאמנות,מור קרנות,פטורה,0.650,0.0300,88.9,20.07.2026,127.47,127.47,0.38,"All-Bond כללי,MSCI AC WORLD INDEX - NTR,דולר ארה""ב",0.35%,0.000
תכלית TTFי ExchanAndData,5138797,קרן מחקה,4,D,"מניות בחו""ל","מניות לפי ענפים בחו""ל - חשופת מט""ח",Financial,"הקרן הינה קרן בלתי מוגבלת בני""ע חוץ,לפי מדיניות השקעותיה הקרן הינה קרן מחקה",הרמטיק נאמנות,מיטב קרנות נאמנות,פטורה,0.600,0.0300,87.4,16.07.2026,88.53,88.53,2.04,"Indxx Global Financial Exchanges And Data,דולר ארה""ב",לא נגבית עמלת הפצה,0.000
תכלית TTFי SP500 Growth,5138805,קרן מחקה,4,D,"מניות בחו""ל","מניות גיאוגרפי - חשופת מט""ח",אמריקה- שווקים מפותחים,"הקרן הינה קרן בלתי מוגבלת בני""ע חוץ,לפי מדיניות השקעותיה הקרן הינה קרן מחקה",אלמגור-בריטמן נאמנות,מיטב קרנות נאמנות,פטורה,0.300,0.0300,5.3,20.07.2026,116.81,116.81,1.59,"S&P 500 Growth,דולר ארה""ב",לא נגבית עמלת הפצה,0.000
תכלית TTF ישראל צמיחהמומנ,5138813,קרן מחקה,4,C,מניות בארץ,מניות לפי שווי שוק,אחר,"הקרן הינה קרן בלתי מוגבלת בני""ע חוץ,לפי מדיניות השקעותיה הקרן הינה קרן מחקה",הרמטיק נאמנות,מיטב קרנות נאמנות,פטורה,0.400,0.0300,64.7,20.07.2026,212.88,212.88,2.35,אינדקס ישראליות צמיחה-מומנטום,לא נגבית עמלת הפצה,0.000
"אקורד (!) אג""ח פלוס",5138821,קרן פתוחה,1,B,"אג""ח בארץ - כללי","אג""ח כללי בארץ - עד 10% מניות","אג""ח כללי בארץ- עד 10% מניות ועם סימן קריאה",,יובנק נאמנות,איילון,פטורה,0.750,0.0400,35.6,21.07.2026,118.30,118.30,0.53,"All-Bond כללי,ת""א 125",0.35%,0.000
אנליסט כספית דולר נקובה $,5138839,קרן פתוחה,0,D,קרן כספית,"כספית מט""חית עם קונצרני","נקובת מט""ח","הקרן הינה קרן בלתי מוגבלת בני""ע חוץ,יחידות הקרן נקובות ב- $,קרן להשקעות חוץ – מטבע עיקרי - דולר ארה""ב,קרן להשק חוץ-פטור ממס לתושבי חוץ",מזרחי טפחות נאמנות,אנליסט,פטורה,0.130,0.0100,2168.4,20.07.2026,109.05,109.05,1.19,אחר,0.1%,0.000
הראל מחקה תלבונד צ בנק ומ,5138847,קרן מחקה,0,0,"אג""ח בארץ - חברות והמרה","אג""ח חברות",אחר,לפי מדיניות השקעותיה הקרן הינה קרן מחקה,מזרחי טפחות נאמנות,הראל,פטורה,0.100,0.0150,71.2,21.07.2026,111.55,111.55,0.34,תל בונד צמודות בנקים וחברות ממשלתיות,לא נגבית עמלת הפצה,0.000
הראל מחקה תלבונד צמוד5-10,5138854,קרן מחקה,0,0,"אג""ח בארץ - חברות והמרה","אג""ח חברות צמודות מדד",בריבית קבועה - ארוך,לפי מדיניות השקעותיה הקרן הינה קרן מחקה,מזרחי טפחות נאמנות,הראל,פטורה,0.000,0.0100,29.8,21.07.2026,118.00,118.00,0.44,תל בונד צמודות 5-10,לא נגבית עמלת הפצה,0.000
הראל מחקה תלבונד-שקל 5-10,5138862,קרן מחקה,0,0,"אג""ח בארץ - חברות והמרה","אג""ח חברות שקלי",בריבית קבועה - ארוך,לפי מדיניות השקעותיה הקרן הינה קרן מחקה,מזרחי טפחות נאמנות,הראל,פטורה,0.000,0.0100,224.0,21.07.2026,122.19,122.19,0.60,תל בונד שקלי 5-10,לא נגבית עמלת הפצה,0.000
הראל עוק מנחו עד30 בינלאו,5138888,קרן פתוחה,4,B,"מניות בחו""ל","מניות כללי בחו""ל","מניות כללי בחו""ל מוגנת מט""ח","הקרן הינה קרן בלתי מוגבלת בני""ע חוץ,הקרן עוקבת תיק של - הבנק הבינלאומי הראשון לישראל,קרן להשק חוץ-פטור ממס לתושבי חוץ",יובנק נאמנות,הראל,פטורה,1.250,0.0300,18.4,20.07.2026,121.26,121.26,0.65,MSCI AC WORLD INDEX - NTR,0.35%,0.000
קסם M7IN KTF,5138896,קרן מחקה,4,D,"מניות בחו""ל","מניות גיאוגרפי - חשופת מט""ח",אסיה ופסיפיק- שווקים מתעוררים,"הקרן הינה קרן בלתי מוגבלת בני""ע חוץ,לפי מדיניות השקעותיה הקרן הינה קרן מחקה,קרן להשקעות חוץ – מטבע עיקרי - רופי הודי",מזרחי טפחות נאמנות,קסם,פטורה,0.550,0.0300,11.3,16.07.2026,70.05,69.91,1.78,"MSCI INDIA - NTR,רופי הודי",לא נגבית עמלת הפצה,0.000
קסם TipR US Mom An iN KTF,5138904,קרן מחקה,4,D,"מניות בחו""ל","מניות גיאוגרפי - חשופת מט""ח",אמריקה- שווקים מפותחים,"הקרן הינה קרן בלתי מוגבלת בני""ע חוץ,לפי מדיניות השקעותיה הקרן הינה קרן מחקה",אלמגור-בריטמן נאמנות,קסם,פטורה,0.700,0.0250,45.2,20.07.2026,131.33,131.33,1.95,"TipRanks US Momentum Analysts iNDEX,דולר ארה""ב",לא נגבית עמלת הפצה,0.000
bmeniv גמישה,5138912,קרן פתוחה,4,D,גמישות,,,"הקרן הינה קרן בלתי מוגבלת בני""ע חוץ",אלמגור-בריטמן נאמנות,סיגמא,פטורה,2.300,0.0400,27.2,20.07.2026,128.15,128.15,1.24,אחר,0.35%,0.000
אביב שגב נ.תיק השקע 20/80,5138920,קרן פתוחה,2,A,"אג""ח בארץ - כללי","אג""ח כללי בארץ - עד 20% מניות",,,יובנק נאמנות,איילון,פטורה,0.530,0.0400,9.4,21.07.2026,122.43,122.43,0.82,"All-Bond כללי,מניות כללי",0.35%,0.000
"FOREST תיק אג""ח ללא מניות",5138938,קרן פתוחה,0,B,"אג""ח בארץ - כללי","אג""ח כללי בארץ - ללא מניות","אג""ח כללי בארץ ללא מניות וללא סימן קריאה",,יובנק נאמנות,פורסט,פטורה,0.750,0.0400,132.0,21.07.2026,112.28,112.28,0.23,All-Bond כללי,0.35%,0.000
אש מחקה אינ בנק ל.מחמ עד3,5138946,קרן מחקה,0,0,"אג""ח בארץ - חברות והמרה","אג""ח חברות","אג""ח חברות שקלי וצמוד",לפי מדיניות השקעותיה הקרן הינה קרן מחקה,יובנק נאמנות,אלטשולר-שחם קרנות,פטורה,0.150,0.0300,6.1,21.07.2026,110.59,110.59,0.21,"אינדקס בנקים לפדיון - מח""מ עד 3 שנים",לא נגבית עמלת הפצה,0.000
אש מחקה אינדקס AAA צמוד,5138953,קרן מחקה,0,0,"אג""ח בארץ - חברות והמרה","אג""ח חברות צמודות מדד",בריבית קבועה,לפי מדיניות השקעותיה הקרן הינה קרן מחקה,יובנק נאמנות,אלטשולר-שחם קרנות,פטורה,0.150,0.0300,72.5,21.07.2026,111.42,111.42,0.32,אינדקס AAA צמוד,לא נגבית עמלת הפצה,0.000
י.ל. קונצרני צמוד A ומעלה,5138961,קרן פתוחה,0,A,"אג""ח בארץ - חברות והמרה",חברות והמרה ללא מניות,חברות והמרה ללא מניות וללא סימן קריאה,,יובנק נאמנות,ילין לפידות,פטורה,0.590,0.0400,491.8,21.07.2026,115.20,115.20,0.34,"אג""ח כללי - קונצרני",0.35%,0.000
קסם SPRFI08 KTF,5138979,קרן מחקה,4,D,"מניות בחו""ל","מניות גיאוגרפי - חשופת מט""ח",אמריקה- שווקים מפותחים,"הקרן הינה קרן בלתי מוגבלת בני""ע חוץ,לפי מדיניות השקעותיה הקרן הינה קרן מחקה,קרן להשקעות חוץ – מטבע עיקרי - דולר ארה""ב",הרמטיק נאמנות,קסם,פטורה,0.850,0.0300,1.6,20.07.2026,100.89,100.89,0.83,"Cboe S&P 500 15% Buffer AUG IC,דולר ארה""ב",לא נגבית עמלת הפצה,0.000
י.ל מחקה פדיון 2026 מאוזן,5138987,קרן מחקה,0,0,"אג""ח בארץ - חברות והמרה","אג""ח חברות","אג""ח חברות שקלי וצמוד",לפי מדיניות השקעותיה הקרן הינה קרן מחקה,יובנק נאמנות,ילין לפידות,פטורה,0.240,0.0200,4.8,21.07.2026,109.08,109.08,0.05,"quabify אג״ח לפדיון 2026 מאוזן ",לא נגבית עמלת הפצה,0.000
י.ל מחקה פדיון 2027 מאוזן,5138995,קרן מחקה,0,0,"אג""ח בארץ - חברות והמרה","אג""ח חברות","אג""ח חברות שקלי וצמוד",לפי מדיניות השקעותיה הקרן הינה קרן מחקה,יובנק נאמנות,ילין לפידות,פטורה,0.240,0.0200,7.3,21.07.2026,110.05,110.05,0.20,"quabify אג״ח לפדיון 2027 מאוזן ",לא נגבית עמלת הפצה,0.000
י.ל מחקה פדיון 2028 מאוזן,5139001,קרן מחקה,0,0,"אג""ח בארץ - חברות והמרה","אג""ח חברות","אג""ח חברות שקלי וצמוד",לפי מדיניות השקעותיה הקרן הינה קרן מחקה,יובנק נאמנות,ילין לפידות,פטורה,0.240,0.0200,35.9,21.07.2026,111.10,111.10,0.22,"quabify אג״ח לפדיון 2028 מאוזן ",לא נגבית עמלת הפצה,0.000
י.ל מחקה פדיון 2029 מאוזן,5139019,קרן מחקה,0,0,"אג""ח בארץ - חברות והמרה","אג""ח חברות","אג""ח חברות שקלי וצמוד",לפי מדיניות השקעותיה הקרן הינה קרן מחקה,יובנק נאמנות,ילין לפידות,פטורה,0.240,0.0200,25.1,21.07.2026,112.57,112.57,0.25,"quabify אג״ח לפדיון 2029 מאוזן ",לא נגבית עמלת הפצה,0.000
MTF מח אנ בנישרמנףפינמוך,5139027,קרן מחקה,4,A,מניות בארץ,מניות לפי ענפים,"נדל""ן ובנייה",לפי מדיניות השקעותיה הקרן הינה קרן מחקה,מזרחי טפחות נאמנות,מגדל,פטורה,0.000,0.0300,43.5,21.07.2026,150.83,150.83,5.09,אינדקס בנייה ישראל - פקטור מינוף פיננסי נמוך,לא נגבית עמלת הפצה,0.000
דיאמונד עוקב ת מנ חול ביל,5139035,קרן פתוחה,4,D,"מניות בחו""ל","מניות כללי בחו""ל","מניות כללי בחו""ל חשופת מט""ח","הקרן הינה קרן בלתי מוגבלת בני""ע חוץ,הקרן עוקבת תיק של - הבנק הבינלאומי הראשון לישראל,קרן להשק חוץ-פטור ממס לתושבי חוץ",יובנק נאמנות,איילון,פטורה,1.250,0.0400,4.3,20.07.2026,101.91,101.91,0.79,"S&P 500 - NTR,דולר ארה""ב",0.35%,0.000
קסם KTF אי Bul מי דו 2030,5139050,קרן מחקה,0,D,"אג""ח בחו""ל","ממשלתיות חשופת מט""ח - בינוני",,"הקרן הינה קרן בלתי מוגבלת בני""ע חוץ,לפי מדיניות השקעותיה הקרן הינה קרן מחקה,קרן להשקעות חוץ – מטבע עיקרי - דולר ארה""ב",אלמגור-בריטמן נאמנות,קסם,פטורה,0.250,0.0250,60.8,20.07.2026,91.11,91.11,0.92,"אינדקס Bullet מדינת ישראל דולר 2030,דולר ארה""ב",לא נגבית עמלת הפצה,0.000
MTF מח מש RU2000 SP500 ממ,5139068,קרן מחקה,4,A,"מניות בחו""ל","מניות בחו""ל קרן משולבת",,"הקרן הינה קרן בלתי מוגבלת בני""ע חוץ,לפי מדיניות השקעותיה הקרן הינה קרן מחקה",אלמגור-בריטמן נאמנות,מגדל,פטורה,0.000,0.0300,14.2,20.07.2026,131.18,131.18,0.97,"S&P 500 - NTR,RUSSELL 2000 - NTR",לא נגבית עמלת הפצה,0.000
איילון כספית דולרית נקוב$,5139076,קרן פתוחה,0,D,קרן כספית,"כספית מט""חית עם קונצרני","נקובת מט""ח","הקרן הינה קרן בלתי מוגבלת בני""ע חוץ,יחידות הקרן נקובות ב- $,קרן להשקעות חוץ – מטבע עיקרי - דולר ארה""ב",מזרחי טפחות נאמנות,איילון,פטורה,0.120,0.0050,559.0,20.07.2026,106.87,106.87,1.12,אחר,0.1%,0.000
תכלית TTF ביטחוניות Top30,5139084,קרן מחקה,4,D,"מניות בחו""ל","מניות לפי ענפים בחו""ל - חשופת מט""ח",Aerospace & Defense,"הקרן הינה קרן בלתי מוגבלת בני""ע חוץ,לפי מדיניות השקעותיה הקרן הינה קרן מחקה,קרן כשרה",אלמגור-בריטמן נאמנות,מיטב קרנות נאמנות,פטורה,0.450,0.0300,183.0,20.07.2026,144.66,144.62,2.52,אינדקס תעשיות ביטחוניות גלובלי Top30 EW,לא נגבית עמלת הפצה,0.000
תכלית TTF ‏‏‏EU STOXX50,5139092,קרן מחקה,4,D,"מניות בחו""ל","מניות גיאוגרפי - חשופת מט""ח",אירופה- כללי,"הקרן הינה קרן בלתי מוגבלת בני""ע חוץ,לפי מדיניות השקעותיה הקרן הינה קרן מחקה,קרן להשקעות חוץ – מטבע עיקרי - אירו",הרמטיק נאמנות,מיטב קרנות נאמנות,פטורה,0.250,0.0300,16.6,20.07.2026,110.57,110.51,1.16,"EURO STOXX 50 - NTR,אירו",לא נגבית עמלת הפצה,0.000
א.ש מחקה S&P 500,5139100,קרן מחקה,4,D,"מניות בחו""ל","מניות גיאוגרפי - חשופת מט""ח",אמריקה- שווקים מפותחים,"הקרן הינה קרן בלתי מוגבלת בני""ע חוץ,לפי מדיניות השקעותיה הקרן הינה קרן מחקה",יובנק נאמנות,אלטשולר-שחם קרנות,פטורה,0.000,0.0300,61.1,20.07.2026,110.90,110.90,0.99,"S&P 500 - NTR,דולר ארה""ב",לא נגבית עמלת הפצה,0.000
אש מחקה אינ שקל פיזור רחב,5139118,קרן מחקה,0,0,"אג""ח בארץ - חברות והמרה","אג""ח חברות שקלי",בריבית קבועה,לפי מדיניות השקעותיה הקרן הינה קרן מחקה,יובנק נאמנות,אלטשולר-שחם קרנות,פטורה,0.150,0.0300,5.4,21.07.2026,115.61,115.61,0.39,אינדקס שקלי A-AAA פיזור רחב,לא נגבית עמלת הפצה,0.000
אש מחקה! אנ אגח עדA פ.רחב,5139126,קרן מחקה,0,0,"אג""ח בארץ - חברות והמרה",חברות והמרה בסיכון גבוה,,לפי מדיניות השקעותיה הקרן הינה קרן מחקה,יובנק נאמנות,אלטשולר-שחם קרנות,פטורה,0.150,0.0300,10.5,21.07.2026,113.22,113.22,0.38,"אינדקס אג""ח עד A פיזור רחב",לא נגבית עמלת הפצה,0.000
אש מחקה אדק צמודA-AAA פ.ר,5139134,קרן מחקה,0,0,"אג""ח בארץ - חברות והמרה","אג""ח חברות צמודות מדד",בריבית קבועה,לפי מדיניות השקעותיה הקרן הינה קרן מחקה,יובנק נאמנות,אלטשולר-שחם קרנות,פטורה,0.150,0.0300,20.7,21.07.2026,112.84,112.84,0.36,אינדקס צמוד A-AAA פיזור רחב,לא נגבית עמלת הפצה,0.000
איביאי מחקה מ ישראל ד 1-5,5139142,קרן מחקה,0,D,"אג""ח בחו""ל","ממשלתיות חשופת מט""ח - בינוני",,"הקרן הינה קרן בלתי מוגבלת בני""ע חוץ,לפי מדיניות השקעותיה הקרן הינה קרן מחקה",יובנק נאמנות,"איביאי קרנות נאמנות ",פטורה,0.250,0.0200,65.5,20.07.2026,90.25,90.25,1.05,"אינדקס מדינת ישראל דולר 1-5,דולר ארה""ב",לא נגבית עמלת הפצה,0.000
איביאי מחקה מ ישראל ד5-10,5139159,קרן מחקה,0,D,"אג""ח בחו""ל","ממשלתיות חשופת מט""ח - ארוך",,"הקרן הינה קרן בלתי מוגבלת בני""ע חוץ,לפי מדיניות השקעותיה הקרן הינה קרן מחקה",יובנק נאמנות,"איביאי קרנות נאמנות ",פטורה,0.250,0.0200,74.8,20.07.2026,91.69,91.69,0.99,"אינדקס מדינת ישראל דולר 5-10,דולר ארה""ב",לא נגבית עמלת הפצה,0.000
MTF מח תלבונד שקלי A,5139167,קרן מחקה,0,0,"אג""ח בארץ - חברות והמרה","אג""ח חברות שקלי",בריבית קבועה,לפי מדיניות השקעותיה הקרן הינה קרן מחקה,יובנק נאמנות,מגדל,פטורה,0.000,0.0100,48.1,21.07.2026,106.42,106.42,0.39,תל בונד-שקלי A,לא נגבית עמלת הפצה,0.000
ATF מח אינדקס בנקים ישראל,5139175,קרן מחקה,4,A,מניות בארץ,מניות לפי ענפים,בנקאות ואשראי חוץ בנקאי,לפי מדיניות השקעותיה הקרן הינה קרן מחקה,מזרחי טפחות נאמנות,אנליסט,פטורה,0.450,0.0200,241.3,21.07.2026,194.81,194.81,3.83,אינדקס בנקים ישראל,לא נגבית עמלת הפצה,0.000
מגדל מניות בנקים,5139183,קרן פתוחה,4,A,מניות בארץ,מניות לפי ענפים,,,מזרחי טפחות נאמנות,מגדל,פטורה,0.490,0.0400,99.1,21.07.2026,191.43,191.43,3.92,"ת""א בנקים-5",0.35%,0.000
תכלית TTF מש מניות ישראל,5139191,קרן מחקה,4,0,מניות בארץ,מניות בארץ קרן משולבת,,לפי מדיניות השקעותיה הקרן הינה קרן מחקה,הרמטיק נאמנות,מיטב קרנות נאמנות,פטורה,0.000,0.0200,72.4,21.07.2026,44566.52,44566.52,3.63,"ת""א 125,ת""א נדל""ן,תל דיב,ת""א פיננסים,ת""א-צמיחה",לא נגבית עמלת הפצה,0.000
ברק (4B) מניות ישראל,5139209,קרן פתוחה,4,B,מניות בארץ,מניות לפי שווי שוק,מניות All Cap,,יובנק נאמנות,ברק,פטורה,1.800,0.1000,4.0,21.07.2026,208.91,208.91,4.42,מניות כללי,0.35%,0.000
"ברק (4D) מניות חו""ל",5139217,קרן פתוחה,4,D,"מניות בחו""ל","מניות כללי בחו""ל","מניות כללי בחו""ל חשופת מט""ח","הקרן הינה קרן בלתי מוגבלת בני""ע חוץ",יובנק נאמנות,ברק,פטורה,1.800,0.1000,1.3,20.07.2026,108.11,108.11,1.50,"S&P 500 - NTR,דולר ארה""ב",0.35%,0.000
"קסם KTF ת""א-125 ערך",5139233,קרן מחקה,4,A,מניות בארץ,מניות לפי שווי שוק,Mid Cap & Large,לפי מדיניות השקעותיה הקרן הינה קרן מחקה,מזרחי טפחות נאמנות,קסם,פטורה,0.400,0.0200,116.3,21.07.2026,200.86,200.86,3.91,"ת""א-125 ערך",לא נגבית עמלת הפצה,0.000
קסם Bul KTF יש AA ומע 28,5139241,קרן מחקה,0,0,"אג""ח בארץ - חברות והמרה","אג""ח חברות","אג""ח חברות שקלי וצמוד",לפי מדיניות השקעותיה הקרן הינה קרן מחקה,אלמגור-בריטמן נאמנות,קסם,פטורה,0.250,0.0250,31.7,21.07.2026,109.56,109.56,0.18,אינדקס Bullet ישראל AA ומעלה 2028,לא נגבית עמלת הפצה,0.000
י.ל.כספית ניהול נזילות,5139258,קרן פתוחה,0,0,קרן כספית,כספית שקלית,כספית שקלית עם קונצרני,,יובנק נאמנות,ילין לפידות,פטורה,0.190,0.0050,9703.0,21.07.2026,107.25,107.25,0.00,"תל גוב-מק""מ",0.1%,0.000
MTF מח EurTop20iNDEX מא,5139274,קרן מחקה,4,D,"מניות בחו""ל","מניות גיאוגרפי - מנוטרלת מט""ח",אירופה- שווקים מפותחים,"הקרן הינה קרן בלתי מוגבלת בני""ע חוץ,לפי מדיניות השקעותיה הקרן הינה קרן מחקה",מזרחי טפחות נאמנות,מגדל,פטורה,0.500,0.0300,24.7,20.07.2026,112.64,112.64,1.39,Europe Top20 iNDEX,לא נגבית עמלת הפצה,0.000
י.ל מחקה S&P 500,5139282,קרן מחקה,4,D,"מניות בחו""ל","מניות גיאוגרפי - חשופת מט""ח",אמריקה- שווקים מפותחים,"הקרן הינה קרן בלתי מוגבלת בני""ע חוץ,לפי מדיניות השקעותיה הקרן הינה קרן מחקה",יובנק נאמנות,ילין לפידות,פטורה,0.000,0.0200,175.8,20.07.2026,103.33,103.33,0.98,"S&P 500 - NTR,דולר ארה""ב",לא נגבית עמלת הפצה,0.000
י.ל מחקה S&P500 ממ,5139290,קרן מחקה,4,A,"מניות בחו""ל","מניות גיאוגרפי - מנוטרלת מט""ח",אמריקה- שווקים מפותחים,"הקרן הינה קרן בלתי מוגבלת בני""ע חוץ,לפי מדיניות השקעותיה הקרן הינה קרן מחקה",יובנק נאמנות,ילין לפידות,פטורה,0.000,0.0200,290.2,20.07.2026,123.12,123.12,1.23,S&P 500 - NTR,לא נגבית עמלת הפצה,0.000
י.ל מחקה S&P World,5139308,קרן מחקה,4,D,"מניות בחו""ל","מניות גיאוגרפי - חשופת מט""ח",גלובלי- שווקים מפותחים,"הקרן הינה קרן בלתי מוגבלת בני""ע חוץ,לפי מדיניות השקעותיה הקרן הינה קרן מחקה",יובנק נאמנות,ילין לפידות,פטורה,0.000,0.0200,10.4,16.07.2026,106.86,106.86,0.74,"S&P World,דולר ארה""ב",לא נגבית עמלת הפצה,0.000
י.ל מחקה S&P World מד,5139316,קרן מחקה,4,A,"מניות בחו""ל","מניות גיאוגרפי - מנוטרלת מט""ח",גלובלי- שווקים מפותחים,"הקרן הינה קרן בלתי מוגבלת בני""ע חוץ,לפי מדיניות השקעותיה הקרן הינה קרן מחקה",יובנק נאמנות,ילין לפידות,פטורה,0.000,0.0200,14.2,16.07.2026,124.94,124.94,1.15,S&P World,לא נגבית עמלת הפצה,0.000
מור כספית ניהול נזילות,5139324,קרן פתוחה,0,0,קרן כספית,כספית שקלית,כספית שקלית עם קונצרני,,יובנק נאמנות,מור קרנות,פטורה,0.150,0.0050,2605.1,21.07.2026,107.94,107.94,0.00,"תל גוב-מק""מ",0.1%,0.000
מיטב מניות מומנטום,5139332,קרן פתוחה,4,B,מניות בארץ,מניות לפי שווי שוק,מניות All Cap,,מזרחי טפחות נאמנות,מיטב קרנות נאמנות,פטורה,1.050,0.0400,165.3,21.07.2026,221.15,221.15,3.47,"ת""א 125,ת""א-SME60",0.35%,0.000
איילון אקסטרים בנקים פי 3,5139340,קרן פתוחה,6,A,ממונפות ואסטרטגיות,ממונפות בסיכון גבוה,,הקרן הינה קרן ממונפת,מזרחי טפחות נאמנות,איילון,פטורה,1.850,0.0400,41.3,21.07.2026,266.12,265.06,11.77,"ת""א בנקים-5",0.35%,0.400
איילון אקסטרים תא 90 פי 3,5139357,קרן פתוחה,6,A,ממונפות ואסטרטגיות,ממונפות בסיכון גבוה,,הקרן הינה קרן ממונפת,מזרחי טפחות נאמנות,איילון,פטורה,1.850,0.0400,11.5,21.07.2026,221.80,220.92,12.34,"ת""א 90",0.35%,0.400
MTF מח S&PIsrael100ILS,5139365,קרן מחקה,4,A,מניות בארץ,מניות לפי שווי שוק,Mid Cap & Large,לפי מדיניות השקעותיה הקרן הינה קרן מחקה,מזרחי טפחות נאמנות,מגדל,פטורה,0.000,0.0300,324.2,21.07.2026,172.24,172.24,3.21,S&P Israel 100 Index - ILS,לא נגבית עמלת הפצה,0.000
"מור אג""ח מדורג ללא מניות",5139399,קרן פתוחה,0,A,"אג""ח בארץ - חברות והמרה",חברות והמרה ללא מניות,חברות והמרה ללא מניות וללא סימן קריאה,,יובנק נאמנות,מור קרנות,פטורה,0.650,0.0250,87.0,21.07.2026,109.87,109.87,0.27,תל בונד מאגר,0.35%,0.000
פינסה 30/70,5139423,קרן פתוחה,2,C,"אג""ח בארץ - כללי","אג""ח כללי בארץ - עד 30% מניות",,"הקרן הינה קרן בלתי מוגבלת בני""ע חוץ",יובנק נאמנות,סיגמא,פטורה,0.790,0.0400,8.6,20.07.2026,110.14,110.14,0.67,"All-Bond כללי,מניות כללי",0.35%,0.000
איביאי מחקה תלב-צמודותA,5139431,קרן מחקה,0,0,"אג""ח בארץ - חברות והמרה","אג""ח חברות צמודות מדד",בריבית קבועה,לפי מדיניות השקעותיה הקרן הינה קרן מחקה,יובנק נאמנות,"איביאי קרנות נאמנות ",פטורה,0.000,0.0200,46.9,21.07.2026,112.32,112.32,0.44,תל בונד-צמודות A,לא נגבית עמלת הפצה,0.000
אנליסט תיק קונצרני,5139449,קרן פתוחה,0,B,"אג""ח בארץ - חברות והמרה",חברות והמרה ללא מניות,חברות והמרה ללא מניות עם סימן קריאה,,מזרחי טפחות נאמנות,אנליסט,פטורה,0.540,0.0300,76.2,21.07.2026,113.04,113.04,0.37,"אג""ח כללי - קונצרני",0.35%,0.000
"דולפין (!) אג""ח חברות",5139456,קרן פתוחה,0,B,"אג""ח בארץ - חברות והמרה",חברות והמרה ללא מניות,חברות והמרה ללא מניות עם סימן קריאה,,יובנק נאמנות,איילון,פטורה,0.790,0.0400,14.5,21.07.2026,100.03,100.03,0.77,"אג""ח כללי - קונצרני",0.35%,0.000
"הורייזן אג""ח ללא מניות",5139464,קרן פתוחה,0,B,"אג""ח בארץ - כללי","אג""ח כללי בארץ - ללא מניות","אג""ח כללי בארץ ללא מניות וללא סימן קריאה",,יובנק נאמנות,איילון,פטורה,0.900,0.0400,18.2,21.07.2026,103.39,103.39,0.70,All-Bond כללי,0.35%,0.000
דולפין (2B)י 30/70,5139472,קרן פתוחה,2,B,"אג""ח בארץ - כללי","אג""ח כללי בארץ - עד 30% מניות",,,יובנק נאמנות,איילון,פטורה,0.790,0.0400,15.0,21.07.2026,117.84,117.84,0.92,"All-Bond כללי,מניות כללי",0.35%,0.000
הורייזן (1B)י 10/90,5139480,קרן פתוחה,1,B,"אג""ח בארץ - כללי","אג""ח כללי בארץ - עד 10% מניות","אג""ח כללי בארץ- עד 10% מניות ללא סימן קריאה",,יובנק נאמנות,איילון,פטורה,0.900,0.0400,6.4,21.07.2026,103.12,103.12,0.78,"All-Bond כללי,ת""א 125",0.35%,0.000
הורייזן אגח חבר ללא מניות,5139498,קרן פתוחה,0,B,"אג""ח בארץ - חברות והמרה",חברות והמרה ללא מניות,חברות והמרה ללא מניות עם סימן קריאה,,יובנק נאמנות,איילון,פטורה,0.900,0.0400,16.4,21.07.2026,100.50,100.50,0.61,"אג""ח כללי - קונצרני",0.35%,0.000
קסם SPRFI11 KTF,5139506,קרן מחקה,4,D,"מניות בחו""ל","מניות גיאוגרפי - חשופת מט""ח",אמריקה- שווקים מפותחים,"הקרן הינה קרן בלתי מוגבלת בני""ע חוץ,לפי מדיניות השקעותיה הקרן הינה קרן מחקה,קרן להשקעות חוץ – מטבע עיקרי - דולר ארה""ב",הרמטיק נאמנות,קסם,פטורה,0.750,0.0300,2.3,20.07.2026,97.68,97.63,0.80,"Cboe S&P 500 15% Buffer NOV IC,דולר ארה""ב",לא נגבית עמלת הפצה,0.000
MTF מח אנ ישראל2030 6ש$,5139514,קרן מחקה,0,D,"אג""ח בחו""ל","ממשלתיות חשופת מט""ח - בינוני",,"הקרן הינה קרן בלתי מוגבלת בני""ע חוץ,לפי מדיניות השקעותיה הקרן הינה קרן מחקה,יחידות הקרן נקובות ב- $,קרן להשקעות חוץ – מטבע עיקרי - דולר ארה""ב,קרן כשרה",מזרחי טפחות נאמנות,מגדל,פטורה,0.200,0.0200,237.9,20.07.2026,110.19,110.19,1.12,"אינדקס מדינת ישראל דולר לפדיון 2030 (מתגלגל כל 6 שנים) ",לא נגבית עמלת הפצה,0.000
איביאי כספית שקלית כשרה,5139522,קרן פתוחה,0,0,קרן כספית,כספית שקלית,כספית שקלית עם קונצרני,קרן כשרה,יובנק נאמנות,"איביאי קרנות נאמנות ",פטורה,0.149,0.0050,4409.2,21.07.2026,107.48,107.48,0.00,"תל גוב-מק""מ",0.1%,0.000
י.ל מחקה פדיון 2030 מאוזן,5139530,קרן מחקה,0,0,"אג""ח בארץ - חברות והמרה","אג""ח חברות","אג""ח חברות שקלי וצמוד",לפי מדיניות השקעותיה הקרן הינה קרן מחקה,יובנק נאמנות,ילין לפידות,פטורה,0.240,0.0200,45.7,21.07.2026,109.86,109.86,0.27,quabify אג״ח לפדיון 2030 מאוזן,לא נגבית עמלת הפצה,0.000
י.ל מחקה לפדיון 2030 שקלי,5139548,קרן מחקה,0,0,"אג""ח בארץ - חברות והמרה","אג""ח חברות שקלי",בריבית קבועה,לפי מדיניות השקעותיה הקרן הינה קרן מחקה,יובנק נאמנות,ילין לפידות,פטורה,0.240,0.0200,100.6,21.07.2026,110.05,110.05,0.33,quabify אג״ח לפדיון 2030 שקלי,לא נגבית עמלת הפצה,0.000
י.ל מחקה לפדיון 2030 צמוד,5139555,קרן מחקה,0,0,"אג""ח בארץ - חברות והמרה","אג""ח חברות צמודות מדד",בריבית קבועה,לפי מדיניות השקעותיה הקרן הינה קרן מחקה,יובנק נאמנות,ילין לפידות,פטורה,0.240,0.0200,44.7,21.07.2026,109.52,109.52,0.28,quabify אג״ח לפדיון 2030 צמוד,לא נגבית עמלת הפצה,0.000
איביאי מחקה מ ישראל 1-5נ$,5139563,קרן מחקה,0,D,"אג""ח בחו""ל","ממשלתיות חשופת מט""ח - בינוני",,"הקרן הינה קרן בלתי מוגבלת בני""ע חוץ,לפי מדיניות השקעותיה הקרן הינה קרן מחקה,יחידות הקרן נקובות ב- $,קרן להשקעות חוץ – מטבע עיקרי - דולר ארה""ב,קרן להשק חוץ-פטור ממס לתושבי חוץ",יובנק נאמנות,"איביאי קרנות נאמנות ",פטורה,0.250,0.0200,206.8,20.07.2026,108.50,108.50,1.11,אינדקס מדינת ישראל דולר 1-5,לא נגבית עמלת הפצה,0.000
הראל מחקה SP500 Momentum,5139571,קרן מחקה,4,D,"מניות בחו""ל","מניות גיאוגרפי - חשופת מט""ח",אמריקה- שווקים מפותחים,"הקרן הינה קרן בלתי מוגבלת בני""ע חוץ,לפי מדיניות השקעותיה הקרן הינה קרן מחקה,קרן להשקעות חוץ – מטבע עיקרי - דולר ארה""ב,קרן כשרה",מזרחי טפחות נאמנות,הראל,פטורה,0.500,0.0250,159.1,20.07.2026,124.69,124.69,2.14,"S&P 500 Momentum,דולר ארה""ב",לא נגבית עמלת הפצה,0.000
"איביאי הזדמנ אג""ח תשואה ג",5139597,קרן פתוחה,1,B,"אג""ח בארץ - חברות והמרה",חברות והמרה בסיכון גבוה,,,יובנק נאמנות,"איביאי קרנות נאמנות ",פטורה,0.950,0.0500,33.9,21.07.2026,110.00,110.00,0.45,"אג""ח כללי - קונצרני",0.35%,0.000
איביאי מחקה MSCI ACWorld,5139605,קרן מחקה,4,D,"מניות בחו""ל","מניות גלובליות - חשופת מט""ח",,"הקרן הינה קרן בלתי מוגבלת בני""ע חוץ,לפי מדיניות השקעותיה הקרן הינה קרן מחקה",יובנק נאמנות,"איביאי קרנות נאמנות ",פטורה,0.150,0.0230,70.8,16.07.2026,108.12,108.12,0.88,"MSCI AC WORLD INDEX - NTR,דולר ארה""ב",לא נגבית עמלת הפצה,0.000
קסם SPRFI12 KTF,5139613,קרן מחקה,4,D,"מניות בחו""ל","מניות גיאוגרפי - חשופת מט""ח",אמריקה- שווקים מפותחים,"הקרן הינה קרן בלתי מוגבלת בני""ע חוץ,לפי מדיניות השקעותיה הקרן הינה קרן מחקה,קרן להשקעות חוץ – מטבע עיקרי - דולר ארה""ב",הרמטיק נאמנות,קסם,פטורה,0.750,0.0300,3.6,20.07.2026,99.70,99.70,0.81,"Cboe S&P 500 15% Buffer DEC IC,דולר ארה""ב",לא נגבית עמלת הפצה,0.000
איביאי תיק השקעות,5139621,קרן פתוחה,3,C,"אג""ח בארץ - כללי","אג""ח כללי בארץ - חשיפה מרבית מעל 30% מניות",,"הקרן הינה קרן בלתי מוגבלת בני""ע חוץ",יובנק נאמנות,"איביאי קרנות נאמנות ",פטורה,0.890,0.0500,191.4,20.07.2026,122.99,122.99,0.64,All-Bond כללי,0.35%,0.000
הראל מחקה תא 90 ובנקים,5139639,קרן מחקה,4,A,מניות בארץ,מניות לפי שווי שוק,Mid Cap & Large,לפי מדיניות השקעותיה הקרן הינה קרן מחקה,מזרחי טפחות נאמנות,הראל,פטורה,0.000,0.0200,329.5,21.07.2026,157.12,157.12,3.69,"ת""א 90 ובנקים",לא נגבית עמלת הפצה,0.000
א.ש (4D)י Electrification,5139662,קרן פתוחה,4,D,"מניות בחו""ל","מניות לפי ענפים בחו""ל",,"הקרן הינה קרן בלתי מוגבלת בני""ע חוץ",יובנק נאמנות,אלטשולר-שחם קרנות,פטורה,1.500,0.0400,411.2,20.07.2026,135.07,135.07,2.23,NASDAQ OMX Clean Edge Smart Grid Infrastructure Net Total Return Index,0.35%,0.000
אנליסט מניות ערך,5139670,קרן פתוחה,4,B,מניות בארץ,מניות לפי שווי שוק,מניות All Cap,,מזרחי טפחות נאמנות,אנליסט,פטורה,1.290,0.0300,39.3,21.07.2026,151.41,151.41,2.99,מניות כללי,0.35%,0.000
אנליסט אגח ללא מניות,5139688,קרן פתוחה,0,B,"אג""ח בארץ - כללי","אג""ח כללי בארץ - ללא מניות","אג""ח כללי בארץ ללא מניות וללא סימן קריאה",,מזרחי טפחות נאמנות,אנליסט,פטורה,0.480,0.0250,31.9,21.07.2026,109.30,109.30,0.40,All-Bond כללי,0.35%,0.000
קסם M1WO KTF מד,5139696,קרן מחקה,4,D,"מניות בחו""ל","מניות גיאוגרפי - מנוטרלת מט""ח",גלובלי- שווקים מפותחים,"הקרן הינה קרן בלתי מוגבלת בני""ע חוץ,לפי מדיניות השקעותיה הקרן הינה קרן מחקה",הרמטיק נאמנות,קסם,פטורה,0.000,0.0300,177.2,16.07.2026,123.85,123.85,1.03,MSCI WORLD INDEX - NTR,לא נגבית עמלת הפצה,0.000
אנליסט 30/70,5139712,קרן פתוחה,2,B,"אג""ח בארץ - כללי","אג""ח כללי בארץ - עד 30% מניות",,,מזרחי טפחות נאמנות,אנליסט,פטורה,0.580,0.0200,389.5,21.07.2026,126.06,126.06,0.84,"All-Bond כללי,מניות כללי",0.35%,0.000
תכלית TTF ‏‏‏Russel2000ממ,5139720,קרן מחקה,4,A,"מניות בחו""ל","מניות גיאוגרפי - מנוטרלת מט""ח",אמריקה- שווקים מפותחים,"הקרן הינה קרן בלתי מוגבלת בני""ע חוץ,לפי מדיניות השקעותיה הקרן הינה קרן מחקה",אלמגור-בריטמן נאמנות,מיטב קרנות נאמנות,פטורה,0.000,0.0300,66.0,20.07.2026,130.72,130.72,1.74,RUSSELL 2000 - NTR,לא נגבית עמלת הפצה,0.000
"קסם KTF ת""א 90 ובנקים",5139738,קרן מחקה,4,A,מניות בארץ,מניות לפי שווי שוק,Mid Cap & Large,לפי מדיניות השקעותיה הקרן הינה קרן מחקה,מזרחי טפחות נאמנות,קסם,פטורה,0.000,0.0200,87.7,21.07.2026,155.59,155.59,3.69,"ת""א 90 ובנקים",לא נגבית עמלת הפצה,0.000
פורצ'ן אגח בינל עד 20 מטח,5139753,קרן פתוחה,1,B,"אג""ח בחו""ל","אג""ח מוגנת מט""ח",,"הקרן הינה קרן בלתי מוגבלת בני""ע חוץ",מזרחי טפחות נאמנות,איילון,פטורה,0.900,0.0400,377.2,20.07.2026,109.25,109.25,0.31,"IBOXX USD LIQUID INVESTMENT GRADE - GTR,S&P 500 - NTR",0.35%,0.000
תכלית US REITs TTFממ,5139761,קרן מחקה,4,A,"מניות בחו""ל","מניות לפי ענפים בחו""ל - מנוטרלת מט""ח",REIT &  Real Estate,"הקרן הינה קרן בלתי מוגבלת בני""ע חוץ,לפי מדיניות השקעותיה הקרן הינה קרן מחקה",אלמגור-בריטמן נאמנות,מיטב קרנות נאמנות,פטורה,0.350,0.0200,9.6,20.07.2026,111.35,111.35,1.40,US REITs iNDEX,לא נגבית עמלת הפצה,0.000
תכלית TTF צמוד 1-3 פקטור,5139779,קרן מחקה,0,0,"אג""ח בארץ - חברות והמרה","אג""ח חברות צמודות מדד",בריבית קבועה - קצר,לפי מדיניות השקעותיה הקרן הינה קרן מחקה,הרמטיק נאמנות,מיטב קרנות נאמנות,פטורה,0.150,0.0250,7.5,21.07.2026,108.60,108.60,0.25,אינדקס צמוד 1-3 פקטור מרווח,לא נגבית עמלת הפצה,0.000
תכלית Bitcoin BRRNY TTF,5139787,קרן מחקה,4,D,נכסים דיגיטליים,Bitcoin,,"הקרן הינה קרן בלתי מוגבלת בני""ע חוץ,לפי מדיניות השקעותיה הקרן הינה קרן מחקה,קרן להשקעות חוץ – מטבע עיקרי - דולר ארה""ב,קרן כשרה",הרמטיק נאמנות,מיטב קרנות נאמנות,פטורה,0.200,0.0300,57.6,20.07.2026,57.89,57.89,3.18,"CME CF Bitcoin Reference Rate - New York Variant,דולר ארה""ב",לא נגבית עמלת הפצה,0.000
אש מחקה Nasdaq 100,5139811,קרן מחקה,4,D,"מניות בחו""ל","מניות גיאוגרפי - חשופת מט""ח",אמריקה- שווקים מפותחים,"הקרן הינה קרן בלתי מוגבלת בני""ע חוץ,לפי מדיניות השקעותיה הקרן הינה קרן מחקה",יובנק נאמנות,אלטשולר-שחם קרנות,פטורה,0.000,0.0300,60.7,20.07.2026,111.92,111.92,1.47,"NASDAQ 100 - NTR,דולר ארה""ב",לא נגבית עמלת הפצה,0.000
"ברק אולטרה ת""א 90 פי 3",5139829,קרן פתוחה,6,A,ממונפות ואסטרטגיות,ממונפות בסיכון גבוה,,הקרן הינה קרן ממונפת,יובנק נאמנות,ברק,פטורה,1.800,0.1000,27.9,21.07.2026,221.42,220.76,12.34,"ת""א 90",0.35%,0.300
הראל מחקה Russell 2000,5139837,קרן מחקה,4,D,"מניות בחו""ל","מניות גיאוגרפי - חשופת מט""ח",אמריקה- שווקים מפותחים,"הקרן הינה קרן בלתי מוגבלת בני""ע חוץ,לפי מדיניות השקעותיה הקרן הינה קרן מחקה,קרן להשקעות חוץ – מטבע עיקרי - דולר ארה""ב",מזרחי טפחות נאמנות,הראל,פטורה,0.000,0.0100,14.8,20.07.2026,108.16,108.16,1.62,"RUSSELL 2000 - NTR,דולר ארה""ב",לא נגבית עמלת הפצה,0.000
איילון חשיפה לביטקוין,5139845,קרן פתוחה,4,D,נכסים דיגיטליים,Bitcoin,,"הקרן הינה קרן בלתי מוגבלת בני""ע חוץ",יובנק נאמנות,איילון,פטורה,0.650,0.0300,14.5,20.07.2026,57.29,57.29,3.18,"CME CF Bitcoin Reference Rate - New York Variant,דולר ארה""ב",0.35%,0.000
תכלית TTF תא 90 ובנקים,5139852,קרן מחקה,4,0,מניות בארץ,מניות לפי שווי שוק,Mid Cap & Large,לפי מדיניות השקעותיה הקרן הינה קרן מחקה,הרמטיק נאמנות,מיטב קרנות נאמנות,פטורה,0.000,0.0250,56.6,21.07.2026,149.43,149.43,3.69,"ת""א 90 ובנקים",לא נגבית עמלת הפצה,0.000
מיטב בנקים פי 3,5139860,קרן פתוחה,6,A,ממונפות ואסטרטגיות,ממונפות בסיכון גבוה,,הקרן הינה קרן ממונפת,יובנק נאמנות,מיטב קרנות נאמנות,פטורה,1.500,0.0500,76.4,21.07.2026,210.28,209.97,11.77,"ת""א בנקים-5",0.35%,0.150
קסם BRRNY KTF,5139878,קרן מחקה,4,D,נכסים דיגיטליים,Bitcoin,,"הקרן הינה קרן בלתי מוגבלת בני""ע חוץ,לפי מדיניות השקעותיה הקרן הינה קרן מחקה,קרן להשקעות חוץ – מטבע עיקרי - דולר ארה""ב,קרן כשרה",הרמטיק נאמנות,קסם,פטורה,0.200,0.0300,21.8,20.07.2026,57.58,57.58,3.15,"CME CF Bitcoin Reference Rate - New York Variant,דולר ארה""ב",לא נגבית עמלת הפצה,0.000
MTF מח Indxx Bitcoin Rfr,5139886,קרן מחקה,4,D,נכסים דיגיטליים,Bitcoin,,"הקרן הינה קרן בלתי מוגבלת בני""ע חוץ,לפי מדיניות השקעותיה הקרן הינה קרן מחקה,קרן כשרה",מזרחי טפחות נאמנות,מגדל,פטורה,0.000,0.0300,20.8,20.07.2026,57.84,57.84,3.17,"Indxx Bitcoin Reference Index,דולר ארה""ב",לא נגבית עמלת הפצה,0.000
קסם SP/TSX 60 KTF,5139902,קרן מחקה,4,D,"מניות בחו""ל","מניות גיאוגרפי - חשופת מט""ח",אמריקה- שווקים מפותחים,"הקרן הינה קרן בלתי מוגבלת בני""ע חוץ,לפי מדיניות השקעותיה הקרן הינה קרן מחקה,קרן להשקעות חוץ – מטבע עיקרי - דולר קנדי",מזרחי טפחות נאמנות,קסם,פטורה,0.600,0.0300,12.3,20.07.2026,5071.69,5071.69,1.24,"S&P/TSX60 - NTR,דולר קנדי",לא נגבית עמלת הפצה,0.000
איביאי מחקה S&P Bitcoin,5139910,קרן מחקה,4,D,נכסים דיגיטליים,Bitcoin,,"הקרן הינה קרן בלתי מוגבלת בני""ע חוץ,לפי מדיניות השקעותיה הקרן הינה קרן מחקה",יובנק נאמנות,"איביאי קרנות נאמנות ",פטורה,0.200,0.0230,34.6,20.07.2026,57.49,57.49,3.17,"S&P Bitcoin Index,דולר ארה""ב",לא נגבית עמלת הפצה,0.000
מור מחקה S&P Bitcoin,5139928,קרן מחקה,4,D,נכסים דיגיטליים,Bitcoin,,"הקרן הינה קרן בלתי מוגבלת בני""ע חוץ,לפי מדיניות השקעותיה הקרן הינה קרן מחקה",יובנק נאמנות,מור קרנות,פטורה,0.200,0.0200,6.9,20.07.2026,55.91,55.91,3.18,"S&P Bitcoim Futures Daily Roll Index,דולר ארה""ב",לא נגבית עמלת הפצה,0.000
"ATF מחקה ת""א-20",5139936,קרן מחקה,4,A,מניות בארץ,מניות לפי שווי שוק,Large Cap,לפי מדיניות השקעותיה הקרן הינה קרן מחקה,מזרחי טפחות נאמנות,אנליסט,פטורה,0.200,0.0150,7.8,21.07.2026,158.15,158.15,3.05,"ת""א-20",לא נגבית עמלת הפצה,0.000
"ATF מחקה ת""א-50 ריאלי",5139944,קרן מחקה,4,A,מניות בארץ,מניות לפי שווי שוק,Mid Cap & Large,לפי מדיניות השקעותיה הקרן הינה קרן מחקה,מזרחי טפחות נאמנות,אנליסט,פטורה,0.200,0.0150,7.5,21.07.2026,152.14,152.14,3.46,"ת""א-50 ריאלי",לא נגבית עמלת הפצה,0.000
"ATF מחקה ת""א-200",5139951,קרן מחקה,4,A,מניות בארץ,מניות לפי שווי שוק,All Cap,לפי מדיניות השקעותיה הקרן הינה קרן מחקה,מזרחי טפחות נאמנות,אנליסט,פטורה,0.200,0.0150,57.4,21.07.2026,154.18,154.18,3.78,"ת""א-200",לא נגבית עמלת הפצה,0.000
DCMSי תיק השק גלב עד30%מנ,5139969,קרן פתוחה,2,D,"אג""ח בחו""ל","אג""ח חשופת מט""ח",,"הקרן הינה קרן בלתי מוגבלת בני""ע חוץ",מזרחי טפחות נאמנות,איילון,פטורה,0.900,0.0400,16.0,20.07.2026,94.74,94.74,0.77,"Markit iBoxx USD Liquid Investment Grade 0-5 - GTR ,S&P 500 - NTR,דולר ארה""ב",0.35%,0.000
קסם SPRFI02 KTF,5139977,קרן מחקה,4,D,"מניות בחו""ל","מניות גיאוגרפי - חשופת מט""ח",אמריקה- שווקים מפותחים,"הקרן הינה קרן בלתי מוגבלת בני""ע חוץ,לפי מדיניות השקעותיה הקרן הינה קרן מחקה,קרן להשקעות חוץ – מטבע עיקרי - דולר ארה""ב",הרמטיק נאמנות,קסם,פטורה,0.750,0.0300,5.3,20.07.2026,98.79,98.74,0.81,"Cboe S&P 500 15% Buffer FEB IC,דולר ארה""ב",לא נגבית עמלת הפצה,0.000
הראל מחקה תלבונד תשוא צמו,5139985,קרן מחקה,0,0,"אג""ח בארץ - חברות והמרה","אג""ח חברות צמודות מדד",בריבית קבועה,לפי מדיניות השקעותיה הקרן הינה קרן מחקה,מזרחי טפחות נאמנות,הראל,פטורה,0.000,0.0200,25.9,21.07.2026,110.49,110.49,0.46,תל בונד תשואות צמודות,לא נגבית עמלת הפצה,0.000
"הראל מחקה ת""א- ביטוח",5140009,קרן מחקה,4,A,מניות בארץ,מניות לפי ענפים,ביטוח,לפי מדיניות השקעותיה הקרן הינה קרן מחקה,מזרחי טפחות נאמנות,הראל,פטורה,0.000,0.0200,172.4,21.07.2026,267.33,267.33,5.94,"ת""א-ביטוח",לא נגבית עמלת הפצה,0.000
תכלית TTF מש מניות מקומיו,5140025,קרן מחקה,4,0,מניות בארץ,מניות בארץ קרן משולבת,,לפי מדיניות השקעותיה הקרן הינה קרן מחקה,אלמגור-בריטמן נאמנות,מיטב קרנות נאמנות,פטורה,0.000,0.0200,24.9,21.07.2026,53454.42,53454.42,3.35,"ת""א 125,אינדקס בנקים ישראל,תל דיב,ת""א נדל""ן,ת""א-SME60",לא נגבית עמלת הפצה,0.000
אקורד (4B) מניות,5140033,קרן פתוחה,4,B,מניות בארץ,מניות לפי שווי שוק,מניות All Cap,,יובנק נאמנות,איילון,פטורה,1.450,0.0400,6.9,21.07.2026,131.56,131.56,3.33,מניות כללי,0.35%,0.000
מגדל מניות שבבים גלובלי,5140041,קרן פתוחה,4,D,"מניות בחו""ל","מניות לפי ענפים בחו""ל",,"הקרן הינה קרן בלתי מוגבלת בני""ע חוץ",מזרחי טפחות נאמנות,מגדל,פטורה,0.500,0.0400,85.0,20.07.2026,201.35,201.35,3.09,"אינדקס שבבים ארה""ב Top10,דולר ארה""ב",0.35%,0.000
קסם KTF תלבונד צ 1-3,5140058,קרן מחקה,0,0,"אג""ח בארץ - חברות והמרה","אג""ח חברות צמודות מדד",בריבית קבועה - קצר,לפי מדיניות השקעותיה הקרן הינה קרן מחקה,מזרחי טפחות נאמנות,קסם,פטורה,0.000,0.0250,164.6,21.07.2026,108.07,108.07,0.25,תל בונד-צמודות 1-3,לא נגבית עמלת הפצה,0.000
איביאי מחקה נדלןלמגורישרא,5140066,קרן מחקה,4,A,מניות בארץ,מניות לפי ענפים,"נדל""ן ובנייה",לפי מדיניות השקעותיה הקרן הינה קרן מחקה,יובנק נאמנות,"איביאי קרנות נאמנות ",פטורה,0.000,0.0200,14.4,21.07.2026,92.94,92.94,5.39,אינדקס נדל''ן למגורים בישראל,לא נגבית עמלת הפצה,0.000
ATF תל בונד-צמודות A,5140116,קרן מחקה,0,0,"אג""ח בארץ - חברות והמרה","אג""ח חברות צמודות מדד",בריבית קבועה,לפי מדיניות השקעותיה הקרן הינה קרן מחקה,מזרחי טפחות נאמנות,אנליסט,פטורה,0.000,0.0200,8.4,21.07.2026,109.64,109.64,0.43,תל בונד-צמודות A,לא נגבית עמלת הפצה,0.000
ATF תל בונדתשואות צמודות,5140124,קרן מחקה,0,0,"אג""ח בארץ - חברות והמרה","אג""ח חברות צמודות מדד",בריבית קבועה,לפי מדיניות השקעותיה הקרן הינה קרן מחקה,מזרחי טפחות נאמנות,אנליסט,פטורה,0.000,0.0200,56.3,21.07.2026,109.70,109.70,0.49,תל בונד תשואות צמודות,לא נגבית עמלת הפצה,0.000
הראל מחקה SP500 Momen ממ,5140132,קרן מחקה,4,A,"מניות בחו""ל","מניות גיאוגרפי - מנוטרלת מט""ח",אמריקה- שווקים מפותחים,"הקרן הינה קרן בלתי מוגבלת בני""ע חוץ,לפי מדיניות השקעותיה הקרן הינה קרן מחקה",מזרחי טפחות נאמנות,הראל,פטורה,0.500,0.0250,173.0,20.07.2026,143.53,143.53,2.46,S&P 500 Momentum,לא נגבית עמלת הפצה,0.000
MTF מח WorldTop100iND מד,5140140,קרן מחקה,4,D,"מניות בחו""ל","מניות גלובליות - מנוטרלת מט""ח",,"הקרן הינה קרן בלתי מוגבלת בני""ע חוץ,לפי מדיניות השקעותיה הקרן הינה קרן מחקה",מזרחי טפחות נאמנות,מגדל,פטורה,0.000,0.0300,15.0,16.07.2026,125.78,125.74,1.37,World Top 100 iNDEX,לא נגבית עמלת הפצה,0.000
"MTF מח ת""א 90 ובנקים",5140157,קרן מחקה,4,A,מניות בארץ,מניות לפי שווי שוק,Mid Cap & Large,לפי מדיניות השקעותיה הקרן הינה קרן מחקה,מזרחי טפחות נאמנות,מגדל,פטורה,0.000,0.0300,11.7,21.07.2026,143.35,143.35,3.70,"ת""א 90 ובנקים",לא נגבית עמלת הפצה,0.000
MTF מח MSCI World מד,5140165,קרן מחקה,4,D,"מניות בחו""ל","מניות גיאוגרפי - מנוטרלת מט""ח",גלובלי- שווקים מפותחים,"הקרן הינה קרן בלתי מוגבלת בני""ע חוץ,לפי מדיניות השקעותיה הקרן הינה קרן מחקה,קרן כשרה",מזרחי טפחות נאמנות,מגדל,פטורה,0.000,0.0300,101.5,16.07.2026,135.72,135.72,1.15,MSCI WORLD INDEX - NTR,לא נגבית עמלת הפצה,0.000
MTF מח אנד כלכ ישראל 125,5140199,קרן מחקה,4,A,מניות בארץ,מניות לפי שווי שוק,Mid Cap & Large,לפי מדיניות השקעותיה הקרן הינה קרן מחקה,מזרחי טפחות נאמנות,מגדל,פטורה,0.000,0.0200,125.9,21.07.2026,164.38,164.38,4.15,אינדקס כלכלת ישראל 125,לא נגבית עמלת הפצה,0.000
MTF מח Indx US 2000Profממ,5140207,קרן מחקה,4,A,"מניות בחו""ל","מניות גיאוגרפי - מנוטרלת מט""ח",אמריקה- שווקים מפותחים,"הקרן הינה קרן בלתי מוגבלת בני""ע חוץ,לפי מדיניות השקעותיה הקרן הינה קרן מחקה",מזרחי טפחות נאמנות,מגדל,פטורה,0.500,0.0300,18.8,20.07.2026,121.02,121.02,1.07,"Indxx US 2000 Profitability Index ",לא נגבית עמלת הפצה,0.000
MTF מח BLNConCorEarLeadממ,5140215,קרן מחקה,4,A,"מניות בחו""ל","מניות גיאוגרפי - מנוטרלת מט""ח",אמריקה- שווקים מפותחים,"הקרן הינה קרן בלתי מוגבלת בני""ע חוץ,לפי מדיניות השקעותיה הקרן הינה קרן מחקה",מזרחי טפחות נאמנות,מגדל,פטורה,0.800,0.0300,40.8,20.07.2026,126.79,126.79,1.19,"Bloomberg New Constructs Core Earnings Leaders INDEX ",לא נגבית עמלת הפצה,0.000
אש מחקה AB US TTET5,5140223,קרן מחקה,4,D,"מניות בחו""ל","מניות לפי ענפים בחו""ל - חשופת מט""ח",Technology,"הקרן הינה קרן בלתי מוגבלת בני""ע חוץ,לפי מדיניות השקעותיה הקרן הינה קרן מחקה",יובנק נאמנות,אלטשולר-שחם קרנות,פטורה,0.500,0.0300,7.9,20.07.2026,149.81,149.81,2.50,"A.B US Top Tech Ex Top 5,דולר ארה""ב",לא נגבית עמלת הפצה,0.000
תכלית TTF בולט 2029 שקלי,5140231,קרן מחקה,0,0,"אג""ח בארץ - חברות והמרה","אג""ח חברות שקלי",בריבית קבועה,לפי מדיניות השקעותיה הקרן הינה קרן מחקה,הרמטיק נאמנות,מיטב קרנות נאמנות,פטורה,0.150,0.0300,12.2,21.07.2026,108.48,108.48,0.28,"תל-בונד בולט 2029 שקלי ",לא נגבית עמלת הפצה,0.000
תכלית TTF בולט 10/28 צמוד,5140249,קרן מחקה,0,0,"אג""ח בארץ - חברות והמרה","אג""ח חברות צמודות מדד",בריבית קבועה,לפי מדיניות השקעותיה הקרן הינה קרן מחקה,הרמטיק נאמנות,מיטב קרנות נאמנות,פטורה,0.150,0.0300,8.6,21.07.2026,107.46,107.46,0.26,תל-בונד בולט 10/2028 צמוד,לא נגבית עמלת הפצה,0.000
תכלית TTF בולט 2029 ישראל,5140256,קרן מחקה,0,0,"אג""ח בארץ - חברות והמרה","אג""ח חברות","אג""ח חברות שקלי וצמוד",לפי מדיניות השקעותיה הקרן הינה קרן מחקה,הרמטיק נאמנות,מיטב קרנות נאמנות,פטורה,0.200,0.0300,11.3,21.07.2026,108.21,108.21,0.26,"תל-בונד בולט 2029 ישראל ",לא נגבית עמלת הפצה,0.000
י.ל מחקה S&P500 MrkLeadממ,5140272,קרן מחקה,4,A,"מניות בחו""ל","מניות גיאוגרפי - מנוטרלת מט""ח",אמריקה- שווקים מפותחים,"הקרן הינה קרן בלתי מוגבלת בני""ע חוץ,לפי מדיניות השקעותיה הקרן הינה קרן מחקה",יובנק נאמנות,ילין לפידות,פטורה,0.490,0.0200,13.0,20.07.2026,119.54,119.54,1.27,S&P 500 Market Leaders,לא נגבית עמלת הפצה,0.000
י.ל מחקה S&P500 MrkLead,5140280,קרן מחקה,4,D,"מניות בחו""ל","מניות גיאוגרפי - חשופת מט""ח",אמריקה- שווקים מפותחים,"הקרן הינה קרן בלתי מוגבלת בני""ע חוץ,לפי מדיניות השקעותיה הקרן הינה קרן מחקה",יובנק נאמנות,ילין לפידות,פטורה,0.490,0.0200,4.6,20.07.2026,104.93,104.93,1.00,"S&P 500 Market Leaders,דולר ארה""ב",לא נגבית עמלת הפצה,0.000
איביאי מחקהNuclearEnergמד,5140298,קרן מחקה,4,D,"מניות בחו""ל","מניות לפי ענפים בחו""ל - מנוטרלת מט""ח",Alternative / Renewable Energy,"הקרן הינה קרן בלתי מוגבלת בני""ע חוץ,לפי מדיניות השקעותיה הקרן הינה קרן מחקה",יובנק נאמנות,"איביאי קרנות נאמנות ",פטורה,0.650,0.0230,271.3,16.07.2026,109.50,109.47,4.38,Indxx Nuclear Energy Industry Index,לא נגבית עמלת הפצה,0.000
איביאי מחקה תא90 C0.8 S60,5140306,קרן מחקה,4,A,מניות בארץ,מניות לפי שווי שוק,Small Cap & Mid,לפי מדיניות השקעותיה הקרן הינה קרן מחקה,יובנק נאמנות,"איביאי קרנות נאמנות ",פטורה,0.000,0.0150,7.8,21.07.2026,2473.97,2473.97,3.72,"ת""א-90 ו- CAP 0.8% SME60",לא נגבית עמלת הפצה,0.000
איביאי מחקה תל גוב-שקלי,5140314,קרן מחקה,0,0,"אג""ח בארץ - מדינה","אג""ח מדינה שקליות",ריבית קבועה,לפי מדיניות השקעותיה הקרן הינה קרן מחקה,יובנק נאמנות,"איביאי קרנות נאמנות ",פטורה,0.000,0.0150,36.3,21.07.2026,5206.45,5206.45,0.55,תל גוב-שקלי,לא נגבית עמלת הפצה,0.000
איביאי מחקה תל גוב-צמוד,5140322,קרן מחקה,0,0,"אג""ח בארץ - מדינה","אג""ח מדינה צמוד מדד",צמודות מדד ממשלתיות - אחר,לפי מדיניות השקעותיה הקרן הינה קרן מחקה,יובנק נאמנות,"איביאי קרנות נאמנות ",פטורה,0.100,0.0150,16.9,21.07.2026,3868.50,3868.50,0.46,תל גוב-צמודות,לא נגבית עמלת הפצה,0.000
איביאי מחקה תל גוב-לאצמוד,5140330,קרן מחקה,0,0,"אג""ח בארץ - מדינה","אג""ח מדינה שקליות",שקליות ממשלתיות -  אחר,לפי מדיניות השקעותיה הקרן הינה קרן מחקה,יובנק נאמנות,"איביאי קרנות נאמנות ",פטורה,0.150,0.0150,22.6,21.07.2026,441.66,441.66,0.40,תל גוב – לא צמודות,לא נגבית עמלת הפצה,0.000
מיטב 15/85 ESG,5140348,קרן פתוחה,2,B,"אג""ח בארץ - כללי","אג""ח כללי בארץ - עד 15% מניות",,,מזרחי טפחות נאמנות,מיטב קרנות נאמנות,פטורה,0.650,0.0300,8.2,21.07.2026,115.89,115.89,0.63,"All-Bond כללי,ת""א 125",0.35%,0.000
"מיטב אג""ח ESG",5140355,קרן פתוחה,0,B,"אג""ח בארץ - כללי","אג""ח כללי בארץ - ללא מניות","אג""ח כללי בארץ ללא מניות וללא סימן קריאה",,מזרחי טפחות נאמנות,מיטב קרנות נאמנות,פטורה,0.590,0.0300,196.5,21.07.2026,113.82,113.82,0.35,All-Bond כללי,0.35%,0.000
קסם TiR US Mo A iN KTF ממ,5140363,קרן מחקה,4,A,"מניות בחו""ל","מניות גיאוגרפי - מנוטרלת מט""ח",אמריקה- שווקים מפותחים,"הקרן הינה קרן בלתי מוגבלת בני""ע חוץ,לפי מדיניות השקעותיה הקרן הינה קרן מחקה",אלמגור-בריטמן נאמנות,קסם,פטורה,0.700,0.0250,36.4,20.07.2026,140.94,140.94,2.01,TipRanks US Momentum Analysts iNDEX,לא נגבית עמלת הפצה,0.000
אביב 10/90 תיק מ ESG כשרה,5140371,קרן פתוחה,1,B,"אג""ח בארץ - כללי","אג""ח כללי בארץ - עד 10% מניות","אג""ח כללי בארץ- עד 10% מניות ללא סימן קריאה",קרן כשרה,יובנק נאמנות,איילון,פטורה,0.870,0.0400,32.7,21.07.2026,106.48,106.48,0.55,"All-Bond כללי,מניות כללי",0.35%,0.000
MTF מח אנד כלכ ישראל 90,5140397,קרן מחקה,4,A,מניות בארץ,מניות לפי שווי שוק,Mid Cap,לפי מדיניות השקעותיה הקרן הינה קרן מחקה,מזרחי טפחות נאמנות,מגדל,פטורה,0.000,0.0200,7.3,21.07.2026,168.55,168.55,4.25,אינדקס כלכלת ישראל 90,לא נגבית עמלת הפצה,0.000
אנליסט כספית חיסכון,5140413,קרן פתוחה,0,0,קרן כספית,כספית שקלית,כספית שקלית עם קונצרני,,מזרחי טפחות נאמנות,אנליסט,פטורה,0.120,0.0050,1593.4,21.07.2026,105.81,105.81,0.00,"תל גוב-מק""מ",0.1%,0.000
MTF מח Indx Top10EurDefמא,5140439,קרן מחקה,4,D,"מניות בחו""ל","מניות לפי ענפים בחו""ל - מנוטרלת מט""ח",Aerospace & Defense,"הקרן הינה קרן בלתי מוגבלת בני""ע חוץ,לפי מדיניות השקעותיה הקרן הינה קרן מחקה",מזרחי טפחות נאמנות,מגדל,פטורה,0.400,0.0300,35.0,20.07.2026,98.40,98.40,3.24,Indxx Top 10 Europe Defense,לא נגבית עמלת הפצה,0.000
"MTF מח ת""א - ביטוח",5140447,קרן מחקה,4,A,מניות בארץ,מניות לפי ענפים,ביטוח,לפי מדיניות השקעותיה הקרן הינה קרן מחקה,מזרחי טפחות נאמנות,מגדל,פטורה,0.000,0.0200,171.3,21.07.2026,257.71,257.71,5.94,"ת""א-ביטוח",לא נגבית עמלת הפצה,0.000
תכלית Ether-Dollar TTF,5140454,קרן מחקה,4,D,נכסים דיגיטליים,Ethereum,,"הקרן הינה קרן בלתי מוגבלת בני""ע חוץ,לפי מדיניות השקעותיה הקרן הינה קרן מחקה,קרן להשקעות חוץ – מטבע עיקרי - דולר ארה""ב",הרמטיק נאמנות,מיטב קרנות נאמנות,פטורה,0.500,0.0300,17.0,20.07.2026,90.53,90.53,4.21,"CME CF Ether – Dollar Reference Rate New York Variant,דולר ארה""ב",לא נגבית עמלת הפצה,0.000
איביאי מדורגות A ומעלה,5140462,קרן פתוחה,0,B,"אג""ח בארץ - חברות והמרה",חברות והמרה ללא מניות,"חברות והמרה ללא מניות וללא סימן קריאה, עם מגבלת מח""מ עד 5 שנים",,יובנק נאמנות,"איביאי קרנות נאמנות ",פטורה,0.500,0.0300,0.8,21.07.2026,107.47,107.47,0.23,"אג""ח כללי - קונצרני",0.35%,0.000
"אקורד אג""ח ללא מניות",5140470,קרן פתוחה,0,B,"אג""ח בארץ - כללי","אג""ח כללי בארץ - ללא מניות","אג""ח כללי בארץ ללא מניות וללא סימן קריאה",,יובנק נאמנות,איילון,פטורה,0.750,0.0400,17.0,21.07.2026,107.49,107.49,0.54,All-Bond כללי,0.35%,0.000
דולפין תיק השקעות גמיש,5140496,קרן פתוחה,4,D,גמישות,,,,יובנק נאמנות,איילון,פטורה,1.200,0.0400,17.5,21.07.2026,103.33,102.82,1.49,אחר,0.35%,0.500
"מיטב ת""א 125 מומנטום",5140504,קרן פתוחה,4,A,מניות בארץ,מניות לפי שווי שוק,מניות Large & Mid Cap,,מזרחי טפחות נאמנות,מיטב קרנות נאמנות,פטורה,1.050,0.0400,136.0,21.07.2026,198.89,198.89,4.56,"ת""א 125",0.35%,0.000
"קסם KTF אינ אג""ח תשו 100",5140512,קרן מחקה,0,0,"אג""ח בארץ - חברות והמרה",חברות והמרה בסיכון גבוה,,לפי מדיניות השקעותיה הקרן הינה קרן מחקה,הרמטיק נאמנות,קסם,פטורה,0.220,0.0250,92.1,21.07.2026,102.67,102.67,0.47,"אינדקס אג""ח תשואות 100 ",לא נגבית עמלת הפצה,0.000
קסם Bullet KTF ישראל 2032,5140520,קרן מחקה,0,0,"אג""ח בארץ - חברות והמרה","אג""ח חברות","אג""ח חברות שקלי וצמוד",לפי מדיניות השקעותיה הקרן הינה קרן מחקה,הרמטיק נאמנות,קסם,פטורה,0.220,0.0300,171.1,21.07.2026,109.19,109.19,0.37,אינדקס Bullet ישראל 2032,לא נגבית עמלת הפצה,0.000
קסם Bullet KTF שקלי 2031,5140538,קרן מחקה,0,0,"אג""ח בארץ - חברות והמרה","אג""ח חברות שקלי",בריבית קבועה,לפי מדיניות השקעותיה הקרן הינה קרן מחקה,הרמטיק נאמנות,קסם,פטורה,0.220,0.0300,43.7,21.07.2026,108.51,108.51,0.40,אינדקס Bullet שקלי 2031,לא נגבית עמלת הפצה,0.000
א.ש מחקה (4A)י S&P 500 ממ,5140546,קרן מחקה,4,A,"מניות בחו""ל","מניות גיאוגרפי - מנוטרלת מט""ח",אמריקה- שווקים מפותחים,"הקרן הינה קרן בלתי מוגבלת בני""ע חוץ,לפי מדיניות השקעותיה הקרן הינה קרן מחקה",יובנק נאמנות,אלטשולר-שחם קרנות,פטורה,0.000,0.0300,106.5,20.07.2026,131.96,131.96,1.23,S&P 500 - NTR,לא נגבית עמלת הפצה,0.000
פסטרנק שהם 25/75,5140553,קרן פתוחה,2,B,"אג""ח בארץ - כללי","אג""ח כללי בארץ - עד 25% מניות",,,מזרחי טפחות נאמנות,איילון,פטורה,0.590,0.0400,15.1,21.07.2026,109.39,109.39,0.71,"All-Bond כללי,מניות כללי",0.35%,0.000
הראל מחקה אי תע ביט אי ממ,5140561,קרן מחקה,4,A,"מניות בחו""ל","מניות לפי ענפים בחו""ל - מנוטרלת מט""ח",Aerospace & Defense,"הקרן הינה קרן בלתי מוגבלת בני""ע חוץ,לפי מדיניות השקעותיה הקרן הינה קרן מחקה",מזרחי טפחות נאמנות,הראל,פטורה,0.500,0.0250,133.9,20.07.2026,141.79,141.79,2.28,"אינדקס תעשיות ביטחוניות ארה""ב וישראל",לא נגבית עמלת הפצה,0.000
אקהאוס מניות ישראל,5140579,קרן פתוחה,4,B,מניות בארץ,מניות לפי שווי שוק,מניות All Cap,,מזרחי טפחות נאמנות,איילון,פטורה,1.700,0.0400,33.1,21.07.2026,151.03,151.03,3.42,"ת""א 125",0.35%,0.000
איילון זבולון מני חול נ$,5140587,קרן פתוחה,4,D,"מניות בחו""ל","מניות כללי בחו""ל","מניות חו""ל נקובת מט""ח","הקרן הינה קרן בלתי מוגבלת בני""ע חוץ,יחידות הקרן נקובות ב- $,קרן להשקעות חוץ – מטבע עיקרי - דולר ארה""ב,קרן להשק חוץ-פטור ממס לתושבי חוץ",יובנק נאמנות,איילון,פטורה,1.750,0.0300,150.2,20.07.2026,137.62,137.48,2.62,S&P 500 - NTR,0.35%,0.000
"MTF מח ת""א - נפט וגז",5140595,קרן מחקה,4,A,מניות בארץ,מניות לפי ענפים,"נפט, גז ואנרגיה",לפי מדיניות השקעותיה הקרן הינה קרן מחקה,מזרחי טפחות נאמנות,מגדל,פטורה,0.000,0.0300,55.3,21.07.2026,102.10,102.10,4.87,"ת""א-נפט וגז",לא נגבית עמלת הפצה,0.000
"קסם אקט מניות ארה""ב שריעה",5140603,קרן פתוחה,4,D,"מניות בחו""ל",מניות גאוגרפי,"ארה""ב חשופת מט""ח","הקרן הינה קרן בלתי מוגבלת בני""ע חוץ,קרן להשקעות חוץ – מטבע עיקרי - דולר ארה""ב",הרמטיק נאמנות,קסם,פטורה,1.500,0.0300,4.5,20.07.2026,115.59,115.59,1.24,"S&P 500 Shariah industry Exclusions index,דולר ארה""ב",0.35%,0.000
איביאי קונצרני מדורג,5140611,קרן פתוחה,0,A,"אג""ח בארץ - חברות והמרה",חברות והמרה ללא מניות,חברות והמרה ללא מניות וללא סימן קריאה,,יובנק נאמנות,"איביאי קרנות נאמנות ",פטורה,0.500,0.0300,3.5,21.07.2026,106.95,106.95,0.40,"אג""ח כללי - קונצרני",0.35%,0.000
הראל מחקה אי תש ובי אר וי,5140629,קרן מחקה,4,D,"מניות בחו""ל","מניות לפי ענפים בחו""ל - חשופת מט""ח",שילוב ענפים,"הקרן הינה קרן בלתי מוגבלת בני""ע חוץ,לפי מדיניות השקעותיה הקרן הינה קרן מחקה",מזרחי טפחות נאמנות,הראל,פטורה,0.400,0.0250,9.7,20.07.2026,108.38,108.38,1.44,"אינדקס תשתיות ובינוי ארה""ב וישראל,דולר ארה""ב",לא נגבית עמלת הפצה,0.000
תכלית USCapMarkets TTFממ,5140637,קרן מחקה,4,A,"מניות בחו""ל","מניות לפי ענפים בחו""ל - מנוטרלת מט""ח",Financial,"הקרן הינה קרן בלתי מוגבלת בני""ע חוץ,לפי מדיניות השקעותיה הקרן הינה קרן מחקה",אלמגור-בריטמן נאמנות,מיטב קרנות נאמנות,פטורה,0.500,0.0300,14.2,20.07.2026,108.98,108.97,1.71,US Capital Markets iNDEX,לא נגבית עמלת הפצה,0.000
אש מחקה AB US TET30,5140645,קרן מחקה,4,D,"מניות בחו""ל","מניות לפי ענפים בחו""ל - חשופת מט""ח",Technology,"הקרן הינה קרן בלתי מוגבלת בני""ע חוץ,לפי מדיניות השקעותיה הקרן הינה קרן מחקה",יובנק נאמנות,אלטשולר-שחם קרנות,פטורה,0.800,0.0300,1.0,20.07.2026,117.98,117.98,2.23,"AlphaBeta US Tech Ex Top 30,דולר ארה""ב",לא נגבית עמלת הפצה,0.000
אש מחקה אינדקס AAA שקלי,5140652,קרן מחקה,0,0,"אג""ח בארץ - כללי",,,לפי מדיניות השקעותיה הקרן הינה קרן מחקה,יובנק נאמנות,אלטשולר-שחם קרנות,פטורה,0.150,0.0300,4.4,21.07.2026,105.40,105.40,0.40,אינדקס AAA שקלי,לא נגבית עמלת הפצה,0.000
אש מחקה אינדקס חב הש מס י,5140660,קרן מחקה,4,A,מניות בארץ,מניות לפי ענפים,פיננסים,לפי מדיניות השקעותיה הקרן הינה קרן מחקה,יובנק נאמנות,אלטשולר-שחם קרנות,פטורה,0.500,0.0300,41.2,21.07.2026,152.63,152.63,5.04,אינדקס חברות ניהול השקעות ומסחר בישראל,לא נגבית עמלת הפצה,0.000
י.ל מחקה S&P500 MrkLeadנ$,5140678,קרן מחקה,4,D,"מניות בחו""ל","מניות גיאוגרפי - חשופת מט""ח",אמריקה- שווקים מפותחים,"הקרן הינה קרן בלתי מוגבלת בני""ע חוץ,לפי מדיניות השקעותיה הקרן הינה קרן מחקה,יחידות הקרן נקובות ב- $,קרן להשקעות חוץ – מטבע עיקרי - דולר ארה""ב",יובנק נאמנות,ילין לפידות,פטורה,0.700,0.0200,8.3,20.07.2026,112.54,112.54,0.99,S&P 500 Market Leaders,לא נגבית עמלת הפצה,0.000
אנליסט מניות ממונפת,5140686,קרן פתוחה,6,F,ממונפות ואסטרטגיות,ממונפות בסיכון גבוה,,"הקרן הינה קרן בלתי מוגבלת בני""ע חוץ,הקרן הינה קרן ממונפת",מזרחי טפחות נאמנות,אנליסט,פטורה,3.750,0.0300,1.1,20.07.2026,155.62,155.62,1.94,אחר,0.35%,0.000
פרופאונד מנ L&M Cap ישראל,5140694,קרן פתוחה,4,B,מניות בארץ,מניות לפי שווי שוק,מניות Large & Mid Cap,,מזרחי טפחות נאמנות,איילון,פטורה,1.000,0.0400,41.8,21.07.2026,137.73,137.73,3.27,"ת""א 125",0.35%,0.000
"מור אג""ח חברות +20%",5140702,קרן פתוחה,2,B,"אג""ח בארץ - חברות והמרה",חברות והמרה עם מניות,חברות והמרה עם מניות ללא סימן קריאה,,יובנק נאמנות,מור קרנות,פטורה,0.790,0.0250,144.4,21.07.2026,118.77,118.77,0.71,"אג""ח כללי - קונצרני,ת""א 125",0.35%,0.000
הראל מחקה תא SME60 מור מש,5140710,קרן מחקה,4,A,מניות בארץ,מניות לפי שווי שוק,Small Cap & Mid,לפי מדיניות השקעותיה הקרן הינה קרן מחקה,יובנק נאמנות,הראל,פטורה,0.400,0.0200,5.3,21.07.2026,126.89,126.89,3.65,"ת""א SME60 מודל רווחיות משקל שווה",לא נגבית עמלת הפצה,0.000
הראל מחקה תא 90 מו ר מש ש,5140728,קרן מחקה,4,A,מניות בארץ,מניות לפי שווי שוק,Mid Cap,לפי מדיניות השקעותיה הקרן הינה קרן מחקה,יובנק נאמנות,הראל,פטורה,0.400,0.0200,0.8,21.07.2026,112.06,112.06,4.11,"ת""א-90 מודל רווחיות משקל שווה",לא נגבית עמלת הפצה,0.000
תכלית TTF‏‏ 150 Small-Mid,5140736,קרן מחקה,4,A,מניות בארץ,מניות לפי שווי שוק,Small Cap & Mid,לפי מדיניות השקעותיה הקרן הינה קרן מחקה,אלמגור-בריטמן נאמנות,מיטב קרנות נאמנות,פטורה,0.250,0.0300,7.4,21.07.2026,128.32,128.32,4.01,אינדקס 150 Small-Mid Cap ישראל,לא נגבית עמלת הפצה,0.000
מגדל מניותAIבינה מלאכותית,5140744,קרן פתוחה,4,D,"מניות בחו""ל","מניות לפי ענפים בחו""ל",,"הקרן הינה קרן בלתי מוגבלת בני""ע חוץ",יובנק נאמנות,מגדל,פטורה,0.500,0.0300,9.2,20.07.2026,104.67,104.67,,"Bluestar Artificial Intelligence - NTR,דולר ארה""ב",0.35%,0.000
איביאי וינשטיין אגדישראל,5140751,קרן פתוחה,3,C,אגד קרנות,אגד ישראלי,,"הקרן הינה קרן בלתי מוגבלת בני""ע חוץ",יובנק נאמנות,"איביאי קרנות נאמנות ",פטורה,0.000,0.0200,9.8,20.07.2026,107.89,107.89,0.41,"All-Bond כללי,ת""א 125",0.35%,0.000
איביאי מחקה SP500 EW,5140769,קרן מחקה,4,D,"מניות בחו""ל","מניות גיאוגרפי - חשופת מט""ח",אמריקה- שווקים מפותחים,"הקרן הינה קרן בלתי מוגבלת בני""ע חוץ,לפי מדיניות השקעותיה הקרן הינה קרן מחקה",יובנק נאמנות,"איביאי קרנות נאמנות ",פטורה,0.000,0.0230,30.5,20.07.2026,105.00,105.00,1.09,"S&P 500 Equal Weight - NTR,דולר ארה""ב",לא נגבית עמלת הפצה,0.000
קסם Bu KTF דו 2030 גל נ $,5140777,קרן מחקה,0,D,"אג""ח בחו""ל","חברות והמרה חשופת מט""ח",,"הקרן הינה קרן בלתי מוגבלת בני""ע חוץ,לפי מדיניות השקעותיה הקרן הינה קרן מחקה,יחידות הקרן נקובות ב- $,קרן להשקעות חוץ – מטבע עיקרי - דולר ארה""ב",הרמטיק נאמנות,קסם,פטורה,0.400,0.0300,10.2,20.07.2026,102.99,102.99,1.13,אינדקס Bullet דולר 2030-גלובלי,לא נגבית עמלת הפצה,0.000
מגדל כספית שקלי ללא קונצ,5140785,קרן פתוחה,0,0,קרן כספית,כספית שקלית,כספית שקלית ללא קונצרני,,יובנק נאמנות,מגדל,פטורה,0.060,0.0100,3892.3,21.07.2026,104.19,104.19,0.00,"תל גוב-מק""מ",0.1%,0.000
קסם SPRFI07 KTF,5140793,קרן מחקה,4,D,"מניות בחו""ל","מניות גיאוגרפי - חשופת מט""ח",אמריקה- שווקים מפותחים,"הקרן הינה קרן בלתי מוגבלת בני""ע חוץ,לפי מדיניות השקעותיה הקרן הינה קרן מחקה,קרן להשקעות חוץ – מטבע עיקרי - דולר ארה""ב",הרמטיק נאמנות,קסם,פטורה,0.750,0.0300,1.4,20.07.2026,100.31,100.31,0.87,"Cboe S&P 500 15% Buffer JUL IC,דולר ארה""ב",לא נגבית עמלת הפצה,0.000
ברק אולטרה זהב פי 3,5140801,קרן פתוחה,6,D,ממונפות ואסטרטגיות,ממונפות בסיכון גבוה,,"הקרן הינה קרן בלתי מוגבלת בני""ע חוץ,הקרן הינה קרן ממונפת",יובנק נאמנות,ברק,פטורה,1.800,0.1000,11.0,20.07.2026,116.61,116.22,10.90,GOLD SPOT $/OZ INDEX,0.35%,0.300
"ברק אג""ח ללא מניות",5140819,קרן פתוחה,0,C,"אג""ח בארץ - כללי","אג""ח כללי בארץ - ללא מניות","אג""ח כללי בארץ ללא מניות וללא סימן קריאה",,יובנק נאמנות,ברק,פטורה,0.800,0.1000,0.9,21.07.2026,102.37,102.37,0.50,All-Bond כללי,0.35%,0.000
"איביאי מחקה ת""א-נפט וגז",5140827,קרן מחקה,4,A,מניות בארץ,מניות לפי ענפים,"נפט, גז ואנרגיה",לפי מדיניות השקעותיה הקרן הינה קרן מחקה,יובנק נאמנות,"איביאי קרנות נאמנות ",פטורה,0.000,0.0200,48.1,21.07.2026,100.12,100.12,4.87,"ת""א-נפט וגז",לא נגבית עמלת הפצה,0.000
"אילים אג""ח מדורגות",5140835,קרן פתוחה,0,B,"אג""ח בארץ - חברות והמרה",חברות והמרה ללא מניות,חברות והמרה ללא מניות וללא סימן קריאה,,יובנק נאמנות,אילים קרנות,פטורה,0.590,0.0300,1.1,21.07.2026,106.14,106.14,0.69,"אג""ח כללי - קונצרני",0.35%,0.000
איביאי מחקה MV G Defense,5140843,קרן מחקה,4,D,"מניות בחו""ל","מניות לפי ענפים בחו""ל - חשופת מט""ח",Aerospace & Defense,"הקרן הינה קרן בלתי מוגבלת בני""ע חוץ,לפי מדיניות השקעותיה הקרן הינה קרן מחקה",יובנק נאמנות,"איביאי קרנות נאמנות ",פטורה,0.000,0.0230,43.8,20.07.2026,92.14,92.14,3.37,"MarketVector Global Defense Index ,דולר ארה""ב",לא נגבית עמלת הפצה,0.000
MTF מח S&P 500 Momentum,5140850,קרן מחקה,4,D,"מניות בחו""ל","מניות גיאוגרפי - חשופת מט""ח",אמריקה- שווקים מפותחים,"הקרן הינה קרן בלתי מוגבלת בני""ע חוץ,לפי מדיניות השקעותיה הקרן הינה קרן מחקה",מזרחי טפחות נאמנות,מגדל,פטורה,0.250,0.0250,21.0,20.07.2026,111.27,111.27,2.14,"S&P 500 Momentum,דולר ארה""ב",לא נגבית עמלת הפצה,0.000
MTF מח אינד 0-3 שקלי עד A,5140868,קרן מחקה,0,0,"אג""ח בארץ - חברות והמרה","אג""ח חברות שקלי",בריבית קבועה - קצר,לפי מדיניות השקעותיה הקרן הינה קרן מחקה,מזרחי טפחות נאמנות,מגדל,פטורה,0.000,0.0200,8.3,21.07.2026,104.40,104.40,0.28,אינדקס 0-3 שקלי עד A,לא נגבית עמלת הפצה,0.000
MTF מח BstarT10US AsMn ממ,5140884,קרן מחקה,4,A,"מניות בחו""ל","מניות לפי ענפים בחו""ל - מנוטרלת מט""ח",Financial,"הקרן הינה קרן בלתי מוגבלת בני""ע חוץ,לפי מדיניות השקעותיה הקרן הינה קרן מחקה",מזרחי טפחות נאמנות,מגדל,פטורה,0.500,0.0300,1.6,20.07.2026,77.92,77.92,3.04,Bluestar TOP 10 US Listed Alternative Asset Managers,לא נגבית עמלת הפצה,0.000
"MTF מח ת""א - נדל""ן",5140892,קרן מחקה,4,A,מניות בארץ,מניות לפי ענפים,"נדל""ן ובנייה",לפי מדיניות השקעותיה הקרן הינה קרן מחקה,אלמגור-בריטמן נאמנות,מגדל,פטורה,0.000,0.0150,68.1,21.07.2026,104.70,104.70,4.97,"ת""א נדל""ן",לא נגבית עמלת הפצה,0.000
MTF מח אנד מדישר מחמ10שקל,5140900,קרן מחקה,0,0,"אג""ח בארץ - מדינה","אג""ח מדינה שקליות",ריבית קבועה - ארוך,לפי מדיניות השקעותיה הקרן הינה קרן מחקה,יובנק נאמנות,מגדל,פטורה,0.000,0.0200,60.1,21.07.2026,107.24,107.24,0.93,"אינדקס מדינת ישראל - מח""מ 10 קבוע שקלי",לא נגבית עמלת הפצה,0.000
אש כספית ניהול נזילות,5140918,קרן פתוחה,0,0,קרן כספית,כספית שקלית,כספית שקלית עם קונצרני,,יובנק נאמנות,אלטשולר-שחם קרנות,פטורה,0.060,0.0100,11423.9,21.07.2026,104.22,104.22,0.00,"תל גוב-מק""מ",0.1%,0.000
הראל מחקה אנ תע ב איר T10,5140926,קרן מחקה,4,D,"מניות בחו""ל","מניות לפי ענפים בחו""ל - חשופת מט""ח",Aerospace & Defense,"הקרן הינה קרן בלתי מוגבלת בני""ע חוץ,לפי מדיניות השקעותיה הקרן הינה קרן מחקה,קרן להשקעות חוץ – מטבע עיקרי - אירו",מזרחי טפחות נאמנות,הראל,פטורה,0.400,0.0250,7.6,20.07.2026,87.34,87.30,3.42,"אינדקס תעשיות ביטחוניות אירופה Top10,אירו",לא נגבית עמלת הפצה,0.000
דולפין $Isra glo bon d in,5140942,קרן פתוחה,0,D,"אג""ח בחו""ל","אג""ח נקובת מט""ח",,"הקרן הינה קרן בלתי מוגבלת בני""ע חוץ,יחידות הקרן נקובות ב- $,קרן להשקעות חוץ – מטבע עיקרי - דולר ארה""ב,קרן להשק חוץ-פטור ממס לתושבי חוץ",יובנק נאמנות,איילון,פטורה,0.690,0.0400,289.3,20.07.2026,105.19,105.19,1.13,"Bloomberg US Treasuey 1-5 Years,דולר ארה""ב",0.35%,0.000
אש מחקה אב TLVNY IL 25,5140959,קרן מחקה,4,C,מניות בארץ,מניות לפי שווי שוק,אחר,"הקרן הינה קרן בלתי מוגבלת בני""ע חוץ,לפי מדיניות השקעותיה הקרן הינה קרן מחקה",יובנק נאמנות,אלטשולר-שחם קרנות,פטורה,0.800,0.0300,0.4,20.07.2026,117.35,117.35,0.90,AlphaBeta TLV-NY Israel Top 25,לא נגבית עמלת הפצה,0.000
קסם KTF אינ תש ובי אי מא,5140967,קרן מחקה,4,D,"מניות בחו""ל","מניות לפי ענפים בחו""ל - מנוטרלת מט""ח",REIT &  Real Estate,"הקרן הינה קרן בלתי מוגבלת בני""ע חוץ,לפי מדיניות השקעותיה הקרן הינה קרן מחקה",אלמגור-בריטמן נאמנות,קסם,פטורה,0.700,0.0250,25.9,20.07.2026,122.47,122.47,1.22,אינדקס תשתיות ובינוי אירופה,לא נגבית עמלת הפצה,0.000
תכלית TTF‏‏ תשתיות ובנייה,5140975,קרן מחקה,4,A,מניות בארץ,מניות לפי ענפים,שילוב ענפים,לפי מדיניות השקעותיה הקרן הינה קרן מחקה,אלמגור-בריטמן נאמנות,מיטב קרנות נאמנות,פטורה,0.400,0.0300,39.5,21.07.2026,136.90,136.90,4.45,אינדקס תשתיות חיוניות ובנייה בישראל,לא נגבית עמלת הפצה,0.000
איילון מניות ביטוח,5140983,קרן פתוחה,4,A,מניות בארץ,מניות לפי ענפים,,,יובנק נאמנות,איילון,פטורה,0.590,0.0300,15.6,21.07.2026,166.17,166.17,5.25,"ת""א-ביטוח",0.35%,0.000
הראל מחקה אינד פד' 2029,5140991,קרן מחקה,0,0,"אג""ח בארץ - חברות והמרה","אג""ח חברות","אג""ח חברות שקלי וצמוד",לפי מדיניות השקעותיה הקרן הינה קרן מחקה,יובנק נאמנות,הראל,פטורה,0.150,0.0250,25.7,21.07.2026,105.31,105.31,0.28,אינדקס לפדיון 2029 (מתגלגל כל 4 שנים),לא נגבית עמלת הפצה,0.000
MTF מחBLBRG US AN RCנקוב$,5141007,קרן מחקה,4,D,"מניות בחו""ל","מניות גיאוגרפי - חשופת מט""ח",אמריקה- שווקים מפותחים,"הקרן הינה קרן בלתי מוגבלת בני""ע חוץ,לפי מדיניות השקעותיה הקרן הינה קרן מחקה,יחידות הקרן נקובות ב- $,קרן להשקעות חוץ – מטבע עיקרי - דולר ארה""ב",אלמגור-בריטמן נאמנות,מגדל,פטורה,0.800,0.0300,3.1,20.07.2026,104.10,104.10,0.94,"Bloomberg US Analyst Recommendations Index ",לא נגבית עמלת הפצה,0.000
איביאי מחקה אינתאSmalC60ר,5141031,קרן מחקה,4,A,מניות בארץ,מניות לפי שווי שוק,Small Cap,לפי מדיניות השקעותיה הקרן הינה קרן מחקה,יובנק נאמנות,"איביאי קרנות נאמנות ",פטורה,0.250,0.0200,14.5,21.07.2026,133.99,133.99,3.49,"אינדקס ת""א 60 Small Cap רווחיות",לא נגבית עמלת הפצה,0.000
פרופאונד ! תיק אגח + 10%,5141049,קרן פתוחה,1,B,"אג""ח בארץ - כללי","אג""ח כללי בארץ - עד 10% מניות","אג""ח כללי בארץ- עד 10% מניות ועם סימן קריאה",,מזרחי טפחות נאמנות,איילון,פטורה,0.690,0.0400,19.6,21.07.2026,104.56,104.56,0.54,"All-Bond כללי,מניות כללי",0.35%,0.000
"אש מחקה (4A) ת""א 90",5141056,קרן מחקה,4,A,מניות בארץ,מניות לפי שווי שוק,Mid Cap,לפי מדיניות השקעותיה הקרן הינה קרן מחקה,יובנק נאמנות,אלטשולר-שחם קרנות,פטורה,0.000,0.0300,34.7,21.07.2026,113.78,113.78,4.08,"ת""א 90",לא נגבית עמלת הפצה,0.000
אש מחקה תלבונד-צמודות 1-3,5141064,קרן מחקה,0,0,"אג""ח בארץ - חברות והמרה","אג""ח חברות צמודות מדד",בריבית קבועה - קצר,לפי מדיניות השקעותיה הקרן הינה קרן מחקה,יובנק נאמנות,אלטשולר-שחם קרנות,פטורה,0.000,0.0300,11.5,21.07.2026,104.20,104.20,0.24,תל בונד-צמודות 1-3,לא נגבית עמלת הפצה,0.000
MTF מח אנד פיננ יש TOP15,5141072,קרן מחקה,4,A,מניות בארץ,מניות לפי ענפים,פיננסים,לפי מדיניות השקעותיה הקרן הינה קרן מחקה,מזרחי טפחות נאמנות,מגדל,פטורה,0.400,0.0200,38.6,21.07.2026,113.72,113.72,4.48,אינדקס פיננסים ישראל Top15,לא נגבית עמלת הפצה,0.000
קסם אקטיב סוקוק $ - שריעה,5141080,קרן פתוחה,0,D,"אג""ח בחו""ל","אג""ח חשופת דולר",,"הקרן הינה קרן בלתי מוגבלת בני""ע חוץ,קרן להשקעות חוץ – מטבע עיקרי - דולר ארה""ב",הרמטיק נאמנות,קסם,פטורה,0.700,0.0300,9.8,20.07.2026,94.88,94.88,0.85,"Dow Jones Sukuk Total Return (ex-Reinvestment) Index,דולר ארה""ב",0.35%,0.000
דולפין כספית שקלית,5141098,קרן פתוחה,0,0,קרן כספית,כספית שקלית,כספית שקלית עם קונצרני,,יובנק נאמנות,איילון,פטורה,0.050,0.0100,354.1,21.07.2026,102.29,102.29,0.00,"תל גוב-מק""מ",0.1%,0.000
איביאי מדינה +20%,5141106,קרן פתוחה,2,B,"אג""ח בארץ - מדינה","אג""ח מדינה כללי - עד 20% מניות",,,יובנק נאמנות,"איביאי קרנות נאמנות ",פטורה,0.600,0.0400,21.0,21.07.2026,107.67,107.67,0.74,"תל גוב-כללי,ת""א 125",0.35%,0.000
MTF מח S&P 500Momentumממ,5141114,קרן מחקה,4,A,"מניות בחו""ל","מניות גיאוגרפי - מנוטרלת מט""ח",אמריקה- שווקים מפותחים,"הקרן הינה קרן בלתי מוגבלת בני""ע חוץ,לפי מדיניות השקעותיה הקרן הינה קרן מחקה,קרן כשרה",מזרחי טפחות נאמנות,מגדל,פטורה,0.250,0.0250,24.0,20.07.2026,119.98,119.98,2.46,S&P 500 Momentum,לא נגבית עמלת הפצה,0.000
י.ל מחקה לפדיון 2031 צמוד,5141122,קרן מחקה,0,0,"אג""ח בארץ - חברות והמרה","אג""ח חברות צמודות מדד",בריבית קבועה,לפי מדיניות השקעותיה הקרן הינה קרן מחקה,יובנק נאמנות,ילין לפידות,פטורה,0.240,0.0200,51.9,21.07.2026,104.19,104.19,0.39,"quabify אג""ח לפדיון 2031 צמוד",לא נגבית עמלת הפצה,0.000
י.ל מחקה לפדיון 2031 שקלי,5141130,קרן מחקה,0,0,"אג""ח בארץ - חברות והמרה","אג""ח חברות שקלי",בריבית קבועה,לפי מדיניות השקעותיה הקרן הינה קרן מחקה,יובנק נאמנות,ילין לפידות,פטורה,0.240,0.0200,13.6,21.07.2026,104.26,104.26,0.36,"quabify אג""ח לפדיון 2031 שקלי",לא נגבית עמלת הפצה,0.000
י.ל מחקה פדיון 2031 מאוזן,5141148,קרן מחקה,0,0,"אג""ח בארץ - חברות והמרה","אג""ח חברות","אג""ח חברות שקלי וצמוד",לפי מדיניות השקעותיה הקרן הינה קרן מחקה,יובנק נאמנות,ילין לפידות,פטורה,0.240,0.0200,17.6,21.07.2026,104.18,104.18,0.35,"quabify אג""ח לפדיון 2031 מאוזן",לא נגבית עמלת הפצה,0.000
י.ל מחקה פדיון 2032 מאוזן,5141155,קרן מחקה,0,0,"אג""ח בארץ - חברות והמרה","אג""ח חברות","אג""ח חברות שקלי וצמוד",לפי מדיניות השקעותיה הקרן הינה קרן מחקה,יובנק נאמנות,ילין לפידות,פטורה,0.240,0.0200,13.0,21.07.2026,104.33,104.33,0.37,"quabify אג""ח לפדיון 2032 מאוזן",לא נגבית עמלת הפצה,0.000
י.ל מחקה לפדיון 2032 שקלי,5141163,קרן מחקה,0,0,"אג""ח בארץ - חברות והמרה","אג""ח חברות שקלי",בריבית קבועה,לפי מדיניות השקעותיה הקרן הינה קרן מחקה,יובנק נאמנות,ילין לפידות,פטורה,0.240,0.0200,37.1,21.07.2026,104.60,104.60,0.42,"quabify אג""ח לפדיון 2032 שקלי",לא נגבית עמלת הפצה,0.000
י.ל מחקה לפדיון 2032 צמוד,5141171,קרן מחקה,0,0,"אג""ח בארץ - חברות והמרה","אג""ח חברות צמודות מדד",בריבית קבועה,לפי מדיניות השקעותיה הקרן הינה קרן מחקה,יובנק נאמנות,ילין לפידות,פטורה,0.240,0.0200,12.4,21.07.2026,104.13,104.13,0.31,"quabify אג""ח לפדיון 2032 צמוד",לא נגבית עמלת הפצה,0.000
איביאי מניות תעש ביטח ישר,5141189,קרן פתוחה,4,B,מניות בארץ,מניות לפי ענפים,,,יובנק נאמנות,"איביאי קרנות נאמנות ",פטורה,0.950,0.0500,898.1,21.07.2026,119.45,119.45,5.44,אינדקס תעשיה ישראל,0.35%,0.000
איביאי כספית חיסכון,5141197,קרן פתוחה,0,0,קרן כספית,כספית שקלית,כספית שקלית עם קונצרני,,יובנק נאמנות,"איביאי קרנות נאמנות ",פטורה,0.070,0.0050,2716.5,21.07.2026,102.86,102.86,0.00,"תל גוב-מק""מ",0.1%,0.000
"אש מחקה (4A) ת""א 125",5141205,קרן מחקה,4,A,מניות בארץ,מניות לפי שווי שוק,Mid Cap & Large,לפי מדיניות השקעותיה הקרן הינה קרן מחקה,יובנק נאמנות,אלטשולר-שחם קרנות,פטורה,0.000,0.0300,69.9,21.07.2026,130.50,130.50,3.29,"ת""א 125",לא נגבית עמלת הפצה,0.000
MTF מח Indx BuildAmeInfממ,5141213,קרן מחקה,4,A,"מניות בחו""ל","מניות לפי ענפים בחו""ל - מנוטרלת מט""ח",שילוב ענפים,"הקרן הינה קרן בלתי מוגבלת בני""ע חוץ,לפי מדיניות השקעותיה הקרן הינה קרן מחקה",מזרחי טפחות נאמנות,מגדל,פטורה,0.500,0.0300,12.5,20.07.2026,120.23,120.23,2.74,"Indxx Building America Infrastructure Indxx ",לא נגבית עמלת הפצה,0.000
איביאי מניות ערך,5141221,קרן פתוחה,4,B,מניות בארץ,מניות לפי שווי שוק,מניות All Cap,,יובנק נאמנות,"איביאי קרנות נאמנות ",פטורה,0.700,0.0500,0.9,21.07.2026,128.10,128.10,2.76,מניות כללי,0.35%,0.000
אש מחקה בנקים בישראל A.B,5141239,קרן מחקה,4,A,מניות בארץ,מניות לפי ענפים,בנקאות ואשראי חוץ בנקאי,לפי מדיניות השקעותיה הקרן הינה קרן מחקה,יובנק נאמנות,אלטשולר-שחם קרנות,פטורה,0.000,0.0300,31.6,21.07.2026,96.56,96.56,3.80,בנקים בישראל A.B,לא נגבית עמלת הפצה,0.000
אנליסט מניות MidCap ישראל,5141247,קרן פתוחה,4,B,מניות בארץ,מניות לפי שווי שוק,מניות Large & Mid Cap,,מזרחי טפחות נאמנות,אנליסט,פטורה,0.950,0.0300,3.5,21.07.2026,113.37,113.37,3.49,"ת""א 90",0.35%,0.000
אנליסט מדינה צמודה פלוס,5141254,קרן פתוחה,1,A,"אג""ח בארץ - מדינה","אג""ח מדינה צמוד מדד - עד 10% מניות",,,מזרחי טפחות נאמנות,אנליסט,פטורה,0.580,0.0300,2.9,21.07.2026,105.21,105.21,0.45,"תל גוב-צמודות,מניות כללי",0.35%,0.000
MTF מחIndx T10USIsraBanממ,5141262,קרן מחקה,4,A,"מניות בחו""ל","מניות גלובליות - מנוטרלת מט""ח",,"הקרן הינה קרן בלתי מוגבלת בני""ע חוץ,לפי מדיניות השקעותיה הקרן הינה קרן מחקה",מזרחי טפחות נאמנות,מגדל,פטורה,0.500,0.0300,4.2,20.07.2026,108.70,108.70,1.16,"Indxx Top 10 US-Israel Banks ",לא נגבית עמלת הפצה,0.000
"פינסה תיק אג""ח",5141270,קרן פתוחה,0,B,"אג""ח בארץ - כללי","אג""ח כללי בארץ - ללא מניות","אג""ח כללי בארץ ללא מניות עם סימן קריאה","הקרן הינה קרן בלתי מוגבלת בני""ע חוץ",יובנק נאמנות,סיגמא,פטורה,0.750,0.0400,92.0,20.07.2026,101.67,101.67,0.30,All-Bond כללי,0.35%,0.000
אש מחקה INDXX US BigData,5141288,קרן מחקה,4,D,"מניות בחו""ל","מניות לפי ענפים בחו""ל - חשופת מט""ח",Technology,"הקרן הינה קרן בלתי מוגבלת בני""ע חוץ,לפי מדיניות השקעותיה הקרן הינה קרן מחקה",יובנק נאמנות,אלטשולר-שחם קרנות,פטורה,0.800,0.0300,0.4,20.07.2026,92.93,92.93,3.06,INDXX US Big Data,לא נגבית עמלת הפצה,0.000
מיטב כספית ג'מבו,5141296,קרן פתוחה,0,0,קרן כספית,כספית שקלית,כספית שקלית עם קונצרני,,מזרחי טפחות נאמנות,מיטב קרנות נאמנות,פטורה,0.120,0.0050,1620.5,21.07.2026,1032.32,1032.32,0.00,"תל גוב-מק""מ",0.1%,0.000
מגדל כספית חיסכון,5141304,קרן פתוחה,0,0,קרן כספית,כספית שקלית,כספית שקלית עם קונצרני,,יובנק נאמנות,מגדל,פטורה,0.100,0.0050,98.8,21.07.2026,102.32,102.32,0.00,"תל גוב-מק""מ",0.1%,0.000
קסם KTF אינדקס בנקים ישרא,5141312,קרן מחקה,4,A,מניות בארץ,מניות לפי ענפים,בנקאות ואשראי חוץ בנקאי,לפי מדיניות השקעותיה הקרן הינה קרן מחקה,מזרחי טפחות נאמנות,קסם,פטורה,0.000,0.0250,183.3,21.07.2026,110.71,110.71,3.83,אינדקס בנקים ישראל,לא נגבית עמלת הפצה,0.000
קסם TR Gl Mo An iN KTF מד,5141320,קרן מחקה,4,D,"מניות בחו""ל","מניות גיאוגרפי - מנוטרלת מט""ח",גלובלי- שווקים מפותחים,"הקרן הינה קרן בלתי מוגבלת בני""ע חוץ,לפי מדיניות השקעותיה הקרן הינה קרן מחקה",אלמגור-בריטמן נאמנות,קסם,פטורה,0.700,0.0250,26.9,16.07.2026,107.11,107.11,1.61,TipRanks Global Momentum Analysts iNDEX,לא נגבית עמלת הפצה,0.000
FOREST כספית,5141353,קרן פתוחה,0,0,קרן כספית,כספית שקלית,כספית שקלית עם קונצרני,,יובנק נאמנות,פורסט,פטורה,0.050,0.0050,3489.4,21.07.2026,102.50,102.50,0.00,"תל גוב-מק""מ",0.1%,0.000
מור מחקה Nuclear Energy,5141361,קרן מחקה,4,D,"מניות בחו""ל","מניות לפי ענפים בחו""ל - חשופת מט""ח",Alternative / Renewable Energy,"הקרן הינה קרן בלתי מוגבלת בני""ע חוץ,לפי מדיניות השקעותיה הקרן הינה קרן מחקה",יובנק נאמנות,מור קרנות,פטורה,0.000,0.0200,24.7,20.07.2026,83.81,83.81,3.55,"Nuclear Energy Industry iNDEX,דולר ארה""ב",לא נגבית עמלת הפצה,0.000
"איביאי מניות חו""ל עד 30%",5141387,קרן פתוחה,4,B,"מניות בחו""ל","מניות כללי בחו""ל","מניות כללי בחו""ל מוגנת מט""ח","הקרן הינה קרן בלתי מוגבלת בני""ע חוץ",יובנק נאמנות,"איביאי קרנות נאמנות ",פטורה,0.700,0.0400,152.8,20.07.2026,136.90,136.90,3.90,S&P 500 - NTR,0.35%,0.000
פורטה Quality Equity USA,5141395,קרן פתוחה,4,D,"מניות בחו""ל",מניות גאוגרפי,"ארה""ב חשופת מט""ח","הקרן הינה קרן בלתי מוגבלת בני""ע חוץ",יובנק נאמנות,סיגמא,פטורה,1.200,0.0400,296.7,20.07.2026,107.91,107.91,1.31,"MSCI USA Quality Index ,דולר ארה""ב",0.35%,0.000
קסם BRRNY KTF ממ,5141403,קרן מחקה,4,A,נכסים דיגיטליים,Bitcoin,,"הקרן הינה קרן בלתי מוגבלת בני""ע חוץ,לפי מדיניות השקעותיה הקרן הינה קרן מחקה",הרמטיק נאמנות,קסם,פטורה,0.500,0.0300,6.2,20.07.2026,62.86,62.86,3.13,CME CF Bitcoin Reference Rate - New York Variant,לא נגבית עמלת הפצה,0.000
מור מניות מיד קפ ישראל,5141411,קרן פתוחה,4,A,מניות בארץ,מניות לפי שווי שוק,מניות Large & Mid Cap,,יובנק נאמנות,מור קרנות,פטורה,0.950,0.0300,48.3,21.07.2026,117.67,117.67,3.38,"ת""א-90 ו- CAP 0.8% SME60",0.35%,0.000
תכלית TTF שוק ההון ישראל,5141429,קרן מחקה,4,B,מניות בארץ,מניות לפי ענפים,פיננסים,"הקרן הינה קרן בלתי מוגבלת בני""ע חוץ,לפי מדיניות השקעותיה הקרן הינה קרן מחקה",אלמגור-בריטמן נאמנות,מיטב קרנות נאמנות,פטורה,0.500,0.0300,30.5,20.07.2026,124.30,124.30,3.00,אינדקס שוק ההון ישראל,לא נגבית עמלת הפצה,0.000
מיטב תא 90 פי 3,5141437,קרן פתוחה,6,A,ממונפות ואסטרטגיות,ממונפות בסיכון גבוה,,הקרן הינה קרן ממונפת,יובנק נאמנות,מיטב קרנות נאמנות,פטורה,1.500,0.0500,7.3,21.07.2026,100.70,100.45,12.30,"ת""א 90",0.35%,0.250
איילון מנ ביטחוניות ישראל,5141445,קרן פתוחה,4,B,מניות בארץ,מניות לפי ענפים,,,יובנק נאמנות,איילון,פטורה,0.800,0.0300,57.3,21.07.2026,107.88,107.88,5.83,"ת""א ביטחוניות",0.35%,0.000
י.ל. כספית כשרה,5141452,קרן פתוחה,0,0,קרן כספית,כספית שקלית,כספית שקלית עם קונצרני,קרן כשרה,יובנק נאמנות,ילין לפידות,פטורה,0.060,0.0050,3747.7,21.07.2026,102.67,102.67,0.00,"תל גוב-מק""מ",0.1%,0.000
הראל מחקה אינד פד' 2031,5141460,קרן מחקה,0,0,"אג""ח בארץ - חברות והמרה","אג""ח חברות","אג""ח חברות שקלי וצמוד",לפי מדיניות השקעותיה הקרן הינה קרן מחקה,יובנק נאמנות,הראל,פטורה,0.150,0.0200,12.0,21.07.2026,103.45,103.45,0.37,אינדקס לפדיון 2031 (מתגלגל כל 4 שנים),לא נגבית עמלת הפצה,0.000
קסם KTF תא נדלן,5141478,קרן מחקה,4,A,מניות בארץ,מניות לפי ענפים,"נדל""ן ובנייה",לפי מדיניות השקעותיה הקרן הינה קרן מחקה,הרמטיק נאמנות,קסם,פטורה,0.000,0.0300,8.3,21.07.2026,101.76,101.76,4.57,"ת""א נדל""ן",לא נגבית עמלת הפצה,0.000
מיטב בנקים ביטוח שוק ההון,5141486,קרן פתוחה,4,B,מניות בארץ,מניות לפי ענפים,,,מזרחי טפחות נאמנות,מיטב קרנות נאמנות,פטורה,0.950,0.0300,9.9,21.07.2026,112.72,112.72,4.16,"ת""א פיננסים",0.35%,0.000
קסם MVNLRITR KTF מד,5141494,קרן מחקה,4,D,"מניות בחו""ל","מניות לפי ענפים בחו""ל - מנוטרלת מט""ח",Alternative / Renewable Energy,"הקרן הינה קרן בלתי מוגבלת בני""ע חוץ,לפי מדיניות השקעותיה הקרן הינה קרן מחקה",הרמטיק נאמנות,קסם,פטורה,0.600,0.0250,9.6,16.07.2026,83.82,83.78,4.02,MarketVector Global Nuclear Energy Industry Index,לא נגבית עמלת הפצה,0.000
ב. אלטרנטיב 30/70,5141502,קרן פתוחה,2,B,"אג""ח בארץ - כללי","אג""ח כללי בארץ - עד 30% מניות",,,יובנק נאמנות,איילון,פטורה,0.780,0.0400,20.3,21.07.2026,106.92,106.92,,"All-Bond כללי,ת""א 125",0.35%,0.000
"אקהאוס מניות חו""ל",5141510,קרן פתוחה,4,D,"מניות בחו""ל","מניות כללי בחו""ל","מניות כללי בחו""ל חשופת מט""ח","הקרן הינה קרן בלתי מוגבלת בני""ע חוץ",מזרחי טפחות נאמנות,איילון,פטורה,1.750,0.0400,7.3,20.07.2026,97.93,97.93,1.14,"S&P 500 - NTR,דולר ארה""ב",0.35%,0.000
פוקוס (3C)י 50/50,5141528,קרן פתוחה,3,C,"אג""ח בארץ - כללי","אג""ח כללי בארץ - חשיפה מרבית מעל 30% מניות",,,יובנק נאמנות,איילון,פטורה,0.890,0.0400,27.5,21.07.2026,107.21,107.21,1.45,"All-Bond כללי,מניות כללי",0.35%,0.000
כרמים (2B)י 30/70,5141536,קרן פתוחה,2,B,"אג""ח בארץ - כללי","אג""ח כללי בארץ - עד 30% מניות",,,יובנק נאמנות,איילון,פטורה,0.850,0.0400,34.2,21.07.2026,108.16,108.16,1.11,"All-Bond כללי,מניות כללי",0.35%,0.000
"סיגמא תיק אג""ח+30%",5141544,קרן פתוחה,2,B,"אג""ח בארץ - כללי","אג""ח כללי בארץ - עד 30% מניות",,"הקרן הינה קרן בלתי מוגבלת בני""ע חוץ",מזרחי טפחות נאמנות,סיגמא,פטורה,0.690,0.0400,52.7,20.07.2026,110.50,110.50,0.72,"All-Bond כללי,ת""א 125",0.35%,0.000
גביש מניות ישראל,5141551,קרן פתוחה,4,B,מניות בארץ,מניות לפי שווי שוק,מניות All Cap,,יובנק נאמנות,סיגמא,פטורה,1.850,0.0400,6.3,21.07.2026,114.19,114.19,3.04,מניות כללי,0.35%,0.000
אש מחקה Nasdaq 100 ממ,5141569,קרן מחקה,4,A,"מניות בחו""ל","מניות גיאוגרפי - מנוטרלת מט""ח",אמריקה- שווקים מפותחים,"הקרן הינה קרן בלתי מוגבלת בני""ע חוץ,לפי מדיניות השקעותיה הקרן הינה קרן מחקה",מזרחי טפחות נאמנות,אלטשולר-שחם קרנות,פטורה,0.000,0.0150,12.8,20.07.2026,111.43,111.43,1.98,NASDAQ 100 - NTR,לא נגבית עמלת הפצה,0.000
אילים מדינה צמודה פלוס,5141577,קרן פתוחה,1,B,"אג""ח בארץ - מדינה","אג""ח מדינה צמוד מדד - עד 10% מניות",,,יובנק נאמנות,אילים קרנות,פטורה,0.590,0.0300,23.8,21.07.2026,103.69,103.69,0.41,"תל גוב-צמודות,מניות כללי",0.35%,0.000
תמיר פישמן 20/80,5141585,קרן פתוחה,2,B,"אג""ח בארץ - כללי","אג""ח כללי בארץ - עד 20% מניות",,"הקרן הינה קרן בלתי מוגבלת בני""ע חוץ",יובנק נאמנות,תמיר פישמן,פטורה,0.690,0.0400,1.3,20.07.2026,103.53,103.53,0.30,"All-Bond כללי,ת""א 125",0.35%,0.000
תמיר פישמן 30/70,5141593,קרן פתוחה,2,B,"אג""ח בארץ - כללי","אג""ח כללי בארץ - עד 30% מניות",,"הקרן הינה קרן בלתי מוגבלת בני""ע חוץ",יובנק נאמנות,תמיר פישמן,פטורה,0.690,0.0400,2.5,20.07.2026,107.22,107.22,0.45,"All-Bond כללי,ת""א 125",0.35%,0.000
תמיר פישמן גמישה,5141601,קרן פתוחה,4,D,גמישות,,,"הקרן הינה קרן בלתי מוגבלת בני""ע חוץ",יובנק נאמנות,תמיר פישמן,פטורה,1.490,0.0400,4.7,20.07.2026,115.75,115.75,1.51,אחר,0.35%,0.000
מיטב מניות גלובלי כשרה,5141619,קרן פתוחה,4,D,"מניות בחו""ל","מניות כללי בחו""ל","מניות כללי בחו""ל חשופת מט""ח","הקרן הינה קרן בלתי מוגבלת בני""ע חוץ,קרן כשרה",יובנק נאמנות,מיטב קרנות נאמנות,פטורה,0.950,0.0300,7.5,20.07.2026,105.44,105.44,0.83,"MSCI WORLD INDEX - NTR,דולר ארה""ב",0.35%,0.000
תכלית TTF ‏‏‏LBMA Gold ממ,5141627,קרן מחקה,4,A,סחורות,סחורה,,"הקרן הינה קרן בלתי מוגבלת בני""ע חוץ,לפי מדיניות השקעותיה הקרן הינה קרן מחקה",הרמטיק נאמנות,מיטב קרנות נאמנות,פטורה,0.950,0.0200,69.1,20.07.2026,94.90,94.87,3.75,LBMA Gold Price AM USD,לא נגבית עמלת הפצה,0.000
אש מחקה תל בונד-שקלי 5-15,5141635,קרן מחקה,0,0,"אג""ח בארץ - חברות והמרה","אג""ח חברות שקלי",בריבית קבועה - ארוך,לפי מדיניות השקעותיה הקרן הינה קרן מחקה,מזרחי טפחות נאמנות,אלטשולר-שחם קרנות,פטורה,0.000,0.0150,1.3,21.07.2026,103.80,103.80,0.59,תל בונד-שקלי 5-15,לא נגבית עמלת הפצה,0.000
"סיגמא מניות ת""א 125",5141643,קרן פתוחה,4,B,מניות בארץ,מניות לפי שווי שוק,מניות Large & Mid Cap,,מזרחי טפחות נאמנות,סיגמא,פטורה,1.250,0.0400,4.0,21.07.2026,119.48,119.48,3.55,"ת""א 125",0.35%,0.000
סיגמא מניות ערך,5141650,קרן פתוחה,4,B,מניות בארץ,מניות לפי שווי שוק,מניות All Cap,,מזרחי טפחות נאמנות,סיגמא,פטורה,1.250,0.0400,8.8,21.07.2026,122.12,122.12,3.45,מניות כללי,0.35%,0.000
סיגמא אגח מדורג ללא מניות,5141668,קרן פתוחה,0,B,"אג""ח בארץ - חברות והמרה",חברות והמרה ללא מניות,חברות והמרה ללא מניות וללא סימן קריאה,,מזרחי טפחות נאמנות,סיגמא,פטורה,0.650,0.0400,1.1,21.07.2026,99.46,99.46,0.48,תל בונד מאגר,0.35%,0.000
תכלית SP500Momentum TTF,5141676,קרן מחקה,4,D,"מניות בחו""ל","מניות גיאוגרפי - חשופת מט""ח",אמריקה- שווקים מפותחים,"הקרן הינה קרן בלתי מוגבלת בני""ע חוץ,לפי מדיניות השקעותיה הקרן הינה קרן מחקה,קרן להשקעות חוץ – מטבע עיקרי - דולר ארה""ב",אלמגור-בריטמן נאמנות,מיטב קרנות נאמנות,פטורה,0.250,0.0200,7.9,20.07.2026,117.49,117.49,2.17,"S&P 500 Momentum,דולר ארה""ב",לא נגבית עמלת הפצה,0.000
תכלית SP500Moment TTF ממ,5141684,קרן מחקה,4,A,"מניות בחו""ל","מניות גיאוגרפי - מנוטרלת מט""ח",אמריקה- שווקים מפותחים,"הקרן הינה קרן בלתי מוגבלת בני""ע חוץ,לפי מדיניות השקעותיה הקרן הינה קרן מחקה",אלמגור-בריטמן נאמנות,מיטב קרנות נאמנות,פטורה,0.250,0.0200,12.7,20.07.2026,122.40,122.40,2.46,S&P 500 Momentum,לא נגבית עמלת הפצה,0.000
ברק כספית,5141692,קרן פתוחה,0,0,קרן כספית,כספית שקלית,כספית שקלית עם קונצרני,,יובנק נאמנות,ברק,פטורה,0.000,0.0100,168.1,21.07.2026,102.50,102.40,0.00,"תל גוב-מק""מ",0.1%,0.100
תכלית TTF ‏Quantum Comput,5141718,קרן מחקה,4,D,"מניות בחו""ל","מניות לפי ענפים בחו""ל - חשופת מט""ח",Technology,"הקרן הינה קרן בלתי מוגבלת בני""ע חוץ,לפי מדיניות השקעותיה הקרן הינה קרן מחקה,קרן כשרה",אלמגור-בריטמן נאמנות,מיטב קרנות נאמנות,פטורה,0.800,0.0300,45.4,20.07.2026,87.88,87.88,,"Quantum Computing Ecosystem iNDEX,דולר ארה""ב",לא נגבית עמלת הפצה,0.000
קסם ETHUSDNY KTF,5141726,קרן מחקה,4,D,נכסים דיגיטליים,Ethereum,,"הקרן הינה קרן בלתי מוגבלת בני""ע חוץ,לפי מדיניות השקעותיה הקרן הינה קרן מחקה,קרן להשקעות חוץ – מטבע עיקרי - דולר ארה""ב",הרמטיק נאמנות,קסם,פטורה,0.500,0.0300,0.7,20.07.2026,56.73,56.73,4.19,"CME CF Ether – Dollar Reference Rate New York Variant,דולר ארה""ב",לא נגבית עמלת הפצה,0.000
"קסם KTF אינ אג""ח תש 100-ש",5141734,קרן מחקה,0,0,"אג""ח בארץ - חברות והמרה","אג""ח חברות שקלי",בריבית קבועה,לפי מדיניות השקעותיה הקרן הינה קרן מחקה,אלמגור-בריטמן נאמנות,קסם,פטורה,0.220,0.0250,66.1,21.07.2026,103.65,103.65,0.38,אינדקס אג''ח תשואות 100 - שקלי,לא נגבית עמלת הפצה,0.000
י.ל mid cap ישראל,5141742,קרן פתוחה,4,A,מניות בארץ,מניות לפי שווי שוק,מניות Large & Mid Cap,,יובנק נאמנות,ילין לפידות,פטורה,0.950,0.0300,15.9,21.07.2026,116.13,116.13,,"ת""א-90 ו- CAP 0.8% SME60",0.35%,0.000
MTF מח‏ מש תא125 SP500 ממ,5141759,קרן מחקה,4,A,אחר,,,"הקרן הינה קרן בלתי מוגבלת בני""ע חוץ,לפי מדיניות השקעותיה הקרן הינה קרן מחקה",מזרחי טפחות נאמנות,מגדל,פטורה,0.000,0.0300,24.5,20.07.2026,110.76,110.76,1.16,"ת""א 125,S&P 500 - NTR",לא נגבית עמלת הפצה,0.000
אנליסט תיק השקעות עד 50%,5141767,קרן פתוחה,3,C,"אג""ח בארץ - כללי","אג""ח כללי בארץ - חשיפה מרבית מעל 30% מניות",,"הקרן הינה קרן בלתי מוגבלת בני""ע חוץ",מזרחי טפחות נאמנות,אנליסט,פטורה,0.680,0.0300,17.7,20.07.2026,105.78,105.78,0.62,"All-Bond כללי,מניות כללי",0.35%,0.000
"הראל מחקה ת""א בטחוניות",5141775,קרן מחקה,4,A,מניות בארץ,מניות לפי ענפים,תעשיה,לפי מדיניות השקעותיה הקרן הינה קרן מחקה,יובנק נאמנות,הראל,פטורה,0.350,0.0200,267.4,21.07.2026,102.85,102.85,6.28,"ת""א ביטחוניות",לא נגבית עמלת הפצה,0.000
"הראל מחקה ת""א תשתיות",5141783,קרן מחקה,4,A,מניות בארץ,מניות לפי ענפים,תשתיות,לפי מדיניות השקעותיה הקרן הינה קרן מחקה,יובנק נאמנות,הראל,פטורה,0.250,0.0200,60.9,21.07.2026,116.92,116.92,4.13,"ת""א תשתיות",לא נגבית עמלת הפצה,0.000
סלע מניות ערך ישראל,5141791,קרן פתוחה,4,B,מניות בארץ,מניות לפי שווי שוק,מניות All Cap,,יובנק נאמנות,איילון,פטורה,1.590,0.0400,18.0,21.07.2026,105.09,105.09,3.07,"ת""א 125",0.35%,0.000
דולפין מנ L&M Cap ישראל,5141809,קרן פתוחה,4,B,מניות בארץ,מניות לפי שווי שוק,מניות Large & Mid Cap,,יובנק נאמנות,איילון,פטורה,1.590,0.0400,15.4,21.07.2026,103.42,103.42,,"ת""א 125",0.35%,0.000
ATF ממשל ארהב-מחמ דינמי מ,5141817,קרן מחקה,0,A,"אג""ח בחו""ל","ממשלתיות מנוטרלת מט""ח - ארוך",,"הקרן הינה קרן בלתי מוגבלת בני""ע חוץ,לפי מדיניות השקעותיה הקרן הינה קרן מחקה",מזרחי טפחות נאמנות,אנליסט,פטורה,0.100,0.0200,1.0,20.07.2026,98.72,98.72,0.63,"אינדקס אג""ח ממשלת ארה""ב - מח""מ דינמי",לא נגבית עמלת הפצה,0.000
יתרונות פיננסים מניותחול,5141825,קרן פתוחה,4,D,"מניות בחו""ל","מניות כללי בחו""ל","מניות כללי בחו""ל חשופת מט""ח","הקרן הינה קרן בלתי מוגבלת בני""ע חוץ",יובנק נאמנות,איילון,פטורה,1.800,0.0400,43.6,20.07.2026,106.83,106.81,2.28,"S&P 500 - NTR,דולר ארה""ב",0.35%,0.000
תכלית SuperInvestor TTFמד,5141833,קרן מחקה,4,B,"מניות בחו""ל","מניות גיאוגרפי - מנוטרלת מט""ח",אמריקה- שווקים מפותחים,"הקרן הינה קרן בלתי מוגבלת בני""ע חוץ,לפי מדיניות השקעותיה הקרן הינה קרן מחקה",אלמגור-בריטמן נאמנות,מיטב קרנות נאמנות,פטורה,0.650,0.0250,39.3,20.07.2026,113.81,113.81,,"Indxx Institutional Investors Holdings 13F ",לא נגבית עמלת הפצה,0.000
ברק אולטרה נפט WTI פי 3,5141841,קרן פתוחה,6,D,ממונפות ואסטרטגיות,ממונפות בסיכון גבוה,,"הקרן הינה קרן בלתי מוגבלת בני""ע חוץ,הקרן הינה קרן ממונפת",יובנק נאמנות,ברק,פטורה,1.800,0.1000,2.1,20.07.2026,267.76,266.47,15.24,WTI (West texs Intermediate - Light Sweet Crude Oil),0.35%,0.300
איביאי מחקה S&PEthereumממ,5141858,קרן מחקה,4,A,נכסים דיגיטליים,Ethereum,,"הקרן הינה קרן בלתי מוגבלת בני""ע חוץ,לפי מדיניות השקעותיה הקרן הינה קרן מחקה",יובנק נאמנות,"איביאי קרנות נאמנות ",פטורה,0.500,0.0230,0.6,20.07.2026,62.13,62.13,4.39,S&P Ethereum Index,לא נגבית עמלת הפצה,0.000
איביאי מחקה S&P Bitcoinממ,5141866,קרן מחקה,4,A,נכסים דיגיטליים,Bitcoin,,"הקרן הינה קרן בלתי מוגבלת בני""ע חוץ,לפי מדיניות השקעותיה הקרן הינה קרן מחקה",יובנק נאמנות,"איביאי קרנות נאמנות ",פטורה,0.200,0.0230,5.5,20.07.2026,72.45,72.45,3.18,S&P Bitcoin Index,לא נגבית עמלת הפצה,0.000
"מור אג""ח ללא מניות",5141874,קרן פתוחה,0,A,"אג""ח בארץ - כללי","אג""ח כללי בארץ - ללא מניות","אג""ח כללי בארץ ללא מניות עם סימן קריאה",,יובנק נאמנות,מור קרנות,פטורה,0.690,0.0250,58.5,21.07.2026,102.04,102.04,,All-Bond כללי,0.35%,0.000
תכלית TTF ישרא ביטחוניות,5141882,קרן מחקה,4,A,מניות בארץ,מניות לפי ענפים,תעשיה,לפי מדיניות השקעותיה הקרן הינה קרן מחקה,הרמטיק נאמנות,מיטב קרנות נאמנות,פטורה,0.350,0.0300,231.5,21.07.2026,106.62,106.62,,אינדקס תעשיות ביטחוניות ישראל,לא נגבית עמלת הפצה,0.000
פלקון (4D) תיק גמיש,5141890,קרן פתוחה,4,D,גמישות,,,"הקרן הינה קרן בלתי מוגבלת בני""ע חוץ",מזרחי טפחות נאמנות,סיגמא,פטורה,0.950,0.0400,18.0,20.07.2026,112.53,112.53,,אחר,0.35%,0.000
MTF מח תא-125 אקלים נקי,5141908,קרן מחקה,4,A,מניות בארץ,מניות לפי שווי שוק,Mid Cap & Large,לפי מדיניות השקעותיה הקרן הינה קרן מחקה,אלמגור-בריטמן נאמנות,מגדל,פטורה,0.200,0.0100,48.7,21.07.2026,4108.33,4108.33,,"ת""א 125 אקלים נקי מדלקים פוסיליים",לא נגבית עמלת הפצה,0.000
MTF מח SP Israel70MidCap,5141916,קרן מחקה,4,A,מניות בארץ,מניות לפי שווי שוק,Mid Cap,לפי מדיניות השקעותיה הקרן הינה קרן מחקה,מזרחי טפחות נאמנות,מגדל,פטורה,0.000,0.0200,2.2,21.07.2026,102.87,102.87,,(S&P Israel 70 MidCap Index (ILS,לא נגבית עמלת הפצה,0.000
MTF מח SP Israel30LarCap,5141924,קרן מחקה,4,A,מניות בארץ,מניות לפי שווי שוק,Large Cap,לפי מדיניות השקעותיה הקרן הינה קרן מחקה,מזרחי טפחות נאמנות,מגדל,פטורה,0.000,0.0150,14.6,21.07.2026,121.69,121.69,,(S&P Israel 30 LargeCap (ILS,לא נגבית עמלת הפצה,0.000
אלפי בנדק תיק השקעות 50%,5141932,קרן פתוחה,3,C,"אג""ח בארץ - כללי","אג""ח כללי בארץ - חשיפה מרבית מעל 30% מניות",,"הקרן הינה קרן בלתי מוגבלת בני""ע חוץ",יובנק נאמנות,הראל,פטורה,0.850,0.0400,8.1,20.07.2026,104.06,104.06,,"All-Bond כללי,ת""א 125",0.35%,0.000
פורצ'ן (2B)י 30/70,5141940,קרן פתוחה,2,B,"אג""ח בארץ - כללי","אג""ח כללי בארץ - עד 30% מניות",,"הקרן הינה קרן בלתי מוגבלת בני""ע חוץ",מזרחי טפחות נאמנות,איילון,פטורה,0.890,0.0400,19.6,20.07.2026,102.70,102.70,,"All-Bond כללי,S&P 500 - NTR,דולר ארה""ב",0.35%,0.000
קסם Bullet KTF ישראל 2035,5141957,קרן מחקה,0,0,"אג""ח בארץ - חברות והמרה","אג""ח חברות","אג""ח חברות שקלי וצמוד",לפי מדיניות השקעותיה הקרן הינה קרן מחקה,הרמטיק נאמנות,קסם,פטורה,0.220,0.0300,24.3,21.07.2026,101.91,101.91,,אינדקס Bullet ישראל 2035,לא נגבית עמלת הפצה,0.000
קסם Bullet KTF ישראל 2034,5141965,קרן מחקה,0,0,"אג""ח בארץ - חברות והמרה","אג""ח חברות","אג""ח חברות שקלי וצמוד",לפי מדיניות השקעותיה הקרן הינה קרן מחקה,הרמטיק נאמנות,קסם,פטורה,0.220,0.0300,41.3,21.07.2026,103.22,103.22,,אינדקס Bullet ישראל 2034,לא נגבית עמלת הפצה,0.000
קסם Bullet KTF ישראל 2033,5141973,קרן מחקה,0,0,"אג""ח בארץ - חברות והמרה","אג""ח חברות","אג""ח חברות שקלי וצמוד",לפי מדיניות השקעותיה הקרן הינה קרן מחקה,הרמטיק נאמנות,קסם,פטורה,0.220,0.0300,31.1,21.07.2026,103.01,103.01,,אינדקס Bullet ישראל 2033,לא נגבית עמלת הפצה,0.000
"MTF מחקה ת""א - בנייה",5141981,קרן מחקה,4,A,מניות בארץ,מניות לפי ענפים,"נדל""ן ובנייה",לפי מדיניות השקעותיה הקרן הינה קרן מחקה,אלמגור-בריטמן נאמנות,מגדל,פטורה,0.000,0.0300,6.3,21.07.2026,90.45,90.45,,"ת""א-בנייה",לא נגבית עמלת הפצה,0.000
אש מחקה INDXX US D.C.E ממ,5141999,קרן מחקה,4,A,"מניות בחו""ל","מניות לפי ענפים בחו""ל - מנוטרלת מט""ח",שילוב ענפים,"הקרן הינה קרן בלתי מוגבלת בני""ע חוץ,לפי מדיניות השקעותיה הקרן הינה קרן מחקה",מזרחי טפחות נאמנות,אלטשולר-שחם קרנות,פטורה,0.800,0.0150,106.4,20.07.2026,110.04,110.04,,INDXX US Data Center Ecosystem,לא נגבית עמלת הפצה,0.000
MTF מח BStarT10Nuclearמד,5142005,קרן מחקה,4,D,"מניות בחו""ל","מניות לפי ענפים בחו""ל - מנוטרלת מט""ח",Alternative / Renewable Energy,"הקרן הינה קרן בלתי מוגבלת בני""ע חוץ,לפי מדיניות השקעותיה הקרן הינה קרן מחקה",מזרחי טפחות נאמנות,מגדל,פטורה,0.000,0.0200,3.7,16.07.2026,73.12,73.10,,BlueStar Top 10 Nuclear Industry,לא נגבית עמלת הפצה,0.000
איביאי מחקה אינמבטחמשגלמד,5142013,קרן מחקה,4,D,"מניות בחו""ל","מניות לפי ענפים בחו""ל - מנוטרלת מט""ח",Financial,"הקרן הינה קרן בלתי מוגבלת בני""ע חוץ,לפי מדיניות השקעותיה הקרן הינה קרן מחקה",יובנק נאמנות,"איביאי קרנות נאמנות ",פטורה,0.400,0.0230,7.6,20.07.2026,105.98,105.98,,אינדקס מבטחי משנה גלובלי,לא נגבית עמלת הפצה,0.000
"הראל מחקה ת""א נדל""ן-35",5142021,קרן מחקה,4,A,מניות בארץ,מניות לפי ענפים,"נדל""ן ובנייה",לפי מדיניות השקעותיה הקרן הינה קרן מחקה,יובנק נאמנות,הראל,פטורה,0.000,0.0200,5.5,21.07.2026,89.02,89.02,,"ת""א נדל""ן-35",לא נגבית עמלת הפצה,0.000
תכלית TTF תא נדלן-35,5142039,קרן מחקה,4,A,מניות בארץ,מניות לפי ענפים,"נדל""ן ובנייה",לפי מדיניות השקעותיה הקרן הינה קרן מחקה,מזרחי טפחות נאמנות,מיטב קרנות נאמנות,פטורה,0.000,0.0200,20.7,21.07.2026,88.97,88.97,,"ת""א נדל""ן-35",לא נגבית עמלת הפצה,0.000
MTF מח Ind Indstrl Elect,5142047,קרן מחקה,4,D,"מניות בחו""ל","מניות לפי ענפים בחו""ל - חשופת מט""ח",Industrials,"הקרן הינה קרן בלתי מוגבלת בני""ע חוץ,לפי מדיניות השקעותיה הקרן הינה קרן מחקה",מזרחי טפחות נאמנות,מגדל,פטורה,0.800,0.0400,65.4,20.07.2026,101.75,101.74,,"Indxx US Industrial Electrification Ecosystem,דולר ארה""ב",לא נגבית עמלת הפצה,0.000
MTF מח Crypto EcosystiND,5142054,קרן מחקה,4,D,"מניות בחו""ל","מניות לפי ענפים בחו""ל - חשופת מט""ח",Technology,"הקרן הינה קרן בלתי מוגבלת בני""ע חוץ,לפי מדיניות השקעותיה הקרן הינה קרן מחקה",מזרחי טפחות נאמנות,מגדל,פטורה,0.800,0.0300,1.8,20.07.2026,91.03,91.00,,"Crypto Ecosystem iNDEX,דולר ארה""ב",לא נגבית עמלת הפצה,0.000
מגדל כספית דולרי נקוב$כשר,5142062,קרן פתוחה,0,D,קרן כספית,"כספית מט""חית עם קונצרני","נקובת מט""ח","הקרן הינה קרן בלתי מוגבלת בני""ע חוץ,יחידות הקרן נקובות ב- $,קרן להשקעות חוץ – מטבע עיקרי - דולר ארה""ב,קרן להשק חוץ-פטור ממס לתושבי חוץ,קרן כשרה",יובנק נאמנות,מגדל,פטורה,0.100,0.0100,187.9,20.07.2026,101.02,101.02,,אחר,0.1%,0.000
MTF מח Ind USQnt CompEco,5142070,קרן מחקה,4,D,"מניות בחו""ל","מניות לפי ענפים בחו""ל - חשופת מט""ח",Technology,"הקרן הינה קרן בלתי מוגבלת בני""ע חוץ,לפי מדיניות השקעותיה הקרן הינה קרן מחקה",מזרחי טפחות נאמנות,מגדל,פטורה,0.800,0.0300,10.3,20.07.2026,90.58,90.56,,"Indxx US Quantum Computing Ecosystem,דולר ארה""ב",לא נגבית עמלת הפצה,0.000
קסם MVIDITR KTF,5142088,קרן מחקה,4,A,מניות בארץ,מניות לפי ענפים,תעשיה,לפי מדיניות השקעותיה הקרן הינה קרן מחקה,מזרחי טפחות נאמנות,קסם,פטורה,0.200,0.0250,79.6,21.07.2026,80.44,80.44,,"MarketVector תעשיות בטחוניות ישראליות ",לא נגבית עמלת הפצה,0.000
קסם GOLDLNPM KTF ממ,5142096,קרן מחקה,4,A,סחורות,סחורה,,"הקרן הינה קרן בלתי מוגבלת בני""ע חוץ,לפי מדיניות השקעותיה הקרן הינה קרן מחקה",מזרחי טפחות נאמנות,קסם,פטורה,0.950,0.0250,21.8,20.07.2026,85.42,85.42,,LBMA Gold Price PM,לא נגבית עמלת הפצה,0.000
קסם KTF תלבונד ש A,5142104,קרן מחקה,0,0,"אג""ח בארץ - חברות והמרה","אג""ח חברות שקלי",בריבית קבועה,לפי מדיניות השקעותיה הקרן הינה קרן מחקה,מזרחי טפחות נאמנות,קסם,פטורה,0.000,0.0250,28.5,21.07.2026,100.63,100.63,,תל בונד-שקלי A,לא נגבית עמלת הפצה,0.000
קסם KTF תלבונד-שקלי 5-15,5142112,קרן מחקה,0,0,"אג""ח בארץ - חברות והמרה","אג""ח חברות שקלי",בריבית קבועה - ארוך,לפי מדיניות השקעותיה הקרן הינה קרן מחקה,הרמטיק נאמנות,קסם,פטורה,0.000,0.0250,19.6,21.07.2026,101.90,101.90,,תל בונד-שקלי 5-15,לא נגבית עמלת הפצה,0.000
קסם KTF תלבונד צמוד 5-15,5142120,קרן מחקה,0,0,"אג""ח בארץ - חברות והמרה","אג""ח חברות צמודות מדד",בריבית קבועה - ארוך,לפי מדיניות השקעותיה הקרן הינה קרן מחקה,מזרחי טפחות נאמנות,קסם,פטורה,0.000,0.0250,4.2,21.07.2026,102.72,102.72,,תל בונד-צמודות 5-15,לא נגבית עמלת הפצה,0.000
י.ל מחקה קונצרני ארוך צמד,5142138,קרן מחקה,0,0,"אג""ח בארץ - חברות והמרה","אג""ח חברות צמודות מדד",בריבית קבועה - ארוך,לפי מדיניות השקעותיה הקרן הינה קרן מחקה,יובנק נאמנות,ילין לפידות,פטורה,0.100,0.0200,0.2,21.07.2026,102.93,102.93,,quabify קונצרני ארוך צמוד,לא נגבית עמלת הפצה,0.000
י.ל מחקה קונצרני ארוך שקל,5142146,קרן מחקה,0,0,"אג""ח בארץ - חברות והמרה","אג""ח חברות שקלי",בריבית קבועה - ארוך,לפי מדיניות השקעותיה הקרן הינה קרן מחקה,יובנק נאמנות,ילין לפידות,פטורה,0.100,0.0200,2.0,21.07.2026,102.35,102.35,,quabify קונצרני ארוך שקלי,לא נגבית עמלת הפצה,0.000
י.ל מחקה Nasdaq 100,5142153,קרן מחקה,4,D,"מניות בחו""ל","מניות גיאוגרפי - חשופת מט""ח",אמריקה- שווקים מפותחים,"הקרן הינה קרן בלתי מוגבלת בני""ע חוץ,לפי מדיניות השקעותיה הקרן הינה קרן מחקה",יובנק נאמנות,ילין לפידות,פטורה,0.000,0.0200,10.9,20.07.2026,113.04,113.04,,"NASDAQ 100 - NTR,דולר ארה""ב",לא נגבית עמלת הפצה,0.000
י.ל מחקה Nasdaq 100 ממ,5142161,קרן מחקה,4,A,"מניות בחו""ל","מניות גיאוגרפי - מנוטרלת מט""ח",אמריקה- שווקים מפותחים,"הקרן הינה קרן בלתי מוגבלת בני""ע חוץ,לפי מדיניות השקעותיה הקרן הינה קרן מחקה",יובנק נאמנות,ילין לפידות,פטורה,0.000,0.0100,18.4,20.07.2026,113.95,113.95,,NASDAQ 100 - NTR,לא נגבית עמלת הפצה,0.000
י.ל מחקה ממשל שקלי מחמ 10,5142179,קרן מחקה,0,0,"אג""ח בארץ - מדינה","אג""ח מדינה שקליות",ריבית קבועה - ארוך,לפי מדיניות השקעותיה הקרן הינה קרן מחקה,יובנק נאמנות,ילין לפידות,פטורה,0.000,0.0150,4.0,21.07.2026,101.68,101.68,,"quabify ממשלתי שקלי מח""מ קבוע 10",לא נגבית עמלת הפצה,0.000
הראל מחקה תא בנקיםבטוח מש,5142187,קרן מחקה,4,A,מניות בארץ,מניות לפי ענפים,שילוב ענפים,לפי מדיניות השקעותיה הקרן הינה קרן מחקה,יובנק נאמנות,הראל,פטורה,0.300,0.0200,4.5,21.07.2026,95.23,95.23,,"ת""א-בנקים וביטוח משקל שווה",לא נגבית עמלת הפצה,0.000
קסם ITRR10Y KTF ממ,5142195,קרן מחקה,0,A,"אג""ח בחו""ל","ממשלתיות מנוטרלת מט""ח - ארוך",,"הקרן הינה קרן בלתי מוגבלת בני""ע חוץ,לפי מדיניות השקעותיה הקרן הינה קרן מחקה",אלמגור-בריטמן נאמנות,קסם,פטורה,0.150,0.0250,107.6,20.07.2026,96.38,96.38,,+iBoxx $ Treasuries 10Y,לא נגבית עמלת הפצה,0.000
איילון פאי ביטחוניות עולמ,5142203,קרן פתוחה,4,D,"מניות בחו""ל","מניות לפי ענפים בחו""ל",,"הקרן הינה קרן בלתי מוגבלת בני""ע חוץ",יובנק נאמנות,איילון,פטורה,0.850,0.0300,3.8,20.07.2026,94.34,94.34,,"S&P Aerospace & Defense Select Industry Index - NTR,דולר ארה""ב",0.35%,0.000
דרך 10/90 כשר,5142211,קרן פתוחה,1,A,"אג""ח בארץ - כללי","אג""ח כללי בארץ - עד 10% מניות","אג""ח כללי בארץ- עד 10% מניות ללא סימן קריאה",קרן כשרה,יובנק נאמנות,סיגמא,פטורה,0.800,0.0400,7.3,21.07.2026,101.26,101.26,,"All-Bond כללי,ת""א 125",0.35%,0.000
דרך מניות ישראל כשרה,5142229,קרן פתוחה,4,A,מניות בארץ,מניות לפי שווי שוק,מניות All Cap,קרן כשרה,יובנק נאמנות,סיגמא,פטורה,1.850,0.0400,7.6,21.07.2026,93.84,93.84,,מניות כללי,0.35%,0.000
MTF מח INDXביטחוני ישראל,5142237,קרן מחקה,4,A,מניות בארץ,מניות לפי ענפים,תעשיה,לפי מדיניות השקעותיה הקרן הינה קרן מחקה,מזרחי טפחות נאמנות,מגדל,פטורה,0.000,0.0300,11.5,21.07.2026,79.27,79.27,,"INDXX ביטחוניות ישראל ",לא נגבית עמלת הפצה,0.000
"MTF מחקה (00) אינדקס אג""ח",5142245,קרן מחקה,0,0,"אג""ח בארץ - חברות והמרה","אג""ח חברות","אג""ח חברות שקלי וצמוד",לפי מדיניות השקעותיה הקרן הינה קרן מחקה,מזרחי טפחות נאמנות,מגדל,פטורה,0.000,0.0200,31.6,21.07.2026,102.30,102.30,,"אינדקס אג""ח בנקים וביטוח 5-10",לא נגבית עמלת הפצה,0.000
איילון כספית כשרה,5142252,קרן פתוחה,0,0,קרן כספית,כספית שקלית,כספית שקלית עם קונצרני,קרן כשרה,מזרחי טפחות נאמנות,איילון,פטורה,0.050,0.0050,1133.7,21.07.2026,101.42,101.42,,"תל גוב-מק""מ",0.1%,0.000
אקורד (!) תיק קונצרני,5142260,קרן פתוחה,0,A,"אג""ח בארץ - חברות והמרה",חברות והמרה ללא מניות,חברות והמרה ללא מניות עם סימן קריאה,,יובנק נאמנות,איילון,פטורה,0.770,0.0400,6.0,21.07.2026,101.57,101.57,,"אג""ח כללי - קונצרני",0.35%,0.000
אינווסטור 360 מ חול נקוב$,5142278,קרן פתוחה,4,D,"מניות בחו""ל","מניות כללי בחו""ל","מניות חו""ל נקובת מט""ח","הקרן הינה קרן בלתי מוגבלת בני""ע חוץ,יחידות הקרן נקובות ב- $",יובנק נאמנות,איילון,פטורה,0.900,0.0400,29.5,20.07.2026,114.55,114.55,,S&P 500 - NTR,0.35%,0.000
מיטב מניות יתר,5142294,קרן פתוחה,4,B,מניות בארץ,מניות לפי שווי שוק,מניות Small Cap,,מזרחי טפחות נאמנות,מיטב קרנות נאמנות,פטורה,1.200,0.0300,2.8,21.07.2026,110.29,110.29,,יתר מניות,0.35%,0.000
MTF מח Indx Pure Space מד,5142302,קרן מחקה,4,D,"מניות בחו""ל","מניות לפי ענפים בחו""ל - מנוטרלת מט""ח",Aerospace & Defense,"הקרן הינה קרן בלתי מוגבלת בני""ע חוץ,לפי מדיניות השקעותיה הקרן הינה קרן מחקה",מזרחי טפחות נאמנות,מגדל,פטורה,0.500,0.0300,5.3,16.07.2026,72.84,72.84,,Indxx Pure Space Industry,לא נגבית עמלת הפצה,0.000
א.ש (4D)י LeadingApp,5142310,קרן פתוחה,4,D,"מניות בחו""ל","מניות לפי ענפים בחו""ל",,"הקרן הינה קרן בלתי מוגבלת בני""ע חוץ",יובנק נאמנות,אלטשולר-שחם קרנות,פטורה,1.250,0.0400,1.1,20.07.2026,104.65,104.65,,"Dow Jones Internet Composite Index - NTR,דולר ארה""ב",0.35%,0.000
MTF מח אנד רחפנ גלובלי מד,5142328,קרן מחקה,4,D,"מניות בחו""ל","מניות לפי ענפים בחו""ל - מנוטרלת מט""ח",Technology,"הקרן הינה קרן בלתי מוגבלת בני""ע חוץ,לפי מדיניות השקעותיה הקרן הינה קרן מחקה,קרן כשרה",מזרחי טפחות נאמנות,מגדל,פטורה,0.800,0.0300,2.8,16.07.2026,91.56,91.56,,"אינדקס רחפנים וכטב""מים גלובלי",לא נגבית עמלת הפצה,0.000
מגדל זהב,5142336,קרן פתוחה,5,D,"מניות בחו""ל","מניות לפי ענפים בחו""ל",,"הקרן הינה קרן בלתי מוגבלת בני""ע חוץ",יובנק נאמנות,מגדל,פטורה,0.700,0.0300,6.9,20.07.2026,93.05,93.05,,"GOLD SPOT $/OZ INDEX,דולר ארה""ב",0.35%,0.000
MTF מח אנ ישראל2035 10ש$,5142344,קרן מחקה,0,D,"אג""ח בחו""ל","ממשלתיות חשופת מט""ח - ארוך",,"הקרן הינה קרן בלתי מוגבלת בני""ע חוץ,לפי מדיניות השקעותיה הקרן הינה קרן מחקה,יחידות הקרן נקובות ב- $,קרן להשקעות חוץ – מטבע עיקרי - דולר ארה""ב",מזרחי טפחות נאמנות,מגדל,פטורה,0.200,0.0200,49.5,20.07.2026,99.50,99.50,,אינדקס מדינת ישראל דולר לפדיון 2035 (מתגלגל כל 10 שנים),לא נגבית עמלת הפצה,0.000
איילון מניות נדלן למגורים,5142351,קרן פתוחה,4,A,מניות בארץ,מניות לפי ענפים,,,יובנק נאמנות,איילון,פטורה,0.690,0.0300,0.2,21.07.2026,88.96,88.96,,"ת""א-בנייה",0.35%,0.000
קסם אקטיב מנ תעש בטחוניות,5142369,קרן פתוחה,4,B,מניות בארץ,מניות לפי ענפים,,"הקרן הינה קרן בלתי מוגבלת בני""ע חוץ",הרמטיק נאמנות,קסם,פטורה,0.650,0.0400,3.0,20.07.2026,80.89,80.89,,"ת""א ביטחוניות,S&P Aerospace & Defense Select Industry Index - NTR",0.35%,0.000
קסם אקטיב כספית כשרה,5142377,קרן פתוחה,0,0,קרן כספית,כספית שקלית,כספית שקלית עם קונצרני,קרן כשרה,הרמטיק נאמנות,קסם,פטורה,0.025,0.0100,1452.3,21.07.2026,1013.42,1013.42,,"תל גוב-מק""מ",0.1%,0.000
סלע (3C)י 50/50,5142393,קרן פתוחה,3,C,"אג""ח בארץ - כללי","אג""ח כללי בארץ - חשיפה מרבית מעל 30% מניות",,"הקרן הינה קרן בלתי מוגבלת בני""ע חוץ",יובנק נאמנות,איילון,פטורה,0.850,0.0400,5.9,20.07.2026,99.67,99.67,,"All-Bond כללי,מניות כללי",0.35%,0.000
אנליסט 10/90 מודל ESG,5142401,קרן פתוחה,1,B,"אג""ח בארץ - כללי","אג""ח כללי בארץ - עד 10% מניות","אג""ח כללי בארץ- עד 10% מניות ללא סימן קריאה",,מזרחי טפחות נאמנות,אנליסט,פטורה,0.480,0.0150,1.1,21.07.2026,102.50,102.50,,"All-Bond כללי,מניות כללי",0.35%,0.000
"א.ש מחקה ת""א 35",5142419,קרן מחקה,4,A,מניות בארץ,מניות לפי שווי שוק,Large Cap,לפי מדיניות השקעותיה הקרן הינה קרן מחקה,יובנק נאמנות,אלטשולר-שחם קרנות,פטורה,0.000,0.0250,44.9,21.07.2026,98.43,98.43,,"ת""א-35",לא נגבית עמלת הפצה,0.000
קסם KTF אי אנרגיה ישראלי,5142427,קרן מחקה,4,A,מניות בארץ,מניות לפי ענפים,"נפט, גז ואנרגיה",לפי מדיניות השקעותיה הקרן הינה קרן מחקה,אלמגור-בריטמן נאמנות,קסם,פטורה,0.250,0.0200,3.5,21.07.2026,102.28,102.28,,אינדקס אנרגיה ישראלית,לא נגבית עמלת הפצה,0.000
קסם MVIIITR KTF,5142435,קרן מחקה,4,A,מניות בארץ,מניות לפי ענפים,תשתיות,לפי מדיניות השקעותיה הקרן הינה קרן מחקה,הרמטיק נאמנות,קסם,פטורה,0.200,0.0300,3.6,21.07.2026,94.48,94.48,,"MarketVector תשתיות ישראל ",לא נגבית עמלת הפצה,0.000
הראל מחקה תלבנד שק-בנקביט,5142443,קרן מחקה,0,0,"אג""ח בארץ - חברות והמרה","אג""ח חברות שקלי",בריבית קבועה,לפי מדיניות השקעותיה הקרן הינה קרן מחקה,מזרחי טפחות נאמנות,הראל,פטורה,0.000,0.0200,27.5,21.07.2026,101.86,101.86,,תל בונד שקלי- בנקים וביטוח,לא נגבית עמלת הפצה,0.000
ברק אולטרה ראסל2000 פי 3,5142450,קרן פתוחה,6,D,ממונפות ואסטרטגיות,ממונפות בסיכון גבוה,,"הקרן הינה קרן בלתי מוגבלת בני""ע חוץ,הקרן הינה קרן ממונפת",יובנק נאמנות,ברק,פטורה,1.800,0.1000,2.4,20.07.2026,147.70,147.10,,RUSSELL 2000 - NTR,0.35%,0.300
איביאי מחקה MSCIACWEXU מד,5142476,קרן מחקה,4,A,"מניות בחו""ל","מניות גלובליות - מנוטרלת מט""ח",,"הקרן הינה קרן בלתי מוגבלת בני""ע חוץ,לפי מדיניות השקעותיה הקרן הינה קרן מחקה",יובנק נאמנות,"איביאי קרנות נאמנות ",פטורה,0.000,0.0230,31.0,16.07.2026,98.20,98.20,,"MSCI AC World EX USA Index ",לא נגבית עמלת הפצה,0.000
איביאי מחקה MVSpaceInduמד,5142484,קרן מחקה,4,D,"מניות בחו""ל","מניות לפי ענפים בחו""ל - מנוטרלת מט""ח",Aerospace & Defense,"הקרן הינה קרן בלתי מוגבלת בני""ע חוץ,לפי מדיניות השקעותיה הקרן הינה קרן מחקה",יובנק נאמנות,"איביאי קרנות נאמנות ",פטורה,0.650,0.0230,129.1,16.07.2026,84.20,84.18,,MarketVector Space Industry Index,לא נגבית עמלת הפצה,0.000
א.ש מחקה AB US Top15 HC,5142492,קרן מחקה,4,D,"מניות בחו""ל","מניות לפי ענפים בחו""ל - חשופת מט""ח",Health Care,"הקרן הינה קרן בלתי מוגבלת בני""ע חוץ,לפי מדיניות השקעותיה הקרן הינה קרן מחקה",מזרחי טפחות נאמנות,אלטשולר-שחם קרנות,פטורה,0.800,0.0300,0.6,20.07.2026,114.80,114.80,,AlphaBeta US Top 15 Healthcare,לא נגבית עמלת הפצה,0.000
מור מניות תע ביטחונ ישראל,5142526,קרן פתוחה,4,B,מניות בארץ,מניות לפי ענפים,,,יובנק נאמנות,מור קרנות,פטורה,0.900,0.0300,,21.07.2026,101.30,101.30,,"ת""א ביטחוניות",0.35%,0.000
י.ל כספית דולרית $,5142534,קרן פתוחה,0,D,קרן כספית,"כספית מט""חית עם קונצרני","נקובת מט""ח","הקרן הינה קרן בלתי מוגבלת בני""ע חוץ,יחידות הקרן נקובות ב- $,קרן להשקעות חוץ – מטבע עיקרי - דולר ארה""ב,קרן להשק חוץ-פטור ממס לתושבי חוץ",יובנק נאמנות,ילין לפידות,פטורה,0.100,0.0050,0.8,20.07.2026,100.26,100.26,,אחר,0.1%,0.000
מגדל מניות תשתיות ישראל,5142567,קרן פתוחה,4,A,מניות בארץ,מניות לפי ענפים,,,יובנק נאמנות,מגדל,פטורה,0.500,0.0300,0.1,21.07.2026,102.93,102.93,,אינדקס תשתיות לאומיות ישראל,0.35%,0.000
תכלית TTF תעשיית החלל מד,5142575,קרן מחקה,4,D,"מניות בחו""ל","מניות לפי ענפים בחו""ל - מנוטרלת מט""ח",Aerospace & Defense,"הקרן הינה קרן בלתי מוגבלת בני""ע חוץ,לפי מדיניות השקעותיה הקרן הינה קרן מחקה",אלמגור-בריטמן נאמנות,מיטב קרנות נאמנות,פטורה,0.500,0.0250,24.3,20.07.2026,79.85,79.83,,אינדקס תעשיית החלל גלובלי,לא נגבית עמלת הפצה,0.000
תכלית MSCI EM TTF מד,5142591,קרן מחקה,4,A,"מניות בחו""ל","מניות גיאוגרפי - מנוטרלת מט""ח",גלובלי- שווקים מתעוררים,"הקרן הינה קרן בלתי מוגבלת בני""ע חוץ,לפי מדיניות השקעותיה הקרן הינה קרן מחקה",הרמטיק נאמנות,מיטב קרנות נאמנות,פטורה,0.590,0.0300,6.4,15.07.2026,97.28,97.28,,MSCI EMERGING MARKETS - NTR,לא נגבית עמלת הפצה,0.000
תכלית TTF אנרגיה ישראלית,5142609,קרן מחקה,4,A,מניות בארץ,מניות לפי ענפים,"נפט, גז ואנרגיה",לפי מדיניות השקעותיה הקרן הינה קרן מחקה,הרמטיק נאמנות,מיטב קרנות נאמנות,פטורה,0.250,0.0200,5.0,21.07.2026,96.31,96.31,,אינדקס אנרגיה ישראלית,לא נגבית עמלת הפצה,0.000
תכלית WorldT100exUS TTFמד,5142617,קרן מחקה,4,D,"מניות בחו""ל","מניות גיאוגרפי - מנוטרלת מט""ח",גלובלי- שווקים מפותחים,"הקרן הינה קרן בלתי מוגבלת בני""ע חוץ,לפי מדיניות השקעותיה הקרן הינה קרן מחקה",אלמגור-בריטמן נאמנות,מיטב קרנות נאמנות,פטורה,0.500,0.0300,4.2,16.07.2026,100.14,100.14,,World Top 100 ex US iNDEX,לא נגבית עמלת הפצה,0.000
תכלית TTF תא טכנולוגיה35,5142625,קרן מחקה,4,A,מניות בארץ,מניות לפי ענפים,טכנולוגיה,לפי מדיניות השקעותיה הקרן הינה קרן מחקה,יובנק נאמנות,מיטב קרנות נאמנות,פטורה,0.000,0.0200,16.0,21.07.2026,99.49,99.49,,"ת""א טכנולוגיה 35",לא נגבית עמלת הפצה,0.000
ATF פרויקט מניב נדלן אנרג,5142633,קרן מחקה,4,A,מניות בארץ,מניות לפי ענפים,שילוב ענפים,לפי מדיניות השקעותיה הקרן הינה קרן מחקה,מזרחי טפחות נאמנות,אנליסט,פטורה,0.450,0.0200,2.0,21.07.2026,95.53,95.53,,"אינדקס חברות פרויקטים מניבים (נדל""ן ואנרגיה) ישראל",לא נגבית עמלת הפצה,0.000
תכלית SP500 3AISec TTF ממ,5142641,קרן מחקה,4,A,"מניות בחו""ל","מניות גיאוגרפי - מנוטרלת מט""ח",אמריקה- שווקים מפותחים,"הקרן הינה קרן בלתי מוגבלת בני""ע חוץ,לפי מדיניות השקעותיה הקרן הינה קרן מחקה",הרמטיק נאמנות,מיטב קרנות נאמנות,פטורה,0.650,0.0300,4.0,20.07.2026,101.36,101.36,,S&P 500 3AI Sector Rotator,לא נגבית עמלת הפצה,0.000
מגדל מניות אנרגיה ישראל,5142658,קרן פתוחה,4,A,מניות בארץ,מניות לפי ענפים,,,יובנק נאמנות,מגדל,פטורה,0.500,0.0300,0.8,21.07.2026,104.87,104.87,,אינדקס אנרגיה ישראלית,0.35%,0.000
קסם אקטיב מנ אנרג מתחדשת,5142666,קרן פתוחה,4,B,מניות בארץ,מניות לפי ענפים,,,הרמטיק נאמנות,קסם,פטורה,0.650,0.0400,1.1,21.07.2026,91.21,91.21,,"ת""א-קלינטק",0.35%,0.000
"אילים אג""ח והנפקות",5142674,קרן פתוחה,0,B,"אג""ח בארץ - כללי","אג""ח כללי בארץ - ללא מניות","אג""ח כללי בארץ ללא מניות וללא סימן קריאה",,יובנק נאמנות,אילים קרנות,פטורה,0.590,0.0300,1.5,21.07.2026,100.99,100.99,,All-Bond כללי,0.35%,0.000
מור מחקה US Technology,5142682,קרן מחקה,4,D,"מניות בחו""ל","מניות לפי ענפים בחו""ל - חשופת מט""ח",Technology,"הקרן הינה קרן בלתי מוגבלת בני""ע חוץ,לפי מדיניות השקעותיה הקרן הינה קרן מחקה",יובנק נאמנות,מור קרנות,פטורה,0.500,0.0200,21.8,20.07.2026,109.56,109.56,,"אינדקס US Technology Services 50,דולר ארה""ב",לא נגבית עמלת הפצה,0.000
MTF מח אנ אנרגיה מתחד ישר,5142690,קרן מחקה,4,A,מניות בארץ,מניות לפי ענפים,"נפט, גז ואנרגיה",לפי מדיניות השקעותיה הקרן הינה קרן מחקה,מזרחי טפחות נאמנות,מגדל,פטורה,0.500,0.0200,1.2,21.07.2026,98.45,98.45,,אינדקס אנרגיה מתחדשת ישראל,לא נגבית עמלת הפצה,0.000
ATF מחקה תל בונד 60 שקלי,5142732,קרן מחקה,0,0,"אג""ח בארץ - חברות והמרה","אג""ח חברות שקלי",בריבית קבועה,לפי מדיניות השקעותיה הקרן הינה קרן מחקה,מזרחי טפחות נאמנות,אנליסט,פטורה,0.100,0.0100,7.9,21.07.2026,100.89,100.89,,תל בונד 60 שקלי,לא נגבית עמלת הפצה,0.000
ATF תלבונד AA פיזור מנפיק,5142740,קרן מחקה,0,0,"אג""ח בארץ - חברות והמרה","אג""ח חברות","אג""ח חברות שקלי וצמוד",לפי מדיניות השקעותיה הקרן הינה קרן מחקה,מזרחי טפחות נאמנות,אנליסט,פטורה,0.100,0.0150,1.3,21.07.2026,100.60,100.60,,תל בונד AA פיזור מנפיקים,לא נגבית עמלת הפצה,0.000
ATF תל בונד A פיזור מנפיק,5142757,קרן מחקה,0,0,"אג""ח בארץ - חברות והמרה","אג""ח חברות","אג""ח חברות שקלי וצמוד",לפי מדיניות השקעותיה הקרן הינה קרן מחקה,מזרחי טפחות נאמנות,אנליסט,פטורה,0.100,0.0150,5.7,21.07.2026,100.69,100.69,,תל בונד A פיזור מנפיקים,לא נגבית עמלת הפצה,0.000
איביאי מחקה אינ תירות ישר,5142765,קרן מחקה,4,A,מניות בארץ,מניות לפי ענפים,ענפים אחרים,לפי מדיניות השקעותיה הקרן הינה קרן מחקה,יובנק נאמנות,"איביאי קרנות נאמנות ",פטורה,0.400,0.0200,0.9,21.07.2026,97.84,97.84,,אינדקס תיירות ישראל,לא נגבית עמלת הפצה,0.000
"הראל מחקה ת""א 125 נקובה $",5142799,קרן מחקה,4,D,מניות בארץ,מניות לפי שווי שוק,Mid Cap & Large,"הקרן הינה קרן בלתי מוגבלת בני""ע חוץ,לפי מדיניות השקעותיה הקרן הינה קרן מחקה,יחידות הקרן נקובות ב- $,קרן להשקעות חוץ – מטבע עיקרי - דולר ארה""ב",יובנק נאמנות,הראל,פטורה,0.000,0.0200,16.3,20.07.2026,95.68,95.68,,"ת""א 125,דולר ארה""ב",לא נגבית עמלת הפצה,0.000
MTF מח IndGloMemoryChipמד,5142823,קרן מחקה,4,D,"מניות בחו""ל","מניות לפי ענפים בחו""ל - מנוטרלת מט""ח",Semiconductor,"הקרן הינה קרן בלתי מוגבלת בני""ע חוץ,לפי מדיניות השקעותיה הקרן הינה קרן מחקה,קרן כשרה",מזרחי טפחות נאמנות,מגדל,פטורה,0.500,0.0300,,,,,,Indxx Global Memory Chip Industry,לא נגבית עמלת הפצה,0.000
מגדל LargeCap תוכנה חולממ,5142831,קרן פתוחה,4,A,"מניות בחו""ל","מניות לפי ענפים בחו""ל",,"הקרן הינה קרן בלתי מוגבלת בני""ע חוץ",מזרחי טפחות נאמנות,מגדל,פטורה,0.500,0.0300,3.0,20.07.2026,104.28,104.28,,S&P North American Expanded Technology Software,0.35%,0.000
MTF מח תא$125,5142849,קרן מחקה,4,D,מניות בארץ,מניות לפי שווי שוק,Mid Cap & Large,"הקרן הינה קרן בלתי מוגבלת בני""ע חוץ,לפי מדיניות השקעותיה הקרן הינה קרן מחקה,יחידות הקרן נקובות ב- $,קרן להשקעות חוץ – מטבע עיקרי - דולר ארה""ב",מזרחי טפחות נאמנות,מגדל,פטורה,0.000,0.0200,,20.07.2026,101.46,101.46,,"ת""א 125",לא נגבית עמלת הפצה,0.000
פורטה תיק מניות ישראל,5142856,קרן פתוחה,4,B,מניות בארץ,מניות לפי שווי שוק,מניות Large & Mid Cap,,יובנק נאמנות,סיגמא,פטורה,1.500,0.0400,12.0,21.07.2026,103.47,103.47,,"ת""א 125",0.35%,0.000
איביאי כספית דולרנקוב$כשר,5142864,קרן פתוחה,0,D,קרן כספית,"כספית מט""חית עם קונצרני","נקובת מט""ח","הקרן הינה קרן בלתי מוגבלת בני""ע חוץ,יחידות הקרן נקובות ב- $,קרן להשקעות חוץ – מטבע עיקרי - דולר ארה""ב,קרן להשק חוץ-פטור ממס לתושבי חוץ,קרן כשרה",יובנק נאמנות,"איביאי קרנות נאמנות ",פטורה,0.100,0.0050,109.0,20.07.2026,100.36,100.36,,אחר,0.1%,0.000
"הראל מחקה ת""א בטחו נקוב $",5142872,קרן מחקה,4,D,מניות בארץ,מניות לפי ענפים,תעשיה,"הקרן הינה קרן בלתי מוגבלת בני""ע חוץ,לפי מדיניות השקעותיה הקרן הינה קרן מחקה,יחידות הקרן נקובות ב- $,קרן להשקעות חוץ – מטבע עיקרי - דולר ארה""ב",יובנק נאמנות,הראל,פטורה,0.350,0.0200,0.5,20.07.2026,99.10,99.10,,"ת""א ביטחוניות,דולר ארה""ב",לא נגבית עמלת הפצה,0.000
קסם KTF אינ אנר מת אר ויש,5142880,קרן מחקה,4,D,מניות בארץ,מניות לפי ענפים,"נפט, גז ואנרגיה","הקרן הינה קרן בלתי מוגבלת בני""ע חוץ,לפי מדיניות השקעותיה הקרן הינה קרן מחקה",הרמטיק נאמנות,קסם,פטורה,0.500,0.0300,1.0,20.07.2026,105.40,105.40,,"אינדקס אנרגיה מתחדשת ארה""ב וישראל,דולר ארה""ב",לא נגבית עמלת הפצה,0.000
"פורטה אג""ח קונצרני",5142898,קרן פתוחה,0,A,"אג""ח בארץ - חברות והמרה",חברות והמרה ללא מניות,חברות והמרה ללא מניות עם סימן קריאה,,יובנק נאמנות,סיגמא,פטורה,0.850,0.0400,0.5,21.07.2026,100.23,100.23,,"אג""ח כללי - קונצרני",0.35%,0.000
אנליסט כספית שקלית כשרה,5142906,קרן פתוחה,0,0,קרן כספית,כספית שקלית,כספית שקלית עם קונצרני,קרן כשרה,מזרחי טפחות נאמנות,אנליסט,פטורה,0.040,0.0050,32.8,21.07.2026,100.24,100.24,,"תל גוב-מק""מ",0.1%,0.000
סיגמא (4D) אנרגיה גלובלי,5142914,קרן פתוחה,4,D,"מניות בחו""ל","מניות לפי ענפים בחו""ל",,"הקרן הינה קרן בלתי מוגבלת בני""ע חוץ",מזרחי טפחות נאמנות,סיגמא,פטורה,0.890,0.0400,1.0,20.07.2026,101.36,101.36,,"S&P World Energy ,S&P Global Clean Energy Transition Index,דולר ארה""ב",0.35%,0.000
עציוני mid&large cap ישר,5142922,קרן פתוחה,4,B,מניות בארץ,מניות לפי שווי שוק,מניות Large & Mid Cap,,מזרחי טפחות נאמנות,סיגמא,פטורה,1.500,0.0400,,21.07.2026,101.95,101.95,,"ת""א 125",0.35%,0.000
קסם TR US So iN KTF מנ מט,5142930,קרן מחקה,4,A,"מניות בחו""ל","מניות לפי ענפים בחו""ל - מנוטרלת מט""ח",Technology,"הקרן הינה קרן בלתי מוגבלת בני""ע חוץ,לפי מדיניות השקעותיה הקרן הינה קרן מחקה",אלמגור-בריטמן נאמנות,קסם,פטורה,0.450,0.0250,,20.07.2026,100.00,100.00,,TipRanks US Software iNDEX,לא נגבית עמלת הפצה,0.000
קסם KTF אי חל אר 10 מנ מט,5142955,קרן מחקה,4,A,"מניות בחו""ל","מניות לפי ענפים בחו""ל - מנוטרלת מט""ח",Aerospace & Defense,"הקרן הינה קרן בלתי מוגבלת בני""ע חוץ,לפי מדיניות השקעותיה הקרן הינה קרן מחקה",מזרחי טפחות נאמנות,קסם,פטורה,0.500,0.0250,,20.07.2026,100.00,100.00,,"אינדקס חלל ארה""ב 10 ",לא נגבית עמלת הפצה,0.000
ברק אולטרה SEMI פי 3,5142963,קרן פתוחה,6,D,ממונפות ואסטרטגיות,ממונפות בסיכון גבוה,,"הקרן הינה קרן בלתי מוגבלת בני""ע חוץ,הקרן הינה קרן ממונפת",יובנק נאמנות,ברק,פטורה,1.800,0.1000,0.2,20.07.2026,63.34,63.14,,PHLX Semiconductor Sector Index - NTR,0.35%,0.300
אימפקט אגח מחמ עד שנה,5142997,קרן פתוחה,0,B,"אג""ח בארץ - כללי","אג""ח כללי בארץ - ללא מניות","אג""ח כללי בארץ ללא מניות עם סימן קריאה",,מזרחי טפחות נאמנות,איילון,פטורה,0.585,0.0400,,21.07.2026,100.04,100.04,,בונד קצר עד שנה,0.35%,0.000
אימפקט (2B)י 30/70,5143003,קרן פתוחה,2,B,"אג""ח בארץ - כללי","אג""ח כללי בארץ - עד 30% מניות",,,מזרחי טפחות נאמנות,איילון,פטורה,1.100,0.0400,,21.07.2026,99.99,99.99,,"All-Bond כללי,מניות כללי",0.35%,0.000
אינווסטור 360 (1A)י 10/90,5143011,קרן פתוחה,1,A,"אג""ח בארץ - כללי","אג""ח כללי בארץ - עד 10% מניות","אג""ח כללי בארץ- עד 10% מניות ללא סימן קריאה",,יובנק נאמנות,איילון,פטורה,0.460,0.0400,,,,,,"All-Bond כללי,ת""א 125",0.35%,0.000
טרגט מניות ישראל,5143029,קרן פתוחה,4,B,מניות בארץ,מניות לפי שווי שוק,מניות All Cap,,יובנק נאמנות,איילון,פטורה,1.590,0.0400,,,,,,מניות כללי,0.35%,0.000
"איביאי טכנולוגיה חו""ל",5143037,קרן פתוחה,4,D,"מניות בחו""ל","מניות לפי ענפים בחו""ל",,"הקרן הינה קרן בלתי מוגבלת בני""ע חוץ",יובנק נאמנות,"איביאי קרנות נאמנות ",פטורה,0.700,0.0400,,20.07.2026,94.44,94.44,,"MSCI World Information Technology Index,דולר ארה""ב",0.35%,0.000
"אילים אג""ח מדינה +20%",5143045,קרן פתוחה,2,B,"אג""ח בארץ - מדינה","אג""ח מדינה כללי - עד 20% מניות",,,יובנק נאמנות,אילים קרנות,פטורה,0.590,0.0300,,21.07.2026,99.59,99.59,,"תל גוב-כללי,ת""א 125",0.35%,0.000
"אילים אג""ח מדינה",5143052,קרן פתוחה,0,B,"אג""ח בארץ - מדינה","אג""ח מדינה כללי - ללא מניות",,,יובנק נאמנות,אילים קרנות,פטורה,0.590,0.0300,,21.07.2026,99.51,99.51,,תל גוב-כללי,0.35%,0.000
איביאי מנ תעש יצור חשמליש,5143078,קרן פתוחה,4,A,מניות בארץ,מניות לפי ענפים,,,יובנק נאמנות,"איביאי קרנות נאמנות ",פטורה,0.690,0.0400,,21.07.2026,100.00,100.00,,"ת""א-אנרגיה ישראל ",0.35%,0.000
אש מחקה INDXX US.Rn.Eg ממ,5143086,קרן מחקה,4,A,"מניות בחו""ל","מניות לפי ענפים בחו""ל - מנוטרלת מט""ח",Alternative / Renewable Energy,"הקרן הינה קרן בלתי מוגבלת בני""ע חוץ,לפי מדיניות השקעותיה הקרן הינה קרן מחקה",מזרחי טפחות נאמנות,אלטשולר-שחם קרנות,פטורה,0.800,0.0300,,,,,,INDXX US Renewable Energy Index,לא נגבית עמלת הפצה,0.000
אש מחקה INDXX USMM Id ממ,5143094,קרן מחקה,4,A,"מניות בחו""ל","מניות לפי ענפים בחו""ל - מנוטרלת מט""ח",Materials,"הקרן הינה קרן בלתי מוגבלת בני""ע חוץ,לפי מדיניות השקעותיה הקרן הינה קרן מחקה",מזרחי טפחות נאמנות,אלטשולר-שחם קרנות,פטורה,0.800,0.0300,,,,,,INDXX US Metals And Minerals Industry - NTR,לא נגבית עמלת הפצה,0.000
הראל מחקה iBox 5-9 T50 ממ,5143102,קרן מחקה,0,A,"אג""ח בחו""ל","חברות והמרה  מנוטרלת מט""ח - ארוך",,"הקרן הינה קרן בלתי מוגבלת בני""ע חוץ,לפי מדיניות השקעותיה הקרן הינה קרן מחקה",יובנק נאמנות,הראל,פטורה,0.150,0.0250,,,,,,iBoxx USD Liquid 5-9 Top 50,לא נגבית עמלת הפצה,0.000
הראל שקלית קונצרני פלוס,5231030,קרן פתוחה,2,B,"אג""ח בארץ - חברות והמרה",חברות והמרה שקלי עם מניות,,,יובנק נאמנות,הראל,פטורה,0.550,0.0400,60.2,21.07.2026,9133.06,9133.06,0.91,"תל בונד-לא צמודות,ת""א 125",0.35%,0.000
"הראל נבחרת אג""ח",5231055,קרן פתוחה,0,B,"אג""ח בארץ - כללי","אג""ח כללי בארץ - ללא מניות","אג""ח כללי בארץ ללא מניות עם סימן קריאה",,יובנק נאמנות,הראל,פטורה,0.580,0.0400,121.2,21.07.2026,1608.48,1608.48,0.26,All-Bond כללי,0.35%,0.000
הראל 0D כספית דולרית,5231097,קרן פתוחה,0,D,קרן כספית,"כספית מט""חית עם קונצרני",חשופת דולר,"הקרן הינה קרן בלתי מוגבלת בני""ע חוץ,קרן להשקעות חוץ – מטבע עיקרי - דולר ארה""ב",יובנק נאמנות,הראל,פטורה,0.780,0.0300,51.0,20.07.2026,3156.52,3156.52,1.12,"אחר,דולר ארה""ב",0.1%,0.000
מיטב סקיי 4D השקעות,5520044,קרן פתוחה,4,D,גמישות,,,"הקרן הינה קרן בלתי מוגבלת בני""ע חוץ",יובנק נאמנות,מיטב קרנות נאמנות,פטורה,1.500,0.0300,243.1,20.07.2026,1929.43,1929.43,1.37,אחר,0.35%,0.000
