FundBno,ShortName,SubClass,MainClass,SuperClass,eom,fdAUM,ManagerCmp,Manager_ext,IsTracking,IsKerenSal,ManagerFee,DistClassificationVal,Revenues,Net_Fees,Net_Revenues,Is_Caspit
1142538,איביאי טכנולוגיה עילית,קרן טכנולוגיה עילית,,קרן טכנולוגיה עילית,2026-02-28,506820000.0,אי.בי.אי,,True,True,0.013000000000000001,0.0,65886.6,0.013000000000000001,65886.6,0
1143700,"תכלית סל ת""א 35",Large Cap,,מניות בארץ,2026-02-28,2859380000.0,מיטב,,True,True,0.0025,0.0,71484.5,0.0025,71484.5,0
1143718,"תכלית סל ת""א 125",Large & Mid Cap,,מניות בארץ,2026-02-28,7183780000.0,מיטב,,True,True,0.0025,0.0,179594.5,0.0025,179594.5,0
1143726,תכלית סל אינדקס בנקים ישראל,בנקאות ואשראי חוץ בנקאי,,מניות בארץ,2026-02-28,4344790000.0,מיטב,,True,True,0.006,0.0,260687.4,0.006,260687.4,0
1143734,"תכלית סל NASDAQ 100 מנוטרלת מט""ח",אמריקה- שווקים מפותחים,,"מניות בחו""ל",2026-02-28,1120300000.0,מיטב,,True,True,0.008,0.0,89624.00000000001,0.008,89624.00000000001,0
1143742,"תכלית סל Hang Seng China מנוטרלת מט""ח",אסיה ופסיפיק- שווקים מתעוררים,,"מניות בחו""ל",2026-02-28,6890000.0,מיטב,,True,True,0.015,0.0,1033.5,0.015,1033.5,0
1143767,"תכלית סל EURO STOXX 50 מנוטרלת מט""ח",אירופה- כללי,,"מניות בחו""ל",2026-02-28,70360000.0,מיטב,,True,True,0.008,0.0,5628.8,0.008,5628.8,0
1143783,"תכלית סל ת""א 90",Mid Cap,,מניות בארץ,2026-02-28,2695810000.0,מיטב,,True,True,0.006,0.0,161748.6,0.006,161748.6,0
1143791,תכלית סל תל בונד 20 צמודות,בריבית קבועה,,"אג""ח בארץ- חברות והמרה",2026-02-28,644530000.0,מיטב,,True,True,0.0025,0.0,16113.25,0.0025,16113.25,0
1143817,"תכלית סל S&P 500 מנוטרלת מט""ח",אמריקה- שווקים מפותחים,,"מניות בחו""ל",2026-02-28,1442640000.0,מיטב,,True,True,0.008,0.0,115411.20000000001,0.008,115411.20000000001,0
1143825,"תכלית סל DAX מנוטרלת מט""ח",אירופה- שווקים מפותחים,,"מניות בחו""ל",2026-02-28,200720000.0,מיטב,,True,True,0.008,0.0,16057.600000000002,0.008,16057.600000000002,0
1143833,תכלית סל STOXX Europe 600 מנוטרלת אירו,אירופה- כללי,,"מניות בחו""ל",2026-02-28,169680000.0,מיטב,,True,True,0.008,0.0,13574.400000000001,0.008,13574.400000000001,0
1143841,תכלית סל S&P Financial,Financial,,"מניות בחו""ל",2026-02-28,13520000.0,מיטב,,True,True,0.0045000000000000005,0.0,608.4000000000001,0.0045000000000000005,608.4000000000001,0
1143858,"תכלית סל S&P Industrial מנוטרלת מט""ח",Industrials,,"מניות בחו""ל",2026-02-28,43440000.0,מיטב,,True,True,0.008,0.0,3475.2000000000003,0.008,3475.2000000000003,0
1143866,תכלית סל MSCI World מנוטרלת דולר,גלובלי- שווקים מפותחים,,"מניות בחו""ל",2026-02-28,46000000.0,מיטב,,True,True,0.008,0.0,3680.0000000000005,0.008,3680.0000000000005,0
1143882,"תכלית סל משולבת S&P Consumer י(50%) S&P Staples י(50%) מנוטרלת מט""ח חודשי","מניות בחו""ל קרן משולבת",,"מניות בחו""ל",2026-02-28,14670000.0,מיטב,,True,True,0.0,0.0,0.0,0.0,0.0,0
1143957,תכלית סל S&P Consumer Discretionary,Consumer Discretionary,,"מניות בחו""ל",2026-02-28,16149999.999999998,מיטב,,True,True,0.006999999999999999,0.0,1130.4999999999998,0.006999999999999999,1130.4999999999998,0
1143965,"תכלית סל S&P Technology מנוטרלת מט""ח",Technology,,"מניות בחו""ל",2026-02-28,33310000.000000004,מיטב,,True,True,0.006,0.0,1998.6000000000004,0.006,1998.6000000000004,0
1143981,תכלית סל S&P Consumer Staples,Consumer Staples,,"מניות בחו""ל",2026-02-28,11510000.0,מיטב,,True,True,0.006,0.0,690.6,0.006,690.6,0
1143999,תכלית סל S&P Health Care,Health Care,,"מניות בחו""ל",2026-02-28,14610000.0,מיטב,,True,True,0.005,0.0,730.5,0.005,730.5,0
1144013,תכלית סל תל בונד מאגר,"אג""ח חברות שקלי וצמוד",,"אג""ח בארץ- חברות והמרה",2026-02-28,1139540000.0,מיטב,,True,True,0.0025,0.0,28488.5,0.0025,28488.5,0
1144054,"תכלית סל CAC 40 מנוטרלת מט""ח",אירופה- שווקים מפותחים,,"מניות בחו""ל",2026-02-28,8590000.0,מיטב,,True,True,0.008,0.0,687.2,0.008,687.2,0
1144070,תכלית סל All-Bond ריבית משתנה שקלי,"אג""ח בארץ כללי",,"אג""ח בארץ כללי",2026-02-28,4830000.0,מיטב,,True,True,0.002,0.0,96.60000000000001,0.002,96.60000000000001,0
1144104,תכלית סל DAX,אירופה- שווקים מפותחים,,"מניות בחו""ל",2026-02-28,23540000.0,מיטב,,True,True,0.006,0.0,1412.4,0.006,1412.4,0
1144112,תכלית סל MSCI India,אסיה ופסיפיק- שווקים מתעוררים,,"מניות בחו""ל",2026-02-28,17970000.0,מיטב,,True,True,0.012,0.0,2156.4,0.012,2156.4,0
1144161,"תכלית סל ת""א פיננסים",פיננסים,,מניות בארץ,2026-02-28,248610000.0,מיטב,,True,True,0.005,0.0,12430.5,0.005,12430.5,0
1144237,תכלית סל MSCI AC World,"מניות גלובליות - חשופת מט""ח",,"מניות בחו""ל",2026-02-28,307500000.0,מיטב,,True,True,0.01,0.0,30750.0,0.01,30750.0,0
1144252,תכלית סל ISE Cyber Security,Cyber Security,,"מניות בחו""ל",2026-02-28,81510000.0,מיטב,,True,True,0.006,0.0,4890.6,0.006,4890.6,0
1144260,תכלית סל (!) תל בונד תשואות שקל,בריבית קבועה,,"אג""ח בארץ- חברות והמרה",2026-02-28,296060000.0,מיטב,,True,True,0.002,0.0,5921.200000000001,0.002,5921.200000000001,0
1144278,תכלית סל S&P Energy,Energy,,"מניות בחו""ל",2026-02-28,12270000.0,מיטב,,True,True,0.0034999999999999996,0.0,429.45,0.0034999999999999996,429.45,0
1144310,תכלית סל S&P Aerospace & Defense,Aerospace & Defense,,"מניות בחו""ל",2026-02-28,133120000.0,מיטב,,True,True,0.006,0.0,7987.2,0.006,7987.2,0
1144336,תכלית סל MSCI AC World מנוטרלת דולר,"מניות גלובליות - מנוטרלת מט""ח",,"מניות בחו""ל",2026-02-28,307610000.0,מיטב,,True,True,0.006,0.0,18456.600000000002,0.006,18456.600000000002,0
1144377,תכלית סל (!) תל בונד גלובל שקלי,בריבית קבועה,,"אג""ח בארץ- חברות והמרה",2026-02-28,153550000.0,מיטב,,True,True,0.002,0.0,3071.0000000000005,0.002,3071.0000000000005,0
1144385,תכלית סל S&P 500,אמריקה- שווקים מפותחים,,"מניות בחו""ל",2026-02-28,8232790000.000001,מיטב,,True,True,0.006999999999999999,0.0,576295.3,0.006999999999999999,576295.3,0
1144401,תכלית סל NASDAQ 100,אמריקה- שווקים מפותחים,,"מניות בחו""ל",2026-02-28,783560000.0,מיטב,,True,True,0.006999999999999999,0.0,54849.2,0.006999999999999999,54849.2,0
1144419,תכלית סל NIKKEI 225,אסיה ופסיפיק- שווקים מפותחים,,"מניות בחו""ל",2026-02-28,147120000.0,מיטב,,True,True,0.006999999999999999,0.0,10298.4,0.006999999999999999,10298.4,0
1144427,תכלית סל EURO STOXX 50,אירופה- כללי,,"מניות בחו""ל",2026-02-28,32110000.0,מיטב,,True,True,0.006,0.0,1926.6000000000001,0.006,1926.6000000000001,0
1144450,תכלית סל MSCI Emerging Markets,גלובלי- שווקים מתעוררים,,"מניות בחו""ל",2026-02-28,100060000.0,מיטב,,True,True,0.0055000000000000005,0.0,5503.300000000001,0.0055000000000000005,5503.300000000001,0
1144468,"תכלית סל NIKKEI 225 מנוטרלת מט""ח",אסיה ופסיפיק- שווקים מפותחים,,"מניות בחו""ל",2026-02-28,97000000.0,מיטב,,True,True,0.0095,0.0,9215.0,0.0095,9215.0,0
1144484,תכלית סל Russell 2000,אמריקה- שווקים מפותחים,,"מניות בחו""ל",2026-02-28,101580000.0,מיטב,,True,True,0.006,0.0,6094.8,0.006,6094.8,0
1144518,"תכלית סל משולבת מניות ארה""ב חודשי","מניות בחו""ל קרן משולבת",,"מניות בחו""ל",2026-02-28,150050000.0,מיטב,,True,True,0.0,0.0,0.0,0.0,0.0,0
1144526,תכלית סל NASDAQ Biotechnology,Biotechnology,,"מניות בחו""ל",2026-02-28,34680000.0,מיטב,,True,True,0.012,0.0,4161.6,0.012,4161.6,0
1144534,תכלית סל חוזה Bloomberg Brent Crude,סחורה,,סחורות,2026-02-28,12290000.0,מיטב,,True,True,0.015,0.0,1843.4999999999998,0.015,1843.4999999999998,0
1144542,תכלית סל חוזה Bloomberg Silver,סחורה,,סחורות,2026-02-28,107500000.0,מיטב,,True,True,0.015,0.0,16124.999999999998,0.015,16124.999999999998,0
1144559,"תכלית סל ת""א נדל""ן","נדל""ן ובנייה",,מניות בארץ,2026-02-28,220740000.0,מיטב,,True,True,0.0045000000000000005,0.0,9933.300000000001,0.0045000000000000005,9933.300000000001,0
1144575,"תכלית סל ת""א צמיחה",Small Cap,,מניות בארץ,2026-02-28,75410000.0,מיטב,,True,True,0.01,0.0,7541.0,0.01,7541.0,0
1144591,תכלית סל תל גוב-צמודות 0-2,צמודות מדד ממשלתיות - קצר,,"אג""ח בארץ- מדינה",2026-02-28,26340000.0,מיטב,,True,True,0.0015,0.0,395.1,0.0015,395.1,0
1144609,תכלית סל תל גוב-שקלי 0-2,ריבית קבועה  - קצר,,"אג""ח בארץ- מדינה",2026-02-28,18090000.0,מיטב,,True,True,0.0015,0.0,271.35,0.0015,271.35,0
1144633,"תכלית סל תל גוב-מק""מ","מק""מ",,"אג""ח בארץ- מדינה",2026-02-28,31300000.0,מיטב,,True,True,0.0,0.0,0.0,0.0,0.0,0
1144658,"תכלית סל ממונפת ת""א 35 פי 2 חודשי",מניות בארץ,,ממונפות,2026-02-28,27650000.0,מיטב,,True,True,0.015,0.0,4147.5,0.015,4147.5,0
1144666,תכלית סל LBMA Gold Price AM,סחורה,,סחורות,2026-02-28,95380000.0,מיטב,,True,True,0.015,0.0,14306.999999999998,0.015,14306.999999999998,0
1144690,תכלית סל תל בונד צמודות-יתר,בריבית קבועה,,"אג""ח בארץ- חברות והמרה",2026-02-28,267310000.0,מיטב,,True,True,0.002,0.0,5346.200000000001,0.002,5346.200000000001,0
1144708,"תכלית סל ממונפת ת""א 35 פי 3 חודשי",מניות בארץ,,ממונפות,2026-02-28,229500000.0,מיטב,,True,True,0.0125,0.0,28687.5,0.0125,28687.5,0
1144716,"תכלית סל ממונפת בחסר ת""א 35 פי 2 חודשי",מניות בארץ,,ממונפות,2026-02-28,11750000.0,מיטב,,True,True,0.015,0.0,1762.4999999999998,0.015,1762.4999999999998,0
1144724,תכלית סל STOXX Europe 600,אירופה- כללי,,"מניות בחו""ל",2026-02-28,52850000.0,מיטב,,True,True,0.006,0.0,3171.0,0.006,3171.0,0
1144807,"תכלית סל ת""א נפט וגז","נפט, גז ואנרגיה",,מניות בארץ,2026-02-28,315490000.0,מיטב,,True,True,0.005,0.0,15774.5,0.005,15774.5,0
1144823,תכלית סל תל בונד צמודות בנקים ללא COCO,בריבית קבועה,,"אג""ח בארץ- חברות והמרה",2026-02-28,145440000.0,מיטב,,True,True,0.002,0.0,2908.8,0.002,2908.8,0
1144831,"תכלית סל DJ Internet Composite מנוטרלת מט""ח",Internet,,"מניות בחו""ל",2026-02-28,38870000.0,מיטב,,True,True,0.008,0.0,3109.6000000000004,0.008,3109.6000000000004,0
1144849,"תכלית סל S&P Financial מנוטרלת מט""ח",Financial,,"מניות בחו""ל",2026-02-28,28620000.0,מיטב,,True,True,0.005,0.0,1431.0,0.005,1431.0,0
1144856,"תכלית סל FTSE 250 מנוטרלת מט""ח",אירופה- שווקים מפותחים,,"מניות בחו""ל",2026-02-28,11790000.0,מיטב,,True,True,0.01,0.0,1179.0,0.01,1179.0,0
1144906,תכלית סל S&P 500 Dividend Aristocrats,אמריקה- שווקים מפותחים,,"מניות בחו""ל",2026-02-28,35070000.0,מיטב,,True,True,0.006999999999999999,0.0,2454.8999999999996,0.006999999999999999,2454.8999999999996,0
1144914,"תכלית סל S&P 500 Dividend Aristocrats מנוטרלת מט""ח",אמריקה- שווקים מפותחים,,"מניות בחו""ל",2026-02-28,34250000.0,מיטב,,True,True,0.009000000000000001,0.0,3082.5,0.009000000000000001,3082.5,0
1144948,"תכלית סל IPOX 100 US מנוטרלת מט""ח",אמריקה- שווקים מפותחים,,"מניות בחו""ל",2026-02-28,24330000.0,מיטב,,True,True,0.0125,0.0,3041.25,0.0125,3041.25,0
1144955,"תכלית סל S&P MidCap 400 מנוטרלת מט""ח",אמריקה- שווקים מפותחים,,"מניות בחו""ל",2026-02-28,35010000.0,מיטב,,True,True,0.009000000000000001,0.0,3150.9,0.009000000000000001,3150.9,0
1144971,תכלית סל תל גוב-לא צמודות,שקליות ממשלתיות -  אחר,,"אג""ח בארץ- מדינה",2026-02-28,106670000.0,מיטב,,True,True,0.0015,0.0,1600.05,0.0015,1600.05,0
1144997,תכלית סל משולבת אגח ממשלתי (80%) מניות חול (20%) חודשי,"אג""ח מדינה משולבת - חשיפה מרבית מעל 10% מניות",,"אג""ח בארץ- מדינה",2026-02-28,16239999.999999998,מיטב,,True,True,0.006999999999999999,0.0,1136.7999999999997,0.006999999999999999,1136.7999999999997,0
1145036,תכלית סל תל דיב,All Cap,,מניות בארץ,2026-02-28,85260000.0,מיטב,,True,True,0.005,0.0,4263.0,0.005,4263.0,0
1145044,"תכלית סל ת""א SME60",Mid  & Small Cap,,מניות בארץ,2026-02-28,190360000.0,מיטב,,True,True,0.01,0.0,19036.0,0.01,19036.0,0
1145085,תכלית סל תל גוב-צמודות 2-5,צמודות מדד ממשלתיות - בינוני,,"אג""ח בארץ- מדינה",2026-02-28,64379999.99999999,מיטב,,True,True,0.0015,0.0,965.6999999999999,0.0015,965.6999999999999,0
1145093,תכלית סל תל בונד 40 צמודות,בריבית קבועה,,"אג""ח בארץ- חברות והמרה",2026-02-28,131360000.00000001,מיטב,,True,True,0.002,0.0,2627.2000000000007,0.002,2627.2000000000007,0
1145101,תכלית סל תל בונד 60 צמודות,בריבית קבועה,,"אג""ח בארץ- חברות והמרה",2026-02-28,1386140000.0,מיטב,,True,True,0.0025,0.0,34653.5,0.0025,34653.5,0
1145127,"תכלית סל FTSE 100 מנוטרלת מט""ח",אירופה- שווקים מפותחים,,"מניות בחו""ל",2026-02-28,12570000.0,מיטב,,True,True,0.013000000000000001,0.0,1634.1000000000001,0.013000000000000001,1634.1000000000001,0
1145150,תכלית סל תל גוב-שקלי 2-5,ריבית קבועה  - בינוני,,"אג""ח בארץ- מדינה",2026-02-28,48710000.0,מיטב,,True,True,0.0015,0.0,730.65,0.0015,730.65,0
1145168,תכלית סל תל גוב-שקלי 5+,ריבית קבועה - ארוך,,"אג""ח בארץ- מדינה",2026-02-28,51300000.0,מיטב,,True,True,0.0015,0.0,769.5,0.0015,769.5,0
1145176,תכלית סל תל גוב-צמודות 5-10,צמודות מדד ממשלתיות - ארוך,,"אג""ח בארץ- מדינה",2026-02-28,17990000.0,מיטב,,True,True,0.0015,0.0,269.85,0.0015,269.85,0
1145184,תכלית סל תל בונד שקלי,בריבית קבועה,,"אג""ח בארץ- חברות והמרה",2026-02-28,1281900000.0,מיטב,,True,True,0.0025,0.0,32047.5,0.0025,32047.5,0
1145234,"תכלית סל Russell 2000 מנוטרלת מט""ח",אמריקה- שווקים מפותחים,,"מניות בחו""ל",2026-02-28,243240000.0,מיטב,,True,True,0.006999999999999999,0.0,17026.8,0.006999999999999999,17026.8,0
1145242,"תכלית סל משולבת מניות חול מנוטרלת מט""ח חודשי","מניות בחו""ל קרן משולבת",,"מניות בחו""ל",2026-02-28,588190000.0,מיטב,,True,True,0.0,0.0,0.0,0.0,0.0,0
1145259,תכלית סל (!) תל בונד-תשואות צמודות,בריבית קבועה,,"אג""ח בארץ- חברות והמרה",2026-02-28,501840000.0,מיטב,,True,True,0.002,0.0,10036.800000000001,0.002,10036.800000000001,0
1145283,תכלית סל MDAX,אירופה- שווקים מפותחים,,"מניות בחו""ל",2026-02-28,5540000.0,מיטב,,True,True,0.006500000000000001,0.0,360.1,0.006500000000000001,360.1,0
1145309,"תכלית סל MDAX מנוטרלת מט""ח",אירופה- שווקים מפותחים,,"מניות בחו""ל",2026-02-28,13510000.0,מיטב,,True,True,0.0085,0.0,1148.3500000000001,0.0085,1148.3500000000001,0
1145333,"תכלית סל S&P Health Care מנוטרלת מט""ח",Health Care,,"מניות בחו""ל",2026-02-28,11640000.0,מיטב,,True,True,0.008,0.0,931.2,0.008,931.2,0
1145713,קסם Russell 2000 ETF,אמריקה- שווקים מפותחים,,"מניות בחו""ל",2026-02-28,99010000.0,קסם,,True,True,0.004699999999999999,0.0,4653.469999999999,0.004699999999999999,4653.469999999999,0
1145739,קסם ETF תל גוב-צמודות 5-10,צמודות מדד ממשלתיות - ארוך,,"אג""ח בארץ- מדינה",2026-02-28,100990000.0,קסם,,True,True,0.0015,0.0,1514.8500000000001,0.0015,1514.8500000000001,0
1145747,קסם MSCI India (!) ETF,אסיה ופסיפיק- שווקים מתעוררים,,"מניות בחו""ל",2026-02-28,454410000.0,קסם,,True,True,0.01,0.0,45441.0,0.01,45441.0,0
1145754,קסם KOSPI 200 (!) ETF,אסיה ופסיפיק- שווקים מפותחים,,"מניות בחו""ל",2026-02-28,227300000.0,קסם,,True,True,0.006,0.0,13638.0,0.006,13638.0,0
1145804,קסם MSCI World ETF,גלובלי- שווקים מפותחים,,"מניות בחו""ל",2026-02-28,55160000.0,קסם,,True,True,0.0083,0.0,4578.28,0.0083,4578.28,0
1145812,קסם MSCI Emerging Markets ETF,גלובלי- שווקים מתעוררים,,"מניות בחו""ל",2026-02-28,646770000.0,קסם,,True,True,0.011399999999999999,0.0,73731.78,0.011399999999999999,73731.78,0
1145820,קסם LBMA Gold Price PM USD ETF,סחורה,,סחורות,2026-02-28,103780000.0,קסם,,True,True,0.0148,0.0,15359.440000000002,0.0148,15359.440000000002,0
1145838,קסם MSCI AC Far East EX Japan ETF,אסיה ופסיפיק- כללי,,"מניות בחו""ל",2026-02-28,30950000.0,קסם,,True,True,0.0095,0.0,2940.2499999999995,0.0095,2940.2499999999995,0
1145879,קסם DJ Health Care Titans 30 ETF,Health Care,,"מניות בחו""ל",2026-02-28,50690000.0,קסם,,True,True,0.01,0.0,5069.0,0.01,5069.0,0
1145887,קסם ISE Clean Edge Water ETF,Cleantech,,"מניות בחו""ל",2026-02-28,24830000.0,קסם,,True,True,0.008,0.0,1986.4,0.008,1986.4,0
1145903,קסם S&P Energy ETF,Energy,,"מניות בחו""ל",2026-02-28,61490000.0,קסם,,True,True,0.0028000000000000004,0.0,1721.7200000000003,0.0028000000000000004,1721.7200000000003,0
1145911,קסם ETF תל דיב,All Cap,,מניות בארץ,2026-02-28,82300000.0,קסם,,True,True,0.0053,0.0,4361.9,0.0053,4361.9,0
1145929,קסם ETF חוזה Bloomberg Brent Crude,סחורה,,סחורות,2026-02-28,33700000.0,קסם,,True,True,0.015,0.0,5055.0,0.015,5055.0,0
1145945,"קסם NIKKEI 225 ETF מנוטרלת מט""ח",אסיה ופסיפיק- שווקים מפותחים,,"מניות בחו""ל",2026-02-28,77210000.0,קסם,,True,True,0.0123,0.0,9496.83,0.0123,9496.83,0
1145952,"קסם EURO STOXX 50 ETF מנוטרלת מט""ח",אירופה- כללי,,"מניות בחו""ל",2026-02-28,116800000.0,קסם,,True,True,0.0068000000000000005,0.0,7942.4,0.0068000000000000005,7942.4,0
1145960,קסם ETF תל בונד 20 צמודות,בריבית קבועה,,"אג""ח בארץ- חברות והמרה",2026-02-28,1075430000.0,קסם,,True,True,0.0025,0.0,26885.75,0.0025,26885.75,0
1145994,"קסם ETF ת""א צמיחה",Small Cap,,מניות בארץ,2026-02-28,18040000.0,קסם,,True,True,0.01,0.0,1804.0,0.01,1804.0,0
1146000,קסם STOXX Europe MID 200 ETF,אירופה- כללי,,"מניות בחו""ל",2026-02-28,9850000.0,קסם,,True,True,0.009000000000000001,0.0,886.5,0.009000000000000001,886.5,0
1146042,קסם ETF חסר תל בונד 20 צמודות (574),"אג""ח בארץ",,ממונפות,2026-02-28,3230000.0,קסם,,True,True,0.005,0.0,161.5,0.005,161.5,0
1146059,"קסם ETF ממונפת בחסר ת""א 35 פי 2 חודשי",מניות בארץ,,ממונפות,2026-02-28,26360000.0,קסם,,True,True,0.0275,0.0,7249.0,0.0275,7249.0,0
1146067,קסם DJ US Dividend ETF,אמריקה- שווקים מפותחים,,"מניות בחו""ל",2026-02-28,100260000.0,קסם,,True,True,0.011399999999999999,0.0,11429.64,0.011399999999999999,11429.64,0
1146091,קסם IBOVESPA (!) ETF,אמריקה- שווקים מתעוררים,,"מניות בחו""ל",2026-02-28,16260000.000000002,קסם,,True,True,0.01,0.0,1626.0000000000002,0.01,1626.0000000000002,0
1146125,"קסם ETF ת""א-ביטוח",ביטוח,,מניות בארץ,2026-02-28,683300000.0,קסם,,True,True,0.006500000000000001,0.0,44414.50000000001,0.006500000000000001,44414.50000000001,0
1146133,קסם ETF תל גוב-צמודות 0-2,צמודות מדד ממשלתיות - קצר,,"אג""ח בארץ- מדינה",2026-02-28,17940000.0,קסם,,True,True,0.0015,0.0,269.1,0.0015,269.1,0
1146141,"קסם NASDAQ US BuyBack Achievers ETF מנוטרלת מט""ח",אמריקה- שווקים מפותחים,,"מניות בחו""ל",2026-02-28,57130000.0,קסם,,True,True,0.0108,0.0,6170.040000000001,0.0108,6170.040000000001,0
1146158,קסם ETF תל גוב-צמודות 2-5,צמודות מדד ממשלתיות - בינוני,,"אג""ח בארץ- מדינה",2026-02-28,102710000.0,קסם,,True,True,0.0015,0.0,1540.65,0.0015,1540.65,0
1146166,קסם ETF תל גוב-שקלי 0-2,ריבית קבועה  - קצר,,"אג""ח בארץ- מדינה",2026-02-28,29160000.0,קסם,,True,True,0.0,0.0,0.0,0.0,0.0,0
1146174,קסם ETF תל גוב-שקלי 5+,ריבית קבועה - ארוך,,"אג""ח בארץ- מדינה",2026-02-28,54970000.0,קסם,,True,True,0.0015,0.0,824.5500000000001,0.0015,824.5500000000001,0
1146182,קסם STOXX Europe 600 ETF מנוטרלת אירו,אירופה- כללי,,"מניות בחו""ל",2026-02-28,112530000.0,קסם,,True,True,0.009300000000000001,0.0,10465.29,0.009300000000000001,10465.29,0
1146190,קסם ETF תל גוב-שקלי 2-5,ריבית קבועה  - בינוני,,"אג""ח בארץ- מדינה",2026-02-28,72120000.0,קסם,,True,True,0.0015,0.0,1081.8,0.0015,1081.8,0
1146208,קסם STOXX Europe 600 ETF,אירופה- כללי,,"מניות בחו""ל",2026-02-28,291840000.0,קסם,,True,True,0.0073,0.0,21304.32,0.0073,21304.32,0
1146216,קסם ETF תל בונד 40 צמודות,בריבית קבועה,,"אג""ח בארץ- חברות והמרה",2026-02-28,119400000.0,קסם,,True,True,0.0025,0.0,2985.0,0.0025,2985.0,0
1146224,קסם NASDAQ US BuyBack Achievers ETF,אמריקה- שווקים מפותחים,,"מניות בחו""ל",2026-02-28,68120000.0,קסם,,True,True,0.0078000000000000005,0.0,5313.36,0.0078000000000000005,5313.36,0
1146232,קסם ETF תל בונד 60 צמודות,בריבית קבועה,,"אג""ח בארץ- חברות והמרה",2026-02-28,866650000.0,קסם,,True,True,0.0025,0.0,21666.25,0.0025,21666.25,0
1146240,קסם STOXX Europe MID 200 ETF מנוטרלת אירו,אירופה- כללי,,"מניות בחו""ל",2026-02-28,23420000.0,קסם,,True,True,0.009000000000000001,0.0,2107.8,0.009000000000000001,2107.8,0
1146257,קסם ETF תל גוב-צמודות,צמודות מדד ממשלתיות - אחר,,"אג""ח בארץ- מדינה",2026-02-28,19940000.0,קסם,,True,True,0.0015,0.0,299.1,0.0015,299.1,0
1146265,קסם ETF משולבת מניות אירופה חודשי מנוטרלת אירו,"מניות בחו""ל קרן משולבת",,"מניות בחו""ל",2026-02-28,30890000.0,קסם,,True,True,0.0,0.0,0.0,0.0,0.0,0
1146273,"קסם ETF תל גוב-מק""מ","מק""מ",,"אג""ח בארץ- מדינה",2026-02-28,26650000.0,קסם,,True,True,0.0015,0.0,399.75,0.0015,399.75,0
1146281,קסם ETF תל בונד צמודות-בנקים ללא COCO,בריבית קבועה,,"אג""ח בארץ- חברות והמרה",2026-02-28,218550000.0,קסם,,True,True,0.0023,0.0,5026.65,0.0023,5026.65,0
1146307,קסם STOXX Europe 600 Banks ETF מנוטרלת אירו,Banking,,"מניות בחו""ל",2026-02-28,236300000.0,קסם,,True,True,0.0025,0.0,5907.5,0.0025,5907.5,0
1146331,"קסם ETF ת""א 90",Mid Cap,,מניות בארץ,2026-02-28,4075960000.0,קסם,,True,True,0.006,0.0,244557.6,0.006,244557.6,0
1146356,"קסם ETF ת""א 125",Large & Mid Cap,,מניות בארץ,2026-02-28,10359530000.0,קסם,,True,True,0.0025,0.0,258988.25,0.0025,258988.25,0
1146364,"קסם ETF ת""א גלובל בלוטק",טכנולוגיה,,מניות בארץ,2026-02-28,44580000.0,קסם,,True,True,0.004,0.0,1783.2,0.004,1783.2,0
1146372,קסם MDAX ETF,אירופה- שווקים מפותחים,,"מניות בחו""ל",2026-02-28,4770000.0,קסם,,True,True,0.008,0.0,381.6,0.008,381.6,0
1146380,"קסם ETF ממונפת ת""א 35 פי 3 חודשי",מניות בארץ,,ממונפות,2026-02-28,593630000.0,קסם,,True,True,0.0275,0.0,163248.25,0.0275,163248.25,0
1146406,קסם EURO STOXX 50 ETF,אירופה- כללי,,"מניות בחו""ל",2026-02-28,35820000.0,קסם,,True,True,0.008,0.0,2865.6000000000004,0.008,2865.6000000000004,0
1146414,קסם ETF תל בונד שקלי,בריבית קבועה,,"אג""ח בארץ- חברות והמרה",2026-02-28,1586580000.0,קסם,,True,True,0.0025,0.0,39664.5,0.0025,39664.5,0
1146422,"קסם LBMA Gold Price PM USD ETF מנוטרלת מט""ח",סחורה,,סחורות,2026-02-28,280060000.0,קסם,,True,True,0.0148,0.0,41448.880000000005,0.0148,41448.880000000005,0
1146430,קסם ETF אינדקס בנקים ישראל,בנקאות ואשראי חוץ בנקאי,,מניות בארץ,2026-02-28,1937720000.0,קסם,,True,True,0.006500000000000001,0.0,125951.80000000002,0.006500000000000001,125951.80000000002,0
1146448,קסם DJ Industrial Average ETF,אמריקה- שווקים מפותחים,,"מניות בחו""ל",2026-02-28,148670000.0,קסם,,True,True,0.006,0.0,8920.2,0.006,8920.2,0
1146455,קסם ETF חסר תל בונד 40 צמודות (534),"אג""ח בארץ",,ממונפות,2026-02-28,5970000.0,קסם,,True,True,0.005,0.0,298.5,0.005,298.5,0
1146471,קסם S&P 500 ETF,אמריקה- שווקים מפותחים,,"מניות בחו""ל",2026-02-28,5602060000.0,קסם,,True,True,0.006,0.0,336123.60000000003,0.006,336123.60000000003,0
1146497,קסם FTSE 100 ETF,אירופה- שווקים מפותחים,,"מניות בחו""ל",2026-02-28,44040000.0,קסם,,True,True,0.004,0.0,1761.6000000000001,0.004,1761.6000000000001,0
1146505,קסם NASDAQ 100 ETF,אמריקה- שווקים מפותחים,,"מניות בחו""ל",2026-02-28,1250510000.0,קסם,,True,True,0.0059,0.0,73780.09,0.0059,73780.09,0
1146513,קסם DAX ETF,אירופה- שווקים מפותחים,,"מניות בחו""ל",2026-02-28,147060000.0,קסם,,True,True,0.0053,0.0,7794.18,0.0053,7794.18,0
1146521,קסם FTSE China 50 ETF,אסיה ופסיפיק- שווקים מתעוררים,,"מניות בחו""ל",2026-02-28,21880000.0,קסם,,True,True,0.0095,0.0,2078.6,0.0095,2078.6,0
1146539,"קסם ETF ת""א SME60",Mid  & Small Cap,,מניות בארץ,2026-02-28,193060000.0,קסם,,True,True,0.0098,0.0,18919.88,0.0098,18919.88,0
1146547,"קסם ETF ת""א נדל""ן","נדל""ן ובנייה",,מניות בארץ,2026-02-28,453940000.0,קסם,,True,True,0.0053,0.0,24058.82,0.0053,24058.82,0
1146554,"קסם ETF ת""א פיננסים",פיננסים,,מניות בארץ,2026-02-28,658840000.0,קסם,,True,True,0.006,0.0,39530.4,0.006,39530.4,0
1146562,קסם ETF תל גוב-שקלי,ריבית קבועה,,"אג""ח בארץ- מדינה",2026-02-28,219720000.0,קסם,,True,True,0.0015,0.0,3295.8,0.0015,3295.8,0
1146570,"קסם ETF ת""א 35",Large Cap,,מניות בארץ,2026-02-28,4512040000.0,קסם,,True,True,0.0025,0.0,112801.0,0.0025,112801.0,0
1146588,"קסם MDAX ETF מנוטרלת מט""ח",אירופה- שווקים מפותחים,,"מניות בחו""ל",2026-02-28,22160000.0,קסם,,True,True,0.0074,0.0,1639.8400000000001,0.0074,1639.8400000000001,0
1146596,קסם STOXX Europe 600 Health Care ETF,Health Care,,"מניות בחו""ל",2026-02-28,4660000.0,קסם,,True,True,0.008,0.0,372.8,0.008,372.8,0
1146604,"קסם S&P 500 ETF מנוטרלת מט""ח",אמריקה- שווקים מפותחים,,"מניות בחו""ל",2026-02-28,1563790000.0,קסם,,True,True,0.009000000000000001,0.0,140741.1,0.009000000000000001,140741.1,0
1146612,"קסם NASDAQ 100 ETF מנוטרלת מט""ח",אמריקה- שווקים מפותחים,,"מניות בחו""ל",2026-02-28,1058910000.0000001,קסם,,True,True,0.0089,0.0,94242.99,0.0089,94242.99,0
1146620,"קסם ETF חוזה Bloomberg Brent Crude מנוטרלת מט""ח",סחורה,,סחורות,2026-02-28,26970000.0,קסם,,True,True,0.015,0.0,4045.4999999999995,0.015,4045.4999999999995,0
1146638,קסם ETF משולבת תל גוב-כללי (65%) וקונצרני ישראל (35%) חודשי,ללא מניות,,"אג""ח בארץ משולבת",2026-02-28,42070000.0,קסם,,True,True,0.0,0.0,0.0,0.0,0.0,0
1146646,קסם ETF תל גוב-כללי,"אג""ח מדינה שיקלי וצמוד",,"אג""ח בארץ- מדינה",2026-02-28,229610000.0,קסם,,True,True,0.0015,0.0,3444.15,0.0015,3444.15,0
1146661,קסם ETF משולבת אגח כללי ישראל (90%) ומניות ישראל (10%) חודשי,עד 10% מניות,,"אג""ח בארץ משולבת",2026-02-28,43210000.0,קסם,,True,True,0.0,0.0,0.0,0.0,0.0,0
1146679,קסם MSCI AC World ETF,"מניות גלובליות - חשופת מט""ח",,"מניות בחו""ל",2026-02-28,154600000.0,קסם,,True,True,0.0095,0.0,14686.999999999998,0.0095,14686.999999999998,0
1146687,"קסם Hang Seng China ETF מנוטרלת מט""ח",אסיה ופסיפיק- שווקים מתעוררים,,"מניות בחו""ל",2026-02-28,14400000.0,קסם,,True,True,0.01,0.0,1440.0,0.01,1440.0,0
1146695,קסם ETF משולבת אגח כללי ישראל (80%) ומניות (20%) חודשי,עד 20% מניות,,"אג""ח בארץ משולבת",2026-02-28,32470000.0,קסם,,True,True,0.0,0.0,0.0,0.0,0.0,0
1146703,"קסם DAX ETF מנוטרלת מט""ח",אירופה- שווקים מפותחים,,"מניות בחו""ל",2026-02-28,71340000.0,קסם,,True,True,0.01,0.0,7134.0,0.01,7134.0,0
1146729,"קסם Russell 2000 ETF מנוטרלת מט""ח",אמריקה- שווקים מפותחים,,"מניות בחו""ל",2026-02-28,102190000.0,קסם,,True,True,0.0034999999999999996,0.0,3576.6499999999996,0.0034999999999999996,3576.6499999999996,0
1146737,קסם MSCI Emerging Markets ETF מנוטרלת דולר,גלובלי- שווקים מתעוררים,,"מניות בחו""ל",2026-02-28,40070000.0,קסם,,True,True,0.013999999999999999,0.0,5609.799999999999,0.013999999999999999,5609.799999999999,0
1146745,"קסם ETF חסר ת""א 35 (5,337.49)",מניות בארץ,,ממונפות,2026-02-28,6560000.0,קסם,,True,True,0.0075,0.0,491.99999999999994,0.0075,491.99999999999994,0
1146786,קסם S&P Financial ETF,Financial,,"מניות בחו""ל",2026-02-28,77940000.0,קסם,,True,True,0.0075,0.0,5845.499999999999,0.0075,5845.499999999999,0
1146794,קסם S&P Consumer Discretionary ETF,Consumer Discretionary,,"מניות בחו""ל",2026-02-28,56820000.0,קסם,,True,True,0.0076,0.0,4318.320000000001,0.0076,4318.320000000001,0
1146810,"קסם DJ Internet Composite ETF מנוטרלת מט""ח",Internet,,"מניות בחו""ל",2026-02-28,43430000.0,קסם,,True,True,0.01975,0.0,8577.425,0.01975,8577.425,0
1146828,"קסם ETF משולבת מניות MidCap מפותחות חודשי מנוטרלת מט""ח","מניות בחו""ל קרן משולבת",,"מניות בחו""ל",2026-02-28,10640000.0,קסם,,True,True,0.0,0.0,0.0,0.0,0.0,0
1146885,"קסם ETF ת""א נפט וגז","נפט, גז ואנרגיה",,מניות בארץ,2026-02-28,315310000.0,קסם,,True,True,0.006,0.0,18918.600000000002,0.006,18918.600000000002,0
1146919,קסם iBoxx US Liquid Investment Grade Top 30 ETF,"חברות והמרה חשופת מט""ח",,"אג""ח בחו""ל",2026-02-28,13170000.0,קסם,,True,True,0.006,0.0,790.2,0.006,790.2,0
1146927,קסם ETF תל בונד צמודות,בריבית קבועה,,"אג""ח בארץ- חברות והמרה",2026-02-28,114110000.0,קסם,,True,True,0.0025,0.0,2852.75,0.0025,2852.75,0
1146935,קסם ETF תל בונד צמודות-יתר,בריבית קבועה,,"אג""ח בארץ- חברות והמרה",2026-02-28,166470000.0,קסם,,True,True,0.0022,0.0,3662.3400000000006,0.0022,3662.3400000000006,0
1146943,קסם S&P Homebuilders ETF,REIT - Real Estate,,"מניות בחו""ל",2026-02-28,151440000.0,קסם,,True,True,0.006,0.0,9086.4,0.006,9086.4,0
1146950,קסם ETFי (!) תל בונד-תשואות צמודות,בריבית קבועה,,"אג""ח בארץ- חברות והמרה",2026-02-28,417840000.0,קסם,,True,True,0.0025,0.0,10446.0,0.0025,10446.0,0
1146968,קסם ETF ממונפת S&P 500 פי 3 חודשי,"מניות בחו""ל",,ממונפות,2026-02-28,130070000.0,קסם,,True,True,0.0275,0.0,35769.25,0.0275,35769.25,0
1146976,קסם ETF ממונפת NASDAQ 100 פי 3 חודשי,"מניות בחו""ל",,ממונפות,2026-02-28,437780000.0,קסם,,True,True,0.0275,0.0,120389.5,0.0275,120389.5,0
1146984,קסם ETF ממונפת DAX פי 3 חודשי,"מניות בחו""ל",,ממונפות,2026-02-28,65879999.99999999,קסם,,True,True,0.0275,0.0,18117.0,0.0275,18117.0,0
1146992,קסם ETF ממונפת בחסר S&P 500 פי 2 חודשי,"מניות בחו""ל",,ממונפות,2026-02-28,15040000.0,קסם,,True,True,0.0275,0.0,4136.0,0.0275,4136.0,0
1147008,קסם ETF ממונפת בחסר NASDAQ 100 פי 2 חודשי,"מניות בחו""ל",,ממונפות,2026-02-28,42060000.0,קסם,,True,True,0.0275,0.0,11566.5,0.0275,11566.5,0
1147016,קסם ETF ממונפת בחסר DAX פי 2 חודשי,"מניות בחו""ל",,ממונפות,2026-02-28,10170000.0,קסם,,True,True,0.0275,0.0,2796.75,0.0275,2796.75,0
1147024,"קסם S&P SmallCap 600 ETF מנוטרלת מט""ח",אמריקה- שווקים מפותחים,,"מניות בחו""ל",2026-02-28,55120000.0,קסם,,True,True,0.008,0.0,4409.6,0.008,4409.6,0
1147032,קסם Morningstar Wide Moat Focus ETF,אמריקה- כללי,,"מניות בחו""ל",2026-02-28,140910000.0,קסם,,True,True,0.006500000000000001,0.0,9159.150000000001,0.006500000000000001,9159.150000000001,0
1147040,"קסם ETF משולבת מניות ארה""ב חודשי מנוטרלת מט""ח","מניות בחו""ל קרן משולבת",,"מניות בחו""ל",2026-02-28,104480000.0,קסם,,True,True,0.0,0.0,0.0,0.0,0.0,0
1147057,"קסם ETF משולבת תל גוב-כללי (55%) קונצרני (30%) ומניות (15%) חודשי מנוטרלת מט""ח",עד 20% מניות,,"אג""ח בארץ משולבת",2026-02-28,28740000.0,קסם,,True,True,0.0,0.0,0.0,0.0,0.0,0
1147065,קסם S&P 500 Low Volatility High Dividend ETF,אמריקה- שווקים מפותחים,,"מניות בחו""ל",2026-02-28,19830000.0,קסם,,True,True,0.0098,0.0,1943.34,0.0098,1943.34,0
1147073,קסם MSCI World ETF מנוטרלת דולר,גלובלי- שווקים מפותחים,,"מניות בחו""ל",2026-02-28,32409999.999999996,קסם,,True,True,0.01,0.0,3241.0,0.01,3241.0,0
1147081,קסם ETF תל בונד מאגר,"אג""ח חברות שקלי וצמוד",,"אג""ח בארץ- חברות והמרה",2026-02-28,885610000.0,קסם,,True,True,0.0025,0.0,22140.25,0.0025,22140.25,0
1147099,"קסם FTSE 250 ETF מנוטרלת מט""ח",אירופה- שווקים מפותחים,,"מניות בחו""ל",2026-02-28,11660000.0,קסם,,True,True,0.005,0.0,583.0,0.005,583.0,0
1147107,"קסם DJ US Dividend ETF מנוטרלת מט""ח",אמריקה- שווקים מפותחים,,"מניות בחו""ל",2026-02-28,23130000.0,קסם,,True,True,0.009300000000000001,0.0,2151.09,0.009300000000000001,2151.09,0
1147131,קסם ETFי (!) חסר תל בונד- תשואות צמודות (682.1),"אג""ח בארץ",,ממונפות,2026-02-28,4980000.0,קסם,,True,True,0.005,0.0,249.0,0.005,249.0,0
1147156,"קסם ETF משולבת מניות ארה""ב חודשי","מניות בחו""ל קרן משולבת",,"מניות בחו""ל",2026-02-28,39600000.0,קסם,,True,True,0.0,0.0,0.0,0.0,0.0,0
1147172,קסם S&P Health Care ETF,Health Care,,"מניות בחו""ל",2026-02-28,86070000.0,קסם,,True,True,0.006999999999999999,0.0,6024.9,0.006999999999999999,6024.9,0
1147180,קסם ETF חסר תל גוב-שקלי 5+ (917.6),"אג""ח בארץ",,ממונפות,2026-02-28,780000.0,קסם,,True,True,0.003,0.0,23.400000000000002,0.003,23.400000000000002,0
1147198,קסם ETFי All-Bond ריבית משתנה שקלי,"אג""ח בארץ כללי",,"אג""ח בארץ כללי",2026-02-28,14520000.0,קסם,,True,True,0.0023,0.0,333.96,0.0023,333.96,0
1147214,"קסם ETF משולבת מניות סקטורים ארה""ב S&P חודשי","מניות בחו""ל קרן משולבת",,"מניות בחו""ל",2026-02-28,19790000.0,קסם,,True,True,0.0,0.0,0.0,0.0,0.0,0
1147230,קסם S&P Technology ETF,Technology,,"מניות בחו""ל",2026-02-28,828380000.0,קסם,,True,True,0.0064,0.0,53016.32,0.0064,53016.32,0
1147263,"קסם iBoxx $ Corps Liquid 3-7 Years ETF מנוטרלת מט""ח","חברות והמרה  מנוטרלת מט""ח - בינוני",,"אג""ח בחו""ל",2026-02-28,62350000.0,קסם,,True,True,0.003,0.0,1870.5,0.003,1870.5,0
1147271,קסם Bluestar Israel Global Technology ETF,Technology,,"מניות בחו""ל",2026-02-28,44440000.0,קסם,,True,True,0.006,0.0,2666.4,0.006,2666.4,0
1147297,קסם iBoxx $ Corps Liquid 3-7 Years ETF,"חברות והמרה חשופת מט""ח - בינוני",,"אג""ח בחו""ל",2026-02-28,32060000.000000004,קסם,,True,True,0.003,0.0,961.8000000000002,0.003,961.8000000000002,0
1147347,"קסם ETF חסר ת""א SME60י (1913.2)",מניות בארץ,,ממונפות,2026-02-28,750000.0,קסם,,True,True,0.0235,0.0,176.25,0.0235,176.25,0
1147362,קסם MSCI AC World ETF מנוטרלת דולר,"מניות גלובליות - מנוטרלת מט""ח",,"מניות בחו""ל",2026-02-28,339190000.0,קסם,,True,True,0.0022,0.0,7462.180000000001,0.0022,7462.180000000001,0
1147396,קסם ETF תל בונד שקלי 3-5,בריבית קבועה - בינוני,,"אג""ח בארץ- חברות והמרה",2026-02-28,49770000.0,קסם,,True,True,0.0025,0.0,1244.25,0.0025,1244.25,0
1147529,קסם S&P Industrial ETF,Industrials,,"מניות בחו""ל",2026-02-28,16540000.0,קסם,,True,True,0.008,0.0,1323.2,0.008,1323.2,0
1147545,"קסם FTSE 100 ETF מנוטרלת מט""ח",אירופה- שווקים מפותחים,,"מניות בחו""ל",2026-02-28,12110000.0,קסם,,True,True,0.008,0.0,968.8000000000001,0.008,968.8000000000001,0
1147875,אי בי אי סל LBMA Gold Price AM,סחורה,,סחורות,2026-02-28,146450000.0,אי.בי.אי,,True,True,0.015,0.0,21967.499999999996,0.015,21967.499999999996,0
1147966,אי בי אי סל iBoxx US Liquid Investment Grade Top 30,"חברות והמרה חשופת מט""ח",,"אג""ח בחו""ל",2026-02-28,15450000.0,אי.בי.אי,,True,True,0.002,0.0,309.0,0.002,309.0,0
1147974,אי בי אי סל תל בונד 40 צמודות,בריבית קבועה,,"אג""ח בארץ- חברות והמרה",2026-02-28,194220000.0,אי.בי.אי,,True,True,0.0025,0.0,4855.5,0.0025,4855.5,0
1148006,אי בי אי סל תל בונד 60 צמודות,בריבית קבועה,,"אג""ח בארץ- חברות והמרה",2026-02-28,1025940000.0,אי.בי.אי,,True,True,0.0025,0.0,25648.5,0.0025,25648.5,0
1148048,אי בי אי סל תל בונד צמודות,בריבית קבועה,,"אג""ח בארץ- חברות והמרה",2026-02-28,86530000.0,אי.בי.אי,,True,True,0.002,0.0,1730.6000000000001,0.002,1730.6000000000001,0
1148162,אי בי אי סל S&P 500,אמריקה- שווקים מפותחים,,"מניות בחו""ל",2026-02-28,4293290000.0,אי.בי.אי,,True,True,0.008,0.0,343463.2,0.008,343463.2,0
1148212,"אי בי אי סל S&P Health Care מנוטרלת מט""ח",Health Care,,"מניות בחו""ל",2026-02-28,22600000.0,אי.בי.אי,,True,True,0.008,0.0,1808.0000000000002,0.008,1808.0000000000002,0
1148477,אי בי אי סל תל בונד צמודות A,בריבית קבועה,,"אג""ח בארץ- חברות והמרה",2026-02-28,323800000.0,אי.בי.אי,,True,True,0.0025,0.0,8095.0,0.0025,8095.0,0
1148774,אי בי אי סל אינדקס בנקים ישראל,בנקאות ואשראי חוץ בנקאי,,מניות בארץ,2026-02-28,16598419999.999998,אי.בי.אי,,True,True,0.006500000000000001,0.0,1078897.3,0.006500000000000001,1078897.3,0
1148808,"אי בי אי סל ת""א 125",Large & Mid Cap,,מניות בארץ,2026-02-28,3583200000.0,אי.בי.אי,,True,True,0.0034999999999999996,0.0,125411.99999999999,0.0034999999999999996,125411.99999999999,0
1148899,"הראל סל ת""א 125",Large & Mid Cap,,מניות בארץ,2026-02-28,5080640000.0,הראל,,True,True,0.0025,0.0,127016.0,0.0025,127016.0,0
1148907,"הראל סל ת""א 35",Large Cap,,מניות בארץ,2026-02-28,1611390000.0,הראל,,True,True,0.0025,0.0,40284.75,0.0025,40284.75,0
1148931,"הראל סל ת""א 90",Mid Cap,,מניות בארץ,2026-02-28,2629340000.0,הראל,,True,True,0.006,0.0,157760.4,0.006,157760.4,0
1148949,הראל סל אינדקס בנקים ישראל,בנקאות ואשראי חוץ בנקאי,,מניות בארץ,2026-02-28,3433230000.0,הראל,,True,True,0.006,0.0,205993.80000000002,0.006,205993.80000000002,0
1148956,"הראל סל ת""א SME60",Mid  & Small Cap,,מניות בארץ,2026-02-28,106370000.0,הראל,,True,True,0.008,0.0,8509.6,0.008,8509.6,0
1148964,"הראל סל ת""א נדל""ן","נדל""ן ובנייה",,מניות בארץ,2026-02-28,297120000.0,הראל,,True,True,0.006,0.0,17827.2,0.006,17827.2,0
1148980,"הראל סל ת""א פיננסים",פיננסים,,מניות בארץ,2026-02-28,393850000.0,הראל,,True,True,0.006,0.0,23631.0,0.006,23631.0,0
1149020,הראל סל S&P 500,אמריקה- שווקים מפותחים,,"מניות בחו""ל",2026-02-28,6177200000.0,הראל,,True,True,0.006,0.0,370632.0,0.006,370632.0,0
1149038,הראל סל NASDAQ 100,אמריקה- שווקים מפותחים,,"מניות בחו""ל",2026-02-28,409630000.0,הראל,,True,True,0.006999999999999999,0.0,28674.1,0.006999999999999999,28674.1,0
1149053,הראל סל DAX,אירופה- שווקים מפותחים,,"מניות בחו""ל",2026-02-28,50160000.0,הראל,,True,True,0.005,0.0,2508.0,0.005,2508.0,0
1149103,"הראל סל NASDAQ 100 מנוטרלת מט""ח",אמריקה- שווקים מפותחים,,"מניות בחו""ל",2026-02-28,627870000.0,הראל,,True,True,0.008,0.0,50229.600000000006,0.008,50229.600000000006,0
1149137,"הראל סל S&P 500 מנוטרלת מט""ח",אמריקה- שווקים מפותחים,,"מניות בחו""ל",2026-02-28,1082510000.0,הראל,,True,True,0.008,0.0,86600.8,0.008,86600.8,0
1149160,"הראל סל DAX מנוטרלת מט""ח",אמריקה- שווקים מפותחים,,"מניות בחו""ל",2026-02-28,77070000.0,הראל,,True,True,0.008,0.0,6165.6,0.008,6165.6,0
1149228,הראל סל DJ Industrial Average,אמריקה- שווקים מפותחים,,"מניות בחו""ל",2026-02-28,136370000.0,הראל,,True,True,0.0045000000000000005,0.0,6136.650000000001,0.0045000000000000005,6136.650000000001,0
1149236,"אי בי אי סל חסר ת""א 90 (6582.848)",מניות בארץ,,ממונפות,2026-02-28,7560000.0,אי.בי.אי,,True,True,0.005,0.0,378.0,0.005,378.0,0
1149244,הראל סל EURO STOXX 50,אירופה- כללי,,"מניות בחו""ל",2026-02-28,30100000.0,הראל,,True,True,0.0045000000000000005,0.0,1354.5,0.0045000000000000005,1354.5,0
1149251,"הראל סל NIKKEI 225 מנוטרלת מט""ח",אסיה ופסיפיק- שווקים מפותחים,,"מניות בחו""ל",2026-02-28,69220000.0,הראל,,True,True,0.0078000000000000005,0.0,5399.16,0.0078000000000000005,5399.16,0
1149285,הראל סל S&P Industrial,Industrials,,"מניות בחו""ל",2026-02-28,53900000.0,הראל,,True,True,0.006999999999999999,0.0,3772.9999999999995,0.006999999999999999,3772.9999999999995,0
1149301,הראל סל MSCI Emerging Markets,גלובלי- שווקים מתעוררים,,"מניות בחו""ל",2026-02-28,30510000.0,הראל,,True,True,0.004,0.0,1220.4,0.004,1220.4,0
1149335,הראל סל MSCI AC World,"מניות גלובליות - חשופת מט""ח",,"מניות בחו""ל",2026-02-28,240920000.0,הראל,,True,True,0.0055000000000000005,0.0,13250.600000000002,0.0055000000000000005,13250.600000000002,0
1149772,אי בי אי סל MSCI AC World,"מניות גלובליות - חשופת מט""ח",,"מניות בחו""ל",2026-02-28,679700000.0,אי.בי.אי,,True,True,0.008,0.0,54376.00000000001,0.008,54376.00000000001,0
1149830,"אי בי אי סל DAX מנוטרלת מט""ח",אירופה- שווקים מפותחים,,"מניות בחו""ל",2026-02-28,62920000.0,אי.בי.אי,,True,True,0.008,0.0,5033.6,0.008,5033.6,0
1149848,הראל סל S&P Health Care,Health Care,,"מניות בחו""ל",2026-02-28,62290000.0,הראל,,True,True,0.005,0.0,3114.5,0.005,3114.5,0
1149855,הראל סל S&P Financial,Financial,,"מניות בחו""ל",2026-02-28,60110000.0,הראל,,True,True,0.0045000000000000005,0.0,2704.9500000000003,0.0045000000000000005,2704.9500000000003,0
1149863,הראל סל S&P Consumer Staples,Consumer Staples,,"מניות בחו""ל",2026-02-28,34080000.0,הראל,,True,True,0.005,0.0,1704.0,0.005,1704.0,0
1149871,הראל סל STOXX Europe 600,אירופה- כללי,,"מניות בחו""ל",2026-02-28,70750000.0,הראל,,True,True,0.006,0.0,4245.0,0.006,4245.0,0
1149889,הראל סל STOXX Europe 600 מנוטרלת אירו,אירופה- כללי,,"מניות בחו""ל",2026-02-28,70170000.0,הראל,,True,True,0.008,0.0,5613.6,0.008,5613.6,0
1149897,"הראל סל S&P Financial מנוטרלת מט""ח",Financial,,"מניות בחו""ל",2026-02-28,90100000.0,הראל,,True,True,0.005,0.0,4505.0,0.005,4505.0,0
1149905,"הראל סל S&P 500 Low Volatility מנוטרלת מט""ח",אמריקה- שווקים מפותחים,,"מניות בחו""ל",2026-02-28,37090000.0,הראל,,True,True,0.006500000000000001,0.0,2410.8500000000004,0.006500000000000001,2410.8500000000004,0
1149939,הראל סל S&P Technology,Technology,,"מניות בחו""ל",2026-02-28,603130000.0,הראל,,True,True,0.006,0.0,36187.8,0.006,36187.8,0
1149954,MTF סל תל גוב-שקלי,ריבית קבועה,,"אג""ח בארץ- מדינה",2026-02-28,88080000.0,מגדל,,True,True,0.002,0.0,1761.6000000000001,0.002,1761.6000000000001,0
1149962,MTF סל תל גוב-שקלי 2-5,ריבית קבועה  - בינוני,,"אג""ח בארץ- מדינה",2026-02-28,101250000.0,מגדל,,True,True,0.0015,0.0,1518.75,0.0015,1518.75,0
1149970,"הראל סל S&P 500 Equal Weight מנוטרלת מט""ח",אמריקה- שווקים מפותחים,,"מניות בחו""ל",2026-02-28,285760000.0,הראל,,True,True,0.004,0.0,11430.400000000001,0.004,11430.400000000001,0
1149988,MTF סל תל בונד 20 צמודות,בריבית קבועה,,"אג""ח בארץ- חברות והמרה",2026-02-28,481970000.0,מגדל,,True,True,0.0025,0.0,12049.25,0.0025,12049.25,0
1149996,MTF סל תל בונד 60 צמודות,בריבית קבועה,,"אג""ח בארץ- חברות והמרה",2026-02-28,800280000.0,מגדל,,True,True,0.0025,0.0,20007.0,0.0025,20007.0,0
1150002,MTF סל תל בונד שקלי,בריבית קבועה,,"אג""ח בארץ- חברות והמרה",2026-02-28,827290000.0,מגדל,,True,True,0.0025,0.0,20682.25,0.0025,20682.25,0
1150010,MTF סל תל גוב-צמודות 2-5,צמודות מדד ממשלתיות - בינוני,,"אג""ח בארץ- מדינה",2026-02-28,81030000.0,מגדל,,True,True,0.0015,0.0,1215.45,0.0015,1215.45,0
1150036,הראל סל S&P Energy,Energy,,"מניות בחו""ל",2026-02-28,23880000.0,הראל,,True,True,0.003,0.0,716.4,0.003,716.4,0
1150051,MTF סל תל גוב-שקלי 5+,ריבית קבועה - ארוך,,"אג""ח בארץ- מדינה",2026-02-28,184750000.0,מגדל,,True,True,0.0015,0.0,2771.25,0.0015,2771.25,0
1150069,MTF סל תל גוב-צמודות 5-10,צמודות מדד ממשלתיות - ארוך,,"אג""ח בארץ- מדינה",2026-02-28,66950000.0,מגדל,,True,True,0.0015,0.0,1004.25,0.0015,1004.25,0
1150101,MTF סל תל בונד צמודות,בריבית קבועה,,"אג""ח בארץ- חברות והמרה",2026-02-28,203810000.0,מגדל,,True,True,0.0025,0.0,5095.25,0.0025,5095.25,0
1150119,MTF סל (!) תל - בונד תשואות צמודות,בריבית קבועה,,"אג""ח בארץ- חברות והמרה",2026-02-28,240780000.0,מגדל,,True,True,0.0025,0.0,6019.5,0.0025,6019.5,0
1150135,MTF סל (!) תל בונד גלובל שקלי,בריבית קבועה,,"אג""ח בארץ- חברות והמרה",2026-02-28,148150000.0,מגדל,,True,True,0.0,0.0,0.0,0.0,0.0,0
1150168,MTF סל תל בונד שקלי 50,בריבית קבועה,,"אג""ח בארץ- חברות והמרה",2026-02-28,635770000.0,מגדל,,True,True,0.0025,0.0,15894.25,0.0025,15894.25,0
1150184,"MTF סל ת""א 35",Large Cap,,מניות בארץ,2026-02-28,1339200000.0,מגדל,,True,True,0.0024,0.0,32140.799999999996,0.0024,32140.799999999996,0
1150192,הראל סל ISE Cyber Security מנוטרלת דולר,Cyber Security,,"מניות בחו""ל",2026-02-28,75150000.0,הראל,,True,True,0.006999999999999999,0.0,5260.499999999999,0.006999999999999999,5260.499999999999,0
1150200,הראל סל MSCI AC World מנוטרלת דולר,"מניות גלובליות - מנוטרלת מט""ח",,"מניות בחו""ל",2026-02-28,229250000.0,הראל,,True,True,0.0025,0.0,5731.25,0.0025,5731.25,0
1150226,MTF סל STOXX Europe 600,אירופה- כללי,,"מניות בחו""ל",2026-02-28,84510000.0,מגדל,,True,True,0.004,0.0,3380.4,0.004,3380.4,0
1150242,MTF סל RUSSELL 2000,אמריקה- שווקים מפותחים,,"מניות בחו""ל",2026-02-28,76920000.0,מגדל,,True,True,0.0024,0.0,1846.0799999999997,0.0024,1846.0799999999997,0
1150259,"MTF סל ת""א 90",Mid Cap,,מניות בארץ,2026-02-28,3081190000.0,מגדל,,True,True,0.006,0.0,184871.4,0.006,184871.4,0
1150267,"MTF סל ת""א טק-עילית",טכנולוגיה,,מניות בארץ,2026-02-28,76820000.0,מגדל,,True,True,0.005,0.0,3841.0,0.005,3841.0,0
1150275,MTF סל MSCI Emerging Markets,גלובלי- שווקים מתעוררים,,"מניות בחו""ל",2026-02-28,130120000.0,מגדל,,True,True,0.0034999999999999996,0.0,4554.2,0.0034999999999999996,4554.2,0
1150283,"MTF סל ת""א 125",Large & Mid Cap,,מניות בארץ,2026-02-28,5534450000.0,מגדל,,True,True,0.0024,0.0,132826.8,0.0024,132826.8,0
1150333,MTF סל S&P 500,אמריקה- שווקים מפותחים,,"מניות בחו""ל",2026-02-28,5948550000.0,מגדל,,True,True,0.0025,0.0,148713.75,0.0025,148713.75,0
1150341,MTF סל S&P Aerospace & Defense,Aerospace & Defense,,"מניות בחו""ל",2026-02-28,119050000.0,מגדל,,True,True,0.008,0.0,9524.0,0.008,9524.0,0
1150358,MTF סל S&P Consumer Discretionary,Consumer Discretionary,,"מניות בחו""ל",2026-02-28,13580000.0,מגדל,,True,True,0.0015,0.0,203.70000000000002,0.0015,203.70000000000002,0
1150366,MTF סל S&P Consumer Staples,Consumer Staples,,"מניות בחו""ל",2026-02-28,21430000.0,מגדל,,True,True,0.0015,0.0,321.45,0.0015,321.45,0
1150374,הראל סל ISE Cyber Security,Cyber Security,,"מניות בחו""ל",2026-02-28,69190000.0,הראל,,True,True,0.006,0.0,4151.400000000001,0.006,4151.400000000001,0
1150382,MTF סל S&P Financial,Financial,,"מניות בחו""ל",2026-02-28,27480000.0,מגדל,,True,True,0.008,0.0,2198.4,0.008,2198.4,0
1150390,MTF סל S&P Health Care,Health Care,,"מניות בחו""ל",2026-02-28,75370000.0,מגדל,,True,True,0.0015,0.0,1130.55,0.0015,1130.55,0
1150408,MTF סל S&P Industrial,Industrials,,"מניות בחו""ל",2026-02-28,90770000.0,מגדל,,True,True,0.0015,0.0,1361.55,0.0015,1361.55,0
1150416,"MTF סל DAX מנוטרלת מט""ח",אירופה- שווקים מפותחים,,"מניות בחו""ל",2026-02-28,117220000.0,מגדל,,True,True,0.0045000000000000005,0.0,5274.900000000001,0.0045000000000000005,5274.900000000001,0
1150424,MTF סל S&P Technology,Technology,,"מניות בחו""ל",2026-02-28,199590000.0,מגדל,,True,True,0.006,0.0,11975.4,0.006,11975.4,0
1150432,"MTF סל S&P Health Care מנוטרלת מט""ח",Health Care,,"מניות בחו""ל",2026-02-28,49300000.0,מגדל,,True,True,0.008,0.0,3944.0000000000005,0.008,3944.0000000000005,0
1150440,הראל סל תל בונד 20 צמודות,בריבית קבועה,,"אג""ח בארץ- חברות והמרה",2026-02-28,521260000.0,הראל,,True,True,0.0025,0.0,13031.5,0.0025,13031.5,0
1150457,"MTF סל S&P Industrial מנוטרלת מט""ח",Industrials,,"מניות בחו""ל",2026-02-28,84410000.0,מגדל,,True,True,0.008,0.0,6752.8,0.008,6752.8,0
1150473,הראל סל תל בונד 60 צמודות,בריבית קבועה,,"אג""ח בארץ- חברות והמרה",2026-02-28,662320000.0,הראל,,True,True,0.0032,0.0,21194.239999999998,0.0032,21194.239999999998,0
1150481,"MTF סל S&P Technology מנוטרלת מט""ח",Technology,,"מניות בחו""ל",2026-02-28,348170000.0,מגדל,,True,True,0.008,0.0,27853.600000000002,0.008,27853.600000000002,0
1150499,הראל סל תל בונד 40 צמודות,בריבית קבועה,,"אג""ח בארץ- חברות והמרה",2026-02-28,108970000.0,הראל,,True,True,0.002,0.0,2179.4,0.002,2179.4,0
1150507,"MTF סל S&P Utilities מנוטרלת מט""ח",Utilities,,"מניות בחו""ל",2026-02-28,103930000.0,מגדל,,True,True,0.0015,0.0,1558.95,0.0015,1558.95,0
1150523,הראל סל תל בונד שקלי,בריבית קבועה,,"אג""ח בארץ- חברות והמרה",2026-02-28,1143580000.0,הראל,,True,True,0.0028000000000000004,0.0,32020.24,0.0028000000000000004,32020.24,0
1150531,"MTF סל NIKKEI 225 מנוטרלת מט""ח",אסיה ופסיפיק- שווקים מפותחים,,"מניות בחו""ל",2026-02-28,115710000.0,מגדל,,True,True,0.0077,0.0,8909.67,0.0077,8909.67,0
1150549,"MTF סל RUSSELL 2000 מנוטרלת מט""ח",אמריקה- שווקים מפותחים,,"מניות בחו""ל",2026-02-28,104840000.0,מגדל,,True,True,0.005,0.0,5242.0,0.005,5242.0,0
1150564,"MTF סל S&P Aerospace & Defense מנוטרלת מט""ח",Aerospace & Defense,,"מניות בחו""ל",2026-02-28,88140000.0,מגדל,,True,True,0.008,0.0,7051.200000000001,0.008,7051.200000000001,0
1150572,"MTF סל S&P 500 מנוטרלת מט""ח",אמריקה- שווקים מפותחים,,"מניות בחו""ל",2026-02-28,1865320000.0,מגדל,,True,True,0.0025,0.0,46633.0,0.0025,46633.0,0
1150598,"MTF סל S&P Financial מנוטרלת מט""ח",Financial,,"מניות בחו""ל",2026-02-28,38750000.0,מגדל,,True,True,0.008,0.0,3100.0000000000005,0.008,3100.0000000000005,0
1150606,הראל סל תל בונד צמודות,בריבית קבועה,,"אג""ח בארץ- חברות והמרה",2026-02-28,165490000.0,הראל,,True,True,0.0025,0.0,4137.25,0.0025,4137.25,0
1150614,"MTF סל STOXX Europe 600 מנוטרלת מט""ח",אירופה- כללי,,"מניות בחו""ל",2026-02-28,285580000.0,מגדל,,True,True,0.0055000000000000005,0.0,15706.900000000003,0.0055000000000000005,15706.900000000003,0
1150622,הראל סל (!) תל בונד-תשואות צמודות,בריבית קבועה,,"אג""ח בארץ- חברות והמרה",2026-02-28,482180000.0,הראל,,True,True,0.0025,0.0,12054.5,0.0025,12054.5,0
1150663,"MTF סל S&P Consumer Discretionary מנוטרלת מט""ח",Consumer Discretionary,,"מניות בחו""ל",2026-02-28,22370000.0,מגדל,,True,True,0.008,0.0,1789.6000000000001,0.008,1789.6000000000001,0
1150671,הראל סל (!) תל בונד תשואות שקל,בריבית קבועה,,"אג""ח בארץ- חברות והמרה",2026-02-28,230080000.0,הראל,,True,True,0.002,0.0,4601.6,0.002,4601.6,0
1150689,"MTF סל S&P Consumer Staples מנוטרלת מט""ח",Consumer Staples,,"מניות בחו""ל",2026-02-28,52260000.0,מגדל,,True,True,0.006500000000000001,0.0,3396.9000000000005,0.006500000000000001,3396.9000000000005,0
1150713,הראל סל תל בונד שקלי 50,בריבית קבועה,,"אג""ח בארץ- חברות והמרה",2026-02-28,684960000.0,הראל,,True,True,0.0025,0.0,17124.0,0.0025,17124.0,0
1150721,"MTF סל S&P Energy מנוטרלת מט""ח",Energy,,"מניות בחו""ל",2026-02-28,54020000.0,מגדל,,True,True,0.001,0.0,540.2,0.001,540.2,0
1150739,הראל סל (!) תל בונד גלובל שקלי,בריבית קבועה,,"אג""ח בארץ- חברות והמרה",2026-02-28,78250000.0,הראל,,True,True,0.0025,0.0,1956.25,0.0025,1956.25,0
1150747,הראל סל תל בונד שקלי-בנקים וביטוח,בריבית קבועה,,"אג""ח בארץ- חברות והמרה",2026-02-28,149380000.0,הראל,,True,True,0.0034999999999999996,0.0,5228.299999999999,0.0034999999999999996,5228.299999999999,0
1150754,קסם ETF תל בונד צמודות 3-5,בריבית קבועה - בינוני,,"אג""ח בארץ- חברות והמרה",2026-02-28,158370000.0,קסם,,True,True,0.0025,0.0,3959.25,0.0025,3959.25,0
1150762,קסם ETF תל בונד שקלי 50,בריבית קבועה,,"אג""ח בארץ- חברות והמרה",2026-02-28,1076000000.0,קסם,,True,True,0.0025,0.0,26900.0,0.0025,26900.0,0
1150770,קסם ETF (!) תל בונד גלובל שקלי,בריבית קבועה,,"אג""ח בארץ- חברות והמרה",2026-02-28,182740000.0,קסם,,True,True,0.0025,0.0,4568.5,0.0025,4568.5,0
1150796,קסם S&P MidCap 400 ETF,אמריקה- שווקים מפותחים,,"מניות בחו""ל",2026-02-28,23780000.0,קסם,,True,True,0.001,0.0,237.8,0.001,237.8,0
1150861,MTF סל DAX,אירופה- שווקים מפותחים,,"מניות בחו""ל",2026-02-28,44680000.0,מגדל,,True,True,0.0045000000000000005,0.0,2010.6000000000001,0.0045000000000000005,2010.6000000000001,0
1155076,אי בי אי סל כשרה תל בונד 60 צמודות,בריבית קבועה,,"אג""ח בארץ- חברות והמרה",2026-02-28,414490000.0,אי.בי.אי,,True,True,0.0,0.0,0.0,0.0,0.0,0
1155092,הראל סל כשרה תל בונד 60 צמודות,בריבית קבועה,,"אג""ח בארץ- חברות והמרה",2026-02-28,441300000.0,הראל,,True,True,0.0,0.0,0.0,0.0,0.0,0
1155100,תכלית סל (!) כשרה תל בונד-תשואות צמודות,בריבית קבועה,,"אג""ח בארץ- חברות והמרה",2026-02-28,109460000.0,מיטב,,True,True,0.0,0.0,0.0,0.0,0.0,0
1155118,תכלית סל כשרה תל בונד צמודות-יתר,בריבית קבועה,,"אג""ח בארץ- חברות והמרה",2026-02-28,29410000.0,מיטב,,True,True,0.0,0.0,0.0,0.0,0.0,0
1155126,קסם ETF כשרה תל בונד 60 צמודות,בריבית קבועה,,"אג""ח בארץ- חברות והמרה",2026-02-28,309370000.0,קסם,,True,True,0.0,0.0,0.0,0.0,0.0,0
1155159,קסם ETF כשרה תל בונד שקלי,בריבית קבועה,,"אג""ח בארץ- חברות והמרה",2026-02-28,171270000.0,קסם,,True,True,0.0,0.0,0.0,0.0,0.0,0
1155183,תכלית סל כשרה תל בונד שקלי,בריבית קבועה,,"אג""ח בארץ- חברות והמרה",2026-02-28,179600000.0,מיטב,,True,True,0.0,0.0,0.0,0.0,0.0,0
1155191,הראל סל כשרה תל בונד שקלי,בריבית קבועה,,"אג""ח בארץ- חברות והמרה",2026-02-28,176570000.0,הראל,,True,True,0.0,0.0,0.0,0.0,0.0,0
1155324,"אי בי אי סל כשרה ת""א 125",Large & Mid Cap,,מניות בארץ,2026-02-28,830680000.0,אי.בי.אי,,True,True,0.0,0.0,0.0,0.0,0.0,0
1155340,"הראל סל כשרה ת""א 125",Large & Mid Cap,,מניות בארץ,2026-02-28,669220000.0,הראל,,True,True,0.0,0.0,0.0,0.0,0.0,0
1155365,"קסם ETF כשרה ת""א 125",Large & Mid Cap,,מניות בארץ,2026-02-28,782710000.0,קסם,,True,True,0.0,0.0,0.0,0.0,0.0,0
1155373,"תכלית סל כשרה ת""א 125",Large & Mid Cap,,מניות בארץ,2026-02-28,741740000.0,מיטב,,True,True,0.0,0.0,0.0,0.0,0.0,0
1157379,קסם All-Bond ETF-דולר וטופ 5 בתל בונד-20 צמודות,אחר,,"אג""ח בארץ- חברות והמרה",2026-02-28,27000000.0,קסם,,True,True,0.0025,0.0,675.0,0.0025,675.0,0
1157908,קסם S&P U.S. Treasury Bond 1-3 Year ETF,"ממשלתיות חשופת מט""ח - קצר",,"אג""ח בחו""ל",2026-02-28,221660000.0,קסם,,True,True,0.0015,0.0,3324.9,0.0015,3324.9,0
1157916,קסם S&P U.S. Treasury Bond 3-5 Year ETF,"ממשלתיות חשופת מט""ח - בינוני",,"אג""ח בחו""ל",2026-02-28,40340000.0,קסם,,True,True,0.0015,0.0,605.1,0.0015,605.1,0
1157924,קסם S&P U.S. Treasury Bond 7-10 Year ETF,"ממשלתיות חשופת מט""ח - ארוך",,"אג""ח בחו""ל",2026-02-28,77120000.0,קסם,,True,True,0.0015,0.0,1156.8,0.0015,1156.8,0
1157957,קסם NIFTY 50 (!) ETF,אסיה ופסיפיק- שווקים מתעוררים,,"מניות בחו""ל",2026-02-28,34880000.0,קסם,,True,True,0.008,0.0,2790.4,0.008,2790.4,0
1158328,MTF סל Indxx USA Cloud Computing,Cloud Computing,,"מניות בחו""ל",2026-02-28,14070000.0,מגדל,,True,True,0.008,0.0,1125.6000000000001,0.008,1125.6000000000001,0
1159698,MTF סל כשרה תל בונד 60 צמודות,בריבית קבועה,,"אג""ח בארץ- חברות והמרה",2026-02-28,155110000.0,מגדל,,True,True,0.0,0.0,0.0,0.0,0.0,0
1159706,MTF סל כשרה תל בונד שקלי,בריבית קבועה,,"אג""ח בארץ- חברות והמרה",2026-02-28,159030000.0,מגדל,,True,True,0.0,0.0,0.0,0.0,0.0,0
1159714,"MTF סל כשרה ת""א-125",Large & Mid Cap,,מניות בארץ,2026-02-28,393620000.0,מגדל,,True,True,0.0,0.0,0.0,0.0,0.0,0
1160159,תכלית סל Indxx US Industrial Real Estate & Logistics,REIT - Real Estate,,"מניות בחו""ל",2026-02-28,70300000.0,מיטב,,True,True,0.008,0.0,5624.000000000001,0.008,5624.000000000001,0
1161033,"תכלית סל חסר ת""א 90 (5767.86)",מניות בארץ,,ממונפות,2026-02-28,7580000.0,מיטב,,True,True,0.005,0.0,379.0,0.005,379.0,0
1161058,"קסם ETF חסר ת""א 90 (6123.68)",מניות בארץ,,ממונפות,2026-02-28,19330000.0,קסם,,True,True,0.004,0.0,773.2,0.004,773.2,0
1161827,"הראל סל ת""א טכנולוגיה",טכנולוגיה,,מניות בארץ,2026-02-28,254690000.0,הראל,,True,True,0.0045000000000000005,0.0,11461.050000000001,0.0045000000000000005,11461.050000000001,0
1161884,"קסם ETF חסר ת""א 125 (6727.62)",מניות בארץ,,ממונפות,2026-02-28,43580000.0,קסם,,True,True,0.005,0.0,2179.0,0.005,2179.0,0
1162189,MTF סל S&P 500 Scored & Screened,אמריקה- שווקים מפותחים,,"מניות בחו""ל",2026-02-28,84280000.0,מגדל,,True,True,0.0,0.0,0.0,0.0,0.0,0
1162361,"MTF סל אינדקס אג""ח בנקים וביטוח - רובד 2","אג""ח חברות שקלי וצמוד",,"אג""ח בארץ- חברות והמרה",2026-02-28,174870000.0,מגדל,,True,True,0.0025,0.0,4371.75,0.0025,4371.75,0
1162783,קסם CSI300 ETF,אסיה ופסיפיק- שווקים מתעוררים,,"מניות בחו""ל",2026-02-28,48510000.0,קסם,,True,True,0.005,0.0,2425.5,0.005,2425.5,0
1165653,"MTF סל ת""א-בנייה","נדל""ן ובנייה",,מניות בארץ,2026-02-28,290600000.0,מגדל,,True,True,0.004,0.0,11624.000000000002,0.004,11624.000000000002,0
1165661,"MTF סל ת""א-מניב ישראל","נדל""ן ובנייה",,מניות בארץ,2026-02-28,350970000.0,מגדל,,True,True,0.004,0.0,14038.800000000001,0.004,14038.800000000001,0
1165810,מור סל S&P 500,אמריקה- שווקים מפותחים,,"מניות בחו""ל",2026-02-28,6277850000.0,מור,,True,True,0.001,0.0,62778.50000000001,0.001,62778.50000000001,0
1165828,"מור סל S&P 500 מנוטרלת מט""ח",אמריקה- שווקים מפותחים,,"מניות בחו""ל",2026-02-28,2623830000.0,מור,,True,True,0.001,0.0,26238.300000000003,0.001,26238.300000000003,0
1165836,מור סל NASDAQ 100,אמריקה- שווקים מפותחים,,"מניות בחו""ל",2026-02-28,755020000.0,מור,,True,True,0.001,0.0,7550.200000000001,0.001,7550.200000000001,0
1165844,"מור סל NASDAQ 100 מנוטרלת מט""ח",אמריקה- שווקים מפותחים,,"מניות בחו""ל",2026-02-28,1607410000.0,מור,,True,True,0.001,0.0,16074.100000000002,0.001,16074.100000000002,0
1166172,"הראל סל כשרה ת""א 90",Mid Cap,,מניות בארץ,2026-02-28,182470000.0,הראל,,True,True,0.0,0.0,0.0,0.0,0.0,0
1167261,"קסם ETF ת""א סקטור-באלאנס",Large & Mid Cap,,מניות בארץ,2026-02-28,200190000.0,קסם,,True,True,0.003,0.0,6005.7,0.003,6005.7,0
1167329,קסם Indxx Climate Change Solutions ETF,Alternative / Renewable Energy,,"מניות בחו""ל",2026-02-28,22930000.0,קסם,,True,True,0.005,0.0,1146.5,0.005,1146.5,0
1167568,"הראל סל ממונפת NASDAQ 100 פי 3 חודשי מנוטרלת מט""ח","מניות בחו""ל",,ממונפות,2026-02-28,56090000.0,הראל,,True,True,0.025,0.0,14022.5,0.025,14022.5,0
1167576,הראל סל ממונפת בחסר NASDAQ 100 פי 2 חודשי,"מניות בחו""ל",,ממונפות,2026-02-28,7140000.0,הראל,,True,True,0.0175,0.0,1249.5000000000002,0.0175,1249.5000000000002,0
1167584,MTF סל Bluestar Travel & Vacation,Travel,,"מניות בחו""ל",2026-02-28,38880000.0,מגדל,,True,True,0.008,0.0,3110.4,0.008,3110.4,0
1168715,קסם ETFי ISE Cyber Security,Cyber Security,,"מניות בחו""ל",2026-02-28,20050000.0,קסם,,True,True,0.0045000000000000005,0.0,902.25,0.0045000000000000005,902.25,0
1168723,MTF סל אינדקס אנרגיה מתחדשת ישראל,"נפט, גז ואנרגיה",,מניות בארץ,2026-02-28,308730000.0,מגדל,,True,True,0.005,0.0,15436.5,0.005,15436.5,0
1169333,תכלית סל תל בונד שקלי 50,בריבית קבועה,,"אג""ח בארץ- חברות והמרה",2026-02-28,681090000.0,מיטב,,True,True,0.0015,0.0,10216.35,0.0015,10216.35,0
1169341,"תכלית סל אינדקס ביג טק 30 ארה""ב",Technology,,"מניות בחו""ל",2026-02-28,131350000.0,מיטב,,True,True,0.005,0.0,6567.5,0.005,6567.5,0
1169408,"MTF סל ת""א-טכנולוגיה",טכנולוגיה,,מניות בארץ,2026-02-28,157730000.0,מגדל,,True,True,0.004,0.0,6309.200000000001,0.004,6309.200000000001,0
1169622,הראל סל תל בונד מאגר,"אג""ח חברות שקלי וצמוד",,"אג""ח בארץ- חברות והמרה",2026-02-28,277120000.0,הראל,,True,True,0.0025,0.0,6928.0,0.0025,6928.0,0
1169796,MTF סל Bluestar Top 10 US Banks,Banking,,"מניות בחו""ל",2026-02-28,101020000.0,מגדל,,True,True,0.005,0.0,5051.0,0.005,5051.0,0
1170703,תכלית סל PHLX Semiconductor Sector,Semiconductor,,"מניות בחו""ל",2026-02-28,239970000.0,מיטב,,True,True,0.005,0.0,11998.5,0.005,11998.5,0
1170836,קסם ETF (!) תל בונד-תשואות שקל,בריבית קבועה,,"אג""ח בארץ- חברות והמרה",2026-02-28,269400000.0,קסם,,True,True,0.0025,0.0,6735.0,0.0025,6735.0,0
1170844,קסם ETFי Indxx China Internet,Internet,,"מניות בחו""ל",2026-02-28,23370000.0,קסם,,True,True,0.008,0.0,1869.6000000000001,0.008,1869.6000000000001,0
1171099,"MTF סל חסר ת""א 90 (4574.35)",מניות בארץ,,ממונפות,2026-02-28,56630000.0,מגדל,,True,True,0.0025,0.0,1415.75,0.0025,1415.75,0
1171321,MTF סל אינדקס Shopping Centers REIT,REIT - Real Estate,,"מניות בחו""ל",2026-02-28,68160000.0,מגדל,,True,True,0.008,0.0,5452.8,0.008,5452.8,0
1171586,MTF סל Bluestar China Internet Software,Internet,,"מניות בחו""ל",2026-02-28,5080000.0,מגדל,,True,True,0.001,0.0,50.800000000000004,0.001,50.800000000000004,0
1171594,MTF סל תל בונד - צמודות A,בריבית קבועה,,"אג""ח בארץ- חברות והמרה",2026-02-28,374870000.0,מגדל,,True,True,0.001,0.0,3748.7000000000003,0.001,3748.7000000000003,0
1172824,MTF סל תל בונד - שקלי A,בריבית קבועה,,"אג""ח בארץ- חברות והמרה",2026-02-28,197910000.0,מגדל,,True,True,0.0,0.0,0.0,0.0,0.0,0
1174119,קסם ETFי MVIS US Listed Semiconductor 25,Semiconductor,,"מניות בחו""ל",2026-02-28,498490000.0,קסם,,True,True,0.0045000000000000005,0.0,22432.050000000003,0.0045000000000000005,22432.050000000003,0
1176031,MTF סל MSCI AC World מנוטרלת דולר,"מניות גלובליות - מנוטרלת מט""ח",,"מניות בחו""ל",2026-02-28,76910000.0,מגדל,,True,True,0.002,0.0,1538.2,0.002,1538.2,0
1176320,קסם ETF תל בונד-צמודות A,בריבית קבועה,,"אג""ח בארץ- חברות והמרה",2026-02-28,97550000.0,קסם,,True,True,0.002,0.0,1951.0000000000002,0.002,1951.0000000000002,0
1176536,"תכלית סל ת""א-בנייה","נדל""ן ובנייה",,מניות בארץ,2026-02-28,158560000.0,מיטב,,True,True,0.0,0.0,0.0,0.0,0.0,0
1178359,"קסם ETF ת""א-בנייה","נדל""ן ובנייה",,מניות בארץ,2026-02-28,175200000.0,קסם,,True,True,0.0025,0.0,4380.0,0.0025,4380.0,0
1181023,MTF סל FTSE China A50,אסיה ופסיפיק- שווקים מתעוררים,,"מניות בחו""ל",2026-02-28,24530000.0,מגדל,,True,True,0.001,0.0,245.3,0.001,245.3,0
1181387,MTF סל Nasdaq 100,אמריקה- שווקים מפותחים,,"מניות בחו""ל",2026-02-28,569200000.0,מגדל,,True,True,0.0,0.0,0.0,0.0,0.0,0
1181445,"MTF סל Nasdaq 100 מנוטרלת מט""ח",אמריקה- שווקים מפותחים,,"מניות בחו""ל",2026-02-28,818470000.0,מגדל,,True,True,0.0,0.0,0.0,0.0,0.0,0
1183953,"MTF סל ת""א-נדל""ן","נדל""ן ובנייה",,מניות בארץ,2026-02-28,310510000.0,מגדל,,True,True,0.004,0.0,12420.400000000001,0.004,12420.400000000001,0
1184092,הראל סל יS&P North American Expanded Tech Software מנוטרלת מט''ח,Technology,,"מניות בחו""ל",2026-02-28,25620000.0,הראל,,True,True,0.005,0.0,1281.0,0.005,1281.0,0
1185123,קסם ETF תל בונד-שקלי 5-15,בריבית קבועה - ארוך,,"אג""ח בארץ- חברות והמרה",2026-02-28,158770000.0,קסם,,True,True,0.0,0.0,0.0,0.0,0.0,0
1186634,"קסם ETF חסר ת""א נדל""ן (2649.49)",מניות בארץ,,ממונפות,2026-02-28,13080000.0,קסם,,True,True,0.01,0.0,1308.0,0.01,1308.0,0
1187079,MTF סל ממונפת Nasdaq 100 פי 3 חודשי,"מניות בחו""ל",,ממונפות,2026-02-28,75840000.0,מגדל,,True,True,0.013500000000000002,0.0,10238.400000000001,0.013500000000000002,10238.400000000001,0
1187764,מור סל אינדקס בנקים משקל שווה,בנקאות ואשראי חוץ בנקאי,,מניות בארץ,2026-02-28,3670010000.0,מור,,True,True,0.005,0.0,183500.5,0.005,183500.5,0
1188069,MTF סל ממונפת בחסר Nasdaq 100 פי 2 חודשי,"מניות בחו""ל",,ממונפות,2026-02-28,3590000.0,מגדל,,True,True,0.0,0.0,0.0,0.0,0.0,0
1189018,קסם ETF אינדקס ערך עולמי,"מניות גלובליות - חשופת מט""ח",,"מניות בחו""ל",2026-02-28,980750000.0,קסם,,True,True,0.004,0.0,39230.0,0.004,39230.0,0
1189372,קסם ETF אינדקס צמיחה עולמי,"מניות גלובליות - חשופת מט""ח",,"מניות בחו""ל",2026-02-28,916620000.0,קסם,,True,True,0.004,0.0,36664.8,0.004,36664.8,0
1189596,תכלית סל אינדקס ערך עולמי מנוטרלת דולר,"מניות גלובליות - מנוטרלת מט""ח",,"מניות בחו""ל",2026-02-28,609990000.0,מיטב,,True,True,0.004,0.0,24399.600000000002,0.004,24399.600000000002,0
1189604,תכלית סל אינדקס צמיחה עולמי,"מניות גלובליות - חשופת מט""ח",,"מניות בחו""ל",2026-02-28,721440000.0,מיטב,,True,True,0.004,0.0,28857.600000000002,0.004,28857.600000000002,0
1189802,קסם ETF ממונפת בחסר חוזה Bloomberg Brent Crude פי 2 חודשי,סחורה,,ממונפות,2026-02-28,850000.0,קסם,,True,True,0.015,0.0,127.49999999999999,0.015,127.49999999999999,0
1189810,MTF סל אינדקס צמיחה עולמי,"מניות גלובליות - חשופת מט""ח",,"מניות בחו""ל",2026-02-28,921760000.0,מגדל,,True,True,0.0012,0.0,11061.119999999999,0.0012,11061.119999999999,0
1189828,MTF סל אינדקס ערך עולמי,"מניות גלובליות - חשופת מט""ח",,"מניות בחו""ל",2026-02-28,981070000.0,מגדל,,True,True,0.0012,0.0,11772.839999999998,0.0012,11772.839999999998,0
1190347,"אי בי אי סל אינדקס מומנטום ארה""ב מנוטרלת מט""ח",אמריקה- שווקים מפותחים,,"מניות בחו""ל",2026-02-28,1102370000.0,אי.בי.אי,,True,True,0.004,0.0,44094.8,0.004,44094.8,0
1190354,אי בי אי סל אינדקס ערך עולמי,"מניות גלובליות - חשופת מט""ח",,"מניות בחו""ל",2026-02-28,478980000.0,אי.בי.אי,,True,True,0.004,0.0,19159.2,0.004,19159.2,0
1190362,אי בי אי סל אינדקס צמיחה עולמי,"מניות גלובליות - חשופת מט""ח",,"מניות בחו""ל",2026-02-28,482350000.0,אי.בי.אי,,True,True,0.004,0.0,19294.0,0.004,19294.0,0
1190685,הראל סל אינדקס ישראל 100 רווחיות משקל שווה,Large & Mid Cap,,מניות בארץ,2026-02-28,440910000.0,הראל,,True,True,0.0025,0.0,11022.75,0.0025,11022.75,0
1190776,הראל סל תל בונד צמודות-בנקים ללא COCO,בריבית קבועה,,"אג""ח בארץ- חברות והמרה",2026-02-28,31040000.0,הראל,,True,True,0.002,0.0,620.8000000000001,0.002,620.8000000000001,0
1190859,"הראל סל אינדקס מומנטום ארה""ב",אמריקה- שווקים מפותחים,,"מניות בחו""ל",2026-02-28,385100000.0,הראל,,True,True,0.005,0.0,19255.0,0.005,19255.0,0
1191881,MTF סל iBoxx US Liquid Investment Grade Top 30,"חברות והמרה חשופת מט""ח",,"אג""ח בחו""ל",2026-02-28,128509999.99999999,מגדל,,True,True,0.0025,0.0,3212.75,0.0025,3212.75,0
1192384,"קסם ETF אינדקס מדינה צמוד- מח""מ 5 קבוע",צמודות מדד ממשלתיות - בינוני,,"אג""ח בארץ- מדינה",2026-02-28,155940000.0,קסם,,True,True,0.001,0.0,1559.4,0.001,1559.4,0
1192392,"קסם ETF אינדקס מדינה שקלי- מח""מ 5 קבוע",ריבית קבועה  - בינוני,,"אג""ח בארץ- מדינה",2026-02-28,175200000.0,קסם,,True,True,0.001,0.0,1752.0000000000002,0.001,1752.0000000000002,0
1193044,MTF סל תל בונד-שקלי 5-15,בריבית קבועה - ארוך,,"אג""ח בארץ- חברות והמרה",2026-02-28,81330000.0,מגדל,,True,True,0.0,0.0,0.0,0.0,0.0,0
1193051,MTF סל תל בונד-שקלי 1-3,בריבית קבועה - קצר,,"אג""ח בארץ- חברות והמרה",2026-02-28,103260000.0,מגדל,,True,True,0.0,0.0,0.0,0.0,0.0,0
1193069,MTF סל תל גוב - כללי,"אג""ח מדינה שיקלי וצמוד",,"אג""ח בארץ- מדינה",2026-02-28,266420000.00000003,מגדל,,True,True,0.0,0.0,0.0,0.0,0.0,0
1193127,MTF סל תל בונד-צמודות 1-3,בריבית קבועה - קצר,,"אג""ח בארץ- חברות והמרה",2026-02-28,182310000.0,מגדל,,True,True,0.0025,0.0,4557.75,0.0025,4557.75,0
1193135,MTF סל תל בונד-צמודות 5-15,בריבית קבועה - ארוך,,"אג""ח בארץ- חברות והמרה",2026-02-28,59000000.0,מגדל,,True,True,0.0,0.0,0.0,0.0,0.0,0
1193317,MTF סל תל בונד-מאגר,"אג""ח חברות שקלי וצמוד",,"אג""ח בארץ- חברות והמרה",2026-02-28,866920000.0,מגדל,,True,True,0.002,0.0,17338.4,0.002,17338.4,0
1193614,קסם ETF תל בונד-צמודות 1-3,בריבית קבועה - קצר,,"אג""ח בארץ- חברות והמרה",2026-02-28,221290000.0,קסם,,True,True,0.0025,0.0,5532.25,0.0025,5532.25,0
1193648,קסם ETF תל בונד צמודות AA-AAA,בריבית קבועה,,"אג""ח בארץ- חברות והמרה",2026-02-28,180670000.0,קסם,,True,True,0.0025,0.0,4516.75,0.0025,4516.75,0
1193655,קסם ETF תל בונד שקלי A,בריבית קבועה,,"אג""ח בארץ- חברות והמרה",2026-02-28,194390000.0,קסם,,True,True,0.0025,0.0,4859.75,0.0025,4859.75,0
1193663,קסם ETF תל בונד שקלי AA-AAA,בריבית קבועה,,"אג""ח בארץ- חברות והמרה",2026-02-28,120840000.0,קסם,,True,True,0.0025,0.0,3021.0,0.0025,3021.0,0
1193671,קסם ETF תל בונד צמודות 5-15,בריבית קבועה - ארוך,,"אג""ח בארץ- חברות והמרה",2026-02-28,111470000.0,קסם,,True,True,0.0015,0.0,1672.05,0.0015,1672.05,0
1193689,קסם ETF תל בונד שקלי 1-3,בריבית קבועה - קצר,,"אג""ח בארץ- חברות והמרה",2026-02-28,130090000.0,קסם,,True,True,0.0025,0.0,3252.25,0.0025,3252.25,0
1193713,"קסם S&P Financial ETF מנוטרלת מט""ח",Financial,,"מניות בחו""ל",2026-02-28,44380000.0,קסם,,True,True,0.005,0.0,2219.0,0.005,2219.0,0
1193739,"קסם S&P Technology ETF מנוטרלת מט""ח",Technology,,"מניות בחו""ל",2026-02-28,54130000.0,קסם,,True,True,0.008,0.0,4330.400000000001,0.008,4330.400000000001,0
1193747,"קסם S&P MidCap 400 ETF מנוטרלת מט""ח",אמריקה- שווקים מפותחים,,"מניות בחו""ל",2026-02-28,74130000.0,קסם,,True,True,0.006,0.0,4447.8,0.006,4447.8,0
1193754,"קסם S&P Consumer Discretionary ETF מנוטרלת מט""ח",Consumer Discretionary,,"מניות בחו""ל",2026-02-28,28560000.0,קסם,,True,True,0.008,0.0,2284.8,0.008,2284.8,0
1193762,"קסם S&P Regional Banks ETF מנוטרלת מט""ח",Banking,,"מניות בחו""ל",2026-02-28,19510000.0,קסם,,True,True,0.008,0.0,1560.8000000000002,0.008,1560.8000000000002,0
1193788,"קסם S&P Consumer Staples ETF מנוטרלת מט""ח",Consumer Staples,,"מניות בחו""ל",2026-02-28,14610000.0,קסם,,True,True,0.006999999999999999,0.0,1022.6999999999999,0.006999999999999999,1022.6999999999999,0
1193820,קסם S&P Consumer Staples ETF,Consumer Staples,,"מניות בחו""ל",2026-02-28,15690000.0,קסם,,True,True,0.006999999999999999,0.0,1098.3,0.006999999999999999,1098.3,0
1194067,קסם MSCI ACWI Sustainable Development ETF,"מניות גלובליות - חשופת מט""ח",,"מניות בחו""ל",2026-02-28,52740000.0,קסם,,True,True,0.005,0.0,2637.0,0.005,2637.0,0
1194141,הראל Multi-Strategy - קרן גידור בנאמנות,קרן גידור בנאמנות,,קרן גידור בנאמנות,2026-02-28,903310000.0,הראל,קרן טוליפ קפיטל,False,False,0.015,0.0035,135496.5,0.0115,103880.65000000001,0
1194158,סיגמא לונג/שורט מניות - קרן גידור בנאמנות,קרן גידור בנאמנות,,קרן גידור בנאמנות,2026-02-28,131580000.00000001,סיגמא,,False,False,0.013500000000000002,0.0035,17763.300000000007,0.010000000000000002,13158.000000000004,0
1194166,"סיגמא לונג/שורט אג""ח - קרן גידור בנאמנות",קרן גידור בנאמנות,,קרן גידור בנאמנות,2026-02-28,111830000.0,סיגמא,,False,False,0.0079,0.0035,8834.570000000002,0.004400000000000001,4920.520000000001,0
1194182,"הראל אסטרטגיות מניות חו""ל - קרן גידור בנאמנות",קרן גידור בנאמנות,,קרן גידור בנאמנות,2026-02-28,186390000.0,הראל,גלוסקה השקעות,False,False,0.0125,0.0035,23298.75,0.009000000000000001,16775.100000000002,0
1194208,איביאי Macro Strategies קרן גידור בנאמנות,קרן גידור בנאמנות,,קרן גידור בנאמנות,2026-02-28,163230000.0,אי.בי.אי,IGS CAPITAL,False,False,0.015,0.0035,24484.499999999996,0.0115,18771.45,0
1194216,ילין לפידות Multi-Strategy קרן גידור בנאמנות,קרן גידור בנאמנות,,קרן גידור בנאמנות,2026-02-28,159510000.0,ילין לפידות,,False,False,0.015,0.0035,23926.499999999996,0.0115,18343.65,0
1194224,מיטב סקיי Multi Strategy קרן גידור בנאמנות,קרן גידור בנאמנות,,קרן גידור בנאמנות,2026-02-28,80920000.0,מיטב,רונן זכריה השקעות,False,False,0.013500000000000002,0.0035,10924.200000000003,0.010000000000000002,8092.000000000002,0
1194232,מיטב לונג שורט מניות קרן גידור בנאמנות,קרן גידור בנאמנות,,קרן גידור בנאמנות,2026-02-28,119460000.0,מיטב,דנרב השקעות,False,False,0.013500000000000002,0.0035,16127.100000000004,0.010000000000000002,11946.000000000002,0
1194240,מיטב iQM לונג שורט ישראל קרן גידור בנאמנות,קרן גידור בנאמנות,,קרן גידור בנאמנות,2026-02-28,10340000.0,מיטב,,False,False,0.013500000000000002,0.0035,1395.9000000000003,0.010000000000000002,1034.0000000000002,0
1194265,מגדל Israel Quantitative Strategies - קרן גידור בנאמנות,קרן גידור בנאמנות,,קרן גידור בנאמנות,2026-02-28,39870000.0,מגדל,,False,False,0.015,0.0035,5980.499999999999,0.0115,4585.05,0
1194273,"מור (!) אסטרטגיות אג""ח קרן גידור בנאמנות",קרן גידור בנאמנות,,קרן גידור בנאמנות,2026-02-28,801080000.0,מור,,False,False,0.0088,0.0035,70495.04000000001,0.005300000000000001,42457.240000000005,0
1194281,אושן יצירה Multi-Strategy קרן גידור בנאמנות,קרן גידור בנאמנות,,קרן גידור בנאמנות,2026-02-28,24910000.0,סיגמא,אושן פרטנרס,False,False,0.015,0.0035,3736.4999999999995,0.0115,2864.65,0
1194315,אימפקט לונג/שורט - קרן גידור בנאמנות,קרן גידור בנאמנות,,קרן גידור בנאמנות,2026-02-28,52680000.0,איילון,אימפקט,False,False,0.015,0.0035,7901.999999999999,0.0115,6058.2,0
1194323,פסטרנק שהם לונג/שורט - קרן גידור בנאמנות,קרן גידור בנאמנות,,קרן גידור בנאמנות,2026-02-28,239430000.0,איילון,פסטרנק שהם,False,False,0.0125,0.0035,29928.75,0.009000000000000001,21548.7,0
1194356,"אנליסט נדל""ן ישראל - חו""ל Multi Strategy- קרן גידור בנאמנות",קרן גידור בנאמנות,,קרן גידור בנאמנות,2026-02-28,34980000.0,אנליסט,,False,False,0.015,0.0035,5246.999999999999,0.0115,4022.7000000000003,0
1194364,אנליסט מניות Multi Strategy- קרן גידור בנאמנות,קרן גידור בנאמנות,,קרן גידור בנאמנות,2026-02-28,61780000.0,אנליסט,,False,False,0.015,0.0035,9267.0,0.0115,7104.7,0
1194380,"מור סל ת""א-35",Large Cap,,מניות בארץ,2026-02-28,848870000.0,מור,,True,True,0.002,0.0,16977.4,0.002,16977.4,0
1195304,מור סל תל בונד 60 צמודות,בריבית קבועה,,"אג""ח בארץ- חברות והמרה",2026-02-28,171490000.0,מור,,True,True,0.0025,0.0,4287.25,0.0025,4287.25,0
1195312,מור סל תל בונד מאגר,אחר,,"אג""ח בארץ- חברות והמרה",2026-02-28,573630000.0,מור,,True,True,0.002,0.0,11472.6,0.002,11472.6,0
1196146,"מור סל ת""א-90",Mid Cap,,מניות בארץ,2026-02-28,1170200000.0,מור,,True,True,0.0045000000000000005,0.0,52659.0,0.0045000000000000005,52659.0,0
1196153,"מור סל ת""א-125",Large & Mid Cap,,מניות בארץ,2026-02-28,1852480000.0,מור,,True,True,0.002,0.0,37049.600000000006,0.002,37049.600000000006,0
1196187,הורייזן לונג/שורט - קרן גידור בנאמנות,קרן גידור בנאמנות,,קרן גידור בנאמנות,2026-02-28,4780000.0,איילון,הורייזן,False,False,0.015,0.0035,716.9999999999999,0.0115,549.7,0
1197698,"תכלית סל ת""א -ביטוח",ביטוח,,מניות בארץ,2026-02-28,979210000.0,מיטב,,True,True,0.004,0.0,39168.4,0.004,39168.4,0
1199058,קסם ETFי (!) כשרה תל בונד-תשואות צמודות,בריבית קבועה,,"אג""ח בארץ- חברות והמרה",2026-02-28,9620000.0,קסם,,True,True,0.0,0.0,0.0,0.0,0.0,0
1200195,MTF סל אינדקס Top10 Tech,Technology,,"מניות בחו""ל",2026-02-28,58800000.0,מגדל,,True,True,0.005,0.0,2940.0,0.005,2940.0,0
1200351,MTF סל Indxx US Healthcare Top 10,Health Care,,"מניות בחו""ל",2026-02-28,29960000.0,מגדל,,True,True,0.002,0.0,599.2,0.002,599.2,0
1200435,"אי בי אי סל S&P 500 מנוטרלת מט""ח",אמריקה- שווקים מפותחים,,"מניות בחו""ל",2026-02-28,639760000.0,אי.בי.אי,,True,True,0.0,0.0,0.0,0.0,0.0,0
1200443,"אי בי אי סל Nasdaq 100 מנוטרלת מט""ח",אמריקה- שווקים מפותחים,,"מניות בחו""ל",2026-02-28,260370000.0,אי.בי.אי,,True,True,0.0,0.0,0.0,0.0,0.0,0
1200450,אי בי אי סל Nasdaq 100,אמריקה- שווקים מפותחים,,"מניות בחו""ל",2026-02-28,165830000.0,אי.בי.אי,,True,True,0.0,0.0,0.0,0.0,0.0,0
1200989,אלטשולר שחם לונג/שורט מניות - קרן גידור בנאמנות,קרן גידור בנאמנות,,קרן גידור בנאמנות,2026-02-28,51010000.0,אלטשולר שחם,,False,False,0.01,0.0035,5101.0,0.006500000000000001,3315.6500000000005,0
1201003,MTF סל MSCI AC World,"מניות גלובליות - חשופת מט""ח",,"מניות בחו""ל",2026-02-28,258640000.0,מגדל,,True,True,0.0017000000000000001,0.0,4396.88,0.0017000000000000001,4396.88,0
1201557,מגדל Global Quantitative Strategies -קרן גידור בנאמנות,קרן גידור בנאמנות,,קרן גידור בנאמנות,2026-02-28,21070000.0,מגדל,,False,False,0.015,0.0035,3160.4999999999995,0.0115,2423.05,0
1201565,מגדל מניות Long Short - קרן גידור בנאמנות,קרן גידור בנאמנות,,קרן גידור בנאמנות,2026-02-28,28750000.0,מגדל,,False,False,0.0034999999999999996,0.0035,1006.2499999999999,-4.336808689942018e-19,-1.24683249835833e-13,0
1201623,MTF סל אינדקס 120 ישראל,Large & Mid Cap,,מניות בארץ,2026-02-28,410430000.0,מגדל,,True,True,0.001,0.0,4104.3,0.001,4104.3,0
1201656,ילין לפידות סל S&P 500,אמריקה- שווקים מפותחים,,"מניות בחו""ל",2026-02-28,593930000.0,ילין לפידות,,True,True,0.0,0.0,0.0,0.0,0.0,0
1201664,"ילין לפידות סל S&P 500 מנוטרלת מט""ח",אמריקה- שווקים מפותחים,,"מניות בחו""ל",2026-02-28,321880000.0,ילין לפידות,,True,True,0.0,0.0,0.0,0.0,0.0,0
1201672,ילין לפידות סל Nasdaq 100,אמריקה- שווקים מפותחים,,"מניות בחו""ל",2026-02-28,64950000.0,ילין לפידות,,True,True,0.0,0.0,0.0,0.0,0.0,0
1201680,אלטשולר שחם Multi-Strategy- קרן גידור בנאמנות,קרן גידור בנאמנות,,קרן גידור בנאמנות,2026-02-28,53200000.0,אלטשולר שחם,,False,False,0.01,0.0035,5320.0,0.006500000000000001,3458.0000000000005,0
1201698,"ילין לפידות סל Nasdaq 100 מנוטרלת מט""ח",אמריקה- שווקים מפותחים,,"מניות בחו""ל",2026-02-28,122390000.0,ילין לפידות,,True,True,0.0,0.0,0.0,0.0,0.0,0
1202183,קסם S&P 500 TOP 50 ETF,אמריקה- שווקים מפותחים,,"מניות בחו""ל",2026-02-28,50180000.0,קסם,,True,True,0.0025,0.0,1254.5,0.0025,1254.5,0
1203835,קסם S&P 500 Equal Weight ETF,אמריקה- שווקים מפותחים,,"מניות בחו""ל",2026-02-28,16100000.000000002,קסם,,True,True,0.002,0.0,322.00000000000006,0.002,322.00000000000006,0
1204742,"מור לונג שורט נדל""ן אירופה קרן גידור בנאמנות",קרן גידור בנאמנות,,קרן גידור בנאמנות,2026-02-28,14390000.0,מור,ICAMAP S.a.r.l,False,False,0.013500000000000002,0.0035,1942.6500000000003,0.010000000000000002,1439.0000000000002,0
1204783,איילון זבולון לונג שורט גלובלי קרן גידור בנאמנות,קרן גידור בנאמנות,,קרן גידור בנאמנות,2026-02-28,143090000.0,איילון,זבולון שרותי מחקר,False,False,0.01,0.0035,14309.0,0.006500000000000001,9300.85,0
1204916,מגדל (!) Global Bonds Strategies - קרן גידור בנאמנות נקובה $,קרן גידור בנאמנות,,קרן גידור בנאמנות,2026-02-28,35220000.0,מגדל,,False,False,0.009000000000000001,0.0035,3169.8,0.005500000000000001,1937.1000000000006,0
1205657,MTF סל Bloomberg US Analyst Recommendations,אמריקה- שווקים מפותחים,,"מניות בחו""ל",2026-02-28,73300000.0,מגדל,,True,True,0.008,0.0,5864.000000000001,0.008,5864.000000000001,0
1206549,"ילין לפידות סל ת""א בנקים",בנקאות ואשראי חוץ בנקאי,,מניות בארץ,2026-02-28,1714910000.0,ילין לפידות,,True,True,0.0049,0.0,84030.59,0.0049,84030.59,0
1207646,פורצ'ן Multi-Strategy - קרן גידור בנאמנות,קרן גידור בנאמנות,,קרן גידור בנאמנות,2026-02-28,21640000.0,איילון,פורצ'ן,False,False,0.015,0.0035,3245.9999999999995,0.0115,2488.6,0
1207729,"אלפי בנדק לונג/שורט אג""ח - קרן גידור בנאמנות",קרן גידור בנאמנות,,קרן גידור בנאמנות,2026-02-28,37610000.0,הראל,אלפי בנדק,False,False,0.0075,0.0035,2820.7499999999995,0.004,1504.4,0
1207786,"מגדל (!) אסטרטגיות אג""ח ישראל - קרן גידור בנאמנות",קרן גידור בנאמנות,,קרן גידור בנאמנות,2026-02-28,67190000.0,מגדל,,False,False,0.0075,0.0035,5039.25,0.004,2687.6000000000004,0
1207885,פוקוס לונג/שורט - קרן גידור בנאמנות,קרן גידור בנאמנות,,קרן גידור בנאמנות,2026-02-28,18710000.0,איילון,פוקוס,False,False,0.015,0.0035,2806.4999999999995,0.0115,2151.65,0
1207901,"MTF סל אינדקס שבבים ארה""ב Top10",Semiconductor,,"מניות בחו""ל",2026-02-28,150630000.0,מגדל,,True,True,0.001,0.0,1506.3000000000002,0.001,1506.3000000000002,0
1208891,"פיינאל קפיטל (!) אסטרטגיות אג""ח קרן גידור בנאמנות",קרן גידור בנאמנות,,קרן גידור בנאמנות,2026-02-28,65310000.0,סיגמא,פיינאל קפיטל,False,False,0.0115,0.0035,7510.650000000001,0.008,5224.8,0
1209444,"אי בי אי סל ת""א-90",Mid Cap,,מניות בארץ,2026-02-28,1426710000.0,אי.בי.אי,,True,True,0.001,0.0,14267.1,0.001,14267.1,0
1209808,אלטשולר שחם AlphaBeta Portable Alpha מבוסס AI - קרן גידור בנאמנות,קרן גידור בנאמנות,,קרן גידור בנאמנות,2026-02-28,950000.0,אלטשולר שחם,אלפא ביתא,False,False,0.01,0.0035,95.0,0.006500000000000001,61.75000000000001,0
1209931,Quantitative strategies FINQ מבוסס AI קרן גידור בנאמנות,קרן גידור בנאמנות,,קרן גידור בנאמנות,2026-02-28,9620000.0,תמיר פישמן,פינק דיגיטל,False,False,0.0,0.0035,0.0,-0.0035,-336.70000000000005,0
1210871,הראל סל S&P U.S. Treasury Bond 5-7 Year,"ממשלתיות חשופת מט""ח - ארוך",,"אג""ח בחו""ל",2026-02-28,3780000.0,הראל,,True,True,0.001,0.0,37.800000000000004,0.001,37.800000000000004,0
1210970,"הראל (!) אסטרטגיות אג""ח - קרן גידור בנאמנות",קרן גידור בנאמנות,,קרן גידור בנאמנות,2026-02-28,93640000.0,הראל,,False,False,0.0085,0.0035,7959.400000000001,0.005000000000000001,4682.000000000001,0
1212521,"פסטרנק שהם (!) אסטרטגיות אג""ח - קרן גידור בנאמנות",קרן גידור בנאמנות,,קרן גידור בנאמנות,2026-02-28,62590000.0,איילון,פסטרנק שהם,False,False,0.0075,0.0035,4694.25,0.004,2503.6000000000004,0
1212703,קבין Multi-Strategy - קרן גידור בנאמנות,קרן גידור בנאמנות,,קרן גידור בנאמנות,2026-02-28,4790000.0,איילון,קבין,False,False,0.013999999999999999,0.0035,670.5999999999999,0.010499999999999999,502.94999999999993,0
1212794,MTF סל (S&P Israel 100 (ILS,Large & Mid Cap,,מניות בארץ,2026-02-28,44000000.0,מגדל,,True,True,0.0,0.0,0.0,0.0,0.0,0
1213420,תכלית סל World Quality iNDEX מנוטרלת דולר,"מניות גלובליות - מנוטרלת מט""ח",,"מניות בחו""ל",2026-02-28,747470000.0,מיטב,,True,True,0.004,0.0,29898.800000000003,0.004,29898.800000000003,0
1213461,תכלית סל אינדקס מדורג פיזור רחב,"אג""ח חברות שקלי וצמוד",,"אג""ח בארץ- חברות והמרה",2026-02-28,168650000.0,מיטב,,True,True,0.0025,0.0,4216.25,0.0025,4216.25,0
1213578,"תכלית סל אינדקס מיד קאפ ישראל ללא נדל""ן",Mid Cap,,מניות בארץ,2026-02-28,2089999.9999999998,מיטב,,True,True,0.005,0.0,104.5,0.005,104.5,0
1213594,"הראל סל ת""א 90 ובנקים",Large & Mid Cap,,מניות בארץ,2026-02-28,198630000.0,הראל,,True,True,0.001,0.0,1986.3000000000002,0.001,1986.3000000000002,0
1213636,אי בי אי מניות ישראל Multi Strategy קרן גידור בנאמנות,קרן גידור בנאמנות,,קרן גידור בנאמנות,2026-02-28,233280000.0,אי.בי.אי,,False,False,0.015,0.0035,34992.0,0.0115,26827.2,0
1213644,"אי בי אי (!) אסטרטגיות אג""ח קרן גידור בנאמנות",קרן גידור בנאמנות,,קרן גידור בנאמנות,2026-02-28,141760000.0,אי.בי.אי,,False,False,0.0088,0.0035,12474.880000000001,0.005300000000000001,7513.280000000001,0
1213651,אי בי אי ספרה לונג/שורט גלובל אקוויטי קרן גידור בנאמנות,קרן גידור בנאמנות,,קרן גידור בנאמנות,2026-02-28,52460000.0,אי.בי.אי,ספרה,False,False,0.015,0.0035,7868.999999999999,0.0115,6032.900000000001,0
1214840,פינסה (!) אסטרטגיות חוב קרן גידור בנאמנות,קרן גידור בנאמנות,,קרן גידור בנאמנות,2026-02-28,103230000.0,סיגמא,פינסה ניהול נכסים,False,False,0.0085,0.0035,8774.550000000001,0.005000000000000001,5161.500000000001,0
1215375,קסם אקטיב לונג/שורט מניות ישראל קרן גידור בנאמנות,קרן גידור בנאמנות,,קרן גידור בנאמנות,2026-02-28,58460000.0,קסם,,False,False,0.011000000000000001,0.0035,6430.600000000001,0.0075000000000000015,4384.500000000001,0
1215383,"קסם אקטיב לונג/שורט מניות ארה""ב קרן גידור בנאמנות",קרן גידור בנאמנות,,קרן גידור בנאמנות,2026-02-28,11660000.0,קסם,,False,False,0.011000000000000001,0.0035,1282.6000000000001,0.0075000000000000015,874.5000000000002,0
1215771,"איביאי סל ת""א-ביטוח",ביטוח,,מניות בארץ,2026-02-28,2785090000.0,אי.בי.אי,,True,True,0.002,0.0,55701.8,0.002,55701.8,0
1216050,סיגמא Multi-Strategy ישראל קרן גידור בנאמנות,קרן גידור בנאמנות,,קרן גידור בנאמנות,2026-02-28,23310000.0,סיגמא,,False,False,0.013500000000000002,0.0035,3146.850000000001,0.010000000000000002,2331.0000000000005,0
1216480,תכלית סל כשרה תל בונד 60 צמודות,בריבית קבועה,,"אג""ח בארץ- חברות והמרה",2026-02-28,67930000.0,מיטב,,True,True,0.0,0.0,0.0,0.0,0.0,0
1216670,סלע Multi-Strategy - קרן גידור בנאמנות,קרן גידור בנאמנות,,קרן גידור בנאמנות,2026-02-28,69510000.0,איילון,סלע בית השקעות,False,False,0.015,0.0035,10426.499999999998,0.0115,7993.650000000001,0
1216761,"ב. אלטרנטיב אסטרטגיות אג""ח ומניות - קרן גידור בנאמנות",קרן גידור בנאמנות,,קרן גידור בנאמנות,2026-02-28,49250000.0,איילון,בסט אלטרנטיב,False,False,0.0085,0.0035,4186.25,0.005000000000000001,2462.5000000000005,0
1217231,"מור אסטרטגיות אג""ח ומניות - קרן גידור בנאמנות",קרן גידור בנאמנות,,קרן גידור בנאמנות,2026-02-28,257490000.0,מור,,False,False,0.012,0.0035,30898.8,0.0085,21886.65,0
1217397,אקרמן Multi-Strategy - קרן גידור בנאמנות,קרן גידור בנאמנות,,קרן גידור בנאמנות,2026-02-28,33600000.0,איילון,אקרמן כפיר,False,False,0.015,0.0035,5040.0,0.0115,3864.0,0
1217561,MTF סל אינדקס US Top10 Pure Cyber Security,Cyber Security,,"מניות בחו""ל",2026-02-28,8119999.999999999,מגדל,,True,True,0.005,0.0,406.0,0.005,406.0,0
1217835,תכלית סל (CME CF Bitcoin Reference Rate (BRRNY,Bitcoin,,נכסים דיגיטליים,2026-02-28,33890000.0,מיטב,,True,True,0.002,0.0,677.8000000000001,0.002,677.8000000000001,0
1217843,אי בי אי סל אינדקס מיד קאפ ובנקים בישראל,Large & Mid Cap,,מניות בארץ,2026-02-28,68920000.0,אי.בי.אי,,True,True,0.001,0.0,689.2,0.001,689.2,0
1218692,תמיר פישמן Long-Short קרן גידור בנאמנות,קרן גידור בנאמנות,,קרן גידור בנאמנות,2026-02-28,7280000.0,תמיר פישמן,,False,False,0.01,0.0035,728.0,0.006500000000000001,473.20000000000005,0
1218916,ATF סל S&P 500,אמריקה- שווקים מפותחים,,"מניות בחו""ל",2026-02-28,21870000.0,אנליסט,,True,True,0.0,0.0,0.0,0.0,0.0,0
1218924,"ATF סל S&P 500 מנוטרלת מט""ח",אמריקה- שווקים מפותחים,,"מניות בחו""ל",2026-02-28,72690000.0,אנליסט,,True,True,0.0,0.0,0.0,0.0,0.0,0
1219294,"MTF סל אינדקס אג""ח ממשלת ארה""ב - מח""מ 10 קבוע","ממשלתיות חשופת מט""ח - ארוך",,"אג""ח בחו""ל",2026-02-28,43550000.0,מגדל,,True,True,0.001,0.0,435.50000000000006,0.001,435.50000000000006,0
1220151,קסם ETF אינדקס ישראל 100 רווחיות משקל שווה,Large & Mid Cap,,מניות בארץ,2026-02-28,129470000.0,קסם,,True,True,0.0025,0.0,3236.75,0.0025,3236.75,0
1220227,מיטב כספית מתחדשת חודשי ב- 13/03/2026,חודשי,,קרן כספית,2026-02-28,25640000.0,מיטב,,False,False,0.002,0.001,512.8000000000001,0.001,256.40000000000003,1
1220391,הראל סל (CME CF Bitcoin Reference Rate (BRRNY,Bitcoin,,נכסים דיגיטליים,2026-02-28,11700000.0,הראל,,True,True,0.002,0.0,234.00000000000003,0.002,234.00000000000003,0
1220409,תכלית סל (CME CF Ethereum Reference Rate (ETHUSDNY,Ethereum,,נכסים דיגיטליים,2026-02-28,3600000.0,מיטב,,True,True,0.005,0.0,180.0,0.005,180.0,0
1221654,תכלית סל ממונפת S&P 500 פי 3 חודשי,"מניות בחו""ל",,ממונפות,2026-02-28,1200000.0,מיטב,,True,True,0.0195,0.0,234.0,0.0195,234.0,0
1221662,תכלית סל ממונפת NASDAQ 100 פי 3 חודשי,"מניות בחו""ל",,ממונפות,2026-02-28,1800000.0,מיטב,,True,True,0.014499999999999999,0.0,261.0,0.014499999999999999,261.0,0
1221670,MTF סל Indxx Top 10 US Oil Industry,Energy,,"מניות בחו""ל",2026-02-28,11330000.0,מגדל,,True,True,0.001,0.0,113.30000000000001,0.001,113.30000000000001,0
1222249,אי בי אי סל S&P Bitcoin,Bitcoin,,נכסים דיגיטליים,2026-02-28,2060000.0,אי.בי.אי,,True,True,0.002,0.0,41.2,0.002,41.2,0
1222439,MTF סל Indxx Top 10 Europe Defense מנוטרלת אירו,Aerospace & Defense,,"מניות בחו""ל",2026-02-28,40790000.0,מגדל,,True,True,0.001,0.0,407.90000000000003,0.001,407.90000000000003,0
1223866,אלטשולר שחם כספית מתחדשת חודשי לפדיון 16/03/2026,חודשי,,קרן כספית,2026-02-28,13640000.0,אלטשולר שחם,,False,False,0.0019,0.001,259.16,0.0009,122.76,1
1225994,"אי בי אי סל ת""א-35",Large Cap,,מניות בארץ,2026-02-28,172370000.0,אי.בי.אי,,True,True,0.001,0.0,1723.7,0.001,1723.7,0
1226927,"הראל סל ת""א-נפט וגז","נפט, גז ואנרגיה",,מניות בארץ,2026-02-28,14470000.0,הראל,,True,True,0.004,0.0,578.8000000000001,0.004,578.8000000000001,0
1230473,קסם MSCI China ETF,אסיה ופסיפיק- שווקים מתעוררים,,"מניות בחו""ל",2026-02-28,4480000.0,קסם,,True,True,0.005,0.0,224.0,0.005,224.0,0
1231919,הראל סל תל גוב-לא צמודות,שקליות ממשלתיות -  אחר,,"אג""ח בארץ- מדינה",2026-02-28,2610000.0,הראל,,True,True,0.0015,0.0,39.15,0.0015,39.15,0
1233170,"הראל סל ת""א בטחוניות",תעשיה,,מניות בארץ,2026-02-28,194760000.0,הראל,,True,True,0.0034999999999999996,0.0,6816.599999999999,0.0034999999999999996,6816.599999999999,0
1235985,תכלית סל אינדקס תעשיות ביטחוניות ישראל,תעשיה,,מניות בארץ,2026-02-28,600000.0,מיטב,,True,True,0.003,0.0,18.0,0.003,18.0,0
5100110,הראל מדורג שקלי ללא מניות,חברות והמרה שקלי ללא מניות,,"אג""ח בארץ- חברות והמרה",2026-02-28,76760000.0,הראל,,False,False,0.0085,0.0035,6524.6,0.005000000000000001,3838.000000000001,0
5100144,איביאי יתר,מניות Small Cap,,מניות בארץ,2026-02-28,45220000.0,אי.בי.אי,,False,False,0.0271,0.0035,12254.619999999999,0.0236,10671.92,0
5100151,"קסם אקטיב ענקיות טכנולוגיה חו""ל","מניות לפי ענפים בחו""ל",,"מניות בחו""ל",2026-02-28,305600000.0,קסם,,False,False,0.0194,0.0035,59286.4,0.0159,48590.4,0
5100169,הראל אודם,גמישות,,גמישות,2026-02-28,88070000.0,הראל,,False,False,0.011899999999999999,0.0035,10480.33,0.0084,7397.879999999999,0
5100193,"אילים תיק אג""ח + 30%","אג""ח כללי בארץ- עד 30% מניות",,"אג""ח בארץ - כללי",2026-02-28,239820000.0,אילים,,False,False,0.0069,0.0035,16547.579999999998,0.0034,8153.88,0
5100235,"אלטשולר שחם 10/90 תיק חו""ל","אג""ח חשופת דולר",,"אג""ח בחו""ל",2026-02-28,91310000.0,אלטשולר שחם,,False,False,0.0078000000000000005,0.0035,7122.18,0.0043,3926.33,0
5100243,קסם אקטיב מניות דיבידנד גלובלי,"מניות כללי בחו""ל חשופת מט""ח",,"מניות בחו""ל",2026-02-28,56030000.0,קסם,,False,False,0.0189,0.0035,10589.67,0.0154,8628.62,0
5100284,קסם אקטיב 10/90 תיק סולידי,"אג""ח כללי בארץ בדירוג גבוה (AA ומעלה ו/ או מדינה)- עד 10% מניות",,"אג""ח בארץ - כללי",2026-02-28,365060000.0,קסם,,False,False,0.008,0.0035,29204.800000000003,0.0045000000000000005,16427.7,0
5100300,"תמיר פישמן (!) אג""ח בינלאומי","אג""ח חשופת דולר",,"אג""ח בחו""ל",2026-02-28,44450000.0,תמיר פישמן,,False,False,0.0089,0.0035,3956.0499999999997,0.0054,2400.3,0
5100318,קסם אקטיב מדינה ללא מניות כשרה,"אג""ח מדינה כללי- ללא מניות",,"אג""ח בארץ- מדינה",2026-02-28,65580000.0,קסם,,False,False,0.0067,0.0035,4393.860000000001,0.0032,2098.56,0
5100383,מיטב מדורגות A ומעלה,"חברות והמרה ללא מניות וללא סימן קריאה, עם מגבלת מח""מ עד 5 שנים",,"אג""ח בארץ- חברות והמרה",2026-02-28,223630000.0,מיטב,,False,False,0.0089,0.0035,19903.07,0.0054,12076.02,0
5100474,"מיטב ת""א 125",מניות Large & Mid Cap,,מניות בארץ,2026-02-28,1840130000.0,מיטב,,False,False,0.018500000000000003,0.0035,340424.05000000005,0.015000000000000003,276019.50000000006,0
5100482,איביאי גלובל אקוויטי,"מניות כללי בחו""ל חשופת מט""ח",,"מניות בחו""ל",2026-02-28,98800000.0,אי.בי.אי,,False,False,0.021,0.0035,20748.0,0.0175,17290.000000000004,0
5100565,הראל מדינה שקלית ארוכה,"אג""ח מדינה שקליות- ללא מניות",,"אג""ח בארץ- מדינה",2026-02-28,127900000.0,הראל,,False,False,0.0069,0.0035,8825.1,0.0034,4348.6,0
5100581,קסם אקטיב שקלי - A ומעלה,חברות והמרה שקלי ללא מניות,,"אג""ח בארץ- חברות והמרה",2026-02-28,73420000.0,קסם,,False,False,0.0070999999999999995,0.0035,5212.82,0.0035999999999999995,2643.1199999999994,0
5100615,"איביאי (!) אג""ח יורו בינלאומי","אג""ח חשופת מט""ח",,"אג""ח בחו""ל",2026-02-28,2650000.0,אי.בי.אי,,False,False,0.01,0.0035,265.0,0.006500000000000001,172.25000000000003,0
5100672,מיטב כספית דולרית,חשופת דולר,,קרן כספית,2026-02-28,259589999.99999997,מיטב,,False,False,0.0028000000000000004,0.001,7268.5199999999995,0.0018000000000000004,4672.620000000001,1
5100680,מגדל עוקבת תיק מרכיב הנזילות הבנק הבינלאומי,"חברות והמרה ללא מניות וללא סימן קריאה, עם מגבלת מח""מ עד 5 שנים",,"אג""ח בארץ- חברות והמרה",2026-02-28,26020000.0,מגדל,,False,False,0.0049,0.0035,1274.98,0.0013999999999999998,364.28,0
5100771,"הראל סקטורים עולמי עד 30% מט""ח","מניות כללי בחו""ל מוגנת מט""ח",,"מניות בחו""ל",2026-02-28,42300000.0,הראל,,False,False,0.011699999999999999,0.0035,4949.099999999999,0.008199999999999999,3468.5999999999995,0
5100813,"אלטשולר שחם תיק אג""ח שקלי","אג""ח כללי בארץ ללא מניות וללא סימן קריאה",,"אג""ח בארץ - כללי",2026-02-28,444480000.0,אלטשולר שחם,,False,False,0.0078000000000000005,0.0035,34669.44,0.0043,19112.64,0
5100821,"איביאי מניות ארה""ב","ארה""ב חשופת מט""ח",,"מניות בחו""ל",2026-02-28,95700000.0,אי.בי.אי,,False,False,0.0225,0.0035,21532.5,0.019,18183.0,0
5100953,קסם אקטיב תיק מנוהל,"אג""ח כללי בארץ - חשיפה מרבית מעל 30% מניות",,"אג""ח בארץ - כללי",2026-02-28,149370000.0,קסם,,False,False,0.0045000000000000005,0.0035,6721.650000000001,0.0010000000000000005,1493.7000000000007,0
5100961,מיטב זהב,"מניות לפי ענפים בחו""ל",,"מניות בחו""ל",2026-02-28,73410000.0,מיטב,,False,False,0.0252,0.0035,18499.32,0.0217,15929.970000000001,0
5101019,"מיטב מניות טכנולוגיה חו""ל","מניות לפי ענפים בחו""ל",,"מניות בחו""ל",2026-02-28,491690000.0,מיטב,,False,False,0.0169,0.0035,83095.61,0.013399999999999999,65886.45999999999,0
5101092,"אנליסט טכנולוגיות חו""ל","מניות לפי ענפים בחו""ל",,"מניות בחו""ל",2026-02-28,405910000.0,אנליסט,,False,False,0.0195,0.0035,79152.45,0.016,64945.600000000006,0
5101118,"איילון ארה""ב חייבת","ארה""ב חשופת מט""ח",,"מניות בחו""ל",2026-02-28,86480000.0,איילון,,False,False,0.0095,0.0035,8215.599999999999,0.006,5188.8,0
5101159,איילון מניות US,"ארה""ב חשופת מט""ח",,"מניות בחו""ל",2026-02-28,38780000.0,איילון,,False,False,0.0195,0.0035,7562.099999999999,0.016,6204.8,0
5101183,איביאי ביוטכנלוגיה גלובלי,"מניות לפי ענפים בחו""ל",,"מניות בחו""ל",2026-02-28,17920000.0,אי.בי.אי,,False,False,0.011000000000000001,0.0035,1971.2000000000003,0.0075000000000000015,1344.0000000000005,0
5101191,מגדל 25/75 פלוס,"אג""ח כללי בארץ- עד 25% מניות",,"אג""ח בארץ - כללי",2026-02-28,50010000.0,מגדל,,False,False,0.0089,0.0035,4450.889999999999,0.0054,2700.5400000000004,0
5101233,סיגמא מניות ערך גלובלי,"מניות כללי בחו""ל חשופת מט""ח",,"מניות בחו""ל",2026-02-28,46610000.0,סיגמא,,False,False,0.0242,0.0035,11279.62,0.0207,9648.27,0
5101258,אנליסט מניות ישראל Large & Mid Cap,מניות Large & Mid Cap,,מניות בארץ,2026-02-28,510180000.0,אנליסט,,False,False,0.0169,0.0035,86220.42,0.013399999999999999,68364.12,0
5101266,"אנליסט נדל""ן",מניות לפי ענפים,,מניות בארץ,2026-02-28,43500000.0,אנליסט,,False,False,0.018500000000000003,0.0035,8047.500000000001,0.015000000000000003,6525.000000000002,0
5101308,"קסם אקטיב ארה""ב חייבת","ארה""ב חשופת מט""ח",,"מניות בחו""ל",2026-02-28,37750000.0,קסם,,False,False,0.014499999999999999,0.0035,5473.75,0.011,4152.5,0
5101381,איילון מניות,מניות All Cap,,מניות בארץ,2026-02-28,22850000.0,איילון,,False,False,0.024900000000000002,0.0035,5689.650000000001,0.021400000000000002,4889.900000000001,0
5101399,"סיגמא אג""ח מדינה","אג""ח מדינה כללי- ללא מניות",,"אג""ח בארץ- מדינה",2026-02-28,189080000.0,סיגמא,,False,False,0.0064,0.0035,12101.119999999999,0.0029000000000000002,5483.320000000001,0
5101431,קסם אקטיב שווקים מתעוררים,"מניות גיאוגרפי אחר חשופת מט""ח",,"מניות בחו""ל",2026-02-28,4890000.0,קסם,,False,False,0.0195,0.0035,953.55,0.016,782.4000000000001,0
5101480,"קסם אקטיב אג""ח + 25%","אג""ח כללי בארץ- עד 25% מניות",,"אג""ח בארץ - כללי",2026-02-28,81030000.0,קסם,,False,False,0.0068000000000000005,0.0035,5510.04,0.0033000000000000004,2673.9900000000002,0
5101506,"מור מחקה ת""א 35",Large Cap,,מניות בארץ,2026-02-28,149700000.0,מור,,True,False,0.0045000000000000005,0.0,6736.5,0.0045000000000000005,6736.5,0
5101563,מיטב מדינה שקלית כשרה,"אג""ח מדינה שקליות- ללא מניות",,"אג""ח בארץ- מדינה",2026-02-28,78790000.0,מיטב,,False,False,0.0069,0.0035,5436.509999999999,0.0034,2678.86,0
5101571,מגדל מדינה שקלים ארוכים,"אג""ח מדינה שקליות- ללא מניות",,"אג""ח בארץ- מדינה",2026-02-28,258230000.00000003,מגדל,,False,False,0.0069,0.0035,17817.870000000003,0.0034,8779.820000000002,0
5101621,"קסם אקטיב אג""ח גלובלי מדורג","אג""ח חשופת מט""ח",,"אג""ח בחו""ל",2026-02-28,76370000.0,קסם,,False,False,0.0075,0.0035,5727.749999999999,0.004,3054.8,0
5101639,אנליסט השקעות,גמישות,,גמישות,2026-02-28,449840000.0,אנליסט,,False,False,0.0194,0.0035,87268.96,0.0159,71524.56000000001,0
5101670,"הראל (!) אג""ח תאגידים",חברות והמרה עם מניות ועם סימן קריאה,,"אג""ח בארץ- חברות והמרה",2026-02-28,37510000.0,הראל,,False,False,0.006500000000000001,0.0035,2438.15,0.0030000000000000005,1125.3000000000002,0
5101704,הראל (!) קונצרני פלוס,חברות והמרה עם מניות ועם סימן קריאה,,"אג""ח בארץ- חברות והמרה",2026-02-28,6160000.0,הראל,,False,False,0.0059,0.0035,363.44,0.0024,147.83999999999997,0
5101712,"הראל אג""ח חו""ל יורו","אג""ח חשופת מט""ח",,"אג""ח בחו""ל",2026-02-28,18690000.0,הראל,,False,False,0.011699999999999999,0.0035,2186.7299999999996,0.008199999999999999,1532.5799999999997,0
5101795,איילון סולידית + 10%,"אג""ח כללי בארץ בדירוג גבוה (AA ומעלה ו/ או מדינה)- עד 10% מניות",,"אג""ח בארץ - כללי",2026-02-28,23310000.0,איילון,,False,False,0.006500000000000001,0.0035,1515.15,0.0030000000000000005,699.3000000000001,0
5101811,איילון מדינה שקלית פלוס 10%,"אג""ח מדינה שקליות- עד 10% מניות",,"אג""ח בארץ- מדינה",2026-02-28,13350000.0,איילון,,False,False,0.0064,0.0035,854.4,0.0029000000000000002,387.15000000000003,0
5101902,"איביאי אג""ח $ חו""ל נקובה $ - תיק עד 3 שנים","אג""ח נקובת מט""ח",,"אג""ח בחו""ל",2026-02-28,32840000.000000004,אי.בי.אי,,False,False,0.0066,0.0035,2167.4400000000005,0.0031,1018.0400000000002,0
5101951,מיטב גז ונפט,מניות לפי ענפים,,מניות בארץ,2026-02-28,78040000.0,מיטב,,False,False,0.020499999999999997,0.0035,15998.199999999997,0.016999999999999998,13266.8,0
5102132,איביאי מניות,מניות All Cap,,מניות בארץ,2026-02-28,334140000.0,אי.בי.אי,,False,False,0.0229,0.0035,76518.06,0.0194,64823.159999999996,0
5102157,איילון פאי תיק 30/70,"אג""ח כללי בארץ- עד 30% מניות",,"אג""ח בארץ - כללי",2026-02-28,46570000.0,איילון,,False,False,0.0085,0.0035,3958.4500000000003,0.005000000000000001,2328.5000000000005,0
5102207,מיטב LONG RUN,גמישות,,גמישות,2026-02-28,345600000.0,מיטב,,False,False,0.0148,0.0035,51148.80000000001,0.011300000000000001,39052.8,0
5102256,"מיטב מניות ארה""ב","ארה""ב חשופת מט""ח",,"מניות בחו""ל",2026-02-28,697810000.0,מיטב,,False,False,0.0176,0.0035,122814.56000000001,0.014100000000000001,98391.21,0
5102298,"אלטשולר שחם ת""א MID CAP STOCK PICKING",מניות Large & Mid Cap,,מניות בארץ,2026-02-28,288430000.0,אלטשולר שחם,,False,False,0.015,0.0035,43264.49999999999,0.0115,33169.450000000004,0
5102330,מיטב תיק השקעות 25/75,"אג""ח כללי בארץ- עד 25% מניות",,"אג""ח בארץ - כללי",2026-02-28,322790000.0,מיטב,,False,False,0.0089,0.0035,28728.309999999998,0.0054,17430.66,0
5102371,"הראל אג""ח דולר בינלאומי","אג""ח חשופת דולר",,"אג""ח בחו""ל",2026-02-28,320790000.0,הראל,,False,False,0.0076,0.0035,24380.04,0.0040999999999999995,13152.389999999998,0
5102421,קסם אקטיב עוקבת תיק 2 הבנק הבינלאומי,"אג""ח כללי בארץ- עד 15% מניות",,"אג""ח בארץ - כללי",2026-02-28,453330000.0,קסם,,False,False,0.0076,0.0035,34453.08,0.0040999999999999995,18586.53,0
5102470,הראל מדינה שקלי 0-3 שנים + 10%,"אג""ח מדינה שקליות- עד 10% מניות",,"אג""ח בארץ- מדינה",2026-02-28,41400000.0,הראל,,False,False,0.013500000000000002,0.0035,5589.000000000001,0.010000000000000002,4140.000000000001,0
5102488,הראל ישראל 25/75,"אג""ח כללי בארץ- עד 25% מניות",,"אג""ח בארץ - כללי",2026-02-28,687520000.0,הראל,,False,False,0.0063,0.0035,43313.76,0.0028,19250.56,0
5102652,"הראל אירופה עד 30% מט""ח","מניות גיאוגרפי מוגנת מט""ח",,"מניות בחו""ל",2026-02-28,6530000.0,הראל,,False,False,0.0115,0.0035,750.95,0.008,522.4000000000001,0
5102678,מגדל תיק השקעות 30/70,"אג""ח כללי בארץ- עד 30% מניות",,"אג""ח בארץ - כללי",2026-02-28,427020000.0,מגדל,,False,False,0.0079,0.0035,33734.58,0.004400000000000001,18788.880000000005,0
5102850,"הראל אג""ח סולידית מחלקת","אג""ח כללי בארץ ללא מניות וללא סימן קריאה, עם מגבלת מח""מ עד 5 שנים",,"אג""ח בארץ - כללי",2026-02-28,21930000.0,הראל,,False,False,0.011699999999999999,0.0035,2565.8099999999995,0.008199999999999999,1798.2599999999998,0
5102876,הראל תשתיות ישראל,מניות לפי ענפים,,מניות בארץ,2026-02-28,92960000.0,הראל,,False,False,0.0125,0.0035,11620.0,0.009000000000000001,8366.4,0
5102926,מגדל עוקבת תיק 2 הבנק הבינלאומי,"אג""ח כללי בארץ- עד 15% מניות",,"אג""ח בארץ - כללי",2026-02-28,181030000.0,מגדל,,False,False,0.0079,0.0035,14301.37,0.004400000000000001,7965.320000000002,0
5102991,מגדל כספית שקלית,כספית שקלית עם קונצרני,,קרן כספית,2026-02-28,5720800000.0,מגדל,,False,False,0.0023899999999999998,0.001,136727.12,0.0013899999999999997,79519.11999999998,1
5103056,"קסם אקטיב אג""ח","אג""ח כללי בארץ ללא מניות וללא סימן קריאה",,"אג""ח בארץ - כללי",2026-02-28,177840000.0,קסם,,False,False,0.0115,0.0035,20451.600000000002,0.008,14227.2,0
5103106,"קסם אקטיב אג""ח גלובלי - מנוטרלת מט""ח","אג""ח מוגנת מט""ח",,"אג""ח בחו""ל",2026-02-28,137200000.0,קסם,,False,False,0.0075,0.002,10290.0,0.0055,7545.999999999999,0
5103114,קסם אקטיב מדינה צמוד + 10%,"אג""ח מדינה צמוד מדד- עד 10% מניות",,"אג""ח בארץ- מדינה",2026-02-28,411370000.0,קסם,,False,False,0.0068000000000000005,0.0035,27973.16,0.0033000000000000004,13575.210000000001,0
5103148,"מגדל סקטורים ארה""ב - מנוטרלת מט""ח","מניות גיאוגרפי מוגנת מט""ח",,"מניות בחו""ל",2026-02-28,68310000.0,מגדל,,False,False,0.015,0.0035,10246.5,0.0115,7855.650000000001,0
5103163,מגדל בונד שקלי A ומעלה +10%,חברות והמרה שקלי עם מניות,,"אג""ח בארץ- חברות והמרה",2026-02-28,16830000.0,מגדל,,False,False,0.0059,0.0035,992.9699999999999,0.0024,403.91999999999996,0
5103247,"הראל אג""ח מדינות בחו""ל - נקובה $","אג""ח נקובת מט""ח",,"אג""ח בחו""ל",2026-02-28,64810000.0,הראל,,False,False,0.005,0.0035,3240.5,0.0015,972.15,0
5103296,"מיטב מניות ת""א MID CAP",מניות Large & Mid Cap,,מניות בארץ,2026-02-28,373060000.0,מיטב,,False,False,0.0179,0.0035,66777.73999999999,0.0144,53720.64,0
5103304,"מגדל מעו""ף כפליים",ממונפות בסיכון גבוה,,ממונפות ואסטרטגיות,2026-02-28,73090000.0,מגדל,,False,False,0.0281,0.0035,20538.29,0.0246,17980.14,0
5103361,"קסם אקטיב אג""ח מדינה","אג""ח מדינה כללי- ללא מניות",,"אג""ח בארץ- מדינה",2026-02-28,40150000.0,קסם,,False,False,0.010700000000000001,0.002,4296.05,0.008700000000000001,3493.0500000000006,0
5103387,"קסם אקטיב (!) קונצרני חו""ל מנוטרלת מט""ח חייבת","אג""ח מוגנת מט""ח",,"אג""ח בחו""ל",2026-02-28,249730000.0,קסם,,False,False,0.0059,0.0035,14734.07,0.0024,5993.5199999999995,0
5103403,הראל כספית דולר נזיל חייבת,חשופת דולר,,קרן כספית,2026-02-28,42880000.0,הראל,,False,False,0.0059,0.001,2529.92,0.0049,2101.12,1
5103486,קסם אקטיב מניות US,"ארה""ב חשופת מט""ח",,"מניות בחו""ל",2026-02-28,9670000.0,קסם,,False,False,0.017,0.0035,1643.9,0.013500000000000002,1305.4500000000003,0
5103494,איביאי מניות ישראל Large & Mid Cap,מניות Large & Mid Cap,,מניות בארץ,2026-02-28,94640000.0,אי.בי.אי,,False,False,0.0155,0.0035,14669.2,0.012,11356.800000000001,0
5103510,אי.בי.אי. כספית שקלית,כספית שקלית עם קונצרני,,קרן כספית,2026-02-28,2407080000.0,אי.בי.אי,,False,False,0.002,0.001,48141.600000000006,0.001,24070.800000000003,1
5103569,כוון 30/70,"אג""ח כללי בארץ- עד 30% מניות",,"אג""ח בארץ - כללי",2026-02-28,16660000.0,איילון,כוון,False,False,0.0079,0.0035,1316.14,0.004400000000000001,733.0400000000002,0
5103585,"מגדל אג""ח $ בינלאומי - נקובה דולר","אג""ח נקובת מט""ח",,"אג""ח בחו""ל",2026-02-28,35260000.0,מגדל,,False,False,0.0095,0.0035,3349.7,0.006,2115.6,0
5103593,איביאי סין,"מניות גיאוגרפי אחר חשופת מט""ח",,"מניות בחו""ל",2026-02-28,21730000.0,אי.בי.אי,,False,False,0.0195,0.0035,4237.35,0.016,3476.8,0
5103676,"מגדל אג""ח ללא מניות","אג""ח כללי בארץ ללא מניות וללא סימן קריאה",,"אג""ח בארץ - כללי",2026-02-28,243940000.0,מגדל,,False,False,0.0069,0.0035,16831.86,0.0034,8293.96,0
5103692,מיטב סקיי מניות,מניות All Cap,,מניות בארץ,2026-02-28,635280000.0,מיטב,,False,False,0.0159,0.0035,101009.52,0.012400000000000001,78774.72,0
5103700,"אלטשולר שחם נדל""ן",מניות לפי ענפים,,מניות בארץ,2026-02-28,149610000.0,אלטשולר שחם,,False,False,0.0124,0.0035,18551.64,0.0089,13315.289999999999,0
5103718,"קסם אקטיב אג""ח חו""ל 2029 נקובה בדולר","אג""ח נקובת מט""ח",,"אג""ח בחו""ל",2026-02-28,101940000.0,קסם,,False,False,0.0046,0.0035,4689.24,0.0010999999999999998,1121.3399999999997,0
5103726,קסם אקטיב תיק + 20% - אגד חוץ,אגד חוץ,,אגד קרנות,2026-02-28,7880000.0,קסם,,False,False,0.0075,0.0035,591.0,0.004,315.20000000000005,0
5103759,מגדל הודו,"מניות גיאוגרפי אחר חשופת מט""ח",,"מניות בחו""ל",2026-02-28,51810000.0,מגדל,,False,False,0.0195,0.0035,10102.949999999999,0.016,8289.6,0
5103767,מיטב עוקבת תיק 1 הבנק הבינלאומי,"אג""ח כללי בארץ- עד 5% מניות",,"אג""ח בארץ - כללי",2026-02-28,70050000.0,מיטב,,False,False,0.0069,0.0035,4833.45,0.0034,2381.7,0
5103809,איילון 15/85,"אג""ח כללי בארץ- עד 15% מניות",,"אג""ח בארץ - כללי",2026-02-28,23910000.0,איילון,,False,False,0.006500000000000001,0.0035,1554.15,0.0030000000000000005,717.3000000000001,0
5103999,הראל ספיר מניות,מניות All Cap,,מניות בארץ,2026-02-28,118300000.0,הראל,,False,False,0.0059,0.0035,6979.7,0.0024,2839.2,0
5104153,מיטב מניות ישראל,מניות All Cap,,מניות בארץ,2026-02-28,242360000.0,מיטב,,False,False,0.0168,0.0035,40716.479999999996,0.0133,32233.879999999994,0
5104237,"אנליסט (!) אג""ח חו""ל ללא מניות","אג""ח חשופת מט""ח",,"אג""ח בחו""ל",2026-02-28,79130000.0,אנליסט,,False,False,0.0079,0.0035,6251.27,0.004400000000000001,3481.720000000001,0
5104252,קסם אקטיב עוקבת מרכיב נזילות הבנק הבינלאומי,"חברות והמרה ללא מניות וללא סימן קריאה, עם מגבלת מח""מ עד 5 שנים",,"אג""ח בארץ- חברות והמרה",2026-02-28,75920000.0,קסם,,False,False,0.0052,0.0035,3947.8399999999997,0.0016999999999999997,1290.6399999999996,0
5104278,קסם אקטיב יפן,"מניות גיאוגרפי אחר חשופת מט""ח",,"מניות בחו""ל",2026-02-28,22950000.0,קסם,,False,False,0.0195,0.0035,4475.25,0.016,3672.0000000000005,0
5104328,אנליסט אסטרטגיות,אסטרטגיות (לא ממונפות),,ממונפות ואסטרטגיות,2026-02-28,12700000.0,אנליסט,,False,False,0.0352,0.0035,4470.400000000001,0.0317,4025.9,0
5104393,"איביאי (!) אג""ח דולר בינלאומי","אג""ח חשופת דולר",,"אג""ח בחו""ל",2026-02-28,124190000.0,אי.בי.אי,,False,False,0.0098,0.0035,12170.619999999999,0.0063,7823.97,0
5104419,"מגדל אסטרטגיות אג""ח מדינה",אסטרטגיות (לא ממונפות),,ממונפות ואסטרטגיות,2026-02-28,48350000.0,מגדל,,False,False,0.0109,0.0035,5270.15,0.0074,3577.9000000000005,0
5104476,הראל 10/90 - כשרה,"אג""ח כללי בארץ- עד 10% מניות ללא סימן קריאה",,"אג""ח בארץ - כללי",2026-02-28,58650000.0,הראל,,False,False,0.0123,0.0035,7213.950000000001,0.0088,5161.200000000001,0
5104518,תמיר פישמן 15/85,"אג""ח כללי בארץ- עד 15% מניות",,"אג""ח בארץ - כללי",2026-02-28,684510000.0,תמיר פישמן,,False,False,0.0069,0.0035,47231.189999999995,0.0034,23273.34,0
5104666,"מגדל MID CAP גרמניה מנוטרלת מט""ח","מניות גיאוגרפי מוגנת מט""ח",,"מניות בחו""ל",2026-02-28,6760000.0,מגדל,,False,False,0.018500000000000003,0.0035,1250.6000000000001,0.015000000000000003,1014.0000000000002,0
5104732,הפניקס קסם תיק קונצרני מדורג,חברות והמרה ללא מניות וללא סימן קריאה,,"אג""ח בארץ- חברות והמרה",2026-02-28,532330000.00000006,קסם,,False,False,0.0089,0.0035,47377.37,0.0054,28745.820000000007,0
5104773,קסם אקטיב (!) תיק קונצרני עד 4 שנים,חברות והמרה ללא מניות עם סימן קריאה,,"אג""ח בארץ- חברות והמרה",2026-02-28,403700000.0,קסם,,False,False,0.0077,0.0035,31084.9,0.004200000000000001,16955.4,0
5104781,קסם אקטיב מניות אירופה,"מניות גיאוגרפי אחר חשופת מט""ח",,"מניות בחו""ל",2026-02-28,26920000.0,קסם,,False,False,0.0194,0.0035,5222.48,0.0159,4280.280000000001,0
5104823,הראל נבחרת 10/90,"אג""ח כללי בארץ- עד 10% מניות ללא סימן קריאה",,"אג""ח בארץ - כללי",2026-02-28,256110000.0,הראל,,False,False,0.0069,0.0035,17671.59,0.0034,8707.74,0
5104831,מגדל עוקבת תיק 1 הבנק הבינלאומי,"אג""ח כללי בארץ- עד 5% מניות",,"אג""ח בארץ - כללי",2026-02-28,53260000.0,מגדל,,False,False,0.006500000000000001,0.0035,3461.9000000000005,0.0030000000000000005,1597.8000000000002,0
5104849,"מגדל (!) אג""ח חברות",חברות והמרה ללא מניות עם סימן קריאה,,"אג""ח בארץ- חברות והמרה",2026-02-28,377110000.0,מגדל,,False,False,0.0088,0.0035,33185.68000000001,0.005300000000000001,19986.83,0
5104922,איילון מניות בנקים,מניות לפי ענפים,,מניות בארץ,2026-02-28,1259450000.0,איילון,,False,False,0.0115,0.0035,144836.75,0.008,100756.00000000001,0
5104948,קסם אקטיב אירופה,"מניות גיאוגרפי אחר חשופת מט""ח",,"מניות בחו""ל",2026-02-28,10570000.0,קסם,,False,False,0.0195,0.0035,2061.15,0.016,1691.2,0
5105143,מיטב בונד A ומעלה,חברות והמרה עם מניות ללא סימן קריאה,,"אג""ח בארץ- חברות והמרה",2026-02-28,245800000.0,מיטב,,False,False,0.0102,0.0035,25071.600000000002,0.006700000000000001,16468.600000000002,0
5105176,הפניקס קסם ממשלתי שקלי,"אג""ח מדינה שקליות- ללא מניות",,"אג""ח בארץ- מדינה",2026-02-28,285210000.0,קסם,,False,False,0.0085,0.0035,24242.850000000002,0.005000000000000001,14260.500000000002,0
5105218,אלטשולר שחם ירוקה גלובלי,"מניות לפי ענפים בחו""ל",,"מניות בחו""ל",2026-02-28,34150000.0,אלטשולר שחם,,False,False,0.0225,0.0035,7683.75,0.019,6488.499999999999,0
5105259,מגדל אפיקים 15/85,"אג""ח כללי בארץ- עד 15% מניות",,"אג""ח בארץ - כללי",2026-02-28,418370000.0,מגדל,,False,False,0.0089,0.0035,37234.93,0.0054,22591.980000000003,0
5105267,ברומטר 15/85,"אג""ח כללי בארץ- עד 15% מניות",,"אג""ח בארץ - כללי",2026-02-28,733160000.0,איילון,ברומטר,False,False,0.009300000000000001,0.0035,68183.88,0.005800000000000001,42523.28000000001,0
5105317,כוון 20/80,"אג""ח כללי בארץ- עד 20% מניות",,"אג""ח בארץ - כללי",2026-02-28,27940000.0,איילון,כוון,False,False,0.0089,0.0035,2486.66,0.0054,1508.7600000000002,0
5105382,"אילים אג""ח מדינה + 10%","אג""ח מדינה כללי- עד 10% מניות",,"אג""ח בארץ- מדינה",2026-02-28,564110000.0,אילים,,False,False,0.0069,0.0035,38923.59,0.0034,19179.74,0
5105390,"הראל (!) אג""ח עולמי","אג""ח חשופת מט""ח",,"אג""ח בחו""ל",2026-02-28,59490000.0,הראל,,False,False,0.0078000000000000005,0.0035,4640.22,0.0043,2558.07,0
5105531,אלטשולר שחם S&P 500,"ארה""ב חשופת מט""ח",,"מניות בחו""ל",2026-02-28,609080000.0,אלטשולר שחם,,False,False,0.016,0.0035,97452.8,0.0125,76135.0,0
5105580,מיטב עוקבת תיק 2 הבנק הבינלאומי,"אג""ח כללי בארץ- עד 15% מניות",,"אג""ח בארץ - כללי",2026-02-28,445810000.0,מיטב,,False,False,0.0074,0.0035,32989.94,0.0039000000000000003,17386.59,0
5105614,"איילון 10/90 תיק אג""ח חול - נקובה $","אג""ח נקובת מט""ח",,"אג""ח בחו""ל",2026-02-28,97230000.0,איילון,,False,False,0.0088,0.0035,8556.240000000002,0.005300000000000001,5153.1900000000005,0
5105648,קסם אקטיב קונצרני A ומעלה,"חברות והמרה ללא מניות וללא סימן קריאה, עם מגבלת מח""מ עד 5 שנים",,"אג""ח בארץ- חברות והמרה",2026-02-28,451640000.0,קסם,,False,False,0.0072,0.0035,32518.08,0.0036999999999999997,16710.68,0
5105697,"אלטשולר שחם (!) אג""ח חברות ללא מניות",חברות והמרה ללא מניות עם סימן קריאה,,"אג""ח בארץ- חברות והמרה",2026-02-28,303180000.0,אלטשולר שחם,,False,False,0.0124,0.0035,37594.32,0.0089,26983.019999999997,0
5105705,אלטשולר שחם 25-75,"אג""ח כללי בארץ- עד 25% מניות",,"אג""ח בארץ - כללי",2026-02-28,135810000.0,אלטשולר שחם,,False,False,0.0079,0.0035,10728.990000000002,0.004400000000000001,5975.640000000001,0
5105713,מיטב (!) אגד חוץ BOND נקוב $,אגד חוץ,,אגד קרנות,2026-02-28,24260000.0,מיטב,,False,False,0.0123,0.0035,2983.98,0.0088,2134.88,0
5105820,אלטשולר שחם כספית ללא קונצרני,כספית שקלית ללא קונצרני,,קרן כספית,2026-02-28,1219620000.0,אלטשולר שחם,,False,False,0.0021,0.001,25612.019999999997,0.0010999999999999998,13415.819999999998,1
5105846,"קסם אקטיב (!) תיק אג""ח ללא מניות","אג""ח כללי בארץ ללא מניות עם סימן קריאה",,"אג""ח בארץ - כללי",2026-02-28,757630000.0,קסם,,False,False,0.0064,0.0035,48488.32,0.0029000000000000002,21971.270000000004,0
5105895,אלטשולר שחם - קרן ממונפת,ממונפות בסיכון גבוה,,ממונפות ואסטרטגיות,2026-02-28,53830000.0,אלטשולר שחם,,False,False,0.022000000000000002,0.0035,11842.600000000002,0.018500000000000003,9958.550000000001,0
5105903,אלטשולר שחם יתר,מניות Small Cap,,מניות בארץ,2026-02-28,143390000.0,אלטשולר שחם,,False,False,0.025,0.0035,35847.5,0.021500000000000002,30828.850000000002,0
5105911,"אלטשולר שחם (!) אג""ח גלובלי ללא מניות","אג""ח חשופת מט""ח",,"אג""ח בחו""ל",2026-02-28,178550000.0,אלטשולר שחם,,False,False,0.0095,0.0035,16962.25,0.006,10713.0,0
5105929,"אנליסט מניות ארה""ב","ארה""ב חשופת מט""ח",,"מניות בחו""ל",2026-02-28,82690000.0,אנליסט,,False,False,0.024,0.0035,19845.600000000002,0.0205,16951.45,0
5105978,קסם אקטיב מדינה צמוד ללא מניות,"אג""ח מדינה צמוד מדד- ללא מניות",,"אג""ח בארץ- מדינה",2026-02-28,568000000.0,קסם,,False,False,0.0070999999999999995,0.0035,40327.99999999999,0.0035999999999999995,20447.999999999996,0
5106158,"איילון אג""ח חברות ללא מניות",חברות והמרה ללא מניות וללא סימן קריאה,,"אג""ח בארץ- חברות והמרה",2026-02-28,32390000.0,איילון,,False,False,0.0078000000000000005,0.0035,2526.42,0.0043,1392.77,0
5106190,מגדל (!) תיק השקעות קונצרני ישראל,חברות והמרה עם מניות ועם סימן קריאה,,"אג""ח בארץ- חברות והמרה",2026-02-28,86520000.0,מגדל,,False,False,0.0152,0.0035,13151.04,0.0117,10122.84,0
5106208,מגדל (!) 10/90,"אג""ח כללי בארץ- עד 10% מניות ועם סימן קריאה",,"אג""ח בארץ - כללי",2026-02-28,391520000.0,מגדל,,False,False,0.0059,0.0035,23099.68,0.0024,9396.48,0
5106273,ילין לפידות מנייתית,מניות All Cap,,מניות בארץ,2026-02-28,1457270000.0,ילין לפידות,,False,False,0.0232,0.0035,338086.63999999996,0.0197,287082.19,0
5106422,הראל נבחרת 20/80,"אג""ח כללי בארץ- עד 20% מניות",,"אג""ח בארץ - כללי",2026-02-28,81220000.0,הראל,,False,False,0.0059,0.0035,4791.98,0.0024,1949.2799999999997,0
5106430,הראל (!) תיק השקעות,חברות והמרה בסיכון גבוה,,"אג""ח בארץ- חברות והמרה",2026-02-28,19740000.0,הראל,,False,False,0.0089,0.0035,1756.86,0.0054,1065.96,0
5106547,"מגדל אג""ח לפדיון עד 2027","אג""ח כללי בארץ ללא מניות וללא סימן קריאה, עם מגבלת מח""מ עד 5 שנים",,"אג""ח בארץ - כללי",2026-02-28,219620000.0,מגדל,,False,False,0.0055000000000000005,0.0035,12079.100000000002,0.0020000000000000005,4392.4000000000015,0
5106562,"FOREST אגם - אג""ח מדינה","אג""ח מדינה כללי- ללא מניות",,"אג""ח בארץ- מדינה",2026-02-28,1061970000.0,פורסט,,False,False,0.0059,0.0035,62656.229999999996,0.0024,25487.28,0
5106653,הפניקס קסם תיק מניות עולמי - נקובה $,"מניות בחו""ל נקובת מט""ח",,"מניות בחו""ל",2026-02-28,46950000.0,קסם,,False,False,0.0174,0.0035,8169.3,0.0139,6526.049999999999,0
5106729,"איילון אג""ח מדורג A ומעלה","חברות והמרה ללא מניות וללא סימן קריאה, עם מגבלת מח""מ עד 5 שנים",,"אג""ח בארץ- חברות והמרה",2026-02-28,5560000.0,איילון,,False,False,0.0089,0.0035,494.84,0.0054,300.24,0
5106745,"איילון אג""ח + 10%","אג""ח כללי בארץ- עד 10% מניות ללא סימן קריאה",,"אג""ח בארץ - כללי",2026-02-28,140050000.0,איילון,,False,False,0.0073,0.0035,10223.65,0.0038,5321.900000000001,0
5106778,איילון מדינה + 10%,"אג""ח מדינה כללי- עד 10% מניות",,"אג""ח בארץ- מדינה",2026-02-28,25620000.0,איילון,,False,False,0.005699999999999999,0.0035,1460.34,0.0021999999999999993,563.6399999999998,0
5106810,אילים נבחרת מניות LARGE & MID CAP ישראל,מניות Large & Mid Cap,,מניות בארץ,2026-02-28,2116630000.0,אילים,,False,False,0.0105,0.0035,222246.15000000002,0.007000000000000001,148164.1,0
5106885,"הראל מניות חו""ל","מניות כללי בחו""ל חשופת מט""ח",,"מניות בחו""ל",2026-02-28,99680000.0,הראל,,False,False,0.0195,0.0035,19437.6,0.016,15948.800000000001,0
5106968,"סיגמא ת""א 125 מודל ESG",מניות Large & Mid Cap,,מניות בארץ,2026-02-28,30480000.0,סיגמא,,False,False,0.014499999999999999,0.0035,4419.6,0.011,3352.7999999999997,0
5106992,"מיטב (!) הזדמנויות אג""ח בסיכון גבוה",חברות והמרה בסיכון גבוה,,"אג""ח בארץ- חברות והמרה",2026-02-28,214640000.0,מיטב,,False,False,0.0152,0.0035,32625.280000000002,0.0117,25112.88,0
5107131,"מיטב (!) אג""ח חברות",חברות והמרה ללא מניות עם סימן קריאה,,"אג""ח בארץ- חברות והמרה",2026-02-28,425530000.0,מיטב,,False,False,0.0102,0.0035,43404.060000000005,0.006700000000000001,28510.510000000006,0
5107156,הראל קונצרני A ומעלה,חברות והמרה ללא מניות וללא סימן קריאה,,"אג""ח בארץ- חברות והמרה",2026-02-28,83520000.0,הראל,,False,False,0.0059,0.0035,4927.679999999999,0.0024,2004.4799999999998,0
5107305,"איביאי מק""מ","אג""ח מדינה שקליות- ללא מניות",,"אג""ח בארץ- מדינה",2026-02-28,29590000.0,אי.בי.אי,,False,False,0.0046,0.002,1361.14,0.0026,769.3399999999999,0
5107313,"איביאי מק""מ פלוס","אג""ח מדינה שקליות- עד 10% מניות",,"אג""ח בארץ- מדינה",2026-02-28,147830000.0,אי.בי.אי,,False,False,0.0045000000000000005,0.002,6652.35,0.0025000000000000005,3695.7500000000005,0
5107321,סיגמא בונד שקלי A ומעלה,חברות והמרה שקלי ללא מניות,,"אג""ח בארץ- חברות והמרה",2026-02-28,53190000.0,סיגמא,,False,False,0.0069,0.0035,3670.1099999999997,0.0034,1808.46,0
5107362,"איביאי אג""ח גלובלי","אג""ח חשופת מט""ח",,"אג""ח בחו""ל",2026-02-28,7700000.0,אי.בי.אי,,False,False,0.0097,0.0035,746.9,0.006200000000000001,477.40000000000003,0
5107420,איביאי עד 3 שנים 20/80,"אג""ח כללי בארץ- עד 20% מניות",,"אג""ח בארץ - כללי",2026-02-28,1099920000.0,אי.בי.אי,,False,False,0.0079,0.0035,86893.68000000001,0.004400000000000001,48396.48000000001,0
5107453,הראל (!) הזדמנויות קונצרני בסיכון גבוה,חברות והמרה בסיכון גבוה,,"אג""ח בארץ- חברות והמרה",2026-02-28,21300000.0,הראל,,False,False,0.015600000000000001,0.0035,3322.7999999999997,0.012100000000000001,2577.3,0
5107495,ילין לפידות תיק + 30%,"אג""ח כללי בארץ- עד 30% מניות",,"אג""ח בארץ - כללי",2026-02-28,174300000.0,ילין לפידות,,False,False,0.014499999999999999,0.0035,25273.5,0.011,19173.0,0
5107503,הראל קונצרני שקלי + 10%,חברות והמרה שקלי עם מניות,,"אג""ח בארץ- חברות והמרה",2026-02-28,99060000.0,הראל,,False,False,0.005,0.0035,4953.0,0.0015,1485.9,0
5107651,מיטב ממשלתי+10%,"אג""ח מדינה כללי- עד 10% מניות",,"אג""ח בארץ- מדינה",2026-02-28,667840000.0,מיטב,,False,False,0.006500000000000001,0.0035,43409.600000000006,0.0030000000000000005,20035.200000000004,0
5107693,"מור אג""ח פלוס","אג""ח כללי בארץ- עד 10% מניות ללא סימן קריאה",,"אג""ח בארץ - כללי",2026-02-28,1362390000.0,מור,,False,False,0.0079,0.0035,107628.81000000001,0.004400000000000001,59945.16000000002,0
5107701,"מור מניות ת""א 125",מניות Large & Mid Cap,,מניות בארץ,2026-02-28,417710000.0,מור,,False,False,0.0175,0.0035,73099.25000000001,0.014000000000000002,58479.40000000001,0
5107727,מיטב 15/85,"אג""ח כללי בארץ- עד 15% מניות",,"אג""ח בארץ - כללי",2026-02-28,407480000.0,מיטב,,False,False,0.0089,0.0035,36265.72,0.0054,22003.920000000002,0
5107784,"אלטשולר שחם (!) אג""ח חו""ל עד 10% מט""ח","אג""ח מוגנת מט""ח",,"אג""ח בחו""ל",2026-02-28,596330000.0,אלטשולר שחם,,False,False,0.008,0.0035,47706.4,0.0045000000000000005,26834.850000000002,0
5107800,"אלטשולר שחם אג""ח מדינה + 10%","אג""ח מדינה כללי- עד 10% מניות",,"אג""ח בארץ- מדינה",2026-02-28,76280000.0,אלטשולר שחם,,False,False,0.0059,0.0035,4500.5199999999995,0.0024,1830.7199999999998,0
5107859,"הראל אג""ח מדורג ומניות",חברות והמרה עם מניות ללא סימן קריאה,,"אג""ח בארץ- חברות והמרה",2026-02-28,7370000.0,הראל,,False,False,0.0049,0.0035,361.13,0.0013999999999999998,103.17999999999999,0
5107883,אקסיומה 30/70,"אג""ח כללי בארץ- עד 30% מניות",,"אג""ח בארץ - כללי",2026-02-28,125600000.0,סיגמא,אקסיומה,False,False,0.0075,0.0035,9420.0,0.004,5024.0,0
5107958,כוון 15/85,"אג""ח כללי בארץ- עד 15% מניות",,"אג""ח בארץ - כללי",2026-02-28,22290000.0,איילון,כוון,False,False,0.0089,0.0035,1983.81,0.0054,1203.66,0
5108006,"הראל שווקים מפותחים עד 30% מט""ח","מניות גיאוגרפי מוגנת מט""ח",,"מניות בחו""ל",2026-02-28,77290000.0,הראל,,False,False,0.0139,0.0035,10743.31,0.0104,8038.16,0
5108030,"מגדל אפיקים (!) אג""ח","אג""ח כללי בארץ- עד 5% מניות",,"אג""ח בארץ - כללי",2026-02-28,127840000.0,מגדל,,False,False,0.0178,0.0035,22755.52,0.0143,18281.120000000003,0
5108048,סיגמא שקלית סולידית + 10%,"אג""ח כללי בארץ בדירוג גבוה (AA ומעלה ו/ או מדינה)- עד 10% מניות",,"אג""ח בארץ - כללי",2026-02-28,77080000.0,סיגמא,,False,False,0.0059,0.0035,4547.72,0.0024,1849.9199999999998,0
5108055,מגדל אפיקים (!) 10/90,"אג""ח כללי בארץ- עד 10% מניות ועם סימן קריאה",,"אג""ח בארץ - כללי",2026-02-28,48150000.0,מגדל,,False,False,0.0079,0.0035,3803.8500000000004,0.004400000000000001,2118.600000000001,0
5108105,קסם אקטיב פרימיום,"אג""ח כללי בארץ - חשיפה מרבית מעל 30% מניות",,"אג""ח בארץ - כללי",2026-02-28,336800000.0,קסם,,False,False,0.0085,0.0035,28628.000000000004,0.005000000000000001,16840.000000000004,0
5108147,כרמים 15/85,"אג""ח כללי בארץ- עד 15% מניות",,"אג""ח בארץ - כללי",2026-02-28,91800000.0,איילון,כרמים,False,False,0.0075,0.0035,6884.999999999999,0.004,3672.0000000000005,0
5108162,"כרמים (!) אג""ח חברות",חברות והמרה עם מניות ועם סימן קריאה,,"אג""ח בארץ- חברות והמרה",2026-02-28,106580000.0,איילון,כרמים,False,False,0.014499999999999999,0.0035,15454.1,0.011,11723.8,0
5108188,כרמים צמוד מדד מדורג,חברות והמרה ללא מניות וללא סימן קריאה,,"אג""ח בארץ- חברות והמרה",2026-02-28,44290000.0,איילון,כרמים,False,False,0.013500000000000002,0.0035,5979.1500000000015,0.010000000000000002,4429.000000000001,0
5108220,"קסם אקטיב עוקבת מרכיב אג""ח - תיק 2 הבנק הבינלאומי","אג""ח כללי בארץ ללא מניות וללא סימן קריאה",,"אג""ח בארץ - כללי",2026-02-28,99050000.0,קסם,,False,False,0.0062,0.0035,6141.1,0.0026999999999999997,2674.3499999999995,0
5108238,קסם אקטיב קונצרני שקלי + 10,חברות והמרה שקלי עם מניות,,"אג""ח בארץ- חברות והמרה",2026-02-28,5870000.0,קסם,,False,False,0.0108,0.0035,633.96,0.007300000000000001,428.51000000000005,0
5108253,הראל פרימיום קונצרני + 25%,חברות והמרה עם מניות ללא סימן קריאה,,"אג""ח בארץ- חברות והמרה",2026-02-28,25950000.0,הראל,,False,False,0.0079,0.0035,2050.05,0.004400000000000001,1141.8000000000004,0
5108279,אזימוט 5/95,"אג""ח כללי בארץ- עד 5% מניות",,"אג""ח בארץ - כללי",2026-02-28,207320000.0,איילון,אזימוטליין,False,False,0.0069,0.0035,14305.08,0.0034,7048.88,0
5108329,"אלטשולר שחם מניות גלובלי עד 30% מט""ח","מניות כללי בחו""ל מוגנת מט""ח",,"מניות בחו""ל",2026-02-28,230550000.0,אלטשולר שחם,,False,False,0.0178,0.0035,41037.899999999994,0.0143,32968.65,0
5108402,אלטשולר שחם עוקבת תיק 2 הבנק הבינלאומי,"אג""ח כללי בארץ- עד 15% מניות",,"אג""ח בארץ - כללי",2026-02-28,53710000.0,אלטשולר שחם,,False,False,0.0079,0.0035,4243.09,0.004400000000000001,2363.2400000000007,0
5108428,"סיגמא (!) אג""ח חברות",חברות והמרה ללא מניות עם סימן קריאה,,"אג""ח בארץ- חברות והמרה",2026-02-28,73690000.0,סיגמא,,False,False,0.0089,0.0035,6558.41,0.0054,3979.26,0
5108501,FOREST עיטם,"אג""ח כללי בארץ - חשיפה מרבית מעל 30% מניות",,"אג""ח בארץ - כללי",2026-02-28,935550000.0,פורסט,,False,False,0.011699999999999999,0.0035,109459.34999999999,0.008199999999999999,76715.09999999999,0
5108519,"FOREST (!) אג""ח","אג""ח כללי בארץ- עד 10% מניות ועם סימן קריאה",,"אג""ח בארץ - כללי",2026-02-28,1246020000.0,פורסט,,False,False,0.0088,0.0035,109649.76000000001,0.005300000000000001,66039.06000000001,0
5108626,מיטב מדדית ממשלתית כשרה,"אג""ח מדינה צמוד מדד- עד 10% מניות",,"אג""ח בארץ- מדינה",2026-02-28,56140000.0,מיטב,,False,False,0.0095,0.0035,5333.299999999999,0.006,3368.4,0
5108642,"אלטשולר שחם (!) אג""ח הזדמנויות",חברות והמרה עם מניות ועם סימן קריאה,,"אג""ח בארץ- חברות והמרה",2026-02-28,176060000.0,אלטשולר שחם,,False,False,0.0149,0.0035,26232.94,0.0114,20070.84,0
5108667,"אלטשולר שחם אג""ח מדינה צמודי מדד ללא מניות","אג""ח מדינה צמוד מדד- ללא מניות",,"אג""ח בארץ- מדינה",2026-02-28,594170000.0,אלטשולר שחם,,False,False,0.0078000000000000005,0.0035,46345.26,0.0043,25549.31,0
5108683,"מיטב (!) אג""ח דולר","אג""ח חשופת דולר",,"אג""ח בחו""ל",2026-02-28,429580000.0,מיטב,,False,False,0.0079,0.0035,33936.82000000001,0.004400000000000001,18901.520000000004,0
5108733,"קסם אקטיב (!) אג""ח הזדמנויות פלוס",חברות והמרה בסיכון גבוה,,"אג""ח בארץ- חברות והמרה",2026-02-28,36650000.0,קסם,,False,False,0.0134,0.0035,4911.1,0.0099,3628.3500000000004,0
5108774,"אקסיומה אג""ח מדורג ללא מניות",חברות והמרה ללא מניות וללא סימן קריאה,,"אג""ח בארץ- חברות והמרה",2026-02-28,731780000.0,סיגמא,אקסיומה,False,False,0.0075,0.0035,54883.49999999999,0.004,29271.2,0
5108857,תכלית TTF תל גוב-שקלי 2-5,ריבית קבועה  - בינוני,,"אג""ח בארץ- מדינה",2026-02-28,325470000.0,מיטב,,True,False,0.001,0.0,3254.7000000000003,0.001,3254.7000000000003,0
5108865,"אקסיומה נבחרת מניות ת""א 125",מניות Large & Mid Cap,,מניות בארץ,2026-02-28,26730000.0,סיגמא,אקסיומה,False,False,0.0138,0.0035,3688.74,0.0103,2753.19,0
5108873,ילין לפידות יתר,מניות Small Cap,,מניות בארץ,2026-02-28,311950000.0,ילין לפידות,,False,False,0.0246,0.0035,76739.70000000001,0.0211,65821.45,0
5108899,"ילין לפידות (!) אג""ח פוטנציאל חברות בסיכון גבוה + 10%",חברות והמרה בסיכון גבוה,,"אג""ח בארץ- חברות והמרה",2026-02-28,855750000.0,ילין לפידות,,False,False,0.017,0.0035,145477.5,0.013500000000000002,115526.25000000003,0
5109004,סיגמא 10/90,"אג""ח כללי בארץ- עד 10% מניות ללא סימן קריאה",,"אג""ח בארץ - כללי",2026-02-28,661740000.0,סיגמא,,False,False,0.0075,0.0035,49630.49999999999,0.004,26469.600000000002,0
5109053,קסם אקטיב Bond Dollar Plus,"אג""ח חשופת דולר",,"אג""ח בחו""ל",2026-02-28,66730000.00000001,קסם,,False,False,0.0075,0.0035,5004.75,0.004,2669.2000000000007,0
5109079,כרמים מדינה שקלית + 10%,"אג""ח מדינה שקליות- עד 10% מניות",,"אג""ח בארץ- מדינה",2026-02-28,89680000.0,איילון,כרמים,False,False,0.0059,0.0035,5291.12,0.0024,2152.3199999999997,0
5109129,פיטנגו מניות,מניות All Cap,,מניות בארץ,2026-02-28,29480000.0,איילון,פיטנגו,False,False,0.028300000000000002,0.0035,8342.840000000002,0.024800000000000003,7311.04,0
5109137,פיטנגו 25/75,"אג""ח כללי בארץ- עד 25% מניות",,"אג""ח בארץ - כללי",2026-02-28,98320000.0,איילון,פיטנגו,False,False,0.018500000000000003,0.0035,18189.2,0.015000000000000003,14748.000000000004,0
5109160,קסם אקטיב (!) קונצרני שקלי,חברות והמרה שקלי ללא מניות,,"אג""ח בארץ- חברות והמרה",2026-02-28,56980000.0,קסם,,False,False,0.0098,0.0035,5584.04,0.0063,3589.74,0
5109319,קסם אקטיב 30/70,"אג""ח כללי בארץ- עד 30% מניות",,"אג""ח בארץ - כללי",2026-02-28,175540000.0,קסם,,False,False,0.0076,0.0035,13341.04,0.0040999999999999995,7197.1399999999985,0
5109384,"אילים (!) תיק אג""ח ללא מניות","אג""ח כללי בארץ ללא מניות עם סימן קריאה",,"אג""ח בארץ - כללי",2026-02-28,444070000.0,אילים,,False,False,0.0069,0.0035,30640.829999999998,0.0034,15098.38,0
5109418,"תכלית TTF ת""א 35",Large Cap,,מניות בארץ,2026-02-28,181320000.0,מיטב,,True,False,0.003,0.0,5439.6,0.003,5439.6,0
5109558,קסם אקטיב עוקבת תיק 3 הבנק הבינלאומי,"אג""ח כללי בארץ- עד 30% מניות",,"אג""ח בארץ - כללי",2026-02-28,237970000.0,קסם,,False,False,0.0060999999999999995,0.0035,14516.169999999998,0.0025999999999999994,6187.219999999998,0
5109608,"איילון (!) אג""ח + 10%","אג""ח כללי בארץ- עד 10% מניות ועם סימן קריאה",,"אג""ח בארץ - כללי",2026-02-28,15460000.0,איילון,,False,False,0.008,0.0035,1236.8000000000002,0.0045000000000000005,695.7,0
5109624,"כוון אג""ח ללא מניות","אג""ח כללי בארץ ללא מניות וללא סימן קריאה",,"אג""ח בארץ - כללי",2026-02-28,12950000.0,איילון,כוון,False,False,0.0069,0.0035,893.55,0.0034,440.3,0
5109632,כוון 10/90,"אג""ח כללי בארץ- עד 10% מניות ללא סימן קריאה",,"אג""ח בארץ - כללי",2026-02-28,6980000.0,איילון,כוון,False,False,0.0074,0.0035,516.5200000000001,0.0039000000000000003,272.21999999999997,0
5109673,"איילון (!) אג""ח והנפקות ללא מניות","אג""ח כללי בארץ ללא מניות עם סימן קריאה",,"אג""ח בארץ - כללי",2026-02-28,321220000.0,איילון,,False,False,0.0069,0.0035,22164.18,0.0034,10921.48,0
5109731,מור גמישה,גמישות,,גמישות,2026-02-28,1309960000.0,מור,,False,False,0.018799999999999997,0.0035,246272.47999999995,0.015299999999999998,200423.87999999998,0
5109749,"מור מעשר אג""ח - כשרה","אג""ח כללי בארץ- עד 5% מניות",,"אג""ח בארץ - כללי",2026-02-28,102340000.0,מור,,False,False,0.0088,0.0035,9005.920000000002,0.005300000000000001,5424.02,0
5109756,מור שקלית מדינה ללא מניות - כשרה,"אג""ח מדינה שקליות- ללא מניות",,"אג""ח בארץ- מדינה",2026-02-28,226900000.0,מור,,False,False,0.006500000000000001,0.0035,14748.500000000002,0.0030000000000000005,6807.000000000001,0
5109848,"קסם אקטיב ארה""ב נקוב $","מניות בחו""ל נקובת מט""ח",,"מניות בחו""ל",2026-02-28,26770000.0,קסם,,False,False,0.013999999999999999,0.0035,3747.7999999999997,0.010499999999999999,2810.85,0
5109863,קסם אקטיב ממשלתי + 15%,"אג""ח מדינה כללי- עד 20% מניות",,"אג""ח בארץ- מדינה",2026-02-28,75690000.0,קסם,,False,False,0.0073,0.0035,5525.37,0.0038,2876.2200000000003,0
5109871,"סיגמא אג""ח כללי ללא מניות","אג""ח כללי בארץ ללא מניות וללא סימן קריאה",,"אג""ח בארץ - כללי",2026-02-28,34430000.0,סיגמא,,False,False,0.0149,0.0035,5130.07,0.0114,3925.0200000000004,0
5109889,"MTF מחקה ת""א 125",Large & Mid Cap,,מניות בארץ,2026-02-28,2254790000.0,מגדל,,True,False,0.001,0.0,22547.9,0.001,22547.9,0
5109897,"MTF מחקה ת""א 35",Large Cap,,מניות בארץ,2026-02-28,736100000.0,מגדל,,True,False,0.001,0.0,7361.000000000001,0.001,7361.000000000001,0
5109988,קסם אקטיב AA ומעלה ו/או מדינה,"אג""ח כללי בארץ בדירוג גבוה בלבד (AA ומעלה ו/ או מדינה)",,"אג""ח בארץ - כללי",2026-02-28,122770000.0,קסם,,False,False,0.0059,0.0035,7243.429999999999,0.0024,2946.4799999999996,0
5110051,"הראל ת""א-Midcap150",מניות All Cap,,מניות בארץ,2026-02-28,102960000.0,הראל,,False,False,0.0195,0.0035,20077.2,0.016,16473.600000000002,0
5110085,"אלטשולר שחם אג""ח תל בונד",חברות והמרה ללא מניות וללא סימן קריאה,,"אג""ח בארץ- חברות והמרה",2026-02-28,296970000.0,אלטשולר שחם,,False,False,0.0079,0.0035,23460.63,0.004400000000000001,13066.680000000004,0
5110150,הראל קונצרני דולרי,חברות והמרה עם מניות ללא סימן קריאה,,"אג""ח בארץ- חברות והמרה",2026-02-28,15560000.0,הראל,,False,False,0.0132,0.0035,2053.92,0.0097,1509.32,0
5110176,הראל מעורבת,"אג""ח כללי בארץ - חשיפה מרבית מעל 30% מניות",,"אג""ח בארץ - כללי",2026-02-28,45400000.0,הראל,,False,False,0.02249,0.0035,10210.46,0.01899,8621.460000000001,0
5110192,הראל מדד בינוני ממשלתי,"אג""ח מדינה צמוד מדד- עד 10% מניות",,"אג""ח בארץ- מדינה",2026-02-28,50910000.0,הראל,,False,False,0.0127,0.0035,6465.57,0.0092,4683.72,0
5110226,קסם אקטיב (!) תיק קרנות ללא מניות-אגד ישראלי,אגד ישראלי,,אגד קרנות,2026-02-28,19250000.0,קסם,,False,False,0.0,0.0035,0.0,-0.0035,-673.7500000000001,0
5110309,קסם אקטיב מדינה - AA ומעלה,"אג""ח מדינה כללי- ללא מניות",,"אג""ח בארץ- מדינה",2026-02-28,171570000.0,קסם,,False,False,0.0062,0.0035,10637.34,0.0026999999999999997,4632.389999999999,0
5110333,"הראל אג""ח חו""ל דולר","אג""ח חשופת דולר",,"אג""ח בחו""ל",2026-02-28,133470000.0,הראל,,False,False,0.0079,0.0035,10544.130000000001,0.004400000000000001,5872.680000000002,0
5110341,הראל כספית נקובה ב-$,"נקובת מט""ח",,קרן כספית,2026-02-28,4005140000.0,הראל,,False,False,0.0025,0.001,100128.5,0.0015,60077.1,1
5110374,הראל מניות דיבידנד,מניות All Cap,,מניות בארץ,2026-02-28,56250000.0,הראל,,False,False,0.0147,0.0035,8268.75,0.0112,6300.0,0
5110382,קסם אקטיב כספית נקובה דולר,"נקובת מט""ח",,קרן כספית,2026-02-28,568360000.0,קסם,,False,False,0.0025,0.001,14209.0,0.0015,8525.4,1
5110523,"אנליסט (!) אג""ח","אג""ח כללי בארץ ללא מניות עם סימן קריאה",,"אג""ח בארץ - כללי",2026-02-28,298080000.0,אנליסט,,False,False,0.0089,0.0035,26529.12,0.0054,16096.320000000002,0
5110531,"הראל מניות חו""ל-נקובה $","מניות בחו""ל נקובת מט""ח",,"מניות בחו""ל",2026-02-28,35880000.0,הראל,,False,False,0.0181,0.0035,6494.280000000001,0.014600000000000002,5238.4800000000005,0
5110564,אלטשולר שחם תיק השקעות ללא מניות,"אג""ח כללי בארץ ללא מניות וללא סימן קריאה",,"אג""ח בארץ - כללי",2026-02-28,93280000.0,אלטשולר שחם,,False,False,0.0092,0.0035,8581.76,0.0057,5316.96,0
5110580,"איביאי (!) אג""ח ללא מניות","אג""ח כללי בארץ ללא מניות עם סימן קריאה",,"אג""ח בארץ - כללי",2026-02-28,190890000.0,אי.בי.אי,,False,False,0.0089,0.0035,16989.21,0.0054,10308.060000000001,0
5110655,"הראל בונד חו""ל מדורג נקובה $","אג""ח נקובת מט""ח",,"אג""ח בחו""ל",2026-02-28,32920000.0,הראל,,False,False,0.0097,0.0035,3193.24,0.006200000000000001,2041.0400000000002,0
5110713,"קסם אקטיב ת""א 90",מניות Large & Mid Cap,,מניות בארץ,2026-02-28,251240000.0,קסם,,False,False,0.022000000000000002,0.0035,55272.80000000001,0.018500000000000003,46479.40000000001,0
5110739,"הפניקס קסם (!) אג""ח גלובלי","אג""ח חשופת מט""ח",,"אג""ח בחו""ל",2026-02-28,77470000.0,קסם,,False,False,0.0085,0.0035,6584.950000000001,0.005000000000000001,3873.500000000001,0
5110788,"הפניקס קסם ת""א 125",מניות Large & Mid Cap,,מניות בארץ,2026-02-28,1075120000.0,קסם,,False,False,0.0184,0.0035,197822.08,0.0149,160192.87999999998,0
5110820,קסם אקטיב מניות יתר,מניות Small Cap,,מניות בארץ,2026-02-28,95320000.0,קסם,,False,False,0.028399999999999998,0.0035,27070.879999999997,0.0249,23734.679999999997,0
5110838,"קסם אקטיב מניות חו""ל גלובלי","מניות כללי בחו""ל חשופת מט""ח",,"מניות בחו""ל",2026-02-28,106480000.0,קסם,,False,False,0.0222,0.0035,23638.56,0.0187,19911.760000000002,0
5110879,קסם אקטיב גלוב,לתושבי חוץ בלבד,,לתושבי חוץ בלבד,2026-02-28,8900000.0,קסם,,False,False,0.0219,0.0035,1949.1,0.0184,1637.6,0
5110929,"הראל (!) תיק אג""ח פלוס 10%","אג""ח כללי בארץ- עד 10% מניות ועם סימן קריאה",,"אג""ח בארץ - כללי",2026-02-28,20230000.0,הראל,,False,False,0.0075,0.0035,1517.2499999999998,0.004,809.2,0
5111000,אלטשולר שחם מדינה צמוד בינוני,"אג""ח מדינה צמוד מדד- ללא מניות",,"אג""ח בארץ- מדינה",2026-02-28,77210000.0,אלטשולר שחם,,False,False,0.0069,0.0035,5327.49,0.0034,2625.14,0
5111059,"הראל אג""ח קונצרני ללא מניות",חברות והמרה ללא מניות וללא סימן קריאה,,"אג""ח בארץ- חברות והמרה",2026-02-28,48830000.0,הראל,,False,False,0.0059,0.0035,2880.97,0.0024,1171.9199999999998,0
5111117,"הראל אג""ח חו""ל ומניות עד 20% מט""ח","אג""ח מוגנת מט""ח",,"אג""ח בחו""ל",2026-02-28,563980000.0,הראל,,False,False,0.0074,0.0035,41734.520000000004,0.0039000000000000003,21995.22,0
5111133,הראל מניות ערך Buy Side ישראל,מניות All Cap,,מניות בארץ,2026-02-28,758890000.0,הראל,,False,False,0.0159,0.0035,120663.51000000001,0.012400000000000001,94102.36,0
5111190,"הראל חו""ל סקטורים בצמיחה","מניות כללי בחו""ל חשופת מט""ח",,"מניות בחו""ל",2026-02-28,81650000.0,הראל,,False,False,0.0195,0.0035,15921.75,0.016,13064.000000000002,0
5111216,"הראל תיק אג""ח + 20%","אג""ח כללי בארץ- עד 20% מניות",,"אג""ח בארץ - כללי",2026-02-28,93230000.0,הראל,,False,False,0.0169,0.0035,15755.869999999999,0.013399999999999999,12492.819999999998,0
5111240,אי בי אי מחקה תל גוב-צמודות 2-5,צמודות מדד ממשלתיות - בינוני,,"אג""ח בארץ- מדינה",2026-02-28,106650000.0,אי.בי.אי,,True,False,0.0015,0.0,1599.75,0.0015,1599.75,0
5111265,"אי בי אי מחקה תל גוב-מק""מ","מק""מ",,"אג""ח בארץ- מדינה",2026-02-28,54540000.0,אי.בי.אי,,True,False,0.0009,0.0,490.86,0.0009,490.86,0
5111273,הראל נבחרת מניות,מניות All Cap,,מניות בארץ,2026-02-28,1135890000.0,הראל,,False,False,0.019799999999999998,0.0035,224906.21999999997,0.0163,185150.06999999998,0
5111299,הראל מניות Mid Cap ישראל,מניות Large & Mid Cap,,מניות בארץ,2026-02-28,59690000.0,הראל,,False,False,0.023399999999999997,0.0035,13967.459999999997,0.019899999999999998,11878.31,0
5111307,מיטב מדינה + 20%,"אג""ח מדינה כללי- עד 20% מניות",,"אג""ח בארץ- מדינה",2026-02-28,531669999.99999994,מיטב,,False,False,0.006500000000000001,0.0035,34558.55,0.0030000000000000005,15950.1,0
5111331,הראל מדינה צמוד + 10%,"אג""ח מדינה צמוד מדד- עד 10% מניות",,"אג""ח בארץ- מדינה",2026-02-28,611810000.0,הראל,,False,False,0.0059,0.0035,36096.79,0.0024,14683.439999999999,0
5111356,הראל שקלים מדורגות ללא מניות,חברות והמרה שקלי ללא מניות,,"אג""ח בארץ- חברות והמרה",2026-02-28,37160000.0,הראל,,False,False,0.013500000000000002,0.0035,5016.600000000001,0.010000000000000002,3716.0000000000005,0
5111364,קסם אקטיב (!) קונצרני לונג שורט,ממונפות אחר,,ממונפות ואסטרטגיות,2026-02-28,18350000.0,קסם,,False,False,0.0113,0.0035,2073.5499999999997,0.0078,1431.3,0
5111398,הראל US EQUITY,לתושבי חוץ בלבד,,לתושבי חוץ בלבד,2026-02-28,7390000.0,הראל,,False,False,0.0292,0.0035,2157.88,0.0257,1899.23,0
5111406,קסם אקטיב מניות,מניות All Cap,,מניות בארץ,2026-02-28,15720000.0,קסם,,False,False,0.011000000000000001,0.0035,1729.2000000000003,0.0075000000000000015,1179.0000000000002,0
5111414,"הראל חו""ל US","ארה""ב חשופת מט""ח",,"מניות בחו""ל",2026-02-28,13220000.0,הראל,,False,False,0.027999999999999997,0.0035,3701.5999999999995,0.024499999999999997,3238.9,0
5111422,אי בי אי מחקה תל גוב-שקלי 2-5,ריבית קבועה  - בינוני,,"אג""ח בארץ- מדינה",2026-02-28,117650000.0,אי.בי.אי,,True,False,0.0015,0.0,1764.75,0.0015,1764.75,0
5111448,איילון מדדית מדינה ללא מניות,"אג""ח מדינה צמוד מדד- ללא מניות",,"אג""ח בארץ- מדינה",2026-02-28,8300000.000000001,איילון,,False,False,0.0068000000000000005,0.0035,564.4000000000001,0.0033000000000000004,273.90000000000003,0
5111455,הראל מניות צמיחה,מניות All Cap,,מניות בארץ,2026-02-28,48510000.0,הראל,,False,False,0.0125,0.0035,6063.75,0.009000000000000001,4365.900000000001,0
5111489,אי בי אי מחקה תל גוב-שקלי 5+,ריבית קבועה - ארוך,,"אג""ח בארץ- מדינה",2026-02-28,171540000.0,אי.בי.אי,,True,False,0.0,0.0,0.0,0.0,0.0,0
5111570,"הראל מעו""ף בריבוע",ממונפות בסיכון גבוה,,ממונפות ואסטרטגיות,2026-02-28,57870000.0,הראל,,False,False,0.028300000000000002,0.0035,16377.210000000003,0.024800000000000003,14351.76,0
5111620,איביאי ממשלתי שקלי קצר פלוס,"אג""ח מדינה שקליות- ללא מניות",,"אג""ח בארץ- מדינה",2026-02-28,33810000.0,אי.בי.אי,,False,False,0.0034999999999999996,0.002,1183.35,0.0014999999999999996,507.14999999999986,0
5111638,איביאי (!) מדינה צמוד ללא מניות,"אג""ח מדינה צמוד מדד- ללא מניות",,"אג""ח בארץ- מדינה",2026-02-28,123550000.0,אי.בי.אי,,False,False,0.006500000000000001,0.0035,8030.750000000001,0.0030000000000000005,3706.5000000000005,0
5111661,"קסם אקטיב (!) תיק אג""ח חו""ל HY - נקובה $","אג""ח נקובת מט""ח",,"אג""ח בחו""ל",2026-02-28,62010000.0,קסם,,False,False,0.0075,0.0035,4650.75,0.004,2480.4,0
5111695,הראל מניות Large Cap ישראל,מניות Large & Mid Cap,,מניות בארץ,2026-02-28,198780000.0,הראל,,False,False,0.0233,0.0035,46315.740000000005,0.0198,39358.44,0
5111711,מגדל פרימיום תיק השקעות עד 50%,"אג""ח כללי בארץ - חשיפה מרבית מעל 30% מניות",,"אג""ח בארץ - כללי",2026-02-28,174390000.0,מגדל,,False,False,0.0078000000000000005,0.0035,13602.42,0.0043,7498.77,0
5111836,"הראל מסלול אג""ח","אג""ח כללי בארץ ללא מניות וללא סימן קריאה",,"אג""ח בארץ - כללי",2026-02-28,160760000.0,הראל,,False,False,0.009340000000000001,0.0035,15014.984,0.0058400000000000014,9388.384000000002,0
5111869,הראל מדינה שקלית,"אג""ח מדינה שקליות- ללא מניות",,"אג""ח בארץ- מדינה",2026-02-28,257670000.00000003,הראל,,False,False,0.0037,0.0035,9533.790000000003,0.0002000000000000001,515.3400000000003,0
5111885,הראל מדינה,"אג""ח מדינה כללי- ללא מניות",,"אג""ח בארץ- מדינה",2026-02-28,148000000.0,הראל,,False,False,0.0072,0.0035,10656.0,0.0036999999999999997,5476.0,0
5111935,"ילין לפידות אג""ח מדורג ללא מניות",חברות והמרה ללא מניות וללא סימן קריאה,,"אג""ח בארץ- חברות והמרה",2026-02-28,300330000.0,ילין לפידות,,False,False,0.006999999999999999,0.0035,21023.1,0.003499999999999999,10511.549999999997,0
5111992,הראל נכסים סולידיים,"אג""ח כללי בארץ בדירוג גבוה (AA ומעלה ו/ או מדינה)- עד 10% מניות",,"אג""ח בארץ - כללי",2026-02-28,237190000.0,הראל,,False,False,0.0038,0.0035,9013.220000000001,0.0002999999999999999,711.5699999999998,0
5112271,אי בי אי מחקה תל גוב-כללי,"אג""ח מדינה שיקלי וצמוד",,"אג""ח בארץ- מדינה",2026-02-28,54720000.0,אי.בי.אי,,True,False,0.002,0.0,1094.4,0.002,1094.4,0
5112404,MTF מחקה תל בונד 40 צמודות,בריבית קבועה,,"אג""ח בארץ- חברות והמרה",2026-02-28,34370000.0,מגדל,,True,False,0.0025,0.0,859.25,0.0025,859.25,0
5112479,"קסם אקטיב אג""ח דולר בינלאומי","אג""ח חשופת דולר",,"אג""ח בחו""ל",2026-02-28,24110000.0,קסם,,False,False,0.0127,0.0035,3061.97,0.0092,2218.12,0
5112487,"קסם אקטיב (!) אג""ח קונצרני Buy Side",חברות והמרה ללא מניות עם סימן קריאה,,"אג""ח בארץ- חברות והמרה",2026-02-28,193720000.0,קסם,,False,False,0.006500000000000001,0.0035,12591.800000000001,0.0030000000000000005,5811.6,0
5112560,הראל תיק מדינה,"אג""ח מדינה כללי- ללא מניות",,"אג""ח בארץ- מדינה",2026-02-28,102940000.0,הראל,,False,False,0.0049,0.0035,5044.0599999999995,0.0013999999999999998,1441.1599999999999,0
5112586,"הראל מחקה משולבת אג""ח ישראל (90%) מניות ישראל-חול (10%) חודשי",עד 10% מניות,,"אג""ח בארץ משולבת",2026-02-28,59330000.0,הראל,,True,False,0.0,0.0,0.0,0.0,0.0,0
5112628,"אי בי אי מחקה ת""א 125",Large & Mid Cap,,מניות בארץ,2026-02-28,2369880000.0,אי.בי.אי,,True,False,0.001,0.0,23698.800000000003,0.001,23698.800000000003,0
5112669,מגדל בונד מדורג A ומעלה,חברות והמרה ללא מניות וללא סימן קריאה,,"אג""ח בארץ- חברות והמרה",2026-02-28,246050000.0,מגדל,,False,False,0.0069,0.0035,16977.45,0.0034,8365.7,0
5112677,מגדל בונד שקלי A ומעלה,חברות והמרה שקלי ללא מניות,,"אג""ח בארץ- חברות והמרה",2026-02-28,110340000.0,מגדל,,False,False,0.0074,0.0035,8165.160000000001,0.0039000000000000003,4303.26,0
5112693,"קסם אקטיב מניות חו""ל","מניות כללי בחו""ל חשופת מט""ח",,"מניות בחו""ל",2026-02-28,25720000.0,קסם,,False,False,0.0187,0.0035,4809.64,0.015200000000000002,3909.44,0
5112719,קסם אקט 10-90,"אג""ח כללי בארץ- עד 10% מניות ללא סימן קריאה",,"אג""ח בארץ - כללי",2026-02-28,466690000.0,קסם,,False,False,0.0079,0.0035,36868.51,0.004400000000000001,20534.360000000004,0
5112768,הראל 30/70,"אג""ח כללי בארץ- עד 30% מניות",,"אג""ח בארץ - כללי",2026-02-28,371630000.0,הראל,,False,False,0.0069,0.0035,25642.469999999998,0.0034,12635.42,0
5112826,מגדל תיק השקעות 15/85,"אג""ח כללי בארץ- עד 15% מניות",,"אג""ח בארץ - כללי",2026-02-28,441560000.0,מגדל,,False,False,0.0079,0.0035,34883.240000000005,0.004400000000000001,19428.640000000007,0
5112842,מגדל אינפלציה מדינה,"אג""ח מדינה צמוד מדד- עד 10% מניות",,"אג""ח בארץ- מדינה",2026-02-28,178090000.0,מגדל,,False,False,0.0068000000000000005,0.0035,12110.12,0.0033000000000000004,5876.97,0
5112909,"מגדל (!) אג""ח מדורג - רכיב בטוחה",חברות והמרה ללא מניות עם סימן קריאה,,"אג""ח בארץ- חברות והמרה",2026-02-28,250740000.0,מגדל,,False,False,0.0089,0.0035,22315.859999999997,0.0054,13539.960000000001,0
5112917,מיטב עוקבת תיק 3 הבנק הבינלאומי,"אג""ח כללי בארץ- עד 30% מניות",,"אג""ח בארץ - כללי",2026-02-28,601130000.0,מיטב,,False,False,0.0079,0.0035,47489.270000000004,0.004400000000000001,26449.72000000001,0
5112925,איילון 20/80,"אג""ח כללי בארץ- עד 20% מניות",,"אג""ח בארץ - כללי",2026-02-28,64019999.99999999,איילון,,False,False,0.0075,0.0035,4801.499999999999,0.004,2560.7999999999997,0
5112933,"איילון שקלי ממשלתי ואג""ח מדורגות","אג""ח מדינה שקליות- ללא מניות",,"אג""ח בארץ- מדינה",2026-02-28,19800000.0,איילון,,False,False,0.0060999999999999995,0.0035,1207.7999999999997,0.0025999999999999994,514.8,0
5112941,איילון מדינה + 20%,"אג""ח מדינה כללי- עד 20% מניות",,"אג""ח בארץ- מדינה",2026-02-28,25650000.0,איילון,,False,False,0.0069,0.0035,1769.85,0.0034,872.1,0
5113006,מור מחקה תל גוב-צמודות 2-5,צמודות מדד ממשלתיות - בינוני,,"אג""ח בארץ- מדינה",2026-02-28,12090000.0,מור,,True,False,0.0015,0.0,181.35,0.0015,181.35,0
5113014,איביאי מחקה תל בונד 20 צמודות,בריבית קבועה,,"אג""ח בארץ- חברות והמרה",2026-02-28,35950000.0,אי.בי.אי,,True,False,0.0025,0.0,898.75,0.0025,898.75,0
5113022,מור מחקה תל גוב-שקלי 2-5,ריבית קבועה  - בינוני,,"אג""ח בארץ- מדינה",2026-02-28,29810000.0,מור,,True,False,0.0015,0.0,447.15000000000003,0.0015,447.15000000000003,0
5113048,איביאי (!) קונצרני ריבית משתנה,חברות והמרה שקלי ללא מניות,,"אג""ח בארץ- חברות והמרה",2026-02-28,22810000.0,אי.בי.אי,,False,False,0.006500000000000001,0.0035,1482.65,0.0030000000000000005,684.3000000000001,0
5113063,"מור מחקה ת""א 125",Large & Mid Cap,,מניות בארץ,2026-02-28,187870000.0,מור,,True,False,0.0,0.0,0.0,0.0,0.0,0
5113071,אי בי אי מחקה תל בונד שקלי,בריבית קבועה,,"אג""ח בארץ- חברות והמרה",2026-02-28,350480000.0,אי.בי.אי,,True,False,0.002,0.0,7009.6,0.002,7009.6,0
5113105,הראל מדינה שמרני + 10%,"אג""ח מדינה כללי- עד 10% מניות",,"אג""ח בארץ- מדינה",2026-02-28,945660000.0,הראל,,False,False,0.0064,0.0035,60522.24,0.0029000000000000002,27424.140000000003,0
5113121,הראל מחקה משולבת מדינה חודשי,"אג""ח מדינה משולבת - ללא מניות",,"אג""ח בארץ- מדינה",2026-02-28,23100000.0,הראל,,True,False,0.003,0.0,693.0,0.003,693.0,0
5113188,הראל קונצרני AA ומעלה,"חברות והמרה ללא מניות וללא סימן קריאה, עם מגבלת מח""מ עד 5 שנים",,"אג""ח בארץ- חברות והמרה",2026-02-28,36260000.0,הראל,,False,False,0.0059,0.0035,2139.3399999999997,0.0024,870.2399999999999,0
5113303,קסם KTF תל בונד 40 צמודות,בריבית קבועה,,"אג""ח בארץ- חברות והמרה",2026-02-28,28820000.0,קסם,,True,False,0.0034999999999999996,0.0,1008.6999999999999,0.0034999999999999996,1008.6999999999999,0
5113329,קסם KTF תל גוב-צמודות 2-5,צמודות מדד ממשלתיות - בינוני,,"אג""ח בארץ- מדינה",2026-02-28,100720000.0,קסם,,True,False,0.0025,0.0,2518.0,0.0025,2518.0,0
5113345,"קסם KTF ת""א 125",Large & Mid Cap,,מניות בארץ,2026-02-28,1525960000.0,קסם,,True,False,0.001,0.0,15259.6,0.001,15259.6,0
5113386,קסם KTF תל גוב-צמודות,צמודות מדד ממשלתיות - אחר,,"אג""ח בארץ- מדינה",2026-02-28,33990000.0,קסם,,True,False,0.0025,0.0,849.75,0.0025,849.75,0
5113402,"קסם KTF תל גוב-מק""מ","מק""מ",,"אג""ח בארץ- מדינה",2026-02-28,203230000.0,קסם,,True,False,0.0008,0.0,1625.84,0.0008,1625.84,0
5113428,קסם KTF תל גוב-כללי,"אג""ח מדינה שיקלי וצמוד",,"אג""ח בארץ- מדינה",2026-02-28,133620000.0,קסם,,True,False,0.0025,0.0,3340.5,0.0025,3340.5,0
5113444,קסם KTF תל גוב-שקלי 2-5,ריבית קבועה  - בינוני,,"אג""ח בארץ- מדינה",2026-02-28,118110000.0,קסם,,True,False,0.0015,0.0,1771.65,0.0015,1771.65,0
5113527,"סיגמא אג""ח משולבת + 20%","אג""ח כללי בארץ- עד 20% מניות",,"אג""ח בארץ - כללי",2026-02-28,123580000.0,סיגמא,,False,False,0.0085,0.0035,10504.300000000001,0.005000000000000001,6179.000000000001,0
5113543,"סיגמא מניות חו""ל","מניות כללי בחו""ל חשופת מט""ח",,"מניות בחו""ל",2026-02-28,43380000.0,סיגמא,,False,False,0.0125,0.0035,5422.5,0.009000000000000001,3904.2000000000003,0
5113568,"הראל בונד חו""ל - נקובה $","אג""ח נקובת מט""ח",,"אג""ח בחו""ל",2026-02-28,199740000.0,הראל,,False,False,0.0069,0.0035,13782.06,0.0034,6791.16,0
5113618,מיטב מניות צמיחה,מניות All Cap,,מניות בארץ,2026-02-28,131639999.99999999,מיטב,,False,False,0.0169,0.0035,22247.159999999996,0.013399999999999999,17639.759999999995,0
5113683,"מגדל אג""ח מדינה + 15%","אג""ח מדינה כללי- עד 20% מניות",,"אג""ח בארץ- מדינה",2026-02-28,12770000.0,מגדל,,False,False,0.005699999999999999,0.0035,727.89,0.0021999999999999993,280.9399999999999,0
5113709,אנליסט עוקבת תיק 2 הבנק הבינלאומי,"אג""ח כללי בארץ- עד 15% מניות",,"אג""ח בארץ - כללי",2026-02-28,41300000.0,אנליסט,,False,False,0.0069,0.0035,2849.7,0.0034,1404.2,0
5113782,הראל (!) בונד + 10% - נקוב $ אגד חוץ,אגד חוץ,,אגד קרנות,2026-02-28,6180000.0,הראל,,False,False,0.0087,0.0035,537.66,0.0052,321.35999999999996,0
5113956,"מיטב אג""ח קונצרני + 10%",חברות והמרה עם מניות ללא סימן קריאה,,"אג""ח בארץ- חברות והמרה",2026-02-28,16850000.0,מיטב,,False,False,0.0129,0.0035,2173.6499999999996,0.0094,1583.9,0
5113998,תכלית S&P 500 TTF,אמריקה- שווקים מפותחים,,"מניות בחו""ל",2026-02-28,1254780000.0,מיטב,,True,False,0.003,0.0,37643.4,0.003,37643.4,0
5114020,מור בונד שקלי A ומעלה,חברות והמרה שקלי ללא מניות,,"אג""ח בארץ- חברות והמרה",2026-02-28,71090000.0,מור,,False,False,0.0074,0.0035,5260.660000000001,0.0039000000000000003,2772.5099999999998,0
5114079,מיטב 30/70,"אג""ח כללי בארץ- עד 30% מניות",,"אג""ח בארץ - כללי",2026-02-28,636710000.0,מיטב,,False,False,0.0079,0.0035,50300.090000000004,0.004400000000000001,28015.24000000001,0
5114087,ילין לפידות גמישה,גמישות,,גמישות,2026-02-28,404330000.0,ילין לפידות,,False,False,0.0191,0.0035,77227.03,0.0156,63075.479999999996,0
5114160,אזימוט 10/90 דיבידנד,"אג""ח כללי בארץ- עד 10% מניות ללא סימן קריאה",,"אג""ח בארץ - כללי",2026-02-28,108810000.0,איילון,אזימוטליין,False,False,0.0089,0.0035,9684.09,0.0054,5875.740000000001,0
5114178,"אילים אג""ח + מגובה בביטחונות","אג""ח כללי בארץ ללא מניות וללא סימן קריאה, עם מגבלת מח""מ עד 5 שנים",,"אג""ח בארץ - כללי",2026-02-28,155990000.0,אילים,,False,False,0.0059,0.0035,9203.41,0.0024,3743.7599999999998,0
5114210,"קסם אקטיב (!) אגד חוץ אג""ח ופקדונות נקוב $",אגד חוץ,,אגד קרנות,2026-02-28,8359999.999999999,קסם,,False,False,0.0147,0.0035,1228.9199999999998,0.0112,936.3199999999999,0
5114228,"קסם אקטיב (!) אג""ח מדורג - רכיב בטוחה",חברות והמרה ללא מניות עם סימן קריאה,,"אג""ח בארץ- חברות והמרה",2026-02-28,155050000.0,קסם,,False,False,0.0087,0.0035,13489.35,0.0052,8062.599999999999,0
5114236,אלטשולר שחם 20-80,"אג""ח כללי בארץ- עד 20% מניות",,"אג""ח בארץ - כללי",2026-02-28,151080000.0,אלטשולר שחם,,False,False,0.0079,0.0035,11935.320000000002,0.004400000000000001,6647.520000000002,0
5114285,אזימוט השקעות,גמישות,,גמישות,2026-02-28,47240000.0,איילון,אזימוטליין,False,False,0.0194,0.0035,9164.56,0.0159,7511.160000000001,0
5114319,מור מחקה תל בונד שקלי,בריבית קבועה,,"אג""ח בארץ- חברות והמרה",2026-02-28,68560000.0,מור,,True,False,0.0025,0.0,1714.0,0.0025,1714.0,0
5114327,איביאי מחקה תל בונד 40 צמודות,בריבית קבועה,,"אג""ח בארץ- חברות והמרה",2026-02-28,10250000.0,אי.בי.אי,,True,False,0.002,0.0,205.00000000000003,0.002,205.00000000000003,0
5114350,אנליסט 10/90,"אג""ח כללי בארץ- עד 10% מניות ללא סימן קריאה",,"אג""ח בארץ - כללי",2026-02-28,67810000.0,אנליסט,,False,False,0.0074,0.0035,5017.9400000000005,0.0039000000000000003,2644.59,0
5114392,ילין לפידות עוקבת תיק 1 הבנק הבינלאומי,"אג""ח כללי בארץ- עד 5% מניות",,"אג""ח בארץ - כללי",2026-02-28,49460000.0,ילין לפידות,,False,False,0.0054,0.0035,2670.84,0.0019000000000000002,939.74,0
5114434,מיטב עוקבת תיק מרכיב הנזילות הבנק הבינלאומי,"חברות והמרה ללא מניות וללא סימן קריאה, עם מגבלת מח""מ עד 5 שנים",,"אג""ח בארץ- חברות והמרה",2026-02-28,251340000.0,מיטב,,False,False,0.0052,0.0035,13069.679999999998,0.0016999999999999997,4272.779999999999,0
5114491,תכלית TTF תל בונד שקלי,בריבית קבועה,,"אג""ח בארץ- חברות והמרה",2026-02-28,184100000.0,מיטב,,True,False,0.002,0.0,3682.0000000000005,0.002,3682.0000000000005,0
5114558,קסם אקטיב 5-95,"אג""ח כללי בארץ- עד 5% מניות",,"אג""ח בארץ - כללי",2026-02-28,44120000.0,קסם,,False,False,0.006,0.0035,2647.2000000000003,0.0025,1103.0,0
5114566,קסם KTF תל בונד שקלי,בריבית קבועה,,"אג""ח בארץ- חברות והמרה",2026-02-28,250280000.0,קסם,,True,False,0.002,0.0,5005.6,0.002,5005.6,0
5114624,איילון מדינה פרימיום כשרה,"אג""ח מדינה כללי- ללא מניות",,"אג""ח בארץ- מדינה",2026-02-28,34740000.0,איילון,,False,False,0.0064,0.0035,2223.3599999999997,0.0029000000000000002,1007.4600000000002,0
5114632,איביאי מדינה + 10%,"אג""ח מדינה כללי- עד 10% מניות",,"אג""ח בארץ- מדינה",2026-02-28,840280000.0,אי.בי.אי,,False,False,0.0058,0.0035,48736.24,0.0022999999999999995,19326.44,0
5114640,מיטב (!) קונצרני פלוס,חברות והמרה עם מניות ועם סימן קריאה,,"אג""ח בארץ- חברות והמרה",2026-02-28,117410000.0,מיטב,,False,False,0.0079,0.0035,9275.390000000001,0.004400000000000001,5166.040000000002,0
5114657,"תכלית TTF ת""א 125",Large & Mid Cap,,מניות בארץ,2026-02-28,2303510000.0,מיטב,,True,False,0.001,0.0,23035.100000000002,0.001,23035.100000000002,0
5114749,קסם אקטיב מדינה שקלי פלוס,"אג""ח מדינה שקליות- עד 10% מניות",,"אג""ח בארץ- מדינה",2026-02-28,133690000.0,קסם,,False,False,0.0062,0.0035,8288.78,0.0026999999999999997,3609.629999999999,0
5114780,"מיטב (!) אג""ח ממשלתי","אג""ח מדינה כללי- ללא מניות",,"אג""ח בארץ- מדינה",2026-02-28,620650000.0,מיטב,,False,False,0.0084,0.0035,52134.6,0.0049,30411.85,0
5114798,מיטב (!) 10/90,"אג""ח כללי בארץ- עד 10% מניות ועם סימן קריאה",,"אג""ח בארץ - כללי",2026-02-28,460440000.0,מיטב,,False,False,0.008100000000000001,0.0035,37295.64000000001,0.004600000000000002,21180.240000000005,0
5114830,מיטב מדינה צמודה + 10%,"אג""ח מדינה צמוד מדד- עד 10% מניות",,"אג""ח בארץ- מדינה",2026-02-28,20440000.0,מיטב,,False,False,0.0059,0.0035,1205.96,0.0024,490.55999999999995,0
5114897,ילין לפידות מניות דיבידנד,מניות All Cap,,מניות בארץ,2026-02-28,703610000.0,ילין לפידות,,False,False,0.0195,0.0035,137203.95,0.016,112577.6,0
5114913,ילין לפידות קונצרני שקלי + 20%,חברות והמרה שקלי עם מניות,,"אג""ח בארץ- חברות והמרה",2026-02-28,55340000.0,ילין לפידות,,False,False,0.0077,0.0035,4261.18,0.004200000000000001,2324.28,0
5114939,הראל מחקה תל בונד צמודות-יתר,בריבית קבועה,,"אג""ח בארץ- חברות והמרה",2026-02-28,51630000.0,הראל,,True,False,0.0015,0.0,774.45,0.0015,774.45,0
5115001,מגדל כספית נקובה בדולר $,"נקובת מט""ח",,קרן כספית,2026-02-28,298820000.0,מגדל,,False,False,0.00249,0.001,7440.6179999999995,0.00149,4452.418,1
5115027,"אנליסט מניות ת""א 125 במומנטום",מניות Large & Mid Cap,,מניות בארץ,2026-02-28,103970000.0,אנליסט,,False,False,0.020499999999999997,0.0035,21313.849999999995,0.016999999999999998,17674.899999999998,0
5115050,קבין השקעות - קרן ממונפת,ממונפות בסיכון גבוה,,ממונפות ואסטרטגיות,2026-02-28,27880000.0,איילון,קבין,False,False,0.027999999999999997,0.0035,7806.4,0.024499999999999997,6830.599999999999,0
5115068,הראל צמודים ממשלתי ללא מניות,"אג""ח מדינה צמוד מדד- ללא מניות",,"אג""ח בארץ- מדינה",2026-02-28,67340000.0,הראל,,False,False,0.006500000000000001,0.0035,4377.1,0.0030000000000000005,2020.2000000000003,0
5115076,הראל מדינה צמודה,"אג""ח מדינה צמוד מדד- ללא מניות",,"אג""ח בארץ- מדינה",2026-02-28,526120000.0,הראל,,False,False,0.0069,0.0035,36302.28,0.0034,17888.079999999998,0
5115092,"ילין לפידות תיק אג""ח + 15%","אג""ח כללי בארץ- עד 15% מניות",,"אג""ח בארץ - כללי",2026-02-28,345760000.0,ילין לפידות,,False,False,0.0076,0.0035,26277.760000000002,0.0040999999999999995,14176.159999999998,0
5115100,איביאי מחקה תל בונד 60 צמודות,בריבית קבועה,,"אג""ח בארץ- חברות והמרה",2026-02-28,60830000.0,אי.בי.אי,,True,False,0.0025,0.0,1520.75,0.0025,1520.75,0
5115118,מור מחקה תל גוב-צמודות 5-10,צמודות מדד ממשלתיות - ארוך,,"אג""ח בארץ- מדינה",2026-02-28,35250000.0,מור,,True,False,0.0015,0.0,528.75,0.0015,528.75,0
5115126,"מור מחקה ת""א 90",Mid Cap,,מניות בארץ,2026-02-28,167860000.0,מור,,True,False,0.0045000000000000005,0.0,7553.700000000001,0.0045000000000000005,7553.700000000001,0
5115167,אלטשולר שחם 10-90,"אג""ח כללי בארץ- עד 10% מניות ללא סימן קריאה",,"אג""ח בארץ - כללי",2026-02-28,483460000.0,אלטשולר שחם,,False,False,0.0075,0.0035,36259.5,0.004,19338.4,0
5115225,אנליסט שקלית קונצרנית ללא מניות,חברות והמרה שקלי ללא מניות,,"אג""ח בארץ- חברות והמרה",2026-02-28,11650000.0,אנליסט,,False,False,0.0054,0.0035,629.1,0.0019000000000000002,221.35000000000002,0
5115258,FOREST סלקט 15/85,"אג""ח כללי בארץ- עד 15% מניות",,"אג""ח בארץ - כללי",2026-02-28,306990000.0,פורסט,,False,False,0.0087,0.0035,26708.13,0.0052,15963.48,0
5115274,"MTF מחקה משולבת אג""ח ישראל (80%) מניות ישראל (20%) חודשי",עד 20% מניות,,"אג""ח בארץ משולבת",2026-02-28,20910000.0,מגדל,,True,False,0.0049,0.0,1024.59,0.0049,1024.59,0
5115290,הראל 10/90 מחלקת,"אג""ח כללי בארץ- עד 10% מניות ללא סימן קריאה",,"אג""ח בארץ - כללי",2026-02-28,25780000.0,הראל,,False,False,0.0077,0.0035,1985.06,0.004200000000000001,1082.7600000000002,0
5115324,מגדל סולידית,"אג""ח כללי בארץ בדירוג גבוה בלבד (AA ומעלה ו/ או מדינה)",,"אג""ח בארץ - כללי",2026-02-28,52860000.0,מגדל,,False,False,0.0059,0.0035,3118.74,0.0024,1268.6399999999999,0
5115332,"מגדל אג""ח מדינה+10%","אג""ח מדינה כללי- עד 10% מניות",,"אג""ח בארץ- מדינה",2026-02-28,52050000.0,מגדל,,False,False,0.0049,0.0035,2550.45,0.0013999999999999998,728.6999999999999,0
5115365,הראל (!) 10/90 פלטינום,"אג""ח כללי בארץ- עד 10% מניות ועם סימן קריאה",,"אג""ח בארץ - כללי",2026-02-28,128750000.0,הראל,,False,False,0.006999999999999999,0.0035,9012.5,0.003499999999999999,4506.249999999999,0
5115373,כוון מניות גלובלית U.S,"ארה""ב חשופת מט""ח",,"מניות בחו""ל",2026-02-28,14880000.0,איילון,כוון,False,False,0.0187,0.0035,2782.5600000000004,0.015200000000000002,2261.76,0
5115407,"אלטשולר שחם עוקבת תיק חו""ל 2 הבנק הבינלאומי","אג""ח חשופת מט""ח",,"אג""ח בחו""ל",2026-02-28,106720000.0,אלטשולר שחם,,False,False,0.0092,0.0035,9818.24,0.0057,6083.04,0
5115449,"טופ אלפא (!) אג""ח ללא מניות","אג""ח כללי בארץ ללא מניות עם סימן קריאה",,"אג""ח בארץ - כללי",2026-02-28,34120000.0,איילון,טופ אלפא,False,False,0.0076,0.0035,2593.1200000000003,0.0040999999999999995,1398.9199999999998,0
5115456,"טופ אלפא מניות חו""ל","מניות כללי בחו""ל חשופת מט""ח",,"מניות בחו""ל",2026-02-28,158620000.0,איילון,טופ אלפא,False,False,0.024399999999999998,0.0035,38703.27999999999,0.0209,33151.579999999994,0
5115464,איילון עוקבת תיק מרכיב הנזילות פלוס - הבנק הבינלאומי,"חברות והמרה ללא מניות וללא סימן קריאה, עם מגבלת מח""מ עד 5 שנים",,"אג""ח בארץ- חברות והמרה",2026-02-28,17470000.0,איילון,,False,False,0.0052,0.0035,908.4399999999999,0.0016999999999999997,296.98999999999995,0
5115472,תכלית TTF תל בונד 20 צמודות,בריבית קבועה,,"אג""ח בארץ- חברות והמרה",2026-02-28,180150000.0,מיטב,,True,False,0.002,0.0,3603.0000000000005,0.002,3603.0000000000005,0
5115498,מיטב קונצרני שקלי,חברות והמרה שקלי ללא מניות,,"אג""ח בארץ- חברות והמרה",2026-02-28,25660000.0,מיטב,,False,False,0.0064,0.0035,1642.24,0.0029000000000000002,744.1400000000001,0
5115506,סיגמא (!) מודל דירוג פנימי,חברות והמרה ללא מניות עם סימן קריאה,,"אג""ח בארץ- חברות והמרה",2026-02-28,54360000.0,סיגמא,,False,False,0.0127,0.0035,6903.72,0.0092,5001.12,0
5115514,סיגמא מדינה + 20%,"אג""ח מדינה כללי- עד 20% מניות",,"אג""ח בארץ- מדינה",2026-02-28,958050000.0,סיגמא,,False,False,0.0059,0.0035,56524.95,0.0024,22993.199999999997,0
5115548,הראל 10/90 פלוס,"אג""ח כללי בארץ- עד 10% מניות ללא סימן קריאה",,"אג""ח בארץ - כללי",2026-02-28,94840000.0,הראל,,False,False,0.006889999999999999,0.0035,6534.476,0.0033899999999999994,3215.075999999999,0
5115555,הראל 30/70 פלוס,"אג""ח כללי בארץ- עד 30% מניות",,"אג""ח בארץ - כללי",2026-02-28,8810000.0,הראל,,False,False,0.0059,0.0035,519.79,0.0024,211.43999999999997,0
5115589,קסם KTF תל בונד 20 צמודות,בריבית קבועה,,"אג""ח בארץ- חברות והמרה",2026-02-28,320620000.0,קסם,,True,False,0.0025,0.0,8015.5,0.0025,8015.5,0
5115597,קסם KTF תל בונד מאגר,"אג""ח חברות שקלי וצמוד",,"אג""ח בארץ- חברות והמרה",2026-02-28,132610000.00000001,קסם,,True,False,0.0034999999999999996,0.0,4641.35,0.0034999999999999996,4641.35,0
5115605,קסם KTF תל בונד צמודות-יתר,בריבית קבועה,,"אג""ח בארץ- חברות והמרה",2026-02-28,34150000.0,קסם,,True,False,0.0034999999999999996,0.0,1195.25,0.0034999999999999996,1195.25,0
5115621,"מור מק""מ פלוס","אג""ח מדינה שקליות- עד 10% מניות",,"אג""ח בארץ- מדינה",2026-02-28,238380000.0,מור,,False,False,0.0055000000000000005,0.002,13110.900000000001,0.0035000000000000005,8343.300000000001,0
5115647,"הפניקס קסם אג""ח חו""ל מדורג - נקובה $","אג""ח נקובת מט""ח",,"אג""ח בחו""ל",2026-02-28,101800000.0,קסם,,False,False,0.006999999999999999,0.0035,7125.999999999999,0.003499999999999999,3562.999999999999,0
5115704,ילין לפידות 10/90,"אג""ח כללי בארץ- עד 10% מניות ללא סימן קריאה",,"אג""ח בארץ - כללי",2026-02-28,930910000.0,ילין לפידות,,False,False,0.008,0.0035,74472.8,0.0045000000000000005,41890.950000000004,0
5115712,ילין לפידות מדינה שקלי ללא מניות,"אג""ח מדינה שקליות- ללא מניות",,"אג""ח בארץ- מדינה",2026-02-28,10330000.0,ילין לפידות,,False,False,0.0076,0.0035,785.08,0.0040999999999999995,423.5299999999999,0
5115738,"הראל מחקה משולבת אג""ח ישראל (80%) מניות ישראל-חול (20%) חודשי",עד 20% מניות,,"אג""ח בארץ משולבת",2026-02-28,89480000.0,הראל,,True,False,0.0,0.0,0.0,0.0,0.0,0
5115761,איביאי מחקה משולבת קונצרני (80%) מניות (20%) חודשי,עד 20% מניות,,"אג""ח בארץ משולבת",2026-02-28,38830000.0,אי.בי.אי,,True,False,0.005,0.0,1941.5,0.005,1941.5,0
5115787,ילין לפידות מדינה + 10%,"אג""ח מדינה כללי- עד 10% מניות",,"אג""ח בארץ- מדינה",2026-02-28,73010000.0,ילין לפידות,,False,False,0.0064,0.0035,4672.639999999999,0.0029000000000000002,2117.2900000000004,0
5115795,מיטב כספית נקובה ב-$,"נקובת מט""ח",,קרן כספית,2026-02-28,432620000.0,מיטב,,False,False,0.0028000000000000004,0.001,12113.36,0.0018000000000000004,7787.160000000002,1
5115803,אנליסט ממשלתית תיק סולידי עד שנתיים,"אג""ח מדינה כללי- עד 10% מניות",,"אג""ח בארץ- מדינה",2026-02-28,104360000.0,אנליסט,,False,False,0.0058,0.002,6052.879999999999,0.0037999999999999996,3965.6799999999994,0
5115811,תמיר פישמן 10/90,"אג""ח כללי בארץ- עד 10% מניות ללא סימן קריאה",,"אג""ח בארץ - כללי",2026-02-28,111430000.0,תמיר פישמן,,False,False,0.0075,0.0035,8357.25,0.004,4457.200000000001,0
5115837,תכלית TTF משולבת אגח ממשלתי קונצרני (90%) מניות (10%) חודשי,עד 10% מניות,,"אג""ח בארץ משולבת",2026-02-28,24450000.0,מיטב,,True,False,0.005,0.0,1222.5,0.005,1222.5,0
5115886,"ילין לפידות תיק אג""ח סולידי + 10%","אג""ח כללי בארץ בדירוג גבוה (AA ומעלה ו/ או מדינה)- עד 10% מניות",,"אג""ח בארץ - כללי",2026-02-28,263019999.99999997,ילין לפידות,,False,False,0.0069,0.0035,18148.379999999997,0.0034,8942.679999999998,0
5115894,הראל תיק סולידי ללא מניות,"אג""ח כללי בארץ בדירוג גבוה בלבד (AA ומעלה ו/ או מדינה)",,"אג""ח בארץ - כללי",2026-02-28,35500000.0,הראל,,False,False,0.0068000000000000005,0.0035,2414.0,0.0033000000000000004,1171.5,0
5115928,הראל (!) נבחרת קונצרני,חברות והמרה ללא מניות עם סימן קריאה,,"אג""ח בארץ- חברות והמרה",2026-02-28,47040000.0,הראל,,False,False,0.0059,0.0035,2775.3599999999997,0.0024,1128.9599999999998,0
5115936,"הראל אג""ח Total Return","אג""ח כללי בארץ ללא מניות וללא סימן קריאה, עם מגבלת מח""מ עד 5 שנים",,"אג""ח בארץ - כללי",2026-02-28,50370000.0,הראל,,False,False,0.0049,0.0035,2468.13,0.0013999999999999998,705.18,0
5115977,הראל מדינה פלוס,"אג""ח מדינה כללי- עד 20% מניות",,"אג""ח בארץ- מדינה",2026-02-28,69520000.0,הראל,,False,False,0.0049,0.0035,3406.48,0.0013999999999999998,973.2799999999999,0
5115985,הראל צמודים ממשלתיים,"אג""ח מדינה צמוד מדד- ללא מניות",,"אג""ח בארץ- מדינה",2026-02-28,53230000.0,הראל,,False,False,0.0025,0.0035,1330.75,-0.001,-532.3000000000001,0
5115993,"הראל אג""ח קונצרני + 10%",חברות והמרה עם מניות ללא סימן קריאה,,"אג""ח בארץ- חברות והמרה",2026-02-28,146240000.0,הראל,,False,False,0.0049,0.0035,7165.76,0.0013999999999999998,2047.3599999999997,0
5116009,הראל שקלית ממשלתית,"אג""ח מדינה שקליות- ללא מניות",,"אג""ח בארץ- מדינה",2026-02-28,88300000.0,הראל,,False,False,0.0025,0.0035,2207.5,-0.001,-883.0000000000001,0
5116017,"אלטשולר שחם אג""ח גלובלי נקובה בדולר","אג""ח נקובת מט""ח",,"אג""ח בחו""ל",2026-02-28,355860000.0,אלטשולר שחם,,False,False,0.006999999999999999,0.0035,24910.199999999997,0.003499999999999999,12455.099999999997,0
5116033,אנליסט 20/80,"אג""ח כללי בארץ- עד 20% מניות",,"אג""ח בארץ - כללי",2026-02-28,1965890000.0,אנליסט,,False,False,0.0084,0.0035,165134.75999999998,0.0049,96328.61,0
5116041,סיגמא ממשלתי שקלי,"אג""ח מדינה שקליות- ללא מניות",,"אג""ח בארץ- מדינה",2026-02-28,30670000.0,סיגמא,,False,False,0.009000000000000001,0.0035,2760.3,0.005500000000000001,1686.8500000000004,0
5116082,"אזימוט אג""ח ללא מניות","אג""ח כללי בארץ ללא מניות וללא סימן קריאה, עם מגבלת מח""מ עד 5 שנים",,"אג""ח בארץ - כללי",2026-02-28,91110000.0,איילון,אזימוטליין,False,False,0.0089,0.0035,8108.79,0.0054,4919.9400000000005,0
5116140,"מגדל אג""ח מדינה","אג""ח מדינה כללי- ללא מניות",,"אג""ח בארץ- מדינה",2026-02-28,272460000.0,מגדל,,False,False,0.0064,0.0035,17437.44,0.0029000000000000002,7901.340000000001,0
5116165,"מגדל מניות חו""ל טכנולוגיות חדשניות - מנוטרלת מט""ח","מניות כללי בחו""ל מוגנת מט""ח",,"מניות בחו""ל",2026-02-28,51840000.0,מגדל,,False,False,0.0195,0.0035,10108.8,0.016,8294.400000000001,0
5116181,MTF מחקה תל גוב-כללי,"אג""ח מדינה שיקלי וצמוד",,"אג""ח בארץ- מדינה",2026-02-28,259120000.0,מגדל,,True,False,0.0015,0.0,3886.8,0.0015,3886.8,0
5116470,"קסם אקטיב תיק אג""ח ללא מניות","אג""ח כללי בארץ ללא מניות וללא סימן קריאה",,"אג""ח בארץ - כללי",2026-02-28,620150000.0,קסם,,False,False,0.0073,0.0035,45270.95,0.0038,23565.7,0
5116488,ילין לפידות 20/80,"אג""ח כללי בארץ- עד 20% מניות",,"אג""ח בארץ - כללי",2026-02-28,1040510000.0,ילין לפידות,,False,False,0.0095,0.0035,98848.45,0.006,62430.6,0
5116512,"קסם אקטיב אג""ח ממוצע AA","חברות והמרה ללא מניות וללא סימן קריאה, עם מגבלת מח""מ עד 5 שנים",,"אג""ח בארץ- חברות והמרה",2026-02-28,129210000.00000001,קסם,,False,False,0.006500000000000001,0.0035,8398.650000000001,0.0030000000000000005,3876.300000000001,0
5116553,"קסם אקטיב אג""ח מדינה + 10%","אג""ח מדינה כללי- עד 10% מניות",,"אג""ח בארץ- מדינה",2026-02-28,153260000.0,קסם,,False,False,0.0062,0.0035,9502.12,0.0026999999999999997,4138.0199999999995,0
5116629,"FOREST (!) אג""ח מדורג",חברות והמרה ללא מניות עם סימן קריאה,,"אג""ח בארץ- חברות והמרה",2026-02-28,575310000.0,פורסט,,False,False,0.0086,0.0035,49476.66,0.0051,29340.810000000005,0
5116637,"טרגט אג""ח ללא מניות","אג""ח כללי בארץ ללא מניות וללא סימן קריאה",,"אג""ח בארץ - כללי",2026-02-28,283780000.0,איילון,טרגט,False,False,0.0055000000000000005,0.0035,15607.900000000003,0.0020000000000000005,5675.600000000001,0
5116660,"הראל שנהב אג""ח","אג""ח כללי בארץ- עד 15% מניות",,"אג""ח בארץ - כללי",2026-02-28,59610000.0,הראל,,False,False,0.0028000000000000004,0.0035,1669.0800000000002,-0.0006999999999999997,-417.2699999999998,0
5116736,"דיאמונד מניות ת""א 125",מניות Large & Mid Cap,,מניות בארץ,2026-02-28,40190000.0,איילון,דיאמונד,False,False,0.013000000000000001,0.0035,5224.700000000001,0.009500000000000001,3818.0500000000006,0
5116777,ילין לפידות (!) קונצרני שקלי,חברות והמרה שקלי ללא מניות,,"אג""ח בארץ- חברות והמרה",2026-02-28,129039999.99999999,ילין לפידות,,False,False,0.0069,0.0035,8903.759999999998,0.0034,4387.36,0
5116785,הראל מחקה תל גוב-צמודות 5-10,צמודות מדד ממשלתיות - ארוך,,"אג""ח בארץ- מדינה",2026-02-28,111190000.0,הראל,,True,False,0.0,0.0,0.0,0.0,0.0,0
5116793,"הראל מחקה משולבת אג""ח ישראל צמוד חודשי",ללא מניות,,"אג""ח בארץ משולבת",2026-02-28,24960000.0,הראל,,True,False,0.0034999999999999996,0.0,873.5999999999999,0.0034999999999999996,873.5999999999999,0
5116918,MTF מחקה תל בונד צמודות יתר,בריבית קבועה,,"אג""ח בארץ- חברות והמרה",2026-02-28,59910000.0,מגדל,,True,False,0.0025,0.0,1497.75,0.0025,1497.75,0
5116926,מגדל צמודה בונד מדורג,"חברות והמרה ללא מניות וללא סימן קריאה, עם מגבלת מח""מ עד 5 שנים",,"אג""ח בארץ- חברות והמרה",2026-02-28,968000000.0,מגדל,,False,False,0.0075,0.0035,72600.0,0.004,38720.0,0
5116934,אנליסט מודל דירוג פנימי,חברות והמרה ללא מניות וללא סימן קריאה,,"אג""ח בארץ- חברות והמרה",2026-02-28,238500000.0,אנליסט,,False,False,0.0079,0.0035,18841.500000000004,0.004400000000000001,10494.000000000004,0
5116942,"קסם אקטיב אג""ח מדורג ללא מניות",חברות והמרה ללא מניות וללא סימן קריאה,,"אג""ח בארץ- חברות והמרה",2026-02-28,202380000.0,קסם,,False,False,0.0070999999999999995,0.0035,14368.979999999998,0.0035999999999999995,7285.6799999999985,0
5116967,מור מחקה תל גוב-שקלי 5+,ריבית קבועה - ארוך,,"אג""ח בארץ- מדינה",2026-02-28,32330000.0,מור,,True,False,0.0015,0.0,484.95,0.0015,484.95,0
5116975,"אלטשולר שחם אג""ח קונצרני A ומעלה","חברות והמרה ללא מניות וללא סימן קריאה, עם מגבלת מח""מ עד 5 שנים",,"אג""ח בארץ- חברות והמרה",2026-02-28,252040000.0,אלטשולר שחם,,False,False,0.0069,0.0035,17390.76,0.0034,8569.36,0
5116983,"אלטשולר שחם אג""ח מדינה ללא מניות","אג""ח מדינה כללי- ללא מניות",,"אג""ח בארץ- מדינה",2026-02-28,256250000.0,אלטשולר שחם,,False,False,0.0063,0.0035,16143.75,0.0028,7175.0,0
5117007,"הראל מחקה משולבת אג""ח ישראל שקלי חודשי",ללא מניות,,"אג""ח בארץ משולבת",2026-02-28,23810000.0,הראל,,True,False,0.0,0.0,0.0,0.0,0.0,0
5117023,איביאי מחקה תל בונד צמודות,בריבית קבועה,,"אג""ח בארץ- חברות והמרה",2026-02-28,58230000.0,אי.בי.אי,,True,False,0.0025,0.0,1455.75,0.0025,1455.75,0
5117049,מור מחקה תל בונד צמודות-יתר,בריבית קבועה,,"אג""ח בארץ- חברות והמרה",2026-02-28,14880000.0,מור,,True,False,0.002,0.0,297.6,0.002,297.6,0
5117080,MTF מחקה משולבת תל גוב-שקלי 2-5 (75%) תל בונד שקלי (25%) חודשי,ללא מניות,,"אג""ח בארץ משולבת",2026-02-28,12440000.0,מגדל,,True,False,0.0039000000000000003,0.0,485.15999999999997,0.0039000000000000003,485.15999999999997,0
5117122,קסם אקטיב שקלית ממשלתית כשרה,"אג""ח מדינה שקליות- ללא מניות",,"אג""ח בארץ- מדינה",2026-02-28,67580000.0,קסם,,False,False,0.0054,0.0035,3649.32,0.0019000000000000002,1284.02,0
5117130,"הראל אג""ח בינלאומי עד 20% מט""ח","אג""ח מוגנת מט""ח",,"אג""ח בחו""ל",2026-02-28,90830000.0,הראל,,False,False,0.0078000000000000005,0.0035,7084.74,0.0043,3905.69,0
5117239,"הראל תיק אג""ח סולידי + 10%","אג""ח כללי בארץ בדירוג גבוה (AA ומעלה ו/ או מדינה)- עד 10% מניות",,"אג""ח בארץ - כללי",2026-02-28,42730000.0,הראל,,False,False,0.0055000000000000005,0.0035,2350.1500000000005,0.0020000000000000005,854.6000000000003,0
5117247,הראל מחקה תל גוב-צמודות 2-5,צמודות מדד ממשלתיות - בינוני,,"אג""ח בארץ- מדינה",2026-02-28,201240000.0,הראל,,True,False,0.0005,0.0,1006.2,0.0005,1006.2,0
5117262,הראל מחקה תל גוב-שקלי 2-5,ריבית קבועה  - בינוני,,"אג""ח בארץ- מדינה",2026-02-28,138390000.0,הראל,,True,False,0.0,0.0,0.0,0.0,0.0,0
5117270,הראל מחקה תל בונד 20 צמודות,בריבית קבועה,,"אג""ח בארץ- חברות והמרה",2026-02-28,557540000.0,הראל,,True,False,0.001,0.0,5575.400000000001,0.001,5575.400000000001,0
5117288,הראל מחקה תל בונד שקלי,בריבית קבועה,,"אג""ח בארץ- חברות והמרה",2026-02-28,186880000.0,הראל,,True,False,0.002,0.0,3737.6000000000004,0.002,3737.6000000000004,0
5117296,ילין לפידות מדינה שקלי 1-4 שנים,"אג""ח מדינה שקליות- ללא מניות",,"אג""ח בארץ- מדינה",2026-02-28,63590000.0,ילין לפידות,,False,False,0.0042,0.0035,2670.7799999999997,0.0006999999999999997,445.12999999999977,0
5117304,"ילין לפידות תיק אג""ח ללא מניות","אג""ח כללי בארץ ללא מניות וללא סימן קריאה",,"אג""ח בארץ - כללי",2026-02-28,274110000.0,ילין לפידות,,False,False,0.0074,0.0035,20284.140000000003,0.0039000000000000003,10690.289999999999,0
5117312,ילין לפידות עוקבת תיק 2 הבנק הבינלאומי,"אג""ח כללי בארץ- עד 15% מניות",,"אג""ח בארץ - כללי",2026-02-28,467340000.0,ילין לפידות,,False,False,0.0079,0.0035,36919.86000000001,0.004400000000000001,20562.960000000006,0
5117346,"תכלית TTF משולבת אגח ממשלתי קונצרני (85%) מניות (15%) מנוטרלת מט""ח חודשי",עד 20% מניות,,"אג""ח בארץ משולבת",2026-02-28,31240000.0,מיטב,,True,False,0.006500000000000001,0.0,2030.6000000000001,0.006500000000000001,2030.6000000000001,0
5117379,תכלית TTF תל גוב-צמודות 2-5,צמודות מדד ממשלתיות - בינוני,,"אג""ח בארץ- מדינה",2026-02-28,503040000.0,מיטב,,True,False,0.002,0.0,10060.800000000001,0.002,10060.800000000001,0
5117429,איביאי כספית נקובה דולר $,"נקובת מט""ח",,קרן כספית,2026-02-28,1881310000.0,אי.בי.אי,,False,False,0.0025,0.001,47032.75,0.0015,28219.65,1
5117437,קסם KTF תל בונד צמודות,בריבית קבועה,,"אג""ח בארץ- חברות והמרה",2026-02-28,340560000.0,קסם,,True,False,0.0026,0.0,8854.56,0.0026,8854.56,0
5117445,Gse Spot מחקר קונצרני,חברות והמרה ללא מניות וללא סימן קריאה,,"אג""ח בארץ- חברות והמרה",2026-02-28,39860000.0,איילון,ג'י. אס. אי. ספוט,False,False,0.009000000000000001,0.0035,3587.4,0.005500000000000001,2192.3000000000006,0
5117460,"הראל תיק אג""ח + 15%","אג""ח כללי בארץ- עד 15% מניות",,"אג""ח בארץ - כללי",2026-02-28,221470000.0,הראל,,False,False,0.0074,0.0035,16388.780000000002,0.0039000000000000003,8637.33,0
5117494,אי בי אי מחקה תל בונד צמודות יתר,בריבית קבועה,,"אג""ח בארץ- חברות והמרה",2026-02-28,91480000.0,אי.בי.אי,,True,False,0.002,0.0,1829.6000000000001,0.002,1829.6000000000001,0
5117502,"ילין לפידות (!) אג""ח חברות + 10%",חברות והמרה עם מניות ועם סימן קריאה,,"אג""ח בארץ- חברות והמרה",2026-02-28,989640000.0,ילין לפידות,,False,False,0.0091,0.0035,90057.24,0.005600000000000001,55419.840000000004,0
5117510,מור מדדית מדינה ללא מניות,"אג""ח מדינה צמוד מדד- ללא מניות",,"אג""ח בארץ- מדינה",2026-02-28,92850000.0,מור,,False,False,0.006500000000000001,0.0035,6035.250000000001,0.0030000000000000005,2785.5000000000005,0
5117536,מגדל S&P 500,"ארה""ב חשופת מט""ח",,"מניות בחו""ל",2026-02-28,15840000.0,מגדל,,False,False,0.005,0.0035,792.0,0.0015,237.6,0
5117577,"איביאי אג""ח חברות מדורג",חברות והמרה ללא מניות וללא סימן קריאה,,"אג""ח בארץ- חברות והמרה",2026-02-28,299790000.0,אי.בי.אי,,False,False,0.0095,0.0035,28480.05,0.006,17987.4,0
5117585,מור מחקה NASDAQ 100,אמריקה- שווקים מפותחים,,"מניות בחו""ל",2026-02-28,680950000.0,מור,,True,False,0.005,0.0,34047.5,0.005,34047.5,0
5117601,מור מחקה S&P 500,אמריקה- שווקים מפותחים,,"מניות בחו""ל",2026-02-28,256550000.0,מור,,True,False,0.004,0.0,10262.0,0.004,10262.0,0
5117619,"איביאי תיק אג""ח כללי","אג""ח כללי בארץ ללא מניות וללא סימן קריאה",,"אג""ח בארץ - כללי",2026-02-28,51800000.0,אי.בי.אי,,False,False,0.0089,0.0035,4610.2,0.0054,2797.2000000000003,0
5117627,איביאי מחקה משולבת ממשלתי חודשי,"אג""ח מדינה משולבת - ללא מניות",,"אג""ח בארץ- מדינה",2026-02-28,34900000.0,אי.בי.אי,,True,False,0.005,0.0,1745.0,0.005,1745.0,0
5117650,איילון 25/75 כשרה,"אג""ח כללי בארץ- עד 25% מניות",,"אג""ח בארץ - כללי",2026-02-28,129430000.0,איילון,,False,False,0.006500000000000001,0.0035,8412.95,0.0030000000000000005,3882.9000000000005,0
5117668,איילון תיק השקעות ללא מניות,"אג""ח כללי בארץ ללא מניות וללא סימן קריאה",,"אג""ח בארץ - כללי",2026-02-28,37100000.0,איילון,,False,False,0.0060999999999999995,0.0035,2263.1,0.0025999999999999994,964.5999999999998,0
5117684,"איילון אקסטרים ת""א 125 פי 3",ממונפות בסיכון גבוה,,ממונפות ואסטרטגיות,2026-02-28,189110000.0,איילון,,False,False,0.018500000000000003,0.0035,34985.350000000006,0.015000000000000003,28366.500000000007,0
5117692,"איילון אקסטרים ת""א 35 פי 3",ממונפות בסיכון גבוה,,ממונפות ואסטרטגיות,2026-02-28,158300000.0,איילון,,False,False,0.018500000000000003,0.0035,29285.500000000004,0.015000000000000003,23745.000000000007,0
5117700,איילון כספית,כספית שקלית עם קונצרני,,קרן כספית,2026-02-28,7625680000.0,איילון,,False,False,0.0018,0.001,137262.24,0.0007999999999999999,61005.439999999995,1
5117734,אימפקט 20/80,"אג""ח כללי בארץ- עד 20% מניות",,"אג""ח בארץ - כללי",2026-02-28,60840000.0,איילון,אימפקט,False,False,0.0085,0.0035,5171.400000000001,0.005000000000000001,3042.0000000000005,0
5117742,"איילון משקל שווה ת""א 35",מניות Large & Mid Cap,,מניות בארץ,2026-02-28,19540000.0,איילון,,False,False,0.0115,0.0035,2247.1,0.008,1563.2,0
5117759,איילון אקסטרים S&P 500 פי 3,ממונפות בסיכון גבוה,,ממונפות ואסטרטגיות,2026-02-28,146970000.0,איילון,,False,False,0.018500000000000003,0.0035,27189.450000000004,0.015000000000000003,22045.500000000007,0
5117809,איילון אקסטרים דולר פי 3,ממונפות בסיכון גבוה,,ממונפות ואסטרטגיות,2026-02-28,11750000.0,איילון,,False,False,0.015,0.0035,1762.4999999999998,0.0115,1351.25,0
5117817,MTF מחקה תל בונד צמודות בנקים ללא COCO,בריבית קבועה,,"אג""ח בארץ- חברות והמרה",2026-02-28,112730000.0,מגדל,,True,False,0.0015,0.0,1690.95,0.0015,1690.95,0
5117833,אי בי אי מחקה תל גוב-צמודות 5-10,צמודות מדד ממשלתיות - ארוך,,"אג""ח בארץ- מדינה",2026-02-28,55760000.0,אי.בי.אי,,True,False,0.0015,0.0,836.4,0.0015,836.4,0
5117841,הראל עוקבת תיק מס' 2 - הבנק הבינלאומי,"אג""ח כללי בארץ- עד 15% מניות",,"אג""ח בארץ - כללי",2026-02-28,203320000.0,הראל,,False,False,0.0076,0.0035,15452.320000000002,0.0040999999999999995,8336.119999999999,0
5117866,MTF מחקה תל גוב-צמודות,צמודות מדד ממשלתיות - אחר,,"אג""ח בארץ- מדינה",2026-02-28,34470000.0,מגדל,,True,False,0.001,0.0,344.70000000000005,0.001,344.70000000000005,0
5117932,מגדל בונד צמוד A ומעלה,חברות והמרה ללא מניות וללא סימן קריאה,,"אג""ח בארץ- חברות והמרה",2026-02-28,410170000.0,מגדל,,False,False,0.0079,0.0035,32403.430000000004,0.004400000000000001,18047.480000000007,0
5117957,אי בי אי מחקה (!) תל בונד-תשואות צמודות,בריבית קבועה,,"אג""ח בארץ- חברות והמרה",2026-02-28,230540000.0,אי.בי.אי,,True,False,0.002,0.0,4610.8,0.002,4610.8,0
5117973,"קסם אקטיב אירופה Index Plus - מנוטרלת מט""ח","מניות גיאוגרפי מוגנת מט""ח",,"מניות בחו""ל",2026-02-28,29590000.0,קסם,,False,False,0.0125,0.0035,3698.75,0.009000000000000001,2663.1000000000004,0
5118021,קסם KTF תל בונד 60 צמודות,בריבית קבועה,,"אג""ח בארץ- חברות והמרה",2026-02-28,688530000.0,קסם,,True,False,0.0025,0.0,17213.25,0.0025,17213.25,0
5118039,קסם KTF תל גוב-שקלי 5+,ריבית קבועה - ארוך,,"אג""ח בארץ- מדינה",2026-02-28,53200000.0,קסם,,True,False,0.0,0.0,0.0,0.0,0.0,0
5118047,קסם KTF תל גוב-שקלי,ריבית קבועה,,"אג""ח בארץ- מדינה",2026-02-28,115590000.0,קסם,,True,False,0.0025,0.0,2889.75,0.0025,2889.75,0
5118054,קסם KTF תל גוב-צמודות 5-10,צמודות מדד ממשלתיות - ארוך,,"אג""ח בארץ- מדינה",2026-02-28,137790000.0,קסם,,True,False,0.0025,0.0,3444.75,0.0025,3444.75,0
5118062,קסם אקטיב עוקבת תיק 1 הבנק הבינלאומי,"אג""ח כללי בארץ- עד 5% מניות",,"אג""ח בארץ - כללי",2026-02-28,45260000.0,קסם,,False,False,0.0058,0.0035,2625.08,0.0022999999999999995,1040.9799999999998,0
5118088,"ילין לפידות (!) אג""ח TOTAL RETURN IL","אג""ח כללי בארץ ללא מניות עם סימן קריאה",,"אג""ח בארץ - כללי",2026-02-28,824190000.0,ילין לפידות,,False,False,0.0075,0.0035,61814.24999999999,0.004,32967.600000000006,0
5118112,"קסם אקטיב ארה""ב Index Plus כשרה","ארה""ב חשופת מט""ח",,"מניות בחו""ל",2026-02-28,250690000.0,קסם,,False,False,0.0182,0.0035,45625.58,0.014700000000000001,36851.43000000001,0
5118120,קסם KTFי (!) תל בונד-תשואות צמודות,בריבית קבועה,,"אג""ח בארץ- חברות והמרה",2026-02-28,154090000.0,קסם,,True,False,0.002,0.0,3081.8,0.002,3081.8,0
5118138,"קסם אקטיב אג""ח מדורג",חברות והמרה ללא מניות וללא סימן קריאה,,"אג""ח בארץ- חברות והמרה",2026-02-28,289250000.0,קסם,,False,False,0.0077,0.0035,22272.25,0.004200000000000001,12148.500000000002,0
5118146,קסם אקטיב תיק השקעות גמיש,גמישות,,גמישות,2026-02-28,402490000.0,קסם,,False,False,0.0184,0.0035,74058.16,0.0149,59971.009999999995,0
5118179,קסם iBoxx US Liquid Investment Grade Top 30 KTF,"חברות והמרה חשופת מט""ח",,"אג""ח בחו""ל",2026-02-28,114340000.0,קסם,,True,False,0.0025,0.0,2858.5,0.0025,2858.5,0
5118187,"מגדל (!) הזדמנויות אג""ח תשואה גבוהה",חברות והמרה בסיכון גבוה,,"אג""ח בארץ- חברות והמרה",2026-02-28,425880000.0,מגדל,,False,False,0.0125,0.0035,53235.0,0.009000000000000001,38329.200000000004,0
5118195,מגדל (!) 10/90 פלוס,"אג""ח כללי בארץ- עד 10% מניות ועם סימן קריאה",,"אג""ח בארץ - כללי",2026-02-28,53620000.0,מגדל,,False,False,0.0089,0.0035,4772.179999999999,0.0054,2895.4800000000005,0
5118237,"מיטב אג""ח + 20%","אג""ח כללי בארץ- עד 20% מניות",,"אג""ח בארץ - כללי",2026-02-28,140040000.0,מיטב,,False,False,0.0079,0.0035,11063.160000000002,0.004400000000000001,6161.760000000002,0
5118260,טרגט 20/80,"אג""ח כללי בארץ- עד 20% מניות",,"אג""ח בארץ - כללי",2026-02-28,23920000.0,איילון,טרגט,False,False,0.0055000000000000005,0.0035,1315.6000000000001,0.0020000000000000005,478.40000000000015,0
5118310,איביאי 10/90,"אג""ח כללי בארץ- עד 10% מניות ללא סימן קריאה",,"אג""ח בארץ - כללי",2026-02-28,268950000.0,אי.בי.אי,,False,False,0.0075,0.0035,20171.25,0.004,10758.0,0
5118328,"אנליסט אג""ח מדורג A ומעלה מח""מ 1-4 שנים","חברות והמרה ללא מניות וללא סימן קריאה, עם מגבלת מח""מ עד 5 שנים",,"אג""ח בארץ- חברות והמרה",2026-02-28,397090000.0,אנליסט,,False,False,0.0068000000000000005,0.0035,27002.12,0.0033000000000000004,13103.970000000001,0
5118369,ילין לפידות מדינה ללא מניות,"אג""ח מדינה כללי- ללא מניות",,"אג""ח בארץ- מדינה",2026-02-28,80690000.0,ילין לפידות,,False,False,0.0055000000000000005,0.0035,4437.950000000001,0.0020000000000000005,1613.8000000000004,0
5118377,ילין לפידות מדינה צמוד קצר,"אג""ח מדינה צמוד מדד- עד 10% מניות",,"אג""ח בארץ- מדינה",2026-02-28,601530000.0,ילין לפידות,,False,False,0.0068000000000000005,0.0035,40904.04,0.0033000000000000004,19850.49,0
5118385,מגדל תיק 25/75,"אג""ח כללי בארץ- עד 25% מניות",,"אג""ח בארץ - כללי",2026-02-28,298150000.0,מגדל,,False,False,0.0079,0.0035,23553.850000000002,0.004400000000000001,13118.600000000004,0
5118393,תכלית TTF תל גוב-כללי,"אג""ח מדינה שיקלי וצמוד",,"אג""ח בארץ- מדינה",2026-02-28,87450000.0,מיטב,,True,False,0.0015,0.0,1311.75,0.0015,1311.75,0
5118419,הראל מחקה S&P 500 נקובה ב-$,אמריקה- שווקים מפותחים,,"מניות בחו""ל",2026-02-28,133139999.99999999,הראל,,True,False,0.002,0.0,2662.7999999999997,0.002,2662.7999999999997,0
5118435,דיאמונד 20/80 כשרה,"אג""ח כללי בארץ- עד 20% מניות",,"אג""ח בארץ - כללי",2026-02-28,54770000.0,איילון,דיאמונד,False,False,0.0139,0.0035,7613.03,0.0104,5696.08,0
5118450,"MTF מחקה משולבת אג""ח ישראל (90%) מניות חו""ל (10%) חודשי מנוטרלת מט""ח",עד 10% מניות,,"אג""ח בארץ משולבת",2026-02-28,54260000.0,מגדל,,True,False,0.0049,0.0,2658.74,0.0049,2658.74,0
5118476,"אלטשולר שחם אג""ח מדינה + 20%","אג""ח מדינה כללי- עד 20% מניות",,"אג""ח בארץ- מדינה",2026-02-28,56990000.0,אלטשולר שחם,,False,False,0.0075,0.0035,4274.25,0.004,2279.6000000000004,0
5118534,"קסם אקטיב (!) אג""ח חו""ל דולר HY","אג""ח חשופת דולר",,"אג""ח בחו""ל",2026-02-28,30870000.0,קסם,,False,False,0.0075,0.0035,2315.25,0.004,1234.8000000000002,0
5118559,מור מחקה תל בונד צמודות-בנקים ללא COCO,בריבית קבועה,,"אג""ח בארץ- חברות והמרה",2026-02-28,21400000.0,מור,,True,False,0.002,0.0,428.00000000000006,0.002,428.00000000000006,0
5118591,"אלטשולר שחם (!) אג""ח ארה""ב/חו""ל קונצרני עד 10% מט""ח","אג""ח מוגנת מט""ח",,"אג""ח בחו""ל",2026-02-28,369020000.0,אלטשולר שחם,,False,False,0.0095,0.0035,35056.899999999994,0.006,22141.2,0
5118609,"אלטשולר שחם שווקים מפותחים עד 30% מט""ח","מניות גיאוגרפי מוגנת מט""ח",,"מניות בחו""ל",2026-02-28,919000000.0,אלטשולר שחם,,False,False,0.015,0.0035,137850.0,0.0115,105685.0,0
5118617,ילין לפידות 25/75,"אג""ח כללי בארץ- עד 25% מניות",,"אג""ח בארץ - כללי",2026-02-28,860040000.0,ילין לפידות,,False,False,0.0079,0.0035,67943.16,0.004400000000000001,37841.76000000001,0
5118625,איילון עוקבת תיק 3 הבנק הבינלאומי,"אג""ח כללי בארץ- עד 30% מניות",,"אג""ח בארץ - כללי",2026-02-28,253200000.0,איילון,,False,False,0.006,0.0035,15192.0,0.0025,6330.0,0
5118633,"מור (!) תיק אג""ח קונצרני",חברות והמרה ללא מניות עם סימן קריאה,,"אג""ח בארץ- חברות והמרה",2026-02-28,718640000.0,מור,,False,False,0.0088,0.0035,63240.32000000001,0.005300000000000001,38087.920000000006,0
5118641,"מור אג""ח מדינה - כשרה","אג""ח מדינה כללי- ללא מניות",,"אג""ח בארץ- מדינה",2026-02-28,141600000.0,מור,,False,False,0.0064,0.0035,9062.4,0.0029000000000000002,4106.400000000001,0
5118666,"תמיר פישמן אג""ח מדינה פלוס","אג""ח מדינה כללי- ללא מניות",,"אג""ח בארץ- מדינה",2026-02-28,21510000.0,תמיר פישמן,,False,False,0.0055000000000000005,0.0035,1183.0500000000002,0.0020000000000000005,430.2000000000001,0
5118674,FORESTי 20/80,"אג""ח כללי בארץ- עד 20% מניות",,"אג""ח בארץ - כללי",2026-02-28,1261980000.0,פורסט,,False,False,0.0095,0.0035,119888.09999999999,0.006,75718.8,0
5118690,"איביאי מחקה משולבת STOXX Europe 600י (70%) DAXי (30%) חודשי מנוטרלת מט""ח","מניות בחו""ל קרן משולבת",,"מניות בחו""ל",2026-02-28,58990000.0,אי.בי.אי,,True,False,0.008,0.0,4719.200000000001,0.008,4719.200000000001,0
5118716,מיטב תיק השקעות + 30%,"אג""ח כללי בארץ- עד 30% מניות",,"אג""ח בארץ - כללי",2026-02-28,474120000.0,מיטב,,False,False,0.0079,0.0035,37455.48,0.004400000000000001,20861.280000000006,0
5118724,"תכלית TTF משולבת אגח ממשלתי קונצרני (90%) מניות (20%) מנוטרלת מט""ח חודשי",עד 20% מניות,,"אג""ח בארץ משולבת",2026-02-28,52190000.0,מיטב,,True,False,0.006500000000000001,0.0,3392.3500000000004,0.006500000000000001,3392.3500000000004,0
5118740,"תכלית TTF ת""א 90",Mid Cap,,מניות בארץ,2026-02-28,635860000.0,מיטב,,True,False,0.0,0.0,0.0,0.0,0.0,0
5118757,תכלית TTF תל בונד צמודות-בנקים ללא COCO,בריבית קבועה,,"אג""ח בארץ- חברות והמרה",2026-02-28,56080000.0,מיטב,,True,False,0.002,0.0,1121.6000000000001,0.002,1121.6000000000001,0
5118765,טרגט 10/90,"אג""ח כללי בארץ- עד 10% מניות ללא סימן קריאה",,"אג""ח בארץ - כללי",2026-02-28,83200000.0,איילון,טרגט,False,False,0.0055000000000000005,0.0035,4576.000000000001,0.0020000000000000005,1664.0000000000005,0
5118773,"טרגט אג""ח חברות (!) ללא מניות",חברות והמרה ללא מניות עם סימן קריאה,,"אג""ח בארץ- חברות והמרה",2026-02-28,41560000.0,איילון,טרגט,False,False,0.0055000000000000005,0.0035,2285.8,0.0020000000000000005,831.2000000000002,0
5118781,"קסם Morningstar Wide Moat Focus KTF מנוטרלת מט""ח",אמריקה- כללי,,"מניות בחו""ל",2026-02-28,311610000.0,קסם,,True,False,0.008,0.0,24928.800000000003,0.008,24928.800000000003,0
5118799,מגדל עוקבת תיק 3 הבנק הבינלאומי,"אג""ח כללי בארץ- עד 30% מניות",,"אג""ח בארץ - כללי",2026-02-28,209760000.0,מגדל,,False,False,0.0069,0.0035,14473.439999999999,0.0034,7131.84,0
5118815,קסם אקטיב (!) מבחר קונצרני + 10%,חברות והמרה עם מניות ועם סימן קריאה,,"אג""ח בארץ- חברות והמרה",2026-02-28,90400000.0,קסם,,False,False,0.0083,0.0035,7503.2,0.0048000000000000004,4339.2,0
5118849,הראל מניות ישראל Large & Mid Cap,מניות Large & Mid Cap,,מניות בארץ,2026-02-28,240770000.0,הראל,,False,False,0.0195,0.0035,46950.15,0.016,38523.200000000004,0
5118872,"קסם אקטיב סקטורים חו""ל - מנוטרלת מט""ח","מניות לפי ענפים בחו""ל",,"מניות בחו""ל",2026-02-28,70160000.0,קסם,,False,False,0.0155,0.0035,10874.8,0.012,8419.2,0
5118880,קסם אקטיב קונצרני צמוד דולר פלוס,חברות והמרה ללא מניות וללא סימן קריאה,,"אג""ח בארץ- חברות והמרה",2026-02-28,25440000.0,קסם,,False,False,0.0078000000000000005,0.0035,1984.32,0.0043,1093.92,0
5118898,קסם אקטיב מניות ישראל Buy Side,מניות All Cap,,מניות בארץ,2026-02-28,127900000.0,קסם,,False,False,0.0161,0.0035,20591.9,0.0126,16115.4,0
5118930,מיטב מניות ESG ישראל,מניות All Cap,,מניות בארץ,2026-02-28,264959999.99999997,מיטב,,False,False,0.015,0.0035,39743.99999999999,0.0115,30470.399999999998,0
5118948,הורייזן 30/70,"אג""ח כללי בארץ- עד 30% מניות",,"אג""ח בארץ - כללי",2026-02-28,317520000.0,איילון,הורייזן,False,False,0.009000000000000001,0.0035,28576.800000000003,0.005500000000000001,17463.600000000006,0
5118955,הורייזן 20/80,"אג""ח כללי בארץ- עד 20% מניות",,"אג""ח בארץ - כללי",2026-02-28,261459999.99999997,איילון,הורייזן,False,False,0.009000000000000001,0.0035,23531.399999999998,0.005500000000000001,14380.300000000003,0
5118963,אנליסט פיזור רחב 10/90,"אג""ח כללי בארץ- עד 10% מניות ללא סימן קריאה",,"אג""ח בארץ - כללי",2026-02-28,291020000.0,אנליסט,,False,False,0.0076,0.0035,22117.52,0.0040999999999999995,11931.819999999998,0
5118997,"MTF מחקה ת""א SME60",Mid  & Small Cap,,מניות בארץ,2026-02-28,210870000.0,מגדל,,True,False,0.005,0.0,10543.5,0.005,10543.5,0
5119003,"קסם אקטיב מניות ארה""ב","ארה""ב חשופת מט""ח",,"מניות בחו""ל",2026-02-28,171340000.0,קסם,,False,False,0.0161,0.0035,27585.74,0.0126,21588.84,0
5119060,ילין לפידות 5/95,"אג""ח כללי בארץ- עד 5% מניות",,"אג""ח בארץ - כללי",2026-02-28,70230000.0,ילין לפידות,,False,False,0.0054,0.0035,3792.4200000000005,0.0019000000000000002,1334.3700000000001,0
5119078,מור מדינה + 10%,"אג""ח מדינה כללי- עד 10% מניות",,"אג""ח בארץ- מדינה",2026-02-28,356880000.0,מור,,False,False,0.0059,0.0035,21055.92,0.0024,8565.119999999999,0
5119086,"מור תיק אג""ח + 30%","אג""ח כללי בארץ- עד 30% מניות",,"אג""ח בארץ - כללי",2026-02-28,946930000.0,מור,,False,False,0.0076,0.0035,71966.68000000001,0.0040999999999999995,38824.13,0
5119144,"אנליסט מניות חו""ל","מניות כללי בחו""ל חשופת מט""ח",,"מניות בחו""ל",2026-02-28,28570000.0,אנליסט,,False,False,0.024,0.0035,6856.8,0.0205,5856.849999999999,0
5119151,MTF מחקה תל בונד מאגר,"אג""ח חברות שקלי וצמוד",,"אג""ח בארץ- חברות והמרה",2026-02-28,162960000.0,מגדל,,True,False,0.0017000000000000001,0.0,2770.32,0.0017000000000000001,2770.32,0
5119177,מור מחקה תל בונד מאגר,אחר,,"אג""ח בארץ- חברות והמרה",2026-02-28,45120000.0,מור,,True,False,0.0025,0.0,1128.0,0.0025,1128.0,0
5119185,"איביאי מחקה משולבת מניות ארה""ב חודשי מנוטרלת מט""ח","מניות בחו""ל קרן משולבת",,"מניות בחו""ל",2026-02-28,365490000.0,אי.בי.אי,,True,False,0.005,0.0,18274.5,0.005,18274.5,0
5119201,"אלטשולר שחם מחקה Low Volatility ת""א 125 A.B SmartBeta",Large & Mid Cap,,מניות בארץ,2026-02-28,270660000.0,אלטשולר שחם,,True,False,0.008,0.0,21652.800000000003,0.008,21652.800000000003,0
5119219,"אלטשולר שחם מחקה מולטי פקטור ת""א 125 A.B SmartBeta",Large & Mid Cap,,מניות בארץ,2026-02-28,591590000.0,אלטשולר שחם,,True,False,0.008,0.0,47327.200000000004,0.008,47327.200000000004,0
5119227,"אלטשולר שחם מחקה SmartBeta משולבת אג""ח (90%) ומניות (10%) חודשי",עד 10% מניות,,"אג""ח בארץ משולבת",2026-02-28,15580000.0,אלטשולר שחם,,True,False,0.0055000000000000005,0.0,856.9000000000001,0.0055000000000000005,856.9000000000001,0
5119235,אלטשולר שחם מחקה מומנטום קונצרני (-A) ומעלה A.B SmartBeta,"אג""ח חברות שקלי וצמוד",,"אג""ח בארץ- חברות והמרה",2026-02-28,12760000.0,אלטשולר שחם,,True,False,0.005,0.0,638.0,0.005,638.0,0
5119243,ילין לפידות (!) 10/90 צמיחה,"אג""ח כללי בארץ- עד 10% מניות ועם סימן קריאה",,"אג""ח בארץ - כללי",2026-02-28,1023300000.0,ילין לפידות,,False,False,0.0079,0.0035,80840.70000000001,0.004400000000000001,45025.20000000001,0
5119318,איביאי מחקה MSCI Emerging Markets,גלובלי- שווקים מתעוררים,,"מניות בחו""ל",2026-02-28,122590000.0,אי.בי.אי,,True,False,0.008,0.0,9807.2,0.008,9807.2,0
5119359,מיטב 5/95,"אג""ח כללי בארץ- עד 5% מניות",,"אג""ח בארץ - כללי",2026-02-28,37890000.0,מיטב,,False,False,0.005600000000000001,0.0035,2121.84,0.0021000000000000007,795.6900000000004,0
5119367,"מיטב אג""ח פלוס","אג""ח כללי בארץ- עד 10% מניות ללא סימן קריאה",,"אג""ח בארץ - כללי",2026-02-28,75180000.0,מיטב,,False,False,0.0069,0.0035,5187.42,0.0034,2556.12,0
5119375,תכלית TTF תל גוב-שקלי 5+,ריבית קבועה - ארוך,,"אג""ח בארץ- מדינה",2026-02-28,164610000.0,מיטב,,True,False,0.0,0.0,0.0,0.0,0.0,0
5119383,תכלית TTF תל גוב-צמודות 5-10,צמודות מדד ממשלתיות - ארוך,,"אג""ח בארץ- מדינה",2026-02-28,83740000.0,מיטב,,True,False,0.0,0.0,0.0,0.0,0.0,0
5119409,הראל כספית שקלית,כספית שקלית עם קונצרני,,קרן כספית,2026-02-28,4339340000.0,הראל,,False,False,0.0019,0.001,82447.46,0.0009,39054.06,1
5119417,איביאי 15/85,"אג""ח כללי בארץ- עד 15% מניות",,"אג""ח בארץ - כללי",2026-02-28,402910000.0,אי.בי.אי,,False,False,0.0079,0.0035,31829.890000000003,0.004400000000000001,17728.040000000005,0
5119425,"איביאי (!) אג""ח חברות",חברות והמרה ללא מניות עם סימן קריאה,,"אג""ח בארץ- חברות והמרה",2026-02-28,537550000.0,אי.בי.אי,,False,False,0.0089,0.0035,47841.95,0.0054,29027.700000000004,0
5119441,"הראל תיק אג""ח קונצרני - כשרה","חברות והמרה ללא מניות וללא סימן קריאה, עם מגבלת מח""מ עד 5 שנים",,"אג""ח בארץ- חברות והמרה",2026-02-28,408820000.0,הראל,,False,False,0.011000000000000001,0.0035,44970.200000000004,0.0075000000000000015,30661.500000000007,0
5119458,"הראל (!) תיק אג""ח כללי - כשרה","אג""ח כללי בארץ ללא מניות עם סימן קריאה",,"אג""ח בארץ - כללי",2026-02-28,490630000.0,הראל,,False,False,0.011399999999999999,0.0035,55931.82,0.007899999999999999,38759.77,0
5119466,מור מניות ישראל,מניות All Cap,,מניות בארץ,2026-02-28,2503650000.0,מור,,False,False,0.0169,0.0035,423116.85,0.013399999999999999,335489.0999999999,0
5119508,ילין לפידות מניות צמיחה,מניות All Cap,,מניות בארץ,2026-02-28,471340000.0,ילין לפידות,,False,False,0.018000000000000002,0.0035,84841.20000000001,0.014500000000000002,68344.30000000002,0
5119607,"אנליסט אג""ח מדינה עד 5 שנים ללא מניות","אג""ח מדינה כללי- ללא מניות",,"אג""ח בארץ- מדינה",2026-02-28,204600000.0,אנליסט,,False,False,0.0062,0.0035,12685.2,0.0026999999999999997,5524.199999999999,0
5119615,"MTF מחקה משולבת אג""ח ישראל (85%) מניות (15%) חודשי מנוטרלת מט""ח",עד 20% מניות,,"אג""ח בארץ משולבת",2026-02-28,17400000.0,מגדל,,True,False,0.0049,0.0,852.6,0.0049,852.6,0
5119623,"MTF מחקה משולבת ממשלתי (90%) מניות (10%) חודשי מנוטרלת מט""ח","אג""ח מדינה משולבת - עד 10% מניות",,"אג""ח בארץ- מדינה",2026-02-28,15350000.0,מגדל,,True,False,0.0049,0.0,752.15,0.0049,752.15,0
5119664,קסם אקטיב ממשלתי צמוד בינוני,"אג""ח מדינה צמוד מדד- ללא מניות",,"אג""ח בארץ- מדינה",2026-02-28,789080000.0,קסם,,False,False,0.0064,0.0035,50501.119999999995,0.0029000000000000002,22883.320000000003,0
5119672,"אנליסט (!) אג""ח פיזור רחב ללא מניות","אג""ח כללי בארץ ללא מניות עם סימן קריאה",,"אג""ח בארץ - כללי",2026-02-28,72330000.0,אנליסט,,False,False,0.006500000000000001,0.0035,4701.450000000001,0.0030000000000000005,2169.9,0
5119706,"איביאי מחקה משולבת אג""ח (90%) מניות (10%) חודשי",עד 10% מניות,,"אג""ח בארץ משולבת",2026-02-28,62900000.0,אי.בי.אי,,True,False,0.005,0.0,3145.0,0.005,3145.0,0
5119730,"קסם אקטיב ספיר חו""ל 30/70 - נקובה $","אג""ח נקובת מט""ח",,"אג""ח בחו""ל",2026-02-28,295920000.0,קסם,,False,False,0.0079,0.0035,23377.680000000004,0.004400000000000001,13020.480000000003,0
5119763,הראל מחקה משולבת מדינה (90%) מניות ישראל-חול (10%) חודשי,"אג""ח מדינה משולבת - עד 10% מניות",,"אג""ח בארץ- מדינה",2026-02-28,24040000.0,הראל,,True,False,0.003,0.0,721.2,0.003,721.2,0
5119813,מור כספית,כספית שקלית עם קונצרני,,קרן כספית,2026-02-28,4484530000.0,מור,,False,False,0.0024,0.001,107628.71999999999,0.0013999999999999998,62783.41999999999,1
5119821,מור 15/85,"אג""ח כללי בארץ- עד 15% מניות",,"אג""ח בארץ - כללי",2026-02-28,910750000.0,מור,,False,False,0.0073,0.0035,66484.75,0.0038,34608.5,0
5119839,"איביאי (!) אג""ח חו""ל מנוטרלת מט""ח","אג""ח מוגנת מט""ח",,"אג""ח בחו""ל",2026-02-28,22430000.0,אי.בי.אי,,False,False,0.006999999999999999,0.0035,1570.1,0.003499999999999999,785.0499999999997,0
5119854,פרופאונד מנייתית,מניות All Cap,,מניות בארץ,2026-02-28,761020000.0,איילון,פרופאונד,False,False,0.018500000000000003,0.0035,140788.7,0.015000000000000003,114153.00000000003,0
5119862,"דיאמונד אג""ח ללא מניות אור החיים","אג""ח כללי בארץ ללא מניות וללא סימן קריאה",,"אג""ח בארץ - כללי",2026-02-28,695190000.0,איילון,דיאמונד,False,False,0.0079,0.0035,54920.01000000001,0.004400000000000001,30588.360000000008,0
5119904,"אי בי אי מחקה משולבת אג""ח ישראל (100%) חודשי",ללא מניות,,"אג""ח בארץ משולבת",2026-02-28,52400000.0,אי.בי.אי,,True,False,0.005,0.0,2620.0,0.005,2620.0,0
5119953,ילין לפידות A ומעלה עד 4 שנים,"חברות והמרה ללא מניות וללא סימן קריאה, עם מגבלת מח""מ עד 5 שנים",,"אג""ח בארץ- חברות והמרה",2026-02-28,746740000.0,ילין לפידות,,False,False,0.0076,0.0035,56752.240000000005,0.0040999999999999995,30616.339999999997,0
5119961,"ילין לפידות (!) אג""ח חו""ל","אג""ח חשופת מט""ח",,"אג""ח בחו""ל",2026-02-28,82040000.0,ילין לפידות,,False,False,0.0079,0.0035,6481.160000000001,0.004400000000000001,3609.760000000001,0
5119979,אושן יצירה 10/90,"אג""ח כללי בארץ- עד 10% מניות ללא סימן קריאה",,"אג""ח בארץ - כללי",2026-02-28,99070000.0,סיגמא,אושן פרטנרס,False,False,0.0074,0.0035,7331.180000000001,0.0039000000000000003,3863.73,0
5119987,אושן יצירה תיק מניות,מניות All Cap,,מניות בארץ,2026-02-28,73290000.0,סיגמא,אושן פרטנרס,False,False,0.018500000000000003,0.0035,13558.650000000001,0.015000000000000003,10993.500000000004,0
5119995,אושן יצירה גמישה,גמישות,,גמישות,2026-02-28,33980000.0,סיגמא,אושן פרטנרס,False,False,0.018500000000000003,0.0035,6286.300000000001,0.015000000000000003,5097.000000000002,0
5120001,"אושן יצירה (!) תיק אג""ח ללא מניות","אג""ח כללי בארץ ללא מניות עם סימן קריאה",,"אג""ח בארץ - כללי",2026-02-28,242940000.0,סיגמא,אושן פרטנרס,False,False,0.008,0.0035,19435.2,0.0045000000000000005,10932.300000000001,0
5120068,"ילין לפידות (!) אג""ח קונצרני",חברות והמרה ללא מניות עם סימן קריאה,,"אג""ח בארץ- חברות והמרה",2026-02-28,1136980000.0,ילין לפידות,,False,False,0.0089,0.0035,101191.22,0.0054,61396.920000000006,0
5120126,"ילין לפידות 10/90 תיק אג""ח חו""ל ומניות","אג""ח חשופת מט""ח",,"אג""ח בחו""ל",2026-02-28,387920000.0,ילין לפידות,,False,False,0.0079,0.0035,30645.680000000004,0.004400000000000001,17068.480000000003,0
5120225,אימפקט מניות,מניות All Cap,,מניות בארץ,2026-02-28,88580000.0,איילון,אימפקט,False,False,0.016,0.0035,14172.800000000001,0.0125,11072.5,0
5120282,"איביאי מחקה Solactive נדל""ן מניב ישראל","נדל""ן ובנייה",,מניות בארץ,2026-02-28,131639999.99999999,אי.בי.אי,,True,False,0.008,0.0,10531.199999999999,0.008,10531.199999999999,0
5120340,הראל עוקבת מרכיב נזילות - הבנק הבינלאומי,"חברות והמרה ללא מניות וללא סימן קריאה, עם מגבלת מח""מ עד 5 שנים",,"אג""ח בארץ- חברות והמרה",2026-02-28,36700000.0,הראל,,False,False,0.0049,0.0035,1798.3,0.0013999999999999998,513.8,0
5120381,"איילון (!) אג""ח ללא מניות","אג""ח כללי בארץ ללא מניות עם סימן קריאה",,"אג""ח בארץ - כללי",2026-02-28,42170000.0,איילון,,False,False,0.0068000000000000005,0.0035,2867.56,0.0033000000000000004,1391.6100000000001,0
5120423,מגדל תיק 10/90,"אג""ח כללי בארץ- עד 10% מניות ללא סימן קריאה",,"אג""ח בארץ - כללי",2026-02-28,604670000.0,מגדל,,False,False,0.0079,0.0035,47768.93000000001,0.004400000000000001,26605.480000000007,0
5120464,"תמיר פישמן אג""ח חו""ל בריבית משתנה","אג""ח חשופת מט""ח",,"אג""ח בחו""ל",2026-02-28,52670000.0,תמיר פישמן,,False,False,0.0085,0.0035,4476.950000000001,0.005000000000000001,2633.5000000000005,0
5120514,"מגדל אפיקים חו""ל","מניות כללי בחו""ל חשופת מט""ח",,"מניות בחו""ל",2026-02-28,63640000.0,מגדל,,False,False,0.0297,0.0035,18901.08,0.0262,16673.68,0
5120522,תמיר פישמן מניות,מניות All Cap,,מניות בארץ,2026-02-28,2467490000.0,תמיר פישמן,,False,False,0.0179,0.0035,441680.70999999996,0.0144,355318.56,0
5120563,אי בי אי מחקה All-Bond-ריבית משתנה שקלי,בריבית  משתנה,,"אג""ח בארץ- חברות והמרה",2026-02-28,16260000.000000002,אי.בי.אי,,True,False,0.002,0.0,325.20000000000005,0.002,325.20000000000005,0
5120613,סיגמא מניות ישראל,מניות All Cap,,מניות בארץ,2026-02-28,1636880000.0,סיגמא,,False,False,0.0159,0.0035,260263.92,0.012400000000000001,202973.12,0
5120647,איביאי מדינה פלוס A ומעלה,"אג""ח מדינה כללי- ללא מניות",,"אג""ח בארץ- מדינה",2026-02-28,910310000.0,אי.בי.אי,,False,False,0.006999999999999999,0.0035,63721.7,0.003499999999999999,31860.84999999999,0
5120662,"איביאי (!) תיק אג""ח + 10%","אג""ח כללי בארץ- עד 10% מניות ועם סימן קריאה",,"אג""ח בארץ - כללי",2026-02-28,797770000.0,אי.בי.אי,,False,False,0.0069,0.0035,55046.13,0.0034,27124.18,0
5120704,"סיגמא (!) תיק אג""ח ללא מניות","אג""ח כללי בארץ ללא מניות עם סימן קריאה",,"אג""ח בארץ - כללי",2026-02-28,71270000.0,סיגמא,,False,False,0.0076,0.0035,5416.52,0.0040999999999999995,2922.0699999999997,0
5120720,"סיגמא (!) תיק אג""ח + 10%","אג""ח כללי בארץ- עד 10% מניות ועם סימן קריאה",,"אג""ח בארץ - כללי",2026-02-28,63300000.0,סיגמא,,False,False,0.0079,0.0035,5000.700000000001,0.004400000000000001,2785.2000000000007,0
5120738,מיטב (!) שקלי קונצרני עד 4 שנים,חברות והמרה שקלי ללא מניות,,"אג""ח בארץ- חברות והמרה",2026-02-28,53860000.0,מיטב,,False,False,0.0062,0.0035,3339.32,0.0026999999999999997,1454.2199999999998,0
5120779,"הראל השקעות ת""א Large & Mid Cap",מניות Large & Mid Cap,,מניות בארץ,2026-02-28,62590000.0,הראל,,False,False,0.013999999999999999,0.0035,8762.599999999999,0.010499999999999999,6571.95,0
5120795,אנליסט גמישה,גמישות,,גמישות,2026-02-28,383620000.0,אנליסט,,False,False,0.019299999999999998,0.0035,74038.65999999999,0.015799999999999998,60611.96,0
5120811,אנליסט מניות,מניות All Cap,,מניות בארץ,2026-02-28,416220000.0,אנליסט,,False,False,0.020499999999999997,0.0035,85325.09999999999,0.016999999999999998,70757.4,0
5120837,אנליסט תעשיות,מניות לפי ענפים,,מניות בארץ,2026-02-28,130759999.99999999,אנליסט,,False,False,0.020499999999999997,0.0035,26805.799999999992,0.016999999999999998,22229.199999999997,0
5120852,אנליסט כספית שקלית,כספית שקלית עם קונצרני,,קרן כספית,2026-02-28,5733790000.0,אנליסט,,False,False,0.00169,0.001,96901.051,0.0006900000000000001,39563.151000000005,1
5120886,מיטב סולידית,"אג""ח כללי בארץ בדירוג גבוה בלבד (AA ומעלה ו/ או מדינה)",,"אג""ח בארץ - כללי",2026-02-28,481840000.0,מיטב,,False,False,0.0079,0.0035,38065.36000000001,0.004400000000000001,21200.960000000006,0
5120894,"אנליסט אג""ח חברות + 30%",חברות והמרה עם מניות ללא סימן קריאה,,"אג""ח בארץ- חברות והמרה",2026-02-28,28050000.0,אנליסט,,False,False,0.019,0.0035,5329.499999999999,0.0155,4347.75,0
5120902,"מיטב עוקבת תיק 2 חו""ל הבנק הבינלאומי","אג""ח חשופת מט""ח",,"אג""ח בחו""ל",2026-02-28,97830000.0,מיטב,,False,False,0.0069,0.0035,6750.2699999999995,0.0034,3326.22,0
5120910,"אנליסט אג""ח מדינה + 10%","אג""ח מדינה כללי- עד 10% מניות",,"אג""ח בארץ- מדינה",2026-02-28,31540000.0,אנליסט,,False,False,0.0059,0.0035,1860.86,0.0024,756.9599999999999,0
5120951,אזימוט 25/75,"אג""ח כללי בארץ- עד 25% מניות",,"אג""ח בארץ - כללי",2026-02-28,16450000.0,איילון,אזימוטליין,False,False,0.0075,0.0035,1233.75,0.004,658.0,0
5120977,"ילין לפידות מניות חו""ל","מניות כללי בחו""ל חשופת מט""ח",,"מניות בחו""ל",2026-02-28,496980000.0,ילין לפידות,,False,False,0.017,0.0035,84486.6,0.013500000000000002,67092.30000000002,0
5120993,"קסם אקטיב אג""ח חו""ל מנוטרלת מט""ח","אג""ח מוגנת מט""ח",,"אג""ח בחו""ל",2026-02-28,180810000.0,קסם,,False,False,0.0075,0.0035,13560.749999999998,0.004,7232.400000000001,0
5121025,קסם KTFי All-Bond ריבית משתנה שקלי,"אג""ח בארץ כללי",,"אג""ח בארץ כללי",2026-02-28,18800000.0,קסם,,True,False,0.0034999999999999996,0.0,657.9999999999999,0.0034999999999999996,657.9999999999999,0
5121058,קסם אקטיב כספית דולר מגמת ריבית,חשופת דולר,,קרן כספית,2026-02-28,160590000.0,קסם,,False,False,0.0019,0.001,3051.21,0.0009,1445.31,1
5121090,מור מדדית מדינה + 20%,"אג""ח מדינה כללי- עד 20% מניות",,"אג""ח בארץ- מדינה",2026-02-28,408040000.0,מור,,False,False,0.006500000000000001,0.0035,26522.600000000002,0.0030000000000000005,12241.200000000003,0
5121132,קסם Bluestar Israel Global Technology KTF,Technology,,"מניות בחו""ל",2026-02-28,17030000.0,קסם,,True,False,0.008,0.0,1362.4,0.008,1362.4,0
5121140,אנליסט כספית,כספית שקלית עם קונצרני,,קרן כספית,2026-02-28,5657690000.0,אנליסט,,False,False,0.00215,0.001,121640.335,0.00115,65063.435,1
5121181,"ילין לפידות 10/90 תיק אג""ח חו""ל ומניות עד 30% מט""ח","אג""ח מוגנת מט""ח",,"אג""ח בחו""ל",2026-02-28,28420000.0,ילין לפידות,,False,False,0.006999999999999999,0.0035,1989.3999999999999,0.003499999999999999,994.6999999999997,0
5121207,"MTF מחקה iBoxx US Liquid Investment Grade Top 30 מנוטרלת מט""ח","חברות והמרה  מנוטרלת מט""ח",,"אג""ח בחו""ל",2026-02-28,455210000.0,מגדל,,True,False,0.0025,0.0,11380.25,0.0025,11380.25,0
5121223,קסם KTF (!) תל בונד תשואות שקל,בריבית קבועה,,"אג""ח בארץ- חברות והמרה",2026-02-28,29120000.0,קסם,,True,False,0.0025,0.0,728.0,0.0025,728.0,0
5121249,"מור 10/90 תיק אג""ח חו""ל","אג""ח חשופת מט""ח",,"אג""ח בחו""ל",2026-02-28,215540000.0,מור,,False,False,0.0084,0.0035,18105.36,0.0049,10561.46,0
5121272,מיטב מדינה,"אג""ח מדינה כללי- ללא מניות",,"אג""ח בארץ- מדינה",2026-02-28,526059999.99999994,מיטב,,False,False,0.0069,0.0035,36298.13999999999,0.0034,17886.039999999997,0
5121306,"אלטשולר שחם מחקה SmartBeta משולבת ת""א Large Cap חודשי",מניות בארץ קרן משולבת,,מניות בארץ,2026-02-28,83930000.0,אלטשולר שחם,,True,False,0.008,0.0,6714.400000000001,0.008,6714.400000000001,0
5121322,"תכלית TTF משולבת סל מניות חו""ל חודשי","מניות בחו""ל קרן משולבת",,"מניות בחו""ל",2026-02-28,77440000.0,מיטב,,True,False,0.006999999999999999,0.0,5420.799999999999,0.006999999999999999,5420.799999999999,0
5121330,"קסם אקטיב ספיר תיק אג""ח ומניות חו""ל","אג""ח חשופת מט""ח",,"אג""ח בחו""ל",2026-02-28,131139999.99999999,קסם,,False,False,0.0075,0.0035,9835.499999999998,0.004,5245.599999999999,0
5121363,אלפי בנדק 20/80,"אג""ח כללי בארץ- עד 20% מניות",,"אג""ח בארץ - כללי",2026-02-28,39110000.0,הראל,אלפי בנדק,False,False,0.0079,0.0035,3089.6900000000005,0.004400000000000001,1720.8400000000004,0
5121405,MTF מחקה משולבת תל גוב-צמודות 2-5 (60%) קונצרני צמוד (40%) חודשי,ללא מניות,,"אג""ח בארץ משולבת",2026-02-28,44980000.0,מגדל,,True,False,0.0039000000000000003,0.0,1754.22,0.0039000000000000003,1754.22,0
5121413,MTF מחקה משולבת ממשלתיות (60%) קונצרני ישראלי (40%) חודשי,ללא מניות,,"אג""ח בארץ משולבת",2026-02-28,30230000.0,מגדל,,True,False,0.0039000000000000003,0.0,1178.97,0.0039000000000000003,1178.97,0
5121439,קסם אקטיב 20/80,"אג""ח כללי בארץ- עד 20% מניות",,"אג""ח בארץ - כללי",2026-02-28,379170000.0,קסם,,False,False,0.0075,0.0035,28437.749999999996,0.004,15166.800000000001,0
5121470,"איביאי מחקה DAX מנוטרלת מט""ח",אירופה- שווקים מפותחים,,"מניות בחו""ל",2026-02-28,38390000.0,אי.בי.אי,,True,False,0.004,0.0,1535.6000000000001,0.004,1535.6000000000001,0
5121504,"MTF מחקה משולבת אג""ח ישראל (75%) מניות (25%) חודשי מנוטרלת מט""ח",עד 30% מניות,,"אג""ח בארץ משולבת",2026-02-28,16320000.0,מגדל,,True,False,0.0049,0.0,799.68,0.0049,799.68,0
5121587,מור 10/90,"אג""ח כללי בארץ- עד 10% מניות ללא סימן קריאה",,"אג""ח בארץ - כללי",2026-02-28,2303920000.0,מור,,False,False,0.0078000000000000005,0.0035,179705.76,0.0043,99068.56,0
5121686,MTF מחקה תל גוב-צמודות 2-5,צמודות מדד ממשלתיות - בינוני,,"אג""ח בארץ- מדינה",2026-02-28,177080000.0,מגדל,,True,False,0.0015,0.0,2656.2000000000003,0.0015,2656.2000000000003,0
5121694,"מיטב (!) 10/90 תיק אג""ח חו""ל עד 30% מט""ח","אג""ח מוגנת מט""ח",,"אג""ח בחו""ל",2026-02-28,1170500000.0,מיטב,,False,False,0.006500000000000001,0.0035,76082.50000000001,0.0030000000000000005,35115.00000000001,0
5121710,"ילין לפידות (!) אג""ח חו""ל נקוב $","אג""ח נקובת מט""ח",,"אג""ח בחו""ל",2026-02-28,171630000.0,ילין לפידות,,False,False,0.0079,0.0035,13558.770000000002,0.004400000000000001,7551.720000000002,0
5121728,ילין לפידות 30/70,"אג""ח כללי בארץ- עד 30% מניות",,"אג""ח בארץ - כללי",2026-02-28,1396770000.0,ילין לפידות,,False,False,0.0079,0.0035,110344.83000000002,0.004400000000000001,61457.88000000002,0
5121736,"מיטב מניות חו""ל עד 30% מט""ח","מניות כללי בחו""ל מוגנת מט""ח",,"מניות בחו""ל",2026-02-28,166580000.0,מיטב,,False,False,0.0149,0.0035,24820.42,0.0114,18990.120000000003,0
5121777,"אנליסט (!) אג""ח חו""ל ללא מניות מנוטרלת מט""ח","אג""ח מוגנת מט""ח",,"אג""ח בחו""ל",2026-02-28,55350000.0,אנליסט,,False,False,0.0079,0.0035,4372.650000000001,0.004400000000000001,2435.4000000000005,0
5121801,"הראל מחקה משולבת אג''ח ישראל (75%) מניות ישראל-חול (25%) חודשי מנוטרלת מט""ח",עד 30% מניות,,"אג""ח בארץ משולבת",2026-02-28,80240000.0,הראל,,True,False,0.0,0.0,0.0,0.0,0.0,0
5121819,הראל מחקה משולבת ממשלתיות חודשי,"אג""ח מדינה משולבת - ללא מניות",,"אג""ח בארץ- מדינה",2026-02-28,23290000.0,הראל,,True,False,0.002,0.0,465.8,0.002,465.8,0
5121835,הראל מחקה תל בונד 60 צמודות,בריבית קבועה,,"אג""ח בארץ- חברות והמרה",2026-02-28,618340000.0,הראל,,True,False,0.002,0.0,12366.800000000001,0.002,12366.800000000001,0
5121843,MTF מחקה STOXX Europe 600,אירופה- כללי,,"מניות בחו""ל",2026-02-28,55370000.0,מגדל,,True,False,0.002,0.0,1107.4,0.002,1107.4,0
5121868,סיגמא מניות דיבידנד אירופה,"מניות גיאוגרפי אחר חשופת מט""ח",,"מניות בחו""ל",2026-02-28,52480000.0,סיגמא,,False,False,0.0169,0.0035,8869.119999999999,0.013399999999999999,7032.319999999999,0
5121892,"איביאי מחקה S&P Financial מנוטרלת מט""ח",Financial,,"מניות בחו""ל",2026-02-28,48220000.0,אי.בי.אי,,True,False,0.004,0.0,1928.8000000000002,0.004,1928.8000000000002,0
5121983,"MTF מחקה משולבת DAXי (50%) STOXX Europe 600י (50%) חודשי מנוטרלת מט""ח","מניות בחו""ל קרן משולבת",,"מניות בחו""ל",2026-02-28,13100000.0,מגדל,,True,False,0.005,0.0,655.0,0.005,655.0,0
5122031,קסם אקטיב מדינה שקלי עד שנתיים,"אג""ח מדינה שקליות- ללא מניות",,"אג""ח בארץ- מדינה",2026-02-28,103110000.0,קסם,,False,False,0.0044,0.0035,4536.84,0.0009000000000000002,927.9900000000002,0
5122056,קסם אקטיב ספיר 30/70,"אג""ח כללי בארץ- עד 30% מניות",,"אג""ח בארץ - כללי",2026-02-28,161120000.0,קסם,,False,False,0.0058,0.0035,9344.96,0.0022999999999999995,3705.7599999999993,0
5122064,קסם אקטיב ספיר גמישה,גמישות,,גמישות,2026-02-28,110570000.0,קסם,,False,False,0.002,0.0035,2211.4,-0.0015,-1658.55,0
5122080,"אלטשולר שחם ת""א 125",מניות Large & Mid Cap,,מניות בארץ,2026-02-28,221020000.0,אלטשולר שחם,,False,False,0.015,0.0035,33153.0,0.0115,25417.3,0
5122098,"מור מחקה NASDAQ 100 מנוטרלת מט""ח",אמריקה- שווקים מפותחים,,"מניות בחו""ל",2026-02-28,200070000.0,מור,,True,False,0.005,0.0,10003.5,0.005,10003.5,0
5122114,הראל לשם,גמישות,,גמישות,2026-02-28,95980000.0,הראל,,False,False,0.002,0.0035,1919.6000000000001,-0.0015,-1439.7,0
5122122,אלטשולר שחם מחקה ממשלתי A.B SmartBeta,"אג""ח מדינה - אחר",,"אג""ח בארץ- מדינה",2026-02-28,4230000.0,אלטשולר שחם,,True,False,0.0045000000000000005,0.0,190.35000000000002,0.0045000000000000005,190.35000000000002,0
5122163,"MTF מחקה STOXX Europe 600 מנוטרלת מט""ח",אירופה- כללי,,"מניות בחו""ל",2026-02-28,110080000.0,מגדל,,True,False,0.0,0.0,0.0,0.0,0.0,0
5122221,ילין לפידות קונצרני + 10%,חברות והמרה עם מניות ללא סימן קריאה,,"אג""ח בארץ- חברות והמרה",2026-02-28,486440000.0,ילין לפידות,,False,False,0.0079,0.0035,38428.76,0.004400000000000001,21403.360000000004,0
5122239,ילין לפידות 20/80 צמיחה,"אג""ח כללי בארץ- עד 20% מניות",,"אג""ח בארץ - כללי",2026-02-28,585050000.0,ילין לפידות,,False,False,0.0084,0.0035,49144.2,0.0049,28667.45,0
5122247,גביש 20/80,"אג""ח כללי בארץ- עד 20% מניות",,"אג""ח בארץ - כללי",2026-02-28,72480000.0,סיגמא,גביש פיננסים,False,False,0.0079,0.0035,5725.920000000001,0.004400000000000001,3189.120000000001,0
5122262,MTF מחקה תל בונד 60 צמודות,בריבית קבועה,,"אג""ח בארץ- חברות והמרה",2026-02-28,289570000.0,מגדל,,True,False,0.0025,0.0,7239.25,0.0025,7239.25,0
5122288,"MTF מחקה משולבת ת""א 125 (70%) ת""א בנקים 5 (30%) חודשי",מניות בארץ קרן משולבת,,מניות בארץ,2026-02-28,450180000.0,מגדל,,True,False,0.005,0.0,22509.0,0.005,22509.0,0
5122304,מגדל תיק 20/80,"אג""ח כללי בארץ- עד 20% מניות",,"אג""ח בארץ - כללי",2026-02-28,767340000.0,מגדל,,False,False,0.0085,0.0035,65223.9,0.005000000000000001,38367.00000000001,0
5122320,MTF מחקה (!) תל בונד תשואות שקל,בריבית קבועה,,"אג""ח בארץ- חברות והמרה",2026-02-28,53000000.0,מגדל,,True,False,0.0015,0.0,795.0,0.0015,795.0,0
5122338,"קסם אקטיב ת""א Large & Mid Cap",מניות Large & Mid Cap,,מניות בארץ,2026-02-28,225330000.0,קסם,,False,False,0.0124,0.0035,27940.920000000002,0.0089,20054.37,0
5122379,מגדל תיק השקעות 10/90,"אג""ח כללי בארץ- עד 10% מניות ללא סימן קריאה",,"אג""ח בארץ - כללי",2026-02-28,471020000.0,מגדל,,False,False,0.0077,0.0035,36268.54,0.004200000000000001,19782.840000000004,0
5122395,מור מחקה (!) תל בונד תשואות שקל,בריבית קבועה,,"אג""ח בארץ- חברות והמרה",2026-02-28,39540000.0,מור,,True,False,0.002,0.0,790.8000000000001,0.002,790.8000000000001,0
5122411,"קבין מניות חו""ל","מניות כללי בחו""ל חשופת מט""ח",,"מניות בחו""ל",2026-02-28,93100000.0,איילון,קבין,False,False,0.017,0.0035,15827.000000000002,0.013500000000000002,12568.500000000002,0
5122460,אי בי אי מחקה אינדקס A מאוזן,"אג""ח חברות שקלי וצמוד",,"אג""ח בארץ- חברות והמרה",2026-02-28,216430000.0,אי.בי.אי,,True,False,0.003,0.0,6492.900000000001,0.003,6492.900000000001,0
5122478,אי בי אי מחקה אינדקס AA ומעלה מאוזן,"אג""ח חברות שקלי וצמוד",,"אג""ח בארץ- חברות והמרה",2026-02-28,471640000.0,אי.בי.אי,,True,False,0.003,0.0,14149.2,0.003,14149.2,0
5122494,איביאי 20/80,"אג""ח כללי בארץ- עד 20% מניות",,"אג""ח בארץ - כללי",2026-02-28,258040000.00000003,אי.בי.אי,,False,False,0.0079,0.0035,20385.160000000003,0.004400000000000001,11353.760000000004,0
5122502,איביאי 30/70,"אג""ח כללי בארץ- עד 30% מניות",,"אג""ח בארץ - כללי",2026-02-28,977880000.0,אי.בי.אי,,False,False,0.0089,0.0035,87031.31999999999,0.0054,52805.520000000004,0
5122510,"הראל מחקה ת""א 125",Large & Mid Cap,,מניות בארץ,2026-02-28,1377310000.0,הראל,,True,False,0.0,0.0,0.0,0.0,0.0,0
5122536,אלפא טק אירופה E.S.G,"מניות גיאוגרפי אחר חשופת מט""ח",,"מניות בחו""ל",2026-02-28,12170000.0,הראל,אלפא טק,False,False,0.0098,0.0035,1192.6599999999999,0.0063,766.71,0
5122551,הראל מחקה All-Bond ריבית משתנה שקלי,בריבית  משתנה,,"אג""ח בארץ- חברות והמרה",2026-02-28,17650000.0,הראל,,True,False,0.002,0.0,353.00000000000006,0.002,353.00000000000006,0
5122569,MTF מחקה MSCI World,גלובלי- שווקים מפותחים,,"מניות בחו""ל",2026-02-28,604830000.0,מגדל,,True,False,0.0025,0.0,15120.75,0.0025,15120.75,0
5122593,אזימוט 18/82 חי דיבידנד,"אג""ח כללי בארץ- עד 20% מניות",,"אג""ח בארץ - כללי",2026-02-28,34240000.0,איילון,אזימוטליין,False,False,0.0095,0.0035,3252.7999999999997,0.006,2054.4,0
5122601,מיטב 20/80,"אג""ח כללי בארץ- עד 20% מניות",,"אג""ח בארץ - כללי",2026-02-28,1024020000.0,מיטב,,False,False,0.0084,0.0035,86017.68,0.0049,50176.979999999996,0
5122619,מיטב מדינה צמודה,"אג""ח מדינה צמוד מדד- ללא מניות",,"אג""ח בארץ- מדינה",2026-02-28,212570000.0,מיטב,,False,False,0.0064,0.0035,13604.48,0.0029000000000000002,6164.530000000001,0
5122627,MTF מחקה S&P 500,אמריקה- שווקים מפותחים,,"מניות בחו""ל",2026-02-28,2030290000.0,מגדל,,True,False,0.0,0.0,0.0,0.0,0.0,0
5122635,MTF מחקה (!) תל בונד תשואות צמודות,בריבית קבועה,,"אג""ח בארץ- חברות והמרה",2026-02-28,199930000.0,מגדל,,True,False,0.002,0.0,3998.6000000000004,0.002,3998.6000000000004,0
5122668,"קסם אקטיב ארה""ב מנוטרלת מט""ח","מניות גיאוגרפי מוגנת מט""ח",,"מניות בחו""ל",2026-02-28,63450000.0,קסם,,False,False,0.012,0.0035,7614.0,0.0085,5393.25,0
5122676,ברק אסטרטגיות,ממונפות בסיכון גבוה,,ממונפות ואסטרטגיות,2026-02-28,27540000.0,ברק,,False,False,0.038,0.0035,10465.199999999999,0.034499999999999996,9501.3,0
5122692,איביאי מחקה Solactive US REIT,REIT - Real Estate,,"מניות בחו""ל",2026-02-28,12980000.0,אי.בי.אי,,True,False,0.008,0.0,1038.4,0.008,1038.4,0
5122718,מור סולידית,"אג""ח כללי בארץ בדירוג גבוה בלבד (AA ומעלה ו/ או מדינה)",,"אג""ח בארץ - כללי",2026-02-28,176270000.0,מור,,False,False,0.0063,0.0035,11105.01,0.0028,4935.5599999999995,0
5122726,מור 20/80,"אג""ח כללי בארץ- עד 20% מניות",,"אג""ח בארץ - כללי",2026-02-28,979520000.0,מור,,False,False,0.0083,0.0035,81300.16,0.0048000000000000004,47016.96,0
5122791,איילון עוקבת תיק מס' 2 הבנק הבינלאומי,"אג""ח כללי בארץ- עד 15% מניות",,"אג""ח בארץ - כללי",2026-02-28,60580000.0,איילון,,False,False,0.0069,0.0035,4180.0199999999995,0.0034,2059.72,0
5122809,טרגט מניות אירופה,"מניות גיאוגרפי אחר חשופת מט""ח",,"מניות בחו""ל",2026-02-28,8930000.0,איילון,טרגט,False,False,0.0159,0.0035,1419.8700000000001,0.012400000000000001,1107.32,0
5122817,"מור תיק אג""ח + 15%","אג""ח כללי בארץ- עד 15% מניות",,"אג""ח בארץ - כללי",2026-02-28,393680000.0,מור,,False,False,0.0077,0.0035,30313.36,0.004200000000000001,16534.56,0
5122825,אלטשולר שחם 30-70,"אג""ח כללי בארץ- עד 30% מניות",,"אג""ח בארץ - כללי",2026-02-28,102640000.0,אלטשולר שחם,,False,False,0.008,0.0035,8211.2,0.0045000000000000005,4618.8,0
5122841,MTF מחקה משולבת שקליות ממשלתיות (50%) מדדיות ממשלתיות (50%) חודשי,"אג""ח מדינה משולבת - ללא מניות",,"אג""ח בארץ- מדינה",2026-02-28,64190000.0,מגדל,,True,False,0.0025,0.0,1604.75,0.0025,1604.75,0
5122890,"איביאי מחקה משולבת Staplesי (50%) S&P Discretionaryי (50%) חודשי מנוטרלת מט""ח","מניות בחו""ל קרן משולבת",,"מניות בחו""ל",2026-02-28,12170000.0,אי.בי.אי,,True,False,0.005,0.0,608.5,0.005,608.5,0
5122908,מור מחקה S&P Health Care,Health Care,,"מניות בחו""ל",2026-02-28,33660000.0,מור,,True,False,0.005,0.0,1683.0,0.005,1683.0,0
5122924,MTF מחקה S&P 500 Dividend Aristocrats,אמריקה- שווקים מפותחים,,"מניות בחו""ל",2026-02-28,39830000.0,מגדל,,True,False,0.006,0.0,2389.8,0.006,2389.8,0
5122932,"הראל אג""ח ממשלתיות","אג""ח מדינה כללי- ללא מניות",,"אג""ח בארץ- מדינה",2026-02-28,26220000.0,הראל,,False,False,0.0043,0.0035,1127.46,0.0007999999999999999,209.76,0
5122940,קסם STOXX Europe 600 KTF מנוטרלת אירו,אירופה- כללי,,"מניות בחו""ל",2026-02-28,103570000.0,קסם,,True,False,0.0025,0.0,2589.25,0.0025,2589.25,0
5122957,"קסם S&P 500 KTF מנוטרלת מט""ח",אמריקה- שווקים מפותחים,,"מניות בחו""ל",2026-02-28,2647170000.0,קסם,,True,False,0.0,0.0,0.0,0.0,0.0,0
5122965,"קסם KTF משולבת (S&P 500 (70%) Nasdaq (30% חודשי מנוטרלת מט""ח","מניות בחו""ל קרן משולבת",,"מניות בחו""ל",2026-02-28,122950000.0,קסם,,True,False,0.006999999999999999,0.0,8606.5,0.006999999999999999,8606.5,0
5122973,MTF מחקה תל גוב-שקלי 2-5,ריבית קבועה  - בינוני,,"אג""ח בארץ- מדינה",2026-02-28,233590000.0,מגדל,,True,False,0.0015,0.0,3503.85,0.0015,3503.85,0
5123005,"ילין לפידות תיק אג""ח LV","אג""ח כללי בארץ ללא מניות וללא סימן קריאה, עם מגבלת מח""מ עד 5 שנים",,"אג""ח בארץ - כללי",2026-02-28,111990000.0,ילין לפידות,,False,False,0.005,0.0035,5599.5,0.0015,1679.8500000000001,0
5123021,"מור מחקה S&P 500 מנוטרלת מט""ח",אמריקה- שווקים מפותחים,,"מניות בחו""ל",2026-02-28,235060000.0,מור,,True,False,0.0,0.0,0.0,0.0,0.0,0
5123039,MTF מחקה תל בונד 20 צמודות,בריבית קבועה,,"אג""ח בארץ- חברות והמרה",2026-02-28,408840000.0,מגדל,,True,False,0.0025,0.0,10221.0,0.0025,10221.0,0
5123096,סיגמא 30/70,"אג""ח כללי בארץ- עד 30% מניות",,"אג""ח בארץ - כללי",2026-02-28,1172600000.0,סיגמא,,False,False,0.0079,0.0035,92635.40000000001,0.004400000000000001,51594.400000000016,0
5123104,"הראל מחקה אינדקס קונצרני מאוזן מח""מ 2-4","אג""ח חברות שקלי וצמוד",,"אג""ח בארץ- חברות והמרה",2026-02-28,37470000.0,הראל,,True,False,0.002,0.0,749.4000000000001,0.002,749.4000000000001,0
5123112,הראל מחקה אינדקס קונצרני צמוד A,בריבית קבועה,,"אג""ח בארץ- חברות והמרה",2026-02-28,110260000.0,הראל,,True,False,0.0034999999999999996,0.0,3859.0999999999995,0.0034999999999999996,3859.0999999999995,0
5123120,מיטב מדינה שקלי עד 4 שנים,"אג""ח מדינה שקליות- ללא מניות",,"אג""ח בארץ- מדינה",2026-02-28,157860000.0,מיטב,,False,False,0.0049,0.0035,7735.139999999999,0.0013999999999999998,2210.0399999999995,0
5123138,"מיטב אג""ח","אג""ח כללי בארץ ללא מניות וללא סימן קריאה",,"אג""ח בארץ - כללי",2026-02-28,547180000.0,מיטב,,False,False,0.0069,0.0035,37755.42,0.0034,18604.12,0
5123146,מיטב קונצרני שקלי פלוס,חברות והמרה שקלי עם מניות,,"אג""ח בארץ- חברות והמרה",2026-02-28,152590000.0,מיטב,,False,False,0.0069,0.0035,10528.71,0.0034,5188.06,0
5123153,תכלית STOXX Europe 600 TTF מנוטרלת אירו,אירופה- כללי,,"מניות בחו""ל",2026-02-28,204550000.0,מיטב,,True,False,0.0025,0.0,5113.75,0.0025,5113.75,0
5123161,"תכלית S&P 500 TTF מנוטרלת מט""ח",אמריקה- שווקים מפותחים,,"מניות בחו""ל",2026-02-28,1849450000.0,מיטב,,True,False,0.0,0.0,0.0,0.0,0.0,0
5123179,"תכלית NASDAQ 100 TTF מנוטרלת מט""ח",אמריקה- שווקים מפותחים,,"מניות בחו""ל",2026-02-28,873080000.0,מיטב,,True,False,0.0,0.0,0.0,0.0,0.0,0
5123211,קסם אקטיב זהב,"מניות לפי ענפים בחו""ל",,"מניות בחו""ל",2026-02-28,168700000.0,קסם,,False,False,0.019,0.0035,32052.999999999996,0.0155,26148.5,0
5123237,"סיגמא אג""ח מדינה + 10%","אג""ח מדינה כללי- עד 10% מניות",,"אג""ח בארץ- מדינה",2026-02-28,382600000.0,סיגמא,,False,False,0.0067,0.0035,25634.2,0.0032,12243.199999999999,0
5123260,MTF מחקה אינדקס AA ומעלה שקלי,בריבית קבועה,,"אג""ח בארץ- חברות והמרה",2026-02-28,264420000.00000003,מגדל,,True,False,0.0025,0.0,6610.500000000001,0.0025,6610.500000000001,0
5123278,MTF מחקה אינדקס AA ומעלה צמוד,בריבית קבועה,,"אג""ח בארץ- חברות והמרה",2026-02-28,406880000.0,מגדל,,True,False,0.0025,0.0,10172.0,0.0025,10172.0,0
5123286,אילים 10/90,"אג""ח כללי בארץ- עד 10% מניות ללא סימן קריאה",,"אג""ח בארץ - כללי",2026-02-28,801830000.0,אילים,,False,False,0.0074,0.0035,59335.420000000006,0.0039000000000000003,31271.37,0
5123294,"מור אג""ח ישראל - כשרה","אג""ח כללי בארץ ללא מניות וללא סימן קריאה",,"אג""ח בארץ - כללי",2026-02-28,236190000.0,מור,,False,False,0.0075,0.0035,17714.25,0.004,9447.6,0
5123302,ברומטר מניות גלובאלי,"מניות כללי בחו""ל חשופת מט""ח",,"מניות בחו""ל",2026-02-28,166180000.0,איילון,ברומטר,False,False,0.0148,0.0035,24594.640000000003,0.011300000000000001,18778.34,0
5123328,דולפין 10/90,"אג""ח כללי בארץ- עד 10% מניות ללא סימן קריאה",,"אג""ח בארץ - כללי",2026-02-28,2448130000.0,איילון,דולפין 1 השקעות,False,False,0.0075,0.0035,183609.74999999997,0.004,97925.20000000001,0
5123336,דולפין מניות,מניות All Cap,,מניות בארץ,2026-02-28,341570000.0,איילון,דולפין 1 השקעות,False,False,0.0178,0.0035,60799.46,0.0143,48844.51,0
5123344,MTF מחקה אינדקס A צמוד,בריבית קבועה,,"אג""ח בארץ- חברות והמרה",2026-02-28,369980000.0,מגדל,,True,False,0.0025,0.0,9249.5,0.0025,9249.5,0
5123351,MTF מחקה (!) אינדקס HY-BBB כללי,חברות והמרה בסיכון גבוה,,"אג""ח בארץ- חברות והמרה",2026-02-28,102580000.0,מגדל,,True,False,0.005,0.0,5129.0,0.005,5129.0,0
5123369,MTF מחקה אינדקס A שקלי,בריבית קבועה,,"אג""ח בארץ- חברות והמרה",2026-02-28,185610000.0,מגדל,,True,False,0.0025,0.0,4640.25,0.0025,4640.25,0
5123393,MTF מחקה תל גוב-שקלי,ריבית קבועה,,"אג""ח בארץ- מדינה",2026-02-28,72740000.0,מגדל,,True,False,0.0013,0.0,945.6199999999999,0.0013,945.6199999999999,0
5123419,מור מחקה S&P 500 Low Volatility High Dividend,אמריקה- שווקים מפותחים,,"מניות בחו""ל",2026-02-28,17070000.0,מור,,True,False,0.005,0.0,853.5,0.005,853.5,0
5123443,"MTF מחקה S&P 500 Dividend Aristocrats מנוטרלת מט""ח",אמריקה- שווקים מפותחים,,"מניות בחו""ל",2026-02-28,29450000.0,מגדל,,True,False,0.006,0.0,1767.0,0.006,1767.0,0
5123468,"קסם אקטיב (!) אג""ח +10%","אג""ח כללי בארץ- עד 10% מניות ועם סימן קריאה",,"אג""ח בארץ - כללי",2026-02-28,114130000.0,קסם,,False,False,0.0069,0.0035,7874.969999999999,0.0034,3880.42,0
5123476,"קסם אקטיב אג""ח מדינה ללא מניות","אג""ח מדינה כללי- ללא מניות",,"אג""ח בארץ- מדינה",2026-02-28,159800000.0,קסם,,False,False,0.0064,0.0035,10227.199999999999,0.0029000000000000002,4634.200000000001,0
5123518,MTF מחקה תל בונד צמודות,בריבית קבועה,,"אג""ח בארץ- חברות והמרה",2026-02-28,111730000.0,מגדל,,True,False,0.0025,0.0,2793.25,0.0025,2793.25,0
5123542,FOREST סלקט 25/75,"אג""ח כללי בארץ- עד 25% מניות",,"אג""ח בארץ - כללי",2026-02-28,210400000.0,פורסט,,False,False,0.0089,0.0035,18725.6,0.0054,11361.6,0
5123559,הראל מחקה אינדקס קונצרני שקלי A,בריבית קבועה,,"אג""ח בארץ- חברות והמרה",2026-02-28,49760000.0,הראל,,True,False,0.0025,0.0,1244.0,0.0025,1244.0,0
5123567,"MTF מחקה S&P Aerospace & Defense מנוטרלת מט""ח",Aerospace & Defense,,"מניות בחו""ל",2026-02-28,364250000.0,מגדל,,True,False,0.008,0.0,29140.000000000004,0.008,29140.000000000004,0
5123575,"MTF מחקה S&P 500 Low Volatility High Dividend מנוטרלת מט""ח",אמריקה- שווקים מפותחים,,"מניות בחו""ל",2026-02-28,17320000.0,מגדל,,True,False,0.005,0.0,866.0,0.005,866.0,0
5123609,דיאמונד גמישה,גמישות,,גמישות,2026-02-28,277330000.0,איילון,דיאמונד,False,False,0.016399999999999998,0.0035,45482.119999999995,0.012899999999999998,35775.57,0
5123641,"MTF מחקה ת""א צמיחה",Small Cap,,מניות בארץ,2026-02-28,23840000.0,מגדל,,True,False,0.0025,0.0,596.0,0.0025,596.0,0
5123666,אושן יצירה 20/80,"אג""ח כללי בארץ- עד 20% מניות",,"אג""ח בארץ - כללי",2026-02-28,671070000.0,סיגמא,אושן פרטנרס,False,False,0.008199999999999999,0.0035,55027.73999999999,0.004699999999999999,31540.289999999994,0
5123716,דולפין יתר,מניות Small Cap,,מניות בארץ,2026-02-28,147910000.0,איילון,דולפין 1 השקעות,False,False,0.018500000000000003,0.0035,27363.350000000002,0.015000000000000003,22186.500000000007,0
5123724,"קסם אקטיב אג""ח חברות פלוס",חברות והמרה עם מניות ללא סימן קריאה,,"אג""ח בארץ- חברות והמרה",2026-02-28,133650000.0,קסם,,False,False,0.013000000000000001,0.0035,17374.500000000004,0.009500000000000001,12696.750000000002,0
5123740,מור מניות גלובלי,"מניות כללי בחו""ל חשופת מט""ח",,"מניות בחו""ל",2026-02-28,462110000.0,מור,,False,False,0.018500000000000003,0.0035,85490.35,0.015000000000000003,69316.50000000001,0
5123757,"ילין לפידות (!) אג""ח פוטנציאל חברות בסיכון גבוה",חברות והמרה בסיכון גבוה,,"אג""ח בארץ- חברות והמרה",2026-02-28,390480000.0,ילין לפידות,,False,False,0.0155,0.0035,60524.4,0.012,46857.6,0
5123799,מגדל גמישה,גמישות,,גמישות,2026-02-28,27950000.0,מגדל,,False,False,0.0175,0.0035,4891.250000000001,0.014000000000000002,3913.0000000000005,0
5123815,סלע מניות,מניות All Cap,,מניות בארץ,2026-02-28,87850000.0,איילון,סלע בית השקעות,False,False,0.0149,0.0035,13089.65,0.0114,10014.900000000001,0
5123823,סלע 10/90,"אג""ח כללי בארץ- עד 10% מניות ללא סימן קריאה",,"אג""ח בארץ - כללי",2026-02-28,47080000.0,איילון,סלע בית השקעות,False,False,0.0075,0.0035,3530.9999999999995,0.004,1883.2,0
5123831,"סלע (!) אג""ח כללי ללא מניות","אג""ח כללי בארץ ללא מניות עם סימן קריאה",,"אג""ח בארץ - כללי",2026-02-28,43060000.0,איילון,סלע בית השקעות,False,False,0.0069,0.0035,2971.14,0.0034,1464.04,0
5123872,"מיטב אג""ח + 10%","אג""ח כללי בארץ- עד 10% מניות ללא סימן קריאה",,"אג""ח בארץ - כללי",2026-02-28,1044920000.0000001,מיטב,,False,False,0.0079,0.0035,82548.68000000002,0.004400000000000001,45976.48000000002,0
5123880,"מיטב אג""ח מדורגות ללא מניות",חברות והמרה ללא מניות וללא סימן קריאה,,"אג""ח בארץ- חברות והמרה",2026-02-28,408700000.0,מיטב,,False,False,0.0069,0.0035,28200.3,0.0034,13895.8,0
5123898,מיטב כספית,כספית שקלית עם קונצרני,,קרן כספית,2026-02-28,4594470000.0,מיטב,,False,False,0.0025,0.001,114861.75,0.0015,68917.05,1
5123930,"אי בי אי מחקה (!) אינדקס אג""ח עם רכיב בטוחה","אג""ח חברות שקלי וצמוד",,"אג""ח בארץ- חברות והמרה",2026-02-28,149530000.0,אי.בי.אי,,True,False,0.005,0.0,7476.5,0.005,7476.5,0
5123948,"מיטב (!) אג""ח קונצרני",חברות והמרה ללא מניות עם סימן קריאה,,"אג""ח בארץ- חברות והמרה",2026-02-28,206560000.0,מיטב,,False,False,0.0079,0.0035,16318.240000000002,0.004400000000000001,9088.640000000003,0
5123955,"מיטב אג""ח ישראל סולידית","אג""ח כללי בארץ בדירוג גבוה בלבד (AA ומעלה ו/ או מדינה)",,"אג""ח בארץ - כללי",2026-02-28,620430000.0,מיטב,,False,False,0.0069,0.0035,42809.67,0.0034,21094.62,0
5123963,ילין לפידות תיק השקעות עד 50%,"אג""ח כללי בארץ - חשיפה מרבית מעל 30% מניות",,"אג""ח בארץ - כללי",2026-02-28,369720000.0,ילין לפידות,,False,False,0.009300000000000001,0.0035,34383.96000000001,0.005800000000000001,21443.760000000006,0
5123971,"ילין לפידות (!) אג""ח חברות חו""ל עד 30% מט""ח","אג""ח מוגנת מט""ח",,"אג""ח בחו""ל",2026-02-28,63550000.0,ילין לפידות,,False,False,0.0069,0.0035,4384.95,0.0034,2160.7,0
5123997,מור מחקה S&P Financial,Financial,,"מניות בחו""ל",2026-02-28,15130000.0,מור,,True,False,0.0015,0.0,226.95000000000002,0.0015,226.95000000000002,0
5124003,"אלטשולר שחם מחקה אירופה A.B SmartBeta מנוטרלת מט""ח",אירופה- כללי,,"מניות בחו""ל",2026-02-28,58830000.0,אלטשולר שחם,,True,False,0.008,0.0,4706.400000000001,0.008,4706.400000000001,0
5124045,"סיגמא (!) אג""ח דולר בינלאומי","אג""ח חשופת דולר",,"אג""ח בחו""ל",2026-02-28,83710000.0,סיגמא,,False,False,0.0079,0.0035,6613.090000000001,0.004400000000000001,3683.240000000001,0
5124060,סיגמא 25/75,"אג""ח כללי בארץ- עד 25% מניות",,"אג""ח בארץ - כללי",2026-02-28,44880000.0,סיגמא,,False,False,0.0059,0.0035,2647.92,0.0024,1077.12,0
5124144,אלטשולר שחם מניות ישראל SmartBeta,מניות All Cap,,מניות בארץ,2026-02-28,50310000.0,אלטשולר שחם,,False,False,0.0195,0.0035,9810.45,0.016,8049.6,0
5124201,אלטשולר שחם גמישה,גמישות,,גמישות,2026-02-28,70940000.0,אלטשולר שחם,,False,False,0.015,0.0035,10640.999999999998,0.0115,8158.1,0
5124227,אושן יצירה 30/70,"אג""ח כללי בארץ- עד 30% מניות",,"אג""ח בארץ - כללי",2026-02-28,333000000.0,סיגמא,אושן פרטנרס,False,False,0.0085,0.0035,28305.000000000004,0.005000000000000001,16650.000000000004,0
5124268,אושן יצירה גלובל אקוויטי,"מניות כללי בחו""ל חשופת מט""ח",,"מניות בחו""ל",2026-02-28,30490000.0,סיגמא,אושן פרטנרס,False,False,0.018500000000000003,0.0035,5640.650000000001,0.015000000000000003,4573.500000000001,0
5124284,איביאי מחקה Russell 2000,אמריקה- שווקים מפותחים,,"מניות בחו""ל",2026-02-28,92480000.0,אי.בי.אי,,True,False,0.004,0.0,3699.2000000000003,0.004,3699.2000000000003,0
5124292,קסם אקטיב אנרגיה,מניות לפי ענפים,,מניות בארץ,2026-02-28,16719999.999999998,קסם,,False,False,0.0279,0.0035,4664.879999999999,0.0244,4079.68,0
5124300,"מור נדל""ן",מניות לפי ענפים,,מניות בארץ,2026-02-28,307070000.0,מור,,False,False,0.0132,0.0035,40533.240000000005,0.0097,29785.79,0
5124326,מור יתר,מניות Small Cap,,מניות בארץ,2026-02-28,300490000.0,מור,,False,False,0.022000000000000002,0.0035,66107.80000000002,0.018500000000000003,55590.65000000001,0
5124342,"מור (!) הזדמנויות אג""ח קונצרני",חברות והמרה עם מניות ועם סימן קריאה,,"אג""ח בארץ- חברות והמרה",2026-02-28,1505800000.0,מור,,False,False,0.0118,0.0035,177684.4,0.0083,124981.4,0
5124409,תכלית TTF (!) אינדקס HY-BBB כללי,חברות והמרה בסיכון גבוה,,"אג""ח בארץ- חברות והמרה",2026-02-28,21210000.0,מיטב,,True,False,0.005,0.0,1060.5,0.005,1060.5,0
5124417,תכלית TTF אינדקס מדורג 5+ מאוזן,"אג""ח חברות שקלי וצמוד",,"אג""ח בארץ- חברות והמרה",2026-02-28,77110000.0,מיטב,,True,False,0.002,0.0,1542.2,0.002,1542.2,0
5124425,תכלית TTF אינדקס מדורג 2-5 מאוזן,"אג""ח חברות שקלי וצמוד",,"אג""ח בארץ- חברות והמרה",2026-02-28,84390000.0,מיטב,,True,False,0.002,0.0,1687.8000000000002,0.002,1687.8000000000002,0
5124466,קסם אקטיב (!) ישראל 10/90,"אג""ח כללי בארץ- עד 10% מניות ועם סימן קריאה",,"אג""ח בארץ - כללי",2026-02-28,104770000.0,קסם,,False,False,0.0074,0.0035,7752.980000000001,0.0039000000000000003,4086.0299999999997,0
5124482,קסם S&P 500 KTF,אמריקה- שווקים מפותחים,,"מניות בחו""ל",2026-02-28,3999410000.0,קסם,,True,False,0.0,0.0,0.0,0.0,0.0,0
5124490,"קסם KTF ת""א 35",Large Cap,,מניות בארץ,2026-02-28,660500000.0,קסם,,True,False,0.001,0.0,6605.000000000001,0.001,6605.000000000001,0
5124508,"קסם KTF ת""א 90",Mid Cap,,מניות בארץ,2026-02-28,468620000.0,קסם,,True,False,0.004,0.0,18744.800000000003,0.004,18744.800000000003,0
5124516,"קסם NASDAQ 100 KTF מנוטרלת מט""ח",אמריקה- שווקים מפותחים,,"מניות בחו""ל",2026-02-28,694800000.0,קסם,,True,False,0.0,0.0,0.0,0.0,0.0,0
5124532,תכלית NASDAQ 100 TTF,אמריקה- שווקים מפותחים,,"מניות בחו""ל",2026-02-28,276770000.0,מיטב,,True,False,0.003,0.0,8303.1,0.003,8303.1,0
5124557,תכלית DAX TTF,אירופה- שווקים מפותחים,,"מניות בחו""ל",2026-02-28,90080000.0,מיטב,,True,False,0.0,0.0,0.0,0.0,0.0,0
5124573,תכלית MSCI WORLD TTF,גלובלי- שווקים מפותחים,,"מניות בחו""ל",2026-02-28,388370000.0,מיטב,,True,False,0.0031,0.0,12039.470000000001,0.0031,12039.470000000001,0
5124581,תכלית DJ Industrial Average TTF,אמריקה- שווקים מפותחים,,"מניות בחו""ל",2026-02-28,99280000.0,מיטב,,True,False,0.005,0.0,4964.0,0.005,4964.0,0
5124615,אלטשולר שחם 50-50,"אג""ח כללי בארץ - חשיפה מרבית מעל 30% מניות",,"אג""ח בארץ - כללי",2026-02-28,55530000.0,אלטשולר שחם,,False,False,0.009000000000000001,0.0035,4997.700000000001,0.005500000000000001,3054.150000000001,0
5124672,הראל תיק השקעות עד 50%,"אג""ח כללי בארץ - חשיפה מרבית מעל 30% מניות",,"אג""ח בארץ - כללי",2026-02-28,60140000.0,הראל,,False,False,0.0077,0.0035,4630.78,0.004200000000000001,2525.88,0
5124698,"הראל תיק אג""ח סולידי עד שלוש שנים","אג""ח כללי בארץ בדירוג גבוה בלבד (AA ומעלה ו/ או מדינה)",,"אג""ח בארץ - כללי",2026-02-28,177890000.0,הראל,,False,False,0.0049,0.0035,8716.61,0.0013999999999999998,2490.4599999999996,0
5124706,הראל (!) קונצרני דולרי ללא מניות,חברות והמרה ללא מניות עם סימן קריאה,,"אג""ח בארץ- חברות והמרה",2026-02-28,17500000.0,הראל,,False,False,0.0072,0.0035,1260.0,0.0036999999999999997,647.5,0
5124730,MTF מחקה Russell 1000 Growth,אמריקה- שווקים מפותחים,,"מניות בחו""ל",2026-02-28,77800000.0,מגדל,,True,False,0.006,0.0,4668.0,0.006,4668.0,0
5124755,"איביאי מחקה Solactive ת""א 125 Low Volatility High Dividends",Large & Mid Cap,,מניות בארץ,2026-02-28,45440000.0,אי.בי.אי,,True,False,0.008,0.0,3635.2000000000003,0.008,3635.2000000000003,0
5124763,איילון תיק 20/80,"אג""ח כללי בארץ- עד 20% מניות",,"אג""ח בארץ - כללי",2026-02-28,22570000.0,איילון,,False,False,0.0075,0.0035,1692.7499999999998,0.004,902.8000000000001,0
5124805,מור תיק השקעות 50%,"אג""ח כללי בארץ - חשיפה מרבית מעל 30% מניות",,"אג""ח בארץ - כללי",2026-02-28,750670000.0,מור,,False,False,0.0089,0.0035,66809.62999999999,0.0054,40536.18,0
5124862,מגדל תיק 50/50,"אג""ח כללי בארץ - חשיפה מרבית מעל 30% מניות",,"אג""ח בארץ - כללי",2026-02-28,101220000.0,מגדל,,False,False,0.0079,0.0035,7996.380000000001,0.004400000000000001,4453.680000000001,0
5124888,פרופאונד 10/90,"אג""ח כללי בארץ- עד 10% מניות ללא סימן קריאה",,"אג""ח בארץ - כללי",2026-02-28,80850000.0,איילון,פרופאונד,False,False,0.0079,0.0035,6387.150000000001,0.004400000000000001,3557.400000000001,0
5124912,הראל מחקה אינדקס לפדיון 2028 (מתגלגל כל 6 שנים),"אג""ח חברות שקלי וצמוד",,"אג""ח בארץ- חברות והמרה",2026-02-28,165580000.0,הראל,,True,False,0.0024,0.0,3973.9199999999996,0.0024,3973.9199999999996,0
5124938,מיטב מניות LONG RUN,מניות All Cap,,מניות בארץ,2026-02-28,282450000.0,מיטב,,False,False,0.008,0.0035,22596.000000000004,0.0045000000000000005,12710.25,0
5124979,ברומטר מניות,מניות All Cap,,מניות בארץ,2026-02-28,216830000.0,איילון,ברומטר,False,False,0.0148,0.0035,32090.840000000004,0.011300000000000001,24501.79,0
5124995,פורטה השקעות,גמישות,,גמישות,2026-02-28,246160000.0,סיגמא,פורטה,False,False,0.015,0.0035,36924.0,0.0115,28308.4,0
5125000,פורטה 20/80,"אג""ח כללי בארץ- עד 20% מניות",,"אג""ח בארץ - כללי",2026-02-28,247370000.0,סיגמא,פורטה,False,False,0.0085,0.0035,21026.45,0.005000000000000001,12368.500000000002,0
5125018,פורטה מניות ישראל,מניות All Cap,,מניות בארץ,2026-02-28,572030000.0,סיגמא,פורטה,False,False,0.018000000000000002,0.0035,102965.40000000001,0.014500000000000002,82944.35000000002,0
5125026,ילין לפידות 10/90 ערך,"אג""ח כללי בארץ- עד 10% מניות ללא סימן קריאה",,"אג""ח בארץ - כללי",2026-02-28,272350000.0,ילין לפידות,,False,False,0.0079,0.0035,21515.65,0.004400000000000001,11983.400000000003,0
5125042,ילין לפידות עוקבת תיק 3 הבנק הבינלאומי,"אג""ח כללי בארץ- עד 30% מניות",,"אג""ח בארץ - כללי",2026-02-28,340360000.0,ילין לפידות,,False,False,0.0074,0.0035,25186.640000000003,0.0039000000000000003,13274.039999999999,0
5125067,תכלית TTF אינדקס שקלי מדורג תקרת סדרה 500 מ',בריבית קבועה,,"אג""ח בארץ- חברות והמרה",2026-02-28,22200000.0,מיטב,,True,False,0.002,0.0,444.00000000000006,0.002,444.00000000000006,0
5125109,אנליסט פיזור רחב 20/80,"אג""ח כללי בארץ- עד 20% מניות",,"אג""ח בארץ - כללי",2026-02-28,61900000.0,אנליסט,,False,False,0.0074,0.0035,4580.6,0.0039000000000000003,2414.1,0
5125133,איביאי מחקה (!) תל בונד גלובל שקלי,בריבית קבועה,,"אג""ח בארץ- חברות והמרה",2026-02-28,21800000.0,אי.בי.אי,,True,False,0.0025,0.0,545.0,0.0025,545.0,0
5125158,"קסם DAX KTF מנוטרלת מט""ח",אירופה- שווקים מפותחים,,"מניות בחו""ל",2026-02-28,142080000.0,קסם,,True,False,0.0,0.0,0.0,0.0,0.0,0
5125166,"קסם DJ Industrial Average KTF מנוטרלת מט""ח",אמריקה- שווקים מפותחים,,"מניות בחו""ל",2026-02-28,127360000.0,קסם,,True,False,0.0025,0.0,3184.0,0.0025,3184.0,0
5125174,"קסם S&P Financial KTF מנוטרלת מט""ח",Financial,,"מניות בחו""ל",2026-02-28,60010000.0,קסם,,True,False,0.004,0.0,2400.4,0.004,2400.4,0
5125182,"קסם S&P Industrial KTF מנוטרלת מט""ח",Industrials,,"מניות בחו""ל",2026-02-28,121960000.0,קסם,,True,False,0.002,0.0,2439.2000000000003,0.002,2439.2000000000003,0
5125190,איביאי תיק השקעות 50/50,"אג""ח כללי בארץ - חשיפה מרבית מעל 30% מניות",,"אג""ח בארץ - כללי",2026-02-28,9460000.0,אי.בי.אי,,False,False,0.0085,0.0035,804.1,0.005000000000000001,473.0000000000001,0
5125208,אלפי בנדק 30/70 תיק ישראל,"אג""ח כללי בארץ- עד 30% מניות",,"אג""ח בארץ - כללי",2026-02-28,185250000.0,הראל,אלפי בנדק,False,False,0.0079,0.0035,14634.750000000002,0.004400000000000001,8151.000000000003,0
5125216,אלפי בנדק 10/90,"אג""ח כללי בארץ- עד 10% מניות ללא סימן קריאה",,"אג""ח בארץ - כללי",2026-02-28,28900000.0,הראל,אלפי בנדק,False,False,0.0076,0.0035,2196.4,0.0040999999999999995,1184.8999999999999,0
5125224,"אי בי אי מחקה אינדקס ת""א Mid Cap רווחיות",Mid Cap,,מניות בארץ,2026-02-28,220010000.0,אי.בי.אי,,True,False,0.005,0.0,11000.5,0.005,11000.5,0
5125257,מור מניות ערך,מניות All Cap,,מניות בארץ,2026-02-28,991680000.0,מור,,False,False,0.0159,0.0035,157677.12000000002,0.012400000000000001,122968.32,0
5125265,FORESTי 10/90,"אג""ח כללי בארץ- עד 10% מניות ללא סימן קריאה",,"אג""ח בארץ - כללי",2026-02-28,1634130000.0,פורסט,,False,False,0.0079,0.0035,129096.27000000002,0.004400000000000001,71901.72000000002,0
5125281,הראל חושן,"אג""ח כללי בארץ - חשיפה מרבית מעל 30% מניות",,"אג""ח בארץ - כללי",2026-02-28,53510000.0,הראל,,False,False,0.0034999999999999996,0.0035,1872.85,-4.336808689942018e-19,-2.3206263299879737e-13,0
5125323,תכלית TTF תל בונד שקלי 50,בריבית קבועה,,"אג""ח בארץ- חברות והמרה",2026-02-28,234230000.0,מיטב,,True,False,0.0025,0.0,5855.75,0.0025,5855.75,0
5125331,MTF מחקה תל בונד שקלי 3-5,בריבית קבועה - בינוני,,"אג""ח בארץ- חברות והמרה",2026-02-28,112250000.0,מגדל,,True,False,0.0,0.0,0.0,0.0,0.0,0
5125349,MTF מחקה תל בונד צמודות 5-15,בריבית קבועה - ארוך,,"אג""ח בארץ- חברות והמרה",2026-02-28,168270000.0,מגדל,,True,False,0.0,0.0,0.0,0.0,0.0,0
5125356,MTF מחקה תל בונד צמודות 3-5,בריבית קבועה - בינוני,,"אג""ח בארץ- חברות והמרה",2026-02-28,236400000.0,מגדל,,True,False,0.0025,0.0,5910.0,0.0025,5910.0,0
5125364,MTF מחקה תל בונד שקלי 5-15,בריבית קבועה - ארוך,,"אג""ח בארץ- חברות והמרה",2026-02-28,209910000.0,מגדל,,True,False,0.0,0.0,0.0,0.0,0.0,0
5125372,MTF מחקה תל בונד שקלי 1-3,בריבית קבועה - קצר,,"אג""ח בארץ- חברות והמרה",2026-02-28,189330000.0,מגדל,,True,False,0.0025,0.0,4733.25,0.0025,4733.25,0
5125380,קסם אקטיב גמישה FLEX,גמישות,,גמישות,2026-02-28,106200000.0,קסם,,False,False,0.0146,0.0035,15505.199999999999,0.0111,11788.2,0
5125406,"מגדל 10/90 תיק אג""ח סולידי","אג""ח כללי בארץ בדירוג גבוה (AA ומעלה ו/ או מדינה)- עד 10% מניות",,"אג""ח בארץ - כללי",2026-02-28,42510000.0,מגדל,,False,False,0.0069,0.0035,2933.19,0.0034,1445.34,0
5125414,מגדל 20/80 Buy Side,"אג""ח כללי בארץ- עד 20% מניות",,"אג""ח בארץ - כללי",2026-02-28,97880000.0,מגדל,,False,False,0.0073,0.0035,7145.24,0.0038,3719.44,0
5125422,מגדל 30/70 Buy Side,"אג""ח כללי בארץ- עד 30% מניות",,"אג""ח בארץ - כללי",2026-02-28,56850000.0,מגדל,,False,False,0.0079,0.0035,4491.150000000001,0.004400000000000001,2501.4000000000005,0
5125430,"MTF מחקה Indxx US E-Commerce מנוטרלת מט""ח",e-Commerce,,"מניות בחו""ל",2026-02-28,243470000.0,מגדל,,True,False,0.008,0.0,19477.600000000002,0.008,19477.600000000002,0
5125448,ילין לפידות תיק ממשלתי + 10%,"אג""ח מדינה כללי- עד 10% מניות",,"אג""ח בארץ- מדינה",2026-02-28,72710000.0,ילין לפידות,,False,False,0.0054,0.0035,3926.34,0.0019000000000000002,1381.49,0
5125455,"ילין לפידות תיק אג""ח סולידי","אג""ח כללי בארץ בדירוג גבוה בלבד (AA ומעלה ו/ או מדינה)",,"אג""ח בארץ - כללי",2026-02-28,68570000.0,ילין לפידות,,False,False,0.0064,0.0035,4388.48,0.0029000000000000002,1988.5300000000002,0
5125463,"פסטרנק שהם (!) אג""ח חברות ללא מניות",חברות והמרה ללא מניות עם סימן קריאה,,"אג""ח בארץ- חברות והמרה",2026-02-28,789550000.0,איילון,פסטרנק שהם,False,False,0.0085,0.0035,67111.75,0.005000000000000001,39477.50000000001,0
5125562,"פורטה תיק אג""ח עד 10%","אג""ח כללי בארץ- עד 10% מניות ללא סימן קריאה",,"אג""ח בארץ - כללי",2026-02-28,287790000.0,סיגמא,פורטה,False,False,0.008,0.0035,23023.2,0.0045000000000000005,12950.550000000001,0
5125570,"פורטה (!) אג""ח חברות",חברות והמרה עם מניות ועם סימן קריאה,,"אג""ח בארץ- חברות והמרה",2026-02-28,531059999.99999994,סיגמא,פורטה,False,False,0.01,0.0035,53106.0,0.006500000000000001,34518.9,0
5125604,קסם S&P Financial KTF,Financial,,"מניות בחו""ל",2026-02-28,77840000.0,קסם,,True,False,0.0025,0.0,1946.0,0.0025,1946.0,0
5125612,קסם STOXX Europe 600 KTF,אירופה- כללי,,"מניות בחו""ל",2026-02-28,117100000.0,קסם,,True,False,0.0025,0.0,2927.5,0.0025,2927.5,0
5125620,"קסם S&P Technology KTF מנוטרלת מט""ח",Technology,,"מניות בחו""ל",2026-02-28,246370000.0,קסם,,True,False,0.004,0.0,9854.800000000001,0.004,9854.800000000001,0
5125638,"קסם S&P Consumer Discretionary KTF מנוטרלת מט""ח",Consumer Discretionary,,"מניות בחו""ל",2026-02-28,51720000.0,קסם,,True,False,0.003,0.0,1551.6000000000001,0.003,1551.6000000000001,0
5125646,הראל אייל,"אג""ח כללי בארץ- עד 30% מניות",,"אג""ח בארץ - כללי",2026-02-28,189860000.0,הראל,,False,False,0.0058,0.0035,11011.88,0.0022999999999999995,4366.78,0
5125653,"סיגמא אג""ח לפדיון עד 12/2027","אג""ח כללי בארץ ללא מניות וללא סימן קריאה, עם מגבלת מח""מ עד 5 שנים",,"אג""ח בארץ - כללי",2026-02-28,101410000.0,סיגמא,,False,False,0.0059,0.0035,5983.19,0.0024,2433.8399999999997,0
5125661,סיגמא 15/85,"אג""ח כללי בארץ- עד 15% מניות",,"אג""ח בארץ - כללי",2026-02-28,237190000.0,סיגמא,,False,False,0.0076,0.0035,18026.440000000002,0.0040999999999999995,9724.789999999999,0
5125679,סיגמא גמישה,גמישות,,גמישות,2026-02-28,449330000.0,סיגמא,,False,False,0.0125,0.0035,56166.25,0.009000000000000001,40439.700000000004,0
5125687,"מגדל (!) אג""ח Buy Side","אג""ח כללי בארץ ללא מניות עם סימן קריאה",,"אג""ח בארץ - כללי",2026-02-28,48960000.0,מגדל,,False,False,0.0059,0.0035,2888.64,0.0024,1175.04,0
5125695,"מגדל (!) אג""ח חברות Buy Sideי + 10%",חברות והמרה עם מניות ועם סימן קריאה,,"אג""ח בארץ- חברות והמרה",2026-02-28,537180000.0,מגדל,,False,False,0.0069,0.0035,37065.42,0.0034,18264.12,0
5125703,MTF מחקה Bluestar Fintech מנוטרלת דולר,Fintech,,"מניות בחו""ל",2026-02-28,19620000.0,מגדל,,True,False,0.008,0.0,1569.6000000000001,0.008,1569.6000000000001,0
5125729,אילים 30/70,"אג""ח כללי בארץ- עד 30% מניות",,"אג""ח בארץ - כללי",2026-02-28,566960000.0,אילים,,False,False,0.0069,0.0035,39120.24,0.0034,19276.64,0
5125737,אילים עוקבת תיק 2 הבנק הבינלאומי,"אג""ח כללי בארץ- עד 15% מניות",,"אג""ח בארץ - כללי",2026-02-28,178130000.0,אילים,,False,False,0.0078000000000000005,0.0035,13894.14,0.0043,7659.59,0
5125745,אילים עוקבת תיק 3 הבנק הבינלאומי,"אג""ח כללי בארץ- עד 30% מניות",,"אג""ח בארץ - כללי",2026-02-28,75770000.0,אילים,,False,False,0.0078000000000000005,0.0035,5910.0599999999995,0.0043,3258.11,0
5125752,MTF מחקה Indxx Global Aerospace & Defense,Aerospace & Defense,,"מניות בחו""ל",2026-02-28,2533480000.0,מגדל,,True,False,0.008,0.0,202678.40000000002,0.008,202678.40000000002,0
5125760,"MTF מחקה S&P Technology מנוטרלת מט""ח",Technology,,"מניות בחו""ל",2026-02-28,126450000.0,מגדל,,True,False,0.008,0.0,10116.0,0.008,10116.0,0
5125778,אילים 50/50,"אג""ח כללי בארץ - חשיפה מרבית מעל 30% מניות",,"אג""ח בארץ - כללי",2026-02-28,115940000.0,אילים,,False,False,0.0069,0.0035,7999.86,0.0034,3941.96,0
5125794,אילים 20/80,"אג""ח כללי בארץ- עד 20% מניות",,"אג""ח בארץ - כללי",2026-02-28,3084550000.0,אילים,,False,False,0.0075,0.0035,231341.24999999997,0.004,123382.00000000001,0
5125802,"קסם אקטיב אג""ח עד 3 שנים","אג""ח כללי בארץ ללא מניות וללא סימן קריאה, עם מגבלת מח""מ עד 5 שנים",,"אג""ח בארץ - כללי",2026-02-28,240290000.0,קסם,,False,False,0.0054,0.0035,12975.660000000002,0.0019000000000000002,4565.51,0
5125828,אלפי בנדק (!) All Bond כללי,"אג""ח כללי בארץ ללא מניות עם סימן קריאה",,"אג""ח בארץ - כללי",2026-02-28,130229999.99999999,הראל,אלפי בנדק,False,False,0.0069,0.0035,8985.869999999999,0.0034,4427.82,0
5125836,אלפא טק מניות ESG ישראל,מניות All Cap,,מניות בארץ,2026-02-28,47030000.0,הראל,אלפא טק,False,False,0.0125,0.0035,5878.75,0.009000000000000001,4232.7,0
5125869,"MTF מחקה S&P 500 מנוטרלת מט""ח",אמריקה- שווקים מפותחים,,"מניות בחו""ל",2026-02-28,1538500000.0,מגדל,,True,False,0.0,0.0,0.0,0.0,0.0,0
5125885,מור 5/95,"אג""ח כללי בארץ- עד 5% מניות",,"אג""ח בארץ - כללי",2026-02-28,181610000.0,מור,,False,False,0.0060999999999999995,0.0035,11078.21,0.0025999999999999994,4721.859999999999,0
5125901,"מור אג""ח חברות",חברות והמרה עם מניות ללא סימן קריאה,,"אג""ח בארץ- חברות והמרה",2026-02-28,234570000.0,מור,,False,False,0.0079,0.0035,18531.030000000002,0.004400000000000001,10321.080000000004,0
5125919,מור 25/75,"אג""ח כללי בארץ- עד 25% מניות",,"אג""ח בארץ - כללי",2026-02-28,979280000.0,מור,,False,False,0.0085,0.0035,83238.8,0.005000000000000001,48964.00000000001,0
5125935,הראל 15/85,"אג""ח כללי בארץ- עד 15% מניות",,"אג""ח בארץ - כללי",2026-02-28,164750000.0,הראל,,False,False,0.0058,0.0035,9555.499999999998,0.0022999999999999995,3789.2499999999995,0
5125943,הראל 25/75,"אג""ח כללי בארץ- עד 25% מניות",,"אג""ח בארץ - כללי",2026-02-28,7640000.0,הראל,,False,False,0.0049,0.0035,374.36,0.0013999999999999998,106.95999999999998,0
5125950,הראל 20/80,"אג""ח כללי בארץ- עד 20% מניות",,"אג""ח בארץ - כללי",2026-02-28,454740000.0,הראל,,False,False,0.0084,0.0035,38198.159999999996,0.0049,22282.26,0
5125968,ילין לפידות 15/85,"אג""ח כללי בארץ- עד 15% מניות",,"אג""ח בארץ - כללי",2026-02-28,381640000.0,ילין לפידות,,False,False,0.0079,0.0035,30149.560000000005,0.004400000000000001,16792.160000000003,0
5125984,MTF מחקה תל בונד צמודות 1-3,בריבית קבועה - קצר,,"אג""ח בארץ- חברות והמרה",2026-02-28,420580000.0,מגדל,,True,False,0.0025,0.0,10514.5,0.0025,10514.5,0
5125992,"הראל (!) אג""ח מדורג - רכיב בטוחה",חברות והמרה ללא מניות עם סימן קריאה,,"אג""ח בארץ- חברות והמרה",2026-02-28,53520000.0,הראל,,False,False,0.0058,0.0035,3104.16,0.0022999999999999995,1230.9599999999998,0
5126008,"מיטב אג""ח עד 5% מניות","אג""ח כללי בארץ- עד 5% מניות",,"אג""ח בארץ - כללי",2026-02-28,135390000.0,מיטב,,False,False,0.0055000000000000005,0.0035,7446.450000000002,0.0020000000000000005,2707.8000000000006,0
5126024,מיטב תיק השקעות עד 50%,"אג""ח כללי בארץ - חשיפה מרבית מעל 30% מניות",,"אג""ח בארץ - כללי",2026-02-28,312240000.0,מיטב,,False,False,0.0078000000000000005,0.0035,24354.72,0.0043,13426.32,0
5126065,מיטב 40/60,"אג""ח כללי בארץ - חשיפה מרבית מעל 30% מניות",,"אג""ח בארץ - כללי",2026-02-28,294330000.0,מיטב,,False,False,0.0079,0.0035,23252.070000000003,0.004400000000000001,12950.520000000004,0
5126081,פוקוס גמישה,גמישות,,גמישות,2026-02-28,136700000.0,איילון,פוקוס,False,False,0.016,0.0035,21872.0,0.0125,17087.5,0
5126099,"אילים מניות חו""ל","מניות כללי בחו""ל חשופת מט""ח",,"מניות בחו""ל",2026-02-28,40350000.0,אילים,,False,False,0.0125,0.0035,5043.75,0.009000000000000001,3631.5000000000005,0
5126107,פוקוס 10/90,"אג""ח כללי בארץ- עד 10% מניות ללא סימן קריאה",,"אג""ח בארץ - כללי",2026-02-28,263070000.0,איילון,פוקוס,False,False,0.0079,0.0035,20782.530000000002,0.004400000000000001,11575.080000000004,0
5126123,פוקוס 20/80,"אג""ח כללי בארץ- עד 20% מניות",,"אג""ח בארץ - כללי",2026-02-28,396610000.0,איילון,פוקוס,False,False,0.0085,0.0035,33711.850000000006,0.005000000000000001,19830.500000000004,0
5126164,אלטשולר שחם 15-85,"אג""ח כללי בארץ- עד 15% מניות",,"אג""ח בארץ - כללי",2026-02-28,55860000.0,אלטשולר שחם,,False,False,0.0075,0.0035,4189.5,0.004,2234.4,0
5126180,אלטשולר שחם 35-65,"אג""ח כללי בארץ - חשיפה מרבית מעל 30% מניות",,"אג""ח בארץ - כללי",2026-02-28,16810000.0,אלטשולר שחם,,False,False,0.0085,0.0035,1428.8500000000001,0.005000000000000001,840.5000000000001,0
5126214,איביאי תיק קונצרני + 10%,חברות והמרה עם מניות ללא סימן קריאה,,"אג""ח בארץ- חברות והמרה",2026-02-28,49020000.0,אי.בי.אי,,False,False,0.006500000000000001,0.0035,3186.3,0.0030000000000000005,1470.6000000000001,0
5126230,איביאי גיא 25/75,"אג""ח כללי בארץ- עד 25% מניות",,"אג""ח בארץ - כללי",2026-02-28,81520000.0,אי.בי.אי,,False,False,0.0121,0.0035,9863.92,0.0086,7010.72,0
5126271,"אילים תיק אג""ח + 20%","אג""ח כללי בארץ- עד 20% מניות",,"אג""ח בארץ - כללי",2026-02-28,74780000.0,אילים,,False,False,0.0069,0.0035,5159.82,0.0034,2542.52,0
5126289,איילון תיק 15/85,"אג""ח כללי בארץ- עד 15% מניות",,"אג""ח בארץ - כללי",2026-02-28,26340000.0,איילון,,False,False,0.006500000000000001,0.0035,1712.1000000000001,0.0030000000000000005,790.2000000000002,0
5126347,מיטב תיק השקעות 15/85,"אג""ח כללי בארץ- עד 15% מניות",,"אג""ח בארץ - כללי",2026-02-28,311460000.0,מיטב,,False,False,0.0069,0.0035,21490.739999999998,0.0034,10589.64,0
5126420,כוון גמישה,גמישות,,גמישות,2026-02-28,66230000.00000001,איילון,כוון,False,False,0.0187,0.0035,12385.010000000002,0.015200000000000002,10066.960000000001,0
5126438,"מגדל נאסד""ק כפליים קרן ממונפת",ממונפות בסיכון גבוה,,ממונפות ואסטרטגיות,2026-02-28,265860000.0,מגדל,,False,False,0.036000000000000004,0.0035,95709.6,0.0325,86404.5,0
5126453,איביאי נטע מדינה ללא מניות,"אג""ח מדינה כללי- ללא מניות",,"אג""ח בארץ- מדינה",2026-02-28,363630000.0,אי.בי.אי,,False,False,0.0048,0.0035,17454.239999999998,0.0012999999999999995,4727.189999999999,0
5126479,איביאי (!) נוגה 25/75,"אג""ח כללי בארץ- עד 25% מניות",,"אג""ח בארץ - כללי",2026-02-28,99740000.0,אי.בי.אי,,False,False,0.0089,0.0035,8876.859999999999,0.0054,5385.96,0
5126487,מגדל מניות יתר,מניות Small Cap,,מניות בארץ,2026-02-28,18240000.0,מגדל,,False,False,0.0125,0.0035,2280.0,0.009000000000000001,1641.6000000000001,0
5126495,"איביאי (!) אג""ח פלוס 10/90","אג""ח כללי בארץ- עד 10% מניות ועם סימן קריאה",,"אג""ח בארץ - כללי",2026-02-28,142200000.0,אי.בי.אי,,False,False,0.0055000000000000005,0.0035,7821.000000000001,0.0020000000000000005,2844.000000000001,0
5126511,"מגדל (!) הזדמנויות באג""ח חברות סיכון מוגבר",חברות והמרה בסיכון גבוה,,"אג""ח בארץ- חברות והמרה",2026-02-28,131630000.0,מגדל,,False,False,0.0191,0.0035,25141.329999999998,0.0156,20534.28,0
5126560,כוון מניות ישראל,מניות All Cap,,מניות בארץ,2026-02-28,51150000.0,איילון,כוון,False,False,0.014499999999999999,0.0035,7416.75,0.011,5626.499999999999,0
5126586,"איביאי אג""ח חברות שקלי",חברות והמרה שקלי ללא מניות,,"אג""ח בארץ- חברות והמרה",2026-02-28,42880000.0,אי.בי.אי,,False,False,0.006,0.0035,2572.8,0.0025,1072.0,0
5126685,אנליסט מניות SMALL CAP ישראל,מניות Small Cap,,מניות בארץ,2026-02-28,248960000.0,אנליסט,,False,False,0.022099999999999998,0.0035,55020.159999999996,0.0186,46306.56,0
5126701,אלטשולר שחם סופה מניות,מניות All Cap,,מניות בארץ,2026-02-28,762980000.0,אלטשולר שחם,,False,False,0.022000000000000002,0.0035,167855.60000000003,0.018500000000000003,141151.30000000002,0
5126727,"אלטשולר שחם (!) תיק אג""ח ללא מניות","אג""ח כללי בארץ ללא מניות עם סימן קריאה",,"אג""ח בארץ - כללי",2026-02-28,134930000.0,אלטשולר שחם,,False,False,0.006999999999999999,0.0035,9445.099999999999,0.003499999999999999,4722.549999999998,0
5126776,קסם אקטיב 20-80,"אג""ח כללי בארץ- עד 20% מניות",,"אג""ח בארץ - כללי",2026-02-28,597060000.0,קסם,,False,False,0.008199999999999999,0.0035,48958.91999999999,0.004699999999999999,28061.819999999996,0
5126818,מור מחקה (!) תל בונד-תשואות צמודות,בריבית קבועה,,"אג""ח בארץ- חברות והמרה",2026-02-28,14470000.0,מור,,True,False,0.002,0.0,289.40000000000003,0.002,289.40000000000003,0
5126941,אילים מדינה שקלית פלוס,"אג""ח מדינה שקליות- עד 10% מניות",,"אג""ח בארץ- מדינה",2026-02-28,292760000.0,אילים,,False,False,0.0059,0.0035,17272.84,0.0024,7026.239999999999,0
5126990,מגדל כספית דולר,חשופת דולר,,קרן כספית,2026-02-28,139280000.0,מגדל,,False,False,0.0025,0.001,3482.0,0.0015,2089.2000000000003,1
5127006,אזימוט מניות,מניות All Cap,,מניות בארץ,2026-02-28,38530000.0,איילון,אזימוטליין,False,False,0.0218,0.0035,8399.539999999999,0.0183,7050.99,0
5127030,מיטב סולידית פלוס,"אג""ח כללי בארץ בדירוג גבוה (AA ומעלה ו/ או מדינה)- עד 10% מניות",,"אג""ח בארץ - כללי",2026-02-28,164490000.0,מיטב,,False,False,0.0059,0.0035,9704.91,0.0024,3947.7599999999998,0
5127055,"תכלית S&P Aerospace & Defense TTF מנוטרלת מט""ח",Aerospace & Defense,,"מניות בחו""ל",2026-02-28,406300000.0,מיטב,,True,False,0.0055000000000000005,0.0,22346.500000000004,0.0055000000000000005,22346.500000000004,0
5127063,תכלית ISE Cyber Security TTF מנוטרלת דולר,Cyber Security,,"מניות בחו""ל",2026-02-28,105050000.0,מיטב,,True,False,0.008,0.0,8404.0,0.008,8404.0,0
5127089,"ילין לפידות מניות חו""ל נקובה $","מניות בחו""ל נקובת מט""ח",,"מניות בחו""ל",2026-02-28,182570000.0,ילין לפידות,,False,False,0.017,0.0035,31036.9,0.013500000000000002,24646.950000000004,0
5127105,תמיר פישמן ממשלתי עד שנתיים +5%,"אג""ח מדינה כללי- עד 10% מניות",,"אג""ח בארץ- מדינה",2026-02-28,98980000.0,תמיר פישמן,,False,False,0.0055000000000000005,0.002,5443.900000000001,0.0035000000000000005,3464.3,0
5127121,תמיר פישמן עוקבת תיק 3 הבנק הבינלאומי,"אג""ח כללי בארץ- עד 30% מניות",,"אג""ח בארץ - כללי",2026-02-28,678890000.0,תמיר פישמן,,False,False,0.0069,0.0035,46843.409999999996,0.0034,23082.26,0
5127139,שופן 20/80,"אג""ח כללי בארץ- עד 20% מניות",,"אג""ח בארץ - כללי",2026-02-28,22550000.0,סיגמא,א.נ.נ.י שופן,False,False,0.008199999999999999,0.0035,1849.0999999999997,0.004699999999999999,1059.8499999999997,0
5127147,איביאי מחקה Solactive US Internet,Internet,,"מניות בחו""ל",2026-02-28,41830000.0,אי.בי.אי,,True,False,0.008,0.0,3346.4,0.008,3346.4,0
5127162,MTF מחקה Bluestar Robotics מנוטרלת דולר,Robotics,,"מניות בחו""ל",2026-02-28,101010000.0,מגדל,,True,False,0.008,0.0,8080.800000000001,0.008,8080.800000000001,0
5127188,אלפי בנדק מניות ישראל,מניות All Cap,,מניות בארץ,2026-02-28,128830000.00000001,הראל,אלפי בנדק,False,False,0.0169,0.0035,21772.27,0.013399999999999999,17263.219999999998,0
5127204,"איביאי אג""ח + 15%","אג""ח כללי בארץ- עד 15% מניות",,"אג""ח בארץ - כללי",2026-02-28,111650000.0,אי.בי.אי,,False,False,0.0069,0.0035,7703.849999999999,0.0034,3796.1,0
5127212,מוניטר גמישה,גמישות,,גמישות,2026-02-28,7100000.0,איילון,מוניטר בית השקעות,False,False,0.012,0.0035,852.0,0.0085,603.5,0
5127220,מוניטר 30/70 - נקובה $,"אג""ח נקובת מט""ח",,"אג""ח בחו""ל",2026-02-28,12140000.0,איילון,מוניטר בית השקעות,False,False,0.0095,0.0035,1153.3,0.006,728.4,0
5127253,"קסם אקטיב מניות רובוטיקה חו""ל","מניות לפי ענפים בחו""ל",,"מניות בחו""ל",2026-02-28,70470000.0,קסם,,False,False,0.0194,0.0035,13671.18,0.0159,11204.730000000001,0
5127279,דולפין גמישה,גמישות,,גמישות,2026-02-28,70480000.0,איילון,דולפין 1 השקעות,False,False,0.019,0.0035,13391.199999999999,0.0155,10924.4,0
5127287,"תכלית S&P Utilities TTF מנוטרלת מט""ח",Utilities,,"מניות בחו""ל",2026-02-28,61410000.0,מיטב,,True,False,0.006,0.0,3684.6,0.006,3684.6,0
5127329,תכלית PHLX Semiconductor Sector TTF,Semiconductor,,"מניות בחו""ל",2026-02-28,1064599999.9999999,מיטב,,True,False,0.008,0.0,85168.0,0.008,85168.0,0
5127360,"הראל אג""ח קונצרני מדורג",חברות והמרה ללא מניות וללא סימן קריאה,,"אג""ח בארץ- חברות והמרה",2026-02-28,140010000.0,הראל,,False,False,0.003,0.0035,4200.3,-0.0005,-700.0500000000001,0
5127378,MTF מחקה Bluestar Artificial Intelligence מנוטרלת דולר,Technology,,"מניות בחו""ל",2026-02-28,137420000.0,מגדל,,True,False,0.008,0.0,10993.6,0.008,10993.6,0
5127402,MTF מחקה Indxx USA E-Commerce,e-Commerce,,"מניות בחו""ל",2026-02-28,45550000.0,מגדל,,True,False,0.008,0.0,3644.0000000000005,0.008,3644.0000000000005,0
5127428,"MTF מחקה ת""א סקטור-באלאנס",Large & Mid Cap,,מניות בארץ,2026-02-28,133830000.00000001,מגדל,,True,False,0.0025,0.0,3345.7500000000005,0.0025,3345.7500000000005,0
5127469,אי בי אי מחקה S&P 500,אמריקה- שווקים מפותחים,,"מניות בחו""ל",2026-02-28,1239600000.0,אי.בי.אי,,True,False,0.0025,0.0,30990.0,0.0025,30990.0,0
5127477,"מור אג""ח מדינה + 15%","אג""ח מדינה כללי- עד 20% מניות",,"אג""ח בארץ- מדינה",2026-02-28,224420000.0,מור,,False,False,0.0063,0.0035,14138.46,0.0028,6283.76,0
5127493,איביאי D.A MODEL,"ארה""ב חשופת מט""ח",,"מניות בחו""ל",2026-02-28,2430000.0,אי.בי.אי,,False,False,0.013500000000000002,0.0035,328.05000000000007,0.010000000000000002,243.00000000000006,0
5127501,"הראל מחקה Dax - מנוטרלת מט""ח",אירופה- שווקים מפותחים,,"מניות בחו""ל",2026-02-28,200190000.0,הראל,,True,False,0.0,0.0,0.0,0.0,0.0,0
5127527,"הראל מחקה S&P 500 - מנוטרלת מט""ח",אמריקה- שווקים מפותחים,,"מניות בחו""ל",2026-02-28,1094050000.0,הראל,,True,False,0.0,0.0,0.0,0.0,0.0,0
5127535,"קסם KTF ת""א סקטור-באלאנס",Large & Mid Cap,,מניות בארץ,2026-02-28,242560000.0,קסם,,True,False,0.0025,0.0,6064.0,0.0025,6064.0,0
5127543,קסם DAX KTF,אירופה- שווקים מפותחים,,"מניות בחו""ל",2026-02-28,27230000.0,קסם,,True,False,0.0,0.0,0.0,0.0,0.0,0
5127550,"קסם S&P Aerospace & Defense KTF מנוטרלת מט""ח",Aerospace & Defense,,"מניות בחו""ל",2026-02-28,83940000.0,קסם,,True,False,0.006999999999999999,0.0,5875.799999999999,0.006999999999999999,5875.799999999999,0
5127568,"איילון קנאביס חו""ל","מניות לפי ענפים בחו""ל",,"מניות בחו""ל",2026-02-28,2450000.0,איילון,,False,False,0.016,0.0035,392.00000000000006,0.0125,306.25,0
5127576,פסטרנק שהם מניות,מניות All Cap,,מניות בארץ,2026-02-28,2212700000.0,איילון,פסטרנק שהם,False,False,0.0175,0.0035,387222.50000000006,0.014000000000000002,309778.00000000006,0
5127584,"תכלית TTF ת""א סקטור-באלאנס",Large & Mid Cap,,מניות בארץ,2026-02-28,97970000.0,מיטב,,True,False,0.0025,0.0,2449.25,0.0025,2449.25,0
5127592,"MTF מחקה Indxx US Cloud Computing מנוטרלת מט""ח",Cloud Computing,,"מניות בחו""ל",2026-02-28,39220000.0,מגדל,,True,False,0.008,0.0,3137.6000000000004,0.008,3137.6000000000004,0
5127600,"תכלית ISE CTA Cloud Computing TTF מנוטרלת מט""ח",Cloud Computing,,"מניות בחו""ל",2026-02-28,71990000.0,מיטב,,True,False,0.008,0.0,5759.200000000001,0.008,5759.200000000001,0
5127642,MTF מחקה DAX,אירופה- שווקים מפותחים,,"מניות בחו""ל",2026-02-28,55680000.0,מגדל,,True,False,0.0,0.0,0.0,0.0,0.0,0
5127659,"MTF מחקה DAX מנוטרלת מט""ח",אירופה- שווקים מפותחים,,"מניות בחו""ל",2026-02-28,57020000.0,מגדל,,True,False,0.0,0.0,0.0,0.0,0.0,0
5127667,MTF מחקה S&P 500 Bond Mega 30 Investment Grade 3-5 Year,"חברות והמרה חשופת מט""ח - בינוני",,"אג""ח בחו""ל",2026-02-28,112830000.0,מגדל,,True,False,0.0025,0.0,2820.75,0.0025,2820.75,0
5127709,MTF מחקה תל בונד שקלי,בריבית קבועה,,"אג""ח בארץ- חברות והמרה",2026-02-28,706560000.0,מגדל,,True,False,0.002,0.0,14131.2,0.002,14131.2,0
5127717,קסם אקטיב 15/85,"אג""ח כללי בארץ- עד 15% מניות",,"אג""ח בארץ - כללי",2026-02-28,283140000.0,קסם,,False,False,0.0068000000000000005,0.0035,19253.52,0.0033000000000000004,9343.62,0
5127725,מור השקעות (קרן),גמישות,,גמישות,2026-02-28,810540000.0,מור,,False,False,0.0155,0.0035,125633.7,0.012,97264.8,0
5127733,איביאי מחקה Solactive North American Cannabis,Cannabis,,"מניות בחו""ל",2026-02-28,5420000.0,אי.בי.אי,,True,False,0.01,0.0,542.0,0.01,542.0,0
5127766,אי בי אי מחקה Nasdaq 100,אמריקה- שווקים מפותחים,,"מניות בחו""ל",2026-02-28,710620000.0,אי.בי.אי,,True,False,0.003,0.0,21318.600000000002,0.003,21318.600000000002,0
5127774,"הראל תיק אג""ח חו""ל - נקובה $","אג""ח נקובת מט""ח",,"אג""ח בחו""ל",2026-02-28,27930000.0,הראל,,False,False,0.003,0.0035,837.9,-0.0005,-139.65,0
5127782,הראל מדינה + 10%,"אג""ח מדינה כללי- עד 10% מניות",,"אג""ח בארץ- מדינה",2026-02-28,16350000.000000002,הראל,,False,False,0.0043,0.0035,703.0500000000001,0.0007999999999999999,130.8,0
5127790,הראל כספית מגמת ריבית,כספית שקלית עם קונצרני,,קרן כספית,2026-02-28,10381820000.0,הראל,,False,False,0.0018,0.001,186872.76,0.0007999999999999999,83054.56,1
5127808,הראל כספית דולרית מגמת ריבית,חשופת דולר,,קרן כספית,2026-02-28,579950000.0,הראל,,False,False,0.002,0.001,11599.000000000002,0.001,5799.500000000001,1
5127857,"קסם Indxx USD Disruptive Technologies KTF מנוטרלת מט""ח",Technology,,"מניות בחו""ל",2026-02-28,16350000.000000002,קסם,,True,False,0.006999999999999999,0.0,1144.5,0.006999999999999999,1144.5,0
5127865,איביאי מחקה Solactive FinTech,Fintech,,"מניות בחו""ל",2026-02-28,5270000.0,אי.בי.אי,,True,False,0.008,0.0,421.6,0.008,421.6,0
5127881,קסם אקטיב כספית פטורה,כספית שקלית עם קונצרני,,קרן כספית,2026-02-28,6754850000.0,קסם,,False,False,0.0024,0.001,162116.4,0.0013999999999999998,94567.9,1
5127907,MTF מחקה תל בונד שקלי 50,בריבית קבועה,,"אג""ח בארץ- חברות והמרה",2026-02-28,393280000.0,מגדל,,True,False,0.0025,0.0,9832.0,0.0025,9832.0,0
5127915,תכלית ISE CTA Cloud Computing TTF,Cloud Computing,,"מניות בחו""ל",2026-02-28,37170000.0,מיטב,,True,False,0.006,0.0,2230.2000000000003,0.006,2230.2000000000003,0
5127923,"מיטב 10/90 תיק אג""ח חו""ל","אג""ח חשופת מט""ח",,"אג""ח בחו""ל",2026-02-28,18330000.0,מיטב,,False,False,0.0075,0.0035,1374.7499999999998,0.004,733.2,0
5127931,מיטב מדינה + 10%,"אג""ח מדינה כללי- עד 10% מניות",,"אג""ח בארץ- מדינה",2026-02-28,221810000.0,מיטב,,False,False,0.0059,0.0035,13086.789999999999,0.0024,5323.44,0
5127949,איביאי עד 3 שנים 10/90,"אג""ח כללי בארץ- עד 10% מניות ללא סימן קריאה",,"אג""ח בארץ - כללי",2026-02-28,1359880000.0,אי.בי.אי,,False,False,0.0069,0.0035,93831.72,0.0034,46235.92,0
5127980,ISP Asset Managementי 10/90,"אג""ח כללי בארץ- עד 10% מניות ללא סימן קריאה",,"אג""ח בארץ - כללי",2026-02-28,140280000.0,איילון,איי.אס.פי.,False,False,0.008,0.0035,11222.400000000001,0.0045000000000000005,6312.6,0
5127998,"איביאי אג""ח דולר ריבית משתנה פלוס","אג""ח חשופת דולר",,"אג""ח בחו""ל",2026-02-28,18240000.0,אי.בי.אי,,False,False,0.0089,0.0035,1623.36,0.0054,984.96,0
5128004,"אלטשולר שחם ממשלת ארה""ב עד שנתיים דולרית","אג""ח חשופת דולר",,"אג""ח בחו""ל",2026-02-28,8710000.0,אלטשולר שחם,,False,False,0.006,0.0035,522.6,0.0025,217.75,0
5128020,MTF מחקה Indxx Global Medical Devices מנוטרלת דולר,Health Care,,"מניות בחו""ל",2026-02-28,23590000.0,מגדל,,True,False,0.008,0.0,1887.2,0.008,1887.2,0
5128038,MTF מחקה S&P 500 Bond Mega 30 Investment Grade 1-3 Year,"חברות והמרה חשופת מט""ח - קצר",,"אג""ח בחו""ל",2026-02-28,279760000.0,מגדל,,True,False,0.0025,0.0,6994.0,0.0025,6994.0,0
5128079,"קסם Russell 2000 KTF מנוטרלת מט""ח",אמריקה- שווקים מפותחים,,"מניות בחו""ל",2026-02-28,185660000.0,קסם,,True,False,0.0025,0.0,4641.5,0.0025,4641.5,0
5128087,קסם אקטיב כספית דולרית,חשופת דולר,,קרן כספית,2026-02-28,310810000.0,קסם,,False,False,0.002,0.001,6216.200000000001,0.001,3108.1000000000004,1
5128095,הראל מחקה תל בונד מאגר,"אג""ח חברות שקלי וצמוד",,"אג""ח בארץ- חברות והמרה",2026-02-28,185020000.0,הראל,,True,False,0.0,0.0,0.0,0.0,0.0,0
5128103,הראל מחקה תל גוב-משתנה שקלי,ריבית משתנה ממשלתיות,,"אג""ח בארץ- מדינה",2026-02-28,23510000.0,הראל,,True,False,0.001,0.0,235.10000000000002,0.001,235.10000000000002,0
5128111,הראל מחקה תל גוב-שקלי,ריבית קבועה,,"אג""ח בארץ- מדינה",2026-02-28,76880000.0,הראל,,True,False,0.0014000000000000002,0.0,1076.3200000000002,0.0014000000000000002,1076.3200000000002,0
5128137,הראל מחקה תל גוב-שקלי 5+,ריבית קבועה - ארוך,,"אג""ח בארץ- מדינה",2026-02-28,44300000.0,הראל,,True,False,0.0015,0.0,664.5,0.0015,664.5,0
5128194,"הראל מחקה משולבת אג""ח ישראל (90%) ומניות (10%) חודשי",עד 10% מניות,,"אג""ח בארץ משולבת",2026-02-28,30140000.0,הראל,,True,False,0.0,0.0,0.0,0.0,0.0,0
5128202,"הראל מחקה משולבת מניות חו""ל חודשי מנוטרלת מט""ח","מניות בחו""ל קרן משולבת",,"מניות בחו""ל",2026-02-28,282060000.0,הראל,,True,False,0.0,0.0,0.0,0.0,0.0,0
5128210,"הראל מחקה משולבת אג""ח ישראל (85%) מניות ישראל-חול (15%) חודשי מנוטרלת מט""ח",עד 20% מניות,,"אג""ח בארץ משולבת",2026-02-28,48320000.0,הראל,,True,False,0.0,0.0,0.0,0.0,0.0,0
5128236,"הראל מחקה משולבת מניות חו""ל חודשי","מניות בחו""ל קרן משולבת",,"מניות בחו""ל",2026-02-28,86020000.0,הראל,,True,False,0.0,0.0,0.0,0.0,0.0,0
5128244,"הראל מחקה משולבת מניות סקטורים ארה""ב חודשי","מניות בחו""ל קרן משולבת",,"מניות בחו""ל",2026-02-28,58840000.0,הראל,,True,False,0.0,0.0,0.0,0.0,0.0,0
5128251,"הראל מחקה משולבת מניות סקטורים ארה""ב חודשי מנוטרלת מט""ח","מניות בחו""ל קרן משולבת",,"מניות בחו""ל",2026-02-28,33810000.0,הראל,,True,False,0.0,0.0,0.0,0.0,0.0,0
5128293,אלפא טק גמישה,גמישות,,גמישות,2026-02-28,17900000.0,הראל,אלפא טק,False,False,0.0095,0.0035,1700.4999999999998,0.006,1074.0,0
5128343,ילין לפידות צמוד מדינה,"אג""ח מדינה צמוד מדד- ללא מניות",,"אג""ח בארץ- מדינה",2026-02-28,38230000.0,ילין לפידות,,False,False,0.0059,0.0035,2255.5699999999997,0.0024,917.5199999999999,0
5128350,"ילין לפידות (!) אג""ח ישראל","אג""ח כללי בארץ ללא מניות עם סימן קריאה",,"אג""ח בארץ - כללי",2026-02-28,252580000.0,ילין לפידות,,False,False,0.0075,0.0035,18943.5,0.004,10103.2,0
5128368,"ילין לפידות מניות ערך ת""א 125",מניות Large & Mid Cap,,מניות בארץ,2026-02-28,660340000.0,ילין לפידות,,False,False,0.015,0.0035,99050.99999999999,0.0115,75939.1,0
5128376,מור 30/70,"אג""ח כללי בארץ- עד 30% מניות",,"אג""ח בארץ - כללי",2026-02-28,1005370000.0,מור,,False,False,0.0079,0.0035,79424.23000000001,0.004400000000000001,44236.28000000001,0
5128418,"דולפין אג""ח סולידית","אג""ח כללי בארץ בדירוג גבוה בלבד (AA ומעלה ו/ או מדינה)",,"אג""ח בארץ - כללי",2026-02-28,99920000.0,איילון,דולפין 1 השקעות,False,False,0.0059,0.0035,5895.28,0.0024,2398.08,0
5128434,איביאי (!) תיק קונצרני,חברות והמרה ללא מניות עם סימן קריאה,,"אג""ח בארץ- חברות והמרה",2026-02-28,1605810000.0,אי.בי.אי,,False,False,0.0089,0.0035,142917.09,0.0054,86713.74,0
5128442,איביאי מחקה Nasdaq Global Smart Airlines,Transportation,,"מניות בחו""ל",2026-02-28,41270000.0,אי.בי.אי,,True,False,0.008,0.0,3301.6000000000004,0.008,3301.6000000000004,0
5128459,MTF מחקה Bluestar China Internet Software,Internet,,"מניות בחו""ל",2026-02-28,14020000.0,מגדל,,True,False,0.008,0.0,1121.6000000000001,0.008,1121.6000000000001,0
5128467,MTF מחקה Bluestar Asia Technology,Technology,,"מניות בחו""ל",2026-02-28,65910000.0,מגדל,,True,False,0.006,0.0,3954.6,0.006,3954.6,0
5128475,פורטה 10/90,"אג""ח כללי בארץ- עד 10% מניות ללא סימן קריאה",,"אג""ח בארץ - כללי",2026-02-28,453990000.0,סיגמא,פורטה,False,False,0.0062,0.0035,28147.38,0.0026999999999999997,12257.729999999998,0
5128483,"פורטה (!) אג""ח כללי","אג""ח כללי בארץ ללא מניות עם סימן קריאה",,"אג""ח בארץ - כללי",2026-02-28,92200000.0,סיגמא,פורטה,False,False,0.006,0.0035,5532.0,0.0025,2305.0,0
5128491,ילין לפידות 25/75 צמיחה,"אג""ח כללי בארץ- עד 25% מניות",,"אג""ח בארץ - כללי",2026-02-28,335400000.0,ילין לפידות,,False,False,0.0079,0.0035,26496.600000000002,0.004400000000000001,14757.600000000004,0
5128509,דיאמונד מניות גלובאלי,"מניות כללי בחו""ל חשופת מט""ח",,"מניות בחו""ל",2026-02-28,13730000.0,איילון,דיאמונד,False,False,0.0144,0.0035,1977.1200000000001,0.0109,1496.57,0
5128525,פורטה מניות,מניות All Cap,,מניות בארץ,2026-02-28,336660000.0,סיגמא,פורטה,False,False,0.018500000000000003,0.0035,62282.100000000006,0.015000000000000003,50499.000000000015,0
5128541,"פורטה אג""ח ללא מניות","אג""ח כללי בארץ ללא מניות וללא סימן קריאה",,"אג""ח בארץ - כללי",2026-02-28,529100000.0,סיגמא,פורטה,False,False,0.0075,0.0035,39682.5,0.004,21164.0,0
5128566,"גביש (!) אג""ח חברות ללא מניות",חברות והמרה ללא מניות עם סימן קריאה,,"אג""ח בארץ- חברות והמרה",2026-02-28,38960000.0,סיגמא,גביש פיננסים,False,False,0.0089,0.0035,3467.4399999999996,0.0054,2103.84,0
5128590,"הראל גביש תיק אג""ח ללא מניות","אג""ח כללי בארץ ללא מניות וללא סימן קריאה",,"אג""ח בארץ - כללי",2026-02-28,1069030000.0,הראל,,False,False,0.0073,0.0035,78039.19,0.0038,40623.14,0
5128616,FOREST מניות,מניות All Cap,,מניות בארץ,2026-02-28,256769999.99999997,פורסט,,False,False,0.012,0.0035,30812.399999999998,0.0085,21825.45,0
5128624,MTF מחקה Bluestar E-Games,e-Gaming,,"מניות בחו""ל",2026-02-28,13190000.0,מגדל,,True,False,0.008,0.0,1055.2,0.008,1055.2,0
5128632,"מיטב (!) אג""ח תשואה כוללת","אג""ח כללי בארץ ללא מניות עם סימן קריאה",,"אג""ח בארץ - כללי",2026-02-28,149940000.0,מיטב,,False,False,0.0074,0.0035,11095.560000000001,0.0039000000000000003,5847.66,0
5128640,מיטב (!) נבחרת קונצרני,חברות והמרה ללא מניות עם סימן קריאה,,"אג""ח בארץ- חברות והמרה",2026-02-28,675300000.0,מיטב,,False,False,0.0079,0.0035,53348.700000000004,0.004400000000000001,29713.200000000008,0
5128665,איביאי עד 3 שנים 30/70,"אג""ח כללי בארץ- עד 30% מניות",,"אג""ח בארץ - כללי",2026-02-28,219300000.0,אי.בי.אי,,False,False,0.0069,0.0035,15131.699999999999,0.0034,7456.2,0
5128673,סיגמא מדינה צמודה פלוס,"אג""ח מדינה צמוד מדד- עד 10% מניות",,"אג""ח בארץ- מדינה",2026-02-28,1443430000.0,סיגמא,,False,False,0.0064,0.0035,92379.51999999999,0.0029000000000000002,41859.47000000001,0
5128756,תכלית Dow Jones Internet Composite TTF,Internet,,"מניות בחו""ל",2026-02-28,10570000.0,מיטב,,True,False,0.006,0.0,634.2,0.006,634.2,0
5128772,תכלית All-Bond TTF דולר וטופ 5 בתל בונד-20 צמודות,אחר,,"אג""ח בארץ- חברות והמרה",2026-02-28,38140000.0,מיטב,,True,False,0.002,0.0,762.8000000000001,0.002,762.8000000000001,0
5128814,תמיר פישמן DIGITAL ECONOMY,"מניות כללי בחו""ל חשופת מט""ח",,"מניות בחו""ל",2026-02-28,31070000.0,תמיר פישמן,,False,False,0.0149,0.0035,4629.429999999999,0.0114,3541.98,0
5128848,"ב. אלטרנטיב (!) אג""ח קונצרני",חברות והמרה ללא מניות עם סימן קריאה,,"אג""ח בארץ- חברות והמרה",2026-02-28,385220000.0,איילון,בסט אלטרנטיב,False,False,0.0089,0.0035,34284.579999999994,0.0054,20801.88,0
5128855,איילון מניות גלובאלי,"מניות כללי בחו""ל חשופת מט""ח",,"מניות בחו""ל",2026-02-28,175560000.0,איילון,,False,False,0.015,0.0035,26333.999999999996,0.0115,20189.4,0
5128871,הראל עוקבת תיק מס' 3 - הבנק הבינלאומי,"אג""ח כללי בארץ- עד 30% מניות",,"אג""ח בארץ - כללי",2026-02-28,134230000.0,הראל,,False,False,0.0055000000000000005,0.0035,7382.6500000000015,0.0020000000000000005,2684.600000000001,0
5128897,"הראל שהם אג""ח סולידי ללא מניות","אג""ח כללי בארץ בדירוג גבוה בלבד (AA ומעלה ו/ או מדינה)",,"אג""ח בארץ - כללי",2026-02-28,67560000.0,הראל,,False,False,0.0025,0.0035,1689.0,-0.001,-675.6,0
5128905,קסם NASDAQ 100 KTF,אמריקה- שווקים מפותחים,,"מניות בחו""ל",2026-02-28,1678200000.0,קסם,,True,False,0.0,0.0,0.0,0.0,0.0,0
5128913,קסם DJ Internet Composite KTF,Internet,,"מניות בחו""ל",2026-02-28,6430000.0,קסם,,True,False,0.005,0.0,321.5,0.005,321.5,0
5128939,תכלית TTFי Indxx US eGaming & Virtual Reality,e-Gaming,,"מניות בחו""ל",2026-02-28,21880000.0,מיטב,,True,False,0.008,0.0,1750.4,0.008,1750.4,0
5128947,"איילון אקסטרים נאסד""ק 100 פי 3",ממונפות בסיכון גבוה,,ממונפות ואסטרטגיות,2026-02-28,114980000.0,איילון,,False,False,0.018500000000000003,0.0035,21271.300000000003,0.015000000000000003,17247.000000000004,0
5128962,מור מניות טכנולוגיה גלובלי,"מניות לפי ענפים בחו""ל",,"מניות בחו""ל",2026-02-28,203950000.0,מור,,False,False,0.021,0.0035,42829.5,0.0175,35691.25000000001,0
5128970,"תכלית TTF ת""א-פמילי",אחר,,מניות בארץ,2026-02-28,90150000.0,מיטב,,True,False,0.005,0.0,4507.5,0.005,4507.5,0
5128988,תכלית TTFי Indxx US Junior Cybersecurity,Cyber Security,,"מניות בחו""ל",2026-02-28,17230000.0,מיטב,,True,False,0.008,0.0,1378.4,0.008,1378.4,0
5128996,"קסם אקטיב תיק אג""ח ומניות","אג""ח כללי בארץ - חשיפה מרבית מעל 30% מניות",,"אג""ח בארץ - כללי",2026-02-28,107760000.0,קסם,,False,False,0.0079,0.0035,8513.04,0.004400000000000001,4741.440000000001,0
5129002,קסם KTF תל בונד-שקלי AA-AAA,בריבית קבועה,,"אג""ח בארץ- חברות והמרה",2026-02-28,199630000.0,קסם,,True,False,0.002,0.0,3992.6000000000004,0.002,3992.6000000000004,0
5129010,קסם KTF תל בונד-צמודות AA-AAA,בריבית קבועה,,"אג""ח בארץ- חברות והמרה",2026-02-28,365030000.0,קסם,,True,False,0.002,0.0,7300.6,0.002,7300.6,0
5129028,קסם KTF תל בונד-צמודות 3-5,בריבית קבועה - בינוני,,"אג""ח בארץ- חברות והמרה",2026-02-28,64190000.0,קסם,,True,False,0.0034999999999999996,0.0,2246.6499999999996,0.0034999999999999996,2246.6499999999996,0
5129036,קסם All-Bond KTF-דולר וטופ 5 בתל בונד-20 צמודות,אחר,,"אג""ח בארץ- חברות והמרה",2026-02-28,32610000.0,קסם,,True,False,0.0034999999999999996,0.0,1141.35,0.0034999999999999996,1141.35,0
5129069,MTF מחקה אינדקס A-AA ישראל 1-3,"אג""ח חברות שקלי וצמוד",,"אג""ח בארץ- חברות והמרה",2026-02-28,147120000.0,מגדל,,True,False,0.0025,0.0,3678.0,0.0025,3678.0,0
5129093,פורצ'ן גמישה,גמישות,,גמישות,2026-02-28,160650000.0,איילון,פורצ'ן,False,False,0.018000000000000002,0.0035,28917.000000000004,0.014500000000000002,23294.250000000004,0
5129101,"פורצ'ן (!) אג""ח בינלאומי","אג""ח חשופת מט""ח",,"אג""ח בחו""ל",2026-02-28,651540000.0,איילון,פורצ'ן,False,False,0.009000000000000001,0.0035,58638.600000000006,0.005500000000000001,35834.70000000001,0
5129119,פורצ'ן 10/90,"אג""ח כללי בארץ- עד 10% מניות ללא סימן קריאה",,"אג""ח בארץ - כללי",2026-02-28,355520000.0,איילון,פורצ'ן,False,False,0.008,0.0035,28441.600000000002,0.0045000000000000005,15998.400000000001,0
5129127,קסם S&P 500 Bond Mega 30 Investment Grade 3-5 Year KTF,"חברות והמרה חשופת מט""ח - בינוני",,"אג""ח בחו""ל",2026-02-28,275080000.0,קסם,,True,False,0.0025,0.0,6877.0,0.0025,6877.0,0
5129143,הראל אמלפי,"אג""ח כללי בארץ- עד 30% מניות",,"אג""ח בארץ - כללי",2026-02-28,53990000.0,הראל,,False,False,0.0043,0.0035,2321.57,0.0007999999999999999,431.91999999999996,0
5129168,"הראל מניות תנודתיות נמוכה ת""א Large & Mid Cap",מניות Large & Mid Cap,,מניות בארץ,2026-02-28,16469999.999999998,הראל,,False,False,0.011899999999999999,0.0035,1959.9299999999996,0.0084,1383.4799999999998,0
5129184,"קסם אקטיב תיק אג""ח + 15","אג""ח כללי בארץ- עד 15% מניות",,"אג""ח בארץ - כללי",2026-02-28,209820000.0,קסם,,False,False,0.0089,0.0035,18673.98,0.0054,11330.28,0
5129192,קסם KTF תל גוב-שקלי 5-10,ריבית קבועה - ארוך,,"אג""ח בארץ- מדינה",2026-02-28,583310000.0,קסם,,True,False,0.001,0.0,5833.1,0.001,5833.1,0
5129200,"ברומטר (!) אג""ח חברות ללא מניות",חברות והמרה ללא מניות עם סימן קריאה,,"אג""ח בארץ- חברות והמרה",2026-02-28,111830000.0,איילון,ברומטר,False,False,0.0079,0.0035,8834.570000000002,0.004400000000000001,4920.520000000001,0
5129218,אי בי אי מחקה STOXX Europe 600 מנוטרלת אירו,אירופה- כללי,,"מניות בחו""ל",2026-02-28,92780000.0,אי.בי.אי,,True,False,0.0025,0.0,2319.5,0.0025,2319.5,0
5129226,אי בי אי מחקה S&P Consumer Staples,Consumer Staples,,"מניות בחו""ל",2026-02-28,35530000.0,אי.בי.אי,,True,False,0.003,0.0,1065.9,0.003,1065.9,0
5129242,אי בי אי מחקה S&P Financial,Financial,,"מניות בחו""ל",2026-02-28,126010000.0,אי.בי.אי,,True,False,0.0025,0.0,3150.25,0.0025,3150.25,0
5129259,אי בי אי מחקה S&P Health Care,Health Care,,"מניות בחו""ל",2026-02-28,122170000.0,אי.בי.אי,,True,False,0.005,0.0,6108.5,0.005,6108.5,0
5129267,MTF מחקה Indxx Global E-Commerce,e-Commerce,,"מניות בחו""ל",2026-02-28,12520000.0,מגדל,,True,False,0.008,0.0,1001.6000000000001,0.008,1001.6000000000001,0
5129275,הראל מחקה S&P 500,אמריקה- שווקים מפותחים,,"מניות בחו""ל",2026-02-28,3181130000.0,הראל,,True,False,0.0,0.0,0.0,0.0,0.0,0
5129283,הראל מחקה NASDAQ 100,אמריקה- שווקים מפותחים,,"מניות בחו""ל",2026-02-28,1371380000.0,הראל,,True,False,0.0,0.0,0.0,0.0,0.0,0
5129309,"איביאי מחקה משולבת מניות ארה""ב חודשי","מניות בחו""ל קרן משולבת",,"מניות בחו""ל",2026-02-28,231020000.0,אי.בי.אי,,True,False,0.005,0.0,11551.0,0.005,11551.0,0
5129317,איילון עוקבת תיק 4 הבנק הבינלאומי,"אג""ח כללי בארץ - חשיפה מרבית מעל 30% מניות",,"אג""ח בארץ - כללי",2026-02-28,58410000.0,איילון,,False,False,0.0075,0.0035,4380.75,0.004,2336.4,0
5129333,"פוקוס אג""ח","אג""ח כללי בארץ ללא מניות וללא סימן קריאה",,"אג""ח בארץ - כללי",2026-02-28,264399999.99999997,איילון,פוקוס,False,False,0.0075,0.0035,19829.999999999996,0.004,10576.0,0
5129374,תכלית TTFי INDXX US Industrial Real Estate & Logistics,REIT - Real Estate,,"מניות בחו""ל",2026-02-28,34310000.0,מיטב,,True,False,0.008,0.0,2744.8,0.008,2744.8,0
5129382,"שופן אג""ח גלאט בפקוח ועד ההלכה של הגר""ש ואזנר והגר""נ קרליץ","אג""ח כללי בארץ ללא מניות וללא סימן קריאה",,"אג""ח בארץ - כללי",2026-02-28,16880000.0,סיגמא,א.נ.נ.י שופן,False,False,0.0089,0.0035,1502.32,0.0054,911.5200000000001,0
5129408,הראל כספית ניהול נזילות,כספית שקלית עם קונצרני,,קרן כספית,2026-02-28,4808150000.0,הראל,,False,False,0.0017000000000000001,0.001,81738.55,0.0007000000000000001,33657.05,1
5129424,הראל מחקה אינדקס לפדיון 2030 (מתגלגל כל 6 שנים),"אג""ח חברות שקלי וצמוד",,"אג""ח בארץ- חברות והמרה",2026-02-28,92760000.0,הראל,,True,False,0.002,0.0,1855.2,0.002,1855.2,0
5129432,קסם KTF תל בונד שקלי-50,בריבית קבועה,,"אג""ח בארץ- חברות והמרה",2026-02-28,137740000.0,קסם,,True,False,0.002,0.0,2754.8,0.002,2754.8,0
5129457,מור עוקבת תיק 2 הבנק הבינלאומי,"אג""ח כללי בארץ- עד 15% מניות",,"אג""ח בארץ - כללי",2026-02-28,530770000.0,מור,,False,False,0.0074,0.0035,39276.98,0.0039000000000000003,20700.03,0
5129465,"הראל מניות במומנטום ת""א Large & Mid Cap",מניות Large & Mid Cap,,מניות בארץ,2026-02-28,767950000.0,הראל,,False,False,0.0129,0.0035,99065.54999999999,0.0094,72187.3,0
5129473,"אלפא טק מניות חו""ל ESG","מניות כללי בחו""ל חשופת מט""ח",,"מניות בחו""ל",2026-02-28,32240000.000000004,הראל,אלפא טק,False,False,0.009000000000000001,0.0035,2901.6000000000004,0.005500000000000001,1773.2000000000007,0
5129499,"מגדל עוקבת מרכיב אג""ח - תיק 2 הבנק הבינלאומי","אג""ח כללי בארץ ללא מניות וללא סימן קריאה",,"אג""ח בארץ - כללי",2026-02-28,12940000.0,מגדל,,False,False,0.0060999999999999995,0.0035,789.3399999999999,0.0025999999999999994,336.43999999999994,0
5129507,איביאי מחקה Solactive Electronic Payment,e-Commerce,,"מניות בחו""ל",2026-02-28,2049999.9999999998,אי.בי.אי,,True,False,0.008,0.0,164.0,0.008,164.0,0
5129523,הראל כספית דולרית - נקובה $,"נקובת מט""ח",,קרן כספית,2026-02-28,7268690000.0,הראל,,False,False,0.0015,0.001,109030.35,0.0005,36343.450000000004,1
5129531,MTF מחקה אינדקס A ישראל 2-4,"אג""ח חברות שקלי וצמוד",,"אג""ח בארץ- חברות והמרה",2026-02-28,177310000.0,מגדל,,True,False,0.0025,0.0,4432.75,0.0025,4432.75,0
5129549,"MTF מחקה אינדקס אג""ח במינוף פיננסי נמוך","אג""ח חברות שקלי וצמוד",,"אג""ח בארץ- חברות והמרה",2026-02-28,148560000.0,מגדל,,True,False,0.0025,0.0,3714.0,0.0025,3714.0,0
5129564,"הפניקס קסם אג""ח כללי A ומעלה","אג""ח כללי בארץ ללא מניות וללא סימן קריאה",,"אג""ח בארץ - כללי",2026-02-28,280740000.0,קסם,,False,False,0.0037,0.0035,10387.380000000001,0.0002000000000000001,561.4800000000002,0
5129598,אלטשולר שחם עוקבת תיק 3 הבנק הבינלאומי,"אג""ח כללי בארץ- עד 30% מניות",,"אג""ח בארץ - כללי",2026-02-28,10960000.0,אלטשולר שחם,,False,False,0.006999999999999999,0.0035,767.1999999999999,0.003499999999999999,383.5999999999999,0
5129606,פסטרנק שהם גמישה,גמישות,,גמישות,2026-02-28,31010000.0,איילון,פסטרנק שהם,False,False,0.017,0.0035,5271.700000000001,0.013500000000000002,4186.350000000001,0
5129648,MTF מחקה Bluestar Global Connective Technologies,Internet,,"מניות בחו""ל",2026-02-28,40770000.0,מגדל,,True,False,0.008,0.0,3261.6000000000004,0.008,3261.6000000000004,0
5129655,אנליסט עוקבת תיק 3 הבנק הבינלאומי,"אג""ח כללי בארץ- עד 30% מניות",,"אג""ח בארץ - כללי",2026-02-28,77180000.0,אנליסט,,False,False,0.0069,0.0035,5325.42,0.0034,2624.12,0
5129663,"הראל מחקה אינדקס אג""ח תזרימיות A ומעלה","אג""ח חברות שקלי וצמוד",,"אג""ח בארץ- חברות והמרה",2026-02-28,65849999.99999999,הראל,,True,False,0.0015,0.0,987.7499999999999,0.0015,987.7499999999999,0
5129689,הראל מחקה תל בונד צמודות-בנקים ללא COCO,בריבית קבועה,,"אג""ח בארץ- חברות והמרה",2026-02-28,323250000.0,הראל,,True,False,0.0015,0.0,4848.75,0.0015,4848.75,0
5129697,הראל מחקה תל דיב,All Cap,,מניות בארץ,2026-02-28,70110000.0,הראל,,True,False,0.006,0.0,4206.6,0.006,4206.6,0
5129705,"הראל מחקה ת""א סקטור-באלאנס",Large & Mid Cap,,מניות בארץ,2026-02-28,169850000.0,הראל,,True,False,0.0013,0.0,2208.0499999999997,0.0013,2208.0499999999997,0
5129713,הראל מחקה S&P Consumer Discretionary,Consumer Discretionary,,"מניות בחו""ל",2026-02-28,9700000.0,הראל,,True,False,0.006,0.0,582.0,0.006,582.0,0
5129721,הראל מחקה DJ US Dividend,אמריקה- שווקים מפותחים,,"מניות בחו""ל",2026-02-28,22900000.0,הראל,,True,False,0.006999999999999999,0.0,1602.9999999999998,0.006999999999999999,1602.9999999999998,0
5129739,"הראל מחקה 2000 Russell מנוטרלת מט""ח",אמריקה- שווקים מפותחים,,"מניות בחו""ל",2026-02-28,115980000.0,הראל,,True,False,0.004,0.0,4639.200000000001,0.004,4639.200000000001,0
5129762,"הראל מחקה S&P Consumer Staples מנוטרלת מט""ח",Consumer Staples,,"מניות בחו""ל",2026-02-28,19870000.0,הראל,,True,False,0.006,0.0,1192.2,0.006,1192.2,0
5129770,"הראל מחקה iBoxx $ Corps Liquid 3-7 Years מנוטרלת מט""ח","חברות והמרה  מנוטרלת מט""ח - בינוני",,"אג""ח בחו""ל",2026-02-28,506340000.0,הראל,,True,False,0.0022,0.0,11139.480000000001,0.0022,11139.480000000001,0
5129788,"הראל מחקה S&P Technology מנוטרלת מט""ח",Technology,,"מניות בחו""ל",2026-02-28,231920000.0,הראל,,True,False,0.006999999999999999,0.0,16234.399999999998,0.006999999999999999,16234.399999999998,0
5129887,"MTF מחקה אינדקס ת""א 125 Quality",Large & Mid Cap,,מניות בארץ,2026-02-28,83800000.0,מגדל,,True,False,0.006,0.0,5028.0,0.006,5028.0,0
5129937,מור A ומעלה עד 4 שנים,"חברות והמרה ללא מניות וללא סימן קריאה, עם מגבלת מח""מ עד 5 שנים",,"אג""ח בארץ- חברות והמרה",2026-02-28,533789999.99999994,מור,,False,False,0.0076,0.0035,40568.04,0.0040999999999999995,21885.389999999996,0
5129945,תכלית TTFי Indxx US Food-Tech,Technology,,"מניות בחו""ל",2026-02-28,6320000.0,מיטב,,True,False,0.008,0.0,505.6,0.008,505.6,0
5129978,"FOREST (!) אג""ח ללא מניות","אג""ח כללי בארץ ללא מניות עם סימן קריאה",,"אג""ח בארץ - כללי",2026-02-28,701340000.0,פורסט,,False,False,0.0075,0.0035,52600.49999999999,0.004,28053.600000000002,0
5130000,"MTF מחקה אינדקס אג""ח בנקים וביטוח","אג""ח חברות שקלי וצמוד",,"אג""ח בארץ- חברות והמרה",2026-02-28,124570000.0,מגדל,,True,False,0.0025,0.0,3114.25,0.0025,3114.25,0
5130018,"הראל מחקה אינדקס אג""ח CoCo בנקים","אג""ח חברות שקלי וצמוד",,"אג""ח בארץ- חברות והמרה",2026-02-28,536740000.0,הראל,,True,False,0.0036,0.0,19322.64,0.0036,19322.64,0
5130026,הראל מחקה Dow Jones U.S. Select Medical Equipment,Health Care,,"מניות בחו""ל",2026-02-28,87530000.0,הראל,,True,False,0.008,0.0,7002.400000000001,0.008,7002.400000000001,0
5130042,איילון תיק מניות כשרה,מניות All Cap,,מניות בארץ,2026-02-28,111410000.0,איילון,,False,False,0.008,0.0035,8912.800000000001,0.0045000000000000005,5013.450000000001,0
5130059,ורדן Flexible,גמישות,,גמישות,2026-02-28,4810000.0,איילון,ורדן בית השקעות,False,False,0.018799999999999997,0.0035,904.2799999999999,0.015299999999999998,735.93,0
5130067,איביאי אסטרטגיות - ממונפת,ממונפות בסיכון גבוה,,ממונפות ואסטרטגיות,2026-02-28,458900000.0,אי.בי.אי,,False,False,0.02,0.0035,91780.0,0.0165,75718.5,0
5130083,MTF מחקה אינדקס צמודות בנקים וביטוח,בריבית קבועה,,"אג""ח בארץ- חברות והמרה",2026-02-28,75260000.0,מגדל,,True,False,0.002,0.0,1505.2,0.002,1505.2,0
5130091,קסם אקטיב כספית דולרית - נקובה $,"נקובת מט""ח",,קרן כספית,2026-02-28,658560000.0,קסם,,False,False,0.0025,0.001,16464.0,0.0015,9878.4,1
5130133,תכלית TTF תל בונד שקלי 3-5,בריבית קבועה - בינוני,,"אג""ח בארץ- חברות והמרה",2026-02-28,67860000.0,מיטב,,True,False,0.0,0.0,0.0,0.0,0.0,0
5130141,"תכלית TTFי Nasdaq Golden Dragon China מנוטרלת מט""ח",אסיה ופסיפיק- שווקים מתעוררים,,"מניות בחו""ל",2026-02-28,7910000.0,מיטב,,True,False,0.008,0.0,632.8000000000001,0.008,632.8000000000001,0
5130158,תכלית TTF תל בונד צמודות AA-AAA,בריבית קבועה,,"אג""ח בארץ- חברות והמרה",2026-02-28,194310000.0,מיטב,,True,False,0.002,0.0,3886.2000000000003,0.002,3886.2000000000003,0
5130166,תכלית TTF תל בונד שקלי 1-3,בריבית קבועה - קצר,,"אג""ח בארץ- חברות והמרה",2026-02-28,170140000.0,מיטב,,True,False,0.0,0.0,0.0,0.0,0.0,0
5130174,תכלית TTF תל בונד שקלי 5-15,בריבית קבועה - ארוך,,"אג""ח בארץ- חברות והמרה",2026-02-28,463090000.0,מיטב,,True,False,0.0005,0.0,2315.4500000000003,0.0005,2315.4500000000003,0
5130182,ילין לפידות 40/60,"אג""ח כללי בארץ - חשיפה מרבית מעל 30% מניות",,"אג""ח בארץ - כללי",2026-02-28,279990000.0,ילין לפידות,,False,False,0.0084,0.0035,23519.16,0.0049,13719.51,0
5130190,ילין לפידות A ומעלה + 10%,חברות והמרה עם מניות ללא סימן קריאה,,"אג""ח בארץ- חברות והמרה",2026-02-28,280060000.0,ילין לפידות,,False,False,0.0079,0.0035,22124.74,0.004400000000000001,12322.640000000003,0
5130208,ילין לפידות מדינה + 20%,"אג""ח מדינה כללי- עד 20% מניות",,"אג""ח בארץ- מדינה",2026-02-28,22450000.0,ילין לפידות,,False,False,0.0054,0.0035,1212.3000000000002,0.0019000000000000002,426.55,0
5130224,"מגדל אג""ח חברות + 25%",חברות והמרה עם מניות ללא סימן קריאה,,"אג""ח בארץ- חברות והמרה",2026-02-28,19160000.0,מגדל,,False,False,0.0069,0.0035,1322.04,0.0034,651.4399999999999,0
5130232,"אושן יצירה אג""ח ללא מניות","אג""ח כללי בארץ ללא מניות וללא סימן קריאה",,"אג""ח בארץ - כללי",2026-02-28,515780000.0,סיגמא,אושן פרטנרס,False,False,0.006999999999999999,0.0035,36104.6,0.003499999999999999,18052.299999999996,0
5130240,ברק גמישה,גמישות,,גמישות,2026-02-28,4390000.0,ברק,,False,False,0.018000000000000002,0.0035,790.2,0.014500000000000002,636.5500000000001,0
5130265,איביאי 20/90,אסטרטגיות (לא ממונפות),,ממונפות ואסטרטגיות,2026-02-28,282810000.0,אי.בי.אי,,False,False,0.0089,0.0035,25170.09,0.0054,15271.740000000002,0
5130273,הראל מניות פיננסים,מניות לפי ענפים,,מניות בארץ,2026-02-28,141140000.0,הראל,,False,False,0.015,0.0035,21170.999999999996,0.0115,16231.1,0
5130299,איביאי מחקה BlueStar Defense & Cyber & Intelligence,Cyber Security,,"מניות בחו""ל",2026-02-28,8950000.0,אי.בי.אי,,True,False,0.008,0.0,716.0000000000001,0.008,716.0000000000001,0
5130307,איילון 10/90,"אג""ח כללי בארץ- עד 10% מניות ללא סימן קריאה",,"אג""ח בארץ - כללי",2026-02-28,271240000.0,איילון,,False,False,0.008,0.0035,21699.2,0.0045000000000000005,12205.800000000001,0
5130315,"איילון אג""ח ללא מניות","אג""ח כללי בארץ ללא מניות וללא סימן קריאה",,"אג""ח בארץ - כללי",2026-02-28,1044329999.9999999,איילון,,False,False,0.0079,0.0035,82502.07,0.004400000000000001,45950.52000000001,0
5130323,איילון מימון ואשראי חוץ בנקאי,מניות לפי ענפים,,מניות בארץ,2026-02-28,17650000.0,איילון,,False,False,0.015,0.0035,2647.4999999999995,0.0115,2029.75,0
5130349,ב. אלטרנטיב מניות ישראל,מניות All Cap,,מניות בארץ,2026-02-28,438250000.0,איילון,בסט אלטרנטיב,False,False,0.018000000000000002,0.0035,78885.0,0.014500000000000002,63546.250000000015,0
5130356,ילין לפידות (!) קונצרני ישראל,חברות והמרה ללא מניות עם סימן קריאה,,"אג""ח בארץ- חברות והמרה",2026-02-28,530480000.0,ילין לפידות,,False,False,0.0075,0.0035,39786.0,0.004,21219.2,0
5130364,מור ברקת 30/70,"אג""ח כללי בארץ- עד 30% מניות",,"אג""ח בארץ - כללי",2026-02-28,144940000.0,מור,,False,False,0.0058,0.0035,8406.519999999999,0.0022999999999999995,3333.6199999999994,0
5130372,MTF מחקה מדד משולב אינדקס בנקים ישראל 20/80 חודשי,עד 20% מניות,,"אג""ח בארץ משולבת",2026-02-28,191850000.0,מגדל,,True,False,0.0025,0.0,4796.25,0.0025,4796.25,0
5130380,אי בי אי מחקה תל בונד שקלי בנקים וביטוח,בריבית קבועה,,"אג""ח בארץ- חברות והמרה",2026-02-28,319400000.0,אי.בי.אי,,True,False,0.002,0.0,6388.000000000001,0.002,6388.000000000001,0
5130398,MTF מחקה Indxx Pure Cyber מנוטרלת דולר,Cyber Security,,"מניות בחו""ל",2026-02-28,9410000.0,מגדל,,True,False,0.008,0.0,752.8000000000001,0.008,752.8000000000001,0
5130414,"פרופאונד אג""ח מדורגות (!)",חברות והמרה ללא מניות עם סימן קריאה,,"אג""ח בארץ- חברות והמרה",2026-02-28,96020000.0,איילון,פרופאונד,False,False,0.008,0.0035,7681.6,0.0045000000000000005,4320.900000000001,0
5130422,פרופאונד גמישה,גמישות,,גמישות,2026-02-28,102240000.0,איילון,פרופאונד,False,False,0.0175,0.0035,17892.000000000004,0.014000000000000002,14313.600000000002,0
5130430,פרופאונד 20/80,"אג""ח כללי בארץ- עד 20% מניות",,"אג""ח בארץ - כללי",2026-02-28,28870000.0,איילון,פרופאונד,False,False,0.0077,0.0035,2222.9900000000002,0.004200000000000001,1212.5400000000002,0
5130455,"מיטב אג""ח קונצרני מדורג עד 5 שנים","חברות והמרה ללא מניות וללא סימן קריאה, עם מגבלת מח""מ עד 5 שנים",,"אג""ח בארץ- חברות והמרה",2026-02-28,106790000.0,מיטב,,False,False,0.0068000000000000005,0.0035,7261.72,0.0033000000000000004,3524.07,0
5130463,"מיטב אג""ח עד 4 שנים","אג""ח כללי בארץ ללא מניות וללא סימן קריאה, עם מגבלת מח""מ עד 5 שנים",,"אג""ח בארץ - כללי",2026-02-28,204000000.0,מיטב,,False,False,0.0059,0.0035,12036.0,0.0024,4895.999999999999,0
5130505,הראל איתן,גמישות,,גמישות,2026-02-28,404630000.0,הראל,,False,False,0.0,0.0035,0.0,-0.0035,-14162.050000000001,0
5130513,MTF מחקה תל גוב-שקלי 5+,ריבית קבועה - ארוך,,"אג""ח בארץ- מדינה",2026-02-28,258779999.99999997,מגדל,,True,False,0.0,0.0,0.0,0.0,0.0,0
5130521,"MTF מחקה S&P 500 Scored & Screened מנוטרלת מט""ח",אמריקה- שווקים מפותחים,,"מניות בחו""ל",2026-02-28,149430000.0,מגדל,,True,False,0.0,0.0,0.0,0.0,0.0,0
5130539,"הפניקס קסם (!) אג""ח ללא מניות","אג""ח כללי בארץ ללא מניות עם סימן קריאה",,"אג""ח בארץ - כללי",2026-02-28,671160000.0,קסם,,False,False,0.0084,0.0035,56377.439999999995,0.0049,32886.84,0
5130554,"הפניקס קסם מניות חו""ל","מניות כללי בחו""ל חשופת מט""ח",,"מניות בחו""ל",2026-02-28,395170000.0,קסם,,False,False,0.0179,0.0035,70735.43,0.0144,56904.48,0
5130588,"קסם אקטיב עוקבת מרכיב אג""ח - תיק 3 הבנק הבינלאומי","אג""ח כללי בארץ ללא מניות וללא סימן קריאה",,"אג""ח בארץ - כללי",2026-02-28,29450000.0,קסם,,False,False,0.0062,0.0035,1825.9,0.0026999999999999997,795.1499999999999,0
5130596,"MTF מחקה מדד משולב אינדקס נדל""ן מניב 20/80 חודשי",עד 20% מניות,,"אג""ח בארץ משולבת",2026-02-28,17470000.0,מגדל,,True,False,0.0,0.0,0.0,0.0,0.0,0
5130604,MTF מחקה אינדקס תשתיות לאומיות ישראל,תשתיות,,מניות בארץ,2026-02-28,878810000.0,מגדל,,True,False,0.005,0.0,43940.5,0.005,43940.5,0
5130612,סיגמא מדינה עד 5 שנים ללא מניות,"אג""ח מדינה כללי- ללא מניות",,"אג""ח בארץ- מדינה",2026-02-28,604320000.0,סיגמא,,False,False,0.0055000000000000005,0.0035,33237.600000000006,0.0020000000000000005,12086.400000000003,0
5130620,"MTF מחקה ת""א 90",Mid Cap,,מניות בארץ,2026-02-28,887190000.0,מגדל,,True,False,0.001,0.0,8871.900000000001,0.001,8871.900000000001,0
5130638,"הראל מחקה ת""א 90",Mid Cap,,מניות בארץ,2026-02-28,1489410000.0,הראל,,True,False,0.0,0.0,0.0,0.0,0.0,0
5130661,"הראל מחקה ת""א 35",Large Cap,,מניות בארץ,2026-02-28,1496130000.0,הראל,,True,False,0.0,0.0,0.0,0.0,0.0,0
5130687,"אי בי אי מחקה ת""א 35",Large Cap,,מניות בארץ,2026-02-28,392720000.0,אי.בי.אי,,True,False,0.0025,0.0,9818.0,0.0025,9818.0,0
5130695,אי בי אי מחקה תל בונד צמודות 3-5,בריבית קבועה - בינוני,,"אג""ח בארץ- חברות והמרה",2026-02-28,272610000.0,אי.בי.אי,,True,False,0.002,0.0,5452.200000000001,0.002,5452.200000000001,0
5130703,אי בי אי מחקה אינדקס A-AA מנגנון מרווח,"אג""ח חברות שקלי וצמוד",,"אג""ח בארץ- חברות והמרה",2026-02-28,535179999.99999994,אי.בי.אי,,True,False,0.003,0.0,16055.399999999998,0.003,16055.399999999998,0
5130729,אימפקט 10/90,"אג""ח כללי בארץ- עד 10% מניות ללא סימן קריאה",,"אג""ח בארץ - כללי",2026-02-28,44360000.0,איילון,אימפקט,False,False,0.008,0.0035,3548.8,0.0045000000000000005,1996.2,0
5130737,אי בי אי מחקה Shiller Barclays CAPE® US Core Mid-Month Sector,אמריקה- שווקים מפותחים,,"מניות בחו""ל",2026-02-28,597730000.0,אי.בי.אי,,True,False,0.0079,0.0,47220.670000000006,0.0079,47220.670000000006,0
5130745,MTF מחקה Indxx Renewable Energy מנוטרלת דולר,Alternative / Renewable Energy,,"מניות בחו""ל",2026-02-28,34470000.0,מגדל,,True,False,0.008,0.0,2757.6000000000004,0.008,2757.6000000000004,0
5130752,אי בי אי מחקה STOXX Europe 600,אירופה- כללי,,"מניות בחו""ל",2026-02-28,165400000.0,אי.בי.אי,,True,False,0.0025,0.0,4135.0,0.0025,4135.0,0
5130802,"פורצ'ן (!) אג""ח ללא מניות","אג""ח כללי בארץ ללא מניות עם סימן קריאה",,"אג""ח בארץ - כללי",2026-02-28,164780000.0,איילון,פורצ'ן,False,False,0.0079,0.0035,13017.62,0.004400000000000001,7250.320000000002,0
5130810,פסטרנק שהם 30/70,"אג""ח כללי בארץ- עד 30% מניות",,"אג""ח בארץ - כללי",2026-02-28,819910000.0,איילון,פסטרנק שהם,False,False,0.0078000000000000005,0.0035,63952.979999999996,0.0043,35256.130000000005,0
5130828,תכלית TTF תל בונד שקלי בנקים וביטוח,בריבית קבועה,,"אג""ח בארץ- חברות והמרה",2026-02-28,177420000.0,מיטב,,True,False,0.0,0.0,0.0,0.0,0.0,0
5130836,תכלית TTF תל בונד שקלי AA-AAA,בריבית קבועה,,"אג""ח בארץ- חברות והמרה",2026-02-28,182960000.0,מיטב,,True,False,0.0,0.0,0.0,0.0,0.0,0
5130851,קסם KTFי S&P 500 נקובה $,אמריקה- שווקים מפותחים,,"מניות בחו""ל",2026-02-28,80180000.0,קסם,,True,False,0.002,0.0,1603.6000000000001,0.002,1603.6000000000001,0
5130869,קסם KTFי Indxx Climate Change Solutions,Alternative / Renewable Energy,,"מניות בחו""ל",2026-02-28,15400000.0,קסם,,True,False,0.008,0.0,1232.0,0.008,1232.0,0
5130893,"MTF מחקה ת""א-טכנולוגיה",טכנולוגיה,,מניות בארץ,2026-02-28,182690000.0,מגדל,,True,False,0.0045000000000000005,0.0,8221.050000000001,0.0045000000000000005,8221.050000000001,0
5130919,"אי בי אי מחקה ת""א 90",Mid Cap,,מניות בארץ,2026-02-28,592940000.0,אי.בי.אי,,True,False,0.002,0.0,11858.800000000001,0.002,11858.800000000001,0
5130927,"קסם KTF ת""א - טכנולוגיה",טכנולוגיה,,מניות בארץ,2026-02-28,124890000.0,קסם,,True,False,0.0025,0.0,3122.25,0.0025,3122.25,0
5130943,"קסם KTF אינדקס אג""ח שקלי ביטוח ושירותים פיננסיים",בריבית קבועה,,"אג""ח בארץ- חברות והמרה",2026-02-28,22490000.0,קסם,,True,False,0.0,0.0,0.0,0.0,0.0,0
5130950,אנליסט סולידית LV,"אג""ח כללי בארץ בדירוג גבוה בלבד (AA ומעלה ו/ או מדינה)",,"אג""ח בארץ - כללי",2026-02-28,35470000.0,אנליסט,,False,False,0.005,0.0035,1773.5,0.0015,532.0500000000001,0
5130976,MTF מחקה Bluestar Solar Energy Industry מנוטרלת דולר,Alternative / Renewable Energy,,"מניות בחו""ל",2026-02-28,11380000.0,מגדל,,True,False,0.008,0.0,910.4000000000001,0.008,910.4000000000001,0
5130984,"ילין לפידות מניות נדל""ן",מניות לפי ענפים,,מניות בארץ,2026-02-28,42170000.0,ילין לפידות,,False,False,0.012,0.0035,5060.400000000001,0.0085,3584.4500000000003,0
5130992,אי בי אי מחקה תל בונד שקלי AA-AAA,בריבית קבועה,,"אג""ח בארץ- חברות והמרה",2026-02-28,215980000.0,אי.בי.אי,,True,False,0.002,0.0,4319.6,0.002,4319.6,0
5131008,אי בי אי מחקה תל בונד צמודות AA-AAA,בריבית קבועה,,"אג""ח בארץ- חברות והמרה",2026-02-28,307290000.0,אי.בי.אי,,True,False,0.002,0.0,6145.8,0.002,6145.8,0
5131040,מור אנרגיה נקיה גלובלי,"מניות לפי ענפים בחו""ל",,"מניות בחו""ל",2026-02-28,29300000.0,מור,,False,False,0.018500000000000003,0.0035,5420.500000000001,0.015000000000000003,4395.000000000001,0
5131057,"מגדל אג""ח מדינה ומניות עד 10%","אג""ח מדינה כללי- עד 10% מניות",,"אג""ח בארץ- מדינה",2026-02-28,312360000.0,מגדל,,False,False,0.0043,0.0035,13431.480000000001,0.0007999999999999999,2498.88,0
5131081,"הראל מחקה ת""א טכנולוגיה",טכנולוגיה,,מניות בארץ,2026-02-28,223190000.0,הראל,,True,False,0.0015,0.0,3347.85,0.0015,3347.85,0
5131099,"מגדל אג""ח ומניות עד 20%","אג""ח כללי בארץ- עד 20% מניות",,"אג""ח בארץ - כללי",2026-02-28,90740000.0,מגדל,,False,False,0.0075,0.0035,6805.499999999999,0.004,3629.6000000000004,0
5131107,"הראל (!) איתן אג""ח","אג""ח כללי בארץ ללא מניות עם סימן קריאה",,"אג""ח בארץ - כללי",2026-02-28,167270000.0,הראל,,False,False,0.0,0.0035,0.0,-0.0035,-5854.450000000001,0
5131115,"מגדל תיק אג""ח - הכנסה חודשית","אג""ח כללי בארץ- עד 15% מניות",,"אג""ח בארץ - כללי",2026-02-28,32400000.0,מגדל,,False,False,0.0118,0.0035,3823.2,0.0083,2689.2,0
5131131,מגדל מדינה פלוס A ומעלה,"אג""ח מדינה כללי- ללא מניות",,"אג""ח בארץ- מדינה",2026-02-28,370590000.0,מגדל,,False,False,0.0059,0.0035,21864.809999999998,0.0024,8894.16,0
5131164,הראל מחקה אינדקס AA-AAA ריאליות שקלי,בריבית קבועה,,"אג""ח בארץ- חברות והמרה",2026-02-28,37450000.0,הראל,,True,False,0.0029,0.0,1086.05,0.0029,1086.05,0
5131172,מגדל מדד מדינה,"אג""ח מדינה צמוד מדד- עד 10% מניות",,"אג""ח בארץ- מדינה",2026-02-28,207490000.0,מגדל,,False,False,0.0069,0.0035,14316.81,0.0034,7054.66,0
5131180,הראל מחקה אינדקס AA-AAA ריאליות צמוד,בריבית קבועה,,"אג""ח בארץ- חברות והמרה",2026-02-28,76160000.0,הראל,,True,False,0.0029,0.0,2208.64,0.0029,2208.64,0
5131198,תכלית TTFי S&P 500 Scored & Screened,אמריקה- שווקים מפותחים,,"מניות בחו""ל",2026-02-28,58090000.0,מיטב,,True,False,0.0,0.0,0.0,0.0,0.0,0
5131206,"קסם KTFי NASDAQ Biotechnology מנוטרלת מט""ח",Biotechnology,,"מניות בחו""ל",2026-02-28,13340000.0,קסם,,True,False,0.004,0.0,533.6,0.004,533.6,0
5131222,"MTF מחקה אינדקס אג""ח חברות ממשלתיות","אג""ח חברות שקלי וצמוד",,"אג""ח בארץ- חברות והמרה",2026-02-28,206510000.0,מגדל,,True,False,0.002,0.0,4130.200000000001,0.002,4130.200000000001,0
5131230,"מגדל דולר אגרסיבית אג""ח חו""ל","אג""ח חשופת דולר",,"אג""ח בחו""ל",2026-02-28,9310000.0,מגדל,,False,False,0.0137,0.0035,1275.47,0.0102,949.6200000000001,0
5131263,אנליסט 15/85,"אג""ח כללי בארץ- עד 15% מניות",,"אג""ח בארץ - כללי",2026-02-28,11530000.0,אנליסט,,False,False,0.0045000000000000005,0.0035,518.85,0.0010000000000000005,115.30000000000005,0
5131271,מגדל מניות ישראל Buy Side,מניות All Cap,,מניות בארץ,2026-02-28,140010000.0,מגדל,,False,False,0.0175,0.0035,24501.750000000004,0.014000000000000002,19601.4,0
5131289,"אי בי אי מחקה משולבת אג""ח מדינה (90%) אינדקס בנקים ישראל (10%) חודשי","אג""ח מדינה משולבת - עד 10% מניות",,"אג""ח בארץ- מדינה",2026-02-28,62290000.0,אי.בי.אי,,True,False,0.005,0.0,3114.5,0.005,3114.5,0
5131297,"מגדל נדל""ן",מניות לפי ענפים,,מניות בארץ,2026-02-28,29240000.0,מגדל,,False,False,0.0125,0.0035,3655.0,0.009000000000000001,2631.6000000000004,0
5131313,"מגדל מניות סייבר חו""ל","מניות לפי ענפים בחו""ל",,"מניות בחו""ל",2026-02-28,91930000.0,מגדל,,False,False,0.0194,0.0035,17834.42,0.0159,14616.87,0
5131339,מגדל שווקים מתעוררים,"מניות גיאוגרפי אחר חשופת מט""ח",,"מניות בחו""ל",2026-02-28,48620000.0,מגדל,,False,False,0.0125,0.0035,6077.5,0.009000000000000001,4375.8,0
5131347,"קסם KTFי משולבת אג""ח חברות (50%) אג""ח מדינה (50%) חודשי",ללא מניות,,"אג""ח בארץ משולבת",2026-02-28,17430000.0,קסם,,True,False,0.0,0.0,0.0,0.0,0.0,0
5131354,"מגדל ת""א Mid Cap",מניות Large & Mid Cap,,מניות בארץ,2026-02-28,19610000.0,מגדל,,False,False,0.0069,0.0035,1353.09,0.0034,666.74,0
5131362,איילון טכנולוגיה ישראל,מניות לפי ענפים,,מניות בארץ,2026-02-28,19900000.0,איילון,,False,False,0.0125,0.0035,2487.5,0.009000000000000001,1791.0,0
5131388,"מגדל מניות חו""ל נקובה $","מניות בחו""ל נקובת מט""ח",,"מניות בחו""ל",2026-02-28,18690000.0,מגדל,,False,False,0.0195,0.0035,3644.5499999999997,0.016,2990.4,0
5131404,"הראל מחקה ת""א בנייה","נדל""ן ובנייה",,מניות בארץ,2026-02-28,90780000.0,הראל,,True,False,0.0025,0.0,2269.5,0.0025,2269.5,0
5131420,"הראל מחקה ת""א מניב ישראל","נדל""ן ובנייה",,מניות בארץ,2026-02-28,142600000.0,הראל,,True,False,0.001,0.0,1426.0000000000002,0.001,1426.0000000000002,0
5131438,מגדל סין,"מניות גיאוגרפי אחר חשופת מט""ח",,"מניות בחו""ל",2026-02-28,10680000.0,מגדל,,False,False,0.0125,0.0035,1335.0,0.009000000000000001,961.2,0
5131446,"MTF מחקה Bluestar Top 10 US Banks מנוטרלת מט""ח",Banking,,"מניות בחו""ל",2026-02-28,303350000.0,מגדל,,True,False,0.005,0.0,15167.5,0.005,15167.5,0
5131453,"מגדל מניות ישראל ת""א 125",מניות Large & Mid Cap,,מניות בארץ,2026-02-28,121390000.0,מגדל,,False,False,0.0149,0.0035,18087.109999999997,0.0114,13838.460000000001,0
5131461,דרך מניות ערך בינלאומי כשר,"מניות כללי בחו""ל חשופת מט""ח",,"מניות בחו""ל",2026-02-28,20180000.0,סיגמא,דרך אינבסט,False,False,0.018500000000000003,0.0035,3733.3000000000006,0.015000000000000003,3027.000000000001,0
5131479,"מגדל אג""ח ישראל סולידית","אג""ח כללי בארץ בדירוג גבוה בלבד (AA ומעלה ו/ או מדינה)",,"אג""ח בארץ - כללי",2026-02-28,7040000.0,מגדל,,False,False,0.0059,0.0035,415.35999999999996,0.0024,168.95999999999998,0
5131487,"קסם KTF ת""א-מניב ישראל","נדל""ן ובנייה",,מניות בארץ,2026-02-28,84710000.0,קסם,,True,False,0.0015,0.0,1270.65,0.0015,1270.65,0
5131503,"MTF מחקה Bluestar Travel & Vacation מנוטרלת מט""ח",Travel,,"מניות בחו""ל",2026-02-28,66510000.00000001,מגדל,,True,False,0.008,0.0,5320.800000000001,0.008,5320.800000000001,0
5131529,MTF מחקה אינדקס צריכה בסיסית ישראל,צריכה בסיסית,,מניות בארץ,2026-02-28,111340000.0,מגדל,,True,False,0.005,0.0,5567.0,0.005,5567.0,0
5131537,"תכלית NASDAQ Clean Edge Green Energy EW TTF מנוטרלת מט""ח",Cleantech,,"מניות בחו""ל",2026-02-28,32650000.0,מיטב,,True,False,0.008,0.0,2612.0,0.008,2612.0,0
5131545,אקורד 10/90,"אג""ח כללי בארץ- עד 10% מניות ללא סימן קריאה",,"אג""ח בארץ - כללי",2026-02-28,298040000.0,איילון,אקורד ניהול השקעות,False,False,0.0075,0.0035,22352.999999999996,0.004,11921.6,0
5131552,"אקורד אג""ח מדורגות",חברות והמרה ללא מניות וללא סימן קריאה,,"אג""ח בארץ- חברות והמרה",2026-02-28,283770000.0,איילון,אקורד ניהול השקעות,False,False,0.0077,0.0035,21850.29,0.004200000000000001,11918.340000000002,0
5131560,אקורד 20/80,"אג""ח כללי בארץ- עד 20% מניות",,"אג""ח בארץ - כללי",2026-02-28,380500000.0,איילון,אקורד ניהול השקעות,False,False,0.0079,0.0035,30059.500000000004,0.004400000000000001,16742.000000000004,0
5131578,קסם KTF אינדקס מזון ישראלי,צריכה בסיסית,,מניות בארץ,2026-02-28,72580000.0,קסם,,True,False,0.005,0.0,3629.0,0.005,3629.0,0
5131586,"מור (!) אג""ח חברות עם רכיב בטוחה",חברות והמרה ללא מניות עם סימן קריאה,,"אג""ח בארץ- חברות והמרה",2026-02-28,445060000.0,מור,,False,False,0.008199999999999999,0.0035,36494.91999999999,0.004699999999999999,20917.819999999996,0
5131602,אי בי אי מחקה אינדקס A תקרת מנפיק,"אג""ח חברות שקלי וצמוד",,"אג""ח בארץ- חברות והמרה",2026-02-28,477220000.0,אי.בי.אי,,True,False,0.003,0.0,14316.6,0.003,14316.6,0
5131610,אי בי אי מחקה תל בונד צמודות בנקים ללא COCO,בריבית קבועה,,"אג""ח בארץ- חברות והמרה",2026-02-28,170540000.0,אי.בי.אי,,True,False,0.0018,0.0,3069.7200000000003,0.0018,3069.7200000000003,0
5131628,"אי בי אי מחקה S&P 500 מנוטרלת מט""ח",אמריקה- שווקים מפותחים,,"מניות בחו""ל",2026-02-28,1155390000.0,אי.בי.אי,,True,False,0.0025,0.0,28884.75,0.0025,28884.75,0
5131636,אי בי אי מחקה תל בונד מאגר,"אג""ח חברות שקלי וצמוד",,"אג""ח בארץ- חברות והמרה",2026-02-28,69100000.0,אי.בי.אי,,True,False,0.0015,0.0,1036.5,0.0015,1036.5,0
5131644,"אי בי אי מחקה NASDAQ 100 מנוטרלת מט""ח",אמריקה- שווקים מפותחים,,"מניות בחו""ל",2026-02-28,866550000.0,אי.בי.אי,,True,False,0.003,0.0,25996.5,0.003,25996.5,0
5131701,אי בי אי מחקה תל גוב-צמודות 0-2,צמודות מדד ממשלתיות - קצר,,"אג""ח בארץ- מדינה",2026-02-28,194400000.0,אי.בי.אי,,True,False,0.001,0.0,1944.0000000000002,0.001,1944.0000000000002,0
5131719,קסם KTFי Indxx China Internet,Internet,,"מניות בחו""ל",2026-02-28,4330000.0,קסם,,True,False,0.008,0.0,346.40000000000003,0.008,346.40000000000003,0
5131727,MTF מחקה אינדקס A-AA שקלי,בריבית קבועה,,"אג""ח בארץ- חברות והמרה",2026-02-28,64760000.00000001,מגדל,,True,False,0.0,0.0,0.0,0.0,0.0,0
5131735,MTF מחקה אינדקס A-AA צמוד,בריבית קבועה,,"אג""ח בארץ- חברות והמרה",2026-02-28,265329999.99999997,מגדל,,True,False,0.0025,0.0,6633.25,0.0025,6633.25,0
5131743,מור מחקה אינדקס צריכה ישראלית,שילוב ענפים,,מניות בארץ,2026-02-28,20570000.0,מור,,True,False,0.0055000000000000005,0.0,1131.3500000000001,0.0055000000000000005,1131.3500000000001,0
5131768,תכלית TTFי INDXX TOURISM & LEISURE EW,Travel,,"מניות בחו""ל",2026-02-28,16910000.0,מיטב,,True,False,0.006,0.0,1014.6,0.006,1014.6,0
5131792,הראל מחקה תל גוב-כללי,"אג""ח מדינה שיקלי וצמוד",,"אג""ח בארץ- מדינה",2026-02-28,177600000.0,הראל,,True,False,0.001,0.0,1776.0000000000002,0.001,1776.0000000000002,0
5131818,קסם KTFי משולבת S&P ארהב צריכה מחזורית (50%) בסיסית (50%) חודשי מנוטרלת מטח,"מניות בחו""ל קרן משולבת",,"מניות בחו""ל",2026-02-28,15330000.0,קסם,,True,False,0.0,0.0,0.0,0.0,0.0,0
5131826,"קסם KTFי משולבת S&P ארה""ב צריכה מחזורית (50%) בסיסית (50%) חודשי","מניות בחו""ל קרן משולבת",,"מניות בחו""ל",2026-02-28,11990000.0,קסם,,True,False,0.0,0.0,0.0,0.0,0.0,0
5131834,אי בי אי מחקה DJ US Real Estate,REIT - Real Estate,,"מניות בחו""ל",2026-02-28,154570000.0,אי.בי.אי,,True,False,0.008,0.0,12365.6,0.008,12365.6,0
5131842,קסם KTF משולבת S&P ארהב פיננסים (70%) בנקים אזוריים (30%) חודשי מנוטרלת מטח,"מניות בחו""ל קרן משולבת",,"מניות בחו""ל",2026-02-28,26280000.0,קסם,,True,False,0.0,0.0,0.0,0.0,0.0,0
5131867,ISP Asset Managementי 20/80,"אג""ח כללי בארץ- עד 20% מניות",,"אג""ח בארץ - כללי",2026-02-28,33460000.0,איילון,איי.אס.פי.,False,False,0.008,0.0035,2676.8,0.0045000000000000005,1505.7,0
5131875,"ISP Asset Management אג""ח ללא מניות","אג""ח כללי בארץ ללא מניות וללא סימן קריאה",,"אג""ח בארץ - כללי",2026-02-28,77240000.0,איילון,איי.אס.פי.,False,False,0.006999999999999999,0.0035,5406.799999999999,0.003499999999999999,2703.399999999999,0
5131883,"מור מחקה אינדקס תשתיות ובינוי ארה""ב",REIT - Real Estate,,"מניות בחו""ל",2026-02-28,329540000.0,מור,,True,False,0.008,0.0,26363.2,0.008,26363.2,0
5131891,מור מחקה אינדקס טכנולוגיה ישראל רווחיות משקל שווה,טכנולוגיה,,מניות בארץ,2026-02-28,39970000.0,מור,,True,False,0.0055000000000000005,0.0,2198.3500000000004,0.0055000000000000005,2198.3500000000004,0
5131909,אי בי אי מחקה (!) תל בונד תשואות שקל,בריבית קבועה,,"אג""ח בארץ- חברות והמרה",2026-02-28,96750000.0,אי.בי.אי,,True,False,0.002,0.0,1935.0000000000002,0.002,1935.0000000000002,0
5131925,תכלית TTF אינדקס בנקים ישראל,בנקאות ואשראי חוץ בנקאי,,מניות בארץ,2026-02-28,518840000.00000006,מיטב,,True,False,0.002,0.0,10376.800000000003,0.002,10376.800000000003,0
5131941,קסם KTFי ISE Cyber Security מנוטרלת דולר,Cyber Security,,"מניות בחו""ל",2026-02-28,31130000.0,קסם,,True,False,0.006999999999999999,0.0,2179.1,0.006999999999999999,2179.1,0
5131958,דיאמונד 30/70,"אג""ח כללי בארץ- עד 30% מניות",,"אג""ח בארץ - כללי",2026-02-28,115800000.0,איילון,דיאמונד,False,False,0.0089,0.0035,10306.199999999999,0.0054,6253.200000000001,0
5131966,מור מחקה אינדקס בנקים משקל שווה,בנקאות ואשראי חוץ בנקאי,,מניות בארץ,2026-02-28,1150960000.0,מור,,True,False,0.005,0.0,57548.0,0.005,57548.0,0
5131974,הורייזן פיוצ'ר טק גלובלי,"מניות לפי ענפים בחו""ל",,"מניות בחו""ל",2026-02-28,27890000.0,איילון,הורייזן,False,False,0.016,0.0035,4462.400000000001,0.0125,3486.25,0
5131982,איביאי גמישה,גמישות,,גמישות,2026-02-28,16820000.0,אי.בי.אי,,False,False,0.009000000000000001,0.0035,1513.8000000000002,0.005500000000000001,925.1000000000003,0
5131990,איילון תיק לרשויות מקומיות,"אג""ח כללי בארץ- עד 5% מניות",,"אג""ח בארץ - כללי",2026-02-28,35320000.0,איילון,,False,False,0.0054,0.0035,1907.2800000000002,0.0019000000000000002,671.08,0
5132006,קסם KTF אינדקס eGaming מנוטרלת דולר,e-Gaming,,"מניות בחו""ל",2026-02-28,6450000.0,קסם,,True,False,0.006,0.0,387.0,0.006,387.0,0
5132014,"איילון אנרגיה ירוקה ישראל וארה""ב",מניות לפי ענפים,,מניות בארץ,2026-02-28,30390000.0,איילון,,False,False,0.0125,0.0035,3798.75,0.009000000000000001,2735.1000000000004,0
5132030,הראל מחקה אינדקס A שקלי מנפיקים ישראלים,בריבית קבועה,,"אג""ח בארץ- חברות והמרה",2026-02-28,75430000.0,הראל,,True,False,0.003,0.0,2262.9,0.003,2262.9,0
5132055,ב. אלטרנטיב 10/90,"אג""ח כללי בארץ- עד 10% מניות ללא סימן קריאה",,"אג""ח בארץ - כללי",2026-02-28,196600000.0,איילון,בסט אלטרנטיב,False,False,0.0079,0.0035,15531.400000000001,0.004400000000000001,8650.400000000003,0
5132063,"אי בי אי מחקה משולבת S&P סקטורים ארה""ב חודשי מנוטרלת מט""ח","מניות בחו""ל קרן משולבת",,"מניות בחו""ל",2026-02-28,21290000.0,אי.בי.אי,,True,False,0.005,0.0,1064.5,0.005,1064.5,0
5132071,"אי בי אי מחקה DJ Internet Composite מנוטרלת מט""ח",Internet,,"מניות בחו""ל",2026-02-28,27780000.0,אי.בי.אי,,True,False,0.008,0.0,2222.4,0.008,2222.4,0
5132089,"קסם KTFי משולבת S&P סקטורים ארה""ב חודשי","מניות בחו""ל קרן משולבת",,"מניות בחו""ל",2026-02-28,79320000.0,קסם,,True,False,0.0,0.0,0.0,0.0,0.0,0
5132113,איילון בונד A-AA,חברות והמרה עם מניות ללא סימן קריאה,,"אג""ח בארץ- חברות והמרה",2026-02-28,5570000.0,איילון,,False,False,0.0075,0.0035,417.74999999999994,0.004,222.8,0
5132121,"קבין אג""ח ללא מניות","אג""ח כללי בארץ ללא מניות וללא סימן קריאה",,"אג""ח בארץ - כללי",2026-02-28,1339150000.0,איילון,קבין,False,False,0.0079,0.0035,105792.85,0.004400000000000001,58922.60000000001,0
5132139,איביאי מחקה משולבת טכנולוגיה עולמי חודשי,"מניות בחו""ל קרן משולבת",,"מניות בחו""ל",2026-02-28,23030000.0,אי.בי.אי,,True,False,0.005,0.0,1151.5,0.005,1151.5,0
5132147,אי בי אי מחקה S&P Technology,Technology,,"מניות בחו""ל",2026-02-28,105120000.0,אי.בי.אי,,True,False,0.005,0.0,5256.0,0.005,5256.0,0
5132154,"אי בי אי מחקה S&P Technology מנוטרלת מט""ח",Technology,,"מניות בחו""ל",2026-02-28,134180000.0,אי.בי.אי,,True,False,0.005,0.0,6709.0,0.005,6709.0,0
5132162,"תכלית TTF אינדקס ביג טק 30 ארה""ב מנוטרלת מט""ח",Technology,,"מניות בחו""ל",2026-02-28,211700000.0,מיטב,,True,False,0.005,0.0,10585.0,0.005,10585.0,0
5132204,פסטרנק שהם (!) 10/90,"אג""ח כללי בארץ- עד 10% מניות ועם סימן קריאה",,"אג""ח בארץ - כללי",2026-02-28,272970000.0,איילון,פסטרנק שהם,False,False,0.0073,0.0035,19926.81,0.0038,10372.86,0
5132220,מור מחקה אינדקס סייבר למחשוב ענן גלובלי,Cyber Security,,"מניות בחו""ל",2026-02-28,71600000.0,מור,,True,False,0.008,0.0,5728.000000000001,0.008,5728.000000000001,0
5132261,"קסם KTFי BlueStar E-Commerce US Leaders מנוטרלת מט""ח",e-Commerce,,"מניות בחו""ל",2026-02-28,4050000.0,קסם,,True,False,0.0,0.0,0.0,0.0,0.0,0
5132279,"קסם KTF אינדקס Cloud Computing מנוטרלת מט""ח",Cloud Computing,,"מניות בחו""ל",2026-02-28,9300000.0,קסם,,True,False,0.005,0.0,465.0,0.005,465.0,0
5132287,איילון ואליו 2 מניות חו''ל ESG עד 30% מט''ח,"מניות כללי בחו""ל מוגנת מט""ח",,"מניות בחו""ל",2026-02-28,4440000.0,איילון,,False,False,0.0148,0.0035,657.1200000000001,0.011300000000000001,501.72,0
5132295,הראל מחקה אינדקס קמעונאות ומסחר ישראל,שילוב ענפים,,מניות בארץ,2026-02-28,28590000.0,הראל,,True,False,0.0034999999999999996,0.0,1000.6499999999999,0.0034999999999999996,1000.6499999999999,0
5132303,אילים מניות בנקים,מניות לפי ענפים,,מניות בארץ,2026-02-28,463230000.0,אילים,,False,False,0.0069,0.0035,31962.87,0.0034,15749.82,0
5132329,אי בי אי מחקה DJ Asia Dividend 30,אסיה ופסיפיק- כללי,,"מניות בחו""ל",2026-02-28,20220000.0,אי.בי.אי,,True,False,0.008,0.0,1617.6000000000001,0.008,1617.6000000000001,0
5132337,אי בי אי מחקה S&P Regional Banks,Banking,,"מניות בחו""ל",2026-02-28,6540000.0,אי.בי.אי,,True,False,0.0,0.0,0.0,0.0,0.0,0
5132345,"אי בי אי מחקה Japan 50 Dividend iNDEX מנוטרלת מט""ח",אסיה ופסיפיק- שווקים מפותחים,,"מניות בחו""ל",2026-02-28,43850000.0,אי.בי.אי,,True,False,0.008,0.0,3508.0000000000005,0.008,3508.0000000000005,0
5132360,אי בי אי מחקה S&P Communication Services,Communication,,"מניות בחו""ל",2026-02-28,41150000.0,אי.בי.אי,,True,False,0.005,0.0,2057.5,0.005,2057.5,0
5132378,"קסם KTF אינדקס Travel מנוטרלת מט""ח",Travel,,"מניות בחו""ל",2026-02-28,12840000.0,קסם,,True,False,0.006999999999999999,0.0,898.8,0.006999999999999999,898.8,0
5132386,"פוקוס (!) אג""ח חברות",חברות והמרה ללא מניות עם סימן קריאה,,"אג""ח בארץ- חברות והמרה",2026-02-28,120460000.0,איילון,פוקוס,False,False,0.0089,0.0035,10720.939999999999,0.0054,6504.84,0
5132394,קסם KTFי CSI300,אסיה ופסיפיק- שווקים מתעוררים,,"מניות בחו""ל",2026-02-28,8780000.0,קסם,,True,False,0.005,0.0,439.0,0.005,439.0,0
5132402,קסם KTF תל בונד צמודות-בנקים ללא COCO,בריבית קבועה,,"אג""ח בארץ- חברות והמרה",2026-02-28,90570000.0,קסם,,True,False,0.0015,0.0,1358.55,0.0015,1358.55,0
5132410,פלקון 20/80,"אג""ח כללי בארץ- עד 20% מניות",,"אג""ח בארץ - כללי",2026-02-28,44710000.0,סיגמא,פלקון,False,False,0.0079,0.0035,3532.0900000000006,0.004400000000000001,1967.2400000000005,0
5132428,אלפי בנדק עוקבת תיק 3 הבנק הבינלאומי,"אג""ח כללי בארץ- עד 30% מניות",,"אג""ח בארץ - כללי",2026-02-28,72010000.0,הראל,אלפי בנדק,False,False,0.0059,0.0035,4248.59,0.0024,1728.2399999999998,0
5132436,"אלפי בנדק מניות חו""ל","מניות כללי בחו""ל חשופת מט""ח",,"מניות בחו""ל",2026-02-28,65790000.00000001,הראל,אלפי בנדק,False,False,0.0169,0.0035,11118.51,0.013399999999999999,8815.859999999999,0
5132451,קסם KTF אינדקס מפעילי בורסות עולמיות מנוטרלת דולר,Financial,,"מניות בחו""ל",2026-02-28,6680000.0,קסם,,True,False,0.006999999999999999,0.0,467.59999999999997,0.006999999999999999,467.59999999999997,0
5132493,איביאי מחקה BlueStar Global GreenTech,Technology,,"מניות בחו""ל",2026-02-28,10700000.0,אי.בי.אי,,True,False,0.008,0.0,856.0000000000001,0.008,856.0000000000001,0
5132519,אי בי אי מחקה תל בונד שקלי 50,בריבית קבועה,,"אג""ח בארץ- חברות והמרה",2026-02-28,287910000.0,אי.בי.אי,,True,False,0.002,0.0,5758.200000000001,0.002,5758.200000000001,0
5132527,אי בי אי מחקה ISE Cyber Security,Cyber Security,,"מניות בחו""ל",2026-02-28,14320000.0,אי.בי.אי,,True,False,0.005,0.0,716.0,0.005,716.0,0
5132535,"תכלית TTF אינדקס ישראל A ומעלה פקטור מרווח מאג""ח ממשלתי","אג""ח חברות שקלי וצמוד",,"אג""ח בארץ- חברות והמרה",2026-02-28,210250000.0,מיטב,,True,False,0.0025,0.0,5256.25,0.0025,5256.25,0
5132568,"תמיר פישמן (!) אג""ח חברות",חברות והמרה ללא מניות עם סימן קריאה,,"אג""ח בארץ- חברות והמרה",2026-02-28,54490000.0,תמיר פישמן,,False,False,0.0055000000000000005,0.0035,2996.9500000000003,0.0020000000000000005,1089.8000000000002,0
5132592,"הראל מחקה אינדקס A-AAA ת""א שקלי - נקובה $",בריבית קבועה,,"אג""ח בארץ- חברות והמרה",2026-02-28,131240000.00000001,הראל,,True,False,0.0034999999999999996,0.0,4593.400000000001,0.0034999999999999996,4593.400000000001,0
5132626,"אי בי אי מחקה אינדקס אג""ח במרווח גבוה","אג""ח חברות שקלי וצמוד",,"אג""ח בארץ- חברות והמרה",2026-02-28,323030000.0,אי.בי.אי,,True,False,0.003,0.0,9690.9,0.003,9690.9,0
5132634,"הראל אג""ח ישראל - נקובה $","אג""ח כללי בארץ ללא מניות וללא סימן קריאה",,"אג""ח בארץ - כללי",2026-02-28,33810000.0,הראל,,False,False,0.0049,0.0035,1656.69,0.0013999999999999998,473.3399999999999,0
5132709,איביאי מחקה אינדקס רכב חשמלי גלובלי,Transportation,,"מניות בחו""ל",2026-02-28,5650000.0,אי.בי.אי,,True,False,0.008,0.0,452.00000000000006,0.008,452.00000000000006,0
5132782,"קסם KTF ת""א-בנייה","נדל""ן ובנייה",,מניות בארץ,2026-02-28,49050000.0,קסם,,True,False,0.0,0.0,0.0,0.0,0.0,0
5132790,קבין 10/90,"אג""ח כללי בארץ- עד 10% מניות ללא סימן קריאה",,"אג""ח בארץ - כללי",2026-02-28,1133150000.0,איילון,קבין,False,False,0.0079,0.0035,89518.85,0.004400000000000001,49858.60000000001,0
5132832,קסם אקטיב דולר פי 3,ממונפות בסיכון גבוה,,ממונפות ואסטרטגיות,2026-02-28,32450000.000000004,קסם,,False,False,0.01,0.0035,3245.0000000000005,0.006500000000000001,2109.2500000000005,0
5132865,הראל מחקה אינדקס A-AA צמוד 0-2,בריבית קבועה - קצר,,"אג""ח בארץ- חברות והמרה",2026-02-28,123460000.0,הראל,,True,False,0.002,0.0,2469.2000000000003,0.002,2469.2000000000003,0
5132873,אקורד 30/70,"אג""ח כללי בארץ- עד 30% מניות",,"אג""ח בארץ - כללי",2026-02-28,219940000.0,איילון,אקורד ניהול השקעות,False,False,0.0088,0.0035,19354.72,0.005300000000000001,11656.820000000002,0
5132923,תכלית TTF אינדקס ביג טק 30 סין מנוטרלת דולר,Technology,,"מניות בחו""ל",2026-02-28,10410000.0,מיטב,,True,False,0.008,0.0,832.8000000000001,0.008,832.8000000000001,0
5132931,"קסם KTF אינדקס אג""ח A משקל שווה","אג""ח חברות שקלי וצמוד",,"אג""ח בארץ- חברות והמרה",2026-02-28,65530000.0,קסם,,True,False,0.002,0.0,1310.6000000000001,0.002,1310.6000000000001,0
5132949,"קסם KTF אינדקס אג""ח AA משקל שווה","אג""ח חברות שקלי וצמוד",,"אג""ח בארץ- חברות והמרה",2026-02-28,47980000.0,קסם,,True,False,0.0034999999999999996,0.0,1679.3,0.0034999999999999996,1679.3,0
5132956,"קסם KTF אינדקס אג""ח סקטור באלאנס","אג""ח חברות שקלי וצמוד",,"אג""ח בארץ- חברות והמרה",2026-02-28,25430000.0,קסם,,True,False,0.0,0.0,0.0,0.0,0.0,0
5132972,"קסם KTFי MVIS US Listed Semiconductor 25 מנוטרלת מט""ח",Semiconductor,,"מניות בחו""ל",2026-02-28,365320000.0,קסם,,True,False,0.005,0.0,18266.0,0.005,18266.0,0
5132998,הראל 15/85 - נקובה $,"אג""ח כללי בארץ- עד 15% מניות",,"אג""ח בארץ - כללי",2026-02-28,235580000.0,הראל,,False,False,0.0069,0.0035,16255.019999999999,0.0034,8009.72,0
5133004,"קסם KTF אינדקס אג""ח חברות בנייה בישראל","אג""ח חברות שקלי וצמוד",,"אג""ח בארץ- חברות והמרה",2026-02-28,4740000.0,קסם,,True,False,0.0025,0.0,118.5,0.0025,118.5,0
5133012,קסם KTFי S&P Regional Banks,Banking,,"מניות בחו""ל",2026-02-28,3730000.0,קסם,,True,False,0.005,0.0,186.5,0.005,186.5,0
5133038,"MTF מחקה אינדקס הייטק ישראלי בחו""ל מנוטרלת דולר",Technology,,"מניות בחו""ל",2026-02-28,4380000.0,מגדל,,True,False,0.005,0.0,219.0,0.005,219.0,0
5133061,MTF מחקה S&P CHINA 500 מנוטרלת דולר,אסיה ופסיפיק- שווקים מתעוררים,,"מניות בחו""ל",2026-02-28,12520000.0,מגדל,,True,False,0.005,0.0,626.0,0.005,626.0,0
5133111,"פסטרנק שהם מניות חו""ל","מניות כללי בחו""ל חשופת מט""ח",,"מניות בחו""ל",2026-02-28,297550000.0,איילון,פסטרנק שהם,False,False,0.0175,0.0035,52071.25000000001,0.014000000000000002,41657.00000000001,0
5133129,מור מניות צמיחה גלובלי,"מניות כללי בחו""ל חשופת מט""ח",,"מניות בחו""ל",2026-02-28,241720000.0,מור,,False,False,0.0176,0.0035,42542.72000000001,0.014100000000000001,34082.520000000004,0
5133137,איביאי צמודה 20/90,אסטרטגיות (לא ממונפות),,ממונפות ואסטרטגיות,2026-02-28,674360000.0,אי.בי.אי,,False,False,0.0089,0.0035,60018.03999999999,0.0054,36415.44,0
5133145,הראל מחקה אינדקס A-AAA ריאליות פקטור מרווח מאג''ח ממשלתי,"אג""ח חברות שקלי וצמוד",,"אג""ח בארץ- חברות והמרה",2026-02-28,46470000.0,הראל,,True,False,0.003,0.0,1394.1000000000001,0.003,1394.1000000000001,0
5133152,"הראל מחקה אינדקס אג""ח מנפיקים ישראלים במשקל שווה","אג""ח חברות שקלי וצמוד",,"אג""ח בארץ- חברות והמרה",2026-02-28,14680000.0,הראל,,True,False,0.002,0.0,293.6,0.002,293.6,0
5133186,אביב - שגב גמישה,גמישות,,גמישות,2026-02-28,19580000.0,איילון,אביב-שגב,False,False,0.018500000000000003,0.0035,3622.3000000000006,0.015000000000000003,2937.000000000001,0
5133202,MTF מחקה תל בונד-שקלי AA-AAA,בריבית קבועה,,"אג""ח בארץ- חברות והמרה",2026-02-28,75220000.0,מגדל,,True,False,0.0,0.0,0.0,0.0,0.0,0
5133210,MTF מחקה תל בונד-צמודות AA-AAA,בריבית קבועה,,"אג""ח בארץ- חברות והמרה",2026-02-28,366050000.0,מגדל,,True,False,0.001,0.0,3660.5000000000005,0.001,3660.5000000000005,0
5133236,ATF מחקה אינדקס בנקים וביטוח ישראל,שילוב ענפים,,מניות בארץ,2026-02-28,703710000.0,אנליסט,,True,False,0.005,0.0,35185.5,0.005,35185.5,0
5133269,"אלטשולר שחם מחקה A.B SmartBeta USA Pure Value מנוטרלת מט""ח",אמריקה- כללי,,"מניות בחו""ל",2026-02-28,3830000.0,אלטשולר שחם,,True,False,0.009000000000000001,0.0,344.70000000000005,0.009000000000000001,344.70000000000005,0
5133293,"אי בי אי מחקה S&P Semiconductor Select Industry מנוטרלת מט""ח",Semiconductor,,"מניות בחו""ל",2026-02-28,37670000.0,אי.בי.אי,,True,False,0.004,0.0,1506.8000000000002,0.004,1506.8000000000002,0
5133301,סיגמא 50/50,"אג""ח כללי בארץ - חשיפה מרבית מעל 30% מניות",,"אג""ח בארץ - כללי",2026-02-28,48250000.0,סיגמא,,False,False,0.0079,0.0035,3811.7500000000005,0.004400000000000001,2123.0000000000005,0
5133335,"תכלית TTFי Nasdaq CTA US Artificial Intelligence and Robotics מנוטרלת מט""ח",Robotics,,"מניות בחו""ל",2026-02-28,8600000.0,מיטב,,True,False,0.008,0.0,688.0,0.008,688.0,0
5133343,סלע 20/80,"אג""ח כללי בארץ- עד 20% מניות",,"אג""ח בארץ - כללי",2026-02-28,6440000.0,איילון,סלע בית השקעות,False,False,0.0075,0.0035,482.99999999999994,0.004,257.6,0
5133376,"תכלית TTF אינדקס ישראל צמוד A ומעלה פקטור מרווח מאג""ח ממשלתי",בריבית קבועה,,"אג""ח בארץ- חברות והמרה",2026-02-28,119880000.0,מיטב,,True,False,0.0015,0.0,1798.2,0.0015,1798.2,0
5133384,"קסם אקטיב מניות נדל""ן",מניות לפי ענפים,,מניות בארץ,2026-02-28,7820000.0,קסם,,False,False,0.006999999999999999,0.0035,547.4,0.003499999999999999,273.69999999999993,0
5133392,קסם KTF תל בונד-צמודות A,בריבית קבועה,,"אג""ח בארץ- חברות והמרה",2026-02-28,764050000.0,קסם,,True,False,0.0025,0.0,19101.25,0.0025,19101.25,0
5133434,"קסם KTFי Indxx US Infrastructure מנוטרלת מט""ח",Utilities,,"מניות בחו""ל",2026-02-28,62450000.0,קסם,,True,False,0.005,0.0,3122.5,0.005,3122.5,0
5133459,פורצ'ן 20/80,"אג""ח כללי בארץ- עד 20% מניות",,"אג""ח בארץ - כללי",2026-02-28,67810000.0,איילון,פורצ'ן,False,False,0.0079,0.0035,5356.990000000001,0.004400000000000001,2983.640000000001,0
5133525,פוקוס מניות,מניות All Cap,,מניות בארץ,2026-02-28,71880000.0,איילון,פוקוס,False,False,0.0169,0.0035,12147.72,0.013399999999999999,9631.919999999998,0
5133533,איביאי מחקה אינדקס פיננסים ישראל איזון ענפי,פיננסים,,מניות בארץ,2026-02-28,313790000.0,אי.בי.אי,,True,False,0.006500000000000001,0.0,20396.350000000002,0.006500000000000001,20396.350000000002,0
5133541,"תכלית TTF ת""א-בנייה","נדל""ן ובנייה",,מניות בארץ,2026-02-28,248910000.0,מיטב,,True,False,0.002,0.0,4978.200000000001,0.002,4978.200000000001,0
5133574,"הראל מחקה NASDAQ 100 מנוטרלת מט""ח",אמריקה- שווקים מפותחים,,"מניות בחו""ל",2026-02-28,818890000.0,הראל,,True,False,0.0,0.0,0.0,0.0,0.0,0
5133582,"תכלית TTF ת""א-ביטוח ושירותים פיננסים",ביטוח,,מניות בארץ,2026-02-28,581510000.0,מיטב,,True,False,0.003,0.0,17445.3,0.003,17445.3,0
5133608,"הראל מחקה אינדקס AA-AAA ת""א 0-2 - נקובה $","אג""ח חברות שקלי וצמוד",,"אג""ח בארץ- חברות והמרה",2026-02-28,38910000.0,הראל,,True,False,0.0025,0.0,972.75,0.0025,972.75,0
5133616,הראל מחקה אינדקס בנקים ישראל,בנקאות ואשראי חוץ בנקאי,,מניות בארץ,2026-02-28,271700000.0,הראל,,True,False,0.005,0.0,13585.0,0.005,13585.0,0
5133632,ילין לפידות אגד ישראלי עד 30% מניות,אגד ישראלי,,אגד קרנות,2026-02-28,54900000.0,ילין לפידות,,False,False,0.0,0.0035,0.0,-0.0035,-1921.5000000000002,0
5133640,ילין לפידות אגד ישראלי עד 15% מניות,אגד ישראלי,,אגד קרנות,2026-02-28,63560000.0,ילין לפידות,,False,False,0.0,0.0035,0.0,-0.0035,-2224.6000000000004,0
5133657,איביאי מחקה אינדקס מוליכים למחצה גלובלי EW מנוטרלת דולר,Semiconductor,,"מניות בחו""ל",2026-02-28,51480000.0,אי.בי.אי,,True,False,0.008,0.0,4118.400000000001,0.008,4118.400000000001,0
5133673,אי בי אי מחקה אינדקס A-AA שקלי 0-2 - נקובה $,בריבית קבועה - קצר,,"אג""ח בארץ- חברות והמרה",2026-02-28,25160000.0,אי.בי.אי,,True,False,0.0,0.0,0.0,0.0,0.0,0
5133681,"תכלית TTFי S&P 900 Pure Value מנוטרלת מט""ח",אמריקה- שווקים מפותחים,,"מניות בחו""ל",2026-02-28,49980000.0,מיטב,,True,False,0.005,0.0,2499.0,0.005,2499.0,0
5133699,קסם KTFי Bloomberg Agriculture,מדד סחורות,,סחורות,2026-02-28,8189999.999999999,קסם,,True,False,0.008,0.0,655.1999999999999,0.008,655.1999999999999,0
5133707,דולפין 25/75,"אג""ח כללי בארץ- עד 25% מניות",,"אג""ח בארץ - כללי",2026-02-28,338490000.0,איילון,דולפין 1 השקעות,False,False,0.0079,0.0035,26740.710000000003,0.004400000000000001,14893.560000000005,0
5133715,MTF מחקה אינדקס Global Manufacturers מנוטרלת דולר,שילוב ענפים,,"מניות בחו""ל",2026-02-28,9630000.0,מגדל,,True,False,0.008,0.0,770.4000000000001,0.008,770.4000000000001,0
5133731,איילון השקעות,גמישות,,גמישות,2026-02-28,16820000.0,איילון,,False,False,0.0154,0.0035,2590.28,0.0119,2001.5800000000002,0
5133756,הראל מחקה All Bond כללי,"אג""ח בארץ כללי",,"אג""ח בארץ כללי",2026-02-28,25010000.0,הראל,,True,False,0.002,0.0,500.20000000000005,0.002,500.20000000000005,0
5133764,"הראל מחקה ת""א All-Share",All Cap,,מניות בארץ,2026-02-28,27970000.0,הראל,,True,False,0.0025,0.0,699.25,0.0025,699.25,0
5133772,קסם KTF אינדקס צמוד מדורג Top60 ללא בנקים,בריבית קבועה,,"אג""ח בארץ- חברות והמרה",2026-02-28,246260000.0,קסם,,True,False,0.001,0.0,2462.6000000000004,0.001,2462.6000000000004,0
5133780,מור אגד ישראלי עד 30% מניות,אגד ישראלי,,אגד קרנות,2026-02-28,180840000.0,מור,,False,False,0.0,0.0035,0.0,-0.0035,-6329.400000000001,0
5133798,מור אגד ישראלי עד 15% מניות,אגד ישראלי,,אגד קרנות,2026-02-28,212610000.0,מור,,False,False,0.0,0.0035,0.0,-0.0035,-7441.35,0
5133822,מיטב תיק עד 15% מניות-אגד ישראלי,אגד ישראלי,,אגד קרנות,2026-02-28,96360000.0,מיטב,,False,False,0.0,0.0035,0.0,-0.0035,-3372.6000000000004,0
5133830,מיטב תיק עד 30% מניות-אגד ישראלי,אגד ישראלי,,אגד קרנות,2026-02-28,81520000.0,מיטב,,False,False,0.0,0.0035,0.0,-0.0035,-2853.2000000000003,0
5133871,פלקון תיק השקעות + 30%,"אג""ח כללי בארץ- עד 30% מניות",,"אג""ח בארץ - כללי",2026-02-28,31600000.0,סיגמא,פלקון,False,False,0.0079,0.0035,2496.4,0.004400000000000001,1390.4000000000003,0
5133897,"MTF מחקה אינדקס נדל""ן למגורים ארה""ב Top10 מנוטרלת מט""ח",REIT - Real Estate,,"מניות בחו""ל",2026-02-28,5210000.0,מגדל,,True,False,0.005,0.0,260.5,0.005,260.5,0
5133905,"ATF מחקה אינדקס אג""ח חברות ישראל EW TOP 100","אג""ח חברות שקלי וצמוד",,"אג""ח בארץ- חברות והמרה",2026-02-28,130160000.0,אנליסט,,True,False,0.002,0.0,2603.2000000000003,0.002,2603.2000000000003,0
5133939,"מיטב תיק אג""ח + 15%","אג""ח כללי בארץ- עד 15% מניות",,"אג""ח בארץ - כללי",2026-02-28,74080000.0,מיטב,,False,False,0.0034999999999999996,0.0035,2592.7999999999997,-4.336808689942018e-19,-3.2127078775090467e-13,0
5133947,"מור 20/80 מניות חו""ל","אג""ח כללי בארץ- עד 20% מניות",,"אג""ח בארץ - כללי",2026-02-28,1340110000.0,מור,,False,False,0.008199999999999999,0.0035,109889.01999999999,0.004699999999999999,62985.169999999984,0
5133954,"אלטשולר שחם אג""ח מדינה שקליות","אג""ח מדינה שקליות- ללא מניות",,"אג""ח בארץ- מדינה",2026-02-28,56680000.0,אלטשולר שחם,,False,False,0.006999999999999999,0.0035,3967.5999999999995,0.003499999999999999,1983.7999999999995,0
5133996,"איביאי מחקה משולבת מניות נדל""ן ישראליות חודשי",מניות בארץ קרן משולבת,,מניות בארץ,2026-02-28,13080000.0,אי.בי.אי,,True,False,0.005,0.0,654.0,0.005,654.0,0
5134002,קסם אקטיב אגד ישראלי עד 15% מניות,אגד ישראלי,,אגד קרנות,2026-02-28,163220000.0,קסם,,False,False,0.0,0.0035,0.0,-0.0035,-5712.700000000001,0
5134010,קסם אקטיב אגד ישראלי עד 30% מניות,אגד ישראלי,,אגד קרנות,2026-02-28,135860000.0,קסם,,False,False,0.0,0.0035,0.0,-0.0035,-4755.1,0
5134028,מיטב 25/75,"אג""ח כללי בארץ- עד 25% מניות",,"אג""ח בארץ - כללי",2026-02-28,687980000.0,מיטב,,False,False,0.0059,0.0035,40590.82,0.0024,16511.519999999997,0
5134036,"מיטב אג""ח ללא מניות","אג""ח כללי בארץ ללא מניות וללא סימן קריאה",,"אג""ח בארץ - כללי",2026-02-28,382510000.0,מיטב,,False,False,0.0059,0.0035,22568.09,0.0024,9180.24,0
5134044,איביאי מחקה אינדקס פודטק גלובלי מנוטרלת דולר,Technology,,"מניות בחו""ל",2026-02-28,1910000.0,אי.בי.אי,,True,False,0.008,0.0,152.8,0.008,152.8,0
5134069,פוקוס 30/70,"אג""ח כללי בארץ- עד 30% מניות",,"אג""ח בארץ - כללי",2026-02-28,589460000.0,איילון,פוקוס,False,False,0.0079,0.0035,46567.340000000004,0.004400000000000001,25936.24000000001,0
5134077,איילון מניות בלוקצ'יין וכרייה,"מניות לפי ענפים בחו""ל",,"מניות בחו""ל",2026-02-28,18530000.0,איילון,,False,False,0.018500000000000003,0.0035,3428.0500000000006,0.015000000000000003,2779.500000000001,0
5134093,"אי בי אי מחקה ת""א-ביטוח",ביטוח,,מניות בארץ,2026-02-28,481380000.0,אי.בי.אי,,True,False,0.006,0.0,28882.8,0.006,28882.8,0
5134101,הראל מחקה אינדקס מניות ערך ישראל,Large & Mid Cap,,מניות בארץ,2026-02-28,423440000.0,הראל,,True,False,0.006500000000000001,0.0,27523.600000000002,0.006500000000000001,27523.600000000002,0
5134119,מור מחקה אינדקס יצרני ציוד לשבבים גלובלי,Semiconductor,,"מניות בחו""ל",2026-02-28,150320000.0,מור,,True,False,0.0075,0.0,11273.999999999998,0.0075,11273.999999999998,0
5134135,MTF מחקה אינדקס Global Metals & Minerals producers מנוטרלת דולר,Materials,,"מניות בחו""ל",2026-02-28,156030000.0,מגדל,,True,False,0.008,0.0,12482.400000000001,0.008,12482.400000000001,0
5134143,אימפקט Global Shares,"מניות כללי בחו""ל חשופת מט""ח",,"מניות בחו""ל",2026-02-28,296350000.0,איילון,אימפקט,False,False,0.0167,0.0035,49490.45,0.0132,39118.200000000004,0
5134150,אלטשולר שחם מחקה A.B SmartBeta Mid - Small Cap MultiFactor Top 30 TA,Mid  & Small Cap,,מניות בארץ,2026-02-28,12530000.0,אלטשולר שחם,,True,False,0.008,0.0,1002.4000000000001,0.008,1002.4000000000001,0
5134168,אי בי אי מחקה אינדקס בנקים ישראל,בנקאות ואשראי חוץ בנקאי,,מניות בארץ,2026-02-28,667330000.0,אי.בי.אי,,True,False,0.005,0.0,33366.5,0.005,33366.5,0
5134176,אילים מניות תשתיות,מניות לפי ענפים,,מניות בארץ,2026-02-28,244420000.0,אילים,,False,False,0.0069,0.0035,16864.98,0.0034,8310.28,0
5134200,איביאי מחקה משולבת מניות ישראל חודשי,מניות בארץ קרן משולבת,,מניות בארץ,2026-02-28,85520000.0,אי.בי.אי,,True,False,0.0,0.0,0.0,0.0,0.0,0
5134218,קבין גמישה,גמישות,,גמישות,2026-02-28,22930000.0,איילון,קבין,False,False,0.018000000000000002,0.0035,4127.400000000001,0.014500000000000002,3324.850000000001,0
5134226,"פסטרנק שהם אג""ח כללי ללא מניות","אג""ח כללי בארץ ללא מניות וללא סימן קריאה",,"אג""ח בארץ - כללי",2026-02-28,232070000.0,איילון,פסטרנק שהם,False,False,0.0075,0.0035,17405.25,0.004,9282.800000000001,0
5134234,פסטרנק שהם 20/80,"אג""ח כללי בארץ- עד 20% מניות",,"אג""ח בארץ - כללי",2026-02-28,466200000.0,איילון,פסטרנק שהם,False,False,0.0078000000000000005,0.0035,36363.6,0.0043,20046.600000000002,0
5134242,MTF מחקה אינדקס Global Semiconductors מנוטרלת דולר,Semiconductor,,"מניות בחו""ל",2026-02-28,70400000.0,מגדל,,True,False,0.008,0.0,5632.000000000001,0.008,5632.000000000001,0
5134267,איביאי אגד ישראלי עד 30% מניות,אגד ישראלי,,אגד קרנות,2026-02-28,116450000.0,אי.בי.אי,,False,False,0.0,0.0035,0.0,-0.0035,-4075.7500000000005,0
5134275,איביאי אגד ישראלי עד 15% מניות,אגד ישראלי,,אגד קרנות,2026-02-28,146260000.0,אי.בי.אי,,False,False,0.0,0.0035,0.0,-0.0035,-5119.1,0
5134283,"פורצ'ן מניות חו""ל","מניות כללי בחו""ל חשופת מט""ח",,"מניות בחו""ל",2026-02-28,26910000.0,איילון,פורצ'ן,False,False,0.018000000000000002,0.0035,4843.8,0.014500000000000002,3901.9500000000007,0
5134291,דיאמונד 10/90,"אג""ח כללי בארץ- עד 10% מניות ללא סימן קריאה",,"אג""ח בארץ - כללי",2026-02-28,34430000.0,איילון,דיאמונד,False,False,0.0079,0.0035,2719.9700000000003,0.004400000000000001,1514.9200000000005,0
5134309,מגדל כספית,כספית שקלית עם קונצרני,,קרן כספית,2026-02-28,5198840000.0,מגדל,,False,False,0.0023899999999999998,0.001,124252.27599999998,0.0013899999999999997,72263.87599999999,1
5134317,ילין לפידות Large & Mid cap ישראל,מניות Large & Mid Cap,,מניות בארץ,2026-02-28,211750000.0,ילין לפידות,,False,False,0.012,0.0035,25410.0,0.0085,17998.75,0
5134333,פינסה 20/80,"אג""ח כללי בארץ- עד 20% מניות",,"אג""ח בארץ - כללי",2026-02-28,467310000.0,סיגמא,פינסה ניהול נכסים,False,False,0.0079,0.0035,36917.490000000005,0.004400000000000001,20561.640000000007,0
5134341,פינסה 10/90,"אג""ח כללי בארץ- עד 10% מניות ללא סימן קריאה",,"אג""ח בארץ - כללי",2026-02-28,111500000.0,סיגמא,פינסה ניהול נכסים,False,False,0.0079,0.0035,8808.500000000002,0.004400000000000001,4906.000000000002,0
5134358,פינסה מניות,מניות All Cap,,מניות בארץ,2026-02-28,160850000.0,סיגמא,פינסה ניהול נכסים,False,False,0.018000000000000002,0.0035,28953.000000000004,0.014500000000000002,23323.250000000004,0
5134366,"פינסה אג""ח ללא מניות","אג""ח כללי בארץ ללא מניות וללא סימן קריאה",,"אג""ח בארץ - כללי",2026-02-28,1011740000.0,סיגמא,פינסה ניהול נכסים,False,False,0.0075,0.0035,75880.5,0.004,40469.600000000006,0
5134374,פינסה גמישה,גמישות,,גמישות,2026-02-28,55530000.0,סיגמא,פינסה ניהול נכסים,False,False,0.017,0.0035,9440.1,0.013500000000000002,7496.550000000002,0
5134390,"תכלית TTF אינדקס ישראל שקלי A ומעלה פקטור מרווח מאג""ח ממשלתי",בריבית קבועה,,"אג""ח בארץ- חברות והמרה",2026-02-28,35080000.0,מיטב,,True,False,0.0015,0.0,526.2,0.0015,526.2,0
5134416,"איביאי מחקה אינדקס מניות ערך ארה""ב פיזור סקטוריאלי מנוטרלת מט""ח",אמריקה- כללי,,"מניות בחו""ל",2026-02-28,16920000.0,אי.בי.אי,,True,False,0.008,0.0,1353.6000000000001,0.008,1353.6000000000001,0
5134424,מור מחקה אינדקס ביטוח משקל שווה,ביטוח,,מניות בארץ,2026-02-28,358340000.0,מור,,True,False,0.004,0.0,14333.6,0.004,14333.6,0
5134432,פורטה 30/70,"אג""ח כללי בארץ- עד 30% מניות",,"אג""ח בארץ - כללי",2026-02-28,591840000.0,סיגמא,פורטה,False,False,0.0075,0.0035,44387.99999999999,0.004,23673.600000000002,0
5134457,קסם אקטיב 25/75,"אג""ח כללי בארץ- עד 25% מניות",,"אג""ח בארץ - כללי",2026-02-28,38050000.0,קסם,,False,False,0.0059,0.0035,2244.95,0.0024,913.1999999999999,0
5134465,קסם אקטיב תיק השקעות + 30%,"אג""ח כללי בארץ- עד 30% מניות",,"אג""ח בארץ - כללי",2026-02-28,149340000.0,קסם,,False,False,0.0069,0.0035,10304.46,0.0034,5077.56,0
5134473,"קסם אקטיב אג""ח + 10%","אג""ח כללי בארץ- עד 10% מניות ללא סימן קריאה",,"אג""ח בארץ - כללי",2026-02-28,142350000.0,קסם,,False,False,0.0074,0.0035,10533.900000000001,0.0039000000000000003,5551.65,0
5134481,"קסם אקטיב אג""ח חברות + 10%",חברות והמרה עם מניות ללא סימן קריאה,,"אג""ח בארץ- חברות והמרה",2026-02-28,447820000.0,קסם,,False,False,0.0075,0.0035,33586.5,0.004,17912.800000000003,0
5134523,איילון 30/70,"אג""ח כללי בארץ- עד 30% מניות",,"אג""ח בארץ - כללי",2026-02-28,9810000.0,איילון,,False,False,0.0089,0.0035,873.0899999999999,0.0054,529.74,0
5134531,MTF מחקה Nasdaq 100,אמריקה- שווקים מפותחים,,"מניות בחו""ל",2026-02-28,674040000.0,מגדל,,True,False,0.0,0.0,0.0,0.0,0.0,0
5134549,"MTF מחקה Nasdaq 100 מנוטרלת מט""ח",אמריקה- שווקים מפותחים,,"מניות בחו""ל",2026-02-28,908960000.0,מגדל,,True,False,0.0,0.0,0.0,0.0,0.0,0
5134556,תכלית TTFי Indxx Semiconductor Equipment Providers מנוטרלת דולר,Semiconductor,,"מניות בחו""ל",2026-02-28,22150000.0,מיטב,,True,False,0.006,0.0,1329.0,0.006,1329.0,0
5134564,אי בי אי מחקה תל גוב-משתנה שקלי,ריבית משתנה ממשלתיות,,"אג""ח בארץ- מדינה",2026-02-28,4840000.0,אי.בי.אי,,True,False,0.0015,0.0,72.60000000000001,0.0015,72.60000000000001,0
5134606,"מיטב (!) תיק אג""ח ללא מניות","אג""ח כללי בארץ ללא מניות עם סימן קריאה",,"אג""ח בארץ - כללי",2026-02-28,19190000.0,מיטב,,False,False,0.0069,0.0035,1324.11,0.0034,652.46,0
5134614,"מיטב (!) תיק אג""ח + 10%","אג""ח כללי בארץ- עד 10% מניות ועם סימן קריאה",,"אג""ח בארץ - כללי",2026-02-28,13000000.0,מיטב,,False,False,0.0079,0.0035,1027.0000000000002,0.004400000000000001,572.0000000000001,0
5134663,"מיטב אג""ח מדינה ללא מניות","אג""ח מדינה כללי- ללא מניות",,"אג""ח בארץ- מדינה",2026-02-28,512640000.0,מיטב,,False,False,0.0059,0.0035,30245.76,0.0024,12303.359999999999,0
5134671,"אי בי אי מחקה ת""א 125 - נקובה $",Large & Mid Cap,,מניות בארץ,2026-02-28,397980000.0,אי.בי.אי,,True,False,0.0025,0.0,9949.5,0.0025,9949.5,0
5134689,"אי בי אי מחקה Shiller Barclays CAPE® US Core Mid-Month Sector מנוטרלת מט""ח",אמריקה- שווקים מפותחים,,"מניות בחו""ל",2026-02-28,644160000.0,אי.בי.אי,,True,False,0.0079,0.0,50888.64000000001,0.0079,50888.64000000001,0
5134705,הראל מחקה אינדקס לפדיון 2026 מנפיקים במשקל שווה (מתגלגל כל 6 שנים),"אג""ח חברות שקלי וצמוד",,"אג""ח בארץ- חברות והמרה",2026-02-28,41310000.0,הראל,,True,False,0.002,0.0,826.2,0.002,826.2,0
5134713,"MTF מחקה אינדקס ת""א-125 Smart Momentum",Large & Mid Cap,,מניות בארץ,2026-02-28,64890000.0,מגדל,,True,False,0.0,0.0,0.0,0.0,0.0,0
5134754,הראל אגד ישראלי עד 15% מניות,אגד ישראלי,,אגד קרנות,2026-02-28,17530000.0,הראל,,False,False,0.0,0.0035,0.0,-0.0035,-613.5500000000001,0
5134762,הראל אגד ישראלי עד 30% מניות,אגד ישראלי,,אגד קרנות,2026-02-28,19240000.0,הראל,,False,False,0.0,0.0035,0.0,-0.0035,-673.4000000000001,0
5134788,MTF מחקה אינדקס A מנגנון שקלי-צמוד,"אג""ח חברות שקלי וצמוד",,"אג""ח בארץ- חברות והמרה",2026-02-28,43890000.0,מגדל,,True,False,0.002,0.0,877.8000000000001,0.002,877.8000000000001,0
5134796,MTF מחקה אינדקס AA מנגנון שקלי-צמוד,"אג""ח חברות שקלי וצמוד",,"אג""ח בארץ- חברות והמרה",2026-02-28,31230000.0,מגדל,,True,False,0.002,0.0,624.6,0.002,624.6,0
5134804,"אילים (!) אג""ח קונצרני",חברות והמרה ללא מניות עם סימן קריאה,,"אג""ח בארץ- חברות והמרה",2026-02-28,661560000.0,אילים,,False,False,0.0069,0.0035,45647.64,0.0034,22493.04,0
5134812,אי בי אי מחקה Bloomberg US Corporate 1-5 Years,"חברות והמרה חשופת מט""ח - בינוני",,"אג""ח בחו""ל",2026-02-28,94170000.0,אי.בי.אי,,True,False,0.004,0.0,3766.8,0.004,3766.8,0
5134820,אי בי אי מחקה Bloomberg US Intermediate Credit,"אג""ח בחו""ל - אחר",,"אג""ח בחו""ל",2026-02-28,10860000.0,אי.בי.אי,,True,False,0.003,0.0,325.8,0.003,325.8,0
5134838,"אי בי אי מחקה Bloomberg US Corporate 1-5 Years מנוטרלת מט""ח","חברות והמרה  מנוטרלת מט""ח - בינוני",,"אג""ח בחו""ל",2026-02-28,209320000.0,אי.בי.אי,,True,False,0.004,0.0,8372.800000000001,0.004,8372.800000000001,0
5134846,פרופאונד 30/70,"אג""ח כללי בארץ- עד 30% מניות",,"אג""ח בארץ - כללי",2026-02-28,36490000.0,איילון,פרופאונד,False,False,0.0069,0.0035,2517.81,0.0034,1240.66,0
5134853,MTF מחקה אינדקס A שקלי אופק דירוג יציב או חיובי,בריבית קבועה,,"אג""ח בארץ- חברות והמרה",2026-02-28,61320000.0,מגדל,,True,False,0.002,0.0,1226.4,0.002,1226.4,0
5134879,אי בי אי מחקה S&P Industrial,Industrials,,"מניות בחו""ל",2026-02-28,28130000.0,אי.בי.אי,,True,False,0.006999999999999999,0.0,1969.1,0.006999999999999999,1969.1,0
5134887,אי בי אי מחקה S&P 500 Low Volatility High Dividend,אמריקה- שווקים מפותחים,,"מניות בחו""ל",2026-02-28,15030000.0,אי.בי.אי,,True,False,0.0,0.0,0.0,0.0,0.0,0
5134895,"אי בי אי מחקה iBoxx US Liquid Investment Grade 0-5 Years מנוטרלת מט""ח","חברות והמרה  מנוטרלת מט""ח",,"אג""ח בחו""ל",2026-02-28,73590000.0,אי.בי.אי,,True,False,0.003,0.0,2207.7000000000003,0.003,2207.7000000000003,0
5134911,אי בי אי מחקה תל בונד-שקלי A,בריבית קבועה,,"אג""ח בארץ- חברות והמרה",2026-02-28,130210000.00000001,אי.בי.אי,,True,False,0.0,0.0,0.0,0.0,0.0,0
5134929,קסם KTFי iBoxx USD Liquid FRN Investment Grade Corporates 100,"חברות והמרה חשופת מט""ח",,"אג""ח בחו""ל",2026-02-28,17910000.0,קסם,,True,False,0.005,0.0,895.5,0.005,895.5,0
5134960,איילון תיק עד 30% מניות - אגד ישראלי,אגד ישראלי,,אגד קרנות,2026-02-28,72900000.0,איילון,,False,False,0.0,0.0035,0.0,-0.0035,-2551.5000000000005,0
5134978,איילון תיק עד 15% מניות - אגד ישראלי,אגד ישראלי,,אגד קרנות,2026-02-28,64080000.0,איילון,,False,False,0.0,0.0035,0.0,-0.0035,-2242.8,0
5134986,"קסם KTFי Indxx US Tech Top 10 - MR מנוטרלת מט""ח",Technology,,"מניות בחו""ל",2026-02-28,225120000.0,קסם,,True,False,0.006,0.0,13507.2,0.006,13507.2,0
5135009,"מור (!) אג""ח + 10%","אג""ח כללי בארץ- עד 10% מניות ועם סימן קריאה",,"אג""ח בארץ - כללי",2026-02-28,1100860000.0,מור,,False,False,0.0075,0.0035,82564.5,0.004,44034.4,0
5135017,"מור (!) אג""ח חברות זיקה לישראל- נקוב $",חברות והמרה עם מניות ועם סימן קריאה,,"אג""ח בארץ- חברות והמרה",2026-02-28,58040000.0,מור,,False,False,0.0079,0.0035,4585.160000000001,0.004400000000000001,2553.7600000000007,0
5135025,איביאי מחקה אינדקס סייבר גלובלי משקל שווה מנוטרלת דולר,Cyber Security,,"מניות בחו""ל",2026-02-28,4300000.0,אי.בי.אי,,True,False,0.004,0.0,172.0,0.004,172.0,0
5135041,הראל איתן אסטרטגיות,אסטרטגיות (לא ממונפות),,ממונפות ואסטרטגיות,2026-02-28,6210000.0,הראל,,False,False,0.0,0.0035,0.0,-0.0035,-217.35000000000002,0
5135058,Gse Spot מניות,מניות All Cap,,מניות בארץ,2026-02-28,9750000.0,איילון,ג'י. אס. אי. ספוט,False,False,0.018500000000000003,0.0035,1803.7500000000002,0.015000000000000003,1462.5000000000005,0
5135074,"תכלית TTFי PHLX Semiconductor Sector מנוטרלת מט""ח",Semiconductor,,"מניות בחו""ל",2026-02-28,341230000.0,מיטב,,True,False,0.005,0.0,17061.5,0.005,17061.5,0
5135090,"MTF מחקה ת""א-90 נקובה $",Mid Cap,,מניות בארץ,2026-02-28,82300000.0,מגדל,,True,False,0.0,0.0,0.0,0.0,0.0,0
5135108,"MTF מחקה Bloomberg US Analyst Recommendations מנוטרלת מט""ח",אמריקה- שווקים מפותחים,,"מניות בחו""ל",2026-02-28,518390000.0,מגדל,,True,False,0.008,0.0,41471.200000000004,0.008,41471.200000000004,0
5135116,קסם KTF אינדקס Top 60 צמוד - משקל תשואה לפדיון,בריבית קבועה,,"אג""ח בארץ- חברות והמרה",2026-02-28,25920000.0,קסם,,True,False,0.001,0.0,259.20000000000005,0.001,259.20000000000005,0
5135132,"קסם KTF ת""א-פמילי",אחר,,מניות בארץ,2026-02-28,15640000.0,קסם,,True,False,0.0025,0.0,391.0,0.0025,391.0,0
5135140,תכלית TTF תל בונד-שקלי A,בריבית קבועה,,"אג""ח בארץ- חברות והמרה",2026-02-28,204530000.0,מיטב,,True,False,0.0,0.0,0.0,0.0,0.0,0
5135157,"ילין לפידות מחקה אינדקס סייבר ארה""ב - מבוסס AI מנוטרלת מט""ח",Cyber Security,,"מניות בחו""ל",2026-02-28,12920000.0,ילין לפידות,,True,False,0.0077,0.0,994.84,0.0077,994.84,0
5135165,"ATF מחקה אינדקס ת""א-125 מומנטום ענפי",Large & Mid Cap,,מניות בארץ,2026-02-28,102010000.0,אנליסט,,True,False,0.005,0.0,5100.5,0.005,5100.5,0
5135173,"ברק אולטרה ת""א 35 פי 3",ממונפות בסיכון גבוה,,ממונפות ואסטרטגיות,2026-02-28,49860000.0,ברק,,False,False,0.018000000000000002,0.0035,8974.800000000001,0.014500000000000002,7229.700000000002,0
5135181,ברק אולטרה S&P 500 פי 3,ממונפות בסיכון גבוה,,ממונפות ואסטרטגיות,2026-02-28,11780000.0,ברק,,False,False,0.018000000000000002,0.0035,2120.4,0.014500000000000002,1708.1000000000004,0
5135199,ברק אולטרה דאקס פי 3,ממונפות בסיכון גבוה,,ממונפות ואסטרטגיות,2026-02-28,12500000.0,ברק,,False,False,0.036000000000000004,0.0035,4500.0,0.0325,4062.5,0
5135207,"ברק אולטרה נאסד""ק 100 פי 3",ממונפות בסיכון גבוה,,ממונפות ואסטרטגיות,2026-02-28,28440000.0,ברק,,False,False,0.018000000000000002,0.0035,5119.200000000001,0.014500000000000002,4123.800000000001,0
5135215,"ברק אולטרה ת""א 125 פי 3",ממונפות בסיכון גבוה,,ממונפות ואסטרטגיות,2026-02-28,50440000.0,ברק,,False,False,0.018000000000000002,0.0035,9079.2,0.014500000000000002,7313.800000000001,0
5135223,קסם אקטיב ברקת 30/70,"אג""ח כללי בארץ- עד 30% מניות",,"אג""ח בארץ - כללי",2026-02-28,60470000.0,קסם,,False,False,0.0058,0.0035,3507.2599999999998,0.0022999999999999995,1390.8099999999997,0
5135256,"ISP Asset Management מניות חו""ל","מניות כללי בחו""ל חשופת מט""ח",,"מניות בחו""ל",2026-02-28,54850000.0,איילון,איי.אס.פי.,False,False,0.016,0.0035,8776.0,0.0125,6856.25,0
5135264,"פרופאונד אג""ח ללא מניות","אג""ח כללי בארץ ללא מניות וללא סימן קריאה",,"אג""ח בארץ - כללי",2026-02-28,165990000.0,איילון,פרופאונד,False,False,0.009899999999999999,0.0035,16433.01,0.0063999999999999994,10623.359999999999,0
5135272,"קסם KTFי משולבת מניות חו""ל מפותחות MidCap חודשי מנוטרלת מט""ח","מניות בחו""ל קרן משולבת",,"מניות בחו""ל",2026-02-28,18900000.0,קסם,,True,False,0.0,0.0,0.0,0.0,0.0,0
5135280,"אי בי אי מחקה EURO STOXX Dividend 30 מנוטרלת מט""ח",אירופה- כללי,,"מניות בחו""ל",2026-02-28,86220000.0,אי.בי.אי,,True,False,0.005,0.0,4311.0,0.005,4311.0,0
5135306,"אי בי אי מחקה iBoxx US Liquid Investment Grade Top 30 מנוטרלת מט""ח","חברות והמרה  מנוטרלת מט""ח",,"אג""ח בחו""ל",2026-02-28,11220000.0,אי.בי.אי,,True,False,0.006,0.0,673.2,0.006,673.2,0
5135322,אלפי בנדק גמישה,גמישות,,גמישות,2026-02-28,5010000.0,הראל,אלפי בנדק,False,False,0.025,0.0035,1252.5,0.021500000000000002,1077.15,0
5135330,קסם KTFי MSCI AC World,"מניות גלובליות - חשופת מט""ח",,"מניות בחו""ל",2026-02-28,204780000.0,קסם,,True,False,0.003,0.0,6143.400000000001,0.003,6143.400000000001,0
5135348,"הראל מחקה ת""א 90 - נקובה $",Mid Cap,,מניות בארץ,2026-02-28,47520000.0,הראל,,True,False,0.0,0.0,0.0,0.0,0.0,0
5135371,אי בי אי מחקה אינדקס Food Brands Top 10 מנוטרלת דולר,Consumer Staples,,"מניות בחו""ל",2026-02-28,2910000.0,אי.בי.אי,,True,False,0.006500000000000001,0.0,189.15000000000003,0.006500000000000001,189.15000000000003,0
5135405,MTF מחקה תל גוב-צמודות 5-10,צמודות מדד ממשלתיות - ארוך,,"אג""ח בארץ- מדינה",2026-02-28,170310000.0,מגדל,,True,False,0.0,0.0,0.0,0.0,0.0,0
5135413,MTF מחקה תל גוב-שקלי 5-10,ריבית קבועה - ארוך,,"אג""ח בארץ- מדינה",2026-02-28,511710000.0,מגדל,,True,False,0.0,0.0,0.0,0.0,0.0,0
5135421,"מור מחקה אינדקס A-AA מח""מ 3 סינטטי",אחר,,"אג""ח בארץ- חברות והמרה",2026-02-28,37190000.0,מור,,True,False,0.002,0.0,743.8000000000001,0.002,743.8000000000001,0
5135439,"מור מחקה אינדקס A מח""מ 4 סינטטי",אחר,,"אג""ח בארץ- חברות והמרה",2026-02-28,189380000.0,מור,,True,False,0.002,0.0,3787.6000000000004,0.002,3787.6000000000004,0
5135470,MTF מחקה אינדקס תעשיה ישראל,תעשיה,,מניות בארץ,2026-02-28,113340000.0,מגדל,,True,False,0.005,0.0,5667.0,0.005,5667.0,0
5135496,"אלטשולר שחם מחקה נדל""ן ישראל A.B SmartBeta","נדל""ן ובנייה",,מניות בארץ,2026-02-28,9630000.0,אלטשולר שחם,,True,False,0.009000000000000001,0.0,866.7,0.009000000000000001,866.7,0
5135504,אלטשולר שחם מחקה מחקה טכנולוגיה ישראל A.B SmartBeta,טכנולוגיה,,מניות בארץ,2026-02-28,44960000.0,אלטשולר שחם,,True,False,0.009000000000000001,0.0,4046.4,0.009000000000000001,4046.4,0
5135512,אביב מניות גלובלי כשרה,"מניות כללי בחו""ל חשופת מט""ח",,"מניות בחו""ל",2026-02-28,35310000.0,איילון,אביב בית השקעות,False,False,0.0195,0.0035,6885.45,0.016,5649.6,0
5135520,אביב מניות ישראל ESG כשרה,מניות All Cap,,מניות בארץ,2026-02-28,86790000.0,איילון,אביב בית השקעות,False,False,0.0195,0.0035,16924.05,0.016,13886.400000000001,0
5135538,אביב 20/80 תיק ESG כשרה,"אג""ח כללי בארץ- עד 20% מניות",,"אג""ח בארץ - כללי",2026-02-28,21620000.0,איילון,אביב בית השקעות,False,False,0.009300000000000001,0.0035,2010.6600000000003,0.005800000000000001,1253.9600000000003,0
5135546,אביב ESG מניות ישראל,מניות All Cap,,מניות בארץ,2026-02-28,34910000.0,איילון,אביב בית השקעות,False,False,0.0195,0.0035,6807.45,0.016,5585.6,0
5135553,"אביב אג""ח חברות ESG כשרה",חברות והמרה ללא מניות וללא סימן קריאה,,"אג""ח בארץ- חברות והמרה",2026-02-28,63860000.0,איילון,אביב בית השקעות,False,False,0.0089,0.0035,5683.54,0.0054,3448.4400000000005,0
5135587,"אילים אג""ח Floaters לנזילות דולרית - נקובה $","אג""ח נקובת מט""ח",,"אג""ח בחו""ל",2026-02-28,28730000.0,אילים,,False,False,0.0059,0.0035,1695.07,0.0024,689.5199999999999,0
5135595,"אילים אג""ח Floaters לנזילות דולרית","אג""ח חשופת דולר",,"אג""ח בחו""ל",2026-02-28,10110000.0,אילים,,False,False,0.0059,0.0035,596.49,0.0024,242.63999999999996,0
5135603,"MTF מחקה S&P 500 VALUE מנוטרלת מט""ח",אמריקה- שווקים מפותחים,,"מניות בחו""ל",2026-02-28,20590000.0,מגדל,,True,False,0.005,0.0,1029.5,0.005,1029.5,0
5135611,"קסם KTFי BlueStar נדל""ן למגורים ארה""ב - Top 10 מנוטרלת מט""ח",REIT - Real Estate,,"מניות בחו""ל",2026-02-28,3370000.0,קסם,,True,False,0.0,0.0,0.0,0.0,0.0,0
5135629,גביש גמישה,גמישות,,גמישות,2026-02-28,21960000.0,סיגמא,גביש פיננסים,False,False,0.018500000000000003,0.0035,4062.6000000000004,0.015000000000000003,3294.000000000001,0
5135652,ברק אולטרה בנקים פי 3,ממונפות בסיכון גבוה,,ממונפות ואסטרטגיות,2026-02-28,207600000.0,ברק,,False,False,0.036000000000000004,0.0035,74736.0,0.0325,67470.0,0
5135686,איביאי מחקה אינדקס ישראל הנהגה נשית,אחר,,מניות בארץ,2026-02-28,3410000.0,אי.בי.אי,,True,False,0.0,0.0,0.0,0.0,0.0,0
5135694,"אי בי אי מחקה ת""א-נדל""ן","נדל""ן ובנייה",,מניות בארץ,2026-02-28,126720000.0,אי.בי.אי,,True,False,0.004,0.0,5068.8,0.004,5068.8,0
5135702,קסם אקטיב 20/80 נקובה $,"אג""ח כללי בארץ- עד 20% מניות",,"אג""ח בארץ - כללי",2026-02-28,20110000.0,קסם,,False,False,0.0058,0.0035,1166.3799999999999,0.0022999999999999995,462.5299999999999,0
5135710,"אי בי אי מחקה ת""א-פיננסים",פיננסים,,מניות בארץ,2026-02-28,312310000.0,אי.בי.אי,,True,False,0.005,0.0,15615.5,0.005,15615.5,0
5135736,"הראל מחקה תל גוב-מק""מ - נקובה $","מק""מ",,"אג""ח בארץ- מדינה",2026-02-28,10680000.0,הראל,,True,False,0.002,0.0,213.60000000000002,0.002,213.60000000000002,0
5135744,אלטשולר שחם אגד ישראלי עד 15% מניות,אגד ישראלי,,אגד קרנות,2026-02-28,23640000.0,אלטשולר שחם,,False,False,0.0,0.0035,0.0,-0.0035,-827.4000000000001,0
5135751,אלטשולר שחם אגד ישראלי עד 30% מניות,אגד ישראלי,,אגד קרנות,2026-02-28,22930000.0,אלטשולר שחם,,False,False,0.0,0.0035,0.0,-0.0035,-802.5500000000001,0
5135769,ב. אלטרנטיב 20/80,"אג""ח כללי בארץ- עד 20% מניות",,"אג""ח בארץ - כללי",2026-02-28,441490000.0,איילון,בסט אלטרנטיב,False,False,0.0079,0.0035,34877.71000000001,0.004400000000000001,19425.560000000005,0
5135777,קסם KTF אינדקס AA ומעלה שקלי 0-3,בריבית קבועה,,"אג""ח בארץ- חברות והמרה",2026-02-28,80140000.0,קסם,,True,False,0.001,0.0,801.4000000000001,0.001,801.4000000000001,0
5135785,קסם KTF אינדקס AA ומעלה צמוד 0-3,בריבית קבועה,,"אג""ח בארץ- חברות והמרה",2026-02-28,214180000.0,קסם,,True,False,0.001,0.0,2141.8,0.001,2141.8,0
5135793,אינווסטור 360 מניות ערך ישראל,מניות All Cap,,מניות בארץ,2026-02-28,31900000.0,איילון,אינווסט 360,False,False,0.008,0.0035,2552.0,0.0045000000000000005,1435.5,0
5135801,"אינווסטור 360 מניות חו""ל","מניות כללי בחו""ל חשופת מט""ח",,"מניות בחו""ל",2026-02-28,25970000.0,איילון,אינווסט 360,False,False,0.0075,0.0035,1947.7499999999998,0.004,1038.8000000000002,0
5135819,תכלית TTF תל בונד-צמודות 1-3,בריבית קבועה - קצר,,"אג""ח בארץ- חברות והמרה",2026-02-28,713160000.0,מיטב,,True,False,0.002,0.0,14263.2,0.002,14263.2,0
5135835,הראל מחקה תל גוב-שקלי 10+,ריבית קבועה - ארוך,,"אג""ח בארץ- מדינה",2026-02-28,88400000.0,הראל,,True,False,0.001,0.0,884.0000000000001,0.001,884.0000000000001,0
5135843,הראל מחקה תל גוב-צמודות 10+,צמודות מדד ממשלתיות - ארוך,,"אג""ח בארץ- מדינה",2026-02-28,9590000.0,הראל,,True,False,0.001,0.0,95.9,0.001,95.9,0
5135884,איביאי מחקה אינדקס אשראי חוץ בנקאי ושירותים פיננסיים אחרים בישראל,בנקאות ואשראי חוץ בנקאי,,מניות בארץ,2026-02-28,56980000.0,אי.בי.אי,,True,False,0.008,0.0,4558.400000000001,0.008,4558.400000000001,0
5135926,מיטב כספית ניהול נזילות,כספית שקלית עם קונצרני,,קרן כספית,2026-02-28,4615670000.0,מיטב,,False,False,0.0022,0.001,101544.74000000002,0.0012000000000000001,55388.04,1
5135942,MTF מחקה אינדקס A-AAA לפדיון 2029 (מתגלגל כל 4 שנים),"אג""ח חברות שקלי וצמוד",,"אג""ח בארץ- חברות והמרה",2026-02-28,78880000.0,מגדל,,True,False,0.002,0.0,1577.6000000000001,0.002,1577.6000000000001,0
5135975,"ATF מחקה אינדקס אג""ח בנקים וחב' ממשלתיות","אג""ח חברות שקלי וצמוד",,"אג""ח בארץ- חברות והמרה",2026-02-28,160530000.0,אנליסט,,True,False,0.0025,0.0,4013.25,0.0025,4013.25,0
5135983,"MTF מחקה אינדקס שבבים ארה""ב Top10 מנוטרלת מט""ח",Semiconductor,,"מניות בחו""ל",2026-02-28,385590000.0,מגדל,,True,False,0.005,0.0,19279.5,0.005,19279.5,0
5135991,ילין לפידות 30/70 ערך,"אג""ח כללי בארץ- עד 30% מניות",,"אג""ח בארץ - כללי",2026-02-28,790830000.0,ילין לפידות,,False,False,0.0059,0.0035,46658.97,0.0024,18979.92,0
5136015,ISP Asset Management מניות ישראל,מניות All Cap,,מניות בארץ,2026-02-28,72150000.0,איילון,איי.אס.פי.,False,False,0.012,0.0035,8658.0,0.0085,6132.75,0
5136023,תכלית TTF אינדקס A-AA לפדיון 2028 (מתגלגל כל 3 שנים),"אג""ח חברות שקלי וצמוד",,"אג""ח בארץ- חברות והמרה",2026-02-28,15170000.0,מיטב,,True,False,0.0015,0.0,227.55,0.0015,227.55,0
5136031,תכלית TTF אינדקס ישראל AA מאוזן 2-4,"אג""ח חברות שקלי וצמוד",,"אג""ח בארץ- חברות והמרה",2026-02-28,84340000.0,מיטב,,True,False,0.0015,0.0,1265.1000000000001,0.0015,1265.1000000000001,0
5136056,"קסם S&P Health Care KTF מנוטרלת מט""ח",Health Care,,"מניות בחו""ל",2026-02-28,49730000.0,קסם,,True,False,0.0055000000000000005,0.0,2735.1500000000005,0.0055000000000000005,2735.1500000000005,0
5136064,קסם NIKKEI 225 KTF,אסיה ופסיפיק- שווקים מפותחים,,"מניות בחו""ל",2026-02-28,105240000.0,קסם,,True,False,0.0055000000000000005,0.0,5788.200000000001,0.0055000000000000005,5788.200000000001,0
5136080,פסטרנק שהם 15/85,"אג""ח כללי בארץ- עד 15% מניות",,"אג""ח בארץ - כללי",2026-02-28,76770000.0,איילון,פסטרנק שהם,False,False,0.0075,0.0035,5757.749999999999,0.004,3070.8,0
5136098,פסטרנק שהם מניות Mid Cap ישראל,מניות Large & Mid Cap,,מניות בארץ,2026-02-28,256750000.0,איילון,פסטרנק שהם,False,False,0.0155,0.0035,39796.25,0.012,30810.0,0
5136114,קסם KTF אינדקס Bullet ישראל 2026,"אג""ח חברות שקלי וצמוד",,"אג""ח בארץ- חברות והמרה",2026-02-28,228540000.0,קסם,,True,False,0.002,0.0,4570.8,0.002,4570.8,0
5136122,ב. אלטרנטיב גמישה,גמישות,,גמישות,2026-02-28,55370000.0,איילון,בסט אלטרנטיב,False,False,0.0168,0.0035,9302.16,0.0133,7364.209999999999,0
5136130,"קסם KTF ת""א מעלה",אחר,,מניות בארץ,2026-02-28,80000000.0,קסם,,True,False,0.005,0.0,4000.0,0.005,4000.0,0
5136148,ילין לפידות מחקה אינדקס אנרגיה ירוקה גלובלי - מבוסס AI,Alternative / Renewable Energy,,"מניות בחו""ל",2026-02-28,23260000.0,ילין לפידות,,True,False,0.0077,0.0,1791.02,0.0077,1791.02,0
5136163,"מיטב נדל""ן - תשתיות",מניות לפי ענפים,,מניות בארץ,2026-02-28,51080000.0,מיטב,,False,False,0.0095,0.0035,4852.599999999999,0.006,3064.8,0
5136171,"תכלית TTF אינדקס Mega 20 US Banks מנוטרלת מט""ח",Banking,,"מניות בחו""ל",2026-02-28,86620000.0,מיטב,,True,False,0.004,0.0,3464.8,0.004,3464.8,0
5136189,ילין לפידות (!) 10/90,"אג""ח כללי בארץ- עד 10% מניות ועם סימן קריאה",,"אג""ח בארץ - כללי",2026-02-28,118470000.0,ילין לפידות,,False,False,0.0054,0.0035,6397.38,0.0019000000000000002,2250.9300000000003,0
5136213,הראל מחקה תל בונד-שקלי 1-3,בריבית קבועה - קצר,,"אג""ח בארץ- חברות והמרה",2026-02-28,148880000.0,הראל,,True,False,0.0,0.0,0.0,0.0,0.0,0
5136221,הראל מחקה תל בונד-שקלי 3-5,בריבית קבועה - בינוני,,"אג""ח בארץ- חברות והמרה",2026-02-28,54880000.0,הראל,,True,False,0.0,0.0,0.0,0.0,0.0,0
5136239,קבין 20/80,"אג""ח כללי בארץ- עד 20% מניות",,"אג""ח בארץ - כללי",2026-02-28,348230000.0,איילון,קבין,False,False,0.0084,0.0035,29251.32,0.0049,17063.27,0
5136247,"אי בי אי מחקה ת""א צמיחה",Small Cap,,מניות בארץ,2026-02-28,7910000.0,אי.בי.אי,,True,False,0.0,0.0,0.0,0.0,0.0,0
5136254,בול מרקט השקעות,גמישות,,גמישות,2026-02-28,17430000.0,איילון,בול מרקט,False,False,0.015,0.0035,2614.4999999999995,0.0115,2004.45,0
5136262,אינווסטור 360 גמישה,גמישות,,גמישות,2026-02-28,344710000.0,איילון,אינווסט 360,False,False,0.009000000000000001,0.0035,31023.9,0.005500000000000001,18959.050000000007,0
5136270,פיטנגו 10/90,"אג""ח כללי בארץ- עד 10% מניות ללא סימן קריאה",,"אג""ח בארץ - כללי",2026-02-28,10270000.0,איילון,פיטנגו,False,False,0.0083,0.0035,852.41,0.0048000000000000004,492.96000000000004,0
5136288,FORESTי 30/70,"אג""ח כללי בארץ- עד 30% מניות",,"אג""ח בארץ - כללי",2026-02-28,134430000.0,פורסט,,False,False,0.0095,0.0035,12770.849999999999,0.006,8065.8,0
5136296,"איילון אג""ח שקלי לפדיון עד 06/2026","אג""ח כללי בארץ ללא מניות וללא סימן קריאה, עם מגבלת מח""מ עד 5 שנים",,"אג""ח בארץ - כללי",2026-02-28,22910000.0,איילון,,False,False,0.006,0.0035,1374.6000000000001,0.0025,572.75,0
5136304,דיאמונד אסטרטגיות השקעות כשרות,אסטרטגיות (לא ממונפות),,ממונפות ואסטרטגיות,2026-02-28,18480000.0,איילון,דיאמונד,False,False,0.018000000000000002,0.0035,3326.4,0.014500000000000002,2679.6000000000004,0
5136312,MTF מחקה אינדקס ממשלתי שקלי לפדיון-רבעון 4,ריבית קבועה  - קצר,,"אג""ח בארץ- מדינה",2026-02-28,35550000.0,מגדל,,True,False,0.001,0.0,355.50000000000006,0.001,355.50000000000006,0
5136338,מגדל מניות צמיחה,מניות All Cap,,מניות בארץ,2026-02-28,7690000.0,מגדל,,False,False,0.005,0.0035,384.5,0.0015,115.35000000000001,0
5136361,"פוקוס אג""ח (!)","אג""ח כללי בארץ ללא מניות עם סימן קריאה",,"אג""ח בארץ - כללי",2026-02-28,81000000.0,איילון,פוקוס,False,False,0.0079,0.0035,6399.000000000001,0.004400000000000001,3564.000000000001,0
5136379,הראל מחקה תל בונד-צמודות 3-5,בריבית קבועה - בינוני,,"אג""ח בארץ- חברות והמרה",2026-02-28,198190000.0,הראל,,True,False,0.0012,0.0,2378.2799999999997,0.0012,2378.2799999999997,0
5136395,ילין לפידות מחקה אינדקס שבבים גלובלי - מבוסס AI,Semiconductor,,"מניות בחו""ל",2026-02-28,55830000.0,ילין לפידות,,True,False,0.0077,0.0,4298.91,0.0077,4298.91,0
5136429,דולפין 20/80,"אג""ח כללי בארץ- עד 20% מניות",,"אג""ח בארץ - כללי",2026-02-28,285380000.0,איילון,דולפין 1 השקעות,False,False,0.0079,0.0035,22545.020000000004,0.004400000000000001,12556.720000000003,0
5136437,אילים אגד ישראלי עד 15% מניות,אגד ישראלי,,אגד קרנות,2026-02-28,254230000.0,אילים,,False,False,0.0,0.0035,0.0,-0.0035,-8898.050000000001,0
5136445,אילים אגד ישראלי עד 30% מניות,אגד ישראלי,,אגד קרנות,2026-02-28,280810000.0,אילים,,False,False,0.0,0.0035,0.0,-0.0035,-9828.35,0
5136544,מיטב כספית שקלית כשרה,כספית שקלית עם קונצרני,,קרן כספית,2026-02-28,7793080000.0,מיטב,,False,False,0.0016,0.001,124689.28,0.0006000000000000001,46758.48,1
5136551,"איילון מדינה שקלי ואג""ח בנקים - עד 2.5 שנים","אג""ח מדינה שקליות- ללא מניות",,"אג""ח בארץ- מדינה",2026-02-28,25610000.0,איילון,,False,False,0.0043,0.002,1101.23,0.0023,589.03,0
5136569,פורטה תיק השקעות עד 50%,"אג""ח כללי בארץ - חשיפה מרבית מעל 30% מניות",,"אג""ח בארץ - כללי",2026-02-28,187630000.0,סיגמא,פורטה,False,False,0.0095,0.0035,17824.85,0.006,11257.800000000001,0
5136593,"פורטה אג""ח מדינה + 10%","אג""ח מדינה כללי- עד 10% מניות",,"אג""ח בארץ- מדינה",2026-02-28,134620000.0,סיגמא,פורטה,False,False,0.0059,0.0035,7942.58,0.0024,3230.8799999999997,0
5136601,"אזימוט מניות חו""ל","מניות כללי בחו""ל חשופת מט""ח",,"מניות בחו""ל",2026-02-28,18110000.0,איילון,אזימוטליין,False,False,0.02,0.0035,3622.0,0.0165,2988.15,0
5136619,"פלקון תיק אג""ח ללא מניות","אג""ח כללי בארץ ללא מניות וללא סימן קריאה",,"אג""ח בארץ - כללי",2026-02-28,31970000.0,סיגמא,פלקון,False,False,0.0079,0.0035,2525.63,0.004400000000000001,1406.6800000000003,0
5136627,סיגמא 20/80,"אג""ח כללי בארץ- עד 20% מניות",,"אג""ח בארץ - כללי",2026-02-28,977100000.0,סיגמא,,False,False,0.0069,0.0035,67419.9,0.0034,33221.4,0
5136635,"קסם אקטיב חלל והגנה ארה""ב","מניות לפי ענפים בחו""ל",,"מניות בחו""ל",2026-02-28,24200000.0,קסם,,False,False,0.0194,0.0035,4694.8,0.0159,3847.8,0
5136650,מגדל תיק עד 30% מניות - אגד ישראלי,אגד ישראלי,,אגד קרנות,2026-02-28,14490000.0,מגדל,,False,False,0.0,0.0035,0.0,-0.0035,-507.15000000000003,0
5136668,מגדל תיק עד 15% מניות - אגד ישראלי,אגד ישראלי,,אגד קרנות,2026-02-28,46690000.0,מגדל,,False,False,0.0,0.0035,0.0,-0.0035,-1634.15,0
5136676,"ATF מחקה משולבת אינדקס מנגנון אג""ח (75%) מניות (25%) חודשי",עד 30% מניות,,"אג""ח בארץ משולבת",2026-02-28,13740000.0,אנליסט,,True,False,0.0029,0.0,398.46,0.0029,398.46,0
5136684,"דיאמונד אג""ח שקלי לפדיון עד 06/2027","אג""ח כללי בארץ ללא מניות וללא סימן קריאה, עם מגבלת מח""מ עד 5 שנים",,"אג""ח בארץ - כללי",2026-02-28,76790000.0,איילון,דיאמונד,False,False,0.006999999999999999,0.0035,5375.299999999999,0.003499999999999999,2687.649999999999,0
5136692,קסם S&P Consumer Staples KTF,Consumer Staples,,"מניות בחו""ל",2026-02-28,23050000.0,קסם,,True,False,0.0015,0.0,345.75,0.0015,345.75,0
5136700,"אלטשולר שחם 30/70 מניות ת""א","אג""ח כללי בארץ- עד 30% מניות",,"אג""ח בארץ - כללי",2026-02-28,12290000.0,אלטשולר שחם,,False,False,0.0049,0.0035,602.21,0.0013999999999999998,172.05999999999997,0
5136718,"אלטשולר שחם 20/80 מניות ת""א","אג""ח כללי בארץ- עד 20% מניות",,"אג""ח בארץ - כללי",2026-02-28,296620000.0,אלטשולר שחם,,False,False,0.0049,0.0035,14534.38,0.0013999999999999998,4152.679999999999,0
5136726,"אלטשולר שחם 10/90 מניות ת""א","אג""ח כללי בארץ- עד 10% מניות ללא סימן קריאה",,"אג""ח בארץ - כללי",2026-02-28,14350000.0,אלטשולר שחם,,False,False,0.0049,0.0035,703.15,0.0013999999999999998,200.89999999999998,0
5136734,אלטשולר שחם MSCI World,"מניות גיאוגרפי אחר חשופת מט""ח",,"מניות בחו""ל",2026-02-28,301850000.0,אלטשולר שחם,,False,False,0.015,0.0035,45277.49999999999,0.0115,34712.75,0
5136742,אלטשולר שחם כספית נקובת דולר,"נקובת מט""ח",,קרן כספית,2026-02-28,360320000.0,אלטשולר שחם,,False,False,0.0013,0.001,4684.16,0.0002999999999999999,1080.9599999999998,1
5136759,"אלטשולר שחם אג""ח קונצרני מדורג",חברות והמרה ללא מניות וללא סימן קריאה,,"אג""ח בארץ- חברות והמרה",2026-02-28,233490000.0,אלטשולר שחם,,False,False,0.0079,0.0035,18445.710000000003,0.004400000000000001,10273.560000000003,0
5136767,עציוני גמישה - קרן נאמנות,גמישות,,גמישות,2026-02-28,123930000.0,סיגמא,עציוני ניהול תיקים,False,False,0.015,0.0035,18589.5,0.0115,14251.95,0
5136775,"ATF מחקה אינדקס מניות ארה""ב Large Cap מומנטום ענפי מנוטרלת מט""ח",אמריקה- שווקים מפותחים,,"מניות בחו""ל",2026-02-28,128759999.99999999,אנליסט,,True,False,0.006500000000000001,0.0,8369.4,0.006500000000000001,8369.4,0
5136783,קסם אקטיב מניות בלוקצ'יין,"מניות לפי ענפים בחו""ל",,"מניות בחו""ל",2026-02-28,21190000.0,קסם,,False,False,0.0175,0.0035,3708.2500000000005,0.014000000000000002,2966.6000000000004,0
5136791,"איילון אג""ח שקלי לפדיון עד 06/2028","אג""ח כללי בארץ בדירוג גבוה בלבד (AA ומעלה ו/ או מדינה)",,"אג""ח בארץ - כללי",2026-02-28,37350000.0,איילון,,False,False,0.006,0.0035,2241.0,0.0025,933.75,0
5136817,ברומטר גמישה,גמישות,,גמישות,2026-02-28,25120000.0,איילון,ברומטר,False,False,0.0148,0.0035,3717.7600000000007,0.011300000000000001,2838.5600000000004,0
5136825,"MTF מחקה אינדקס A-AAA שכבות מדורגות מח""מ","אג""ח חברות שקלי וצמוד",,"אג""ח בארץ- חברות והמרה",2026-02-28,31380000.0,מגדל,,True,False,0.0,0.0,0.0,0.0,0.0,0
5136833,"אי בי אי מחקה S&P 500 Equal Weight מנוטרלת מט""ח",אמריקה- שווקים מפותחים,,"מניות בחו""ל",2026-02-28,123850000.0,אי.בי.אי,,True,False,0.0,0.0,0.0,0.0,0.0,0
5136841,"אי בי אי מחקה ת""א סקטור-באלאנס",Large & Mid Cap,,מניות בארץ,2026-02-28,78580000.0,אי.בי.אי,,True,False,0.005,0.0,3929.0,0.005,3929.0,0
5136858,אי בי אי מחקה תל בונד-צמודות 1-3,בריבית קבועה - קצר,,"אג""ח בארץ- חברות והמרה",2026-02-28,446250000.0,אי.בי.אי,,True,False,0.002,0.0,8925.0,0.002,8925.0,0
5136866,איילון כספית ניהול הנזילות,כספית שקלית עם קונצרני,,קרן כספית,2026-02-28,4096189999.9999995,איילון,,False,False,0.0018,0.001,73731.42,0.0007999999999999999,32769.52,1
5136874,קסם אקטיב כספית,כספית שקלית עם קונצרני,,קרן כספית,2026-02-28,1785390000.0,קסם,,False,False,0.0024,0.001,42849.35999999999,0.0013999999999999998,24995.459999999995,1
5136882,קסם KTF (!) אינדקס Bullet ישראל 2027,"אג""ח חברות שקלי וצמוד",,"אג""ח בארץ- חברות והמרה",2026-02-28,351110000.0,קסם,,True,False,0.002,0.0,7022.200000000001,0.002,7022.200000000001,0
5136890,מגדל כספית דולרית - נקובה $,"נקובת מט""ח",,קרן כספית,2026-02-28,993290000.0,מגדל,,False,False,0.0021,0.001,20859.09,0.0010999999999999998,10926.189999999999,1
5136916,תכלית TTF תל בונד מאגר,"אג""ח חברות שקלי וצמוד",,"אג""ח בארץ- חברות והמרה",2026-02-28,382120000.0,מיטב,,True,False,0.0,0.0,0.0,0.0,0.0,0
5136924,איילון כספית דולרית,חשופת דולר,,קרן כספית,2026-02-28,73550000.0,איילון,,False,False,0.0015,0.001,1103.25,0.0005,367.75000000000006,1
5136932,"MTF מחקה משולבת S&P 500י (70%) Nasdaq 100י (30%) חודשי מנוטרלת מט""ח","מניות בחו""ל קרן משולבת",,"מניות בחו""ל",2026-02-28,320490000.0,מגדל,,True,False,0.0025,0.0,8012.25,0.0025,8012.25,0
5136940,ילין לפידות מחקה תל בונד 100 צמודות,בריבית קבועה,,"אג""ח בארץ- חברות והמרה",2026-02-28,164440000.0,ילין לפידות,,True,False,0.0025,0.0,4111.0,0.0025,4111.0,0
5136957,ילין לפידות מחקה תל בונד שקלי 100,בריבית קבועה,,"אג""ח בארץ- חברות והמרה",2026-02-28,93400000.0,ילין לפידות,,True,False,0.0025,0.0,2335.0,0.0025,2335.0,0
5136965,תכלית TTF תל בונד 60 צמודות,בריבית קבועה,,"אג""ח בארץ- חברות והמרה",2026-02-28,602210000.0,מיטב,,True,False,0.0,0.0,0.0,0.0,0.0,0
5136981,ילין לפידות מחקה אינדקס תשתיות חיוניות גלובלי - מבוסס AI,Utilities,,"מניות בחו""ל",2026-02-28,16399999.999999998,ילין לפידות,,True,False,0.0077,0.0,1262.8,0.0077,1262.8,0
5136999,תכלית S&P 500 Bond Mega 30 Investment Grade 3-5,"חברות והמרה חשופת מט""ח - בינוני",,"אג""ח בחו""ל",2026-02-28,308010000.0,מיטב,,True,False,0.0015,0.0,4620.150000000001,0.0015,4620.150000000001,0
5137013,MTF מחקה תל דיב,All Cap,,מניות בארץ,2026-02-28,32909999.999999996,מגדל,,True,False,0.006,0.0,1974.6,0.006,1974.6,0
5137021,הראל מחקה iBoxx $ Corps Liquid 3-7 Years,"חברות והמרה חשופת מט""ח - בינוני",,"אג""ח בחו""ל",2026-02-28,129840000.0,הראל,,True,False,0.002,0.0,2596.8,0.002,2596.8,0
5137039,הראל מחקה MSCI INDIA,אסיה ופסיפיק- שווקים מתעוררים,,"מניות בחו""ל",2026-02-28,44730000.0,הראל,,True,False,0.0085,0.0,3802.05,0.0085,3802.05,0
5137047,"MTF מחקה משולבת ת""א 125 (70%) ת""א 90 (30%) חודשי",מניות בארץ קרן משולבת,,מניות בארץ,2026-02-28,105550000.0,מגדל,,True,False,0.0,0.0,0.0,0.0,0.0,0
5137054,MTF מחקה משולבת תל בונד שקלי 50 (70%) תל בונד שקלי (30%) חודשי,משולבת,,"אג""ח בארץ- חברות והמרה",2026-02-28,16260000.000000002,מגדל,,True,False,0.0,0.0,0.0,0.0,0.0,0
5137070,אנליסט סולידית,"אג""ח כללי בארץ בדירוג גבוה בלבד (AA ומעלה ו/ או מדינה)",,"אג""ח בארץ - כללי",2026-02-28,4360000.0,אנליסט,,False,False,0.0048,0.0035,209.27999999999997,0.0012999999999999995,56.67999999999998,0
5137088,הראל מחקה Hang Seng,אסיה ופסיפיק- שווקים מתעוררים,,"מניות בחו""ל",2026-02-28,7000000.0,הראל,,True,False,0.005,0.0,350.0,0.005,350.0,0
5137112,"MTF מחקה Indxx US Healthcare Top 10 מנוטרלת מט""ח",Health Care,,"מניות בחו""ל",2026-02-28,49480000.0,מגדל,,True,False,0.005,0.0,2474.0,0.005,2474.0,0
5137120,מגדל A-AAA שקלי לפדיון עד 2028,חברות והמרה שקלי ללא מניות,,"אג""ח בארץ- חברות והמרה",2026-02-28,48930000.0,מגדל,,False,False,0.0055000000000000005,0.0035,2691.1500000000005,0.0020000000000000005,978.6000000000003,0
5137146,"פורטה מניות חו""ל","מניות כללי בחו""ל חשופת מט""ח",,"מניות בחו""ל",2026-02-28,128270000.00000001,סיגמא,פורטה,False,False,0.017,0.0035,21805.900000000005,0.013500000000000002,17316.450000000004,0
5137153,"מור אג""ח לפדיון עד 12/27","אג""ח כללי בארץ ללא מניות וללא סימן קריאה, עם מגבלת מח""מ עד 5 שנים",,"אג""ח בארץ - כללי",2026-02-28,20680000.0,מור,,False,False,0.006500000000000001,0.0035,1344.2000000000003,0.0030000000000000005,620.4000000000001,0
5137161,קסם אקטיב שורט דולר פי 2,ממונפות בסיכון גבוה,,ממונפות ואסטרטגיות,2026-02-28,3430000.0,קסם,,False,False,0.01,0.0035,343.0,0.006500000000000001,222.95000000000002,0
5137179,אי בי אי מחקה Shiller Barclays CAPE US Core Mid-Month Sector - נקובה $,אמריקה- שווקים מפותחים,,"מניות בחו""ל",2026-02-28,156440000.0,אי.בי.אי,,True,False,0.0079,0.0,12358.760000000002,0.0079,12358.760000000002,0
5137187,"אי.בי.אי מחקה משולבת מניות ארה""ב Large Cap מנוטרלת מט""ח חודשי","מניות בחו""ל קרן משולבת",,"מניות בחו""ל",2026-02-28,57900000.0,אי.בי.אי,,True,False,0.005,0.0,2895.0,0.005,2895.0,0
5137195,הראל מחקה תל בונד שקלי-50,בריבית קבועה,,"אג""ח בארץ- חברות והמרה",2026-02-28,657970000.0,הראל,,True,False,0.0007000000000000001,0.0,4605.790000000001,0.0007000000000000001,4605.790000000001,0
5137203,הראל מחקה STOXX Europe 600 מנוטרלת אירו,אירופה- כללי,,"מניות בחו""ל",2026-02-28,283730000.0,הראל,,True,False,0.0,0.0,0.0,0.0,0.0,0
5137211,"פורצ'ן תיק אג""ח","אג""ח כללי בארץ ללא מניות וללא סימן קריאה",,"אג""ח בארץ - כללי",2026-02-28,56050000.0,איילון,פורצ'ן,False,False,0.0079,0.0035,4427.950000000001,0.004400000000000001,2466.2000000000007,0
5137229,"תכלית TTF אינדקס מדינה מאוזן - מח""מ 4 קבוע","אג""ח מדינה שיקלי וצמוד",,"אג""ח בארץ- מדינה",2026-02-28,29720000.0,מיטב,,True,False,0.0015,0.0,445.8,0.0015,445.8,0
5137237,אי בי אי מחקה אינדקס מניות דיבידנד ישראל מחלקת,Large & Mid Cap,,מניות בארץ,2026-02-28,72110000.0,אי.בי.אי,,True,False,0.005,0.0,3605.5,0.005,3605.5,0
5137245,"הורייזן אג""ח חו""ל מדורג - נקובת דולר","אג""ח נקובת מט""ח",,"אג""ח בחו""ל",2026-02-28,42090000.0,איילון,הורייזן,False,False,0.0089,0.0035,3746.0099999999998,0.0054,2272.86,0
5137252,"הורייזן (!) אג""ח דולר בינלאומי","אג""ח חשופת דולר",,"אג""ח בחו""ל",2026-02-28,51330000.0,איילון,הורייזן,False,False,0.0098,0.0035,5030.34,0.0063,3233.79,0
5137278,קסם אקטיב כספית אירו,חשופת יורו,,קרן כספית,2026-02-28,26060000.0,קסם,,False,False,0.0014000000000000002,0.001,364.84000000000003,0.0004000000000000002,104.24000000000004,1
5137286,"איילון אג""ח צמוד לפדיון עד 12/2028","אג""ח כללי בארץ בדירוג גבוה בלבד (AA ומעלה ו/ או מדינה)",,"אג""ח בארץ - כללי",2026-02-28,297970000.0,איילון,,False,False,0.006,0.0035,17878.2,0.0025,7449.25,0
5137294,"ילין לפידות מחקה ת""א 125 משקל שווה",Large & Mid Cap,,מניות בארץ,2026-02-28,97590000.0,ילין לפידות,,True,False,0.001,0.0,975.9000000000001,0.001,975.9000000000001,0
5137302,"ילין לפידות מחקה ת""א בנקים",בנקאות ואשראי חוץ בנקאי,,מניות בארץ,2026-02-28,741610000.0,ילין לפידות,,True,False,0.0049,0.0,36338.89,0.0049,36338.89,0
5137310,הראל כספית יורו,חשופת יורו,,קרן כספית,2026-02-28,69240000.0,הראל,,False,False,0.0014000000000000002,0.001,969.3600000000001,0.0004000000000000002,276.9600000000001,1
5137328,תכלית TTF אינדקס AA-AAA י0-3 - פקטור מינוף פיננסי נמוך,"אג""ח חברות שקלי וצמוד",,"אג""ח בארץ- חברות והמרה",2026-02-28,51090000.0,מיטב,,True,False,0.0015,0.0,766.35,0.0015,766.35,0
5137336,"ATF מחקה אינדקס מניות ארה""ב Large Cap מומנטום ענפי",אמריקה- שווקים מפותחים,,"מניות בחו""ל",2026-02-28,53640000.0,אנליסט,,True,False,0.006500000000000001,0.0,3486.6000000000004,0.006500000000000001,3486.6000000000004,0
5137344,"איילון אג""ח בנקים וביטוח",חברות והמרה ללא מניות וללא סימן קריאה,,"אג""ח בארץ- חברות והמרה",2026-02-28,167390000.0,איילון,,False,False,0.006,0.0035,10043.4,0.0025,4184.75,0
5137377,"איילון מניות צמיחה ישראליות בארה""ב","ארה""ב חשופת מט""ח",,"מניות בחו""ל",2026-02-28,1630000.0,איילון,אופנהיימר,False,False,0.016,0.0035,260.8,0.0125,203.75,0
5137401,ילין לפידות מחקה תל בונד תשואות צמודות פיזור רחב,בריבית קבועה,,"אג""ח בארץ- חברות והמרה",2026-02-28,163860000.0,ילין לפידות,,True,False,0.0025,0.0,4096.5,0.0025,4096.5,0
5137419,ילין לפידות מחקה תל בונד תשואות שקלי פיזור רחב,בריבית קבועה,,"אג""ח בארץ- חברות והמרה",2026-02-28,3460000.0,ילין לפידות,,True,False,0.0025,0.0,86.5,0.0025,86.5,0
5137435,הראל מחקה אינדקס Top10 Tech,Technology,,"מניות בחו""ל",2026-02-28,41470000.0,הראל,,True,False,0.005,0.0,2073.5,0.005,2073.5,0
5137443,גביש 30/70,"אג""ח כללי בארץ- עד 30% מניות",,"אג""ח בארץ - כללי",2026-02-28,31090000.0,סיגמא,גביש פיננסים,False,False,0.0079,0.0035,2456.11,0.004400000000000001,1367.9600000000005,0
5137450,"פינסה (!) אג""ח חברות",חברות והמרה ללא מניות עם סימן קריאה,,"אג""ח בארץ- חברות והמרה",2026-02-28,479640000.0,סיגמא,פינסה ניהול נכסים,False,False,0.0085,0.0035,40769.4,0.005000000000000001,23982.000000000004,0
5137468,פינסה Global Equity,"מניות כללי בחו""ל חשופת מט""ח",,"מניות בחו""ל",2026-02-28,45300000.0,סיגמא,פינסה ניהול נכסים,False,False,0.013999999999999999,0.0035,6341.999999999999,0.010499999999999999,4756.5,0
5137476,"פסטרנק שהם (!) אג""ח ללא מניות","אג""ח כללי בארץ ללא מניות עם סימן קריאה",,"אג""ח בארץ - כללי",2026-02-28,429190000.0,איילון,פסטרנק שהם,False,False,0.01,0.0035,42919.0,0.006500000000000001,27897.350000000002,0
5137484,"ילין לפידות מחקה quabify אג""ח לפדיון 2027 צמוד",בריבית קבועה,,"אג""ח בארץ- חברות והמרה",2026-02-28,260550000.0,ילין לפידות,,True,False,0.0024,0.0,6253.199999999999,0.0024,6253.199999999999,0
5137492,"ילין לפידות מחקה quabify אג""ח לפדיון 2026 צמוד",בריבית קבועה,,"אג""ח בארץ- חברות והמרה",2026-02-28,115390000.0,ילין לפידות,,True,False,0.0024,0.0,2769.3599999999997,0.0024,2769.3599999999997,0
5137500,"ילין לפידות מחקה quabify אג""ח לפדיון 2027 שקלי",בריבית קבועה,,"אג""ח בארץ- חברות והמרה",2026-02-28,96780000.0,ילין לפידות,,True,False,0.0024,0.0,2322.72,0.0024,2322.72,0
5137518,"ילין לפידות מחקה quabify אג""ח לפדיון 2026 שקלי",בריבית קבועה,,"אג""ח בארץ- חברות והמרה",2026-02-28,37510000.0,ילין לפידות,,True,False,0.0024,0.0,900.2399999999999,0.0024,900.2399999999999,0
5137526,"אי בי אי מחקה אינדקס אג""ח קופון גבוה מחלקת","אג""ח חברות שקלי וצמוד",,"אג""ח בארץ- חברות והמרה",2026-02-28,17700000.0,אי.בי.אי,,True,False,0.002,0.0,354.00000000000006,0.002,354.00000000000006,0
5137534,"אילים מניות AI בינה מלאכותית חו""ל","מניות לפי ענפים בחו""ל",,"מניות בחו""ל",2026-02-28,392510000.0,אילים,,False,False,0.0089,0.0035,34933.39,0.0054,21195.54,0
5137542,אי.בי.אי. מחקה אינדקס A-AAA שקלי 1-4,בריבית קבועה,,"אג""ח בארץ- חברות והמרה",2026-02-28,95420000.0,אי.בי.אי,,True,False,0.0025,0.0,2385.5,0.0025,2385.5,0
5137559,מגדל כספית מחלקת חודשי,כספית שקלית עם קונצרני,,קרן כספית,2026-02-28,247700000.0,מגדל,,False,False,0.0016,0.001,3963.2,0.0006000000000000001,1486.2,1
5137567,"קסם KTFי Indxx US Banks Top 10 מנוטרלת מט""ח",Banking,,"מניות בחו""ל",2026-02-28,13320000.0,קסם,,True,False,0.0034999999999999996,0.0,466.19999999999993,0.0034999999999999996,466.19999999999993,0
5137575,קסם KTF אינדקס Bullet דולר 2026 - גלובלי,"חברות והמרה חשופת מט""ח",,"אג""ח בחו""ל",2026-02-28,7600000.0,קסם,,True,False,0.0045000000000000005,0.0,342.0,0.0045000000000000005,342.0,0
5137625,"איילון זבולון מניות חו""ל","מניות כללי בחו""ל חשופת מט""ח",,"מניות בחו""ל",2026-02-28,187940000.0,איילון,זבולון שרותי מחקר,False,False,0.0175,0.0035,32889.50000000001,0.014000000000000002,26311.600000000002,0
5137633,"איילון זבולון (!) אג""ח חו""ל HY","אג""ח חשופת מט""ח",,"אג""ח בחו""ל",2026-02-28,369570000.0,איילון,זבולון שרותי מחקר,False,False,0.01,0.0035,36957.0,0.006500000000000001,24022.050000000003,0
5137641,ילין לפידות כספית,כספית שקלית עם קונצרני,,קרן כספית,2026-02-28,4987980000.0,ילין לפידות,,False,False,0.0022,0.001,109735.56000000001,0.0012000000000000001,59855.76,1
5137666,תכלית TTF משולבת S&P 500י (70%) Nasdaq 100י (30%) חודשי,"מניות בחו""ל קרן משולבת",,"מניות בחו""ל",2026-02-28,43410000.0,מיטב,,True,False,0.0,0.0,0.0,0.0,0.0,0
5137682,מור עוקבת תיק 3 הבנק הבינלאומי,"אג""ח כללי בארץ- עד 30% מניות",,"אג""ח בארץ - כללי",2026-02-28,160960000.0,מור,,False,False,0.0066,0.0035,10623.36,0.0031,4989.76,0
5137690,מיטב כספית שקלית ללא קונצרני,כספית שקלית ללא קונצרני,,קרן כספית,2026-02-28,2729450000.0,מיטב,,False,False,0.0014000000000000002,0.001,38212.3,0.0004000000000000002,10917.800000000005,1
5137708,"דולפין אג""ח ללא מניות","אג""ח כללי בארץ ללא מניות וללא סימן קריאה",,"אג""ח בארץ - כללי",2026-02-28,11240000.0,איילון,דולפין 1 השקעות,False,False,0.0072,0.0035,809.28,0.0036999999999999997,415.88,0
5137716,MTF מחקה S&P 500 Bond Mega 30 Investment Grade 5-7 Year נקובה דולר,"חברות והמרה חשופת מט""ח - ארוך",,"אג""ח בחו""ל",2026-02-28,96430000.0,מגדל,,True,False,0.0025,0.0,2410.75,0.0025,2410.75,0
5137724,"קסם S&P U.S. Treasury Bond 7-10 Year KTF מנוטרלת מט""ח","ממשלתיות מנוטרלת מט""ח - ארוך",,"אג""ח בחו""ל",2026-02-28,396370000.0,קסם,,True,False,0.0015,0.0,5945.55,0.0015,5945.55,0
5137732,אי.בי.אי. כספית ניהול נזילות,כספית שקלית עם קונצרני,,קרן כספית,2026-02-28,5688400000.0,אי.בי.אי,,False,False,0.00169,0.001,96133.96,0.0006900000000000001,39249.96000000001,1
5137740,קסם אקטיב כספית שקלית,כספית שקלית עם קונצרני,,קרן כספית,2026-02-28,9545860000.0,קסם,,False,False,0.0019,0.001,181371.34,0.0009,85912.74,1
5137757,עציוני מניות ישראל,מניות All Cap,,מניות בארץ,2026-02-28,290510000.0,סיגמא,עציוני ניהול תיקים,False,False,0.015,0.0035,43576.49999999999,0.0115,33408.65,0
5137765,פסטרנק שהם 10/90,"אג""ח כללי בארץ- עד 10% מניות ללא סימן קריאה",,"אג""ח בארץ - כללי",2026-02-28,93930000.0,איילון,פסטרנק שהם,False,False,0.0059,0.0035,5541.87,0.0024,2254.3199999999997,0
5137773,"MTF מחקה אינדקס אג""ח ממשלת ארה""ב - מח""מ 10 קבוע מנוטרלת מט""ח","ממשלתיות מנוטרלת מט""ח - ארוך",,"אג""ח בחו""ל",2026-02-28,261029999.99999997,מגדל,,True,False,0.001,0.0,2610.2999999999997,0.001,2610.2999999999997,0
5137781,תכלית S&P 500 Bond Mega 30 Investment Grade 5-7 Year TTF,"חברות והמרה חשופת מט""ח - ארוך",,"אג""ח בחו""ל",2026-02-28,39020000.0,מיטב,,True,False,0.0025,0.0,975.5,0.0025,975.5,0
5137799,"מיטב אג""ח קונצרני A ומעלה",חברות והמרה ללא מניות וללא סימן קריאה,,"אג""ח בארץ- חברות והמרה",2026-02-28,239400000.0,מיטב,,False,False,0.0059,0.0035,14124.599999999999,0.0024,5745.599999999999,0
5137807,הראל מחקה S&P 500 Equal Weight,אמריקה- שווקים מפותחים,,"מניות בחו""ל",2026-02-28,195320000.0,הראל,,True,False,0.0015,0.0,2929.8,0.0015,2929.8,0
5137815,הראל כספית שקלית כשרה,כספית שקלית עם קונצרני,,קרן כספית,2026-02-28,2722230000.0,הראל,,False,False,0.0014000000000000002,0.001,38111.22,0.0004000000000000002,10888.920000000004,1
5137823,סלע אגד חוץ מנייתי - נקוב $,אגד חוץ,,אגד קרנות,2026-02-28,19920000.0,איילון,סלע בית השקעות,False,False,0.013500000000000002,0.0035,2689.2000000000007,0.010000000000000002,1992.0000000000005,0
5137831,"איילון אג""ח קונצרני מדורג A ומעלה",חברות והמרה ללא מניות וללא סימן קריאה,,"אג""ח בארץ- חברות והמרה",2026-02-28,187160000.0,איילון,יועץ השקעות,False,False,0.0059,0.0035,11042.439999999999,0.0024,4491.839999999999,0
5137849,"מור (!) אג""ח דירוג פנימי תשואה גבוהה",חברות והמרה בסיכון גבוה,,"אג""ח בארץ- חברות והמרה",2026-02-28,284150000.0,מור,,False,False,0.013999999999999999,0.0035,39781.0,0.010499999999999999,29835.749999999996,0
5137872,מיטב 10/90 מודל ESG,"אג""ח כללי בארץ- עד 10% מניות ללא סימן קריאה",,"אג""ח בארץ - כללי",2026-02-28,222040000.0,מיטב,,False,False,0.0059,0.0035,13100.359999999999,0.0024,5328.959999999999,0
5137880,מיטב 20/80 מודל ESG,"אג""ח כללי בארץ- עד 20% מניות",,"אג""ח בארץ - כללי",2026-02-28,177560000.0,מיטב,,False,False,0.006500000000000001,0.0035,11541.400000000001,0.0030000000000000005,5326.800000000001,0
5137898,מיטב 30/70 מודל ESG,"אג""ח כללי בארץ- עד 30% מניות",,"אג""ח בארץ - כללי",2026-02-28,46190000.0,מיטב,,False,False,0.006500000000000001,0.0035,3002.3500000000004,0.0030000000000000005,1385.7000000000003,0
5137906,איביאי כספית דולרית - נקובה $,"נקובת מט""ח",,קרן כספית,2026-02-28,1228030000.0,אי.בי.אי,,False,False,0.0025,0.001,30700.75,0.0015,18420.45,1
5137914,ברק תיק 20/80,"אג""ח כללי בארץ- עד 20% מניות",,"אג""ח בארץ - כללי",2026-02-28,7690000.0,ברק,,False,False,0.0075,0.0035,576.75,0.004,307.6,0
5137922,ברק תיק 10/90,"אג""ח כללי בארץ- עד 10% מניות ללא סימן קריאה",,"אג""ח בארץ - כללי",2026-02-28,8310000.000000001,ברק,,False,False,0.0075,0.0035,623.25,0.004,332.4000000000001,0
5137948,הראל מחקה אינדקס אנרגיה ישראלית,"נפט, גז ואנרגיה",,מניות בארץ,2026-02-28,166210000.0,הראל,,True,False,0.004,0.0,6648.400000000001,0.004,6648.400000000001,0
5137955,קסם Cboe S&P 500 15% Buffer MAR IC KTF - מובנה שנתי,אמריקה- שווקים מפותחים,,"מניות בחו""ל",2026-02-28,9230000.0,קסם,,True,False,0.009000000000000001,0.0,830.7,0.009000000000000001,830.7,0
5137963,"אי בי אי מחקה אינדקס אג""ח במרווח גבוה - מח""מ 0-2","אג""ח חברות שקלי וצמוד",,"אג""ח בארץ- חברות והמרה",2026-02-28,250850000.0,אי.בי.אי,,True,False,0.0034999999999999996,0.0,8779.75,0.0034999999999999996,8779.75,0
5137989,איביאי מחקה אינדקס A-AAA צמוד 1-4,בריבית קבועה,,"אג""ח בארץ- חברות והמרה",2026-02-28,119760000.0,אי.בי.אי,,True,False,0.0025,0.0,2994.0,0.0025,2994.0,0
5137997,ATF מחקה אינדקס שקלים ארוכים עד 20% מדינה,בריבית קבועה - ארוך,,"אג""ח בארץ- חברות והמרה",2026-02-28,365550000.0,אנליסט,,True,False,0.002,0.0,7311.000000000001,0.002,7311.000000000001,0
5138003,מור כספית דולרית,חשופת דולר,,קרן כספית,2026-02-28,63320000.0,מור,,False,False,0.0025,0.001,1583.0,0.0015,949.8000000000001,1
5138011,"קסם S&P 500 TOP 50 KTF מנוטרלת מט""ח",אמריקה- שווקים מפותחים,,"מניות בחו""ל",2026-02-28,143540000.0,קסם,,True,False,0.005,0.0,7177.0,0.005,7177.0,0
5138029,אלטשולר שחם מחקה A.B SmartBeta USA MultiFactor,אמריקה- שווקים מפותחים,,"מניות בחו""ל",2026-02-28,1340000.0,אלטשולר שחם,,True,False,0.008,0.0,107.2,0.008,107.2,0
5138037,"אלטשולר שחם S&P 500 - מנוטרלת מט""ח","מניות גיאוגרפי מוגנת מט""ח",,"מניות בחו""ל",2026-02-28,43240000.0,אלטשולר שחם,,False,False,0.014499999999999999,0.0035,6269.8,0.011,4756.4,0
5138045,"ילין לפידות מחקה quabify אג""ח לפדיון 2028 צמוד",בריבית קבועה,,"אג""ח בארץ- חברות והמרה",2026-02-28,174320000.0,ילין לפידות,,True,False,0.0024,0.0,4183.679999999999,0.0024,4183.679999999999,0
5138052,"ילין לפידות מחקה quabify אג""ח לפדיון 2029 צמוד",בריבית קבועה,,"אג""ח בארץ- חברות והמרה",2026-02-28,158510000.0,ילין לפידות,,True,False,0.0024,0.0,3804.24,0.0024,3804.24,0
5138060,"ילין לפידות מחקה quabify אג""ח לפדיון 2028 שקלי",בריבית קבועה,,"אג""ח בארץ- חברות והמרה",2026-02-28,84610000.0,ילין לפידות,,True,False,0.0024,0.0,2030.6399999999999,0.0024,2030.6399999999999,0
5138078,"ילין לפידות מחקה quabify אג""ח לפדיון 2029 שקלי",בריבית קבועה,,"אג""ח בארץ- חברות והמרה",2026-02-28,146830000.0,ילין לפידות,,True,False,0.0024,0.0,3523.9199999999996,0.0024,3523.9199999999996,0
5138086,תכלית TTF אינדקס CoCo ישראל-10,בריבית קבועה,,"אג""ח בארץ- חברות והמרה",2026-02-28,33700000.0,מיטב,,True,False,0.001,0.0,337.0,0.001,337.0,0
5138094,מגדל כספית שקלית כשרה,כספית שקלית עם קונצרני,,קרן כספית,2026-02-28,5238860000.0,מגדל,,False,False,0.00149,0.001,78059.014,0.00049,25670.413999999997,1
5138102,קסם KTF (!) אינדקס Bullet ישראל 2028,"אג""ח חברות שקלי וצמוד",,"אג""ח בארץ- חברות והמרה",2026-02-28,131410000.0,קסם,,True,False,0.0025,0.0,3285.25,0.0025,3285.25,0
5138110,קסם KTF (!) אינדקס Bullet ישראל 2029,"אג""ח חברות שקלי וצמוד",,"אג""ח בארץ- חברות והמרה",2026-02-28,118320000.0,קסם,,True,False,0.0025,0.0,2958.0,0.0025,2958.0,0
5138128,קסם KTF (!) אינדקס Bullet ישראל 2030,"אג""ח חברות שקלי וצמוד",,"אג""ח בארץ- חברות והמרה",2026-02-28,104410000.0,קסם,,True,False,0.0025,0.0,2610.25,0.0025,2610.25,0
5138151,MTF מחקה S&P 500 Top 50,אמריקה- שווקים מפותחים,,"מניות בחו""ל",2026-02-28,48390000.0,מגדל,,True,False,0.0015,0.0,725.85,0.0015,725.85,0
5138169,אי בי אי מחקה אינדקס A-AAA שקלי 3-6,בריבית קבועה - בינוני,,"אג""ח בארץ- חברות והמרה",2026-02-28,135720000.0,אי.בי.אי,,True,False,0.0,0.0,0.0,0.0,0.0,0
5138201,"MTF מחקה Russell 2000 מנוטרלת מט""ח",אמריקה- שווקים מפותחים,,"מניות בחו""ל",2026-02-28,177160000.0,מגדל,,True,False,0.0025,0.0,4429.0,0.0025,4429.0,0
5138219,"פרופאונד (!) תיק אג""ח ללא מניות","אג""ח כללי בארץ ללא מניות עם סימן קריאה",,"אג""ח בארץ - כללי",2026-02-28,45410000.0,איילון,פרופאונד,False,False,0.0069,0.0035,3133.29,0.0034,1543.94,0
5138227,קסם KTF אינדקס AA ומעלה 3+,"אג""ח חברות שקלי וצמוד",,"אג""ח בארץ- חברות והמרה",2026-02-28,44120000.0,קסם,,True,False,0.0025,0.0,1103.0,0.0025,1103.0,0
5138235,"מור מחקה אינדקס ארה""ב מודל תמחור מומנטום",אמריקה- שווקים מפותחים,,"מניות בחו""ל",2026-02-28,3120000.0,מור,,True,False,0.006,0.0,187.20000000000002,0.006,187.20000000000002,0
5138243,"סיגמא אג""ח ללא מניות","אג""ח כללי בארץ ללא מניות וללא סימן קריאה",,"אג""ח בארץ - כללי",2026-02-28,35580000.0,סיגמא,,False,False,0.0069,0.0035,2455.02,0.0034,1209.72,0
5138250,"קסם iBoxx US Liquid Investment Grade Top 30 KTF מנוטרלת מט""ח","חברות והמרה  מנוטרלת מט""ח",,"אג""ח בחו""ל",2026-02-28,170850000.0,קסם,,True,False,0.0015,0.0,2562.75,0.0015,2562.75,0
5138268,קסם KTF אינדקס בינוי והנדסת תשתיות,שילוב ענפים,,מניות בארץ,2026-02-28,236050000.0,קסם,,True,False,0.005,0.0,11802.5,0.005,11802.5,0
5138276,"MTF מחקה AB אג""ח מאוזן AAA-A 2028 Bullet","אג""ח חברות שקלי וצמוד",,"אג""ח בארץ- חברות והמרה",2026-02-28,53530000.0,מגדל,,True,False,0.002,0.0,1070.6000000000001,0.002,1070.6000000000001,0
5138284,מגדל אגח בינלאומי לפדיון עד 2030,"אג""ח חשופת דולר",,"אג""ח בחו""ל",2026-02-28,29690000.0,מגדל,,False,False,0.005600000000000001,0.0035,1662.64,0.0021000000000000007,623.4900000000002,0
5138300,"הראל מחקה S&P Health Care מנוטרלת מט""ח",Health Care,,"מניות בחו""ל",2026-02-28,86340000.0,הראל,,True,False,0.006500000000000001,0.0,5612.1,0.006500000000000001,5612.1,0
5138318,MTF מחקה אינדקס CoCo ישראל-10,בריבית קבועה,,"אג""ח בארץ- חברות והמרה",2026-02-28,62250000.0,מגדל,,True,False,0.0,0.0,0.0,0.0,0.0,0
5138326,מיטב כספית דולרית - נקובה $,"נקובת מט""ח",,קרן כספית,2026-02-28,2676700000.0,מיטב,,False,False,0.0014000000000000002,0.001,37473.8,0.0004000000000000002,10706.800000000005,1
5138334,"תכלית S&P 500 Bond Mega 30 Investment Grade 3-5 Year TTF מנוטרלת מט""ח","חברות והמרה  מנוטרלת מט""ח - בינוני",,"אג""ח בחו""ל",2026-02-28,83310000.0,מיטב,,True,False,0.002,0.0,1666.2,0.002,1666.2,0
5138342,MTF מחקה אינדקס AA-AAA ישראל 5-7,"אג""ח חברות שקלי וצמוד",,"אג""ח בארץ- חברות והמרה",2026-02-28,302850000.0,מגדל,,True,False,0.0,0.0,0.0,0.0,0.0,0
5138359,"ATF מחקה אינדקס EW TOP100 מרווח מעל הממוצע מותאם מח""מ","אג""ח חברות שקלי וצמוד",,"אג""ח בארץ- חברות והמרה",2026-02-28,85530000.0,אנליסט,,True,False,0.002,0.0,1710.6000000000001,0.002,1710.6000000000001,0
5138383,"תכלית S&P 500 Equal Weight TTF מנוטרלת מט""ח",אמריקה- שווקים מפותחים,,"מניות בחו""ל",2026-02-28,32549999.999999996,מיטב,,True,False,0.001,0.0,325.5,0.001,325.5,0
5138391,"מגדל אג""ח לפדיון עד 2030","אג""ח כללי בארץ ללא מניות וללא סימן קריאה",,"אג""ח בארץ - כללי",2026-02-28,62580000.0,מגדל,,False,False,0.0049,0.0035,3066.42,0.0013999999999999998,876.1199999999999,0
5138409,הראל מחקה אינדקס תעשיות ביטחוניות ארה''ב וישראל,Aerospace & Defense,,"מניות בחו""ל",2026-02-28,678490000.0,הראל,,True,False,0.006999999999999999,0.0,47494.299999999996,0.006999999999999999,47494.299999999996,0
5138417,תכלית TTF אינדקס AA-AAA י5+ פקטור מינוף פיננסי נמוך,"אג""ח חברות שקלי וצמוד",,"אג""ח בארץ- חברות והמרה",2026-02-28,13570000.0,מיטב,,True,False,0.002,0.0,271.40000000000003,0.002,271.40000000000003,0
5138425,"פורצ'ן (!) אג""ח גלובלי - נקובה $","אג""ח נקובת מט""ח",,"אג""ח בחו""ל",2026-02-28,356320000.0,איילון,פורצ'ן,False,False,0.009000000000000001,0.0035,32068.800000000003,0.005500000000000001,19597.600000000006,0
5138433,MTF מחקה Bloomberg US Analyst Recommendations,אמריקה- שווקים מפותחים,,"מניות בחו""ל",2026-02-28,31520000.0,מגדל,,True,False,0.008,0.0,2521.6000000000004,0.008,2521.6000000000004,0
5138441,קסם S&P 500 TOP 50 KTF,אמריקה- שווקים מפותחים,,"מניות בחו""ל",2026-02-28,7210000.0,קסם,,True,False,0.0025,0.0,180.25,0.0025,180.25,0
5138458,MTF מחקה אינדקס Top 10 US Banks Bonds,"חברות והמרה חשופת מט""ח",,"אג""ח בחו""ל",2026-02-28,38110000.0,מגדל,,True,False,0.0025,0.0,952.75,0.0025,952.75,0
5138466,MTF מחקה iBoxx US Liquid Investment Grade Top 30,"חברות והמרה חשופת מט""ח",,"אג""ח בחו""ל",2026-02-28,88570000.0,מגדל,,True,False,0.002,0.0,1771.4,0.002,1771.4,0
5138474,"MTF מחקה S&P 500 Equal Weight מנוטרלת מט""ח",אמריקה- שווקים מפותחים,,"מניות בחו""ל",2026-02-28,133680000.0,מגדל,,True,False,0.0,0.0,0.0,0.0,0.0,0
5138482,"MTF מחקה S&P 500 Bond Mega 30 Investment Grade 3-5 Year מנוטרלת מט""ח","חברות והמרה  מנוטרלת מט""ח - בינוני",,"אג""ח בחו""ל",2026-02-28,174650000.0,מגדל,,True,False,0.002,0.0,3493.0000000000005,0.002,3493.0000000000005,0
5138490,"קסם אקטיב תיק מחקות אג""ח ומניות - אגד ישראלי",אגד ישראלי,,אגד קרנות,2026-02-28,5240000.0,קסם,,False,False,0.0,0.0035,0.0,-0.0035,-183.4,0
5138524,"מגדל נאסד""ק 100 כשרה מנוטרלת מט""ח","מניות כללי בחו""ל מוגנת מט""ח",,"מניות בחו""ל",2026-02-28,19360000.0,מגדל,,False,False,0.005,0.0035,968.0,0.0015,290.40000000000003,0
5138532,"מגדל 10/90 - אג""ח מדורג",חברות והמרה עם מניות ללא סימן קריאה,,"אג""ח בארץ- חברות והמרה",2026-02-28,6570000.0,מגדל,,False,False,0.0049,0.0035,321.93,0.0013999999999999998,91.97999999999999,0
5138557,קסם KTF אינדקס Bullet צמוד 2026,בריבית קבועה,,"אג""ח בארץ- חברות והמרה",2026-02-28,33090000.000000004,קסם,,True,False,0.0025,0.0,827.2500000000001,0.0025,827.2500000000001,0
5138565,קסם KTF אינדקס Bullet שקלי 2026,בריבית קבועה,,"אג""ח בארץ- חברות והמרה",2026-02-28,85700000.0,קסם,,True,False,0.002,0.0,1714.0000000000002,0.002,1714.0000000000002,0
5138573,קסם KTF (!) אינדקס Bullet שקלי 2027,בריבית קבועה,,"אג""ח בארץ- חברות והמרה",2026-02-28,81340000.0,קסם,,True,False,0.002,0.0,1626.8000000000002,0.002,1626.8000000000002,0
5138581,קסם KTF (!) אינדקס Bullet צמוד 2027,בריבית קבועה,,"אג""ח בארץ- חברות והמרה",2026-02-28,219620000.0,קסם,,True,False,0.002,0.0,4392.400000000001,0.002,4392.400000000001,0
5138599,קסם KTF (!) אינדקס Bullet צמוד 2029,בריבית קבועה,,"אג""ח בארץ- חברות והמרה",2026-02-28,115610000.0,קסם,,True,False,0.0025,0.0,2890.25,0.0025,2890.25,0
5138607,קסם KTF (!) אינדקס Bullet שקלי 2029,בריבית קבועה,,"אג""ח בארץ- חברות והמרה",2026-02-28,90400000.0,קסם,,True,False,0.0025,0.0,2260.0,0.0025,2260.0,0
5138615,"דולפין מניות חו""ל","מניות כללי בחו""ל חשופת מט""ח",,"מניות בחו""ל",2026-02-28,31020000.0,איילון,דולפין 1 השקעות,False,False,0.0179,0.0035,5552.58,0.0144,4466.88,0
5138623,תכלית Indxx Blockchain Ecosystem TTF,Blockchain,,"מניות בחו""ל",2026-02-28,2660000.0,מיטב,,True,False,0.0095,0.0,252.7,0.0095,252.7,0
5138631,קסם Russell 2000 KTF,אמריקה- שווקים מפותחים,,"מניות בחו""ל",2026-02-28,34730000.0,קסם,,True,False,0.0,0.0,0.0,0.0,0.0,0
5138649,ילין לפידות מחקה תל בונד צמודות בנקים,בריבית קבועה,,"אג""ח בארץ- חברות והמרה",2026-02-28,15860000.0,ילין לפידות,,True,False,0.0025,0.0,396.5,0.0025,396.5,0
5138656,"מגדל (!) הזדמנויות אג""ח ללא מניות","אג""ח כללי בארץ ללא מניות עם סימן קריאה",,"אג""ח בארץ - כללי",2026-02-28,4950000.0,מגדל,,False,False,0.0059,0.0035,292.05,0.0024,118.79999999999998,0
5138664,קסם Cboe S&P 500 15% Buffer JUN IC KTF - מובנה שנתי,אמריקה- שווקים מפותחים,,"מניות בחו""ל",2026-02-28,10280000.0,קסם,,True,False,0.0085,0.0,873.8000000000001,0.0085,873.8000000000001,0
5138672,אילים מניות ישראל,מניות All Cap,,מניות בארץ,2026-02-28,24180000.0,אילים,,False,False,0.0079,0.0035,1910.2200000000003,0.004400000000000001,1063.9200000000003,0
5138680,"אילים תיק אג""ח +10%","אג""ח כללי בארץ- עד 10% מניות ללא סימן קריאה",,"אג""ח בארץ - כללי",2026-02-28,79480000.0,אילים,,False,False,0.0059,0.0035,4689.32,0.0024,1907.5199999999998,0
5138698,דולפין כספית,כספית שקלית עם קונצרני,,קרן כספית,2026-02-28,5413580000.0,איילון,דולפין 1 השקעות,False,False,0.00149,0.001,80662.342,0.00049,26526.541999999998,1
5138706,אזימוט כספית,כספית שקלית עם קונצרני,,קרן כספית,2026-02-28,168000000.0,איילון,אזימוטליין,False,False,0.0014000000000000002,0.001,2352.0000000000005,0.0004000000000000002,672.0000000000002,1
5138714,"אילים 10/90 תיק אג""ח חו""ל ומניות","אג""ח חשופת מט""ח",,"אג""ח בחו""ל",2026-02-28,22440000.0,אילים,,False,False,0.0059,0.0035,1323.96,0.0024,538.56,0
5138722,הראל מחקה iBoxx USD Liquid 5-9 Top 50,"חברות והמרה חשופת מט""ח - ארוך",,"אג""ח בחו""ל",2026-02-28,105740000.0,הראל,,True,False,0.001,0.0,1057.4,0.001,1057.4,0
5138730,הורייזן אסטרטגיות,אסטרטגיות (לא ממונפות),,ממונפות ואסטרטגיות,2026-02-28,43190000.0,איילון,הורייזן,False,False,0.015,0.0035,6478.499999999999,0.0115,4966.85,0
5138748,קסם KTF אינדקס תעשיות ביטחוניות גלובלי,Aerospace & Defense,,"מניות בחו""ל",2026-02-28,432830000.0,קסם,,True,False,0.006999999999999999,0.0,30298.1,0.006999999999999999,30298.1,0
5138755,תכלית MSCI India (USD) TTF,אסיה ופסיפיק- שווקים מתעוררים,,"מניות בחו""ל",2026-02-28,12580000.0,מיטב,,True,False,0.0055000000000000005,0.0,691.9000000000001,0.0055000000000000005,691.9000000000001,0
5138763,אלטשולר שחם כספית,כספית שקלית עם קונצרני,,קרן כספית,2026-02-28,2986340000.0,אלטשולר שחם,,False,False,0.00234,0.001,69880.356,0.00134,40016.956,1
5138771,"דרך אג""ח ללא מניות כשרה","אג""ח כללי בארץ ללא מניות וללא סימן קריאה",,"אג""ח בארץ - כללי",2026-02-28,30960000.0,סיגמא,דרך אינבסט,False,False,0.0075,0.0035,2322.0,0.004,1238.4,0
5138789,"מור 30/70 מניות חו""ל - כשרה","אג""ח כללי בארץ- עד 30% מניות",,"אג""ח בארץ - כללי",2026-02-28,74340000.0,מור,,False,False,0.006500000000000001,0.0035,4832.1,0.0030000000000000005,2230.2000000000003,0
5138797,תכלית Indxx Global Financial Exchanges And Data TTF,Financial,,"מניות בחו""ל",2026-02-28,71050000.0,מיטב,,True,False,0.006,0.0,4263.0,0.006,4263.0,0
5138805,תכלית S&P 500 Growth TTF,אמריקה- שווקים מפותחים,,"מניות בחו""ל",2026-02-28,5580000.0,מיטב,,True,False,0.003,0.0,167.4,0.003,167.4,0
5138813,תכלית TTF אינדקס ישראליות צמיחה-מומנטום,אחר,,מניות בארץ,2026-02-28,49510000.0,מיטב,,True,False,0.004,0.0,1980.4,0.004,1980.4,0
5138821,"אקורד (!) אג""ח פלוס","אג""ח כללי בארץ- עד 10% מניות ועם סימן קריאה",,"אג""ח בארץ - כללי",2026-02-28,36370000.0,איילון,אקורד ניהול השקעות,False,False,0.0075,0.0035,2727.7499999999995,0.004,1454.8000000000002,0
5138839,אנליסט כספית דולרית - נקובה $,"נקובת מט""ח",,קרן כספית,2026-02-28,2099300000.0000002,אנליסט,,False,False,0.0013,0.001,27290.9,0.0002999999999999999,6297.899999999999,1
5138847,הראל מחקה תל בונד צמודות בנקים וחברות ממשלתיות,אחר,,"אג""ח בארץ- חברות והמרה",2026-02-28,52300000.0,הראל,,True,False,0.001,0.0,523.0,0.001,523.0,0
5138854,הראל מחקה תל בונד צמודות 5-10,בריבית קבועה - ארוך,,"אג""ח בארץ- חברות והמרה",2026-02-28,27510000.0,הראל,,True,False,0.0,0.0,0.0,0.0,0.0,0
5138862,הראל מחקה תל בונד שקלי 5-10,בריבית קבועה - ארוך,,"אג""ח בארץ- חברות והמרה",2026-02-28,198750000.0,הראל,,True,False,0.0,0.0,0.0,0.0,0.0,0
5138888,"הראל עוקבת תיק מניות חו""ל - הבנק הבינלאומי עד 30% מט""ח","מניות כללי בחו""ל מוגנת מט""ח",,"מניות בחו""ל",2026-02-28,17490000.0,הראל,,False,False,0.0125,0.0035,2186.25,0.009000000000000001,1574.1000000000001,0
5138896,קסם MSCI India KTF,אסיה ופסיפיק- שווקים מתעוררים,,"מניות בחו""ל",2026-02-28,12020000.0,קסם,,True,False,0.0055000000000000005,0.0,661.1000000000001,0.0055000000000000005,661.1000000000001,0
5138904,קסם TipRanks US Momentum Analysts iNDEX KTF,אמריקה- שווקים מפותחים,,"מניות בחו""ל",2026-02-28,33970000.0,קסם,,True,False,0.006999999999999999,0.0,2377.8999999999996,0.006999999999999999,2377.8999999999996,0
5138912,bmeniv גמישה,גמישות,,גמישות,2026-02-28,23840000.0,סיגמא,בי מניב,False,False,0.023,0.0035,5483.2,0.0195,4648.8,0
5138920,אביב שגב ניהול תיק השקעות 20/80,"אג""ח כללי בארץ- עד 20% מניות",,"אג""ח בארץ - כללי",2026-02-28,9020000.0,איילון,אביב-שגב,False,False,0.0053,0.0035,478.06,0.0018,162.36,0
5138938,"FOREST תיק אג""ח ללא מניות","אג""ח כללי בארץ ללא מניות וללא סימן קריאה",,"אג""ח בארץ - כללי",2026-02-28,119570000.0,פורסט,,False,False,0.0075,0.0035,8967.75,0.004,4782.8,0
5138946,"אלטשולר שחם מחקה אינדקס בנקים לפדיון - מח""מ עד 3 שנים","אג""ח חברות שקלי וצמוד",,"אג""ח בארץ- חברות והמרה",2026-02-28,6140000.0,אלטשולר שחם,,True,False,0.0015,0.0,92.10000000000001,0.0015,92.10000000000001,0
5138953,אלטשולר שחם מחקה מחקה אינדקס AAA צמוד,בריבית קבועה,,"אג""ח בארץ- חברות והמרה",2026-02-28,69150000.0,אלטשולר שחם,,True,False,0.0015,0.0,1037.25,0.0015,1037.25,0
5138961,ילין לפידות קונצרני צמוד A ומעלה,חברות והמרה ללא מניות וללא סימן קריאה,,"אג""ח בארץ- חברות והמרה",2026-02-28,317470000.0,ילין לפידות,,False,False,0.0059,0.0035,18730.73,0.0024,7619.279999999999,0
5138979,קסם Cboe S&P 500 15% Buffer AUG IC KTF - מובנה שנתי,אמריקה- שווקים מפותחים,,"מניות בחו""ל",2026-02-28,2780000.0,קסם,,True,False,0.0085,0.0,236.3,0.0085,236.3,0
5138987,"ילין לפידות מחקה quabify אג""ח לפדיון 2026 מאוזן","אג""ח חברות שקלי וצמוד",,"אג""ח בארץ- חברות והמרה",2026-02-28,5090000.0,ילין לפידות,,True,False,0.0024,0.0,122.15999999999998,0.0024,122.15999999999998,0
5138995,"ילין לפידות מחקה quabify אג""ח לפדיון 2027 מאוזן","אג""ח חברות שקלי וצמוד",,"אג""ח בארץ- חברות והמרה",2026-02-28,6910000.0,ילין לפידות,,True,False,0.0024,0.0,165.83999999999997,0.0024,165.83999999999997,0
5139001,"ילין לפידות מחקה quabify אג""ח לפדיון 2028 מאוזן","אג""ח חברות שקלי וצמוד",,"אג""ח בארץ- חברות והמרה",2026-02-28,17680000.0,ילין לפידות,,True,False,0.0024,0.0,424.31999999999994,0.0024,424.31999999999994,0
5139019,"ילין לפידות מחקה quabify אג""ח לפדיון 2029 מאוזן","אג""ח חברות שקלי וצמוד",,"אג""ח בארץ- חברות והמרה",2026-02-28,16350000.000000002,ילין לפידות,,True,False,0.0024,0.0,392.4,0.0024,392.4,0
5139027,MTF מחקה אינדקס בנייה ישראל - פקטור מינוף פיננסי נמוך,"נדל""ן ובנייה",,מניות בארץ,2026-02-28,46960000.0,מגדל,,True,False,0.0,0.0,0.0,0.0,0.0,0
5139035,"דיאמונד עוקבת תיק מניות חו""ל - הבנק הבינלאומי","מניות כללי בחו""ל חשופת מט""ח",,"מניות בחו""ל",2026-02-28,4280000.0,איילון,דיאמונד,False,False,0.0125,0.0035,535.0,0.009000000000000001,385.20000000000005,0
5139050,קסם KTF אינדקס Bullet מדינת ישראל דולר 2030,"ממשלתיות חשופת מט""ח - בינוני",,"אג""ח בחו""ל",2026-02-28,59560000.0,קסם,,True,False,0.0025,0.0,1489.0,0.0025,1489.0,0
5139068,"MTF מחקה משולבת Russell 2000 (70%) S&P 500 (30%) חודשי מנוטרלת מט""ח","מניות בחו""ל קרן משולבת",,"מניות בחו""ל",2026-02-28,14110000.0,מגדל,,True,False,0.0,0.0,0.0,0.0,0.0,0
5139076,איילון כספית דולרית - נקובה דולר,"נקובת מט""ח",,קרן כספית,2026-02-28,217500000.0,איילון,,False,False,0.0012,0.001,2609.9999999999995,0.00019999999999999987,434.9999999999997,1
5139084,תכלית TTF אינדקס תעשיות ביטחוניות גלובלי Top30 EW,Aerospace & Defense,,"מניות בחו""ל",2026-02-28,234380000.0,מיטב,,True,False,0.0045000000000000005,0.0,10547.1,0.0045000000000000005,10547.1,0
5139092,תכלית EURO STOXX 50 TTF,אירופה- כללי,,"מניות בחו""ל",2026-02-28,20360000.0,מיטב,,True,False,0.0025,0.0,509.0,0.0025,509.0,0
5139100,אלטשולר שחם מחקה S&P 500,אמריקה- שווקים מפותחים,,"מניות בחו""ל",2026-02-28,42550000.0,אלטשולר שחם,,True,False,0.0,0.0,0.0,0.0,0.0,0
5139118,אלטשולר שחם מחקה אינדקס שקלי A-AAA פיזור רחב,בריבית קבועה,,"אג""ח בארץ- חברות והמרה",2026-02-28,5630000.0,אלטשולר שחם,,True,False,0.0015,0.0,84.45,0.0015,84.45,0
5139126,"אלטשולר שחם מחקה (!) אינדקס אג""ח עד A פיזור רחב",חברות והמרה בסיכון גבוה,,"אג""ח בארץ- חברות והמרה",2026-02-28,8740000.0,אלטשולר שחם,,True,False,0.0015,0.0,131.1,0.0015,131.1,0
5139134,אלטשולר שחם מחקה אינדקס צמוד A-AAA פיזור רחב,בריבית קבועה,,"אג""ח בארץ- חברות והמרה",2026-02-28,20320000.0,אלטשולר שחם,,True,False,0.0015,0.0,304.8,0.0015,304.8,0
5139142,אי בי אי מחקה אינדקס מדינת ישראל דולר 1-5,"ממשלתיות חשופת מט""ח - בינוני",,"אג""ח בחו""ל",2026-02-28,56980000.0,אי.בי.אי,,True,False,0.0025,0.0,1424.5,0.0025,1424.5,0
5139159,אי בי אי מחקה אינדקס מדינת ישראל דולר 5-10,"ממשלתיות חשופת מט""ח - ארוך",,"אג""ח בחו""ל",2026-02-28,76020000.0,אי.בי.אי,,True,False,0.0025,0.0,1900.5,0.0025,1900.5,0
5139167,MTF מחקה תל בונד - שקלי A,בריבית קבועה,,"אג""ח בארץ- חברות והמרה",2026-02-28,37730000.0,מגדל,,True,False,0.0,0.0,0.0,0.0,0.0,0
5139175,ATF מחקה אינדקס בנקים ישראל,בנקאות ואשראי חוץ בנקאי,,מניות בארץ,2026-02-28,287530000.0,אנליסט,,True,False,0.0045000000000000005,0.0,12938.85,0.0045000000000000005,12938.85,0
5139183,מגדל מניות בנקים,מניות לפי ענפים,,מניות בארץ,2026-02-28,128060000.0,מגדל,,False,False,0.0049,0.0035,6274.94,0.0013999999999999998,1792.8399999999997,0
5139191,TTF משולבת מניות ישראל חודשי,מניות בארץ קרן משולבת,,מניות בארץ,2026-02-28,78000000.0,מיטב,,True,False,0.0,0.0,0.0,0.0,0.0,0
5139209,ברק מניות ישראל,מניות All Cap,,מניות בארץ,2026-02-28,3770000.0,ברק,,False,False,0.018000000000000002,0.0035,678.6,0.014500000000000002,546.6500000000001,0
5139217,"ברק מניות חו""ל","מניות כללי בחו""ל חשופת מט""ח",,"מניות בחו""ל",2026-02-28,1430000.0,ברק,,False,False,0.018000000000000002,0.0035,257.40000000000003,0.014500000000000002,207.35000000000005,0
5139233,"קסם KTF ת""א-125 ערך",Large & Mid Cap,,מניות בארץ,2026-02-28,151790000.0,קסם,,True,False,0.004,0.0,6071.6,0.004,6071.6,0
5139241,קסם KTF אינדקס Bullet ישראל AA ומעלה 2028,"אג""ח חברות שקלי וצמוד",,"אג""ח בארץ- חברות והמרה",2026-02-28,32040000.0,קסם,,True,False,0.0025,0.0,801.0,0.0025,801.0,0
5139258,ילין לפידות כספית ניהול נזילות,כספית שקלית עם קונצרני,,קרן כספית,2026-02-28,10487500000.0,ילין לפידות,,False,False,0.0019,0.001,199262.5,0.0009,94387.5,1
5139274,MTF מחקה Europe Top20 iNDEX מנוטרלת אירו,אירופה- שווקים מפותחים,,"מניות בחו""ל",2026-02-28,28010000.0,מגדל,,True,False,0.005,0.0,1400.5,0.005,1400.5,0
5139282,ילין לפידות מחקה S&P 500,אמריקה- שווקים מפותחים,,"מניות בחו""ל",2026-02-28,112540000.0,ילין לפידות,,True,False,0.0,0.0,0.0,0.0,0.0,0
5139290,"ילין לפידות מחקה S&P 500 מנוטרלת מט""ח",אמריקה- שווקים מפותחים,,"מניות בחו""ל",2026-02-28,193550000.0,ילין לפידות,,True,False,0.0,0.0,0.0,0.0,0.0,0
5139308,ילין לפידות מחקה S&P World,גלובלי- שווקים מפותחים,,"מניות בחו""ל",2026-02-28,8410000.0,ילין לפידות,,True,False,0.0,0.0,0.0,0.0,0.0,0
5139316,ילין לפידות מחקה S&P World מנוטרלת דולר,גלובלי- שווקים מפותחים,,"מניות בחו""ל",2026-02-28,7900000.0,ילין לפידות,,True,False,0.0,0.0,0.0,0.0,0.0,0
5139324,מור כספית ניהול נזילות,כספית שקלית עם קונצרני,,קרן כספית,2026-02-28,1860030000.0,מור,,False,False,0.0015,0.001,27900.45,0.0005,9300.150000000001,1
5139332,מיטב מניות מומנטום,מניות All Cap,,מניות בארץ,2026-02-28,67310000.0,מיטב,,False,False,0.0105,0.0035,7067.55,0.007000000000000001,4711.700000000001,0
5139340,איילון אקסטרים בנקים פי 3,ממונפות בסיכון גבוה,,ממונפות ואסטרטגיות,2026-02-28,60040000.0,איילון,,False,False,0.018500000000000003,0.0035,11107.400000000001,0.015000000000000003,9006.000000000002,0
5139357,"איילון אקסטרים ת""א 90 פי 3",ממונפות בסיכון גבוה,,ממונפות ואסטרטגיות,2026-02-28,11850000.0,איילון,,False,False,0.018500000000000003,0.0035,2192.2500000000005,0.015000000000000003,1777.5000000000005,0
5139365,MTF מחקה (S&P Israel 100 (ILS,Large & Mid Cap,,מניות בארץ,2026-02-28,318000000.0,מגדל,,True,False,0.0,0.0,0.0,0.0,0.0,0
5139399,"מור אג""ח מדורג ללא מניות",חברות והמרה ללא מניות וללא סימן קריאה,,"אג""ח בארץ- חברות והמרה",2026-02-28,74330000.0,מור,,False,False,0.006500000000000001,0.0035,4831.450000000001,0.0030000000000000005,2229.9,0
5139407,קסם KTF תל בונד 125 ערך שקלי,בריבית קבועה,,"אג""ח בארץ- חברות והמרה",2026-02-28,4320000.0,קסם,,True,False,0.0025,0.0,108.0,0.0025,108.0,0
5139415,קסם KTF תל בונד 125 ערך צמודות,בריבית קבועה,,"אג""ח בארץ- חברות והמרה",2026-02-28,2970000.0,קסם,,True,False,0.0025,0.0,74.25,0.0025,74.25,0
5139423,פינסה 30/70,"אג""ח כללי בארץ- עד 30% מניות",,"אג""ח בארץ - כללי",2026-02-28,14560000.0,סיגמא,פינסה ניהול נכסים,False,False,0.0079,0.0035,1150.2400000000002,0.004400000000000001,640.6400000000002,0
5139431,אי.בי.אי. מחקה תל בונד-צמודות A,בריבית קבועה,,"אג""ח בארץ- חברות והמרה",2026-02-28,36730000.0,אי.בי.אי,,True,False,0.0,0.0,0.0,0.0,0.0,0
5139449,אנליסט (!) תיק קונצרני,חברות והמרה ללא מניות עם סימן קריאה,,"אג""ח בארץ- חברות והמרה",2026-02-28,32130000.000000004,אנליסט,,False,False,0.0054,0.0035,1735.0200000000004,0.0019000000000000002,610.4700000000001,0
5139456,"דולפין (!) אג""ח חברות",חברות והמרה ללא מניות עם סימן קריאה,,"אג""ח בארץ- חברות והמרה",2026-02-28,15740000.0,איילון,דולפין 1 השקעות,False,False,0.0079,0.0035,1243.46,0.004400000000000001,692.5600000000002,0
5139464,"הורייזן אג""ח ללא מניות","אג""ח כללי בארץ ללא מניות וללא סימן קריאה",,"אג""ח בארץ - כללי",2026-02-28,21770000.0,איילון,הורייזן,False,False,0.009000000000000001,0.0035,1959.3000000000002,0.005500000000000001,1197.3500000000004,0
5139472,דולפין 30/70,"אג""ח כללי בארץ- עד 30% מניות",,"אג""ח בארץ - כללי",2026-02-28,14170000.0,איילון,דולפין 1 השקעות,False,False,0.0079,0.0035,1119.43,0.004400000000000001,623.4800000000001,0
5139480,הורייזן 10/90,"אג""ח כללי בארץ- עד 10% מניות ללא סימן קריאה",,"אג""ח בארץ - כללי",2026-02-28,11370000.0,איילון,הורייזן,False,False,0.009000000000000001,0.0035,1023.3000000000001,0.005500000000000001,625.3500000000001,0
5139498,"הורייזן (!) אג""ח חברות ללא מניות",חברות והמרה ללא מניות עם סימן קריאה,,"אג""ח בארץ- חברות והמרה",2026-02-28,22680000.0,איילון,הורייזן,False,False,0.009000000000000001,0.0035,2041.2,0.005500000000000001,1247.4000000000003,0
5139506,קסם Cboe S&P 500 15% Buffer NOV IC KTF - מובנה שנתי,אמריקה- שווקים מפותחים,,"מניות בחו""ל",2026-02-28,3790000.0,קסם,,True,False,0.0075,0.0,284.25,0.0075,284.25,0
5139514,MTF מחקה אינדקס מדינת ישראל דולר לפדיון 2030 (מתגלגל כל 6 שנים) נקובה $,"ממשלתיות חשופת מט""ח - בינוני",,"אג""ח בחו""ל",2026-02-28,257660000.00000003,מגדל,,True,False,0.002,0.0,5153.200000000001,0.002,5153.200000000001,0
5139522,איביאי כספית שקלית כשרה,כספית שקלית עם קונצרני,,קרן כספית,2026-02-28,4456510000.0,אי.בי.אי,,False,False,0.00149,0.001,66401.999,0.00049,21836.898999999998,1
5139530,"ילין לפידות מחקה quabify אג""ח לפדיון 2030 מאוזן","אג""ח חברות שקלי וצמוד",,"אג""ח בארץ- חברות והמרה",2026-02-28,38050000.0,ילין לפידות,,True,False,0.0024,0.0,913.1999999999999,0.0024,913.1999999999999,0
5139548,"ילין לפידות מחקה quabify אג""ח לפדיון 2030 שקלי",בריבית קבועה,,"אג""ח בארץ- חברות והמרה",2026-02-28,71470000.0,ילין לפידות,,True,False,0.0024,0.0,1715.2799999999997,0.0024,1715.2799999999997,0
5139555,"ילין לפידות מחקה quabify אג""ח לפדיון 2030 צמוד",בריבית קבועה,,"אג""ח בארץ- חברות והמרה",2026-02-28,36250000.0,ילין לפידות,,True,False,0.0024,0.0,869.9999999999999,0.0024,869.9999999999999,0
5139563,איביאי מחקה אינדקס מדינת ישראל דולר 1-5 נקובה $,"ממשלתיות חשופת מט""ח - בינוני",,"אג""ח בחו""ל",2026-02-28,197590000.0,אי.בי.אי,,True,False,0.0025,0.0,4939.75,0.0025,4939.75,0
5139571,הראל מחקה S&P 500 Momentum,אמריקה- שווקים מפותחים,,"מניות בחו""ל",2026-02-28,121770000.0,הראל,,True,False,0.005,0.0,6088.5,0.005,6088.5,0
5139597,"אי בי אי (!) הזדמנויות אג""ח תשואה גבוהה",חברות והמרה בסיכון גבוה,,"אג""ח בארץ- חברות והמרה",2026-02-28,38340000.0,אי.בי.אי,,False,False,0.0095,0.0035,3642.2999999999997,0.006,2300.4,0
5139605,אי בי אי מחקה MSCI AC World,"מניות גלובליות - חשופת מט""ח",,"מניות בחו""ל",2026-02-28,48410000.0,אי.בי.אי,,True,False,0.0015,0.0,726.15,0.0015,726.15,0
5139613,קסם Cboe S&P 500 15% Buffer DEC IC KTF - מובנה שנתי,אמריקה- שווקים מפותחים,,"מניות בחו""ל",2026-02-28,9410000.0,קסם,,True,False,0.0075,0.0,705.7499999999999,0.0075,705.7499999999999,0
5139621,אי בי אי תיק השקעות,"אג""ח כללי בארץ - חשיפה מרבית מעל 30% מניות",,"אג""ח בארץ - כללי",2026-02-28,122340000.0,אי.בי.אי,GREMMY ADVISORS,False,False,0.0089,0.0035,10888.26,0.0054,6606.360000000001,0
5139639,"הראל מחקה ת""א 90 ובנקים",Large & Mid Cap,,מניות בארץ,2026-02-28,372190000.0,הראל,,True,False,0.0,0.0,0.0,0.0,0.0,0
5139647,"ילין לפידות מחקה quabify קונצרני צמוד מח""מ 2 קבוע",בריבית קבועה - קצר,,"אג""ח בארץ- חברות והמרה",2026-02-28,1200000.0,ילין לפידות,,True,False,0.0019,0.0,22.8,0.0019,22.8,0
5139654,"ילין לפידות מחקה quabify קונצרני שקלי מח""מ 2 קבוע",בריבית קבועה - קצר,,"אג""ח בארץ- חברות והמרה",2026-02-28,400000.0,ילין לפידות,,True,False,0.0019,0.0,7.6000000000000005,0.0019,7.6000000000000005,0
5139662,אלטשולר שחם Electrification,"מניות לפי ענפים בחו""ל",,"מניות בחו""ל",2026-02-28,320260000.0,אלטשולר שחם,,False,False,0.015,0.0035,48038.99999999999,0.0115,36829.9,0
5139670,אנליסט מניות ערך,מניות All Cap,,מניות בארץ,2026-02-28,44250000.0,אנליסט,,False,False,0.0129,0.0035,5708.25,0.0094,4159.5,0
5139688,"אנליסט אג""ח ללא מניות","אג""ח כללי בארץ ללא מניות וללא סימן קריאה",,"אג""ח בארץ - כללי",2026-02-28,19680000.0,אנליסט,,False,False,0.0048,0.0035,944.6399999999999,0.0012999999999999995,255.83999999999992,0
5139696,קסם MSCI World KTF מנוטרלת דולר,גלובלי- שווקים מפותחים,,"מניות בחו""ל",2026-02-28,161940000.0,קסם,,True,False,0.0,0.0,0.0,0.0,0.0,0
5139712,אנליסט 30/70,"אג""ח כללי בארץ- עד 30% מניות",,"אג""ח בארץ - כללי",2026-02-28,248070000.0,אנליסט,,False,False,0.0058,0.0035,14388.059999999998,0.0022999999999999995,5705.609999999999,0
5139720,"תכלית TTF Russel 2000 מנוטרלת מט""ח",אמריקה- שווקים מפותחים,,"מניות בחו""ל",2026-02-28,43830000.0,מיטב,,True,False,0.0,0.0,0.0,0.0,0.0,0
5139738,"קסם KTF ת""א 90 ובנקים",Large & Mid Cap,,מניות בארץ,2026-02-28,102420000.0,קסם,,True,False,0.0,0.0,0.0,0.0,0.0,0
5139753,"פורצ'ן תיק אג""ח בינלאומי עד 20% מט""ח","אג""ח מוגנת מט""ח",,"אג""ח בחו""ל",2026-02-28,289590000.0,איילון,פורצ'ן,False,False,0.009000000000000001,0.0035,26063.100000000002,0.005500000000000001,15927.450000000004,0
5139761,"תכלית US REITs iNDEX TTF מנוטרלת מט""ח",REIT - Real Estate,,"מניות בחו""ל",2026-02-28,9120000.0,מיטב,,True,False,0.0034999999999999996,0.0,319.2,0.0034999999999999996,319.2,0
5139779,"תכלית TTF אינדקס צמוד 1-3 פקטור מרווח מאג""ח ממשלתי",בריבית קבועה - קצר,,"אג""ח בארץ- חברות והמרה",2026-02-28,6740000.0,מיטב,,True,False,0.0015,0.0,101.10000000000001,0.0015,101.10000000000001,0
5139787,תכלית CME CF Bitcoin Reference Rate (BRRNY) TTF,Bitcoin,,נכסים דיגיטליים,2026-02-28,64610000.0,מיטב,,True,False,0.002,0.0,1292.2,0.002,1292.2,0
5139811,אלטשולר שחם מחקה Nasdaq 100,אמריקה- שווקים מפותחים,,"מניות בחו""ל",2026-02-28,37800000.0,אלטשולר שחם,,True,False,0.0,0.0,0.0,0.0,0.0,0
5139829,"ברק אולטרה ת""א 90 פי 3",ממונפות בסיכון גבוה,,ממונפות ואסטרטגיות,2026-02-28,34380000.0,ברק,,False,False,0.018000000000000002,0.0035,6188.400000000001,0.014500000000000002,4985.100000000001,0
5139837,הראל מחקה Russell 2000,אמריקה- שווקים מפותחים,,"מניות בחו""ל",2026-02-28,11400000.0,הראל,,True,False,0.0,0.0,0.0,0.0,0.0,0
5139845,איילון חשיפה לביטקוין,Bitcoin,,נכסים דיגיטליים,2026-02-28,16250000.0,איילון,,False,False,0.006500000000000001,0.0035,1056.2500000000002,0.0030000000000000005,487.50000000000006,0
5139852,"תכלית TTF ת""א 90 ובנקים",Large & Mid Cap,,מניות בארץ,2026-02-28,59660000.0,מיטב,,True,False,0.0,0.0,0.0,0.0,0.0,0
5139860,מיטב בנקים פי 3,ממונפות בסיכון גבוה,,ממונפות ואסטרטגיות,2026-02-28,81120000.0,מיטב,,False,False,0.015,0.0035,12167.999999999998,0.0115,9328.800000000001,0
5139878,קסם CME CF Bitcoin Reference Rate (BRRNY) KTF,Bitcoin,,נכסים דיגיטליים,2026-02-28,24430000.0,קסם,,True,False,0.002,0.0,488.6,0.002,488.6,0
5139886,MTF מחקה Indxx Bitcoin Reference,Bitcoin,,נכסים דיגיטליים,2026-02-28,21120000.0,מגדל,,True,False,0.0,0.0,0.0,0.0,0.0,0
5139894,קסם BlueStar Data Center and Logistics Real Estate KTF,REIT - Real Estate,,"מניות בחו""ל",2026-02-28,6240000.0,קסם,,True,False,0.008,0.0,499.20000000000005,0.008,499.20000000000005,0
5139902,קסם S&P/TSX 60 KTF,אמריקה- שווקים מפותחים,,"מניות בחו""ל",2026-02-28,13310000.0,קסם,,True,False,0.006,0.0,798.6,0.006,798.6,0
5139910,אי בי אי מחקה S&P Bitcoin,Bitcoin,,נכסים דיגיטליים,2026-02-28,37760000.0,אי.בי.אי,,True,False,0.002,0.0,755.2,0.002,755.2,0
5139928,מור מחקה S&P Bitcoin Futures Daily Roll Index,Bitcoin,,נכסים דיגיטליים,2026-02-28,8070000.0,מור,,True,False,0.002,0.0,161.4,0.002,161.4,0
5139936,"ATF מחקה ת""א-20",Large Cap,,מניות בארץ,2026-02-28,7470000.0,אנליסט,,True,False,0.002,0.0,149.4,0.002,149.4,0
5139944,"ATF מחקה ת""א-50 ריאלי",Large & Mid Cap,,מניות בארץ,2026-02-28,6860000.0,אנליסט,,True,False,0.002,0.0,137.20000000000002,0.002,137.20000000000002,0
5139951,"ATF מחקה ת""א-200",All Cap,,מניות בארץ,2026-02-28,55270000.0,אנליסט,,True,False,0.002,0.0,1105.4,0.002,1105.4,0
5139969,DCMS תיק השקעות גלובלי עד 30% מניות,"אג""ח חשופת מט""ח",,"אג""ח בחו""ל",2026-02-28,16120000.000000002,איילון,דימונד קפיטל,False,False,0.009000000000000001,0.0035,1450.8000000000002,0.005500000000000001,886.6000000000004,0
5139977,קסם Cboe S&P 500 15% Buffer FEB IC KTF - מובנה שנתי,אמריקה- שווקים מפותחים,,"מניות בחו""ל",2026-02-28,6620000.0,קסם,,True,False,0.0075,0.0,496.49999999999994,0.0075,496.49999999999994,0
5139985,הראל מחקה (!) תל בונד - תשואות צמודות,בריבית קבועה,,"אג""ח בארץ- חברות והמרה",2026-02-28,18020000.0,הראל,,True,False,0.0,0.0,0.0,0.0,0.0,0
5139993,"הראל מחקה S&P Hotels, Resorts & Cruise lines 15% FMC Capped מנוטרלת מט""ח",Travel,,"מניות בחו""ל",2026-02-28,300000.0,הראל,,True,False,0.004,0.0,12.000000000000002,0.004,12.000000000000002,0
5140009,"הראל מחקה ת""א- ביטוח",ביטוח,,מניות בארץ,2026-02-28,136840000.0,הראל,,True,False,0.0,0.0,0.0,0.0,0.0,0
5140025,תכלית TTFי משולבת מניות מקומיות חודשי,מניות בארץ קרן משולבת,,מניות בארץ,2026-02-28,26220000.0,מיטב,,True,False,0.0,0.0,0.0,0.0,0.0,0
5140033,אקורד מניות,מניות All Cap,,מניות בארץ,2026-02-28,9250000.0,איילון,אקורד ניהול השקעות,False,False,0.014499999999999999,0.0035,1341.25,0.011,1017.4999999999999,0
5140041,מגדל מניות שבבים גלובלי,"מניות לפי ענפים בחו""ל",,"מניות בחו""ל",2026-02-28,10110000.0,מגדל,,False,False,0.005,0.0035,505.5,0.0015,151.65,0
5140058,קסם KTF תל בונד צמודות 1-3,בריבית קבועה - קצר,,"אג""ח בארץ- חברות והמרה",2026-02-28,89530000.0,קסם,,True,False,0.0,0.0,0.0,0.0,0.0,0
5140066,"אי בי אי מחקה אינדקס נדל""ן למגורים בישראל","נדל""ן ובנייה",,מניות בארץ,2026-02-28,16930000.0,אי.בי.אי,,True,False,0.0,0.0,0.0,0.0,0.0,0
5140074,"ילין לפידות מחקה quabify קונצרני צמוד מח""מ 3 קבוע",בריבית קבועה - בינוני,,"אג""ח בארץ- חברות והמרה",2026-02-28,500000.0,ילין לפידות,,True,False,0.0019,0.0,9.5,0.0019,9.5,0
5140082,"ילין לפידות מחקה quabify קונצרני צמוד מח""מ 4 קבוע",בריבית קבועה - בינוני,,"אג""ח בארץ- חברות והמרה",2026-02-28,300000.0,ילין לפידות,,True,False,0.0019,0.0,5.7,0.0019,5.7,0
5140116,ATF מחקה תל בונד-צמודות A,בריבית קבועה,,"אג""ח בארץ- חברות והמרה",2026-02-28,6040000.0,אנליסט,,True,False,0.0,0.0,0.0,0.0,0.0,0
5140124,ATF מחקה (!) תל בונד-תשואות צמודות,בריבית קבועה,,"אג""ח בארץ- חברות והמרה",2026-02-28,42170000.0,אנליסט,,True,False,0.0,0.0,0.0,0.0,0.0,0
5140132,"הראל מחקה S&P 500 Momentum מנוטרלת מט""ח",אמריקה- שווקים מפותחים,,"מניות בחו""ל",2026-02-28,117690000.0,הראל,,True,False,0.005,0.0,5884.5,0.005,5884.5,0
5140140,MTF מחקה World Top 100 iNDEX מנוטרלת דולר,"מניות גלובליות - מנוטרלת מט""ח",,"מניות בחו""ל",2026-02-28,13570000.0,מגדל,,True,False,0.0,0.0,0.0,0.0,0.0,0
5140157,"MTF מחקה ת""א 90 ובנקים",Large & Mid Cap,,מניות בארץ,2026-02-28,12880000.0,מגדל,,True,False,0.0,0.0,0.0,0.0,0.0,0
5140165,MTF מחקה MSCI World מנוטרלת דולר,גלובלי- שווקים מפותחים,,"מניות בחו""ל",2026-02-28,84940000.0,מגדל,,True,False,0.0,0.0,0.0,0.0,0.0,0
5140199,MTF מחקה אינדקס כלכלת ישראל 125,Large & Mid Cap,,מניות בארץ,2026-02-28,128870000.0,מגדל,,True,False,0.0,0.0,0.0,0.0,0.0,0
5140207,"MTF מחקה Indxx US 2000 Profitability מנוטרלת מט""ח",אמריקה- שווקים מפותחים,,"מניות בחו""ל",2026-02-28,16900000.0,מגדל,,True,False,0.005,0.0,845.0,0.005,845.0,0
5140215,"MTF מחקה Bloomberg New Constructs Core Earnings Leaders מנוטרלת מט""ח",אמריקה- שווקים מפותחים,,"מניות בחו""ל",2026-02-28,38350000.0,מגדל,,True,False,0.008,0.0,3068.0000000000005,0.008,3068.0000000000005,0
5140223,אלטשולר שחם מחקה A.B US Top Tech Ex Top 5,Technology,,"מניות בחו""ל",2026-02-28,910000.0,אלטשולר שחם,,True,False,0.005,0.0,45.5,0.005,45.5,0
5140231,תכלית TTF (!) תל-בונד בולט 2029 שקלי,בריבית קבועה,,"אג""ח בארץ- חברות והמרה",2026-02-28,11630000.0,מיטב,,True,False,0.0015,0.0,174.45000000000002,0.0015,174.45000000000002,0
5140249,תכלית TTF תל-בונד בולט 10/2028 צמוד,בריבית קבועה,,"אג""ח בארץ- חברות והמרה",2026-02-28,7760000.0,מיטב,,True,False,0.0015,0.0,116.4,0.0015,116.4,0
5140256,תכלית TTF (!) תל-בונד בולט 2029 ישראל,"אג""ח חברות שקלי וצמוד",,"אג""ח בארץ- חברות והמרה",2026-02-28,9040000.0,מיטב,,True,False,0.002,0.0,180.8,0.002,180.8,0
5140272,"ילין לפידות מחקה S&P 500 Market Leaders מנוטרלת מט""ח",אמריקה- שווקים מפותחים,,"מניות בחו""ל",2026-02-28,13550000.0,ילין לפידות,,True,False,0.0049,0.0,663.9499999999999,0.0049,663.9499999999999,0
5140280,ילין לפידות מחקה S&P 500 Market Leaders,אמריקה- שווקים מפותחים,,"מניות בחו""ל",2026-02-28,5580000.0,ילין לפידות,,True,False,0.0049,0.0,273.42,0.0049,273.42,0
5140298,אי בי אי מחקה Indxx Nuclear Energy Industry מנוטרלת דולר,Alternative / Renewable Energy,,"מניות בחו""ל",2026-02-28,314860000.0,אי.בי.אי,,True,False,0.006500000000000001,0.0,20465.9,0.006500000000000001,20465.9,0
5140306,"אי בי אי מחקה ת""א-90 ו- CAP 0.8% SME60",Mid  & Small Cap,,מניות בארץ,2026-02-28,12360000.0,אי.בי.אי,,True,False,0.0,0.0,0.0,0.0,0.0,0
5140314,אי בי אי מחקה תל גוב-שקלי,ריבית קבועה,,"אג""ח בארץ- מדינה",2026-02-28,17020000.0,אי.בי.אי,,True,False,0.0,0.0,0.0,0.0,0.0,0
5140322,אי בי אי מחקה תל גוב-צמודות,צמודות מדד ממשלתיות - אחר,,"אג""ח בארץ- מדינה",2026-02-28,15680000.0,אי.בי.אי,,True,False,0.001,0.0,156.8,0.001,156.8,0
5140330,אי בי אי מחקה תל גוב-לא צמודות,שקליות ממשלתיות -  אחר,,"אג""ח בארץ- מדינה",2026-02-28,22720000.0,אי.בי.אי,,True,False,0.0015,0.0,340.8,0.0015,340.8,0
5140348,מיטב 15/85 מודל ESG,"אג""ח כללי בארץ- עד 15% מניות",,"אג""ח בארץ - כללי",2026-02-28,5020000.0,מיטב,,False,False,0.006500000000000001,0.0035,326.3,0.0030000000000000005,150.60000000000002,0
5140355,"מיטב אג""ח מודל ESG","אג""ח כללי בארץ ללא מניות וללא סימן קריאה",,"אג""ח בארץ - כללי",2026-02-28,6630000.0,מיטב,,False,False,0.0059,0.0035,391.16999999999996,0.0024,159.11999999999998,0
5140363,"קסם TipRanks US Momentum Analysts iNDEX KTF מנוטרלת מט""ח",אמריקה- שווקים מפותחים,,"מניות בחו""ל",2026-02-28,23110000.0,קסם,,True,False,0.006999999999999999,0.0,1617.6999999999998,0.006999999999999999,1617.6999999999998,0
5140371,אביב 10/90 תיק מודל ESG כשרה,"אג""ח כללי בארץ- עד 10% מניות ללא סימן קריאה",,"אג""ח בארץ - כללי",2026-02-28,27560000.0,איילון,אביב בית השקעות,False,False,0.0087,0.0035,2397.72,0.0052,1433.12,0
5140397,MTF מחקה אינדקס כלכלת ישראל 90,Mid Cap,,מניות בארץ,2026-02-28,6140000.0,מגדל,,True,False,0.0,0.0,0.0,0.0,0.0,0
5140413,אנליסט כספית חיסכון,כספית שקלית עם קונצרני,,קרן כספית,2026-02-28,1372820000.0,אנליסט,,False,False,0.0012,0.001,16473.839999999997,0.00019999999999999987,2745.639999999998,1
5140439,MTF מחקה Indxx Top 10 Europe Defense מנוטרלת אירו,Aerospace & Defense,,"מניות בחו""ל",2026-02-28,39040000.0,מגדל,,True,False,0.004,0.0,1561.6000000000001,0.004,1561.6000000000001,0
5140447,"MTF מחקה ת""א - ביטוח",ביטוח,,מניות בארץ,2026-02-28,143460000.0,מגדל,,True,False,0.0,0.0,0.0,0.0,0.0,0
5140454,תכלית CME CF Ethereum Reference Rate (ETHUSDNY) TTF,Ethereum,,נכסים דיגיטליים,2026-02-28,21020000.0,מיטב,,True,False,0.005,0.0,1051.0,0.005,1051.0,0
5140462,אי בי אי מדורגות A ומעלה,"אג""ח כללי בארץ ללא מניות וללא סימן קריאה, עם מגבלת מח""מ עד 5 שנים",,"אג""ח בארץ - כללי",2026-02-28,1010000.0,אי.בי.אי,,False,False,0.005,0.0035,50.5,0.0015,15.15,0
5140470,"אקורד אג""ח ללא מניות","אג""ח כללי בארץ ללא מניות וללא סימן קריאה",,"אג""ח בארץ - כללי",2026-02-28,15280000.0,איילון,אקורד ניהול השקעות,False,False,0.0075,0.0035,1146.0,0.004,611.2,0
5140496,דולפין תיק השקעות גמיש,גמישות,,גמישות,2026-02-28,12640000.0,איילון,דולפין 1 השקעות,False,False,0.012,0.0035,1516.8,0.0085,1074.4,0
5140504,"מיטב ת""א 125 מומנטום",מניות Large & Mid Cap,,מניות בארץ,2026-02-28,64160000.0,מיטב,,False,False,0.0105,0.0035,6736.8,0.007000000000000001,4491.200000000001,0
5140512,"קסם KTF (!) אינדקס אג""ח תשואות 100",חברות והמרה בסיכון גבוה,,"אג""ח בארץ- חברות והמרה",2026-02-28,91490000.0,קסם,,True,False,0.0022,0.0,2012.7800000000002,0.0022,2012.7800000000002,0
5140520,קסם KTF (!) אינדקס Bullet ישראל 2032,"אג""ח חברות שקלי וצמוד",,"אג""ח בארץ- חברות והמרה",2026-02-28,126740000.0,קסם,,True,False,0.0022,0.0,2788.28,0.0022,2788.28,0
5140538,קסם KTF (!) אינדקס Bullet שקלי 2031,בריבית קבועה,,"אג""ח בארץ- חברות והמרה",2026-02-28,40060000.0,קסם,,True,False,0.0022,0.0,881.3200000000002,0.0022,881.3200000000002,0
5140546,"אלטשולר שחם מחקה S&P 500 מנוטרלת מט""ח",אמריקה- שווקים מפותחים,,"מניות בחו""ל",2026-02-28,49500000.0,אלטשולר שחם,,True,False,0.0,0.0,0.0,0.0,0.0,0
5140553,פסטרנק שהם 25/75,"אג""ח כללי בארץ- עד 25% מניות",,"אג""ח בארץ - כללי",2026-02-28,14390000.0,איילון,פסטרנק שהם,False,False,0.0059,0.0035,849.01,0.0024,345.35999999999996,0
5140561,"הראל מחקה אינדקס תעשיות ביטחוניות ארה""ב וישראל מנוטרלת מט""ח",Aerospace & Defense,,"מניות בחו""ל",2026-02-28,113640000.0,הראל,,True,False,0.005,0.0,5682.0,0.005,5682.0,0
5140579,אקהאוס מניות ישראל,מניות All Cap,,מניות בארץ,2026-02-28,27520000.0,איילון,אקהאוס קפיטל,False,False,0.017,0.0035,4678.400000000001,0.013500000000000002,3715.2000000000007,0
5140587,"איילון זבולון מניות חו""ל - נקובת דולר","מניות בחו""ל נקובת מט""ח",,"מניות בחו""ל",2026-02-28,22870000.0,איילון,זבולון שרותי מחקר,False,False,0.0175,0.0035,4002.2500000000005,0.014000000000000002,3201.8,0
5140595,"MTF מחקה ת""א-נפט וגז","נפט, גז ואנרגיה",,מניות בארץ,2026-02-28,57570000.0,מגדל,,True,False,0.0,0.0,0.0,0.0,0.0,0
5140603,"קסם אקטיב מניות ארה""ב שריעה","ארה""ב חשופת מט""ח",,"מניות בחו""ל",2026-02-28,1870000.0,קסם,,False,False,0.015,0.0035,280.5,0.0115,215.05,0
5140611,אי בי אי קונצרני מדורג,חברות והמרה ללא מניות וללא סימן קריאה,,"אג""ח בארץ- חברות והמרה",2026-02-28,3440000.0,אי.בי.אי,,False,False,0.005,0.0035,172.0,0.0015,51.6,0
5140629,"הראל מחקה אינדקס תשתיות ובינוי ארה""ב וישראל",שילוב ענפים,,"מניות בחו""ל",2026-02-28,9830000.0,הראל,,True,False,0.004,0.0,393.20000000000005,0.004,393.20000000000005,0
5140637,"תכלית US Capital Markets iNDEX TTF מנוטרלת מט""ח",Financial,,"מניות בחו""ל",2026-02-28,18540000.0,מיטב,,True,False,0.005,0.0,927.0,0.005,927.0,0
5140645,אלטשולר שחם מחקה A.B US Tech Ex Top 30,Technology,,"מניות בחו""ל",2026-02-28,180000.0,אלטשולר שחם,,True,False,0.008,0.0,14.4,0.008,14.4,0
5140652,אלטשולר שחם מחקה אינדקס AAA שקלי,"אג""ח בארץ כללי",,"אג""ח בארץ כללי",2026-02-28,3600000.0,אלטשולר שחם,,True,False,0.0015,0.0,54.0,0.0015,54.0,0
5140660,אלטשולר שחם מחקה אינדקס חברות ניהול השקעות ומסחר בישראל,פיננסים,,מניות בארץ,2026-02-28,31180000.0,אלטשולר שחם,,True,False,0.005,0.0,1559.0,0.005,1559.0,0
5140678,ילין לפידות מחקה S&P 500 Market Leaders נקובה $,אמריקה- שווקים מפותחים,,"מניות בחו""ל",2026-02-28,8780000.0,ילין לפידות,,True,False,0.006999999999999999,0.0,614.5999999999999,0.006999999999999999,614.5999999999999,0
5140686,אנליסט מניות ממונפת,ממונפות בסיכון גבוה,,ממונפות ואסטרטגיות,2026-02-28,1000000.0,אנליסט,,False,False,0.0375,0.0035,375.0,0.033999999999999996,339.99999999999994,0
5140694,פרופאונד מניות Large & Mid Cap ישראל,מניות Large & Mid Cap,,מניות בארץ,2026-02-28,36240000.0,איילון,פרופאונד,False,False,0.01,0.0035,3624.0,0.006500000000000001,2355.6000000000004,0
5140702,"מור אג""ח חברות + 20%",חברות והמרה עם מניות ללא סימן קריאה,,"אג""ח בארץ- חברות והמרה",2026-02-28,72630000.0,מור,,False,False,0.0079,0.0035,5737.77,0.004400000000000001,3195.7200000000007,0
5140710,"הראל מחקה ת""א SME60 מודל רווחיות משקל שווה",Mid  & Small Cap,,מניות בארץ,2026-02-28,5390000.0,הראל,,True,False,0.004,0.0,215.60000000000002,0.004,215.60000000000002,0
5140728,"הראל מחקה ת""א-90 מודל רווחיות משקל שווה",Mid Cap,,מניות בארץ,2026-02-28,570000.0,הראל,,True,False,0.004,0.0,22.8,0.004,22.8,0
5140736,תכלית TTF אינדקס 150 Cap Mid-Small ישראל,Mid  & Small Cap,,מניות בארץ,2026-02-28,7850000.0,מיטב,,True,False,0.0025,0.0,196.25,0.0025,196.25,0
5140751,אי בי אי ויינשטיין אגד ישראלי,אגד ישראלי,,אגד קרנות,2026-02-28,11610000.0,אי.בי.אי,GREMMY ADVISORS,False,False,0.0,0.0035,0.0,-0.0035,-406.35,0
5140769,אי בי אי מחקה S&P 500 Equal Weight,אמריקה- שווקים מפותחים,,"מניות בחו""ל",2026-02-28,36620000.0,אי.בי.אי,,True,False,0.0,0.0,0.0,0.0,0.0,0
5140777,קסם KTF אינדקס Bullet דולר 2030 - גלובלי נקובה $,"חברות והמרה חשופת מט""ח",,"אג""ח בחו""ל",2026-02-28,8740000.0,קסם,,True,False,0.004,0.0,349.6,0.004,349.6,0
5140785,מגדל כספית שקלית ללא קונצרני,כספית שקלית ללא קונצרני,,קרן כספית,2026-02-28,2390660000.0,מגדל,,False,False,0.0006,0.001,14343.96,-0.0004000000000000001,-9562.640000000001,1
5140793,קסם Cboe S&P 500 15% Buffer JUL IC KTF - מובנה שנתי,אמריקה- שווקים מפותחים,,"מניות בחו""ל",2026-02-28,2270000.0,קסם,,True,False,0.0075,0.0,170.24999999999997,0.0075,170.24999999999997,0
5140801,ברק אולטרה זהב פי 3,ממונפות בסיכון גבוה,,ממונפות ואסטרטגיות,2026-02-28,32600000.0,ברק,,False,False,0.018000000000000002,0.0035,5868.0,0.014500000000000002,4727.000000000001,0
5140819,"ברק אג""ח ללא מניות","אג""ח כללי בארץ ללא מניות וללא סימן קריאה",,"אג""ח בארץ - כללי",2026-02-28,1200000.0,ברק,,False,False,0.008,0.0035,96.00000000000001,0.0045000000000000005,54.0,0
5140827,"אי בי אי מחקה ת""א-נפט וגז","נפט, גז ואנרגיה",,מניות בארץ,2026-02-28,31270000.0,אי.בי.אי,,True,False,0.0,0.0,0.0,0.0,0.0,0
5140835,"אילים אג""ח מדורגות",חברות והמרה ללא מניות וללא סימן קריאה,,"אג""ח בארץ- חברות והמרה",2026-02-28,900000.0,אילים,,False,False,0.0059,0.0035,53.099999999999994,0.0024,21.599999999999998,0
5140843,אי בי אי מחקה MarketVector Global Defense,Aerospace & Defense,,"מניות בחו""ל",2026-02-28,46710000.0,אי.בי.אי,,True,False,0.0,0.0,0.0,0.0,0.0,0
5140850,MTF מחקה S&P 500 Momentum,אמריקה- שווקים מפותחים,,"מניות בחו""ל",2026-02-28,11180000.0,מגדל,,True,False,0.0025,0.0,279.5,0.0025,279.5,0
5140868,MTF מחקה (!) אינדקס 0-3 שקלי עד A,בריבית קבועה - קצר,,"אג""ח בארץ- חברות והמרה",2026-02-28,7670000.0,מגדל,,True,False,0.0,0.0,0.0,0.0,0.0,0
5140884,"MTF מחקה Bluestar TOP 10 US Listed Alternative Asset Managers מנוטרלת מט""ח",Financial,,"מניות בחו""ל",2026-02-28,2950000.0,מגדל,,True,False,0.005,0.0,147.5,0.005,147.5,0
5140892,"MTF מחקה ת""א - נדל""ן","נדל""ן ובנייה",,מניות בארץ,2026-02-28,46510000.0,מגדל,,True,False,0.0,0.0,0.0,0.0,0.0,0
5140900,"MTF מחקה אינדקס מדינת ישראל - מח""מ 10 קבוע שקלי",ריבית קבועה - ארוך,,"אג""ח בארץ- מדינה",2026-02-28,54930000.0,מגדל,,True,False,0.0,0.0,0.0,0.0,0.0,0
5140918,אלטשולר שחם כספית ניהול נזילות,כספית שקלית עם קונצרני,,קרן כספית,2026-02-28,7333610000.0,אלטשולר שחם,,False,False,0.0006,0.001,44001.659999999996,-0.0004000000000000001,-29334.440000000006,1
5140926,הראל מחקה אינדקס תעשיות ביטחוניות אירופה Top10,Aerospace & Defense,,"מניות בחו""ל",2026-02-28,9550000.0,הראל,,True,False,0.004,0.0,382.00000000000006,0.004,382.00000000000006,0
5140942,דולפין (!) Israeli global bond נקובה $,"אג""ח נקובת מט""ח",,"אג""ח בחו""ל",2026-02-28,258930000.0,איילון,דולפין 1 השקעות,False,False,0.0069,0.0035,17866.17,0.0034,8803.62,0
5140959,אלטשולר שחם מחקה A.B TLV-NY Israel Top 25,אחר,,מניות בארץ,2026-02-28,360000.0,אלטשולר שחם,,True,False,0.008,0.0,28.8,0.008,28.8,0
5140967,קסם KTF אינדקס תשתיות ובינוי אירופה מנוטרלת אירו,REIT - Real Estate,,"מניות בחו""ל",2026-02-28,22970000.0,קסם,,True,False,0.006999999999999999,0.0,1607.8999999999999,0.006999999999999999,1607.8999999999999,0
5140975,תכלית TTF אינדקס תשתיות חיוניות ובנייה בישראל,שילוב ענפים,,מניות בארץ,2026-02-28,26210000.0,מיטב,,True,False,0.004,0.0,1048.4,0.004,1048.4,0
5140983,איילון מניות ביטוח,מניות לפי ענפים,,מניות בארץ,2026-02-28,11900000.0,איילון,,False,False,0.0059,0.0035,702.1,0.0024,285.59999999999997,0
5140991,הראל מחקה אינדקס לפדיון 2029 (מתגלגל כל 4 שנים),"אג""ח חברות שקלי וצמוד",,"אג""ח בארץ- חברות והמרה",2026-02-28,23500000.0,הראל,,True,False,0.0015,0.0,352.5,0.0015,352.5,0
5141007,MTF מחקה Bloomberg US Analyst Recommendations נקובה $,אמריקה- שווקים מפותחים,,"מניות בחו""ל",2026-02-28,3120000.0,מגדל,,True,False,0.008,0.0,249.60000000000002,0.008,249.60000000000002,0
5141031,"אי בי אי מחקה אינדקס ת""א Small Cap 60 רווחיות",Small Cap,,מניות בארץ,2026-02-28,11750000.0,אי.בי.אי,,True,False,0.0025,0.0,293.75,0.0025,293.75,0
5141049,"פרופאונד (!) תיק אג""ח + 10%","אג""ח כללי בארץ- עד 10% מניות ועם סימן קריאה",,"אג""ח בארץ - כללי",2026-02-28,18160000.0,איילון,פרופאונד,False,False,0.0069,0.0035,1253.04,0.0034,617.4399999999999,0
5141056,"אלטשולר שחם מחקה ת""א 90",Mid Cap,,מניות בארץ,2026-02-28,8580000.0,אלטשולר שחם,,True,False,0.0,0.0,0.0,0.0,0.0,0
5141064,אלטשולר שחם מחקה תל בונד-צמודות 1-3,בריבית קבועה - קצר,,"אג""ח בארץ- חברות והמרה",2026-02-28,11680000.0,אלטשולר שחם,,True,False,0.0,0.0,0.0,0.0,0.0,0
5141072,MTF מחקה אינדקס פיננסים ישראל Top15,פיננסים,,מניות בארץ,2026-02-28,28030000.0,מגדל,,True,False,0.004,0.0,1121.2,0.004,1121.2,0
5141080,קסם אקטיב סוקוק חשופת דולר - שריעה,"אג""ח חשופת דולר",,"אג""ח בחו""ל",2026-02-28,5330000.0,קסם,,False,False,0.006999999999999999,0.0035,373.09999999999997,0.003499999999999999,186.54999999999995,0
5141098,דולפין כספית שקלית,כספית שקלית עם קונצרני,,קרן כספית,2026-02-28,282750000.0,איילון,דולפין 1 השקעות,False,False,0.0009,0.001,2544.75,-0.00010000000000000005,-282.7500000000001,1
5141106,אי בי אי מדינה + 20%,"אג""ח מדינה כללי- עד 20% מניות",,"אג""ח בארץ- מדינה",2026-02-28,16900000.0,אי.בי.אי,,False,False,0.006,0.0035,1014.0,0.0025,422.5,0
5141114,"MTF מחקה S&P 500 Momentum מנוטרלת מט""ח",אמריקה- שווקים מפותחים,,"מניות בחו""ל",2026-02-28,8270000.0,מגדל,,True,False,0.0025,0.0,206.75,0.0025,206.75,0
5141122,"ילין לפידות מחקה quabify אג""ח לפדיון 2031 צמוד",בריבית קבועה,,"אג""ח בארץ- חברות והמרה",2026-02-28,40920000.0,ילין לפידות,,True,False,0.0024,0.0,982.0799999999999,0.0024,982.0799999999999,0
5141130,"ילין לפידות מחקה quabify אג""ח לפדיון 2031 שקלי",בריבית קבועה,,"אג""ח בארץ- חברות והמרה",2026-02-28,12570000.0,ילין לפידות,,True,False,0.0024,0.0,301.67999999999995,0.0024,301.67999999999995,0
5141148,"ילין לפידות מחקה quabify אג""ח לפדיון 2031 מאוזן","אג""ח חברות שקלי וצמוד",,"אג""ח בארץ- חברות והמרה",2026-02-28,4200000.0,ילין לפידות,,True,False,0.0024,0.0,100.79999999999998,0.0024,100.79999999999998,0
5141155,"ילין לפידות מחקה quabify אג""ח לפדיון 2032 מאוזן","אג""ח חברות שקלי וצמוד",,"אג""ח בארץ- חברות והמרה",2026-02-28,5960000.0,ילין לפידות,,True,False,0.0024,0.0,143.04,0.0024,143.04,0
5141163,"ילין לפידות מחקה quabify אג""ח לפדיון 2032 שקלי",בריבית קבועה,,"אג""ח בארץ- חברות והמרה",2026-02-28,28690000.0,ילין לפידות,,True,False,0.0024,0.0,688.56,0.0024,688.56,0
5141171,"ילין לפידות מחקה quabify אג""ח לפדיון 2032 צמוד",בריבית קבועה,,"אג""ח בארץ- חברות והמרה",2026-02-28,7230000.0,ילין לפידות,,True,False,0.0024,0.0,173.51999999999998,0.0024,173.51999999999998,0
5141189,אי בי אי מניות תעשיות ביטחוניות ישראל,מניות לפי ענפים,,מניות בארץ,2026-02-28,1134330000.0,אי.בי.אי,,False,False,0.0095,0.0035,107761.34999999999,0.006,68059.8,0
5141197,אי בי אי כספית חיסכון,כספית שקלית עם קונצרני,,קרן כספית,2026-02-28,1521320000.0,אי.בי.אי,,False,False,0.0007000000000000001,0.001,10649.240000000002,-0.0002999999999999999,-4563.959999999999,1
5141205,"אלטשולר שחם מחקה ת""א 125",Large & Mid Cap,,מניות בארץ,2026-02-28,47830000.0,אלטשולר שחם,,True,False,0.0,0.0,0.0,0.0,0.0,0
5141213,"MTF מחקה Indxx Building America Infrastructure מנוטרלת מט""ח",שילוב ענפים,,"מניות בחו""ל",2026-02-28,10310000.0,מגדל,,True,False,0.005,0.0,515.5,0.005,515.5,0
5141221,אי בי אי מניות ערך,מניות All Cap,,מניות בארץ,2026-02-28,1070000.0,אי.בי.אי,,False,False,0.006999999999999999,0.0035,74.89999999999999,0.003499999999999999,37.44999999999999,0
5141239,אלטשולר שחם מחקה בנקים בישראל A.B,בנקאות ואשראי חוץ בנקאי,,מניות בארץ,2026-02-28,45750000.0,אלטשולר שחם,,True,False,0.0,0.0,0.0,0.0,0.0,0
5141247,אנליסט מניות Mid Cap ישראל,מניות Large & Mid Cap,,מניות בארץ,2026-02-28,2870000.0,אנליסט,,False,False,0.0095,0.0035,272.65,0.006,172.20000000000002,0
5141254,אנליסט מדינה צמודה פלוס,"אג""ח מדינה צמוד מדד- עד 10% מניות",,"אג""ח בארץ- מדינה",2026-02-28,2290000.0,אנליסט,,False,False,0.0058,0.0035,132.82,0.0022999999999999995,52.669999999999995,0
5141262,"MTF מחקה Indxx Top 10 US-Israel Banks מנוטרלת מט""ח","מניות גלובליות - מנוטרלת מט""ח",,"מניות בחו""ל",2026-02-28,5050000.0,מגדל,,True,False,0.005,0.0,252.5,0.005,252.5,0
5141270,"פינסה (!) תיק אג""ח","אג""ח כללי בארץ ללא מניות עם סימן קריאה",,"אג""ח בארץ - כללי",2026-02-28,88200000.0,סיגמא,פינסה ניהול נכסים,False,False,0.0075,0.0035,6614.999999999999,0.004,3528.0000000000005,0
5141288,אלטשולר שחם מחקה INDXX US Big Data,Technology,,"מניות בחו""ל",2026-02-28,400000.0,אלטשולר שחם,,True,False,0.008,0.0,32.0,0.008,32.0,0
5141296,מיטב כספית ג'מבו,כספית שקלית עם קונצרני,,קרן כספית,2026-02-28,213950000.0,מיטב,,False,False,0.0012,0.001,2567.3999999999996,0.00019999999999999987,427.8999999999997,1
5141304,מגדל כספית חיסכון,כספית שקלית עם קונצרני,,קרן כספית,2026-02-28,104770000.0,מגדל,,False,False,0.001,0.001,1047.7,0.0,0.0,1
5141312,קסם KTF אינדקס בנקים ישראל,בנקאות ואשראי חוץ בנקאי,,מניות בארץ,2026-02-28,75340000.0,קסם,,True,False,0.0,0.0,0.0,0.0,0.0,0
5141320,קסם TipRanks Global Momentum Analysts iNDEX KTF מנוטרלת דולר,גלובלי- שווקים מפותחים,,"מניות בחו""ל",2026-02-28,25530000.0,קסם,,True,False,0.006999999999999999,0.0,1787.1,0.006999999999999999,1787.1,0
5141353,FOREST כספית,כספית שקלית עם קונצרני,,קרן כספית,2026-02-28,1551480000.0,פורסט,,False,False,0.0007000000000000001,0.001,10860.36,-0.0002999999999999999,-4654.439999999999,1
5141361,מור מחקה Nuclear Energy Industry iNDEX,Alternative / Renewable Energy,,"מניות בחו""ל",2026-02-28,23770000.0,מור,,True,False,0.0,0.0,0.0,0.0,0.0,0
5141387,"אי בי אי תיק מניות חו""ל עד 30% מט""ח","מניות כללי בחו""ל מוגנת מט""ח",,"מניות בחו""ל",2026-02-28,760000.0,אי.בי.אי,,False,False,0.006999999999999999,0.0035,53.199999999999996,0.003499999999999999,26.59999999999999,0
5141395,פורטה Quality Equity USA,"ארה""ב חשופת מט""ח",,"מניות בחו""ל",2026-02-28,240540000.0,סיגמא,פורטה,False,False,0.012,0.0035,28864.8,0.0085,20445.9,0
5141403,"קסם CME CF Bitcoin Reference Rate (BRRNY) KTF מנוטרלת מט""ח",Bitcoin,,נכסים דיגיטליים,2026-02-28,5660000.0,קסם,,True,False,0.005,0.0,283.0,0.005,283.0,0
5141411,מור מניות MID CAP ישראל,מניות Large & Mid Cap,,מניות בארץ,2026-02-28,44310000.0,מור,,False,False,0.0095,0.0035,4209.45,0.006,2658.6,0
5141429,תכלית TTF אינדקס שוק ההון ישראל,פיננסים,,מניות בארץ,2026-02-28,23840000.0,מיטב,,True,False,0.005,0.0,1192.0,0.005,1192.0,0
5141437,"מיטב ת""א 90 פי 3",ממונפות בסיכון גבוה,,ממונפות ואסטרטגיות,2026-02-28,2750000.0,מיטב,,False,False,0.015,0.0035,412.49999999999994,0.0115,316.25,0
5141445,איילון מניות ביטחוניות,מניות לפי ענפים,,מניות בארץ,2026-02-28,62410000.0,איילון,,False,False,0.008,0.0035,4992.8,0.0045000000000000005,2808.4500000000003,0
5141452,ילין לפידות כספית כשרה,כספית שקלית עם קונצרני,,קרן כספית,2026-02-28,260959999.99999997,ילין לפידות,,False,False,0.0012,0.001,3131.519999999999,0.00019999999999999987,521.9199999999996,1
5141460,הראל מחקה אינדקס לפדיון 2031 (מתגלגל כל 4 שנים),"אג""ח חברות שקלי וצמוד",,"אג""ח בארץ- חברות והמרה",2026-02-28,8050000.000000001,הראל,,True,False,0.0015,0.0,120.75000000000001,0.0015,120.75000000000001,0
5141478,"קסם KTF ת""א נדל""ן","נדל""ן ובנייה",,מניות בארץ,2026-02-28,6850000.0,קסם,,True,False,0.0,0.0,0.0,0.0,0.0,0
5141486,מיטב בנקים - ביטוח ושוק ההון,מניות לפי ענפים,,מניות בארץ,2026-02-28,7300000.0,מיטב,,False,False,0.0095,0.0035,693.4999999999999,0.006,438.0,0
5141494,קסם MarketVector Global Nuclear Energy Industry Index KTF מנוטרלת דולר,Alternative / Renewable Energy,,"מניות בחו""ל",2026-02-28,2900000.0,קסם,,True,False,0.006,0.0,174.0,0.006,174.0,0
5141502,ב. אלטרנטיב 30/70,"אג""ח כללי בארץ- עד 30% מניות",,"אג""ח בארץ - כללי",2026-02-28,10860000.0,איילון,בסט אלטרנטיב,False,False,0.0078000000000000005,0.0035,847.08,0.0043,466.98,0
5141510,"אקהאוס מניות חו""ל","מניות כללי בחו""ל חשופת מט""ח",,"מניות בחו""ל",2026-02-28,3230000.0,איילון,אקהאוס קפיטל,False,False,0.0175,0.0035,565.2500000000001,0.014000000000000002,452.20000000000005,0
5141528,פוקוס 50/50,"אג""ח כללי בארץ - חשיפה מרבית מעל 30% מניות",,"אג""ח בארץ - כללי",2026-02-28,23770000.0,איילון,פוקוס,False,False,0.0089,0.0035,2115.5299999999997,0.0054,1283.5800000000002,0
5141536,כרמים 30/70,"אג""ח כללי בארץ- עד 30% מניות",,"אג""ח בארץ - כללי",2026-02-28,16960000.0,איילון,כרמים,False,False,0.0085,0.0035,1441.6000000000001,0.005000000000000001,848.0000000000001,0
5141544,"סיגמא תיק אג""ח + 30%","אג""ח כללי בארץ- עד 30% מניות",,"אג""ח בארץ - כללי",2026-02-28,18080000.0,סיגמא,,False,False,0.0069,0.0035,1247.52,0.0034,614.72,0
5141551,גביש מניות ישראל,מניות All Cap,,מניות בארץ,2026-02-28,3050000.0,סיגמא,גביש פיננסים,False,False,0.018500000000000003,0.0035,564.2500000000001,0.015000000000000003,457.5000000000001,0
5141569,"אלטשולר שחם מחקה Nasdaq 100 מנוטרלת מט""ח",אמריקה- שווקים מפותחים,,"מניות בחו""ל",2026-02-28,2800000.0,אלטשולר שחם,,True,False,0.0,0.0,0.0,0.0,0.0,0
5141577,אילים מדינה צמודה פלוס,"אג""ח מדינה צמוד מדד- עד 10% מניות",,"אג""ח בארץ- מדינה",2026-02-28,6290000.0,אילים,,False,False,0.0059,0.0035,371.10999999999996,0.0024,150.95999999999998,0
5141585,תמיר פישמן 20/80,"אג""ח כללי בארץ- עד 20% מניות",,"אג""ח בארץ - כללי",2026-02-28,300000.0,תמיר פישמן,,False,False,0.0069,0.0035,20.7,0.0034,10.2,0
5141593,תמיר פישמן 30/70,"אג""ח כללי בארץ- עד 30% מניות",,"אג""ח בארץ - כללי",2026-02-28,650000.0,תמיר פישמן,,False,False,0.0069,0.0035,44.849999999999994,0.0034,22.1,0
5141601,תמיר פישמן גמישה,גמישות,,גמישות,2026-02-28,1870000.0,תמיר פישמן,,False,False,0.0149,0.0035,278.63,0.0114,213.18,0
5141619,מיטב מניות גלובלי כשרה,"מניות כללי בחו""ל חשופת מט""ח",,"מניות בחו""ל",2026-02-28,5100000.0,מיטב,,False,False,0.0095,0.0035,484.49999999999994,0.006,306.0,0
5141627,"תכלית LBMA Gold price AM TTF מנוטרלת מט""ח",סחורה,,סחורות,2026-02-28,52170000.0,מיטב,,True,False,0.0095,0.0,4956.15,0.0095,4956.15,0
5141635,אלטשולר שחם מחקה תל בונד-שקלי 5-15,בריבית קבועה - ארוך,,"אג""ח בארץ- חברות והמרה",2026-02-28,600000.0,אלטשולר שחם,,True,False,0.0,0.0,0.0,0.0,0.0,0
5141643,"סיגמא מניות ת""א 125",מניות Large & Mid Cap,,מניות בארץ,2026-02-28,2800000.0,סיגמא,,False,False,0.0125,0.0035,350.0,0.009000000000000001,252.00000000000003,0
5141650,סיגמא מניות ערך,מניות All Cap,,מניות בארץ,2026-02-28,5350000.0,סיגמא,,False,False,0.0125,0.0035,668.75,0.009000000000000001,481.50000000000006,0
5141668,"סיגמא אג""ח מדורג ללא מניות",חברות והמרה ללא מניות וללא סימן קריאה,,"אג""ח בארץ- חברות והמרה",2026-02-28,1190000.0,סיגמא,,False,False,0.006500000000000001,0.0035,77.35000000000001,0.0030000000000000005,35.7,0
5141676,תכלית S&P 500 Momentum TTF,אמריקה- שווקים מפותחים,,"מניות בחו""ל",2026-02-28,3240000.0,מיטב,,True,False,0.0025,0.0,81.0,0.0025,81.0,0
5141684,"תכלית S&P 500 Momentum TTF מנוטרלת מט""ח",אמריקה- שווקים מפותחים,,"מניות בחו""ל",2026-02-28,5090000.0,מיטב,,True,False,0.0025,0.0,127.25,0.0025,127.25,0
5141692,ברק כספית,כספית שקלית עם קונצרני,,קרן כספית,2026-02-28,96790000.0,ברק,,False,False,0.0,0.001,0.0,-0.001,-967.9000000000001,1
5141718,תכלית Quantum Computing Ecosystem iNDEX TTF,Technology,,"מניות בחו""ל",2026-02-28,27770000.0,מיטב,,True,False,0.008,0.0,2221.6000000000004,0.008,2221.6000000000004,0
5141726,קסם CME CF Ethereum Reference Rate (ETHUSDNY) KTF,Ethereum,,נכסים דיגיטליים,2026-02-28,540000.0,קסם,,True,False,0.005,0.0,27.0,0.005,27.0,0
5141734,קסם KTF אינדקס אג''ח תשואות 100-שקלי,בריבית קבועה,,"אג""ח בארץ- חברות והמרה",2026-02-28,60550000.0,קסם,,True,False,0.0022,0.0,1332.1000000000001,0.0022,1332.1000000000001,0
5141742,ילין לפידות מניות Mid Cap ישראל,מניות Large & Mid Cap,,מניות בארץ,2026-02-28,8660000.0,ילין לפידות,,False,False,0.0095,0.0035,822.6999999999999,0.006,519.6,0
5141759,"MTF מחקה משולבת ת""א-125 (50%) S&P 500 י(50%) חודשי מנוטרלת מט""ח",אחר,,אחר,2026-02-28,17010000.0,מגדל,,True,False,0.0,0.0,0.0,0.0,0.0,0
5141767,אנליסט תיק השקעות עד 50%,"אג""ח כללי בארץ - חשיפה מרבית מעל 30% מניות",,"אג""ח בארץ - כללי",2026-02-28,10280000.0,אנליסט,,False,False,0.0068000000000000005,0.0035,699.04,0.0033000000000000004,339.24,0
5141775,"הראל מחקה ת""א בטחוניות",תעשיה,,מניות בארץ,2026-02-28,303850000.0,הראל,,True,False,0.0034999999999999996,0.0,10634.749999999998,0.0034999999999999996,10634.749999999998,0
5141783,"הראל מחקה ת""א תשתיות",תשתיות,,מניות בארץ,2026-02-28,40230000.0,הראל,,True,False,0.0025,0.0,1005.75,0.0025,1005.75,0
5141791,סלע מניות ערך ישראל,מניות All Cap,,מניות בארץ,2026-02-28,3670000.0,איילון,סלע בית השקעות,False,False,0.0159,0.0035,583.5300000000001,0.012400000000000001,455.08000000000004,0
5141809,דולפין מניות Large & Mid Cap ישראל,מניות Large & Mid Cap,,מניות בארץ,2026-02-28,5600000.0,איילון,דולפין 1 השקעות,False,False,0.0159,0.0035,890.4000000000001,0.012400000000000001,694.4,0
5141817,"ATF מחקה אינדקס אג""ח ממשלת ארה""ב - מח""מ דינמי מנוטרלת מט""ח","ממשלתיות מנוטרלת מט""ח - ארוך",,"אג""ח בחו""ל",2026-02-28,2940000.0,אנליסט,,True,False,0.001,0.0,29.400000000000002,0.001,29.400000000000002,0
5141825,"יתרונות פיננסיים מניות חו""ל","מניות כללי בחו""ל חשופת מט""ח",,"מניות בחו""ל",2026-02-28,21210000.0,איילון,יתרונות פיננסיים,False,False,0.018000000000000002,0.0035,3817.8,0.014500000000000002,3075.4500000000007,0
5141833,תכלית TTFי Indxx Super Institutional Investors Holdings 13F מנוטרלת דולר,אמריקה- שווקים מפותחים,,"מניות בחו""ל",2026-02-28,8560000.0,מיטב,,True,False,0.006500000000000001,0.0,556.4000000000001,0.006500000000000001,556.4000000000001,0
5141841,ברק אולטרה נפט WTI פי 3,ממונפות בסיכון גבוה,,ממונפות ואסטרטגיות,2026-02-28,8310000.000000001,ברק,,False,False,0.018000000000000002,0.0035,1495.8000000000002,0.014500000000000002,1204.9500000000003,0
5141858,"אי בי אי מחקה S&P Ethereum מנוטרלת מט""ח",Ethereum,,נכסים דיגיטליים,2026-02-28,830000.0,אי.בי.אי,,True,False,0.005,0.0,41.5,0.005,41.5,0
5141866,"אי בי אי מחקה S&P Bitcoin מנוטרלת מט""ח",Bitcoin,,נכסים דיגיטליים,2026-02-28,2150000.0,אי.בי.אי,,True,False,0.002,0.0,43.0,0.002,43.0,0
5141874,"מור (!) אג""ח ללא מניות","אג""ח כללי בארץ ללא מניות עם סימן קריאה",,"אג""ח בארץ - כללי",2026-02-28,43650000.0,מור,,False,False,0.0069,0.0035,3011.85,0.0034,1484.1,0
5141882,תכלית TTF אינדקס תעשיות ביטחוניות ישראל,תעשיה,,מניות בארץ,2026-02-28,258279999.99999997,מיטב,,True,False,0.0034999999999999996,0.0,9039.799999999997,0.0034999999999999996,9039.799999999997,0
5141890,פלקון תיק השקעות גמיש,גמישות,,גמישות,2026-02-28,15210000.0,סיגמא,פלקון,False,False,0.0095,0.0035,1444.9499999999998,0.006,912.6,0
5141908,"MTF מחקה ת""א-125 אקלים נקי מדלקים פוסיליים",Large & Mid Cap,,מניות בארץ,2026-02-28,54290000.0,מגדל,,True,False,0.002,0.0,1085.8000000000002,0.002,1085.8000000000002,0
5141916,MTF מחקה (S&P Israel 70 MidCap (ILS,Mid Cap,,מניות בארץ,2026-02-28,870000.0,מגדל,,True,False,0.0,0.0,0.0,0.0,0.0,0
5141924,MTF מחקה (S&P Israel 30 LargeCap (ILS,Large Cap,,מניות בארץ,2026-02-28,5740000.0,מגדל,,True,False,0.0,0.0,0.0,0.0,0.0,0
5141932,אלפי בנדק תיק השקעות עד 50%,"אג""ח כללי בארץ - חשיפה מרבית מעל 30% מניות",,"אג""ח בארץ - כללי",2026-02-28,7030000.0,הראל,אלפי בנדק,False,False,0.0085,0.0035,597.5500000000001,0.005000000000000001,351.50000000000006,0
5141940,פורצ'ן 30/70,"אג""ח כללי בארץ- עד 30% מניות",,"אג""ח בארץ - כללי",2026-02-28,18700000.0,איילון,פורצ'ן,False,False,0.0089,0.0035,1664.3,0.0054,1009.8000000000001,0
5141957,קסם KTF (!) אינדקס Bullet ישראל 2035,"אג""ח חברות שקלי וצמוד",,"אג""ח בארץ- חברות והמרה",2026-02-28,9300000.0,קסם,,True,False,0.0022,0.0,204.60000000000002,0.0022,204.60000000000002,0
5141965,קסם KTF (!) אינדקס Bullet ישראל 2034,"אג""ח חברות שקלי וצמוד",,"אג""ח בארץ- חברות והמרה",2026-02-28,18630000.0,קסם,,True,False,0.0022,0.0,409.86000000000007,0.0022,409.86000000000007,0
5141973,קסם KTF (!) אינדקס Bullet ישראל 2033,"אג""ח חברות שקלי וצמוד",,"אג""ח בארץ- חברות והמרה",2026-02-28,12420000.0,קסם,,True,False,0.0022,0.0,273.24,0.0022,273.24,0
5141981,"MTF מחקה ת""א - בנייה","נדל""ן ובנייה",,מניות בארץ,2026-02-28,1150000.0,מגדל,,True,False,0.0,0.0,0.0,0.0,0.0,0
5142013,אי בי אי מחקה אינדקס מבטחי משנה גלובלי מנוטרלת דולר,Financial,,"מניות בחו""ל",2026-02-28,6990000.0,אי.בי.אי,,True,False,0.004,0.0,279.6,0.004,279.6,0
5142021,"הראל מחקה ת""א נדל""ן-35","נדל""ן ובנייה",,מניות בארץ,2026-02-28,4650000.0,הראל,,True,False,0.0,0.0,0.0,0.0,0.0,0
5142039,"תכלית TTF ת""א נדל""ן-35","נדל""ן ובנייה",,מניות בארץ,2026-02-28,5840000.0,מיטב,,True,False,0.0,0.0,0.0,0.0,0.0,0
5142047,MTF מחקה Indxx US Industrial Electrification Ecosystem,Industrials,,"מניות בחו""ל",2026-02-28,30950000.0,מגדל,,True,False,0.008,0.0,2476.0,0.008,2476.0,0
5142054,MTF מחקה Crypto Ecosystem iNDEX,Technology,,"מניות בחו""ל",2026-02-28,1690000.0,מגדל,,True,False,0.008,0.0,135.20000000000002,0.008,135.20000000000002,0
5142070,MTF מחקה Indxx US Quantum Computing Ecosystem,Technology,,"מניות בחו""ל",2026-02-28,1470000.0,מגדל,,True,False,0.008,0.0,117.60000000000001,0.008,117.60000000000001,0
5142088,קסם KTFי MarketVector תעשיות בטחוניות ישראליות,שילוב ענפים,,מניות בארץ,2026-02-28,108070000.0,קסם,,True,False,0.002,0.0,2161.4,0.002,2161.4,0
5142096,"קסם KTFי LBMA GOLD PRICE PM USD מנוטרלת מט""ח",סחורה,,סחורות,2026-02-28,4130000.0,קסם,,True,False,0.0095,0.0,392.34999999999997,0.0095,392.34999999999997,0
5142104,קסם KTF תל בונד שקלי A,בריבית קבועה,,"אג""ח בארץ- חברות והמרה",2026-02-28,1860000.0,קסם,,True,False,0.0,0.0,0.0,0.0,0.0,0
5142112,קסם KTF תל בונד שקלי 5-15,בריבית קבועה - ארוך,,"אג""ח בארץ- חברות והמרה",2026-02-28,8340000.0,קסם,,True,False,0.0,0.0,0.0,0.0,0.0,0
5142120,קסם KTF תל בונד צמודות 5-15,בריבית קבועה - ארוך,,"אג""ח בארץ- חברות והמרה",2026-02-28,3890000.0,קסם,,True,False,0.0,0.0,0.0,0.0,0.0,0
5142187,"הראל מחקה ת""א-בנקים וביטוח משקל שווה",שילוב ענפים,,מניות בארץ,2026-02-28,3400000.0,הראל,,True,False,0.003,0.0,102.0,0.003,102.0,0
5142195,"קסם iBoxx $ Treasuries 10Y + KTF מנוטרלת מט""ח","ממשלתיות מנוטרלת מט""ח - ארוך",,"אג""ח בחו""ל",2026-02-28,15380000.0,קסם,,True,False,0.002,0.0,307.6,0.002,307.6,0
5142211,דרך 10/90 כשרה,"אג""ח כללי בארץ- עד 10% מניות ללא סימן קריאה",,"אג""ח בארץ - כללי",2026-02-28,1060000.0,סיגמא,דרך אינבסט,False,False,0.008,0.0035,84.80000000000001,0.0045000000000000005,47.7,0
5142229,דרך מניות ישראל כשרה,מניות All Cap,,מניות בארץ,2026-02-28,1200000.0,סיגמא,דרך אינבסט,False,False,0.018500000000000003,0.0035,222.00000000000003,0.015000000000000003,180.00000000000006,0
5142294,מיטב מניות יתר,מניות Small Cap,,מניות בארץ,2026-02-28,170000.0,מיטב,,False,False,0.012,0.0035,20.400000000000002,0.0085,14.450000000000001,0
5231030,הראל שקלית קונצרני פלוס,חברות והמרה שקלי עם מניות,,"אג""ח בארץ- חברות והמרה",2026-02-28,44610000.0,הראל,,False,False,0.0055000000000000005,0.0035,2453.55,0.0020000000000000005,892.2000000000003,0
5231055,"הראל (!) נבחרת אג""ח","אג""ח כללי בארץ ללא מניות עם סימן קריאה",,"אג""ח בארץ - כללי",2026-02-28,108200000.0,הראל,,False,False,0.0058,0.0035,6275.599999999999,0.0022999999999999995,2488.5999999999995,0
5231097,הראל כספית דולרית,חשופת דולר,,קרן כספית,2026-02-28,43080000.0,הראל,,False,False,0.0078000000000000005,0.001,3360.24,0.0068000000000000005,2929.44,1
5520044,מיטב סקיי השקעות,גמישות,,גמישות,2026-02-28,247090000.0,מיטב,,False,False,0.015,0.0035,37063.5,0.0115,28415.350000000002,0
