FundBno,ShortName,SubClass,MainClass,SuperClass,eom,fdAUM,ManagerCmp,Manager_ext,IsTracking,IsKerenSal,ManagerFee,DistClassificationVal,Revenues,Net_Fees,Net_Revenues,Is_Caspit
1142538,איביאי טכנולוגיה עילית,קרן טכנולוגיה עילית,,קרן טכנולוגיה עילית,2026-01-31,503160000.0,אי.בי.אי,,True,True,0.013000000000000001,0.0,65410.80000000001,0.013000000000000001,65410.80000000001,0
1143700,"תכלית סל ת""א 35",Large Cap,,מניות בארץ,2026-01-31,2579370000.0,מיטב,,True,True,0.0025,0.0,64484.25,0.0025,64484.25,0
1143718,"תכלית סל ת""א 125",Large & Mid Cap,,מניות בארץ,2026-01-31,6852160000.0,מיטב,,True,True,0.0025,0.0,171304.0,0.0025,171304.0,0
1143726,תכלית סל אינדקס בנקים ישראל,בנקאות ואשראי חוץ בנקאי,,מניות בארץ,2026-01-31,4331730000.0,מיטב,,True,True,0.006,0.0,259903.80000000002,0.006,259903.80000000002,0
1143734,"תכלית סל NASDAQ 100 מנוטרלת מט""ח",אמריקה- שווקים מפותחים,,"מניות בחו""ל",2026-01-31,1173730000.0,מיטב,,True,True,0.008,0.0,93898.40000000001,0.008,93898.40000000001,0
1143742,"תכלית סל Hang Seng China מנוטרלת מט""ח",אסיה ופסיפיק- שווקים מתעוררים,,"מניות בחו""ל",2026-01-31,7370000.0,מיטב,,True,True,0.015,0.0,1105.5,0.015,1105.5,0
1143767,"תכלית סל EURO STOXX 50 מנוטרלת מט""ח",אירופה- כללי,,"מניות בחו""ל",2026-01-31,66790000.00000001,מיטב,,True,True,0.008,0.0,5343.200000000001,0.008,5343.200000000001,0
1143783,"תכלית סל ת""א 90",Mid Cap,,מניות בארץ,2026-01-31,2847840000.0,מיטב,,True,True,0.006,0.0,170870.4,0.006,170870.4,0
1143791,תכלית סל תל בונד 20 צמודות,בריבית קבועה,,"אג""ח בארץ- חברות והמרה",2026-01-31,650320000.0,מיטב,,True,True,0.0025,0.0,16258.0,0.0025,16258.0,0
1143817,"תכלית סל S&P 500 מנוטרלת מט""ח",אמריקה- שווקים מפותחים,,"מניות בחו""ל",2026-01-31,1453700000.0,מיטב,,True,True,0.008,0.0,116296.00000000001,0.008,116296.00000000001,0
1143825,"תכלית סל DAX מנוטרלת מט""ח",אירופה- שווקים מפותחים,,"מניות בחו""ל",2026-01-31,195620000.0,מיטב,,True,True,0.008,0.0,15649.600000000002,0.008,15649.600000000002,0
1143833,תכלית סל STOXX Europe 600 מנוטרלת אירו,אירופה- כללי,,"מניות בחו""ל",2026-01-31,164120000.0,מיטב,,True,True,0.008,0.0,13129.6,0.008,13129.6,0
1143841,תכלית סל S&P Financial,Financial,,"מניות בחו""ל",2026-01-31,13780000.0,מיטב,,True,True,0.0045000000000000005,0.0,620.1,0.0045000000000000005,620.1,0
1143858,"תכלית סל S&P Industrial מנוטרלת מט""ח",Industrials,,"מניות בחו""ל",2026-01-31,38870000.0,מיטב,,True,True,0.008,0.0,3109.6000000000004,0.008,3109.6000000000004,0
1143866,תכלית סל MSCI World מנוטרלת דולר,גלובלי- שווקים מפותחים,,"מניות בחו""ל",2026-01-31,43670000.0,מיטב,,True,True,0.008,0.0,3493.6000000000004,0.008,3493.6000000000004,0
1143882,"תכלית סל משולבת S&P Consumer י(50%) S&P Staples י(50%) מנוטרלת מט""ח חודשי","מניות בחו""ל קרן משולבת",,"מניות בחו""ל",2026-01-31,14310000.0,מיטב,,True,True,0.0,0.0,0.0,0.0,0.0,0
1143957,תכלית סל S&P Consumer Discretionary,Consumer Discretionary,,"מניות בחו""ל",2026-01-31,16460000.0,מיטב,,True,True,0.006999999999999999,0.0,1152.1999999999998,0.006999999999999999,1152.1999999999998,0
1143965,"תכלית סל S&P Technology מנוטרלת מט""ח",Technology,,"מניות בחו""ל",2026-01-31,35560000.0,מיטב,,True,True,0.006,0.0,2133.6,0.006,2133.6,0
1143981,תכלית סל S&P Consumer Staples,Consumer Staples,,"מניות בחו""ל",2026-01-31,10820000.0,מיטב,,True,True,0.006,0.0,649.2,0.006,649.2,0
1143999,תכלית סל S&P Health Care,Health Care,,"מניות בחו""ל",2026-01-31,14140000.0,מיטב,,True,True,0.005,0.0,707.0,0.005,707.0,0
1144013,תכלית סל תל בונד מאגר,"אג""ח חברות שקלי וצמוד",,"אג""ח בארץ- חברות והמרה",2026-01-31,1136320000.0,מיטב,,True,True,0.0025,0.0,28408.0,0.0025,28408.0,0
1144054,"תכלית סל CAC 40 מנוטרלת מט""ח",אירופה- שווקים מפותחים,,"מניות בחו""ל",2026-01-31,8029999.999999999,מיטב,,True,True,0.008,0.0,642.4,0.008,642.4,0
1144070,תכלית סל All-Bond ריבית משתנה שקלי,"אג""ח בארץ כללי",,"אג""ח בארץ כללי",2026-01-31,4830000.0,מיטב,,True,True,0.002,0.0,96.60000000000001,0.002,96.60000000000001,0
1144104,תכלית סל DAX,אירופה- שווקים מפותחים,,"מניות בחו""ל",2026-01-31,23420000.0,מיטב,,True,True,0.006,0.0,1405.2,0.006,1405.2,0
1144112,תכלית סל MSCI India,אסיה ופסיפיק- שווקים מתעוררים,,"מניות בחו""ל",2026-01-31,17430000.0,מיטב,,True,True,0.012,0.0,2091.6,0.012,2091.6,0
1144161,"תכלית סל ת""א פיננסים",פיננסים,,מניות בארץ,2026-01-31,243670000.0,מיטב,,True,True,0.005,0.0,12183.5,0.005,12183.5,0
1144237,תכלית סל MSCI AC World,"מניות גלובליות - חשופת מט""ח",,"מניות בחו""ל",2026-01-31,296740000.0,מיטב,,True,True,0.01,0.0,29674.0,0.01,29674.0,0
1144252,תכלית סל ISE Cyber Security,Cyber Security,,"מניות בחו""ל",2026-01-31,89300000.0,מיטב,,True,True,0.006,0.0,5358.0,0.006,5358.0,0
1144260,תכלית סל (!) תל בונד תשואות שקל,בריבית קבועה,,"אג""ח בארץ- חברות והמרה",2026-01-31,304730000.0,מיטב,,True,True,0.002,0.0,6094.6,0.002,6094.6,0
1144278,תכלית סל S&P Energy,Energy,,"מניות בחו""ל",2026-01-31,9740000.0,מיטב,,True,True,0.0034999999999999996,0.0,340.9,0.0034999999999999996,340.9,0
1144310,תכלית סל S&P Aerospace & Defense,Aerospace & Defense,,"מניות בחו""ל",2026-01-31,130360000.00000001,מיטב,,True,True,0.006,0.0,7821.600000000001,0.006,7821.600000000001,0
1144336,תכלית סל MSCI AC World מנוטרלת דולר,"מניות גלובליות - מנוטרלת מט""ח",,"מניות בחו""ל",2026-01-31,294300000.0,מיטב,,True,True,0.006,0.0,17658.0,0.006,17658.0,0
1144377,תכלית סל (!) תל בונד גלובל שקלי,בריבית קבועה,,"אג""ח בארץ- חברות והמרה",2026-01-31,158230000.0,מיטב,,True,True,0.002,0.0,3164.6000000000004,0.002,3164.6000000000004,0
1144385,תכלית סל S&P 500,אמריקה- שווקים מפותחים,,"מניות בחו""ל",2026-01-31,8268260000.0,מיטב,,True,True,0.006999999999999999,0.0,578778.2,0.006999999999999999,578778.2,0
1144401,תכלית סל NASDAQ 100,אמריקה- שווקים מפותחים,,"מניות בחו""ל",2026-01-31,800260000.0,מיטב,,True,True,0.006999999999999999,0.0,56018.2,0.006999999999999999,56018.2,0
1144419,תכלית סל NIKKEI 225,אסיה ופסיפיק- שווקים מפותחים,,"מניות בחו""ל",2026-01-31,134840000.0,מיטב,,True,True,0.006999999999999999,0.0,9438.8,0.006999999999999999,9438.8,0
1144427,תכלית סל EURO STOXX 50,אירופה- כללי,,"מניות בחו""ל",2026-01-31,31090000.0,מיטב,,True,True,0.006,0.0,1865.4,0.006,1865.4,0
1144450,תכלית סל MSCI Emerging Markets,גלובלי- שווקים מתעוררים,,"מניות בחו""ל",2026-01-31,94410000.0,מיטב,,True,True,0.0055000000000000005,0.0,5192.550000000001,0.0055000000000000005,5192.550000000001,0
1144468,"תכלית סל NIKKEI 225 מנוטרלת מט""ח",אסיה ופסיפיק- שווקים מפותחים,,"מניות בחו""ל",2026-01-31,75190000.0,מיטב,,True,True,0.0095,0.0,7143.049999999999,0.0095,7143.049999999999,0
1144484,תכלית סל Russell 2000,אמריקה- שווקים מפותחים,,"מניות בחו""ל",2026-01-31,102380000.0,מיטב,,True,True,0.006,0.0,6142.8,0.006,6142.8,0
1144518,"תכלית סל משולבת מניות ארה""ב חודשי","מניות בחו""ל קרן משולבת",,"מניות בחו""ל",2026-01-31,151720000.0,מיטב,,True,True,0.0,0.0,0.0,0.0,0.0,0
1144526,תכלית סל NASDAQ Biotechnology,Biotechnology,,"מניות בחו""ל",2026-01-31,34150000.0,מיטב,,True,True,0.012,0.0,4098.0,0.012,4098.0,0
1144534,תכלית סל חוזה Bloomberg Brent Crude,סחורה,,סחורות,2026-01-31,10800000.0,מיטב,,True,True,0.015,0.0,1619.9999999999998,0.015,1619.9999999999998,0
1144542,תכלית סל חוזה Bloomberg Silver,סחורה,,סחורות,2026-01-31,144270000.0,מיטב,,True,True,0.015,0.0,21640.499999999996,0.015,21640.499999999996,0
1144559,"תכלית סל ת""א נדל""ן","נדל""ן ובנייה",,מניות בארץ,2026-01-31,214530000.0,מיטב,,True,True,0.0045000000000000005,0.0,9653.85,0.0045000000000000005,9653.85,0
1144575,"תכלית סל ת""א צמיחה",Small Cap,,מניות בארץ,2026-01-31,86380000.0,מיטב,,True,True,0.01,0.0,8638.0,0.01,8638.0,0
1144591,תכלית סל תל גוב-צמודות 0-2,צמודות מדד ממשלתיות - קצר,,"אג""ח בארץ- מדינה",2026-01-31,26500000.0,מיטב,,True,True,0.0015,0.0,397.5,0.0015,397.5,0
1144609,תכלית סל תל גוב-שקלי 0-2,ריבית קבועה  - קצר,,"אג""ח בארץ- מדינה",2026-01-31,17360000.0,מיטב,,True,True,0.0015,0.0,260.40000000000003,0.0015,260.40000000000003,0
1144633,"תכלית סל תל גוב-מק""מ","מק""מ",,"אג""ח בארץ- מדינה",2026-01-31,27620000.0,מיטב,,True,True,0.0,0.0,0.0,0.0,0.0,0
1144658,"תכלית סל ממונפת ת""א 35 פי 2 חודשי",מניות בארץ,,ממונפות,2026-01-31,27450000.0,מיטב,,True,True,0.015,0.0,4117.5,0.015,4117.5,0
1144666,תכלית סל LBMA Gold Price AM,סחורה,,סחורות,2026-01-31,93850000.0,מיטב,,True,True,0.015,0.0,14077.499999999998,0.015,14077.499999999998,0
1144690,תכלית סל תל בונד צמודות-יתר,בריבית קבועה,,"אג""ח בארץ- חברות והמרה",2026-01-31,254460000.0,מיטב,,True,True,0.002,0.0,5089.200000000001,0.002,5089.200000000001,0
1144708,"תכלית סל ממונפת ת""א 35 פי 3 חודשי",מניות בארץ,,ממונפות,2026-01-31,214540000.0,מיטב,,True,True,0.0125,0.0,26817.5,0.0125,26817.5,0
1144716,"תכלית סל ממונפת בחסר ת""א 35 פי 2 חודשי",מניות בארץ,,ממונפות,2026-01-31,7930000.0,מיטב,,True,True,0.015,0.0,1189.5,0.015,1189.5,0
1144724,תכלית סל STOXX Europe 600,אירופה- כללי,,"מניות בחו""ל",2026-01-31,53450000.0,מיטב,,True,True,0.006,0.0,3207.0,0.006,3207.0,0
1144807,"תכלית סל ת""א נפט וגז","נפט, גז ואנרגיה",,מניות בארץ,2026-01-31,333290000.0,מיטב,,True,True,0.005,0.0,16664.5,0.005,16664.5,0
1144823,תכלית סל תל בונד צמודות בנקים ללא COCO,בריבית קבועה,,"אג""ח בארץ- חברות והמרה",2026-01-31,140820000.0,מיטב,,True,True,0.002,0.0,2816.4,0.002,2816.4,0
1144831,"תכלית סל DJ Internet Composite מנוטרלת מט""ח",Internet,,"מניות בחו""ל",2026-01-31,43410000.0,מיטב,,True,True,0.008,0.0,3472.8,0.008,3472.8,0
1144849,"תכלית סל S&P Financial מנוטרלת מט""ח",Financial,,"מניות בחו""ל",2026-01-31,29630000.0,מיטב,,True,True,0.005,0.0,1481.5,0.005,1481.5,0
1144856,"תכלית סל FTSE 250 מנוטרלת מט""ח",אירופה- שווקים מפותחים,,"מניות בחו""ל",2026-01-31,11560000.0,מיטב,,True,True,0.01,0.0,1156.0,0.01,1156.0,0
1144906,תכלית סל S&P 500 Dividend Aristocrats,אמריקה- שווקים מפותחים,,"מניות בחו""ל",2026-01-31,33380000.000000004,מיטב,,True,True,0.006999999999999999,0.0,2336.6,0.006999999999999999,2336.6,0
1144914,"תכלית סל S&P 500 Dividend Aristocrats מנוטרלת מט""ח",אמריקה- שווקים מפותחים,,"מניות בחו""ל",2026-01-31,32640000.0,מיטב,,True,True,0.009000000000000001,0.0,2937.6000000000004,0.009000000000000001,2937.6000000000004,0
1144948,"תכלית סל IPOX 100 US מנוטרלת מט""ח",אמריקה- שווקים מפותחים,,"מניות בחו""ל",2026-01-31,24850000.0,מיטב,,True,True,0.0125,0.0,3106.25,0.0125,3106.25,0
1144955,"תכלית סל S&P MidCap 400 מנוטרלת מט""ח",אמריקה- שווקים מפותחים,,"מניות בחו""ל",2026-01-31,32400000.0,מיטב,,True,True,0.009000000000000001,0.0,2916.0,0.009000000000000001,2916.0,0
1144971,תכלית סל תל גוב-לא צמודות,שקליות ממשלתיות -  אחר,,"אג""ח בארץ- מדינה",2026-01-31,106460000.0,מיטב,,True,True,0.0015,0.0,1596.9,0.0015,1596.9,0
1144997,תכלית סל משולבת אגח ממשלתי (80%) מניות חול (20%) חודשי,"אג""ח מדינה משולבת - חשיפה מרבית מעל 10% מניות",,"אג""ח בארץ- מדינה",2026-01-31,16290000.0,מיטב,,True,True,0.006999999999999999,0.0,1140.3,0.006999999999999999,1140.3,0
1145036,תכלית סל תל דיב,All Cap,,מניות בארץ,2026-01-31,86910000.0,מיטב,,True,True,0.005,0.0,4345.5,0.005,4345.5,0
1145044,"תכלית סל ת""א SME60",Mid  & Small Cap,,מניות בארץ,2026-01-31,214200000.0,מיטב,,True,True,0.01,0.0,21420.0,0.01,21420.0,0
1145085,תכלית סל תל גוב-צמודות 2-5,צמודות מדד ממשלתיות - בינוני,,"אג""ח בארץ- מדינה",2026-01-31,64160000.0,מיטב,,True,True,0.0015,0.0,962.4,0.0015,962.4,0
1145093,תכלית סל תל בונד 40 צמודות,בריבית קבועה,,"אג""ח בארץ- חברות והמרה",2026-01-31,138950000.0,מיטב,,True,True,0.002,0.0,2779.0,0.002,2779.0,0
1145101,תכלית סל תל בונד 60 צמודות,בריבית קבועה,,"אג""ח בארץ- חברות והמרה",2026-01-31,1430450000.0,מיטב,,True,True,0.0025,0.0,35761.25,0.0025,35761.25,0
1145127,"תכלית סל FTSE 100 מנוטרלת מט""ח",אירופה- שווקים מפותחים,,"מניות בחו""ל",2026-01-31,12000000.0,מיטב,,True,True,0.013000000000000001,0.0,1560.0000000000002,0.013000000000000001,1560.0000000000002,0
1145150,תכלית סל תל גוב-שקלי 2-5,ריבית קבועה  - בינוני,,"אג""ח בארץ- מדינה",2026-01-31,45590000.0,מיטב,,True,True,0.0015,0.0,683.85,0.0015,683.85,0
1145168,תכלית סל תל גוב-שקלי 5+,ריבית קבועה - ארוך,,"אג""ח בארץ- מדינה",2026-01-31,51240000.0,מיטב,,True,True,0.0015,0.0,768.6,0.0015,768.6,0
1145176,תכלית סל תל גוב-צמודות 5-10,צמודות מדד ממשלתיות - ארוך,,"אג""ח בארץ- מדינה",2026-01-31,18200000.0,מיטב,,True,True,0.0015,0.0,273.0,0.0015,273.0,0
1145184,תכלית סל תל בונד שקלי,בריבית קבועה,,"אג""ח בארץ- חברות והמרה",2026-01-31,1287430000.0,מיטב,,True,True,0.0025,0.0,32185.75,0.0025,32185.75,0
1145234,"תכלית סל Russell 2000 מנוטרלת מט""ח",אמריקה- שווקים מפותחים,,"מניות בחו""ל",2026-01-31,245810000.0,מיטב,,True,True,0.006999999999999999,0.0,17206.699999999997,0.006999999999999999,17206.699999999997,0
1145242,"תכלית סל משולבת מניות חול מנוטרלת מט""ח חודשי","מניות בחו""ל קרן משולבת",,"מניות בחו""ל",2026-01-31,600870000.0,מיטב,,True,True,0.0,0.0,0.0,0.0,0.0,0
1145259,תכלית סל (!) תל בונד-תשואות צמודות,בריבית קבועה,,"אג""ח בארץ- חברות והמרה",2026-01-31,456490000.0,מיטב,,True,True,0.002,0.0,9129.800000000001,0.002,9129.800000000001,0
1145283,תכלית סל MDAX,אירופה- שווקים מפותחים,,"מניות בחו""ל",2026-01-31,5690000.0,מיטב,,True,True,0.006500000000000001,0.0,369.85,0.006500000000000001,369.85,0
1145309,"תכלית סל MDAX מנוטרלת מט""ח",אירופה- שווקים מפותחים,,"מניות בחו""ל",2026-01-31,13340000.0,מיטב,,True,True,0.0085,0.0,1133.9,0.0085,1133.9,0
1145333,"תכלית סל S&P Health Care מנוטרלת מט""ח",Health Care,,"מניות בחו""ל",2026-01-31,11540000.0,מיטב,,True,True,0.008,0.0,923.2,0.008,923.2,0
1145713,קסם Russell 2000 ETF,אמריקה- שווקים מפותחים,,"מניות בחו""ל",2026-01-31,100600000.0,קסם,,True,True,0.004699999999999999,0.0,4728.199999999999,0.004699999999999999,4728.199999999999,0
1145739,קסם ETF תל גוב-צמודות 5-10,צמודות מדד ממשלתיות - ארוך,,"אג""ח בארץ- מדינה",2026-01-31,101110000.0,קסם,,True,True,0.0015,0.0,1516.65,0.0015,1516.65,0
1145747,קסם MSCI India (!) ETF,אסיה ופסיפיק- שווקים מתעוררים,,"מניות בחו""ל",2026-01-31,443680000.0,קסם,,True,True,0.01,0.0,44368.0,0.01,44368.0,0
1145754,קסם KOSPI 200 (!) ETF,אסיה ופסיפיק- שווקים מפותחים,,"מניות בחו""ל",2026-01-31,200270000.0,קסם,,True,True,0.006,0.0,12016.2,0.006,12016.2,0
1145804,קסם MSCI World ETF,גלובלי- שווקים מפותחים,,"מניות בחו""ל",2026-01-31,53360000.0,קסם,,True,True,0.0083,0.0,4428.88,0.0083,4428.88,0
1145812,קסם MSCI Emerging Markets ETF,גלובלי- שווקים מתעוררים,,"מניות בחו""ל",2026-01-31,613530000.0,קסם,,True,True,0.011399999999999999,0.0,69942.42,0.011399999999999999,69942.42,0
1145820,קסם LBMA Gold Price PM USD ETF,סחורה,,סחורות,2026-01-31,101850000.0,קסם,,True,True,0.0148,0.0,15073.800000000001,0.0148,15073.800000000001,0
1145838,קסם MSCI AC Far East EX Japan ETF,אסיה ופסיפיק- כללי,,"מניות בחו""ל",2026-01-31,28840000.0,קסם,,True,True,0.0095,0.0,2739.7999999999997,0.0095,2739.7999999999997,0
1145879,קסם DJ Health Care Titans 30 ETF,Health Care,,"מניות בחו""ל",2026-01-31,49660000.0,קסם,,True,True,0.01,0.0,4966.0,0.01,4966.0,0
1145887,קסם ISE Clean Edge Water ETF,Cleantech,,"מניות בחו""ל",2026-01-31,23890000.0,קסם,,True,True,0.008,0.0,1911.2,0.008,1911.2,0
1145903,קסם S&P Energy ETF,Energy,,"מניות בחו""ל",2026-01-31,54320000.0,קסם,,True,True,0.0028000000000000004,0.0,1520.9600000000003,0.0028000000000000004,1520.9600000000003,0
1145911,קסם ETF תל דיב,All Cap,,מניות בארץ,2026-01-31,84280000.0,קסם,,True,True,0.0053,0.0,4466.84,0.0053,4466.84,0
1145929,קסם ETF חוזה Bloomberg Brent Crude,סחורה,,סחורות,2026-01-31,29930000.0,קסם,,True,True,0.015,0.0,4489.5,0.015,4489.5,0
1145945,"קסם NIKKEI 225 ETF מנוטרלת מט""ח",אסיה ופסיפיק- שווקים מפותחים,,"מניות בחו""ל",2026-01-31,68400000.0,קסם,,True,True,0.0123,0.0,8413.2,0.0123,8413.2,0
1145952,"קסם EURO STOXX 50 ETF מנוטרלת מט""ח",אירופה- כללי,,"מניות בחו""ל",2026-01-31,107050000.0,קסם,,True,True,0.0068000000000000005,0.0,7279.4,0.0068000000000000005,7279.4,0
1145960,קסם ETF תל בונד 20 צמודות,בריבית קבועה,,"אג""ח בארץ- חברות והמרה",2026-01-31,1118450000.0,קסם,,True,True,0.0025,0.0,27961.25,0.0025,27961.25,0
1145994,"קסם ETF ת""א צמיחה",Small Cap,,מניות בארץ,2026-01-31,21710000.0,קסם,,True,True,0.01,0.0,2171.0,0.01,2171.0,0
1146000,קסם STOXX Europe MID 200 ETF,אירופה- כללי,,"מניות בחו""ל",2026-01-31,9280000.0,קסם,,True,True,0.009000000000000001,0.0,835.2,0.009000000000000001,835.2,0
1146042,קסם ETF חסר תל בונד 20 צמודות (574),"אג""ח בארץ",,ממונפות,2026-01-31,3260000.0,קסם,,True,True,0.005,0.0,163.0,0.005,163.0,0
1146059,"קסם ETF ממונפת בחסר ת""א 35 פי 2 חודשי",מניות בארץ,,ממונפות,2026-01-31,28330000.0,קסם,,True,True,0.0275,0.0,7790.750000000001,0.0275,7790.750000000001,0
1146067,קסם DJ US Dividend ETF,אמריקה- שווקים מפותחים,,"מניות בחו""ל",2026-01-31,95940000.0,קסם,,True,True,0.011399999999999999,0.0,10937.16,0.011399999999999999,10937.16,0
1146091,קסם IBOVESPA (!) ETF,אמריקה- שווקים מתעוררים,,"מניות בחו""ל",2026-01-31,16489999.999999998,קסם,,True,True,0.01,0.0,1649.0,0.01,1649.0,0
1146125,"קסם ETF ת""א-ביטוח",ביטוח,,מניות בארץ,2026-01-31,646570000.0,קסם,,True,True,0.006500000000000001,0.0,42027.05,0.006500000000000001,42027.05,0
1146133,קסם ETF תל גוב-צמודות 0-2,צמודות מדד ממשלתיות - קצר,,"אג""ח בארץ- מדינה",2026-01-31,17110000.0,קסם,,True,True,0.0015,0.0,256.65000000000003,0.0015,256.65000000000003,0
1146141,"קסם NASDAQ US BuyBack Achievers ETF מנוטרלת מט""ח",אמריקה- שווקים מפותחים,,"מניות בחו""ל",2026-01-31,56390000.0,קסם,,True,True,0.0108,0.0,6090.120000000001,0.0108,6090.120000000001,0
1146158,קסם ETF תל גוב-צמודות 2-5,צמודות מדד ממשלתיות - בינוני,,"אג""ח בארץ- מדינה",2026-01-31,102420000.0,קסם,,True,True,0.0015,0.0,1536.3,0.0015,1536.3,0
1146166,קסם ETF תל גוב-שקלי 0-2,ריבית קבועה  - קצר,,"אג""ח בארץ- מדינה",2026-01-31,28320000.0,קסם,,True,True,0.0,0.0,0.0,0.0,0.0,0
1146174,קסם ETF תל גוב-שקלי 5+,ריבית קבועה - ארוך,,"אג""ח בארץ- מדינה",2026-01-31,54760000.0,קסם,,True,True,0.0015,0.0,821.4,0.0015,821.4,0
1146182,קסם STOXX Europe 600 ETF מנוטרלת אירו,אירופה- כללי,,"מניות בחו""ל",2026-01-31,108020000.0,קסם,,True,True,0.009300000000000001,0.0,10045.86,0.009300000000000001,10045.86,0
1146190,קסם ETF תל גוב-שקלי 2-5,ריבית קבועה  - בינוני,,"אג""ח בארץ- מדינה",2026-01-31,71920000.0,קסם,,True,True,0.0015,0.0,1078.8,0.0015,1078.8,0
1146208,קסם STOXX Europe 600 ETF,אירופה- כללי,,"מניות בחו""ל",2026-01-31,261380000.0,קסם,,True,True,0.0073,0.0,19080.739999999998,0.0073,19080.739999999998,0
1146216,קסם ETF תל בונד 40 צמודות,בריבית קבועה,,"אג""ח בארץ- חברות והמרה",2026-01-31,137730000.0,קסם,,True,True,0.0025,0.0,3443.25,0.0025,3443.25,0
1146224,קסם NASDAQ US BuyBack Achievers ETF,אמריקה- שווקים מפותחים,,"מניות בחו""ל",2026-01-31,67810000.0,קסם,,True,True,0.0078000000000000005,0.0,5289.18,0.0078000000000000005,5289.18,0
1146232,קסם ETF תל בונד 60 צמודות,בריבית קבועה,,"אג""ח בארץ- חברות והמרה",2026-01-31,858590000.0,קסם,,True,True,0.0025,0.0,21464.75,0.0025,21464.75,0
1146240,קסם STOXX Europe MID 200 ETF מנוטרלת אירו,אירופה- כללי,,"מניות בחו""ל",2026-01-31,24310000.0,קסם,,True,True,0.009000000000000001,0.0,2187.9,0.009000000000000001,2187.9,0
1146257,קסם ETF תל גוב-צמודות,צמודות מדד ממשלתיות - אחר,,"אג""ח בארץ- מדינה",2026-01-31,19600000.0,קסם,,True,True,0.0015,0.0,294.0,0.0015,294.0,0
1146265,קסם ETF משולבת מניות אירופה חודשי מנוטרלת אירו,"מניות בחו""ל קרן משולבת",,"מניות בחו""ל",2026-01-31,29930000.0,קסם,,True,True,0.0,0.0,0.0,0.0,0.0,0
1146273,"קסם ETF תל גוב-מק""מ","מק""מ",,"אג""ח בארץ- מדינה",2026-01-31,26080000.0,קסם,,True,True,0.0015,0.0,391.2,0.0015,391.2,0
1146281,קסם ETF תל בונד צמודות-בנקים ללא COCO,בריבית קבועה,,"אג""ח בארץ- חברות והמרה",2026-01-31,227500000.0,קסם,,True,True,0.0023,0.0,5232.5,0.0023,5232.5,0
1146307,קסם STOXX Europe 600 Banks ETF מנוטרלת אירו,Banking,,"מניות בחו""ל",2026-01-31,222660000.0,קסם,,True,True,0.0025,0.0,5566.5,0.0025,5566.5,0
1146331,"קסם ETF ת""א 90",Mid Cap,,מניות בארץ,2026-01-31,4276120000.0,קסם,,True,True,0.006,0.0,256567.2,0.006,256567.2,0
1146356,"קסם ETF ת""א 125",Large & Mid Cap,,מניות בארץ,2026-01-31,10128740000.0,קסם,,True,True,0.0025,0.0,253218.5,0.0025,253218.5,0
1146364,"קסם ETF ת""א גלובל בלוטק",טכנולוגיה,,מניות בארץ,2026-01-31,49830000.0,קסם,,True,True,0.004,0.0,1993.2000000000003,0.004,1993.2000000000003,0
1146372,קסם MDAX ETF,אירופה- שווקים מפותחים,,"מניות בחו""ל",2026-01-31,4720000.0,קסם,,True,True,0.008,0.0,377.6,0.008,377.6,0
1146380,"קסם ETF ממונפת ת""א 35 פי 3 חודשי",מניות בארץ,,ממונפות,2026-01-31,576460000.0,קסם,,True,True,0.0275,0.0,158526.5,0.0275,158526.5,0
1146406,קסם EURO STOXX 50 ETF,אירופה- כללי,,"מניות בחו""ל",2026-01-31,34490000.0,קסם,,True,True,0.008,0.0,2759.2000000000003,0.008,2759.2000000000003,0
1146414,קסם ETF תל בונד שקלי,בריבית קבועה,,"אג""ח בארץ- חברות והמרה",2026-01-31,1604060000.0,קסם,,True,True,0.0025,0.0,40101.5,0.0025,40101.5,0
1146422,"קסם LBMA Gold Price PM USD ETF מנוטרלת מט""ח",סחורה,,סחורות,2026-01-31,288660000.0,קסם,,True,True,0.0148,0.0,42721.68000000001,0.0148,42721.68000000001,0
1146430,קסם ETF אינדקס בנקים ישראל,בנקאות ואשראי חוץ בנקאי,,מניות בארץ,2026-01-31,1875840000.0,קסם,,True,True,0.006500000000000001,0.0,121929.60000000002,0.006500000000000001,121929.60000000002,0
1146448,קסם DJ Industrial Average ETF,אמריקה- שווקים מפותחים,,"מניות בחו""ל",2026-01-31,145770000.0,קסם,,True,True,0.006,0.0,8746.2,0.006,8746.2,0
1146455,קסם ETF חסר תל בונד 40 צמודות (534),"אג""ח בארץ",,ממונפות,2026-01-31,6100000.0,קסם,,True,True,0.005,0.0,305.0,0.005,305.0,0
1146471,קסם S&P 500 ETF,אמריקה- שווקים מפותחים,,"מניות בחו""ל",2026-01-31,5920550000.0,קסם,,True,True,0.006,0.0,355233.0,0.006,355233.0,0
1146497,קסם FTSE 100 ETF,אירופה- שווקים מפותחים,,"מניות בחו""ל",2026-01-31,41540000.0,קסם,,True,True,0.004,0.0,1661.6000000000001,0.004,1661.6000000000001,0
1146505,קסם NASDAQ 100 ETF,אמריקה- שווקים מפותחים,,"מניות בחו""ל",2026-01-31,1292110000.0,קסם,,True,True,0.0059,0.0,76234.48999999999,0.0059,76234.48999999999,0
1146513,קסם DAX ETF,אירופה- שווקים מפותחים,,"מניות בחו""ל",2026-01-31,141890000.0,קסם,,True,True,0.0053,0.0,7520.17,0.0053,7520.17,0
1146521,קסם FTSE China 50 ETF,אסיה ופסיפיק- שווקים מתעוררים,,"מניות בחו""ל",2026-01-31,24390000.0,קסם,,True,True,0.0095,0.0,2317.0499999999997,0.0095,2317.0499999999997,0
1146539,"קסם ETF ת""א SME60",Mid  & Small Cap,,מניות בארץ,2026-01-31,204830000.0,קסם,,True,True,0.0098,0.0,20073.34,0.0098,20073.34,0
1146547,"קסם ETF ת""א נדל""ן","נדל""ן ובנייה",,מניות בארץ,2026-01-31,510060000.0,קסם,,True,True,0.0053,0.0,27033.18,0.0053,27033.18,0
1146554,"קסם ETF ת""א פיננסים",פיננסים,,מניות בארץ,2026-01-31,629780000.0,קסם,,True,True,0.006,0.0,37786.8,0.006,37786.8,0
1146562,קסם ETF תל גוב-שקלי,ריבית קבועה,,"אג""ח בארץ- מדינה",2026-01-31,212070000.0,קסם,,True,True,0.0015,0.0,3181.05,0.0015,3181.05,0
1146570,"קסם ETF ת""א 35",Large Cap,,מניות בארץ,2026-01-31,4009540000.0,קסם,,True,True,0.0025,0.0,100238.5,0.0025,100238.5,0
1146588,"קסם MDAX ETF מנוטרלת מט""ח",אירופה- שווקים מפותחים,,"מניות בחו""ל",2026-01-31,22020000.0,קסם,,True,True,0.0074,0.0,1629.4800000000002,0.0074,1629.4800000000002,0
1146596,קסם STOXX Europe 600 Health Care ETF,Health Care,,"מניות בחו""ל",2026-01-31,4580000.0,קסם,,True,True,0.008,0.0,366.40000000000003,0.008,366.40000000000003,0
1146604,"קסם S&P 500 ETF מנוטרלת מט""ח",אמריקה- שווקים מפותחים,,"מניות בחו""ל",2026-01-31,1602740000.0,קסם,,True,True,0.009000000000000001,0.0,144246.6,0.009000000000000001,144246.6,0
1146612,"קסם NASDAQ 100 ETF מנוטרלת מט""ח",אמריקה- שווקים מפותחים,,"מניות בחו""ל",2026-01-31,1097700000.0,קסם,,True,True,0.0089,0.0,97695.29999999999,0.0089,97695.29999999999,0
1146620,"קסם ETF חוזה Bloomberg Brent Crude מנוטרלת מט""ח",סחורה,,סחורות,2026-01-31,25350000.0,קסם,,True,True,0.015,0.0,3802.4999999999995,0.015,3802.4999999999995,0
1146638,קסם ETF משולבת תל גוב-כללי (65%) וקונצרני ישראל (35%) חודשי,ללא מניות,,"אג""ח בארץ משולבת",2026-01-31,42440000.0,קסם,,True,True,0.0,0.0,0.0,0.0,0.0,0
1146646,קסם ETF תל גוב-כללי,"אג""ח מדינה שיקלי וצמוד",,"אג""ח בארץ- מדינה",2026-01-31,226630000.0,קסם,,True,True,0.0015,0.0,3399.4500000000003,0.0015,3399.4500000000003,0
1146661,קסם ETF משולבת אגח כללי ישראל (90%) ומניות ישראל (10%) חודשי,עד 10% מניות,,"אג""ח בארץ משולבת",2026-01-31,43160000.0,קסם,,True,True,0.0,0.0,0.0,0.0,0.0,0
1146679,קסם MSCI AC World ETF,"מניות גלובליות - חשופת מט""ח",,"מניות בחו""ל",2026-01-31,180360000.0,קסם,,True,True,0.0095,0.0,17134.199999999997,0.0095,17134.199999999997,0
1146687,"קסם Hang Seng China ETF מנוטרלת מט""ח",אסיה ופסיפיק- שווקים מתעוררים,,"מניות בחו""ל",2026-01-31,14880000.0,קסם,,True,True,0.01,0.0,1488.0,0.01,1488.0,0
1146695,קסם ETF משולבת אגח כללי ישראל (80%) ומניות (20%) חודשי,עד 20% מניות,,"אג""ח בארץ משולבת",2026-01-31,31970000.0,קסם,,True,True,0.0,0.0,0.0,0.0,0.0,0
1146703,"קסם DAX ETF מנוטרלת מט""ח",אירופה- שווקים מפותחים,,"מניות בחו""ל",2026-01-31,71030000.0,קסם,,True,True,0.01,0.0,7103.0,0.01,7103.0,0
1146729,"קסם Russell 2000 ETF מנוטרלת מט""ח",אמריקה- שווקים מפותחים,,"מניות בחו""ל",2026-01-31,102140000.0,קסם,,True,True,0.0034999999999999996,0.0,3574.8999999999996,0.0034999999999999996,3574.8999999999996,0
1146737,קסם MSCI Emerging Markets ETF מנוטרלת דולר,גלובלי- שווקים מתעוררים,,"מניות בחו""ל",2026-01-31,37760000.0,קסם,,True,True,0.013999999999999999,0.0,5286.4,0.013999999999999999,5286.4,0
1146745,"קסם ETF חסר ת""א 35 (5,337.49)",מניות בארץ,,ממונפות,2026-01-31,4690000.0,קסם,,True,True,0.0075,0.0,351.74999999999994,0.0075,351.74999999999994,0
1146786,קסם S&P Financial ETF,Financial,,"מניות בחו""ל",2026-01-31,79930000.0,קסם,,True,True,0.0075,0.0,5994.749999999999,0.0075,5994.749999999999,0
1146794,קסם S&P Consumer Discretionary ETF,Consumer Discretionary,,"מניות בחו""ל",2026-01-31,58760000.0,קסם,,True,True,0.0076,0.0,4465.76,0.0076,4465.76,0
1146810,"קסם DJ Internet Composite ETF מנוטרלת מט""ח",Internet,,"מניות בחו""ל",2026-01-31,48830000.0,קסם,,True,True,0.01975,0.0,9643.925,0.01975,9643.925,0
1146828,"קסם ETF משולבת מניות MidCap מפותחות חודשי מנוטרלת מט""ח","מניות בחו""ל קרן משולבת",,"מניות בחו""ל",2026-01-31,10390000.0,קסם,,True,True,0.0,0.0,0.0,0.0,0.0,0
1146885,"קסם ETF ת""א נפט וגז","נפט, גז ואנרגיה",,מניות בארץ,2026-01-31,319660000.0,קסם,,True,True,0.006,0.0,19179.600000000002,0.006,19179.600000000002,0
1146919,קסם iBoxx US Liquid Investment Grade Top 30 ETF,"חברות והמרה חשופת מט""ח",,"אג""ח בחו""ל",2026-01-31,13180000.0,קסם,,True,True,0.006,0.0,790.8000000000001,0.006,790.8000000000001,0
1146927,קסם ETF תל בונד צמודות,בריבית קבועה,,"אג""ח בארץ- חברות והמרה",2026-01-31,122110000.0,קסם,,True,True,0.0025,0.0,3052.75,0.0025,3052.75,0
1146935,קסם ETF תל בונד צמודות-יתר,בריבית קבועה,,"אג""ח בארץ- חברות והמרה",2026-01-31,149010000.0,קסם,,True,True,0.0022,0.0,3278.2200000000003,0.0022,3278.2200000000003,0
1146943,קסם S&P Homebuilders ETF,REIT - Real Estate,,"מניות בחו""ל",2026-01-31,146700000.0,קסם,,True,True,0.006,0.0,8802.0,0.006,8802.0,0
1146950,קסם ETFי (!) תל בונד-תשואות צמודות,בריבית קבועה,,"אג""ח בארץ- חברות והמרה",2026-01-31,432040000.0,קסם,,True,True,0.0025,0.0,10801.0,0.0025,10801.0,0
1146968,קסם ETF ממונפת S&P 500 פי 3 חודשי,"מניות בחו""ל",,ממונפות,2026-01-31,135380000.0,קסם,,True,True,0.0275,0.0,37229.5,0.0275,37229.5,0
1146976,קסם ETF ממונפת NASDAQ 100 פי 3 חודשי,"מניות בחו""ל",,ממונפות,2026-01-31,487920000.0,קסם,,True,True,0.0275,0.0,134178.0,0.0275,134178.0,0
1146984,קסם ETF ממונפת DAX פי 3 חודשי,"מניות בחו""ל",,ממונפות,2026-01-31,61570000.0,קסם,,True,True,0.0275,0.0,16931.75,0.0275,16931.75,0
1146992,קסם ETF ממונפת בחסר S&P 500 פי 2 חודשי,"מניות בחו""ל",,ממונפות,2026-01-31,13330000.0,קסם,,True,True,0.0275,0.0,3665.75,0.0275,3665.75,0
1147008,קסם ETF ממונפת בחסר NASDAQ 100 פי 2 חודשי,"מניות בחו""ל",,ממונפות,2026-01-31,40280000.0,קסם,,True,True,0.0275,0.0,11077.0,0.0275,11077.0,0
1147016,קסם ETF ממונפת בחסר DAX פי 2 חודשי,"מניות בחו""ל",,ממונפות,2026-01-31,8860000.0,קסם,,True,True,0.0275,0.0,2436.5,0.0275,2436.5,0
1147024,"קסם S&P SmallCap 600 ETF מנוטרלת מט""ח",אמריקה- שווקים מפותחים,,"מניות בחו""ל",2026-01-31,54570000.0,קסם,,True,True,0.008,0.0,4365.6,0.008,4365.6,0
1147032,קסם Morningstar Wide Moat Focus ETF,אמריקה- כללי,,"מניות בחו""ל",2026-01-31,140350000.0,קסם,,True,True,0.006500000000000001,0.0,9122.750000000002,0.006500000000000001,9122.750000000002,0
1147040,"קסם ETF משולבת מניות ארה""ב חודשי מנוטרלת מט""ח","מניות בחו""ל קרן משולבת",,"מניות בחו""ל",2026-01-31,105480000.0,קסם,,True,True,0.0,0.0,0.0,0.0,0.0,0
1147057,"קסם ETF משולבת תל גוב-כללי (55%) קונצרני (30%) ומניות (15%) חודשי מנוטרלת מט""ח",עד 20% מניות,,"אג""ח בארץ משולבת",2026-01-31,28720000.0,קסם,,True,True,0.0,0.0,0.0,0.0,0.0,0
1147065,קסם S&P 500 Low Volatility High Dividend ETF,אמריקה- שווקים מפותחים,,"מניות בחו""ל",2026-01-31,17500000.0,קסם,,True,True,0.0098,0.0,1715.0,0.0098,1715.0,0
1147073,קסם MSCI World ETF מנוטרלת דולר,גלובלי- שווקים מפותחים,,"מניות בחו""ל",2026-01-31,31940000.0,קסם,,True,True,0.01,0.0,3194.0,0.01,3194.0,0
1147081,קסם ETF תל בונד מאגר,"אג""ח חברות שקלי וצמוד",,"אג""ח בארץ- חברות והמרה",2026-01-31,885440000.0,קסם,,True,True,0.0025,0.0,22136.0,0.0025,22136.0,0
1147099,"קסם FTSE 250 ETF מנוטרלת מט""ח",אירופה- שווקים מפותחים,,"מניות בחו""ל",2026-01-31,11380000.0,קסם,,True,True,0.005,0.0,569.0,0.005,569.0,0
1147107,"קסם DJ US Dividend ETF מנוטרלת מט""ח",אמריקה- שווקים מפותחים,,"מניות בחו""ל",2026-01-31,21620000.0,קסם,,True,True,0.009300000000000001,0.0,2010.6600000000003,0.009300000000000001,2010.6600000000003,0
1147131,קסם ETFי (!) חסר תל בונד- תשואות צמודות (682.1),"אג""ח בארץ",,ממונפות,2026-01-31,5740000.0,קסם,,True,True,0.005,0.0,287.0,0.005,287.0,0
1147156,"קסם ETF משולבת מניות ארה""ב חודשי","מניות בחו""ל קרן משולבת",,"מניות בחו""ל",2026-01-31,39640000.0,קסם,,True,True,0.0,0.0,0.0,0.0,0.0,0
1147172,קסם S&P Health Care ETF,Health Care,,"מניות בחו""ל",2026-01-31,85280000.0,קסם,,True,True,0.006999999999999999,0.0,5969.599999999999,0.006999999999999999,5969.599999999999,0
1147180,קסם ETF חסר תל גוב-שקלי 5+ (917.6),"אג""ח בארץ",,ממונפות,2026-01-31,800000.0,קסם,,True,True,0.003,0.0,24.0,0.003,24.0,0
1147198,קסם ETFי All-Bond ריבית משתנה שקלי,"אג""ח בארץ כללי",,"אג""ח בארץ כללי",2026-01-31,14810000.0,קסם,,True,True,0.0023,0.0,340.63,0.0023,340.63,0
1147214,"קסם ETF משולבת מניות סקטורים ארה""ב S&P חודשי","מניות בחו""ל קרן משולבת",,"מניות בחו""ל",2026-01-31,20080000.0,קסם,,True,True,0.0,0.0,0.0,0.0,0.0,0
1147230,קסם S&P Technology ETF,Technology,,"מניות בחו""ל",2026-01-31,852860000.0,קסם,,True,True,0.0064,0.0,54583.04,0.0064,54583.04,0
1147263,"קסם iBoxx $ Corps Liquid 3-7 Years ETF מנוטרלת מט""ח","חברות והמרה  מנוטרלת מט""ח - בינוני",,"אג""ח בחו""ל",2026-01-31,62650000.0,קסם,,True,True,0.003,0.0,1879.5,0.003,1879.5,0
1147271,קסם Bluestar Israel Global Technology ETF,Technology,,"מניות בחו""ל",2026-01-31,47160000.0,קסם,,True,True,0.006,0.0,2829.6,0.006,2829.6,0
1147297,קסם iBoxx $ Corps Liquid 3-7 Years ETF,"חברות והמרה חשופת מט""ח - בינוני",,"אג""ח בחו""ל",2026-01-31,32240000.000000004,קסם,,True,True,0.003,0.0,967.2000000000002,0.003,967.2000000000002,0
1147347,"קסם ETF חסר ת""א SME60י (1913.2)",מניות בארץ,,ממונפות,2026-01-31,610000.0,קסם,,True,True,0.0235,0.0,143.35,0.0235,143.35,0
1147362,קסם MSCI AC World ETF מנוטרלת דולר,"מניות גלובליות - מנוטרלת מט""ח",,"מניות בחו""ל",2026-01-31,329380000.0,קסם,,True,True,0.0022,0.0,7246.360000000001,0.0022,7246.360000000001,0
1147396,קסם ETF תל בונד שקלי 3-5,בריבית קבועה - בינוני,,"אג""ח בארץ- חברות והמרה",2026-01-31,50810000.0,קסם,,True,True,0.0025,0.0,1270.25,0.0025,1270.25,0
1147529,קסם S&P Industrial ETF,Industrials,,"מניות בחו""ל",2026-01-31,15930000.0,קסם,,True,True,0.008,0.0,1274.4,0.008,1274.4,0
1147545,"קסם FTSE 100 ETF מנוטרלת מט""ח",אירופה- שווקים מפותחים,,"מניות בחו""ל",2026-01-31,11200000.0,קסם,,True,True,0.008,0.0,896.0000000000001,0.008,896.0000000000001,0
1147875,אי בי אי סל LBMA Gold Price AM,סחורה,,סחורות,2026-01-31,143310000.0,אי.בי.אי,,True,True,0.015,0.0,21496.499999999996,0.015,21496.499999999996,0
1147966,אי בי אי סל iBoxx US Liquid Investment Grade Top 30,"חברות והמרה חשופת מט""ח",,"אג""ח בחו""ל",2026-01-31,15220000.0,אי.בי.אי,,True,True,0.002,0.0,304.40000000000003,0.002,304.40000000000003,0
1147974,אי בי אי סל תל בונד 40 צמודות,בריבית קבועה,,"אג""ח בארץ- חברות והמרה",2026-01-31,209890000.0,אי.בי.אי,,True,True,0.0025,0.0,5247.25,0.0025,5247.25,0
1148006,אי בי אי סל תל בונד 60 צמודות,בריבית קבועה,,"אג""ח בארץ- חברות והמרה",2026-01-31,1134690000.0,אי.בי.אי,,True,True,0.0025,0.0,28367.25,0.0025,28367.25,0
1148048,אי בי אי סל תל בונד צמודות,בריבית קבועה,,"אג""ח בארץ- חברות והמרה",2026-01-31,81130000.0,אי.בי.אי,,True,True,0.002,0.0,1622.6000000000001,0.002,1622.6000000000001,0
1148162,אי בי אי סל S&P 500,אמריקה- שווקים מפותחים,,"מניות בחו""ל",2026-01-31,4661370000.0,אי.בי.אי,,True,True,0.008,0.0,372909.60000000003,0.008,372909.60000000003,0
1148212,"אי בי אי סל S&P Health Care מנוטרלת מט""ח",Health Care,,"מניות בחו""ל",2026-01-31,22730000.0,אי.בי.אי,,True,True,0.008,0.0,1818.4,0.008,1818.4,0
1148477,אי בי אי סל תל בונד צמודות A,בריבית קבועה,,"אג""ח בארץ- חברות והמרה",2026-01-31,325200000.0,אי.בי.אי,,True,True,0.0025,0.0,8130.0,0.0025,8130.0,0
1148774,אי בי אי סל אינדקס בנקים ישראל,בנקאות ואשראי חוץ בנקאי,,מניות בארץ,2026-01-31,16480840000.0,אי.בי.אי,,True,True,0.006500000000000001,0.0,1071254.6,0.006500000000000001,1071254.6,0
1148808,"אי בי אי סל ת""א 125",Large & Mid Cap,,מניות בארץ,2026-01-31,3375020000.0,אי.בי.אי,,True,True,0.0034999999999999996,0.0,118125.69999999998,0.0034999999999999996,118125.69999999998,0
1148899,"הראל סל ת""א 125",Large & Mid Cap,,מניות בארץ,2026-01-31,4667520000.0,הראל,,True,True,0.0025,0.0,116688.0,0.0025,116688.0,0
1148907,"הראל סל ת""א 35",Large Cap,,מניות בארץ,2026-01-31,1440290000.0,הראל,,True,True,0.0025,0.0,36007.25,0.0025,36007.25,0
1148931,"הראל סל ת""א 90",Mid Cap,,מניות בארץ,2026-01-31,2706390000.0,הראל,,True,True,0.006,0.0,162383.4,0.006,162383.4,0
1148949,הראל סל אינדקס בנקים ישראל,בנקאות ואשראי חוץ בנקאי,,מניות בארץ,2026-01-31,3411710000.0,הראל,,True,True,0.006,0.0,204702.6,0.006,204702.6,0
1148956,"הראל סל ת""א SME60",Mid  & Small Cap,,מניות בארץ,2026-01-31,114700000.0,הראל,,True,True,0.008,0.0,9176.0,0.008,9176.0,0
1148964,"הראל סל ת""א נדל""ן","נדל""ן ובנייה",,מניות בארץ,2026-01-31,290860000.0,הראל,,True,True,0.006,0.0,17451.600000000002,0.006,17451.600000000002,0
1148980,"הראל סל ת""א פיננסים",פיננסים,,מניות בארץ,2026-01-31,367680000.0,הראל,,True,True,0.006,0.0,22060.8,0.006,22060.8,0
1149020,הראל סל S&P 500,אמריקה- שווקים מפותחים,,"מניות בחו""ל",2026-01-31,6241320000.0,הראל,,True,True,0.006,0.0,374479.2,0.006,374479.2,0
1149038,הראל סל NASDAQ 100,אמריקה- שווקים מפותחים,,"מניות בחו""ל",2026-01-31,429430000.0,הראל,,True,True,0.006999999999999999,0.0,30060.1,0.006999999999999999,30060.1,0
1149053,הראל סל DAX,אירופה- שווקים מפותחים,,"מניות בחו""ל",2026-01-31,48320000.0,הראל,,True,True,0.005,0.0,2416.0,0.005,2416.0,0
1149103,"הראל סל NASDAQ 100 מנוטרלת מט""ח",אמריקה- שווקים מפותחים,,"מניות בחו""ל",2026-01-31,660940000.0,הראל,,True,True,0.008,0.0,52875.200000000004,0.008,52875.200000000004,0
1149137,"הראל סל S&P 500 מנוטרלת מט""ח",אמריקה- שווקים מפותחים,,"מניות בחו""ל",2026-01-31,1114970000.0,הראל,,True,True,0.008,0.0,89197.6,0.008,89197.6,0
1149160,"הראל סל DAX מנוטרלת מט""ח",אמריקה- שווקים מפותחים,,"מניות בחו""ל",2026-01-31,74700000.0,הראל,,True,True,0.008,0.0,5976.000000000001,0.008,5976.000000000001,0
1149228,הראל סל DJ Industrial Average,אמריקה- שווקים מפותחים,,"מניות בחו""ל",2026-01-31,142220000.0,הראל,,True,True,0.0045000000000000005,0.0,6399.900000000001,0.0045000000000000005,6399.900000000001,0
1149236,"אי בי אי סל חסר ת""א 90 (6582.848)",מניות בארץ,,ממונפות,2026-01-31,5540000.0,אי.בי.אי,,True,True,0.005,0.0,277.0,0.005,277.0,0
1149244,הראל סל EURO STOXX 50,אירופה- כללי,,"מניות בחו""ל",2026-01-31,28900000.0,הראל,,True,True,0.0045000000000000005,0.0,1300.5,0.0045000000000000005,1300.5,0
1149251,"הראל סל NIKKEI 225 מנוטרלת מט""ח",אסיה ופסיפיק- שווקים מפותחים,,"מניות בחו""ל",2026-01-31,58870000.0,הראל,,True,True,0.0078000000000000005,0.0,4591.86,0.0078000000000000005,4591.86,0
1149285,הראל סל S&P Industrial,Industrials,,"מניות בחו""ל",2026-01-31,50190000.0,הראל,,True,True,0.006999999999999999,0.0,3513.2999999999997,0.006999999999999999,3513.2999999999997,0
1149301,הראל סל MSCI Emerging Markets,גלובלי- שווקים מתעוררים,,"מניות בחו""ל",2026-01-31,29020000.0,הראל,,True,True,0.004,0.0,1160.8000000000002,0.004,1160.8000000000002,0
1149335,הראל סל MSCI AC World,"מניות גלובליות - חשופת מט""ח",,"מניות בחו""ל",2026-01-31,234540000.0,הראל,,True,True,0.0055000000000000005,0.0,12899.700000000003,0.0055000000000000005,12899.700000000003,0
1149772,אי בי אי סל MSCI AC World,"מניות גלובליות - חשופת מט""ח",,"מניות בחו""ל",2026-01-31,696670000.0,אי.בי.אי,,True,True,0.008,0.0,55733.600000000006,0.008,55733.600000000006,0
1149830,"אי בי אי סל DAX מנוטרלת מט""ח",אירופה- שווקים מפותחים,,"מניות בחו""ל",2026-01-31,60860000.0,אי.בי.אי,,True,True,0.008,0.0,4868.8,0.008,4868.8,0
1149848,הראל סל S&P Health Care,Health Care,,"מניות בחו""ל",2026-01-31,60900000.0,הראל,,True,True,0.005,0.0,3045.0,0.005,3045.0,0
1149855,הראל סל S&P Financial,Financial,,"מניות בחו""ל",2026-01-31,62850000.0,הראל,,True,True,0.0045000000000000005,0.0,2828.25,0.0045000000000000005,2828.25,0
1149863,הראל סל S&P Consumer Staples,Consumer Staples,,"מניות בחו""ל",2026-01-31,32320000.0,הראל,,True,True,0.005,0.0,1616.0,0.005,1616.0,0
1149871,הראל סל STOXX Europe 600,אירופה- כללי,,"מניות בחו""ל",2026-01-31,70680000.0,הראל,,True,True,0.006,0.0,4240.8,0.006,4240.8,0
1149889,הראל סל STOXX Europe 600 מנוטרלת אירו,אירופה- כללי,,"מניות בחו""ל",2026-01-31,67990000.0,הראל,,True,True,0.008,0.0,5439.200000000001,0.008,5439.200000000001,0
1149897,"הראל סל S&P Financial מנוטרלת מט""ח",Financial,,"מניות בחו""ל",2026-01-31,92340000.0,הראל,,True,True,0.005,0.0,4617.0,0.005,4617.0,0
1149905,"הראל סל S&P 500 Low Volatility מנוטרלת מט""ח",אמריקה- שווקים מפותחים,,"מניות בחו""ל",2026-01-31,36090000.0,הראל,,True,True,0.006500000000000001,0.0,2345.8500000000004,0.006500000000000001,2345.8500000000004,0
1149939,הראל סל S&P Technology,Technology,,"מניות בחו""ל",2026-01-31,621840000.0,הראל,,True,True,0.006,0.0,37310.4,0.006,37310.4,0
1149954,MTF סל תל גוב-שקלי,ריבית קבועה,,"אג""ח בארץ- מדינה",2026-01-31,87870000.0,מגדל,,True,True,0.002,0.0,1757.4,0.002,1757.4,0
1149962,MTF סל תל גוב-שקלי 2-5,ריבית קבועה  - בינוני,,"אג""ח בארץ- מדינה",2026-01-31,101540000.0,מגדל,,True,True,0.0015,0.0,1523.1000000000001,0.0015,1523.1000000000001,0
1149970,"הראל סל S&P 500 Equal Weight מנוטרלת מט""ח",אמריקה- שווקים מפותחים,,"מניות בחו""ל",2026-01-31,258870000.0,הראל,,True,True,0.004,0.0,10354.800000000001,0.004,10354.800000000001,0
1149988,MTF סל תל בונד 20 צמודות,בריבית קבועה,,"אג""ח בארץ- חברות והמרה",2026-01-31,477440000.0,מגדל,,True,True,0.0025,0.0,11936.0,0.0025,11936.0,0
1149996,MTF סל תל בונד 60 צמודות,בריבית קבועה,,"אג""ח בארץ- חברות והמרה",2026-01-31,823380000.0,מגדל,,True,True,0.0025,0.0,20584.5,0.0025,20584.5,0
1150002,MTF סל תל בונד שקלי,בריבית קבועה,,"אג""ח בארץ- חברות והמרה",2026-01-31,812940000.0,מגדל,,True,True,0.0025,0.0,20323.5,0.0025,20323.5,0
1150010,MTF סל תל גוב-צמודות 2-5,צמודות מדד ממשלתיות - בינוני,,"אג""ח בארץ- מדינה",2026-01-31,81390000.0,מגדל,,True,True,0.0015,0.0,1220.8500000000001,0.0015,1220.8500000000001,0
1150036,הראל סל S&P Energy,Energy,,"מניות בחו""ל",2026-01-31,21520000.0,הראל,,True,True,0.003,0.0,645.6,0.003,645.6,0
1150051,MTF סל תל גוב-שקלי 5+,ריבית קבועה - ארוך,,"אג""ח בארץ- מדינה",2026-01-31,149790000.0,מגדל,,True,True,0.0015,0.0,2246.85,0.0015,2246.85,0
1150069,MTF סל תל גוב-צמודות 5-10,צמודות מדד ממשלתיות - ארוך,,"אג""ח בארץ- מדינה",2026-01-31,67540000.0,מגדל,,True,True,0.0015,0.0,1013.1,0.0015,1013.1,0
1150101,MTF סל תל בונד צמודות,בריבית קבועה,,"אג""ח בארץ- חברות והמרה",2026-01-31,240050000.0,מגדל,,True,True,0.0025,0.0,6001.25,0.0025,6001.25,0
1150119,MTF סל (!) תל - בונד תשואות צמודות,בריבית קבועה,,"אג""ח בארץ- חברות והמרה",2026-01-31,248440000.0,מגדל,,True,True,0.0025,0.0,6211.0,0.0025,6211.0,0
1150135,MTF סל (!) תל בונד גלובל שקלי,בריבית קבועה,,"אג""ח בארץ- חברות והמרה",2026-01-31,156930000.0,מגדל,,True,True,0.0,0.0,0.0,0.0,0.0,0
1150168,MTF סל תל בונד שקלי 50,בריבית קבועה,,"אג""ח בארץ- חברות והמרה",2026-01-31,688990000.0,מגדל,,True,True,0.0025,0.0,17224.75,0.0025,17224.75,0
1150184,"MTF סל ת""א 35",Large Cap,,מניות בארץ,2026-01-31,1365970000.0,מגדל,,True,True,0.0024,0.0,32783.28,0.0024,32783.28,0
1150192,הראל סל ISE Cyber Security מנוטרלת דולר,Cyber Security,,"מניות בחו""ל",2026-01-31,81650000.0,הראל,,True,True,0.006999999999999999,0.0,5715.499999999999,0.006999999999999999,5715.499999999999,0
1150200,הראל סל MSCI AC World מנוטרלת דולר,"מניות גלובליות - מנוטרלת מט""ח",,"מניות בחו""ל",2026-01-31,225660000.0,הראל,,True,True,0.0025,0.0,5641.5,0.0025,5641.5,0
1150226,MTF סל STOXX Europe 600,אירופה- כללי,,"מניות בחו""ל",2026-01-31,80540000.0,מגדל,,True,True,0.004,0.0,3221.6000000000004,0.004,3221.6000000000004,0
1150242,MTF סל RUSSELL 2000,אמריקה- שווקים מפותחים,,"מניות בחו""ל",2026-01-31,71700000.0,מגדל,,True,True,0.0024,0.0,1720.7999999999997,0.0024,1720.7999999999997,0
1150259,"MTF סל ת""א 90",Mid Cap,,מניות בארץ,2026-01-31,3352220000.0,מגדל,,True,True,0.006,0.0,201133.2,0.006,201133.2,0
1150267,"MTF סל ת""א טק-עילית",טכנולוגיה,,מניות בארץ,2026-01-31,79290000.0,מגדל,,True,True,0.005,0.0,3964.5,0.005,3964.5,0
1150275,MTF סל MSCI Emerging Markets,גלובלי- שווקים מתעוררים,,"מניות בחו""ל",2026-01-31,114370000.0,מגדל,,True,True,0.0034999999999999996,0.0,4002.95,0.0034999999999999996,4002.95,0
1150283,"MTF סל ת""א 125",Large & Mid Cap,,מניות בארץ,2026-01-31,5777480000.0,מגדל,,True,True,0.0024,0.0,138659.52,0.0024,138659.52,0
1150333,MTF סל S&P 500,אמריקה- שווקים מפותחים,,"מניות בחו""ל",2026-01-31,6207960000.0,מגדל,,True,True,0.0025,0.0,155199.0,0.0025,155199.0,0
1150341,MTF סל S&P Aerospace & Defense,Aerospace & Defense,,"מניות בחו""ל",2026-01-31,115180000.0,מגדל,,True,True,0.008,0.0,9214.400000000001,0.008,9214.400000000001,0
1150358,MTF סל S&P Consumer Discretionary,Consumer Discretionary,,"מניות בחו""ל",2026-01-31,13870000.0,מגדל,,True,True,0.0015,0.0,208.05,0.0015,208.05,0
1150366,MTF סל S&P Consumer Staples,Consumer Staples,,"מניות בחו""ל",2026-01-31,19750000.0,מגדל,,True,True,0.0015,0.0,296.25,0.0015,296.25,0
1150374,הראל סל ISE Cyber Security,Cyber Security,,"מניות בחו""ל",2026-01-31,74960000.0,הראל,,True,True,0.006,0.0,4497.6,0.006,4497.6,0
1150382,MTF סל S&P Financial,Financial,,"מניות בחו""ל",2026-01-31,28070000.0,מגדל,,True,True,0.008,0.0,2245.6000000000004,0.008,2245.6000000000004,0
1150390,MTF סל S&P Health Care,Health Care,,"מניות בחו""ל",2026-01-31,73350000.0,מגדל,,True,True,0.0015,0.0,1100.25,0.0015,1100.25,0
1150408,MTF סל S&P Industrial,Industrials,,"מניות בחו""ל",2026-01-31,80840000.0,מגדל,,True,True,0.0015,0.0,1212.6000000000001,0.0015,1212.6000000000001,0
1150416,"MTF סל DAX מנוטרלת מט""ח",אירופה- שווקים מפותחים,,"מניות בחו""ל",2026-01-31,112680000.0,מגדל,,True,True,0.0045000000000000005,0.0,5070.6,0.0045000000000000005,5070.6,0
1150424,MTF סל S&P Technology,Technology,,"מניות בחו""ל",2026-01-31,208560000.0,מגדל,,True,True,0.006,0.0,12513.6,0.006,12513.6,0
1150432,"MTF סל S&P Health Care מנוטרלת מט""ח",Health Care,,"מניות בחו""ל",2026-01-31,48650000.0,מגדל,,True,True,0.008,0.0,3892.0000000000005,0.008,3892.0000000000005,0
1150440,הראל סל תל בונד 20 צמודות,בריבית קבועה,,"אג""ח בארץ- חברות והמרה",2026-01-31,541010000.0,הראל,,True,True,0.0025,0.0,13525.25,0.0025,13525.25,0
1150457,"MTF סל S&P Industrial מנוטרלת מט""ח",Industrials,,"מניות בחו""ל",2026-01-31,76780000.0,מגדל,,True,True,0.008,0.0,6142.400000000001,0.008,6142.400000000001,0
1150473,הראל סל תל בונד 60 צמודות,בריבית קבועה,,"אג""ח בארץ- חברות והמרה",2026-01-31,670540000.0,הראל,,True,True,0.0032,0.0,21457.28,0.0032,21457.28,0
1150481,"MTF סל S&P Technology מנוטרלת מט""ח",Technology,,"מניות בחו""ל",2026-01-31,361330000.0,מגדל,,True,True,0.008,0.0,28906.4,0.008,28906.4,0
1150499,הראל סל תל בונד 40 צמודות,בריבית קבועה,,"אג""ח בארץ- חברות והמרה",2026-01-31,107850000.0,הראל,,True,True,0.002,0.0,2157.0,0.002,2157.0,0
1150507,"MTF סל S&P Utilities מנוטרלת מט""ח",Utilities,,"מניות בחו""ל",2026-01-31,92640000.0,מגדל,,True,True,0.0015,0.0,1389.6000000000001,0.0015,1389.6000000000001,0
1150523,הראל סל תל בונד שקלי,בריבית קבועה,,"אג""ח בארץ- חברות והמרה",2026-01-31,1130020000.0,הראל,,True,True,0.0028000000000000004,0.0,31640.560000000005,0.0028000000000000004,31640.560000000005,0
1150531,"MTF סל NIKKEI 225 מנוטרלת מט""ח",אסיה ופסיפיק- שווקים מפותחים,,"מניות בחו""ל",2026-01-31,98870000.0,מגדל,,True,True,0.0077,0.0,7612.99,0.0077,7612.99,0
1150549,"MTF סל RUSSELL 2000 מנוטרלת מט""ח",אמריקה- שווקים מפותחים,,"מניות בחו""ל",2026-01-31,107230000.0,מגדל,,True,True,0.005,0.0,5361.5,0.005,5361.5,0
1150564,"MTF סל S&P Aerospace & Defense מנוטרלת מט""ח",Aerospace & Defense,,"מניות בחו""ל",2026-01-31,86480000.0,מגדל,,True,True,0.008,0.0,6918.400000000001,0.008,6918.400000000001,0
1150572,"MTF סל S&P 500 מנוטרלת מט""ח",אמריקה- שווקים מפותחים,,"מניות בחו""ל",2026-01-31,1832330000.0,מגדל,,True,True,0.0025,0.0,45808.25,0.0025,45808.25,0
1150598,"MTF סל S&P Financial מנוטרלת מט""ח",Financial,,"מניות בחו""ל",2026-01-31,40200000.0,מגדל,,True,True,0.008,0.0,3216.0000000000005,0.008,3216.0000000000005,0
1150606,הראל סל תל בונד צמודות,בריבית קבועה,,"אג""ח בארץ- חברות והמרה",2026-01-31,169840000.0,הראל,,True,True,0.0025,0.0,4246.0,0.0025,4246.0,0
1150614,"MTF סל STOXX Europe 600 מנוטרלת מט""ח",אירופה- כללי,,"מניות בחו""ל",2026-01-31,249980000.0,מגדל,,True,True,0.0055000000000000005,0.0,13748.900000000001,0.0055000000000000005,13748.900000000001,0
1150622,הראל סל (!) תל בונד-תשואות צמודות,בריבית קבועה,,"אג""ח בארץ- חברות והמרה",2026-01-31,464220000.0,הראל,,True,True,0.0025,0.0,11605.5,0.0025,11605.5,0
1150663,"MTF סל S&P Consumer Discretionary מנוטרלת מט""ח",Consumer Discretionary,,"מניות בחו""ל",2026-01-31,23860000.0,מגדל,,True,True,0.008,0.0,1908.8000000000002,0.008,1908.8000000000002,0
1150671,הראל סל (!) תל בונד תשואות שקל,בריבית קבועה,,"אג""ח בארץ- חברות והמרה",2026-01-31,229150000.0,הראל,,True,True,0.002,0.0,4583.0,0.002,4583.0,0
1150689,"MTF סל S&P Consumer Staples מנוטרלת מט""ח",Consumer Staples,,"מניות בחו""ל",2026-01-31,36470000.0,מגדל,,True,True,0.006500000000000001,0.0,2370.55,0.006500000000000001,2370.55,0
1150713,הראל סל תל בונד שקלי 50,בריבית קבועה,,"אג""ח בארץ- חברות והמרה",2026-01-31,592030000.0,הראל,,True,True,0.0025,0.0,14800.75,0.0025,14800.75,0
1150721,"MTF סל S&P Energy מנוטרלת מט""ח",Energy,,"מניות בחו""ל",2026-01-31,33380000.000000004,מגדל,,True,True,0.001,0.0,333.80000000000007,0.001,333.80000000000007,0
1150739,הראל סל (!) תל בונד גלובל שקלי,בריבית קבועה,,"אג""ח בארץ- חברות והמרה",2026-01-31,81360000.0,הראל,,True,True,0.0025,0.0,2034.0,0.0025,2034.0,0
1150747,הראל סל תל בונד שקלי-בנקים וביטוח,בריבית קבועה,,"אג""ח בארץ- חברות והמרה",2026-01-31,148600000.0,הראל,,True,True,0.0034999999999999996,0.0,5200.999999999999,0.0034999999999999996,5200.999999999999,0
1150754,קסם ETF תל בונד צמודות 3-5,בריבית קבועה - בינוני,,"אג""ח בארץ- חברות והמרה",2026-01-31,162660000.0,קסם,,True,True,0.0025,0.0,4066.5,0.0025,4066.5,0
1150762,קסם ETF תל בונד שקלי 50,בריבית קבועה,,"אג""ח בארץ- חברות והמרה",2026-01-31,1039339999.9999999,קסם,,True,True,0.0025,0.0,25983.5,0.0025,25983.5,0
1150770,קסם ETF (!) תל בונד גלובל שקלי,בריבית קבועה,,"אג""ח בארץ- חברות והמרה",2026-01-31,192730000.0,קסם,,True,True,0.0025,0.0,4818.25,0.0025,4818.25,0
1150796,קסם S&P MidCap 400 ETF,אמריקה- שווקים מפותחים,,"מניות בחו""ל",2026-01-31,22860000.0,קסם,,True,True,0.001,0.0,228.60000000000002,0.001,228.60000000000002,0
1150861,MTF סל DAX,אירופה- שווקים מפותחים,,"מניות בחו""ל",2026-01-31,43210000.0,מגדל,,True,True,0.0045000000000000005,0.0,1944.45,0.0045000000000000005,1944.45,0
1155076,אי בי אי סל כשרה תל בונד 60 צמודות,בריבית קבועה,,"אג""ח בארץ- חברות והמרה",2026-01-31,413990000.0,אי.בי.אי,,True,True,0.0,0.0,0.0,0.0,0.0,0
1155092,הראל סל כשרה תל בונד 60 צמודות,בריבית קבועה,,"אג""ח בארץ- חברות והמרה",2026-01-31,438230000.0,הראל,,True,True,0.0,0.0,0.0,0.0,0.0,0
1155100,תכלית סל (!) כשרה תל בונד-תשואות צמודות,בריבית קבועה,,"אג""ח בארץ- חברות והמרה",2026-01-31,110750000.0,מיטב,,True,True,0.0,0.0,0.0,0.0,0.0,0
1155118,תכלית סל כשרה תל בונד צמודות-יתר,בריבית קבועה,,"אג""ח בארץ- חברות והמרה",2026-01-31,29710000.0,מיטב,,True,True,0.0,0.0,0.0,0.0,0.0,0
1155126,קסם ETF כשרה תל בונד 60 צמודות,בריבית קבועה,,"אג""ח בארץ- חברות והמרה",2026-01-31,310540000.0,קסם,,True,True,0.0,0.0,0.0,0.0,0.0,0
1155159,קסם ETF כשרה תל בונד שקלי,בריבית קבועה,,"אג""ח בארץ- חברות והמרה",2026-01-31,169980000.0,קסם,,True,True,0.0,0.0,0.0,0.0,0.0,0
1155183,תכלית סל כשרה תל בונד שקלי,בריבית קבועה,,"אג""ח בארץ- חברות והמרה",2026-01-31,173470000.0,מיטב,,True,True,0.0,0.0,0.0,0.0,0.0,0
1155191,הראל סל כשרה תל בונד שקלי,בריבית קבועה,,"אג""ח בארץ- חברות והמרה",2026-01-31,172230000.0,הראל,,True,True,0.0,0.0,0.0,0.0,0.0,0
1155324,"אי בי אי סל כשרה ת""א 125",Large & Mid Cap,,מניות בארץ,2026-01-31,714040000.0,אי.בי.אי,,True,True,0.0,0.0,0.0,0.0,0.0,0
1155340,"הראל סל כשרה ת""א 125",Large & Mid Cap,,מניות בארץ,2026-01-31,659850000.0,הראל,,True,True,0.0,0.0,0.0,0.0,0.0,0
1155365,"קסם ETF כשרה ת""א 125",Large & Mid Cap,,מניות בארץ,2026-01-31,749820000.0,קסם,,True,True,0.0,0.0,0.0,0.0,0.0,0
1155373,"תכלית סל כשרה ת""א 125",Large & Mid Cap,,מניות בארץ,2026-01-31,732700000.0,מיטב,,True,True,0.0,0.0,0.0,0.0,0.0,0
1157379,קסם All-Bond ETF-דולר וטופ 5 בתל בונד-20 צמודות,אחר,,"אג""ח בארץ- חברות והמרה",2026-01-31,28460000.0,קסם,,True,True,0.0025,0.0,711.5,0.0025,711.5,0
1157908,קסם S&P U.S. Treasury Bond 1-3 Year ETF,"ממשלתיות חשופת מט""ח - קצר",,"אג""ח בחו""ל",2026-01-31,219270000.0,קסם,,True,True,0.0015,0.0,3289.05,0.0015,3289.05,0
1157916,קסם S&P U.S. Treasury Bond 3-5 Year ETF,"ממשלתיות חשופת מט""ח - בינוני",,"אג""ח בחו""ל",2026-01-31,40140000.0,קסם,,True,True,0.0015,0.0,602.1,0.0015,602.1,0
1157924,קסם S&P U.S. Treasury Bond 7-10 Year ETF,"ממשלתיות חשופת מט""ח - ארוך",,"אג""ח בחו""ל",2026-01-31,75880000.0,קסם,,True,True,0.0015,0.0,1138.2,0.0015,1138.2,0
1157957,קסם NIFTY 50 (!) ETF,אסיה ופסיפיק- שווקים מתעוררים,,"מניות בחו""ל",2026-01-31,35390000.0,קסם,,True,True,0.008,0.0,2831.2000000000003,0.008,2831.2000000000003,0
1158328,MTF סל Indxx USA Cloud Computing,Cloud Computing,,"מניות בחו""ל",2026-01-31,17650000.0,מגדל,,True,True,0.008,0.0,1412.0000000000002,0.008,1412.0000000000002,0
1159698,MTF סל כשרה תל בונד 60 צמודות,בריבית קבועה,,"אג""ח בארץ- חברות והמרה",2026-01-31,155890000.0,מגדל,,True,True,0.0,0.0,0.0,0.0,0.0,0
1159706,MTF סל כשרה תל בונד שקלי,בריבית קבועה,,"אג""ח בארץ- חברות והמרה",2026-01-31,158400000.0,מגדל,,True,True,0.0,0.0,0.0,0.0,0.0,0
1159714,"MTF סל כשרה ת""א-125",Large & Mid Cap,,מניות בארץ,2026-01-31,393860000.0,מגדל,,True,True,0.0,0.0,0.0,0.0,0.0,0
1160159,תכלית סל Indxx US Industrial Real Estate & Logistics,REIT - Real Estate,,"מניות בחו""ל",2026-01-31,66569999.99999999,מיטב,,True,True,0.008,0.0,5325.599999999999,0.008,5325.599999999999,0
1161033,"תכלית סל חסר ת""א 90 (5767.86)",מניות בארץ,,ממונפות,2026-01-31,12620000.0,מיטב,,True,True,0.005,0.0,631.0,0.005,631.0,0
1161058,"קסם ETF חסר ת""א 90 (6123.68)",מניות בארץ,,ממונפות,2026-01-31,21570000.0,קסם,,True,True,0.004,0.0,862.8000000000001,0.004,862.8000000000001,0
1161827,"הראל סל ת""א טכנולוגיה",טכנולוגיה,,מניות בארץ,2026-01-31,256450000.0,הראל,,True,True,0.0045000000000000005,0.0,11540.25,0.0045000000000000005,11540.25,0
1161884,"קסם ETF חסר ת""א 125 (4263.6)",מניות בארץ,,ממונפות,2026-01-31,37430000.0,קסם,,True,True,0.005,0.0,1871.5,0.005,1871.5,0
1162189,MTF סל S&P 500 Scored & Screened,אמריקה- שווקים מפותחים,,"מניות בחו""ל",2026-01-31,86060000.0,מגדל,,True,True,0.0,0.0,0.0,0.0,0.0,0
1162361,"MTF סל אינדקס אג""ח בנקים וביטוח - רובד 2","אג""ח חברות שקלי וצמוד",,"אג""ח בארץ- חברות והמרה",2026-01-31,172650000.0,מגדל,,True,True,0.0025,0.0,4316.25,0.0025,4316.25,0
1162783,קסם CSI300 ETF,אסיה ופסיפיק- שווקים מתעוררים,,"מניות בחו""ל",2026-01-31,48010000.0,קסם,,True,True,0.005,0.0,2400.5,0.005,2400.5,0
1165653,"MTF סל ת""א-בנייה","נדל""ן ובנייה",,מניות בארץ,2026-01-31,260700000.0,מגדל,,True,True,0.004,0.0,10428.0,0.004,10428.0,0
1165661,"MTF סל ת""א-מניב ישראל","נדל""ן ובנייה",,מניות בארץ,2026-01-31,254990000.0,מגדל,,True,True,0.004,0.0,10199.6,0.004,10199.6,0
1165810,מור סל S&P 500,אמריקה- שווקים מפותחים,,"מניות בחו""ל",2026-01-31,6294180000.0,מור,,True,True,0.001,0.0,62941.8,0.001,62941.8,0
1165828,"מור סל S&P 500 מנוטרלת מט""ח",אמריקה- שווקים מפותחים,,"מניות בחו""ל",2026-01-31,2645750000.0,מור,,True,True,0.001,0.0,26457.500000000004,0.001,26457.500000000004,0
1165836,מור סל NASDAQ 100,אמריקה- שווקים מפותחים,,"מניות בחו""ל",2026-01-31,800630000.0,מור,,True,True,0.001,0.0,8006.300000000001,0.001,8006.300000000001,0
1165844,"מור סל NASDAQ 100 מנוטרלת מט""ח",אמריקה- שווקים מפותחים,,"מניות בחו""ל",2026-01-31,1717380000.0,מור,,True,True,0.001,0.0,17173.800000000003,0.001,17173.800000000003,0
1166172,"הראל סל כשרה ת""א 90",Mid Cap,,מניות בארץ,2026-01-31,275480000.0,הראל,,True,True,0.0,0.0,0.0,0.0,0.0,0
1167261,"קסם ETF ת""א סקטור-באלאנס",Large & Mid Cap,,מניות בארץ,2026-01-31,194730000.0,קסם,,True,True,0.003,0.0,5841.900000000001,0.003,5841.900000000001,0
1167329,קסם Indxx Climate Change Solutions ETF,Alternative / Renewable Energy,,"מניות בחו""ל",2026-01-31,21850000.0,קסם,,True,True,0.005,0.0,1092.5,0.005,1092.5,0
1167568,"הראל סל ממונפת NASDAQ 100 פי 3 חודשי מנוטרלת מט""ח","מניות בחו""ל",,ממונפות,2026-01-31,58430000.0,הראל,,True,True,0.025,0.0,14607.5,0.025,14607.5,0
1167576,הראל סל ממונפת בחסר NASDAQ 100 פי 2 חודשי,"מניות בחו""ל",,ממונפות,2026-01-31,6300000.0,הראל,,True,True,0.0175,0.0,1102.5000000000002,0.0175,1102.5000000000002,0
1167584,MTF סל Bluestar Travel & Vacation,Travel,,"מניות בחו""ל",2026-01-31,37980000.0,מגדל,,True,True,0.008,0.0,3038.4,0.008,3038.4,0
1168715,קסם ETFי ISE Cyber Security,Cyber Security,,"מניות בחו""ל",2026-01-31,20760000.0,קסם,,True,True,0.0045000000000000005,0.0,934.2,0.0045000000000000005,934.2,0
1168723,MTF סל אינדקס אנרגיה מתחדשת ישראל,"נפט, גז ואנרגיה",,מניות בארץ,2026-01-31,213190000.0,מגדל,,True,True,0.005,0.0,10659.5,0.005,10659.5,0
1169333,תכלית סל תל בונד שקלי 50,בריבית קבועה,,"אג""ח בארץ- חברות והמרה",2026-01-31,633040000.0,מיטב,,True,True,0.0015,0.0,9495.6,0.0015,9495.6,0
1169341,"תכלית סל אינדקס ביג טק 30 ארה""ב",Technology,,"מניות בחו""ל",2026-01-31,122650000.0,מיטב,,True,True,0.005,0.0,6132.5,0.005,6132.5,0
1169408,"MTF סל ת""א-טכנולוגיה",טכנולוגיה,,מניות בארץ,2026-01-31,152240000.0,מגדל,,True,True,0.004,0.0,6089.6,0.004,6089.6,0
1169622,הראל סל תל בונד מאגר,"אג""ח חברות שקלי וצמוד",,"אג""ח בארץ- חברות והמרה",2026-01-31,278650000.0,הראל,,True,True,0.0025,0.0,6966.25,0.0025,6966.25,0
1169796,MTF סל Bluestar Top 10 US Banks,Banking,,"מניות בחו""ל",2026-01-31,108810000.0,מגדל,,True,True,0.005,0.0,5440.5,0.005,5440.5,0
1170703,תכלית סל PHLX Semiconductor Sector,Semiconductor,,"מניות בחו""ל",2026-01-31,240980000.0,מיטב,,True,True,0.005,0.0,12049.0,0.005,12049.0,0
1170836,קסם ETF (!) תל בונד-תשואות שקל,בריבית קבועה,,"אג""ח בארץ- חברות והמרה",2026-01-31,278170000.0,קסם,,True,True,0.0025,0.0,6954.25,0.0025,6954.25,0
1170844,קסם ETFי Indxx China Internet,Internet,,"מניות בחו""ל",2026-01-31,27420000.0,קסם,,True,True,0.008,0.0,2193.6000000000004,0.008,2193.6000000000004,0
1171099,"MTF סל חסר ת""א 90 (4574.35)",מניות בארץ,,ממונפות,2026-01-31,52930000.0,מגדל,,True,True,0.0025,0.0,1323.25,0.0025,1323.25,0
1171321,MTF סל אינדקס Shopping Centers REIT,REIT - Real Estate,,"מניות בחו""ל",2026-01-31,61450000.0,מגדל,,True,True,0.008,0.0,4916.0,0.008,4916.0,0
1171586,MTF סל Bluestar China Internet Software,Internet,,"מניות בחו""ל",2026-01-31,5220000.0,מגדל,,True,True,0.001,0.0,52.2,0.001,52.2,0
1171594,MTF סל תל בונד - צמודות A,בריבית קבועה,,"אג""ח בארץ- חברות והמרה",2026-01-31,378800000.0,מגדל,,True,True,0.001,0.0,3788.0000000000005,0.001,3788.0000000000005,0
1172824,MTF סל תל בונד - שקלי A,בריבית קבועה,,"אג""ח בארץ- חברות והמרה",2026-01-31,198890000.0,מגדל,,True,True,0.0,0.0,0.0,0.0,0.0,0
1174119,קסם ETFי MVIS US Listed Semiconductor 25,Semiconductor,,"מניות בחו""ל",2026-01-31,504700000.0,קסם,,True,True,0.0045000000000000005,0.0,22711.5,0.0045000000000000005,22711.5,0
1174796,"MTF סל ת""א-125 אקלים נקי מדלקים פוסיליים",Large & Mid Cap,,מניות בארץ,2026-01-31,53220000.0,מגדל,,True,True,0.002,0.0,1064.4,0.002,1064.4,0
1176031,MTF סל MSCI AC World מנוטרלת דולר,"מניות גלובליות - מנוטרלת מט""ח",,"מניות בחו""ל",2026-01-31,72730000.0,מגדל,,True,True,0.002,0.0,1454.6000000000001,0.002,1454.6000000000001,0
1176320,קסם ETF תל בונד-צמודות A,בריבית קבועה,,"אג""ח בארץ- חברות והמרה",2026-01-31,99390000.0,קסם,,True,True,0.002,0.0,1987.8000000000002,0.002,1987.8000000000002,0
1176536,"תכלית סל ת""א-בנייה","נדל""ן ובנייה",,מניות בארץ,2026-01-31,152120000.0,מיטב,,True,True,0.0,0.0,0.0,0.0,0.0,0
1178359,"קסם ETF ת""א-בנייה","נדל""ן ובנייה",,מניות בארץ,2026-01-31,171660000.0,קסם,,True,True,0.0025,0.0,4291.5,0.0025,4291.5,0
1181023,MTF סל FTSE China A50,אסיה ופסיפיק- שווקים מתעוררים,,"מניות בחו""ל",2026-01-31,24790000.0,מגדל,,True,True,0.001,0.0,247.90000000000003,0.001,247.90000000000003,0
1181387,MTF סל Nasdaq 100,אמריקה- שווקים מפותחים,,"מניות בחו""ל",2026-01-31,603440000.0,מגדל,,True,True,0.0,0.0,0.0,0.0,0.0,0
1181445,"MTF סל Nasdaq 100 מנוטרלת מט""ח",אמריקה- שווקים מפותחים,,"מניות בחו""ל",2026-01-31,849690000.0,מגדל,,True,True,0.0,0.0,0.0,0.0,0.0,0
1183953,"MTF סל ת""א-נדל""ן","נדל""ן ובנייה",,מניות בארץ,2026-01-31,306410000.0,מגדל,,True,True,0.004,0.0,12256.400000000001,0.004,12256.400000000001,0
1184092,הראל סל יS&P North American Expanded Tech Software מנוטרלת מט''ח,Technology,,"מניות בחו""ל",2026-01-31,29960000.0,הראל,,True,True,0.005,0.0,1498.0,0.005,1498.0,0
1185123,קסם ETF תל בונד-שקלי 5-15,בריבית קבועה - ארוך,,"אג""ח בארץ- חברות והמרה",2026-01-31,151620000.0,קסם,,True,True,0.0,0.0,0.0,0.0,0.0,0
1186634,"קסם ETF חסר ת""א נדל""ן (2649.49)",מניות בארץ,,ממונפות,2026-01-31,14840000.0,קסם,,True,True,0.01,0.0,1484.0,0.01,1484.0,0
1187079,MTF סל ממונפת Nasdaq 100 פי 3 חודשי,"מניות בחו""ל",,ממונפות,2026-01-31,89990000.0,מגדל,,True,True,0.013500000000000002,0.0,12148.650000000003,0.013500000000000002,12148.650000000003,0
1187764,מור סל אינדקס בנקים משקל שווה,בנקאות ואשראי חוץ בנקאי,,מניות בארץ,2026-01-31,3636310000.0,מור,,True,True,0.005,0.0,181815.5,0.005,181815.5,0
1188069,MTF סל ממונפת בחסר Nasdaq 100 פי 2 חודשי,"מניות בחו""ל",,ממונפות,2026-01-31,4000000.0,מגדל,,True,True,0.0,0.0,0.0,0.0,0.0,0
1189018,קסם ETF אינדקס ערך עולמי,"מניות גלובליות - חשופת מט""ח",,"מניות בחו""ל",2026-01-31,956140000.0,קסם,,True,True,0.004,0.0,38245.600000000006,0.004,38245.600000000006,0
1189372,קסם ETF אינדקס צמיחה עולמי,"מניות גלובליות - חשופת מט""ח",,"מניות בחו""ל",2026-01-31,897250000.0,קסם,,True,True,0.004,0.0,35890.0,0.004,35890.0,0
1189596,תכלית סל אינדקס ערך עולמי מנוטרלת דולר,"מניות גלובליות - מנוטרלת מט""ח",,"מניות בחו""ל",2026-01-31,627200000.0,מיטב,,True,True,0.004,0.0,25088.000000000004,0.004,25088.000000000004,0
1189604,תכלית סל אינדקס צמיחה עולמי,"מניות גלובליות - חשופת מט""ח",,"מניות בחו""ל",2026-01-31,702430000.0,מיטב,,True,True,0.004,0.0,28097.2,0.004,28097.2,0
1189802,קסם ETF ממונפת בחסר חוזה Bloomberg Brent Crude פי 2 חודשי,סחורה,,ממונפות,2026-01-31,890000.0,קסם,,True,True,0.015,0.0,133.5,0.015,133.5,0
1189810,MTF סל אינדקס צמיחה עולמי,"מניות גלובליות - חשופת מט""ח",,"מניות בחו""ל",2026-01-31,902880000.0,מגדל,,True,True,0.0012,0.0,10834.56,0.0012,10834.56,0
1189828,MTF סל אינדקס ערך עולמי,"מניות גלובליות - חשופת מט""ח",,"מניות בחו""ל",2026-01-31,955930000.0,מגדל,,True,True,0.0012,0.0,11471.159999999998,0.0012,11471.159999999998,0
1190347,"אי בי אי סל אינדקס מומנטום ארה""ב מנוטרלת מט""ח",אמריקה- שווקים מפותחים,,"מניות בחו""ל",2026-01-31,1113770000.0,אי.בי.אי,,True,True,0.004,0.0,44550.8,0.004,44550.8,0
1190354,אי בי אי סל אינדקס ערך עולמי,"מניות גלובליות - חשופת מט""ח",,"מניות בחו""ל",2026-01-31,479530000.0,אי.בי.אי,,True,True,0.004,0.0,19181.2,0.004,19181.2,0
1190362,אי בי אי סל אינדקס צמיחה עולמי,"מניות גלובליות - חשופת מט""ח",,"מניות בחו""ל",2026-01-31,460130000.0,אי.בי.אי,,True,True,0.004,0.0,18405.2,0.004,18405.2,0
1190685,הראל סל אינדקס ישראל 100 רווחיות משקל שווה,Large & Mid Cap,,מניות בארץ,2026-01-31,448560000.0,הראל,,True,True,0.0025,0.0,11214.0,0.0025,11214.0,0
1190776,הראל סל תל בונד צמודות-בנקים ללא COCO,בריבית קבועה,,"אג""ח בארץ- חברות והמרה",2026-01-31,31100000.0,הראל,,True,True,0.002,0.0,622.0,0.002,622.0,0
1190859,"הראל סל אינדקס מומנטום ארה""ב",אמריקה- שווקים מפותחים,,"מניות בחו""ל",2026-01-31,391870000.0,הראל,,True,True,0.005,0.0,19593.5,0.005,19593.5,0
1191881,MTF סל iBoxx US Liquid Investment Grade Top 30,"חברות והמרה חשופת מט""ח",,"אג""ח בחו""ל",2026-01-31,126730000.0,מגדל,,True,True,0.0025,0.0,3168.25,0.0025,3168.25,0
1192384,"קסם ETF אינדקס מדינה צמוד- מח""מ 5 קבוע",צמודות מדד ממשלתיות - בינוני,,"אג""ח בארץ- מדינה",2026-01-31,155860000.0,קסם,,True,True,0.001,0.0,1558.6000000000001,0.001,1558.6000000000001,0
1192392,"קסם ETF אינדקס מדינה שקלי- מח""מ 5 קבוע",ריבית קבועה  - בינוני,,"אג""ח בארץ- מדינה",2026-01-31,177780000.0,קסם,,True,True,0.001,0.0,1777.8000000000002,0.001,1777.8000000000002,0
1193044,MTF סל תל בונד-שקלי 5-15,בריבית קבועה - ארוך,,"אג""ח בארץ- חברות והמרה",2026-01-31,83180000.0,מגדל,,True,True,0.0,0.0,0.0,0.0,0.0,0
1193051,MTF סל תל בונד-שקלי 1-3,בריבית קבועה - קצר,,"אג""ח בארץ- חברות והמרה",2026-01-31,97940000.0,מגדל,,True,True,0.0,0.0,0.0,0.0,0.0,0
1193069,MTF סל תל גוב - כללי,"אג""ח מדינה שיקלי וצמוד",,"אג""ח בארץ- מדינה",2026-01-31,254830000.0,מגדל,,True,True,0.0,0.0,0.0,0.0,0.0,0
1193127,MTF סל תל בונד-צמודות 1-3,בריבית קבועה - קצר,,"אג""ח בארץ- חברות והמרה",2026-01-31,178000000.0,מגדל,,True,True,0.0025,0.0,4450.0,0.0025,4450.0,0
1193135,MTF סל תל בונד-צמודות 5-15,בריבית קבועה - ארוך,,"אג""ח בארץ- חברות והמרה",2026-01-31,59190000.0,מגדל,,True,True,0.0,0.0,0.0,0.0,0.0,0
1193317,MTF סל תל בונד-מאגר,"אג""ח חברות שקלי וצמוד",,"אג""ח בארץ- חברות והמרה",2026-01-31,864350000.0,מגדל,,True,True,0.002,0.0,17287.0,0.002,17287.0,0
1193614,קסם ETF תל בונד-צמודות 1-3,בריבית קבועה - קצר,,"אג""ח בארץ- חברות והמרה",2026-01-31,233660000.0,קסם,,True,True,0.0025,0.0,5841.5,0.0025,5841.5,0
1193648,קסם ETF תל בונד צמודות AA-AAA,בריבית קבועה,,"אג""ח בארץ- חברות והמרה",2026-01-31,182280000.0,קסם,,True,True,0.0025,0.0,4557.0,0.0025,4557.0,0
1193655,קסם ETF תל בונד שקלי A,בריבית קבועה,,"אג""ח בארץ- חברות והמרה",2026-01-31,184690000.0,קסם,,True,True,0.0025,0.0,4617.25,0.0025,4617.25,0
1193663,קסם ETF תל בונד שקלי AA-AAA,בריבית קבועה,,"אג""ח בארץ- חברות והמרה",2026-01-31,118940000.0,קסם,,True,True,0.0025,0.0,2973.5,0.0025,2973.5,0
1193671,קסם ETF תל בונד צמודות 5-15,בריבית קבועה - ארוך,,"אג""ח בארץ- חברות והמרה",2026-01-31,111820000.0,קסם,,True,True,0.0015,0.0,1677.3,0.0015,1677.3,0
1193689,קסם ETF תל בונד שקלי 1-3,בריבית קבועה - קצר,,"אג""ח בארץ- חברות והמרה",2026-01-31,177800000.0,קסם,,True,True,0.0025,0.0,4445.0,0.0025,4445.0,0
1193713,"קסם S&P Financial ETF מנוטרלת מט""ח",Financial,,"מניות בחו""ל",2026-01-31,47050000.0,קסם,,True,True,0.005,0.0,2352.5,0.005,2352.5,0
1193739,"קסם S&P Technology ETF מנוטרלת מט""ח",Technology,,"מניות בחו""ל",2026-01-31,56880000.0,קסם,,True,True,0.008,0.0,4550.400000000001,0.008,4550.400000000001,0
1193747,"קסם S&P MidCap 400 ETF מנוטרלת מט""ח",אמריקה- שווקים מפותחים,,"מניות בחו""ל",2026-01-31,70750000.0,קסם,,True,True,0.006,0.0,4245.0,0.006,4245.0,0
1193754,"קסם S&P Consumer Discretionary ETF מנוטרלת מט""ח",Consumer Discretionary,,"מניות בחו""ל",2026-01-31,29670000.0,קסם,,True,True,0.008,0.0,2373.6000000000004,0.008,2373.6000000000004,0
1193762,"קסם S&P Regional Banks ETF מנוטרלת מט""ח",Banking,,"מניות בחו""ל",2026-01-31,22070000.0,קסם,,True,True,0.008,0.0,1765.6000000000001,0.008,1765.6000000000001,0
1193788,"קסם S&P Consumer Staples ETF מנוטרלת מט""ח",Consumer Staples,,"מניות בחו""ל",2026-01-31,14470000.0,קסם,,True,True,0.006999999999999999,0.0,1012.8999999999999,0.006999999999999999,1012.8999999999999,0
1193820,קסם S&P Consumer Staples ETF,Consumer Staples,,"מניות בחו""ל",2026-01-31,15020000.0,קסם,,True,True,0.006999999999999999,0.0,1051.3999999999999,0.006999999999999999,1051.3999999999999,0
1194067,קסם MSCI ACWI Sustainable Development ETF,"מניות גלובליות - חשופת מט""ח",,"מניות בחו""ל",2026-01-31,50740000.0,קסם,,True,True,0.005,0.0,2537.0,0.005,2537.0,0
1194141,הראל Multi-Strategy - קרן גידור בנאמנות,קרן גידור בנאמנות,,קרן גידור בנאמנות,2026-01-31,783400000.0,הראל,קרן טוליפ קפיטל,False,False,0.015,0.0035,117509.99999999999,0.0115,90091.0,0
1194158,סיגמא לונג/שורט מניות - קרן גידור בנאמנות,קרן גידור בנאמנות,,קרן גידור בנאמנות,2026-01-31,128120000.0,סיגמא,,False,False,0.013500000000000002,0.0035,17296.200000000004,0.010000000000000002,12812.000000000002,0
1194166,"סיגמא לונג/שורט אג""ח - קרן גידור בנאמנות",קרן גידור בנאמנות,,קרן גידור בנאמנות,2026-01-31,108840000.0,סיגמא,,False,False,0.0079,0.0035,8598.36,0.004400000000000001,4788.960000000001,0
1194182,"הראל אסטרטגיות מניות חו""ל - קרן גידור בנאמנות",קרן גידור בנאמנות,,קרן גידור בנאמנות,2026-01-31,155900000.0,הראל,גלוסקה השקעות,False,False,0.0125,0.0035,19487.5,0.009000000000000001,14031.0,0
1194208,איביאי Macro Strategies קרן גידור בנאמנות,קרן גידור בנאמנות,,קרן גידור בנאמנות,2026-01-31,159200000.0,אי.בי.אי,IGS CAPITAL,False,False,0.015,0.0035,23879.999999999996,0.0115,18308.0,0
1194216,ילין לפידות Multi-Strategy קרן גידור בנאמנות,קרן גידור בנאמנות,,קרן גידור בנאמנות,2026-01-31,144420000.0,ילין לפידות,,False,False,0.015,0.0035,21662.999999999996,0.0115,16608.3,0
1194224,מיטב סקיי Multi Strategy קרן גידור בנאמנות,קרן גידור בנאמנות,,קרן גידור בנאמנות,2026-01-31,81120000.0,מיטב,רונן זכריה השקעות,False,False,0.013500000000000002,0.0035,10951.200000000003,0.010000000000000002,8112.000000000002,0
1194232,מיטב לונג שורט מניות קרן גידור בנאמנות,קרן גידור בנאמנות,,קרן גידור בנאמנות,2026-01-31,87540000.0,מיטב,דנרב השקעות,False,False,0.013500000000000002,0.0035,11817.900000000003,0.010000000000000002,8754.000000000002,0
1194240,מיטב iQM לונג שורט ישראל קרן גידור בנאמנות,קרן גידור בנאמנות,,קרן גידור בנאמנות,2026-01-31,9210000.0,מיטב,,False,False,0.013500000000000002,0.0035,1243.3500000000004,0.010000000000000002,921.0000000000001,0
1194265,מגדל Israel Quantitative Strategies - קרן גידור בנאמנות,קרן גידור בנאמנות,,קרן גידור בנאמנות,2026-01-31,38510000.0,מגדל,,False,False,0.015,0.0035,5776.499999999999,0.0115,4428.650000000001,0
1194273,"מור (!) אסטרטגיות אג""ח קרן גידור בנאמנות",קרן גידור בנאמנות,,קרן גידור בנאמנות,2026-01-31,784480000.0,מור,,False,False,0.0088,0.0035,69034.24,0.005300000000000001,41577.44,0
1194281,אושן יצירה Multi-Strategy קרן גידור בנאמנות,קרן גידור בנאמנות,,קרן גידור בנאמנות,2026-01-31,25600000.0,סיגמא,אושן פרטנרס,False,False,0.015,0.0035,3839.9999999999995,0.0115,2944.0,0
1194315,אימפקט לונג/שורט - קרן גידור בנאמנות,קרן גידור בנאמנות,,קרן גידור בנאמנות,2026-01-31,55450000.0,איילון,אימפקט,False,False,0.015,0.0035,8317.5,0.0115,6376.75,0
1194323,פסטרנק שהם לונג/שורט - קרן גידור בנאמנות,קרן גידור בנאמנות,,קרן גידור בנאמנות,2026-01-31,246070000.0,איילון,פסטרנק שהם,False,False,0.0125,0.0035,30758.75,0.009000000000000001,22146.300000000003,0
1194356,"אנליסט נדל""ן ישראל - חו""ל Multi Strategy- קרן גידור בנאמנות",קרן גידור בנאמנות,,קרן גידור בנאמנות,2026-01-31,35830000.0,אנליסט,,False,False,0.015,0.0035,5374.499999999999,0.0115,4120.45,0
1194364,אנליסט מניות Multi Strategy- קרן גידור בנאמנות,קרן גידור בנאמנות,,קרן גידור בנאמנות,2026-01-31,62390000.0,אנליסט,,False,False,0.015,0.0035,9358.5,0.0115,7174.85,0
1194380,"מור סל ת""א-35",Large Cap,,מניות בארץ,2026-01-31,804390000.0,מור,,True,True,0.002,0.0,16087.800000000001,0.002,16087.800000000001,0
1195304,מור סל תל בונד 60 צמודות,בריבית קבועה,,"אג""ח בארץ- חברות והמרה",2026-01-31,238190000.0,מור,,True,True,0.0025,0.0,5954.75,0.0025,5954.75,0
1195312,מור סל תל בונד מאגר,אחר,,"אג""ח בארץ- חברות והמרה",2026-01-31,530990000.0,מור,,True,True,0.002,0.0,10619.800000000001,0.002,10619.800000000001,0
1196146,"מור סל ת""א-90",Mid Cap,,מניות בארץ,2026-01-31,1221800000.0,מור,,True,True,0.0045000000000000005,0.0,54981.0,0.0045000000000000005,54981.0,0
1196153,"מור סל ת""א-125",Large & Mid Cap,,מניות בארץ,2026-01-31,1707790000.0,מור,,True,True,0.002,0.0,34155.8,0.002,34155.8,0
1196187,הורייזן לונג/שורט - קרן גידור בנאמנות,קרן גידור בנאמנות,,קרן גידור בנאמנות,2026-01-31,5000000.0,איילון,הורייזן,False,False,0.015,0.0035,749.9999999999999,0.0115,575.0,0
1197698,"תכלית סל ת""א -ביטוח",ביטוח,,מניות בארץ,2026-01-31,905690000.0,מיטב,,True,True,0.004,0.0,36227.600000000006,0.004,36227.600000000006,0
1199058,קסם ETFי (!) כשרה תל בונד-תשואות צמודות,בריבית קבועה,,"אג""ח בארץ- חברות והמרה",2026-01-31,9790000.0,קסם,,True,True,0.0,0.0,0.0,0.0,0.0,0
1200195,MTF סל אינדקס Top10 Tech,Technology,,"מניות בחו""ל",2026-01-31,61930000.0,מגדל,,True,True,0.005,0.0,3096.5,0.005,3096.5,0
1200351,MTF סל Indxx US Healthcare Top 10,Health Care,,"מניות בחו""ל",2026-01-31,28770000.0,מגדל,,True,True,0.002,0.0,575.4000000000001,0.002,575.4000000000001,0
1200435,"אי בי אי סל S&P 500 מנוטרלת מט""ח",אמריקה- שווקים מפותחים,,"מניות בחו""ל",2026-01-31,643380000.0,אי.בי.אי,,True,True,0.0,0.0,0.0,0.0,0.0,0
1200443,"אי בי אי סל Nasdaq 100 מנוטרלת מט""ח",אמריקה- שווקים מפותחים,,"מניות בחו""ל",2026-01-31,264720000.00000003,אי.בי.אי,,True,True,0.0,0.0,0.0,0.0,0.0,0
1200450,אי בי אי סל Nasdaq 100,אמריקה- שווקים מפותחים,,"מניות בחו""ל",2026-01-31,168690000.0,אי.בי.אי,,True,True,0.0,0.0,0.0,0.0,0.0,0
1200989,אלטשולר שחם לונג/שורט מניות - קרן גידור בנאמנות,קרן גידור בנאמנות,,קרן גידור בנאמנות,2026-01-31,52810000.0,אלטשולר שחם,,False,False,0.01,0.0035,5281.0,0.006500000000000001,3432.6500000000005,0
1201003,MTF סל MSCI AC World,"מניות גלובליות - חשופת מט""ח",,"מניות בחו""ל",2026-01-31,248480000.0,מגדל,,True,True,0.0017000000000000001,0.0,4224.16,0.0017000000000000001,4224.16,0
1201557,מגדל Global Quantitative Strategies -קרן גידור בנאמנות,קרן גידור בנאמנות,,קרן גידור בנאמנות,2026-01-31,18070000.0,מגדל,,False,False,0.015,0.0035,2710.4999999999995,0.0115,2078.05,0
1201565,מגדל מניות Long Short - קרן גידור בנאמנות,קרן גידור בנאמנות,,קרן גידור בנאמנות,2026-01-31,13270000.0,מגדל,,False,False,0.0034999999999999996,0.0035,464.44999999999993,-4.336808689942018e-19,-5.754945131553058e-14,0
1201623,MTF סל אינדקס 120 ישראל,Large & Mid Cap,,מניות בארץ,2026-01-31,412140000.0,מגדל,,True,True,0.001,0.0,4121.400000000001,0.001,4121.400000000001,0
1201656,ילין לפידות סל S&P 500,אמריקה- שווקים מפותחים,,"מניות בחו""ל",2026-01-31,586790000.0,ילין לפידות,,True,True,0.0,0.0,0.0,0.0,0.0,0
1201664,"ילין לפידות סל S&P 500 מנוטרלת מט""ח",אמריקה- שווקים מפותחים,,"מניות בחו""ל",2026-01-31,330480000.0,ילין לפידות,,True,True,0.0,0.0,0.0,0.0,0.0,0
1201672,ילין לפידות סל Nasdaq 100,אמריקה- שווקים מפותחים,,"מניות בחו""ל",2026-01-31,62630000.0,ילין לפידות,,True,True,0.0,0.0,0.0,0.0,0.0,0
1201680,אלטשולר שחם Multi-Strategy- קרן גידור בנאמנות,קרן גידור בנאמנות,,קרן גידור בנאמנות,2026-01-31,56150000.0,אלטשולר שחם,,False,False,0.01,0.0035,5615.0,0.006500000000000001,3649.7500000000005,0
1201698,"ילין לפידות סל Nasdaq 100 מנוטרלת מט""ח",אמריקה- שווקים מפותחים,,"מניות בחו""ל",2026-01-31,125920000.0,ילין לפידות,,True,True,0.0,0.0,0.0,0.0,0.0,0
1202183,קסם S&P 500 TOP 50 ETF,אמריקה- שווקים מפותחים,,"מניות בחו""ל",2026-01-31,51800000.0,קסם,,True,True,0.0025,0.0,1295.0,0.0025,1295.0,0
1203835,קסם S&P 500 Equal Weight ETF,אמריקה- שווקים מפותחים,,"מניות בחו""ל",2026-01-31,14730000.0,קסם,,True,True,0.002,0.0,294.6,0.002,294.6,0
1204742,"מור לונג שורט נדל""ן אירופה קרן גידור בנאמנות",קרן גידור בנאמנות,,קרן גידור בנאמנות,2026-01-31,13700000.0,מור,ICAMAP S.a.r.l,False,False,0.013500000000000002,0.0035,1849.5000000000005,0.010000000000000002,1370.0000000000002,0
1204783,איילון זבולון לונג שורט גלובלי קרן גידור בנאמנות,קרן גידור בנאמנות,,קרן גידור בנאמנות,2026-01-31,150360000.0,איילון,זבולון שרותי מחקר,False,False,0.01,0.0035,15036.0,0.006500000000000001,9773.400000000001,0
1204916,מגדל (!) Global Bonds Strategies - קרן גידור בנאמנות נקובה $,קרן גידור בנאמנות,,קרן גידור בנאמנות,2026-01-31,32880000.000000004,מגדל,,False,False,0.009000000000000001,0.0035,2959.2000000000007,0.005500000000000001,1808.4000000000008,0
1205657,MTF סל Bloomberg US Analyst Recommendations,אמריקה- שווקים מפותחים,,"מניות בחו""ל",2026-01-31,74280000.0,מגדל,,True,True,0.008,0.0,5942.400000000001,0.008,5942.400000000001,0
1206549,"ילין לפידות סל ת""א בנקים",בנקאות ואשראי חוץ בנקאי,,מניות בארץ,2026-01-31,1801340000.0,ילין לפידות,,True,True,0.0049,0.0,88265.66,0.0049,88265.66,0
1207646,פורצ'ן Multi-Strategy - קרן גידור בנאמנות,קרן גידור בנאמנות,,קרן גידור בנאמנות,2026-01-31,20770000.0,איילון,פורצ'ן,False,False,0.015,0.0035,3115.4999999999995,0.0115,2388.55,0
1207729,"אלפי בנדק לונג/שורט אג""ח - קרן גידור בנאמנות",קרן גידור בנאמנות,,קרן גידור בנאמנות,2026-01-31,37700000.0,הראל,אלפי בנדק,False,False,0.0075,0.0035,2827.4999999999995,0.004,1508.0000000000002,0
1207786,"מגדל (!) אסטרטגיות אג""ח ישראל - קרן גידור בנאמנות",קרן גידור בנאמנות,,קרן גידור בנאמנות,2026-01-31,50280000.0,מגדל,,False,False,0.0075,0.0035,3770.9999999999995,0.004,2011.2000000000003,0
1207885,פוקוס לונג/שורט - קרן גידור בנאמנות,קרן גידור בנאמנות,,קרן גידור בנאמנות,2026-01-31,17910000.0,איילון,פוקוס,False,False,0.015,0.0035,2686.4999999999995,0.0115,2059.65,0
1207901,"MTF סל אינדקס שבבים ארה""ב Top10",Semiconductor,,"מניות בחו""ל",2026-01-31,159960000.0,מגדל,,True,True,0.001,0.0,1599.6000000000001,0.001,1599.6000000000001,0
1208891,"פיינאל קפיטל (!) אסטרטגיות אג""ח קרן גידור בנאמנות",קרן גידור בנאמנות,,קרן גידור בנאמנות,2026-01-31,62070000.0,סיגמא,פיינאל קפיטל,False,False,0.0115,0.0035,7138.05,0.008,4965.6,0
1209444,"אי בי אי סל ת""א-90",Mid Cap,,מניות בארץ,2026-01-31,1503230000.0,אי.בי.אי,,True,True,0.001,0.0,15032.300000000001,0.001,15032.300000000001,0
1209808,אלטשולר שחם AlphaBeta Portable Alpha מבוסס AI - קרן גידור בנאמנות,קרן גידור בנאמנות,,קרן גידור בנאמנות,2026-01-31,1180000.0,אלטשולר שחם,אלפא ביתא,False,False,0.01,0.0035,118.0,0.006500000000000001,76.7,0
1209931,Quantitative strategies FINQ מבוסס AI קרן גידור בנאמנות,קרן גידור בנאמנות,,קרן גידור בנאמנות,2026-01-31,11040000.0,תמיר פישמן,פינק דיגיטל,False,False,0.0,0.0035,0.0,-0.0035,-386.40000000000003,0
1210871,הראל סל S&P U.S. Treasury Bond 5-7 Year,"ממשלתיות חשופת מט""ח - ארוך",,"אג""ח בחו""ל",2026-01-31,4420000.0,הראל,,True,True,0.001,0.0,44.2,0.001,44.2,0
1210970,"הראל (!) אסטרטגיות אג""ח - קרן גידור בנאמנות",קרן גידור בנאמנות,,קרן גידור בנאמנות,2026-01-31,77740000.0,הראל,,False,False,0.0085,0.0035,6607.900000000001,0.005000000000000001,3887.000000000001,0
1212521,"פסטרנק שהם (!) אסטרטגיות אג""ח - קרן גידור בנאמנות",קרן גידור בנאמנות,,קרן גידור בנאמנות,2026-01-31,60100000.0,איילון,פסטרנק שהם,False,False,0.0075,0.0035,4507.5,0.004,2404.0,0
1212703,קבין Multi-Strategy - קרן גידור בנאמנות,קרן גידור בנאמנות,,קרן גידור בנאמנות,2026-01-31,4680000.0,איילון,קבין,False,False,0.013999999999999999,0.0035,655.1999999999999,0.010499999999999999,491.4,0
1212794,MTF סל (S&P Israel 100 (ILS,Large & Mid Cap,,מניות בארץ,2026-01-31,42010000.0,מגדל,,True,True,0.0,0.0,0.0,0.0,0.0,0
1213420,תכלית סל World Quality iNDEX מנוטרלת דולר,"מניות גלובליות - מנוטרלת מט""ח",,"מניות בחו""ל",2026-01-31,730840000.0,מיטב,,True,True,0.004,0.0,29233.600000000002,0.004,29233.600000000002,0
1213461,תכלית סל אינדקס מדורג פיזור רחב,"אג""ח חברות שקלי וצמוד",,"אג""ח בארץ- חברות והמרה",2026-01-31,171500000.0,מיטב,,True,True,0.0025,0.0,4287.5,0.0025,4287.5,0
1213578,"תכלית סל אינדקס מיד קאפ ישראל ללא נדל""ן",Mid Cap,,מניות בארץ,2026-01-31,2270000.0,מיטב,,True,True,0.005,0.0,113.5,0.005,113.5,0
1213594,"הראל סל ת""א 90 ובנקים",Large & Mid Cap,,מניות בארץ,2026-01-31,200800000.0,הראל,,True,True,0.001,0.0,2008.0000000000002,0.001,2008.0000000000002,0
1213636,אי בי אי מניות ישראל Multi Strategy קרן גידור בנאמנות,קרן גידור בנאמנות,,קרן גידור בנאמנות,2026-01-31,202150000.0,אי.בי.אי,,False,False,0.015,0.0035,30322.499999999996,0.0115,23247.25,0
1213644,"אי בי אי (!) אסטרטגיות אג""ח קרן גידור בנאמנות",קרן גידור בנאמנות,,קרן גידור בנאמנות,2026-01-31,114000000.0,אי.בי.אי,,False,False,0.0088,0.0035,10032.000000000002,0.005300000000000001,6042.000000000001,0
1213651,אי בי אי ספרה לונג/שורט גלובל אקוויטי קרן גידור בנאמנות,קרן גידור בנאמנות,,קרן גידור בנאמנות,2026-01-31,51910000.0,אי.בי.אי,ספרה,False,False,0.015,0.0035,7786.499999999999,0.0115,5969.650000000001,0
1214840,פינסה (!) אסטרטגיות חוב קרן גידור בנאמנות,קרן גידור בנאמנות,,קרן גידור בנאמנות,2026-01-31,98360000.0,סיגמא,פינסה ניהול נכסים,False,False,0.0085,0.0035,8360.6,0.005000000000000001,4918.000000000001,0
1215375,קסם אקטיב לונג/שורט מניות ישראל קרן גידור בנאמנות,קרן גידור בנאמנות,,קרן גידור בנאמנות,2026-01-31,40420000.0,קסם,,False,False,0.011000000000000001,0.0035,4446.200000000001,0.0075000000000000015,3031.500000000001,0
1215383,"קסם אקטיב לונג/שורט מניות ארה""ב קרן גידור בנאמנות",קרן גידור בנאמנות,,קרן גידור בנאמנות,2026-01-31,11340000.0,קסם,,False,False,0.011000000000000001,0.0035,1247.4,0.0075000000000000015,850.5000000000002,0
1215771,"איביאי סל ת""א-ביטוח",ביטוח,,מניות בארץ,2026-01-31,2382480000.0,אי.בי.אי,,True,True,0.002,0.0,47649.600000000006,0.002,47649.600000000006,0
1216050,סיגמא Multi-Strategy ישראל קרן גידור בנאמנות,קרן גידור בנאמנות,,קרן גידור בנאמנות,2026-01-31,21380000.0,סיגמא,,False,False,0.013500000000000002,0.0035,2886.3000000000006,0.010000000000000002,2138.0000000000005,0
1216480,תכלית סל כשרה תל בונד 60 צמודות,בריבית קבועה,,"אג""ח בארץ- חברות והמרה",2026-01-31,63930000.0,מיטב,,True,True,0.0,0.0,0.0,0.0,0.0,0
1216670,סלע Multi-Strategy - קרן גידור בנאמנות,קרן גידור בנאמנות,,קרן גידור בנאמנות,2026-01-31,64470000.0,איילון,סלע בית השקעות,False,False,0.015,0.0035,9670.5,0.0115,7414.05,0
1216761,"ב. אלטרנטיב אסטרטגיות אג""ח ומניות - קרן גידור בנאמנות",קרן גידור בנאמנות,,קרן גידור בנאמנות,2026-01-31,50000000.0,איילון,בסט אלטרנטיב,False,False,0.0085,0.0035,4250.0,0.005000000000000001,2500.0000000000005,0
1217231,"מור אסטרטגיות אג""ח ומניות - קרן גידור בנאמנות",קרן גידור בנאמנות,,קרן גידור בנאמנות,2026-01-31,237570000.0,מור,,False,False,0.012,0.0035,28508.4,0.0085,20193.45,0
1217397,אקרמן Multi-Strategy - קרן גידור בנאמנות,קרן גידור בנאמנות,,קרן גידור בנאמנות,2026-01-31,30460000.0,איילון,אקרמן כפיר,False,False,0.015,0.0035,4569.0,0.0115,3502.9,0
1217561,MTF סל אינדקס US Top10 Pure Cyber Security,Cyber Security,,"מניות בחו""ל",2026-01-31,10510000.0,מגדל,,True,True,0.005,0.0,525.5,0.005,525.5,0
1217835,תכלית סל (CME CF Bitcoin Reference Rate (BRRNY,Bitcoin,,נכסים דיגיטליים,2026-01-31,11800000.0,מיטב,,True,True,0.002,0.0,236.00000000000003,0.002,236.00000000000003,0
1217843,אי בי אי סל אינדקס מיד קאפ ובנקים בישראל,Large & Mid Cap,,מניות בארץ,2026-01-31,69540000.0,אי.בי.אי,,True,True,0.001,0.0,695.4000000000001,0.001,695.4000000000001,0
1218692,תמיר פישמן Long-Short קרן גידור בנאמנות,קרן גידור בנאמנות,,קרן גידור בנאמנות,2026-01-31,4930000.0,תמיר פישמן,,False,False,0.01,0.0035,493.0,0.006500000000000001,320.45000000000005,0
1218916,ATF סל S&P 500,אמריקה- שווקים מפותחים,,"מניות בחו""ל",2026-01-31,19840000.0,אנליסט,,True,True,0.0,0.0,0.0,0.0,0.0,0
1218924,"ATF סל S&P 500 מנוטרלת מט""ח",אמריקה- שווקים מפותחים,,"מניות בחו""ל",2026-01-31,67110000.0,אנליסט,,True,True,0.0,0.0,0.0,0.0,0.0,0
1219294,"MTF סל אינדקס אג""ח ממשלת ארה""ב - מח""מ 10 קבוע","ממשלתיות חשופת מט""ח - ארוך",,"אג""ח בחו""ל",2026-01-31,37450000.0,מגדל,,True,True,0.001,0.0,374.50000000000006,0.001,374.50000000000006,0
1220151,קסם ETF אינדקס ישראל 100 רווחיות משקל שווה,Large & Mid Cap,,מניות בארץ,2026-01-31,134520000.0,קסם,,True,True,0.0025,0.0,3363.0,0.0025,3363.0,0
1220227,מיטב כספית מתחדשת חודשי ב- 13/03/2026,כספית שקלית עם קונצרני,,קרן כספית,2026-01-31,26110000.0,מיטב,,False,False,0.002,0.001,522.2,0.001,261.1,1
1220391,הראל סל (CME CF Bitcoin Reference Rate (BRRNY,Bitcoin,,נכסים דיגיטליים,2026-01-31,11520000.0,הראל,,True,True,0.002,0.0,230.4,0.002,230.4,0
1220409,תכלית סל (CME CF Ethereum Reference Rate (ETHUSDNY,Ethereum,,נכסים דיגיטליים,2026-01-31,3140000.0,מיטב,,True,True,0.005,0.0,157.0,0.005,157.0,0
1221654,תכלית סל ממונפת S&P 500 פי 3 חודשי,"מניות בחו""ל",,ממונפות,2026-01-31,970000.0,מיטב,,True,True,0.0195,0.0,189.15,0.0195,189.15,0
1221662,תכלית סל ממונפת NASDAQ 100 פי 3 חודשי,"מניות בחו""ל",,ממונפות,2026-01-31,1210000.0,מיטב,,True,True,0.014499999999999999,0.0,175.45,0.014499999999999999,175.45,0
1221670,MTF סל Indxx Top 10 US Oil Industry,Energy,,"מניות בחו""ל",2026-01-31,10140000.0,מגדל,,True,True,0.001,0.0,101.4,0.001,101.4,0
1222249,אי בי אי סל S&P Bitcoin,Bitcoin,,נכסים דיגיטליים,2026-01-31,1930000.0,אי.בי.אי,,True,True,0.002,0.0,38.6,0.002,38.6,0
1222439,MTF סל Indxx Top 10 Europe Defense מנוטרלת אירו,Aerospace & Defense,,"מניות בחו""ל",2026-01-31,32659999.999999996,מגדל,,True,True,0.001,0.0,326.59999999999997,0.001,326.59999999999997,0
1223866,אלטשולר שחם כספית מתחדשת חודשי לפדיון 16/02/2026,כספית שקלית עם קונצרני,,קרן כספית,2026-01-31,12800000.0,אלטשולר שחם,,False,False,0.0019,0.001,243.20000000000002,0.0009,115.2,1
1225994,"אי בי אי סל ת""א-35",Large Cap,,מניות בארץ,2026-01-31,158480000.0,אי.בי.אי,,True,True,0.001,0.0,1584.8000000000002,0.001,1584.8000000000002,0
1226927,"הראל סל ת""א-נפט וגז","נפט, גז ואנרגיה",,מניות בארץ,2026-01-31,14390000.0,הראל,,True,True,0.004,0.0,575.6,0.004,575.6,0
1230473,קסם MSCI China ETF,אסיה ופסיפיק- שווקים מתעוררים,,"מניות בחו""ל",2026-01-31,4670000.0,קסם,,True,True,0.005,0.0,233.5,0.005,233.5,0
1231919,הראל סל תל גוב-לא צמודות,שקליות ממשלתיות -  אחר,,"אג""ח בארץ- מדינה",2026-01-31,830000.0,הראל,,True,True,0.0015,0.0,12.450000000000001,0.0015,12.450000000000001,0
1233170,"הראל סל ת""א בטחוניות",תעשיה,,מניות בארץ,2026-01-31,186320000.0,הראל,,True,True,0.0034999999999999996,0.0,6521.2,0.0034999999999999996,6521.2,0
5100110,הראל מדורג שקלי ללא מניות,חברות והמרה שקלי ללא מניות,,"אג""ח בארץ- חברות והמרה",2026-01-31,76850000.0,הראל,,False,False,0.0085,0.0035,6532.250000000001,0.005000000000000001,3842.500000000001,0
5100144,איביאי יתר,מניות Small Cap,,מניות בארץ,2026-01-31,48210000.0,אי.בי.אי,,False,False,0.0271,0.0035,13064.909999999998,0.0236,11377.56,0
5100151,"קסם אקטיב ענקיות טכנולוגיה חו""ל","מניות לפי ענפים בחו""ל",,"מניות בחו""ל",2026-01-31,340980000.0,קסם,,False,False,0.0194,0.0035,66150.12,0.0159,54215.82000000001,0
5100169,הראל אודם,גמישות,,גמישות,2026-01-31,90860000.0,הראל,,False,False,0.011899999999999999,0.0035,10812.34,0.0084,7632.24,0
5100193,"אילים תיק אג""ח + 30%","אג""ח כללי בארץ- עד 30% מניות",,"אג""ח בארץ - כללי",2026-01-31,230000000.0,אילים,,False,False,0.0069,0.0035,15870.0,0.0034,7820.0,0
5100235,"אלטשולר שחם 10/90 תיק חו""ל","אג""ח חשופת דולר",,"אג""ח בחו""ל",2026-01-31,94100000.0,אלטשולר שחם,,False,False,0.0078000000000000005,0.0035,7339.8,0.0043,4046.3,0
5100243,קסם אקטיב מניות דיבידנד גלובלי,"מניות כללי בחו""ל חשופת מט""ח",,"מניות בחו""ל",2026-01-31,54560000.0,קסם,,False,False,0.0189,0.0035,10311.84,0.0154,8402.24,0
5100284,קסם אקטיב 10/90 תיק סולידי,"אג""ח כללי בארץ בדירוג גבוה (AA ומעלה ו/ או מדינה)- עד 10% מניות",,"אג""ח בארץ - כללי",2026-01-31,365920000.0,קסם,,False,False,0.008,0.0035,29273.600000000002,0.0045000000000000005,16466.4,0
5100300,"תמיר פישמן (!) אג""ח בינלאומי","אג""ח חשופת דולר",,"אג""ח בחו""ל",2026-01-31,40560000.0,תמיר פישמן,,False,False,0.0089,0.0035,3609.8399999999997,0.0054,2190.2400000000002,0
5100318,קסם אקטיב מדינה ללא מניות כשרה,"אג""ח מדינה כללי- ללא מניות",,"אג""ח בארץ- מדינה",2026-01-31,65280000.0,קסם,,False,False,0.0067,0.0035,4373.76,0.0032,2088.96,0
5100383,מיטב מדורגות A ומעלה,"חברות והמרה ללא מניות וללא סימן קריאה, עם מגבלת מח""מ עד 5 שנים",,"אג""ח בארץ- חברות והמרה",2026-01-31,221160000.0,מיטב,,False,False,0.0089,0.0035,19683.239999999998,0.0054,11942.640000000001,0
5100474,"מיטב ת""א 125",מניות Large & Mid Cap,,מניות בארץ,2026-01-31,1732140000.0,מיטב,,False,False,0.018500000000000003,0.0035,320445.9,0.015000000000000003,259821.00000000006,0
5100482,איביאי גלובל אקוויטי,"מניות כללי בחו""ל חשופת מט""ח",,"מניות בחו""ל",2026-01-31,100800000.0,אי.בי.אי,,False,False,0.021,0.0035,21168.0,0.0175,17640.000000000004,0
5100565,הראל מדינה שקלית ארוכה,"אג""ח מדינה שקליות- ללא מניות",,"אג""ח בארץ- מדינה",2026-01-31,118410000.0,הראל,,False,False,0.0069,0.0035,8170.29,0.0034,4025.94,0
5100581,קסם אקטיב שקלי - A ומעלה,חברות והמרה שקלי ללא מניות,,"אג""ח בארץ- חברות והמרה",2026-01-31,73540000.0,קסם,,False,False,0.0070999999999999995,0.0035,5221.339999999999,0.0035999999999999995,2647.4399999999996,0
5100615,"איביאי (!) אג""ח יורו בינלאומי","אג""ח חשופת מט""ח",,"אג""ח בחו""ל",2026-01-31,2810000.0,אי.בי.אי,,False,False,0.01,0.0035,281.0,0.006500000000000001,182.65000000000003,0
5100672,מיטב כספית דולרית,חשופת דולר,,קרן כספית,2026-01-31,273740000.0,מיטב,,False,False,0.0028000000000000004,0.001,7664.720000000001,0.0018000000000000004,4927.320000000001,1
5100680,מגדל עוקבת תיק מרכיב הנזילות הבנק הבינלאומי,"חברות והמרה ללא מניות וללא סימן קריאה, עם מגבלת מח""מ עד 5 שנים",,"אג""ח בארץ- חברות והמרה",2026-01-31,27230000.0,מגדל,,False,False,0.0049,0.0035,1334.27,0.0013999999999999998,381.21999999999997,0
5100771,"הראל סקטורים עולמי עד 30% מט""ח","מניות כללי בחו""ל מוגנת מט""ח",,"מניות בחו""ל",2026-01-31,43850000.0,הראל,,False,False,0.011699999999999999,0.0035,5130.449999999999,0.008199999999999999,3595.6999999999994,0
5100813,"אלטשולר שחם תיק אג""ח שקלי","אג""ח כללי בארץ ללא מניות וללא סימן קריאה",,"אג""ח בארץ - כללי",2026-01-31,451870000.0,אלטשולר שחם,,False,False,0.0078000000000000005,0.0035,35245.86,0.0043,19430.41,0
5100821,"איביאי מניות ארה""ב","ארה""ב חשופת מט""ח",,"מניות בחו""ל",2026-01-31,93680000.0,אי.בי.אי,,False,False,0.0225,0.0035,21078.0,0.019,17799.199999999997,0
5100953,קסם אקטיב תיק מנוהל,"אג""ח כללי בארץ - חשיפה מרבית מעל 30% מניות",,"אג""ח בארץ - כללי",2026-01-31,162420000.0,קסם,,False,False,0.0045000000000000005,0.0035,7308.900000000001,0.0010000000000000005,1624.2000000000007,0
5100961,מיטב זהב,"מניות לפי ענפים בחו""ל",,"מניות בחו""ל",2026-01-31,75260000.0,מיטב,,False,False,0.0252,0.0035,18965.52,0.0217,16331.420000000002,0
5101019,"מיטב מניות טכנולוגיה חו""ל","מניות לפי ענפים בחו""ל",,"מניות בחו""ל",2026-01-31,472610000.0,מיטב,,False,False,0.0169,0.0035,79871.09,0.013399999999999999,63329.73999999999,0
5101092,"אנליסט טכנולוגיות חו""ל","מניות לפי ענפים בחו""ל",,"מניות בחו""ל",2026-01-31,435590000.0,אנליסט,,False,False,0.0195,0.0035,84940.05,0.016,69694.40000000001,0
5101118,"איילון ארה""ב חייבת","ארה""ב חשופת מט""ח",,"מניות בחו""ל",2026-01-31,90160000.0,איילון,,False,False,0.0095,0.0035,8565.199999999999,0.006,5409.6,0
5101159,איילון מניות US,"ארה""ב חשופת מט""ח",,"מניות בחו""ל",2026-01-31,39730000.0,איילון,,False,False,0.0195,0.0035,7747.349999999999,0.016,6356.8,0
5101183,איביאי ביוטכנלוגיה גלובלי,"מניות לפי ענפים בחו""ל",,"מניות בחו""ל",2026-01-31,17530000.0,אי.בי.אי,,False,False,0.011000000000000001,0.0035,1928.3000000000004,0.0075000000000000015,1314.7500000000005,0
5101191,מגדל 25/75 פלוס,"אג""ח כללי בארץ- עד 25% מניות",,"אג""ח בארץ - כללי",2026-01-31,49600000.0,מגדל,,False,False,0.0089,0.0035,4414.4,0.0054,2678.4,0
5101233,סיגמא מניות ערך גלובלי,"מניות כללי בחו""ל חשופת מט""ח",,"מניות בחו""ל",2026-01-31,44940000.0,סיגמא,,False,False,0.0242,0.0035,10875.48,0.0207,9302.58,0
5101258,אנליסט מניות ישראל Large & Mid Cap,מניות Large & Mid Cap,,מניות בארץ,2026-01-31,498540000.0,אנליסט,,False,False,0.0169,0.0035,84253.26,0.013399999999999999,66804.35999999999,0
5101266,"אנליסט נדל""ן",מניות לפי ענפים,,מניות בארץ,2026-01-31,44910000.0,אנליסט,,False,False,0.018500000000000003,0.0035,8308.35,0.015000000000000003,6736.500000000002,0
5101308,"קסם אקטיב ארה""ב חייבת","ארה""ב חשופת מט""ח",,"מניות בחו""ל",2026-01-31,41440000.0,קסם,,False,False,0.014499999999999999,0.0035,6008.8,0.011,4558.4,0
5101381,איילון מניות,מניות All Cap,,מניות בארץ,2026-01-31,22020000.0,איילון,,False,False,0.024900000000000002,0.0035,5482.9800000000005,0.021400000000000002,4712.280000000001,0
5101399,"סיגמא אג""ח מדינה","אג""ח מדינה כללי- ללא מניות",,"אג""ח בארץ- מדינה",2026-01-31,177740000.0,סיגמא,,False,False,0.0064,0.0035,11375.359999999999,0.0029000000000000002,5154.460000000001,0
5101431,קסם אקטיב שווקים מתעוררים,"מניות גיאוגרפי אחר חשופת מט""ח",,"מניות בחו""ל",2026-01-31,5590000.0,קסם,,False,False,0.0195,0.0035,1090.05,0.016,894.4000000000001,0
5101480,"קסם אקטיב אג""ח + 25%","אג""ח כללי בארץ- עד 25% מניות",,"אג""ח בארץ - כללי",2026-01-31,81150000.0,קסם,,False,False,0.0068000000000000005,0.0035,5518.2,0.0033000000000000004,2677.9500000000003,0
5101506,"מור מחקה ת""א 35",Large Cap,,מניות בארץ,2026-01-31,142840000.0,מור,,True,False,0.0045000000000000005,0.0,6427.8,0.0045000000000000005,6427.8,0
5101563,מיטב מדינה שקלית כשרה,"אג""ח מדינה שקליות- ללא מניות",,"אג""ח בארץ- מדינה",2026-01-31,78090000.0,מיטב,,False,False,0.0069,0.0035,5388.21,0.0034,2655.06,0
5101571,מגדל מדינה שקלים ארוכים,"אג""ח מדינה שקליות- ללא מניות",,"אג""ח בארץ- מדינה",2026-01-31,246420000.0,מגדל,,False,False,0.0069,0.0035,17002.98,0.0034,8378.28,0
5101621,"קסם אקטיב אג""ח גלובלי מדורג","אג""ח חשופת מט""ח",,"אג""ח בחו""ל",2026-01-31,77690000.0,קסם,,False,False,0.0075,0.0035,5826.749999999999,0.004,3107.6000000000004,0
5101639,אנליסט השקעות,גמישות,,גמישות,2026-01-31,458190000.0,אנליסט,,False,False,0.0194,0.0035,88888.86,0.0159,72852.21,0
5101670,"הראל (!) אג""ח תאגידים",חברות והמרה עם מניות ועם סימן קריאה,,"אג""ח בארץ- חברות והמרה",2026-01-31,37390000.0,הראל,,False,False,0.006500000000000001,0.0035,2430.3500000000004,0.0030000000000000005,1121.7,0
5101704,הראל (!) קונצרני פלוס,חברות והמרה עם מניות ועם סימן קריאה,,"אג""ח בארץ- חברות והמרה",2026-01-31,6160000.0,הראל,,False,False,0.0059,0.0035,363.44,0.0024,147.83999999999997,0
5101712,"הראל אג""ח חו""ל יורו","אג""ח חשופת מט""ח",,"אג""ח בחו""ל",2026-01-31,15660000.0,הראל,,False,False,0.011699999999999999,0.0035,1832.2199999999998,0.008199999999999999,1284.12,0
5101795,איילון סולידית + 10%,"אג""ח כללי בארץ בדירוג גבוה (AA ומעלה ו/ או מדינה)- עד 10% מניות",,"אג""ח בארץ - כללי",2026-01-31,23040000.0,איילון,,False,False,0.006500000000000001,0.0035,1497.6000000000001,0.0030000000000000005,691.2,0
5101811,איילון מדינה שקלית פלוס 10%,"אג""ח מדינה שקליות- עד 10% מניות",,"אג""ח בארץ- מדינה",2026-01-31,10650000.0,איילון,,False,False,0.0064,0.0035,681.6,0.0029000000000000002,308.85,0
5101902,"איביאי אג""ח $ חו""ל נקובה $ - תיק עד 3 שנים","אג""ח נקובת מט""ח",,"אג""ח בחו""ל",2026-01-31,32850000.0,אי.בי.אי,,False,False,0.0066,0.0035,2168.1000000000004,0.0031,1018.35,0
5101951,מיטב גז ונפט,מניות לפי ענפים,,מניות בארץ,2026-01-31,78500000.0,מיטב,,False,False,0.020499999999999997,0.0035,16092.499999999998,0.016999999999999998,13344.999999999998,0
5102132,איביאי מניות,מניות All Cap,,מניות בארץ,2026-01-31,329620000.0,אי.בי.אי,,False,False,0.0229,0.0035,75482.98000000001,0.0194,63946.28,0
5102157,איילון פאי תיק 30/70,"אג""ח כללי בארץ- עד 30% מניות",,"אג""ח בארץ - כללי",2026-01-31,47110000.0,איילון,,False,False,0.0085,0.0035,4004.3500000000004,0.005000000000000001,2355.5000000000005,0
5102207,מיטב LONG RUN,גמישות,,גמישות,2026-01-31,348690000.0,מיטב,,False,False,0.0148,0.0035,51606.12000000001,0.011300000000000001,39401.97,0
5102256,"מיטב מניות ארה""ב","ארה""ב חשופת מט""ח",,"מניות בחו""ל",2026-01-31,684600000.0,מיטב,,False,False,0.0176,0.0035,120489.60000000002,0.014100000000000001,96528.6,0
5102298,"אלטשולר שחם ת""א MID CAP STOCK PICKING",מניות Large & Mid Cap,,מניות בארץ,2026-01-31,301770000.0,אלטשולר שחם,,False,False,0.015,0.0035,45265.49999999999,0.0115,34703.55,0
5102330,מיטב תיק השקעות 25/75,"אג""ח כללי בארץ- עד 25% מניות",,"אג""ח בארץ - כללי",2026-01-31,318990000.0,מיטב,,False,False,0.0089,0.0035,28390.109999999997,0.0054,17225.460000000003,0
5102371,"הראל אג""ח דולר בינלאומי","אג""ח חשופת דולר",,"אג""ח בחו""ל",2026-01-31,331280000.0,הראל,,False,False,0.0076,0.0035,25177.280000000002,0.0040999999999999995,13582.479999999998,0
5102421,קסם אקטיב עוקבת תיק 2 הבנק הבינלאומי,"אג""ח כללי בארץ- עד 15% מניות",,"אג""ח בארץ - כללי",2026-01-31,455400000.0,קסם,,False,False,0.0076,0.0035,34610.4,0.0040999999999999995,18671.399999999998,0
5102470,הראל מדינה שקלי 0-3 שנים + 10%,"אג""ח מדינה שקליות- עד 10% מניות",,"אג""ח בארץ- מדינה",2026-01-31,41300000.0,הראל,,False,False,0.013500000000000002,0.0035,5575.500000000001,0.010000000000000002,4130.000000000001,0
5102488,הראל ישראל 25/75,"אג""ח כללי בארץ- עד 25% מניות",,"אג""ח בארץ - כללי",2026-01-31,462480000.0,הראל,,False,False,0.0063,0.0035,29136.24,0.0028,12949.44,0
5102652,"הראל אירופה עד 30% מט""ח","מניות גיאוגרפי מוגנת מט""ח",,"מניות בחו""ל",2026-01-31,6470000.0,הראל,,False,False,0.0115,0.0035,744.0500000000001,0.008,517.6,0
5102678,מגדל תיק השקעות 30/70,"אג""ח כללי בארץ- עד 30% מניות",,"אג""ח בארץ - כללי",2026-01-31,411700000.0,מגדל,,False,False,0.0079,0.0035,32524.300000000003,0.004400000000000001,18114.800000000007,0
5102850,"הראל אג""ח סולידית מחלקת","אג""ח כללי בארץ ללא מניות וללא סימן קריאה, עם מגבלת מח""מ עד 5 שנים",,"אג""ח בארץ - כללי",2026-01-31,22250000.0,הראל,,False,False,0.011699999999999999,0.0035,2603.2499999999995,0.008199999999999999,1824.4999999999998,0
5102876,הראל תשתיות ישראל,מניות לפי ענפים,,מניות בארץ,2026-01-31,89510000.0,הראל,,False,False,0.0125,0.0035,11188.75,0.009000000000000001,8055.900000000001,0
5102926,מגדל עוקבת תיק 2 הבנק הבינלאומי,"אג""ח כללי בארץ- עד 15% מניות",,"אג""ח בארץ - כללי",2026-01-31,183660000.0,מגדל,,False,False,0.0079,0.0035,14509.140000000001,0.004400000000000001,8081.040000000003,0
5102991,מגדל כספית שקלית,כספית שקלית עם קונצרני,,קרן כספית,2026-01-31,5783830000.0,מגדל,,False,False,0.0023899999999999998,0.001,138233.53699999998,0.0013899999999999997,80395.23699999998,1
5103056,"קסם אקטיב אג""ח","אג""ח כללי בארץ ללא מניות וללא סימן קריאה",,"אג""ח בארץ - כללי",2026-01-31,179740000.0,קסם,,False,False,0.0115,0.0035,20670.100000000002,0.008,14379.2,0
5103106,"קסם אקטיב אג""ח גלובלי - מנוטרלת מט""ח","אג""ח מוגנת מט""ח",,"אג""ח בחו""ל",2026-01-31,131199999.99999999,קסם,,False,False,0.0075,0.002,9839.999999999998,0.0055,7215.999999999998,0
5103114,קסם אקטיב מדינה צמוד + 10%,"אג""ח מדינה צמוד מדד- עד 10% מניות",,"אג""ח בארץ- מדינה",2026-01-31,411250000.0,קסם,,False,False,0.0068000000000000005,0.0035,27965.0,0.0033000000000000004,13571.250000000002,0
5103148,"מגדל סקטורים ארה""ב - מנוטרלת מט""ח","מניות גיאוגרפי מוגנת מט""ח",,"מניות בחו""ל",2026-01-31,73150000.0,מגדל,,False,False,0.015,0.0035,10972.499999999998,0.0115,8412.25,0
5103163,מגדל בונד שקלי A ומעלה +10%,חברות והמרה שקלי עם מניות,,"אג""ח בארץ- חברות והמרה",2026-01-31,16690000.000000002,מגדל,,False,False,0.0059,0.0035,984.71,0.0024,400.56,0
5103247,"הראל אג""ח מדינות בחו""ל - נקובה $","אג""ח נקובת מט""ח",,"אג""ח בחו""ל",2026-01-31,62190000.0,הראל,,False,False,0.005,0.0035,3109.5,0.0015,932.85,0
5103296,"מיטב מניות ת""א MID CAP",מניות Large & Mid Cap,,מניות בארץ,2026-01-31,382840000.0,מיטב,,False,False,0.0179,0.0035,68528.36,0.0144,55128.96,0
5103304,"מגדל מעו""ף כפליים",ממונפות בסיכון גבוה,,ממונפות ואסטרטגיות,2026-01-31,65849999.99999999,מגדל,,False,False,0.0281,0.0035,18503.85,0.0246,16199.099999999999,0
5103361,"קסם אקטיב אג""ח מדינה","אג""ח מדינה כללי- ללא מניות",,"אג""ח בארץ- מדינה",2026-01-31,40380000.0,קסם,,False,False,0.010700000000000001,0.002,4320.660000000001,0.008700000000000001,3513.0600000000004,0
5103387,"קסם אקטיב (!) קונצרני חו""ל מנוטרלת מט""ח חייבת","אג""ח מוגנת מט""ח",,"אג""ח בחו""ל",2026-01-31,239300000.0,קסם,,False,False,0.0059,0.0035,14118.699999999999,0.0024,5743.199999999999,0
5103403,הראל כספית דולר נזיל חייבת,חשופת דולר,,קרן כספית,2026-01-31,42760000.0,הראל,,False,False,0.0059,0.001,2522.8399999999997,0.0049,2095.24,1
5103486,קסם אקטיב מניות US,"ארה""ב חשופת מט""ח",,"מניות בחו""ל",2026-01-31,9790000.0,קסם,,False,False,0.017,0.0035,1664.3000000000002,0.013500000000000002,1321.6500000000003,0
5103494,איביאי מניות ישראל Large & Mid Cap,מניות Large & Mid Cap,,מניות בארץ,2026-01-31,91310000.0,אי.בי.אי,,False,False,0.0155,0.0035,14153.05,0.012,10957.2,0
5103510,אי.בי.אי. כספית שקלית,כספית שקלית עם קונצרני,,קרן כספית,2026-01-31,2377090000.0,אי.בי.אי,,False,False,0.002,0.001,47541.8,0.001,23770.9,1
5103569,כוון 30/70,"אג""ח כללי בארץ- עד 30% מניות",,"אג""ח בארץ - כללי",2026-01-31,16149999.999999998,איילון,כוון,False,False,0.0079,0.0035,1275.85,0.004400000000000001,710.6000000000001,0
5103585,"מגדל אג""ח $ בינלאומי - נקובה דולר","אג""ח נקובת מט""ח",,"אג""ח בחו""ל",2026-01-31,33820000.0,מגדל,,False,False,0.0095,0.0035,3212.8999999999996,0.006,2029.2,0
5103593,איביאי סין,"מניות גיאוגרפי אחר חשופת מט""ח",,"מניות בחו""ל",2026-01-31,23450000.0,אי.בי.אי,,False,False,0.0195,0.0035,4572.75,0.016,3752.0000000000005,0
5103676,"מגדל אג""ח ללא מניות","אג""ח כללי בארץ ללא מניות וללא סימן קריאה",,"אג""ח בארץ - כללי",2026-01-31,237640000.0,מגדל,,False,False,0.0069,0.0035,16397.16,0.0034,8079.76,0
5103692,מיטב סקיי מניות,מניות All Cap,,מניות בארץ,2026-01-31,622450000.0,מיטב,,False,False,0.0159,0.0035,98969.55,0.012400000000000001,77183.8,0
5103700,"אלטשולר שחם נדל""ן",מניות לפי ענפים,,מניות בארץ,2026-01-31,152670000.0,אלטשולר שחם,,False,False,0.0124,0.0035,18931.08,0.0089,13587.63,0
5103718,"קסם אקטיב אג""ח חו""ל 2029 נקובה בדולר","אג""ח נקובת מט""ח",,"אג""ח בחו""ל",2026-01-31,102970000.0,קסם,,False,False,0.0046,0.0035,4736.62,0.0010999999999999998,1132.6699999999998,0
5103726,קסם אקטיב תיק + 20% - אגד חוץ,אגד חוץ,,אגד קרנות,2026-01-31,14370000.0,קסם,,False,False,0.0075,0.0035,1077.75,0.004,574.8000000000001,0
5103759,מגדל הודו,"מניות גיאוגרפי אחר חשופת מט""ח",,"מניות בחו""ל",2026-01-31,51540000.0,מגדל,,False,False,0.0195,0.0035,10050.3,0.016,8246.400000000001,0
5103767,מיטב עוקבת תיק 1 הבנק הבינלאומי,"אג""ח כללי בארץ- עד 5% מניות",,"אג""ח בארץ - כללי",2026-01-31,69140000.0,מיטב,,False,False,0.0069,0.0035,4770.66,0.0034,2350.7599999999998,0
5103809,איילון 15/85,"אג""ח כללי בארץ- עד 15% מניות",,"אג""ח בארץ - כללי",2026-01-31,24330000.0,איילון,,False,False,0.006500000000000001,0.0035,1581.4500000000003,0.0030000000000000005,729.9000000000001,0
5103999,הראל ספיר מניות,מניות All Cap,,מניות בארץ,2026-01-31,123470000.0,הראל,,False,False,0.0059,0.0035,7284.73,0.0024,2963.2799999999997,0
5104153,מיטב מניות ישראל,מניות All Cap,,מניות בארץ,2026-01-31,236390000.0,מיטב,,False,False,0.0168,0.0035,39713.52,0.0133,31439.869999999995,0
5104237,"אנליסט (!) אג""ח חו""ל ללא מניות","אג""ח חשופת מט""ח",,"אג""ח בחו""ל",2026-01-31,77250000.0,אנליסט,,False,False,0.0079,0.0035,6102.750000000001,0.004400000000000001,3399.000000000001,0
5104252,קסם אקטיב עוקבת מרכיב נזילות הבנק הבינלאומי,"חברות והמרה ללא מניות וללא סימן קריאה, עם מגבלת מח""מ עד 5 שנים",,"אג""ח בארץ- חברות והמרה",2026-01-31,76570000.0,קסם,,False,False,0.0052,0.0035,3981.64,0.0016999999999999997,1301.6899999999998,0
5104278,קסם אקטיב יפן,"מניות גיאוגרפי אחר חשופת מט""ח",,"מניות בחו""ל",2026-01-31,19380000.0,קסם,,False,False,0.0195,0.0035,3779.1,0.016,3100.8,0
5104328,אנליסט אסטרטגיות,אסטרטגיות (לא ממונפות),,ממונפות ואסטרטגיות,2026-01-31,12690000.0,אנליסט,,False,False,0.0352,0.0035,4466.880000000001,0.0317,4022.73,0
5104393,"איביאי (!) אג""ח דולר בינלאומי","אג""ח חשופת דולר",,"אג""ח בחו""ל",2026-01-31,122290000.0,אי.בי.אי,,False,False,0.0098,0.0035,11984.42,0.0063,7704.27,0
5104419,"מגדל אסטרטגיות אג""ח מדינה",אסטרטגיות (לא ממונפות),,ממונפות ואסטרטגיות,2026-01-31,48130000.0,מגדל,,False,False,0.0109,0.0035,5246.17,0.0074,3561.6200000000003,0
5104476,הראל 10/90 - כשרה,"אג""ח כללי בארץ- עד 10% מניות ללא סימן קריאה",,"אג""ח בארץ - כללי",2026-01-31,58720000.0,הראל,,False,False,0.0123,0.0035,7222.56,0.0088,5167.360000000001,0
5104518,תמיר פישמן 15/85,"אג""ח כללי בארץ- עד 15% מניות",,"אג""ח בארץ - כללי",2026-01-31,653440000.0,תמיר פישמן,,False,False,0.0069,0.0035,45087.36,0.0034,22216.96,0
5104666,"מגדל MID CAP גרמניה מנוטרלת מט""ח","מניות גיאוגרפי מוגנת מט""ח",,"מניות בחו""ל",2026-01-31,6960000.0,מגדל,,False,False,0.018500000000000003,0.0035,1287.6000000000001,0.015000000000000003,1044.0000000000002,0
5104732,הפניקס קסם תיק קונצרני מדורג,חברות והמרה ללא מניות וללא סימן קריאה,,"אג""ח בארץ- חברות והמרה",2026-01-31,526070000.00000006,קסם,,False,False,0.0089,0.0035,46820.23,0.0054,28407.780000000006,0
5104773,קסם אקטיב (!) תיק קונצרני עד 4 שנים,חברות והמרה ללא מניות עם סימן קריאה,,"אג""ח בארץ- חברות והמרה",2026-01-31,411940000.0,קסם,,False,False,0.0077,0.0035,31719.38,0.004200000000000001,17301.480000000003,0
5104781,קסם אקטיב מניות אירופה,"מניות גיאוגרפי אחר חשופת מט""ח",,"מניות בחו""ל",2026-01-31,25920000.0,קסם,,False,False,0.0194,0.0035,5028.48,0.0159,4121.280000000001,0
5104823,הראל נבחרת 10/90,"אג""ח כללי בארץ- עד 10% מניות ללא סימן קריאה",,"אג""ח בארץ - כללי",2026-01-31,254220000.0,הראל,,False,False,0.0069,0.0035,17541.18,0.0034,8643.48,0
5104831,מגדל עוקבת תיק 1 הבנק הבינלאומי,"אג""ח כללי בארץ- עד 5% מניות",,"אג""ח בארץ - כללי",2026-01-31,52600000.0,מגדל,,False,False,0.006500000000000001,0.0035,3419.0000000000005,0.0030000000000000005,1578.0000000000002,0
5104849,"מגדל (!) אג""ח חברות",חברות והמרה ללא מניות עם סימן קריאה,,"אג""ח בארץ- חברות והמרה",2026-01-31,381990000.0,מגדל,,False,False,0.0088,0.0035,33615.12,0.005300000000000001,20245.47,0
5104922,איילון מניות בנקים,מניות לפי ענפים,,מניות בארץ,2026-01-31,1255100000.0,איילון,,False,False,0.0115,0.0035,144336.5,0.008,100408.00000000001,0
5104948,קסם אקטיב אירופה,"מניות גיאוגרפי אחר חשופת מט""ח",,"מניות בחו""ל",2026-01-31,10300000.0,קסם,,False,False,0.0195,0.0035,2008.5,0.016,1648.0000000000002,0
5105143,מיטב בונד A ומעלה,חברות והמרה עם מניות ללא סימן קריאה,,"אג""ח בארץ- חברות והמרה",2026-01-31,253980000.0,מיטב,,False,False,0.0102,0.0035,25905.960000000003,0.006700000000000001,17016.660000000003,0
5105176,הפניקס קסם ממשלתי שקלי,"אג""ח מדינה שקליות- ללא מניות",,"אג""ח בארץ- מדינה",2026-01-31,280060000.0,קסם,,False,False,0.0085,0.0035,23805.100000000002,0.005000000000000001,14003.000000000002,0
5105218,אלטשולר שחם ירוקה גלובלי,"מניות לפי ענפים בחו""ל",,"מניות בחו""ל",2026-01-31,32880000.000000004,אלטשולר שחם,,False,False,0.0225,0.0035,7398.000000000001,0.019,6247.2,0
5105259,מגדל אפיקים 15/85,"אג""ח כללי בארץ- עד 15% מניות",,"אג""ח בארץ - כללי",2026-01-31,429110000.0,מגדל,,False,False,0.0089,0.0035,38190.79,0.0054,23171.940000000002,0
5105267,ברומטר 15/85,"אג""ח כללי בארץ- עד 15% מניות",,"אג""ח בארץ - כללי",2026-01-31,741820000.0,איילון,ברומטר,False,False,0.009300000000000001,0.0035,68989.26000000001,0.005800000000000001,43025.56000000001,0
5105317,כוון 20/80,"אג""ח כללי בארץ- עד 20% מניות",,"אג""ח בארץ - כללי",2026-01-31,22000000.0,איילון,כוון,False,False,0.0089,0.0035,1958.0,0.0054,1188.0,0
5105382,"אילים אג""ח מדינה + 10%","אג""ח מדינה כללי- עד 10% מניות",,"אג""ח בארץ- מדינה",2026-01-31,501150000.0,אילים,,False,False,0.0069,0.0035,34579.35,0.0034,17039.1,0
5105390,"הראל (!) אג""ח עולמי","אג""ח חשופת מט""ח",,"אג""ח בחו""ל",2026-01-31,59540000.0,הראל,,False,False,0.0078000000000000005,0.0035,4644.12,0.0043,2560.2200000000003,0
5105531,אלטשולר שחם S&P 500,"ארה""ב חשופת מט""ח",,"מניות בחו""ל",2026-01-31,630270000.0,אלטשולר שחם,,False,False,0.016,0.0035,100843.20000000001,0.0125,78783.75,0
5105580,מיטב עוקבת תיק 2 הבנק הבינלאומי,"אג""ח כללי בארץ- עד 15% מניות",,"אג""ח בארץ - כללי",2026-01-31,449140000.0,מיטב,,False,False,0.0074,0.0035,33236.36000000001,0.0039000000000000003,17516.46,0
5105614,"איילון 10/90 תיק אג""ח חול - נקובה $","אג""ח נקובת מט""ח",,"אג""ח בחו""ל",2026-01-31,94620000.0,איילון,,False,False,0.0088,0.0035,8326.560000000001,0.005300000000000001,5014.860000000001,0
5105648,קסם אקטיב קונצרני A ומעלה,"חברות והמרה ללא מניות וללא סימן קריאה, עם מגבלת מח""מ עד 5 שנים",,"אג""ח בארץ- חברות והמרה",2026-01-31,441080000.0,קסם,,False,False,0.0072,0.0035,31757.760000000002,0.0036999999999999997,16319.96,0
5105697,"אלטשולר שחם (!) אג""ח חברות ללא מניות",חברות והמרה ללא מניות עם סימן קריאה,,"אג""ח בארץ- חברות והמרה",2026-01-31,308610000.0,אלטשולר שחם,,False,False,0.0124,0.0035,38267.64,0.0089,27466.289999999997,0
5105705,אלטשולר שחם 25-75,"אג""ח כללי בארץ- עד 25% מניות",,"אג""ח בארץ - כללי",2026-01-31,139310000.0,אלטשולר שחם,,False,False,0.0079,0.0035,11005.490000000002,0.004400000000000001,6129.640000000002,0
5105713,מיטב (!) אגד חוץ BOND נקוב $,אגד חוץ,,אגד קרנות,2026-01-31,24090000.0,מיטב,,False,False,0.0123,0.0035,2963.07,0.0088,2119.92,0
5105820,אלטשולר שחם כספית ללא קונצרני,כספית שקלית ללא קונצרני,,קרן כספית,2026-01-31,1228600000.0,אלטשולר שחם,,False,False,0.0021,0.001,25800.6,0.0010999999999999998,13514.599999999997,1
5105846,"קסם אקטיב (!) תיק אג""ח ללא מניות","אג""ח כללי בארץ ללא מניות עם סימן קריאה",,"אג""ח בארץ - כללי",2026-01-31,771920000.0,קסם,,False,False,0.0064,0.0035,49402.88,0.0029000000000000002,22385.680000000004,0
5105895,אלטשולר שחם - קרן ממונפת,ממונפות בסיכון גבוה,,ממונפות ואסטרטגיות,2026-01-31,61690000.0,אלטשולר שחם,,False,False,0.022000000000000002,0.0035,13571.800000000003,0.018500000000000003,11412.650000000001,0
5105903,אלטשולר שחם יתר,מניות Small Cap,,מניות בארץ,2026-01-31,148970000.0,אלטשולר שחם,,False,False,0.025,0.0035,37242.5,0.021500000000000002,32028.550000000003,0
5105911,"אלטשולר שחם (!) אג""ח גלובלי ללא מניות","אג""ח חשופת מט""ח",,"אג""ח בחו""ל",2026-01-31,178190000.0,אלטשולר שחם,,False,False,0.0095,0.0035,16928.05,0.006,10691.4,0
5105929,"אנליסט מניות ארה""ב","ארה""ב חשופת מט""ח",,"מניות בחו""ל",2026-01-31,86990000.0,אנליסט,,False,False,0.024,0.0035,20877.600000000002,0.0205,17832.95,0
5105978,קסם אקטיב מדינה צמוד ללא מניות,"אג""ח מדינה צמוד מדד- ללא מניות",,"אג""ח בארץ- מדינה",2026-01-31,566390000.0,קסם,,False,False,0.0070999999999999995,0.0035,40213.689999999995,0.0035999999999999995,20390.039999999997,0
5106158,"איילון אג""ח חברות ללא מניות",חברות והמרה ללא מניות וללא סימן קריאה,,"אג""ח בארץ- חברות והמרה",2026-01-31,32509999.999999996,איילון,,False,False,0.0078000000000000005,0.0035,2535.7799999999997,0.0043,1397.9299999999998,0
5106190,מגדל (!) תיק השקעות קונצרני ישראל,חברות והמרה עם מניות ועם סימן קריאה,,"אג""ח בארץ- חברות והמרה",2026-01-31,85930000.0,מגדל,,False,False,0.0152,0.0035,13061.36,0.0117,10053.81,0
5106208,מגדל (!) 10/90,"אג""ח כללי בארץ- עד 10% מניות ועם סימן קריאה",,"אג""ח בארץ - כללי",2026-01-31,391040000.0,מגדל,,False,False,0.0059,0.0035,23071.36,0.0024,9384.96,0
5106273,ילין לפידות מנייתית,מניות All Cap,,מניות בארץ,2026-01-31,1466610000.0,ילין לפידות,,False,False,0.0232,0.0035,340253.51999999996,0.0197,288922.17,0
5106422,הראל נבחרת 20/80,"אג""ח כללי בארץ- עד 20% מניות",,"אג""ח בארץ - כללי",2026-01-31,75490000.0,הראל,,False,False,0.0059,0.0035,4453.91,0.0024,1811.7599999999998,0
5106430,הראל (!) תיק השקעות,חברות והמרה בסיכון גבוה,,"אג""ח בארץ- חברות והמרה",2026-01-31,19970000.0,הראל,,False,False,0.0089,0.0035,1777.33,0.0054,1078.38,0
5106547,"מגדל אג""ח לפדיון עד 2027","אג""ח כללי בארץ ללא מניות וללא סימן קריאה, עם מגבלת מח""מ עד 5 שנים",,"אג""ח בארץ - כללי",2026-01-31,227830000.0,מגדל,,False,False,0.0055000000000000005,0.0035,12530.650000000001,0.0020000000000000005,4556.600000000001,0
5106562,"FOREST אגם - אג""ח מדינה","אג""ח מדינה כללי- ללא מניות",,"אג""ח בארץ- מדינה",2026-01-31,1065619999.9999999,פורסט,,False,False,0.0059,0.0035,62871.57999999999,0.0024,25574.879999999994,0
5106653,הפניקס קסם תיק מניות עולמי - נקובה $,"מניות בחו""ל נקובת מט""ח",,"מניות בחו""ל",2026-01-31,46930000.0,קסם,,False,False,0.0174,0.0035,8165.82,0.0139,6523.2699999999995,0
5106729,"איילון אג""ח מדורג A ומעלה","חברות והמרה ללא מניות וללא סימן קריאה, עם מגבלת מח""מ עד 5 שנים",,"אג""ח בארץ- חברות והמרה",2026-01-31,5760000.0,איילון,,False,False,0.0089,0.0035,512.64,0.0054,311.04,0
5106737,איילון שקלית מדינה ללא מניות,"אג""ח מדינה שקליות- ללא מניות",,"אג""ח בארץ- מדינה",2026-01-31,9990000.0,איילון,,False,False,0.0045000000000000005,0.002,449.55,0.0025000000000000005,249.75000000000006,0
5106745,"איילון אג""ח + 10%","אג""ח כללי בארץ- עד 10% מניות ללא סימן קריאה",,"אג""ח בארץ - כללי",2026-01-31,141350000.0,איילון,,False,False,0.0073,0.0035,10318.55,0.0038,5371.3,0
5106778,איילון מדינה + 10%,"אג""ח מדינה כללי- עד 10% מניות",,"אג""ח בארץ- מדינה",2026-01-31,25100000.0,איילון,,False,False,0.005699999999999999,0.0035,1430.6999999999998,0.0021999999999999993,552.1999999999998,0
5106810,אילים נבחרת מניות LARGE & MID CAP ישראל,מניות Large & Mid Cap,,מניות בארץ,2026-01-31,2113250000.0,אילים,,False,False,0.0105,0.0035,221891.25,0.007000000000000001,147927.50000000003,0
5106885,"הראל מניות חו""ל","מניות כללי בחו""ל חשופת מט""ח",,"מניות בחו""ל",2026-01-31,100490000.0,הראל,,False,False,0.0195,0.0035,19595.55,0.016,16078.400000000001,0
5106968,"סיגמא ת""א 125 מודל ESG",מניות Large & Mid Cap,,מניות בארץ,2026-01-31,30560000.0,סיגמא,,False,False,0.014499999999999999,0.0035,4431.2,0.011,3361.6,0
5106992,"מיטב (!) הזדמנויות אג""ח בסיכון גבוה",חברות והמרה בסיכון גבוה,,"אג""ח בארץ- חברות והמרה",2026-01-31,219490000.0,מיטב,,False,False,0.0152,0.0035,33362.48,0.0117,25680.329999999998,0
5107131,"מיטב (!) אג""ח חברות",חברות והמרה ללא מניות עם סימן קריאה,,"אג""ח בארץ- חברות והמרה",2026-01-31,429850000.0,מיטב,,False,False,0.0102,0.0035,43844.700000000004,0.006700000000000001,28799.950000000008,0
5107156,הראל קונצרני A ומעלה,חברות והמרה ללא מניות וללא סימן קריאה,,"אג""ח בארץ- חברות והמרה",2026-01-31,84300000.0,הראל,,False,False,0.0059,0.0035,4973.7,0.0024,2023.1999999999998,0
5107305,"איביאי מק""מ","אג""ח מדינה שקליות- ללא מניות",,"אג""ח בארץ- מדינה",2026-01-31,29580000.0,אי.בי.אי,,False,False,0.0046,0.002,1360.68,0.0026,769.0799999999999,0
5107313,"איביאי מק""מ פלוס","אג""ח מדינה שקליות- עד 10% מניות",,"אג""ח בארץ- מדינה",2026-01-31,147790000.0,אי.בי.אי,,False,False,0.0045000000000000005,0.002,6650.55,0.0025000000000000005,3694.7500000000005,0
5107321,סיגמא בונד שקלי A ומעלה,חברות והמרה שקלי ללא מניות,,"אג""ח בארץ- חברות והמרה",2026-01-31,52260000.0,סיגמא,,False,False,0.0069,0.0035,3605.9399999999996,0.0034,1776.84,0
5107362,"איביאי אג""ח גלובלי","אג""ח חשופת מט""ח",,"אג""ח בחו""ל",2026-01-31,7770000.0,אי.בי.אי,,False,False,0.0097,0.0035,753.6899999999999,0.006200000000000001,481.74,0
5107420,איביאי עד 3 שנים 20/80,"אג""ח כללי בארץ- עד 20% מניות",,"אג""ח בארץ - כללי",2026-01-31,1110460000.0,אי.בי.אי,,False,False,0.0079,0.0035,87726.34000000001,0.004400000000000001,48860.24000000001,0
5107453,הראל (!) הזדמנויות קונצרני בסיכון גבוה,חברות והמרה בסיכון גבוה,,"אג""ח בארץ- חברות והמרה",2026-01-31,21430000.0,הראל,,False,False,0.015600000000000001,0.0035,3343.08,0.012100000000000001,2593.03,0
5107495,ילין לפידות תיק + 30%,"אג""ח כללי בארץ- עד 30% מניות",,"אג""ח בארץ - כללי",2026-01-31,175720000.0,ילין לפידות,,False,False,0.014499999999999999,0.0035,25479.4,0.011,19329.199999999997,0
5107503,הראל קונצרני שקלי + 10%,חברות והמרה שקלי עם מניות,,"אג""ח בארץ- חברות והמרה",2026-01-31,96300000.0,הראל,,False,False,0.005,0.0035,4815.0,0.0015,1444.5,0
5107651,מיטב ממשלתי+10%,"אג""ח מדינה כללי- עד 10% מניות",,"אג""ח בארץ- מדינה",2026-01-31,639410000.0,מיטב,,False,False,0.006500000000000001,0.0035,41561.65,0.0030000000000000005,19182.300000000003,0
5107693,"מור אג""ח פלוס","אג""ח כללי בארץ- עד 10% מניות ללא סימן קריאה",,"אג""ח בארץ - כללי",2026-01-31,1244520000.0,מור,,False,False,0.0079,0.0035,98317.08000000002,0.004400000000000001,54758.88000000001,0
5107701,"מור מניות ת""א 125",מניות Large & Mid Cap,,מניות בארץ,2026-01-31,398730000.0,מור,,False,False,0.0175,0.0035,69777.75000000001,0.014000000000000002,55822.200000000004,0
5107727,מיטב 15/85,"אג""ח כללי בארץ- עד 15% מניות",,"אג""ח בארץ - כללי",2026-01-31,413010000.0,מיטב,,False,False,0.0089,0.0035,36757.89,0.0054,22302.54,0
5107784,"אלטשולר שחם (!) אג""ח חו""ל עד 10% מט""ח","אג""ח מוגנת מט""ח",,"אג""ח בחו""ל",2026-01-31,599920000.0,אלטשולר שחם,,False,False,0.008,0.0035,47993.600000000006,0.0045000000000000005,26996.4,0
5107800,"אלטשולר שחם אג""ח מדינה + 10%","אג""ח מדינה כללי- עד 10% מניות",,"אג""ח בארץ- מדינה",2026-01-31,76660000.0,אלטשולר שחם,,False,False,0.0059,0.0035,4522.94,0.0024,1839.8399999999997,0
5107859,"הראל אג""ח מדורג ומניות",חברות והמרה עם מניות ללא סימן קריאה,,"אג""ח בארץ- חברות והמרה",2026-01-31,7790000.0,הראל,,False,False,0.0049,0.0035,381.71,0.0013999999999999998,109.05999999999999,0
5107883,אקסיומה 30/70,"אג""ח כללי בארץ- עד 30% מניות",,"אג""ח בארץ - כללי",2026-01-31,124400000.0,סיגמא,אקסיומה,False,False,0.0075,0.0035,9330.0,0.004,4976.0,0
5107958,כוון 15/85,"אג""ח כללי בארץ- עד 15% מניות",,"אג""ח בארץ - כללי",2026-01-31,21930000.0,איילון,כוון,False,False,0.0089,0.0035,1951.77,0.0054,1184.22,0
5108006,"הראל שווקים מפותחים עד 30% מט""ח","מניות גיאוגרפי מוגנת מט""ח",,"מניות בחו""ל",2026-01-31,83330000.0,הראל,,False,False,0.0139,0.0035,11582.869999999999,0.0104,8666.32,0
5108030,"מגדל אפיקים (!) אג""ח","אג""ח כללי בארץ- עד 5% מניות",,"אג""ח בארץ - כללי",2026-01-31,130539999.99999999,מגדל,,False,False,0.0178,0.0035,23236.119999999995,0.0143,18667.219999999998,0
5108048,סיגמא שקלית סולידית + 10%,"אג""ח כללי בארץ בדירוג גבוה (AA ומעלה ו/ או מדינה)- עד 10% מניות",,"אג""ח בארץ - כללי",2026-01-31,71560000.0,סיגמא,,False,False,0.0059,0.0035,4222.04,0.0024,1717.4399999999998,0
5108055,מגדל אפיקים (!) 10/90,"אג""ח כללי בארץ- עד 10% מניות ועם סימן קריאה",,"אג""ח בארץ - כללי",2026-01-31,50030000.0,מגדל,,False,False,0.0079,0.0035,3952.3700000000003,0.004400000000000001,2201.3200000000006,0
5108105,קסם אקטיב פרימיום,"אג""ח כללי בארץ - חשיפה מרבית מעל 30% מניות",,"אג""ח בארץ - כללי",2026-01-31,336130000.0,קסם,,False,False,0.0085,0.0035,28571.050000000003,0.005000000000000001,16806.500000000004,0
5108147,כרמים 15/85,"אג""ח כללי בארץ- עד 15% מניות",,"אג""ח בארץ - כללי",2026-01-31,79140000.0,איילון,כרמים,False,False,0.0075,0.0035,5935.499999999999,0.004,3165.6000000000004,0
5108162,"כרמים (!) אג""ח חברות",חברות והמרה עם מניות ועם סימן קריאה,,"אג""ח בארץ- חברות והמרה",2026-01-31,103220000.0,איילון,כרמים,False,False,0.014499999999999999,0.0035,14966.9,0.011,11354.199999999999,0
5108188,כרמים צמוד מדד מדורג,חברות והמרה ללא מניות וללא סימן קריאה,,"אג""ח בארץ- חברות והמרה",2026-01-31,44550000.0,איילון,כרמים,False,False,0.013500000000000002,0.0035,6014.250000000001,0.010000000000000002,4455.000000000001,0
5108220,"קסם אקטיב עוקבת מרכיב אג""ח - תיק 2 הבנק הבינלאומי","אג""ח כללי בארץ ללא מניות וללא סימן קריאה",,"אג""ח בארץ - כללי",2026-01-31,97220000.0,קסם,,False,False,0.0062,0.0035,6027.64,0.0026999999999999997,2624.9399999999996,0
5108238,קסם אקטיב קונצרני שקלי + 10,חברות והמרה שקלי עם מניות,,"אג""ח בארץ- חברות והמרה",2026-01-31,5920000.0,קסם,,False,False,0.0108,0.0035,639.36,0.007300000000000001,432.1600000000001,0
5108253,הראל פרימיום קונצרני + 25%,חברות והמרה עם מניות ללא סימן קריאה,,"אג""ח בארץ- חברות והמרה",2026-01-31,30110000.0,הראל,,False,False,0.0079,0.0035,2378.69,0.004400000000000001,1324.8400000000004,0
5108279,אזימוט 5/95,"אג""ח כללי בארץ- עד 5% מניות",,"אג""ח בארץ - כללי",2026-01-31,207190000.0,איילון,אזימוטליין,False,False,0.0069,0.0035,14296.109999999999,0.0034,7044.46,0
5108329,"אלטשולר שחם מניות גלובלי עד 30% מט""ח","מניות כללי בחו""ל מוגנת מט""ח",,"מניות בחו""ל",2026-01-31,235710000.0,אלטשולר שחם,,False,False,0.0178,0.0035,41956.38,0.0143,33706.53,0
5108402,אלטשולר שחם עוקבת תיק 2 הבנק הבינלאומי,"אג""ח כללי בארץ- עד 15% מניות",,"אג""ח בארץ - כללי",2026-01-31,55090000.0,אלטשולר שחם,,False,False,0.0079,0.0035,4352.110000000001,0.004400000000000001,2423.9600000000005,0
5108428,"סיגמא (!) אג""ח חברות",חברות והמרה ללא מניות עם סימן קריאה,,"אג""ח בארץ- חברות והמרה",2026-01-31,73790000.0,סיגמא,,False,False,0.0089,0.0035,6567.3099999999995,0.0054,3984.6600000000003,0
5108501,FOREST עיטם,"אג""ח כללי בארץ - חשיפה מרבית מעל 30% מניות",,"אג""ח בארץ - כללי",2026-01-31,941360000.0,פורסט,,False,False,0.011699999999999999,0.0035,110139.11999999998,0.008199999999999999,77191.51999999999,0
5108519,"FOREST (!) אג""ח","אג""ח כללי בארץ- עד 10% מניות ועם סימן קריאה",,"אג""ח בארץ - כללי",2026-01-31,1253100000.0,פורסט,,False,False,0.0088,0.0035,110272.80000000002,0.005300000000000001,66414.3,0
5108626,מיטב מדדית ממשלתית כשרה,"אג""ח מדינה צמוד מדד- עד 10% מניות",,"אג""ח בארץ- מדינה",2026-01-31,56010000.0,מיטב,,False,False,0.0095,0.0035,5320.95,0.006,3360.6,0
5108642,"אלטשולר שחם (!) אג""ח הזדמנויות",חברות והמרה עם מניות ועם סימן קריאה,,"אג""ח בארץ- חברות והמרה",2026-01-31,180430000.0,אלטשולר שחם,,False,False,0.0149,0.0035,26884.07,0.0114,20569.02,0
5108667,"אלטשולר שחם אג""ח מדינה צמודי מדד ללא מניות","אג""ח מדינה צמוד מדד- ללא מניות",,"אג""ח בארץ- מדינה",2026-01-31,601560000.0,אלטשולר שחם,,False,False,0.0078000000000000005,0.0035,46921.68,0.0043,25867.08,0
5108683,"מיטב (!) אג""ח דולר","אג""ח חשופת דולר",,"אג""ח בחו""ל",2026-01-31,433040000.0,מיטב,,False,False,0.0079,0.0035,34210.16,0.004400000000000001,19053.760000000006,0
5108733,"קסם אקטיב (!) אג""ח הזדמנויות פלוס",חברות והמרה בסיכון גבוה,,"אג""ח בארץ- חברות והמרה",2026-01-31,36170000.0,קסם,,False,False,0.0134,0.0035,4846.78,0.0099,3580.8300000000004,0
5108774,"אקסיומה אג""ח מדורג ללא מניות",חברות והמרה ללא מניות וללא סימן קריאה,,"אג""ח בארץ- חברות והמרה",2026-01-31,724650000.0,סיגמא,אקסיומה,False,False,0.0075,0.0035,54348.74999999999,0.004,28986.000000000004,0
5108857,תכלית TTF תל גוב-שקלי 2-5,ריבית קבועה  - בינוני,,"אג""ח בארץ- מדינה",2026-01-31,317150000.0,מיטב,,True,False,0.001,0.0,3171.5000000000005,0.001,3171.5000000000005,0
5108865,"אקסיומה נבחרת מניות ת""א 125",מניות Large & Mid Cap,,מניות בארץ,2026-01-31,23050000.0,סיגמא,אקסיומה,False,False,0.0138,0.0035,3180.8999999999996,0.0103,2374.15,0
5108873,ילין לפידות יתר,מניות Small Cap,,מניות בארץ,2026-01-31,318260000.0,ילין לפידות,,False,False,0.0246,0.0035,78291.96,0.0211,67152.86,0
5108899,"ילין לפידות (!) אג""ח פוטנציאל חברות בסיכון גבוה + 10%",חברות והמרה בסיכון גבוה,,"אג""ח בארץ- חברות והמרה",2026-01-31,865260000.0,ילין לפידות,,False,False,0.017,0.0035,147094.2,0.013500000000000002,116810.10000000002,0
5109004,סיגמא 10/90,"אג""ח כללי בארץ- עד 10% מניות ללא סימן קריאה",,"אג""ח בארץ - כללי",2026-01-31,620130000.0,סיגמא,,False,False,0.0075,0.0035,46509.74999999999,0.004,24805.2,0
5109053,קסם אקטיב Bond Dollar Plus,"אג""ח חשופת דולר",,"אג""ח בחו""ל",2026-01-31,67040000.00000001,קסם,,False,False,0.0075,0.0035,5028.0,0.004,2681.6000000000004,0
5109079,כרמים מדינה שקלית + 10%,"אג""ח מדינה שקליות- עד 10% מניות",,"אג""ח בארץ- מדינה",2026-01-31,77990000.0,איילון,כרמים,False,False,0.0059,0.0035,4601.41,0.0024,1871.7599999999998,0
5109129,פיטנגו מניות,מניות All Cap,,מניות בארץ,2026-01-31,29480000.0,איילון,פיטנגו,False,False,0.028300000000000002,0.0035,8342.840000000002,0.024800000000000003,7311.04,0
5109137,פיטנגו 25/75,"אג""ח כללי בארץ- עד 25% מניות",,"אג""ח בארץ - כללי",2026-01-31,98400000.0,איילון,פיטנגו,False,False,0.018500000000000003,0.0035,18204.000000000004,0.015000000000000003,14760.000000000004,0
5109160,קסם אקטיב (!) קונצרני שקלי,חברות והמרה שקלי ללא מניות,,"אג""ח בארץ- חברות והמרה",2026-01-31,57340000.0,קסם,,False,False,0.0098,0.0035,5619.32,0.0063,3612.42,0
5109319,קסם אקטיב 30/70,"אג""ח כללי בארץ- עד 30% מניות",,"אג""ח בארץ - כללי",2026-01-31,173910000.0,קסם,,False,False,0.0076,0.0035,13217.16,0.0040999999999999995,7130.309999999999,0
5109384,"אילים (!) תיק אג""ח ללא מניות","אג""ח כללי בארץ ללא מניות עם סימן קריאה",,"אג""ח בארץ - כללי",2026-01-31,439160000.0,אילים,,False,False,0.0069,0.0035,30302.039999999997,0.0034,14931.44,0
5109418,"תכלית TTF ת""א 35",Large Cap,,מניות בארץ,2026-01-31,177240000.0,מיטב,,True,False,0.003,0.0,5317.2,0.003,5317.2,0
5109558,קסם אקטיב עוקבת תיק 3 הבנק הבינלאומי,"אג""ח כללי בארץ- עד 30% מניות",,"אג""ח בארץ - כללי",2026-01-31,237070000.0,קסם,,False,False,0.0060999999999999995,0.0035,14461.269999999999,0.0025999999999999994,6163.819999999999,0
5109608,"איילון (!) אג""ח + 10%","אג""ח כללי בארץ- עד 10% מניות ועם סימן קריאה",,"אג""ח בארץ - כללי",2026-01-31,15720000.0,איילון,,False,False,0.008,0.0035,1257.6000000000001,0.0045000000000000005,707.4000000000001,0
5109624,"כוון אג""ח ללא מניות","אג""ח כללי בארץ ללא מניות וללא סימן קריאה",,"אג""ח בארץ - כללי",2026-01-31,13050000.0,איילון,כוון,False,False,0.0069,0.0035,900.4499999999999,0.0034,443.7,0
5109632,כוון 10/90,"אג""ח כללי בארץ- עד 10% מניות ללא סימן קריאה",,"אג""ח בארץ - כללי",2026-01-31,6890000.0,איילון,כוון,False,False,0.0074,0.0035,509.86000000000007,0.0039000000000000003,268.71,0
5109673,"איילון (!) אג""ח והנפקות ללא מניות","אג""ח כללי בארץ ללא מניות עם סימן קריאה",,"אג""ח בארץ - כללי",2026-01-31,343570000.0,איילון,,False,False,0.0069,0.0035,23706.329999999998,0.0034,11681.38,0
5109731,מור גמישה,גמישות,,גמישות,2026-01-31,1279700000.0,מור,,False,False,0.018799999999999997,0.0035,240583.59999999995,0.015299999999999998,195794.09999999998,0
5109749,"מור מעשר אג""ח - כשרה","אג""ח כללי בארץ- עד 5% מניות",,"אג""ח בארץ - כללי",2026-01-31,103680000.0,מור,,False,False,0.0088,0.0035,9123.840000000002,0.005300000000000001,5495.040000000001,0
5109756,מור שקלית מדינה ללא מניות - כשרה,"אג""ח מדינה שקליות- ללא מניות",,"אג""ח בארץ- מדינה",2026-01-31,224010000.0,מור,,False,False,0.006500000000000001,0.0035,14560.650000000001,0.0030000000000000005,6720.300000000001,0
5109848,"קסם אקטיב ארה""ב נקוב $","מניות בחו""ל נקובת מט""ח",,"מניות בחו""ל",2026-01-31,29150000.0,קסם,,False,False,0.013999999999999999,0.0035,4080.9999999999995,0.010499999999999999,3060.7499999999995,0
5109863,קסם אקטיב ממשלתי + 15%,"אג""ח מדינה כללי- עד 20% מניות",,"אג""ח בארץ- מדינה",2026-01-31,74580000.0,קסם,,False,False,0.0073,0.0035,5444.34,0.0038,2834.04,0
5109871,"סיגמא אג""ח כללי ללא מניות","אג""ח כללי בארץ ללא מניות וללא סימן קריאה",,"אג""ח בארץ - כללי",2026-01-31,34790000.0,סיגמא,,False,False,0.0149,0.0035,5183.71,0.0114,3966.0600000000004,0
5109889,"MTF מחקה ת""א 125",Large & Mid Cap,,מניות בארץ,2026-01-31,2169090000.0,מגדל,,True,False,0.001,0.0,21690.9,0.001,21690.9,0
5109897,"MTF מחקה ת""א 35",Large Cap,,מניות בארץ,2026-01-31,673860000.0,מגדל,,True,False,0.001,0.0,6738.6,0.001,6738.6,0
5109988,קסם אקטיב AA ומעלה ו/או מדינה,"אג""ח כללי בארץ בדירוג גבוה בלבד (AA ומעלה ו/ או מדינה)",,"אג""ח בארץ - כללי",2026-01-31,113800000.0,קסם,,False,False,0.0059,0.0035,6714.2,0.0024,2731.2,0
5110051,"הראל ת""א-Midcap150",מניות All Cap,,מניות בארץ,2026-01-31,103600000.0,הראל,,False,False,0.0195,0.0035,20202.0,0.016,16576.0,0
5110085,"אלטשולר שחם אג""ח תל בונד",חברות והמרה ללא מניות וללא סימן קריאה,,"אג""ח בארץ- חברות והמרה",2026-01-31,299200000.0,אלטשולר שחם,,False,False,0.0079,0.0035,23636.800000000003,0.004400000000000001,13164.800000000003,0
5110150,הראל קונצרני דולרי,חברות והמרה עם מניות ללא סימן קריאה,,"אג""ח בארץ- חברות והמרה",2026-01-31,16629999.999999998,הראל,,False,False,0.0132,0.0035,2195.16,0.0097,1613.11,0
5110176,הראל מעורבת,"אג""ח כללי בארץ - חשיפה מרבית מעל 30% מניות",,"אג""ח בארץ - כללי",2026-01-31,44540000.0,הראל,,False,False,0.02249,0.0035,10017.046,0.01899,8458.146,0
5110192,הראל מדד בינוני ממשלתי,"אג""ח מדינה צמוד מדד- עד 10% מניות",,"אג""ח בארץ- מדינה",2026-01-31,50890000.0,הראל,,False,False,0.0127,0.0035,6463.03,0.0092,4681.88,0
5110226,קסם אקטיב (!) תיק קרנות ללא מניות-אגד ישראלי,אגד ישראלי,,אגד קרנות,2026-01-31,19460000.0,קסם,,False,False,0.0,0.0035,0.0,-0.0035,-681.1,0
5110309,קסם אקטיב מדינה - AA ומעלה,"אג""ח מדינה כללי- ללא מניות",,"אג""ח בארץ- מדינה",2026-01-31,155770000.0,קסם,,False,False,0.0062,0.0035,9657.74,0.0026999999999999997,4205.789999999999,0
5110333,"הראל אג""ח חו""ל דולר","אג""ח חשופת דולר",,"אג""ח בחו""ל",2026-01-31,137440000.0,הראל,,False,False,0.0079,0.0035,10857.760000000002,0.004400000000000001,6047.3600000000015,0
5110341,הראל כספית נקובה ב-$,"נקובת מט""ח",,קרן כספית,2026-01-31,3862830000.0,הראל,,False,False,0.0025,0.001,96570.75,0.0015,57942.450000000004,1
5110374,הראל מניות דיבידנד,מניות All Cap,,מניות בארץ,2026-01-31,56030000.0,הראל,,False,False,0.0147,0.0035,8236.41,0.0112,6275.36,0
5110382,קסם אקטיב כספית נקובה דולר,"נקובת מט""ח",,קרן כספית,2026-01-31,566590000.0,קסם,,False,False,0.0025,0.001,14164.75,0.0015,8498.85,1
5110523,"אנליסט (!) אג""ח","אג""ח כללי בארץ ללא מניות עם סימן קריאה",,"אג""ח בארץ - כללי",2026-01-31,295540000.0,אנליסט,,False,False,0.0089,0.0035,26303.059999999998,0.0054,15959.160000000002,0
5110531,"הראל מניות חו""ל-נקובה $","מניות בחו""ל נקובת מט""ח",,"מניות בחו""ל",2026-01-31,36520000.0,הראל,,False,False,0.0181,0.0035,6610.12,0.014600000000000002,5331.920000000001,0
5110564,אלטשולר שחם תיק השקעות ללא מניות,"אג""ח כללי בארץ ללא מניות וללא סימן קריאה",,"אג""ח בארץ - כללי",2026-01-31,95030000.0,אלטשולר שחם,,False,False,0.0092,0.0035,8742.76,0.0057,5416.71,0
5110580,"איביאי (!) אג""ח ללא מניות","אג""ח כללי בארץ ללא מניות עם סימן קריאה",,"אג""ח בארץ - כללי",2026-01-31,191150000.0,אי.בי.אי,,False,False,0.0089,0.0035,17012.35,0.0054,10322.1,0
5110655,"הראל בונד חו""ל מדורג נקובה $","אג""ח נקובת מט""ח",,"אג""ח בחו""ל",2026-01-31,30030000.0,הראל,,False,False,0.0097,0.0035,2912.91,0.006200000000000001,1861.8600000000001,0
5110713,"קסם אקטיב ת""א 90",מניות Large & Mid Cap,,מניות בארץ,2026-01-31,252260000.0,קסם,,False,False,0.022000000000000002,0.0035,55497.20000000001,0.018500000000000003,46668.100000000006,0
5110739,"הפניקס קסם (!) אג""ח גלובלי","אג""ח חשופת מט""ח",,"אג""ח בחו""ל",2026-01-31,74450000.0,קסם,,False,False,0.0085,0.0035,6328.25,0.005000000000000001,3722.500000000001,0
5110788,"הפניקס קסם ת""א 125",מניות Large & Mid Cap,,מניות בארץ,2026-01-31,1040280000.0,קסם,,False,False,0.0184,0.0035,191411.52,0.0149,155001.72,0
5110820,קסם אקטיב מניות יתר,מניות Small Cap,,מניות בארץ,2026-01-31,99080000.0,קסם,,False,False,0.028399999999999998,0.0035,28138.719999999998,0.0249,24670.92,0
5110838,"קסם אקטיב מניות חו""ל גלובלי","מניות כללי בחו""ל חשופת מט""ח",,"מניות בחו""ל",2026-01-31,106420000.0,קסם,,False,False,0.0222,0.0035,23625.24,0.0187,19900.54,0
5110879,קסם אקטיב גלוב,לתושבי חוץ בלבד,,לתושבי חוץ בלבד,2026-01-31,9090000.0,קסם,,False,False,0.0219,0.0035,1990.7099999999998,0.0184,1672.56,0
5110929,"הראל (!) תיק אג""ח פלוס 10%","אג""ח כללי בארץ- עד 10% מניות ועם סימן קריאה",,"אג""ח בארץ - כללי",2026-01-31,20060000.0,הראל,,False,False,0.0075,0.0035,1504.4999999999998,0.004,802.4000000000001,0
5111000,אלטשולר שחם מדינה צמוד בינוני,"אג""ח מדינה צמוד מדד- ללא מניות",,"אג""ח בארץ- מדינה",2026-01-31,76120000.0,אלטשולר שחם,,False,False,0.0069,0.0035,5252.28,0.0034,2588.08,0
5111059,"הראל אג""ח קונצרני ללא מניות",חברות והמרה ללא מניות וללא סימן קריאה,,"אג""ח בארץ- חברות והמרה",2026-01-31,48350000.0,הראל,,False,False,0.0059,0.0035,2852.65,0.0024,1160.3999999999999,0
5111117,"הראל אג""ח חו""ל ומניות עד 20% מט""ח","אג""ח מוגנת מט""ח",,"אג""ח בחו""ל",2026-01-31,562030000.0,הראל,,False,False,0.0074,0.0035,41590.22000000001,0.0039000000000000003,21919.17,0
5111133,הראל מניות ערך Buy Side ישראל,מניות All Cap,,מניות בארץ,2026-01-31,750130000.0,הראל,,False,False,0.0159,0.0035,119270.67000000001,0.012400000000000001,93016.12000000001,0
5111190,"הראל חו""ל סקטורים בצמיחה","מניות כללי בחו""ל חשופת מט""ח",,"מניות בחו""ל",2026-01-31,93190000.0,הראל,,False,False,0.0195,0.0035,18172.05,0.016,14910.400000000001,0
5111216,"הראל תיק אג""ח + 20%","אג""ח כללי בארץ- עד 20% מניות",,"אג""ח בארץ - כללי",2026-01-31,93800000.0,הראל,,False,False,0.0169,0.0035,15852.199999999999,0.013399999999999999,12569.199999999997,0
5111240,אי בי אי מחקה תל גוב-צמודות 2-5,צמודות מדד ממשלתיות - בינוני,,"אג""ח בארץ- מדינה",2026-01-31,107920000.0,אי.בי.אי,,True,False,0.0015,0.0,1618.8,0.0015,1618.8,0
5111265,"אי בי אי מחקה תל גוב-מק""מ","מק""מ",,"אג""ח בארץ- מדינה",2026-01-31,54870000.0,אי.בי.אי,,True,False,0.0009,0.0,493.83000000000004,0.0009,493.83000000000004,0
5111273,הראל נבחרת מניות,מניות All Cap,,מניות בארץ,2026-01-31,1065290000.0,הראל,,False,False,0.019799999999999998,0.0035,210927.41999999998,0.0163,173642.27,0
5111299,הראל מניות Mid Cap ישראל,מניות Large & Mid Cap,,מניות בארץ,2026-01-31,59690000.0,הראל,,False,False,0.023399999999999997,0.0035,13967.459999999997,0.019899999999999998,11878.31,0
5111307,מיטב מדינה + 20%,"אג""ח מדינה כללי- עד 20% מניות",,"אג""ח בארץ- מדינה",2026-01-31,521169999.99999994,מיטב,,False,False,0.006500000000000001,0.0035,33876.05,0.0030000000000000005,15635.1,0
5111331,הראל מדינה צמוד + 10%,"אג""ח מדינה צמוד מדד- עד 10% מניות",,"אג""ח בארץ- מדינה",2026-01-31,579140000.0,הראל,,False,False,0.0059,0.0035,34169.26,0.0024,13899.359999999999,0
5111356,הראל שקלים מדורגות ללא מניות,חברות והמרה שקלי ללא מניות,,"אג""ח בארץ- חברות והמרה",2026-01-31,37610000.0,הראל,,False,False,0.013500000000000002,0.0035,5077.350000000001,0.010000000000000002,3761.000000000001,0
5111364,קסם אקטיב (!) קונצרני לונג שורט,ממונפות אחר,,ממונפות ואסטרטגיות,2026-01-31,18880000.0,קסם,,False,False,0.0113,0.0035,2133.44,0.0078,1472.6399999999999,0
5111398,הראל US EQUITY,לתושבי חוץ בלבד,,לתושבי חוץ בלבד,2026-01-31,7460000.0,הראל,,False,False,0.0292,0.0035,2178.32,0.0257,1917.22,0
5111406,קסם אקטיב מניות,מניות All Cap,,מניות בארץ,2026-01-31,15570000.0,קסם,,False,False,0.011000000000000001,0.0035,1712.7000000000003,0.0075000000000000015,1167.7500000000002,0
5111414,"הראל חו""ל US","ארה""ב חשופת מט""ח",,"מניות בחו""ל",2026-01-31,13120000.0,הראל,,False,False,0.027999999999999997,0.0035,3673.5999999999995,0.024499999999999997,3214.4,0
5111422,אי בי אי מחקה תל גוב-שקלי 2-5,ריבית קבועה  - בינוני,,"אג""ח בארץ- מדינה",2026-01-31,113940000.0,אי.בי.אי,,True,False,0.0015,0.0,1709.1000000000001,0.0015,1709.1000000000001,0
5111448,איילון מדדית מדינה ללא מניות,"אג""ח מדינה צמוד מדד- ללא מניות",,"אג""ח בארץ- מדינה",2026-01-31,8480000.0,איילון,,False,False,0.0068000000000000005,0.0035,576.64,0.0033000000000000004,279.84000000000003,0
5111455,הראל מניות צמיחה,מניות All Cap,,מניות בארץ,2026-01-31,47200000.0,הראל,,False,False,0.0125,0.0035,5900.0,0.009000000000000001,4248.0,0
5111489,אי בי אי מחקה תל גוב-שקלי 5+,ריבית קבועה - ארוך,,"אג""ח בארץ- מדינה",2026-01-31,155210000.0,אי.בי.אי,,True,False,0.0,0.0,0.0,0.0,0.0,0
5111570,"הראל מעו""ף בריבוע",ממונפות בסיכון גבוה,,ממונפות ואסטרטגיות,2026-01-31,60700000.0,הראל,,False,False,0.028300000000000002,0.0035,17178.100000000002,0.024800000000000003,15053.6,0
5111620,איביאי ממשלתי שקלי קצר פלוס,"אג""ח מדינה שקליות- ללא מניות",,"אג""ח בארץ- מדינה",2026-01-31,33320000.0,אי.בי.אי,,False,False,0.0034999999999999996,0.002,1166.1999999999998,0.0014999999999999996,499.79999999999984,0
5111638,איביאי (!) מדינה צמוד ללא מניות,"אג""ח מדינה צמוד מדד- ללא מניות",,"אג""ח בארץ- מדינה",2026-01-31,116290000.0,אי.בי.אי,,False,False,0.006500000000000001,0.0035,7558.850000000001,0.0030000000000000005,3488.7000000000003,0
5111661,"קסם אקטיב (!) תיק אג""ח חו""ל HY - נקובה $","אג""ח נקובת מט""ח",,"אג""ח בחו""ל",2026-01-31,62290000.0,קסם,,False,False,0.0075,0.0035,4671.75,0.004,2491.6000000000004,0
5111695,הראל מניות Large Cap ישראל,מניות Large & Mid Cap,,מניות בארץ,2026-01-31,190580000.0,הראל,,False,False,0.0233,0.0035,44405.14000000001,0.0198,37734.840000000004,0
5111711,מגדל פרימיום תיק השקעות עד 50%,"אג""ח כללי בארץ - חשיפה מרבית מעל 30% מניות",,"אג""ח בארץ - כללי",2026-01-31,162080000.0,מגדל,,False,False,0.0078000000000000005,0.0035,12642.24,0.0043,6969.4400000000005,0
5111836,"הראל מסלול אג""ח","אג""ח כללי בארץ ללא מניות וללא סימן קריאה",,"אג""ח בארץ - כללי",2026-01-31,165080000.0,הראל,,False,False,0.009340000000000001,0.0035,15418.472000000002,0.0058400000000000014,9640.672000000002,0
5111869,הראל מדינה שקלית,"אג""ח מדינה שקליות- ללא מניות",,"אג""ח בארץ- מדינה",2026-01-31,179150000.0,הראל,,False,False,0.0037,0.0035,6628.550000000001,0.0002000000000000001,358.3000000000001,0
5111885,הראל מדינה,"אג""ח מדינה כללי- ללא מניות",,"אג""ח בארץ- מדינה",2026-01-31,150490000.0,הראל,,False,False,0.0072,0.0035,10835.28,0.0036999999999999997,5568.13,0
5111935,"ילין לפידות אג""ח מדורג ללא מניות",חברות והמרה ללא מניות וללא סימן קריאה,,"אג""ח בארץ- חברות והמרה",2026-01-31,294670000.0,ילין לפידות,,False,False,0.006999999999999999,0.0035,20626.899999999998,0.003499999999999999,10313.449999999997,0
5111992,הראל נכסים סולידיים,"אג""ח כללי בארץ בדירוג גבוה (AA ומעלה ו/ או מדינה)- עד 10% מניות",,"אג""ח בארץ - כללי",2026-01-31,237240000.0,הראל,,False,False,0.0038,0.0035,9015.12,0.0002999999999999999,711.7199999999998,0
5112271,אי בי אי מחקה תל גוב-כללי,"אג""ח מדינה שיקלי וצמוד",,"אג""ח בארץ- מדינה",2026-01-31,54640000.0,אי.בי.אי,,True,False,0.002,0.0,1092.8000000000002,0.002,1092.8000000000002,0
5112404,MTF מחקה תל בונד 40 צמודות,בריבית קבועה,,"אג""ח בארץ- חברות והמרה",2026-01-31,34530000.0,מגדל,,True,False,0.0025,0.0,863.25,0.0025,863.25,0
5112479,"קסם אקטיב אג""ח דולר בינלאומי","אג""ח חשופת דולר",,"אג""ח בחו""ל",2026-01-31,23620000.0,קסם,,False,False,0.0127,0.0035,2999.74,0.0092,2173.04,0
5112487,"קסם אקטיב (!) אג""ח קונצרני Buy Side",חברות והמרה ללא מניות עם סימן קריאה,,"אג""ח בארץ- חברות והמרה",2026-01-31,202190000.0,קסם,,False,False,0.006500000000000001,0.0035,13142.350000000002,0.0030000000000000005,6065.700000000001,0
5112560,הראל תיק מדינה,"אג""ח מדינה כללי- ללא מניות",,"אג""ח בארץ- מדינה",2026-01-31,93480000.0,הראל,,False,False,0.0049,0.0035,4580.5199999999995,0.0013999999999999998,1308.7199999999998,0
5112586,"הראל מחקה משולבת אג""ח ישראל (90%) מניות ישראל-חול (10%) חודשי",עד 10% מניות,,"אג""ח בארץ משולבת",2026-01-31,60090000.0,הראל,,True,False,0.0,0.0,0.0,0.0,0.0,0
5112628,"אי בי אי מחקה ת""א 125",Large & Mid Cap,,מניות בארץ,2026-01-31,2258050000.0,אי.בי.אי,,True,False,0.001,0.0,22580.500000000004,0.001,22580.500000000004,0
5112669,מגדל בונד מדורג A ומעלה,חברות והמרה ללא מניות וללא סימן קריאה,,"אג""ח בארץ- חברות והמרה",2026-01-31,240060000.0,מגדל,,False,False,0.0069,0.0035,16564.14,0.0034,8162.04,0
5112677,מגדל בונד שקלי A ומעלה,חברות והמרה שקלי ללא מניות,,"אג""ח בארץ- חברות והמרה",2026-01-31,111610000.0,מגדל,,False,False,0.0074,0.0035,8259.140000000001,0.0039000000000000003,4352.79,0
5112693,"קסם אקטיב מניות חו""ל","מניות כללי בחו""ל חשופת מט""ח",,"מניות בחו""ל",2026-01-31,27190000.0,קסם,,False,False,0.0187,0.0035,5084.530000000001,0.015200000000000002,4132.88,0
5112719,קסם אקט 10-90,"אג""ח כללי בארץ- עד 10% מניות ללא סימן קריאה",,"אג""ח בארץ - כללי",2026-01-31,469540000.0,קסם,,False,False,0.0079,0.0035,37093.66,0.004400000000000001,20659.760000000006,0
5112768,הראל 30/70,"אג""ח כללי בארץ- עד 30% מניות",,"אג""ח בארץ - כללי",2026-01-31,358760000.0,הראל,,False,False,0.0069,0.0035,24754.44,0.0034,12197.84,0
5112826,מגדל תיק השקעות 15/85,"אג""ח כללי בארץ- עד 15% מניות",,"אג""ח בארץ - כללי",2026-01-31,453750000.0,מגדל,,False,False,0.0079,0.0035,35846.25000000001,0.004400000000000001,19965.000000000007,0
5112842,מגדל אינפלציה מדינה,"אג""ח מדינה צמוד מדד- עד 10% מניות",,"אג""ח בארץ- מדינה",2026-01-31,173410000.0,מגדל,,False,False,0.0068000000000000005,0.0035,11791.88,0.0033000000000000004,5722.530000000001,0
5112909,"מגדל (!) אג""ח מדורג - רכיב בטוחה",חברות והמרה ללא מניות עם סימן קריאה,,"אג""ח בארץ- חברות והמרה",2026-01-31,266100000.00000003,מגדל,,False,False,0.0089,0.0035,23682.9,0.0054,14369.400000000003,0
5112917,מיטב עוקבת תיק 3 הבנק הבינלאומי,"אג""ח כללי בארץ- עד 30% מניות",,"אג""ח בארץ - כללי",2026-01-31,610280000.0,מיטב,,False,False,0.0079,0.0035,48212.12,0.004400000000000001,26852.320000000007,0
5112925,איילון 20/80,"אג""ח כללי בארץ- עד 20% מניות",,"אג""ח בארץ - כללי",2026-01-31,59680000.0,איילון,,False,False,0.0075,0.0035,4476.0,0.004,2387.2000000000003,0
5112933,"איילון שקלי ממשלתי ואג""ח מדורגות","אג""ח מדינה שקליות- ללא מניות",,"אג""ח בארץ- מדינה",2026-01-31,19470000.0,איילון,,False,False,0.0060999999999999995,0.0035,1187.6699999999998,0.0025999999999999994,506.2199999999999,0
5112941,איילון מדינה + 20%,"אג""ח מדינה כללי- עד 20% מניות",,"אג""ח בארץ- מדינה",2026-01-31,22970000.0,איילון,,False,False,0.0069,0.0035,1584.9299999999998,0.0034,780.98,0
5113006,מור מחקה תל גוב-צמודות 2-5,צמודות מדד ממשלתיות - בינוני,,"אג""ח בארץ- מדינה",2026-01-31,12450000.0,מור,,True,False,0.0015,0.0,186.75,0.0015,186.75,0
5113014,איביאי מחקה תל בונד 20 צמודות,בריבית קבועה,,"אג""ח בארץ- חברות והמרה",2026-01-31,36450000.0,אי.בי.אי,,True,False,0.0025,0.0,911.25,0.0025,911.25,0
5113022,מור מחקה תל גוב-שקלי 2-5,ריבית קבועה  - בינוני,,"אג""ח בארץ- מדינה",2026-01-31,29480000.0,מור,,True,False,0.0015,0.0,442.2,0.0015,442.2,0
5113048,איביאי (!) קונצרני ריבית משתנה,חברות והמרה שקלי ללא מניות,,"אג""ח בארץ- חברות והמרה",2026-01-31,24030000.0,אי.בי.אי,,False,False,0.006500000000000001,0.0035,1561.9500000000003,0.0030000000000000005,720.9000000000001,0
5113063,"מור מחקה ת""א 125",Large & Mid Cap,,מניות בארץ,2026-01-31,175520000.0,מור,,True,False,0.0045000000000000005,0.0,7898.400000000001,0.0045000000000000005,7898.400000000001,0
5113071,אי בי אי מחקה תל בונד שקלי,בריבית קבועה,,"אג""ח בארץ- חברות והמרה",2026-01-31,348810000.0,אי.בי.אי,,True,False,0.002,0.0,6976.200000000001,0.002,6976.200000000001,0
5113105,הראל מדינה שמרני + 10%,"אג""ח מדינה כללי- עד 10% מניות",,"אג""ח בארץ- מדינה",2026-01-31,890490000.0,הראל,,False,False,0.0064,0.0035,56991.36,0.0029000000000000002,25824.210000000003,0
5113121,הראל מחקה משולבת מדינה חודשי,"אג""ח מדינה משולבת - ללא מניות",,"אג""ח בארץ- מדינה",2026-01-31,23440000.0,הראל,,True,False,0.003,0.0,703.2,0.003,703.2,0
5113188,הראל קונצרני AA ומעלה,"חברות והמרה ללא מניות וללא סימן קריאה, עם מגבלת מח""מ עד 5 שנים",,"אג""ח בארץ- חברות והמרה",2026-01-31,34880000.0,הראל,,False,False,0.0059,0.0035,2057.92,0.0024,837.1199999999999,0
5113303,קסם KTF תל בונד 40 צמודות,בריבית קבועה,,"אג""ח בארץ- חברות והמרה",2026-01-31,29090000.0,קסם,,True,False,0.0034999999999999996,0.0,1018.1499999999999,0.0034999999999999996,1018.1499999999999,0
5113329,קסם KTF תל גוב-צמודות 2-5,צמודות מדד ממשלתיות - בינוני,,"אג""ח בארץ- מדינה",2026-01-31,102010000.0,קסם,,True,False,0.0025,0.0,2550.25,0.0025,2550.25,0
5113345,"קסם KTF ת""א 125",Large & Mid Cap,,מניות בארץ,2026-01-31,1470270000.0,קסם,,True,False,0.001,0.0,14702.7,0.001,14702.7,0
5113386,קסם KTF תל גוב-צמודות,צמודות מדד ממשלתיות - אחר,,"אג""ח בארץ- מדינה",2026-01-31,35010000.0,קסם,,True,False,0.0025,0.0,875.25,0.0025,875.25,0
5113402,"קסם KTF תל גוב-מק""מ","מק""מ",,"אג""ח בארץ- מדינה",2026-01-31,200000000.0,קסם,,True,False,0.0008,0.0,1600.0,0.0008,1600.0,0
5113428,קסם KTF תל גוב-כללי,"אג""ח מדינה שיקלי וצמוד",,"אג""ח בארץ- מדינה",2026-01-31,132740000.00000001,קסם,,True,False,0.0025,0.0,3318.5000000000005,0.0025,3318.5000000000005,0
5113444,קסם KTF תל גוב-שקלי 2-5,ריבית קבועה  - בינוני,,"אג""ח בארץ- מדינה",2026-01-31,119450000.0,קסם,,True,False,0.0015,0.0,1791.75,0.0015,1791.75,0
5113527,"סיגמא אג""ח משולבת + 20%","אג""ח כללי בארץ- עד 20% מניות",,"אג""ח בארץ - כללי",2026-01-31,135000000.0,סיגמא,,False,False,0.0085,0.0035,11475.0,0.005000000000000001,6750.000000000001,0
5113543,"סיגמא מניות חו""ל","מניות כללי בחו""ל חשופת מט""ח",,"מניות בחו""ל",2026-01-31,43960000.0,סיגמא,,False,False,0.0125,0.0035,5495.0,0.009000000000000001,3956.4,0
5113568,"הראל בונד חו""ל - נקובה $","אג""ח נקובת מט""ח",,"אג""ח בחו""ל",2026-01-31,186830000.0,הראל,,False,False,0.0069,0.0035,12891.269999999999,0.0034,6352.22,0
5113618,מיטב מניות צמיחה,מניות All Cap,,מניות בארץ,2026-01-31,130490000.00000001,מיטב,,False,False,0.0169,0.0035,22052.81,0.013399999999999999,17485.66,0
5113683,"מגדל אג""ח מדינה + 15%","אג""ח מדינה כללי- עד 20% מניות",,"אג""ח בארץ- מדינה",2026-01-31,12680000.0,מגדל,,False,False,0.005699999999999999,0.0035,722.76,0.0021999999999999993,278.9599999999999,0
5113709,אנליסט עוקבת תיק 2 הבנק הבינלאומי,"אג""ח כללי בארץ- עד 15% מניות",,"אג""ח בארץ - כללי",2026-01-31,40020000.0,אנליסט,,False,False,0.0069,0.0035,2761.3799999999997,0.0034,1360.68,0
5113782,הראל (!) בונד + 10% - נקוב $ אגד חוץ,אגד חוץ,,אגד קרנות,2026-01-31,6040000.0,הראל,,False,False,0.0087,0.0035,525.48,0.0052,314.08,0
5113956,"מיטב אג""ח קונצרני + 10%",חברות והמרה עם מניות ללא סימן קריאה,,"אג""ח בארץ- חברות והמרה",2026-01-31,17760000.0,מיטב,,False,False,0.0129,0.0035,2291.04,0.0094,1669.44,0
5113998,תכלית S&P 500 TTF,אמריקה- שווקים מפותחים,,"מניות בחו""ל",2026-01-31,1258380000.0,מיטב,,True,False,0.003,0.0,37751.4,0.003,37751.4,0
5114020,מור בונד שקלי A ומעלה,חברות והמרה שקלי ללא מניות,,"אג""ח בארץ- חברות והמרה",2026-01-31,70960000.0,מור,,False,False,0.0074,0.0035,5251.040000000001,0.0039000000000000003,2767.44,0
5114079,מיטב 30/70,"אג""ח כללי בארץ- עד 30% מניות",,"אג""ח בארץ - כללי",2026-01-31,634150000.0,מיטב,,False,False,0.0079,0.0035,50097.850000000006,0.004400000000000001,27902.60000000001,0
5114087,ילין לפידות גמישה,גמישות,,גמישות,2026-01-31,409450000.0,ילין לפידות,,False,False,0.0191,0.0035,78204.95,0.0156,63874.2,0
5114160,אזימוט 10/90 דיבידנד,"אג""ח כללי בארץ- עד 10% מניות ללא סימן קריאה",,"אג""ח בארץ - כללי",2026-01-31,110940000.0,איילון,אזימוטליין,False,False,0.0089,0.0035,9873.66,0.0054,5990.76,0
5114178,"אילים אג""ח + מגובה בביטחונות","אג""ח כללי בארץ ללא מניות וללא סימן קריאה, עם מגבלת מח""מ עד 5 שנים",,"אג""ח בארץ - כללי",2026-01-31,148890000.0,אילים,,False,False,0.0059,0.0035,8784.51,0.0024,3573.3599999999997,0
5114210,"קסם אקטיב (!) אגד חוץ אג""ח ופקדונות נקוב $",אגד חוץ,,אגד קרנות,2026-01-31,8189999.999999999,קסם,,False,False,0.0147,0.0035,1203.9299999999998,0.0112,917.2799999999999,0
5114228,"קסם אקטיב (!) אג""ח מדורג - רכיב בטוחה",חברות והמרה ללא מניות עם סימן קריאה,,"אג""ח בארץ- חברות והמרה",2026-01-31,160760000.0,קסם,,False,False,0.0087,0.0035,13986.12,0.0052,8359.519999999999,0
5114236,אלטשולר שחם 20-80,"אג""ח כללי בארץ- עד 20% מניות",,"אג""ח בארץ - כללי",2026-01-31,151820000.0,אלטשולר שחם,,False,False,0.0079,0.0035,11993.78,0.004400000000000001,6680.080000000002,0
5114285,אזימוט השקעות,גמישות,,גמישות,2026-01-31,46630000.0,איילון,אזימוטליין,False,False,0.0194,0.0035,9046.22,0.0159,7414.170000000001,0
5114319,מור מחקה תל בונד שקלי,בריבית קבועה,,"אג""ח בארץ- חברות והמרה",2026-01-31,69430000.0,מור,,True,False,0.0025,0.0,1735.75,0.0025,1735.75,0
5114327,איביאי מחקה תל בונד 40 צמודות,בריבית קבועה,,"אג""ח בארץ- חברות והמרה",2026-01-31,10320000.0,אי.בי.אי,,True,False,0.002,0.0,206.4,0.002,206.4,0
5114350,אנליסט 10/90,"אג""ח כללי בארץ- עד 10% מניות ללא סימן קריאה",,"אג""ח בארץ - כללי",2026-01-31,68350000.0,אנליסט,,False,False,0.0074,0.0035,5057.900000000001,0.0039000000000000003,2665.65,0
5114392,ילין לפידות עוקבת תיק 1 הבנק הבינלאומי,"אג""ח כללי בארץ- עד 5% מניות",,"אג""ח בארץ - כללי",2026-01-31,47760000.0,ילין לפידות,,False,False,0.0054,0.0035,2579.0400000000004,0.0019000000000000002,907.44,0
5114434,מיטב עוקבת תיק מרכיב הנזילות הבנק הבינלאומי,"חברות והמרה ללא מניות וללא סימן קריאה, עם מגבלת מח""מ עד 5 שנים",,"אג""ח בארץ- חברות והמרה",2026-01-31,256700000.0,מיטב,,False,False,0.0052,0.0035,13348.4,0.0016999999999999997,4363.899999999999,0
5114491,תכלית TTF תל בונד שקלי,בריבית קבועה,,"אג""ח בארץ- חברות והמרה",2026-01-31,181540000.0,מיטב,,True,False,0.002,0.0,3630.8,0.002,3630.8,0
5114558,קסם אקטיב 5-95,"אג""ח כללי בארץ- עד 5% מניות",,"אג""ח בארץ - כללי",2026-01-31,44030000.0,קסם,,False,False,0.006,0.0035,2641.8,0.0025,1100.75,0
5114566,קסם KTF תל בונד שקלי,בריבית קבועה,,"אג""ח בארץ- חברות והמרה",2026-01-31,241660000.0,קסם,,True,False,0.002,0.0,4833.200000000001,0.002,4833.200000000001,0
5114624,איילון מדינה פרימיום כשרה,"אג""ח מדינה כללי- ללא מניות",,"אג""ח בארץ- מדינה",2026-01-31,34860000.0,איילון,,False,False,0.0064,0.0035,2231.04,0.0029000000000000002,1010.9400000000002,0
5114632,איביאי מדינה + 10%,"אג""ח מדינה כללי- עד 10% מניות",,"אג""ח בארץ- מדינה",2026-01-31,732690000.0,אי.בי.אי,,False,False,0.0058,0.0035,42496.02,0.0022999999999999995,16851.87,0
5114640,מיטב (!) קונצרני פלוס,חברות והמרה עם מניות ועם סימן קריאה,,"אג""ח בארץ- חברות והמרה",2026-01-31,113920000.0,מיטב,,False,False,0.0079,0.0035,8999.68,0.004400000000000001,5012.480000000001,0
5114657,"תכלית TTF ת""א 125",Large & Mid Cap,,מניות בארץ,2026-01-31,2151010000.0,מיטב,,True,False,0.001,0.0,21510.100000000002,0.001,21510.100000000002,0
5114749,קסם אקטיב מדינה שקלי פלוס,"אג""ח מדינה שקליות- עד 10% מניות",,"אג""ח בארץ- מדינה",2026-01-31,122920000.0,קסם,,False,False,0.0062,0.0035,7621.04,0.0026999999999999997,3318.8399999999992,0
5114780,"מיטב (!) אג""ח ממשלתי","אג""ח מדינה כללי- ללא מניות",,"אג""ח בארץ- מדינה",2026-01-31,579600000.0,מיטב,,False,False,0.0084,0.0035,48686.399999999994,0.0049,28400.399999999998,0
5114798,מיטב (!) 10/90,"אג""ח כללי בארץ- עד 10% מניות ועם סימן קריאה",,"אג""ח בארץ - כללי",2026-01-31,464430000.0,מיטב,,False,False,0.008100000000000001,0.0035,37618.83000000001,0.004600000000000002,21363.780000000006,0
5114830,מיטב מדינה צמודה + 10%,"אג""ח מדינה צמוד מדד- עד 10% מניות",,"אג""ח בארץ- מדינה",2026-01-31,19880000.0,מיטב,,False,False,0.0059,0.0035,1172.9199999999998,0.0024,477.11999999999995,0
5114897,ילין לפידות מניות דיבידנד,מניות All Cap,,מניות בארץ,2026-01-31,703170000.0,ילין לפידות,,False,False,0.0195,0.0035,137118.15,0.016,112507.20000000001,0
5114913,ילין לפידות קונצרני שקלי + 20%,חברות והמרה שקלי עם מניות,,"אג""ח בארץ- חברות והמרה",2026-01-31,55960000.0,ילין לפידות,,False,False,0.0077,0.0035,4308.92,0.004200000000000001,2350.32,0
5114939,הראל מחקה תל בונד צמודות-יתר,בריבית קבועה,,"אג""ח בארץ- חברות והמרה",2026-01-31,50740000.0,הראל,,True,False,0.0015,0.0,761.1,0.0015,761.1,0
5115001,מגדל כספית נקובה בדולר $,"נקובת מט""ח",,קרן כספית,2026-01-31,312370000.0,מגדל,,False,False,0.00249,0.001,7778.013,0.00149,4654.313,1
5115027,"אנליסט מניות ת""א 125 במומנטום",מניות Large & Mid Cap,,מניות בארץ,2026-01-31,103970000.0,אנליסט,,False,False,0.020499999999999997,0.0035,21313.849999999995,0.016999999999999998,17674.899999999998,0
5115050,קבין השקעות - קרן ממונפת,ממונפות בסיכון גבוה,,ממונפות ואסטרטגיות,2026-01-31,28150000.0,איילון,קבין,False,False,0.027999999999999997,0.0035,7881.999999999999,0.024499999999999997,6896.75,0
5115068,הראל צמודים ממשלתי ללא מניות,"אג""ח מדינה צמוד מדד- ללא מניות",,"אג""ח בארץ- מדינה",2026-01-31,71150000.0,הראל,,False,False,0.006500000000000001,0.0035,4624.750000000001,0.0030000000000000005,2134.5000000000005,0
5115076,הראל מדינה צמודה,"אג""ח מדינה צמוד מדד- ללא מניות",,"אג""ח בארץ- מדינה",2026-01-31,540970000.0,הראל,,False,False,0.0069,0.0035,37326.93,0.0034,18392.98,0
5115092,"ילין לפידות תיק אג""ח + 15%","אג""ח כללי בארץ- עד 15% מניות",,"אג""ח בארץ - כללי",2026-01-31,352790000.0,ילין לפידות,,False,False,0.0076,0.0035,26812.04,0.0040999999999999995,14464.389999999998,0
5115100,איביאי מחקה תל בונד 60 צמודות,בריבית קבועה,,"אג""ח בארץ- חברות והמרה",2026-01-31,59570000.0,אי.בי.אי,,True,False,0.0025,0.0,1489.25,0.0025,1489.25,0
5115118,מור מחקה תל גוב-צמודות 5-10,צמודות מדד ממשלתיות - ארוך,,"אג""ח בארץ- מדינה",2026-01-31,35490000.0,מור,,True,False,0.0015,0.0,532.35,0.0015,532.35,0
5115126,"מור מחקה ת""א 90",Mid Cap,,מניות בארץ,2026-01-31,173250000.0,מור,,True,False,0.0045000000000000005,0.0,7796.250000000001,0.0045000000000000005,7796.250000000001,0
5115167,אלטשולר שחם 10-90,"אג""ח כללי בארץ- עד 10% מניות ללא סימן קריאה",,"אג""ח בארץ - כללי",2026-01-31,486870000.0,אלטשולר שחם,,False,False,0.0075,0.0035,36515.25,0.004,19474.800000000003,0
5115225,אנליסט שקלית קונצרנית ללא מניות,חברות והמרה שקלי ללא מניות,,"אג""ח בארץ- חברות והמרה",2026-01-31,11730000.0,אנליסט,,False,False,0.0054,0.0035,633.4200000000001,0.0019000000000000002,222.87,0
5115258,FOREST סלקט 15/85,"אג""ח כללי בארץ- עד 15% מניות",,"אג""ח בארץ - כללי",2026-01-31,310140000.0,פורסט,,False,False,0.0087,0.0035,26982.18,0.0052,16127.279999999999,0
5115274,"MTF מחקה משולבת אג""ח ישראל (80%) מניות ישראל (20%) חודשי",עד 20% מניות,,"אג""ח בארץ משולבת",2026-01-31,20640000.0,מגדל,,True,False,0.0049,0.0,1011.36,0.0049,1011.36,0
5115290,הראל 10/90 מחלקת,"אג""ח כללי בארץ- עד 10% מניות ללא סימן קריאה",,"אג""ח בארץ - כללי",2026-01-31,26130000.0,הראל,,False,False,0.0077,0.0035,2012.01,0.004200000000000001,1097.46,0
5115324,מגדל סולידית,"אג""ח כללי בארץ בדירוג גבוה בלבד (AA ומעלה ו/ או מדינה)",,"אג""ח בארץ - כללי",2026-01-31,50620000.0,מגדל,,False,False,0.0059,0.0035,2986.58,0.0024,1214.8799999999999,0
5115332,"מגדל אג""ח מדינה+10%","אג""ח מדינה כללי- עד 10% מניות",,"אג""ח בארץ- מדינה",2026-01-31,42430000.0,מגדל,,False,False,0.0049,0.0035,2079.0699999999997,0.0013999999999999998,594.0199999999999,0
5115365,הראל (!) 10/90 פלטינום,"אג""ח כללי בארץ- עד 10% מניות ועם סימן קריאה",,"אג""ח בארץ - כללי",2026-01-31,148590000.0,הראל,,False,False,0.006999999999999999,0.0035,10401.3,0.003499999999999999,5200.649999999999,0
5115373,כוון מניות גלובלית U.S,"ארה""ב חשופת מט""ח",,"מניות בחו""ל",2026-01-31,14590000.0,איילון,כוון,False,False,0.0187,0.0035,2728.3300000000004,0.015200000000000002,2217.6800000000003,0
5115381,כרמים צמוד ממשלתי בינוני,"אג""ח מדינה צמוד מדד- ללא מניות",,"אג""ח בארץ- מדינה",2026-01-31,500000.0,איילון,כרמים,False,False,0.011000000000000001,0.0035,55.00000000000001,0.0075000000000000015,37.50000000000001,0
5115407,"אלטשולר שחם עוקבת תיק חו""ל 2 הבנק הבינלאומי","אג""ח חשופת מט""ח",,"אג""ח בחו""ל",2026-01-31,110240000.0,אלטשולר שחם,,False,False,0.0092,0.0035,10142.08,0.0057,6283.68,0
5115449,"טופ אלפא (!) אג""ח ללא מניות","אג""ח כללי בארץ ללא מניות עם סימן קריאה",,"אג""ח בארץ - כללי",2026-01-31,34730000.0,איילון,טופ אלפא,False,False,0.0076,0.0035,2639.48,0.0040999999999999995,1423.9299999999998,0
5115456,"טופ אלפא מניות חו""ל","מניות כללי בחו""ל חשופת מט""ח",,"מניות בחו""ל",2026-01-31,161260000.0,איילון,טופ אלפא,False,False,0.024399999999999998,0.0035,39347.439999999995,0.0209,33703.34,0
5115464,איילון עוקבת תיק מרכיב הנזילות פלוס - הבנק הבינלאומי,"חברות והמרה ללא מניות וללא סימן קריאה, עם מגבלת מח""מ עד 5 שנים",,"אג""ח בארץ- חברות והמרה",2026-01-31,16379999.999999998,איילון,,False,False,0.0052,0.0035,851.7599999999999,0.0016999999999999997,278.4599999999999,0
5115472,תכלית TTF תל בונד 20 צמודות,בריבית קבועה,,"אג""ח בארץ- חברות והמרה",2026-01-31,181520000.0,מיטב,,True,False,0.002,0.0,3630.4,0.002,3630.4,0
5115498,מיטב קונצרני שקלי,חברות והמרה שקלי ללא מניות,,"אג""ח בארץ- חברות והמרה",2026-01-31,26360000.0,מיטב,,False,False,0.0064,0.0035,1687.04,0.0029000000000000002,764.44,0
5115506,סיגמא (!) מודל דירוג פנימי,חברות והמרה ללא מניות עם סימן קריאה,,"אג""ח בארץ- חברות והמרה",2026-01-31,54770000.0,סיגמא,,False,False,0.0127,0.0035,6955.79,0.0092,5038.84,0
5115514,סיגמא מדינה + 20%,"אג""ח מדינה כללי- עד 20% מניות",,"אג""ח בארץ- מדינה",2026-01-31,859800000.0,סיגמא,,False,False,0.0059,0.0035,50728.2,0.0024,20635.199999999997,0
5115548,הראל 10/90 פלוס,"אג""ח כללי בארץ- עד 10% מניות ללא סימן קריאה",,"אג""ח בארץ - כללי",2026-01-31,96800000.0,הראל,,False,False,0.006889999999999999,0.0035,6669.5199999999995,0.0033899999999999994,3281.519999999999,0
5115555,הראל 30/70 פלוס,"אג""ח כללי בארץ- עד 30% מניות",,"אג""ח בארץ - כללי",2026-01-31,8890000.0,הראל,,False,False,0.0059,0.0035,524.51,0.0024,213.35999999999999,0
5115589,קסם KTF תל בונד 20 צמודות,בריבית קבועה,,"אג""ח בארץ- חברות והמרה",2026-01-31,326570000.0,קסם,,True,False,0.0025,0.0,8164.25,0.0025,8164.25,0
5115597,קסם KTF תל בונד מאגר,"אג""ח חברות שקלי וצמוד",,"אג""ח בארץ- חברות והמרה",2026-01-31,134470000.0,קסם,,True,False,0.0034999999999999996,0.0,4706.45,0.0034999999999999996,4706.45,0
5115605,קסם KTF תל בונד צמודות-יתר,בריבית קבועה,,"אג""ח בארץ- חברות והמרה",2026-01-31,34790000.0,קסם,,True,False,0.0034999999999999996,0.0,1217.6499999999999,0.0034999999999999996,1217.6499999999999,0
5115621,"מור מק""מ פלוס","אג""ח מדינה שקליות- עד 10% מניות",,"אג""ח בארץ- מדינה",2026-01-31,231320000.0,מור,,False,False,0.0055000000000000005,0.002,12722.600000000002,0.0035000000000000005,8096.200000000001,0
5115647,"הפניקס קסם אג""ח חו""ל מדורג - נקובה $","אג""ח נקובת מט""ח",,"אג""ח בחו""ל",2026-01-31,88530000.0,קסם,,False,False,0.006999999999999999,0.0035,6197.099999999999,0.003499999999999999,3098.5499999999993,0
5115704,ילין לפידות 10/90,"אג""ח כללי בארץ- עד 10% מניות ללא סימן קריאה",,"אג""ח בארץ - כללי",2026-01-31,933730000.0,ילין לפידות,,False,False,0.008,0.0035,74698.40000000001,0.0045000000000000005,42017.850000000006,0
5115712,ילין לפידות מדינה שקלי ללא מניות,"אג""ח מדינה שקליות- ללא מניות",,"אג""ח בארץ- מדינה",2026-01-31,10020000.0,ילין לפידות,,False,False,0.0076,0.0035,761.5200000000001,0.0040999999999999995,410.81999999999994,0
5115738,"הראל מחקה משולבת אג""ח ישראל (80%) מניות ישראל-חול (20%) חודשי",עד 20% מניות,,"אג""ח בארץ משולבת",2026-01-31,87860000.0,הראל,,True,False,0.0,0.0,0.0,0.0,0.0,0
5115761,איביאי מחקה משולבת קונצרני (80%) מניות (20%) חודשי,עד 20% מניות,,"אג""ח בארץ משולבת",2026-01-31,38350000.0,אי.בי.אי,,True,False,0.005,0.0,1917.5,0.005,1917.5,0
5115787,ילין לפידות מדינה + 10%,"אג""ח מדינה כללי- עד 10% מניות",,"אג""ח בארץ- מדינה",2026-01-31,73660000.0,ילין לפידות,,False,False,0.0064,0.0035,4714.24,0.0029000000000000002,2136.1400000000003,0
5115795,מיטב כספית נקובה ב-$,"נקובת מט""ח",,קרן כספית,2026-01-31,441810000.0,מיטב,,False,False,0.0028000000000000004,0.001,12370.680000000002,0.0018000000000000004,7952.580000000002,1
5115803,אנליסט ממשלתית תיק סולידי עד שנתיים,"אג""ח מדינה כללי- עד 10% מניות",,"אג""ח בארץ- מדינה",2026-01-31,111280000.0,אנליסט,,False,False,0.0058,0.002,6454.239999999999,0.0037999999999999996,4228.639999999999,0
5115811,תמיר פישמן 10/90,"אג""ח כללי בארץ- עד 10% מניות ללא סימן קריאה",,"אג""ח בארץ - כללי",2026-01-31,111590000.0,תמיר פישמן,,False,False,0.0075,0.0035,8369.25,0.004,4463.6,0
5115837,תכלית TTF משולבת אגח ממשלתי קונצרני (90%) מניות (10%) חודשי,עד 10% מניות,,"אג""ח בארץ משולבת",2026-01-31,23530000.0,מיטב,,True,False,0.005,0.0,1176.5,0.005,1176.5,0
5115886,"ילין לפידות תיק אג""ח סולידי + 10%","אג""ח כללי בארץ בדירוג גבוה (AA ומעלה ו/ או מדינה)- עד 10% מניות",,"אג""ח בארץ - כללי",2026-01-31,264300000.0,ילין לפידות,,False,False,0.0069,0.0035,18236.7,0.0034,8986.2,0
5115894,הראל תיק סולידי ללא מניות,"אג""ח כללי בארץ בדירוג גבוה בלבד (AA ומעלה ו/ או מדינה)",,"אג""ח בארץ - כללי",2026-01-31,34090000.0,הראל,,False,False,0.0068000000000000005,0.0035,2318.12,0.0033000000000000004,1124.97,0
5115928,הראל (!) נבחרת קונצרני,חברות והמרה ללא מניות עם סימן קריאה,,"אג""ח בארץ- חברות והמרה",2026-01-31,46720000.0,הראל,,False,False,0.0059,0.0035,2756.48,0.0024,1121.28,0
5115936,"הראל אג""ח Total Return","אג""ח כללי בארץ ללא מניות וללא סימן קריאה, עם מגבלת מח""מ עד 5 שנים",,"אג""ח בארץ - כללי",2026-01-31,52510000.0,הראל,,False,False,0.0049,0.0035,2572.99,0.0013999999999999998,735.1399999999999,0
5115977,הראל מדינה פלוס,"אג""ח מדינה כללי- עד 20% מניות",,"אג""ח בארץ- מדינה",2026-01-31,50940000.0,הראל,,False,False,0.0049,0.0035,2496.06,0.0013999999999999998,713.1599999999999,0
5115985,הראל צמודים ממשלתיים,"אג""ח מדינה צמוד מדד- ללא מניות",,"אג""ח בארץ- מדינה",2026-01-31,49240000.0,הראל,,False,False,0.0025,0.0035,1231.0,-0.001,-492.40000000000003,0
5115993,"הראל אג""ח קונצרני + 10%",חברות והמרה עם מניות ללא סימן קריאה,,"אג""ח בארץ- חברות והמרה",2026-01-31,145810000.0,הראל,,False,False,0.0049,0.0035,7144.69,0.0013999999999999998,2041.3399999999997,0
5116009,הראל שקלית ממשלתית,"אג""ח מדינה שקליות- ללא מניות",,"אג""ח בארץ- מדינה",2026-01-31,83880000.0,הראל,,False,False,0.0025,0.0035,2097.0,-0.001,-838.8000000000001,0
5116017,"אלטשולר שחם אג""ח גלובלי נקובה בדולר","אג""ח נקובת מט""ח",,"אג""ח בחו""ל",2026-01-31,347750000.0,אלטשולר שחם,,False,False,0.006999999999999999,0.0035,24342.499999999996,0.003499999999999999,12171.249999999996,0
5116033,אנליסט 20/80,"אג""ח כללי בארץ- עד 20% מניות",,"אג""ח בארץ - כללי",2026-01-31,1861230000.0,אנליסט,,False,False,0.0084,0.0035,156343.31999999998,0.0049,91200.27,0
5116041,סיגמא ממשלתי שקלי,"אג""ח מדינה שקליות- ללא מניות",,"אג""ח בארץ- מדינה",2026-01-31,30220000.0,סיגמא,,False,False,0.009000000000000001,0.0035,2719.8,0.005500000000000001,1662.1000000000004,0
5116082,"אזימוט אג""ח ללא מניות","אג""ח כללי בארץ ללא מניות וללא סימן קריאה, עם מגבלת מח""מ עד 5 שנים",,"אג""ח בארץ - כללי",2026-01-31,92790000.0,איילון,אזימוטליין,False,False,0.0089,0.0035,8258.31,0.0054,5010.660000000001,0
5116140,"מגדל אג""ח מדינה","אג""ח מדינה כללי- ללא מניות",,"אג""ח בארץ- מדינה",2026-01-31,264399999.99999997,מגדל,,False,False,0.0064,0.0035,16921.6,0.0029000000000000002,7667.6,0
5116165,"מגדל מניות חו""ל טכנולוגיות חדשניות - מנוטרלת מט""ח","מניות כללי בחו""ל מוגנת מט""ח",,"מניות בחו""ל",2026-01-31,55520000.0,מגדל,,False,False,0.0195,0.0035,10826.4,0.016,8883.2,0
5116181,MTF מחקה תל גוב-כללי,"אג""ח מדינה שיקלי וצמוד",,"אג""ח בארץ- מדינה",2026-01-31,256709999.99999997,מגדל,,True,False,0.0015,0.0,3850.6499999999996,0.0015,3850.6499999999996,0
5116470,"קסם אקטיב תיק אג""ח ללא מניות","אג""ח כללי בארץ ללא מניות וללא סימן קריאה",,"אג""ח בארץ - כללי",2026-01-31,630670000.0,קסם,,False,False,0.0073,0.0035,46038.909999999996,0.0038,23965.460000000003,0
5116488,ילין לפידות 20/80,"אג""ח כללי בארץ- עד 20% מניות",,"אג""ח בארץ - כללי",2026-01-31,1060690000.0,ילין לפידות,,False,False,0.0095,0.0035,100765.54999999999,0.006,63641.4,0
5116512,"קסם אקטיב אג""ח ממוצע AA","חברות והמרה ללא מניות וללא סימן קריאה, עם מגבלת מח""מ עד 5 שנים",,"אג""ח בארץ- חברות והמרה",2026-01-31,131850000.0,קסם,,False,False,0.006500000000000001,0.0035,8570.250000000002,0.0030000000000000005,3955.5000000000005,0
5116553,"קסם אקטיב אג""ח מדינה + 10%","אג""ח מדינה כללי- עד 10% מניות",,"אג""ח בארץ- מדינה",2026-01-31,153990000.0,קסם,,False,False,0.0062,0.0035,9547.380000000001,0.0026999999999999997,4157.73,0
5116629,"FOREST (!) אג""ח מדורג",חברות והמרה ללא מניות עם סימן קריאה,,"אג""ח בארץ- חברות והמרה",2026-01-31,575480000.0,פורסט,,False,False,0.0086,0.0035,49491.28,0.0051,29349.480000000003,0
5116637,"טרגט אג""ח ללא מניות","אג""ח כללי בארץ ללא מניות וללא סימן קריאה",,"אג""ח בארץ - כללי",2026-01-31,265779999.99999997,איילון,טרגט,False,False,0.0055000000000000005,0.0035,14617.900000000001,0.0020000000000000005,5315.6,0
5116660,"הראל שנהב אג""ח","אג""ח כללי בארץ- עד 15% מניות",,"אג""ח בארץ - כללי",2026-01-31,59530000.0,הראל,,False,False,0.0028000000000000004,0.0035,1666.8400000000001,-0.0006999999999999997,-416.7099999999998,0
5116736,"דיאמונד מניות ת""א 125",מניות Large & Mid Cap,,מניות בארץ,2026-01-31,36970000.0,איילון,דיאמונד,False,False,0.013000000000000001,0.0035,4806.1,0.009500000000000001,3512.1500000000005,0
5116777,ילין לפידות (!) קונצרני שקלי,חברות והמרה שקלי ללא מניות,,"אג""ח בארץ- חברות והמרה",2026-01-31,125880000.0,ילין לפידות,,False,False,0.0069,0.0035,8685.72,0.0034,4279.92,0
5116785,הראל מחקה תל גוב-צמודות 5-10,צמודות מדד ממשלתיות - ארוך,,"אג""ח בארץ- מדינה",2026-01-31,102800000.0,הראל,,True,False,0.0,0.0,0.0,0.0,0.0,0
5116793,"הראל מחקה משולבת אג""ח ישראל צמוד חודשי",ללא מניות,,"אג""ח בארץ משולבת",2026-01-31,25960000.0,הראל,,True,False,0.0034999999999999996,0.0,908.5999999999999,0.0034999999999999996,908.5999999999999,0
5116918,MTF מחקה תל בונד צמודות יתר,בריבית קבועה,,"אג""ח בארץ- חברות והמרה",2026-01-31,60620000.0,מגדל,,True,False,0.0025,0.0,1515.5,0.0025,1515.5,0
5116926,מגדל צמודה בונד מדורג,"חברות והמרה ללא מניות וללא סימן קריאה, עם מגבלת מח""מ עד 5 שנים",,"אג""ח בארץ- חברות והמרה",2026-01-31,980810000.0,מגדל,,False,False,0.0075,0.0035,73560.75,0.004,39232.4,0
5116934,אנליסט מודל דירוג פנימי,חברות והמרה ללא מניות וללא סימן קריאה,,"אג""ח בארץ- חברות והמרה",2026-01-31,232860000.0,אנליסט,,False,False,0.0079,0.0035,18395.940000000002,0.004400000000000001,10245.840000000004,0
5116942,"קסם אקטיב אג""ח מדורג ללא מניות",חברות והמרה ללא מניות וללא סימן קריאה,,"אג""ח בארץ- חברות והמרה",2026-01-31,190830000.0,קסם,,False,False,0.0070999999999999995,0.0035,13548.929999999998,0.0035999999999999995,6869.879999999999,0
5116967,מור מחקה תל גוב-שקלי 5+,ריבית קבועה - ארוך,,"אג""ח בארץ- מדינה",2026-01-31,31890000.0,מור,,True,False,0.0015,0.0,478.35,0.0015,478.35,0
5116975,"אלטשולר שחם אג""ח קונצרני A ומעלה","חברות והמרה ללא מניות וללא סימן קריאה, עם מגבלת מח""מ עד 5 שנים",,"אג""ח בארץ- חברות והמרה",2026-01-31,254320000.0,אלטשולר שחם,,False,False,0.0069,0.0035,17548.079999999998,0.0034,8646.88,0
5116983,"אלטשולר שחם אג""ח מדינה ללא מניות","אג""ח מדינה כללי- ללא מניות",,"אג""ח בארץ- מדינה",2026-01-31,257200000.0,אלטשולר שחם,,False,False,0.0063,0.0035,16203.6,0.0028,7201.599999999999,0
5117007,"הראל מחקה משולבת אג""ח ישראל שקלי חודשי",ללא מניות,,"אג""ח בארץ משולבת",2026-01-31,22960000.0,הראל,,True,False,0.0,0.0,0.0,0.0,0.0,0
5117023,איביאי מחקה תל בונד צמודות,בריבית קבועה,,"אג""ח בארץ- חברות והמרה",2026-01-31,57520000.0,אי.בי.אי,,True,False,0.0025,0.0,1438.0,0.0025,1438.0,0
5117049,מור מחקה תל בונד צמודות-יתר,בריבית קבועה,,"אג""ח בארץ- חברות והמרה",2026-01-31,15080000.0,מור,,True,False,0.002,0.0,301.6,0.002,301.6,0
5117080,MTF מחקה משולבת תל גוב-שקלי 2-5 (75%) תל בונד שקלי (25%) חודשי,ללא מניות,,"אג""ח בארץ משולבת",2026-01-31,12580000.0,מגדל,,True,False,0.0039000000000000003,0.0,490.62,0.0039000000000000003,490.62,0
5117122,קסם אקטיב שקלית ממשלתית כשרה,"אג""ח מדינה שקליות- ללא מניות",,"אג""ח בארץ- מדינה",2026-01-31,63830000.0,קסם,,False,False,0.0054,0.0035,3446.82,0.0019000000000000002,1212.77,0
5117130,"הראל אג""ח בינלאומי עד 20% מט""ח","אג""ח מוגנת מט""ח",,"אג""ח בחו""ל",2026-01-31,91150000.0,הראל,,False,False,0.0078000000000000005,0.0035,7109.7,0.0043,3919.4500000000003,0
5117239,"הראל תיק אג""ח סולידי + 10%","אג""ח כללי בארץ בדירוג גבוה (AA ומעלה ו/ או מדינה)- עד 10% מניות",,"אג""ח בארץ - כללי",2026-01-31,36920000.0,הראל,,False,False,0.0055000000000000005,0.0035,2030.6000000000004,0.0020000000000000005,738.4000000000002,0
5117247,הראל מחקה תל גוב-צמודות 2-5,צמודות מדד ממשלתיות - בינוני,,"אג""ח בארץ- מדינה",2026-01-31,186990000.0,הראל,,True,False,0.0005,0.0,934.95,0.0005,934.95,0
5117262,הראל מחקה תל גוב-שקלי 2-5,ריבית קבועה  - בינוני,,"אג""ח בארץ- מדינה",2026-01-31,115650000.0,הראל,,True,False,0.0,0.0,0.0,0.0,0.0,0
5117270,הראל מחקה תל בונד 20 צמודות,בריבית קבועה,,"אג""ח בארץ- חברות והמרה",2026-01-31,545480000.0,הראל,,True,False,0.001,0.0,5454.8,0.001,5454.8,0
5117288,הראל מחקה תל בונד שקלי,בריבית קבועה,,"אג""ח בארץ- חברות והמרה",2026-01-31,183410000.0,הראל,,True,False,0.002,0.0,3668.2000000000003,0.002,3668.2000000000003,0
5117296,ילין לפידות מדינה שקלי 1-4 שנים,"אג""ח מדינה שקליות- ללא מניות",,"אג""ח בארץ- מדינה",2026-01-31,63070000.0,ילין לפידות,,False,False,0.0042,0.0035,2648.94,0.0006999999999999997,441.4899999999998,0
5117304,"ילין לפידות תיק אג""ח ללא מניות","אג""ח כללי בארץ ללא מניות וללא סימן קריאה",,"אג""ח בארץ - כללי",2026-01-31,278500000.0,ילין לפידות,,False,False,0.0074,0.0035,20609.000000000004,0.0039000000000000003,10861.5,0
5117312,ילין לפידות עוקבת תיק 2 הבנק הבינלאומי,"אג""ח כללי בארץ- עד 15% מניות",,"אג""ח בארץ - כללי",2026-01-31,472630000.0,ילין לפידות,,False,False,0.0079,0.0035,37337.770000000004,0.004400000000000001,20795.720000000005,0
5117346,"תכלית TTF משולבת אגח ממשלתי קונצרני (85%) מניות (15%) מנוטרלת מט""ח חודשי",עד 20% מניות,,"אג""ח בארץ משולבת",2026-01-31,30930000.0,מיטב,,True,False,0.006500000000000001,0.0,2010.4500000000003,0.006500000000000001,2010.4500000000003,0
5117379,תכלית TTF תל גוב-צמודות 2-5,צמודות מדד ממשלתיות - בינוני,,"אג""ח בארץ- מדינה",2026-01-31,513780000.0,מיטב,,True,False,0.002,0.0,10275.6,0.002,10275.6,0
5117429,איביאי כספית נקובה דולר $,"נקובת מט""ח",,קרן כספית,2026-01-31,1822700000.0,אי.בי.אי,,False,False,0.0025,0.001,45567.5,0.0015,27340.5,1
5117437,קסם KTF תל בונד צמודות,בריבית קבועה,,"אג""ח בארץ- חברות והמרה",2026-01-31,344680000.0,קסם,,True,False,0.0026,0.0,8961.68,0.0026,8961.68,0
5117445,Gse Spot מחקר קונצרני,חברות והמרה ללא מניות וללא סימן קריאה,,"אג""ח בארץ- חברות והמרה",2026-01-31,41040000.0,איילון,ג'י. אס. אי. ספוט,False,False,0.009000000000000001,0.0035,3693.6000000000004,0.005500000000000001,2257.2000000000007,0
5117460,"הראל תיק אג""ח + 15%","אג""ח כללי בארץ- עד 15% מניות",,"אג""ח בארץ - כללי",2026-01-31,224090000.0,הראל,,False,False,0.0074,0.0035,16582.660000000003,0.0039000000000000003,8739.51,0
5117494,אי בי אי מחקה תל בונד צמודות יתר,בריבית קבועה,,"אג""ח בארץ- חברות והמרה",2026-01-31,92190000.0,אי.בי.אי,,True,False,0.002,0.0,1843.8000000000002,0.002,1843.8000000000002,0
5117502,"ילין לפידות (!) אג""ח חברות + 10%",חברות והמרה עם מניות ועם סימן קריאה,,"אג""ח בארץ- חברות והמרה",2026-01-31,988150000.0,ילין לפידות,,False,False,0.0091,0.0035,89921.65000000001,0.005600000000000001,55336.40000000001,0
5117510,מור מדדית מדינה ללא מניות,"אג""ח מדינה צמוד מדד- ללא מניות",,"אג""ח בארץ- מדינה",2026-01-31,86740000.0,מור,,False,False,0.006500000000000001,0.0035,5638.1,0.0030000000000000005,2602.2000000000003,0
5117536,מגדל S&P 500,"ארה""ב חשופת מט""ח",,"מניות בחו""ל",2026-01-31,15980000.0,מגדל,,False,False,0.005,0.0035,799.0,0.0015,239.70000000000002,0
5117577,"איביאי אג""ח חברות מדורג",חברות והמרה ללא מניות וללא סימן קריאה,,"אג""ח בארץ- חברות והמרה",2026-01-31,297230000.0,אי.בי.אי,,False,False,0.0095,0.0035,28236.85,0.006,17833.8,0
5117585,מור מחקה NASDAQ 100,אמריקה- שווקים מפותחים,,"מניות בחו""ל",2026-01-31,706120000.0,מור,,True,False,0.005,0.0,35306.0,0.005,35306.0,0
5117601,מור מחקה S&P 500,אמריקה- שווקים מפותחים,,"מניות בחו""ל",2026-01-31,259459999.99999997,מור,,True,False,0.004,0.0,10378.4,0.004,10378.4,0
5117619,"איביאי תיק אג""ח כללי","אג""ח כללי בארץ ללא מניות וללא סימן קריאה",,"אג""ח בארץ - כללי",2026-01-31,50980000.0,אי.בי.אי,,False,False,0.0089,0.0035,4537.219999999999,0.0054,2752.92,0
5117627,איביאי מחקה משולבת ממשלתי חודשי,"אג""ח מדינה משולבת - ללא מניות",,"אג""ח בארץ- מדינה",2026-01-31,35370000.0,אי.בי.אי,,True,False,0.005,0.0,1768.5,0.005,1768.5,0
5117650,איילון 25/75 כשרה,"אג""ח כללי בארץ- עד 25% מניות",,"אג""ח בארץ - כללי",2026-01-31,126490000.0,איילון,,False,False,0.006500000000000001,0.0035,8221.85,0.0030000000000000005,3794.7000000000007,0
5117668,איילון תיק השקעות ללא מניות,"אג""ח כללי בארץ ללא מניות וללא סימן קריאה",,"אג""ח בארץ - כללי",2026-01-31,36320000.0,איילון,,False,False,0.0060999999999999995,0.0035,2215.5199999999995,0.0025999999999999994,944.3199999999998,0
5117684,"איילון אקסטרים ת""א 125 פי 3",ממונפות בסיכון גבוה,,ממונפות ואסטרטגיות,2026-01-31,198880000.0,איילון,,False,False,0.018500000000000003,0.0035,36792.8,0.015000000000000003,29832.000000000007,0
5117692,"איילון אקסטרים ת""א 35 פי 3",ממונפות בסיכון גבוה,,ממונפות ואסטרטגיות,2026-01-31,141360000.0,איילון,,False,False,0.018500000000000003,0.0035,26151.600000000002,0.015000000000000003,21204.000000000007,0
5117700,איילון כספית,כספית שקלית עם קונצרני,,קרן כספית,2026-01-31,7532940000.0,איילון,,False,False,0.0018,0.001,135592.92,0.0007999999999999999,60263.52,1
5117734,אימפקט 20/80,"אג""ח כללי בארץ- עד 20% מניות",,"אג""ח בארץ - כללי",2026-01-31,60830000.0,איילון,אימפקט,False,False,0.0085,0.0035,5170.55,0.005000000000000001,3041.5000000000005,0
5117742,"איילון משקל שווה ת""א 35",מניות Large & Mid Cap,,מניות בארץ,2026-01-31,19110000.0,איילון,,False,False,0.0115,0.0035,2197.65,0.008,1528.8000000000002,0
5117759,איילון אקסטרים S&P 500 פי 3,ממונפות בסיכון גבוה,,ממונפות ואסטרטגיות,2026-01-31,154790000.0,איילון,,False,False,0.018500000000000003,0.0035,28636.150000000005,0.015000000000000003,23218.500000000007,0
5117809,איילון אקסטרים דולר פי 3,ממונפות בסיכון גבוה,,ממונפות ואסטרטגיות,2026-01-31,11900000.0,איילון,,False,False,0.015,0.0035,1784.9999999999998,0.0115,1368.5,0
5117817,MTF מחקה תל בונד צמודות בנקים ללא COCO,בריבית קבועה,,"אג""ח בארץ- חברות והמרה",2026-01-31,111630000.0,מגדל,,True,False,0.0015,0.0,1674.45,0.0015,1674.45,0
5117833,אי בי אי מחקה תל גוב-צמודות 5-10,צמודות מדד ממשלתיות - ארוך,,"אג""ח בארץ- מדינה",2026-01-31,56460000.0,אי.בי.אי,,True,False,0.0015,0.0,846.9,0.0015,846.9,0
5117841,הראל עוקבת תיק מס' 2 - הבנק הבינלאומי,"אג""ח כללי בארץ- עד 15% מניות",,"אג""ח בארץ - כללי",2026-01-31,204530000.0,הראל,,False,False,0.0076,0.0035,15544.28,0.0040999999999999995,8385.73,0
5117866,MTF מחקה תל גוב-צמודות,צמודות מדד ממשלתיות - אחר,,"אג""ח בארץ- מדינה",2026-01-31,36400000.0,מגדל,,True,False,0.001,0.0,364.00000000000006,0.001,364.00000000000006,0
5117932,מגדל בונד צמוד A ומעלה,חברות והמרה ללא מניות וללא סימן קריאה,,"אג""ח בארץ- חברות והמרה",2026-01-31,426440000.0,מגדל,,False,False,0.0079,0.0035,33688.76,0.004400000000000001,18763.360000000004,0
5117957,אי בי אי מחקה (!) תל בונד-תשואות צמודות,בריבית קבועה,,"אג""ח בארץ- חברות והמרה",2026-01-31,254960000.0,אי.בי.אי,,True,False,0.002,0.0,5099.200000000001,0.002,5099.200000000001,0
5117973,"קסם אקטיב אירופה Index Plus - מנוטרלת מט""ח","מניות גיאוגרפי מוגנת מט""ח",,"מניות בחו""ל",2026-01-31,29080000.0,קסם,,False,False,0.0125,0.0035,3635.0,0.009000000000000001,2617.2000000000003,0
5118021,קסם KTF תל בונד 60 צמודות,בריבית קבועה,,"אג""ח בארץ- חברות והמרה",2026-01-31,719310000.0,קסם,,True,False,0.0025,0.0,17982.75,0.0025,17982.75,0
5118039,קסם KTF תל גוב-שקלי 5+,ריבית קבועה - ארוך,,"אג""ח בארץ- מדינה",2026-01-31,46170000.0,קסם,,True,False,0.0,0.0,0.0,0.0,0.0,0
5118047,קסם KTF תל גוב-שקלי,ריבית קבועה,,"אג""ח בארץ- מדינה",2026-01-31,114550000.0,קסם,,True,False,0.0025,0.0,2863.75,0.0025,2863.75,0
5118054,קסם KTF תל גוב-צמודות 5-10,צמודות מדד ממשלתיות - ארוך,,"אג""ח בארץ- מדינה",2026-01-31,138390000.0,קסם,,True,False,0.0025,0.0,3459.75,0.0025,3459.75,0
5118062,קסם אקטיב עוקבת תיק 1 הבנק הבינלאומי,"אג""ח כללי בארץ- עד 5% מניות",,"אג""ח בארץ - כללי",2026-01-31,45950000.0,קסם,,False,False,0.0058,0.0035,2665.1,0.0022999999999999995,1056.85,0
5118088,"ילין לפידות (!) אג""ח TOTAL RETURN IL","אג""ח כללי בארץ ללא מניות עם סימן קריאה",,"אג""ח בארץ - כללי",2026-01-31,811980000.0,ילין לפידות,,False,False,0.0075,0.0035,60898.49999999999,0.004,32479.200000000004,0
5118112,"קסם אקטיב ארה""ב Index Plus כשרה","ארה""ב חשופת מט""ח",,"מניות בחו""ל",2026-01-31,259160000.00000003,קסם,,False,False,0.0182,0.0035,47167.12000000001,0.014700000000000001,38096.52000000001,0
5118120,קסם KTFי (!) תל בונד-תשואות צמודות,בריבית קבועה,,"אג""ח בארץ- חברות והמרה",2026-01-31,177610000.0,קסם,,True,False,0.002,0.0,3552.2000000000003,0.002,3552.2000000000003,0
5118138,"קסם אקטיב אג""ח מדורג",חברות והמרה ללא מניות וללא סימן קריאה,,"אג""ח בארץ- חברות והמרה",2026-01-31,292560000.0,קסם,,False,False,0.0077,0.0035,22527.12,0.004200000000000001,12287.52,0
5118146,קסם אקטיב תיק השקעות גמיש,גמישות,,גמישות,2026-01-31,400540000.0,קסם,,False,False,0.0184,0.0035,73699.36,0.0149,59680.46,0
5118179,קסם iBoxx US Liquid Investment Grade Top 30 KTF,"חברות והמרה חשופת מט""ח",,"אג""ח בחו""ל",2026-01-31,113050000.0,קסם,,True,False,0.0025,0.0,2826.25,0.0025,2826.25,0
5118187,"מגדל (!) הזדמנויות אג""ח תשואה גבוהה",חברות והמרה בסיכון גבוה,,"אג""ח בארץ- חברות והמרה",2026-01-31,438470000.0,מגדל,,False,False,0.0125,0.0035,54808.75,0.009000000000000001,39462.3,0
5118195,מגדל (!) 10/90 פלוס,"אג""ח כללי בארץ- עד 10% מניות ועם סימן קריאה",,"אג""ח בארץ - כללי",2026-01-31,54760000.0,מגדל,,False,False,0.0089,0.0035,4873.639999999999,0.0054,2957.0400000000004,0
5118237,"מיטב אג""ח + 20%","אג""ח כללי בארץ- עד 20% מניות",,"אג""ח בארץ - כללי",2026-01-31,112970000.0,מיטב,,False,False,0.0079,0.0035,8924.630000000001,0.004400000000000001,4970.680000000001,0
5118260,טרגט 20/80,"אג""ח כללי בארץ- עד 20% מניות",,"אג""ח בארץ - כללי",2026-01-31,23980000.0,איילון,טרגט,False,False,0.0055000000000000005,0.0035,1318.9000000000003,0.0020000000000000005,479.60000000000014,0
5118310,איביאי 10/90,"אג""ח כללי בארץ- עד 10% מניות ללא סימן קריאה",,"אג""ח בארץ - כללי",2026-01-31,270360000.0,אי.בי.אי,,False,False,0.0075,0.0035,20277.0,0.004,10814.400000000001,0
5118328,"אנליסט אג""ח מדורג A ומעלה מח""מ 1-4 שנים","חברות והמרה ללא מניות וללא סימן קריאה, עם מגבלת מח""מ עד 5 שנים",,"אג""ח בארץ- חברות והמרה",2026-01-31,395490000.0,אנליסט,,False,False,0.0068000000000000005,0.0035,26893.32,0.0033000000000000004,13051.170000000002,0
5118369,ילין לפידות מדינה ללא מניות,"אג""ח מדינה כללי- ללא מניות",,"אג""ח בארץ- מדינה",2026-01-31,80480000.0,ילין לפידות,,False,False,0.0055000000000000005,0.0035,4426.400000000001,0.0020000000000000005,1609.6000000000004,0
5118377,ילין לפידות מדינה צמוד קצר,"אג""ח מדינה צמוד מדד- עד 10% מניות",,"אג""ח בארץ- מדינה",2026-01-31,613240000.0,ילין לפידות,,False,False,0.0068000000000000005,0.0035,41700.32,0.0033000000000000004,20236.920000000002,0
5118385,מגדל תיק 25/75,"אג""ח כללי בארץ- עד 25% מניות",,"אג""ח בארץ - כללי",2026-01-31,305400000.0,מגדל,,False,False,0.0079,0.0035,24126.600000000002,0.004400000000000001,13437.600000000004,0
5118393,תכלית TTF תל גוב-כללי,"אג""ח מדינה שיקלי וצמוד",,"אג""ח בארץ- מדינה",2026-01-31,87980000.0,מיטב,,True,False,0.0015,0.0,1319.7,0.0015,1319.7,0
5118419,הראל מחקה S&P 500 נקובה ב-$,אמריקה- שווקים מפותחים,,"מניות בחו""ל",2026-01-31,134290000.0,הראל,,True,False,0.002,0.0,2685.8,0.002,2685.8,0
5118435,דיאמונד 20/80 כשרה,"אג""ח כללי בארץ- עד 20% מניות",,"אג""ח בארץ - כללי",2026-01-31,53930000.0,איילון,דיאמונד,False,False,0.0139,0.0035,7496.2699999999995,0.0104,5608.719999999999,0
5118450,"MTF מחקה משולבת אג""ח ישראל (90%) מניות חו""ל (10%) חודשי מנוטרלת מט""ח",עד 10% מניות,,"אג""ח בארץ משולבת",2026-01-31,54710000.0,מגדל,,True,False,0.0049,0.0,2680.79,0.0049,2680.79,0
5118476,"אלטשולר שחם אג""ח מדינה + 20%","אג""ח מדינה כללי- עד 20% מניות",,"אג""ח בארץ- מדינה",2026-01-31,58110000.0,אלטשולר שחם,,False,False,0.0075,0.0035,4358.25,0.004,2324.4,0
5118534,"קסם אקטיב (!) אג""ח חו""ל דולר HY","אג""ח חשופת דולר",,"אג""ח בחו""ל",2026-01-31,31610000.0,קסם,,False,False,0.0075,0.0035,2370.75,0.004,1264.4,0
5118559,מור מחקה תל בונד צמודות-בנקים ללא COCO,בריבית קבועה,,"אג""ח בארץ- חברות והמרה",2026-01-31,21780000.0,מור,,True,False,0.002,0.0,435.6,0.002,435.6,0
5118591,"אלטשולר שחם (!) אג""ח ארה""ב/חו""ל קונצרני עד 10% מט""ח","אג""ח מוגנת מט""ח",,"אג""ח בחו""ל",2026-01-31,372820000.0,אלטשולר שחם,,False,False,0.0095,0.0035,35417.899999999994,0.006,22369.2,0
5118609,"אלטשולר שחם שווקים מפותחים עד 30% מט""ח","מניות גיאוגרפי מוגנת מט""ח",,"מניות בחו""ל",2026-01-31,960950000.0,אלטשולר שחם,,False,False,0.015,0.0035,144142.5,0.0115,110509.25,0
5118617,ילין לפידות 25/75,"אג""ח כללי בארץ- עד 25% מניות",,"אג""ח בארץ - כללי",2026-01-31,882790000.0,ילין לפידות,,False,False,0.0079,0.0035,69740.41,0.004400000000000001,38842.76000000001,0
5118625,איילון עוקבת תיק 3 הבנק הבינלאומי,"אג""ח כללי בארץ- עד 30% מניות",,"אג""ח בארץ - כללי",2026-01-31,262300000.0,איילון,,False,False,0.006,0.0035,15738.0,0.0025,6557.5,0
5118633,"מור (!) תיק אג""ח קונצרני",חברות והמרה ללא מניות עם סימן קריאה,,"אג""ח בארץ- חברות והמרה",2026-01-31,723030000.0,מור,,False,False,0.0088,0.0035,63626.64000000001,0.005300000000000001,38320.590000000004,0
5118641,"מור אג""ח מדינה - כשרה","אג""ח מדינה כללי- ללא מניות",,"אג""ח בארץ- מדינה",2026-01-31,137780000.0,מור,,False,False,0.0064,0.0035,8817.92,0.0029000000000000002,3995.6200000000003,0
5118666,"תמיר פישמן אג""ח מדינה פלוס","אג""ח מדינה כללי- ללא מניות",,"אג""ח בארץ- מדינה",2026-01-31,23090000.0,תמיר פישמן,,False,False,0.0055000000000000005,0.0035,1269.9500000000003,0.0020000000000000005,461.8000000000001,0
5118674,FORESTי 20/80,"אג""ח כללי בארץ- עד 20% מניות",,"אג""ח בארץ - כללי",2026-01-31,1286190000.0,פורסט,,False,False,0.0095,0.0035,122188.04999999999,0.006,77171.40000000001,0
5118690,"איביאי מחקה משולבת STOXX Europe 600י (70%) DAXי (30%) חודשי מנוטרלת מט""ח","מניות בחו""ל קרן משולבת",,"מניות בחו""ל",2026-01-31,57070000.0,אי.בי.אי,,True,False,0.008,0.0,4565.6,0.008,4565.6,0
5118716,מיטב תיק השקעות + 30%,"אג""ח כללי בארץ- עד 30% מניות",,"אג""ח בארץ - כללי",2026-01-31,473680000.0,מיטב,,False,False,0.0079,0.0035,37420.72,0.004400000000000001,20841.920000000006,0
5118724,"תכלית TTF משולבת אגח ממשלתי קונצרני (90%) מניות (20%) מנוטרלת מט""ח חודשי",עד 20% מניות,,"אג""ח בארץ משולבת",2026-01-31,53110000.0,מיטב,,True,False,0.006500000000000001,0.0,3452.1500000000005,0.006500000000000001,3452.1500000000005,0
5118740,"תכלית TTF ת""א 90",Mid Cap,,מניות בארץ,2026-01-31,570160000.0,מיטב,,True,False,0.0,0.0,0.0,0.0,0.0,0
5118757,תכלית TTF תל בונד צמודות-בנקים ללא COCO,בריבית קבועה,,"אג""ח בארץ- חברות והמרה",2026-01-31,55980000.0,מיטב,,True,False,0.002,0.0,1119.6000000000001,0.002,1119.6000000000001,0
5118765,טרגט 10/90,"אג""ח כללי בארץ- עד 10% מניות ללא סימן קריאה",,"אג""ח בארץ - כללי",2026-01-31,83450000.0,איילון,טרגט,False,False,0.0055000000000000005,0.0035,4589.750000000001,0.0020000000000000005,1669.0000000000005,0
5118773,"טרגט אג""ח חברות (!) ללא מניות",חברות והמרה ללא מניות עם סימן קריאה,,"אג""ח בארץ- חברות והמרה",2026-01-31,40410000.0,איילון,טרגט,False,False,0.0055000000000000005,0.0035,2222.55,0.0020000000000000005,808.2000000000002,0
5118781,"קסם Morningstar Wide Moat Focus KTF מנוטרלת מט""ח",אמריקה- כללי,,"מניות בחו""ל",2026-01-31,308530000.0,קסם,,True,False,0.008,0.0,24682.4,0.008,24682.4,0
5118799,מגדל עוקבת תיק 3 הבנק הבינלאומי,"אג""ח כללי בארץ- עד 30% מניות",,"אג""ח בארץ - כללי",2026-01-31,214170000.0,מגדל,,False,False,0.0069,0.0035,14777.73,0.0034,7281.78,0
5118815,קסם אקטיב (!) מבחר קונצרני + 10%,חברות והמרה עם מניות ועם סימן קריאה,,"אג""ח בארץ- חברות והמרה",2026-01-31,92380000.0,קסם,,False,False,0.0083,0.0035,7667.54,0.0048000000000000004,4434.24,0
5118849,הראל מניות ישראל Large & Mid Cap,מניות Large & Mid Cap,,מניות בארץ,2026-01-31,231770000.0,הראל,,False,False,0.0195,0.0035,45195.15,0.016,37083.200000000004,0
5118872,"קסם אקטיב סקטורים חו""ל - מנוטרלת מט""ח","מניות לפי ענפים בחו""ל",,"מניות בחו""ל",2026-01-31,70150000.0,קסם,,False,False,0.0155,0.0035,10873.25,0.012,8418.0,0
5118880,קסם אקטיב קונצרני צמוד דולר פלוס,חברות והמרה ללא מניות וללא סימן קריאה,,"אג""ח בארץ- חברות והמרה",2026-01-31,26050000.0,קסם,,False,False,0.0078000000000000005,0.0035,2031.8999999999999,0.0043,1120.15,0
5118898,קסם אקטיב מניות ישראל Buy Side,מניות All Cap,,מניות בארץ,2026-01-31,124790000.0,קסם,,False,False,0.0161,0.0035,20091.190000000002,0.0126,15723.54,0
5118930,מיטב מניות ESG ישראל,מניות All Cap,,מניות בארץ,2026-01-31,252280000.0,מיטב,,False,False,0.015,0.0035,37842.0,0.0115,29012.2,0
5118948,הורייזן 30/70,"אג""ח כללי בארץ- עד 30% מניות",,"אג""ח בארץ - כללי",2026-01-31,359710000.0,איילון,הורייזן,False,False,0.009000000000000001,0.0035,32373.9,0.005500000000000001,19784.050000000007,0
5118955,הורייזן 20/80,"אג""ח כללי בארץ- עד 20% מניות",,"אג""ח בארץ - כללי",2026-01-31,338000000.0,איילון,הורייזן,False,False,0.009000000000000001,0.0035,30420.000000000004,0.005500000000000001,18590.000000000004,0
5118963,אנליסט פיזור רחב 10/90,"אג""ח כללי בארץ- עד 10% מניות ללא סימן קריאה",,"אג""ח בארץ - כללי",2026-01-31,294750000.0,אנליסט,,False,False,0.0076,0.0035,22401.0,0.0040999999999999995,12084.749999999998,0
5118997,"MTF מחקה ת""א SME60",Mid  & Small Cap,,מניות בארץ,2026-01-31,214110000.0,מגדל,,True,False,0.005,0.0,10705.5,0.005,10705.5,0
5119003,"קסם אקטיב מניות ארה""ב","ארה""ב חשופת מט""ח",,"מניות בחו""ל",2026-01-31,176300000.0,קסם,,False,False,0.0161,0.0035,28384.300000000003,0.0126,22213.8,0
5119060,ילין לפידות 5/95,"אג""ח כללי בארץ- עד 5% מניות",,"אג""ח בארץ - כללי",2026-01-31,70070000.0,ילין לפידות,,False,False,0.0054,0.0035,3783.78,0.0019000000000000002,1331.3300000000002,0
5119078,מור מדינה + 10%,"אג""ח מדינה כללי- עד 10% מניות",,"אג""ח בארץ- מדינה",2026-01-31,340940000.0,מור,,False,False,0.0059,0.0035,20115.46,0.0024,8182.5599999999995,0
5119086,"מור תיק אג""ח + 30%","אג""ח כללי בארץ- עד 30% מניות",,"אג""ח בארץ - כללי",2026-01-31,937620000.0,מור,,False,False,0.0076,0.0035,71259.12000000001,0.0040999999999999995,38442.41999999999,0
5119144,"אנליסט מניות חו""ל","מניות כללי בחו""ל חשופת מט""ח",,"מניות בחו""ל",2026-01-31,30460000.0,אנליסט,,False,False,0.024,0.0035,7310.400000000001,0.0205,6244.3,0
5119151,MTF מחקה תל בונד מאגר,"אג""ח חברות שקלי וצמוד",,"אג""ח בארץ- חברות והמרה",2026-01-31,163550000.0,מגדל,,True,False,0.0017000000000000001,0.0,2780.35,0.0017000000000000001,2780.35,0
5119177,מור מחקה תל בונד מאגר,אחר,,"אג""ח בארץ- חברות והמרה",2026-01-31,45670000.0,מור,,True,False,0.0025,0.0,1141.75,0.0025,1141.75,0
5119185,"איביאי מחקה משולבת מניות ארה""ב חודשי מנוטרלת מט""ח","מניות בחו""ל קרן משולבת",,"מניות בחו""ל",2026-01-31,372830000.0,אי.בי.אי,,True,False,0.005,0.0,18641.5,0.005,18641.5,0
5119201,"אלטשולר שחם מחקה Low Volatility ת""א 125 A.B SmartBeta",Large & Mid Cap,,מניות בארץ,2026-01-31,261959999.99999997,אלטשולר שחם,,True,False,0.008,0.0,20956.8,0.008,20956.8,0
5119219,"אלטשולר שחם מחקה מולטי פקטור ת""א 125 A.B SmartBeta",Large & Mid Cap,,מניות בארץ,2026-01-31,585030000.0,אלטשולר שחם,,True,False,0.008,0.0,46802.4,0.008,46802.4,0
5119227,"אלטשולר שחם מחקה SmartBeta משולבת אג""ח (90%) ומניות (10%) חודשי",עד 10% מניות,,"אג""ח בארץ משולבת",2026-01-31,15840000.0,אלטשולר שחם,,True,False,0.0055000000000000005,0.0,871.2000000000002,0.0055000000000000005,871.2000000000002,0
5119235,אלטשולר שחם מחקה מומנטום קונצרני (-A) ומעלה A.B SmartBeta,"אג""ח חברות שקלי וצמוד",,"אג""ח בארץ- חברות והמרה",2026-01-31,12840000.0,אלטשולר שחם,,True,False,0.005,0.0,642.0,0.005,642.0,0
5119243,ילין לפידות (!) 10/90 צמיחה,"אג""ח כללי בארץ- עד 10% מניות ועם סימן קריאה",,"אג""ח בארץ - כללי",2026-01-31,1021460000.0,ילין לפידות,,False,False,0.0079,0.0035,80695.34000000001,0.004400000000000001,44944.24000000001,0
5119318,איביאי מחקה MSCI Emerging Markets,גלובלי- שווקים מתעוררים,,"מניות בחו""ל",2026-01-31,112330000.0,אי.בי.אי,,True,False,0.008,0.0,8986.400000000001,0.008,8986.400000000001,0
5119359,מיטב 5/95,"אג""ח כללי בארץ- עד 5% מניות",,"אג""ח בארץ - כללי",2026-01-31,34820000.0,מיטב,,False,False,0.005600000000000001,0.0035,1949.9200000000003,0.0021000000000000007,731.2200000000004,0
5119367,"מיטב אג""ח פלוס","אג""ח כללי בארץ- עד 10% מניות ללא סימן קריאה",,"אג""ח בארץ - כללי",2026-01-31,75030000.0,מיטב,,False,False,0.0069,0.0035,5177.07,0.0034,2551.02,0
5119375,תכלית TTF תל גוב-שקלי 5+,ריבית קבועה - ארוך,,"אג""ח בארץ- מדינה",2026-01-31,161800000.0,מיטב,,True,False,0.0,0.0,0.0,0.0,0.0,0
5119383,תכלית TTF תל גוב-צמודות 5-10,צמודות מדד ממשלתיות - ארוך,,"אג""ח בארץ- מדינה",2026-01-31,79520000.0,מיטב,,True,False,0.0,0.0,0.0,0.0,0.0,0
5119409,הראל כספית שקלית,כספית שקלית עם קונצרני,,קרן כספית,2026-01-31,4295380000.0,הראל,,False,False,0.0019,0.001,81612.22,0.0009,38658.42,1
5119417,איביאי 15/85,"אג""ח כללי בארץ- עד 15% מניות",,"אג""ח בארץ - כללי",2026-01-31,403300000.0,אי.בי.אי,,False,False,0.0079,0.0035,31860.700000000004,0.004400000000000001,17745.200000000004,0
5119425,"איביאי (!) אג""ח חברות",חברות והמרה ללא מניות עם סימן קריאה,,"אג""ח בארץ- חברות והמרה",2026-01-31,542600000.0,אי.בי.אי,,False,False,0.0089,0.0035,48291.399999999994,0.0054,29300.4,0
5119441,"הראל תיק אג""ח קונצרני - כשרה","חברות והמרה ללא מניות וללא סימן קריאה, עם מגבלת מח""מ עד 5 שנים",,"אג""ח בארץ- חברות והמרה",2026-01-31,404070000.0,הראל,,False,False,0.011000000000000001,0.0035,44447.700000000004,0.0075000000000000015,30305.250000000007,0
5119458,"הראל (!) תיק אג""ח כללי - כשרה","אג""ח כללי בארץ ללא מניות עם סימן קריאה",,"אג""ח בארץ - כללי",2026-01-31,489090000.0,הראל,,False,False,0.011399999999999999,0.0035,55756.259999999995,0.007899999999999999,38638.11,0
5119466,מור מניות ישראל,מניות All Cap,,מניות בארץ,2026-01-31,2437790000.0,מור,,False,False,0.0169,0.0035,411986.50999999995,0.013399999999999999,326663.8599999999,0
5119508,ילין לפידות מניות צמיחה,מניות All Cap,,מניות בארץ,2026-01-31,478460000.0,ילין לפידות,,False,False,0.018000000000000002,0.0035,86122.8,0.014500000000000002,69376.70000000001,0
5119607,"אנליסט אג""ח מדינה עד 5 שנים ללא מניות","אג""ח מדינה כללי- ללא מניות",,"אג""ח בארץ- מדינה",2026-01-31,198700000.0,אנליסט,,False,False,0.0062,0.0035,12319.4,0.0026999999999999997,5364.899999999999,0
5119615,"MTF מחקה משולבת אג""ח ישראל (85%) מניות (15%) חודשי מנוטרלת מט""ח",עד 20% מניות,,"אג""ח בארץ משולבת",2026-01-31,17420000.0,מגדל,,True,False,0.0049,0.0,853.5799999999999,0.0049,853.5799999999999,0
5119623,"MTF מחקה משולבת ממשלתי (90%) מניות (10%) חודשי מנוטרלת מט""ח","אג""ח מדינה משולבת - עד 10% מניות",,"אג""ח בארץ- מדינה",2026-01-31,15340000.0,מגדל,,True,False,0.0049,0.0,751.66,0.0049,751.66,0
5119664,קסם אקטיב ממשלתי צמוד בינוני,"אג""ח מדינה צמוד מדד- ללא מניות",,"אג""ח בארץ- מדינה",2026-01-31,800020000.0,קסם,,False,False,0.0064,0.0035,51201.28,0.0029000000000000002,23200.58,0
5119672,"אנליסט (!) אג""ח פיזור רחב ללא מניות","אג""ח כללי בארץ ללא מניות עם סימן קריאה",,"אג""ח בארץ - כללי",2026-01-31,73240000.0,אנליסט,,False,False,0.006500000000000001,0.0035,4760.6,0.0030000000000000005,2197.2000000000003,0
5119706,"איביאי מחקה משולבת אג""ח (90%) מניות (10%) חודשי",עד 10% מניות,,"אג""ח בארץ משולבת",2026-01-31,63420000.0,אי.בי.אי,,True,False,0.005,0.0,3171.0,0.005,3171.0,0
5119730,"קסם אקטיב ספיר חו""ל 30/70 - נקובה $","אג""ח נקובת מט""ח",,"אג""ח בחו""ל",2026-01-31,276400000.0,קסם,,False,False,0.0079,0.0035,21835.600000000002,0.004400000000000001,12161.600000000004,0
5119763,הראל מחקה משולבת מדינה (90%) מניות ישראל-חול (10%) חודשי,"אג""ח מדינה משולבת - עד 10% מניות",,"אג""ח בארץ- מדינה",2026-01-31,23790000.0,הראל,,True,False,0.003,0.0,713.7,0.003,713.7,0
5119813,מור כספית,כספית שקלית עם קונצרני,,קרן כספית,2026-01-31,4557940000.0,מור,,False,False,0.0024,0.001,109390.55999999998,0.0013999999999999998,63811.15999999999,1
5119821,מור 15/85,"אג""ח כללי בארץ- עד 15% מניות",,"אג""ח בארץ - כללי",2026-01-31,900780000.0,מור,,False,False,0.0073,0.0035,65756.94,0.0038,34229.64,0
5119839,"איביאי (!) אג""ח חו""ל מנוטרלת מט""ח","אג""ח מוגנת מט""ח",,"אג""ח בחו""ל",2026-01-31,21740000.0,אי.בי.אי,,False,False,0.006999999999999999,0.0035,1521.8,0.003499999999999999,760.8999999999997,0
5119854,פרופאונד מנייתית,מניות All Cap,,מניות בארץ,2026-01-31,746450000.0,איילון,פרופאונד,False,False,0.018500000000000003,0.0035,138093.25000000003,0.015000000000000003,111967.50000000003,0
5119862,"דיאמונד אג""ח ללא מניות אור החיים","אג""ח כללי בארץ ללא מניות וללא סימן קריאה",,"אג""ח בארץ - כללי",2026-01-31,603370000.0,איילון,דיאמונד,False,False,0.0079,0.0035,47666.23,0.004400000000000001,26548.280000000006,0
5119904,"אי בי אי מחקה משולבת אג""ח ישראל (100%) חודשי",ללא מניות,,"אג""ח בארץ משולבת",2026-01-31,52670000.0,אי.בי.אי,,True,False,0.005,0.0,2633.5,0.005,2633.5,0
5119953,ילין לפידות A ומעלה עד 4 שנים,"חברות והמרה ללא מניות וללא סימן קריאה, עם מגבלת מח""מ עד 5 שנים",,"אג""ח בארץ- חברות והמרה",2026-01-31,751120000.0,ילין לפידות,,False,False,0.0076,0.0035,57085.12,0.0040999999999999995,30795.919999999995,0
5119961,"ילין לפידות (!) אג""ח חו""ל","אג""ח חשופת מט""ח",,"אג""ח בחו""ל",2026-01-31,82520000.0,ילין לפידות,,False,False,0.0079,0.0035,6519.080000000001,0.004400000000000001,3630.880000000001,0
5119979,אושן יצירה 10/90,"אג""ח כללי בארץ- עד 10% מניות ללא סימן קריאה",,"אג""ח בארץ - כללי",2026-01-31,101870000.0,סיגמא,אושן פרטנרס,False,False,0.0074,0.0035,7538.380000000001,0.0039000000000000003,3972.93,0
5119987,אושן יצירה תיק מניות,מניות All Cap,,מניות בארץ,2026-01-31,73670000.0,סיגמא,אושן פרטנרס,False,False,0.018500000000000003,0.0035,13628.950000000003,0.015000000000000003,11050.500000000004,0
5119995,אושן יצירה גמישה,גמישות,,גמישות,2026-01-31,35260000.0,סיגמא,אושן פרטנרס,False,False,0.018500000000000003,0.0035,6523.100000000001,0.015000000000000003,5289.000000000002,0
5120001,"אושן יצירה (!) תיק אג""ח ללא מניות","אג""ח כללי בארץ ללא מניות עם סימן קריאה",,"אג""ח בארץ - כללי",2026-01-31,264440000.0,סיגמא,אושן פרטנרס,False,False,0.008,0.0035,21155.2,0.0045000000000000005,11899.800000000001,0
5120068,"ילין לפידות (!) אג""ח קונצרני",חברות והמרה ללא מניות עם סימן קריאה,,"אג""ח בארץ- חברות והמרה",2026-01-31,1130010000.0,ילין לפידות,,False,False,0.0089,0.0035,100570.89,0.0054,61020.54000000001,0
5120126,"ילין לפידות 10/90 תיק אג""ח חו""ל ומניות","אג""ח חשופת מט""ח",,"אג""ח בחו""ל",2026-01-31,399090000.0,ילין לפידות,,False,False,0.0079,0.0035,31528.110000000004,0.004400000000000001,17559.960000000006,0
5120225,אימפקט מניות,מניות All Cap,,מניות בארץ,2026-01-31,86630000.0,איילון,אימפקט,False,False,0.016,0.0035,13860.800000000001,0.0125,10828.75,0
5120282,"איביאי מחקה Solactive נדל""ן מניב ישראל","נדל""ן ובנייה",,מניות בארץ,2026-01-31,132650000.0,אי.בי.אי,,True,False,0.008,0.0,10612.0,0.008,10612.0,0
5120340,הראל עוקבת מרכיב נזילות - הבנק הבינלאומי,"חברות והמרה ללא מניות וללא סימן קריאה, עם מגבלת מח""מ עד 5 שנים",,"אג""ח בארץ- חברות והמרה",2026-01-31,37360000.0,הראל,,False,False,0.0049,0.0035,1830.6399999999999,0.0013999999999999998,523.04,0
5120381,"איילון (!) אג""ח ללא מניות","אג""ח כללי בארץ ללא מניות עם סימן קריאה",,"אג""ח בארץ - כללי",2026-01-31,40890000.0,איילון,,False,False,0.0068000000000000005,0.0035,2780.52,0.0033000000000000004,1349.3700000000001,0
5120423,מגדל תיק 10/90,"אג""ח כללי בארץ- עד 10% מניות ללא סימן קריאה",,"אג""ח בארץ - כללי",2026-01-31,613280000.0,מגדל,,False,False,0.0079,0.0035,48449.12,0.004400000000000001,26984.320000000007,0
5120464,"תמיר פישמן אג""ח חו""ל בריבית משתנה","אג""ח חשופת מט""ח",,"אג""ח בחו""ל",2026-01-31,54730000.0,תמיר פישמן,,False,False,0.0085,0.0035,4652.05,0.005000000000000001,2736.5000000000005,0
5120514,"מגדל אפיקים חו""ל","מניות כללי בחו""ל חשופת מט""ח",,"מניות בחו""ל",2026-01-31,63330000.0,מגדל,,False,False,0.0297,0.0035,18809.010000000002,0.0262,16592.460000000003,0
5120522,תמיר פישמן מניות,מניות All Cap,,מניות בארץ,2026-01-31,2366500000.0,תמיר פישמן,,False,False,0.0179,0.0035,423603.49999999994,0.0144,340776.0,0
5120563,אי בי אי מחקה All-Bond-ריבית משתנה שקלי,בריבית  משתנה,,"אג""ח בארץ- חברות והמרה",2026-01-31,16309999.999999998,אי.בי.אי,,True,False,0.002,0.0,326.2,0.002,326.2,0
5120613,סיגמא מניות ישראל,מניות All Cap,,מניות בארץ,2026-01-31,1514800000.0,סיגמא,,False,False,0.0159,0.0035,240853.2,0.012400000000000001,187835.2,0
5120647,איביאי מדינה פלוס A ומעלה,"אג""ח מדינה כללי- ללא מניות",,"אג""ח בארץ- מדינה",2026-01-31,910510000.0,אי.בי.אי,,False,False,0.006999999999999999,0.0035,63735.7,0.003499999999999999,31867.84999999999,0
5120662,"איביאי (!) תיק אג""ח + 10%","אג""ח כללי בארץ- עד 10% מניות ועם סימן קריאה",,"אג""ח בארץ - כללי",2026-01-31,801350000.0,אי.בי.אי,,False,False,0.0069,0.0035,55293.149999999994,0.0034,27245.9,0
5120704,"סיגמא (!) תיק אג""ח ללא מניות","אג""ח כללי בארץ ללא מניות עם סימן קריאה",,"אג""ח בארץ - כללי",2026-01-31,71510000.0,סיגמא,,False,False,0.0076,0.0035,5434.76,0.0040999999999999995,2931.9099999999994,0
5120720,"סיגמא (!) תיק אג""ח + 10%","אג""ח כללי בארץ- עד 10% מניות ועם סימן קריאה",,"אג""ח בארץ - כללי",2026-01-31,64790000.00000001,סיגמא,,False,False,0.0079,0.0035,5118.410000000001,0.004400000000000001,2850.760000000001,0
5120738,מיטב (!) שקלי קונצרני עד 4 שנים,חברות והמרה שקלי ללא מניות,,"אג""ח בארץ- חברות והמרה",2026-01-31,51780000.0,מיטב,,False,False,0.0062,0.0035,3210.36,0.0026999999999999997,1398.0599999999997,0
5120779,"הראל השקעות ת""א Large & Mid Cap",מניות Large & Mid Cap,,מניות בארץ,2026-01-31,69200000.0,הראל,,False,False,0.013999999999999999,0.0035,9688.0,0.010499999999999999,7265.999999999999,0
5120795,אנליסט גמישה,גמישות,,גמישות,2026-01-31,388250000.0,אנליסט,,False,False,0.019299999999999998,0.0035,74932.24999999999,0.015799999999999998,61343.5,0
5120811,אנליסט מניות,מניות All Cap,,מניות בארץ,2026-01-31,405710000.0,אנליסט,,False,False,0.020499999999999997,0.0035,83170.54999999999,0.016999999999999998,68970.7,0
5120837,אנליסט תעשיות,מניות לפי ענפים,,מניות בארץ,2026-01-31,125730000.0,אנליסט,,False,False,0.020499999999999997,0.0035,25774.649999999998,0.016999999999999998,21374.1,0
5120852,אנליסט כספית שקלית,כספית שקלית עם קונצרני,,קרן כספית,2026-01-31,5603070000.0,אנליסט,,False,False,0.00169,0.001,94691.883,0.0006900000000000001,38661.183000000005,1
5120886,מיטב סולידית,"אג""ח כללי בארץ בדירוג גבוה בלבד (AA ומעלה ו/ או מדינה)",,"אג""ח בארץ - כללי",2026-01-31,466560000.0,מיטב,,False,False,0.0079,0.0035,36858.240000000005,0.004400000000000001,20528.640000000007,0
5120894,"אנליסט אג""ח חברות + 30%",חברות והמרה עם מניות ללא סימן קריאה,,"אג""ח בארץ- חברות והמרה",2026-01-31,28170000.0,אנליסט,,False,False,0.019,0.0035,5352.299999999999,0.0155,4366.35,0
5120902,"מיטב עוקבת תיק 2 חו""ל הבנק הבינלאומי","אג""ח חשופת מט""ח",,"אג""ח בחו""ל",2026-01-31,101160000.0,מיטב,,False,False,0.0069,0.0035,6980.04,0.0034,3439.44,0
5120910,"אנליסט אג""ח מדינה + 10%","אג""ח מדינה כללי- עד 10% מניות",,"אג""ח בארץ- מדינה",2026-01-31,32159999.999999996,אנליסט,,False,False,0.0059,0.0035,1897.4399999999996,0.0024,771.8399999999998,0
5120951,אזימוט 25/75,"אג""ח כללי בארץ- עד 25% מניות",,"אג""ח בארץ - כללי",2026-01-31,16690000.000000002,איילון,אזימוטליין,False,False,0.0075,0.0035,1251.75,0.004,667.6000000000001,0
5120977,"ילין לפידות מניות חו""ל","מניות כללי בחו""ל חשופת מט""ח",,"מניות בחו""ל",2026-01-31,506760000.0,ילין לפידות,,False,False,0.017,0.0035,86149.20000000001,0.013500000000000002,68412.60000000002,0
5120993,"קסם אקטיב אג""ח חו""ל מנוטרלת מט""ח","אג""ח מוגנת מט""ח",,"אג""ח בחו""ל",2026-01-31,167310000.0,קסם,,False,False,0.0075,0.0035,12548.249999999998,0.004,6692.400000000001,0
5121025,קסם KTFי All-Bond ריבית משתנה שקלי,"אג""ח בארץ כללי",,"אג""ח בארץ כללי",2026-01-31,19920000.0,קסם,,True,False,0.0034999999999999996,0.0,697.1999999999999,0.0034999999999999996,697.1999999999999,0
5121058,קסם אקטיב כספית דולר מגמת ריבית,חשופת דולר,,קרן כספית,2026-01-31,159770000.0,קסם,,False,False,0.0019,0.001,3035.63,0.0009,1437.93,1
5121090,מור מדדית מדינה + 20%,"אג""ח מדינה כללי- עד 20% מניות",,"אג""ח בארץ- מדינה",2026-01-31,406420000.0,מור,,False,False,0.006500000000000001,0.0035,26417.300000000003,0.0030000000000000005,12192.600000000002,0
5121132,קסם Bluestar Israel Global Technology KTF,Technology,,"מניות בחו""ל",2026-01-31,19040000.0,קסם,,True,False,0.008,0.0,1523.2,0.008,1523.2,0
5121140,אנליסט כספית,כספית שקלית עם קונצרני,,קרן כספית,2026-01-31,5726750000.0,אנליסט,,False,False,0.00215,0.001,123125.125,0.00115,65857.625,1
5121181,"ילין לפידות 10/90 תיק אג""ח חו""ל ומניות עד 30% מט""ח","אג""ח מוגנת מט""ח",,"אג""ח בחו""ל",2026-01-31,27710000.0,ילין לפידות,,False,False,0.006999999999999999,0.0035,1939.6999999999998,0.003499999999999999,969.8499999999997,0
5121207,"MTF מחקה iBoxx US Liquid Investment Grade Top 30 מנוטרלת מט""ח","חברות והמרה  מנוטרלת מט""ח",,"אג""ח בחו""ל",2026-01-31,450870000.0,מגדל,,True,False,0.0025,0.0,11271.75,0.0025,11271.75,0
5121223,קסם KTF (!) תל בונד תשואות שקל,בריבית קבועה,,"אג""ח בארץ- חברות והמרה",2026-01-31,29230000.0,קסם,,True,False,0.0025,0.0,730.75,0.0025,730.75,0
5121249,"מור 10/90 תיק אג""ח חו""ל","אג""ח חשופת מט""ח",,"אג""ח בחו""ל",2026-01-31,224370000.0,מור,,False,False,0.0084,0.0035,18847.079999999998,0.0049,10994.13,0
5121272,מיטב מדינה,"אג""ח מדינה כללי- ללא מניות",,"אג""ח בארץ- מדינה",2026-01-31,541350000.0,מיטב,,False,False,0.0069,0.0035,37353.15,0.0034,18405.9,0
5121306,"אלטשולר שחם מחקה SmartBeta משולבת ת""א Large Cap חודשי",מניות בארץ קרן משולבת,,מניות בארץ,2026-01-31,72370000.0,אלטשולר שחם,,True,False,0.008,0.0,5789.6,0.008,5789.6,0
5121322,"תכלית TTF משולבת סל מניות חו""ל חודשי","מניות בחו""ל קרן משולבת",,"מניות בחו""ל",2026-01-31,76030000.0,מיטב,,True,False,0.006999999999999999,0.0,5322.099999999999,0.006999999999999999,5322.099999999999,0
5121330,"קסם אקטיב ספיר תיק אג""ח ומניות חו""ל","אג""ח חשופת מט""ח",,"אג""ח בחו""ל",2026-01-31,137130000.0,קסם,,False,False,0.0075,0.0035,10284.75,0.004,5485.200000000001,0
5121363,אלפי בנדק 20/80,"אג""ח כללי בארץ- עד 20% מניות",,"אג""ח בארץ - כללי",2026-01-31,38160000.0,הראל,אלפי בנדק,False,False,0.0079,0.0035,3014.6400000000003,0.004400000000000001,1679.0400000000004,0
5121405,MTF מחקה משולבת תל גוב-צמודות 2-5 (60%) קונצרני צמוד (40%) חודשי,ללא מניות,,"אג""ח בארץ משולבת",2026-01-31,45400000.0,מגדל,,True,False,0.0039000000000000003,0.0,1770.6,0.0039000000000000003,1770.6,0
5121413,MTF מחקה משולבת ממשלתיות (60%) קונצרני ישראלי (40%) חודשי,ללא מניות,,"אג""ח בארץ משולבת",2026-01-31,30440000.0,מגדל,,True,False,0.0039000000000000003,0.0,1187.16,0.0039000000000000003,1187.16,0
5121439,קסם אקטיב 20/80,"אג""ח כללי בארץ- עד 20% מניות",,"אג""ח בארץ - כללי",2026-01-31,384740000.0,קסם,,False,False,0.0075,0.0035,28855.499999999996,0.004,15389.6,0
5121470,"איביאי מחקה DAX מנוטרלת מט""ח",אירופה- שווקים מפותחים,,"מניות בחו""ל",2026-01-31,37190000.0,אי.בי.אי,,True,False,0.004,0.0,1487.6000000000001,0.004,1487.6000000000001,0
5121504,"MTF מחקה משולבת אג""ח ישראל (75%) מניות (25%) חודשי מנוטרלת מט""ח",עד 30% מניות,,"אג""ח בארץ משולבת",2026-01-31,16219999.999999998,מגדל,,True,False,0.0049,0.0,794.7799999999999,0.0049,794.7799999999999,0
5121587,מור 10/90,"אג""ח כללי בארץ- עד 10% מניות ללא סימן קריאה",,"אג""ח בארץ - כללי",2026-01-31,2307250000.0,מור,,False,False,0.0078000000000000005,0.0035,179965.5,0.0043,99211.75,0
5121686,MTF מחקה תל גוב-צמודות 2-5,צמודות מדד ממשלתיות - בינוני,,"אג""ח בארץ- מדינה",2026-01-31,180810000.0,מגדל,,True,False,0.0015,0.0,2712.15,0.0015,2712.15,0
5121694,"מיטב (!) 10/90 תיק אג""ח חו""ל עד 30% מט""ח","אג""ח מוגנת מט""ח",,"אג""ח בחו""ל",2026-01-31,1097420000.0,מיטב,,False,False,0.006500000000000001,0.0035,71332.3,0.0030000000000000005,32922.600000000006,0
5121710,"ילין לפידות (!) אג""ח חו""ל נקוב $","אג""ח נקובת מט""ח",,"אג""ח בחו""ל",2026-01-31,167610000.0,ילין לפידות,,False,False,0.0079,0.0035,13241.190000000002,0.004400000000000001,7374.840000000002,0
5121728,ילין לפידות 30/70,"אג""ח כללי בארץ- עד 30% מניות",,"אג""ח בארץ - כללי",2026-01-31,1403440000.0,ילין לפידות,,False,False,0.0079,0.0035,110871.76000000001,0.004400000000000001,61751.360000000015,0
5121736,"מיטב מניות חו""ל עד 30% מט""ח","מניות כללי בחו""ל מוגנת מט""ח",,"מניות בחו""ל",2026-01-31,153390000.0,מיטב,,False,False,0.0149,0.0035,22855.109999999997,0.0114,17486.460000000003,0
5121777,"אנליסט (!) אג""ח חו""ל ללא מניות מנוטרלת מט""ח","אג""ח מוגנת מט""ח",,"אג""ח בחו""ל",2026-01-31,54370000.0,אנליסט,,False,False,0.0079,0.0035,4295.2300000000005,0.004400000000000001,2392.2800000000007,0
5121801,"הראל מחקה משולבת אג''ח ישראל (75%) מניות ישראל-חול (25%) חודשי מנוטרלת מט""ח",עד 30% מניות,,"אג""ח בארץ משולבת",2026-01-31,74980000.0,הראל,,True,False,0.0,0.0,0.0,0.0,0.0,0
5121819,הראל מחקה משולבת ממשלתיות חודשי,"אג""ח מדינה משולבת - ללא מניות",,"אג""ח בארץ- מדינה",2026-01-31,23260000.0,הראל,,True,False,0.002,0.0,465.20000000000005,0.002,465.20000000000005,0
5121835,הראל מחקה תל בונד 60 צמודות,בריבית קבועה,,"אג""ח בארץ- חברות והמרה",2026-01-31,636270000.0,הראל,,True,False,0.002,0.0,12725.400000000001,0.002,12725.400000000001,0
5121843,MTF מחקה STOXX Europe 600,אירופה- כללי,,"מניות בחו""ל",2026-01-31,52620000.0,מגדל,,True,False,0.002,0.0,1052.4,0.002,1052.4,0
5121868,סיגמא מניות דיבידנד אירופה,"מניות גיאוגרפי אחר חשופת מט""ח",,"מניות בחו""ל",2026-01-31,52230000.0,סיגמא,,False,False,0.0169,0.0035,8826.869999999999,0.013399999999999999,6998.819999999999,0
5121892,"איביאי מחקה S&P Financial מנוטרלת מט""ח",Financial,,"מניות בחו""ל",2026-01-31,42030000.0,אי.בי.אי,,True,False,0.004,0.0,1681.2,0.004,1681.2,0
5121983,"MTF מחקה משולבת DAXי (50%) STOXX Europe 600י (50%) חודשי מנוטרלת מט""ח","מניות בחו""ל קרן משולבת",,"מניות בחו""ל",2026-01-31,21970000.0,מגדל,,True,False,0.005,0.0,1098.5,0.005,1098.5,0
5122031,קסם אקטיב מדינה שקלי עד שנתיים,"אג""ח מדינה שקליות- ללא מניות",,"אג""ח בארץ- מדינה",2026-01-31,101510000.0,קסם,,False,False,0.0044,0.0035,4466.4400000000005,0.0009000000000000002,913.5900000000001,0
5122056,קסם אקטיב ספיר 30/70,"אג""ח כללי בארץ- עד 30% מניות",,"אג""ח בארץ - כללי",2026-01-31,161010000.0,קסם,,False,False,0.0058,0.0035,9338.579999999998,0.0022999999999999995,3703.2299999999996,0
5122064,קסם אקטיב ספיר גמישה,גמישות,,גמישות,2026-01-31,110530000.0,קסם,,False,False,0.002,0.0035,2210.6000000000004,-0.0015,-1657.95,0
5122080,"אלטשולר שחם ת""א 125",מניות Large & Mid Cap,,מניות בארץ,2026-01-31,184830000.0,אלטשולר שחם,,False,False,0.015,0.0035,27724.499999999996,0.0115,21255.45,0
5122098,"מור מחקה NASDAQ 100 מנוטרלת מט""ח",אמריקה- שווקים מפותחים,,"מניות בחו""ל",2026-01-31,212370000.0,מור,,True,False,0.005,0.0,10618.5,0.005,10618.5,0
5122114,הראל לשם,גמישות,,גמישות,2026-01-31,98040000.0,הראל,,False,False,0.002,0.0035,1960.8000000000002,-0.0015,-1470.6000000000001,0
5122122,אלטשולר שחם מחקה ממשלתי A.B SmartBeta,"אג""ח מדינה - אחר",,"אג""ח בארץ- מדינה",2026-01-31,4220000.0,אלטשולר שחם,,True,False,0.0045000000000000005,0.0,189.9,0.0045000000000000005,189.9,0
5122163,"MTF מחקה STOXX Europe 600 מנוטרלת מט""ח",אירופה- כללי,,"מניות בחו""ל",2026-01-31,101140000.0,מגדל,,True,False,0.0,0.0,0.0,0.0,0.0,0
5122221,ילין לפידות קונצרני + 10%,חברות והמרה עם מניות ללא סימן קריאה,,"אג""ח בארץ- חברות והמרה",2026-01-31,478790000.0,ילין לפידות,,False,False,0.0079,0.0035,37824.41,0.004400000000000001,21066.760000000006,0
5122239,ילין לפידות 20/80 צמיחה,"אג""ח כללי בארץ- עד 20% מניות",,"אג""ח בארץ - כללי",2026-01-31,589900000.0,ילין לפידות,,False,False,0.0084,0.0035,49551.6,0.0049,28905.1,0
5122247,גביש 20/80,"אג""ח כללי בארץ- עד 20% מניות",,"אג""ח בארץ - כללי",2026-01-31,76040000.0,סיגמא,גביש פיננסים,False,False,0.0079,0.0035,6007.160000000001,0.004400000000000001,3345.760000000001,0
5122262,MTF מחקה תל בונד 60 צמודות,בריבית קבועה,,"אג""ח בארץ- חברות והמרה",2026-01-31,293900000.0,מגדל,,True,False,0.0025,0.0,7347.5,0.0025,7347.5,0
5122288,"MTF מחקה משולבת ת""א 125 (70%) ת""א בנקים 5 (30%) חודשי",מניות בארץ קרן משולבת,,מניות בארץ,2026-01-31,442260000.0,מגדל,,True,False,0.005,0.0,22113.0,0.005,22113.0,0
5122304,מגדל תיק 20/80,"אג""ח כללי בארץ- עד 20% מניות",,"אג""ח בארץ - כללי",2026-01-31,778930000.0,מגדל,,False,False,0.0085,0.0035,66209.05,0.005000000000000001,38946.50000000001,0
5122320,MTF מחקה (!) תל בונד תשואות שקל,בריבית קבועה,,"אג""ח בארץ- חברות והמרה",2026-01-31,53640000.0,מגדל,,True,False,0.0015,0.0,804.6,0.0015,804.6,0
5122338,"קסם אקטיב ת""א Large & Mid Cap",מניות Large & Mid Cap,,מניות בארץ,2026-01-31,217830000.0,קסם,,False,False,0.0124,0.0035,27010.920000000002,0.0089,19386.87,0
5122379,מגדל תיק השקעות 10/90,"אג""ח כללי בארץ- עד 10% מניות ללא סימן קריאה",,"אג""ח בארץ - כללי",2026-01-31,486220000.0,מגדל,,False,False,0.0077,0.0035,37438.94,0.004200000000000001,20421.24,0
5122395,מור מחקה (!) תל בונד תשואות שקל,בריבית קבועה,,"אג""ח בארץ- חברות והמרה",2026-01-31,39280000.0,מור,,True,False,0.002,0.0,785.6,0.002,785.6,0
5122411,"קבין מניות חו""ל","מניות כללי בחו""ל חשופת מט""ח",,"מניות בחו""ל",2026-01-31,93910000.0,איילון,קבין,False,False,0.017,0.0035,15964.7,0.013500000000000002,12677.850000000002,0
5122460,אי בי אי מחקה אינדקס A מאוזן,"אג""ח חברות שקלי וצמוד",,"אג""ח בארץ- חברות והמרה",2026-01-31,218470000.0,אי.בי.אי,,True,False,0.003,0.0,6554.1,0.003,6554.1,0
5122478,אי בי אי מחקה אינדקס AA ומעלה מאוזן,"אג""ח חברות שקלי וצמוד",,"אג""ח בארץ- חברות והמרה",2026-01-31,474390000.0,אי.בי.אי,,True,False,0.003,0.0,14231.7,0.003,14231.7,0
5122494,איביאי 20/80,"אג""ח כללי בארץ- עד 20% מניות",,"אג""ח בארץ - כללי",2026-01-31,253790000.0,אי.בי.אי,,False,False,0.0079,0.0035,20049.410000000003,0.004400000000000001,11166.760000000004,0
5122502,איביאי 30/70,"אג""ח כללי בארץ- עד 30% מניות",,"אג""ח בארץ - כללי",2026-01-31,975560000.0,אי.בי.אי,,False,False,0.0089,0.0035,86824.84,0.0054,52680.240000000005,0
5122510,"הראל מחקה ת""א 125",Large & Mid Cap,,מניות בארץ,2026-01-31,1242230000.0,הראל,,True,False,0.0,0.0,0.0,0.0,0.0,0
5122536,אלפא טק אירופה E.S.G,"מניות גיאוגרפי אחר חשופת מט""ח",,"מניות בחו""ל",2026-01-31,10350000.0,הראל,אלפא טק,False,False,0.0098,0.0035,1014.3,0.0063,652.05,0
5122551,הראל מחקה All-Bond ריבית משתנה שקלי,בריבית  משתנה,,"אג""ח בארץ- חברות והמרה",2026-01-31,18260000.0,הראל,,True,False,0.002,0.0,365.20000000000005,0.002,365.20000000000005,0
5122569,MTF מחקה MSCI World,גלובלי- שווקים מפותחים,,"מניות בחו""ל",2026-01-31,595340000.0,מגדל,,True,False,0.0025,0.0,14883.5,0.0025,14883.5,0
5122593,אזימוט 18/82 חי דיבידנד,"אג""ח כללי בארץ- עד 20% מניות",,"אג""ח בארץ - כללי",2026-01-31,33980000.0,איילון,אזימוטליין,False,False,0.0095,0.0035,3228.1,0.006,2038.8,0
5122601,מיטב 20/80,"אג""ח כללי בארץ- עד 20% מניות",,"אג""ח בארץ - כללי",2026-01-31,1032450000.0,מיטב,,False,False,0.0084,0.0035,86725.79999999999,0.0049,50590.049999999996,0
5122619,מיטב מדינה צמודה,"אג""ח מדינה צמוד מדד- ללא מניות",,"אג""ח בארץ- מדינה",2026-01-31,214610000.0,מיטב,,False,False,0.0064,0.0035,13735.039999999999,0.0029000000000000002,6223.6900000000005,0
5122627,MTF מחקה S&P 500,אמריקה- שווקים מפותחים,,"מניות בחו""ל",2026-01-31,2054449999.9999998,מגדל,,True,False,0.0,0.0,0.0,0.0,0.0,0
5122635,MTF מחקה (!) תל בונד תשואות צמודות,בריבית קבועה,,"אג""ח בארץ- חברות והמרה",2026-01-31,202150000.0,מגדל,,True,False,0.002,0.0,4043.0000000000005,0.002,4043.0000000000005,0
5122668,"קסם אקטיב ארה""ב מנוטרלת מט""ח","מניות גיאוגרפי מוגנת מט""ח",,"מניות בחו""ל",2026-01-31,64209999.99999999,קסם,,False,False,0.012,0.0035,7705.199999999999,0.0085,5457.849999999999,0
5122676,ברק אסטרטגיות,ממונפות בסיכון גבוה,,ממונפות ואסטרטגיות,2026-01-31,28120000.0,ברק,,False,False,0.038,0.0035,10685.599999999999,0.034499999999999996,9701.4,0
5122692,איביאי מחקה Solactive US REIT,REIT - Real Estate,,"מניות בחו""ל",2026-01-31,12710000.0,אי.בי.אי,,True,False,0.008,0.0,1016.8000000000001,0.008,1016.8000000000001,0
5122718,מור סולידית,"אג""ח כללי בארץ בדירוג גבוה בלבד (AA ומעלה ו/ או מדינה)",,"אג""ח בארץ - כללי",2026-01-31,176830000.0,מור,,False,False,0.0063,0.0035,11140.29,0.0028,4951.24,0
5122726,מור 20/80,"אג""ח כללי בארץ- עד 20% מניות",,"אג""ח בארץ - כללי",2026-01-31,960610000.0,מור,,False,False,0.0083,0.0035,79730.63,0.0048000000000000004,46109.28,0
5122791,איילון עוקבת תיק מס' 2 הבנק הבינלאומי,"אג""ח כללי בארץ- עד 15% מניות",,"אג""ח בארץ - כללי",2026-01-31,60120000.0,איילון,,False,False,0.0069,0.0035,4148.28,0.0034,2044.08,0
5122809,טרגט מניות אירופה,"מניות גיאוגרפי אחר חשופת מט""ח",,"מניות בחו""ל",2026-01-31,8920000.0,איילון,טרגט,False,False,0.0159,0.0035,1418.2800000000002,0.012400000000000001,1106.0800000000002,0
5122817,"מור תיק אג""ח + 15%","אג""ח כללי בארץ- עד 15% מניות",,"אג""ח בארץ - כללי",2026-01-31,381530000.0,מור,,False,False,0.0077,0.0035,29377.81,0.004200000000000001,16024.260000000002,0
5122825,אלטשולר שחם 30-70,"אג""ח כללי בארץ- עד 30% מניות",,"אג""ח בארץ - כללי",2026-01-31,103970000.0,אלטשולר שחם,,False,False,0.008,0.0035,8317.6,0.0045000000000000005,4678.650000000001,0
5122841,MTF מחקה משולבת שקליות ממשלתיות (50%) מדדיות ממשלתיות (50%) חודשי,"אג""ח מדינה משולבת - ללא מניות",,"אג""ח בארץ- מדינה",2026-01-31,63460000.0,מגדל,,True,False,0.0025,0.0,1586.5,0.0025,1586.5,0
5122890,"איביאי מחקה משולבת Staplesי (50%) S&P Discretionaryי (50%) חודשי מנוטרלת מט""ח","מניות בחו""ל קרן משולבת",,"מניות בחו""ל",2026-01-31,12070000.0,אי.בי.אי,,True,False,0.005,0.0,603.5,0.005,603.5,0
5122908,מור מחקה S&P Health Care,Health Care,,"מניות בחו""ל",2026-01-31,33210000.0,מור,,True,False,0.005,0.0,1660.5,0.005,1660.5,0
5122924,MTF מחקה S&P 500 Dividend Aristocrats,אמריקה- שווקים מפותחים,,"מניות בחו""ל",2026-01-31,38000000.0,מגדל,,True,False,0.006,0.0,2280.0,0.006,2280.0,0
5122932,"הראל אג""ח ממשלתיות","אג""ח מדינה כללי- ללא מניות",,"אג""ח בארץ- מדינה",2026-01-31,26500000.0,הראל,,False,False,0.0043,0.0035,1139.5,0.0007999999999999999,212.0,0
5122940,קסם STOXX Europe 600 KTF מנוטרלת אירו,אירופה- כללי,,"מניות בחו""ל",2026-01-31,100010000.0,קסם,,True,False,0.0025,0.0,2500.25,0.0025,2500.25,0
5122957,"קסם S&P 500 KTF מנוטרלת מט""ח",אמריקה- שווקים מפותחים,,"מניות בחו""ל",2026-01-31,2647360000.0,קסם,,True,False,0.0,0.0,0.0,0.0,0.0,0
5122965,"קסם KTF משולבת (S&P 500 (70%) Nasdaq (30% חודשי מנוטרלת מט""ח","מניות בחו""ל קרן משולבת",,"מניות בחו""ל",2026-01-31,126080000.0,קסם,,True,False,0.006999999999999999,0.0,8825.599999999999,0.006999999999999999,8825.599999999999,0
5122973,MTF מחקה תל גוב-שקלי 2-5,ריבית קבועה  - בינוני,,"אג""ח בארץ- מדינה",2026-01-31,231440000.0,מגדל,,True,False,0.0015,0.0,3471.6,0.0015,3471.6,0
5123005,"ילין לפידות תיק אג""ח LV","אג""ח כללי בארץ ללא מניות וללא סימן קריאה, עם מגבלת מח""מ עד 5 שנים",,"אג""ח בארץ - כללי",2026-01-31,111740000.0,ילין לפידות,,False,False,0.005,0.0035,5587.0,0.0015,1676.1000000000001,0
5123021,"מור מחקה S&P 500 מנוטרלת מט""ח",אמריקה- שווקים מפותחים,,"מניות בחו""ל",2026-01-31,236960000.0,מור,,True,False,0.0,0.0,0.0,0.0,0.0,0
5123039,MTF מחקה תל בונד 20 צמודות,בריבית קבועה,,"אג""ח בארץ- חברות והמרה",2026-01-31,414090000.0,מגדל,,True,False,0.0025,0.0,10352.25,0.0025,10352.25,0
5123096,סיגמא 30/70,"אג""ח כללי בארץ- עד 30% מניות",,"אג""ח בארץ - כללי",2026-01-31,1131360000.0,סיגמא,,False,False,0.0079,0.0035,89377.44000000002,0.004400000000000001,49779.84000000001,0
5123104,"הראל מחקה אינדקס קונצרני מאוזן מח""מ 2-4","אג""ח חברות שקלי וצמוד",,"אג""ח בארץ- חברות והמרה",2026-01-31,37760000.0,הראל,,True,False,0.002,0.0,755.2,0.002,755.2,0
5123112,הראל מחקה אינדקס קונצרני צמוד A,בריבית קבועה,,"אג""ח בארץ- חברות והמרה",2026-01-31,112020000.0,הראל,,True,False,0.0034999999999999996,0.0,3920.7,0.0034999999999999996,3920.7,0
5123120,מיטב מדינה שקלי עד 4 שנים,"אג""ח מדינה שקליות- ללא מניות",,"אג""ח בארץ- מדינה",2026-01-31,152720000.0,מיטב,,False,False,0.0049,0.0035,7483.28,0.0013999999999999998,2138.08,0
5123138,"מיטב אג""ח","אג""ח כללי בארץ ללא מניות וללא סימן קריאה",,"אג""ח בארץ - כללי",2026-01-31,541510000.0,מיטב,,False,False,0.0069,0.0035,37364.189999999995,0.0034,18411.34,0
5123146,מיטב קונצרני שקלי פלוס,חברות והמרה שקלי עם מניות,,"אג""ח בארץ- חברות והמרה",2026-01-31,139920000.0,מיטב,,False,False,0.0069,0.0035,9654.48,0.0034,4757.28,0
5123153,תכלית STOXX Europe 600 TTF מנוטרלת אירו,אירופה- כללי,,"מניות בחו""ל",2026-01-31,198260000.0,מיטב,,True,False,0.0025,0.0,4956.5,0.0025,4956.5,0
5123161,"תכלית S&P 500 TTF מנוטרלת מט""ח",אמריקה- שווקים מפותחים,,"מניות בחו""ל",2026-01-31,1873530000.0,מיטב,,True,False,0.0,0.0,0.0,0.0,0.0,0
5123179,"תכלית NASDAQ 100 TTF מנוטרלת מט""ח",אמריקה- שווקים מפותחים,,"מניות בחו""ל",2026-01-31,915360000.0,מיטב,,True,False,0.0,0.0,0.0,0.0,0.0,0
5123211,קסם אקטיב זהב,"מניות לפי ענפים בחו""ל",,"מניות בחו""ל",2026-01-31,172050000.0,קסם,,False,False,0.019,0.0035,32689.499999999996,0.0155,26667.75,0
5123237,"סיגמא אג""ח מדינה + 10%","אג""ח מדינה כללי- עד 10% מניות",,"אג""ח בארץ- מדינה",2026-01-31,340990000.0,סיגמא,,False,False,0.0067,0.0035,22846.33,0.0032,10911.68,0
5123260,MTF מחקה אינדקס AA ומעלה שקלי,בריבית קבועה,,"אג""ח בארץ- חברות והמרה",2026-01-31,264010000.0,מגדל,,True,False,0.0025,0.0,6600.25,0.0025,6600.25,0
5123278,MTF מחקה אינדקס AA ומעלה צמוד,בריבית קבועה,,"אג""ח בארץ- חברות והמרה",2026-01-31,410790000.0,מגדל,,True,False,0.0025,0.0,10269.75,0.0025,10269.75,0
5123286,אילים 10/90,"אג""ח כללי בארץ- עד 10% מניות ללא סימן קריאה",,"אג""ח בארץ - כללי",2026-01-31,795380000.0,אילים,,False,False,0.0074,0.0035,58858.12000000001,0.0039000000000000003,31019.82,0
5123294,"מור אג""ח ישראל - כשרה","אג""ח כללי בארץ ללא מניות וללא סימן קריאה",,"אג""ח בארץ - כללי",2026-01-31,232940000.0,מור,,False,False,0.0075,0.0035,17470.5,0.004,9317.6,0
5123302,ברומטר מניות גלובאלי,"מניות כללי בחו""ל חשופת מט""ח",,"מניות בחו""ל",2026-01-31,166700000.0,איילון,ברומטר,False,False,0.0148,0.0035,24671.600000000002,0.011300000000000001,18837.100000000002,0
5123328,דולפין 10/90,"אג""ח כללי בארץ- עד 10% מניות ללא סימן קריאה",,"אג""ח בארץ - כללי",2026-01-31,2516830000.0,איילון,דולפין 1 השקעות,False,False,0.0075,0.0035,188762.24999999997,0.004,100673.20000000001,0
5123336,דולפין מניות,מניות All Cap,,מניות בארץ,2026-01-31,374190000.0,איילון,דולפין 1 השקעות,False,False,0.0178,0.0035,66605.81999999999,0.0143,53509.170000000006,0
5123344,MTF מחקה אינדקס A צמוד,בריבית קבועה,,"אג""ח בארץ- חברות והמרה",2026-01-31,371500000.0,מגדל,,True,False,0.0025,0.0,9287.5,0.0025,9287.5,0
5123351,MTF מחקה (!) אינדקס HY-BBB כללי,חברות והמרה בסיכון גבוה,,"אג""ח בארץ- חברות והמרה",2026-01-31,102640000.0,מגדל,,True,False,0.005,0.0,5132.0,0.005,5132.0,0
5123369,MTF מחקה אינדקס A שקלי,בריבית קבועה,,"אג""ח בארץ- חברות והמרה",2026-01-31,187620000.0,מגדל,,True,False,0.0025,0.0,4690.5,0.0025,4690.5,0
5123393,MTF מחקה תל גוב-שקלי,ריבית קבועה,,"אג""ח בארץ- מדינה",2026-01-31,69590000.0,מגדל,,True,False,0.0013,0.0,904.67,0.0013,904.67,0
5123419,מור מחקה S&P 500 Low Volatility High Dividend,אמריקה- שווקים מפותחים,,"מניות בחו""ל",2026-01-31,16280000.000000002,מור,,True,False,0.005,0.0,814.0000000000001,0.005,814.0000000000001,0
5123443,"MTF מחקה S&P 500 Dividend Aristocrats מנוטרלת מט""ח",אמריקה- שווקים מפותחים,,"מניות בחו""ל",2026-01-31,28080000.0,מגדל,,True,False,0.006,0.0,1684.8,0.006,1684.8,0
5123468,"קסם אקטיב (!) אג""ח +10%","אג""ח כללי בארץ- עד 10% מניות ועם סימן קריאה",,"אג""ח בארץ - כללי",2026-01-31,115850000.0,קסם,,False,False,0.0069,0.0035,7993.65,0.0034,3938.9,0
5123476,"קסם אקטיב אג""ח מדינה ללא מניות","אג""ח מדינה כללי- ללא מניות",,"אג""ח בארץ- מדינה",2026-01-31,157470000.0,קסם,,False,False,0.0064,0.0035,10078.08,0.0029000000000000002,4566.63,0
5123518,MTF מחקה תל בונד צמודות,בריבית קבועה,,"אג""ח בארץ- חברות והמרה",2026-01-31,116400000.0,מגדל,,True,False,0.0025,0.0,2910.0,0.0025,2910.0,0
5123542,FOREST סלקט 25/75,"אג""ח כללי בארץ- עד 25% מניות",,"אג""ח בארץ - כללי",2026-01-31,211290000.0,פורסט,,False,False,0.0089,0.0035,18804.809999999998,0.0054,11409.660000000002,0
5123559,הראל מחקה אינדקס קונצרני שקלי A,בריבית קבועה,,"אג""ח בארץ- חברות והמרה",2026-01-31,50390000.0,הראל,,True,False,0.0025,0.0,1259.75,0.0025,1259.75,0
5123567,"MTF מחקה S&P Aerospace & Defense מנוטרלת מט""ח",Aerospace & Defense,,"מניות בחו""ל",2026-01-31,356720000.0,מגדל,,True,False,0.008,0.0,28537.600000000002,0.008,28537.600000000002,0
5123575,"MTF מחקה S&P 500 Low Volatility High Dividend מנוטרלת מט""ח",אמריקה- שווקים מפותחים,,"מניות בחו""ל",2026-01-31,16059999.999999998,מגדל,,True,False,0.005,0.0,803.0,0.005,803.0,0
5123609,דיאמונד גמישה,גמישות,,גמישות,2026-01-31,278210000.0,איילון,דיאמונד,False,False,0.016399999999999998,0.0035,45626.439999999995,0.012899999999999998,35889.09,0
5123641,"MTF מחקה ת""א צמיחה",Small Cap,,מניות בארץ,2026-01-31,26280000.0,מגדל,,True,False,0.0025,0.0,657.0,0.0025,657.0,0
5123666,אושן יצירה 20/80,"אג""ח כללי בארץ- עד 20% מניות",,"אג""ח בארץ - כללי",2026-01-31,770830000.0,סיגמא,אושן פרטנרס,False,False,0.008199999999999999,0.0035,63208.05999999999,0.004699999999999999,36229.009999999995,0
5123716,דולפין יתר,מניות Small Cap,,מניות בארץ,2026-01-31,170920000.0,איילון,דולפין 1 השקעות,False,False,0.018500000000000003,0.0035,31620.200000000004,0.015000000000000003,25638.000000000007,0
5123724,"קסם אקטיב אג""ח חברות פלוס",חברות והמרה עם מניות ללא סימן קריאה,,"אג""ח בארץ- חברות והמרה",2026-01-31,133470000.0,קסם,,False,False,0.013000000000000001,0.0035,17351.100000000002,0.009500000000000001,12679.650000000003,0
5123740,מור מניות גלובלי,"מניות כללי בחו""ל חשופת מט""ח",,"מניות בחו""ל",2026-01-31,460980000.0,מור,,False,False,0.018500000000000003,0.0035,85281.30000000002,0.015000000000000003,69147.00000000001,0
5123757,"ילין לפידות (!) אג""ח פוטנציאל חברות בסיכון גבוה",חברות והמרה בסיכון גבוה,,"אג""ח בארץ- חברות והמרה",2026-01-31,395490000.0,ילין לפידות,,False,False,0.0155,0.0035,61300.95,0.012,47458.8,0
5123799,מגדל גמישה,גמישות,,גמישות,2026-01-31,27350000.0,מגדל,,False,False,0.0175,0.0035,4786.250000000001,0.014000000000000002,3829.0000000000005,0
5123815,סלע מניות,מניות All Cap,,מניות בארץ,2026-01-31,88450000.0,איילון,סלע בית השקעות,False,False,0.0149,0.0035,13179.05,0.0114,10083.300000000001,0
5123823,סלע 10/90,"אג""ח כללי בארץ- עד 10% מניות ללא סימן קריאה",,"אג""ח בארץ - כללי",2026-01-31,48190000.0,איילון,סלע בית השקעות,False,False,0.0075,0.0035,3614.2499999999995,0.004,1927.6000000000001,0
5123831,"סלע (!) אג""ח כללי ללא מניות","אג""ח כללי בארץ ללא מניות עם סימן קריאה",,"אג""ח בארץ - כללי",2026-01-31,40960000.0,איילון,סלע בית השקעות,False,False,0.0069,0.0035,2826.24,0.0034,1392.64,0
5123872,"מיטב אג""ח + 10%","אג""ח כללי בארץ- עד 10% מניות ללא סימן קריאה",,"אג""ח בארץ - כללי",2026-01-31,1044430000.0000001,מיטב,,False,False,0.0079,0.0035,82509.97000000002,0.004400000000000001,45954.92000000002,0
5123880,"מיטב אג""ח מדורגות ללא מניות",חברות והמרה ללא מניות וללא סימן קריאה,,"אג""ח בארץ- חברות והמרה",2026-01-31,414810000.0,מיטב,,False,False,0.0069,0.0035,28621.89,0.0034,14103.539999999999,0
5123898,מיטב כספית,כספית שקלית עם קונצרני,,קרן כספית,2026-01-31,4599530000.0,מיטב,,False,False,0.0025,0.001,114988.25,0.0015,68992.95,1
5123930,"אי בי אי מחקה (!) אינדקס אג""ח עם רכיב בטוחה","אג""ח חברות שקלי וצמוד",,"אג""ח בארץ- חברות והמרה",2026-01-31,150790000.0,אי.בי.אי,,True,False,0.005,0.0,7539.5,0.005,7539.5,0
5123948,"מיטב (!) אג""ח קונצרני",חברות והמרה ללא מניות עם סימן קריאה,,"אג""ח בארץ- חברות והמרה",2026-01-31,182830000.0,מיטב,,False,False,0.0079,0.0035,14443.570000000002,0.004400000000000001,8044.520000000002,0
5123955,"מיטב אג""ח ישראל סולידית","אג""ח כללי בארץ בדירוג גבוה בלבד (AA ומעלה ו/ או מדינה)",,"אג""ח בארץ - כללי",2026-01-31,599410000.0,מיטב,,False,False,0.0069,0.0035,41359.29,0.0034,20379.94,0
5123963,ילין לפידות תיק השקעות עד 50%,"אג""ח כללי בארץ - חשיפה מרבית מעל 30% מניות",,"אג""ח בארץ - כללי",2026-01-31,374710000.0,ילין לפידות,,False,False,0.009300000000000001,0.0035,34848.030000000006,0.005800000000000001,21733.180000000004,0
5123971,"ילין לפידות (!) אג""ח חברות חו""ל עד 30% מט""ח","אג""ח מוגנת מט""ח",,"אג""ח בחו""ל",2026-01-31,64239999.99999999,ילין לפידות,,False,False,0.0069,0.0035,4432.5599999999995,0.0034,2184.16,0
5123997,מור מחקה S&P Financial,Financial,,"מניות בחו""ל",2026-01-31,15770000.0,מור,,True,False,0.0015,0.0,236.55,0.0015,236.55,0
5124003,"אלטשולר שחם מחקה אירופה A.B SmartBeta מנוטרלת מט""ח",אירופה- כללי,,"מניות בחו""ל",2026-01-31,47850000.0,אלטשולר שחם,,True,False,0.008,0.0,3828.0000000000005,0.008,3828.0000000000005,0
5124045,"סיגמא (!) אג""ח דולר בינלאומי","אג""ח חשופת דולר",,"אג""ח בחו""ל",2026-01-31,88500000.0,סיגמא,,False,False,0.0079,0.0035,6991.500000000001,0.004400000000000001,3894.000000000001,0
5124060,סיגמא 25/75,"אג""ח כללי בארץ- עד 25% מניות",,"אג""ח בארץ - כללי",2026-01-31,44220000.0,סיגמא,,False,False,0.0059,0.0035,2608.98,0.0024,1061.28,0
5124144,אלטשולר שחם מניות ישראל SmartBeta,מניות All Cap,,מניות בארץ,2026-01-31,50790000.0,אלטשולר שחם,,False,False,0.0195,0.0035,9904.05,0.016,8126.400000000001,0
5124201,אלטשולר שחם גמישה,גמישות,,גמישות,2026-01-31,81570000.0,אלטשולר שחם,,False,False,0.015,0.0035,12235.499999999998,0.0115,9380.550000000001,0
5124227,אושן יצירה 30/70,"אג""ח כללי בארץ- עד 30% מניות",,"אג""ח בארץ - כללי",2026-01-31,364340000.0,סיגמא,אושן פרטנרס,False,False,0.0085,0.0035,30968.9,0.005000000000000001,18217.000000000004,0
5124268,אושן יצירה גלובל אקוויטי,"מניות כללי בחו""ל חשופת מט""ח",,"מניות בחו""ל",2026-01-31,31980000.0,סיגמא,אושן פרטנרס,False,False,0.018500000000000003,0.0035,5916.300000000001,0.015000000000000003,4797.000000000001,0
5124284,איביאי מחקה Russell 2000,אמריקה- שווקים מפותחים,,"מניות בחו""ל",2026-01-31,93630000.0,אי.בי.אי,,True,False,0.004,0.0,3745.2000000000003,0.004,3745.2000000000003,0
5124292,קסם אקטיב אנרגיה,מניות לפי ענפים,,מניות בארץ,2026-01-31,16910000.0,קסם,,False,False,0.0279,0.0035,4717.89,0.0244,4126.04,0
5124300,"מור נדל""ן",מניות לפי ענפים,,מניות בארץ,2026-01-31,301320000.0,מור,,False,False,0.0132,0.0035,39774.240000000005,0.0097,29228.04,0
5124326,מור יתר,מניות Small Cap,,מניות בארץ,2026-01-31,313640000.0,מור,,False,False,0.022000000000000002,0.0035,69000.80000000002,0.018500000000000003,58023.40000000001,0
5124342,"מור (!) הזדמנויות אג""ח קונצרני",חברות והמרה עם מניות ועם סימן קריאה,,"אג""ח בארץ- חברות והמרה",2026-01-31,1525540000.0,מור,,False,False,0.0118,0.0035,180013.72,0.0083,126619.81999999999,0
5124409,תכלית TTF (!) אינדקס HY-BBB כללי,חברות והמרה בסיכון גבוה,,"אג""ח בארץ- חברות והמרה",2026-01-31,21480000.0,מיטב,,True,False,0.005,0.0,1074.0,0.005,1074.0,0
5124417,תכלית TTF אינדקס מדורג 5+ מאוזן,"אג""ח חברות שקלי וצמוד",,"אג""ח בארץ- חברות והמרה",2026-01-31,75750000.0,מיטב,,True,False,0.002,0.0,1515.0000000000002,0.002,1515.0000000000002,0
5124425,תכלית TTF אינדקס מדורג 2-5 מאוזן,"אג""ח חברות שקלי וצמוד",,"אג""ח בארץ- חברות והמרה",2026-01-31,84680000.0,מיטב,,True,False,0.002,0.0,1693.6000000000001,0.002,1693.6000000000001,0
5124466,קסם אקטיב (!) ישראל 10/90,"אג""ח כללי בארץ- עד 10% מניות ועם סימן קריאה",,"אג""ח בארץ - כללי",2026-01-31,106690000.0,קסם,,False,False,0.0074,0.0035,7895.060000000001,0.0039000000000000003,4160.91,0
5124482,קסם S&P 500 KTF,אמריקה- שווקים מפותחים,,"מניות בחו""ל",2026-01-31,4123630000.0,קסם,,True,False,0.0,0.0,0.0,0.0,0.0,0
5124490,"קסם KTF ת""א 35",Large Cap,,מניות בארץ,2026-01-31,633080000.0,קסם,,True,False,0.001,0.0,6330.8,0.001,6330.8,0
5124508,"קסם KTF ת""א 90",Mid Cap,,מניות בארץ,2026-01-31,486870000.0,קסם,,True,False,0.004,0.0,19474.800000000003,0.004,19474.800000000003,0
5124516,"קסם NASDAQ 100 KTF מנוטרלת מט""ח",אמריקה- שווקים מפותחים,,"מניות בחו""ל",2026-01-31,722130000.0,קסם,,True,False,0.0,0.0,0.0,0.0,0.0,0
5124532,תכלית NASDAQ 100 TTF,אמריקה- שווקים מפותחים,,"מניות בחו""ל",2026-01-31,285280000.0,מיטב,,True,False,0.003,0.0,8558.4,0.003,8558.4,0
5124557,תכלית DAX TTF,אירופה- שווקים מפותחים,,"מניות בחו""ל",2026-01-31,87030000.0,מיטב,,True,False,0.0,0.0,0.0,0.0,0.0,0
5124573,תכלית MSCI WORLD TTF,גלובלי- שווקים מפותחים,,"מניות בחו""ל",2026-01-31,387890000.0,מיטב,,True,False,0.0031,0.0,12024.59,0.0031,12024.59,0
5124581,תכלית DJ Industrial Average TTF,אמריקה- שווקים מפותחים,,"מניות בחו""ל",2026-01-31,101140000.0,מיטב,,True,False,0.005,0.0,5057.0,0.005,5057.0,0
5124615,אלטשולר שחם 50-50,"אג""ח כללי בארץ - חשיפה מרבית מעל 30% מניות",,"אג""ח בארץ - כללי",2026-01-31,57430000.0,אלטשולר שחם,,False,False,0.009000000000000001,0.0035,5168.700000000001,0.005500000000000001,3158.650000000001,0
5124672,הראל תיק השקעות עד 50%,"אג""ח כללי בארץ - חשיפה מרבית מעל 30% מניות",,"אג""ח בארץ - כללי",2026-01-31,73590000.0,הראל,,False,False,0.0077,0.0035,5666.43,0.004200000000000001,3090.78,0
5124698,"הראל תיק אג""ח סולידי עד שלוש שנים","אג""ח כללי בארץ בדירוג גבוה בלבד (AA ומעלה ו/ או מדינה)",,"אג""ח בארץ - כללי",2026-01-31,178390000.0,הראל,,False,False,0.0049,0.0035,8741.11,0.0013999999999999998,2497.4599999999996,0
5124706,הראל (!) קונצרני דולרי ללא מניות,חברות והמרה ללא מניות עם סימן קריאה,,"אג""ח בארץ- חברות והמרה",2026-01-31,17370000.0,הראל,,False,False,0.0072,0.0035,1250.64,0.0036999999999999997,642.6899999999999,0
5124730,MTF מחקה Russell 1000 Growth,אמריקה- שווקים מפותחים,,"מניות בחו""ל",2026-01-31,84120000.0,מגדל,,True,False,0.006,0.0,5047.2,0.006,5047.2,0
5124755,"איביאי מחקה Solactive ת""א 125 Low Volatility High Dividends",Large & Mid Cap,,מניות בארץ,2026-01-31,46500000.0,אי.בי.אי,,True,False,0.008,0.0,3720.0000000000005,0.008,3720.0000000000005,0
5124763,איילון תיק 20/80,"אג""ח כללי בארץ- עד 20% מניות",,"אג""ח בארץ - כללי",2026-01-31,23030000.0,איילון,,False,False,0.0075,0.0035,1727.2499999999998,0.004,921.2,0
5124805,מור תיק השקעות 50%,"אג""ח כללי בארץ - חשיפה מרבית מעל 30% מניות",,"אג""ח בארץ - כללי",2026-01-31,699340000.0,מור,,False,False,0.0089,0.0035,62241.259999999995,0.0054,37764.36,0
5124862,מגדל תיק 50/50,"אג""ח כללי בארץ - חשיפה מרבית מעל 30% מניות",,"אג""ח בארץ - כללי",2026-01-31,102940000.0,מגדל,,False,False,0.0079,0.0035,8132.260000000001,0.004400000000000001,4529.3600000000015,0
5124888,פרופאונד 10/90,"אג""ח כללי בארץ- עד 10% מניות ללא סימן קריאה",,"אג""ח בארץ - כללי",2026-01-31,79000000.0,איילון,פרופאונד,False,False,0.0079,0.0035,6241.000000000001,0.004400000000000001,3476.000000000001,0
5124912,הראל מחקה אינדקס לפדיון 2028 (מתגלגל כל 6 שנים),"אג""ח חברות שקלי וצמוד",,"אג""ח בארץ- חברות והמרה",2026-01-31,167410000.0,הראל,,True,False,0.0024,0.0,4017.8399999999997,0.0024,4017.8399999999997,0
5124938,מיטב מניות LONG RUN,מניות All Cap,,מניות בארץ,2026-01-31,258029999.99999997,מיטב,,False,False,0.008,0.0035,20642.399999999998,0.0045000000000000005,11611.349999999999,0
5124979,ברומטר מניות,מניות All Cap,,מניות בארץ,2026-01-31,217470000.0,איילון,ברומטר,False,False,0.0148,0.0035,32185.560000000005,0.011300000000000001,24574.11,0
5124995,פורטה השקעות,גמישות,,גמישות,2026-01-31,242580000.0,סיגמא,פורטה,False,False,0.015,0.0035,36387.0,0.0115,27896.7,0
5125000,פורטה 20/80,"אג""ח כללי בארץ- עד 20% מניות",,"אג""ח בארץ - כללי",2026-01-31,240500000.0,סיגמא,פורטה,False,False,0.0085,0.0035,20442.5,0.005000000000000001,12025.000000000002,0
5125018,פורטה מניות ישראל,מניות All Cap,,מניות בארץ,2026-01-31,536770000.0,סיגמא,פורטה,False,False,0.018000000000000002,0.0035,96618.6,0.014500000000000002,77831.65000000001,0
5125026,ילין לפידות 10/90 ערך,"אג""ח כללי בארץ- עד 10% מניות ללא סימן קריאה",,"אג""ח בארץ - כללי",2026-01-31,271510000.0,ילין לפידות,,False,False,0.0079,0.0035,21449.29,0.004400000000000001,11946.440000000004,0
5125042,ילין לפידות עוקבת תיק 3 הבנק הבינלאומי,"אג""ח כללי בארץ- עד 30% מניות",,"אג""ח בארץ - כללי",2026-01-31,342710000.0,ילין לפידות,,False,False,0.0074,0.0035,25360.540000000005,0.0039000000000000003,13365.69,0
5125067,תכלית TTF אינדקס שקלי מדורג תקרת סדרה 500 מ',בריבית קבועה,,"אג""ח בארץ- חברות והמרה",2026-01-31,21970000.0,מיטב,,True,False,0.002,0.0,439.40000000000003,0.002,439.40000000000003,0
5125109,אנליסט פיזור רחב 20/80,"אג""ח כללי בארץ- עד 20% מניות",,"אג""ח בארץ - כללי",2026-01-31,57040000.0,אנליסט,,False,False,0.0074,0.0035,4220.960000000001,0.0039000000000000003,2224.56,0
5125133,איביאי מחקה (!) תל בונד גלובל שקלי,בריבית קבועה,,"אג""ח בארץ- חברות והמרה",2026-01-31,19640000.0,אי.בי.אי,,True,False,0.0025,0.0,491.0,0.0025,491.0,0
5125158,"קסם DAX KTF מנוטרלת מט""ח",אירופה- שווקים מפותחים,,"מניות בחו""ל",2026-01-31,136880000.0,קסם,,True,False,0.0,0.0,0.0,0.0,0.0,0
5125166,"קסם DJ Industrial Average KTF מנוטרלת מט""ח",אמריקה- שווקים מפותחים,,"מניות בחו""ל",2026-01-31,124730000.0,קסם,,True,False,0.0025,0.0,3118.25,0.0025,3118.25,0
5125174,"קסם S&P Financial KTF מנוטרלת מט""ח",Financial,,"מניות בחו""ל",2026-01-31,65220000.0,קסם,,True,False,0.004,0.0,2608.8,0.004,2608.8,0
5125182,"קסם S&P Industrial KTF מנוטרלת מט""ח",Industrials,,"מניות בחו""ל",2026-01-31,109880000.0,קסם,,True,False,0.002,0.0,2197.6000000000004,0.002,2197.6000000000004,0
5125190,איביאי תיק השקעות 50/50,"אג""ח כללי בארץ - חשיפה מרבית מעל 30% מניות",,"אג""ח בארץ - כללי",2026-01-31,10390000.0,אי.בי.אי,,False,False,0.0085,0.0035,883.1500000000001,0.005000000000000001,519.5000000000001,0
5125208,אלפי בנדק 30/70 תיק ישראל,"אג""ח כללי בארץ- עד 30% מניות",,"אג""ח בארץ - כללי",2026-01-31,145950000.0,הראל,אלפי בנדק,False,False,0.0079,0.0035,11530.050000000001,0.004400000000000001,6421.800000000002,0
5125216,אלפי בנדק 10/90,"אג""ח כללי בארץ- עד 10% מניות ללא סימן קריאה",,"אג""ח בארץ - כללי",2026-01-31,26730000.0,הראל,אלפי בנדק,False,False,0.0076,0.0035,2031.48,0.0040999999999999995,1095.9299999999998,0
5125224,"אי בי אי מחקה אינדקס ת""א Mid Cap רווחיות",Mid Cap,,מניות בארץ,2026-01-31,226700000.0,אי.בי.אי,,True,False,0.005,0.0,11335.0,0.005,11335.0,0
5125257,מור מניות ערך,מניות All Cap,,מניות בארץ,2026-01-31,964700000.0,מור,,False,False,0.0159,0.0035,153387.30000000002,0.012400000000000001,119622.8,0
5125265,FORESTי 10/90,"אג""ח כללי בארץ- עד 10% מניות ללא סימן קריאה",,"אג""ח בארץ - כללי",2026-01-31,1657850000.0,פורסט,,False,False,0.0079,0.0035,130970.15000000001,0.004400000000000001,72945.40000000002,0
5125281,הראל חושן,"אג""ח כללי בארץ - חשיפה מרבית מעל 30% מניות",,"אג""ח בארץ - כללי",2026-01-31,53430000.0,הראל,,False,False,0.0034999999999999996,0.0035,1870.0499999999997,-4.336808689942018e-19,-2.31715688303602e-13,0
5125323,תכלית TTF תל בונד שקלי 50,בריבית קבועה,,"אג""ח בארץ- חברות והמרה",2026-01-31,233930000.0,מיטב,,True,False,0.0025,0.0,5848.25,0.0025,5848.25,0
5125331,MTF מחקה תל בונד שקלי 3-5,בריבית קבועה - בינוני,,"אג""ח בארץ- חברות והמרה",2026-01-31,112330000.0,מגדל,,True,False,0.0,0.0,0.0,0.0,0.0,0
5125349,MTF מחקה תל בונד צמודות 5-15,בריבית קבועה - ארוך,,"אג""ח בארץ- חברות והמרה",2026-01-31,164840000.0,מגדל,,True,False,0.0,0.0,0.0,0.0,0.0,0
5125356,MTF מחקה תל בונד צמודות 3-5,בריבית קבועה - בינוני,,"אג""ח בארץ- חברות והמרה",2026-01-31,240240000.0,מגדל,,True,False,0.0025,0.0,6006.0,0.0025,6006.0,0
5125364,MTF מחקה תל בונד שקלי 5-15,בריבית קבועה - ארוך,,"אג""ח בארץ- חברות והמרה",2026-01-31,199080000.0,מגדל,,True,False,0.0,0.0,0.0,0.0,0.0,0
5125372,MTF מחקה תל בונד שקלי 1-3,בריבית קבועה - קצר,,"אג""ח בארץ- חברות והמרה",2026-01-31,196510000.0,מגדל,,True,False,0.0025,0.0,4912.75,0.0025,4912.75,0
5125380,קסם אקטיב גמישה FLEX,גמישות,,גמישות,2026-01-31,103720000.0,קסם,,False,False,0.0146,0.0035,15143.119999999999,0.0111,11512.92,0
5125406,"מגדל 10/90 תיק אג""ח סולידי","אג""ח כללי בארץ בדירוג גבוה (AA ומעלה ו/ או מדינה)- עד 10% מניות",,"אג""ח בארץ - כללי",2026-01-31,44440000.0,מגדל,,False,False,0.0069,0.0035,3066.3599999999997,0.0034,1510.96,0
5125414,מגדל 20/80 Buy Side,"אג""ח כללי בארץ- עד 20% מניות",,"אג""ח בארץ - כללי",2026-01-31,99600000.0,מגדל,,False,False,0.0073,0.0035,7270.8,0.0038,3784.8,0
5125422,מגדל 30/70 Buy Side,"אג""ח כללי בארץ- עד 30% מניות",,"אג""ח בארץ - כללי",2026-01-31,53200000.0,מגדל,,False,False,0.0079,0.0035,4202.8,0.004400000000000001,2340.8000000000006,0
5125430,"MTF מחקה Indxx US E-Commerce מנוטרלת מט""ח",e-Commerce,,"מניות בחו""ל",2026-01-31,282300000.0,מגדל,,True,False,0.008,0.0,22584.000000000004,0.008,22584.000000000004,0
5125448,ילין לפידות תיק ממשלתי + 10%,"אג""ח מדינה כללי- עד 10% מניות",,"אג""ח בארץ- מדינה",2026-01-31,73850000.0,ילין לפידות,,False,False,0.0054,0.0035,3987.9000000000005,0.0019000000000000002,1403.15,0
5125455,"ילין לפידות תיק אג""ח סולידי","אג""ח כללי בארץ בדירוג גבוה בלבד (AA ומעלה ו/ או מדינה)",,"אג""ח בארץ - כללי",2026-01-31,69650000.0,ילין לפידות,,False,False,0.0064,0.0035,4457.599999999999,0.0029000000000000002,2019.8500000000001,0
5125463,"פסטרנק שהם (!) אג""ח חברות ללא מניות",חברות והמרה ללא מניות עם סימן קריאה,,"אג""ח בארץ- חברות והמרה",2026-01-31,818810000.0,איילון,פסטרנק שהם,False,False,0.0085,0.0035,69598.85,0.005000000000000001,40940.50000000001,0
5125562,"פורטה תיק אג""ח עד 10%","אג""ח כללי בארץ- עד 10% מניות ללא סימן קריאה",,"אג""ח בארץ - כללי",2026-01-31,277710000.0,סיגמא,פורטה,False,False,0.008,0.0035,22216.800000000003,0.0045000000000000005,12496.95,0
5125570,"פורטה (!) אג""ח חברות",חברות והמרה עם מניות ועם סימן קריאה,,"אג""ח בארץ- חברות והמרה",2026-01-31,502880000.0,סיגמא,פורטה,False,False,0.01,0.0035,50288.0,0.006500000000000001,32687.200000000004,0
5125604,קסם S&P Financial KTF,Financial,,"מניות בחו""ל",2026-01-31,81980000.0,קסם,,True,False,0.0025,0.0,2049.5,0.0025,2049.5,0
5125612,קסם STOXX Europe 600 KTF,אירופה- כללי,,"מניות בחו""ל",2026-01-31,110850000.0,קסם,,True,False,0.0025,0.0,2771.25,0.0025,2771.25,0
5125620,"קסם S&P Technology KTF מנוטרלת מט""ח",Technology,,"מניות בחו""ל",2026-01-31,255410000.0,קסם,,True,False,0.004,0.0,10216.400000000001,0.004,10216.400000000001,0
5125638,"קסם S&P Consumer Discretionary KTF מנוטרלת מט""ח",Consumer Discretionary,,"מניות בחו""ל",2026-01-31,54800000.0,קסם,,True,False,0.003,0.0,1644.0,0.003,1644.0,0
5125646,הראל אייל,"אג""ח כללי בארץ- עד 30% מניות",,"אג""ח בארץ - כללי",2026-01-31,187100000.0,הראל,,False,False,0.0058,0.0035,10851.8,0.0022999999999999995,4303.299999999999,0
5125653,"סיגמא אג""ח לפדיון עד 12/2027","אג""ח כללי בארץ ללא מניות וללא סימן קריאה, עם מגבלת מח""מ עד 5 שנים",,"אג""ח בארץ - כללי",2026-01-31,108010000.0,סיגמא,,False,False,0.0059,0.0035,6372.59,0.0024,2592.24,0
5125661,סיגמא 15/85,"אג""ח כללי בארץ- עד 15% מניות",,"אג""ח בארץ - כללי",2026-01-31,227280000.0,סיגמא,,False,False,0.0076,0.0035,17273.280000000002,0.0040999999999999995,9318.479999999998,0
5125679,סיגמא גמישה,גמישות,,גמישות,2026-01-31,410080000.0,סיגמא,,False,False,0.0125,0.0035,51260.0,0.009000000000000001,36907.200000000004,0
5125687,"מגדל (!) אג""ח Buy Side","אג""ח כללי בארץ ללא מניות עם סימן קריאה",,"אג""ח בארץ - כללי",2026-01-31,52120000.0,מגדל,,False,False,0.0059,0.0035,3075.08,0.0024,1250.8799999999999,0
5125695,"מגדל (!) אג""ח חברות Buy Sideי + 10%",חברות והמרה עם מניות ועם סימן קריאה,,"אג""ח בארץ- חברות והמרה",2026-01-31,547280000.0,מגדל,,False,False,0.0069,0.0035,37762.32,0.0034,18607.52,0
5125703,MTF מחקה Bluestar Fintech מנוטרלת דולר,Fintech,,"מניות בחו""ל",2026-01-31,22630000.0,מגדל,,True,False,0.008,0.0,1810.4,0.008,1810.4,0
5125729,אילים 30/70,"אג""ח כללי בארץ- עד 30% מניות",,"אג""ח בארץ - כללי",2026-01-31,560560000.0,אילים,,False,False,0.0069,0.0035,38678.64,0.0034,19059.04,0
5125737,אילים עוקבת תיק 2 הבנק הבינלאומי,"אג""ח כללי בארץ- עד 15% מניות",,"אג""ח בארץ - כללי",2026-01-31,175900000.0,אילים,,False,False,0.0078000000000000005,0.0035,13720.199999999999,0.0043,7563.700000000001,0
5125745,אילים עוקבת תיק 3 הבנק הבינלאומי,"אג""ח כללי בארץ- עד 30% מניות",,"אג""ח בארץ - כללי",2026-01-31,75570000.0,אילים,,False,False,0.0078000000000000005,0.0035,5894.46,0.0043,3249.51,0
5125752,MTF מחקה Indxx Global Aerospace & Defense,Aerospace & Defense,,"מניות בחו""ל",2026-01-31,2406010000.0,מגדל,,True,False,0.008,0.0,192480.80000000002,0.008,192480.80000000002,0
5125760,"MTF מחקה S&P Technology מנוטרלת מט""ח",Technology,,"מניות בחו""ל",2026-01-31,133940000.0,מגדל,,True,False,0.008,0.0,10715.2,0.008,10715.2,0
5125778,אילים 50/50,"אג""ח כללי בארץ - חשיפה מרבית מעל 30% מניות",,"אג""ח בארץ - כללי",2026-01-31,120870000.0,אילים,,False,False,0.0069,0.0035,8340.029999999999,0.0034,4109.58,0
5125794,אילים 20/80,"אג""ח כללי בארץ- עד 20% מניות",,"אג""ח בארץ - כללי",2026-01-31,3084040000.0,אילים,,False,False,0.0075,0.0035,231302.99999999997,0.004,123361.6,0
5125802,"קסם אקטיב אג""ח עד 3 שנים","אג""ח כללי בארץ ללא מניות וללא סימן קריאה, עם מגבלת מח""מ עד 5 שנים",,"אג""ח בארץ - כללי",2026-01-31,244870000.0,קסם,,False,False,0.0054,0.0035,13222.980000000001,0.0019000000000000002,4652.530000000001,0
5125828,אלפי בנדק (!) All Bond כללי,"אג""ח כללי בארץ ללא מניות עם סימן קריאה",,"אג""ח בארץ - כללי",2026-01-31,123720000.0,הראל,אלפי בנדק,False,False,0.0069,0.0035,8536.68,0.0034,4206.48,0
5125836,אלפא טק מניות ESG ישראל,מניות All Cap,,מניות בארץ,2026-01-31,45760000.0,הראל,אלפא טק,False,False,0.0125,0.0035,5720.0,0.009000000000000001,4118.400000000001,0
5125869,"MTF מחקה S&P 500 מנוטרלת מט""ח",אמריקה- שווקים מפותחים,,"מניות בחו""ל",2026-01-31,1583770000.0,מגדל,,True,False,0.0,0.0,0.0,0.0,0.0,0
5125885,מור 5/95,"אג""ח כללי בארץ- עד 5% מניות",,"אג""ח בארץ - כללי",2026-01-31,151660000.0,מור,,False,False,0.0060999999999999995,0.0035,9251.259999999998,0.0025999999999999994,3943.1599999999994,0
5125901,"מור אג""ח חברות",חברות והמרה עם מניות ללא סימן קריאה,,"אג""ח בארץ- חברות והמרה",2026-01-31,150970000.0,מור,,False,False,0.0079,0.0035,11926.630000000001,0.004400000000000001,6642.680000000002,0
5125919,מור 25/75,"אג""ח כללי בארץ- עד 25% מניות",,"אג""ח בארץ - כללי",2026-01-31,952090000.0,מור,,False,False,0.0085,0.0035,80927.65000000001,0.005000000000000001,47604.50000000001,0
5125935,הראל 15/85,"אג""ח כללי בארץ- עד 15% מניות",,"אג""ח בארץ - כללי",2026-01-31,162350000.0,הראל,,False,False,0.0058,0.0035,9416.3,0.0022999999999999995,3734.0499999999993,0
5125943,הראל 25/75,"אג""ח כללי בארץ- עד 25% מניות",,"אג""ח בארץ - כללי",2026-01-31,7150000.0,הראל,,False,False,0.0049,0.0035,350.34999999999997,0.0013999999999999998,100.09999999999998,0
5125950,הראל 20/80,"אג""ח כללי בארץ- עד 20% מניות",,"אג""ח בארץ - כללי",2026-01-31,456290000.0,הראל,,False,False,0.0084,0.0035,38328.36,0.0049,22358.21,0
5125968,ילין לפידות 15/85,"אג""ח כללי בארץ- עד 15% מניות",,"אג""ח בארץ - כללי",2026-01-31,384730000.0,ילין לפידות,,False,False,0.0079,0.0035,30393.670000000002,0.004400000000000001,16928.120000000006,0
5125984,MTF מחקה תל בונד צמודות 1-3,בריבית קבועה - קצר,,"אג""ח בארץ- חברות והמרה",2026-01-31,428100000.0,מגדל,,True,False,0.0025,0.0,10702.5,0.0025,10702.5,0
5125992,"הראל (!) אג""ח מדורג - רכיב בטוחה",חברות והמרה ללא מניות עם סימן קריאה,,"אג""ח בארץ- חברות והמרה",2026-01-31,52350000.0,הראל,,False,False,0.0058,0.0035,3036.2999999999997,0.0022999999999999995,1204.0499999999997,0
5126008,"מיטב אג""ח עד 5% מניות","אג""ח כללי בארץ- עד 5% מניות",,"אג""ח בארץ - כללי",2026-01-31,121250000.0,מיטב,,False,False,0.0055000000000000005,0.0035,6668.750000000001,0.0020000000000000005,2425.0000000000005,0
5126024,מיטב תיק השקעות עד 50%,"אג""ח כללי בארץ - חשיפה מרבית מעל 30% מניות",,"אג""ח בארץ - כללי",2026-01-31,291430000.0,מיטב,,False,False,0.0078000000000000005,0.0035,22731.54,0.0043,12531.49,0
5126065,מיטב 40/60,"אג""ח כללי בארץ - חשיפה מרבית מעל 30% מניות",,"אג""ח בארץ - כללי",2026-01-31,294900000.0,מיטב,,False,False,0.0079,0.0035,23297.100000000002,0.004400000000000001,12975.600000000004,0
5126081,פוקוס גמישה,גמישות,,גמישות,2026-01-31,135130000.0,איילון,פוקוס,False,False,0.016,0.0035,21620.800000000003,0.0125,16891.25,0
5126099,"אילים מניות חו""ל","מניות כללי בחו""ל חשופת מט""ח",,"מניות בחו""ל",2026-01-31,40500000.0,אילים,,False,False,0.0125,0.0035,5062.5,0.009000000000000001,3645.0000000000005,0
5126107,פוקוס 10/90,"אג""ח כללי בארץ- עד 10% מניות ללא סימן קריאה",,"אג""ח בארץ - כללי",2026-01-31,274960000.0,איילון,פוקוס,False,False,0.0079,0.0035,21721.840000000004,0.004400000000000001,12098.240000000003,0
5126123,פוקוס 20/80,"אג""ח כללי בארץ- עד 20% מניות",,"אג""ח בארץ - כללי",2026-01-31,398150000.0,איילון,פוקוס,False,False,0.0085,0.0035,33842.75,0.005000000000000001,19907.500000000004,0
5126164,אלטשולר שחם 15-85,"אג""ח כללי בארץ- עד 15% מניות",,"אג""ח בארץ - כללי",2026-01-31,55390000.0,אלטשולר שחם,,False,False,0.0075,0.0035,4154.25,0.004,2215.6000000000004,0
5126180,אלטשולר שחם 35-65,"אג""ח כללי בארץ - חשיפה מרבית מעל 30% מניות",,"אג""ח בארץ - כללי",2026-01-31,17110000.0,אלטשולר שחם,,False,False,0.0085,0.0035,1454.3500000000001,0.005000000000000001,855.5000000000001,0
5126214,איביאי תיק קונצרני + 10%,חברות והמרה עם מניות ללא סימן קריאה,,"אג""ח בארץ- חברות והמרה",2026-01-31,49170000.0,אי.בי.אי,,False,False,0.006500000000000001,0.0035,3196.05,0.0030000000000000005,1475.1000000000001,0
5126230,איביאי גיא 25/75,"אג""ח כללי בארץ- עד 25% מניות",,"אג""ח בארץ - כללי",2026-01-31,82600000.0,אי.בי.אי,,False,False,0.0121,0.0035,9994.6,0.0086,7103.6,0
5126271,"אילים תיק אג""ח + 20%","אג""ח כללי בארץ- עד 20% מניות",,"אג""ח בארץ - כללי",2026-01-31,74410000.0,אילים,,False,False,0.0069,0.0035,5134.29,0.0034,2529.94,0
5126289,איילון תיק 15/85,"אג""ח כללי בארץ- עד 15% מניות",,"אג""ח בארץ - כללי",2026-01-31,26470000.0,איילון,,False,False,0.006500000000000001,0.0035,1720.5500000000002,0.0030000000000000005,794.1000000000001,0
5126347,מיטב תיק השקעות 15/85,"אג""ח כללי בארץ- עד 15% מניות",,"אג""ח בארץ - כללי",2026-01-31,312750000.0,מיטב,,False,False,0.0069,0.0035,21579.75,0.0034,10633.5,0
5126420,כוון גמישה,גמישות,,גמישות,2026-01-31,66269999.99999999,איילון,כוון,False,False,0.0187,0.0035,12392.49,0.015200000000000002,10073.039999999999,0
5126438,"מגדל נאסד""ק כפליים קרן ממונפת",ממונפות בסיכון גבוה,,ממונפות ואסטרטגיות,2026-01-31,288760000.0,מגדל,,False,False,0.036000000000000004,0.0035,103953.6,0.0325,93847.0,0
5126453,איביאי נטע מדינה ללא מניות,"אג""ח מדינה כללי- ללא מניות",,"אג""ח בארץ- מדינה",2026-01-31,268940000.0,אי.בי.אי,,False,False,0.0048,0.0035,12909.119999999999,0.0012999999999999995,3496.219999999999,0
5126479,איביאי (!) נוגה 25/75,"אג""ח כללי בארץ- עד 25% מניות",,"אג""ח בארץ - כללי",2026-01-31,100070000.0,אי.בי.אי,,False,False,0.0089,0.0035,8906.23,0.0054,5403.780000000001,0
5126487,מגדל מניות יתר,מניות Small Cap,,מניות בארץ,2026-01-31,18910000.0,מגדל,,False,False,0.0125,0.0035,2363.75,0.009000000000000001,1701.9,0
5126495,"איביאי (!) אג""ח פלוס 10/90","אג""ח כללי בארץ- עד 10% מניות ועם סימן קריאה",,"אג""ח בארץ - כללי",2026-01-31,116610000.0,אי.בי.אי,,False,False,0.0055000000000000005,0.0035,6413.550000000001,0.0020000000000000005,2332.2000000000007,0
5126511,"מגדל (!) הזדמנויות באג""ח חברות סיכון מוגבר",חברות והמרה בסיכון גבוה,,"אג""ח בארץ- חברות והמרה",2026-01-31,135790000.0,מגדל,,False,False,0.0191,0.0035,25935.889999999996,0.0156,21183.239999999998,0
5126560,כוון מניות ישראל,מניות All Cap,,מניות בארץ,2026-01-31,49740000.0,איילון,כוון,False,False,0.014499999999999999,0.0035,7212.3,0.011,5471.4,0
5126586,"איביאי אג""ח חברות שקלי",חברות והמרה שקלי ללא מניות,,"אג""ח בארץ- חברות והמרה",2026-01-31,42030000.0,אי.בי.אי,,False,False,0.006,0.0035,2521.8,0.0025,1050.75,0
5126685,אנליסט מניות SMALL CAP ישראל,מניות Small Cap,,מניות בארץ,2026-01-31,264910000.00000003,אנליסט,,False,False,0.022099999999999998,0.0035,58545.11,0.0186,49273.26,0
5126701,אלטשולר שחם סופה מניות,מניות All Cap,,מניות בארץ,2026-01-31,778330000.0,אלטשולר שחם,,False,False,0.022000000000000002,0.0035,171232.60000000003,0.018500000000000003,143991.05000000002,0
5126727,"אלטשולר שחם (!) תיק אג""ח ללא מניות","אג""ח כללי בארץ ללא מניות עם סימן קריאה",,"אג""ח בארץ - כללי",2026-01-31,136400000.0,אלטשולר שחם,,False,False,0.006999999999999999,0.0035,9548.0,0.003499999999999999,4773.999999999999,0
5126776,קסם אקטיב 20-80,"אג""ח כללי בארץ- עד 20% מניות",,"אג""ח בארץ - כללי",2026-01-31,600650000.0,קסם,,False,False,0.008199999999999999,0.0035,49253.299999999996,0.004699999999999999,28230.549999999996,0
5126818,מור מחקה (!) תל בונד-תשואות צמודות,בריבית קבועה,,"אג""ח בארץ- חברות והמרה",2026-01-31,14880000.0,מור,,True,False,0.002,0.0,297.6,0.002,297.6,0
5126941,אילים מדינה שקלית פלוס,"אג""ח מדינה שקליות- עד 10% מניות",,"אג""ח בארץ- מדינה",2026-01-31,234770000.0,אילים,,False,False,0.0059,0.0035,13851.43,0.0024,5634.48,0
5126990,מגדל כספית דולר,חשופת דולר,,קרן כספית,2026-01-31,142130000.0,מגדל,,False,False,0.0025,0.001,3553.25,0.0015,2131.9500000000003,1
5127006,אזימוט מניות,מניות All Cap,,מניות בארץ,2026-01-31,38650000.0,איילון,אזימוטליין,False,False,0.0218,0.0035,8425.699999999999,0.0183,7072.95,0
5127030,מיטב סולידית פלוס,"אג""ח כללי בארץ בדירוג גבוה (AA ומעלה ו/ או מדינה)- עד 10% מניות",,"אג""ח בארץ - כללי",2026-01-31,164410000.0,מיטב,,False,False,0.0059,0.0035,9700.189999999999,0.0024,3945.8399999999997,0
5127055,"תכלית S&P Aerospace & Defense TTF מנוטרלת מט""ח",Aerospace & Defense,,"מניות בחו""ל",2026-01-31,387390000.0,מיטב,,True,False,0.0055000000000000005,0.0,21306.450000000004,0.0055000000000000005,21306.450000000004,0
5127063,תכלית ISE Cyber Security TTF מנוטרלת דולר,Cyber Security,,"מניות בחו""ל",2026-01-31,115240000.0,מיטב,,True,False,0.008,0.0,9219.2,0.008,9219.2,0
5127089,"ילין לפידות מניות חו""ל נקובה $","מניות בחו""ל נקובת מט""ח",,"מניות בחו""ל",2026-01-31,181610000.0,ילין לפידות,,False,False,0.017,0.0035,30873.7,0.013500000000000002,24517.350000000006,0
5127105,תמיר פישמן ממשלתי עד שנתיים +5%,"אג""ח מדינה כללי- עד 10% מניות",,"אג""ח בארץ- מדינה",2026-01-31,99610000.0,תמיר פישמן,,False,False,0.0055000000000000005,0.002,5478.550000000001,0.0035000000000000005,3486.3500000000004,0
5127121,תמיר פישמן עוקבת תיק 3 הבנק הבינלאומי,"אג""ח כללי בארץ- עד 30% מניות",,"אג""ח בארץ - כללי",2026-01-31,689160000.0,תמיר פישמן,,False,False,0.0069,0.0035,47552.04,0.0034,23431.44,0
5127139,שופן 20/80,"אג""ח כללי בארץ- עד 20% מניות",,"אג""ח בארץ - כללי",2026-01-31,22020000.0,סיגמא,א.נ.נ.י שופן,False,False,0.008199999999999999,0.0035,1805.6399999999996,0.004699999999999999,1034.9399999999998,0
5127147,איביאי מחקה Solactive US Internet,Internet,,"מניות בחו""ל",2026-01-31,50170000.0,אי.בי.אי,,True,False,0.008,0.0,4013.6000000000004,0.008,4013.6000000000004,0
5127162,MTF מחקה Bluestar Robotics מנוטרלת דולר,Robotics,,"מניות בחו""ל",2026-01-31,95330000.0,מגדל,,True,False,0.008,0.0,7626.400000000001,0.008,7626.400000000001,0
5127188,אלפי בנדק מניות ישראל,מניות All Cap,,מניות בארץ,2026-01-31,124700000.0,הראל,אלפי בנדק,False,False,0.0169,0.0035,21074.3,0.013399999999999999,16709.799999999996,0
5127204,"איביאי אג""ח + 15%","אג""ח כללי בארץ- עד 15% מניות",,"אג""ח בארץ - כללי",2026-01-31,111720000.0,אי.בי.אי,,False,False,0.0069,0.0035,7708.679999999999,0.0034,3798.48,0
5127212,מוניטר גמישה,גמישות,,גמישות,2026-01-31,6930000.0,איילון,מוניטר בית השקעות,False,False,0.012,0.0035,831.6,0.0085,589.0500000000001,0
5127220,מוניטר 30/70 - נקובה $,"אג""ח נקובת מט""ח",,"אג""ח בחו""ל",2026-01-31,12300000.0,איילון,מוניטר בית השקעות,False,False,0.0095,0.0035,1168.5,0.006,738.0,0
5127253,"קסם אקטיב מניות רובוטיקה חו""ל","מניות לפי ענפים בחו""ל",,"מניות בחו""ל",2026-01-31,68410000.0,קסם,,False,False,0.0194,0.0035,13271.539999999999,0.0159,10877.19,0
5127279,דולפין גמישה,גמישות,,גמישות,2026-01-31,75930000.0,איילון,דולפין 1 השקעות,False,False,0.019,0.0035,14426.699999999999,0.0155,11769.15,0
5127287,"תכלית S&P Utilities TTF מנוטרלת מט""ח",Utilities,,"מניות בחו""ל",2026-01-31,55500000.0,מיטב,,True,False,0.006,0.0,3330.0,0.006,3330.0,0
5127329,תכלית PHLX Semiconductor Sector TTF,Semiconductor,,"מניות בחו""ל",2026-01-31,1076840000.0,מיטב,,True,False,0.008,0.0,86147.20000000001,0.008,86147.20000000001,0
5127360,"הראל אג""ח קונצרני מדורג",חברות והמרה ללא מניות וללא סימן קריאה,,"אג""ח בארץ- חברות והמרה",2026-01-31,136810000.0,הראל,,False,False,0.003,0.0035,4104.3,-0.0005,-684.0500000000001,0
5127378,MTF מחקה Bluestar Artificial Intelligence מנוטרלת דולר,Technology,,"מניות בחו""ל",2026-01-31,157600000.0,מגדל,,True,False,0.008,0.0,12608.000000000002,0.008,12608.000000000002,0
5127402,MTF מחקה Indxx USA E-Commerce,e-Commerce,,"מניות בחו""ל",2026-01-31,53430000.0,מגדל,,True,False,0.008,0.0,4274.400000000001,0.008,4274.400000000001,0
5127428,"MTF מחקה ת""א סקטור-באלאנס",Large & Mid Cap,,מניות בארץ,2026-01-31,131830000.00000001,מגדל,,True,False,0.0025,0.0,3295.7500000000005,0.0025,3295.7500000000005,0
5127469,אי בי אי מחקה S&P 500,אמריקה- שווקים מפותחים,,"מניות בחו""ל",2026-01-31,1308510000.0,אי.בי.אי,,True,False,0.0025,0.0,32712.75,0.0025,32712.75,0
5127477,"מור אג""ח מדינה + 15%","אג""ח מדינה כללי- עד 20% מניות",,"אג""ח בארץ- מדינה",2026-01-31,218650000.0,מור,,False,False,0.0063,0.0035,13774.95,0.0028,6122.2,0
5127493,איביאי D.A MODEL,"ארה""ב חשופת מט""ח",,"מניות בחו""ל",2026-01-31,2380000.0,אי.בי.אי,,False,False,0.013500000000000002,0.0035,321.30000000000007,0.010000000000000002,238.00000000000006,0
5127501,"הראל מחקה Dax - מנוטרלת מט""ח",אירופה- שווקים מפותחים,,"מניות בחו""ל",2026-01-31,185680000.0,הראל,,True,False,0.0,0.0,0.0,0.0,0.0,0
5127527,"הראל מחקה S&P 500 - מנוטרלת מט""ח",אמריקה- שווקים מפותחים,,"מניות בחו""ל",2026-01-31,1123630000.0,הראל,,True,False,0.0,0.0,0.0,0.0,0.0,0
5127535,"קסם KTF ת""א סקטור-באלאנס",Large & Mid Cap,,מניות בארץ,2026-01-31,239010000.0,קסם,,True,False,0.0025,0.0,5975.25,0.0025,5975.25,0
5127543,קסם DAX KTF,אירופה- שווקים מפותחים,,"מניות בחו""ל",2026-01-31,28930000.0,קסם,,True,False,0.0,0.0,0.0,0.0,0.0,0
5127550,"קסם S&P Aerospace & Defense KTF מנוטרלת מט""ח",Aerospace & Defense,,"מניות בחו""ל",2026-01-31,83210000.0,קסם,,True,False,0.006999999999999999,0.0,5824.7,0.006999999999999999,5824.7,0
5127568,"איילון קנאביס חו""ל","מניות לפי ענפים בחו""ל",,"מניות בחו""ל",2026-01-31,2530000.0,איילון,,False,False,0.016,0.0035,404.8,0.0125,316.25,0
5127576,פסטרנק שהם מניות,מניות All Cap,,מניות בארץ,2026-01-31,2250580000.0,איילון,פסטרנק שהם,False,False,0.0175,0.0035,393851.50000000006,0.014000000000000002,315081.2,0
5127584,"תכלית TTF ת""א סקטור-באלאנס",Large & Mid Cap,,מניות בארץ,2026-01-31,95290000.0,מיטב,,True,False,0.0025,0.0,2382.25,0.0025,2382.25,0
5127592,"MTF מחקה Indxx US Cloud Computing מנוטרלת מט""ח",Cloud Computing,,"מניות בחו""ל",2026-01-31,46520000.0,מגדל,,True,False,0.008,0.0,3721.6000000000004,0.008,3721.6000000000004,0
5127600,"תכלית ISE CTA Cloud Computing TTF מנוטרלת מט""ח",Cloud Computing,,"מניות בחו""ל",2026-01-31,85890000.0,מיטב,,True,False,0.008,0.0,6871.200000000001,0.008,6871.200000000001,0
5127642,MTF מחקה DAX,אירופה- שווקים מפותחים,,"מניות בחו""ל",2026-01-31,55650000.0,מגדל,,True,False,0.0,0.0,0.0,0.0,0.0,0
5127659,"MTF מחקה DAX מנוטרלת מט""ח",אירופה- שווקים מפותחים,,"מניות בחו""ל",2026-01-31,56130000.0,מגדל,,True,False,0.0,0.0,0.0,0.0,0.0,0
5127667,MTF מחקה S&P 500 Bond Mega 30 Investment Grade 3-5 Year,"חברות והמרה חשופת מט""ח - בינוני",,"אג""ח בחו""ל",2026-01-31,116740000.0,מגדל,,True,False,0.0025,0.0,2918.5,0.0025,2918.5,0
5127709,MTF מחקה תל בונד שקלי,בריבית קבועה,,"אג""ח בארץ- חברות והמרה",2026-01-31,701370000.0,מגדל,,True,False,0.002,0.0,14027.400000000001,0.002,14027.400000000001,0
5127717,קסם אקטיב 15/85,"אג""ח כללי בארץ- עד 15% מניות",,"אג""ח בארץ - כללי",2026-01-31,283700000.0,קסם,,False,False,0.0068000000000000005,0.0035,19291.6,0.0033000000000000004,9362.1,0
5127725,מור השקעות (קרן),גמישות,,גמישות,2026-01-31,785740000.0,מור,,False,False,0.0155,0.0035,121789.7,0.012,94288.8,0
5127733,איביאי מחקה Solactive North American Cannabis,Cannabis,,"מניות בחו""ל",2026-01-31,5400000.0,אי.בי.אי,,True,False,0.01,0.0,540.0,0.01,540.0,0
5127766,אי בי אי מחקה Nasdaq 100,אמריקה- שווקים מפותחים,,"מניות בחו""ל",2026-01-31,755780000.0,אי.בי.אי,,True,False,0.003,0.0,22673.4,0.003,22673.4,0
5127774,"הראל תיק אג""ח חו""ל - נקובה $","אג""ח נקובת מט""ח",,"אג""ח בחו""ל",2026-01-31,26760000.0,הראל,,False,False,0.003,0.0035,802.8000000000001,-0.0005,-133.8,0
5127782,הראל מדינה + 10%,"אג""ח מדינה כללי- עד 10% מניות",,"אג""ח בארץ- מדינה",2026-01-31,15150000.0,הראל,,False,False,0.0043,0.0035,651.45,0.0007999999999999999,121.19999999999999,0
5127790,הראל כספית מגמת ריבית,כספית שקלית עם קונצרני,,קרן כספית,2026-01-31,10523330000.0,הראל,,False,False,0.0018,0.001,189419.94,0.0007999999999999999,84186.64,1
5127808,הראל כספית דולרית מגמת ריבית,חשופת דולר,,קרן כספית,2026-01-31,560920000.0,הראל,,False,False,0.002,0.001,11218.400000000001,0.001,5609.200000000001,1
5127857,"קסם Indxx USD Disruptive Technologies KTF מנוטרלת מט""ח",Technology,,"מניות בחו""ל",2026-01-31,17510000.0,קסם,,True,False,0.006999999999999999,0.0,1225.6999999999998,0.006999999999999999,1225.6999999999998,0
5127865,איביאי מחקה Solactive FinTech,Fintech,,"מניות בחו""ל",2026-01-31,6040000.0,אי.בי.אי,,True,False,0.008,0.0,483.20000000000005,0.008,483.20000000000005,0
5127881,קסם אקטיב כספית פטורה,כספית שקלית עם קונצרני,,קרן כספית,2026-01-31,7017380000.0,קסם,,False,False,0.0024,0.001,168417.11999999997,0.0013999999999999998,98243.31999999999,1
5127907,MTF מחקה תל בונד שקלי 50,בריבית קבועה,,"אג""ח בארץ- חברות והמרה",2026-01-31,394660000.0,מגדל,,True,False,0.0025,0.0,9866.5,0.0025,9866.5,0
5127915,תכלית ISE CTA Cloud Computing TTF,Cloud Computing,,"מניות בחו""ל",2026-01-31,42230000.0,מיטב,,True,False,0.006,0.0,2533.8,0.006,2533.8,0
5127923,"מיטב 10/90 תיק אג""ח חו""ל","אג""ח חשופת מט""ח",,"אג""ח בחו""ל",2026-01-31,18940000.0,מיטב,,False,False,0.0075,0.0035,1420.4999999999998,0.004,757.6,0
5127931,מיטב מדינה + 10%,"אג""ח מדינה כללי- עד 10% מניות",,"אג""ח בארץ- מדינה",2026-01-31,217980000.0,מיטב,,False,False,0.0059,0.0035,12860.82,0.0024,5231.5199999999995,0
5127949,איביאי עד 3 שנים 10/90,"אג""ח כללי בארץ- עד 10% מניות ללא סימן קריאה",,"אג""ח בארץ - כללי",2026-01-31,1329480000.0,אי.בי.אי,,False,False,0.0069,0.0035,91734.12,0.0034,45202.32,0
5127980,ISP Asset Managementי 10/90,"אג""ח כללי בארץ- עד 10% מניות ללא סימן קריאה",,"אג""ח בארץ - כללי",2026-01-31,142060000.0,איילון,איי.אס.פי.,False,False,0.008,0.0035,11364.800000000001,0.0045000000000000005,6392.700000000001,0
5127998,"איביאי אג""ח דולר ריבית משתנה פלוס","אג""ח חשופת דולר",,"אג""ח בחו""ל",2026-01-31,18640000.0,אי.בי.אי,,False,False,0.0089,0.0035,1658.9599999999998,0.0054,1006.5600000000001,0
5128004,"אלטשולר שחם ממשלת ארה""ב עד שנתיים דולרית","אג""ח חשופת דולר",,"אג""ח בחו""ל",2026-01-31,8960000.0,אלטשולר שחם,,False,False,0.006,0.0035,537.6,0.0025,224.0,0
5128020,MTF מחקה Indxx Global Medical Devices מנוטרלת דולר,Health Care,,"מניות בחו""ל",2026-01-31,25050000.0,מגדל,,True,False,0.008,0.0,2004.0000000000002,0.008,2004.0000000000002,0
5128038,MTF מחקה S&P 500 Bond Mega 30 Investment Grade 1-3 Year,"חברות והמרה חשופת מט""ח - קצר",,"אג""ח בחו""ל",2026-01-31,284240000.0,מגדל,,True,False,0.0025,0.0,7106.0,0.0025,7106.0,0
5128079,"קסם Russell 2000 KTF מנוטרלת מט""ח",אמריקה- שווקים מפותחים,,"מניות בחו""ל",2026-01-31,185810000.0,קסם,,True,False,0.0025,0.0,4645.25,0.0025,4645.25,0
5128087,קסם אקטיב כספית דולרית,חשופת דולר,,קרן כספית,2026-01-31,321310000.0,קסם,,False,False,0.002,0.001,6426.200000000001,0.001,3213.1000000000004,1
5128095,הראל מחקה תל בונד מאגר,"אג""ח חברות שקלי וצמוד",,"אג""ח בארץ- חברות והמרה",2026-01-31,180780000.0,הראל,,True,False,0.0,0.0,0.0,0.0,0.0,0
5128103,הראל מחקה תל גוב-משתנה שקלי,ריבית משתנה ממשלתיות,,"אג""ח בארץ- מדינה",2026-01-31,23790000.0,הראל,,True,False,0.001,0.0,237.9,0.001,237.9,0
5128111,הראל מחקה תל גוב-שקלי,ריבית קבועה,,"אג""ח בארץ- מדינה",2026-01-31,76870000.0,הראל,,True,False,0.0014000000000000002,0.0,1076.18,0.0014000000000000002,1076.18,0
5128137,הראל מחקה תל גוב-שקלי 5+,ריבית קבועה - ארוך,,"אג""ח בארץ- מדינה",2026-01-31,43970000.0,הראל,,True,False,0.0015,0.0,659.5500000000001,0.0015,659.5500000000001,0
5128194,"הראל מחקה משולבת אג""ח ישראל (90%) ומניות (10%) חודשי",עד 10% מניות,,"אג""ח בארץ משולבת",2026-01-31,29290000.0,הראל,,True,False,0.0,0.0,0.0,0.0,0.0,0
5128202,"הראל מחקה משולבת מניות חו""ל חודשי מנוטרלת מט""ח","מניות בחו""ל קרן משולבת",,"מניות בחו""ל",2026-01-31,284830000.0,הראל,,True,False,0.0,0.0,0.0,0.0,0.0,0
5128210,"הראל מחקה משולבת אג""ח ישראל (85%) מניות ישראל-חול (15%) חודשי מנוטרלת מט""ח",עד 20% מניות,,"אג""ח בארץ משולבת",2026-01-31,49140000.0,הראל,,True,False,0.0,0.0,0.0,0.0,0.0,0
5128236,"הראל מחקה משולבת מניות חו""ל חודשי","מניות בחו""ל קרן משולבת",,"מניות בחו""ל",2026-01-31,87810000.0,הראל,,True,False,0.0,0.0,0.0,0.0,0.0,0
5128244,"הראל מחקה משולבת מניות סקטורים ארה""ב חודשי","מניות בחו""ל קרן משולבת",,"מניות בחו""ל",2026-01-31,58790000.0,הראל,,True,False,0.0,0.0,0.0,0.0,0.0,0
5128251,"הראל מחקה משולבת מניות סקטורים ארה""ב חודשי מנוטרלת מט""ח","מניות בחו""ל קרן משולבת",,"מניות בחו""ל",2026-01-31,33240000.000000004,הראל,,True,False,0.0,0.0,0.0,0.0,0.0,0
5128293,אלפא טק גמישה,גמישות,,גמישות,2026-01-31,22900000.0,הראל,אלפא טק,False,False,0.0095,0.0035,2175.5,0.006,1374.0,0
5128343,ילין לפידות צמוד מדינה,"אג""ח מדינה צמוד מדד- ללא מניות",,"אג""ח בארץ- מדינה",2026-01-31,38150000.0,ילין לפידות,,False,False,0.0059,0.0035,2250.85,0.0024,915.5999999999999,0
5128350,"ילין לפידות (!) אג""ח ישראל","אג""ח כללי בארץ ללא מניות עם סימן קריאה",,"אג""ח בארץ - כללי",2026-01-31,243830000.0,ילין לפידות,,False,False,0.0075,0.0035,18287.25,0.004,9753.2,0
5128368,"ילין לפידות מניות ערך ת""א 125",מניות Large & Mid Cap,,מניות בארץ,2026-01-31,649260000.0,ילין לפידות,,False,False,0.015,0.0035,97388.99999999999,0.0115,74664.90000000001,0
5128376,מור 30/70,"אג""ח כללי בארץ- עד 30% מניות",,"אג""ח בארץ - כללי",2026-01-31,998540000.0,מור,,False,False,0.0079,0.0035,78884.66,0.004400000000000001,43935.76000000001,0
5128418,"דולפין אג""ח סולידית","אג""ח כללי בארץ בדירוג גבוה בלבד (AA ומעלה ו/ או מדינה)",,"אג""ח בארץ - כללי",2026-01-31,92810000.0,איילון,דולפין 1 השקעות,False,False,0.0059,0.0035,5475.79,0.0024,2227.4399999999996,0
5128434,איביאי (!) תיק קונצרני,חברות והמרה ללא מניות עם סימן קריאה,,"אג""ח בארץ- חברות והמרה",2026-01-31,1676220000.0,אי.בי.אי,,False,False,0.0089,0.0035,149183.58,0.0054,90515.88,0
5128442,איביאי מחקה Nasdaq Global Smart Airlines,Transportation,,"מניות בחו""ל",2026-01-31,39120000.0,אי.בי.אי,,True,False,0.008,0.0,3129.6000000000004,0.008,3129.6000000000004,0
5128459,MTF מחקה Bluestar China Internet Software,Internet,,"מניות בחו""ל",2026-01-31,16079999.999999998,מגדל,,True,False,0.008,0.0,1286.3999999999999,0.008,1286.3999999999999,0
5128467,MTF מחקה Bluestar Asia Technology,Technology,,"מניות בחו""ל",2026-01-31,62520000.0,מגדל,,True,False,0.006,0.0,3751.2000000000003,0.006,3751.2000000000003,0
5128475,פורטה 10/90,"אג""ח כללי בארץ- עד 10% מניות ללא סימן קריאה",,"אג""ח בארץ - כללי",2026-01-31,445570000.0,סיגמא,פורטה,False,False,0.0062,0.0035,27625.34,0.0026999999999999997,12030.389999999998,0
5128483,"פורטה (!) אג""ח כללי","אג""ח כללי בארץ ללא מניות עם סימן קריאה",,"אג""ח בארץ - כללי",2026-01-31,88080000.0,סיגמא,פורטה,False,False,0.006,0.0035,5284.8,0.0025,2202.0,0
5128491,ילין לפידות 25/75 צמיחה,"אג""ח כללי בארץ- עד 25% מניות",,"אג""ח בארץ - כללי",2026-01-31,338350000.0,ילין לפידות,,False,False,0.0079,0.0035,26729.65,0.004400000000000001,14887.400000000005,0
5128509,דיאמונד מניות גלובאלי,"מניות כללי בחו""ל חשופת מט""ח",,"מניות בחו""ל",2026-01-31,14910000.0,איילון,דיאמונד,False,False,0.0144,0.0035,2147.04,0.0109,1625.1899999999998,0
5128525,פורטה מניות,מניות All Cap,,מניות בארץ,2026-01-31,301740000.0,סיגמא,פורטה,False,False,0.018500000000000003,0.0035,55821.90000000001,0.015000000000000003,45261.000000000015,0
5128541,"פורטה אג""ח ללא מניות","אג""ח כללי בארץ ללא מניות וללא סימן קריאה",,"אג""ח בארץ - כללי",2026-01-31,539650000.0,סיגמא,פורטה,False,False,0.0075,0.0035,40473.75,0.004,21586.0,0
5128566,"גביש (!) אג""ח חברות ללא מניות",חברות והמרה ללא מניות עם סימן קריאה,,"אג""ח בארץ- חברות והמרה",2026-01-31,38770000.0,סיגמא,גביש פיננסים,False,False,0.0089,0.0035,3450.5299999999997,0.0054,2093.5800000000004,0
5128590,"הראל גביש תיק אג""ח ללא מניות","אג""ח כללי בארץ ללא מניות וללא סימן קריאה",,"אג""ח בארץ - כללי",2026-01-31,1154460000.0,הראל,,False,False,0.0073,0.0035,84275.58,0.0038,43869.48,0
5128616,FOREST מניות,מניות All Cap,,מניות בארץ,2026-01-31,268640000.0,פורסט,,False,False,0.012,0.0035,32236.8,0.0085,22834.4,0
5128624,MTF מחקה Bluestar E-Games,e-Gaming,,"מניות בחו""ל",2026-01-31,14960000.0,מגדל,,True,False,0.008,0.0,1196.8000000000002,0.008,1196.8000000000002,0
5128632,"מיטב (!) אג""ח תשואה כוללת","אג""ח כללי בארץ ללא מניות עם סימן קריאה",,"אג""ח בארץ - כללי",2026-01-31,146990000.0,מיטב,,False,False,0.0074,0.0035,10877.260000000002,0.0039000000000000003,5732.61,0
5128640,מיטב (!) נבחרת קונצרני,חברות והמרה ללא מניות עם סימן קריאה,,"אג""ח בארץ- חברות והמרה",2026-01-31,683260000.0,מיטב,,False,False,0.0079,0.0035,53977.54000000001,0.004400000000000001,30063.44000000001,0
5128665,איביאי עד 3 שנים 30/70,"אג""ח כללי בארץ- עד 30% מניות",,"אג""ח בארץ - כללי",2026-01-31,213450000.0,אי.בי.אי,,False,False,0.0069,0.0035,14728.05,0.0034,7257.3,0
5128673,סיגמא מדינה צמודה פלוס,"אג""ח מדינה צמוד מדד- עד 10% מניות",,"אג""ח בארץ- מדינה",2026-01-31,1387990000.0,סיגמא,,False,False,0.0064,0.0035,88831.36,0.0029000000000000002,40251.71000000001,0
5128756,תכלית Dow Jones Internet Composite TTF,Internet,,"מניות בחו""ל",2026-01-31,12380000.0,מיטב,,True,False,0.006,0.0,742.8000000000001,0.006,742.8000000000001,0
5128772,תכלית All-Bond TTF דולר וטופ 5 בתל בונד-20 צמודות,אחר,,"אג""ח בארץ- חברות והמרה",2026-01-31,39940000.0,מיטב,,True,False,0.002,0.0,798.8000000000001,0.002,798.8000000000001,0
5128814,תמיר פישמן DIGITAL ECONOMY,"מניות כללי בחו""ל חשופת מט""ח",,"מניות בחו""ל",2026-01-31,33080000.0,תמיר פישמן,,False,False,0.0149,0.0035,4928.92,0.0114,3771.1200000000003,0
5128848,"ב. אלטרנטיב (!) אג""ח קונצרני",חברות והמרה ללא מניות עם סימן קריאה,,"אג""ח בארץ- חברות והמרה",2026-01-31,356140000.0,איילון,בסט אלטרנטיב,False,False,0.0089,0.0035,31696.46,0.0054,19231.56,0
5128855,איילון מניות גלובאלי,"מניות כללי בחו""ל חשופת מט""ח",,"מניות בחו""ל",2026-01-31,176430000.0,איילון,,False,False,0.015,0.0035,26464.499999999996,0.0115,20289.45,0
5128871,הראל עוקבת תיק מס' 3 - הבנק הבינלאומי,"אג""ח כללי בארץ- עד 30% מניות",,"אג""ח בארץ - כללי",2026-01-31,135560000.0,הראל,,False,False,0.0055000000000000005,0.0035,7455.800000000001,0.0020000000000000005,2711.2000000000007,0
5128897,"הראל שהם אג""ח סולידי ללא מניות","אג""ח כללי בארץ בדירוג גבוה בלבד (AA ומעלה ו/ או מדינה)",,"אג""ח בארץ - כללי",2026-01-31,66269999.99999999,הראל,,False,False,0.0025,0.0035,1656.75,-0.001,-662.6999999999999,0
5128905,קסם NASDAQ 100 KTF,אמריקה- שווקים מפותחים,,"מניות בחו""ל",2026-01-31,1769330000.0,קסם,,True,False,0.0,0.0,0.0,0.0,0.0,0
5128913,קסם DJ Internet Composite KTF,Internet,,"מניות בחו""ל",2026-01-31,7650000.0,קסם,,True,False,0.005,0.0,382.5,0.005,382.5,0
5128939,תכלית TTFי Indxx US eGaming & Virtual Reality,e-Gaming,,"מניות בחו""ל",2026-01-31,23990000.0,מיטב,,True,False,0.008,0.0,1919.2,0.008,1919.2,0
5128947,"איילון אקסטרים נאסד""ק 100 פי 3",ממונפות בסיכון גבוה,,ממונפות ואסטרטגיות,2026-01-31,133889999.99999999,איילון,,False,False,0.018500000000000003,0.0035,24769.65,0.015000000000000003,20083.500000000004,0
5128962,מור מניות טכנולוגיה גלובלי,"מניות לפי ענפים בחו""ל",,"מניות בחו""ל",2026-01-31,213480000.0,מור,,False,False,0.021,0.0035,44830.8,0.0175,37359.00000000001,0
5128970,"תכלית TTF ת""א-פמילי",אחר,,מניות בארץ,2026-01-31,87650000.0,מיטב,,True,False,0.005,0.0,4382.5,0.005,4382.5,0
5128988,תכלית TTFי Indxx US Junior Cybersecurity,Cyber Security,,"מניות בחו""ל",2026-01-31,20900000.0,מיטב,,True,False,0.008,0.0,1672.0000000000002,0.008,1672.0000000000002,0
5128996,"קסם אקטיב תיק אג""ח ומניות","אג""ח כללי בארץ - חשיפה מרבית מעל 30% מניות",,"אג""ח בארץ - כללי",2026-01-31,106970000.0,קסם,,False,False,0.0079,0.0035,8450.630000000001,0.004400000000000001,4706.680000000001,0
5129002,קסם KTF תל בונד-שקלי AA-AAA,בריבית קבועה,,"אג""ח בארץ- חברות והמרה",2026-01-31,197820000.0,קסם,,True,False,0.002,0.0,3956.4000000000005,0.002,3956.4000000000005,0
5129010,קסם KTF תל בונד-צמודות AA-AAA,בריבית קבועה,,"אג""ח בארץ- חברות והמרה",2026-01-31,361320000.0,קסם,,True,False,0.002,0.0,7226.400000000001,0.002,7226.400000000001,0
5129028,קסם KTF תל בונד-צמודות 3-5,בריבית קבועה - בינוני,,"אג""ח בארץ- חברות והמרה",2026-01-31,65150000.00000001,קסם,,True,False,0.0034999999999999996,0.0,2280.25,0.0034999999999999996,2280.25,0
5129036,קסם All-Bond KTF-דולר וטופ 5 בתל בונד-20 צמודות,אחר,,"אג""ח בארץ- חברות והמרה",2026-01-31,33390000.0,קסם,,True,False,0.0034999999999999996,0.0,1168.6499999999999,0.0034999999999999996,1168.6499999999999,0
5129069,MTF מחקה אינדקס A-AA ישראל 1-3,"אג""ח חברות שקלי וצמוד",,"אג""ח בארץ- חברות והמרה",2026-01-31,148560000.0,מגדל,,True,False,0.0025,0.0,3714.0,0.0025,3714.0,0
5129093,פורצ'ן גמישה,גמישות,,גמישות,2026-01-31,163090000.0,איילון,פורצ'ן,False,False,0.018000000000000002,0.0035,29356.2,0.014500000000000002,23648.050000000003,0
5129101,"פורצ'ן (!) אג""ח בינלאומי","אג""ח חשופת מט""ח",,"אג""ח בחו""ל",2026-01-31,674660000.0,איילון,פורצ'ן,False,False,0.009000000000000001,0.0035,60719.4,0.005500000000000001,37106.30000000001,0
5129119,פורצ'ן 10/90,"אג""ח כללי בארץ- עד 10% מניות ללא סימן קריאה",,"אג""ח בארץ - כללי",2026-01-31,364960000.0,איילון,פורצ'ן,False,False,0.008,0.0035,29196.800000000003,0.0045000000000000005,16423.2,0
5129127,קסם S&P 500 Bond Mega 30 Investment Grade 3-5 Year KTF,"חברות והמרה חשופת מט""ח - בינוני",,"אג""ח בחו""ל",2026-01-31,277400000.0,קסם,,True,False,0.0025,0.0,6935.0,0.0025,6935.0,0
5129143,הראל אמלפי,"אג""ח כללי בארץ- עד 30% מניות",,"אג""ח בארץ - כללי",2026-01-31,62790000.0,הראל,,False,False,0.0043,0.0035,2699.9700000000003,0.0007999999999999999,502.32,0
5129168,"הראל מניות תנודתיות נמוכה ת""א Large & Mid Cap",מניות Large & Mid Cap,,מניות בארץ,2026-01-31,17060000.0,הראל,,False,False,0.011899999999999999,0.0035,2030.1399999999999,0.0084,1433.04,0
5129184,"קסם אקטיב תיק אג""ח + 15","אג""ח כללי בארץ- עד 15% מניות",,"אג""ח בארץ - כללי",2026-01-31,209600000.0,קסם,,False,False,0.0089,0.0035,18654.399999999998,0.0054,11318.400000000001,0
5129192,קסם KTF תל גוב-שקלי 5-10,ריבית קבועה - ארוך,,"אג""ח בארץ- מדינה",2026-01-31,561470000.0,קסם,,True,False,0.001,0.0,5614.700000000001,0.001,5614.700000000001,0
5129200,"ברומטר (!) אג""ח חברות ללא מניות",חברות והמרה ללא מניות עם סימן קריאה,,"אג""ח בארץ- חברות והמרה",2026-01-31,108710000.0,איילון,ברומטר,False,False,0.0079,0.0035,8588.09,0.004400000000000001,4783.240000000002,0
5129218,אי בי אי מחקה STOXX Europe 600 מנוטרלת אירו,אירופה- כללי,,"מניות בחו""ל",2026-01-31,89110000.0,אי.בי.אי,,True,False,0.0025,0.0,2227.75,0.0025,2227.75,0
5129226,אי בי אי מחקה S&P Consumer Staples,Consumer Staples,,"מניות בחו""ל",2026-01-31,32670000.0,אי.בי.אי,,True,False,0.003,0.0,980.1,0.003,980.1,0
5129242,אי בי אי מחקה S&P Financial,Financial,,"מניות בחו""ל",2026-01-31,134380000.0,אי.בי.אי,,True,False,0.0025,0.0,3359.5,0.0025,3359.5,0
5129259,אי בי אי מחקה S&P Health Care,Health Care,,"מניות בחו""ל",2026-01-31,119740000.0,אי.בי.אי,,True,False,0.005,0.0,5987.0,0.005,5987.0,0
5129267,MTF מחקה Indxx Global E-Commerce,e-Commerce,,"מניות בחו""ל",2026-01-31,15250000.0,מגדל,,True,False,0.008,0.0,1220.0,0.008,1220.0,0
5129275,הראל מחקה S&P 500,אמריקה- שווקים מפותחים,,"מניות בחו""ל",2026-01-31,3202320000.0,הראל,,True,False,0.0,0.0,0.0,0.0,0.0,0
5129283,הראל מחקה NASDAQ 100,אמריקה- שווקים מפותחים,,"מניות בחו""ל",2026-01-31,1469280000.0,הראל,,True,False,0.0,0.0,0.0,0.0,0.0,0
5129309,"איביאי מחקה משולבת מניות ארה""ב חודשי","מניות בחו""ל קרן משולבת",,"מניות בחו""ל",2026-01-31,234950000.0,אי.בי.אי,,True,False,0.005,0.0,11747.5,0.005,11747.5,0
5129317,איילון עוקבת תיק 4 הבנק הבינלאומי,"אג""ח כללי בארץ - חשיפה מרבית מעל 30% מניות",,"אג""ח בארץ - כללי",2026-01-31,59130000.0,איילון,,False,False,0.0075,0.0035,4434.75,0.004,2365.2000000000003,0
5129333,"פוקוס אג""ח","אג""ח כללי בארץ ללא מניות וללא סימן קריאה",,"אג""ח בארץ - כללי",2026-01-31,272430000.0,איילון,פוקוס,False,False,0.0075,0.0035,20432.25,0.004,10897.2,0
5129374,תכלית TTFי INDXX US Industrial Real Estate & Logistics,REIT - Real Estate,,"מניות בחו""ל",2026-01-31,33400000.0,מיטב,,True,False,0.008,0.0,2672.0,0.008,2672.0,0
5129382,"שופן אג""ח גלאט בפקוח ועד ההלכה של הגר""ש ואזנר והגר""נ קרליץ","אג""ח כללי בארץ ללא מניות וללא סימן קריאה",,"אג""ח בארץ - כללי",2026-01-31,17120000.0,סיגמא,א.נ.נ.י שופן,False,False,0.0089,0.0035,1523.6799999999998,0.0054,924.4800000000001,0
5129408,הראל כספית ניהול נזילות,כספית שקלית עם קונצרני,,קרן כספית,2026-01-31,4950990000.0,הראל,,False,False,0.0017000000000000001,0.001,84166.83,0.0007000000000000001,34656.93,1
5129424,הראל מחקה אינדקס לפדיון 2030 (מתגלגל כל 6 שנים),"אג""ח חברות שקלי וצמוד",,"אג""ח בארץ- חברות והמרה",2026-01-31,91980000.0,הראל,,True,False,0.002,0.0,1839.6000000000001,0.002,1839.6000000000001,0
5129432,קסם KTF תל בונד שקלי-50,בריבית קבועה,,"אג""ח בארץ- חברות והמרה",2026-01-31,138120000.0,קסם,,True,False,0.002,0.0,2762.4,0.002,2762.4,0
5129457,מור עוקבת תיק 2 הבנק הבינלאומי,"אג""ח כללי בארץ- עד 15% מניות",,"אג""ח בארץ - כללי",2026-01-31,525380000.0,מור,,False,False,0.0074,0.0035,38878.12,0.0039000000000000003,20489.82,0
5129465,"הראל מניות במומנטום ת""א Large & Mid Cap",מניות Large & Mid Cap,,מניות בארץ,2026-01-31,745910000.0,הראל,,False,False,0.0129,0.0035,96222.39,0.0094,70115.54000000001,0
5129473,"אלפא טק מניות חו""ל ESG","מניות כללי בחו""ל חשופת מט""ח",,"מניות בחו""ל",2026-01-31,32780000.0,הראל,אלפא טק,False,False,0.009000000000000001,0.0035,2950.2000000000003,0.005500000000000001,1802.9000000000005,0
5129499,"מגדל עוקבת מרכיב אג""ח - תיק 2 הבנק הבינלאומי","אג""ח כללי בארץ ללא מניות וללא סימן קריאה",,"אג""ח בארץ - כללי",2026-01-31,12830000.0,מגדל,,False,False,0.0060999999999999995,0.0035,782.6299999999999,0.0025999999999999994,333.5799999999999,0
5129507,איביאי מחקה Solactive Electronic Payment,e-Commerce,,"מניות בחו""ל",2026-01-31,2320000.0,אי.בי.אי,,True,False,0.008,0.0,185.60000000000002,0.008,185.60000000000002,0
5129523,הראל כספית דולרית - נקובה $,"נקובת מט""ח",,קרן כספית,2026-01-31,6614090000.0,הראל,,False,False,0.0015,0.001,99211.35,0.0005,33070.450000000004,1
5129531,MTF מחקה אינדקס A ישראל 2-4,"אג""ח חברות שקלי וצמוד",,"אג""ח בארץ- חברות והמרה",2026-01-31,180700000.0,מגדל,,True,False,0.0025,0.0,4517.5,0.0025,4517.5,0
5129549,"MTF מחקה אינדקס אג""ח במינוף פיננסי נמוך","אג""ח חברות שקלי וצמוד",,"אג""ח בארץ- חברות והמרה",2026-01-31,149180000.0,מגדל,,True,False,0.0025,0.0,3729.5,0.0025,3729.5,0
5129564,"הפניקס קסם אג""ח כללי A ומעלה","אג""ח כללי בארץ ללא מניות וללא סימן קריאה",,"אג""ח בארץ - כללי",2026-01-31,250340000.0,קסם,,False,False,0.0037,0.0035,9262.580000000002,0.0002000000000000001,500.6800000000002,0
5129598,אלטשולר שחם עוקבת תיק 3 הבנק הבינלאומי,"אג""ח כללי בארץ- עד 30% מניות",,"אג""ח בארץ - כללי",2026-01-31,11300000.0,אלטשולר שחם,,False,False,0.006999999999999999,0.0035,790.9999999999999,0.003499999999999999,395.4999999999999,0
5129606,פסטרנק שהם גמישה,גמישות,,גמישות,2026-01-31,34890000.0,איילון,פסטרנק שהם,False,False,0.017,0.0035,5931.3,0.013500000000000002,4710.1500000000015,0
5129648,MTF מחקה Bluestar Global Connective Technologies,Internet,,"מניות בחו""ל",2026-01-31,37370000.0,מגדל,,True,False,0.008,0.0,2989.6000000000004,0.008,2989.6000000000004,0
5129655,אנליסט עוקבת תיק 3 הבנק הבינלאומי,"אג""ח כללי בארץ- עד 30% מניות",,"אג""ח בארץ - כללי",2026-01-31,78840000.0,אנליסט,,False,False,0.0069,0.0035,5439.96,0.0034,2680.56,0
5129663,"הראל מחקה אינדקס אג""ח תזרימיות A ומעלה","אג""ח חברות שקלי וצמוד",,"אג""ח בארץ- חברות והמרה",2026-01-31,62720000.0,הראל,,True,False,0.0015,0.0,940.8000000000001,0.0015,940.8000000000001,0
5129689,הראל מחקה תל בונד צמודות-בנקים ללא COCO,בריבית קבועה,,"אג""ח בארץ- חברות והמרה",2026-01-31,321230000.0,הראל,,True,False,0.0015,0.0,4818.45,0.0015,4818.45,0
5129697,הראל מחקה תל דיב,All Cap,,מניות בארץ,2026-01-31,71350000.0,הראל,,True,False,0.006,0.0,4281.0,0.006,4281.0,0
5129705,"הראל מחקה ת""א סקטור-באלאנס",Large & Mid Cap,,מניות בארץ,2026-01-31,166110000.0,הראל,,True,False,0.0013,0.0,2159.43,0.0013,2159.43,0
5129713,הראל מחקה S&P Consumer Discretionary,Consumer Discretionary,,"מניות בחו""ל",2026-01-31,11630000.0,הראל,,True,False,0.006,0.0,697.8000000000001,0.006,697.8000000000001,0
5129721,הראל מחקה DJ US Dividend,אמריקה- שווקים מפותחים,,"מניות בחו""ל",2026-01-31,21920000.0,הראל,,True,False,0.006999999999999999,0.0,1534.3999999999999,0.006999999999999999,1534.3999999999999,0
5129739,"הראל מחקה 2000 Russell מנוטרלת מט""ח",אמריקה- שווקים מפותחים,,"מניות בחו""ל",2026-01-31,117810000.0,הראל,,True,False,0.004,0.0,4712.400000000001,0.004,4712.400000000001,0
5129762,"הראל מחקה S&P Consumer Staples מנוטרלת מט""ח",Consumer Staples,,"מניות בחו""ל",2026-01-31,17440000.0,הראל,,True,False,0.006,0.0,1046.4,0.006,1046.4,0
5129770,"הראל מחקה iBoxx $ Corps Liquid 3-7 Years מנוטרלת מט""ח","חברות והמרה  מנוטרלת מט""ח - בינוני",,"אג""ח בחו""ל",2026-01-31,488780000.0,הראל,,True,False,0.0022,0.0,10753.160000000002,0.0022,10753.160000000002,0
5129788,"הראל מחקה S&P Technology מנוטרלת מט""ח",Technology,,"מניות בחו""ל",2026-01-31,244100000.0,הראל,,True,False,0.006999999999999999,0.0,17087.0,0.006999999999999999,17087.0,0
5129887,"MTF מחקה אינדקס ת""א 125 Quality",Large & Mid Cap,,מניות בארץ,2026-01-31,86400000.0,מגדל,,True,False,0.006,0.0,5184.0,0.006,5184.0,0
5129937,מור A ומעלה עד 4 שנים,"חברות והמרה ללא מניות וללא סימן קריאה, עם מגבלת מח""מ עד 5 שנים",,"אג""ח בארץ- חברות והמרה",2026-01-31,535429999.99999994,מור,,False,False,0.0076,0.0035,40692.68,0.0040999999999999995,21952.629999999994,0
5129945,תכלית TTFי Indxx US Food-Tech,Technology,,"מניות בחו""ל",2026-01-31,6660000.0,מיטב,,True,False,0.008,0.0,532.8000000000001,0.008,532.8000000000001,0
5129978,"FOREST (!) אג""ח ללא מניות","אג""ח כללי בארץ ללא מניות עם סימן קריאה",,"אג""ח בארץ - כללי",2026-01-31,701520000.0,פורסט,,False,False,0.0075,0.0035,52613.99999999999,0.004,28060.800000000003,0
5130000,"MTF מחקה אינדקס אג""ח בנקים וביטוח","אג""ח חברות שקלי וצמוד",,"אג""ח בארץ- חברות והמרה",2026-01-31,120520000.0,מגדל,,True,False,0.0025,0.0,3013.0,0.0025,3013.0,0
5130018,"הראל מחקה אינדקס אג""ח CoCo בנקים","אג""ח חברות שקלי וצמוד",,"אג""ח בארץ- חברות והמרה",2026-01-31,533350000.0,הראל,,True,False,0.0036,0.0,19200.600000000002,0.0036,19200.600000000002,0
5130026,הראל מחקה Dow Jones U.S. Select Medical Equipment,Health Care,,"מניות בחו""ל",2026-01-31,91090000.0,הראל,,True,False,0.008,0.0,7287.200000000001,0.008,7287.200000000001,0
5130042,איילון תיק מניות כשרה,מניות All Cap,,מניות בארץ,2026-01-31,108740000.0,איילון,,False,False,0.008,0.0035,8699.2,0.0045000000000000005,4893.3,0
5130059,ורדן Flexible,גמישות,,גמישות,2026-01-31,3980000.0,איילון,ורדן בית השקעות,False,False,0.018799999999999997,0.0035,748.2399999999999,0.015299999999999998,608.9399999999999,0
5130067,איביאי אסטרטגיות - ממונפת,ממונפות בסיכון גבוה,,ממונפות ואסטרטגיות,2026-01-31,421930000.0,אי.בי.אי,,False,False,0.02,0.0035,84386.0,0.0165,69618.45,0
5130083,MTF מחקה אינדקס צמודות בנקים וביטוח,בריבית קבועה,,"אג""ח בארץ- חברות והמרה",2026-01-31,75120000.0,מגדל,,True,False,0.002,0.0,1502.4,0.002,1502.4,0
5130091,קסם אקטיב כספית דולרית - נקובה $,"נקובת מט""ח",,קרן כספית,2026-01-31,681070000.0,קסם,,False,False,0.0025,0.001,17026.75,0.0015,10216.050000000001,1
5130133,תכלית TTF תל בונד שקלי 3-5,בריבית קבועה - בינוני,,"אג""ח בארץ- חברות והמרה",2026-01-31,61280000.0,מיטב,,True,False,0.0,0.0,0.0,0.0,0.0,0
5130141,"תכלית TTFי Nasdaq Golden Dragon China מנוטרלת מט""ח",אסיה ופסיפיק- שווקים מתעוררים,,"מניות בחו""ל",2026-01-31,8540000.0,מיטב,,True,False,0.008,0.0,683.2,0.008,683.2,0
5130158,תכלית TTF תל בונד צמודות AA-AAA,בריבית קבועה,,"אג""ח בארץ- חברות והמרה",2026-01-31,194080000.0,מיטב,,True,False,0.002,0.0,3881.6000000000004,0.002,3881.6000000000004,0
5130166,תכלית TTF תל בונד שקלי 1-3,בריבית קבועה - קצר,,"אג""ח בארץ- חברות והמרה",2026-01-31,168410000.0,מיטב,,True,False,0.0,0.0,0.0,0.0,0.0,0
5130174,תכלית TTF תל בונד שקלי 5-15,בריבית קבועה - ארוך,,"אג""ח בארץ- חברות והמרה",2026-01-31,429070000.0,מיטב,,True,False,0.0005,0.0,2145.3500000000004,0.0005,2145.3500000000004,0
5130182,ילין לפידות 40/60,"אג""ח כללי בארץ - חשיפה מרבית מעל 30% מניות",,"אג""ח בארץ - כללי",2026-01-31,278520000.0,ילין לפידות,,False,False,0.0084,0.0035,23395.68,0.0049,13647.48,0
5130190,ילין לפידות A ומעלה + 10%,חברות והמרה עם מניות ללא סימן קריאה,,"אג""ח בארץ- חברות והמרה",2026-01-31,276740000.0,ילין לפידות,,False,False,0.0079,0.0035,21862.460000000003,0.004400000000000001,12176.560000000003,0
5130208,ילין לפידות מדינה + 20%,"אג""ח מדינה כללי- עד 20% מניות",,"אג""ח בארץ- מדינה",2026-01-31,22890000.0,ילין לפידות,,False,False,0.0054,0.0035,1236.0600000000002,0.0019000000000000002,434.91,0
5130224,"מגדל אג""ח חברות + 25%",חברות והמרה עם מניות ללא סימן קריאה,,"אג""ח בארץ- חברות והמרה",2026-01-31,19750000.0,מגדל,,False,False,0.0069,0.0035,1362.75,0.0034,671.5,0
5130232,"אושן יצירה אג""ח ללא מניות","אג""ח כללי בארץ ללא מניות וללא סימן קריאה",,"אג""ח בארץ - כללי",2026-01-31,534490000.0,סיגמא,אושן פרטנרס,False,False,0.006999999999999999,0.0035,37414.299999999996,0.003499999999999999,18707.149999999994,0
5130240,ברק גמישה,גמישות,,גמישות,2026-01-31,5750000.0,ברק,,False,False,0.018000000000000002,0.0035,1035.0,0.014500000000000002,833.7500000000001,0
5130265,איביאי 20/90,אסטרטגיות (לא ממונפות),,ממונפות ואסטרטגיות,2026-01-31,275100000.0,אי.בי.אי,,False,False,0.0089,0.0035,24483.899999999998,0.0054,14855.400000000001,0
5130273,הראל מניות פיננסים,מניות לפי ענפים,,מניות בארץ,2026-01-31,140540000.0,הראל,,False,False,0.015,0.0035,21080.999999999996,0.0115,16162.1,0
5130299,איביאי מחקה BlueStar Defense & Cyber & Intelligence,Cyber Security,,"מניות בחו""ל",2026-01-31,10240000.0,אי.בי.אי,,True,False,0.008,0.0,819.2,0.008,819.2,0
5130307,איילון 10/90,"אג""ח כללי בארץ- עד 10% מניות ללא סימן קריאה",,"אג""ח בארץ - כללי",2026-01-31,216920000.0,איילון,,False,False,0.008,0.0035,17353.600000000002,0.0045000000000000005,9761.400000000001,0
5130315,"איילון אג""ח ללא מניות","אג""ח כללי בארץ ללא מניות וללא סימן קריאה",,"אג""ח בארץ - כללי",2026-01-31,823310000.0,איילון,,False,False,0.0079,0.0035,65041.490000000005,0.004400000000000001,36225.64000000001,0
5130323,איילון מימון ואשראי חוץ בנקאי,מניות לפי ענפים,,מניות בארץ,2026-01-31,18040000.0,איילון,,False,False,0.015,0.0035,2705.9999999999995,0.0115,2074.6,0
5130349,ב. אלטרנטיב מניות ישראל,מניות All Cap,,מניות בארץ,2026-01-31,438420000.0,איילון,בסט אלטרנטיב,False,False,0.018000000000000002,0.0035,78915.6,0.014500000000000002,63570.90000000001,0
5130356,ילין לפידות (!) קונצרני ישראל,חברות והמרה ללא מניות עם סימן קריאה,,"אג""ח בארץ- חברות והמרה",2026-01-31,528320000.00000006,ילין לפידות,,False,False,0.0075,0.0035,39624.0,0.004,21132.800000000003,0
5130364,מור ברקת 30/70,"אג""ח כללי בארץ- עד 30% מניות",,"אג""ח בארץ - כללי",2026-01-31,143380000.0,מור,,False,False,0.0058,0.0035,8316.039999999999,0.0022999999999999995,3297.7399999999993,0
5130372,MTF מחקה מדד משולב אינדקס בנקים ישראל 20/80 חודשי,עד 20% מניות,,"אג""ח בארץ משולבת",2026-01-31,188680000.0,מגדל,,True,False,0.0025,0.0,4717.0,0.0025,4717.0,0
5130380,אי בי אי מחקה תל בונד שקלי בנקים וביטוח,בריבית קבועה,,"אג""ח בארץ- חברות והמרה",2026-01-31,314390000.0,אי.בי.אי,,True,False,0.002,0.0,6287.8,0.002,6287.8,0
5130398,MTF מחקה Indxx Pure Cyber מנוטרלת דולר,Cyber Security,,"מניות בחו""ל",2026-01-31,11090000.0,מגדל,,True,False,0.008,0.0,887.2,0.008,887.2,0
5130414,"פרופאונד אג""ח מדורגות (!)",חברות והמרה ללא מניות עם סימן קריאה,,"אג""ח בארץ- חברות והמרה",2026-01-31,94210000.0,איילון,פרופאונד,False,False,0.008,0.0035,7536.8,0.0045000000000000005,4239.45,0
5130422,פרופאונד גמישה,גמישות,,גמישות,2026-01-31,99720000.0,איילון,פרופאונד,False,False,0.0175,0.0035,17451.000000000004,0.014000000000000002,13960.800000000001,0
5130430,פרופאונד 20/80,"אג""ח כללי בארץ- עד 20% מניות",,"אג""ח בארץ - כללי",2026-01-31,27950000.0,איילון,פרופאונד,False,False,0.0077,0.0035,2152.15,0.004200000000000001,1173.9,0
5130455,"מיטב אג""ח קונצרני מדורג עד 5 שנים","חברות והמרה ללא מניות וללא סימן קריאה, עם מגבלת מח""מ עד 5 שנים",,"אג""ח בארץ- חברות והמרה",2026-01-31,105630000.0,מיטב,,False,False,0.0068000000000000005,0.0035,7182.84,0.0033000000000000004,3485.7900000000004,0
5130463,"מיטב אג""ח עד 4 שנים","אג""ח כללי בארץ ללא מניות וללא סימן קריאה, עם מגבלת מח""מ עד 5 שנים",,"אג""ח בארץ - כללי",2026-01-31,199700000.0,מיטב,,False,False,0.0059,0.0035,11782.3,0.0024,4792.799999999999,0
5130505,הראל איתן,גמישות,,גמישות,2026-01-31,400360000.0,הראל,,False,False,0.0,0.0035,0.0,-0.0035,-14012.600000000002,0
5130513,MTF מחקה תל גוב-שקלי 5+,ריבית קבועה - ארוך,,"אג""ח בארץ- מדינה",2026-01-31,227040000.0,מגדל,,True,False,0.0,0.0,0.0,0.0,0.0,0
5130521,"MTF מחקה S&P 500 Scored & Screened מנוטרלת מט""ח",אמריקה- שווקים מפותחים,,"מניות בחו""ל",2026-01-31,151490000.0,מגדל,,True,False,0.0,0.0,0.0,0.0,0.0,0
5130539,"הפניקס קסם (!) אג""ח ללא מניות","אג""ח כללי בארץ ללא מניות עם סימן קריאה",,"אג""ח בארץ - כללי",2026-01-31,662770000.0,קסם,,False,False,0.0084,0.0035,55672.68,0.0049,32475.73,0
5130554,"הפניקס קסם מניות חו""ל","מניות כללי בחו""ל חשופת מט""ח",,"מניות בחו""ל",2026-01-31,388560000.0,קסם,,False,False,0.0179,0.0035,69552.23999999999,0.0144,55952.64,0
5130588,"קסם אקטיב עוקבת מרכיב אג""ח - תיק 3 הבנק הבינלאומי","אג""ח כללי בארץ ללא מניות וללא סימן קריאה",,"אג""ח בארץ - כללי",2026-01-31,29330000.0,קסם,,False,False,0.0062,0.0035,1818.46,0.0026999999999999997,791.9099999999999,0
5130596,"MTF מחקה מדד משולב אינדקס נדל""ן מניב 20/80 חודשי",עד 20% מניות,,"אג""ח בארץ משולבת",2026-01-31,17030000.0,מגדל,,True,False,0.0,0.0,0.0,0.0,0.0,0
5130604,MTF מחקה אינדקס תשתיות לאומיות ישראל,תשתיות,,מניות בארץ,2026-01-31,757610000.0,מגדל,,True,False,0.005,0.0,37880.5,0.005,37880.5,0
5130612,סיגמא מדינה עד 5 שנים ללא מניות,"אג""ח מדינה כללי- ללא מניות",,"אג""ח בארץ- מדינה",2026-01-31,557060000.0,סיגמא,,False,False,0.0055000000000000005,0.0035,30638.300000000007,0.0020000000000000005,11141.200000000003,0
5130620,"MTF מחקה ת""א 90",Mid Cap,,מניות בארץ,2026-01-31,977950000.0,מגדל,,True,False,0.001,0.0,9779.5,0.001,9779.5,0
5130638,"הראל מחקה ת""א 90",Mid Cap,,מניות בארץ,2026-01-31,1419190000.0,הראל,,True,False,0.0,0.0,0.0,0.0,0.0,0
5130661,"הראל מחקה ת""א 35",Large Cap,,מניות בארץ,2026-01-31,1311510000.0,הראל,,True,False,0.0,0.0,0.0,0.0,0.0,0
5130687,"אי בי אי מחקה ת""א 35",Large Cap,,מניות בארץ,2026-01-31,381120000.0,אי.בי.אי,,True,False,0.0025,0.0,9528.0,0.0025,9528.0,0
5130695,אי בי אי מחקה תל בונד צמודות 3-5,בריבית קבועה - בינוני,,"אג""ח בארץ- חברות והמרה",2026-01-31,273300000.0,אי.בי.אי,,True,False,0.002,0.0,5466.0,0.002,5466.0,0
5130703,אי בי אי מחקה אינדקס A-AA מנגנון מרווח,"אג""ח חברות שקלי וצמוד",,"אג""ח בארץ- חברות והמרה",2026-01-31,537040000.0,אי.בי.אי,,True,False,0.003,0.0,16111.2,0.003,16111.2,0
5130729,אימפקט 10/90,"אג""ח כללי בארץ- עד 10% מניות ללא סימן קריאה",,"אג""ח בארץ - כללי",2026-01-31,44250000.0,איילון,אימפקט,False,False,0.008,0.0035,3540.0000000000005,0.0045000000000000005,1991.2500000000002,0
5130737,אי בי אי מחקה Shiller Barclays CAPE® US Core Mid-Month Sector,אמריקה- שווקים מפותחים,,"מניות בחו""ל",2026-01-31,605890000.0,אי.בי.אי,,True,False,0.0079,0.0,47865.310000000005,0.0079,47865.310000000005,0
5130745,MTF מחקה Indxx Renewable Energy מנוטרלת דולר,Alternative / Renewable Energy,,"מניות בחו""ל",2026-01-31,33800000.0,מגדל,,True,False,0.008,0.0,2704.0,0.008,2704.0,0
5130752,אי בי אי מחקה STOXX Europe 600,אירופה- כללי,,"מניות בחו""ל",2026-01-31,160950000.0,אי.בי.אי,,True,False,0.0025,0.0,4023.75,0.0025,4023.75,0
5130802,"פורצ'ן (!) אג""ח ללא מניות","אג""ח כללי בארץ ללא מניות עם סימן קריאה",,"אג""ח בארץ - כללי",2026-01-31,161350000.0,איילון,פורצ'ן,False,False,0.0079,0.0035,12746.650000000001,0.004400000000000001,7099.400000000002,0
5130810,פסטרנק שהם 30/70,"אג""ח כללי בארץ- עד 30% מניות",,"אג""ח בארץ - כללי",2026-01-31,829700000.0,איילון,פסטרנק שהם,False,False,0.0078000000000000005,0.0035,64716.6,0.0043,35677.1,0
5130828,תכלית TTF תל בונד שקלי בנקים וביטוח,בריבית קבועה,,"אג""ח בארץ- חברות והמרה",2026-01-31,166510000.0,מיטב,,True,False,0.0,0.0,0.0,0.0,0.0,0
5130836,תכלית TTF תל בונד שקלי AA-AAA,בריבית קבועה,,"אג""ח בארץ- חברות והמרה",2026-01-31,165910000.0,מיטב,,True,False,0.0,0.0,0.0,0.0,0.0,0
5130851,קסם KTFי S&P 500 נקובה $,אמריקה- שווקים מפותחים,,"מניות בחו""ל",2026-01-31,80110000.0,קסם,,True,False,0.002,0.0,1602.2,0.002,1602.2,0
5130869,קסם KTFי Indxx Climate Change Solutions,Alternative / Renewable Energy,,"מניות בחו""ל",2026-01-31,14950000.0,קסם,,True,False,0.008,0.0,1196.0,0.008,1196.0,0
5130893,"MTF מחקה ת""א-טכנולוגיה",טכנולוגיה,,מניות בארץ,2026-01-31,183200000.0,מגדל,,True,False,0.0045000000000000005,0.0,8244.0,0.0045000000000000005,8244.0,0
5130919,"אי בי אי מחקה ת""א 90",Mid Cap,,מניות בארץ,2026-01-31,770970000.0,אי.בי.אי,,True,False,0.002,0.0,15419.400000000001,0.002,15419.400000000001,0
5130927,"קסם KTF ת""א - טכנולוגיה",טכנולוגיה,,מניות בארץ,2026-01-31,119390000.0,קסם,,True,False,0.0025,0.0,2984.75,0.0025,2984.75,0
5130943,"קסם KTF אינדקס אג""ח שקלי ביטוח ושירותים פיננסיים",בריבית קבועה,,"אג""ח בארץ- חברות והמרה",2026-01-31,18630000.0,קסם,,True,False,0.0,0.0,0.0,0.0,0.0,0
5130950,אנליסט סולידית LV,"אג""ח כללי בארץ בדירוג גבוה בלבד (AA ומעלה ו/ או מדינה)",,"אג""ח בארץ - כללי",2026-01-31,35530000.0,אנליסט,,False,False,0.005,0.0035,1776.5,0.0015,532.95,0
5130976,MTF מחקה Bluestar Solar Energy Industry מנוטרלת דולר,Alternative / Renewable Energy,,"מניות בחו""ל",2026-01-31,8720000.0,מגדל,,True,False,0.008,0.0,697.6,0.008,697.6,0
5130984,"ילין לפידות מניות נדל""ן",מניות לפי ענפים,,מניות בארץ,2026-01-31,44580000.0,ילין לפידות,,False,False,0.012,0.0035,5349.6,0.0085,3789.3,0
5130992,אי בי אי מחקה תל בונד שקלי AA-AAA,בריבית קבועה,,"אג""ח בארץ- חברות והמרה",2026-01-31,217280000.0,אי.בי.אי,,True,False,0.002,0.0,4345.6,0.002,4345.6,0
5131008,אי בי אי מחקה תל בונד צמודות AA-AAA,בריבית קבועה,,"אג""ח בארץ- חברות והמרה",2026-01-31,306420000.0,אי.בי.אי,,True,False,0.002,0.0,6128.400000000001,0.002,6128.400000000001,0
5131040,מור אנרגיה נקיה גלובלי,"מניות לפי ענפים בחו""ל",,"מניות בחו""ל",2026-01-31,26770000.0,מור,,False,False,0.018500000000000003,0.0035,4952.450000000001,0.015000000000000003,4015.500000000001,0
5131057,"מגדל אג""ח מדינה ומניות עד 10%","אג""ח מדינה כללי- עד 10% מניות",,"אג""ח בארץ- מדינה",2026-01-31,295260000.0,מגדל,,False,False,0.0043,0.0035,12696.18,0.0007999999999999999,2362.08,0
5131081,"הראל מחקה ת""א טכנולוגיה",טכנולוגיה,,מניות בארץ,2026-01-31,219050000.0,הראל,,True,False,0.0015,0.0,3285.75,0.0015,3285.75,0
5131099,"מגדל אג""ח ומניות עד 20%","אג""ח כללי בארץ- עד 20% מניות",,"אג""ח בארץ - כללי",2026-01-31,93140000.0,מגדל,,False,False,0.0075,0.0035,6985.499999999999,0.004,3725.6000000000004,0
5131107,"הראל (!) איתן אג""ח","אג""ח כללי בארץ ללא מניות עם סימן קריאה",,"אג""ח בארץ - כללי",2026-01-31,170650000.0,הראל,,False,False,0.0,0.0035,0.0,-0.0035,-5972.750000000001,0
5131115,"מגדל תיק אג""ח - הכנסה חודשית","אג""ח כללי בארץ- עד 15% מניות",,"אג""ח בארץ - כללי",2026-01-31,32960000.0,מגדל,,False,False,0.0118,0.0035,3889.2799999999997,0.0083,2735.68,0
5131131,מגדל מדינה פלוס A ומעלה,"אג""ח מדינה כללי- ללא מניות",,"אג""ח בארץ- מדינה",2026-01-31,361400000.0,מגדל,,False,False,0.0059,0.0035,21322.6,0.0024,8673.599999999999,0
5131164,הראל מחקה אינדקס AA-AAA ריאליות שקלי,בריבית קבועה,,"אג""ח בארץ- חברות והמרה",2026-01-31,34800000.0,הראל,,True,False,0.0029,0.0,1009.1999999999999,0.0029,1009.1999999999999,0
5131172,מגדל מדד מדינה,"אג""ח מדינה צמוד מדד- עד 10% מניות",,"אג""ח בארץ- מדינה",2026-01-31,209430000.0,מגדל,,False,False,0.0069,0.0035,14450.67,0.0034,7120.62,0
5131180,הראל מחקה אינדקס AA-AAA ריאליות צמוד,בריבית קבועה,,"אג""ח בארץ- חברות והמרה",2026-01-31,77270000.0,הראל,,True,False,0.0029,0.0,2240.83,0.0029,2240.83,0
5131198,תכלית TTFי S&P 500 Scored & Screened,אמריקה- שווקים מפותחים,,"מניות בחו""ל",2026-01-31,60860000.0,מיטב,,True,False,0.0,0.0,0.0,0.0,0.0,0
5131206,"קסם KTFי NASDAQ Biotechnology מנוטרלת מט""ח",Biotechnology,,"מניות בחו""ל",2026-01-31,14030000.0,קסם,,True,False,0.004,0.0,561.2,0.004,561.2,0
5131222,"MTF מחקה אינדקס אג""ח חברות ממשלתיות","אג""ח חברות שקלי וצמוד",,"אג""ח בארץ- חברות והמרה",2026-01-31,212370000.0,מגדל,,True,False,0.002,0.0,4247.400000000001,0.002,4247.400000000001,0
5131230,"מגדל דולר אגרסיבית אג""ח חו""ל","אג""ח חשופת דולר",,"אג""ח בחו""ל",2026-01-31,9120000.0,מגדל,,False,False,0.0137,0.0035,1249.44,0.0102,930.2400000000001,0
5131263,אנליסט 15/85,"אג""ח כללי בארץ- עד 15% מניות",,"אג""ח בארץ - כללי",2026-01-31,11370000.0,אנליסט,,False,False,0.0045000000000000005,0.0035,511.65000000000003,0.0010000000000000005,113.70000000000005,0
5131271,מגדל מניות ישראל Buy Side,מניות All Cap,,מניות בארץ,2026-01-31,139060000.0,מגדל,,False,False,0.0175,0.0035,24335.500000000004,0.014000000000000002,19468.4,0
5131289,"אי בי אי מחקה משולבת אג""ח מדינה (90%) אינדקס בנקים ישראל (10%) חודשי","אג""ח מדינה משולבת - עד 10% מניות",,"אג""ח בארץ- מדינה",2026-01-31,58290000.0,אי.בי.אי,,True,False,0.005,0.0,2914.5,0.005,2914.5,0
5131297,"מגדל נדל""ן",מניות לפי ענפים,,מניות בארץ,2026-01-31,28550000.0,מגדל,,False,False,0.0125,0.0035,3568.75,0.009000000000000001,2569.5,0
5131313,"מגדל מניות סייבר חו""ל","מניות לפי ענפים בחו""ל",,"מניות בחו""ל",2026-01-31,109130000.0,מגדל,,False,False,0.0194,0.0035,21171.22,0.0159,17351.670000000002,0
5131339,מגדל שווקים מתעוררים,"מניות גיאוגרפי אחר חשופת מט""ח",,"מניות בחו""ל",2026-01-31,16149999.999999998,מגדל,,False,False,0.0125,0.0035,2018.7499999999998,0.009000000000000001,1453.5,0
5131347,"קסם KTFי משולבת אג""ח חברות (50%) אג""ח מדינה (50%) חודשי",ללא מניות,,"אג""ח בארץ משולבת",2026-01-31,17510000.0,קסם,,True,False,0.0,0.0,0.0,0.0,0.0,0
5131354,"מגדל ת""א Mid Cap",מניות Large & Mid Cap,,מניות בארץ,2026-01-31,20560000.0,מגדל,,False,False,0.0069,0.0035,1418.6399999999999,0.0034,699.04,0
5131362,איילון טכנולוגיה ישראל,מניות לפי ענפים,,מניות בארץ,2026-01-31,24280000.0,איילון,,False,False,0.0125,0.0035,3035.0,0.009000000000000001,2185.2000000000003,0
5131388,"מגדל מניות חו""ל נקובה $","מניות בחו""ל נקובת מט""ח",,"מניות בחו""ל",2026-01-31,18840000.0,מגדל,,False,False,0.0195,0.0035,3673.7999999999997,0.016,3014.4,0
5131404,"הראל מחקה ת""א בנייה","נדל""ן ובנייה",,מניות בארץ,2026-01-31,88720000.0,הראל,,True,False,0.0025,0.0,2218.0,0.0025,2218.0,0
5131420,"הראל מחקה ת""א מניב ישראל","נדל""ן ובנייה",,מניות בארץ,2026-01-31,146630000.0,הראל,,True,False,0.001,0.0,1466.3000000000002,0.001,1466.3000000000002,0
5131438,מגדל סין,"מניות גיאוגרפי אחר חשופת מט""ח",,"מניות בחו""ל",2026-01-31,12240000.0,מגדל,,False,False,0.0125,0.0035,1530.0,0.009000000000000001,1101.6000000000001,0
5131446,"MTF מחקה Bluestar Top 10 US Banks מנוטרלת מט""ח",Banking,,"מניות בחו""ל",2026-01-31,308990000.0,מגדל,,True,False,0.005,0.0,15449.5,0.005,15449.5,0
5131453,"מגדל מניות ישראל ת""א 125",מניות Large & Mid Cap,,מניות בארץ,2026-01-31,130229999.99999999,מגדל,,False,False,0.0149,0.0035,19404.269999999997,0.0114,14846.22,0
5131461,דרך מניות ערך בינלאומי כשר,"מניות כללי בחו""ל חשופת מט""ח",,"מניות בחו""ל",2026-01-31,19610000.0,סיגמא,דרך אינבסט,False,False,0.018500000000000003,0.0035,3627.8500000000004,0.015000000000000003,2941.500000000001,0
5131479,"מגדל אג""ח ישראל סולידית","אג""ח כללי בארץ בדירוג גבוה בלבד (AA ומעלה ו/ או מדינה)",,"אג""ח בארץ - כללי",2026-01-31,7140000.0,מגדל,,False,False,0.0059,0.0035,421.26,0.0024,171.35999999999999,0
5131487,"קסם KTF ת""א-מניב ישראל","נדל""ן ובנייה",,מניות בארץ,2026-01-31,88670000.0,קסם,,True,False,0.0015,0.0,1330.05,0.0015,1330.05,0
5131503,"MTF מחקה Bluestar Travel & Vacation מנוטרלת מט""ח",Travel,,"מניות בחו""ל",2026-01-31,67880000.0,מגדל,,True,False,0.008,0.0,5430.400000000001,0.008,5430.400000000001,0
5131529,MTF מחקה אינדקס צריכה בסיסית ישראל,צריכה בסיסית,,מניות בארץ,2026-01-31,113370000.0,מגדל,,True,False,0.005,0.0,5668.5,0.005,5668.5,0
5131537,"תכלית NASDAQ Clean Edge Green Energy EW TTF מנוטרלת מט""ח",Cleantech,,"מניות בחו""ל",2026-01-31,35260000.0,מיטב,,True,False,0.008,0.0,2820.8,0.008,2820.8,0
5131545,אקורד 10/90,"אג""ח כללי בארץ- עד 10% מניות ללא סימן קריאה",,"אג""ח בארץ - כללי",2026-01-31,318220000.0,איילון,אקורד ניהול השקעות,False,False,0.0075,0.0035,23866.499999999996,0.004,12728.800000000001,0
5131552,"אקורד אג""ח מדורגות",חברות והמרה ללא מניות וללא סימן קריאה,,"אג""ח בארץ- חברות והמרה",2026-01-31,280160000.0,איילון,אקורד ניהול השקעות,False,False,0.0077,0.0035,21572.32,0.004200000000000001,11766.720000000001,0
5131560,אקורד 20/80,"אג""ח כללי בארץ- עד 20% מניות",,"אג""ח בארץ - כללי",2026-01-31,463090000.0,איילון,אקורד ניהול השקעות,False,False,0.0079,0.0035,36584.11000000001,0.004400000000000001,20375.960000000006,0
5131578,קסם KTF אינדקס מזון ישראלי,צריכה בסיסית,,מניות בארץ,2026-01-31,69940000.0,קסם,,True,False,0.005,0.0,3497.0,0.005,3497.0,0
5131586,"מור (!) אג""ח חברות עם רכיב בטוחה",חברות והמרה ללא מניות עם סימן קריאה,,"אג""ח בארץ- חברות והמרה",2026-01-31,451850000.0,מור,,False,False,0.008199999999999999,0.0035,37051.7,0.004699999999999999,21236.949999999997,0
5131602,אי בי אי מחקה אינדקס A תקרת מנפיק,"אג""ח חברות שקלי וצמוד",,"אג""ח בארץ- חברות והמרה",2026-01-31,484410000.0,אי.בי.אי,,True,False,0.003,0.0,14532.300000000001,0.003,14532.300000000001,0
5131610,אי בי אי מחקה תל בונד צמודות בנקים ללא COCO,בריבית קבועה,,"אג""ח בארץ- חברות והמרה",2026-01-31,169650000.0,אי.בי.אי,,True,False,0.0018,0.0,3053.7000000000003,0.0018,3053.7000000000003,0
5131628,"אי בי אי מחקה S&P 500 מנוטרלת מט""ח",אמריקה- שווקים מפותחים,,"מניות בחו""ל",2026-01-31,1184560000.0,אי.בי.אי,,True,False,0.0025,0.0,29614.0,0.0025,29614.0,0
5131636,אי בי אי מחקה תל בונד מאגר,"אג""ח חברות שקלי וצמוד",,"אג""ח בארץ- חברות והמרה",2026-01-31,67490000.0,אי.בי.אי,,True,False,0.0015,0.0,1012.35,0.0015,1012.35,0
5131644,"אי בי אי מחקה NASDAQ 100 מנוטרלת מט""ח",אמריקה- שווקים מפותחים,,"מניות בחו""ל",2026-01-31,927350000.0,אי.בי.אי,,True,False,0.003,0.0,27820.5,0.003,27820.5,0
5131701,אי בי אי מחקה תל גוב-צמודות 0-2,צמודות מדד ממשלתיות - קצר,,"אג""ח בארץ- מדינה",2026-01-31,195350000.0,אי.בי.אי,,True,False,0.001,0.0,1953.5000000000002,0.001,1953.5000000000002,0
5131719,קסם KTFי Indxx China Internet,Internet,,"מניות בחו""ל",2026-01-31,5170000.0,קסם,,True,False,0.008,0.0,413.6,0.008,413.6,0
5131727,MTF מחקה אינדקס A-AA שקלי,בריבית קבועה,,"אג""ח בארץ- חברות והמרה",2026-01-31,62700000.0,מגדל,,True,False,0.0,0.0,0.0,0.0,0.0,0
5131735,MTF מחקה אינדקס A-AA צמוד,בריבית קבועה,,"אג""ח בארץ- חברות והמרה",2026-01-31,267019999.99999997,מגדל,,True,False,0.0025,0.0,6675.5,0.0025,6675.5,0
5131743,מור מחקה אינדקס צריכה ישראלית,שילוב ענפים,,מניות בארץ,2026-01-31,21280000.0,מור,,True,False,0.0055000000000000005,0.0,1170.4,0.0055000000000000005,1170.4,0
5131768,תכלית TTFי INDXX TOURISM & LEISURE EW,Travel,,"מניות בחו""ל",2026-01-31,16680000.0,מיטב,,True,False,0.006,0.0,1000.8000000000001,0.006,1000.8000000000001,0
5131792,הראל מחקה תל גוב-כללי,"אג""ח מדינה שיקלי וצמוד",,"אג""ח בארץ- מדינה",2026-01-31,171590000.0,הראל,,True,False,0.001,0.0,1715.9,0.001,1715.9,0
5131818,קסם KTFי משולבת S&P ארהב צריכה מחזורית (50%) בסיסית (50%) חודשי מנוטרלת מטח,"מניות בחו""ל קרן משולבת",,"מניות בחו""ל",2026-01-31,15100000.0,קסם,,True,False,0.0,0.0,0.0,0.0,0.0,0
5131826,"קסם KTFי משולבת S&P ארה""ב צריכה מחזורית (50%) בסיסית (50%) חודשי","מניות בחו""ל קרן משולבת",,"מניות בחו""ל",2026-01-31,11700000.0,קסם,,True,False,0.0,0.0,0.0,0.0,0.0,0
5131834,אי בי אי מחקה DJ US Real Estate,REIT - Real Estate,,"מניות בחו""ל",2026-01-31,145250000.0,אי.בי.אי,,True,False,0.008,0.0,11620.000000000002,0.008,11620.000000000002,0
5131842,קסם KTF משולבת S&P ארהב פיננסים (70%) בנקים אזוריים (30%) חודשי מנוטרלת מטח,"מניות בחו""ל קרן משולבת",,"מניות בחו""ל",2026-01-31,27630000.0,קסם,,True,False,0.0,0.0,0.0,0.0,0.0,0
5131867,ISP Asset Managementי 20/80,"אג""ח כללי בארץ- עד 20% מניות",,"אג""ח בארץ - כללי",2026-01-31,33910000.0,איילון,איי.אס.פי.,False,False,0.008,0.0035,2712.8,0.0045000000000000005,1525.95,0
5131875,"ISP Asset Management אג""ח ללא מניות","אג""ח כללי בארץ ללא מניות וללא סימן קריאה",,"אג""ח בארץ - כללי",2026-01-31,57080000.0,איילון,איי.אס.פי.,False,False,0.006999999999999999,0.0035,3995.5999999999995,0.003499999999999999,1997.7999999999995,0
5131883,"מור מחקה אינדקס תשתיות ובינוי ארה""ב",REIT - Real Estate,,"מניות בחו""ל",2026-01-31,302020000.0,מור,,True,False,0.008,0.0,24161.600000000002,0.008,24161.600000000002,0
5131891,מור מחקה אינדקס טכנולוגיה ישראל רווחיות משקל שווה,טכנולוגיה,,מניות בארץ,2026-01-31,44130000.0,מור,,True,False,0.0055000000000000005,0.0,2427.1500000000005,0.0055000000000000005,2427.1500000000005,0
5131909,אי בי אי מחקה (!) תל בונד תשואות שקל,בריבית קבועה,,"אג""ח בארץ- חברות והמרה",2026-01-31,94790000.0,אי.בי.אי,,True,False,0.002,0.0,1895.8000000000002,0.002,1895.8000000000002,0
5131925,תכלית TTF אינדקס בנקים ישראל,בנקאות ואשראי חוץ בנקאי,,מניות בארץ,2026-01-31,504390000.0,מיטב,,True,False,0.002,0.0,10087.800000000001,0.002,10087.800000000001,0
5131941,קסם KTFי ISE Cyber Security מנוטרלת דולר,Cyber Security,,"מניות בחו""ל",2026-01-31,35680000.0,קסם,,True,False,0.006999999999999999,0.0,2497.6,0.006999999999999999,2497.6,0
5131958,דיאמונד 30/70,"אג""ח כללי בארץ- עד 30% מניות",,"אג""ח בארץ - כללי",2026-01-31,100100000.0,איילון,דיאמונד,False,False,0.0089,0.0035,8908.9,0.0054,5405.400000000001,0
5131966,מור מחקה אינדקס בנקים משקל שווה,בנקאות ואשראי חוץ בנקאי,,מניות בארץ,2026-01-31,1147860000.0,מור,,True,False,0.005,0.0,57393.0,0.005,57393.0,0
5131974,הורייזן פיוצ'ר טק גלובלי,"מניות לפי ענפים בחו""ל",,"מניות בחו""ל",2026-01-31,31510000.0,איילון,הורייזן,False,False,0.016,0.0035,5041.6,0.0125,3938.75,0
5131982,איביאי גמישה,גמישות,,גמישות,2026-01-31,18060000.0,אי.בי.אי,,False,False,0.009000000000000001,0.0035,1625.4,0.005500000000000001,993.3000000000003,0
5131990,איילון תיק לרשויות מקומיות,"אג""ח כללי בארץ- עד 5% מניות",,"אג""ח בארץ - כללי",2026-01-31,11800000.0,איילון,,False,False,0.0054,0.0035,637.2,0.0019000000000000002,224.20000000000002,0
5132006,קסם KTF אינדקס eGaming מנוטרלת דולר,e-Gaming,,"מניות בחו""ל",2026-01-31,8910000.0,קסם,,True,False,0.006,0.0,534.6,0.006,534.6,0
5132014,"איילון אנרגיה ירוקה ישראל וארה""ב",מניות לפי ענפים,,מניות בארץ,2026-01-31,20560000.0,איילון,,False,False,0.0125,0.0035,2570.0,0.009000000000000001,1850.4,0
5132030,הראל מחקה אינדקס A שקלי מנפיקים ישראלים,בריבית קבועה,,"אג""ח בארץ- חברות והמרה",2026-01-31,76010000.0,הראל,,True,False,0.003,0.0,2280.3,0.003,2280.3,0
5132055,ב. אלטרנטיב 10/90,"אג""ח כללי בארץ- עד 10% מניות ללא סימן קריאה",,"אג""ח בארץ - כללי",2026-01-31,140110000.0,איילון,בסט אלטרנטיב,False,False,0.0079,0.0035,11068.69,0.004400000000000001,6164.840000000002,0
5132063,"אי בי אי מחקה משולבת S&P סקטורים ארה""ב חודשי מנוטרלת מט""ח","מניות בחו""ל קרן משולבת",,"מניות בחו""ל",2026-01-31,21730000.0,אי.בי.אי,,True,False,0.005,0.0,1086.5,0.005,1086.5,0
5132071,"אי בי אי מחקה DJ Internet Composite מנוטרלת מט""ח",Internet,,"מניות בחו""ל",2026-01-31,32070000.0,אי.בי.אי,,True,False,0.008,0.0,2565.6000000000004,0.008,2565.6000000000004,0
5132089,"קסם KTFי משולבת S&P סקטורים ארה""ב חודשי","מניות בחו""ל קרן משולבת",,"מניות בחו""ל",2026-01-31,80530000.0,קסם,,True,False,0.0,0.0,0.0,0.0,0.0,0
5132113,איילון בונד A-AA,חברות והמרה עם מניות ללא סימן קריאה,,"אג""ח בארץ- חברות והמרה",2026-01-31,5720000.0,איילון,,False,False,0.0075,0.0035,428.99999999999994,0.004,228.8,0
5132121,"קבין אג""ח ללא מניות","אג""ח כללי בארץ ללא מניות וללא סימן קריאה",,"אג""ח בארץ - כללי",2026-01-31,1351960000.0,איילון,קבין,False,False,0.0079,0.0035,106804.84000000001,0.004400000000000001,59486.24000000002,0
5132139,איביאי מחקה משולבת טכנולוגיה עולמי חודשי,"מניות בחו""ל קרן משולבת",,"מניות בחו""ל",2026-01-31,24310000.0,אי.בי.אי,,True,False,0.005,0.0,1215.5,0.005,1215.5,0
5132147,אי בי אי מחקה S&P Technology,Technology,,"מניות בחו""ל",2026-01-31,111590000.0,אי.בי.אי,,True,False,0.005,0.0,5579.5,0.005,5579.5,0
5132154,"אי בי אי מחקה S&P Technology מנוטרלת מט""ח",Technology,,"מניות בחו""ל",2026-01-31,142400000.0,אי.בי.אי,,True,False,0.005,0.0,7120.0,0.005,7120.0,0
5132162,"תכלית TTF אינדקס ביג טק 30 ארה""ב מנוטרלת מט""ח",Technology,,"מניות בחו""ל",2026-01-31,235190000.0,מיטב,,True,False,0.005,0.0,11759.5,0.005,11759.5,0
5132204,פסטרנק שהם (!) 10/90,"אג""ח כללי בארץ- עד 10% מניות ועם סימן קריאה",,"אג""ח בארץ - כללי",2026-01-31,276520000.0,איילון,פסטרנק שהם,False,False,0.0073,0.0035,20185.96,0.0038,10507.76,0
5132220,מור מחקה אינדקס סייבר למחשוב ענן גלובלי,Cyber Security,,"מניות בחו""ל",2026-01-31,85140000.0,מור,,True,False,0.008,0.0,6811.200000000001,0.008,6811.200000000001,0
5132261,"קסם KTFי BlueStar E-Commerce US Leaders מנוטרלת מט""ח",e-Commerce,,"מניות בחו""ל",2026-01-31,4170000.0,קסם,,True,False,0.0,0.0,0.0,0.0,0.0,0
5132279,"קסם KTF אינדקס Cloud Computing מנוטרלת מט""ח",Cloud Computing,,"מניות בחו""ל",2026-01-31,10880000.0,קסם,,True,False,0.005,0.0,544.0,0.005,544.0,0
5132287,איילון ואליו 2 מניות חו''ל ESG עד 30% מט''ח,"מניות כללי בחו""ל מוגנת מט""ח",,"מניות בחו""ל",2026-01-31,4600000.0,איילון,,False,False,0.0148,0.0035,680.8000000000001,0.011300000000000001,519.8000000000001,0
5132295,הראל מחקה אינדקס קמעונאות ומסחר ישראל,שילוב ענפים,,מניות בארץ,2026-01-31,27960000.0,הראל,,True,False,0.0034999999999999996,0.0,978.5999999999999,0.0034999999999999996,978.5999999999999,0
5132303,אילים מניות בנקים,מניות לפי ענפים,,מניות בארץ,2026-01-31,460830000.0,אילים,,False,False,0.0069,0.0035,31797.269999999997,0.0034,15668.22,0
5132329,אי בי אי מחקה DJ Asia Dividend 30,אסיה ופסיפיק- כללי,,"מניות בחו""ל",2026-01-31,15580000.0,אי.בי.אי,,True,False,0.008,0.0,1246.4,0.008,1246.4,0
5132337,אי בי אי מחקה S&P Regional Banks,Banking,,"מניות בחו""ל",2026-01-31,6770000.0,אי.בי.אי,,True,False,0.0,0.0,0.0,0.0,0.0,0
5132345,"אי בי אי מחקה Japan 50 Dividend iNDEX מנוטרלת מט""ח",אסיה ופסיפיק- שווקים מפותחים,,"מניות בחו""ל",2026-01-31,39240000.0,אי.בי.אי,,True,False,0.008,0.0,3139.2000000000003,0.008,3139.2000000000003,0
5132360,אי בי אי מחקה S&P Communication Services,Communication,,"מניות בחו""ל",2026-01-31,44500000.0,אי.בי.אי,,True,False,0.005,0.0,2225.0,0.005,2225.0,0
5132378,"קסם KTF אינדקס Travel מנוטרלת מט""ח",Travel,,"מניות בחו""ל",2026-01-31,13370000.0,קסם,,True,False,0.006999999999999999,0.0,935.8999999999999,0.006999999999999999,935.8999999999999,0
5132386,"פוקוס (!) אג""ח חברות",חברות והמרה ללא מניות עם סימן קריאה,,"אג""ח בארץ- חברות והמרה",2026-01-31,121420000.0,איילון,פוקוס,False,False,0.0089,0.0035,10806.38,0.0054,6556.68,0
5132394,קסם KTFי CSI300,אסיה ופסיפיק- שווקים מתעוררים,,"מניות בחו""ל",2026-01-31,8660000.0,קסם,,True,False,0.005,0.0,433.0,0.005,433.0,0
5132402,קסם KTF תל בונד צמודות-בנקים ללא COCO,בריבית קבועה,,"אג""ח בארץ- חברות והמרה",2026-01-31,90890000.0,קסם,,True,False,0.0015,0.0,1363.3500000000001,0.0015,1363.3500000000001,0
5132410,פלקון 20/80,"אג""ח כללי בארץ- עד 20% מניות",,"אג""ח בארץ - כללי",2026-01-31,41290000.0,סיגמא,פלקון,False,False,0.0079,0.0035,3261.9100000000003,0.004400000000000001,1816.7600000000004,0
5132428,אלפי בנדק עוקבת תיק 3 הבנק הבינלאומי,"אג""ח כללי בארץ- עד 30% מניות",,"אג""ח בארץ - כללי",2026-01-31,78320000.0,הראל,אלפי בנדק,False,False,0.0059,0.0035,4620.88,0.0024,1879.6799999999998,0
5132436,"אלפי בנדק מניות חו""ל","מניות כללי בחו""ל חשופת מט""ח",,"מניות בחו""ל",2026-01-31,63020000.0,הראל,אלפי בנדק,False,False,0.0169,0.0035,10650.38,0.013399999999999999,8444.679999999998,0
5132451,קסם KTF אינדקס מפעילי בורסות עולמיות מנוטרלת דולר,Financial,,"מניות בחו""ל",2026-01-31,6400000.0,קסם,,True,False,0.006999999999999999,0.0,447.99999999999994,0.006999999999999999,447.99999999999994,0
5132493,איביאי מחקה BlueStar Global GreenTech,Technology,,"מניות בחו""ל",2026-01-31,10470000.0,אי.בי.אי,,True,False,0.008,0.0,837.6,0.008,837.6,0
5132519,אי בי אי מחקה תל בונד שקלי 50,בריבית קבועה,,"אג""ח בארץ- חברות והמרה",2026-01-31,289230000.0,אי.בי.אי,,True,False,0.002,0.0,5784.6,0.002,5784.6,0
5132527,אי בי אי מחקה ISE Cyber Security,Cyber Security,,"מניות בחו""ל",2026-01-31,15880000.0,אי.בי.אי,,True,False,0.005,0.0,794.0,0.005,794.0,0
5132535,"תכלית TTF אינדקס ישראל A ומעלה פקטור מרווח מאג""ח ממשלתי","אג""ח חברות שקלי וצמוד",,"אג""ח בארץ- חברות והמרה",2026-01-31,212020000.0,מיטב,,True,False,0.0025,0.0,5300.5,0.0025,5300.5,0
5132568,"תמיר פישמן (!) אג""ח חברות",חברות והמרה ללא מניות עם סימן קריאה,,"אג""ח בארץ- חברות והמרה",2026-01-31,49030000.0,תמיר פישמן,,False,False,0.0055000000000000005,0.0035,2696.6500000000005,0.0020000000000000005,980.6000000000003,0
5132592,"הראל מחקה אינדקס A-AAA ת""א שקלי - נקובה $",בריבית קבועה,,"אג""ח בארץ- חברות והמרה",2026-01-31,123330000.0,הראל,,True,False,0.0034999999999999996,0.0,4316.549999999999,0.0034999999999999996,4316.549999999999,0
5132626,"אי בי אי מחקה אינדקס אג""ח במרווח גבוה","אג""ח חברות שקלי וצמוד",,"אג""ח בארץ- חברות והמרה",2026-01-31,330610000.0,אי.בי.אי,,True,False,0.003,0.0,9918.300000000001,0.003,9918.300000000001,0
5132634,"הראל אג""ח ישראל - נקובה $","אג""ח כללי בארץ ללא מניות וללא סימן קריאה",,"אג""ח בארץ - כללי",2026-01-31,31330000.0,הראל,,False,False,0.0049,0.0035,1535.1699999999998,0.0013999999999999998,438.61999999999995,0
5132709,איביאי מחקה אינדקס רכב חשמלי גלובלי,Transportation,,"מניות בחו""ל",2026-01-31,5820000.0,אי.בי.אי,,True,False,0.008,0.0,465.6,0.008,465.6,0
5132782,"קסם KTF ת""א-בנייה","נדל""ן ובנייה",,מניות בארץ,2026-01-31,47460000.0,קסם,,True,False,0.0,0.0,0.0,0.0,0.0,0
5132790,קבין 10/90,"אג""ח כללי בארץ- עד 10% מניות ללא סימן קריאה",,"אג""ח בארץ - כללי",2026-01-31,1147380000.0,איילון,קבין,False,False,0.0079,0.0035,90643.02,0.004400000000000001,50484.720000000016,0
5132832,קסם אקטיב דולר פי 3,ממונפות בסיכון גבוה,,ממונפות ואסטרטגיות,2026-01-31,28750000.0,קסם,,False,False,0.01,0.0035,2875.0,0.006500000000000001,1868.7500000000002,0
5132865,הראל מחקה אינדקס A-AA צמוד 0-2,בריבית קבועה - קצר,,"אג""ח בארץ- חברות והמרה",2026-01-31,128199999.99999999,הראל,,True,False,0.002,0.0,2564.0,0.002,2564.0,0
5132873,אקורד 30/70,"אג""ח כללי בארץ- עד 30% מניות",,"אג""ח בארץ - כללי",2026-01-31,243340000.0,איילון,אקורד ניהול השקעות,False,False,0.0088,0.0035,21413.920000000002,0.005300000000000001,12897.020000000002,0
5132923,תכלית TTF אינדקס ביג טק 30 סין מנוטרלת דולר,Technology,,"מניות בחו""ל",2026-01-31,12660000.0,מיטב,,True,False,0.008,0.0,1012.8000000000001,0.008,1012.8000000000001,0
5132931,"קסם KTF אינדקס אג""ח A משקל שווה","אג""ח חברות שקלי וצמוד",,"אג""ח בארץ- חברות והמרה",2026-01-31,65870000.00000001,קסם,,True,False,0.002,0.0,1317.4000000000003,0.002,1317.4000000000003,0
5132949,"קסם KTF אינדקס אג""ח AA משקל שווה","אג""ח חברות שקלי וצמוד",,"אג""ח בארץ- חברות והמרה",2026-01-31,46820000.0,קסם,,True,False,0.0034999999999999996,0.0,1638.6999999999998,0.0034999999999999996,1638.6999999999998,0
5132956,"קסם KTF אינדקס אג""ח סקטור באלאנס","אג""ח חברות שקלי וצמוד",,"אג""ח בארץ- חברות והמרה",2026-01-31,25150000.0,קסם,,True,False,0.0,0.0,0.0,0.0,0.0,0
5132972,"קסם KTFי MVIS US Listed Semiconductor 25 מנוטרלת מט""ח",Semiconductor,,"מניות בחו""ל",2026-01-31,368950000.0,קסם,,True,False,0.005,0.0,18447.5,0.005,18447.5,0
5132998,הראל 15/85 - נקובה $,"אג""ח כללי בארץ- עד 15% מניות",,"אג""ח בארץ - כללי",2026-01-31,220910000.0,הראל,,False,False,0.0069,0.0035,15242.789999999999,0.0034,7510.94,0
5133004,"קסם KTF אינדקס אג""ח חברות בנייה בישראל","אג""ח חברות שקלי וצמוד",,"אג""ח בארץ- חברות והמרה",2026-01-31,4730000.0,קסם,,True,False,0.0025,0.0,118.25,0.0025,118.25,0
5133012,קסם KTFי S&P Regional Banks,Banking,,"מניות בחו""ל",2026-01-31,3490000.0,קסם,,True,False,0.005,0.0,174.5,0.005,174.5,0
5133038,"MTF מחקה אינדקס הייטק ישראלי בחו""ל מנוטרלת דולר",Technology,,"מניות בחו""ל",2026-01-31,4820000.0,מגדל,,True,False,0.005,0.0,241.0,0.005,241.0,0
5133061,MTF מחקה S&P CHINA 500 מנוטרלת דולר,אסיה ופסיפיק- שווקים מתעוררים,,"מניות בחו""ל",2026-01-31,10830000.0,מגדל,,True,False,0.005,0.0,541.5,0.005,541.5,0
5133111,"פסטרנק שהם מניות חו""ל","מניות כללי בחו""ל חשופת מט""ח",,"מניות בחו""ל",2026-01-31,301780000.0,איילון,פסטרנק שהם,False,False,0.0175,0.0035,52811.50000000001,0.014000000000000002,42249.200000000004,0
5133129,מור מניות צמיחה גלובלי,"מניות כללי בחו""ל חשופת מט""ח",,"מניות בחו""ל",2026-01-31,241780000.0,מור,,False,False,0.0176,0.0035,42553.280000000006,0.014100000000000001,34090.98,0
5133137,איביאי צמודה 20/90,אסטרטגיות (לא ממונפות),,ממונפות ואסטרטגיות,2026-01-31,674650000.0,אי.בי.אי,,False,False,0.0089,0.0035,60043.85,0.0054,36431.100000000006,0
5133145,הראל מחקה אינדקס A-AAA ריאליות פקטור מרווח מאג''ח ממשלתי,"אג""ח חברות שקלי וצמוד",,"אג""ח בארץ- חברות והמרה",2026-01-31,47250000.0,הראל,,True,False,0.003,0.0,1417.5,0.003,1417.5,0
5133152,"הראל מחקה אינדקס אג""ח מנפיקים ישראלים במשקל שווה","אג""ח חברות שקלי וצמוד",,"אג""ח בארץ- חברות והמרה",2026-01-31,16170000.000000002,הראל,,True,False,0.002,0.0,323.4000000000001,0.002,323.4000000000001,0
5133186,אביב - שגב גמישה,גמישות,,גמישות,2026-01-31,19980000.0,איילון,אביב-שגב,False,False,0.018500000000000003,0.0035,3696.3000000000006,0.015000000000000003,2997.000000000001,0
5133202,MTF מחקה תל בונד-שקלי AA-AAA,בריבית קבועה,,"אג""ח בארץ- חברות והמרה",2026-01-31,65180000.00000001,מגדל,,True,False,0.0,0.0,0.0,0.0,0.0,0
5133210,MTF מחקה תל בונד-צמודות AA-AAA,בריבית קבועה,,"אג""ח בארץ- חברות והמרה",2026-01-31,359790000.0,מגדל,,True,False,0.001,0.0,3597.9,0.001,3597.9,0
5133236,ATF מחקה אינדקס בנקים וביטוח ישראל,שילוב ענפים,,מניות בארץ,2026-01-31,663840000.0,אנליסט,,True,False,0.005,0.0,33192.0,0.005,33192.0,0
5133269,"אלטשולר שחם מחקה A.B SmartBeta USA Pure Value מנוטרלת מט""ח",אמריקה- כללי,,"מניות בחו""ל",2026-01-31,3290000.0,אלטשולר שחם,,True,False,0.009000000000000001,0.0,296.1,0.009000000000000001,296.1,0
5133293,"אי בי אי מחקה S&P Semiconductor Select Industry מנוטרלת מט""ח",Semiconductor,,"מניות בחו""ל",2026-01-31,37930000.0,אי.בי.אי,,True,False,0.004,0.0,1517.2,0.004,1517.2,0
5133301,סיגמא 50/50,"אג""ח כללי בארץ - חשיפה מרבית מעל 30% מניות",,"אג""ח בארץ - כללי",2026-01-31,40340000.0,סיגמא,,False,False,0.0079,0.0035,3186.8600000000006,0.004400000000000001,1774.9600000000005,0
5133335,"תכלית TTFי Nasdaq CTA US Artificial Intelligence and Robotics מנוטרלת מט""ח",Robotics,,"מניות בחו""ל",2026-01-31,9740000.0,מיטב,,True,False,0.008,0.0,779.2,0.008,779.2,0
5133343,סלע 20/80,"אג""ח כללי בארץ- עד 20% מניות",,"אג""ח בארץ - כללי",2026-01-31,6380000.0,איילון,סלע בית השקעות,False,False,0.0075,0.0035,478.49999999999994,0.004,255.20000000000002,0
5133376,"תכלית TTF אינדקס ישראל צמוד A ומעלה פקטור מרווח מאג""ח ממשלתי",בריבית קבועה,,"אג""ח בארץ- חברות והמרה",2026-01-31,121310000.0,מיטב,,True,False,0.0015,0.0,1819.65,0.0015,1819.65,0
5133384,"קסם אקטיב מניות נדל""ן",מניות לפי ענפים,,מניות בארץ,2026-01-31,7620000.0,קסם,,False,False,0.006999999999999999,0.0035,533.4,0.003499999999999999,266.69999999999993,0
5133392,קסם KTF תל בונד-צמודות A,בריבית קבועה,,"אג""ח בארץ- חברות והמרה",2026-01-31,777530000.0,קסם,,True,False,0.0025,0.0,19438.25,0.0025,19438.25,0
5133434,"קסם KTFי Indxx US Infrastructure מנוטרלת מט""ח",Utilities,,"מניות בחו""ל",2026-01-31,45430000.0,קסם,,True,False,0.005,0.0,2271.5,0.005,2271.5,0
5133459,פורצ'ן 20/80,"אג""ח כללי בארץ- עד 20% מניות",,"אג""ח בארץ - כללי",2026-01-31,67870000.0,איילון,פורצ'ן,False,False,0.0079,0.0035,5361.7300000000005,0.004400000000000001,2986.2800000000007,0
5133525,פוקוס מניות,מניות All Cap,,מניות בארץ,2026-01-31,67330000.0,איילון,פוקוס,False,False,0.0169,0.0035,11378.769999999999,0.013399999999999999,9022.22,0
5133533,איביאי מחקה אינדקס פיננסים ישראל איזון ענפי,פיננסים,,מניות בארץ,2026-01-31,299800000.0,אי.בי.אי,,True,False,0.006500000000000001,0.0,19487.000000000004,0.006500000000000001,19487.000000000004,0
5133541,"תכלית TTF ת""א-בנייה","נדל""ן ובנייה",,מניות בארץ,2026-01-31,245510000.0,מיטב,,True,False,0.002,0.0,4910.200000000001,0.002,4910.200000000001,0
5133574,"הראל מחקה NASDAQ 100 מנוטרלת מט""ח",אמריקה- שווקים מפותחים,,"מניות בחו""ל",2026-01-31,829260000.0,הראל,,True,False,0.0,0.0,0.0,0.0,0.0,0
5133582,"תכלית TTF ת""א-ביטוח ושירותים פיננסים",ביטוח,,מניות בארץ,2026-01-31,537100000.0,מיטב,,True,False,0.003,0.0,16113.0,0.003,16113.0,0
5133608,"הראל מחקה אינדקס AA-AAA ת""א 0-2 - נקובה $","אג""ח חברות שקלי וצמוד",,"אג""ח בארץ- חברות והמרה",2026-01-31,38500000.0,הראל,,True,False,0.0025,0.0,962.5,0.0025,962.5,0
5133616,הראל מחקה אינדקס בנקים ישראל,בנקאות ואשראי חוץ בנקאי,,מניות בארץ,2026-01-31,266529999.99999997,הראל,,True,False,0.005,0.0,13326.5,0.005,13326.5,0
5133632,ילין לפידות אגד ישראלי עד 30% מניות,אגד ישראלי,,אגד קרנות,2026-01-31,54580000.0,ילין לפידות,,False,False,0.0,0.0035,0.0,-0.0035,-1910.3000000000002,0
5133640,ילין לפידות אגד ישראלי עד 15% מניות,אגד ישראלי,,אגד קרנות,2026-01-31,63190000.0,ילין לפידות,,False,False,0.0,0.0035,0.0,-0.0035,-2211.65,0
5133657,איביאי מחקה אינדקס מוליכים למחצה גלובלי EW מנוטרלת דולר,Semiconductor,,"מניות בחו""ל",2026-01-31,48070000.0,אי.בי.אי,,True,False,0.008,0.0,3845.6000000000004,0.008,3845.6000000000004,0
5133673,אי בי אי מחקה אינדקס A-AA שקלי 0-2 - נקובה $,בריבית קבועה - קצר,,"אג""ח בארץ- חברות והמרה",2026-01-31,23370000.0,אי.בי.אי,,True,False,0.0,0.0,0.0,0.0,0.0,0
5133681,"תכלית TTFי S&P 900 Pure Value מנוטרלת מט""ח",אמריקה- שווקים מפותחים,,"מניות בחו""ל",2026-01-31,43020000.0,מיטב,,True,False,0.005,0.0,2151.0,0.005,2151.0,0
5133699,קסם KTFי Bloomberg Agriculture,מדד סחורות,,סחורות,2026-01-31,8359999.999999999,קסם,,True,False,0.008,0.0,668.8,0.008,668.8,0
5133707,דולפין 25/75,"אג""ח כללי בארץ- עד 25% מניות",,"אג""ח בארץ - כללי",2026-01-31,345440000.0,איילון,דולפין 1 השקעות,False,False,0.0079,0.0035,27289.760000000002,0.004400000000000001,15199.360000000004,0
5133715,MTF מחקה אינדקס Global Manufacturers מנוטרלת דולר,שילוב ענפים,,"מניות בחו""ל",2026-01-31,8830000.0,מגדל,,True,False,0.008,0.0,706.4000000000001,0.008,706.4000000000001,0
5133731,איילון השקעות,גמישות,,גמישות,2026-01-31,16579999.999999998,איילון,,False,False,0.0154,0.0035,2553.3199999999997,0.0119,1973.02,0
5133756,הראל מחקה All Bond כללי,"אג""ח בארץ כללי",,"אג""ח בארץ כללי",2026-01-31,25170000.0,הראל,,True,False,0.002,0.0,503.40000000000003,0.002,503.40000000000003,0
5133764,"הראל מחקה ת""א All-Share",All Cap,,מניות בארץ,2026-01-31,29410000.0,הראל,,True,False,0.0025,0.0,735.25,0.0025,735.25,0
5133772,קסם KTF אינדקס צמוד מדורג Top60 ללא בנקים,בריבית קבועה,,"אג""ח בארץ- חברות והמרה",2026-01-31,247250000.0,קסם,,True,False,0.001,0.0,2472.5,0.001,2472.5,0
5133780,מור אגד ישראלי עד 30% מניות,אגד ישראלי,,אגד קרנות,2026-01-31,177760000.0,מור,,False,False,0.0,0.0035,0.0,-0.0035,-6221.6,0
5133798,מור אגד ישראלי עד 15% מניות,אגד ישראלי,,אגד קרנות,2026-01-31,209380000.0,מור,,False,False,0.0,0.0035,0.0,-0.0035,-7328.300000000001,0
5133822,מיטב תיק עד 15% מניות-אגד ישראלי,אגד ישראלי,,אגד קרנות,2026-01-31,94820000.0,מיטב,,False,False,0.0,0.0035,0.0,-0.0035,-3318.7000000000003,0
5133830,מיטב תיק עד 30% מניות-אגד ישראלי,אגד ישראלי,,אגד קרנות,2026-01-31,77040000.0,מיטב,,False,False,0.0,0.0035,0.0,-0.0035,-2696.4,0
5133871,פלקון תיק השקעות + 30%,"אג""ח כללי בארץ- עד 30% מניות",,"אג""ח בארץ - כללי",2026-01-31,31060000.0,סיגמא,פלקון,False,False,0.0079,0.0035,2453.7400000000002,0.004400000000000001,1366.6400000000003,0
5133897,"MTF מחקה אינדקס נדל""ן למגורים ארה""ב Top10 מנוטרלת מט""ח",REIT - Real Estate,,"מניות בחו""ל",2026-01-31,5250000.0,מגדל,,True,False,0.005,0.0,262.5,0.005,262.5,0
5133905,"ATF מחקה אינדקס אג""ח חברות ישראל EW TOP 100","אג""ח חברות שקלי וצמוד",,"אג""ח בארץ- חברות והמרה",2026-01-31,129000000.0,אנליסט,,True,False,0.002,0.0,2580.0,0.002,2580.0,0
5133939,"מיטב תיק אג""ח + 15%","אג""ח כללי בארץ- עד 15% מניות",,"אג""ח בארץ - כללי",2026-01-31,73180000.0,מיטב,,False,False,0.0034999999999999996,0.0035,2561.2999999999997,-4.336808689942018e-19,-3.1736765992995686e-13,0
5133947,"מור 20/80 מניות חו""ל","אג""ח כללי בארץ- עד 20% מניות",,"אג""ח בארץ - כללי",2026-01-31,1351110000.0,מור,,False,False,0.008199999999999999,0.0035,110791.01999999999,0.004699999999999999,63502.169999999984,0
5133954,"אלטשולר שחם אג""ח מדינה שקליות","אג""ח מדינה שקליות- ללא מניות",,"אג""ח בארץ- מדינה",2026-01-31,56590000.0,אלטשולר שחם,,False,False,0.006999999999999999,0.0035,3961.2999999999997,0.003499999999999999,1980.6499999999994,0
5133996,"איביאי מחקה משולבת מניות נדל""ן ישראליות חודשי",מניות בארץ קרן משולבת,,מניות בארץ,2026-01-31,14200000.0,אי.בי.אי,,True,False,0.005,0.0,710.0,0.005,710.0,0
5134002,קסם אקטיב אגד ישראלי עד 15% מניות,אגד ישראלי,,אגד קרנות,2026-01-31,161850000.0,קסם,,False,False,0.0,0.0035,0.0,-0.0035,-5664.750000000001,0
5134010,קסם אקטיב אגד ישראלי עד 30% מניות,אגד ישראלי,,אגד קרנות,2026-01-31,135420000.0,קסם,,False,False,0.0,0.0035,0.0,-0.0035,-4739.700000000001,0
5134028,מיטב 25/75,"אג""ח כללי בארץ- עד 25% מניות",,"אג""ח בארץ - כללי",2026-01-31,583130000.0,מיטב,,False,False,0.0059,0.0035,34404.67,0.0024,13995.119999999999,0
5134036,"מיטב אג""ח ללא מניות","אג""ח כללי בארץ ללא מניות וללא סימן קריאה",,"אג""ח בארץ - כללי",2026-01-31,342540000.0,מיטב,,False,False,0.0059,0.0035,20209.86,0.0024,8220.96,0
5134044,איביאי מחקה אינדקס פודטק גלובלי מנוטרלת דולר,Technology,,"מניות בחו""ל",2026-01-31,1930000.0,אי.בי.אי,,True,False,0.008,0.0,154.4,0.008,154.4,0
5134069,פוקוס 30/70,"אג""ח כללי בארץ- עד 30% מניות",,"אג""ח בארץ - כללי",2026-01-31,549970000.0,איילון,פוקוס,False,False,0.0079,0.0035,43447.630000000005,0.004400000000000001,24198.680000000008,0
5134077,איילון מניות בלוקצ'יין וכרייה,"מניות לפי ענפים בחו""ל",,"מניות בחו""ל",2026-01-31,22230000.0,איילון,,False,False,0.018500000000000003,0.0035,4112.55,0.015000000000000003,3334.500000000001,0
5134093,"אי בי אי מחקה ת""א-ביטוח",ביטוח,,מניות בארץ,2026-01-31,437390000.0,אי.בי.אי,,True,False,0.006,0.0,26243.4,0.006,26243.4,0
5134101,הראל מחקה אינדקס מניות ערך ישראל,Large & Mid Cap,,מניות בארץ,2026-01-31,429000000.0,הראל,,True,False,0.006500000000000001,0.0,27885.000000000004,0.006500000000000001,27885.000000000004,0
5134119,מור מחקה אינדקס יצרני ציוד לשבבים גלובלי,Semiconductor,,"מניות בחו""ל",2026-01-31,131560000.0,מור,,True,False,0.0075,0.0,9867.0,0.0075,9867.0,0
5134135,MTF מחקה אינדקס Global Metals & Minerals producers מנוטרלת דולר,Materials,,"מניות בחו""ל",2026-01-31,138730000.0,מגדל,,True,False,0.008,0.0,11098.400000000001,0.008,11098.400000000001,0
5134143,אימפקט Global Shares,"מניות כללי בחו""ל חשופת מט""ח",,"מניות בחו""ל",2026-01-31,304690000.0,איילון,אימפקט,False,False,0.0167,0.0035,50883.229999999996,0.0132,40219.08,0
5134150,אלטשולר שחם מחקה A.B SmartBeta Mid - Small Cap MultiFactor Top 30 TA,Mid  & Small Cap,,מניות בארץ,2026-01-31,12490000.0,אלטשולר שחם,,True,False,0.008,0.0,999.2,0.008,999.2,0
5134168,אי בי אי מחקה אינדקס בנקים ישראל,בנקאות ואשראי חוץ בנקאי,,מניות בארץ,2026-01-31,674470000.0,אי.בי.אי,,True,False,0.005,0.0,33723.5,0.005,33723.5,0
5134176,אילים מניות תשתיות,מניות לפי ענפים,,מניות בארץ,2026-01-31,234640000.0,אילים,,False,False,0.0069,0.0035,16190.16,0.0034,7977.76,0
5134200,איביאי מחקה משולבת מניות ישראל חודשי,מניות בארץ קרן משולבת,,מניות בארץ,2026-01-31,85710000.0,אי.בי.אי,,True,False,0.0,0.0,0.0,0.0,0.0,0
5134218,קבין גמישה,גמישות,,גמישות,2026-01-31,23310000.0,איילון,קבין,False,False,0.018000000000000002,0.0035,4195.8,0.014500000000000002,3379.9500000000007,0
5134226,"פסטרנק שהם אג""ח כללי ללא מניות","אג""ח כללי בארץ ללא מניות וללא סימן קריאה",,"אג""ח בארץ - כללי",2026-01-31,238310000.0,איילון,פסטרנק שהם,False,False,0.0075,0.0035,17873.25,0.004,9532.400000000001,0
5134234,פסטרנק שהם 20/80,"אג""ח כללי בארץ- עד 20% מניות",,"אג""ח בארץ - כללי",2026-01-31,467140000.0,איילון,פסטרנק שהם,False,False,0.0078000000000000005,0.0035,36436.92,0.0043,20087.02,0
5134242,MTF מחקה אינדקס Global Semiconductors מנוטרלת דולר,Semiconductor,,"מניות בחו""ל",2026-01-31,67250000.0,מגדל,,True,False,0.008,0.0,5380.0,0.008,5380.0,0
5134267,איביאי אגד ישראלי עד 30% מניות,אגד ישראלי,,אגד קרנות,2026-01-31,114200000.0,אי.בי.אי,,False,False,0.0,0.0035,0.0,-0.0035,-3997.0000000000005,0
5134275,איביאי אגד ישראלי עד 15% מניות,אגד ישראלי,,אגד קרנות,2026-01-31,140950000.0,אי.בי.אי,,False,False,0.0,0.0035,0.0,-0.0035,-4933.250000000001,0
5134283,"פורצ'ן מניות חו""ל","מניות כללי בחו""ל חשופת מט""ח",,"מניות בחו""ל",2026-01-31,28050000.0,איילון,פורצ'ן,False,False,0.018000000000000002,0.0035,5049.0,0.014500000000000002,4067.250000000001,0
5134291,דיאמונד 10/90,"אג""ח כללי בארץ- עד 10% מניות ללא סימן קריאה",,"אג""ח בארץ - כללי",2026-01-31,29390000.0,איילון,דיאמונד,False,False,0.0079,0.0035,2321.8100000000004,0.004400000000000001,1293.1600000000003,0
5134309,מגדל כספית,כספית שקלית עם קונצרני,,קרן כספית,2026-01-31,5294590000.0,מגדל,,False,False,0.0023899999999999998,0.001,126540.70099999999,0.0013899999999999997,73594.80099999999,1
5134317,ילין לפידות Large & Mid cap ישראל,מניות Large & Mid Cap,,מניות בארץ,2026-01-31,206540000.0,ילין לפידות,,False,False,0.012,0.0035,24784.8,0.0085,17555.9,0
5134333,פינסה 20/80,"אג""ח כללי בארץ- עד 20% מניות",,"אג""ח בארץ - כללי",2026-01-31,468440000.0,סיגמא,פינסה ניהול נכסים,False,False,0.0079,0.0035,37006.76,0.004400000000000001,20611.360000000004,0
5134341,פינסה 10/90,"אג""ח כללי בארץ- עד 10% מניות ללא סימן קריאה",,"אג""ח בארץ - כללי",2026-01-31,105340000.0,סיגמא,פינסה ניהול נכסים,False,False,0.0079,0.0035,8321.86,0.004400000000000001,4634.960000000001,0
5134358,פינסה מניות,מניות All Cap,,מניות בארץ,2026-01-31,155030000.0,סיגמא,פינסה ניהול נכסים,False,False,0.018000000000000002,0.0035,27905.4,0.014500000000000002,22479.350000000006,0
5134366,"פינסה אג""ח ללא מניות","אג""ח כללי בארץ ללא מניות וללא סימן קריאה",,"אג""ח בארץ - כללי",2026-01-31,1013610000.0,סיגמא,פינסה ניהול נכסים,False,False,0.0075,0.0035,76020.75,0.004,40544.4,0
5134374,פינסה גמישה,גמישות,,גמישות,2026-01-31,53780000.0,סיגמא,פינסה ניהול נכסים,False,False,0.017,0.0035,9142.6,0.013500000000000002,7260.300000000002,0
5134390,"תכלית TTF אינדקס ישראל שקלי A ומעלה פקטור מרווח מאג""ח ממשלתי",בריבית קבועה,,"אג""ח בארץ- חברות והמרה",2026-01-31,34710000.0,מיטב,,True,False,0.0015,0.0,520.65,0.0015,520.65,0
5134416,"איביאי מחקה אינדקס מניות ערך ארה""ב פיזור סקטוריאלי מנוטרלת מט""ח",אמריקה- כללי,,"מניות בחו""ל",2026-01-31,17250000.0,אי.בי.אי,,True,False,0.008,0.0,1380.0,0.008,1380.0,0
5134424,מור מחקה אינדקס ביטוח משקל שווה,ביטוח,,מניות בארץ,2026-01-31,338820000.0,מור,,True,False,0.004,0.0,13552.800000000001,0.004,13552.800000000001,0
5134432,פורטה 30/70,"אג""ח כללי בארץ- עד 30% מניות",,"אג""ח בארץ - כללי",2026-01-31,548100000.0,סיגמא,פורטה,False,False,0.0075,0.0035,41107.5,0.004,21924.0,0
5134457,קסם אקטיב 25/75,"אג""ח כללי בארץ- עד 25% מניות",,"אג""ח בארץ - כללי",2026-01-31,37890000.0,קסם,,False,False,0.0059,0.0035,2235.5099999999998,0.0024,909.3599999999999,0
5134465,קסם אקטיב תיק השקעות + 30%,"אג""ח כללי בארץ- עד 30% מניות",,"אג""ח בארץ - כללי",2026-01-31,149630000.0,קסם,,False,False,0.0069,0.0035,10324.47,0.0034,5087.42,0
5134473,"קסם אקטיב אג""ח + 10%","אג""ח כללי בארץ- עד 10% מניות ללא סימן קריאה",,"אג""ח בארץ - כללי",2026-01-31,142790000.0,קסם,,False,False,0.0074,0.0035,10566.460000000001,0.0039000000000000003,5568.8099999999995,0
5134481,"קסם אקטיב אג""ח חברות + 10%",חברות והמרה עם מניות ללא סימן קריאה,,"אג""ח בארץ- חברות והמרה",2026-01-31,485630000.0,קסם,,False,False,0.0075,0.0035,36422.25,0.004,19425.2,0
5134523,איילון 30/70,"אג""ח כללי בארץ- עד 30% מניות",,"אג""ח בארץ - כללי",2026-01-31,7030000.0,איילון,,False,False,0.0089,0.0035,625.67,0.0054,379.62000000000006,0
5134531,MTF מחקה Nasdaq 100,אמריקה- שווקים מפותחים,,"מניות בחו""ל",2026-01-31,700470000.0,מגדל,,True,False,0.0,0.0,0.0,0.0,0.0,0
5134549,"MTF מחקה Nasdaq 100 מנוטרלת מט""ח",אמריקה- שווקים מפותחים,,"מניות בחו""ל",2026-01-31,929630000.0,מגדל,,True,False,0.0,0.0,0.0,0.0,0.0,0
5134556,תכלית TTFי Indxx Semiconductor Equipment Providers מנוטרלת דולר,Semiconductor,,"מניות בחו""ל",2026-01-31,21190000.0,מיטב,,True,False,0.006,0.0,1271.4,0.006,1271.4,0
5134564,אי בי אי מחקה תל גוב-משתנה שקלי,ריבית משתנה ממשלתיות,,"אג""ח בארץ- מדינה",2026-01-31,4850000.0,אי.בי.אי,,True,False,0.0015,0.0,72.75,0.0015,72.75,0
5134606,"מיטב (!) תיק אג""ח ללא מניות","אג""ח כללי בארץ ללא מניות עם סימן קריאה",,"אג""ח בארץ - כללי",2026-01-31,18680000.0,מיטב,,False,False,0.0069,0.0035,1288.9199999999998,0.0034,635.12,0
5134614,"מיטב (!) תיק אג""ח + 10%","אג""ח כללי בארץ- עד 10% מניות ועם סימן קריאה",,"אג""ח בארץ - כללי",2026-01-31,13150000.0,מיטב,,False,False,0.0079,0.0035,1038.8500000000001,0.004400000000000001,578.6000000000001,0
5134663,"מיטב אג""ח מדינה ללא מניות","אג""ח מדינה כללי- ללא מניות",,"אג""ח בארץ- מדינה",2026-01-31,410800000.0,מיטב,,False,False,0.0059,0.0035,24237.2,0.0024,9859.199999999999,0
5134671,"אי בי אי מחקה ת""א 125 - נקובה $",Large & Mid Cap,,מניות בארץ,2026-01-31,331980000.0,אי.בי.אי,,True,False,0.0025,0.0,8299.5,0.0025,8299.5,0
5134689,"אי בי אי מחקה Shiller Barclays CAPE® US Core Mid-Month Sector מנוטרלת מט""ח",אמריקה- שווקים מפותחים,,"מניות בחו""ל",2026-01-31,640190000.0,אי.בי.אי,,True,False,0.0079,0.0,50575.01000000001,0.0079,50575.01000000001,0
5134705,הראל מחקה אינדקס לפדיון 2026 מנפיקים במשקל שווה (מתגלגל כל 6 שנים),"אג""ח חברות שקלי וצמוד",,"אג""ח בארץ- חברות והמרה",2026-01-31,42620000.0,הראל,,True,False,0.002,0.0,852.4000000000001,0.002,852.4000000000001,0
5134713,"MTF מחקה אינדקס ת""א-125 Smart Momentum",Large & Mid Cap,,מניות בארץ,2026-01-31,60520000.0,מגדל,,True,False,0.0,0.0,0.0,0.0,0.0,0
5134754,הראל אגד ישראלי עד 15% מניות,אגד ישראלי,,אגד קרנות,2026-01-31,17040000.0,הראל,,False,False,0.0,0.0035,0.0,-0.0035,-596.4000000000001,0
5134762,הראל אגד ישראלי עד 30% מניות,אגד ישראלי,,אגד קרנות,2026-01-31,19380000.0,הראל,,False,False,0.0,0.0035,0.0,-0.0035,-678.3000000000001,0
5134788,MTF מחקה אינדקס A מנגנון שקלי-צמוד,"אג""ח חברות שקלי וצמוד",,"אג""ח בארץ- חברות והמרה",2026-01-31,44350000.0,מגדל,,True,False,0.002,0.0,887.0000000000001,0.002,887.0000000000001,0
5134796,MTF מחקה אינדקס AA מנגנון שקלי-צמוד,"אג""ח חברות שקלי וצמוד",,"אג""ח בארץ- חברות והמרה",2026-01-31,34900000.0,מגדל,,True,False,0.002,0.0,698.0000000000001,0.002,698.0000000000001,0
5134804,"אילים (!) אג""ח קונצרני",חברות והמרה ללא מניות עם סימן קריאה,,"אג""ח בארץ- חברות והמרה",2026-01-31,633150000.0,אילים,,False,False,0.0069,0.0035,43687.35,0.0034,21527.1,0
5134812,אי בי אי מחקה Bloomberg US Corporate 1-5 Years,"חברות והמרה חשופת מט""ח - בינוני",,"אג""ח בחו""ל",2026-01-31,95060000.0,אי.בי.אי,,True,False,0.004,0.0,3802.4,0.004,3802.4,0
5134820,אי בי אי מחקה Bloomberg US Intermediate Credit,"אג""ח בחו""ל - אחר",,"אג""ח בחו""ל",2026-01-31,10940000.0,אי.בי.אי,,True,False,0.003,0.0,328.2,0.003,328.2,0
5134838,"אי בי אי מחקה Bloomberg US Corporate 1-5 Years מנוטרלת מט""ח","חברות והמרה  מנוטרלת מט""ח - בינוני",,"אג""ח בחו""ל",2026-01-31,209230000.0,אי.בי.אי,,True,False,0.004,0.0,8369.2,0.004,8369.2,0
5134846,פרופאונד 30/70,"אג""ח כללי בארץ- עד 30% מניות",,"אג""ח בארץ - כללי",2026-01-31,34440000.0,איילון,פרופאונד,False,False,0.0069,0.0035,2376.3599999999997,0.0034,1170.96,0
5134853,MTF מחקה אינדקס A שקלי אופק דירוג יציב או חיובי,בריבית קבועה,,"אג""ח בארץ- חברות והמרה",2026-01-31,61530000.0,מגדל,,True,False,0.002,0.0,1230.6000000000001,0.002,1230.6000000000001,0
5134879,אי בי אי מחקה S&P Industrial,Industrials,,"מניות בחו""ל",2026-01-31,25060000.0,אי.בי.אי,,True,False,0.006999999999999999,0.0,1754.1999999999998,0.006999999999999999,1754.1999999999998,0
5134887,אי בי אי מחקה S&P 500 Low Volatility High Dividend,אמריקה- שווקים מפותחים,,"מניות בחו""ל",2026-01-31,14240000.0,אי.בי.אי,,True,False,0.0,0.0,0.0,0.0,0.0,0
5134895,"אי בי אי מחקה iBoxx US Liquid Investment Grade 0-5 Years מנוטרלת מט""ח","חברות והמרה  מנוטרלת מט""ח",,"אג""ח בחו""ל",2026-01-31,73770000.0,אי.בי.אי,,True,False,0.003,0.0,2213.1,0.003,2213.1,0
5134911,אי בי אי מחקה תל בונד-שקלי A,בריבית קבועה,,"אג""ח בארץ- חברות והמרה",2026-01-31,147510000.0,אי.בי.אי,,True,False,0.0,0.0,0.0,0.0,0.0,0
5134929,קסם KTFי iBoxx USD Liquid FRN Investment Grade Corporates 100,"חברות והמרה חשופת מט""ח",,"אג""ח בחו""ל",2026-01-31,18420000.0,קסם,,True,False,0.005,0.0,921.0,0.005,921.0,0
5134960,איילון תיק עד 30% מניות - אגד ישראלי,אגד ישראלי,,אגד קרנות,2026-01-31,69810000.0,איילון,,False,False,0.0,0.0035,0.0,-0.0035,-2443.3500000000004,0
5134978,איילון תיק עד 15% מניות - אגד ישראלי,אגד ישראלי,,אגד קרנות,2026-01-31,60040000.0,איילון,,False,False,0.0,0.0035,0.0,-0.0035,-2101.4,0
5134986,"קסם KTFי Indxx US Tech Top 10 - MR מנוטרלת מט""ח",Technology,,"מניות בחו""ל",2026-01-31,251320000.0,קסם,,True,False,0.006,0.0,15079.2,0.006,15079.2,0
5135009,"מור (!) אג""ח + 10%","אג""ח כללי בארץ- עד 10% מניות ועם סימן קריאה",,"אג""ח בארץ - כללי",2026-01-31,1082060000.0,מור,,False,False,0.0075,0.0035,81154.5,0.004,43282.4,0
5135017,"מור (!) אג""ח חברות זיקה לישראל- נקוב $",חברות והמרה עם מניות ועם סימן קריאה,,"אג""ח בארץ- חברות והמרה",2026-01-31,49340000.0,מור,,False,False,0.0079,0.0035,3897.8600000000006,0.004400000000000001,2170.9600000000005,0
5135025,איביאי מחקה אינדקס סייבר גלובלי משקל שווה מנוטרלת דולר,Cyber Security,,"מניות בחו""ל",2026-01-31,5020000.0,אי.בי.אי,,True,False,0.004,0.0,200.8,0.004,200.8,0
5135041,הראל איתן אסטרטגיות,אסטרטגיות (לא ממונפות),,ממונפות ואסטרטגיות,2026-01-31,11260000.0,הראל,,False,False,0.0,0.0035,0.0,-0.0035,-394.1,0
5135058,Gse Spot מניות,מניות All Cap,,מניות בארץ,2026-01-31,9160000.0,איילון,ג'י. אס. אי. ספוט,False,False,0.018500000000000003,0.0035,1694.6000000000001,0.015000000000000003,1374.0000000000005,0
5135074,"תכלית TTFי PHLX Semiconductor Sector מנוטרלת מט""ח",Semiconductor,,"מניות בחו""ל",2026-01-31,344430000.0,מיטב,,True,False,0.005,0.0,17221.5,0.005,17221.5,0
5135090,"MTF מחקה ת""א-90 נקובה $",Mid Cap,,מניות בארץ,2026-01-31,81190000.0,מגדל,,True,False,0.0,0.0,0.0,0.0,0.0,0
5135108,"MTF מחקה Bloomberg US Analyst Recommendations מנוטרלת מט""ח",אמריקה- שווקים מפותחים,,"מניות בחו""ל",2026-01-31,585190000.0,מגדל,,True,False,0.008,0.0,46815.200000000004,0.008,46815.200000000004,0
5135116,קסם KTF אינדקס Top 60 צמוד - משקל תשואה לפדיון,בריבית קבועה,,"אג""ח בארץ- חברות והמרה",2026-01-31,25720000.0,קסם,,True,False,0.001,0.0,257.20000000000005,0.001,257.20000000000005,0
5135132,"קסם KTF ת""א-פמילי",אחר,,מניות בארץ,2026-01-31,14590000.0,קסם,,True,False,0.0025,0.0,364.75,0.0025,364.75,0
5135140,תכלית TTF תל בונד-שקלי A,בריבית קבועה,,"אג""ח בארץ- חברות והמרה",2026-01-31,201960000.0,מיטב,,True,False,0.0,0.0,0.0,0.0,0.0,0
5135157,"ילין לפידות מחקה אינדקס סייבר ארה""ב - מבוסס AI מנוטרלת מט""ח",Cyber Security,,"מניות בחו""ל",2026-01-31,17370000.0,ילין לפידות,,True,False,0.0077,0.0,1337.49,0.0077,1337.49,0
5135165,"ATF מחקה אינדקס ת""א-125 מומנטום ענפי",Large & Mid Cap,,מניות בארץ,2026-01-31,93280000.0,אנליסט,,True,False,0.005,0.0,4664.0,0.005,4664.0,0
5135173,"ברק אולטרה ת""א 35 פי 3",ממונפות בסיכון גבוה,,ממונפות ואסטרטגיות,2026-01-31,39750000.0,ברק,,False,False,0.018000000000000002,0.0035,7155.0,0.014500000000000002,5763.750000000001,0
5135181,ברק אולטרה S&P 500 פי 3,ממונפות בסיכון גבוה,,ממונפות ואסטרטגיות,2026-01-31,12950000.0,ברק,,False,False,0.018000000000000002,0.0035,2331.0,0.014500000000000002,1877.7500000000005,0
5135199,ברק אולטרה דאקס פי 3,ממונפות בסיכון גבוה,,ממונפות ואסטרטגיות,2026-01-31,12000000.0,ברק,,False,False,0.036000000000000004,0.0035,4320.0,0.0325,3900.0,0
5135207,"ברק אולטרה נאסד""ק 100 פי 3",ממונפות בסיכון גבוה,,ממונפות ואסטרטגיות,2026-01-31,31000000.0,ברק,,False,False,0.018000000000000002,0.0035,5580.0,0.014500000000000002,4495.000000000001,0
5135215,"ברק אולטרה ת""א 125 פי 3",ממונפות בסיכון גבוה,,ממונפות ואסטרטגיות,2026-01-31,47840000.0,ברק,,False,False,0.018000000000000002,0.0035,8611.2,0.014500000000000002,6936.800000000001,0
5135223,קסם אקטיב ברקת 30/70,"אג""ח כללי בארץ- עד 30% מניות",,"אג""ח בארץ - כללי",2026-01-31,60260000.0,קסם,,False,False,0.0058,0.0035,3495.0799999999995,0.0022999999999999995,1385.9799999999998,0
5135256,"ISP Asset Management מניות חו""ל","מניות כללי בחו""ל חשופת מט""ח",,"מניות בחו""ל",2026-01-31,55000000.0,איילון,איי.אס.פי.,False,False,0.016,0.0035,8800.0,0.0125,6875.0,0
5135264,"פרופאונד אג""ח ללא מניות","אג""ח כללי בארץ ללא מניות וללא סימן קריאה",,"אג""ח בארץ - כללי",2026-01-31,163390000.0,איילון,פרופאונד,False,False,0.009899999999999999,0.0035,16175.609999999999,0.0063999999999999994,10456.96,0
5135272,"קסם KTFי משולבת מניות חו""ל מפותחות MidCap חודשי מנוטרלת מט""ח","מניות בחו""ל קרן משולבת",,"מניות בחו""ל",2026-01-31,18450000.0,קסם,,True,False,0.0,0.0,0.0,0.0,0.0,0
5135280,"אי בי אי מחקה EURO STOXX Dividend 30 מנוטרלת מט""ח",אירופה- כללי,,"מניות בחו""ל",2026-01-31,79660000.0,אי.בי.אי,,True,False,0.005,0.0,3983.0,0.005,3983.0,0
5135306,"אי בי אי מחקה iBoxx US Liquid Investment Grade Top 30 מנוטרלת מט""ח","חברות והמרה  מנוטרלת מט""ח",,"אג""ח בחו""ל",2026-01-31,11200000.0,אי.בי.אי,,True,False,0.006,0.0,672.0,0.006,672.0,0
5135322,אלפי בנדק גמישה,גמישות,,גמישות,2026-01-31,6510000.0,הראל,אלפי בנדק,False,False,0.025,0.0035,1627.5,0.021500000000000002,1399.65,0
5135330,קסם KTFי MSCI AC World,"מניות גלובליות - חשופת מט""ח",,"מניות בחו""ל",2026-01-31,200570000.0,קסם,,True,False,0.003,0.0,6017.1,0.003,6017.1,0
5135348,"הראל מחקה ת""א 90 - נקובה $",Mid Cap,,מניות בארץ,2026-01-31,47190000.0,הראל,,True,False,0.0,0.0,0.0,0.0,0.0,0
5135371,אי בי אי מחקה אינדקס Food Brands Top 10 מנוטרלת דולר,Consumer Staples,,"מניות בחו""ל",2026-01-31,2970000.0,אי.בי.אי,,True,False,0.006500000000000001,0.0,193.05,0.006500000000000001,193.05,0
5135405,MTF מחקה תל גוב-צמודות 5-10,צמודות מדד ממשלתיות - ארוך,,"אג""ח בארץ- מדינה",2026-01-31,170120000.0,מגדל,,True,False,0.0,0.0,0.0,0.0,0.0,0
5135413,MTF מחקה תל גוב-שקלי 5-10,ריבית קבועה - ארוך,,"אג""ח בארץ- מדינה",2026-01-31,429780000.0,מגדל,,True,False,0.0,0.0,0.0,0.0,0.0,0
5135421,"מור מחקה אינדקס A-AA מח""מ 3 סינטטי",אחר,,"אג""ח בארץ- חברות והמרה",2026-01-31,37230000.0,מור,,True,False,0.002,0.0,744.6,0.002,744.6,0
5135439,"מור מחקה אינדקס A מח""מ 4 סינטטי",אחר,,"אג""ח בארץ- חברות והמרה",2026-01-31,189660000.0,מור,,True,False,0.002,0.0,3793.2000000000003,0.002,3793.2000000000003,0
5135470,MTF מחקה אינדקס תעשיה ישראל,תעשיה,,מניות בארץ,2026-01-31,112370000.0,מגדל,,True,False,0.005,0.0,5618.5,0.005,5618.5,0
5135496,"אלטשולר שחם מחקה נדל""ן ישראל A.B SmartBeta","נדל""ן ובנייה",,מניות בארץ,2026-01-31,9890000.0,אלטשולר שחם,,True,False,0.009000000000000001,0.0,890.1,0.009000000000000001,890.1,0
5135504,אלטשולר שחם מחקה מחקה טכנולוגיה ישראל A.B SmartBeta,טכנולוגיה,,מניות בארץ,2026-01-31,60690000.0,אלטשולר שחם,,True,False,0.009000000000000001,0.0,5462.1,0.009000000000000001,5462.1,0
5135512,אביב מניות גלובלי כשרה,"מניות כללי בחו""ל חשופת מט""ח",,"מניות בחו""ל",2026-01-31,34230000.0,איילון,אביב בית השקעות,False,False,0.0195,0.0035,6674.849999999999,0.016,5476.8,0
5135520,אביב מניות ישראל ESG כשרה,מניות All Cap,,מניות בארץ,2026-01-31,82640000.0,איילון,אביב בית השקעות,False,False,0.0195,0.0035,16114.8,0.016,13222.400000000001,0
5135538,אביב 20/80 תיק ESG כשרה,"אג""ח כללי בארץ- עד 20% מניות",,"אג""ח בארץ - כללי",2026-01-31,20740000.0,איילון,אביב בית השקעות,False,False,0.009300000000000001,0.0035,1928.8200000000002,0.005800000000000001,1202.9200000000003,0
5135546,אביב ESG מניות ישראל,מניות All Cap,,מניות בארץ,2026-01-31,35110000.0,איילון,אביב בית השקעות,False,False,0.0195,0.0035,6846.45,0.016,5617.6,0
5135553,"אביב אג""ח חברות ESG כשרה",חברות והמרה ללא מניות וללא סימן קריאה,,"אג""ח בארץ- חברות והמרה",2026-01-31,62490000.0,איילון,אביב בית השקעות,False,False,0.0089,0.0035,5561.61,0.0054,3374.4600000000005,0
5135587,"אילים אג""ח Floaters לנזילות דולרית - נקובה $","אג""ח נקובת מט""ח",,"אג""ח בחו""ל",2026-01-31,26770000.0,אילים,,False,False,0.0059,0.0035,1579.4299999999998,0.0024,642.4799999999999,0
5135595,"אילים אג""ח Floaters לנזילות דולרית","אג""ח חשופת דולר",,"אג""ח בחו""ל",2026-01-31,11290000.0,אילים,,False,False,0.0059,0.0035,666.11,0.0024,270.96,0
5135603,"MTF מחקה S&P 500 VALUE מנוטרלת מט""ח",אמריקה- שווקים מפותחים,,"מניות בחו""ל",2026-01-31,20790000.0,מגדל,,True,False,0.005,0.0,1039.5,0.005,1039.5,0
5135611,"קסם KTFי BlueStar נדל""ן למגורים ארה""ב - Top 10 מנוטרלת מט""ח",REIT - Real Estate,,"מניות בחו""ל",2026-01-31,3250000.0,קסם,,True,False,0.0,0.0,0.0,0.0,0.0,0
5135629,גביש גמישה,גמישות,,גמישות,2026-01-31,22240000.0,סיגמא,גביש פיננסים,False,False,0.018500000000000003,0.0035,4114.400000000001,0.015000000000000003,3336.000000000001,0
5135652,ברק אולטרה בנקים פי 3,ממונפות בסיכון גבוה,,ממונפות ואסטרטגיות,2026-01-31,199110000.0,ברק,,False,False,0.036000000000000004,0.0035,71679.6,0.0325,64710.75,0
5135686,איביאי מחקה אינדקס ישראל הנהגה נשית,אחר,,מניות בארץ,2026-01-31,2770000.0,אי.בי.אי,,True,False,0.0,0.0,0.0,0.0,0.0,0
5135694,"אי בי אי מחקה ת""א-נדל""ן","נדל""ן ובנייה",,מניות בארץ,2026-01-31,130870000.0,אי.בי.אי,,True,False,0.004,0.0,5234.8,0.004,5234.8,0
5135702,קסם אקטיב 20/80 נקובה $,"אג""ח כללי בארץ- עד 20% מניות",,"אג""ח בארץ - כללי",2026-01-31,21340000.0,קסם,,False,False,0.0058,0.0035,1237.7199999999998,0.0022999999999999995,490.81999999999994,0
5135710,"אי בי אי מחקה ת""א-פיננסים",פיננסים,,מניות בארץ,2026-01-31,297930000.0,אי.בי.אי,,True,False,0.005,0.0,14896.5,0.005,14896.5,0
5135736,"הראל מחקה תל גוב-מק""מ - נקובה $","מק""מ",,"אג""ח בארץ- מדינה",2026-01-31,9830000.0,הראל,,True,False,0.002,0.0,196.60000000000002,0.002,196.60000000000002,0
5135744,אלטשולר שחם אגד ישראלי עד 15% מניות,אגד ישראלי,,אגד קרנות,2026-01-31,23720000.0,אלטשולר שחם,,False,False,0.0,0.0035,0.0,-0.0035,-830.2,0
5135751,אלטשולר שחם אגד ישראלי עד 30% מניות,אגד ישראלי,,אגד קרנות,2026-01-31,23210000.0,אלטשולר שחם,,False,False,0.0,0.0035,0.0,-0.0035,-812.3500000000001,0
5135769,ב. אלטרנטיב 20/80,"אג""ח כללי בארץ- עד 20% מניות",,"אג""ח בארץ - כללי",2026-01-31,365090000.0,איילון,בסט אלטרנטיב,False,False,0.0079,0.0035,28842.110000000004,0.004400000000000001,16063.960000000005,0
5135777,קסם KTF אינדקס AA ומעלה שקלי 0-3,בריבית קבועה,,"אג""ח בארץ- חברות והמרה",2026-01-31,80030000.0,קסם,,True,False,0.001,0.0,800.3000000000001,0.001,800.3000000000001,0
5135785,קסם KTF אינדקס AA ומעלה צמוד 0-3,בריבית קבועה,,"אג""ח בארץ- חברות והמרה",2026-01-31,216500000.0,קסם,,True,False,0.001,0.0,2165.0,0.001,2165.0,0
5135793,אינווסטור 360 מניות ערך ישראל,מניות All Cap,,מניות בארץ,2026-01-31,28400000.0,איילון,אינווסט 360,False,False,0.008,0.0035,2272.0,0.0045000000000000005,1278.0,0
5135801,"אינווסטור 360 מניות חו""ל","מניות כללי בחו""ל חשופת מט""ח",,"מניות בחו""ל",2026-01-31,23370000.0,איילון,אינווסט 360,False,False,0.0075,0.0035,1752.7499999999998,0.004,934.8000000000001,0
5135819,תכלית TTF תל בונד-צמודות 1-3,בריבית קבועה - קצר,,"אג""ח בארץ- חברות והמרה",2026-01-31,734860000.0,מיטב,,True,False,0.002,0.0,14697.2,0.002,14697.2,0
5135835,הראל מחקה תל גוב-שקלי 10+,ריבית קבועה - ארוך,,"אג""ח בארץ- מדינה",2026-01-31,78170000.0,הראל,,True,False,0.001,0.0,781.7,0.001,781.7,0
5135843,הראל מחקה תל גוב-צמודות 10+,צמודות מדד ממשלתיות - ארוך,,"אג""ח בארץ- מדינה",2026-01-31,10120000.0,הראל,,True,False,0.001,0.0,101.2,0.001,101.2,0
5135884,איביאי מחקה אינדקס אשראי חוץ בנקאי ושירותים פיננסיים אחרים בישראל,בנקאות ואשראי חוץ בנקאי,,מניות בארץ,2026-01-31,58900000.0,אי.בי.אי,,True,False,0.008,0.0,4712.0,0.008,4712.0,0
5135926,מיטב כספית ניהול נזילות,כספית שקלית עם קונצרני,,קרן כספית,2026-01-31,4642660000.0,מיטב,,False,False,0.0022,0.001,102138.52000000002,0.0012000000000000001,55711.92,1
5135942,MTF מחקה אינדקס A-AAA לפדיון 2029 (מתגלגל כל 4 שנים),"אג""ח חברות שקלי וצמוד",,"אג""ח בארץ- חברות והמרה",2026-01-31,80380000.0,מגדל,,True,False,0.002,0.0,1607.6000000000001,0.002,1607.6000000000001,0
5135975,"ATF מחקה אינדקס אג""ח בנקים וחב' ממשלתיות","אג""ח חברות שקלי וצמוד",,"אג""ח בארץ- חברות והמרה",2026-01-31,155060000.0,אנליסט,,True,False,0.0025,0.0,3876.5,0.0025,3876.5,0
5135983,"MTF מחקה אינדקס שבבים ארה""ב Top10 מנוטרלת מט""ח",Semiconductor,,"מניות בחו""ל",2026-01-31,390230000.0,מגדל,,True,False,0.005,0.0,19511.5,0.005,19511.5,0
5135991,ילין לפידות 30/70 ערך,"אג""ח כללי בארץ- עד 30% מניות",,"אג""ח בארץ - כללי",2026-01-31,675090000.0,ילין לפידות,,False,False,0.0059,0.0035,39830.31,0.0024,16202.159999999998,0
5136015,ISP Asset Management מניות ישראל,מניות All Cap,,מניות בארץ,2026-01-31,69640000.0,איילון,איי.אס.פי.,False,False,0.012,0.0035,8356.800000000001,0.0085,5919.400000000001,0
5136023,תכלית TTF אינדקס A-AA לפדיון 2028 (מתגלגל כל 3 שנים),"אג""ח חברות שקלי וצמוד",,"אג""ח בארץ- חברות והמרה",2026-01-31,15200000.0,מיטב,,True,False,0.0015,0.0,228.0,0.0015,228.0,0
5136031,תכלית TTF אינדקס ישראל AA מאוזן 2-4,"אג""ח חברות שקלי וצמוד",,"אג""ח בארץ- חברות והמרה",2026-01-31,83130000.0,מיטב,,True,False,0.0015,0.0,1246.95,0.0015,1246.95,0
5136056,"קסם S&P Health Care KTF מנוטרלת מט""ח",Health Care,,"מניות בחו""ל",2026-01-31,47730000.0,קסם,,True,False,0.0055000000000000005,0.0,2625.1500000000005,0.0055000000000000005,2625.1500000000005,0
5136064,קסם NIKKEI 225 KTF,אסיה ופסיפיק- שווקים מפותחים,,"מניות בחו""ל",2026-01-31,93660000.0,קסם,,True,False,0.0055000000000000005,0.0,5151.300000000001,0.0055000000000000005,5151.300000000001,0
5136080,פסטרנק שהם 15/85,"אג""ח כללי בארץ- עד 15% מניות",,"אג""ח בארץ - כללי",2026-01-31,76580000.0,איילון,פסטרנק שהם,False,False,0.0075,0.0035,5743.499999999999,0.004,3063.2000000000003,0
5136098,פסטרנק שהם מניות Mid Cap ישראל,מניות Large & Mid Cap,,מניות בארץ,2026-01-31,271810000.0,איילון,פסטרנק שהם,False,False,0.0155,0.0035,42130.55,0.012,32617.2,0
5136114,קסם KTF אינדקס Bullet ישראל 2026,"אג""ח חברות שקלי וצמוד",,"אג""ח בארץ- חברות והמרה",2026-01-31,237520000.0,קסם,,True,False,0.002,0.0,4750.400000000001,0.002,4750.400000000001,0
5136122,ב. אלטרנטיב גמישה,גמישות,,גמישות,2026-01-31,52170000.0,איילון,בסט אלטרנטיב,False,False,0.0168,0.0035,8764.56,0.0133,6938.609999999999,0
5136130,"קסם KTF ת""א מעלה",אחר,,מניות בארץ,2026-01-31,73670000.0,קסם,,True,False,0.005,0.0,3683.5,0.005,3683.5,0
5136148,ילין לפידות מחקה אינדקס אנרגיה ירוקה גלובלי - מבוסס AI,Alternative / Renewable Energy,,"מניות בחו""ל",2026-01-31,21660000.0,ילין לפידות,,True,False,0.0077,0.0,1667.82,0.0077,1667.82,0
5136163,"מיטב נדל""ן - תשתיות",מניות לפי ענפים,,מניות בארץ,2026-01-31,50010000.0,מיטב,,False,False,0.0095,0.0035,4750.95,0.006,3000.6,0
5136171,"תכלית TTF אינדקס Mega 20 US Banks מנוטרלת מט""ח",Banking,,"מניות בחו""ל",2026-01-31,88800000.0,מיטב,,True,False,0.004,0.0,3552.0000000000005,0.004,3552.0000000000005,0
5136189,ילין לפידות (!) 10/90,"אג""ח כללי בארץ- עד 10% מניות ועם סימן קריאה",,"אג""ח בארץ - כללי",2026-01-31,86190000.0,ילין לפידות,,False,False,0.0054,0.0035,4654.26,0.0019000000000000002,1637.6100000000001,0
5136213,הראל מחקה תל בונד-שקלי 1-3,בריבית קבועה - קצר,,"אג""ח בארץ- חברות והמרה",2026-01-31,192750000.0,הראל,,True,False,0.0,0.0,0.0,0.0,0.0,0
5136221,הראל מחקה תל בונד-שקלי 3-5,בריבית קבועה - בינוני,,"אג""ח בארץ- חברות והמרה",2026-01-31,52670000.0,הראל,,True,False,0.0,0.0,0.0,0.0,0.0,0
5136239,קבין 20/80,"אג""ח כללי בארץ- עד 20% מניות",,"אג""ח בארץ - כללי",2026-01-31,355970000.0,איילון,קבין,False,False,0.0084,0.0035,29901.48,0.0049,17442.53,0
5136247,"אי בי אי מחקה ת""א צמיחה",Small Cap,,מניות בארץ,2026-01-31,8640000.0,אי.בי.אי,,True,False,0.0,0.0,0.0,0.0,0.0,0
5136254,בול מרקט השקעות,גמישות,,גמישות,2026-01-31,18450000.0,איילון,בול מרקט,False,False,0.015,0.0035,2767.4999999999995,0.0115,2121.75,0
5136262,אינווסטור 360 גמישה,גמישות,,גמישות,2026-01-31,332910000.0,איילון,אינווסט 360,False,False,0.009000000000000001,0.0035,29961.9,0.005500000000000001,18310.050000000007,0
5136270,פיטנגו 10/90,"אג""ח כללי בארץ- עד 10% מניות ללא סימן קריאה",,"אג""ח בארץ - כללי",2026-01-31,10310000.0,איילון,פיטנגו,False,False,0.0083,0.0035,855.73,0.0048000000000000004,494.88,0
5136288,FORESTי 30/70,"אג""ח כללי בארץ- עד 30% מניות",,"אג""ח בארץ - כללי",2026-01-31,138440000.0,פורסט,,False,False,0.0095,0.0035,13151.8,0.006,8306.4,0
5136296,"איילון אג""ח שקלי לפדיון עד 06/2026","אג""ח כללי בארץ ללא מניות וללא סימן קריאה, עם מגבלת מח""מ עד 5 שנים",,"אג""ח בארץ - כללי",2026-01-31,24760000.0,איילון,,False,False,0.006,0.0035,1485.6000000000001,0.0025,619.0,0
5136304,דיאמונד אסטרטגיות השקעות כשרות,אסטרטגיות (לא ממונפות),,ממונפות ואסטרטגיות,2026-01-31,16970000.0,איילון,דיאמונד,False,False,0.018000000000000002,0.0035,3054.6000000000004,0.014500000000000002,2460.6500000000005,0
5136312,MTF מחקה אינדקס ממשלתי שקלי לפדיון-רבעון 4,ריבית קבועה  - קצר,,"אג""ח בארץ- מדינה",2026-01-31,37410000.0,מגדל,,True,False,0.001,0.0,374.1,0.001,374.1,0
5136338,מגדל מניות צמיחה,מניות All Cap,,מניות בארץ,2026-01-31,6560000.0,מגדל,,False,False,0.005,0.0035,328.0,0.0015,98.4,0
5136361,"פוקוס אג""ח (!)","אג""ח כללי בארץ ללא מניות עם סימן קריאה",,"אג""ח בארץ - כללי",2026-01-31,80490000.0,איילון,פוקוס,False,False,0.0079,0.0035,6358.710000000001,0.004400000000000001,3541.560000000001,0
5136379,הראל מחקה תל בונד-צמודות 3-5,בריבית קבועה - בינוני,,"אג""ח בארץ- חברות והמרה",2026-01-31,188850000.0,הראל,,True,False,0.0012,0.0,2266.2,0.0012,2266.2,0
5136395,ילין לפידות מחקה אינדקס שבבים גלובלי - מבוסס AI,Semiconductor,,"מניות בחו""ל",2026-01-31,54590000.0,ילין לפידות,,True,False,0.0077,0.0,4203.43,0.0077,4203.43,0
5136429,דולפין 20/80,"אג""ח כללי בארץ- עד 20% מניות",,"אג""ח בארץ - כללי",2026-01-31,286100000.0,איילון,דולפין 1 השקעות,False,False,0.0079,0.0035,22601.9,0.004400000000000001,12588.400000000003,0
5136437,אילים אגד ישראלי עד 15% מניות,אגד ישראלי,,אגד קרנות,2026-01-31,239420000.0,אילים,,False,False,0.0,0.0035,0.0,-0.0035,-8379.7,0
5136445,אילים אגד ישראלי עד 30% מניות,אגד ישראלי,,אגד קרנות,2026-01-31,276340000.0,אילים,,False,False,0.0,0.0035,0.0,-0.0035,-9671.900000000001,0
5136544,מיטב כספית שקלית כשרה,כספית שקלית עם קונצרני,,קרן כספית,2026-01-31,7726540000.0,מיטב,,False,False,0.0016,0.001,123624.64,0.0006000000000000001,46359.24,1
5136551,"סלע מדינה שקלי ואג""ח בנקים - עד 2.5 שנים","אג""ח מדינה שקליות- ללא מניות",,"אג""ח בארץ- מדינה",2026-01-31,17440000.0,איילון,סלע בית השקעות,False,False,0.0042,0.002,732.4799999999999,0.0021999999999999997,383.67999999999995,0
5136569,פורטה תיק השקעות עד 50%,"אג""ח כללי בארץ - חשיפה מרבית מעל 30% מניות",,"אג""ח בארץ - כללי",2026-01-31,183100000.0,סיגמא,פורטה,False,False,0.0095,0.0035,17394.5,0.006,10986.0,0
5136593,"פורטה אג""ח מדינה + 10%","אג""ח מדינה כללי- עד 10% מניות",,"אג""ח בארץ- מדינה",2026-01-31,132139999.99999999,סיגמא,פורטה,False,False,0.0059,0.0035,7796.259999999998,0.0024,3171.359999999999,0
5136601,"אזימוט מניות חו""ל","מניות כללי בחו""ל חשופת מט""ח",,"מניות בחו""ל",2026-01-31,18650000.0,איילון,אזימוטליין,False,False,0.02,0.0035,3730.0,0.0165,3077.25,0
5136619,"פלקון תיק אג""ח ללא מניות","אג""ח כללי בארץ ללא מניות וללא סימן קריאה",,"אג""ח בארץ - כללי",2026-01-31,29950000.0,סיגמא,פלקון,False,False,0.0079,0.0035,2366.05,0.004400000000000001,1317.8000000000004,0
5136627,סיגמא 20/80,"אג""ח כללי בארץ- עד 20% מניות",,"אג""ח בארץ - כללי",2026-01-31,922330000.0,סיגמא,,False,False,0.0069,0.0035,63640.77,0.0034,31359.22,0
5136635,"קסם אקטיב חלל והגנה ארה""ב","מניות לפי ענפים בחו""ל",,"מניות בחו""ל",2026-01-31,22840000.0,קסם,,False,False,0.0194,0.0035,4430.96,0.0159,3631.5600000000004,0
5136650,מגדל תיק עד 30% מניות - אגד ישראלי,אגד ישראלי,,אגד קרנות,2026-01-31,14350000.0,מגדל,,False,False,0.0,0.0035,0.0,-0.0035,-502.25000000000006,0
5136668,מגדל תיק עד 15% מניות - אגד ישראלי,אגד ישראלי,,אגד קרנות,2026-01-31,46130000.0,מגדל,,False,False,0.0,0.0035,0.0,-0.0035,-1614.5500000000002,0
5136676,"ATF מחקה משולבת אינדקס מנגנון אג""ח (75%) מניות (25%) חודשי",עד 30% מניות,,"אג""ח בארץ משולבת",2026-01-31,12750000.0,אנליסט,,True,False,0.0029,0.0,369.74999999999994,0.0029,369.74999999999994,0
5136684,"דיאמונד אג""ח שקלי לפדיון עד 06/2027","אג""ח כללי בארץ ללא מניות וללא סימן קריאה, עם מגבלת מח""מ עד 5 שנים",,"אג""ח בארץ - כללי",2026-01-31,85150000.0,איילון,דיאמונד,False,False,0.006999999999999999,0.0035,5960.499999999999,0.003499999999999999,2980.249999999999,0
5136692,קסם S&P Consumer Staples KTF,Consumer Staples,,"מניות בחו""ל",2026-01-31,20690000.0,קסם,,True,False,0.0015,0.0,310.35,0.0015,310.35,0
5136700,"אלטשולר שחם 30/70 מניות ת""א","אג""ח כללי בארץ- עד 30% מניות",,"אג""ח בארץ - כללי",2026-01-31,12640000.0,אלטשולר שחם,,False,False,0.0049,0.0035,619.36,0.0013999999999999998,176.95999999999998,0
5136718,"אלטשולר שחם 20/80 מניות ת""א","אג""ח כללי בארץ- עד 20% מניות",,"אג""ח בארץ - כללי",2026-01-31,225940000.0,אלטשולר שחם,,False,False,0.0049,0.0035,11071.06,0.0013999999999999998,3163.1599999999994,0
5136726,"אלטשולר שחם 10/90 מניות ת""א","אג""ח כללי בארץ- עד 10% מניות ללא סימן קריאה",,"אג""ח בארץ - כללי",2026-01-31,11490000.0,אלטשולר שחם,,False,False,0.0049,0.0035,563.01,0.0013999999999999998,160.85999999999999,0
5136734,אלטשולר שחם MSCI World,"מניות גיאוגרפי אחר חשופת מט""ח",,"מניות בחו""ל",2026-01-31,310970000.0,אלטשולר שחם,,False,False,0.015,0.0035,46645.49999999999,0.0115,35761.55,0
5136742,אלטשולר שחם כספית נקובת דולר,"נקובת מט""ח",,קרן כספית,2026-01-31,330320000.0,אלטשולר שחם,,False,False,0.0013,0.001,4294.16,0.0002999999999999999,990.9599999999997,1
5136759,"אלטשולר שחם אג""ח קונצרני מדורג",חברות והמרה ללא מניות וללא סימן קריאה,,"אג""ח בארץ- חברות והמרה",2026-01-31,237430000.0,אלטשולר שחם,,False,False,0.0079,0.0035,18756.97,0.004400000000000001,10446.920000000004,0
5136767,עציוני גמישה - קרן נאמנות,גמישות,,גמישות,2026-01-31,131220000.0,סיגמא,עציוני ניהול תיקים,False,False,0.015,0.0035,19683.0,0.0115,15090.300000000001,0
5136775,"ATF מחקה אינדקס מניות ארה""ב Large Cap מומנטום ענפי מנוטרלת מט""ח",אמריקה- שווקים מפותחים,,"מניות בחו""ל",2026-01-31,137510000.0,אנליסט,,True,False,0.006500000000000001,0.0,8938.150000000001,0.006500000000000001,8938.150000000001,0
5136783,קסם אקטיב מניות בלוקצ'יין,"מניות לפי ענפים בחו""ל",,"מניות בחו""ל",2026-01-31,24260000.0,קסם,,False,False,0.0175,0.0035,4245.500000000001,0.014000000000000002,3396.4000000000005,0
5136791,"איילון אג""ח שקלי לפדיון עד 06/2028","אג""ח כללי בארץ בדירוג גבוה בלבד (AA ומעלה ו/ או מדינה)",,"אג""ח בארץ - כללי",2026-01-31,39780000.0,איילון,,False,False,0.006,0.0035,2386.8,0.0025,994.5,0
5136817,ברומטר גמישה,גמישות,,גמישות,2026-01-31,25100000.0,איילון,ברומטר,False,False,0.0148,0.0035,3714.8000000000006,0.011300000000000001,2836.3,0
5136825,"MTF מחקה אינדקס A-AAA שכבות מדורגות מח""מ","אג""ח חברות שקלי וצמוד",,"אג""ח בארץ- חברות והמרה",2026-01-31,28520000.0,מגדל,,True,False,0.0,0.0,0.0,0.0,0.0,0
5136833,"אי בי אי מחקה S&P 500 Equal Weight מנוטרלת מט""ח",אמריקה- שווקים מפותחים,,"מניות בחו""ל",2026-01-31,113160000.0,אי.בי.אי,,True,False,0.0,0.0,0.0,0.0,0.0,0
5136841,"אי בי אי מחקה ת""א סקטור-באלאנס",Large & Mid Cap,,מניות בארץ,2026-01-31,77310000.0,אי.בי.אי,,True,False,0.005,0.0,3865.5,0.005,3865.5,0
5136858,אי בי אי מחקה תל בונד-צמודות 1-3,בריבית קבועה - קצר,,"אג""ח בארץ- חברות והמרה",2026-01-31,461410000.0,אי.בי.אי,,True,False,0.002,0.0,9228.2,0.002,9228.2,0
5136866,איילון כספית ניהול הנזילות,כספית שקלית עם קונצרני,,קרן כספית,2026-01-31,4474650000.0,איילון,,False,False,0.0018,0.001,80543.7,0.0007999999999999999,35797.2,1
5136874,קסם אקטיב כספית,כספית שקלית עם קונצרני,,קרן כספית,2026-01-31,1827090000.0,קסם,,False,False,0.0024,0.001,43850.159999999996,0.0013999999999999998,25579.259999999995,1
5136882,קסם KTF (!) אינדקס Bullet ישראל 2027,"אג""ח חברות שקלי וצמוד",,"אג""ח בארץ- חברות והמרה",2026-01-31,360310000.0,קסם,,True,False,0.002,0.0,7206.200000000001,0.002,7206.200000000001,0
5136890,מגדל כספית דולרית - נקובה $,"נקובת מט""ח",,קרן כספית,2026-01-31,1026910000.0000001,מגדל,,False,False,0.0021,0.001,21565.11,0.0010999999999999998,11296.009999999998,1
5136916,תכלית TTF תל בונד מאגר,"אג""ח חברות שקלי וצמוד",,"אג""ח בארץ- חברות והמרה",2026-01-31,379400000.0,מיטב,,True,False,0.0,0.0,0.0,0.0,0.0,0
5136924,איילון כספית דולרית,חשופת דולר,,קרן כספית,2026-01-31,55550000.0,איילון,,False,False,0.0015,0.001,833.25,0.0005,277.75,1
5136932,"MTF מחקה משולבת S&P 500י (70%) Nasdaq 100י (30%) חודשי מנוטרלת מט""ח","מניות בחו""ל קרן משולבת",,"מניות בחו""ל",2026-01-31,328800000.0,מגדל,,True,False,0.0025,0.0,8220.0,0.0025,8220.0,0
5136940,ילין לפידות מחקה תל בונד 100 צמודות,בריבית קבועה,,"אג""ח בארץ- חברות והמרה",2026-01-31,165670000.0,ילין לפידות,,True,False,0.0025,0.0,4141.75,0.0025,4141.75,0
5136957,ילין לפידות מחקה תל בונד שקלי 100,בריבית קבועה,,"אג""ח בארץ- חברות והמרה",2026-01-31,92270000.0,ילין לפידות,,True,False,0.0025,0.0,2306.75,0.0025,2306.75,0
5136965,תכלית TTF תל בונד 60 צמודות,בריבית קבועה,,"אג""ח בארץ- חברות והמרה",2026-01-31,580080000.0,מיטב,,True,False,0.0,0.0,0.0,0.0,0.0,0
5136981,ילין לפידות מחקה אינדקס תשתיות חיוניות גלובלי - מבוסס AI,Utilities,,"מניות בחו""ל",2026-01-31,14970000.0,ילין לפידות,,True,False,0.0077,0.0,1152.69,0.0077,1152.69,0
5136999,תכלית S&P 500 Bond Mega 30 Investment Grade 3-5,"חברות והמרה חשופת מט""ח - בינוני",,"אג""ח בחו""ל",2026-01-31,311320000.0,מיטב,,True,False,0.0015,0.0,4669.8,0.0015,4669.8,0
5137013,MTF מחקה תל דיב,All Cap,,מניות בארץ,2026-01-31,34550000.0,מגדל,,True,False,0.006,0.0,2073.0,0.006,2073.0,0
5137021,הראל מחקה iBoxx $ Corps Liquid 3-7 Years,"חברות והמרה חשופת מט""ח - בינוני",,"אג""ח בחו""ל",2026-01-31,127300000.0,הראל,,True,False,0.002,0.0,2546.0,0.002,2546.0,0
5137039,הראל מחקה MSCI INDIA,אסיה ופסיפיק- שווקים מתעוררים,,"מניות בחו""ל",2026-01-31,44230000.0,הראל,,True,False,0.0085,0.0,3759.55,0.0085,3759.55,0
5137047,"MTF מחקה משולבת ת""א 125 (70%) ת""א 90 (30%) חודשי",מניות בארץ קרן משולבת,,מניות בארץ,2026-01-31,106570000.0,מגדל,,True,False,0.0,0.0,0.0,0.0,0.0,0
5137054,MTF מחקה משולבת תל בונד שקלי 50 (70%) תל בונד שקלי (30%) חודשי,משולבת,,"אג""ח בארץ- חברות והמרה",2026-01-31,16200000.0,מגדל,,True,False,0.0,0.0,0.0,0.0,0.0,0
5137070,אנליסט סולידית,"אג""ח כללי בארץ בדירוג גבוה בלבד (AA ומעלה ו/ או מדינה)",,"אג""ח בארץ - כללי",2026-01-31,3400000.0,אנליסט,,False,False,0.0048,0.0035,163.2,0.0012999999999999995,44.19999999999999,0
5137088,הראל מחקה Hang Seng,אסיה ופסיפיק- שווקים מתעוררים,,"מניות בחו""ל",2026-01-31,7380000.0,הראל,,True,False,0.005,0.0,369.0,0.005,369.0,0
5137112,"MTF מחקה Indxx US Healthcare Top 10 מנוטרלת מט""ח",Health Care,,"מניות בחו""ל",2026-01-31,49400000.0,מגדל,,True,False,0.005,0.0,2470.0,0.005,2470.0,0
5137120,מגדל A-AAA שקלי לפדיון עד 2028,חברות והמרה שקלי ללא מניות,,"אג""ח בארץ- חברות והמרה",2026-01-31,48120000.0,מגדל,,False,False,0.0055000000000000005,0.0035,2646.6000000000004,0.0020000000000000005,962.4000000000002,0
5137146,"פורטה מניות חו""ל","מניות כללי בחו""ל חשופת מט""ח",,"מניות בחו""ל",2026-01-31,120390000.0,סיגמא,פורטה,False,False,0.017,0.0035,20466.300000000003,0.013500000000000002,16252.650000000003,0
5137153,"מור אג""ח לפדיון עד 12/27","אג""ח כללי בארץ ללא מניות וללא סימן קריאה, עם מגבלת מח""מ עד 5 שנים",,"אג""ח בארץ - כללי",2026-01-31,21360000.0,מור,,False,False,0.006500000000000001,0.0035,1388.4,0.0030000000000000005,640.8000000000001,0
5137161,קסם אקטיב שורט דולר פי 2,ממונפות בסיכון גבוה,,ממונפות ואסטרטגיות,2026-01-31,5000000.0,קסם,,False,False,0.01,0.0035,500.0,0.006500000000000001,325.00000000000006,0
5137179,אי בי אי מחקה Shiller Barclays CAPE US Core Mid-Month Sector - נקובה $,אמריקה- שווקים מפותחים,,"מניות בחו""ל",2026-01-31,151030000.0,אי.בי.אי,,True,False,0.0079,0.0,11931.37,0.0079,11931.37,0
5137187,"אי.בי.אי מחקה משולבת מניות ארה""ב Large Cap מנוטרלת מט""ח חודשי","מניות בחו""ל קרן משולבת",,"מניות בחו""ל",2026-01-31,59120000.0,אי.בי.אי,,True,False,0.005,0.0,2956.0,0.005,2956.0,0
5137195,הראל מחקה תל בונד שקלי-50,בריבית קבועה,,"אג""ח בארץ- חברות והמרה",2026-01-31,546450000.0,הראל,,True,False,0.0007000000000000001,0.0,3825.1500000000005,0.0007000000000000001,3825.1500000000005,0
5137203,הראל מחקה STOXX Europe 600 מנוטרלת אירו,אירופה- כללי,,"מניות בחו""ל",2026-01-31,269660000.0,הראל,,True,False,0.0,0.0,0.0,0.0,0.0,0
5137211,"פורצ'ן תיק אג""ח","אג""ח כללי בארץ ללא מניות וללא סימן קריאה",,"אג""ח בארץ - כללי",2026-01-31,54300000.0,איילון,פורצ'ן,False,False,0.0079,0.0035,4289.700000000001,0.004400000000000001,2389.2000000000007,0
5137229,"תכלית TTF אינדקס מדינה מאוזן - מח""מ 4 קבוע","אג""ח מדינה שיקלי וצמוד",,"אג""ח בארץ- מדינה",2026-01-31,27550000.0,מיטב,,True,False,0.0015,0.0,413.25,0.0015,413.25,0
5137237,אי בי אי מחקה אינדקס מניות דיבידנד ישראל מחלקת,Large & Mid Cap,,מניות בארץ,2026-01-31,70340000.0,אי.בי.אי,,True,False,0.005,0.0,3517.0,0.005,3517.0,0
5137245,"הורייזן אג""ח חו""ל מדורג - נקובת דולר","אג""ח נקובת מט""ח",,"אג""ח בחו""ל",2026-01-31,42540000.0,איילון,הורייזן,False,False,0.0089,0.0035,3786.06,0.0054,2297.1600000000003,0
5137252,"הורייזן (!) אג""ח דולר בינלאומי","אג""ח חשופת דולר",,"אג""ח בחו""ל",2026-01-31,52020000.0,איילון,הורייזן,False,False,0.0098,0.0035,5097.96,0.0063,3277.26,0
5137278,קסם אקטיב כספית אירו,חשופת יורו,,קרן כספית,2026-01-31,24670000.0,קסם,,False,False,0.0014000000000000002,0.001,345.38000000000005,0.0004000000000000002,98.68000000000004,1
5137286,"איילון אג""ח צמוד לפדיון עד 12/2028","אג""ח כללי בארץ בדירוג גבוה בלבד (AA ומעלה ו/ או מדינה)",,"אג""ח בארץ - כללי",2026-01-31,307150000.0,איילון,,False,False,0.006,0.0035,18429.0,0.0025,7678.75,0
5137294,"ילין לפידות מחקה ת""א 125 משקל שווה",Large & Mid Cap,,מניות בארץ,2026-01-31,100360000.0,ילין לפידות,,True,False,0.001,0.0,1003.6000000000001,0.001,1003.6000000000001,0
5137302,"ילין לפידות מחקה ת""א בנקים",בנקאות ואשראי חוץ בנקאי,,מניות בארץ,2026-01-31,727330000.0,ילין לפידות,,True,False,0.0049,0.0,35639.17,0.0049,35639.17,0
5137310,הראל כספית יורו,חשופת יורו,,קרן כספית,2026-01-31,71100000.0,הראל,,False,False,0.0014000000000000002,0.001,995.4000000000001,0.0004000000000000002,284.4000000000001,1
5137328,תכלית TTF אינדקס AA-AAA י0-3 - פקטור מינוף פיננסי נמוך,"אג""ח חברות שקלי וצמוד",,"אג""ח בארץ- חברות והמרה",2026-01-31,49930000.0,מיטב,,True,False,0.0015,0.0,748.95,0.0015,748.95,0
5137336,"ATF מחקה אינדקס מניות ארה""ב Large Cap מומנטום ענפי",אמריקה- שווקים מפותחים,,"מניות בחו""ל",2026-01-31,60790000.0,אנליסט,,True,False,0.006500000000000001,0.0,3951.3500000000004,0.006500000000000001,3951.3500000000004,0
5137344,"איילון אג""ח בנקים וביטוח",חברות והמרה ללא מניות וללא סימן קריאה,,"אג""ח בארץ- חברות והמרה",2026-01-31,166590000.0,איילון,,False,False,0.006,0.0035,9995.4,0.0025,4164.75,0
5137377,"איילון מניות צמיחה ישראליות בארה""ב","ארה""ב חשופת מט""ח",,"מניות בחו""ל",2026-01-31,1980000.0,איילון,אופנהיימר,False,False,0.016,0.0035,316.8,0.0125,247.5,0
5137401,ילין לפידות מחקה תל בונד תשואות צמודות פיזור רחב,בריבית קבועה,,"אג""ח בארץ- חברות והמרה",2026-01-31,163110000.0,ילין לפידות,,True,False,0.0025,0.0,4077.75,0.0025,4077.75,0
5137419,ילין לפידות מחקה תל בונד תשואות שקלי פיזור רחב,בריבית קבועה,,"אג""ח בארץ- חברות והמרה",2026-01-31,3750000.0,ילין לפידות,,True,False,0.0025,0.0,93.75,0.0025,93.75,0
5137435,הראל מחקה אינדקס Top10 Tech,Technology,,"מניות בחו""ל",2026-01-31,45690000.0,הראל,,True,False,0.005,0.0,2284.5,0.005,2284.5,0
5137443,גביש 30/70,"אג""ח כללי בארץ- עד 30% מניות",,"אג""ח בארץ - כללי",2026-01-31,28360000.0,סיגמא,גביש פיננסים,False,False,0.0079,0.0035,2240.44,0.004400000000000001,1247.8400000000004,0
5137450,"פינסה (!) אג""ח חברות",חברות והמרה ללא מניות עם סימן קריאה,,"אג""ח בארץ- חברות והמרה",2026-01-31,471670000.0,סיגמא,פינסה ניהול נכסים,False,False,0.0085,0.0035,40091.950000000004,0.005000000000000001,23583.500000000004,0
5137468,פינסה Global Equity,"מניות כללי בחו""ל חשופת מט""ח",,"מניות בחו""ל",2026-01-31,42660000.0,סיגמא,פינסה ניהול נכסים,False,False,0.013999999999999999,0.0035,5972.4,0.010499999999999999,4479.299999999999,0
5137476,"פסטרנק שהם (!) אג""ח ללא מניות","אג""ח כללי בארץ ללא מניות עם סימן קריאה",,"אג""ח בארץ - כללי",2026-01-31,420800000.0,איילון,פסטרנק שהם,False,False,0.01,0.0035,42080.0,0.006500000000000001,27352.000000000004,0
5137484,"ילין לפידות מחקה quabify אג""ח לפדיון 2027 צמוד",בריבית קבועה,,"אג""ח בארץ- חברות והמרה",2026-01-31,266440000.0,ילין לפידות,,True,False,0.0024,0.0,6394.5599999999995,0.0024,6394.5599999999995,0
5137492,"ילין לפידות מחקה quabify אג""ח לפדיון 2026 צמוד",בריבית קבועה,,"אג""ח בארץ- חברות והמרה",2026-01-31,120470000.0,ילין לפידות,,True,False,0.0024,0.0,2891.2799999999997,0.0024,2891.2799999999997,0
5137500,"ילין לפידות מחקה quabify אג""ח לפדיון 2027 שקלי",בריבית קבועה,,"אג""ח בארץ- חברות והמרה",2026-01-31,94040000.0,ילין לפידות,,True,False,0.0024,0.0,2256.9599999999996,0.0024,2256.9599999999996,0
5137518,"ילין לפידות מחקה quabify אג""ח לפדיון 2026 שקלי",בריבית קבועה,,"אג""ח בארץ- חברות והמרה",2026-01-31,38010000.0,ילין לפידות,,True,False,0.0024,0.0,912.2399999999999,0.0024,912.2399999999999,0
5137526,"אי בי אי מחקה אינדקס אג""ח קופון גבוה מחלקת","אג""ח חברות שקלי וצמוד",,"אג""ח בארץ- חברות והמרה",2026-01-31,14780000.0,אי.בי.אי,,True,False,0.002,0.0,295.6,0.002,295.6,0
5137534,"אילים מניות AI בינה מלאכותית חו""ל","מניות לפי ענפים בחו""ל",,"מניות בחו""ל",2026-01-31,424850000.0,אילים,,False,False,0.0089,0.0035,37811.65,0.0054,22941.9,0
5137542,אי.בי.אי. מחקה אינדקס A-AAA שקלי 1-4,בריבית קבועה,,"אג""ח בארץ- חברות והמרה",2026-01-31,96820000.0,אי.בי.אי,,True,False,0.0025,0.0,2420.5,0.0025,2420.5,0
5137559,מגדל כספית מחלקת חודשי,כספית שקלית עם קונצרני,,קרן כספית,2026-01-31,254090000.0,מגדל,,False,False,0.0016,0.001,4065.4399999999996,0.0006000000000000001,1524.54,1
5137567,"קסם KTFי Indxx US Banks Top 10 מנוטרלת מט""ח",Banking,,"מניות בחו""ל",2026-01-31,14000000.0,קסם,,True,False,0.0034999999999999996,0.0,489.99999999999994,0.0034999999999999996,489.99999999999994,0
5137575,קסם KTF אינדקס Bullet דולר 2026 - גלובלי,"חברות והמרה חשופת מט""ח",,"אג""ח בחו""ל",2026-01-31,7550000.0,קסם,,True,False,0.0045000000000000005,0.0,339.75,0.0045000000000000005,339.75,0
5137625,"איילון זבולון מניות חו""ל","מניות כללי בחו""ל חשופת מט""ח",,"מניות בחו""ל",2026-01-31,198020000.0,איילון,זבולון שרותי מחקר,False,False,0.0175,0.0035,34653.50000000001,0.014000000000000002,27722.800000000003,0
5137633,"איילון זבולון (!) אג""ח חו""ל HY","אג""ח חשופת מט""ח",,"אג""ח בחו""ל",2026-01-31,332240000.0,איילון,זבולון שרותי מחקר,False,False,0.01,0.0035,33224.0,0.006500000000000001,21595.600000000002,0
5137641,ילין לפידות כספית,כספית שקלית עם קונצרני,,קרן כספית,2026-01-31,4994920000.0,ילין לפידות,,False,False,0.0022,0.001,109888.24000000002,0.0012000000000000001,59939.04,1
5137666,תכלית TTF משולבת S&P 500י (70%) Nasdaq 100י (30%) חודשי,"מניות בחו""ל קרן משולבת",,"מניות בחו""ל",2026-01-31,46200000.0,מיטב,,True,False,0.0,0.0,0.0,0.0,0.0,0
5137682,מור עוקבת תיק 3 הבנק הבינלאומי,"אג""ח כללי בארץ- עד 30% מניות",,"אג""ח בארץ - כללי",2026-01-31,153930000.0,מור,,False,False,0.0066,0.0035,10159.380000000001,0.0031,4771.83,0
5137690,מיטב כספית שקלית ללא קונצרני,כספית שקלית ללא קונצרני,,קרן כספית,2026-01-31,2644690000.0,מיטב,,False,False,0.0014000000000000002,0.001,37025.66,0.0004000000000000002,10578.760000000004,1
5137708,"דולפין אג""ח ללא מניות","אג""ח כללי בארץ ללא מניות וללא סימן קריאה",,"אג""ח בארץ - כללי",2026-01-31,11880000.0,איילון,דולפין 1 השקעות,False,False,0.0072,0.0035,855.36,0.0036999999999999997,439.56,0
5137716,MTF מחקה S&P 500 Bond Mega 30 Investment Grade 5-7 Year נקובה דולר,"חברות והמרה חשופת מט""ח - ארוך",,"אג""ח בחו""ל",2026-01-31,89840000.0,מגדל,,True,False,0.0025,0.0,2246.0,0.0025,2246.0,0
5137724,"קסם S&P U.S. Treasury Bond 7-10 Year KTF מנוטרלת מט""ח","ממשלתיות מנוטרלת מט""ח - ארוך",,"אג""ח בחו""ל",2026-01-31,362860000.0,קסם,,True,False,0.0015,0.0,5442.900000000001,0.0015,5442.900000000001,0
5137732,אי.בי.אי. כספית ניהול נזילות,כספית שקלית עם קונצרני,,קרן כספית,2026-01-31,6078820000.0,אי.בי.אי,,False,False,0.00169,0.001,102732.058,0.0006900000000000001,41943.85800000001,1
5137740,קסם אקטיב כספית שקלית,כספית שקלית עם קונצרני,,קרן כספית,2026-01-31,9695320000.0,קסם,,False,False,0.0019,0.001,184211.08000000002,0.0009,87257.88,1
5137757,עציוני מניות ישראל,מניות All Cap,,מניות בארץ,2026-01-31,303830000.0,סיגמא,עציוני ניהול תיקים,False,False,0.015,0.0035,45574.49999999999,0.0115,34940.450000000004,0
5137765,פסטרנק שהם 10/90,"אג""ח כללי בארץ- עד 10% מניות ללא סימן קריאה",,"אג""ח בארץ - כללי",2026-01-31,93160000.0,איילון,פסטרנק שהם,False,False,0.0059,0.0035,5496.44,0.0024,2235.8399999999997,0
5137773,"MTF מחקה אינדקס אג""ח ממשלת ארה""ב - מח""מ 10 קבוע מנוטרלת מט""ח","ממשלתיות מנוטרלת מט""ח - ארוך",,"אג""ח בחו""ל",2026-01-31,250600000.0,מגדל,,True,False,0.001,0.0,2506.0,0.001,2506.0,0
5137781,תכלית S&P 500 Bond Mega 30 Investment Grade 5-7 Year TTF,"חברות והמרה חשופת מט""ח - ארוך",,"אג""ח בחו""ל",2026-01-31,40630000.0,מיטב,,True,False,0.0025,0.0,1015.75,0.0025,1015.75,0
5137799,"מיטב אג""ח קונצרני A ומעלה",חברות והמרה ללא מניות וללא סימן קריאה,,"אג""ח בארץ- חברות והמרה",2026-01-31,235010000.0,מיטב,,False,False,0.0059,0.0035,13865.59,0.0024,5640.24,0
5137807,הראל מחקה S&P 500 Equal Weight,אמריקה- שווקים מפותחים,,"מניות בחו""ל",2026-01-31,188680000.0,הראל,,True,False,0.0015,0.0,2830.2000000000003,0.0015,2830.2000000000003,0
5137815,הראל כספית שקלית כשרה,כספית שקלית עם קונצרני,,קרן כספית,2026-01-31,2725940000.0,הראל,,False,False,0.0014000000000000002,0.001,38163.16,0.0004000000000000002,10903.760000000004,1
5137823,סלע אגד חוץ מנייתי - נקוב $,אגד חוץ,,אגד קרנות,2026-01-31,20380000.0,איילון,סלע בית השקעות,False,False,0.013500000000000002,0.0035,2751.3000000000006,0.010000000000000002,2038.0000000000005,0
5137831,"איילון אג""ח קונצרני מדורג A ומעלה",חברות והמרה ללא מניות וללא סימן קריאה,,"אג""ח בארץ- חברות והמרה",2026-01-31,174980000.0,איילון,יועץ השקעות,False,False,0.0059,0.0035,10323.82,0.0024,4199.5199999999995,0
5137849,"מור (!) אג""ח דירוג פנימי תשואה גבוהה",חברות והמרה בסיכון גבוה,,"אג""ח בארץ- חברות והמרה",2026-01-31,281180000.0,מור,,False,False,0.013999999999999999,0.0035,39365.2,0.010499999999999999,29523.899999999998,0
5137872,מיטב 10/90 מודל ESG,"אג""ח כללי בארץ- עד 10% מניות ללא סימן קריאה",,"אג""ח בארץ - כללי",2026-01-31,192040000.0,מיטב,,False,False,0.0059,0.0035,11330.359999999999,0.0024,4608.959999999999,0
5137880,מיטב 20/80 מודל ESG,"אג""ח כללי בארץ- עד 20% מניות",,"אג""ח בארץ - כללי",2026-01-31,167440000.0,מיטב,,False,False,0.006500000000000001,0.0035,10883.600000000002,0.0030000000000000005,5023.200000000001,0
5137898,מיטב 30/70 מודל ESG,"אג""ח כללי בארץ- עד 30% מניות",,"אג""ח בארץ - כללי",2026-01-31,38830000.0,מיטב,,False,False,0.006500000000000001,0.0035,2523.9500000000003,0.0030000000000000005,1164.9,0
5137906,איביאי כספית דולרית - נקובה $,"נקובת מט""ח",,קרן כספית,2026-01-31,1207900000.0,אי.בי.אי,,False,False,0.0025,0.001,30197.5,0.0015,18118.5,1
5137914,ברק תיק 20/80,"אג""ח כללי בארץ- עד 20% מניות",,"אג""ח בארץ - כללי",2026-01-31,7690000.0,ברק,,False,False,0.0075,0.0035,576.75,0.004,307.6,0
5137922,ברק תיק 10/90,"אג""ח כללי בארץ- עד 10% מניות ללא סימן קריאה",,"אג""ח בארץ - כללי",2026-01-31,8230000.0,ברק,,False,False,0.0075,0.0035,617.25,0.004,329.20000000000005,0
5137948,הראל מחקה אינדקס אנרגיה ישראלית,"נפט, גז ואנרגיה",,מניות בארץ,2026-01-31,107540000.0,הראל,,True,False,0.004,0.0,4301.6,0.004,4301.6,0
5137955,קסם Cboe S&P 500 15% Buffer MAR IC KTF - מובנה שנתי,אמריקה- שווקים מפותחים,,"מניות בחו""ל",2026-01-31,10680000.0,קסם,,True,False,0.009000000000000001,0.0,961.2,0.009000000000000001,961.2,0
5137963,"אי בי אי מחקה אינדקס אג""ח במרווח גבוה - מח""מ 0-2","אג""ח חברות שקלי וצמוד",,"אג""ח בארץ- חברות והמרה",2026-01-31,258959999.99999997,אי.בי.אי,,True,False,0.0034999999999999996,0.0,9063.599999999999,0.0034999999999999996,9063.599999999999,0
5137989,איביאי מחקה אינדקס A-AAA צמוד 1-4,בריבית קבועה,,"אג""ח בארץ- חברות והמרה",2026-01-31,123650000.0,אי.בי.אי,,True,False,0.0025,0.0,3091.25,0.0025,3091.25,0
5137997,ATF מחקה אינדקס שקלים ארוכים עד 20% מדינה,בריבית קבועה - ארוך,,"אג""ח בארץ- חברות והמרה",2026-01-31,324410000.0,אנליסט,,True,False,0.002,0.0,6488.200000000001,0.002,6488.200000000001,0
5138003,מור כספית דולרית,חשופת דולר,,קרן כספית,2026-01-31,64330000.0,מור,,False,False,0.0025,0.001,1608.25,0.0015,964.95,1
5138011,"קסם S&P 500 TOP 50 KTF מנוטרלת מט""ח",אמריקה- שווקים מפותחים,,"מניות בחו""ל",2026-01-31,153010000.0,קסם,,True,False,0.005,0.0,7650.5,0.005,7650.5,0
5138029,אלטשולר שחם מחקה A.B SmartBeta USA MultiFactor,אמריקה- שווקים מפותחים,,"מניות בחו""ל",2026-01-31,1320000.0,אלטשולר שחם,,True,False,0.008,0.0,105.60000000000001,0.008,105.60000000000001,0
5138037,"אלטשולר שחם S&P 500 - מנוטרלת מט""ח","מניות גיאוגרפי מוגנת מט""ח",,"מניות בחו""ל",2026-01-31,42870000.0,אלטשולר שחם,,False,False,0.014499999999999999,0.0035,6216.15,0.011,4715.7,0
5138045,"ילין לפידות מחקה quabify אג""ח לפדיון 2028 צמוד",בריבית קבועה,,"אג""ח בארץ- חברות והמרה",2026-01-31,174970000.0,ילין לפידות,,True,False,0.0024,0.0,4199.28,0.0024,4199.28,0
5138052,"ילין לפידות מחקה quabify אג""ח לפדיון 2029 צמוד",בריבית קבועה,,"אג""ח בארץ- חברות והמרה",2026-01-31,160030000.0,ילין לפידות,,True,False,0.0024,0.0,3840.7199999999993,0.0024,3840.7199999999993,0
5138060,"ילין לפידות מחקה quabify אג""ח לפדיון 2028 שקלי",בריבית קבועה,,"אג""ח בארץ- חברות והמרה",2026-01-31,84650000.0,ילין לפידות,,True,False,0.0024,0.0,2031.5999999999997,0.0024,2031.5999999999997,0
5138078,"ילין לפידות מחקה quabify אג""ח לפדיון 2029 שקלי",בריבית קבועה,,"אג""ח בארץ- חברות והמרה",2026-01-31,145400000.0,ילין לפידות,,True,False,0.0024,0.0,3489.5999999999995,0.0024,3489.5999999999995,0
5138086,תכלית TTF אינדקס CoCo ישראל-10,בריבית קבועה,,"אג""ח בארץ- חברות והמרה",2026-01-31,33700000.0,מיטב,,True,False,0.001,0.0,337.0,0.001,337.0,0
5138094,מגדל כספית שקלית כשרה,כספית שקלית עם קונצרני,,קרן כספית,2026-01-31,5175780000.0,מגדל,,False,False,0.00149,0.001,77119.122,0.00049,25361.322,1
5138102,קסם KTF (!) אינדקס Bullet ישראל 2028,"אג""ח חברות שקלי וצמוד",,"אג""ח בארץ- חברות והמרה",2026-01-31,132300000.00000001,קסם,,True,False,0.0025,0.0,3307.5000000000005,0.0025,3307.5000000000005,0
5138110,קסם KTF (!) אינדקס Bullet ישראל 2029,"אג""ח חברות שקלי וצמוד",,"אג""ח בארץ- חברות והמרה",2026-01-31,117590000.0,קסם,,True,False,0.0025,0.0,2939.75,0.0025,2939.75,0
5138128,קסם KTF (!) אינדקס Bullet ישראל 2030,"אג""ח חברות שקלי וצמוד",,"אג""ח בארץ- חברות והמרה",2026-01-31,102550000.0,קסם,,True,False,0.0025,0.0,2563.75,0.0025,2563.75,0
5138151,MTF מחקה S&P 500 Top 50,אמריקה- שווקים מפותחים,,"מניות בחו""ל",2026-01-31,54960000.0,מגדל,,True,False,0.0015,0.0,824.4,0.0015,824.4,0
5138169,אי בי אי מחקה אינדקס A-AAA שקלי 3-6,בריבית קבועה - בינוני,,"אג""ח בארץ- חברות והמרה",2026-01-31,100770000.0,אי.בי.אי,,True,False,0.0,0.0,0.0,0.0,0.0,0
5138201,"MTF מחקה Russell 2000 מנוטרלת מט""ח",אמריקה- שווקים מפותחים,,"מניות בחו""ל",2026-01-31,198400000.0,מגדל,,True,False,0.0025,0.0,4960.0,0.0025,4960.0,0
5138219,"פרופאונד (!) תיק אג""ח ללא מניות","אג""ח כללי בארץ ללא מניות עם סימן קריאה",,"אג""ח בארץ - כללי",2026-01-31,45150000.0,איילון,פרופאונד,False,False,0.0069,0.0035,3115.35,0.0034,1535.1,0
5138227,קסם KTF אינדקס AA ומעלה 3+,"אג""ח חברות שקלי וצמוד",,"אג""ח בארץ- חברות והמרה",2026-01-31,42500000.0,קסם,,True,False,0.0025,0.0,1062.5,0.0025,1062.5,0
5138235,"מור מחקה אינדקס ארה""ב מודל תמחור מומנטום",אמריקה- שווקים מפותחים,,"מניות בחו""ל",2026-01-31,3420000.0,מור,,True,False,0.006,0.0,205.20000000000002,0.006,205.20000000000002,0
5138243,"סיגמא אג""ח ללא מניות","אג""ח כללי בארץ ללא מניות וללא סימן קריאה",,"אג""ח בארץ - כללי",2026-01-31,35620000.0,סיגמא,,False,False,0.0069,0.0035,2457.7799999999997,0.0034,1211.08,0
5138250,"קסם iBoxx US Liquid Investment Grade Top 30 KTF מנוטרלת מט""ח","חברות והמרה  מנוטרלת מט""ח",,"אג""ח בחו""ל",2026-01-31,168650000.0,קסם,,True,False,0.0015,0.0,2529.75,0.0015,2529.75,0
5138268,קסם KTF אינדקס בינוי והנדסת תשתיות,שילוב ענפים,,מניות בארץ,2026-01-31,236450000.0,קסם,,True,False,0.005,0.0,11822.5,0.005,11822.5,0
5138276,"MTF מחקה AB אג""ח מאוזן AAA-A 2028 Bullet","אג""ח חברות שקלי וצמוד",,"אג""ח בארץ- חברות והמרה",2026-01-31,54520000.0,מגדל,,True,False,0.002,0.0,1090.4,0.002,1090.4,0
5138284,מגדל אגח בינלאומי לפדיון עד 2030,"אג""ח חשופת דולר",,"אג""ח בחו""ל",2026-01-31,31280000.0,מגדל,,False,False,0.005600000000000001,0.0035,1751.6800000000003,0.0021000000000000007,656.8800000000003,0
5138300,"הראל מחקה S&P Health Care מנוטרלת מט""ח",Health Care,,"מניות בחו""ל",2026-01-31,83110000.0,הראל,,True,False,0.006500000000000001,0.0,5402.150000000001,0.006500000000000001,5402.150000000001,0
5138318,MTF מחקה אינדקס CoCo ישראל-10,בריבית קבועה,,"אג""ח בארץ- חברות והמרה",2026-01-31,60850000.0,מגדל,,True,False,0.0,0.0,0.0,0.0,0.0,0
5138326,מיטב כספית דולרית - נקובה $,"נקובת מט""ח",,קרן כספית,2026-01-31,2383670000.0,מיטב,,False,False,0.0014000000000000002,0.001,33371.380000000005,0.0004000000000000002,9534.680000000004,1
5138334,"תכלית S&P 500 Bond Mega 30 Investment Grade 3-5 Year TTF מנוטרלת מט""ח","חברות והמרה  מנוטרלת מט""ח - בינוני",,"אג""ח בחו""ל",2026-01-31,79600000.0,מיטב,,True,False,0.002,0.0,1592.0000000000002,0.002,1592.0000000000002,0
5138342,MTF מחקה אינדקס AA-AAA ישראל 5-7,"אג""ח חברות שקלי וצמוד",,"אג""ח בארץ- חברות והמרה",2026-01-31,273570000.0,מגדל,,True,False,0.0,0.0,0.0,0.0,0.0,0
5138359,"ATF מחקה אינדקס EW TOP100 מרווח מעל הממוצע מותאם מח""מ","אג""ח חברות שקלי וצמוד",,"אג""ח בארץ- חברות והמרה",2026-01-31,81330000.0,אנליסט,,True,False,0.002,0.0,1626.6000000000001,0.002,1626.6000000000001,0
5138383,"תכלית S&P 500 Equal Weight TTF מנוטרלת מט""ח",אמריקה- שווקים מפותחים,,"מניות בחו""ל",2026-01-31,28210000.0,מיטב,,True,False,0.001,0.0,282.1,0.001,282.1,0
5138391,"מגדל אג""ח לפדיון עד 2030","אג""ח כללי בארץ ללא מניות וללא סימן קריאה",,"אג""ח בארץ - כללי",2026-01-31,61480000.0,מגדל,,False,False,0.0049,0.0035,3012.52,0.0013999999999999998,860.7199999999999,0
5138409,הראל מחקה אינדקס תעשיות ביטחוניות ארה''ב וישראל,Aerospace & Defense,,"מניות בחו""ל",2026-01-31,660280000.0,הראל,,True,False,0.006999999999999999,0.0,46219.6,0.006999999999999999,46219.6,0
5138417,תכלית TTF אינדקס AA-AAA י5+ פקטור מינוף פיננסי נמוך,"אג""ח חברות שקלי וצמוד",,"אג""ח בארץ- חברות והמרה",2026-01-31,12930000.0,מיטב,,True,False,0.002,0.0,258.6,0.002,258.6,0
5138425,"פורצ'ן (!) אג""ח גלובלי - נקובה $","אג""ח נקובת מט""ח",,"אג""ח בחו""ל",2026-01-31,312210000.0,איילון,פורצ'ן,False,False,0.009000000000000001,0.0035,28098.9,0.005500000000000001,17171.550000000007,0
5138433,MTF מחקה Bloomberg US Analyst Recommendations,אמריקה- שווקים מפותחים,,"מניות בחו""ל",2026-01-31,34600000.0,מגדל,,True,False,0.008,0.0,2768.0,0.008,2768.0,0
5138441,קסם S&P 500 TOP 50 KTF,אמריקה- שווקים מפותחים,,"מניות בחו""ל",2026-01-31,10330000.0,קסם,,True,False,0.0025,0.0,258.25,0.0025,258.25,0
5138458,MTF מחקה אינדקס Top 10 US Banks Bonds,"חברות והמרה חשופת מט""ח",,"אג""ח בחו""ל",2026-01-31,39920000.0,מגדל,,True,False,0.0025,0.0,998.0,0.0025,998.0,0
5138466,MTF מחקה iBoxx US Liquid Investment Grade Top 30,"חברות והמרה חשופת מט""ח",,"אג""ח בחו""ל",2026-01-31,87190000.0,מגדל,,True,False,0.002,0.0,1743.8000000000002,0.002,1743.8000000000002,0
5138474,"MTF מחקה S&P 500 Equal Weight מנוטרלת מט""ח",אמריקה- שווקים מפותחים,,"מניות בחו""ל",2026-01-31,126850000.0,מגדל,,True,False,0.0,0.0,0.0,0.0,0.0,0
5138482,"MTF מחקה S&P 500 Bond Mega 30 Investment Grade 3-5 Year מנוטרלת מט""ח","חברות והמרה  מנוטרלת מט""ח - בינוני",,"אג""ח בחו""ל",2026-01-31,173010000.0,מגדל,,True,False,0.002,0.0,3460.2000000000003,0.002,3460.2000000000003,0
5138490,"קסם אקטיב תיק מחקות אג""ח ומניות - אגד ישראלי",אגד ישראלי,,אגד קרנות,2026-01-31,5030000.0,קסם,,False,False,0.0,0.0035,0.0,-0.0035,-176.05,0
5138524,"מגדל נאסד""ק 100 כשרה מנוטרלת מט""ח","מניות כללי בחו""ל מוגנת מט""ח",,"מניות בחו""ל",2026-01-31,19750000.0,מגדל,,False,False,0.005,0.0035,987.5,0.0015,296.25,0
5138532,"מגדל 10/90 - אג""ח מדורג",חברות והמרה עם מניות ללא סימן קריאה,,"אג""ח בארץ- חברות והמרה",2026-01-31,4790000.0,מגדל,,False,False,0.0049,0.0035,234.70999999999998,0.0013999999999999998,67.05999999999999,0
5138557,קסם KTF אינדקס Bullet צמוד 2026,בריבית קבועה,,"אג""ח בארץ- חברות והמרה",2026-01-31,34760000.0,קסם,,True,False,0.0025,0.0,869.0,0.0025,869.0,0
5138565,קסם KTF אינדקס Bullet שקלי 2026,בריבית קבועה,,"אג""ח בארץ- חברות והמרה",2026-01-31,90090000.0,קסם,,True,False,0.002,0.0,1801.8000000000002,0.002,1801.8000000000002,0
5138573,קסם KTF (!) אינדקס Bullet שקלי 2027,בריבית קבועה,,"אג""ח בארץ- חברות והמרה",2026-01-31,81920000.0,קסם,,True,False,0.002,0.0,1638.4,0.002,1638.4,0
5138581,קסם KTF (!) אינדקס Bullet צמוד 2027,בריבית קבועה,,"אג""ח בארץ- חברות והמרה",2026-01-31,219870000.0,קסם,,True,False,0.002,0.0,4397.400000000001,0.002,4397.400000000001,0
5138599,קסם KTF (!) אינדקס Bullet צמוד 2029,בריבית קבועה,,"אג""ח בארץ- חברות והמרה",2026-01-31,112090000.0,קסם,,True,False,0.0025,0.0,2802.25,0.0025,2802.25,0
5138607,קסם KTF (!) אינדקס Bullet שקלי 2029,בריבית קבועה,,"אג""ח בארץ- חברות והמרה",2026-01-31,85280000.0,קסם,,True,False,0.0025,0.0,2132.0,0.0025,2132.0,0
5138615,"דולפין מניות חו""ל","מניות כללי בחו""ל חשופת מט""ח",,"מניות בחו""ל",2026-01-31,19380000.0,איילון,דולפין 1 השקעות,False,False,0.0179,0.0035,3469.0199999999995,0.0144,2790.7200000000003,0
5138623,תכלית Indxx Blockchain Ecosystem TTF,Blockchain,,"מניות בחו""ל",2026-01-31,3210000.0,מיטב,,True,False,0.0095,0.0,304.95,0.0095,304.95,0
5138631,קסם Russell 2000 KTF,אמריקה- שווקים מפותחים,,"מניות בחו""ל",2026-01-31,33590000.0,קסם,,True,False,0.0,0.0,0.0,0.0,0.0,0
5138649,ילין לפידות מחקה תל בונד צמודות בנקים,בריבית קבועה,,"אג""ח בארץ- חברות והמרה",2026-01-31,15610000.0,ילין לפידות,,True,False,0.0025,0.0,390.25,0.0025,390.25,0
5138656,"מגדל (!) הזדמנויות אג""ח ללא מניות","אג""ח כללי בארץ ללא מניות עם סימן קריאה",,"אג""ח בארץ - כללי",2026-01-31,5290000.0,מגדל,,False,False,0.0059,0.0035,312.11,0.0024,126.95999999999998,0
5138664,קסם Cboe S&P 500 15% Buffer JUN IC KTF - מובנה שנתי,אמריקה- שווקים מפותחים,,"מניות בחו""ל",2026-01-31,20600000.0,קסם,,True,False,0.0085,0.0,1751.0000000000002,0.0085,1751.0000000000002,0
5138672,אילים מניות ישראל,מניות All Cap,,מניות בארץ,2026-01-31,25990000.0,אילים,,False,False,0.0079,0.0035,2053.21,0.004400000000000001,1143.5600000000004,0
5138680,"אילים תיק אג""ח +10%","אג""ח כללי בארץ- עד 10% מניות ללא סימן קריאה",,"אג""ח בארץ - כללי",2026-01-31,76010000.0,אילים,,False,False,0.0059,0.0035,4484.59,0.0024,1824.2399999999998,0
5138698,דולפין כספית,כספית שקלית עם קונצרני,,קרן כספית,2026-01-31,5834980000.0,איילון,דולפין 1 השקעות,False,False,0.00149,0.001,86941.202,0.00049,28591.402,1
5138706,אזימוט כספית,כספית שקלית עם קונצרני,,קרן כספית,2026-01-31,155590000.0,איילון,אזימוטליין,False,False,0.0014000000000000002,0.001,2178.26,0.0004000000000000002,622.3600000000002,1
5138714,"אילים 10/90 תיק אג""ח חו""ל ומניות","אג""ח חשופת מט""ח",,"אג""ח בחו""ל",2026-01-31,23840000.0,אילים,,False,False,0.0059,0.0035,1406.56,0.0024,572.16,0
5138722,הראל מחקה iBoxx USD Liquid 5-9 Top 50,"חברות והמרה חשופת מט""ח - ארוך",,"אג""ח בחו""ל",2026-01-31,101330000.0,הראל,,True,False,0.001,0.0,1013.3000000000001,0.001,1013.3000000000001,0
5138730,הורייזן אסטרטגיות,אסטרטגיות (לא ממונפות),,ממונפות ואסטרטגיות,2026-01-31,45370000.0,איילון,הורייזן,False,False,0.015,0.0035,6805.499999999999,0.0115,5217.55,0
5138748,קסם KTF אינדקס תעשיות ביטחוניות גלובלי,Aerospace & Defense,,"מניות בחו""ל",2026-01-31,426120000.0,קסם,,True,False,0.006999999999999999,0.0,29828.399999999998,0.006999999999999999,29828.399999999998,0
5138755,תכלית MSCI India (USD) TTF,אסיה ופסיפיק- שווקים מתעוררים,,"מניות בחו""ל",2026-01-31,12250000.0,מיטב,,True,False,0.0055000000000000005,0.0,673.7500000000001,0.0055000000000000005,673.7500000000001,0
5138763,אלטשולר שחם כספית,כספית שקלית עם קונצרני,,קרן כספית,2026-01-31,2993220000.0,אלטשולר שחם,,False,False,0.00234,0.001,70041.348,0.00134,40109.148,1
5138771,"דרך אג""ח ללא מניות כשרה","אג""ח כללי בארץ ללא מניות וללא סימן קריאה",,"אג""ח בארץ - כללי",2026-01-31,30560000.0,סיגמא,דרך אינבסט,False,False,0.0075,0.0035,2292.0,0.004,1222.4,0
5138789,"מור 30/70 מניות חו""ל - כשרה","אג""ח כללי בארץ- עד 30% מניות",,"אג""ח בארץ - כללי",2026-01-31,73330000.0,מור,,False,False,0.006500000000000001,0.0035,4766.450000000001,0.0030000000000000005,2199.9,0
5138797,תכלית Indxx Global Financial Exchanges And Data TTF,Financial,,"מניות בחו""ל",2026-01-31,59000000.0,מיטב,,True,False,0.006,0.0,3540.0,0.006,3540.0,0
5138805,תכלית S&P 500 Growth TTF,אמריקה- שווקים מפותחים,,"מניות בחו""ל",2026-01-31,6090000.0,מיטב,,True,False,0.003,0.0,182.70000000000002,0.003,182.70000000000002,0
5138813,תכלית TTF אינדקס ישראליות צמיחה-מומנטום,אחר,,מניות בארץ,2026-01-31,45920000.0,מיטב,,True,False,0.004,0.0,1836.8000000000002,0.004,1836.8000000000002,0
5138821,"אקורד (!) אג""ח פלוס","אג""ח כללי בארץ- עד 10% מניות ועם סימן קריאה",,"אג""ח בארץ - כללי",2026-01-31,35690000.0,איילון,אקורד ניהול השקעות,False,False,0.0075,0.0035,2676.7499999999995,0.004,1427.6000000000001,0
5138839,אנליסט כספית דולרית - נקובה $,"נקובת מט""ח",,קרן כספית,2026-01-31,1864740000.0,אנליסט,,False,False,0.0013,0.001,24241.62,0.0002999999999999999,5594.219999999998,1
5138847,הראל מחקה תל בונד צמודות בנקים וחברות ממשלתיות,אחר,,"אג""ח בארץ- חברות והמרה",2026-01-31,51780000.0,הראל,,True,False,0.001,0.0,517.8000000000001,0.001,517.8000000000001,0
5138854,הראל מחקה תל בונד צמודות 5-10,בריבית קבועה - ארוך,,"אג""ח בארץ- חברות והמרה",2026-01-31,27210000.0,הראל,,True,False,0.0,0.0,0.0,0.0,0.0,0
5138862,הראל מחקה תל בונד שקלי 5-10,בריבית קבועה - ארוך,,"אג""ח בארץ- חברות והמרה",2026-01-31,174300000.0,הראל,,True,False,0.0,0.0,0.0,0.0,0.0,0
5138888,"הראל עוקבת תיק מניות חו""ל - הבנק הבינלאומי עד 30% מט""ח","מניות כללי בחו""ל מוגנת מט""ח",,"מניות בחו""ל",2026-01-31,17420000.0,הראל,,False,False,0.0125,0.0035,2177.5,0.009000000000000001,1567.8000000000002,0
5138896,קסם MSCI India KTF,אסיה ופסיפיק- שווקים מתעוררים,,"מניות בחו""ל",2026-01-31,9170000.0,קסם,,True,False,0.0055000000000000005,0.0,504.3500000000001,0.0055000000000000005,504.3500000000001,0
5138904,קסם TipRanks US Momentum Analysts iNDEX KTF,אמריקה- שווקים מפותחים,,"מניות בחו""ל",2026-01-31,35180000.0,קסם,,True,False,0.006999999999999999,0.0,2462.6,0.006999999999999999,2462.6,0
5138912,bmeniv גמישה,גמישות,,גמישות,2026-01-31,21840000.0,סיגמא,בי מניב,False,False,0.023,0.0035,5023.2,0.0195,4258.8,0
5138920,אביב שגב ניהול תיק השקעות 20/80,"אג""ח כללי בארץ- עד 20% מניות",,"אג""ח בארץ - כללי",2026-01-31,8570000.0,איילון,אביב-שגב,False,False,0.0053,0.0035,454.21,0.0018,154.26,0
5138938,"FOREST תיק אג""ח ללא מניות","אג""ח כללי בארץ ללא מניות וללא סימן קריאה",,"אג""ח בארץ - כללי",2026-01-31,116530000.0,פורסט,,False,False,0.0075,0.0035,8739.75,0.004,4661.200000000001,0
5138946,"אלטשולר שחם מחקה אינדקס בנקים לפדיון - מח""מ עד 3 שנים","אג""ח חברות שקלי וצמוד",,"אג""ח בארץ- חברות והמרה",2026-01-31,6080000.0,אלטשולר שחם,,True,False,0.0015,0.0,91.2,0.0015,91.2,0
5138953,אלטשולר שחם מחקה מחקה אינדקס AAA צמוד,בריבית קבועה,,"אג""ח בארץ- חברות והמרה",2026-01-31,69850000.0,אלטשולר שחם,,True,False,0.0015,0.0,1047.75,0.0015,1047.75,0
5138961,ילין לפידות קונצרני צמוד A ומעלה,חברות והמרה ללא מניות וללא סימן קריאה,,"אג""ח בארץ- חברות והמרה",2026-01-31,296580000.0,ילין לפידות,,False,False,0.0059,0.0035,17498.219999999998,0.0024,7117.919999999999,0
5138979,קסם Cboe S&P 500 15% Buffer AUG IC KTF - מובנה שנתי,אמריקה- שווקים מפותחים,,"מניות בחו""ל",2026-01-31,2850000.0,קסם,,True,False,0.0085,0.0,242.25000000000003,0.0085,242.25000000000003,0
5138987,"ילין לפידות מחקה quabify אג""ח לפדיון 2026 מאוזן","אג""ח חברות שקלי וצמוד",,"אג""ח בארץ- חברות והמרה",2026-01-31,5120000.0,ילין לפידות,,True,False,0.0024,0.0,122.87999999999998,0.0024,122.87999999999998,0
5138995,"ילין לפידות מחקה quabify אג""ח לפדיון 2027 מאוזן","אג""ח חברות שקלי וצמוד",,"אג""ח בארץ- חברות והמרה",2026-01-31,5690000.0,ילין לפידות,,True,False,0.0024,0.0,136.55999999999997,0.0024,136.55999999999997,0
5139001,"ילין לפידות מחקה quabify אג""ח לפדיון 2028 מאוזן","אג""ח חברות שקלי וצמוד",,"אג""ח בארץ- חברות והמרה",2026-01-31,17000000.0,ילין לפידות,,True,False,0.0024,0.0,407.99999999999994,0.0024,407.99999999999994,0
5139019,"ילין לפידות מחקה quabify אג""ח לפדיון 2029 מאוזן","אג""ח חברות שקלי וצמוד",,"אג""ח בארץ- חברות והמרה",2026-01-31,13020000.0,ילין לפידות,,True,False,0.0024,0.0,312.47999999999996,0.0024,312.47999999999996,0
5139027,MTF מחקה אינדקס בנייה ישראל - פקטור מינוף פיננסי נמוך,"נדל""ן ובנייה",,מניות בארץ,2026-01-31,46580000.0,מגדל,,True,False,0.0,0.0,0.0,0.0,0.0,0
5139035,"דיאמונד עוקבת תיק מניות חו""ל - הבנק הבינלאומי","מניות כללי בחו""ל חשופת מט""ח",,"מניות בחו""ל",2026-01-31,3380000.0,איילון,דיאמונד,False,False,0.0125,0.0035,422.5,0.009000000000000001,304.20000000000005,0
5139050,קסם KTF אינדקס Bullet מדינת ישראל דולר 2030,"ממשלתיות חשופת מט""ח - בינוני",,"אג""ח בחו""ל",2026-01-31,58760000.0,קסם,,True,False,0.0025,0.0,1469.0,0.0025,1469.0,0
5139068,"MTF מחקה משולבת Russell 2000 (70%) S&P 500 (30%) חודשי מנוטרלת מט""ח","מניות בחו""ל קרן משולבת",,"מניות בחו""ל",2026-01-31,14610000.0,מגדל,,True,False,0.0,0.0,0.0,0.0,0.0,0
5139076,איילון כספית דולרית - נקובה דולר,"נקובת מט""ח",,קרן כספית,2026-01-31,136370000.0,איילון,,False,False,0.0012,0.001,1636.4399999999998,0.00019999999999999987,272.73999999999984,1
5139084,תכלית TTF אינדקס תעשיות ביטחוניות גלובלי Top30 EW,Aerospace & Defense,,"מניות בחו""ל",2026-01-31,225700000.0,מיטב,,True,False,0.0045000000000000005,0.0,10156.5,0.0045000000000000005,10156.5,0
5139092,תכלית EURO STOXX 50 TTF,אירופה- כללי,,"מניות בחו""ל",2026-01-31,20140000.0,מיטב,,True,False,0.0025,0.0,503.5,0.0025,503.5,0
5139100,אלטשולר שחם מחקה S&P 500,אמריקה- שווקים מפותחים,,"מניות בחו""ל",2026-01-31,41250000.0,אלטשולר שחם,,True,False,0.0,0.0,0.0,0.0,0.0,0
5139118,אלטשולר שחם מחקה אינדקס שקלי A-AAA פיזור רחב,בריבית קבועה,,"אג""ח בארץ- חברות והמרה",2026-01-31,5020000.0,אלטשולר שחם,,True,False,0.0015,0.0,75.3,0.0015,75.3,0
5139126,"אלטשולר שחם מחקה (!) אינדקס אג""ח עד A פיזור רחב",חברות והמרה בסיכון גבוה,,"אג""ח בארץ- חברות והמרה",2026-01-31,8550000.0,אלטשולר שחם,,True,False,0.0015,0.0,128.25,0.0015,128.25,0
5139134,אלטשולר שחם מחקה אינדקס צמוד A-AAA פיזור רחב,בריבית קבועה,,"אג""ח בארץ- חברות והמרה",2026-01-31,20580000.0,אלטשולר שחם,,True,False,0.0015,0.0,308.7,0.0015,308.7,0
5139142,אי בי אי מחקה אינדקס מדינת ישראל דולר 1-5,"ממשלתיות חשופת מט""ח - בינוני",,"אג""ח בחו""ל",2026-01-31,63970000.0,אי.בי.אי,,True,False,0.0025,0.0,1599.25,0.0025,1599.25,0
5139159,אי בי אי מחקה אינדקס מדינת ישראל דולר 5-10,"ממשלתיות חשופת מט""ח - ארוך",,"אג""ח בחו""ל",2026-01-31,73510000.0,אי.בי.אי,,True,False,0.0025,0.0,1837.75,0.0025,1837.75,0
5139167,MTF מחקה תל בונד - שקלי A,בריבית קבועה,,"אג""ח בארץ- חברות והמרה",2026-01-31,35790000.0,מגדל,,True,False,0.0,0.0,0.0,0.0,0.0,0
5139175,ATF מחקה אינדקס בנקים ישראל,בנקאות ואשראי חוץ בנקאי,,מניות בארץ,2026-01-31,283880000.0,אנליסט,,True,False,0.0045000000000000005,0.0,12774.6,0.0045000000000000005,12774.6,0
5139183,מגדל מניות בנקים,מניות לפי ענפים,,מניות בארץ,2026-01-31,127120000.0,מגדל,,False,False,0.0049,0.0035,6228.88,0.0013999999999999998,1779.6799999999998,0
5139191,TTF משולבת מניות ישראל חודשי,מניות בארץ קרן משולבת,,מניות בארץ,2026-01-31,78370000.0,מיטב,,True,False,0.0,0.0,0.0,0.0,0.0,0
5139209,ברק מניות ישראל,מניות All Cap,,מניות בארץ,2026-01-31,3350000.0,ברק,,False,False,0.018000000000000002,0.0035,603.0,0.014500000000000002,485.7500000000001,0
5139217,"ברק מניות חו""ל","מניות כללי בחו""ל חשופת מט""ח",,"מניות בחו""ל",2026-01-31,1470000.0,ברק,,False,False,0.018000000000000002,0.0035,264.6,0.014500000000000002,213.15000000000003,0
5139233,"קסם KTF ת""א-125 ערך",Large & Mid Cap,,מניות בארץ,2026-01-31,149680000.0,קסם,,True,False,0.004,0.0,5987.200000000001,0.004,5987.200000000001,0
5139241,קסם KTF אינדקס Bullet ישראל AA ומעלה 2028,"אג""ח חברות שקלי וצמוד",,"אג""ח בארץ- חברות והמרה",2026-01-31,32119999.999999996,קסם,,True,False,0.0025,0.0,803.0,0.0025,803.0,0
5139258,ילין לפידות כספית ניהול נזילות,כספית שקלית עם קונצרני,,קרן כספית,2026-01-31,10744560000.0,ילין לפידות,,False,False,0.0019,0.001,204146.64,0.0009,96701.04000000001,1
5139274,MTF מחקה Europe Top20 iNDEX מנוטרלת אירו,אירופה- שווקים מפותחים,,"מניות בחו""ל",2026-01-31,27570000.0,מגדל,,True,False,0.005,0.0,1378.5,0.005,1378.5,0
5139282,ילין לפידות מחקה S&P 500,אמריקה- שווקים מפותחים,,"מניות בחו""ל",2026-01-31,107900000.0,ילין לפידות,,True,False,0.0,0.0,0.0,0.0,0.0,0
5139290,"ילין לפידות מחקה S&P 500 מנוטרלת מט""ח",אמריקה- שווקים מפותחים,,"מניות בחו""ל",2026-01-31,182890000.0,ילין לפידות,,True,False,0.0,0.0,0.0,0.0,0.0,0
5139308,ילין לפידות מחקה S&P World,גלובלי- שווקים מפותחים,,"מניות בחו""ל",2026-01-31,7710000.0,ילין לפידות,,True,False,0.0,0.0,0.0,0.0,0.0,0
5139316,ילין לפידות מחקה S&P World מנוטרלת דולר,גלובלי- שווקים מפותחים,,"מניות בחו""ל",2026-01-31,7280000.0,ילין לפידות,,True,False,0.0,0.0,0.0,0.0,0.0,0
5139324,מור כספית ניהול נזילות,כספית שקלית עם קונצרני,,קרן כספית,2026-01-31,1882030000.0,מור,,False,False,0.0015,0.001,28230.45,0.0005,9410.150000000001,1
5139332,מיטב מניות מומנטום,מניות All Cap,,מניות בארץ,2026-01-31,57540000.0,מיטב,,False,False,0.0105,0.0035,6041.7,0.007000000000000001,4027.8000000000006,0
5139340,איילון אקסטרים בנקים פי 3,ממונפות בסיכון גבוה,,ממונפות ואסטרטגיות,2026-01-31,60720000.0,איילון,,False,False,0.018500000000000003,0.0035,11233.2,0.015000000000000003,9108.000000000002,0
5139357,"איילון אקסטרים ת""א 90 פי 3",ממונפות בסיכון גבוה,,ממונפות ואסטרטגיות,2026-01-31,19770000.0,איילון,,False,False,0.018500000000000003,0.0035,3657.4500000000003,0.015000000000000003,2965.500000000001,0
5139365,MTF מחקה (S&P Israel 100 (ILS,Large & Mid Cap,,מניות בארץ,2026-01-31,306680000.0,מגדל,,True,False,0.0,0.0,0.0,0.0,0.0,0
5139399,"מור אג""ח מדורג ללא מניות",חברות והמרה ללא מניות וללא סימן קריאה,,"אג""ח בארץ- חברות והמרה",2026-01-31,72450000.0,מור,,False,False,0.006500000000000001,0.0035,4709.250000000001,0.0030000000000000005,2173.5000000000005,0
5139407,קסם KTF תל בונד 125 ערך שקלי,בריבית קבועה,,"אג""ח בארץ- חברות והמרה",2026-01-31,1660000.0,קסם,,True,False,0.0025,0.0,41.5,0.0025,41.5,0
5139415,קסם KTF תל בונד 125 ערך צמודות,בריבית קבועה,,"אג""ח בארץ- חברות והמרה",2026-01-31,2990000.0,קסם,,True,False,0.0025,0.0,74.75,0.0025,74.75,0
5139423,פינסה 30/70,"אג""ח כללי בארץ- עד 30% מניות",,"אג""ח בארץ - כללי",2026-01-31,15710000.0,סיגמא,פינסה ניהול נכסים,False,False,0.0079,0.0035,1241.0900000000001,0.004400000000000001,691.2400000000002,0
5139431,אי.בי.אי. מחקה תל בונד-צמודות A,בריבית קבועה,,"אג""ח בארץ- חברות והמרה",2026-01-31,35970000.0,אי.בי.אי,,True,False,0.0,0.0,0.0,0.0,0.0,0
5139449,אנליסט (!) תיק קונצרני,חברות והמרה ללא מניות עם סימן קריאה,,"אג""ח בארץ- חברות והמרה",2026-01-31,29820000.0,אנליסט,,False,False,0.0054,0.0035,1610.2800000000002,0.0019000000000000002,566.58,0
5139456,"דולפין (!) אג""ח חברות",חברות והמרה ללא מניות עם סימן קריאה,,"אג""ח בארץ- חברות והמרה",2026-01-31,16469999.999999998,איילון,דולפין 1 השקעות,False,False,0.0079,0.0035,1301.13,0.004400000000000001,724.6800000000002,0
5139464,"הורייזן אג""ח ללא מניות","אג""ח כללי בארץ ללא מניות וללא סימן קריאה",,"אג""ח בארץ - כללי",2026-01-31,22630000.0,איילון,הורייזן,False,False,0.009000000000000001,0.0035,2036.7,0.005500000000000001,1244.6500000000003,0
5139472,דולפין 30/70,"אג""ח כללי בארץ- עד 30% מניות",,"אג""ח בארץ - כללי",2026-01-31,15520000.0,איילון,דולפין 1 השקעות,False,False,0.0079,0.0035,1226.0800000000002,0.004400000000000001,682.8800000000002,0
5139480,הורייזן 10/90,"אג""ח כללי בארץ- עד 10% מניות ללא סימן קריאה",,"אג""ח בארץ - כללי",2026-01-31,13070000.0,איילון,הורייזן,False,False,0.009000000000000001,0.0035,1176.3000000000002,0.005500000000000001,718.8500000000003,0
5139498,"הורייזן (!) אג""ח חברות ללא מניות",חברות והמרה ללא מניות עם סימן קריאה,,"אג""ח בארץ- חברות והמרה",2026-01-31,25400000.0,איילון,הורייזן,False,False,0.009000000000000001,0.0035,2286.0,0.005500000000000001,1397.0000000000005,0
5139506,קסם Cboe S&P 500 15% Buffer NOV IC KTF - מובנה שנתי,אמריקה- שווקים מפותחים,,"מניות בחו""ל",2026-01-31,4030000.0000000005,קסם,,True,False,0.0075,0.0,302.25,0.0075,302.25,0
5139514,MTF מחקה אינדקס מדינת ישראל דולר לפדיון 2030 (מתגלגל כל 6 שנים) נקובה $,"ממשלתיות חשופת מט""ח - בינוני",,"אג""ח בחו""ל",2026-01-31,250390000.0,מגדל,,True,False,0.002,0.0,5007.8,0.002,5007.8,0
5139522,איביאי כספית שקלית כשרה,כספית שקלית עם קונצרני,,קרן כספית,2026-01-31,4435980000.0,אי.בי.אי,,False,False,0.00149,0.001,66096.102,0.00049,21736.302,1
5139530,"ילין לפידות מחקה quabify אג""ח לפדיון 2030 מאוזן","אג""ח חברות שקלי וצמוד",,"אג""ח בארץ- חברות והמרה",2026-01-31,32810000.000000004,ילין לפידות,,True,False,0.0024,0.0,787.44,0.0024,787.44,0
5139548,"ילין לפידות מחקה quabify אג""ח לפדיון 2030 שקלי",בריבית קבועה,,"אג""ח בארץ- חברות והמרה",2026-01-31,67170000.0,ילין לפידות,,True,False,0.0024,0.0,1612.0799999999997,0.0024,1612.0799999999997,0
5139555,"ילין לפידות מחקה quabify אג""ח לפדיון 2030 צמוד",בריבית קבועה,,"אג""ח בארץ- חברות והמרה",2026-01-31,34450000.0,ילין לפידות,,True,False,0.0024,0.0,826.8,0.0024,826.8,0
5139563,איביאי מחקה אינדקס מדינת ישראל דולר 1-5 נקובה $,"ממשלתיות חשופת מט""ח - בינוני",,"אג""ח בחו""ל",2026-01-31,183680000.0,אי.בי.אי,,True,False,0.0025,0.0,4592.0,0.0025,4592.0,0
5139571,הראל מחקה S&P 500 Momentum,אמריקה- שווקים מפותחים,,"מניות בחו""ל",2026-01-31,136200000.0,הראל,,True,False,0.005,0.0,6810.0,0.005,6810.0,0
5139597,"אי בי אי (!) הזדמנויות אג""ח תשואה גבוהה",חברות והמרה בסיכון גבוה,,"אג""ח בארץ- חברות והמרה",2026-01-31,38010000.0,אי.בי.אי,,False,False,0.0095,0.0035,3610.95,0.006,2280.6,0
5139605,אי בי אי מחקה MSCI AC World,"מניות גלובליות - חשופת מט""ח",,"מניות בחו""ל",2026-01-31,46030000.0,אי.בי.אי,,True,False,0.0015,0.0,690.45,0.0015,690.45,0
5139613,קסם Cboe S&P 500 15% Buffer DEC IC KTF - מובנה שנתי,אמריקה- שווקים מפותחים,,"מניות בחו""ל",2026-01-31,20140000.0,קסם,,True,False,0.0075,0.0,1510.4999999999998,0.0075,1510.4999999999998,0
5139621,אי בי אי תיק השקעות,"אג""ח כללי בארץ - חשיפה מרבית מעל 30% מניות",,"אג""ח בארץ - כללי",2026-01-31,106160000.0,אי.בי.אי,GREMMY ADVISORS,False,False,0.0089,0.0035,9448.24,0.0054,5732.64,0
5139639,"הראל מחקה ת""א 90 ובנקים",Large & Mid Cap,,מניות בארץ,2026-01-31,379030000.0,הראל,,True,False,0.0,0.0,0.0,0.0,0.0,0
5139647,"ילין לפידות מחקה quabify קונצרני צמוד מח""מ 2 קבוע",בריבית קבועה - קצר,,"אג""ח בארץ- חברות והמרה",2026-01-31,2600000.0,ילין לפידות,,True,False,0.0019,0.0,49.400000000000006,0.0019,49.400000000000006,0
5139654,"ילין לפידות מחקה quabify קונצרני שקלי מח""מ 2 קבוע",בריבית קבועה - קצר,,"אג""ח בארץ- חברות והמרה",2026-01-31,710000.0,ילין לפידות,,True,False,0.0019,0.0,13.49,0.0019,13.49,0
5139662,אלטשולר שחם Electrification,"מניות לפי ענפים בחו""ל",,"מניות בחו""ל",2026-01-31,276300000.0,אלטשולר שחם,,False,False,0.015,0.0035,41445.0,0.0115,31774.5,0
5139670,אנליסט מניות ערך,מניות All Cap,,מניות בארץ,2026-01-31,43680000.0,אנליסט,,False,False,0.0129,0.0035,5634.719999999999,0.0094,4105.92,0
5139688,"אנליסט אג""ח ללא מניות","אג""ח כללי בארץ ללא מניות וללא סימן קריאה",,"אג""ח בארץ - כללי",2026-01-31,19620000.0,אנליסט,,False,False,0.0048,0.0035,941.7599999999999,0.0012999999999999995,255.05999999999992,0
5139696,קסם MSCI World KTF מנוטרלת דולר,גלובלי- שווקים מפותחים,,"מניות בחו""ל",2026-01-31,134410000.0,קסם,,True,False,0.0,0.0,0.0,0.0,0.0,0
5139712,אנליסט 30/70,"אג""ח כללי בארץ- עד 30% מניות",,"אג""ח בארץ - כללי",2026-01-31,205850000.0,אנליסט,,False,False,0.0058,0.0035,11939.3,0.0022999999999999995,4734.549999999999,0
5139720,"תכלית TTF Russel 2000 מנוטרלת מט""ח",אמריקה- שווקים מפותחים,,"מניות בחו""ל",2026-01-31,23290000.0,מיטב,,True,False,0.0,0.0,0.0,0.0,0.0,0
5139738,"קסם KTF ת""א 90 ובנקים",Large & Mid Cap,,מניות בארץ,2026-01-31,103930000.0,קסם,,True,False,0.0,0.0,0.0,0.0,0.0,0
5139753,"פורצ'ן תיק אג""ח בינלאומי עד 20% מט""ח","אג""ח מוגנת מט""ח",,"אג""ח בחו""ל",2026-01-31,229350000.0,איילון,פורצ'ן,False,False,0.009000000000000001,0.0035,20641.5,0.005500000000000001,12614.250000000004,0
5139761,"תכלית US REITs iNDEX TTF מנוטרלת מט""ח",REIT - Real Estate,,"מניות בחו""ל",2026-01-31,8450000.0,מיטב,,True,False,0.0034999999999999996,0.0,295.75,0.0034999999999999996,295.75,0
5139779,"תכלית TTF אינדקס צמוד 1-3 פקטור מרווח מאג""ח ממשלתי",בריבית קבועה - קצר,,"אג""ח בארץ- חברות והמרה",2026-01-31,6820000.0,מיטב,,True,False,0.0015,0.0,102.3,0.0015,102.3,0
5139787,תכלית CME CF Bitcoin Reference Rate (BRRNY) TTF,Bitcoin,,נכסים דיגיטליים,2026-01-31,75060000.0,מיטב,,True,False,0.002,0.0,1501.2,0.002,1501.2,0
5139811,אלטשולר שחם מחקה Nasdaq 100,אמריקה- שווקים מפותחים,,"מניות בחו""ל",2026-01-31,37950000.0,אלטשולר שחם,,True,False,0.0,0.0,0.0,0.0,0.0,0
5139829,"ברק אולטרה ת""א 90 פי 3",ממונפות בסיכון גבוה,,ממונפות ואסטרטגיות,2026-01-31,36690000.0,ברק,,False,False,0.018000000000000002,0.0035,6604.200000000001,0.014500000000000002,5320.050000000001,0
5139837,הראל מחקה Russell 2000,אמריקה- שווקים מפותחים,,"מניות בחו""ל",2026-01-31,10420000.0,הראל,,True,False,0.0,0.0,0.0,0.0,0.0,0
5139845,איילון חשיפה לביטקוין,Bitcoin,,נכסים דיגיטליים,2026-01-31,17710000.0,איילון,,False,False,0.006500000000000001,0.0035,1151.15,0.0030000000000000005,531.3000000000001,0
5139852,"תכלית TTF ת""א 90 ובנקים",Large & Mid Cap,,מניות בארץ,2026-01-31,60870000.0,מיטב,,True,False,0.0,0.0,0.0,0.0,0.0,0
5139860,מיטב בנקים פי 3,ממונפות בסיכון גבוה,,ממונפות ואסטרטגיות,2026-01-31,74450000.0,מיטב,,False,False,0.015,0.0035,11167.499999999998,0.0115,8561.75,0
5139878,קסם CME CF Bitcoin Reference Rate (BRRNY) KTF,Bitcoin,,נכסים דיגיטליים,2026-01-31,28320000.0,קסם,,True,False,0.002,0.0,566.4000000000001,0.002,566.4000000000001,0
5139886,MTF מחקה Indxx Bitcoin Reference,Bitcoin,,נכסים דיגיטליים,2026-01-31,21360000.0,מגדל,,True,False,0.0,0.0,0.0,0.0,0.0,0
5139894,קסם BlueStar Data Center and Logistics Real Estate KTF,REIT - Real Estate,,"מניות בחו""ל",2026-01-31,5880000.0,קסם,,True,False,0.008,0.0,470.40000000000003,0.008,470.40000000000003,0
5139902,קסם S&P/TSX 60 KTF,אמריקה- שווקים מפותחים,,"מניות בחו""ל",2026-01-31,12680000.0,קסם,,True,False,0.006,0.0,760.8000000000001,0.006,760.8000000000001,0
5139910,אי בי אי מחקה S&P Bitcoin,Bitcoin,,נכסים דיגיטליים,2026-01-31,42180000.0,אי.בי.אי,,True,False,0.002,0.0,843.6,0.002,843.6,0
5139928,מור מחקה S&P Bitcoin Futures Daily Roll Index,Bitcoin,,נכסים דיגיטליים,2026-01-31,8750000.0,מור,,True,False,0.002,0.0,175.00000000000003,0.002,175.00000000000003,0
5139936,"ATF מחקה ת""א-20",Large Cap,,מניות בארץ,2026-01-31,6660000.0,אנליסט,,True,False,0.002,0.0,133.20000000000002,0.002,133.20000000000002,0
5139944,"ATF מחקה ת""א-50 ריאלי",Large & Mid Cap,,מניות בארץ,2026-01-31,6010000.0,אנליסט,,True,False,0.002,0.0,120.2,0.002,120.2,0
5139951,"ATF מחקה ת""א-200",All Cap,,מניות בארץ,2026-01-31,52840000.0,אנליסט,,True,False,0.002,0.0,1056.8000000000002,0.002,1056.8000000000002,0
5139969,DCMS תיק השקעות גלובלי עד 30% מניות,"אג""ח חשופת מט""ח",,"אג""ח בחו""ל",2026-01-31,14820000.0,איילון,דימונד קפיטל,False,False,0.009000000000000001,0.0035,1333.8000000000002,0.005500000000000001,815.1000000000003,0
5139977,קסם Cboe S&P 500 15% Buffer FEB IC KTF - מובנה שנתי,אמריקה- שווקים מפותחים,,"מניות בחו""ל",2026-01-31,7650000.0,קסם,,True,False,0.0075,0.0,573.75,0.0075,573.75,0
5139985,הראל מחקה (!) תל בונד - תשואות צמודות,בריבית קבועה,,"אג""ח בארץ- חברות והמרה",2026-01-31,19190000.0,הראל,,True,False,0.0,0.0,0.0,0.0,0.0,0
5139993,"הראל מחקה S&P Hotels, Resorts & Cruise lines 15% FMC Capped מנוטרלת מט""ח",Travel,,"מניות בחו""ל",2026-01-31,760000.0,הראל,,True,False,0.004,0.0,30.400000000000002,0.004,30.400000000000002,0
5140009,"הראל מחקה ת""א- ביטוח",ביטוח,,מניות בארץ,2026-01-31,117860000.0,הראל,,True,False,0.0,0.0,0.0,0.0,0.0,0
5140025,תכלית TTFי משולבת מניות מקומיות חודשי,מניות בארץ קרן משולבת,,מניות בארץ,2026-01-31,26610000.0,מיטב,,True,False,0.0,0.0,0.0,0.0,0.0,0
5140033,אקורד מניות,מניות All Cap,,מניות בארץ,2026-01-31,9520000.0,איילון,אקורד ניהול השקעות,False,False,0.014499999999999999,0.0035,1380.4,0.011,1047.1999999999998,0
5140041,מגדל מניות שבבים גלובלי,"מניות לפי ענפים בחו""ל",,"מניות בחו""ל",2026-01-31,9280000.0,מגדל,,False,False,0.005,0.0035,464.0,0.0015,139.20000000000002,0
5140058,קסם KTF תל בונד צמודות 1-3,בריבית קבועה - קצר,,"אג""ח בארץ- חברות והמרה",2026-01-31,84910000.0,קסם,,True,False,0.0,0.0,0.0,0.0,0.0,0
5140066,"אי בי אי מחקה אינדקס נדל""ן למגורים בישראל","נדל""ן ובנייה",,מניות בארץ,2026-01-31,17130000.0,אי.בי.אי,,True,False,0.0,0.0,0.0,0.0,0.0,0
5140074,"ילין לפידות מחקה quabify קונצרני צמוד מח""מ 3 קבוע",בריבית קבועה - בינוני,,"אג""ח בארץ- חברות והמרה",2026-01-31,520000.0,ילין לפידות,,True,False,0.0019,0.0,9.88,0.0019,9.88,0
5140082,"ילין לפידות מחקה quabify קונצרני צמוד מח""מ 4 קבוע",בריבית קבועה - בינוני,,"אג""ח בארץ- חברות והמרה",2026-01-31,450000.0,ילין לפידות,,True,False,0.0019,0.0,8.55,0.0019,8.55,0
5140090,"ילין לפידות מחקה quabify קונצרני שקלי מח""מ 3 קבוע",בריבית קבועה - בינוני,,"אג""ח בארץ- חברות והמרה",2026-01-31,530000.0,ילין לפידות,,True,False,0.0019,0.0,10.07,0.0019,10.07,0
5140108,"ילין לפידות מחקה quabify קונצרני שקלי מח""מ 4 קבוע",בריבית קבועה - בינוני,,"אג""ח בארץ- חברות והמרה",2026-01-31,2400000.0,ילין לפידות,,True,False,0.0019,0.0,45.6,0.0019,45.6,0
5140116,ATF מחקה תל בונד-צמודות A,בריבית קבועה,,"אג""ח בארץ- חברות והמרה",2026-01-31,1920000.0,אנליסט,,True,False,0.0,0.0,0.0,0.0,0.0,0
5140124,ATF מחקה (!) תל בונד-תשואות צמודות,בריבית קבועה,,"אג""ח בארץ- חברות והמרה",2026-01-31,97050000.0,אנליסט,,True,False,0.0,0.0,0.0,0.0,0.0,0
5140132,"הראל מחקה S&P 500 Momentum מנוטרלת מט""ח",אמריקה- שווקים מפותחים,,"מניות בחו""ל",2026-01-31,128710000.00000001,הראל,,True,False,0.005,0.0,6435.500000000001,0.005,6435.500000000001,0
5140140,MTF מחקה World Top 100 iNDEX מנוטרלת דולר,"מניות גלובליות - מנוטרלת מט""ח",,"מניות בחו""ל",2026-01-31,12460000.0,מגדל,,True,False,0.0,0.0,0.0,0.0,0.0,0
5140157,"MTF מחקה ת""א 90 ובנקים",Large & Mid Cap,,מניות בארץ,2026-01-31,13420000.0,מגדל,,True,False,0.0,0.0,0.0,0.0,0.0,0
5140165,MTF מחקה MSCI World מנוטרלת דולר,גלובלי- שווקים מפותחים,,"מניות בחו""ל",2026-01-31,73370000.0,מגדל,,True,False,0.0,0.0,0.0,0.0,0.0,0
5140199,MTF מחקה אינדקס כלכלת ישראל 125,Large & Mid Cap,,מניות בארץ,2026-01-31,123200000.0,מגדל,,True,False,0.0,0.0,0.0,0.0,0.0,0
5140207,"MTF מחקה Indxx US 2000 Profitability מנוטרלת מט""ח",אמריקה- שווקים מפותחים,,"מניות בחו""ל",2026-01-31,17040000.0,מגדל,,True,False,0.005,0.0,852.0,0.005,852.0,0
5140215,"MTF מחקה Bloomberg New Constructs Core Earnings Leaders מנוטרלת מט""ח",אמריקה- שווקים מפותחים,,"מניות בחו""ל",2026-01-31,40570000.0,מגדל,,True,False,0.008,0.0,3245.6000000000004,0.008,3245.6000000000004,0
5140223,אלטשולר שחם מחקה A.B US Top Tech Ex Top 5,Technology,,"מניות בחו""ל",2026-01-31,1090000.0,אלטשולר שחם,,True,False,0.005,0.0,54.5,0.005,54.5,0
5140231,תכלית TTF (!) תל-בונד בולט 2029 שקלי,בריבית קבועה,,"אג""ח בארץ- חברות והמרה",2026-01-31,12190000.0,מיטב,,True,False,0.0015,0.0,182.85,0.0015,182.85,0
5140249,תכלית TTF תל-בונד בולט 10/2028 צמוד,בריבית קבועה,,"אג""ח בארץ- חברות והמרה",2026-01-31,7980000.0,מיטב,,True,False,0.0015,0.0,119.7,0.0015,119.7,0
5140256,תכלית TTF (!) תל-בונד בולט 2029 ישראל,"אג""ח חברות שקלי וצמוד",,"אג""ח בארץ- חברות והמרה",2026-01-31,9190000.0,מיטב,,True,False,0.002,0.0,183.8,0.002,183.8,0
5140272,"ילין לפידות מחקה S&P 500 Market Leaders מנוטרלת מט""ח",אמריקה- שווקים מפותחים,,"מניות בחו""ל",2026-01-31,14580000.0,ילין לפידות,,True,False,0.0049,0.0,714.42,0.0049,714.42,0
5140280,ילין לפידות מחקה S&P 500 Market Leaders,אמריקה- שווקים מפותחים,,"מניות בחו""ל",2026-01-31,6750000.0,ילין לפידות,,True,False,0.0049,0.0,330.75,0.0049,330.75,0
5140298,אי בי אי מחקה Indxx Nuclear Energy Industry מנוטרלת דולר,Alternative / Renewable Energy,,"מניות בחו""ל",2026-01-31,329980000.0,אי.בי.אי,,True,False,0.006500000000000001,0.0,21448.700000000004,0.006500000000000001,21448.700000000004,0
5140306,"אי בי אי מחקה ת""א-90 ו- CAP 0.8% SME60",Mid  & Small Cap,,מניות בארץ,2026-01-31,12990000.0,אי.בי.אי,,True,False,0.0,0.0,0.0,0.0,0.0,0
5140314,אי בי אי מחקה תל גוב-שקלי,ריבית קבועה,,"אג""ח בארץ- מדינה",2026-01-31,11370000.0,אי.בי.אי,,True,False,0.0,0.0,0.0,0.0,0.0,0
5140322,אי בי אי מחקה תל גוב-צמודות,צמודות מדד ממשלתיות - אחר,,"אג""ח בארץ- מדינה",2026-01-31,15510000.0,אי.בי.אי,,True,False,0.001,0.0,155.10000000000002,0.001,155.10000000000002,0
5140330,אי בי אי מחקה תל גוב-לא צמודות,שקליות ממשלתיות -  אחר,,"אג""ח בארץ- מדינה",2026-01-31,22550000.0,אי.בי.אי,,True,False,0.0015,0.0,338.25,0.0015,338.25,0
5140348,מיטב 15/85 מודל ESG,"אג""ח כללי בארץ- עד 15% מניות",,"אג""ח בארץ - כללי",2026-01-31,5320000.0,מיטב,,False,False,0.006500000000000001,0.0035,345.80000000000007,0.0030000000000000005,159.60000000000002,0
5140355,"מיטב אג""ח מודל ESG","אג""ח כללי בארץ ללא מניות וללא סימן קריאה",,"אג""ח בארץ - כללי",2026-01-31,5950000.0,מיטב,,False,False,0.0059,0.0035,351.05,0.0024,142.79999999999998,0
5140363,"קסם TipRanks US Momentum Analysts iNDEX KTF מנוטרלת מט""ח",אמריקה- שווקים מפותחים,,"מניות בחו""ל",2026-01-31,23100000.0,קסם,,True,False,0.006999999999999999,0.0,1616.9999999999998,0.006999999999999999,1616.9999999999998,0
5140371,אביב 10/90 תיק מודל ESG כשרה,"אג""ח כללי בארץ- עד 10% מניות ללא סימן קריאה",,"אג""ח בארץ - כללי",2026-01-31,25840000.0,איילון,אביב בית השקעות,False,False,0.0087,0.0035,2248.08,0.0052,1343.6799999999998,0
5140397,MTF מחקה אינדקס כלכלת ישראל 90,Mid Cap,,מניות בארץ,2026-01-31,5920000.0,מגדל,,True,False,0.0,0.0,0.0,0.0,0.0,0
5140413,אנליסט כספית חיסכון,כספית שקלית עם קונצרני,,קרן כספית,2026-01-31,1390670000.0,אנליסט,,False,False,0.0012,0.001,16688.039999999997,0.00019999999999999987,2781.3399999999983,1
5140439,MTF מחקה Indxx Top 10 Europe Defense מנוטרלת אירו,Aerospace & Defense,,"מניות בחו""ל",2026-01-31,34440000.0,מגדל,,True,False,0.004,0.0,1377.6000000000001,0.004,1377.6000000000001,0
5140447,"MTF מחקה ת""א - ביטוח",ביטוח,,מניות בארץ,2026-01-31,119390000.0,מגדל,,True,False,0.0,0.0,0.0,0.0,0.0,0
5140454,תכלית CME CF Ethereum Reference Rate (ETHUSDNY) TTF,Ethereum,,נכסים דיגיטליים,2026-01-31,28450000.0,מיטב,,True,False,0.005,0.0,1422.5,0.005,1422.5,0
5140462,אי בי אי מדורגות A ומעלה,"אג""ח כללי בארץ ללא מניות וללא סימן קריאה, עם מגבלת מח""מ עד 5 שנים",,"אג""ח בארץ - כללי",2026-01-31,910000.0,אי.בי.אי,,False,False,0.005,0.0035,45.5,0.0015,13.65,0
5140470,"אקורד אג""ח ללא מניות","אג""ח כללי בארץ ללא מניות וללא סימן קריאה",,"אג""ח בארץ - כללי",2026-01-31,10080000.0,איילון,אקורד ניהול השקעות,False,False,0.0075,0.0035,755.9999999999999,0.004,403.20000000000005,0
5140496,דולפין תיק השקעות גמיש,גמישות,,גמישות,2026-01-31,13470000.0,איילון,דולפין 1 השקעות,False,False,0.012,0.0035,1616.4,0.0085,1144.95,0
5140504,"מיטב ת""א 125 מומנטום",מניות Large & Mid Cap,,מניות בארץ,2026-01-31,33590000.0,מיטב,,False,False,0.0105,0.0035,3526.9500000000003,0.007000000000000001,2351.3,0
5140512,"קסם KTF (!) אינדקס אג""ח תשואות 100",חברות והמרה בסיכון גבוה,,"אג""ח בארץ- חברות והמרה",2026-01-31,95010000.0,קסם,,True,False,0.0022,0.0,2090.2200000000003,0.0022,2090.2200000000003,0
5140520,קסם KTF (!) אינדקס Bullet ישראל 2032,"אג""ח חברות שקלי וצמוד",,"אג""ח בארץ- חברות והמרה",2026-01-31,117600000.0,קסם,,True,False,0.0022,0.0,2587.2000000000003,0.0022,2587.2000000000003,0
5140538,קסם KTF (!) אינדקס Bullet שקלי 2031,בריבית קבועה,,"אג""ח בארץ- חברות והמרה",2026-01-31,35800000.0,קסם,,True,False,0.0022,0.0,787.6000000000001,0.0022,787.6000000000001,0
5140546,"אלטשולר שחם מחקה S&P 500 מנוטרלת מט""ח",אמריקה- שווקים מפותחים,,"מניות בחו""ל",2026-01-31,39790000.0,אלטשולר שחם,,True,False,0.0,0.0,0.0,0.0,0.0,0
5140553,פסטרנק שהם 25/75,"אג""ח כללי בארץ- עד 25% מניות",,"אג""ח בארץ - כללי",2026-01-31,12830000.0,איילון,פסטרנק שהם,False,False,0.0059,0.0035,756.9699999999999,0.0024,307.91999999999996,0
5140561,"הראל מחקה אינדקס תעשיות ביטחוניות ארה""ב וישראל מנוטרלת מט""ח",Aerospace & Defense,,"מניות בחו""ל",2026-01-31,101750000.0,הראל,,True,False,0.005,0.0,5087.5,0.005,5087.5,0
5140579,אקהאוס מניות ישראל,מניות All Cap,,מניות בארץ,2026-01-31,23970000.0,איילון,אקהאוס קפיטל,False,False,0.017,0.0035,4074.9,0.013500000000000002,3235.9500000000007,0
5140587,"איילון זבולון מניות חו""ל - נקובת דולר","מניות בחו""ל נקובת מט""ח",,"מניות בחו""ל",2026-01-31,22100000.0,איילון,זבולון שרותי מחקר,False,False,0.0175,0.0035,3867.5000000000005,0.014000000000000002,3094.0000000000005,0
5140595,"MTF מחקה ת""א-נפט וגז","נפט, גז ואנרגיה",,מניות בארץ,2026-01-31,43430000.0,מגדל,,True,False,0.0,0.0,0.0,0.0,0.0,0
5140603,"קסם אקטיב מניות ארה""ב שריעה","ארה""ב חשופת מט""ח",,"מניות בחו""ל",2026-01-31,1840000.0,קסם,,False,False,0.015,0.0035,276.0,0.0115,211.6,0
5140611,אי בי אי קונצרני מדורג,חברות והמרה ללא מניות וללא סימן קריאה,,"אג""ח בארץ- חברות והמרה",2026-01-31,3660000.0,אי.בי.אי,,False,False,0.005,0.0035,183.0,0.0015,54.9,0
5140629,"הראל מחקה אינדקס תשתיות ובינוי ארה""ב וישראל",שילוב ענפים,,"מניות בחו""ל",2026-01-31,8660000.0,הראל,,True,False,0.004,0.0,346.40000000000003,0.004,346.40000000000003,0
5140637,"תכלית US Capital Markets iNDEX TTF מנוטרלת מט""ח",Financial,,"מניות בחו""ל",2026-01-31,20900000.0,מיטב,,True,False,0.005,0.0,1045.0,0.005,1045.0,0
5140645,אלטשולר שחם מחקה A.B US Tech Ex Top 30,Technology,,"מניות בחו""ל",2026-01-31,190000.0,אלטשולר שחם,,True,False,0.008,0.0,15.200000000000001,0.008,15.200000000000001,0
5140652,אלטשולר שחם מחקה אינדקס AAA שקלי,"אג""ח בארץ כללי",,"אג""ח בארץ כללי",2026-01-31,3060000.0,אלטשולר שחם,,True,False,0.0015,0.0,45.9,0.0015,45.9,0
5140660,אלטשולר שחם מחקה אינדקס חברות ניהול השקעות ומסחר בישראל,פיננסים,,מניות בארץ,2026-01-31,29750000.0,אלטשולר שחם,,True,False,0.005,0.0,1487.5,0.005,1487.5,0
5140678,ילין לפידות מחקה S&P 500 Market Leaders נקובה $,אמריקה- שווקים מפותחים,,"מניות בחו""ל",2026-01-31,8920000.0,ילין לפידות,,True,False,0.006999999999999999,0.0,624.4,0.006999999999999999,624.4,0
5140686,אנליסט מניות ממונפת,ממונפות בסיכון גבוה,,ממונפות ואסטרטגיות,2026-01-31,1020000.0,אנליסט,,False,False,0.0375,0.0035,382.5,0.033999999999999996,346.79999999999995,0
5140694,פרופאונד מניות Large & Mid Cap ישראל,מניות Large & Mid Cap,,מניות בארץ,2026-01-31,35140000.0,איילון,פרופאונד,False,False,0.01,0.0035,3514.0,0.006500000000000001,2284.1000000000004,0
5140702,"מור אג""ח חברות + 20%",חברות והמרה עם מניות ללא סימן קריאה,,"אג""ח בארץ- חברות והמרה",2026-01-31,57130000.0,מור,,False,False,0.0079,0.0035,4513.27,0.004400000000000001,2513.7200000000007,0
5140710,"הראל מחקה ת""א SME60 מודל רווחיות משקל שווה",Mid  & Small Cap,,מניות בארץ,2026-01-31,6250000.0,הראל,,True,False,0.004,0.0,250.00000000000003,0.004,250.00000000000003,0
5140728,"הראל מחקה ת""א-90 מודל רווחיות משקל שווה",Mid Cap,,מניות בארץ,2026-01-31,590000.0,הראל,,True,False,0.004,0.0,23.6,0.004,23.6,0
5140736,תכלית TTF אינדקס 150 Cap Mid-Small ישראל,Mid  & Small Cap,,מניות בארץ,2026-01-31,8250000.0,מיטב,,True,False,0.0025,0.0,206.25,0.0025,206.25,0
5140751,אי בי אי ויינשטיין אגד ישראלי,אגד ישראלי,,אגד קרנות,2026-01-31,11930000.0,אי.בי.אי,GREMMY ADVISORS,False,False,0.0,0.0035,0.0,-0.0035,-417.55000000000007,0
5140769,אי בי אי מחקה S&P 500 Equal Weight,אמריקה- שווקים מפותחים,,"מניות בחו""ל",2026-01-31,20250000.0,אי.בי.אי,,True,False,0.0,0.0,0.0,0.0,0.0,0
5140777,קסם KTF אינדקס Bullet דולר 2030 - גלובלי נקובה $,"חברות והמרה חשופת מט""ח",,"אג""ח בחו""ל",2026-01-31,7970000.0,קסם,,True,False,0.004,0.0,318.8,0.004,318.8,0
5140785,מגדל כספית שקלית ללא קונצרני,כספית שקלית ללא קונצרני,,קרן כספית,2026-01-31,1603820000.0,מגדל,,False,False,0.0006,0.001,9622.919999999998,-0.0004000000000000001,-6415.280000000001,1
5140793,קסם Cboe S&P 500 15% Buffer JUL IC KTF - מובנה שנתי,אמריקה- שווקים מפותחים,,"מניות בחו""ל",2026-01-31,2890000.0,קסם,,True,False,0.0075,0.0,216.74999999999997,0.0075,216.74999999999997,0
5140801,ברק אולטרה זהב פי 3,ממונפות בסיכון גבוה,,ממונפות ואסטרטגיות,2026-01-31,37040000.0,ברק,,False,False,0.018000000000000002,0.0035,6667.200000000001,0.014500000000000002,5370.800000000001,0
5140819,"ברק אג""ח ללא מניות","אג""ח כללי בארץ ללא מניות וללא סימן קריאה",,"אג""ח בארץ - כללי",2026-01-31,1190000.0,ברק,,False,False,0.008,0.0035,95.2,0.0045000000000000005,53.550000000000004,0
5140827,"אי בי אי מחקה ת""א-נפט וגז","נפט, גז ואנרגיה",,מניות בארץ,2026-01-31,29140000.0,אי.בי.אי,,True,False,0.0,0.0,0.0,0.0,0.0,0
5140835,"אילים אג""ח מדורגות",חברות והמרה ללא מניות וללא סימן קריאה,,"אג""ח בארץ- חברות והמרה",2026-01-31,1050000.0,אילים,,False,False,0.0059,0.0035,61.949999999999996,0.0024,25.199999999999996,0
5140843,אי בי אי מחקה MarketVector Global Defense,Aerospace & Defense,,"מניות בחו""ל",2026-01-31,43230000.0,אי.בי.אי,,True,False,0.0,0.0,0.0,0.0,0.0,0
5140850,MTF מחקה S&P 500 Momentum,אמריקה- שווקים מפותחים,,"מניות בחו""ל",2026-01-31,12320000.0,מגדל,,True,False,0.0025,0.0,308.0,0.0025,308.0,0
5140868,MTF מחקה (!) אינדקס 0-3 שקלי עד A,בריבית קבועה - קצר,,"אג""ח בארץ- חברות והמרה",2026-01-31,8029999.999999999,מגדל,,True,False,0.0,0.0,0.0,0.0,0.0,0
5140884,"MTF מחקה Bluestar TOP 10 US Listed Alternative Asset Managers מנוטרלת מט""ח",Financial,,"מניות בחו""ל",2026-01-31,4310000.0,מגדל,,True,False,0.005,0.0,215.5,0.005,215.5,0
5140892,"MTF מחקה ת""א - נדל""ן","נדל""ן ובנייה",,מניות בארץ,2026-01-31,45100000.0,מגדל,,True,False,0.0,0.0,0.0,0.0,0.0,0
5140900,"MTF מחקה אינדקס מדינת ישראל - מח""מ 10 קבוע שקלי",ריבית קבועה - ארוך,,"אג""ח בארץ- מדינה",2026-01-31,52850000.0,מגדל,,True,False,0.0,0.0,0.0,0.0,0.0,0
5140918,אלטשולר שחם כספית ניהול נזילות,כספית שקלית עם קונצרני,,קרן כספית,2026-01-31,5513300000.0,אלטשולר שחם,,False,False,0.0006,0.001,33079.799999999996,-0.0004000000000000001,-22053.200000000004,1
5140926,הראל מחקה אינדקס תעשיות ביטחוניות אירופה Top10,Aerospace & Defense,,"מניות בחו""ל",2026-01-31,8450000.0,הראל,,True,False,0.004,0.0,338.0,0.004,338.0,0
5140942,דולפין (!) Israeli global bond נקובה $,"אג""ח נקובת מט""ח",,"אג""ח בחו""ל",2026-01-31,220570000.0,איילון,דולפין 1 השקעות,False,False,0.0069,0.0035,15219.33,0.0034,7499.38,0
5140959,אלטשולר שחם מחקה A.B TLV-NY Israel Top 25,אחר,,מניות בארץ,2026-01-31,320000.0,אלטשולר שחם,,True,False,0.008,0.0,25.6,0.008,25.6,0
5140967,קסם KTF אינדקס תשתיות ובינוי אירופה מנוטרלת אירו,REIT - Real Estate,,"מניות בחו""ל",2026-01-31,17720000.0,קסם,,True,False,0.006999999999999999,0.0,1240.3999999999999,0.006999999999999999,1240.3999999999999,0
5140975,תכלית TTF אינדקס תשתיות חיוניות ובנייה בישראל,שילוב ענפים,,מניות בארץ,2026-01-31,24240000.0,מיטב,,True,False,0.004,0.0,969.6,0.004,969.6,0
5140983,איילון מניות ביטוח,מניות לפי ענפים,,מניות בארץ,2026-01-31,8210000.000000001,איילון,,False,False,0.0059,0.0035,484.39000000000004,0.0024,197.04,0
5140991,הראל מחקה אינדקס לפדיון 2029 (מתגלגל כל 4 שנים),"אג""ח חברות שקלי וצמוד",,"אג""ח בארץ- חברות והמרה",2026-01-31,23680000.0,הראל,,True,False,0.0015,0.0,355.2,0.0015,355.2,0
5141007,MTF מחקה Bloomberg US Analyst Recommendations נקובה $,אמריקה- שווקים מפותחים,,"מניות בחו""ל",2026-01-31,3850000.0,מגדל,,True,False,0.008,0.0,308.0,0.008,308.0,0
5141031,"אי בי אי מחקה אינדקס ת""א Small Cap 60 רווחיות",Small Cap,,מניות בארץ,2026-01-31,12010000.0,אי.בי.אי,,True,False,0.0025,0.0,300.25,0.0025,300.25,0
5141049,"פרופאונד (!) תיק אג""ח + 10%","אג""ח כללי בארץ- עד 10% מניות ועם סימן קריאה",,"אג""ח בארץ - כללי",2026-01-31,17600000.0,איילון,פרופאונד,False,False,0.0069,0.0035,1214.3999999999999,0.0034,598.4,0
5141056,"אלטשולר שחם מחקה ת""א 90",Mid Cap,,מניות בארץ,2026-01-31,7230000.0,אלטשולר שחם,,True,False,0.0,0.0,0.0,0.0,0.0,0
5141064,אלטשולר שחם מחקה תל בונד-צמודות 1-3,בריבית קבועה - קצר,,"אג""ח בארץ- חברות והמרה",2026-01-31,10980000.0,אלטשולר שחם,,True,False,0.0,0.0,0.0,0.0,0.0,0
5141072,MTF מחקה אינדקס פיננסים ישראל Top15,פיננסים,,מניות בארץ,2026-01-31,23450000.0,מגדל,,True,False,0.004,0.0,938.0000000000001,0.004,938.0000000000001,0
5141080,קסם אקטיב סוקוק חשופת דולר - שריעה,"אג""ח חשופת דולר",,"אג""ח בחו""ל",2026-01-31,5050000.0,קסם,,False,False,0.006999999999999999,0.0035,353.49999999999994,0.003499999999999999,176.74999999999994,0
5141098,דולפין כספית שקלית,כספית שקלית עם קונצרני,,קרן כספית,2026-01-31,168200000.0,איילון,דולפין 1 השקעות,False,False,0.0009,0.001,1513.8,-0.00010000000000000005,-168.20000000000007,1
5141106,אי בי אי מדינה + 20%,"אג""ח מדינה כללי- עד 20% מניות",,"אג""ח בארץ- מדינה",2026-01-31,14910000.0,אי.בי.אי,,False,False,0.006,0.0035,894.6,0.0025,372.75,0
5141114,"MTF מחקה S&P 500 Momentum מנוטרלת מט""ח",אמריקה- שווקים מפותחים,,"מניות בחו""ל",2026-01-31,9410000.0,מגדל,,True,False,0.0025,0.0,235.25,0.0025,235.25,0
5141122,"ילין לפידות מחקה quabify אג""ח לפדיון 2031 צמוד",בריבית קבועה,,"אג""ח בארץ- חברות והמרה",2026-01-31,38270000.0,ילין לפידות,,True,False,0.0024,0.0,918.4799999999999,0.0024,918.4799999999999,0
5141130,"ילין לפידות מחקה quabify אג""ח לפדיון 2031 שקלי",בריבית קבועה,,"אג""ח בארץ- חברות והמרה",2026-01-31,11500000.0,ילין לפידות,,True,False,0.0024,0.0,275.99999999999994,0.0024,275.99999999999994,0
5141148,"ילין לפידות מחקה quabify אג""ח לפדיון 2031 מאוזן","אג""ח חברות שקלי וצמוד",,"אג""ח בארץ- חברות והמרה",2026-01-31,3970000.0,ילין לפידות,,True,False,0.0024,0.0,95.27999999999999,0.0024,95.27999999999999,0
5141155,"ילין לפידות מחקה quabify אג""ח לפדיון 2032 מאוזן","אג""ח חברות שקלי וצמוד",,"אג""ח בארץ- חברות והמרה",2026-01-31,6070000.0,ילין לפידות,,True,False,0.0024,0.0,145.67999999999998,0.0024,145.67999999999998,0
5141163,"ילין לפידות מחקה quabify אג""ח לפדיון 2032 שקלי",בריבית קבועה,,"אג""ח בארץ- חברות והמרה",2026-01-31,22670000.0,ילין לפידות,,True,False,0.0024,0.0,544.0799999999999,0.0024,544.0799999999999,0
5141171,"ילין לפידות מחקה quabify אג""ח לפדיון 2032 צמוד",בריבית קבועה,,"אג""ח בארץ- חברות והמרה",2026-01-31,6320000.0,ילין לפידות,,True,False,0.0024,0.0,151.67999999999998,0.0024,151.67999999999998,0
5141189,אי בי אי מניות תעשיות ביטחוניות ישראל,מניות לפי ענפים,,מניות בארץ,2026-01-31,1061050000.0,אי.בי.אי,,False,False,0.0095,0.0035,100799.74999999999,0.006,63663.0,0
5141197,אי בי אי כספית חיסכון,כספית שקלית עם קונצרני,,קרן כספית,2026-01-31,933220000.0,אי.בי.אי,,False,False,0.0007000000000000001,0.001,6532.540000000001,-0.0002999999999999999,-2799.6599999999994,1
5141205,"אלטשולר שחם מחקה ת""א 125",Large & Mid Cap,,מניות בארץ,2026-01-31,37630000.0,אלטשולר שחם,,True,False,0.0,0.0,0.0,0.0,0.0,0
5141213,"MTF מחקה Indxx Building America Infrastructure מנוטרלת מט""ח",שילוב ענפים,,"מניות בחו""ל",2026-01-31,8740000.0,מגדל,,True,False,0.005,0.0,437.0,0.005,437.0,0
5141221,אי בי אי מניות ערך,מניות All Cap,,מניות בארץ,2026-01-31,880000.0,אי.בי.אי,,False,False,0.006999999999999999,0.0035,61.599999999999994,0.003499999999999999,30.79999999999999,0
5141239,אלטשולר שחם מחקה בנקים בישראל A.B,בנקאות ואשראי חוץ בנקאי,,מניות בארץ,2026-01-31,44150000.0,אלטשולר שחם,,True,False,0.0,0.0,0.0,0.0,0.0,0
5141247,אנליסט מניות Mid Cap ישראל,מניות Large & Mid Cap,,מניות בארץ,2026-01-31,2930000.0,אנליסט,,False,False,0.0095,0.0035,278.34999999999997,0.006,175.8,0
5141254,אנליסט מדינה צמודה פלוס,"אג""ח מדינה צמוד מדד- עד 10% מניות",,"אג""ח בארץ- מדינה",2026-01-31,1570000.0,אנליסט,,False,False,0.0058,0.0035,91.05999999999999,0.0022999999999999995,36.10999999999999,0
5141262,"MTF מחקה Indxx Top 10 US-Israel Banks מנוטרלת מט""ח","מניות גלובליות - מנוטרלת מט""ח",,"מניות בחו""ל",2026-01-31,5190000.0,מגדל,,True,False,0.005,0.0,259.5,0.005,259.5,0
5141270,"פינסה (!) תיק אג""ח","אג""ח כללי בארץ ללא מניות עם סימן קריאה",,"אג""ח בארץ - כללי",2026-01-31,78250000.0,סיגמא,פינסה ניהול נכסים,False,False,0.0075,0.0035,5868.749999999999,0.004,3130.0000000000005,0
5141288,אלטשולר שחם מחקה INDXX US Big Data,Technology,,"מניות בחו""ל",2026-01-31,430000.0,אלטשולר שחם,,True,False,0.008,0.0,34.400000000000006,0.008,34.400000000000006,0
5141296,מיטב כספית ג'מבו,כספית שקלית עם קונצרני,,קרן כספית,2026-01-31,109780000.0,מיטב,,False,False,0.0012,0.001,1317.36,0.00019999999999999987,219.55999999999986,1
5141304,מגדל כספית חיסכון,כספית שקלית עם קונצרני,,קרן כספית,2026-01-31,102130000.0,מגדל,,False,False,0.001,0.001,1021.3000000000001,0.0,0.0,1
5141312,קסם KTF אינדקס בנקים ישראל,בנקאות ואשראי חוץ בנקאי,,מניות בארץ,2026-01-31,48080000.0,קסם,,True,False,0.0,0.0,0.0,0.0,0.0,0
5141320,קסם TipRanks Global Momentum Analysts iNDEX KTF מנוטרלת דולר,גלובלי- שווקים מפותחים,,"מניות בחו""ל",2026-01-31,24150000.0,קסם,,True,False,0.006999999999999999,0.0,1690.4999999999998,0.006999999999999999,1690.4999999999998,0
5141353,FOREST כספית,כספית שקלית עם קונצרני,,קרן כספית,2026-01-31,868510000.0,פורסט,,False,False,0.0007000000000000001,0.001,6079.570000000001,-0.0002999999999999999,-2605.5299999999993,1
5141361,מור מחקה Nuclear Energy Industry iNDEX,Alternative / Renewable Energy,,"מניות בחו""ל",2026-01-31,23940000.0,מור,,True,False,0.0,0.0,0.0,0.0,0.0,0
5141387,"אי בי אי תיק מניות חו""ל עד 30% מט""ח","מניות כללי בחו""ל מוגנת מט""ח",,"מניות בחו""ל",2026-01-31,710000.0,אי.בי.אי,,False,False,0.006999999999999999,0.0035,49.699999999999996,0.003499999999999999,24.849999999999994,0
5141395,פורטה Quality Equity USA,"ארה""ב חשופת מט""ח",,"מניות בחו""ל",2026-01-31,214190000.0,סיגמא,פורטה,False,False,0.012,0.0035,25702.8,0.0085,18206.15,0
5141403,"קסם CME CF Bitcoin Reference Rate (BRRNY) KTF מנוטרלת מט""ח",Bitcoin,,נכסים דיגיטליים,2026-01-31,5360000.0,קסם,,True,False,0.005,0.0,268.0,0.005,268.0,0
5141411,מור מניות MID CAP ישראל,מניות Large & Mid Cap,,מניות בארץ,2026-01-31,44730000.0,מור,,False,False,0.0095,0.0035,4249.349999999999,0.006,2683.8,0
5141429,תכלית TTF אינדקס שוק ההון ישראל,פיננסים,,מניות בארץ,2026-01-31,21620000.0,מיטב,,True,False,0.005,0.0,1081.0,0.005,1081.0,0
5141437,"מיטב ת""א 90 פי 3",ממונפות בסיכון גבוה,,ממונפות ואסטרטגיות,2026-01-31,2710000.0,מיטב,,False,False,0.015,0.0035,406.49999999999994,0.0115,311.65000000000003,0
5141445,איילון מניות ביטחוניות,מניות לפי ענפים,,מניות בארץ,2026-01-31,58690000.0,איילון,,False,False,0.008,0.0035,4695.200000000001,0.0045000000000000005,2641.05,0
5141452,ילין לפידות כספית כשרה,כספית שקלית עם קונצרני,,קרן כספית,2026-01-31,123320000.0,ילין לפידות,,False,False,0.0012,0.001,1479.84,0.00019999999999999987,246.63999999999984,1
5141460,הראל מחקה אינדקס לפדיון 2031 (מתגלגל כל 4 שנים),"אג""ח חברות שקלי וצמוד",,"אג""ח בארץ- חברות והמרה",2026-01-31,7290000.0,הראל,,True,False,0.0015,0.0,109.35000000000001,0.0015,109.35000000000001,0
5141478,"קסם KTF ת""א נדל""ן","נדל""ן ובנייה",,מניות בארץ,2026-01-31,5870000.0,קסם,,True,False,0.0,0.0,0.0,0.0,0.0,0
5141486,מיטב בנקים - ביטוח ושוק ההון,מניות לפי ענפים,,מניות בארץ,2026-01-31,5000000.0,מיטב,,False,False,0.0095,0.0035,474.99999999999994,0.006,300.0,0
5141494,קסם MarketVector Global Nuclear Energy Industry Index KTF מנוטרלת דולר,Alternative / Renewable Energy,,"מניות בחו""ל",2026-01-31,2300000.0,קסם,,True,False,0.006,0.0,138.0,0.006,138.0,0
5141502,ב. אלטרנטיב 30/70,"אג""ח כללי בארץ- עד 30% מניות",,"אג""ח בארץ - כללי",2026-01-31,6530000.0,איילון,בסט אלטרנטיב,False,False,0.0078000000000000005,0.0035,509.34,0.0043,280.79,0
5141510,"אקהאוס מניות חו""ל","מניות כללי בחו""ל חשופת מט""ח",,"מניות בחו""ל",2026-01-31,2690000.0,איילון,אקהאוס קפיטל,False,False,0.0175,0.0035,470.75000000000006,0.014000000000000002,376.6,0
5141528,פוקוס 50/50,"אג""ח כללי בארץ - חשיפה מרבית מעל 30% מניות",,"אג""ח בארץ - כללי",2026-01-31,22330000.0,איילון,פוקוס,False,False,0.0089,0.0035,1987.37,0.0054,1205.8200000000002,0
5141536,כרמים 30/70,"אג""ח כללי בארץ- עד 30% מניות",,"אג""ח בארץ - כללי",2026-01-31,13060000.0,איילון,כרמים,False,False,0.0085,0.0035,1110.1000000000001,0.005000000000000001,653.0000000000001,0
5141544,"סיגמא תיק אג""ח + 30%","אג""ח כללי בארץ- עד 30% מניות",,"אג""ח בארץ - כללי",2026-01-31,10640000.0,סיגמא,,False,False,0.0069,0.0035,734.16,0.0034,361.76,0
5141551,גביש מניות ישראל,מניות All Cap,,מניות בארץ,2026-01-31,2490000.0,סיגמא,גביש פיננסים,False,False,0.018500000000000003,0.0035,460.65000000000003,0.015000000000000003,373.5000000000001,0
5141569,"אלטשולר שחם מחקה Nasdaq 100 מנוטרלת מט""ח",אמריקה- שווקים מפותחים,,"מניות בחו""ל",2026-01-31,2410000.0,אלטשולר שחם,,True,False,0.0,0.0,0.0,0.0,0.0,0
5141577,אילים מדינה צמודה פלוס,"אג""ח מדינה צמוד מדד- עד 10% מניות",,"אג""ח בארץ- מדינה",2026-01-31,5170000.0,אילים,,False,False,0.0059,0.0035,305.03,0.0024,124.07999999999998,0
5141585,תמיר פישמן 20/80,"אג""ח כללי בארץ- עד 20% מניות",,"אג""ח בארץ - כללי",2026-01-31,110000.0,תמיר פישמן,,False,False,0.0069,0.0035,7.59,0.0034,3.7399999999999998,0
5141593,תמיר פישמן 30/70,"אג""ח כללי בארץ- עד 30% מניות",,"אג""ח בארץ - כללי",2026-01-31,750000.0,תמיר פישמן,,False,False,0.0069,0.0035,51.75,0.0034,25.5,0
5141601,תמיר פישמן גמישה,גמישות,,גמישות,2026-01-31,1880000.0,תמיר פישמן,,False,False,0.0149,0.0035,280.12,0.0114,214.32000000000002,0
5141619,מיטב מניות גלובלי כשרה,"מניות כללי בחו""ל חשופת מט""ח",,"מניות בחו""ל",2026-01-31,4430000.0,מיטב,,False,False,0.0095,0.0035,420.84999999999997,0.006,265.8,0
5141627,"תכלית LBMA Gold price AM TTF מנוטרלת מט""ח",סחורה,,סחורות,2026-01-31,25260000.0,מיטב,,True,False,0.0095,0.0,2399.7,0.0095,2399.7,0
5141635,אלטשולר שחם מחקה תל בונד-שקלי 5-15,בריבית קבועה - ארוך,,"אג""ח בארץ- חברות והמרה",2026-01-31,520000.0,אלטשולר שחם,,True,False,0.0,0.0,0.0,0.0,0.0,0
5141643,"סיגמא מניות ת""א 125",מניות Large & Mid Cap,,מניות בארץ,2026-01-31,2710000.0,סיגמא,,False,False,0.0125,0.0035,338.75,0.009000000000000001,243.9,0
5141650,סיגמא מניות ערך,מניות All Cap,,מניות בארץ,2026-01-31,4510000.0,סיגמא,,False,False,0.0125,0.0035,563.75,0.009000000000000001,405.90000000000003,0
5141668,"סיגמא אג""ח מדורג ללא מניות",חברות והמרה ללא מניות וללא סימן קריאה,,"אג""ח בארץ- חברות והמרה",2026-01-31,1200000.0,סיגמא,,False,False,0.006500000000000001,0.0035,78.00000000000001,0.0030000000000000005,36.00000000000001,0
5141676,תכלית S&P 500 Momentum TTF,אמריקה- שווקים מפותחים,,"מניות בחו""ל",2026-01-31,3160000.0,מיטב,,True,False,0.0025,0.0,79.0,0.0025,79.0,0
5141684,"תכלית S&P 500 Momentum TTF מנוטרלת מט""ח",אמריקה- שווקים מפותחים,,"מניות בחו""ל",2026-01-31,5120000.0,מיטב,,True,False,0.0025,0.0,128.0,0.0025,128.0,0
5141692,ברק כספית,כספית שקלית עם קונצרני,,קרן כספית,2026-01-31,60020000.0,ברק,,False,False,0.0,0.001,0.0,-0.001,-600.2,1
5141718,תכלית Quantum Computing Ecosystem iNDEX TTF,Technology,,"מניות בחו""ל",2026-01-31,28610000.0,מיטב,,True,False,0.008,0.0,2288.8,0.008,2288.8,0
5141726,קסם CME CF Ethereum Reference Rate (ETHUSDNY) KTF,Ethereum,,נכסים דיגיטליים,2026-01-31,420000.0,קסם,,True,False,0.005,0.0,21.0,0.005,21.0,0
5141734,קסם KTF אינדקס אג''ח תשואות 100-שקלי,בריבית קבועה,,"אג""ח בארץ- חברות והמרה",2026-01-31,54690000.0,קסם,,True,False,0.0022,0.0,1203.18,0.0022,1203.18,0
5141742,ילין לפידות מניות Mid Cap ישראל,מניות Large & Mid Cap,,מניות בארץ,2026-01-31,8830000.0,ילין לפידות,,False,False,0.0095,0.0035,838.8499999999999,0.006,529.8000000000001,0
5141759,"MTF מחקה משולבת ת""א-125 (50%) S&P 500 י(50%) חודשי מנוטרלת מט""ח",אחר,,אחר,2026-01-31,14900000.0,מגדל,,True,False,0.0,0.0,0.0,0.0,0.0,0
5141767,אנליסט תיק השקעות עד 50%,"אג""ח כללי בארץ - חשיפה מרבית מעל 30% מניות",,"אג""ח בארץ - כללי",2026-01-31,7700000.0,אנליסט,,False,False,0.0068000000000000005,0.0035,523.6,0.0033000000000000004,254.10000000000002,0
5141775,"הראל מחקה ת""א בטחוניות",תעשיה,,מניות בארץ,2026-01-31,244310000.0,הראל,,True,False,0.0034999999999999996,0.0,8550.849999999999,0.0034999999999999996,8550.849999999999,0
5141783,"הראל מחקה ת""א תשתיות",תשתיות,,מניות בארץ,2026-01-31,21250000.0,הראל,,True,False,0.0025,0.0,531.25,0.0025,531.25,0
5141791,סלע מניות ערך ישראל,מניות All Cap,,מניות בארץ,2026-01-31,3030000.0,איילון,סלע בית השקעות,False,False,0.0159,0.0035,481.77000000000004,0.012400000000000001,375.72,0
5141809,דולפין מניות Large & Mid Cap ישראל,מניות Large & Mid Cap,,מניות בארץ,2026-01-31,3640000.0,איילון,דולפין 1 השקעות,False,False,0.0159,0.0035,578.7600000000001,0.012400000000000001,451.36,0
5141817,"ATF מחקה אינדקס אג""ח ממשלת ארה""ב - מח""מ דינמי מנוטרלת מט""ח","ממשלתיות מנוטרלת מט""ח - ארוך",,"אג""ח בחו""ל",2026-01-31,2480000.0,אנליסט,,True,False,0.001,0.0,24.8,0.001,24.8,0
5141825,"יתרונות פיננסיים מניות חו""ל","מניות כללי בחו""ל חשופת מט""ח",,"מניות בחו""ל",2026-01-31,21250000.0,איילון,יתרונות פיננסיים,False,False,0.018000000000000002,0.0035,3825.0000000000005,0.014500000000000002,3081.2500000000005,0
5141833,תכלית TTFי Indxx Super Institutional Investors Holdings 13F מנוטרלת דולר,אמריקה- שווקים מפותחים,,"מניות בחו""ל",2026-01-31,4840000.0,מיטב,,True,False,0.006500000000000001,0.0,314.6,0.006500000000000001,314.6,0
5141841,ברק אולטרה נפט WTI פי 3,ממונפות בסיכון גבוה,,ממונפות ואסטרטגיות,2026-01-31,4530000.0,ברק,,False,False,0.018000000000000002,0.0035,815.4000000000001,0.014500000000000002,656.8500000000001,0
5141858,"אי בי אי מחקה S&P Ethereum מנוטרלת מט""ח",Ethereum,,נכסים דיגיטליים,2026-01-31,740000.0,אי.בי.אי,,True,False,0.005,0.0,37.0,0.005,37.0,0
5141866,"אי בי אי מחקה S&P Bitcoin מנוטרלת מט""ח",Bitcoin,,נכסים דיגיטליים,2026-01-31,720000.0,אי.בי.אי,,True,False,0.002,0.0,14.4,0.002,14.4,0
5141874,"מור (!) אג""ח ללא מניות","אג""ח כללי בארץ ללא מניות עם סימן קריאה",,"אג""ח בארץ - כללי",2026-01-31,38130000.0,מור,,False,False,0.0069,0.0035,2630.97,0.0034,1296.42,0
5141882,תכלית TTF אינדקס תעשיות ביטחוניות ישראל,תעשיה,,מניות בארץ,2026-01-31,222170000.0,מיטב,,True,False,0.0034999999999999996,0.0,7775.949999999999,0.0034999999999999996,7775.949999999999,0
5141890,פלקון תיק השקעות גמיש,גמישות,,גמישות,2026-01-31,13600000.0,סיגמא,פלקון,False,False,0.0095,0.0035,1292.0,0.006,816.0,0
5141916,MTF מחקה (S&P Israel 70 MidCap (ILS,Mid Cap,,מניות בארץ,2026-01-31,790000.0,מגדל,,True,False,0.0,0.0,0.0,0.0,0.0,0
5141924,MTF מחקה (S&P Israel 30 LargeCap (ILS,Large Cap,,מניות בארץ,2026-01-31,2290000.0,מגדל,,True,False,0.0,0.0,0.0,0.0,0.0,0
5141932,אלפי בנדק תיק השקעות עד 50%,"אג""ח כללי בארץ - חשיפה מרבית מעל 30% מניות",,"אג""ח בארץ - כללי",2026-01-31,6350000.0,הראל,אלפי בנדק,False,False,0.0085,0.0035,539.75,0.005000000000000001,317.50000000000006,0
5141940,פורצ'ן 30/70,"אג""ח כללי בארץ- עד 30% מניות",,"אג""ח בארץ - כללי",2026-01-31,17770000.0,איילון,פורצ'ן,False,False,0.0089,0.0035,1581.53,0.0054,959.58,0
5141957,קסם KTF (!) אינדקס Bullet ישראל 2035,"אג""ח חברות שקלי וצמוד",,"אג""ח בארץ- חברות והמרה",2026-01-31,4740000.0,קסם,,True,False,0.0022,0.0,104.28000000000002,0.0022,104.28000000000002,0
5141965,קסם KTF (!) אינדקס Bullet ישראל 2034,"אג""ח חברות שקלי וצמוד",,"אג""ח בארץ- חברות והמרה",2026-01-31,11050000.0,קסם,,True,False,0.0022,0.0,243.10000000000002,0.0022,243.10000000000002,0
5141973,קסם KTF (!) אינדקס Bullet ישראל 2033,"אג""ח חברות שקלי וצמוד",,"אג""ח בארץ- חברות והמרה",2026-01-31,5640000.0,קסם,,True,False,0.0022,0.0,124.08000000000001,0.0022,124.08000000000001,0
5142021,"הראל מחקה ת""א נדל""ן-35","נדל""ן ובנייה",,מניות בארץ,2026-01-31,3930000.0,הראל,,True,False,0.0,0.0,0.0,0.0,0.0,0
5142039,"תכלית TTF ת""א נדל""ן-35","נדל""ן ובנייה",,מניות בארץ,2026-01-31,4730000.0,מיטב,,True,False,0.0,0.0,0.0,0.0,0.0,0
5142054,MTF מחקה Crypto Ecosystem iNDEX,Technology,,"מניות בחו""ל",2026-01-31,1780000.0,מגדל,,True,False,0.008,0.0,142.4,0.008,142.4,0
5142088,קסם KTFי MarketVector תעשיות בטחוניות ישראליות,שילוב ענפים,,מניות בארץ,2026-01-31,94200000.0,קסם,,True,False,0.002,0.0,1884.0000000000002,0.002,1884.0000000000002,0
5142096,"קסם KTFי LBMA GOLD PRICE PM USD מנוטרלת מט""ח",סחורה,,סחורות,2026-01-31,2000000.0,קסם,,True,False,0.0095,0.0,189.99999999999997,0.0095,189.99999999999997,0
5231030,הראל שקלית קונצרני פלוס,חברות והמרה שקלי עם מניות,,"אג""ח בארץ- חברות והמרה",2026-01-31,42830000.0,הראל,,False,False,0.0055000000000000005,0.0035,2355.6500000000005,0.0020000000000000005,856.6000000000003,0
5231055,"הראל (!) נבחרת אג""ח","אג""ח כללי בארץ ללא מניות עם סימן קריאה",,"אג""ח בארץ - כללי",2026-01-31,105710000.0,הראל,,False,False,0.0058,0.0035,6131.179999999999,0.0022999999999999995,2431.3299999999995,0
5231097,הראל כספית דולרית,חשופת דולר,,קרן כספית,2026-01-31,42100000.0,הראל,,False,False,0.0078000000000000005,0.001,3283.7999999999997,0.0068000000000000005,2862.8,1
5520044,מיטב סקיי השקעות,גמישות,,גמישות,2026-01-31,249780000.0,מיטב,,False,False,0.015,0.0035,37467.0,0.0115,28724.7,0
