FundBno,ShortName,SubClass,MainClass,SuperClass,eom,fdAUM,ManagerCmp,Manager_ext,IsTracking,IsKerenSal,ManagerFee,DistClassificationVal,Revenues,Net_Fees,Net_Revenues,Is_Caspit
1142538,איביאי טכנולוגיה עילית,קרן טכנולוגיה עילית,,קרן טכנולוגיה עילית,2026-04-30,502400000.0,אי.בי.אי,,True,True,0.013000000000000001,0.0,65312.00000000001,0.013000000000000001,65312.00000000001,0
1143700,"תכלית סל ת""א 35",Large Cap,,מניות בארץ,2026-04-30,3599360000.0,מיטב,,True,True,0.0025,0.0,89984.0,0.0025,89984.0,0
1143718,"תכלית סל ת""א 125",Large & Mid Cap,,מניות בארץ,2026-04-30,6178260000.0,מיטב,,True,True,0.0025,0.0,154456.5,0.0025,154456.5,0
1143726,תכלית סל אינדקס בנקים ישראל,בנקאות ואשראי חוץ בנקאי,,מניות בארץ,2026-04-30,4211090000.0,מיטב,,True,True,0.006,0.0,252665.4,0.006,252665.4,0
1143734,"תכלית סל NASDAQ 100 מנוטרלת מט""ח",אמריקה- שווקים מפותחים,,"מניות בחו""ל",2026-04-30,1315380000.0,מיטב,,True,True,0.008,0.0,105230.40000000001,0.008,105230.40000000001,0
1143742,"תכלית סל Hang Seng China מנוטרלת מט""ח",אסיה ופסיפיק- שווקים מתעוררים,,"מניות בחו""ל",2026-04-30,6490000.0,מיטב,,True,True,0.015,0.0,973.4999999999999,0.015,973.4999999999999,0
1143767,"תכלית סל EURO STOXX 50 מנוטרלת מט""ח",אירופה- כללי,,"מניות בחו""ל",2026-04-30,66470000.0,מיטב,,True,True,0.008,0.0,5317.6,0.008,5317.6,0
1143783,"תכלית סל ת""א 90",Mid Cap,,מניות בארץ,2026-04-30,2710260000.0,מיטב,,True,True,0.006,0.0,162615.6,0.006,162615.6,0
1143791,תכלית סל תל בונד 20 צמודות,בריבית קבועה,,"אג""ח בארץ- חברות והמרה",2026-04-30,655060000.0,מיטב,,True,True,0.0025,0.0,16376.5,0.0025,16376.5,0
1143817,"תכלית סל S&P 500 מנוטרלת מט""ח",אמריקה- שווקים מפותחים,,"מניות בחו""ל",2026-04-30,1589260000.0,מיטב,,True,True,0.008,0.0,127140.80000000002,0.008,127140.80000000002,0
1143825,"תכלית סל DAX מנוטרלת מט""ח",אירופה- שווקים מפותחים,,"מניות בחו""ל",2026-04-30,188860000.0,מיטב,,True,True,0.008,0.0,15108.800000000001,0.008,15108.800000000001,0
1143833,תכלית סל STOXX Europe 600 מנוטרלת אירו,אירופה- כללי,,"מניות בחו""ל",2026-04-30,162940000.0,מיטב,,True,True,0.008,0.0,13035.2,0.008,13035.2,0
1143841,תכלית סל S&P Financial,Financial,,"מניות בחו""ל",2026-04-30,11290000.0,מיטב,,True,True,0.0045000000000000005,0.0,508.05,0.0045000000000000005,508.05,0
1143858,"תכלית סל S&P Industrial מנוטרלת מט""ח",Industrials,,"מניות בחו""ל",2026-04-30,43580000.0,מיטב,,True,True,0.008,0.0,3486.4,0.008,3486.4,0
1143866,תכלית סל MSCI World מנוטרלת דולר,גלובלי- שווקים מפותחים,,"מניות בחו""ל",2026-04-30,47570000.0,מיטב,,True,True,0.008,0.0,3805.6000000000004,0.008,3805.6000000000004,0
1143882,"תכלית סל משולבת S&P Consumer י(50%) S&P Staples י(50%) מנוטרלת מט""ח חודשי","מניות בחו""ל קרן משולבת",,"מניות בחו""ל",2026-04-30,13950000.0,מיטב,,True,True,0.0,0.0,0.0,0.0,0.0,0
1143957,תכלית סל S&P Consumer Discretionary,Consumer Discretionary,,"מניות בחו""ל",2026-04-30,14780000.0,מיטב,,True,True,0.006999999999999999,0.0,1034.6,0.006999999999999999,1034.6,0
1143965,"תכלית סל S&P Technology מנוטרלת מט""ח",Technology,,"מניות בחו""ל",2026-04-30,39990000.0,מיטב,,True,True,0.006,0.0,2399.4,0.006,2399.4,0
1143981,תכלית סל S&P Consumer Staples,Consumer Staples,,"מניות בחו""ל",2026-04-30,10410000.0,מיטב,,True,True,0.006,0.0,624.6,0.006,624.6,0
1143999,תכלית סל S&P Health Care,Health Care,,"מניות בחו""ל",2026-04-30,12640000.0,מיטב,,True,True,0.005,0.0,632.0,0.005,632.0,0
1144013,תכלית סל תל בונד מאגר,"אג""ח חברות שקלי וצמוד",,"אג""ח בארץ- חברות והמרה",2026-04-30,1156670000.0,מיטב,,True,True,0.0025,0.0,28916.75,0.0025,28916.75,0
1144054,"תכלית סל CAC 40 מנוטרלת מט""ח",אירופה- שווקים מפותחים,,"מניות בחו""ל",2026-04-30,8359999.999999999,מיטב,,True,True,0.008,0.0,668.8,0.008,668.8,0
1144104,תכלית סל DAX,אירופה- שווקים מפותחים,,"מניות בחו""ל",2026-04-30,20220000.0,מיטב,,True,True,0.006,0.0,1213.2,0.006,1213.2,0
1144112,תכלית סל MSCI India,אסיה ופסיפיק- שווקים מתעוררים,,"מניות בחו""ל",2026-04-30,14600000.0,מיטב,,True,True,0.012,0.0,1752.0,0.012,1752.0,0
1144161,"תכלית סל ת""א פיננסים",פיננסים,,מניות בארץ,2026-04-30,277560000.0,מיטב,,True,True,0.005,0.0,13878.0,0.005,13878.0,0
1144237,תכלית סל MSCI AC World,"מניות גלובליות - חשופת מט""ח",,"מניות בחו""ל",2026-04-30,304570000.0,מיטב,,True,True,0.01,0.0,30457.0,0.01,30457.0,0
1144252,תכלית סל ISE Cyber Security,Cyber Security,,"מניות בחו""ל",2026-04-30,82990000.0,מיטב,,True,True,0.006,0.0,4979.400000000001,0.006,4979.400000000001,0
1144260,תכלית סל (!) תל בונד תשואות שקל,בריבית קבועה,,"אג""ח בארץ- חברות והמרה",2026-04-30,299860000.0,מיטב,,True,True,0.002,0.0,5997.200000000001,0.002,5997.200000000001,0
1144278,תכלית סל S&P Energy,Energy,,"מניות בחו""ל",2026-04-30,12140000.0,מיטב,,True,True,0.0034999999999999996,0.0,424.9,0.0034999999999999996,424.9,0
1144310,תכלית סל S&P Aerospace & Defense,Aerospace & Defense,,"מניות בחו""ל",2026-04-30,115170000.0,מיטב,,True,True,0.006,0.0,6910.2,0.006,6910.2,0
1144336,תכלית סל MSCI AC World מנוטרלת דולר,"מניות גלובליות - מנוטרלת מט""ח",,"מניות בחו""ל",2026-04-30,309380000.0,מיטב,,True,True,0.006,0.0,18562.8,0.006,18562.8,0
1144377,תכלית סל (!) תל בונד גלובל שקלי,בריבית קבועה,,"אג""ח בארץ- חברות והמרה",2026-04-30,154380000.0,מיטב,,True,True,0.002,0.0,3087.6000000000004,0.002,3087.6000000000004,0
1144385,תכלית סל S&P 500,אמריקה- שווקים מפותחים,,"מניות בחו""ל",2026-04-30,7504950000.0,מיטב,,True,True,0.006999999999999999,0.0,525346.5,0.006999999999999999,525346.5,0
1144401,תכלית סל NASDAQ 100,אמריקה- שווקים מפותחים,,"מניות בחו""ל",2026-04-30,803210000.0,מיטב,,True,True,0.006999999999999999,0.0,56224.7,0.006999999999999999,56224.7,0
1144419,תכלית סל NIKKEI 225,אסיה ופסיפיק- שווקים מפותחים,,"מניות בחו""ל",2026-04-30,138760000.0,מיטב,,True,True,0.006999999999999999,0.0,9713.199999999999,0.006999999999999999,9713.199999999999,0
1144427,תכלית סל EURO STOXX 50,אירופה- כללי,,"מניות בחו""ל",2026-04-30,28570000.0,מיטב,,True,True,0.006,0.0,1714.2,0.006,1714.2,0
1144450,תכלית סל MSCI Emerging Markets,גלובלי- שווקים מתעוררים,,"מניות בחו""ל",2026-04-30,99990000.0,מיטב,,True,True,0.0055000000000000005,0.0,5499.450000000001,0.0055000000000000005,5499.450000000001,0
1144468,"תכלית סל NIKKEI 225 מנוטרלת מט""ח",אסיה ופסיפיק- שווקים מפותחים,,"מניות בחו""ל",2026-04-30,106440000.0,מיטב,,True,True,0.0095,0.0,10111.8,0.0095,10111.8,0
1144484,תכלית סל Russell 2000,אמריקה- שווקים מפותחים,,"מניות בחו""ל",2026-04-30,91130000.0,מיטב,,True,True,0.006,0.0,5467.8,0.006,5467.8,0
1144518,"תכלית סל משולבת מניות ארה""ב חודשי","מניות בחו""ל קרן משולבת",,"מניות בחו""ל",2026-04-30,145630000.0,מיטב,,True,True,0.0,0.0,0.0,0.0,0.0,0
1144526,תכלית סל NASDAQ Biotechnology,Biotechnology,,"מניות בחו""ל",2026-04-30,31550000.0,מיטב,,True,True,0.012,0.0,3786.0,0.012,3786.0,0
1144534,תכלית סל חוזה Bloomberg Brent Crude,סחורה,,סחורות,2026-04-30,11790000.0,מיטב,,True,True,0.015,0.0,1768.4999999999998,0.015,1768.4999999999998,0
1144542,תכלית סל חוזה Bloomberg Silver,סחורה,,סחורות,2026-04-30,79580000.0,מיטב,,True,True,0.015,0.0,11936.999999999998,0.015,11936.999999999998,0
1144559,"תכלית סל ת""א נדל""ן","נדל""ן ובנייה",,מניות בארץ,2026-04-30,234850000.0,מיטב,,True,True,0.0045000000000000005,0.0,10568.25,0.0045000000000000005,10568.25,0
1144575,"תכלית סל ת""א צמיחה",Small Cap,,מניות בארץ,2026-04-30,79370000.0,מיטב,,True,True,0.01,0.0,7937.0,0.01,7937.0,0
1144591,תכלית סל תל גוב-צמודות 0-2,צמודות מדד ממשלתיות - קצר,,"אג""ח בארץ- מדינה",2026-04-30,16420000.000000002,מיטב,,True,True,0.0015,0.0,246.30000000000004,0.0015,246.30000000000004,0
1144609,תכלית סל תל גוב-שקלי 0-2,ריבית קבועה  - קצר,,"אג""ח בארץ- מדינה",2026-04-30,22880000.0,מיטב,,True,True,0.0015,0.0,343.2,0.0015,343.2,0
1144633,"תכלית סל תל גוב-מק""מ","מק""מ",,"אג""ח בארץ- מדינה",2026-04-30,32619999.999999996,מיטב,,True,True,0.0,0.0,0.0,0.0,0.0,0
1144658,"תכלית סל ממונפת ת""א 35 פי 2 חודשי",מניות בארץ,,ממונפות,2026-04-30,32549999.999999996,מיטב,,True,True,0.015,0.0,4882.499999999999,0.015,4882.499999999999,0
1144666,תכלית סל LBMA Gold Price AM,סחורה,,סחורות,2026-04-30,76250000.0,מיטב,,True,True,0.015,0.0,11437.499999999998,0.015,11437.499999999998,0
1144690,תכלית סל תל בונד צמודות-יתר,בריבית קבועה,,"אג""ח בארץ- חברות והמרה",2026-04-30,273480000.0,מיטב,,True,True,0.002,0.0,5469.6,0.002,5469.6,0
1144708,"תכלית סל ממונפת ת""א 35 פי 3 חודשי",מניות בארץ,,ממונפות,2026-04-30,262160000.00000003,מיטב,,True,True,0.0125,0.0,32770.00000000001,0.0125,32770.00000000001,0
1144716,"תכלית סל ממונפת בחסר ת""א 35 פי 2 חודשי",מניות בארץ,,ממונפות,2026-04-30,6310000.0,מיטב,,True,True,0.015,0.0,946.4999999999999,0.015,946.4999999999999,0
1144724,תכלית סל STOXX Europe 600,אירופה- כללי,,"מניות בחו""ל",2026-04-30,47520000.0,מיטב,,True,True,0.006,0.0,2851.2000000000003,0.006,2851.2000000000003,0
1144807,"תכלית סל ת""א נפט וגז","נפט, גז ואנרגיה",,מניות בארץ,2026-04-30,309730000.0,מיטב,,True,True,0.005,0.0,15486.5,0.005,15486.5,0
1144823,תכלית סל תל בונד צמודות בנקים ללא COCO,בריבית קבועה,,"אג""ח בארץ- חברות והמרה",2026-04-30,160800000.0,מיטב,,True,True,0.002,0.0,3216.0000000000005,0.002,3216.0000000000005,0
1144831,"תכלית סל DJ Internet Composite מנוטרלת מט""ח",Internet,,"מניות בחו""ל",2026-04-30,38920000.0,מיטב,,True,True,0.008,0.0,3113.6000000000004,0.008,3113.6000000000004,0
1144849,"תכלית סל S&P Financial מנוטרלת מט""ח",Financial,,"מניות בחו""ל",2026-04-30,26440000.0,מיטב,,True,True,0.005,0.0,1322.0,0.005,1322.0,0
1144856,"תכלית סל FTSE 250 מנוטרלת מט""ח",אירופה- שווקים מפותחים,,"מניות בחו""ל",2026-04-30,11500000.0,מיטב,,True,True,0.01,0.0,1150.0,0.01,1150.0,0
1144906,תכלית סל S&P 500 Dividend Aristocrats,אמריקה- שווקים מפותחים,,"מניות בחו""ל",2026-04-30,31110000.0,מיטב,,True,True,0.006999999999999999,0.0,2177.7,0.006999999999999999,2177.7,0
1144914,"תכלית סל S&P 500 Dividend Aristocrats מנוטרלת מט""ח",אמריקה- שווקים מפותחים,,"מניות בחו""ל",2026-04-30,31940000.0,מיטב,,True,True,0.009000000000000001,0.0,2874.6000000000004,0.009000000000000001,2874.6000000000004,0
1144948,"תכלית סל IPOX 100 US מנוטרלת מט""ח",אמריקה- שווקים מפותחים,,"מניות בחו""ל",2026-04-30,25790000.0,מיטב,,True,True,0.0125,0.0,3223.75,0.0125,3223.75,0
1144955,"תכלית סל S&P MidCap 400 מנוטרלת מט""ח",אמריקה- שווקים מפותחים,,"מניות בחו""ל",2026-04-30,36210000.0,מיטב,,True,True,0.009000000000000001,0.0,3258.9,0.009000000000000001,3258.9,0
1144971,תכלית סל תל גוב-לא צמודות,שקליות ממשלתיות -  אחר,,"אג""ח בארץ- מדינה",2026-04-30,105150000.0,מיטב,,True,True,0.0015,0.0,1577.25,0.0015,1577.25,0
1144997,תכלית סל משולבת אגח ממשלתי (80%) מניות חול (20%) חודשי,"אג""ח מדינה משולבת - חשיפה מרבית מעל 10% מניות",,"אג""ח בארץ- מדינה",2026-04-30,15800000.0,מיטב,,True,True,0.006999999999999999,0.0,1106.0,0.006999999999999999,1106.0,0
1145036,תכלית סל תל דיב,All Cap,,מניות בארץ,2026-04-30,87280000.0,מיטב,,True,True,0.005,0.0,4364.0,0.005,4364.0,0
1145044,"תכלית סל ת""א SME60",Mid  & Small Cap,,מניות בארץ,2026-04-30,223960000.0,מיטב,,True,True,0.01,0.0,22396.0,0.01,22396.0,0
1145085,תכלית סל תל גוב-צמודות 2-5,צמודות מדד ממשלתיות - בינוני,,"אג""ח בארץ- מדינה",2026-04-30,64989999.99999999,מיטב,,True,True,0.0015,0.0,974.8499999999999,0.0015,974.8499999999999,0
1145093,תכלית סל תל בונד 40 צמודות,בריבית קבועה,,"אג""ח בארץ- חברות והמרה",2026-04-30,134880000.0,מיטב,,True,True,0.002,0.0,2697.6000000000004,0.002,2697.6000000000004,0
1145101,תכלית סל תל בונד 60 צמודות,בריבית קבועה,,"אג""ח בארץ- חברות והמרה",2026-04-30,1348540000.0,מיטב,,True,True,0.0025,0.0,33713.5,0.0025,33713.5,0
1145127,"תכלית סל FTSE 100 מנוטרלת מט""ח",אירופה- שווקים מפותחים,,"מניות בחו""ל",2026-04-30,12320000.0,מיטב,,True,True,0.013000000000000001,0.0,1601.6000000000001,0.013000000000000001,1601.6000000000001,0
1145150,תכלית סל תל גוב-שקלי 2-5,ריבית קבועה  - בינוני,,"אג""ח בארץ- מדינה",2026-04-30,47930000.0,מיטב,,True,True,0.0015,0.0,718.95,0.0015,718.95,0
1145168,תכלית סל תל גוב-שקלי 5+,ריבית קבועה - ארוך,,"אג""ח בארץ- מדינה",2026-04-30,52190000.0,מיטב,,True,True,0.0015,0.0,782.85,0.0015,782.85,0
1145176,תכלית סל תל גוב-צמודות 5-10,צמודות מדד ממשלתיות - ארוך,,"אג""ח בארץ- מדינה",2026-04-30,17730000.0,מיטב,,True,True,0.0015,0.0,265.95,0.0015,265.95,0
1145184,תכלית סל תל בונד שקלי,בריבית קבועה,,"אג""ח בארץ- חברות והמרה",2026-04-30,1235560000.0,מיטב,,True,True,0.0025,0.0,30889.0,0.0025,30889.0,0
1145234,"תכלית סל Russell 2000 מנוטרלת מט""ח",אמריקה- שווקים מפותחים,,"מניות בחו""ל",2026-04-30,254850000.0,מיטב,,True,True,0.006999999999999999,0.0,17839.5,0.006999999999999999,17839.5,0
1145242,"תכלית סל משולבת מניות חול מנוטרלת מט""ח חודשי","מניות בחו""ל קרן משולבת",,"מניות בחו""ל",2026-04-30,618700000.0,מיטב,,True,True,0.0,0.0,0.0,0.0,0.0,0
1145259,תכלית סל (!) תל בונד-תשואות צמודות,בריבית קבועה,,"אג""ח בארץ- חברות והמרה",2026-04-30,573910000.0,מיטב,,True,True,0.002,0.0,11478.2,0.002,11478.2,0
1145283,תכלית סל MDAX,אירופה- שווקים מפותחים,,"מניות בחו""ל",2026-04-30,5120000.0,מיטב,,True,True,0.006500000000000001,0.0,332.80000000000007,0.006500000000000001,332.80000000000007,0
1145309,"תכלית סל MDAX מנוטרלת מט""ח",אירופה- שווקים מפותחים,,"מניות בחו""ל",2026-04-30,12880000.0,מיטב,,True,True,0.0085,0.0,1094.8000000000002,0.0085,1094.8000000000002,0
1145333,"תכלית סל S&P Health Care מנוטרלת מט""ח",Health Care,,"מניות בחו""ל",2026-04-30,10630000.0,מיטב,,True,True,0.008,0.0,850.4000000000001,0.008,850.4000000000001,0
1145713,קסם Russell 2000 ETF,אמריקה- שווקים מפותחים,,"מניות בחו""ל",2026-04-30,96600000.0,קסם,,True,True,0.004699999999999999,0.0,4540.199999999999,0.004699999999999999,4540.199999999999,0
1145739,קסם ETF תל גוב-צמודות 5-10,צמודות מדד ממשלתיות - ארוך,,"אג""ח בארץ- מדינה",2026-04-30,101530000.0,קסם,,True,True,0.0015,0.0,1522.95,0.0015,1522.95,0
1145747,קסם MSCI India (!) ETF,אסיה ופסיפיק- שווקים מתעוררים,,"מניות בחו""ל",2026-04-30,397160000.0,קסם,,True,True,0.01,0.0,39716.0,0.01,39716.0,0
1145754,קסם KOSPI 200 (!) ETF,אסיה ופסיפיק- שווקים מפותחים,,"מניות בחו""ל",2026-04-30,293920000.0,קסם,,True,True,0.006,0.0,17635.2,0.006,17635.2,0
1145804,קסם MSCI World ETF,גלובלי- שווקים מפותחים,,"מניות בחו""ל",2026-04-30,53040000.0,קסם,,True,True,0.0083,0.0,4402.32,0.0083,4402.32,0
1145812,קסם MSCI Emerging Markets ETF,גלובלי- שווקים מתעוררים,,"מניות בחו""ל",2026-04-30,614960000.0,קסם,,True,True,0.011399999999999999,0.0,70105.44,0.011399999999999999,70105.44,0
1145820,קסם LBMA Gold Price PM USD ETF,סחורה,,סחורות,2026-04-30,84870000.0,קסם,,True,True,0.0148,0.0,12560.760000000002,0.0148,12560.760000000002,0
1145838,קסם MSCI AC Far East EX Japan ETF,אסיה ופסיפיק- כללי,,"מניות בחו""ל",2026-04-30,30730000.0,קסם,,True,True,0.0095,0.0,2919.35,0.0095,2919.35,0
1145879,קסם DJ Health Care Titans 30 ETF,Health Care,,"מניות בחו""ל",2026-04-30,43100000.0,קסם,,True,True,0.01,0.0,4310.0,0.01,4310.0,0
1145887,קסם ISE Clean Edge Water ETF,Cleantech,,"מניות בחו""ל",2026-04-30,19330000.0,קסם,,True,True,0.008,0.0,1546.4,0.008,1546.4,0
1145903,קסם S&P Energy ETF,Energy,,"מניות בחו""ל",2026-04-30,56680000.0,קסם,,True,True,0.0028000000000000004,0.0,1587.0400000000002,0.0028000000000000004,1587.0400000000002,0
1145911,קסם ETF תל דיב,All Cap,,מניות בארץ,2026-04-30,86060000.0,קסם,,True,True,0.0053,0.0,4561.18,0.0053,4561.18,0
1145929,קסם ETF חוזה Bloomberg Brent Crude,סחורה,,סחורות,2026-04-30,31150000.0,קסם,,True,True,0.015,0.0,4672.5,0.015,4672.5,0
1145945,"קסם NIKKEI 225 ETF מנוטרלת מט""ח",אסיה ופסיפיק- שווקים מפותחים,,"מניות בחו""ל",2026-04-30,80680000.0,קסם,,True,True,0.0123,0.0,9923.640000000001,0.0123,9923.640000000001,0
1145952,"קסם EURO STOXX 50 ETF מנוטרלת מט""ח",אירופה- כללי,,"מניות בחו""ל",2026-04-30,105390000.0,קסם,,True,True,0.0068000000000000005,0.0,7166.5199999999995,0.0068000000000000005,7166.5199999999995,0
1145960,קסם ETF תל בונד 20 צמודות,בריבית קבועה,,"אג""ח בארץ- חברות והמרה",2026-04-30,1081210000.0,קסם,,True,True,0.0025,0.0,27030.25,0.0025,27030.25,0
1145994,"קסם ETF ת""א צמיחה",Small Cap,,מניות בארץ,2026-04-30,18520000.0,קסם,,True,True,0.01,0.0,1852.0,0.01,1852.0,0
1146000,קסם STOXX Europe MID 200 ETF,אירופה- כללי,,"מניות בחו""ל",2026-04-30,8790000.0,קסם,,True,True,0.009000000000000001,0.0,791.1,0.009000000000000001,791.1,0
1146059,"קסם ETF ממונפת בחסר ת""א 35 פי 2 חודשי",מניות בארץ,,ממונפות,2026-04-30,21420000.0,קסם,,True,True,0.0275,0.0,5890.5,0.0275,5890.5,0
1146067,קסם DJ US Dividend ETF,אמריקה- שווקים מפותחים,,"מניות בחו""ל",2026-04-30,92440000.0,קסם,,True,True,0.011399999999999999,0.0,10538.16,0.011399999999999999,10538.16,0
1146091,קסם IBOVESPA (!) ETF,אמריקה- שווקים מתעוררים,,"מניות בחו""ל",2026-04-30,15390000.0,קסם,,True,True,0.01,0.0,1539.0,0.01,1539.0,0
1146125,"קסם ETF ת""א-ביטוח",ביטוח,,מניות בארץ,2026-04-30,774330000.0,קסם,,True,True,0.006500000000000001,0.0,50331.450000000004,0.006500000000000001,50331.450000000004,0
1146133,קסם ETF תל גוב-צמודות 0-2,צמודות מדד ממשלתיות - קצר,,"אג""ח בארץ- מדינה",2026-04-30,22680000.0,קסם,,True,True,0.0015,0.0,340.2,0.0015,340.2,0
1146141,"קסם NASDAQ US BuyBack Achievers ETF מנוטרלת מט""ח",אמריקה- שווקים מפותחים,,"מניות בחו""ל",2026-04-30,56070000.0,קסם,,True,True,0.0108,0.0,6055.56,0.0108,6055.56,0
1146158,קסם ETF תל גוב-צמודות 2-5,צמודות מדד ממשלתיות - בינוני,,"אג""ח בארץ- מדינה",2026-04-30,104390000.0,קסם,,True,True,0.0015,0.0,1565.8500000000001,0.0015,1565.8500000000001,0
1146166,קסם ETF תל גוב-שקלי 0-2,ריבית קבועה  - קצר,,"אג""ח בארץ- מדינה",2026-04-30,24980000.0,קסם,,True,True,0.0,0.0,0.0,0.0,0.0,0
1146174,קסם ETF תל גוב-שקלי 5+,ריבית קבועה - ארוך,,"אג""ח בארץ- מדינה",2026-04-30,59960000.0,קסם,,True,True,0.0015,0.0,899.4,0.0015,899.4,0
1146182,קסם STOXX Europe 600 ETF מנוטרלת אירו,אירופה- כללי,,"מניות בחו""ל",2026-04-30,113010000.0,קסם,,True,True,0.009300000000000001,0.0,10509.930000000002,0.009300000000000001,10509.930000000002,0
1146190,קסם ETF תל גוב-שקלי 2-5,ריבית קבועה  - בינוני,,"אג""ח בארץ- מדינה",2026-04-30,67450000.0,קסם,,True,True,0.0015,0.0,1011.75,0.0015,1011.75,0
1146208,קסם STOXX Europe 600 ETF,אירופה- כללי,,"מניות בחו""ל",2026-04-30,301980000.0,קסם,,True,True,0.0073,0.0,22044.54,0.0073,22044.54,0
1146216,קסם ETF תל בונד 40 צמודות,בריבית קבועה,,"אג""ח בארץ- חברות והמרה",2026-04-30,122590000.0,קסם,,True,True,0.0025,0.0,3064.75,0.0025,3064.75,0
1146224,קסם NASDAQ US BuyBack Achievers ETF,אמריקה- שווקים מפותחים,,"מניות בחו""ל",2026-04-30,62790000.0,קסם,,True,True,0.0078000000000000005,0.0,4897.62,0.0078000000000000005,4897.62,0
1146232,קסם ETF תל בונד 60 צמודות,בריבית קבועה,,"אג""ח בארץ- חברות והמרה",2026-04-30,791650000.0,קסם,,True,True,0.0025,0.0,19791.25,0.0025,19791.25,0
1146240,קסם STOXX Europe MID 200 ETF מנוטרלת אירו,אירופה- כללי,,"מניות בחו""ל",2026-04-30,22970000.0,קסם,,True,True,0.009000000000000001,0.0,2067.3,0.009000000000000001,2067.3,0
1146257,קסם ETF תל גוב-צמודות,צמודות מדד ממשלתיות - אחר,,"אג""ח בארץ- מדינה",2026-04-30,19810000.0,קסם,,True,True,0.0015,0.0,297.15000000000003,0.0015,297.15000000000003,0
1146265,קסם ETF משולבת מניות אירופה חודשי מנוטרלת אירו,"מניות בחו""ל קרן משולבת",,"מניות בחו""ל",2026-04-30,29440000.0,קסם,,True,True,0.0,0.0,0.0,0.0,0.0,0
1146273,"קסם ETF תל גוב-מק""מ","מק""מ",,"אג""ח בארץ- מדינה",2026-04-30,20800000.0,קסם,,True,True,0.0015,0.0,312.0,0.0015,312.0,0
1146281,קסם ETF תל בונד צמודות-בנקים ללא COCO,בריבית קבועה,,"אג""ח בארץ- חברות והמרה",2026-04-30,223870000.0,קסם,,True,True,0.0023,0.0,5149.01,0.0023,5149.01,0
1146307,קסם STOXX Europe 600 Banks ETF מנוטרלת אירו,Banking,,"מניות בחו""ל",2026-04-30,187930000.0,קסם,,True,True,0.0025,0.0,4698.25,0.0025,4698.25,0
1146331,"קסם ETF ת""א 90",Mid Cap,,מניות בארץ,2026-04-30,4024260000.0,קסם,,True,True,0.006,0.0,241455.6,0.006,241455.6,0
1146356,"קסם ETF ת""א 125",Large & Mid Cap,,מניות בארץ,2026-04-30,9897720000.0,קסם,,True,True,0.0025,0.0,247443.0,0.0025,247443.0,0
1146364,"קסם ETF ת""א גלובל בלוטק",טכנולוגיה,,מניות בארץ,2026-04-30,47610000.0,קסם,,True,True,0.004,0.0,1904.4,0.004,1904.4,0
1146372,קסם MDAX ETF,אירופה- שווקים מפותחים,,"מניות בחו""ל",2026-04-30,4470000.0,קסם,,True,True,0.0,0.0,0.0,0.0,0.0,0
1146380,"קסם ETF ממונפת ת""א 35 פי 3 חודשי",מניות בארץ,,ממונפות,2026-04-30,677160000.0,קסם,,True,True,0.0275,0.0,186219.0,0.0275,186219.0,0
1146406,קסם EURO STOXX 50 ETF,אירופה- כללי,,"מניות בחו""ל",2026-04-30,35090000.0,קסם,,True,True,0.008,0.0,2807.2000000000003,0.008,2807.2000000000003,0
1146414,קסם ETF תל בונד שקלי,בריבית קבועה,,"אג""ח בארץ- חברות והמרה",2026-04-30,1535860000.0,קסם,,True,True,0.0025,0.0,38396.5,0.0025,38396.5,0
1146422,"קסם LBMA Gold Price PM USD ETF מנוטרלת מט""ח",סחורה,,סחורות,2026-04-30,241960000.0,קסם,,True,True,0.0148,0.0,35810.08,0.0148,35810.08,0
1146430,קסם ETF אינדקס בנקים ישראל,בנקאות ואשראי חוץ בנקאי,,מניות בארץ,2026-04-30,1892280000.0,קסם,,True,True,0.006500000000000001,0.0,122998.20000000001,0.006500000000000001,122998.20000000001,0
1146448,קסם DJ Industrial Average ETF,אמריקה- שווקים מפותחים,,"מניות בחו""ל",2026-04-30,138250000.0,קסם,,True,True,0.006,0.0,8295.0,0.006,8295.0,0
1146455,קסם ETF חסר תל בונד 40 צמודות (534),"אג""ח בארץ",,ממונפות,2026-04-30,5950000.0,קסם,,True,True,0.005,0.0,297.5,0.005,297.5,0
1146471,קסם S&P 500 ETF,אמריקה- שווקים מפותחים,,"מניות בחו""ל",2026-04-30,5262060000.0,קסם,,True,True,0.006,0.0,315723.60000000003,0.006,315723.60000000003,0
1146497,קסם FTSE 100 ETF,אירופה- שווקים מפותחים,,"מניות בחו""ל",2026-04-30,39930000.0,קסם,,True,True,0.004,0.0,1597.2,0.004,1597.2,0
1146505,קסם NASDAQ 100 ETF,אמריקה- שווקים מפותחים,,"מניות בחו""ל",2026-04-30,1333400000.0,קסם,,True,True,0.0059,0.0,78670.59999999999,0.0059,78670.59999999999,0
1146513,קסם DAX ETF,אירופה- שווקים מפותחים,,"מניות בחו""ל",2026-04-30,98700000.0,קסם,,True,True,0.0053,0.0,5231.1,0.0053,5231.1,0
1146521,קסם FTSE China 50 ETF,אסיה ופסיפיק- שווקים מתעוררים,,"מניות בחו""ל",2026-04-30,19520000.0,קסם,,True,True,0.0095,0.0,1854.3999999999999,0.0095,1854.3999999999999,0
1146539,"קסם ETF ת""א SME60",Mid  & Small Cap,,מניות בארץ,2026-04-30,201940000.0,קסם,,True,True,0.0098,0.0,19790.12,0.0098,19790.12,0
1146547,"קסם ETF ת""א נדל""ן","נדל""ן ובנייה",,מניות בארץ,2026-04-30,476990000.0,קסם,,True,True,0.0053,0.0,25280.47,0.0053,25280.47,0
1146554,"קסם ETF ת""א פיננסים",פיננסים,,מניות בארץ,2026-04-30,680280000.0,קסם,,True,True,0.006,0.0,40816.8,0.006,40816.8,0
1146562,קסם ETF תל גוב-שקלי,ריבית קבועה,,"אג""ח בארץ- מדינה",2026-04-30,191480000.0,קסם,,True,True,0.0015,0.0,2872.2000000000003,0.0015,2872.2000000000003,0
1146570,"קסם ETF ת""א 35",Large Cap,,מניות בארץ,2026-04-30,4832660000.0,קסם,,True,True,0.0025,0.0,120816.5,0.0025,120816.5,0
1146588,"קסם MDAX ETF מנוטרלת מט""ח",אירופה- שווקים מפותחים,,"מניות בחו""ל",2026-04-30,21290000.0,קסם,,True,True,0.0074,0.0,1575.4600000000003,0.0074,1575.4600000000003,0
1146604,"קסם S&P 500 ETF מנוטרלת מט""ח",אמריקה- שווקים מפותחים,,"מניות בחו""ל",2026-04-30,1683970000.0,קסם,,True,True,0.009000000000000001,0.0,151557.30000000002,0.009000000000000001,151557.30000000002,0
1146612,"קסם NASDAQ 100 ETF מנוטרלת מט""ח",אמריקה- שווקים מפותחים,,"מניות בחו""ל",2026-04-30,1230110000.0,קסם,,True,True,0.0089,0.0,109479.79,0.0089,109479.79,0
1146620,"קסם ETF חוזה Bloomberg Brent Crude מנוטרלת מט""ח",סחורה,,סחורות,2026-04-30,36100000.0,קסם,,True,True,0.015,0.0,5414.999999999999,0.015,5414.999999999999,0
1146638,קסם ETF משולבת תל גוב-כללי (65%) וקונצרני ישראל (35%) חודשי,ללא מניות,,"אג""ח בארץ משולבת",2026-04-30,41630000.0,קסם,,True,True,0.0,0.0,0.0,0.0,0.0,0
1146646,קסם ETF תל גוב-כללי,"אג""ח מדינה שיקלי וצמוד",,"אג""ח בארץ- מדינה",2026-04-30,302270000.0,קסם,,True,True,0.0015,0.0,4534.05,0.0015,4534.05,0
1146661,קסם ETF משולבת אגח כללי ישראל (90%) ומניות ישראל (10%) חודשי,עד 10% מניות,,"אג""ח בארץ משולבת",2026-04-30,44750000.0,קסם,,True,True,0.0,0.0,0.0,0.0,0.0,0
1146679,קסם MSCI AC World ETF,"מניות גלובליות - חשופת מט""ח",,"מניות בחו""ל",2026-04-30,149440000.0,קסם,,True,True,0.0095,0.0,14196.8,0.0095,14196.8,0
1146687,"קסם Hang Seng China ETF מנוטרלת מט""ח",אסיה ופסיפיק- שווקים מתעוררים,,"מניות בחו""ל",2026-04-30,14200000.0,קסם,,True,True,0.01,0.0,1420.0,0.01,1420.0,0
1146695,קסם ETF משולבת אגח כללי ישראל (80%) ומניות (20%) חודשי,עד 20% מניות,,"אג""ח בארץ משולבת",2026-04-30,32850000.0,קסם,,True,True,0.0,0.0,0.0,0.0,0.0,0
1146703,"קסם DAX ETF מנוטרלת מט""ח",אירופה- שווקים מפותחים,,"מניות בחו""ל",2026-04-30,64780000.0,קסם,,True,True,0.01,0.0,6478.0,0.01,6478.0,0
1146729,"קסם Russell 2000 ETF מנוטרלת מט""ח",אמריקה- שווקים מפותחים,,"מניות בחו""ל",2026-04-30,104080000.0,קסם,,True,True,0.0034999999999999996,0.0,3642.7999999999997,0.0034999999999999996,3642.7999999999997,0
1146737,קסם MSCI Emerging Markets ETF מנוטרלת דולר,גלובלי- שווקים מתעוררים,,"מניות בחו""ל",2026-04-30,49060000.0,קסם,,True,True,0.013999999999999999,0.0,6868.4,0.013999999999999999,6868.4,0
1146745,"קסם ETF חסר ת""א 35 (5,337.49)",מניות בארץ,,ממונפות,2026-04-30,26740000.0,קסם,,True,True,0.0075,0.0,2005.4999999999998,0.0075,2005.4999999999998,0
1146786,קסם S&P Financial ETF,Financial,,"מניות בחו""ל",2026-04-30,69700000.0,קסם,,True,True,0.0075,0.0,5227.499999999999,0.0075,5227.499999999999,0
1146794,קסם S&P Consumer Discretionary ETF,Consumer Discretionary,,"מניות בחו""ל",2026-04-30,53430000.0,קסם,,True,True,0.0076,0.0,4060.6800000000003,0.0076,4060.6800000000003,0
1146810,"קסם DJ Internet Composite ETF מנוטרלת מט""ח",Internet,,"מניות בחו""ל",2026-04-30,45110000.0,קסם,,True,True,0.01975,0.0,8909.225,0.01975,8909.225,0
1146828,"קסם ETF משולבת מניות MidCap מפותחות חודשי מנוטרלת מט""ח","מניות בחו""ל קרן משולבת",,"מניות בחו""ל",2026-04-30,10460000.0,קסם,,True,True,0.0,0.0,0.0,0.0,0.0,0
1146885,"קסם ETF ת""א נפט וגז","נפט, גז ואנרגיה",,מניות בארץ,2026-04-30,340520000.0,קסם,,True,True,0.006,0.0,20431.2,0.006,20431.2,0
1146919,קסם iBoxx US Liquid Investment Grade Top 30 ETF,"חברות והמרה חשופת מט""ח",,"אג""ח בחו""ל",2026-04-30,12540000.0,קסם,,True,True,0.006,0.0,752.4,0.006,752.4,0
1146927,קסם ETF תל בונד צמודות,בריבית קבועה,,"אג""ח בארץ- חברות והמרה",2026-04-30,73000000.0,קסם,,True,True,0.0025,0.0,1825.0,0.0025,1825.0,0
1146935,קסם ETF תל בונד צמודות-יתר,בריבית קבועה,,"אג""ח בארץ- חברות והמרה",2026-04-30,208630000.0,קסם,,True,True,0.0022,0.0,4589.860000000001,0.0022,4589.860000000001,0
1146943,קסם S&P Homebuilders ETF,REIT - Real Estate,,"מניות בחו""ל",2026-04-30,126270000.0,קסם,,True,True,0.006,0.0,7576.2,0.006,7576.2,0
1146950,קסם ETFי (!) תל בונד-תשואות צמודות,בריבית קבועה,,"אג""ח בארץ- חברות והמרה",2026-04-30,433930000.0,קסם,,True,True,0.0025,0.0,10848.25,0.0025,10848.25,0
1146968,קסם ETF ממונפת S&P 500 פי 3 חודשי,"מניות בחו""ל",,ממונפות,2026-04-30,133720000.0,קסם,,True,True,0.0275,0.0,36773.0,0.0275,36773.0,0
1146976,קסם ETF ממונפת NASDAQ 100 פי 3 חודשי,"מניות בחו""ל",,ממונפות,2026-04-30,506620000.0,קסם,,True,True,0.0275,0.0,139320.5,0.0275,139320.5,0
1146984,קסם ETF ממונפת DAX פי 3 חודשי,"מניות בחו""ל",,ממונפות,2026-04-30,82510000.0,קסם,,True,True,0.0275,0.0,22690.25,0.0275,22690.25,0
1146992,קסם ETF ממונפת בחסר S&P 500 פי 2 חודשי,"מניות בחו""ל",,ממונפות,2026-04-30,11360000.0,קסם,,True,True,0.0275,0.0,3124.0,0.0275,3124.0,0
1147008,קסם ETF ממונפת בחסר NASDAQ 100 פי 2 חודשי,"מניות בחו""ל",,ממונפות,2026-04-30,32189999.999999996,קסם,,True,True,0.0275,0.0,8852.25,0.0275,8852.25,0
1147016,קסם ETF ממונפת בחסר DAX פי 2 חודשי,"מניות בחו""ל",,ממונפות,2026-04-30,10980000.0,קסם,,True,True,0.0275,0.0,3019.5,0.0275,3019.5,0
1147024,"קסם S&P SmallCap 600 ETF מנוטרלת מט""ח",אמריקה- שווקים מפותחים,,"מניות בחו""ל",2026-04-30,57410000.0,קסם,,True,True,0.008,0.0,4592.8,0.008,4592.8,0
1147032,קסם Morningstar Wide Moat Focus ETF,אמריקה- כללי,,"מניות בחו""ל",2026-04-30,117500000.0,קסם,,True,True,0.006500000000000001,0.0,7637.500000000001,0.006500000000000001,7637.500000000001,0
1147040,"קסם ETF משולבת מניות ארה""ב חודשי מנוטרלת מט""ח","מניות בחו""ל קרן משולבת",,"מניות בחו""ל",2026-04-30,109950000.0,קסם,,True,True,0.0,0.0,0.0,0.0,0.0,0
1147057,"קסם ETF משולבת תל גוב-כללי (55%) קונצרני (30%) ומניות (15%) חודשי מנוטרלת מט""ח",עד 20% מניות,,"אג""ח בארץ משולבת",2026-04-30,29420000.0,קסם,,True,True,0.0,0.0,0.0,0.0,0.0,0
1147065,קסם S&P 500 Low Volatility High Dividend ETF,אמריקה- שווקים מפותחים,,"מניות בחו""ל",2026-04-30,15890000.0,קסם,,True,True,0.0098,0.0,1557.22,0.0098,1557.22,0
1147073,קסם MSCI World ETF מנוטרלת דולר,גלובלי- שווקים מפותחים,,"מניות בחו""ל",2026-04-30,33110000.0,קסם,,True,True,0.01,0.0,3311.0,0.01,3311.0,0
1147081,קסם ETF תל בונד מאגר,"אג""ח חברות שקלי וצמוד",,"אג""ח בארץ- חברות והמרה",2026-04-30,919850000.0,קסם,,True,True,0.0025,0.0,22996.25,0.0025,22996.25,0
1147099,"קסם FTSE 250 ETF מנוטרלת מט""ח",אירופה- שווקים מפותחים,,"מניות בחו""ל",2026-04-30,11270000.0,קסם,,True,True,0.005,0.0,563.5,0.005,563.5,0
1147107,"קסם DJ US Dividend ETF מנוטרלת מט""ח",אמריקה- שווקים מפותחים,,"מניות בחו""ל",2026-04-30,23110000.0,קסם,,True,True,0.009300000000000001,0.0,2149.2300000000005,0.009300000000000001,2149.2300000000005,0
1147131,קסם ETFי (!) חסר תל בונד- תשואות צמודות (742.24),"אג""ח בארץ",,ממונפות,2026-04-30,4510000.0,קסם,,True,True,0.005,0.0,225.5,0.005,225.5,0
1147156,"קסם ETF משולבת מניות ארה""ב חודשי","מניות בחו""ל קרן משולבת",,"מניות בחו""ל",2026-04-30,38420000.0,קסם,,True,True,0.0,0.0,0.0,0.0,0.0,0
1147172,קסם S&P Health Care ETF,Health Care,,"מניות בחו""ל",2026-04-30,76050000.0,קסם,,True,True,0.006999999999999999,0.0,5323.499999999999,0.006999999999999999,5323.499999999999,0
1147198,קסם ETFי All-Bond ריבית משתנה שקלי,"אג""ח בארץ כללי",,"אג""ח בארץ כללי",2026-04-30,14490000.0,קסם,,True,True,0.0023,0.0,333.27,0.0023,333.27,0
1147214,"קסם ETF משולבת מניות סקטורים ארה""ב S&P חודשי","מניות בחו""ל קרן משולבת",,"מניות בחו""ל",2026-04-30,18510000.0,קסם,,True,True,0.0,0.0,0.0,0.0,0.0,0
1147230,קסם S&P Technology ETF,Technology,,"מניות בחו""ל",2026-04-30,876220000.0,קסם,,True,True,0.0064,0.0,56078.079999999994,0.0064,56078.079999999994,0
1147263,"קסם iBoxx $ Corps Liquid 3-7 Years ETF מנוטרלת מט""ח","חברות והמרה  מנוטרלת מט""ח - בינוני",,"אג""ח בחו""ל",2026-04-30,60400000.0,קסם,,True,True,0.003,0.0,1812.0,0.003,1812.0,0
1147271,קסם Bluestar Israel Global Technology ETF,Technology,,"מניות בחו""ל",2026-04-30,34720000.0,קסם,,True,True,0.006,0.0,2083.2000000000003,0.006,2083.2000000000003,0
1147297,קסם iBoxx $ Corps Liquid 3-7 Years ETF,"חברות והמרה חשופת מט""ח - בינוני",,"אג""ח בחו""ל",2026-04-30,31920000.0,קסם,,True,True,0.003,0.0,957.6,0.003,957.6,0
1147347,"קסם ETF חסר ת""א SME60י (1913.2)",מניות בארץ,,ממונפות,2026-04-30,270000.0,קסם,,True,True,0.0235,0.0,63.449999999999996,0.0235,63.449999999999996,0
1147362,קסם MSCI AC World ETF מנוטרלת דולר,"מניות גלובליות - מנוטרלת מט""ח",,"מניות בחו""ל",2026-04-30,369960000.0,קסם,,True,True,0.0022,0.0,8139.120000000001,0.0022,8139.120000000001,0
1147396,קסם ETF תל בונד שקלי 3-5,בריבית קבועה - בינוני,,"אג""ח בארץ- חברות והמרה",2026-04-30,52330000.0,קסם,,True,True,0.0025,0.0,1308.25,0.0025,1308.25,0
1147529,קסם S&P Industrial ETF,Industrials,,"מניות בחו""ל",2026-04-30,15070000.0,קסם,,True,True,0.008,0.0,1205.6000000000001,0.008,1205.6000000000001,0
1147545,"קסם FTSE 100 ETF מנוטרלת מט""ח",אירופה- שווקים מפותחים,,"מניות בחו""ל",2026-04-30,11230000.0,קסם,,True,True,0.008,0.0,898.4000000000001,0.008,898.4000000000001,0
1147875,אי בי אי סל LBMA Gold Price AM,סחורה,,סחורות,2026-04-30,115510000.0,אי.בי.אי,,True,True,0.015,0.0,17326.5,0.015,17326.5,0
1147966,אי בי אי סל iBoxx US Liquid Investment Grade Top 30,"חברות והמרה חשופת מט""ח",,"אג""ח בחו""ל",2026-04-30,14890000.0,אי.בי.אי,,True,True,0.002,0.0,297.8,0.002,297.8,0
1147974,אי בי אי סל תל בונד 40 צמודות,בריבית קבועה,,"אג""ח בארץ- חברות והמרה",2026-04-30,196410000.0,אי.בי.אי,,True,True,0.0025,0.0,4910.25,0.0025,4910.25,0
1148006,אי בי אי סל תל בונד 60 צמודות,בריבית קבועה,,"אג""ח בארץ- חברות והמרה",2026-04-30,1024349999.9999999,אי.בי.אי,,True,True,0.0025,0.0,25608.75,0.0025,25608.75,0
1148048,אי בי אי סל תל בונד צמודות,בריבית קבועה,,"אג""ח בארץ- חברות והמרה",2026-04-30,89710000.0,אי.בי.אי,,True,True,0.002,0.0,1794.2,0.002,1794.2,0
1148162,אי בי אי סל S&P 500,אמריקה- שווקים מפותחים,,"מניות בחו""ל",2026-04-30,4083270000.0,אי.בי.אי,,True,True,0.008,0.0,326661.60000000003,0.008,326661.60000000003,0
1148212,"אי בי אי סל S&P Health Care מנוטרלת מט""ח",Health Care,,"מניות בחו""ל",2026-04-30,20700000.0,אי.בי.אי,,True,True,0.008,0.0,1656.0000000000002,0.008,1656.0000000000002,0
1148477,אי בי אי סל תל בונד צמודות A,בריבית קבועה,,"אג""ח בארץ- חברות והמרה",2026-04-30,341370000.0,אי.בי.אי,,True,True,0.0025,0.0,8534.25,0.0025,8534.25,0
1148774,אי בי אי סל אינדקס בנקים ישראל,בנקאות ואשראי חוץ בנקאי,,מניות בארץ,2026-04-30,16128590000.0,אי.בי.אי,,True,True,0.006500000000000001,0.0,1048358.3500000001,0.006500000000000001,1048358.3500000001,0
1148808,"אי בי אי סל ת""א 125",Large & Mid Cap,,מניות בארץ,2026-04-30,3840500000.0,אי.בי.אי,,True,True,0.0034999999999999996,0.0,134417.5,0.0034999999999999996,134417.5,0
1148899,"הראל סל ת""א 125",Large & Mid Cap,,מניות בארץ,2026-04-30,5318270000.0,הראל,,True,True,0.0025,0.0,132956.75,0.0025,132956.75,0
1148907,"הראל סל ת""א 35",Large Cap,,מניות בארץ,2026-04-30,1848080000.0,הראל,,True,True,0.0025,0.0,46202.0,0.0025,46202.0,0
1148931,"הראל סל ת""א 90",Mid Cap,,מניות בארץ,2026-04-30,2875220000.0,הראל,,True,True,0.006,0.0,172513.2,0.006,172513.2,0
1148949,הראל סל אינדקס בנקים ישראל,בנקאות ואשראי חוץ בנקאי,,מניות בארץ,2026-04-30,3313970000.0,הראל,,True,True,0.006,0.0,198838.2,0.006,198838.2,0
1148956,"הראל סל ת""א SME60",Mid  & Small Cap,,מניות בארץ,2026-04-30,103520000.0,הראל,,True,True,0.008,0.0,8281.6,0.008,8281.6,0
1148964,"הראל סל ת""א נדל""ן","נדל""ן ובנייה",,מניות בארץ,2026-04-30,320190000.0,הראל,,True,True,0.006,0.0,19211.4,0.006,19211.4,0
1148980,"הראל סל ת""א פיננסים",פיננסים,,מניות בארץ,2026-04-30,443560000.0,הראל,,True,True,0.006,0.0,26613.600000000002,0.006,26613.600000000002,0
1149020,הראל סל S&P 500,אמריקה- שווקים מפותחים,,"מניות בחו""ל",2026-04-30,5968980000.0,הראל,,True,True,0.006,0.0,358138.8,0.006,358138.8,0
1149038,הראל סל NASDAQ 100,אמריקה- שווקים מפותחים,,"מניות בחו""ל",2026-04-30,420290000.0,הראל,,True,True,0.006999999999999999,0.0,29420.299999999996,0.006999999999999999,29420.299999999996,0
1149053,הראל סל DAX,אירופה- שווקים מפותחים,,"מניות בחו""ל",2026-04-30,45430000.0,הראל,,True,True,0.005,0.0,2271.5,0.005,2271.5,0
1149103,"הראל סל NASDAQ 100 מנוטרלת מט""ח",אמריקה- שווקים מפותחים,,"מניות בחו""ל",2026-04-30,709950000.0,הראל,,True,True,0.008,0.0,56796.00000000001,0.008,56796.00000000001,0
1149137,"הראל סל S&P 500 מנוטרלת מט""ח",אמריקה- שווקים מפותחים,,"מניות בחו""ל",2026-04-30,1124860000.0,הראל,,True,True,0.008,0.0,89988.8,0.008,89988.8,0
1149160,"הראל סל DAX מנוטרלת מט""ח",אמריקה- שווקים מפותחים,,"מניות בחו""ל",2026-04-30,71910000.0,הראל,,True,True,0.008,0.0,5752.8,0.008,5752.8,0
1149228,הראל סל DJ Industrial Average,אמריקה- שווקים מפותחים,,"מניות בחו""ל",2026-04-30,132610000.00000001,הראל,,True,True,0.0045000000000000005,0.0,5967.450000000001,0.0045000000000000005,5967.450000000001,0
1149236,"אי בי אי סל חסר ת""א 90 (6582.848)",מניות בארץ,,ממונפות,2026-04-30,4990000.0,אי.בי.אי,,True,True,0.005,0.0,249.5,0.005,249.5,0
1149244,הראל סל EURO STOXX 50,אירופה- כללי,,"מניות בחו""ל",2026-04-30,26690000.0,הראל,,True,True,0.0045000000000000005,0.0,1201.0500000000002,0.0045000000000000005,1201.0500000000002,0
1149251,"הראל סל NIKKEI 225 מנוטרלת מט""ח",אסיה ופסיפיק- שווקים מפותחים,,"מניות בחו""ל",2026-04-30,71990000.0,הראל,,True,True,0.0078000000000000005,0.0,5615.22,0.0078000000000000005,5615.22,0
1149285,הראל סל S&P Industrial,Industrials,,"מניות בחו""ל",2026-04-30,49340000.0,הראל,,True,True,0.006999999999999999,0.0,3453.7999999999997,0.006999999999999999,3453.7999999999997,0
1149301,הראל סל MSCI Emerging Markets,גלובלי- שווקים מתעוררים,,"מניות בחו""ל",2026-04-30,28460000.0,הראל,,True,True,0.004,0.0,1138.4,0.004,1138.4,0
1149335,הראל סל MSCI AC World,"מניות גלובליות - חשופת מט""ח",,"מניות בחו""ל",2026-04-30,233470000.0,הראל,,True,True,0.0055000000000000005,0.0,12840.850000000002,0.0055000000000000005,12840.850000000002,0
1149772,אי בי אי סל MSCI AC World,"מניות גלובליות - חשופת מט""ח",,"מניות בחו""ל",2026-04-30,740730000.0,אי.בי.אי,,True,True,0.008,0.0,59258.4,0.008,59258.4,0
1149830,"אי בי אי סל DAX מנוטרלת מט""ח",אירופה- שווקים מפותחים,,"מניות בחו""ל",2026-04-30,58280000.0,אי.בי.אי,,True,True,0.008,0.0,4662.400000000001,0.008,4662.400000000001,0
1149848,הראל סל S&P Health Care,Health Care,,"מניות בחו""ל",2026-04-30,53760000.0,הראל,,True,True,0.005,0.0,2688.0,0.005,2688.0,0
1149855,הראל סל S&P Financial,Financial,,"מניות בחו""ל",2026-04-30,53720000.0,הראל,,True,True,0.0045000000000000005,0.0,2417.4,0.0045000000000000005,2417.4,0
1149863,הראל סל S&P Consumer Staples,Consumer Staples,,"מניות בחו""ל",2026-04-30,29930000.0,הראל,,True,True,0.005,0.0,1496.5,0.005,1496.5,0
1149871,הראל סל STOXX Europe 600,אירופה- כללי,,"מניות בחו""ל",2026-04-30,65680000.00000001,הראל,,True,True,0.006,0.0,3940.8000000000006,0.006,3940.8000000000006,0
1149889,הראל סל STOXX Europe 600 מנוטרלת אירו,אירופה- כללי,,"מניות בחו""ל",2026-04-30,74770000.0,הראל,,True,True,0.008,0.0,5981.6,0.008,5981.6,0
1149897,"הראל סל S&P Financial מנוטרלת מט""ח",Financial,,"מניות בחו""ל",2026-04-30,109940000.0,הראל,,True,True,0.005,0.0,5497.0,0.005,5497.0,0
1149905,"הראל סל S&P 500 Low Volatility מנוטרלת מט""ח",אמריקה- שווקים מפותחים,,"מניות בחו""ל",2026-04-30,35970000.0,הראל,,True,True,0.006500000000000001,0.0,2338.05,0.006500000000000001,2338.05,0
1149939,הראל סל S&P Technology,Technology,,"מניות בחו""ל",2026-04-30,637800000.0,הראל,,True,True,0.006,0.0,38268.0,0.006,38268.0,0
1149954,MTF סל תל גוב-שקלי,ריבית קבועה,,"אג""ח בארץ- מדינה",2026-04-30,86670000.0,מגדל,,True,True,0.002,0.0,1733.4,0.002,1733.4,0
1149962,MTF סל תל גוב-שקלי 2-5,ריבית קבועה  - בינוני,,"אג""ח בארץ- מדינה",2026-04-30,99610000.0,מגדל,,True,True,0.0015,0.0,1494.15,0.0015,1494.15,0
1149970,"הראל סל S&P 500 Equal Weight מנוטרלת מט""ח",אמריקה- שווקים מפותחים,,"מניות בחו""ל",2026-04-30,280780000.0,הראל,,True,True,0.004,0.0,11231.2,0.004,11231.2,0
1149988,MTF סל תל בונד 20 צמודות,בריבית קבועה,,"אג""ח בארץ- חברות והמרה",2026-04-30,485290000.0,מגדל,,True,True,0.0025,0.0,12132.25,0.0025,12132.25,0
1149996,MTF סל תל בונד 60 צמודות,בריבית קבועה,,"אג""ח בארץ- חברות והמרה",2026-04-30,786690000.0,מגדל,,True,True,0.0025,0.0,19667.25,0.0025,19667.25,0
1150002,MTF סל תל בונד שקלי,בריבית קבועה,,"אג""ח בארץ- חברות והמרה",2026-04-30,816440000.0,מגדל,,True,True,0.0025,0.0,20411.0,0.0025,20411.0,0
1150010,MTF סל תל גוב-צמודות 2-5,צמודות מדד ממשלתיות - בינוני,,"אג""ח בארץ- מדינה",2026-04-30,88230000.0,מגדל,,True,True,0.0015,0.0,1323.45,0.0015,1323.45,0
1150036,הראל סל S&P Energy,Energy,,"מניות בחו""ל",2026-04-30,24580000.0,הראל,,True,True,0.003,0.0,737.4,0.003,737.4,0
1150051,MTF סל תל גוב-שקלי 5+,ריבית קבועה - ארוך,,"אג""ח בארץ- מדינה",2026-04-30,284810000.0,מגדל,,True,True,0.0015,0.0,4272.150000000001,0.0015,4272.150000000001,0
1150069,MTF סל תל גוב-צמודות 5-10,צמודות מדד ממשלתיות - ארוך,,"אג""ח בארץ- מדינה",2026-04-30,67620000.0,מגדל,,True,True,0.0015,0.0,1014.3000000000001,0.0015,1014.3000000000001,0
1150101,MTF סל תל בונד צמודות,בריבית קבועה,,"אג""ח בארץ- חברות והמרה",2026-04-30,174290000.0,מגדל,,True,True,0.0025,0.0,4357.25,0.0025,4357.25,0
1150119,MTF סל (!) תל - בונד תשואות צמודות,בריבית קבועה,,"אג""ח בארץ- חברות והמרה",2026-04-30,215600000.0,מגדל,,True,True,0.0025,0.0,5390.0,0.0025,5390.0,0
1150135,MTF סל (!) תל בונד גלובל שקלי,בריבית קבועה,,"אג""ח בארץ- חברות והמרה",2026-04-30,142820000.0,מגדל,,True,True,0.0,0.0,0.0,0.0,0.0,0
1150168,MTF סל תל בונד שקלי 50,בריבית קבועה,,"אג""ח בארץ- חברות והמרה",2026-04-30,694910000.0,מגדל,,True,True,0.0025,0.0,17372.75,0.0025,17372.75,0
1150184,"MTF סל ת""א 35",Large Cap,,מניות בארץ,2026-04-30,1507890000.0,מגדל,,True,True,0.0024,0.0,36189.35999999999,0.0024,36189.35999999999,0
1150192,הראל סל ISE Cyber Security מנוטרלת דולר,Cyber Security,,"מניות בחו""ל",2026-04-30,82520000.0,הראל,,True,True,0.006999999999999999,0.0,5776.4,0.006999999999999999,5776.4,0
1150200,הראל סל MSCI AC World מנוטרלת דולר,"מניות גלובליות - מנוטרלת מט""ח",,"מניות בחו""ל",2026-04-30,232160000.0,הראל,,True,True,0.0025,0.0,5804.0,0.0025,5804.0,0
1150226,MTF סל STOXX Europe 600,אירופה- כללי,,"מניות בחו""ל",2026-04-30,74150000.0,מגדל,,True,True,0.004,0.0,2966.0000000000005,0.004,2966.0000000000005,0
1150242,MTF סל RUSSELL 2000,אמריקה- שווקים מפותחים,,"מניות בחו""ל",2026-04-30,64790000.00000001,מגדל,,True,True,0.0024,0.0,1554.96,0.0024,1554.96,0
1150259,"MTF סל ת""א 90",Mid Cap,,מניות בארץ,2026-04-30,2939010000.0,מגדל,,True,True,0.006,0.0,176340.6,0.006,176340.6,0
1150267,"MTF סל ת""א טק-עילית",טכנולוגיה,,מניות בארץ,2026-04-30,83460000.0,מגדל,,True,True,0.005,0.0,4173.0,0.005,4173.0,0
1150275,MTF סל MSCI Emerging Markets,גלובלי- שווקים מתעוררים,,"מניות בחו""ל",2026-04-30,156710000.0,מגדל,,True,True,0.0034999999999999996,0.0,5484.849999999999,0.0034999999999999996,5484.849999999999,0
1150283,"MTF סל ת""א 125",Large & Mid Cap,,מניות בארץ,2026-04-30,5469980000.0,מגדל,,True,True,0.0024,0.0,131279.52,0.0024,131279.52,0
1150333,MTF סל S&P 500,אמריקה- שווקים מפותחים,,"מניות בחו""ל",2026-04-30,5659330000.0,מגדל,,True,True,0.0025,0.0,141483.25,0.0025,141483.25,0
1150341,MTF סל S&P Aerospace & Defense,Aerospace & Defense,,"מניות בחו""ל",2026-04-30,98630000.0,מגדל,,True,True,0.008,0.0,7890.400000000001,0.008,7890.400000000001,0
1150358,MTF סל S&P Consumer Discretionary,Consumer Discretionary,,"מניות בחו""ל",2026-04-30,16309999.999999998,מגדל,,True,True,0.0015,0.0,244.64999999999998,0.0015,244.64999999999998,0
1150366,MTF סל S&P Consumer Staples,Consumer Staples,,"מניות בחו""ל",2026-04-30,18330000.0,מגדל,,True,True,0.0015,0.0,274.95,0.0015,274.95,0
1150374,הראל סל ISE Cyber Security,Cyber Security,,"מניות בחו""ל",2026-04-30,64950000.0,הראל,,True,True,0.006,0.0,3897.0,0.006,3897.0,0
1150382,MTF סל S&P Financial,Financial,,"מניות בחו""ל",2026-04-30,25280000.0,מגדל,,True,True,0.008,0.0,2022.4,0.008,2022.4,0
1150390,MTF סל S&P Health Care,Health Care,,"מניות בחו""ל",2026-04-30,62820000.0,מגדל,,True,True,0.0015,0.0,942.3000000000001,0.0015,942.3000000000001,0
1150408,MTF סל S&P Industrial,Industrials,,"מניות בחו""ל",2026-04-30,70270000.0,מגדל,,True,True,0.0015,0.0,1054.05,0.0015,1054.05,0
1150416,"MTF סל DAX מנוטרלת מט""ח",אירופה- שווקים מפותחים,,"מניות בחו""ל",2026-04-30,99310000.0,מגדל,,True,True,0.0045000000000000005,0.0,4468.950000000001,0.0045000000000000005,4468.950000000001,0
1150424,MTF סל S&P Technology,Technology,,"מניות בחו""ל",2026-04-30,208760000.0,מגדל,,True,True,0.006,0.0,12525.6,0.006,12525.6,0
1150432,"MTF סל S&P Health Care מנוטרלת מט""ח",Health Care,,"מניות בחו""ל",2026-04-30,44810000.0,מגדל,,True,True,0.008,0.0,3584.8,0.008,3584.8,0
1150440,הראל סל תל בונד 20 צמודות,בריבית קבועה,,"אג""ח בארץ- חברות והמרה",2026-04-30,522549999.99999994,הראל,,True,True,0.0025,0.0,13063.75,0.0025,13063.75,0
1150457,"MTF סל S&P Industrial מנוטרלת מט""ח",Industrials,,"מניות בחו""ל",2026-04-30,83080000.0,מגדל,,True,True,0.008,0.0,6646.400000000001,0.008,6646.400000000001,0
1150473,הראל סל תל בונד 60 צמודות,בריבית קבועה,,"אג""ח בארץ- חברות והמרה",2026-04-30,685290000.0,הראל,,True,True,0.0032,0.0,21929.28,0.0032,21929.28,0
1150481,"MTF סל S&P Technology מנוטרלת מט""ח",Technology,,"מניות בחו""ל",2026-04-30,390960000.0,מגדל,,True,True,0.008,0.0,31276.800000000003,0.008,31276.800000000003,0
1150499,הראל סל תל בונד 40 צמודות,בריבית קבועה,,"אג""ח בארץ- חברות והמרה",2026-04-30,110470000.0,הראל,,True,True,0.002,0.0,2209.4,0.002,2209.4,0
1150507,"MTF סל S&P Utilities מנוטרלת מט""ח",Utilities,,"מניות בחו""ל",2026-04-30,98230000.0,מגדל,,True,True,0.0015,0.0,1473.45,0.0015,1473.45,0
1150523,הראל סל תל בונד שקלי,בריבית קבועה,,"אג""ח בארץ- חברות והמרה",2026-04-30,1139020000.0,הראל,,True,True,0.0028000000000000004,0.0,31892.560000000005,0.0028000000000000004,31892.560000000005,0
1150531,"MTF סל NIKKEI 225 מנוטרלת מט""ח",אסיה ופסיפיק- שווקים מפותחים,,"מניות בחו""ל",2026-04-30,119860000.0,מגדל,,True,True,0.0077,0.0,9229.22,0.0077,9229.22,0
1150549,"MTF סל RUSSELL 2000 מנוטרלת מט""ח",אמריקה- שווקים מפותחים,,"מניות בחו""ל",2026-04-30,116610000.0,מגדל,,True,True,0.005,0.0,5830.5,0.005,5830.5,0
1150564,"MTF סל S&P Aerospace & Defense מנוטרלת מט""ח",Aerospace & Defense,,"מניות בחו""ל",2026-04-30,112490000.0,מגדל,,True,True,0.008,0.0,8999.2,0.008,8999.2,0
1150572,"MTF סל S&P 500 מנוטרלת מט""ח",אמריקה- שווקים מפותחים,,"מניות בחו""ל",2026-04-30,2132120000.0,מגדל,,True,True,0.0025,0.0,53303.0,0.0025,53303.0,0
1150598,"MTF סל S&P Financial מנוטרלת מט""ח",Financial,,"מניות בחו""ל",2026-04-30,41760000.0,מגדל,,True,True,0.008,0.0,3340.8,0.008,3340.8,0
1150606,הראל סל תל בונד צמודות,בריבית קבועה,,"אג""ח בארץ- חברות והמרה",2026-04-30,169840000.0,הראל,,True,True,0.0025,0.0,4246.0,0.0025,4246.0,0
1150614,"MTF סל STOXX Europe 600 מנוטרלת מט""ח",אירופה- כללי,,"מניות בחו""ל",2026-04-30,344030000.0,מגדל,,True,True,0.0055000000000000005,0.0,18921.65,0.0055000000000000005,18921.65,0
1150622,הראל סל (!) תל בונד-תשואות צמודות,בריבית קבועה,,"אג""ח בארץ- חברות והמרה",2026-04-30,433640000.0,הראל,,True,True,0.0025,0.0,10841.0,0.0025,10841.0,0
1150663,"MTF סל S&P Consumer Discretionary מנוטרלת מט""ח",Consumer Discretionary,,"מניות בחו""ל",2026-04-30,21510000.0,מגדל,,True,True,0.008,0.0,1720.8000000000002,0.008,1720.8000000000002,0
1150671,הראל סל (!) תל בונד תשואות שקל,בריבית קבועה,,"אג""ח בארץ- חברות והמרה",2026-04-30,227780000.0,הראל,,True,True,0.002,0.0,4555.6,0.002,4555.6,0
1150689,"MTF סל S&P Consumer Staples מנוטרלת מט""ח",Consumer Staples,,"מניות בחו""ל",2026-04-30,51320000.0,מגדל,,True,True,0.006500000000000001,0.0,3335.8,0.006500000000000001,3335.8,0
1150713,הראל סל תל בונד שקלי 50,בריבית קבועה,,"אג""ח בארץ- חברות והמרה",2026-04-30,831240000.0,הראל,,True,True,0.0025,0.0,20781.0,0.0025,20781.0,0
1150721,"MTF סל S&P Energy מנוטרלת מט""ח",Energy,,"מניות בחו""ל",2026-04-30,47890000.0,מגדל,,True,True,0.001,0.0,478.90000000000003,0.001,478.90000000000003,0
1150739,הראל סל (!) תל בונד גלובל שקלי,בריבית קבועה,,"אג""ח בארץ- חברות והמרה",2026-04-30,71440000.0,הראל,,True,True,0.0025,0.0,1786.0,0.0025,1786.0,0
1150747,הראל סל תל בונד שקלי-בנקים וביטוח,בריבית קבועה,,"אג""ח בארץ- חברות והמרה",2026-04-30,146720000.0,הראל,,True,True,0.0034999999999999996,0.0,5135.2,0.0034999999999999996,5135.2,0
1150754,קסם ETF תל בונד צמודות 3-5,בריבית קבועה - בינוני,,"אג""ח בארץ- חברות והמרה",2026-04-30,161090000.0,קסם,,True,True,0.0025,0.0,4027.25,0.0025,4027.25,0
1150762,קסם ETF תל בונד שקלי 50,בריבית קבועה,,"אג""ח בארץ- חברות והמרה",2026-04-30,1053770000.0,קסם,,True,True,0.0025,0.0,26344.25,0.0025,26344.25,0
1150770,קסם ETF (!) תל בונד גלובל שקלי,בריבית קבועה,,"אג""ח בארץ- חברות והמרה",2026-04-30,183240000.0,קסם,,True,True,0.0025,0.0,4581.0,0.0025,4581.0,0
1150796,קסם S&P MidCap 400 ETF,אמריקה- שווקים מפותחים,,"מניות בחו""ל",2026-04-30,22830000.0,קסם,,True,True,0.001,0.0,228.3,0.001,228.3,0
1150861,MTF סל DAX,אירופה- שווקים מפותחים,,"מניות בחו""ל",2026-04-30,42150000.0,מגדל,,True,True,0.0045000000000000005,0.0,1896.7500000000002,0.0045000000000000005,1896.7500000000002,0
1155076,אי בי אי סל כשרה תל בונד 60 צמודות,בריבית קבועה,,"אג""ח בארץ- חברות והמרה",2026-04-30,436060000.0,אי.בי.אי,,True,True,0.0,0.0,0.0,0.0,0.0,0
1155092,הראל סל כשרה תל בונד 60 צמודות,בריבית קבועה,,"אג""ח בארץ- חברות והמרה",2026-04-30,448280000.0,הראל,,True,True,0.0,0.0,0.0,0.0,0.0,0
1155100,תכלית סל (!) כשרה תל בונד-תשואות צמודות,בריבית קבועה,,"אג""ח בארץ- חברות והמרה",2026-04-30,114610000.0,מיטב,,True,True,0.0,0.0,0.0,0.0,0.0,0
1155118,תכלית סל כשרה תל בונד צמודות-יתר,בריבית קבועה,,"אג""ח בארץ- חברות והמרה",2026-04-30,29950000.0,מיטב,,True,True,0.0,0.0,0.0,0.0,0.0,0
1155126,קסם ETF כשרה תל בונד 60 צמודות,בריבית קבועה,,"אג""ח בארץ- חברות והמרה",2026-04-30,313880000.0,קסם,,True,True,0.0,0.0,0.0,0.0,0.0,0
1155159,קסם ETF כשרה תל בונד שקלי,בריבית קבועה,,"אג""ח בארץ- חברות והמרה",2026-04-30,169030000.0,קסם,,True,True,0.0,0.0,0.0,0.0,0.0,0
1155183,תכלית סל כשרה תל בונד שקלי,בריבית קבועה,,"אג""ח בארץ- חברות והמרה",2026-04-30,184560000.0,מיטב,,True,True,0.0,0.0,0.0,0.0,0.0,0
1155191,הראל סל כשרה תל בונד שקלי,בריבית קבועה,,"אג""ח בארץ- חברות והמרה",2026-04-30,178530000.0,הראל,,True,True,0.0,0.0,0.0,0.0,0.0,0
1155324,"אי בי אי סל כשרה ת""א 125",Large & Mid Cap,,מניות בארץ,2026-04-30,895990000.0,אי.בי.אי,,True,True,0.0,0.0,0.0,0.0,0.0,0
1155340,"הראל סל כשרה ת""א 125",Large & Mid Cap,,מניות בארץ,2026-04-30,717020000.0,הראל,,True,True,0.0,0.0,0.0,0.0,0.0,0
1155365,"קסם ETF כשרה ת""א 125",Large & Mid Cap,,מניות בארץ,2026-04-30,869700000.0,קסם,,True,True,0.0,0.0,0.0,0.0,0.0,0
1155373,"תכלית סל כשרה ת""א 125",Large & Mid Cap,,מניות בארץ,2026-04-30,818060000.0,מיטב,,True,True,0.0,0.0,0.0,0.0,0.0,0
1157379,קסם All-Bond ETF-דולר וטופ 5 בתל בונד-20 צמודות,אחר,,"אג""ח בארץ- חברות והמרה",2026-04-30,27760000.0,קסם,,True,True,0.0025,0.0,694.0,0.0025,694.0,0
1157908,קסם S&P U.S. Treasury Bond 1-3 Year ETF,"ממשלתיות חשופת מט""ח - קצר",,"אג""ח בחו""ל",2026-04-30,179200000.0,קסם,,True,True,0.0015,0.0,2688.0,0.0015,2688.0,0
1157916,קסם S&P U.S. Treasury Bond 3-5 Year ETF,"ממשלתיות חשופת מט""ח - בינוני",,"אג""ח בחו""ל",2026-04-30,33570000.0,קסם,,True,True,0.0015,0.0,503.55,0.0015,503.55,0
1157924,קסם S&P U.S. Treasury Bond 7-10 Year ETF,"ממשלתיות חשופת מט""ח - ארוך",,"אג""ח בחו""ל",2026-04-30,204040000.0,קסם,,True,True,0.0015,0.0,3060.6,0.0015,3060.6,0
1157957,קסם NIFTY 50 (!) ETF,אסיה ופסיפיק- שווקים מתעוררים,,"מניות בחו""ל",2026-04-30,31170000.0,קסם,,True,True,0.008,0.0,2493.6000000000004,0.008,2493.6000000000004,0
1158328,MTF סל Indxx USA Cloud Computing,Cloud Computing,,"מניות בחו""ל",2026-04-30,12780000.0,מגדל,,True,True,0.008,0.0,1022.4000000000001,0.008,1022.4000000000001,0
1159698,MTF סל כשרה תל בונד 60 צמודות,בריבית קבועה,,"אג""ח בארץ- חברות והמרה",2026-04-30,156200000.0,מגדל,,True,True,0.0,0.0,0.0,0.0,0.0,0
1159706,MTF סל כשרה תל בונד שקלי,בריבית קבועה,,"אג""ח בארץ- חברות והמרה",2026-04-30,159580000.0,מגדל,,True,True,0.0,0.0,0.0,0.0,0.0,0
1159714,"MTF סל כשרה ת""א-125",Large & Mid Cap,,מניות בארץ,2026-04-30,460730000.0,מגדל,,True,True,0.0,0.0,0.0,0.0,0.0,0
1160159,תכלית סל Indxx US Industrial Real Estate & Logistics,REIT - Real Estate,,"מניות בחו""ל",2026-04-30,67960000.0,מיטב,,True,True,0.008,0.0,5436.8,0.008,5436.8,0
1161033,"תכלית סל חסר ת""א 90 (5767.86)",מניות בארץ,,ממונפות,2026-04-30,9180000.0,מיטב,,True,True,0.005,0.0,459.0,0.005,459.0,0
1161058,"קסם ETF חסר ת""א 90 (6123.68)",מניות בארץ,,ממונפות,2026-04-30,8610000.0,קסם,,True,True,0.004,0.0,344.40000000000003,0.004,344.40000000000003,0
1161827,"הראל סל ת""א טכנולוגיה",טכנולוגיה,,מניות בארץ,2026-04-30,282310000.0,הראל,,True,True,0.0045000000000000005,0.0,12703.95,0.0045000000000000005,12703.95,0
1161884,"קסם ETF חסר ת""א 125 (6727.62)",מניות בארץ,,ממונפות,2026-04-30,8780000.0,קסם,,True,True,0.005,0.0,439.0,0.005,439.0,0
1162189,MTF סל S&P 500 Scored & Screened,אמריקה- שווקים מפותחים,,"מניות בחו""ל",2026-04-30,81120000.0,מגדל,,True,True,0.0,0.0,0.0,0.0,0.0,0
1162361,"MTF סל אינדקס אג""ח בנקים וביטוח - רובד 2","אג""ח חברות שקלי וצמוד",,"אג""ח בארץ- חברות והמרה",2026-04-30,177610000.0,מגדל,,True,True,0.0025,0.0,4440.25,0.0025,4440.25,0
1162783,קסם CSI300 ETF,אסיה ופסיפיק- שווקים מתעוררים,,"מניות בחו""ל",2026-04-30,41210000.0,קסם,,True,True,0.005,0.0,2060.5,0.005,2060.5,0
1165653,"MTF סל ת""א-בנייה","נדל""ן ובנייה",,מניות בארץ,2026-04-30,281390000.0,מגדל,,True,True,0.004,0.0,11255.6,0.004,11255.6,0
1165661,"MTF סל ת""א-מניב ישראל","נדל""ן ובנייה",,מניות בארץ,2026-04-30,371010000.0,מגדל,,True,True,0.004,0.0,14840.400000000001,0.004,14840.400000000001,0
1165810,מור סל S&P 500,אמריקה- שווקים מפותחים,,"מניות בחו""ל",2026-04-30,5804740000.0,מור,,True,True,0.001,0.0,58047.4,0.001,58047.4,0
1165828,"מור סל S&P 500 מנוטרלת מט""ח",אמריקה- שווקים מפותחים,,"מניות בחו""ל",2026-04-30,2992940000.0,מור,,True,True,0.001,0.0,29929.4,0.001,29929.4,0
1165836,מור סל NASDAQ 100,אמריקה- שווקים מפותחים,,"מניות בחו""ל",2026-04-30,765450000.0,מור,,True,True,0.001,0.0,7654.500000000001,0.001,7654.500000000001,0
1165844,"מור סל NASDAQ 100 מנוטרלת מט""ח",אמריקה- שווקים מפותחים,,"מניות בחו""ל",2026-04-30,1789660000.0,מור,,True,True,0.001,0.0,17896.600000000002,0.001,17896.600000000002,0
1166172,"הראל סל כשרה ת""א 90",Mid Cap,,מניות בארץ,2026-04-30,186390000.0,הראל,,True,True,0.0,0.0,0.0,0.0,0.0,0
1167261,"קסם ETF ת""א סקטור-באלאנס",Large & Mid Cap,,מניות בארץ,2026-04-30,212110000.0,קסם,,True,True,0.003,0.0,6363.3,0.003,6363.3,0
1167329,קסם Indxx Climate Change Solutions ETF,Alternative / Renewable Energy,,"מניות בחו""ל",2026-04-30,22350000.0,קסם,,True,True,0.005,0.0,1117.5,0.005,1117.5,0
1167568,"הראל סל ממונפת NASDAQ 100 פי 3 חודשי מנוטרלת מט""ח","מניות בחו""ל",,ממונפות,2026-04-30,64440000.0,הראל,,True,True,0.025,0.0,16110.0,0.025,16110.0,0
1167576,הראל סל ממונפת בחסר NASDAQ 100 פי 2 חודשי,"מניות בחו""ל",,ממונפות,2026-04-30,5630000.0,הראל,,True,True,0.0175,0.0,985.2500000000001,0.0175,985.2500000000001,0
1167584,MTF סל Bluestar Travel & Vacation,Travel,,"מניות בחו""ל",2026-04-30,34290000.0,מגדל,,True,True,0.008,0.0,2743.2000000000003,0.008,2743.2000000000003,0
1168715,קסם ETFי ISE Cyber Security,Cyber Security,,"מניות בחו""ל",2026-04-30,20990000.0,קסם,,True,True,0.0045000000000000005,0.0,944.5500000000001,0.0045000000000000005,944.5500000000001,0
1168723,MTF סל אינדקס אנרגיה מתחדשת ישראל,"נפט, גז ואנרגיה",,מניות בארץ,2026-04-30,440910000.0,מגדל,,True,True,0.005,0.0,22045.5,0.005,22045.5,0
1169333,תכלית סל תל בונד שקלי 50,בריבית קבועה,,"אג""ח בארץ- חברות והמרה",2026-04-30,705840000.0,מיטב,,True,True,0.0015,0.0,10587.6,0.0015,10587.6,0
1169341,"תכלית סל אינדקס ביג טק 30 ארה""ב",Technology,,"מניות בחו""ל",2026-04-30,139140000.0,מיטב,,True,True,0.005,0.0,6957.0,0.005,6957.0,0
1169408,"MTF סל ת""א-טכנולוגיה",טכנולוגיה,,מניות בארץ,2026-04-30,180010000.0,מגדל,,True,True,0.004,0.0,7200.400000000001,0.004,7200.400000000001,0
1169622,הראל סל תל בונד מאגר,"אג""ח חברות שקלי וצמוד",,"אג""ח בארץ- חברות והמרה",2026-04-30,282440000.0,הראל,,True,True,0.0025,0.0,7061.0,0.0025,7061.0,0
1169796,MTF סל Bluestar Top 10 US Banks,Banking,,"מניות בחו""ל",2026-04-30,76610000.0,מגדל,,True,True,0.005,0.0,3830.5,0.005,3830.5,0
1170703,תכלית סל PHLX Semiconductor Sector,Semiconductor,,"מניות בחו""ל",2026-04-30,292180000.0,מיטב,,True,True,0.005,0.0,14609.0,0.005,14609.0,0
1170836,קסם ETF (!) תל בונד-תשואות שקל,בריבית קבועה,,"אג""ח בארץ- חברות והמרה",2026-04-30,271850000.0,קסם,,True,True,0.0025,0.0,6796.25,0.0025,6796.25,0
1170844,קסם ETFי Indxx China Internet,Internet,,"מניות בחו""ל",2026-04-30,18970000.0,קסם,,True,True,0.008,0.0,1517.6000000000001,0.008,1517.6000000000001,0
1171099,"MTF סל חסר ת""א 90 (4574.35)",מניות בארץ,,ממונפות,2026-04-30,49760000.0,מגדל,,True,True,0.0025,0.0,1244.0,0.0025,1244.0,0
1171321,MTF סל אינדקס Shopping Centers REIT,REIT - Real Estate,,"מניות בחו""ל",2026-04-30,64000000.0,מגדל,,True,True,0.008,0.0,5120.0,0.008,5120.0,0
1171586,MTF סל Bluestar China Internet Software,Internet,,"מניות בחו""ל",2026-04-30,3910000.0,מגדל,,True,True,0.001,0.0,39.1,0.001,39.1,0
1171594,MTF סל תל בונד - צמודות A,בריבית קבועה,,"אג""ח בארץ- חברות והמרה",2026-04-30,401310000.0,מגדל,,True,True,0.001,0.0,4013.1000000000004,0.001,4013.1000000000004,0
1172824,MTF סל תל בונד - שקלי A,בריבית קבועה,,"אג""ח בארץ- חברות והמרה",2026-04-30,235290000.0,מגדל,,True,True,0.0,0.0,0.0,0.0,0.0,0
1174119,קסם ETFי MVIS US Listed Semiconductor 25,Semiconductor,,"מניות בחו""ל",2026-04-30,570050000.0,קסם,,True,True,0.0045000000000000005,0.0,25652.25,0.0045000000000000005,25652.25,0
1176031,MTF סל MSCI AC World מנוטרלת דולר,"מניות גלובליות - מנוטרלת מט""ח",,"מניות בחו""ל",2026-04-30,89260000.0,מגדל,,True,True,0.002,0.0,1785.2,0.002,1785.2,0
1176320,קסם ETF תל בונד-צמודות A,בריבית קבועה,,"אג""ח בארץ- חברות והמרה",2026-04-30,105260000.0,קסם,,True,True,0.002,0.0,2105.2000000000003,0.002,2105.2000000000003,0
1176536,"תכלית סל ת""א-בנייה","נדל""ן ובנייה",,מניות בארץ,2026-04-30,158830000.0,מיטב,,True,True,0.0,0.0,0.0,0.0,0.0,0
1178359,"קסם ETF ת""א-בנייה","נדל""ן ובנייה",,מניות בארץ,2026-04-30,166210000.0,קסם,,True,True,0.0025,0.0,4155.25,0.0025,4155.25,0
1181023,MTF סל FTSE China A50,אסיה ופסיפיק- שווקים מתעוררים,,"מניות בחו""ל",2026-04-30,22590000.0,מגדל,,True,True,0.001,0.0,225.9,0.001,225.9,0
1181387,MTF סל Nasdaq 100,אמריקה- שווקים מפותחים,,"מניות בחו""ל",2026-04-30,574190000.0,מגדל,,True,True,0.0,0.0,0.0,0.0,0.0,0
1181445,"MTF סל Nasdaq 100 מנוטרלת מט""ח",אמריקה- שווקים מפותחים,,"מניות בחו""ל",2026-04-30,977050000.0,מגדל,,True,True,0.0,0.0,0.0,0.0,0.0,0
1183953,"MTF סל ת""א-נדל""ן","נדל""ן ובנייה",,מניות בארץ,2026-04-30,334560000.0,מגדל,,True,True,0.004,0.0,13382.400000000001,0.004,13382.400000000001,0
1184092,הראל סל יS&P North American Expanded Tech Software מנוטרלת מט''ח,Technology,,"מניות בחו""ל",2026-04-30,97600000.0,הראל,,True,True,0.005,0.0,4880.0,0.005,4880.0,0
1185123,קסם ETF תל בונד-שקלי 5-15,בריבית קבועה - ארוך,,"אג""ח בארץ- חברות והמרה",2026-04-30,155090000.0,קסם,,True,True,0.0,0.0,0.0,0.0,0.0,0
1186634,"קסם ETF חסר ת""א נדל""ן (2649.49)",מניות בארץ,,ממונפות,2026-04-30,9430000.0,קסם,,True,True,0.01,0.0,943.0,0.01,943.0,0
1187079,MTF סל ממונפת Nasdaq 100 פי 3 חודשי,"מניות בחו""ל",,ממונפות,2026-04-30,79240000.0,מגדל,,True,True,0.013500000000000002,0.0,10697.400000000001,0.013500000000000002,10697.400000000001,0
1187764,מור סל אינדקס בנקים משקל שווה,בנקאות ואשראי חוץ בנקאי,,מניות בארץ,2026-04-30,3258760000.0,מור,,True,True,0.005,0.0,162938.0,0.005,162938.0,0
1188069,MTF סל ממונפת בחסר Nasdaq 100 פי 2 חודשי,"מניות בחו""ל",,ממונפות,2026-04-30,3420000.0,מגדל,,True,True,0.0,0.0,0.0,0.0,0.0,0
1189018,קסם ETF אינדקס ערך עולמי,"מניות גלובליות - חשופת מט""ח",,"מניות בחו""ל",2026-04-30,930190000.0,קסם,,True,True,0.004,0.0,37207.600000000006,0.004,37207.600000000006,0
1189372,קסם ETF אינדקס צמיחה עולמי,"מניות גלובליות - חשופת מט""ח",,"מניות בחו""ל",2026-04-30,903730000.0,קסם,,True,True,0.004,0.0,36149.200000000004,0.004,36149.200000000004,0
1189596,תכלית סל אינדקס ערך עולמי מנוטרלת דולר,"מניות גלובליות - מנוטרלת מט""ח",,"מניות בחו""ל",2026-04-30,621260000.0,מיטב,,True,True,0.004,0.0,24850.4,0.004,24850.4,0
1189604,תכלית סל אינדקס צמיחה עולמי,"מניות גלובליות - חשופת מט""ח",,"מניות בחו""ל",2026-04-30,711060000.0,מיטב,,True,True,0.004,0.0,28442.4,0.004,28442.4,0
1189802,קסם ETF ממונפת בחסר חוזה Bloomberg Brent Crude פי 2 חודשי,סחורה,,ממונפות,2026-04-30,9390000.0,קסם,,True,True,0.015,0.0,1408.4999999999998,0.015,1408.4999999999998,0
1189810,MTF סל אינדקס צמיחה עולמי,"מניות גלובליות - חשופת מט""ח",,"מניות בחו""ל",2026-04-30,908580000.0,מגדל,,True,True,0.0012,0.0,10902.96,0.0012,10902.96,0
1189828,MTF סל אינדקס ערך עולמי,"מניות גלובליות - חשופת מט""ח",,"מניות בחו""ל",2026-04-30,932870000.0,מגדל,,True,True,0.0012,0.0,11194.439999999999,0.0012,11194.439999999999,0
1190347,"אי בי אי סל אינדקס מומנטום ארה""ב מנוטרלת מט""ח",אמריקה- שווקים מפותחים,,"מניות בחו""ל",2026-04-30,1121570000.0,אי.בי.אי,,True,True,0.004,0.0,44862.8,0.004,44862.8,0
1190354,אי בי אי סל אינדקס ערך עולמי,"מניות גלובליות - חשופת מט""ח",,"מניות בחו""ל",2026-04-30,458970000.0,אי.בי.אי,,True,True,0.004,0.0,18358.800000000003,0.004,18358.800000000003,0
1190362,אי בי אי סל אינדקס צמיחה עולמי,"מניות גלובליות - חשופת מט""ח",,"מניות בחו""ל",2026-04-30,474360000.0,אי.בי.אי,,True,True,0.004,0.0,18974.4,0.004,18974.4,0
1190685,הראל סל אינדקס ישראל 100 רווחיות משקל שווה,Large & Mid Cap,,מניות בארץ,2026-04-30,461350000.0,הראל,,True,True,0.0025,0.0,11533.75,0.0025,11533.75,0
1190776,הראל סל תל בונד צמודות-בנקים ללא COCO,בריבית קבועה,,"אג""ח בארץ- חברות והמרה",2026-04-30,31370000.0,הראל,,True,True,0.002,0.0,627.4000000000001,0.002,627.4000000000001,0
1190859,"הראל סל אינדקס מומנטום ארה""ב",אמריקה- שווקים מפותחים,,"מניות בחו""ל",2026-04-30,375290000.0,הראל,,True,True,0.005,0.0,18764.5,0.005,18764.5,0
1191881,MTF סל iBoxx US Liquid Investment Grade Top 30,"חברות והמרה חשופת מט""ח",,"אג""ח בחו""ל",2026-04-30,116630000.0,מגדל,,True,True,0.0025,0.0,2915.75,0.0025,2915.75,0
1192384,"קסם ETF אינדקס מדינה צמוד- מח""מ 5 קבוע",צמודות מדד ממשלתיות - בינוני,,"אג""ח בארץ- מדינה",2026-04-30,166110000.0,קסם,,True,True,0.001,0.0,1661.1000000000001,0.001,1661.1000000000001,0
1192392,"קסם ETF אינדקס מדינה שקלי- מח""מ 5 קבוע",ריבית קבועה  - בינוני,,"אג""ח בארץ- מדינה",2026-04-30,174400000.0,קסם,,True,True,0.001,0.0,1744.0000000000002,0.001,1744.0000000000002,0
1193044,MTF סל תל בונד-שקלי 5-15,בריבית קבועה - ארוך,,"אג""ח בארץ- חברות והמרה",2026-04-30,74410000.0,מגדל,,True,True,0.0,0.0,0.0,0.0,0.0,0
1193051,MTF סל תל בונד-שקלי 1-3,בריבית קבועה - קצר,,"אג""ח בארץ- חברות והמרה",2026-04-30,96660000.0,מגדל,,True,True,0.0,0.0,0.0,0.0,0.0,0
1193069,MTF סל תל גוב - כללי,"אג""ח מדינה שיקלי וצמוד",,"אג""ח בארץ- מדינה",2026-04-30,229920000.0,מגדל,,True,True,0.0,0.0,0.0,0.0,0.0,0
1193127,MTF סל תל בונד-צמודות 1-3,בריבית קבועה - קצר,,"אג""ח בארץ- חברות והמרה",2026-04-30,188180000.0,מגדל,,True,True,0.0025,0.0,4704.5,0.0025,4704.5,0
1193135,MTF סל תל בונד-צמודות 5-15,בריבית קבועה - ארוך,,"אג""ח בארץ- חברות והמרה",2026-04-30,55120000.0,מגדל,,True,True,0.0,0.0,0.0,0.0,0.0,0
1193317,MTF סל תל בונד-מאגר,"אג""ח חברות שקלי וצמוד",,"אג""ח בארץ- חברות והמרה",2026-04-30,853790000.0,מגדל,,True,True,0.002,0.0,17075.800000000003,0.002,17075.800000000003,0
1193614,קסם ETF תל בונד-צמודות 1-3,בריבית קבועה - קצר,,"אג""ח בארץ- חברות והמרה",2026-04-30,228780000.0,קסם,,True,True,0.0025,0.0,5719.5,0.0025,5719.5,0
1193648,קסם ETF תל בונד צמודות AA-AAA,בריבית קבועה,,"אג""ח בארץ- חברות והמרה",2026-04-30,183600000.0,קסם,,True,True,0.0025,0.0,4590.0,0.0025,4590.0,0
1193655,קסם ETF תל בונד שקלי A,בריבית קבועה,,"אג""ח בארץ- חברות והמרה",2026-04-30,209980000.0,קסם,,True,True,0.0025,0.0,5249.5,0.0025,5249.5,0
1193663,קסם ETF תל בונד שקלי AA-AAA,בריבית קבועה,,"אג""ח בארץ- חברות והמרה",2026-04-30,125680000.0,קסם,,True,True,0.0025,0.0,3142.0,0.0025,3142.0,0
1193671,קסם ETF תל בונד צמודות 5-15,בריבית קבועה - ארוך,,"אג""ח בארץ- חברות והמרה",2026-04-30,106450000.0,קסם,,True,True,0.0015,0.0,1596.75,0.0015,1596.75,0
1193689,קסם ETF תל בונד שקלי 1-3,בריבית קבועה - קצר,,"אג""ח בארץ- חברות והמרה",2026-04-30,146460000.0,קסם,,True,True,0.0025,0.0,3661.5,0.0025,3661.5,0
1193713,"קסם S&P Financial ETF מנוטרלת מט""ח",Financial,,"מניות בחו""ל",2026-04-30,57600000.0,קסם,,True,True,0.005,0.0,2880.0,0.005,2880.0,0
1193739,"קסם S&P Technology ETF מנוטרלת מט""ח",Technology,,"מניות בחו""ל",2026-04-30,63500000.0,קסם,,True,True,0.008,0.0,5080.0,0.008,5080.0,0
1193747,"קסם S&P MidCap 400 ETF מנוטרלת מט""ח",אמריקה- שווקים מפותחים,,"מניות בחו""ל",2026-04-30,75450000.0,קסם,,True,True,0.006,0.0,4527.0,0.006,4527.0,0
1193754,"קסם S&P Consumer Discretionary ETF מנוטרלת מט""ח",Consumer Discretionary,,"מניות בחו""ל",2026-04-30,31340000.0,קסם,,True,True,0.008,0.0,2507.2000000000003,0.008,2507.2000000000003,0
1193762,"קסם S&P Regional Banks ETF מנוטרלת מט""ח",Banking,,"מניות בחו""ל",2026-04-30,17300000.0,קסם,,True,True,0.008,0.0,1384.0,0.008,1384.0,0
1193788,"קסם S&P Consumer Staples ETF מנוטרלת מט""ח",Consumer Staples,,"מניות בחו""ל",2026-04-30,13960000.0,קסם,,True,True,0.006999999999999999,0.0,977.1999999999999,0.006999999999999999,977.1999999999999,0
1193820,קסם S&P Consumer Staples ETF,Consumer Staples,,"מניות בחו""ל",2026-04-30,12990000.0,קסם,,True,True,0.006999999999999999,0.0,909.3,0.006999999999999999,909.3,0
1194067,קסם MSCI ACWI Sustainable Development ETF,"מניות גלובליות - חשופת מט""ח",,"מניות בחו""ל",2026-04-30,50710000.0,קסם,,True,True,0.005,0.0,2535.5,0.005,2535.5,0
1194141,הראל Multi-Strategy - קרן גידור בנאמנות,קרן גידור בנאמנות,,קרן גידור בנאמנות,2026-04-30,1125870000.0,הראל,קרן טוליפ קפיטל,False,False,0.015,0.0035,168880.49999999997,0.0115,129475.05,0
1194158,סיגמא לונג/שורט מניות - קרן גידור בנאמנות,קרן גידור בנאמנות,,קרן גידור בנאמנות,2026-04-30,135380000.0,סיגמא,,False,False,0.013500000000000002,0.0035,18276.300000000003,0.010000000000000002,13538.000000000002,0
1194166,"סיגמא לונג/שורט אג""ח - קרן גידור בנאמנות",קרן גידור בנאמנות,,קרן גידור בנאמנות,2026-04-30,110300000.0,סיגמא,,False,False,0.0079,0.0035,8713.7,0.004400000000000001,4853.200000000002,0
1194182,"הראל אסטרטגיות מניות חו""ל - קרן גידור בנאמנות",קרן גידור בנאמנות,,קרן גידור בנאמנות,2026-04-30,232340000.0,הראל,גלוסקה השקעות,False,False,0.0125,0.0035,29042.5,0.009000000000000001,20910.600000000002,0
1194208,איביאי Macro Strategies קרן גידור בנאמנות,קרן גידור בנאמנות,,קרן גידור בנאמנות,2026-04-30,113760000.0,אי.בי.אי,IGS CAPITAL,False,False,0.015,0.0035,17064.0,0.0115,13082.4,0
1194216,ילין לפידות Multi-Strategy קרן גידור בנאמנות,קרן גידור בנאמנות,,קרן גידור בנאמנות,2026-04-30,177060000.0,ילין לפידות,,False,False,0.015,0.0035,26558.999999999996,0.0115,20361.9,0
1194224,מיטב סקיי Multi Strategy קרן גידור בנאמנות,קרן גידור בנאמנות,,קרן גידור בנאמנות,2026-04-30,88450000.0,מיטב,רונן זכריה השקעות,False,False,0.013500000000000002,0.0035,11940.750000000002,0.010000000000000002,8845.000000000002,0
1194232,מיטב לונג שורט מניות קרן גידור בנאמנות,קרן גידור בנאמנות,,קרן גידור בנאמנות,2026-04-30,172340000.0,מיטב,דנרב השקעות,False,False,0.013500000000000002,0.0035,23265.900000000005,0.010000000000000002,17234.000000000004,0
1194240,מיטב iQM לונג שורט ישראל קרן גידור בנאמנות,קרן גידור בנאמנות,,קרן גידור בנאמנות,2026-04-30,13800000.0,מיטב,,False,False,0.013500000000000002,0.0035,1863.0000000000005,0.010000000000000002,1380.0000000000002,0
1194265,מגדל Israel Quantitative Strategies - קרן גידור בנאמנות,קרן גידור בנאמנות,,קרן גידור בנאמנות,2026-04-30,46330000.0,מגדל,,False,False,0.015,0.0035,6949.499999999999,0.0115,5327.95,0
1194273,"מור (!) אסטרטגיות אג""ח קרן גידור בנאמנות",קרן גידור בנאמנות,,קרן גידור בנאמנות,2026-04-30,807730000.0,מור,,False,False,0.0088,0.0035,71080.24,0.005300000000000001,42809.69000000001,0
1194281,אושן יצירה Multi-Strategy קרן גידור בנאמנות,קרן גידור בנאמנות,,קרן גידור בנאמנות,2026-04-30,30040000.0,סיגמא,אושן פרטנרס,False,False,0.015,0.0035,4506.0,0.0115,3454.6,0
1194315,אימפקט לונג/שורט - קרן גידור בנאמנות,קרן גידור בנאמנות,,קרן גידור בנאמנות,2026-04-30,61180000.0,איילון,אימפקט,False,False,0.015,0.0035,9177.0,0.0115,7035.7,0
1194323,פסטרנק שהם לונג/שורט - קרן גידור בנאמנות,קרן גידור בנאמנות,,קרן גידור בנאמנות,2026-04-30,238620000.0,איילון,פסטרנק שהם,False,False,0.0125,0.0035,29827.5,0.009000000000000001,21475.800000000003,0
1194356,"אנליסט נדל""ן ישראל - חו""ל Multi Strategy- קרן גידור בנאמנות",קרן גידור בנאמנות,,קרן גידור בנאמנות,2026-04-30,34790000.0,אנליסט,,False,False,0.015,0.0035,5218.499999999999,0.0115,4000.85,0
1194364,אנליסט מניות Multi Strategy- קרן גידור בנאמנות,קרן גידור בנאמנות,,קרן גידור בנאמנות,2026-04-30,63180000.0,אנליסט,,False,False,0.015,0.0035,9477.0,0.0115,7265.7,0
1194380,"מור סל ת""א-35",Large Cap,,מניות בארץ,2026-04-30,969300000.0,מור,,True,True,0.002,0.0,19386.0,0.002,19386.0,0
1195304,מור סל תל בונד 60 צמודות,בריבית קבועה,,"אג""ח בארץ- חברות והמרה",2026-04-30,174600000.0,מור,,True,True,0.0025,0.0,4365.0,0.0025,4365.0,0
1195312,מור סל תל בונד מאגר,אחר,,"אג""ח בארץ- חברות והמרה",2026-04-30,596960000.0,מור,,True,True,0.002,0.0,11939.2,0.002,11939.2,0
1196146,"מור סל ת""א-90",Mid Cap,,מניות בארץ,2026-04-30,1217810000.0,מור,,True,True,0.0045000000000000005,0.0,54801.450000000004,0.0045000000000000005,54801.450000000004,0
1196153,"מור סל ת""א-125",Large & Mid Cap,,מניות בארץ,2026-04-30,2057980000.0,מור,,True,True,0.002,0.0,41159.600000000006,0.002,41159.600000000006,0
1196187,הורייזן לונג/שורט - קרן גידור בנאמנות,קרן גידור בנאמנות,,קרן גידור בנאמנות,2026-04-30,4760000.0,איילון,הורייזן,False,False,0.015,0.0035,713.9999999999999,0.0115,547.4,0
1197698,"תכלית סל ת""א -ביטוח",ביטוח,,מניות בארץ,2026-04-30,1203880000.0,מיטב,,True,True,0.004,0.0,48155.200000000004,0.004,48155.200000000004,0
1199058,קסם ETFי (!) כשרה תל בונד-תשואות צמודות,בריבית קבועה,,"אג""ח בארץ- חברות והמרה",2026-04-30,9750000.0,קסם,,True,True,0.0,0.0,0.0,0.0,0.0,0
1200195,MTF סל אינדקס Top10 Tech,Technology,,"מניות בחו""ל",2026-04-30,64450000.0,מגדל,,True,True,0.005,0.0,3222.5,0.005,3222.5,0
1200351,MTF סל Indxx US Healthcare Top 10,Health Care,,"מניות בחו""ל",2026-04-30,21020000.0,מגדל,,True,True,0.002,0.0,420.40000000000003,0.002,420.40000000000003,0
1200435,"אי בי אי סל S&P 500 מנוטרלת מט""ח",אמריקה- שווקים מפותחים,,"מניות בחו""ל",2026-04-30,715630000.0,אי.בי.אי,,True,True,0.0,0.0,0.0,0.0,0.0,0
1200443,"אי בי אי סל Nasdaq 100 מנוטרלת מט""ח",אמריקה- שווקים מפותחים,,"מניות בחו""ל",2026-04-30,373180000.0,אי.בי.אי,,True,True,0.0,0.0,0.0,0.0,0.0,0
1200450,אי בי אי סל Nasdaq 100,אמריקה- שווקים מפותחים,,"מניות בחו""ל",2026-04-30,165720000.0,אי.בי.אי,,True,True,0.0,0.0,0.0,0.0,0.0,0
1200989,אלטשולר שחם לונג/שורט מניות - קרן גידור בנאמנות,קרן גידור בנאמנות,,קרן גידור בנאמנות,2026-04-30,51300000.0,אלטשולר שחם,,False,False,0.01,0.0035,5130.0,0.006500000000000001,3334.5000000000005,0
1201003,MTF סל MSCI AC World,"מניות גלובליות - חשופת מט""ח",,"מניות בחו""ל",2026-04-30,255840000.0,מגדל,,True,True,0.0017000000000000001,0.0,4349.28,0.0017000000000000001,4349.28,0
1201557,מגדל Global Quantitative Strategies -קרן גידור בנאמנות,קרן גידור בנאמנות,,קרן גידור בנאמנות,2026-04-30,30620000.0,מגדל,,False,False,0.015,0.0035,4593.0,0.0115,3521.3,0
1201565,מגדל מניות Long Short - קרן גידור בנאמנות,קרן גידור בנאמנות,,קרן גידור בנאמנות,2026-04-30,58020000.0,מגדל,,False,False,0.0034999999999999996,0.0035,2030.6999999999998,-4.336808689942018e-19,-2.5162164019043587e-13,0
1201623,MTF סל אינדקס 120 ישראל,Large & Mid Cap,,מניות בארץ,2026-04-30,426220000.0,מגדל,,True,True,0.001,0.0,4262.200000000001,0.001,4262.200000000001,0
1201656,ילין לפידות סל S&P 500,אמריקה- שווקים מפותחים,,"מניות בחו""ל",2026-04-30,588760000.0,ילין לפידות,,True,True,0.0,0.0,0.0,0.0,0.0,0
1201664,"ילין לפידות סל S&P 500 מנוטרלת מט""ח",אמריקה- שווקים מפותחים,,"מניות בחו""ל",2026-04-30,362890000.0,ילין לפידות,,True,True,0.0,0.0,0.0,0.0,0.0,0
1201672,ילין לפידות סל Nasdaq 100,אמריקה- שווקים מפותחים,,"מניות בחו""ל",2026-04-30,66860000.0,ילין לפידות,,True,True,0.0,0.0,0.0,0.0,0.0,0
1201680,אלטשולר שחם Multi-Strategy- קרן גידור בנאמנות,קרן גידור בנאמנות,,קרן גידור בנאמנות,2026-04-30,54610000.0,אלטשולר שחם,,False,False,0.01,0.0035,5461.0,0.006500000000000001,3549.6500000000005,0
1201698,"ילין לפידות סל Nasdaq 100 מנוטרלת מט""ח",אמריקה- שווקים מפותחים,,"מניות בחו""ל",2026-04-30,148190000.0,ילין לפידות,,True,True,0.0,0.0,0.0,0.0,0.0,0
1202183,קסם S&P 500 TOP 50 ETF,אמריקה- שווקים מפותחים,,"מניות בחו""ל",2026-04-30,53990000.0,קסם,,True,True,0.0025,0.0,1349.75,0.0025,1349.75,0
1203835,קסם S&P 500 Equal Weight ETF,אמריקה- שווקים מפותחים,,"מניות בחו""ל",2026-04-30,9950000.0,קסם,,True,True,0.002,0.0,199.00000000000003,0.002,199.00000000000003,0
1204742,"מור לונג שורט נדל""ן אירופה קרן גידור בנאמנות",קרן גידור בנאמנות,,קרן גידור בנאמנות,2026-04-30,12940000.0,מור,ICAMAP S.a.r.l,False,False,0.013500000000000002,0.0035,1746.9000000000003,0.010000000000000002,1294.0000000000002,0
1204783,איילון זבולון לונג שורט גלובלי קרן גידור בנאמנות,קרן גידור בנאמנות,,קרן גידור בנאמנות,2026-04-30,141330000.0,איילון,זבולון שרותי מחקר,False,False,0.01,0.0035,14133.0,0.006500000000000001,9186.45,0
1204916,מגדל (!) Global Bonds Strategies - קרן גידור בנאמנות נקובה $,קרן גידור בנאמנות,,קרן גידור בנאמנות,2026-04-30,30350000.0,מגדל,,False,False,0.009000000000000001,0.0035,2731.5,0.005500000000000001,1669.2500000000005,0
1205657,MTF סל Bloomberg US Analyst Recommendations,אמריקה- שווקים מפותחים,,"מניות בחו""ל",2026-04-30,69690000.0,מגדל,,True,True,0.008,0.0,5575.200000000001,0.008,5575.200000000001,0
1206549,"ילין לפידות סל ת""א בנקים",בנקאות ואשראי חוץ בנקאי,,מניות בארץ,2026-04-30,1678200000.0,ילין לפידות,,True,True,0.0049,0.0,82231.8,0.0049,82231.8,0
1207646,פורצ'ן Multi-Strategy - קרן גידור בנאמנות,קרן גידור בנאמנות,,קרן גידור בנאמנות,2026-04-30,24080000.0,איילון,פורצ'ן,False,False,0.015,0.0035,3611.9999999999995,0.0115,2769.2000000000003,0
1207729,"אלפי בנדק לונג/שורט אג""ח - קרן גידור בנאמנות",קרן גידור בנאמנות,,קרן גידור בנאמנות,2026-04-30,38010000.0,הראל,אלפי בנדק,False,False,0.0075,0.0035,2850.7499999999995,0.004,1520.4,0
1207786,"מגדל (!) אסטרטגיות אג""ח ישראל - קרן גידור בנאמנות",קרן גידור בנאמנות,,קרן גידור בנאמנות,2026-04-30,92350000.0,מגדל,,False,False,0.0075,0.0035,6926.249999999999,0.004,3694.0000000000005,0
1207885,פוקוס לונג/שורט - קרן גידור בנאמנות,קרן גידור בנאמנות,,קרן גידור בנאמנות,2026-04-30,19890000.0,איילון,פוקוס,False,False,0.015,0.0035,2983.4999999999995,0.0115,2287.35,0
1207901,"MTF סל אינדקס שבבים ארה""ב Top10",Semiconductor,,"מניות בחו""ל",2026-04-30,169510000.0,מגדל,,True,True,0.001,0.0,1695.1000000000001,0.001,1695.1000000000001,0
1208891,"פיינאל קפיטל (!) אסטרטגיות אג""ח קרן גידור בנאמנות",קרן גידור בנאמנות,,קרן גידור בנאמנות,2026-04-30,71740000.0,סיגמא,פיינאל קפיטל,False,False,0.0115,0.0035,8250.1,0.008,5739.200000000001,0
1209444,"אי בי אי סל ת""א-90",Mid Cap,,מניות בארץ,2026-04-30,1462100000.0,אי.בי.אי,,True,True,0.001,0.0,14621.000000000002,0.001,14621.000000000002,0
1209808,אלטשולר שחם AlphaBeta Portable Alpha מבוסס AI - קרן גידור בנאמנות,קרן גידור בנאמנות,,קרן גידור בנאמנות,2026-04-30,330000.0,אלטשולר שחם,אלפא ביתא,False,False,0.01,0.0035,33.0,0.006500000000000001,21.450000000000003,0
1209931,Quantitative strategies FINQ מבוסס AI קרן גידור בנאמנות,קרן גידור בנאמנות,,קרן גידור בנאמנות,2026-04-30,8450000.0,תמיר פישמן,פינק דיגיטל,False,False,0.0,0.0035,0.0,-0.0035,-295.75000000000006,0
1210970,"הראל (!) אסטרטגיות אג""ח - קרן גידור בנאמנות",קרן גידור בנאמנות,,קרן גידור בנאמנות,2026-04-30,110560000.0,הראל,,False,False,0.0085,0.0035,9397.6,0.005000000000000001,5528.000000000001,0
1212521,"פסטרנק שהם (!) אסטרטגיות אג""ח - קרן גידור בנאמנות",קרן גידור בנאמנות,,קרן גידור בנאמנות,2026-04-30,63200000.0,איילון,פסטרנק שהם,False,False,0.0075,0.0035,4740.0,0.004,2528.0,0
1212703,קבין Multi-Strategy - קרן גידור בנאמנות,קרן גידור בנאמנות,,קרן גידור בנאמנות,2026-04-30,4770000.0,איילון,קבין,False,False,0.013999999999999999,0.0035,667.8,0.010499999999999999,500.84999999999997,0
1212794,MTF סל (S&P Israel 100 (ILS,Large & Mid Cap,,מניות בארץ,2026-04-30,38500000.0,מגדל,,True,True,0.0,0.0,0.0,0.0,0.0,0
1213420,תכלית סל World Quality iNDEX מנוטרלת דולר,"מניות גלובליות - מנוטרלת מט""ח",,"מניות בחו""ל",2026-04-30,753620000.0,מיטב,,True,True,0.004,0.0,30144.800000000003,0.004,30144.800000000003,0
1213461,תכלית סל אינדקס מדורג פיזור רחב,"אג""ח חברות שקלי וצמוד",,"אג""ח בארץ- חברות והמרה",2026-04-30,170500000.0,מיטב,,True,True,0.0025,0.0,4262.5,0.0025,4262.5,0
1213578,"תכלית סל אינדקס מיד קאפ ישראל ללא נדל""ן",Mid Cap,,מניות בארץ,2026-04-30,760000.0,מיטב,,True,True,0.005,0.0,38.0,0.005,38.0,0
1213594,"הראל סל ת""א 90 ובנקים",Large & Mid Cap,,מניות בארץ,2026-04-30,201020000.0,הראל,,True,True,0.001,0.0,2010.2000000000003,0.001,2010.2000000000003,0
1213636,אי בי אי מניות ישראל Multi Strategy קרן גידור בנאמנות,קרן גידור בנאמנות,,קרן גידור בנאמנות,2026-04-30,256790000.00000003,אי.בי.אי,,False,False,0.015,0.0035,38518.5,0.0115,29530.850000000006,0
1213644,"אי בי אי (!) אסטרטגיות אג""ח קרן גידור בנאמנות",קרן גידור בנאמנות,,קרן גידור בנאמנות,2026-04-30,156190000.0,אי.בי.אי,,False,False,0.0088,0.0035,13744.720000000001,0.005300000000000001,8278.070000000002,0
1213651,אי בי אי ספרה לונג/שורט גלובל אקוויטי קרן גידור בנאמנות,קרן גידור בנאמנות,,קרן גידור בנאמנות,2026-04-30,59650000.0,אי.בי.אי,ספרה,False,False,0.015,0.0035,8947.5,0.0115,6859.75,0
1214840,פינסה (!) אסטרטגיות חוב קרן גידור בנאמנות,קרן גידור בנאמנות,,קרן גידור בנאמנות,2026-04-30,96940000.0,סיגמא,פינסה ניהול נכסים,False,False,0.0085,0.0035,8239.900000000001,0.005000000000000001,4847.000000000001,0
1215375,קסם אקטיב לונג/שורט מניות ישראל קרן גידור בנאמנות,קרן גידור בנאמנות,,קרן גידור בנאמנות,2026-04-30,114220000.0,קסם,,False,False,0.011000000000000001,0.0035,12564.200000000003,0.0075000000000000015,8566.500000000002,0
1215383,"קסם אקטיב לונג/שורט מניות ארה""ב קרן גידור בנאמנות",קרן גידור בנאמנות,,קרן גידור בנאמנות,2026-04-30,17230000.0,קסם,,False,False,0.011000000000000001,0.0035,1895.3000000000004,0.0075000000000000015,1292.2500000000005,0
1215771,"איביאי סל ת""א-ביטוח",ביטוח,,מניות בארץ,2026-04-30,3125310000.0,אי.בי.אי,,True,True,0.002,0.0,62506.200000000004,0.002,62506.200000000004,0
1216050,סיגמא Multi-Strategy ישראל קרן גידור בנאמנות,קרן גידור בנאמנות,,קרן גידור בנאמנות,2026-04-30,26540000.0,סיגמא,,False,False,0.013500000000000002,0.0035,3582.9000000000005,0.010000000000000002,2654.0000000000005,0
1216480,תכלית סל כשרה תל בונד 60 צמודות,בריבית קבועה,,"אג""ח בארץ- חברות והמרה",2026-04-30,72730000.0,מיטב,,True,True,0.0,0.0,0.0,0.0,0.0,0
1216670,סלע Multi-Strategy - קרן גידור בנאמנות,קרן גידור בנאמנות,,קרן גידור בנאמנות,2026-04-30,85110000.0,איילון,סלע בית השקעות,False,False,0.015,0.0035,12766.499999999998,0.0115,9787.65,0
1216761,"ב. אלטרנטיב אסטרטגיות אג""ח ומניות - קרן גידור בנאמנות",קרן גידור בנאמנות,,קרן גידור בנאמנות,2026-04-30,69920000.0,איילון,בסט אלטרנטיב,False,False,0.0085,0.0035,5943.200000000001,0.005000000000000001,3496.0000000000005,0
1217231,"מור אסטרטגיות אג""ח ומניות - קרן גידור בנאמנות",קרן גידור בנאמנות,,קרן גידור בנאמנות,2026-04-30,316220000.0,מור,,False,False,0.012,0.0035,37946.4,0.0085,26878.7,0
1217397,אקרמן Multi-Strategy - קרן גידור בנאמנות,קרן גידור בנאמנות,,קרן גידור בנאמנות,2026-04-30,38690000.0,איילון,אקרמן כפיר,False,False,0.015,0.0035,5803.499999999999,0.0115,4449.35,0
1217561,MTF סל אינדקס US Top10 Pure Cyber Security,Cyber Security,,"מניות בחו""ל",2026-04-30,12570000.0,מגדל,,True,True,0.005,0.0,628.5,0.005,628.5,0
1217835,תכלית סל (CME CF Bitcoin Reference Rate (BRRNY,Bitcoin,,נכסים דיגיטליים,2026-04-30,36330000.0,מיטב,,True,True,0.002,0.0,726.6,0.002,726.6,0
1217843,אי בי אי סל אינדקס מיד קאפ ובנקים בישראל,Large & Mid Cap,,מניות בארץ,2026-04-30,69150000.0,אי.בי.אי,,True,True,0.001,0.0,691.5,0.001,691.5,0
1218692,תמיר פישמן Long-Short קרן גידור בנאמנות,קרן גידור בנאמנות,,קרן גידור בנאמנות,2026-04-30,12210000.0,תמיר פישמן,,False,False,0.01,0.0035,1221.0,0.006500000000000001,793.6500000000001,0
1218916,ATF סל S&P 500,אמריקה- שווקים מפותחים,,"מניות בחו""ל",2026-04-30,20680000.0,אנליסט,,True,True,0.0,0.0,0.0,0.0,0.0,0
1218924,"ATF סל S&P 500 מנוטרלת מט""ח",אמריקה- שווקים מפותחים,,"מניות בחו""ל",2026-04-30,86280000.0,אנליסט,,True,True,0.0,0.0,0.0,0.0,0.0,0
1219294,"MTF סל אינדקס אג""ח ממשלת ארה""ב - מח""מ 10 קבוע","ממשלתיות חשופת מט""ח - ארוך",,"אג""ח בחו""ל",2026-04-30,36040000.0,מגדל,,True,True,0.001,0.0,360.40000000000003,0.001,360.40000000000003,0
1220151,קסם ETF אינדקס ישראל 100 רווחיות משקל שווה,Large & Mid Cap,,מניות בארץ,2026-04-30,126060000.0,קסם,,True,True,0.0025,0.0,3151.5,0.0025,3151.5,0
1220227,מיטב כספית מתחדשת חודשי ב- 15/05/2026,חודשי,,קרן כספית,2026-04-30,28780000.0,מיטב,,False,False,0.002,0.001,575.6,0.001,287.8,1
1220391,הראל סל (CME CF Bitcoin Reference Rate (BRRNY,Bitcoin,,נכסים דיגיטליים,2026-04-30,13290000.0,הראל,,True,True,0.002,0.0,265.8,0.002,265.8,0
1220409,תכלית סל (CME CF Ethereum Reference Rate (ETHUSDNY,Ethereum,,נכסים דיגיטליים,2026-04-30,4580000.0,מיטב,,True,True,0.005,0.0,229.0,0.005,229.0,0
1221654,תכלית סל ממונפת S&P 500 פי 3 חודשי,"מניות בחו""ל",,ממונפות,2026-04-30,1860000.0,מיטב,,True,True,0.0195,0.0,362.7,0.0195,362.7,0
1221662,תכלית סל ממונפת NASDAQ 100 פי 3 חודשי,"מניות בחו""ל",,ממונפות,2026-04-30,1860000.0,מיטב,,True,True,0.014499999999999999,0.0,269.7,0.014499999999999999,269.7,0
1221670,MTF סל Indxx Top 10 US Oil Industry,Energy,,"מניות בחו""ל",2026-04-30,10670000.0,מגדל,,True,True,0.001,0.0,106.7,0.001,106.7,0
1222249,אי בי אי סל S&P Bitcoin,Bitcoin,,נכסים דיגיטליים,2026-04-30,3150000.0,אי.בי.אי,,True,True,0.002,0.0,63.00000000000001,0.002,63.00000000000001,0
1222439,MTF סל Indxx Top 10 Europe Defense מנוטרלת אירו,Aerospace & Defense,,"מניות בחו""ל",2026-04-30,63130000.0,מגדל,,True,True,0.001,0.0,631.3000000000001,0.001,631.3000000000001,0
1223866,אלטשולר שחם כספית מתחדשת חודשי לפדיון 15/05/2026,חודשי,,קרן כספית,2026-04-30,12330000.0,אלטשולר שחם,,False,False,0.0019,0.001,234.27,0.0009,110.97,1
1225994,"אי בי אי סל ת""א-35",Large Cap,,מניות בארץ,2026-04-30,191430000.0,אי.בי.אי,,True,True,0.001,0.0,1914.3000000000002,0.001,1914.3000000000002,0
1226927,"הראל סל ת""א-נפט וגז","נפט, גז ואנרגיה",,מניות בארץ,2026-04-30,23070000.0,הראל,,True,True,0.004,0.0,922.8000000000001,0.004,922.8000000000001,0
1230473,קסם MSCI China ETF,אסיה ופסיפיק- שווקים מתעוררים,,"מניות בחו""ל",2026-04-30,3490000.0,קסם,,True,True,0.005,0.0,174.5,0.005,174.5,0
1231919,הראל סל תל גוב-לא צמודות,שקליות ממשלתיות -  אחר,,"אג""ח בארץ- מדינה",2026-04-30,5180000.0,הראל,,True,True,0.0015,0.0,77.7,0.0015,77.7,0
1233170,"הראל סל ת""א בטחוניות",תעשיה,,מניות בארץ,2026-04-30,220480000.0,הראל,,True,True,0.0034999999999999996,0.0,7716.799999999999,0.0034999999999999996,7716.799999999999,0
1235803,"הראל סל ת""א תשתיות",תשתיות,,מניות בארץ,2026-04-30,4860000.0,הראל,,True,True,0.0034999999999999996,0.0,170.1,0.0034999999999999996,170.1,0
1235985,תכלית סל אינדקס תעשיות ביטחוניות ישראל,תעשיה,,מניות בארץ,2026-04-30,22940000.0,מיטב,,True,True,0.003,0.0,688.2,0.003,688.2,0
1236744,"MTF סל חסר ת""א - בנייה (3451.81)",מניות בארץ,,ממונפות,2026-04-30,4330000.0,מגדל,,True,True,0.005,0.0,216.5,0.005,216.5,0
1236751,MTF סל Indxx ביטחוניות ישראל,תעשיה,,מניות בארץ,2026-04-30,8990000.0,מגדל,,True,True,0.001,0.0,89.9,0.001,89.9,0
1237064,"קסם iBoxx $ Treasuries 10Y+ ETF מנוטרלת מט""ח","ממשלתיות מנוטרלת מט""ח - ארוך",,"אג""ח בחו""ל",2026-04-30,21130000.0,קסם,,True,True,0.002,0.0,422.6,0.002,422.6,0
1238104,"ATF סל ת""א 200",All Cap,,מניות בארץ,2026-04-30,2910000.0,אנליסט,,True,True,0.0,0.0,0.0,0.0,0.0,0
1238203,"ATF סל ת""א 125",Large & Mid Cap,,מניות בארץ,2026-04-30,2420000.0,אנליסט,,True,True,0.0,0.0,0.0,0.0,0.0,0
1238567,קסם ETF אינדקס אנרגיה ישראלית,"נפט, גז ואנרגיה",,מניות בארץ,2026-04-30,420000.0,קסם,,True,True,0.002,0.0,8.4,0.002,8.4,0
5100110,הראל מדורג שקלי ללא מניות,חברות והמרה שקלי ללא מניות,,"אג""ח בארץ- חברות והמרה",2026-04-30,76830000.0,הראל,,False,False,0.0085,0.0035,6530.55,0.005000000000000001,3841.500000000001,0
5100144,איביאי יתר,מניות Small Cap,,מניות בארץ,2026-04-30,47780000.0,אי.בי.אי,,False,False,0.0271,0.0035,12948.38,0.0236,11276.08,0
5100151,"קסם אקטיב ענקיות טכנולוגיה חו""ל","מניות לפי ענפים בחו""ל",,"מניות בחו""ל",2026-04-30,314510000.0,קסם,,False,False,0.0194,0.0035,61014.94,0.0159,50007.090000000004,0
5100169,הראל אודם,גמישות,,גמישות,2026-04-30,90030000.0,הראל,,False,False,0.011899999999999999,0.0035,10713.57,0.0084,7562.5199999999995,0
5100193,"אילים תיק אג""ח + 30%","אג""ח כללי בארץ- עד 30% מניות",,"אג""ח בארץ - כללי",2026-04-30,260570000.0,אילים,,False,False,0.0069,0.0035,17979.329999999998,0.0034,8859.38,0
5100235,"אלטשולר שחם 10/90 תיק חו""ל","אג""ח חשופת דולר",,"אג""ח בחו""ל",2026-04-30,73930000.0,אלטשולר שחם,,False,False,0.0078000000000000005,0.0035,5766.54,0.0043,3178.9900000000002,0
5100243,קסם אקטיב מניות דיבידנד גלובלי,"מניות כללי בחו""ל חשופת מט""ח",,"מניות בחו""ל",2026-04-30,52770000.0,קסם,,False,False,0.0189,0.0035,9973.53,0.0154,8126.58,0
5100284,קסם אקטיב 10/90 תיק סולידי,"אג""ח כללי בארץ בדירוג גבוה (AA ומעלה ו/ או מדינה)- עד 10% מניות",,"אג""ח בארץ - כללי",2026-04-30,366190000.0,קסם,,False,False,0.008,0.0035,29295.2,0.0045000000000000005,16478.55,0
5100300,"תמיר פישמן (!) אג""ח בינלאומי","אג""ח חשופת דולר",,"אג""ח בחו""ל",2026-04-30,44610000.0,תמיר פישמן,,False,False,0.0089,0.0035,3970.29,0.0054,2408.94,0
5100318,קסם אקטיב מדינה ללא מניות כשרה,"אג""ח מדינה כללי- ללא מניות",,"אג""ח בארץ- מדינה",2026-04-30,66060000.0,קסם,,False,False,0.0067,0.0035,4426.02,0.0032,2113.92,0
5100383,מיטב מדורגות A ומעלה,"חברות והמרה ללא מניות וללא סימן קריאה, עם מגבלת מח""מ עד 5 שנים",,"אג""ח בארץ- חברות והמרה",2026-04-30,229800000.0,מיטב,,False,False,0.0089,0.0035,20452.199999999997,0.0054,12409.2,0
5100474,"מיטב ת""א 125",מניות Large & Mid Cap,,מניות בארץ,2026-04-30,2014310000.0,מיטב,,False,False,0.018500000000000003,0.0035,372647.35000000003,0.015000000000000003,302146.50000000006,0
5100482,איביאי גלובל אקוויטי,"מניות כללי בחו""ל חשופת מט""ח",,"מניות בחו""ל",2026-04-30,111600000.0,אי.בי.אי,,False,False,0.021,0.0035,23436.0,0.0175,19530.000000000004,0
5100565,הראל מדינה שקלית ארוכה,"אג""ח מדינה שקליות- ללא מניות",,"אג""ח בארץ- מדינה",2026-04-30,133270000.00000001,הראל,,False,False,0.0069,0.0035,9195.630000000001,0.0034,4531.18,0
5100581,קסם אקטיב שקלי - A ומעלה,חברות והמרה שקלי ללא מניות,,"אג""ח בארץ- חברות והמרה",2026-04-30,73520000.0,קסם,,False,False,0.0070999999999999995,0.0035,5219.919999999999,0.0035999999999999995,2646.7199999999993,0
5100615,"איביאי (!) אג""ח יורו בינלאומי","אג""ח חשופת מט""ח",,"אג""ח בחו""ל",2026-04-30,2570000.0,אי.בי.אי,,False,False,0.01,0.0035,257.0,0.006500000000000001,167.05,0
5100672,מיטב כספית דולרית,חשופת דולר,,קרן כספית,2026-04-30,251520000.0,מיטב,,False,False,0.0028000000000000004,0.001,7042.56,0.0018000000000000004,4527.360000000001,1
5100680,מגדל עוקבת תיק מרכיב הנזילות הבנק הבינלאומי,"חברות והמרה ללא מניות וללא סימן קריאה, עם מגבלת מח""מ עד 5 שנים",,"אג""ח בארץ- חברות והמרה",2026-04-30,26260000.0,מגדל,,False,False,0.0049,0.0035,1286.74,0.0013999999999999998,367.63999999999993,0
5100771,"הראל סקטורים עולמי עד 30% מט""ח","מניות כללי בחו""ל מוגנת מט""ח",,"מניות בחו""ל",2026-04-30,31360000.0,הראל,,False,False,0.011699999999999999,0.0035,3669.1199999999994,0.008199999999999999,2571.5199999999995,0
5100813,"אלטשולר שחם תיק אג""ח שקלי","אג""ח כללי בארץ ללא מניות וללא סימן קריאה",,"אג""ח בארץ - כללי",2026-04-30,436980000.0,אלטשולר שחם,,False,False,0.0078000000000000005,0.0035,34084.44,0.0043,18790.14,0
5100821,"איביאי מניות ארה""ב","ארה""ב חשופת מט""ח",,"מניות בחו""ל",2026-04-30,99040000.0,אי.בי.אי,,False,False,0.0225,0.0035,22284.0,0.019,18817.6,0
5100953,קסם אקטיב תיק מנוהל,"אג""ח כללי בארץ - חשיפה מרבית מעל 30% מניות",,"אג""ח בארץ - כללי",2026-04-30,166000000.0,קסם,,False,False,0.0045000000000000005,0.0035,7470.000000000001,0.0010000000000000005,1660.0000000000007,0
5100961,מיטב זהב,"מניות לפי ענפים בחו""ל",,"מניות בחו""ל",2026-04-30,60350000.0,מיטב,,False,False,0.0252,0.0035,15208.2,0.0217,13095.95,0
5101019,"מיטב מניות טכנולוגיה חו""ל","מניות לפי ענפים בחו""ל",,"מניות בחו""ל",2026-04-30,498390000.0,מיטב,,False,False,0.0169,0.0035,84227.90999999999,0.013399999999999999,66784.26,0
5101092,"אנליסט טכנולוגיות חו""ל","מניות לפי ענפים בחו""ל",,"מניות בחו""ל",2026-04-30,424820000.0,אנליסט,,False,False,0.0195,0.0035,82839.9,0.016,67971.20000000001,0
5101118,"איילון ארה""ב חייבת","ארה""ב חשופת מט""ח",,"מניות בחו""ל",2026-04-30,81890000.0,איילון,,False,False,0.0095,0.0035,7779.549999999999,0.006,4913.400000000001,0
5101159,איילון מניות US,"ארה""ב חשופת מט""ח",,"מניות בחו""ל",2026-04-30,36550000.0,איילון,,False,False,0.0195,0.0035,7127.25,0.016,5848.000000000001,0
5101183,איביאי ביוטכנלוגיה גלובלי,"מניות לפי ענפים בחו""ל",,"מניות בחו""ל",2026-04-30,15780000.0,אי.בי.אי,,False,False,0.011000000000000001,0.0035,1735.8000000000002,0.0075000000000000015,1183.5000000000002,0
5101191,מגדל 25/75 פלוס,"אג""ח כללי בארץ- עד 25% מניות",,"אג""ח בארץ - כללי",2026-04-30,50840000.0,מגדל,,False,False,0.0089,0.0035,4524.759999999999,0.0054,2745.36,0
5101233,סיגמא מניות ערך גלובלי,"מניות כללי בחו""ל חשופת מט""ח",,"מניות בחו""ל",2026-04-30,48110000.0,סיגמא,,False,False,0.0242,0.0035,11642.62,0.0207,9958.769999999999,0
5101258,אנליסט מניות ישראל Large & Mid Cap,מניות Large & Mid Cap,,מניות בארץ,2026-04-30,554150000.0,אנליסט,,False,False,0.0169,0.0035,93651.34999999999,0.013399999999999999,74256.09999999999,0
5101266,"אנליסט נדל""ן",מניות לפי ענפים,,מניות בארץ,2026-04-30,45100000.0,אנליסט,,False,False,0.018500000000000003,0.0035,8343.500000000002,0.015000000000000003,6765.000000000002,0
5101308,"קסם אקטיב ארה""ב חייבת","ארה""ב חשופת מט""ח",,"מניות בחו""ל",2026-04-30,36920000.0,קסם,,False,False,0.0095,0.0035,3507.3999999999996,0.006,2215.2000000000003,0
5101381,איילון מניות,מניות All Cap,,מניות בארץ,2026-04-30,24330000.0,איילון,,False,False,0.024900000000000002,0.0035,6058.170000000001,0.021400000000000002,5206.620000000001,0
5101399,"סיגמא אג""ח מדינה","אג""ח מדינה כללי- ללא מניות",,"אג""ח בארץ- מדינה",2026-04-30,206040000.0,סיגמא,,False,False,0.0064,0.0035,13186.56,0.0029000000000000002,5975.160000000001,0
5101431,קסם אקטיב שווקים מתעוררים,"מניות גיאוגרפי אחר חשופת מט""ח",,"מניות בחו""ל",2026-04-30,5710000.0,קסם,,False,False,0.0195,0.0035,1113.45,0.016,913.6,0
5101480,"קסם אקטיב אג""ח + 25%","אג""ח כללי בארץ- עד 25% מניות",,"אג""ח בארץ - כללי",2026-04-30,80850000.0,קסם,,False,False,0.0068000000000000005,0.0035,5497.8,0.0033000000000000004,2668.05,0
5101506,"מור מחקה ת""א 35",Large Cap,,מניות בארץ,2026-04-30,163610000.0,מור,,True,False,0.0045000000000000005,0.0,7362.450000000001,0.0045000000000000005,7362.450000000001,0
5101563,מיטב מדינה שקלית כשרה,"אג""ח מדינה שקליות- ללא מניות",,"אג""ח בארץ- מדינה",2026-04-30,79170000.0,מיטב,,False,False,0.0069,0.0035,5462.73,0.0034,2691.78,0
5101571,מגדל מדינה שקלים ארוכים,"אג""ח מדינה שקליות- ללא מניות",,"אג""ח בארץ- מדינה",2026-04-30,255210000.0,מגדל,,False,False,0.0069,0.0035,17609.489999999998,0.0034,8677.14,0
5101621,"קסם אקטיב אג""ח גלובלי מדורג","אג""ח חשופת מט""ח",,"אג""ח בחו""ל",2026-04-30,66260000.00000001,קסם,,False,False,0.0075,0.0035,4969.5,0.004,2650.4000000000005,0
5101639,אנליסט השקעות,גמישות,,גמישות,2026-04-30,488440000.0,אנליסט,,False,False,0.0194,0.0035,94757.36,0.0159,77661.96,0
5101670,"הראל (!) אג""ח תאגידים",חברות והמרה עם מניות ועם סימן קריאה,,"אג""ח בארץ- חברות והמרה",2026-04-30,35430000.0,הראל,,False,False,0.006500000000000001,0.0035,2302.9500000000003,0.0030000000000000005,1062.9,0
5101704,הראל (!) קונצרני פלוס,חברות והמרה עם מניות ועם סימן קריאה,,"אג""ח בארץ- חברות והמרה",2026-04-30,6280000.0,הראל,,False,False,0.0059,0.0035,370.52,0.0024,150.71999999999997,0
5101712,"הראל אג""ח חו""ל יורו","אג""ח חשופת מט""ח",,"אג""ח בחו""ל",2026-04-30,15460000.0,הראל,,False,False,0.011699999999999999,0.0035,1808.8199999999997,0.008199999999999999,1267.7199999999998,0
5101795,איילון סולידית + 10%,"אג""ח כללי בארץ בדירוג גבוה (AA ומעלה ו/ או מדינה)- עד 10% מניות",,"אג""ח בארץ - כללי",2026-04-30,22750000.0,איילון,,False,False,0.006500000000000001,0.0035,1478.7500000000002,0.0030000000000000005,682.5000000000001,0
5101811,איילון מדינה שקלית פלוס 10%,"אג""ח מדינה שקליות- עד 10% מניות",,"אג""ח בארץ- מדינה",2026-04-30,15070000.0,איילון,,False,False,0.0064,0.0035,964.4799999999999,0.0029000000000000002,437.03000000000003,0
5101902,"איביאי אג""ח $ חו""ל נקובה $ - תיק עד 3 שנים","אג""ח נקובת מט""ח",,"אג""ח בחו""ל",2026-04-30,29430000.0,אי.בי.אי,,False,False,0.0066,0.0035,1942.38,0.0031,912.33,0
5101951,מיטב גז ונפט,מניות לפי ענפים,,מניות בארץ,2026-04-30,83390000.0,מיטב,,False,False,0.020499999999999997,0.0035,17094.949999999997,0.016999999999999998,14176.3,0
5102132,איביאי מניות,מניות All Cap,,מניות בארץ,2026-04-30,335700000.0,אי.בי.אי,,False,False,0.0229,0.0035,76875.3,0.0194,65125.8,0
5102157,איילון פאי תיק 30/70,"אג""ח כללי בארץ- עד 30% מניות",,"אג""ח בארץ - כללי",2026-04-30,46460000.0,איילון,,False,False,0.0085,0.0035,3949.1000000000004,0.005000000000000001,2323.0000000000005,0
5102207,מיטב LONG RUN,גמישות,,גמישות,2026-04-30,359510000.0,מיטב,,False,False,0.0148,0.0035,53207.48000000001,0.011300000000000001,40624.630000000005,0
5102256,"מיטב מניות ארה""ב","ארה""ב חשופת מט""ח",,"מניות בחו""ל",2026-04-30,722630000.0,מיטב,,False,False,0.0176,0.0035,127182.88000000002,0.014100000000000001,101890.83,0
5102298,"אלטשולר שחם ת""א MID CAP STOCK PICKING",מניות Large & Mid Cap,,מניות בארץ,2026-04-30,267990000.0,אלטשולר שחם,,False,False,0.015,0.0035,40198.5,0.0115,30818.850000000002,0
5102330,מיטב תיק השקעות 25/75,"אג""ח כללי בארץ- עד 25% מניות",,"אג""ח בארץ - כללי",2026-04-30,331740000.0,מיטב,,False,False,0.0089,0.0035,29524.859999999997,0.0054,17913.960000000003,0
5102371,"הראל אג""ח דולר בינלאומי","אג""ח חשופת דולר",,"אג""ח בחו""ל",2026-04-30,282830000.0,הראל,,False,False,0.0076,0.0035,21495.08,0.0040999999999999995,11596.029999999999,0
5102421,קסם אקטיב עוקבת תיק 2 הבנק הבינלאומי,"אג""ח כללי בארץ- עד 15% מניות",,"אג""ח בארץ - כללי",2026-04-30,447400000.0,קסם,,False,False,0.0076,0.0035,34002.4,0.0040999999999999995,18343.399999999998,0
5102470,הראל מדינה שקלי 0-3 שנים + 10%,"אג""ח מדינה שקליות- עד 10% מניות",,"אג""ח בארץ- מדינה",2026-04-30,40670000.0,הראל,,False,False,0.013500000000000002,0.0035,5490.450000000001,0.010000000000000002,4067.000000000001,0
5102488,הראל ישראל 25/75,"אג""ח כללי בארץ- עד 25% מניות",,"אג""ח בארץ - כללי",2026-04-30,1105460000.0,הראל,,False,False,0.0063,0.0035,69643.98,0.0028,30952.88,0
5102652,"הראל אירופה עד 30% מט""ח","מניות גיאוגרפי מוגנת מט""ח",,"מניות בחו""ל",2026-04-30,5920000.0,הראל,,False,False,0.0115,0.0035,680.8000000000001,0.008,473.6,0
5102678,מגדל תיק השקעות 30/70,"אג""ח כללי בארץ- עד 30% מניות",,"אג""ח בארץ - כללי",2026-04-30,446120000.0,מגדל,,False,False,0.0079,0.0035,35243.48,0.004400000000000001,19629.280000000006,0
5102850,"הראל אג""ח סולידית מחלקת","אג""ח כללי בארץ ללא מניות וללא סימן קריאה, עם מגבלת מח""מ עד 5 שנים",,"אג""ח בארץ - כללי",2026-04-30,21580000.0,הראל,,False,False,0.011699999999999999,0.0035,2524.8599999999997,0.008199999999999999,1769.5599999999997,0
5102876,הראל תשתיות ישראל,מניות לפי ענפים,,מניות בארץ,2026-04-30,111260000.0,הראל,,False,False,0.0125,0.0035,13907.5,0.009000000000000001,10013.400000000001,0
5102926,מגדל עוקבת תיק 2 הבנק הבינלאומי,"אג""ח כללי בארץ- עד 15% מניות",,"אג""ח בארץ - כללי",2026-04-30,175930000.0,מגדל,,False,False,0.0079,0.0035,13898.470000000001,0.004400000000000001,7740.920000000002,0
5102991,מגדל כספית שקלית,כספית שקלית עם קונצרני,,קרן כספית,2026-04-30,5840080000.0,מגדל,,False,False,0.0023899999999999998,0.001,139577.91199999998,0.0013899999999999997,81177.11199999998,1
5103056,"קסם אקטיב אג""ח","אג""ח כללי בארץ ללא מניות וללא סימן קריאה",,"אג""ח בארץ - כללי",2026-04-30,176680000.0,קסם,,False,False,0.0115,0.0035,20318.2,0.008,14134.400000000001,0
5103106,"קסם אקטיב אג""ח גלובלי - מנוטרלת מט""ח","אג""ח מוגנת מט""ח",,"אג""ח בחו""ל",2026-04-30,135450000.0,קסם,,False,False,0.0075,0.002,10158.75,0.0055,7449.749999999999,0
5103114,קסם אקטיב מדינה צמוד + 10%,"אג""ח מדינה צמוד מדד- עד 10% מניות",,"אג""ח בארץ- מדינה",2026-04-30,411860000.0,קסם,,False,False,0.0068000000000000005,0.0035,28006.48,0.0033000000000000004,13591.380000000001,0
5103148,"מגדל סקטורים ארה""ב - מנוטרלת מט""ח","מניות גיאוגרפי מוגנת מט""ח",,"מניות בחו""ל",2026-04-30,71990000.0,מגדל,,False,False,0.015,0.0035,10798.499999999998,0.0115,8278.85,0
5103163,מגדל בונד שקלי A ומעלה +10%,חברות והמרה שקלי עם מניות,,"אג""ח בארץ- חברות והמרה",2026-04-30,16309999.999999998,מגדל,,False,False,0.0059,0.0035,962.2899999999998,0.0024,391.4399999999999,0
5103247,"הראל אג""ח מדינות בחו""ל - נקובה $","אג""ח נקובת מט""ח",,"אג""ח בחו""ל",2026-04-30,60730000.0,הראל,,False,False,0.005,0.0035,3036.5,0.0015,910.95,0
5103296,"מיטב מניות ת""א MID CAP",מניות Large & Mid Cap,,מניות בארץ,2026-04-30,398420000.0,מיטב,,False,False,0.0179,0.0035,71317.18,0.0144,57372.48,0
5103304,"מגדל מעו""ף כפליים",ממונפות בסיכון גבוה,,ממונפות ואסטרטגיות,2026-04-30,86950000.0,מגדל,,False,False,0.0281,0.0035,24432.95,0.0246,21389.7,0
5103361,"קסם אקטיב אג""ח מדינה","אג""ח מדינה כללי- ללא מניות",,"אג""ח בארץ- מדינה",2026-04-30,41160000.0,קסם,,False,False,0.010700000000000001,0.002,4404.120000000001,0.008700000000000001,3580.9200000000005,0
5103387,"קסם אקטיב (!) קונצרני חו""ל מנוטרלת מט""ח חייבת","אג""ח מוגנת מט""ח",,"אג""ח בחו""ל",2026-04-30,251990000.0,קסם,,False,False,0.0059,0.0035,14867.41,0.0024,6047.759999999999,0
5103403,הראל כספית דולר נזיל חייבת,חשופת דולר,,קרן כספית,2026-04-30,40920000.0,הראל,,False,False,0.0059,0.001,2414.2799999999997,0.0049,2005.08,1
5103486,קסם אקטיב מניות US,"ארה""ב חשופת מט""ח",,"מניות בחו""ל",2026-04-30,8790000.0,קסם,,False,False,0.017,0.0035,1494.3000000000002,0.013500000000000002,1186.6500000000003,0
5103494,איביאי מניות ישראל Large & Mid Cap,מניות Large & Mid Cap,,מניות בארץ,2026-04-30,103930000.0,אי.בי.אי,,False,False,0.0155,0.0035,16109.15,0.012,12471.6,0
5103510,אי.בי.אי. כספית שקלית,כספית שקלית עם קונצרני,,קרן כספית,2026-04-30,2445950000.0,אי.בי.אי,,False,False,0.002,0.001,48919.00000000001,0.001,24459.500000000004,1
5103569,כוון 30/70,"אג""ח כללי בארץ- עד 30% מניות",,"אג""ח בארץ - כללי",2026-04-30,17610000.0,איילון,כוון,False,False,0.0079,0.0035,1391.19,0.004400000000000001,774.8400000000003,0
5103585,"מגדל אג""ח $ בינלאומי - נקובה דולר","אג""ח נקובת מט""ח",,"אג""ח בחו""ל",2026-04-30,30880000.0,מגדל,,False,False,0.0095,0.0035,2933.6,0.006,1852.8,0
5103593,איביאי סין,"מניות גיאוגרפי אחר חשופת מט""ח",,"מניות בחו""ל",2026-04-30,17740000.0,אי.בי.אי,,False,False,0.0195,0.0035,3459.2999999999997,0.016,2838.4,0
5103676,"מגדל אג""ח ללא מניות","אג""ח כללי בארץ ללא מניות וללא סימן קריאה",,"אג""ח בארץ - כללי",2026-04-30,244600000.0,מגדל,,False,False,0.0069,0.0035,16877.399999999998,0.0034,8316.4,0
5103692,מיטב סקיי מניות,מניות All Cap,,מניות בארץ,2026-04-30,666500000.0,מיטב,,False,False,0.0159,0.0035,105973.50000000001,0.012400000000000001,82646.0,0
5103700,"אלטשולר שחם נדל""ן",מניות לפי ענפים,,מניות בארץ,2026-04-30,152150000.0,אלטשולר שחם,,False,False,0.0124,0.0035,18866.600000000002,0.0089,13541.349999999999,0
5103718,"קסם אקטיב אג""ח חו""ל 2029 נקובה בדולר","אג""ח נקובת מט""ח",,"אג""ח בחו""ל",2026-04-30,95640000.0,קסם,,False,False,0.0046,0.0035,4399.44,0.0010999999999999998,1052.0399999999997,0
5103726,קסם אקטיב תיק + 20% - אגד חוץ,אגד חוץ,,אגד קרנות,2026-04-30,5710000.0,קסם,,False,False,0.0075,0.0035,428.24999999999994,0.004,228.4,0
5103759,מגדל הודו,"מניות גיאוגרפי אחר חשופת מט""ח",,"מניות בחו""ל",2026-04-30,40340000.0,מגדל,,False,False,0.0195,0.0035,7866.3,0.016,6454.400000000001,0
5103767,מיטב עוקבת תיק 1 הבנק הבינלאומי,"אג""ח כללי בארץ- עד 5% מניות",,"אג""ח בארץ - כללי",2026-04-30,71830000.0,מיטב,,False,False,0.0069,0.0035,4956.2699999999995,0.0034,2442.22,0
5103809,איילון 15/85,"אג""ח כללי בארץ- עד 15% מניות",,"אג""ח בארץ - כללי",2026-04-30,23600000.0,איילון,,False,False,0.006500000000000001,0.0035,1534.0000000000002,0.0030000000000000005,708.0000000000001,0
5103999,הראל ספיר מניות,מניות All Cap,,מניות בארץ,2026-04-30,118500000.0,הראל,,False,False,0.0059,0.0035,6991.5,0.0024,2843.9999999999995,0
5104153,מיטב מניות ישראל,מניות All Cap,,מניות בארץ,2026-04-30,251500000.0,מיטב,,False,False,0.0168,0.0035,42252.0,0.0133,33449.49999999999,0
5104237,"אנליסט (!) אג""ח חו""ל ללא מניות","אג""ח חשופת מט""ח",,"אג""ח בחו""ל",2026-04-30,73780000.0,אנליסט,,False,False,0.0079,0.0035,5828.620000000001,0.004400000000000001,3246.320000000001,0
5104252,קסם אקטיב עוקבת מרכיב נזילות הבנק הבינלאומי,"חברות והמרה ללא מניות וללא סימן קריאה, עם מגבלת מח""מ עד 5 שנים",,"אג""ח בארץ- חברות והמרה",2026-04-30,80090000.0,קסם,,False,False,0.0052,0.0035,4164.679999999999,0.0016999999999999997,1361.5299999999997,0
5104278,קסם אקטיב יפן,"מניות גיאוגרפי אחר חשופת מט""ח",,"מניות בחו""ל",2026-04-30,21490000.0,קסם,,False,False,0.0195,0.0035,4190.55,0.016,3438.4,0
5104328,אנליסט אסטרטגיות,אסטרטגיות (לא ממונפות),,ממונפות ואסטרטגיות,2026-04-30,13260000.0,אנליסט,,False,False,0.0352,0.0035,4667.52,0.0317,4203.42,0
5104393,"איביאי (!) אג""ח דולר בינלאומי","אג""ח חשופת דולר",,"אג""ח בחו""ל",2026-04-30,115690000.0,אי.בי.אי,,False,False,0.0098,0.0035,11337.619999999999,0.0063,7288.47,0
5104419,"מגדל אסטרטגיות אג""ח מדינה",אסטרטגיות (לא ממונפות),,ממונפות ואסטרטגיות,2026-04-30,48670000.0,מגדל,,False,False,0.0109,0.0035,5305.03,0.0074,3601.5800000000004,0
5104476,הראל 10/90 - כשרה,"אג""ח כללי בארץ- עד 10% מניות ללא סימן קריאה",,"אג""ח בארץ - כללי",2026-04-30,58130000.0,הראל,,False,False,0.0123,0.0035,7149.990000000001,0.0088,5115.4400000000005,0
5104518,תמיר פישמן 15/85,"אג""ח כללי בארץ- עד 15% מניות",,"אג""ח בארץ - כללי",2026-04-30,759270000.0,תמיר פישמן,,False,False,0.0069,0.0035,52389.63,0.0034,25815.18,0
5104666,"מגדל MID CAP גרמניה מנוטרלת מט""ח","מניות גיאוגרפי מוגנת מט""ח",,"מניות בחו""ל",2026-04-30,6450000.0,מגדל,,False,False,0.018500000000000003,0.0035,1193.2500000000002,0.015000000000000003,967.5000000000002,0
5104732,הפניקס קסם תיק קונצרני מדורג,חברות והמרה ללא מניות וללא סימן קריאה,,"אג""ח בארץ- חברות והמרה",2026-04-30,543280000.0,קסם,,False,False,0.0089,0.0035,48351.92,0.0054,29337.120000000003,0
5104773,קסם אקטיב (!) תיק קונצרני עד 4 שנים,חברות והמרה ללא מניות עם סימן קריאה,,"אג""ח בארץ- חברות והמרה",2026-04-30,398960000.0,קסם,,False,False,0.0077,0.0035,30719.920000000002,0.004200000000000001,16756.320000000003,0
5104781,קסם אקטיב מניות אירופה,"מניות גיאוגרפי אחר חשופת מט""ח",,"מניות בחו""ל",2026-04-30,23160000.0,קסם,,False,False,0.0194,0.0035,4493.04,0.0159,3682.4400000000005,0
5104823,הראל נבחרת 10/90,"אג""ח כללי בארץ- עד 10% מניות ללא סימן קריאה",,"אג""ח בארץ - כללי",2026-04-30,263459999.99999997,הראל,,False,False,0.0069,0.0035,18178.739999999998,0.0034,8957.64,0
5104831,מגדל עוקבת תיק 1 הבנק הבינלאומי,"אג""ח כללי בארץ- עד 5% מניות",,"אג""ח בארץ - כללי",2026-04-30,53720000.0,מגדל,,False,False,0.006500000000000001,0.0035,3491.8000000000006,0.0030000000000000005,1611.6000000000001,0
5104849,"מגדל (!) אג""ח חברות",חברות והמרה ללא מניות עם סימן קריאה,,"אג""ח בארץ- חברות והמרה",2026-04-30,370090000.0,מגדל,,False,False,0.0088,0.0035,32567.920000000006,0.005300000000000001,19614.770000000004,0
5104922,איילון מניות בנקים,מניות לפי ענפים,,מניות בארץ,2026-04-30,1189790000.0,איילון,,False,False,0.0115,0.0035,136825.85,0.008,95183.20000000001,0
5104948,קסם אקטיב אירופה,"מניות גיאוגרפי אחר חשופת מט""ח",,"מניות בחו""ל",2026-04-30,9270000.0,קסם,,False,False,0.0195,0.0035,1807.6499999999999,0.016,1483.2,0
5105143,מיטב בונד A ומעלה,חברות והמרה עם מניות ללא סימן קריאה,,"אג""ח בארץ- חברות והמרה",2026-04-30,260320000.0,מיטב,,False,False,0.0102,0.0035,26552.640000000003,0.006700000000000001,17441.440000000002,0
5105176,הפניקס קסם ממשלתי שקלי,"אג""ח מדינה שקליות- ללא מניות",,"אג""ח בארץ- מדינה",2026-04-30,283400000.0,קסם,,False,False,0.0085,0.0035,24089.0,0.005000000000000001,14170.000000000002,0
5105218,אלטשולר שחם ירוקה גלובלי,"מניות לפי ענפים בחו""ל",,"מניות בחו""ל",2026-04-30,33380000.000000004,אלטשולר שחם,,False,False,0.0225,0.0035,7510.500000000001,0.019,6342.2,0
5105259,מגדל אפיקים 15/85,"אג""ח כללי בארץ- עד 15% מניות",,"אג""ח בארץ - כללי",2026-04-30,408510000.0,מגדל,,False,False,0.0089,0.0035,36357.39,0.0054,22059.54,0
5105267,ברומטר 15/85,"אג""ח כללי בארץ- עד 15% מניות",,"אג""ח בארץ - כללי",2026-04-30,728310000.0,איילון,ברומטר,False,False,0.009300000000000001,0.0035,67732.83,0.005800000000000001,42241.98000000001,0
5105317,כוון 20/80,"אג""ח כללי בארץ- עד 20% מניות",,"אג""ח בארץ - כללי",2026-04-30,24700000.0,איילון,כוון,False,False,0.0089,0.0035,2198.2999999999997,0.0054,1333.8000000000002,0
5105382,"אילים אג""ח מדינה + 10%","אג""ח מדינה כללי- עד 10% מניות",,"אג""ח בארץ- מדינה",2026-04-30,628390000.0,אילים,,False,False,0.0069,0.0035,43358.909999999996,0.0034,21365.26,0
5105390,"הראל (!) אג""ח עולמי","אג""ח חשופת מט""ח",,"אג""ח בחו""ל",2026-04-30,54230000.0,הראל,,False,False,0.0078000000000000005,0.0035,4229.94,0.0043,2331.89,0
5105531,אלטשולר שחם S&P 500,"ארה""ב חשופת מט""ח",,"מניות בחו""ל",2026-04-30,589320000.0,אלטשולר שחם,,False,False,0.016,0.0035,94291.20000000001,0.0125,73665.0,0
5105580,מיטב עוקבת תיק 2 הבנק הבינלאומי,"אג""ח כללי בארץ- עד 15% מניות",,"אג""ח בארץ - כללי",2026-04-30,444020000.0,מיטב,,False,False,0.0074,0.0035,32857.48,0.0039000000000000003,17316.78,0
5105614,"איילון 10/90 תיק אג""ח חול - נקובה $","אג""ח נקובת מט""ח",,"אג""ח בחו""ל",2026-04-30,90500000.0,איילון,,False,False,0.0088,0.0035,7964.000000000001,0.005300000000000001,4796.500000000001,0
5105648,קסם אקטיב קונצרני A ומעלה,"חברות והמרה ללא מניות וללא סימן קריאה, עם מגבלת מח""מ עד 5 שנים",,"אג""ח בארץ- חברות והמרה",2026-04-30,466300000.0,קסם,,False,False,0.0072,0.0035,33573.6,0.0036999999999999997,17253.1,0
5105697,"אלטשולר שחם (!) אג""ח חברות ללא מניות",חברות והמרה ללא מניות עם סימן קריאה,,"אג""ח בארץ- חברות והמרה",2026-04-30,295430000.0,אלטשולר שחם,,False,False,0.0124,0.0035,36633.32,0.0089,26293.269999999997,0
5105705,אלטשולר שחם 25-75,"אג""ח כללי בארץ- עד 25% מניות",,"אג""ח בארץ - כללי",2026-04-30,132419999.99999999,אלטשולר שחם,,False,False,0.0079,0.0035,10461.18,0.004400000000000001,5826.480000000001,0
5105713,מיטב (!) אגד חוץ BOND נקוב $,אגד חוץ,,אגד קרנות,2026-04-30,21640000.0,מיטב,,False,False,0.0123,0.0035,2661.7200000000003,0.0088,1904.3200000000002,0
5105820,אלטשולר שחם כספית ללא קונצרני,כספית שקלית ללא קונצרני,,קרן כספית,2026-04-30,1143600000.0,אלטשולר שחם,,False,False,0.0021,0.001,24015.6,0.0010999999999999998,12579.599999999999,1
5105846,"קסם אקטיב (!) תיק אג""ח ללא מניות","אג""ח כללי בארץ ללא מניות עם סימן קריאה",,"אג""ח בארץ - כללי",2026-04-30,938380000.0,קסם,,False,False,0.0068000000000000005,0.0035,63809.84,0.0033000000000000004,30966.54,0
5105895,אלטשולר שחם - קרן ממונפת,ממונפות בסיכון גבוה,,ממונפות ואסטרטגיות,2026-04-30,46650000.0,אלטשולר שחם,,False,False,0.022000000000000002,0.0035,10263.000000000002,0.018500000000000003,8630.250000000002,0
5105903,אלטשולר שחם יתר,מניות Small Cap,,מניות בארץ,2026-04-30,148490000.0,אלטשולר שחם,,False,False,0.025,0.0035,37122.5,0.021500000000000002,31925.350000000002,0
5105911,"אלטשולר שחם (!) אג""ח גלובלי ללא מניות","אג""ח חשופת מט""ח",,"אג""ח בחו""ל",2026-04-30,162100000.0,אלטשולר שחם,,False,False,0.0095,0.0035,15399.499999999998,0.006,9726.0,0
5105929,"אנליסט מניות ארה""ב","ארה""ב חשופת מט""ח",,"מניות בחו""ל",2026-04-30,81530000.0,אנליסט,,False,False,0.024,0.0035,19567.2,0.0205,16713.65,0
5105978,קסם אקטיב מדינה צמוד ללא מניות,"אג""ח מדינה צמוד מדד- ללא מניות",,"אג""ח בארץ- מדינה",2026-04-30,573320000.0,קסם,,False,False,0.0070999999999999995,0.0035,40705.719999999994,0.0035999999999999995,20639.519999999997,0
5106158,"איילון אג""ח חברות ללא מניות",חברות והמרה ללא מניות וללא סימן קריאה,,"אג""ח בארץ- חברות והמרה",2026-04-30,33870000.0,איילון,,False,False,0.0078000000000000005,0.0035,2641.86,0.0043,1456.41,0
5106190,מגדל (!) תיק השקעות קונצרני ישראל,חברות והמרה עם מניות ועם סימן קריאה,,"אג""ח בארץ- חברות והמרה",2026-04-30,90540000.0,מגדל,,False,False,0.0152,0.0035,13762.08,0.0117,10593.18,0
5106208,מגדל (!) 10/90,"אג""ח כללי בארץ- עד 10% מניות ועם סימן קריאה",,"אג""ח בארץ - כללי",2026-04-30,394200000.0,מגדל,,False,False,0.0059,0.0035,23257.8,0.0024,9460.8,0
5106273,ילין לפידות מנייתית,מניות All Cap,,מניות בארץ,2026-04-30,1503340000.0,ילין לפידות,,False,False,0.0232,0.0035,348774.87999999995,0.0197,296157.98,0
5106422,הראל נבחרת 20/80,"אג""ח כללי בארץ- עד 20% מניות",,"אג""ח בארץ - כללי",2026-04-30,85230000.0,הראל,,False,False,0.0059,0.0035,5028.57,0.0024,2045.5199999999998,0
5106430,הראל (!) תיק השקעות,חברות והמרה בסיכון גבוה,,"אג""ח בארץ- חברות והמרה",2026-04-30,19480000.0,הראל,,False,False,0.0089,0.0035,1733.7199999999998,0.0054,1051.92,0
5106547,"מגדל אג""ח לפדיון עד 2027","אג""ח כללי בארץ ללא מניות וללא סימן קריאה, עם מגבלת מח""מ עד 5 שנים",,"אג""ח בארץ - כללי",2026-04-30,209950000.0,מגדל,,False,False,0.0055000000000000005,0.0035,11547.250000000002,0.0020000000000000005,4199.000000000001,0
5106562,"FOREST אגם - אג""ח מדינה","אג""ח מדינה כללי- ללא מניות",,"אג""ח בארץ- מדינה",2026-04-30,1054349999.9999999,פורסט,,False,False,0.0059,0.0035,62206.64999999999,0.0024,25304.399999999994,0
5106653,הפניקס קסם תיק מניות עולמי - נקובה $,"מניות בחו""ל נקובת מט""ח",,"מניות בחו""ל",2026-04-30,46930000.0,קסם,,False,False,0.0174,0.0035,8165.82,0.0139,6523.2699999999995,0
5106745,"איילון אג""ח + 10%","אג""ח כללי בארץ- עד 10% מניות ללא סימן קריאה",,"אג""ח בארץ - כללי",2026-04-30,141970000.0,איילון,,False,False,0.0073,0.0035,10363.81,0.0038,5394.860000000001,0
5106778,איילון מדינה + 10%,"אג""ח מדינה כללי- עד 10% מניות",,"אג""ח בארץ- מדינה",2026-04-30,25810000.0,איילון,,False,False,0.005699999999999999,0.0035,1471.1699999999998,0.0021999999999999993,567.8199999999998,0
5106810,אילים נבחרת מניות LARGE & MID CAP ישראל,מניות Large & Mid Cap,,מניות בארץ,2026-04-30,2203800000.0,אילים,,False,False,0.0105,0.0035,231399.0,0.007000000000000001,154266.00000000003,0
5106885,"הראל מניות חו""ל","מניות כללי בחו""ל חשופת מט""ח",,"מניות בחו""ל",2026-04-30,84060000.0,הראל,,False,False,0.0195,0.0035,16391.7,0.016,13449.6,0
5106968,"סיגמא ת""א 125 מודל ESG",מניות Large & Mid Cap,,מניות בארץ,2026-04-30,35180000.0,סיגמא,,False,False,0.014499999999999999,0.0035,5101.1,0.011,3869.7999999999997,0
5106992,"מיטב (!) הזדמנויות אג""ח בסיכון גבוה",חברות והמרה בסיכון גבוה,,"אג""ח בארץ- חברות והמרה",2026-04-30,208730000.0,מיטב,,False,False,0.0152,0.0035,31726.960000000003,0.0117,24421.41,0
5107131,"מיטב (!) אג""ח חברות",חברות והמרה ללא מניות עם סימן קריאה,,"אג""ח בארץ- חברות והמרה",2026-04-30,415940000.0,מיטב,,False,False,0.0102,0.0035,42425.880000000005,0.006700000000000001,27867.980000000007,0
5107156,הראל קונצרני A ומעלה,חברות והמרה ללא מניות וללא סימן קריאה,,"אג""ח בארץ- חברות והמרה",2026-04-30,87300000.0,הראל,,False,False,0.0059,0.0035,5150.7,0.0024,2095.2,0
5107305,"איביאי מק""מ","אג""ח מדינה שקליות- ללא מניות",,"אג""ח בארץ- מדינה",2026-04-30,26360000.0,אי.בי.אי,,False,False,0.0046,0.002,1212.56,0.0026,685.36,0
5107313,"איביאי מק""מ פלוס","אג""ח מדינה שקליות- עד 10% מניות",,"אג""ח בארץ- מדינה",2026-04-30,154350000.0,אי.בי.אי,,False,False,0.0045000000000000005,0.002,6945.75,0.0025000000000000005,3858.750000000001,0
5107321,סיגמא בונד שקלי A ומעלה,חברות והמרה שקלי ללא מניות,,"אג""ח בארץ- חברות והמרה",2026-04-30,53310000.0,סיגמא,,False,False,0.0069,0.0035,3678.39,0.0034,1812.54,0
5107362,"איביאי אג""ח גלובלי","אג""ח חשופת מט""ח",,"אג""ח בחו""ל",2026-04-30,6830000.0,אי.בי.אי,,False,False,0.0097,0.0035,662.51,0.006200000000000001,423.46000000000004,0
5107420,איביאי עד 3 שנים 20/80,"אג""ח כללי בארץ- עד 20% מניות",,"אג""ח בארץ - כללי",2026-04-30,1077370000.0,אי.בי.אי,,False,False,0.0079,0.0035,85112.23000000001,0.004400000000000001,47404.28000000001,0
5107453,הראל (!) הזדמנויות קונצרני בסיכון גבוה,חברות והמרה בסיכון גבוה,,"אג""ח בארץ- חברות והמרה",2026-04-30,20810000.0,הראל,,False,False,0.015600000000000001,0.0035,3246.36,0.012100000000000001,2518.01,0
5107495,ילין לפידות תיק + 30%,"אג""ח כללי בארץ- עד 30% מניות",,"אג""ח בארץ - כללי",2026-04-30,173160000.0,ילין לפידות,,False,False,0.014499999999999999,0.0035,25108.2,0.011,19047.6,0
5107503,הראל קונצרני שקלי + 10%,חברות והמרה שקלי עם מניות,,"אג""ח בארץ- חברות והמרה",2026-04-30,98090000.0,הראל,,False,False,0.005,0.0035,4904.5,0.0015,1471.3500000000001,0
5107651,מיטב ממשלתי+10%,"אג""ח מדינה כללי- עד 10% מניות",,"אג""ח בארץ- מדינה",2026-04-30,703100000.0,מיטב,,False,False,0.006500000000000001,0.0035,45701.50000000001,0.0030000000000000005,21093.000000000004,0
5107693,"מור אג""ח פלוס","אג""ח כללי בארץ- עד 10% מניות ללא סימן קריאה",,"אג""ח בארץ - כללי",2026-04-30,1478890000.0,מור,,False,False,0.0079,0.0035,116832.31000000001,0.004400000000000001,65071.16000000002,0
5107701,"מור מניות ת""א 125",מניות Large & Mid Cap,,מניות בארץ,2026-04-30,474640000.0,מור,,False,False,0.0175,0.0035,83062.00000000001,0.014000000000000002,66449.6,0
5107727,מיטב 15/85,"אג""ח כללי בארץ- עד 15% מניות",,"אג""ח בארץ - כללי",2026-04-30,409120000.0,מיטב,,False,False,0.0089,0.0035,36411.68,0.0054,22092.480000000003,0
5107784,"אלטשולר שחם (!) אג""ח חו""ל עד 10% מט""ח","אג""ח מוגנת מט""ח",,"אג""ח בחו""ל",2026-04-30,582390000.0,אלטשולר שחם,,False,False,0.008,0.0035,46591.200000000004,0.0045000000000000005,26207.550000000003,0
5107800,"אלטשולר שחם אג""ח מדינה + 10%","אג""ח מדינה כללי- עד 10% מניות",,"אג""ח בארץ- מדינה",2026-04-30,75860000.0,אלטשולר שחם,,False,False,0.0059,0.0035,4475.74,0.0024,1820.6399999999999,0
5107859,"הראל אג""ח מדורג ומניות",חברות והמרה עם מניות ללא סימן קריאה,,"אג""ח בארץ- חברות והמרה",2026-04-30,7380000.0,הראל,,False,False,0.0049,0.0035,361.62,0.0013999999999999998,103.31999999999998,0
5107883,אקסיומה 30/70,"אג""ח כללי בארץ- עד 30% מניות",,"אג""ח בארץ - כללי",2026-04-30,132720000.0,סיגמא,אקסיומה,False,False,0.0075,0.0035,9954.0,0.004,5308.8,0
5107958,כוון 15/85,"אג""ח כללי בארץ- עד 15% מניות",,"אג""ח בארץ - כללי",2026-04-30,22240000.0,איילון,כוון,False,False,0.0089,0.0035,1979.36,0.0054,1200.96,0
5108006,"הראל שווקים מפותחים עד 30% מט""ח","מניות גיאוגרפי מוגנת מט""ח",,"מניות בחו""ל",2026-04-30,48050000.0,הראל,,False,False,0.0139,0.0035,6678.95,0.0104,4997.2,0
5108030,"מגדל אפיקים (!) אג""ח","אג""ח כללי בארץ- עד 5% מניות",,"אג""ח בארץ - כללי",2026-04-30,126830000.0,מגדל,,False,False,0.0178,0.0035,22575.739999999998,0.0143,18136.690000000002,0
5108048,סיגמא שקלית סולידית + 10%,"אג""ח כללי בארץ בדירוג גבוה (AA ומעלה ו/ או מדינה)- עד 10% מניות",,"אג""ח בארץ - כללי",2026-04-30,83850000.0,סיגמא,,False,False,0.0059,0.0035,4947.15,0.0024,2012.3999999999999,0
5108055,מגדל אפיקים (!) 10/90,"אג""ח כללי בארץ- עד 10% מניות ועם סימן קריאה",,"אג""ח בארץ - כללי",2026-04-30,45390000.0,מגדל,,False,False,0.0079,0.0035,3585.8100000000004,0.004400000000000001,1997.1600000000005,0
5108105,קסם אקטיב פרימיום,"אג""ח כללי בארץ - חשיפה מרבית מעל 30% מניות",,"אג""ח בארץ - כללי",2026-04-30,339110000.0,קסם,,False,False,0.0085,0.0035,28824.350000000002,0.005000000000000001,16955.500000000004,0
5108147,כרמים 15/85,"אג""ח כללי בארץ- עד 15% מניות",,"אג""ח בארץ - כללי",2026-04-30,119470000.0,איילון,כרמים,False,False,0.0075,0.0035,8960.25,0.004,4778.8,0
5108162,"כרמים (!) אג""ח חברות",חברות והמרה עם מניות ועם סימן קריאה,,"אג""ח בארץ- חברות והמרה",2026-04-30,119150000.0,איילון,כרמים,False,False,0.014499999999999999,0.0035,17276.75,0.011,13106.499999999998,0
5108188,כרמים צמוד מדד מדורג,חברות והמרה ללא מניות וללא סימן קריאה,,"אג""ח בארץ- חברות והמרה",2026-04-30,45120000.0,איילון,כרמים,False,False,0.013500000000000002,0.0035,6091.200000000002,0.010000000000000002,4512.000000000001,0
5108220,"קסם אקטיב עוקבת מרכיב אג""ח - תיק 2 הבנק הבינלאומי","אג""ח כללי בארץ ללא מניות וללא סימן קריאה",,"אג""ח בארץ - כללי",2026-04-30,98190000.0,קסם,,False,False,0.0062,0.0035,6087.780000000001,0.0026999999999999997,2651.1299999999997,0
5108238,קסם אקטיב קונצרני שקלי + 10,חברות והמרה שקלי עם מניות,,"אג""ח בארץ- חברות והמרה",2026-04-30,5890000.0,קסם,,False,False,0.0108,0.0035,636.12,0.007300000000000001,429.9700000000001,0
5108253,הראל פרימיום קונצרני + 25%,חברות והמרה עם מניות ללא סימן קריאה,,"אג""ח בארץ- חברות והמרה",2026-04-30,24950000.0,הראל,,False,False,0.0079,0.0035,1971.0500000000002,0.004400000000000001,1097.8000000000004,0
5108279,אזימוט 5/95,"אג""ח כללי בארץ- עד 5% מניות",,"אג""ח בארץ - כללי",2026-04-30,206170000.0,איילון,אזימוטליין,False,False,0.0069,0.0035,14225.73,0.0034,7009.78,0
5108329,"אלטשולר שחם מניות גלובלי עד 30% מט""ח","מניות כללי בחו""ל מוגנת מט""ח",,"מניות בחו""ל",2026-04-30,230900000.0,אלטשולר שחם,,False,False,0.0178,0.0035,41100.2,0.0143,33018.700000000004,0
5108402,אלטשולר שחם עוקבת תיק 2 הבנק הבינלאומי,"אג""ח כללי בארץ- עד 15% מניות",,"אג""ח בארץ - כללי",2026-04-30,52160000.0,אלטשולר שחם,,False,False,0.0079,0.0035,4120.64,0.004400000000000001,2295.040000000001,0
5108428,"סיגמא (!) אג""ח חברות",חברות והמרה ללא מניות עם סימן קריאה,,"אג""ח בארץ- חברות והמרה",2026-04-30,76040000.0,סיגמא,,False,False,0.0089,0.0035,6767.5599999999995,0.0054,4106.160000000001,0
5108501,FOREST עיטם,"אג""ח כללי בארץ - חשיפה מרבית מעל 30% מניות",,"אג""ח בארץ - כללי",2026-04-30,928260000.0,פורסט,,False,False,0.011699999999999999,0.0035,108606.41999999998,0.008199999999999999,76117.31999999999,0
5108519,"FOREST (!) אג""ח","אג""ח כללי בארץ- עד 10% מניות ועם סימן קריאה",,"אג""ח בארץ - כללי",2026-04-30,1250530000.0,פורסט,,False,False,0.0088,0.0035,110046.64000000001,0.005300000000000001,66278.09000000001,0
5108626,מיטב מדדית ממשלתית כשרה,"אג""ח מדינה צמוד מדד- עד 10% מניות",,"אג""ח בארץ- מדינה",2026-04-30,57210000.0,מיטב,,False,False,0.0095,0.0035,5434.95,0.006,3432.6,0
5108642,"אלטשולר שחם (!) אג""ח הזדמנויות",חברות והמרה עם מניות ועם סימן קריאה,,"אג""ח בארץ- חברות והמרה",2026-04-30,171800000.0,אלטשולר שחם,,False,False,0.0149,0.0035,25598.199999999997,0.0114,19585.2,0
5108667,"אלטשולר שחם אג""ח מדינה צמודי מדד ללא מניות","אג""ח מדינה צמוד מדד- ללא מניות",,"אג""ח בארץ- מדינה",2026-04-30,585730000.0,אלטשולר שחם,,False,False,0.0078000000000000005,0.0035,45686.94,0.0043,25186.39,0
5108683,"מיטב (!) אג""ח דולר","אג""ח חשופת דולר",,"אג""ח בחו""ל",2026-04-30,385730000.0,מיטב,,False,False,0.0079,0.0035,30472.670000000002,0.004400000000000001,16972.120000000006,0
5108733,"קסם אקטיב (!) אג""ח הזדמנויות פלוס",חברות והמרה בסיכון גבוה,,"אג""ח בארץ- חברות והמרה",2026-04-30,37610000.0,קסם,,False,False,0.0134,0.0035,5039.74,0.0099,3723.3900000000003,0
5108774,"אקסיומה אג""ח מדורג ללא מניות",חברות והמרה ללא מניות וללא סימן קריאה,,"אג""ח בארץ- חברות והמרה",2026-04-30,745390000.0,סיגמא,אקסיומה,False,False,0.0075,0.0035,55904.24999999999,0.004,29815.600000000002,0
5108857,תכלית TTF תל גוב-שקלי 2-5,ריבית קבועה  - בינוני,,"אג""ח בארץ- מדינה",2026-04-30,326780000.0,מיטב,,True,False,0.001,0.0,3267.8,0.001,3267.8,0
5108865,"אקסיומה נבחרת מניות ת""א 125",מניות Large & Mid Cap,,מניות בארץ,2026-04-30,47210000.0,סיגמא,אקסיומה,False,False,0.0138,0.0035,6514.98,0.0103,4862.63,0
5108873,ילין לפידות יתר,מניות Small Cap,,מניות בארץ,2026-04-30,337530000.0,ילין לפידות,,False,False,0.0246,0.0035,83032.38,0.0211,71218.83,0
5108899,"ילין לפידות (!) אג""ח פוטנציאל חברות בסיכון גבוה + 10%",חברות והמרה בסיכון גבוה,,"אג""ח בארץ- חברות והמרה",2026-04-30,867920000.0,ילין לפידות,,False,False,0.017,0.0035,147546.40000000002,0.013500000000000002,117169.20000000003,0
5109004,סיגמא 10/90,"אג""ח כללי בארץ- עד 10% מניות ללא סימן קריאה",,"אג""ח בארץ - כללי",2026-04-30,745310000.0,סיגמא,,False,False,0.0075,0.0035,55898.24999999999,0.004,29812.4,0
5109053,קסם אקטיב Bond Dollar Plus,"אג""ח חשופת דולר",,"אג""ח בחו""ל",2026-04-30,60490000.0,קסם,,False,False,0.0075,0.0035,4536.75,0.004,2419.6000000000004,0
5109079,כרמים מדינה שקלית + 10%,"אג""ח מדינה שקליות- עד 10% מניות",,"אג""ח בארץ- מדינה",2026-04-30,90770000.0,איילון,כרמים,False,False,0.0059,0.0035,5355.429999999999,0.0024,2178.4799999999996,0
5109129,פיטנגו מניות,מניות All Cap,,מניות בארץ,2026-04-30,30930000.0,איילון,פיטנגו,False,False,0.028300000000000002,0.0035,8753.190000000002,0.024800000000000003,7670.64,0
5109137,פיטנגו 25/75,"אג""ח כללי בארץ- עד 25% מניות",,"אג""ח בארץ - כללי",2026-04-30,101130000.0,איילון,פיטנגו,False,False,0.018500000000000003,0.0035,18709.050000000003,0.015000000000000003,15169.500000000004,0
5109160,קסם אקטיב (!) קונצרני שקלי,חברות והמרה שקלי ללא מניות,,"אג""ח בארץ- חברות והמרה",2026-04-30,56060000.0,קסם,,False,False,0.0098,0.0035,5493.88,0.0063,3531.78,0
5109319,קסם אקטיב 30/70,"אג""ח כללי בארץ- עד 30% מניות",,"אג""ח בארץ - כללי",2026-04-30,176900000.0,קסם,,False,False,0.0076,0.0035,13444.400000000001,0.0040999999999999995,7252.899999999999,0
5109384,"אילים (!) תיק אג""ח ללא מניות","אג""ח כללי בארץ ללא מניות עם סימן קריאה",,"אג""ח בארץ - כללי",2026-04-30,454200000.0,אילים,,False,False,0.0069,0.0035,31339.8,0.0034,15442.8,0
5109418,"תכלית TTF ת""א 35",Large Cap,,מניות בארץ,2026-04-30,198600000.0,מיטב,,True,False,0.003,0.0,5958.0,0.003,5958.0,0
5109558,קסם אקטיב עוקבת תיק 3 הבנק הבינלאומי,"אג""ח כללי בארץ- עד 30% מניות",,"אג""ח בארץ - כללי",2026-04-30,237380000.0,קסם,,False,False,0.0060999999999999995,0.0035,14480.179999999998,0.0025999999999999994,6171.879999999999,0
5109608,"איילון (!) אג""ח + 10%","אג""ח כללי בארץ- עד 10% מניות ועם סימן קריאה",,"אג""ח בארץ - כללי",2026-04-30,12500000.0,איילון,,False,False,0.008,0.0035,1000.0000000000001,0.0045000000000000005,562.5,0
5109624,"כוון אג""ח ללא מניות","אג""ח כללי בארץ ללא מניות וללא סימן קריאה",,"אג""ח בארץ - כללי",2026-04-30,13310000.0,איילון,כוון,False,False,0.0069,0.0035,918.39,0.0034,452.54,0
5109632,כוון 10/90,"אג""ח כללי בארץ- עד 10% מניות ללא סימן קריאה",,"אג""ח בארץ - כללי",2026-04-30,6910000.0,איילון,כוון,False,False,0.0074,0.0035,511.3400000000001,0.0039000000000000003,269.49,0
5109673,"איילון (!) אג""ח והנפקות ללא מניות","אג""ח כללי בארץ ללא מניות עם סימן קריאה",,"אג""ח בארץ - כללי",2026-04-30,302800000.0,איילון,,False,False,0.0069,0.0035,20893.2,0.0034,10295.2,0
5109731,מור גמישה,גמישות,,גמישות,2026-04-30,1369860000.0,מור,,False,False,0.018799999999999997,0.0035,257533.67999999993,0.015299999999999998,209588.57999999996,0
5109749,"מור מעשר אג""ח - כשרה","אג""ח כללי בארץ- עד 5% מניות",,"אג""ח בארץ - כללי",2026-04-30,100670000.0,מור,,False,False,0.0088,0.0035,8858.960000000001,0.005300000000000001,5335.510000000001,0
5109756,מור שקלית מדינה ללא מניות - כשרה,"אג""ח מדינה שקליות- ללא מניות",,"אג""ח בארץ- מדינה",2026-04-30,229250000.0,מור,,False,False,0.006500000000000001,0.0035,14901.250000000002,0.0030000000000000005,6877.500000000001,0
5109848,"קסם אקטיב ארה""ב נקוב $","מניות בחו""ל נקובת מט""ח",,"מניות בחו""ל",2026-04-30,25460000.0,קסם,,False,False,0.013999999999999999,0.0035,3564.3999999999996,0.010499999999999999,2673.2999999999997,0
5109863,קסם אקטיב ממשלתי + 15%,"אג""ח מדינה כללי- עד 20% מניות",,"אג""ח בארץ- מדינה",2026-04-30,73810000.0,קסם,,False,False,0.0073,0.0035,5388.13,0.0038,2804.78,0
5109871,"סיגמא אג""ח כללי ללא מניות","אג""ח כללי בארץ ללא מניות וללא סימן קריאה",,"אג""ח בארץ - כללי",2026-04-30,34280000.0,סיגמא,,False,False,0.0149,0.0035,5107.719999999999,0.0114,3907.92,0
5109889,"MTF מחקה ת""א 125",Large & Mid Cap,,מניות בארץ,2026-04-30,2448620000.0,מגדל,,True,False,0.001,0.0,24486.2,0.001,24486.2,0
5109897,"MTF מחקה ת""א 35",Large Cap,,מניות בארץ,2026-04-30,803530000.0,מגדל,,True,False,0.001,0.0,8035.300000000001,0.001,8035.300000000001,0
5109988,קסם אקטיב AA ומעלה ו/או מדינה,"אג""ח כללי בארץ בדירוג גבוה בלבד (AA ומעלה ו/ או מדינה)",,"אג""ח בארץ - כללי",2026-04-30,122870000.0,קסם,,False,False,0.0059,0.0035,7249.33,0.0024,2948.8799999999997,0
5110051,"הראל ת""א-Midcap150",מניות All Cap,,מניות בארץ,2026-04-30,106260000.0,הראל,,False,False,0.0195,0.0035,20720.7,0.016,17001.600000000002,0
5110085,"אלטשולר שחם אג""ח תל בונד",חברות והמרה ללא מניות וללא סימן קריאה,,"אג""ח בארץ- חברות והמרה",2026-04-30,291510000.0,אלטשולר שחם,,False,False,0.0079,0.0035,23029.290000000005,0.004400000000000001,12826.440000000004,0
5110150,הראל קונצרני דולרי,חברות והמרה עם מניות ללא סימן קריאה,,"אג""ח בארץ- חברות והמרה",2026-04-30,14780000.0,הראל,,False,False,0.0132,0.0035,1950.96,0.0097,1433.66,0
5110176,הראל מעורבת,"אג""ח כללי בארץ - חשיפה מרבית מעל 30% מניות",,"אג""ח בארץ - כללי",2026-04-30,47800000.0,הראל,,False,False,0.02249,0.0035,10750.22,0.01899,9077.220000000001,0
5110192,הראל מדד בינוני ממשלתי,"אג""ח מדינה צמוד מדד- עד 10% מניות",,"אג""ח בארץ- מדינה",2026-04-30,51240000.0,הראל,,False,False,0.0127,0.0035,6507.48,0.0092,4714.08,0
5110226,קסם אקטיב (!) תיק קרנות ללא מניות-אגד ישראלי,אגד ישראלי,,אגד קרנות,2026-04-30,18980000.0,קסם,,False,False,0.0,0.0035,0.0,-0.0035,-664.3000000000001,0
5110309,קסם אקטיב מדינה - AA ומעלה,"אג""ח מדינה כללי- ללא מניות",,"אג""ח בארץ- מדינה",2026-04-30,166000000.0,קסם,,False,False,0.0062,0.0035,10292.0,0.0026999999999999997,4481.999999999999,0
5110333,"הראל אג""ח חו""ל דולר","אג""ח חשופת דולר",,"אג""ח בחו""ל",2026-04-30,120490000.0,הראל,,False,False,0.0079,0.0035,9518.710000000001,0.004400000000000001,5301.560000000001,0
5110341,הראל כספית נקובה ב-$,"נקובת מט""ח",,קרן כספית,2026-04-30,4083450000.0,הראל,,False,False,0.0025,0.001,102086.25,0.0015,61251.75,1
5110374,הראל מניות דיבידנד,מניות All Cap,,מניות בארץ,2026-04-30,55480000.0,הראל,,False,False,0.0147,0.0035,8155.5599999999995,0.0112,6213.76,0
5110382,קסם אקטיב כספית נקובה דולר,"נקובת מט""ח",,קרן כספית,2026-04-30,526010000.0,קסם,,False,False,0.0025,0.001,13150.25,0.0015,7890.150000000001,1
5110523,"אנליסט (!) אג""ח","אג""ח כללי בארץ ללא מניות עם סימן קריאה",,"אג""ח בארץ - כללי",2026-04-30,305690000.0,אנליסט,,False,False,0.0089,0.0035,27206.41,0.0054,16507.260000000002,0
5110531,"הראל מניות חו""ל-נקובה $","מניות בחו""ל נקובת מט""ח",,"מניות בחו""ל",2026-04-30,35650000.0,הראל,,False,False,0.0181,0.0035,6452.650000000001,0.014600000000000002,5204.900000000001,0
5110564,אלטשולר שחם תיק השקעות ללא מניות,"אג""ח כללי בארץ ללא מניות וללא סימן קריאה",,"אג""ח בארץ - כללי",2026-04-30,92250000.0,אלטשולר שחם,,False,False,0.0092,0.0035,8487.0,0.0057,5258.25,0
5110580,"איביאי (!) אג""ח ללא מניות","אג""ח כללי בארץ ללא מניות עם סימן קריאה",,"אג""ח בארץ - כללי",2026-04-30,194140000.0,אי.בי.אי,,False,False,0.0089,0.0035,17278.46,0.0054,10483.560000000001,0
5110655,"הראל בונד חו""ל מדורג נקובה $","אג""ח נקובת מט""ח",,"אג""ח בחו""ל",2026-04-30,33380000.000000004,הראל,,False,False,0.0097,0.0035,3237.86,0.006200000000000001,2069.5600000000004,0
5110713,"קסם אקטיב ת""א 90",מניות Large & Mid Cap,,מניות בארץ,2026-04-30,261070000.0,קסם,,False,False,0.022000000000000002,0.0035,57435.40000000001,0.018500000000000003,48297.950000000004,0
5110739,"הפניקס קסם (!) אג""ח גלובלי","אג""ח חשופת מט""ח",,"אג""ח בחו""ל",2026-04-30,74900000.0,קסם,,False,False,0.0085,0.0035,6366.500000000001,0.005000000000000001,3745.000000000001,0
5110788,"הפניקס קסם ת""א 125",מניות Large & Mid Cap,,מניות בארץ,2026-04-30,1129590000.0,קסם,,False,False,0.0184,0.0035,207844.56,0.0149,168308.90999999997,0
5110820,קסם אקטיב מניות יתר,מניות Small Cap,,מניות בארץ,2026-04-30,96950000.0,קסם,,False,False,0.028399999999999998,0.0035,27533.799999999996,0.0249,24140.55,0
5110838,"קסם אקטיב מניות חו""ל גלובלי","מניות כללי בחו""ל חשופת מט""ח",,"מניות בחו""ל",2026-04-30,101890000.0,קסם,,False,False,0.0222,0.0035,22619.58,0.0187,19053.43,0
5110879,קסם אקטיב גלוב,לתושבי חוץ בלבד,,לתושבי חוץ בלבד,2026-04-30,8680000.0,קסם,,False,False,0.0219,0.0035,1900.9199999999998,0.0184,1597.12,0
5110929,"הראל (!) תיק אג""ח פלוס 10%","אג""ח כללי בארץ- עד 10% מניות ועם סימן קריאה",,"אג""ח בארץ - כללי",2026-04-30,20310000.0,הראל,,False,False,0.0075,0.0035,1523.2499999999998,0.004,812.4000000000001,0
5111000,אלטשולר שחם מדינה צמוד בינוני,"אג""ח מדינה צמוד מדד- ללא מניות",,"אג""ח בארץ- מדינה",2026-04-30,77530000.0,אלטשולר שחם,,False,False,0.0069,0.0035,5349.57,0.0034,2636.02,0
5111059,"הראל אג""ח קונצרני ללא מניות",חברות והמרה ללא מניות וללא סימן קריאה,,"אג""ח בארץ- חברות והמרה",2026-04-30,50390000.0,הראל,,False,False,0.0059,0.0035,2973.0099999999998,0.0024,1209.36,0
5111117,"הראל אג""ח חו""ל ומניות עד 20% מט""ח","אג""ח מוגנת מט""ח",,"אג""ח בחו""ל",2026-04-30,551900000.0,הראל,,False,False,0.0074,0.0035,40840.600000000006,0.0039000000000000003,21524.1,0
5111133,הראל מניות ערך Buy Side ישראל,מניות All Cap,,מניות בארץ,2026-04-30,762990000.0,הראל,,False,False,0.0159,0.0035,121315.41000000002,0.012400000000000001,94610.76000000001,0
5111190,"הראל חו""ל סקטורים בצמיחה","מניות כללי בחו""ל חשופת מט""ח",,"מניות בחו""ל",2026-04-30,79650000.0,הראל,,False,False,0.0195,0.0035,15531.75,0.016,12744.000000000002,0
5111216,"הראל תיק אג""ח + 20%","אג""ח כללי בארץ- עד 20% מניות",,"אג""ח בארץ - כללי",2026-04-30,92820000.0,הראל,,False,False,0.0169,0.0035,15686.579999999998,0.013399999999999999,12437.879999999997,0
5111240,אי בי אי מחקה תל גוב-צמודות 2-5,צמודות מדד ממשלתיות - בינוני,,"אג""ח בארץ- מדינה",2026-04-30,104020000.0,אי.בי.אי,,True,False,0.0015,0.0,1560.3,0.0015,1560.3,0
5111265,"אי בי אי מחקה תל גוב-מק""מ","מק""מ",,"אג""ח בארץ- מדינה",2026-04-30,47090000.0,אי.בי.אי,,True,False,0.0009,0.0,423.81,0.0009,423.81,0
5111273,הראל נבחרת מניות,מניות All Cap,,מניות בארץ,2026-04-30,1236940000.0,הראל,,False,False,0.019799999999999998,0.0035,244914.12,0.0163,201621.21999999997,0
5111299,הראל מניות Mid Cap ישראל,מניות Large & Mid Cap,,מניות בארץ,2026-04-30,62850000.0,הראל,,False,False,0.023399999999999997,0.0035,14706.899999999998,0.019899999999999998,12507.15,0
5111307,מיטב מדינה + 20%,"אג""ח מדינה כללי- עד 20% מניות",,"אג""ח בארץ- מדינה",2026-04-30,544870000.0,מיטב,,False,False,0.006500000000000001,0.0035,35416.55,0.0030000000000000005,16346.100000000002,0
5111331,הראל מדינה צמוד + 10%,"אג""ח מדינה צמוד מדד- עד 10% מניות",,"אג""ח בארץ- מדינה",2026-04-30,686010000.0,הראל,,False,False,0.0059,0.0035,40474.59,0.0024,16464.239999999998,0
5111356,הראל שקלים מדורגות ללא מניות,חברות והמרה שקלי ללא מניות,,"אג""ח בארץ- חברות והמרה",2026-04-30,36840000.0,הראל,,False,False,0.013500000000000002,0.0035,4973.4000000000015,0.010000000000000002,3684.0000000000005,0
5111364,קסם אקטיב (!) קונצרני לונג שורט,ממונפות אחר,,ממונפות ואסטרטגיות,2026-04-30,18360000.0,קסם,,False,False,0.0113,0.0035,2074.68,0.0078,1432.08,0
5111398,הראל US EQUITY,לתושבי חוץ בלבד,,לתושבי חוץ בלבד,2026-04-30,7180000.0,הראל,,False,False,0.0292,0.0035,2096.56,0.0257,1845.26,0
5111406,קסם אקטיב מניות,מניות All Cap,,מניות בארץ,2026-04-30,16200000.0,קסם,,False,False,0.011000000000000001,0.0035,1782.0000000000002,0.0075000000000000015,1215.0000000000002,0
5111414,"הראל חו""ל US","ארה""ב חשופת מט""ח",,"מניות בחו""ל",2026-04-30,11410000.0,הראל,,False,False,0.027999999999999997,0.0035,3194.7999999999997,0.024499999999999997,2795.45,0
5111422,אי בי אי מחקה תל גוב-שקלי 2-5,ריבית קבועה  - בינוני,,"אג""ח בארץ- מדינה",2026-04-30,115180000.0,אי.בי.אי,,True,False,0.0015,0.0,1727.7,0.0015,1727.7,0
5111448,איילון מדדית מדינה ללא מניות,"אג""ח מדינה צמוד מדד- ללא מניות",,"אג""ח בארץ- מדינה",2026-04-30,9460000.0,איילון,,False,False,0.0068000000000000005,0.0035,643.28,0.0033000000000000004,312.18,0
5111455,הראל מניות צמיחה,מניות All Cap,,מניות בארץ,2026-04-30,56010000.0,הראל,,False,False,0.0125,0.0035,7001.25,0.009000000000000001,5040.900000000001,0
5111489,אי בי אי מחקה תל גוב-שקלי 5+,ריבית קבועה - ארוך,,"אג""ח בארץ- מדינה",2026-04-30,177460000.0,אי.בי.אי,,True,False,0.0,0.0,0.0,0.0,0.0,0
5111570,"הראל מעו""ף בריבוע",ממונפות בסיכון גבוה,,ממונפות ואסטרטגיות,2026-04-30,57890000.0,הראל,,False,False,0.028300000000000002,0.0035,16382.870000000003,0.024800000000000003,14356.720000000001,0
5111620,איביאי ממשלתי שקלי קצר פלוס,"אג""ח מדינה שקליות- ללא מניות",,"אג""ח בארץ- מדינה",2026-04-30,43400000.0,אי.בי.אי,,False,False,0.0034999999999999996,0.002,1518.9999999999998,0.0014999999999999996,650.9999999999998,0
5111638,איביאי (!) מדינה צמוד ללא מניות,"אג""ח מדינה צמוד מדד- ללא מניות",,"אג""ח בארץ- מדינה",2026-04-30,141130000.0,אי.בי.אי,,False,False,0.006500000000000001,0.0035,9173.45,0.0030000000000000005,4233.900000000001,0
5111661,"קסם אקטיב (!) תיק אג""ח חו""ל HY - נקובה $","אג""ח נקובת מט""ח",,"אג""ח בחו""ל",2026-04-30,56460000.0,קסם,,False,False,0.0075,0.0035,4234.5,0.004,2258.4,0
5111695,הראל מניות Large Cap ישראל,מניות Large & Mid Cap,,מניות בארץ,2026-04-30,215210000.0,הראל,,False,False,0.0233,0.0035,50143.93000000001,0.0198,42611.58,0
5111711,מגדל פרימיום תיק השקעות עד 50%,"אג""ח כללי בארץ - חשיפה מרבית מעל 30% מניות",,"אג""ח בארץ - כללי",2026-04-30,195500000.0,מגדל,,False,False,0.0078000000000000005,0.0035,15249.0,0.0043,8406.5,0
5111836,"הראל מסלול אג""ח","אג""ח כללי בארץ ללא מניות וללא סימן קריאה",,"אג""ח בארץ - כללי",2026-04-30,156080000.0,הראל,,False,False,0.009340000000000001,0.0035,14577.872000000001,0.0058400000000000014,9115.072000000002,0
5111869,הראל מדינה שקלית,"אג""ח מדינה שקליות- ללא מניות",,"אג""ח בארץ- מדינה",2026-04-30,290950000.0,הראל,,False,False,0.0037,0.0035,10765.150000000001,0.0002000000000000001,581.9000000000002,0
5111885,הראל מדינה,"אג""ח מדינה כללי- ללא מניות",,"אג""ח בארץ- מדינה",2026-04-30,144470000.0,הראל,,False,False,0.0072,0.0035,10401.84,0.0036999999999999997,5345.389999999999,0
5111935,"ילין לפידות אג""ח מדורג ללא מניות",חברות והמרה ללא מניות וללא סימן קריאה,,"אג""ח בארץ- חברות והמרה",2026-04-30,310610000.0,ילין לפידות,,False,False,0.006999999999999999,0.0035,21742.699999999997,0.003499999999999999,10871.349999999997,0
5111992,הראל נכסים סולידיים,"אג""ח כללי בארץ בדירוג גבוה (AA ומעלה ו/ או מדינה)- עד 10% מניות",,"אג""ח בארץ - כללי",2026-04-30,228550000.0,הראל,,False,False,0.0038,0.0035,8684.9,0.0002999999999999999,685.6499999999999,0
5112271,אי בי אי מחקה תל גוב-כללי,"אג""ח מדינה שיקלי וצמוד",,"אג""ח בארץ- מדינה",2026-04-30,54230000.0,אי.בי.אי,,True,False,0.002,0.0,1084.6000000000001,0.002,1084.6000000000001,0
5112404,MTF מחקה תל בונד 40 צמודות,בריבית קבועה,,"אג""ח בארץ- חברות והמרה",2026-04-30,34480000.0,מגדל,,True,False,0.0025,0.0,862.0,0.0025,862.0,0
5112479,"קסם אקטיב אג""ח דולר בינלאומי","אג""ח חשופת דולר",,"אג""ח בחו""ל",2026-04-30,22050000.0,קסם,,False,False,0.0127,0.0035,2800.35,0.0092,2028.6,0
5112487,"קסם אקטיב (!) אג""ח קונצרני Buy Side",חברות והמרה ללא מניות עם סימן קריאה,,"אג""ח בארץ- חברות והמרה",2026-04-30,185410000.0,קסם,,False,False,0.006500000000000001,0.0035,12051.650000000001,0.0030000000000000005,5562.300000000001,0
5112560,הראל תיק מדינה,"אג""ח מדינה כללי- ללא מניות",,"אג""ח בארץ- מדינה",2026-04-30,111000000.0,הראל,,False,False,0.0049,0.0035,5439.0,0.0013999999999999998,1553.9999999999998,0
5112586,"הראל מחקה משולבת אג""ח ישראל (90%) מניות ישראל-חול (10%) חודשי",עד 10% מניות,,"אג""ח בארץ משולבת",2026-04-30,59920000.0,הראל,,True,False,0.0,0.0,0.0,0.0,0.0,0
5112628,"אי בי אי מחקה ת""א 125",Large & Mid Cap,,מניות בארץ,2026-04-30,2648370000.0,אי.בי.אי,,True,False,0.001,0.0,26483.7,0.001,26483.7,0
5112669,מגדל בונד מדורג A ומעלה,חברות והמרה ללא מניות וללא סימן קריאה,,"אג""ח בארץ- חברות והמרה",2026-04-30,261630000.0,מגדל,,False,False,0.0055000000000000005,0.0035,14389.650000000001,0.0020000000000000005,5232.600000000001,0
5112677,מגדל בונד שקלי A ומעלה,חברות והמרה שקלי ללא מניות,,"אג""ח בארץ- חברות והמרה",2026-04-30,107660000.0,מגדל,,False,False,0.0074,0.0035,7966.840000000001,0.0039000000000000003,4198.74,0
5112693,"קסם אקטיב מניות חו""ל","מניות כללי בחו""ל חשופת מט""ח",,"מניות בחו""ל",2026-04-30,25120000.0,קסם,,False,False,0.0187,0.0035,4697.4400000000005,0.015200000000000002,3818.2400000000002,0
5112719,קסם אקט 10-90,"אג""ח כללי בארץ- עד 10% מניות ללא סימן קריאה",,"אג""ח בארץ - כללי",2026-04-30,466180000.0,קסם,,False,False,0.0079,0.0035,36828.22,0.004400000000000001,20511.920000000006,0
5112768,הראל 30/70,"אג""ח כללי בארץ- עד 30% מניות",,"אג""ח בארץ - כללי",2026-04-30,392470000.0,הראל,,False,False,0.0069,0.0035,27080.43,0.0034,13343.98,0
5112826,מגדל תיק השקעות 15/85,"אג""ח כללי בארץ- עד 15% מניות",,"אג""ח בארץ - כללי",2026-04-30,419200000.0,מגדל,,False,False,0.0079,0.0035,33116.8,0.004400000000000001,18444.800000000007,0
5112842,מגדל אינפלציה מדינה,"אג""ח מדינה צמוד מדד- עד 10% מניות",,"אג""ח בארץ- מדינה",2026-04-30,182640000.0,מגדל,,False,False,0.0068000000000000005,0.0035,12419.52,0.0033000000000000004,6027.120000000001,0
5112909,"מגדל (!) אג""ח מדורג - רכיב בטוחה",חברות והמרה ללא מניות עם סימן קריאה,,"אג""ח בארץ- חברות והמרה",2026-04-30,242800000.0,מגדל,,False,False,0.0089,0.0035,21609.199999999997,0.0054,13111.2,0
5112917,מיטב עוקבת תיק 3 הבנק הבינלאומי,"אג""ח כללי בארץ- עד 30% מניות",,"אג""ח בארץ - כללי",2026-04-30,591570000.0,מיטב,,False,False,0.0079,0.0035,46734.030000000006,0.004400000000000001,26029.08000000001,0
5112925,איילון 20/80,"אג""ח כללי בארץ- עד 20% מניות",,"אג""ח בארץ - כללי",2026-04-30,71550000.0,איילון,,False,False,0.0075,0.0035,5366.249999999999,0.004,2862.0000000000005,0
5112933,"איילון שקלי ממשלתי ואג""ח מדורגות","אג""ח מדינה שקליות- ללא מניות",,"אג""ח בארץ- מדינה",2026-04-30,19850000.0,איילון,,False,False,0.0060999999999999995,0.0035,1210.85,0.0025999999999999994,516.0999999999999,0
5112941,איילון מדינה + 20%,"אג""ח מדינה כללי- עד 20% מניות",,"אג""ח בארץ- מדינה",2026-04-30,25990000.0,איילון,,False,False,0.0069,0.0035,1793.31,0.0034,883.66,0
5113006,מור מחקה תל גוב-צמודות 2-5,צמודות מדד ממשלתיות - בינוני,,"אג""ח בארץ- מדינה",2026-04-30,12620000.0,מור,,True,False,0.0015,0.0,189.3,0.0015,189.3,0
5113014,איביאי מחקה תל בונד 20 צמודות,בריבית קבועה,,"אג""ח בארץ- חברות והמרה",2026-04-30,36150000.0,אי.בי.אי,,True,False,0.0025,0.0,903.75,0.0025,903.75,0
5113022,מור מחקה תל גוב-שקלי 2-5,ריבית קבועה  - בינוני,,"אג""ח בארץ- מדינה",2026-04-30,30090000.0,מור,,True,False,0.0015,0.0,451.35,0.0015,451.35,0
5113048,איביאי (!) קונצרני ריבית משתנה,חברות והמרה שקלי ללא מניות,,"אג""ח בארץ- חברות והמרה",2026-04-30,20290000.0,אי.בי.אי,,False,False,0.006500000000000001,0.0035,1318.8500000000001,0.0030000000000000005,608.7,0
5113063,"מור מחקה ת""א 125",Large & Mid Cap,,מניות בארץ,2026-04-30,258019999.99999997,מור,,True,False,0.0,0.0,0.0,0.0,0.0,0
5113071,אי בי אי מחקה תל בונד שקלי,בריבית קבועה,,"אג""ח בארץ- חברות והמרה",2026-04-30,353190000.0,אי.בי.אי,,True,False,0.002,0.0,7063.8,0.002,7063.8,0
5113105,הראל מדינה שמרני + 10%,"אג""ח מדינה כללי- עד 10% מניות",,"אג""ח בארץ- מדינה",2026-04-30,1042920000.0000001,הראל,,False,False,0.0064,0.0035,66746.88,0.0029000000000000002,30244.680000000008,0
5113121,הראל מחקה משולבת מדינה חודשי,"אג""ח מדינה משולבת - ללא מניות",,"אג""ח בארץ- מדינה",2026-04-30,23130000.0,הראל,,True,False,0.003,0.0,693.9,0.003,693.9,0
5113188,הראל קונצרני AA ומעלה,"חברות והמרה ללא מניות וללא סימן קריאה, עם מגבלת מח""מ עד 5 שנים",,"אג""ח בארץ- חברות והמרה",2026-04-30,36220000.0,הראל,,False,False,0.0059,0.0035,2136.98,0.0024,869.2799999999999,0
5113303,קסם KTF תל בונד 40 צמודות,בריבית קבועה,,"אג""ח בארץ- חברות והמרה",2026-04-30,29500000.0,קסם,,True,False,0.0034999999999999996,0.0,1032.5,0.0034999999999999996,1032.5,0
5113329,קסם KTF תל גוב-צמודות 2-5,צמודות מדד ממשלתיות - בינוני,,"אג""ח בארץ- מדינה",2026-04-30,100350000.0,קסם,,True,False,0.0025,0.0,2508.75,0.0025,2508.75,0
5113345,"קסם KTF ת""א 125",Large & Mid Cap,,מניות בארץ,2026-04-30,1626060000.0,קסם,,True,False,0.001,0.0,16260.600000000002,0.001,16260.600000000002,0
5113386,קסם KTF תל גוב-צמודות,צמודות מדד ממשלתיות - אחר,,"אג""ח בארץ- מדינה",2026-04-30,33360000.0,קסם,,True,False,0.0025,0.0,834.0,0.0025,834.0,0
5113402,"קסם KTF תל גוב-מק""מ","מק""מ",,"אג""ח בארץ- מדינה",2026-04-30,204100000.0,קסם,,True,False,0.0008,0.0,1632.8,0.0008,1632.8,0
5113428,קסם KTF תל גוב-כללי,"אג""ח מדינה שיקלי וצמוד",,"אג""ח בארץ- מדינה",2026-04-30,133990000.00000001,קסם,,True,False,0.0025,0.0,3349.7500000000005,0.0025,3349.7500000000005,0
5113444,קסם KTF תל גוב-שקלי 2-5,ריבית קבועה  - בינוני,,"אג""ח בארץ- מדינה",2026-04-30,116070000.0,קסם,,True,False,0.0015,0.0,1741.05,0.0015,1741.05,0
5113527,"סיגמא אג""ח משולבת + 20%","אג""ח כללי בארץ- עד 20% מניות",,"אג""ח בארץ - כללי",2026-04-30,139100000.0,סיגמא,,False,False,0.0085,0.0035,11823.5,0.005000000000000001,6955.000000000001,0
5113543,"סיגמא מניות חו""ל","מניות כללי בחו""ל חשופת מט""ח",,"מניות בחו""ל",2026-04-30,46260000.0,סיגמא,,False,False,0.0125,0.0035,5782.5,0.009000000000000001,4163.400000000001,0
5113568,"הראל בונד חו""ל - נקובה $","אג""ח נקובת מט""ח",,"אג""ח בחו""ל",2026-04-30,188860000.0,הראל,,False,False,0.0069,0.0035,13031.34,0.0034,6421.24,0
5113618,מיטב מניות צמיחה,מניות All Cap,,מניות בארץ,2026-04-30,138050000.0,מיטב,,False,False,0.0169,0.0035,23330.449999999997,0.013399999999999999,18498.699999999997,0
5113683,"מגדל אג""ח מדינה + 15%","אג""ח מדינה כללי- עד 20% מניות",,"אג""ח בארץ- מדינה",2026-04-30,12230000.0,מגדל,,False,False,0.005699999999999999,0.0035,697.1099999999999,0.0021999999999999993,269.0599999999999,0
5113709,אנליסט עוקבת תיק 2 הבנק הבינלאומי,"אג""ח כללי בארץ- עד 15% מניות",,"אג""ח בארץ - כללי",2026-04-30,44610000.0,אנליסט,,False,False,0.0069,0.0035,3078.0899999999997,0.0034,1516.74,0
5113956,"מיטב אג""ח קונצרני + 10%",חברות והמרה עם מניות ללא סימן קריאה,,"אג""ח בארץ- חברות והמרה",2026-04-30,17350000.0,מיטב,,False,False,0.0129,0.0035,2238.1499999999996,0.0094,1630.9,0
5113998,תכלית S&P 500 TTF,אמריקה- שווקים מפותחים,,"מניות בחו""ל",2026-04-30,1230990000.0,מיטב,,True,False,0.003,0.0,36929.700000000004,0.003,36929.700000000004,0
5114020,מור בונד שקלי A ומעלה,חברות והמרה שקלי ללא מניות,,"אג""ח בארץ- חברות והמרה",2026-04-30,72780000.0,מור,,False,False,0.0074,0.0035,5385.720000000001,0.0039000000000000003,2838.42,0
5114079,מיטב 30/70,"אג""ח כללי בארץ- עד 30% מניות",,"אג""ח בארץ - כללי",2026-04-30,650320000.0,מיטב,,False,False,0.0079,0.0035,51375.280000000006,0.004400000000000001,28614.08000000001,0
5114087,ילין לפידות גמישה,גמישות,,גמישות,2026-04-30,422300000.0,ילין לפידות,,False,False,0.0191,0.0035,80659.29999999999,0.0156,65878.8,0
5114160,אזימוט 10/90 דיבידנד,"אג""ח כללי בארץ- עד 10% מניות ללא סימן קריאה",,"אג""ח בארץ - כללי",2026-04-30,107710000.0,איילון,אזימוטליין,False,False,0.0089,0.0035,9586.189999999999,0.0054,5816.34,0
5114178,"אילים אג""ח + מגובה בביטחונות","אג""ח כללי בארץ ללא מניות וללא סימן קריאה, עם מגבלת מח""מ עד 5 שנים",,"אג""ח בארץ - כללי",2026-04-30,162200000.0,אילים,,False,False,0.0059,0.0035,9569.8,0.0024,3892.7999999999997,0
5114210,"קסם אקטיב (!) אגד חוץ אג""ח ופקדונות נקוב $",אגד חוץ,,אגד קרנות,2026-04-30,7470000.0,קסם,,False,False,0.0147,0.0035,1098.09,0.0112,836.64,0
5114228,"קסם אקטיב (!) אג""ח מדורג - רכיב בטוחה",חברות והמרה ללא מניות עם סימן קריאה,,"אג""ח בארץ- חברות והמרה",2026-04-30,146240000.0,קסם,,False,False,0.0087,0.0035,12722.88,0.0052,7604.48,0
5114236,אלטשולר שחם 20-80,"אג""ח כללי בארץ- עד 20% מניות",,"אג""ח בארץ - כללי",2026-04-30,149620000.0,אלטשולר שחם,,False,False,0.0079,0.0035,11819.980000000001,0.004400000000000001,6583.280000000002,0
5114285,אזימוט השקעות,גמישות,,גמישות,2026-04-30,47570000.0,איילון,אזימוטליין,False,False,0.0194,0.0035,9228.58,0.0159,7563.630000000001,0
5114319,מור מחקה תל בונד שקלי,בריבית קבועה,,"אג""ח בארץ- חברות והמרה",2026-04-30,68380000.0,מור,,True,False,0.0025,0.0,1709.5,0.0025,1709.5,0
5114327,איביאי מחקה תל בונד 40 צמודות,בריבית קבועה,,"אג""ח בארץ- חברות והמרה",2026-04-30,10930000.0,אי.בי.אי,,True,False,0.002,0.0,218.60000000000002,0.002,218.60000000000002,0
5114350,אנליסט 10/90,"אג""ח כללי בארץ- עד 10% מניות ללא סימן קריאה",,"אג""ח בארץ - כללי",2026-04-30,69450000.0,אנליסט,,False,False,0.0074,0.0035,5139.300000000001,0.0039000000000000003,2708.5499999999997,0
5114392,ילין לפידות עוקבת תיק 1 הבנק הבינלאומי,"אג""ח כללי בארץ- עד 5% מניות",,"אג""ח בארץ - כללי",2026-04-30,50490000.0,ילין לפידות,,False,False,0.0054,0.0035,2726.46,0.0019000000000000002,959.3100000000001,0
5114434,מיטב עוקבת תיק מרכיב הנזילות הבנק הבינלאומי,"חברות והמרה ללא מניות וללא סימן קריאה, עם מגבלת מח""מ עד 5 שנים",,"אג""ח בארץ- חברות והמרה",2026-04-30,256339999.99999997,מיטב,,False,False,0.0052,0.0035,13329.679999999998,0.0016999999999999997,4357.779999999999,0
5114491,תכלית TTF תל בונד שקלי,בריבית קבועה,,"אג""ח בארץ- חברות והמרה",2026-04-30,188920000.0,מיטב,,True,False,0.002,0.0,3778.4,0.002,3778.4,0
5114558,קסם אקטיב 5-95,"אג""ח כללי בארץ- עד 5% מניות",,"אג""ח בארץ - כללי",2026-04-30,44690000.0,קסם,,False,False,0.006,0.0035,2681.4,0.0025,1117.25,0
5114566,קסם KTF תל בונד שקלי,בריבית קבועה,,"אג""ח בארץ- חברות והמרה",2026-04-30,270190000.0,קסם,,True,False,0.001,0.0,2701.9,0.001,2701.9,0
5114624,איילון מדינה פרימיום כשרה,"אג""ח מדינה כללי- ללא מניות",,"אג""ח בארץ- מדינה",2026-04-30,31590000.0,איילון,,False,False,0.0064,0.0035,2021.76,0.0029000000000000002,916.1100000000001,0
5114632,איביאי מדינה + 10%,"אג""ח מדינה כללי- עד 10% מניות",,"אג""ח בארץ- מדינה",2026-04-30,924900000.0,אי.בי.אי,,False,False,0.0058,0.0035,53644.2,0.0022999999999999995,21272.699999999997,0
5114640,מיטב (!) קונצרני פלוס,חברות והמרה עם מניות ועם סימן קריאה,,"אג""ח בארץ- חברות והמרה",2026-04-30,123840000.0,מיטב,,False,False,0.0079,0.0035,9783.36,0.004400000000000001,5448.960000000002,0
5114657,"תכלית TTF ת""א 125",Large & Mid Cap,,מניות בארץ,2026-04-30,2439560000.0,מיטב,,True,False,0.001,0.0,24395.600000000002,0.001,24395.600000000002,0
5114749,קסם אקטיב מדינה שקלי פלוס,"אג""ח מדינה שקליות- עד 10% מניות",,"אג""ח בארץ- מדינה",2026-04-30,136210000.0,קסם,,False,False,0.0062,0.0035,8445.02,0.0026999999999999997,3677.6699999999996,0
5114780,"מיטב (!) אג""ח ממשלתי","אג""ח מדינה כללי- ללא מניות",,"אג""ח בארץ- מדינה",2026-04-30,643200000.0,מיטב,,False,False,0.0084,0.0035,54028.799999999996,0.0049,31516.8,0
5114798,מיטב (!) 10/90,"אג""ח כללי בארץ- עד 10% מניות ועם סימן קריאה",,"אג""ח בארץ - כללי",2026-04-30,460680000.0,מיטב,,False,False,0.008100000000000001,0.0035,37315.08000000001,0.004600000000000002,21191.280000000006,0
5114830,מיטב מדינה צמודה + 10%,"אג""ח מדינה צמוד מדד- עד 10% מניות",,"אג""ח בארץ- מדינה",2026-04-30,21320000.0,מיטב,,False,False,0.0059,0.0035,1257.8799999999999,0.0024,511.67999999999995,0
5114897,ילין לפידות מניות דיבידנד,מניות All Cap,,מניות בארץ,2026-04-30,711550000.0,ילין לפידות,,False,False,0.0195,0.0035,138752.25,0.016,113848.00000000001,0
5114913,ילין לפידות קונצרני שקלי + 20%,חברות והמרה שקלי עם מניות,,"אג""ח בארץ- חברות והמרה",2026-04-30,55260000.0,ילין לפידות,,False,False,0.0077,0.0035,4255.02,0.004200000000000001,2320.92,0
5114939,הראל מחקה תל בונד צמודות-יתר,בריבית קבועה,,"אג""ח בארץ- חברות והמרה",2026-04-30,52710000.0,הראל,,True,False,0.0015,0.0,790.65,0.0015,790.65,0
5115001,מגדל כספית נקובה בדולר $,"נקובת מט""ח",,קרן כספית,2026-04-30,279340000.0,מגדל,,False,False,0.00249,0.001,6955.566,0.00149,4162.166,1
5115027,"אנליסט מניות ת""א 125 במומנטום",מניות Large & Mid Cap,,מניות בארץ,2026-04-30,105670000.0,אנליסט,,False,False,0.020499999999999997,0.0035,21662.349999999995,0.016999999999999998,17963.899999999998,0
5115050,קבין השקעות - קרן ממונפת,ממונפות בסיכון גבוה,,ממונפות ואסטרטגיות,2026-04-30,26690000.0,איילון,קבין,False,False,0.027999999999999997,0.0035,7473.199999999999,0.024499999999999997,6539.05,0
5115068,הראל צמודים ממשלתי ללא מניות,"אג""ח מדינה צמוד מדד- ללא מניות",,"אג""ח בארץ- מדינה",2026-04-30,65970000.0,הראל,,False,False,0.006500000000000001,0.0035,4288.05,0.0030000000000000005,1979.1000000000004,0
5115076,הראל מדינה צמודה,"אג""ח מדינה צמוד מדד- ללא מניות",,"אג""ח בארץ- מדינה",2026-04-30,516179999.99999994,הראל,,False,False,0.0069,0.0035,35616.41999999999,0.0034,17550.12,0
5115092,"ילין לפידות תיק אג""ח + 15%","אג""ח כללי בארץ- עד 15% מניות",,"אג""ח בארץ - כללי",2026-04-30,341290000.0,ילין לפידות,,False,False,0.0076,0.0035,25938.04,0.0040999999999999995,13992.889999999998,0
5115100,איביאי מחקה תל בונד 60 צמודות,בריבית קבועה,,"אג""ח בארץ- חברות והמרה",2026-04-30,63920000.0,אי.בי.אי,,True,False,0.0025,0.0,1598.0,0.0025,1598.0,0
5115118,מור מחקה תל גוב-צמודות 5-10,צמודות מדד ממשלתיות - ארוך,,"אג""ח בארץ- מדינה",2026-04-30,34800000.0,מור,,True,False,0.0015,0.0,522.0,0.0015,522.0,0
5115126,"מור מחקה ת""א 90",Mid Cap,,מניות בארץ,2026-04-30,175620000.0,מור,,True,False,0.0045000000000000005,0.0,7902.900000000001,0.0045000000000000005,7902.900000000001,0
5115167,אלטשולר שחם 10-90,"אג""ח כללי בארץ- עד 10% מניות ללא סימן קריאה",,"אג""ח בארץ - כללי",2026-04-30,483320000.0,אלטשולר שחם,,False,False,0.0075,0.0035,36249.0,0.004,19332.800000000003,0
5115225,אנליסט שקלית קונצרנית ללא מניות,חברות והמרה שקלי ללא מניות,,"אג""ח בארץ- חברות והמרה",2026-04-30,12280000.0,אנליסט,,False,False,0.0054,0.0035,663.12,0.0019000000000000002,233.32000000000002,0
5115258,FOREST סלקט 15/85,"אג""ח כללי בארץ- עד 15% מניות",,"אג""ח בארץ - כללי",2026-04-30,305180000.0,פורסט,,False,False,0.0087,0.0035,26550.66,0.0052,15869.359999999999,0
5115274,"MTF מחקה משולבת אג""ח ישראל (80%) מניות ישראל (20%) חודשי",עד 20% מניות,,"אג""ח בארץ משולבת",2026-04-30,22490000.0,מגדל,,True,False,0.0049,0.0,1102.01,0.0049,1102.01,0
5115290,הראל 10/90 מחלקת,"אג""ח כללי בארץ- עד 10% מניות ללא סימן קריאה",,"אג""ח בארץ - כללי",2026-04-30,24180000.0,הראל,,False,False,0.0077,0.0035,1861.8600000000001,0.004200000000000001,1015.5600000000001,0
5115324,מגדל סולידית,"אג""ח כללי בארץ בדירוג גבוה בלבד (AA ומעלה ו/ או מדינה)",,"אג""ח בארץ - כללי",2026-04-30,52230000.0,מגדל,,False,False,0.0059,0.0035,3081.5699999999997,0.0024,1253.5199999999998,0
5115332,"מגדל אג""ח מדינה+10%","אג""ח מדינה כללי- עד 10% מניות",,"אג""ח בארץ- מדינה",2026-04-30,63920000.0,מגדל,,False,False,0.0049,0.0035,3132.08,0.0013999999999999998,894.8799999999999,0
5115365,הראל (!) 10/90 פלטינום,"אג""ח כללי בארץ- עד 10% מניות ועם סימן קריאה",,"אג""ח בארץ - כללי",2026-04-30,110710000.0,הראל,,False,False,0.006999999999999999,0.0035,7749.699999999999,0.003499999999999999,3874.849999999999,0
5115373,כוון מניות גלובלית U.S,"ארה""ב חשופת מט""ח",,"מניות בחו""ל",2026-04-30,17430000.0,איילון,כוון,False,False,0.0187,0.0035,3259.4100000000003,0.015200000000000002,2649.36,0
5115407,"אלטשולר שחם עוקבת תיק חו""ל 2 הבנק הבינלאומי","אג""ח חשופת מט""ח",,"אג""ח בחו""ל",2026-04-30,94960000.0,אלטשולר שחם,,False,False,0.0092,0.0035,8736.32,0.0057,5412.72,0
5115449,"טופ אלפא (!) אג""ח ללא מניות","אג""ח כללי בארץ ללא מניות עם סימן קריאה",,"אג""ח בארץ - כללי",2026-04-30,32900000.0,איילון,טופ אלפא,False,False,0.0076,0.0035,2500.4,0.0040999999999999995,1348.8999999999999,0
5115456,"טופ אלפא מניות חו""ל","מניות כללי בחו""ל חשופת מט""ח",,"מניות בחו""ל",2026-04-30,140750000.0,איילון,טופ אלפא,False,False,0.024399999999999998,0.0035,34342.99999999999,0.0209,29416.749999999996,0
5115464,איילון עוקבת תיק מרכיב הנזילות פלוס - הבנק הבינלאומי,"חברות והמרה ללא מניות וללא סימן קריאה, עם מגבלת מח""מ עד 5 שנים",,"אג""ח בארץ- חברות והמרה",2026-04-30,26340000.0,איילון,,False,False,0.0052,0.0035,1369.6799999999998,0.0016999999999999997,447.7799999999999,0
5115472,תכלית TTF תל בונד 20 צמודות,בריבית קבועה,,"אג""ח בארץ- חברות והמרה",2026-04-30,193220000.0,מיטב,,True,False,0.002,0.0,3864.4,0.002,3864.4,0
5115498,מיטב קונצרני שקלי,חברות והמרה שקלי ללא מניות,,"אג""ח בארץ- חברות והמרה",2026-04-30,25230000.0,מיטב,,False,False,0.0064,0.0035,1614.72,0.0029000000000000002,731.6700000000001,0
5115506,סיגמא (!) מודל דירוג פנימי,חברות והמרה ללא מניות עם סימן קריאה,,"אג""ח בארץ- חברות והמרה",2026-04-30,54160000.0,סיגמא,,False,False,0.0127,0.0035,6878.32,0.0092,4982.72,0
5115514,סיגמא מדינה + 20%,"אג""ח מדינה כללי- עד 20% מניות",,"אג""ח בארץ- מדינה",2026-04-30,1109720000.0,סיגמא,,False,False,0.0059,0.0035,65473.479999999996,0.0024,26633.279999999995,0
5115548,הראל 10/90 פלוס,"אג""ח כללי בארץ- עד 10% מניות ללא סימן קריאה",,"אג""ח בארץ - כללי",2026-04-30,96000000.0,הראל,,False,False,0.006889999999999999,0.0035,6614.4,0.0033899999999999994,3254.399999999999,0
5115555,הראל 30/70 פלוס,"אג""ח כללי בארץ- עד 30% מניות",,"אג""ח בארץ - כללי",2026-04-30,9050000.0,הראל,,False,False,0.0059,0.0035,533.9499999999999,0.0024,217.2,0
5115589,קסם KTF תל בונד 20 צמודות,בריבית קבועה,,"אג""ח בארץ- חברות והמרה",2026-04-30,319550000.0,קסם,,True,False,0.0025,0.0,7988.75,0.0025,7988.75,0
5115597,קסם KTF תל בונד מאגר,"אג""ח חברות שקלי וצמוד",,"אג""ח בארץ- חברות והמרה",2026-04-30,131560000.0,קסם,,True,False,0.0034999999999999996,0.0,4604.599999999999,0.0034999999999999996,4604.599999999999,0
5115605,קסם KTF תל בונד צמודות-יתר,בריבית קבועה,,"אג""ח בארץ- חברות והמרה",2026-04-30,34630000.0,קסם,,True,False,0.0034999999999999996,0.0,1212.05,0.0034999999999999996,1212.05,0
5115621,"מור מק""מ פלוס","אג""ח מדינה שקליות- עד 10% מניות",,"אג""ח בארץ- מדינה",2026-04-30,294650000.0,מור,,False,False,0.0055000000000000005,0.002,16205.750000000002,0.0035000000000000005,10312.750000000002,0
5115647,"הפניקס קסם אג""ח חו""ל מדורג - נקובה $","אג""ח נקובת מט""ח",,"אג""ח בחו""ל",2026-04-30,98460000.0,קסם,,False,False,0.006999999999999999,0.0035,6892.2,0.003499999999999999,3446.099999999999,0
5115704,ילין לפידות 10/90,"אג""ח כללי בארץ- עד 10% מניות ללא סימן קריאה",,"אג""ח בארץ - כללי",2026-04-30,930820000.0,ילין לפידות,,False,False,0.008,0.0035,74465.6,0.0045000000000000005,41886.9,0
5115712,ילין לפידות מדינה שקלי ללא מניות,"אג""ח מדינה שקליות- ללא מניות",,"אג""ח בארץ- מדינה",2026-04-30,10260000.0,ילין לפידות,,False,False,0.0076,0.0035,779.76,0.0040999999999999995,420.6599999999999,0
5115738,"הראל מחקה משולבת אג""ח ישראל (80%) מניות ישראל-חול (20%) חודשי",עד 20% מניות,,"אג""ח בארץ משולבת",2026-04-30,90020000.0,הראל,,True,False,0.0,0.0,0.0,0.0,0.0,0
5115761,איביאי מחקה משולבת קונצרני (80%) מניות (20%) חודשי,עד 20% מניות,,"אג""ח בארץ משולבת",2026-04-30,43430000.0,אי.בי.אי,,True,False,0.005,0.0,2171.5,0.005,2171.5,0
5115787,ילין לפידות מדינה + 10%,"אג""ח מדינה כללי- עד 10% מניות",,"אג""ח בארץ- מדינה",2026-04-30,68020000.0,ילין לפידות,,False,False,0.0064,0.0035,4353.28,0.0029000000000000002,1972.5800000000002,0
5115795,מיטב כספית נקובה ב-$,"נקובת מט""ח",,קרן כספית,2026-04-30,394980000.0,מיטב,,False,False,0.0028000000000000004,0.001,11059.44,0.0018000000000000004,7109.640000000001,1
5115803,אנליסט ממשלתית תיק סולידי עד שנתיים,"אג""ח מדינה כללי- עד 10% מניות",,"אג""ח בארץ- מדינה",2026-04-30,100140000.0,אנליסט,,False,False,0.0058,0.002,5808.119999999999,0.0037999999999999996,3805.3199999999997,0
5115811,תמיר פישמן 10/90,"אג""ח כללי בארץ- עד 10% מניות ללא סימן קריאה",,"אג""ח בארץ - כללי",2026-04-30,116970000.0,תמיר פישמן,,False,False,0.0075,0.0035,8772.75,0.004,4678.8,0
5115837,תכלית TTF משולבת אגח ממשלתי קונצרני (90%) מניות (10%) חודשי,עד 10% מניות,,"אג""ח בארץ משולבת",2026-04-30,25500000.0,מיטב,,True,False,0.005,0.0,1275.0,0.005,1275.0,0
5115886,"ילין לפידות תיק אג""ח סולידי + 10%","אג""ח כללי בארץ בדירוג גבוה (AA ומעלה ו/ או מדינה)- עד 10% מניות",,"אג""ח בארץ - כללי",2026-04-30,260570000.0,ילין לפידות,,False,False,0.0069,0.0035,17979.329999999998,0.0034,8859.38,0
5115894,הראל תיק סולידי ללא מניות,"אג""ח כללי בארץ בדירוג גבוה בלבד (AA ומעלה ו/ או מדינה)",,"אג""ח בארץ - כללי",2026-04-30,35540000.0,הראל,,False,False,0.0068000000000000005,0.0035,2416.72,0.0033000000000000004,1172.8200000000002,0
5115928,הראל (!) נבחרת קונצרני,חברות והמרה ללא מניות עם סימן קריאה,,"אג""ח בארץ- חברות והמרה",2026-04-30,48700000.0,הראל,,False,False,0.0059,0.0035,2873.2999999999997,0.0024,1168.8,0
5115936,"הראל אג""ח Total Return","אג""ח כללי בארץ ללא מניות וללא סימן קריאה, עם מגבלת מח""מ עד 5 שנים",,"אג""ח בארץ - כללי",2026-04-30,49960000.0,הראל,,False,False,0.0049,0.0035,2448.04,0.0013999999999999998,699.4399999999999,0
5115977,הראל מדינה + 20%,"אג""ח מדינה כללי- עד 20% מניות",,"אג""ח בארץ- מדינה",2026-04-30,108130000.0,הראל,,False,False,0.0049,0.0035,5298.37,0.0013999999999999998,1513.8199999999997,0
5115985,הראל צמודים ממשלתיים,"אג""ח מדינה צמוד מדד- ללא מניות",,"אג""ח בארץ- מדינה",2026-04-30,53330000.0,הראל,,False,False,0.0025,0.0035,1333.25,-0.001,-533.3000000000001,0
5115993,"הראל אג""ח קונצרני + 10%",חברות והמרה עם מניות ללא סימן קריאה,,"אג""ח בארץ- חברות והמרה",2026-04-30,148700000.0,הראל,,False,False,0.0049,0.0035,7286.3,0.0013999999999999998,2081.7999999999997,0
5116009,הראל שקלית ממשלתית,"אג""ח מדינה שקליות- ללא מניות",,"אג""ח בארץ- מדינה",2026-04-30,87160000.0,הראל,,False,False,0.0025,0.0035,2179.0,-0.001,-871.6,0
5116017,"אלטשולר שחם אג""ח גלובלי נקובה בדולר","אג""ח נקובת מט""ח",,"אג""ח בחו""ל",2026-04-30,327380000.0,אלטשולר שחם,,False,False,0.006999999999999999,0.0035,22916.6,0.003499999999999999,11458.299999999997,0
5116033,אנליסט 20/80,"אג""ח כללי בארץ- עד 20% מניות",,"אג""ח בארץ - כללי",2026-04-30,2130469999.9999998,אנליסט,,False,False,0.0084,0.0035,178959.47999999998,0.0049,104393.02999999998,0
5116041,סיגמא ממשלתי שקלי,"אג""ח מדינה שקליות- ללא מניות",,"אג""ח בארץ- מדינה",2026-04-30,30610000.0,סיגמא,,False,False,0.009000000000000001,0.0035,2754.9,0.005500000000000001,1683.5500000000004,0
5116082,"אזימוט אג""ח ללא מניות","אג""ח כללי בארץ ללא מניות וללא סימן קריאה, עם מגבלת מח""מ עד 5 שנים",,"אג""ח בארץ - כללי",2026-04-30,84290000.0,איילון,אזימוטליין,False,False,0.0089,0.0035,7501.8099999999995,0.0054,4551.660000000001,0
5116140,"מגדל אג""ח מדינה","אג""ח מדינה כללי- ללא מניות",,"אג""ח בארץ- מדינה",2026-04-30,277200000.0,מגדל,,False,False,0.004699999999999999,0.0035,13028.399999999998,0.0011999999999999992,3326.399999999998,0
5116165,"מגדל מניות חו""ל טכנולוגיות חדשניות - מנוטרלת מט""ח","מניות כללי בחו""ל מוגנת מט""ח",,"מניות בחו""ל",2026-04-30,59490000.0,מגדל,,False,False,0.0195,0.0035,11600.55,0.016,9518.400000000001,0
5116181,MTF מחקה תל גוב-כללי,"אג""ח מדינה שיקלי וצמוד",,"אג""ח בארץ- מדינה",2026-04-30,258800000.0,מגדל,,True,False,0.0015,0.0,3882.0,0.0015,3882.0,0
5116470,"קסם אקטיב תיק אג""ח ללא מניות","אג""ח כללי בארץ ללא מניות וללא סימן קריאה",,"אג""ח בארץ - כללי",2026-04-30,1084970000.0,קסם,,False,False,0.0072,0.0035,78117.84,0.0036999999999999997,40143.89,0
5116488,ילין לפידות 20/80,"אג""ח כללי בארץ- עד 20% מניות",,"אג""ח בארץ - כללי",2026-04-30,1035710000.0,ילין לפידות,,False,False,0.0095,0.0035,98392.45,0.006,62142.6,0
5116512,"קסם אקטיב אג""ח ממוצע AA","חברות והמרה ללא מניות וללא סימן קריאה, עם מגבלת מח""מ עד 5 שנים",,"אג""ח בארץ- חברות והמרה",2026-04-30,125130000.0,קסם,,False,False,0.006500000000000001,0.0035,8133.450000000001,0.0030000000000000005,3753.9000000000005,0
5116553,"קסם אקטיב אג""ח מדינה + 10%","אג""ח מדינה כללי- עד 10% מניות",,"אג""ח בארץ- מדינה",2026-04-30,153930000.0,קסם,,False,False,0.0062,0.0035,9543.66,0.0026999999999999997,4156.11,0
5116629,"FOREST (!) אג""ח מדורג",חברות והמרה ללא מניות עם סימן קריאה,,"אג""ח בארץ- חברות והמרה",2026-04-30,577750000.0,פורסט,,False,False,0.0086,0.0035,49686.5,0.0051,29465.250000000004,0
5116637,"טרגט אג""ח ללא מניות","אג""ח כללי בארץ ללא מניות וללא סימן קריאה",,"אג""ח בארץ - כללי",2026-04-30,289060000.0,איילון,טרגט,False,False,0.0055000000000000005,0.0035,15898.300000000003,0.0020000000000000005,5781.200000000002,0
5116660,"הראל שנהב אג""ח","אג""ח כללי בארץ- עד 15% מניות",,"אג""ח בארץ - כללי",2026-04-30,59900000.0,הראל,,False,False,0.0028000000000000004,0.0035,1677.2000000000003,-0.0006999999999999997,-419.2999999999998,0
5116736,"דיאמונד מניות ת""א 125",מניות Large & Mid Cap,,מניות בארץ,2026-04-30,44430000.0,איילון,דיאמונד,False,False,0.013000000000000001,0.0035,5775.900000000001,0.009500000000000001,4220.850000000001,0
5116777,ילין לפידות (!) קונצרני שקלי,חברות והמרה שקלי ללא מניות,,"אג""ח בארץ- חברות והמרה",2026-04-30,135160000.0,ילין לפידות,,False,False,0.0069,0.0035,9326.039999999999,0.0034,4595.44,0
5116785,הראל מחקה תל גוב-צמודות 5-10,צמודות מדד ממשלתיות - ארוך,,"אג""ח בארץ- מדינה",2026-04-30,172290000.0,הראל,,True,False,0.0,0.0,0.0,0.0,0.0,0
5116793,"הראל מחקה משולבת אג""ח ישראל צמוד חודשי",ללא מניות,,"אג""ח בארץ משולבת",2026-04-30,24820000.0,הראל,,True,False,0.0034999999999999996,0.0,868.6999999999999,0.0034999999999999996,868.6999999999999,0
5116918,MTF מחקה תל בונד צמודות יתר,בריבית קבועה,,"אג""ח בארץ- חברות והמרה",2026-04-30,60220000.0,מגדל,,True,False,0.0025,0.0,1505.5,0.0025,1505.5,0
5116926,מגדל צמודה בונד מדורג,"חברות והמרה ללא מניות וללא סימן קריאה, עם מגבלת מח""מ עד 5 שנים",,"אג""ח בארץ- חברות והמרה",2026-04-30,965560000.0,מגדל,,False,False,0.0075,0.0035,72417.0,0.004,38622.4,0
5116934,אנליסט מודל דירוג פנימי,חברות והמרה ללא מניות וללא סימן קריאה,,"אג""ח בארץ- חברות והמרה",2026-04-30,245110000.0,אנליסט,,False,False,0.0079,0.0035,19363.690000000002,0.004400000000000001,10784.840000000004,0
5116942,"קסם אקטיב אג""ח מדורג ללא מניות",חברות והמרה ללא מניות וללא סימן קריאה,,"אג""ח בארץ- חברות והמרה",2026-04-30,223500000.0,קסם,,False,False,0.0070999999999999995,0.0035,15868.499999999998,0.0035999999999999995,8045.999999999999,0
5116967,מור מחקה תל גוב-שקלי 5+,ריבית קבועה - ארוך,,"אג""ח בארץ- מדינה",2026-04-30,32840000.000000004,מור,,True,False,0.0015,0.0,492.6000000000001,0.0015,492.6000000000001,0
5116975,"אלטשולר שחם אג""ח קונצרני A ומעלה","חברות והמרה ללא מניות וללא סימן קריאה, עם מגבלת מח""מ עד 5 שנים",,"אג""ח בארץ- חברות והמרה",2026-04-30,249610000.0,אלטשולר שחם,,False,False,0.0069,0.0035,17223.09,0.0034,8486.74,0
5116983,"אלטשולר שחם אג""ח מדינה ללא מניות","אג""ח מדינה כללי- ללא מניות",,"אג""ח בארץ- מדינה",2026-04-30,256880000.0,אלטשולר שחם,,False,False,0.0063,0.0035,16183.44,0.0028,7192.64,0
5117007,"הראל מחקה משולבת אג""ח ישראל שקלי חודשי",ללא מניות,,"אג""ח בארץ משולבת",2026-04-30,23690000.0,הראל,,True,False,0.0,0.0,0.0,0.0,0.0,0
5117023,איביאי מחקה תל בונד צמודות,בריבית קבועה,,"אג""ח בארץ- חברות והמרה",2026-04-30,60070000.0,אי.בי.אי,,True,False,0.0025,0.0,1501.75,0.0025,1501.75,0
5117049,מור מחקה תל בונד צמודות-יתר,בריבית קבועה,,"אג""ח בארץ- חברות והמרה",2026-04-30,15050000.0,מור,,True,False,0.002,0.0,301.0,0.002,301.0,0
5117080,MTF מחקה משולבת תל גוב-שקלי 2-5 (75%) תל בונד שקלי (25%) חודשי,ללא מניות,,"אג""ח בארץ משולבת",2026-04-30,12080000.0,מגדל,,True,False,0.0039000000000000003,0.0,471.12,0.0039000000000000003,471.12,0
5117122,קסם אקטיב שקלית ממשלתית כשרה,"אג""ח מדינה שקליות- ללא מניות",,"אג""ח בארץ- מדינה",2026-04-30,68460000.0,קסם,,False,False,0.0054,0.0035,3696.84,0.0019000000000000002,1300.74,0
5117130,"הראל אג""ח בינלאומי עד 20% מט""ח","אג""ח מוגנת מט""ח",,"אג""ח בחו""ל",2026-04-30,90500000.0,הראל,,False,False,0.0078000000000000005,0.0035,7059.0,0.0043,3891.5,0
5117239,"הראל תיק אג""ח סולידי + 10%","אג""ח כללי בארץ בדירוג גבוה (AA ומעלה ו/ או מדינה)- עד 10% מניות",,"אג""ח בארץ - כללי",2026-04-30,49840000.0,הראל,,False,False,0.0055000000000000005,0.0035,2741.2000000000003,0.0020000000000000005,996.8000000000003,0
5117247,הראל מחקה תל גוב-צמודות 2-5,צמודות מדד ממשלתיות - בינוני,,"אג""ח בארץ- מדינה",2026-04-30,271730000.0,הראל,,True,False,0.0005,0.0,1358.65,0.0005,1358.65,0
5117262,הראל מחקה תל גוב-שקלי 2-5,ריבית קבועה  - בינוני,,"אג""ח בארץ- מדינה",2026-04-30,169800000.0,הראל,,True,False,0.0,0.0,0.0,0.0,0.0,0
5117270,הראל מחקה תל בונד 20 צמודות,בריבית קבועה,,"אג""ח בארץ- חברות והמרה",2026-04-30,629530000.0,הראל,,True,False,0.001,0.0,6295.3,0.001,6295.3,0
5117288,הראל מחקה תל בונד שקלי,בריבית קבועה,,"אג""ח בארץ- חברות והמרה",2026-04-30,193900000.0,הראל,,True,False,0.002,0.0,3878.0000000000005,0.002,3878.0000000000005,0
5117296,ילין לפידות מדינה שקלי 1-4 שנים,"אג""ח מדינה שקליות- ללא מניות",,"אג""ח בארץ- מדינה",2026-04-30,63010000.0,ילין לפידות,,False,False,0.0042,0.0035,2646.42,0.0006999999999999997,441.06999999999977,0
5117304,"ילין לפידות תיק אג""ח ללא מניות","אג""ח כללי בארץ ללא מניות וללא סימן קריאה",,"אג""ח בארץ - כללי",2026-04-30,271940000.0,ילין לפידות,,False,False,0.0074,0.0035,20123.56,0.0039000000000000003,10605.66,0
5117312,ילין לפידות עוקבת תיק 2 הבנק הבינלאומי,"אג""ח כללי בארץ- עד 15% מניות",,"אג""ח בארץ - כללי",2026-04-30,464160000.0,ילין לפידות,,False,False,0.0079,0.0035,36668.64000000001,0.004400000000000001,20423.040000000005,0
5117346,"תכלית TTF משולבת אגח ממשלתי קונצרני (85%) מניות (15%) מנוטרלת מט""ח חודשי",עד 20% מניות,,"אג""ח בארץ משולבת",2026-04-30,31210000.0,מיטב,,True,False,0.006500000000000001,0.0,2028.6500000000003,0.006500000000000001,2028.6500000000003,0
5117379,תכלית TTF תל גוב-צמודות 2-5,צמודות מדד ממשלתיות - בינוני,,"אג""ח בארץ- מדינה",2026-04-30,470160000.0,מיטב,,True,False,0.002,0.0,9403.2,0.002,9403.2,0
5117429,איביאי כספית נקובה דולר $,"נקובת מט""ח",,קרן כספית,2026-04-30,1720320000.0,אי.בי.אי,,False,False,0.0025,0.001,43008.0,0.0015,25804.8,1
5117437,קסם KTF תל בונד צמודות,בריבית קבועה,,"אג""ח בארץ- חברות והמרה",2026-04-30,339480000.0,קסם,,True,False,0.0026,0.0,8826.48,0.0026,8826.48,0
5117445,Gse Spot מחקר קונצרני,חברות והמרה ללא מניות וללא סימן קריאה,,"אג""ח בארץ- חברות והמרה",2026-04-30,37980000.0,איילון,ג'י. אס. אי. ספוט,False,False,0.009000000000000001,0.0035,3418.2000000000003,0.005500000000000001,2088.9000000000005,0
5117460,"הראל תיק אג""ח + 15%","אג""ח כללי בארץ- עד 15% מניות",,"אג""ח בארץ - כללי",2026-04-30,223340000.0,הראל,,False,False,0.0074,0.0035,16527.160000000003,0.0039000000000000003,8710.26,0
5117494,אי בי אי מחקה תל בונד צמודות יתר,בריבית קבועה,,"אג""ח בארץ- חברות והמרה",2026-04-30,92060000.0,אי.בי.אי,,True,False,0.002,0.0,1841.2,0.002,1841.2,0
5117502,"ילין לפידות (!) אג""ח חברות + 10%",חברות והמרה עם מניות ועם סימן קריאה,,"אג""ח בארץ- חברות והמרה",2026-04-30,1003020000.0,ילין לפידות,,False,False,0.0091,0.0035,91274.82,0.005600000000000001,56169.12,0
5117510,מור מדדית מדינה ללא מניות,"אג""ח מדינה צמוד מדד- ללא מניות",,"אג""ח בארץ- מדינה",2026-04-30,103600000.0,מור,,False,False,0.006500000000000001,0.0035,6734.000000000001,0.0030000000000000005,3108.0000000000005,0
5117536,מגדל S&P 500,"ארה""ב חשופת מט""ח",,"מניות בחו""ל",2026-04-30,15510000.0,מגדל,,False,False,0.005,0.0035,775.5,0.0015,232.65,0
5117577,"איביאי אג""ח חברות מדורג",חברות והמרה ללא מניות וללא סימן קריאה,,"אג""ח בארץ- חברות והמרה",2026-04-30,309120000.0,אי.בי.אי,,False,False,0.0095,0.0035,29366.399999999998,0.006,18547.2,0
5117585,מור מחקה NASDAQ 100,אמריקה- שווקים מפותחים,,"מניות בחו""ל",2026-04-30,692880000.0,מור,,True,False,0.005,0.0,34644.0,0.005,34644.0,0
5117601,מור מחקה S&P 500,אמריקה- שווקים מפותחים,,"מניות בחו""ל",2026-04-30,249500000.0,מור,,True,False,0.004,0.0,9980.0,0.004,9980.0,0
5117619,"איביאי תיק אג""ח כללי","אג""ח כללי בארץ ללא מניות וללא סימן קריאה",,"אג""ח בארץ - כללי",2026-04-30,57470000.0,אי.בי.אי,,False,False,0.0089,0.0035,5114.83,0.0054,3103.38,0
5117627,איביאי מחקה משולבת ממשלתי חודשי,"אג""ח מדינה משולבת - ללא מניות",,"אג""ח בארץ- מדינה",2026-04-30,34630000.0,אי.בי.אי,,True,False,0.005,0.0,1731.5,0.005,1731.5,0
5117650,איילון 25/75 כשרה,"אג""ח כללי בארץ- עד 25% מניות",,"אג""ח בארץ - כללי",2026-04-30,135290000.0,איילון,,False,False,0.006500000000000001,0.0035,8793.85,0.0030000000000000005,4058.7000000000007,0
5117668,איילון תיק השקעות ללא מניות,"אג""ח כללי בארץ ללא מניות וללא סימן קריאה",,"אג""ח בארץ - כללי",2026-04-30,38520000.0,איילון,,False,False,0.0060999999999999995,0.0035,2349.72,0.0025999999999999994,1001.5199999999998,0
5117684,"איילון אקסטרים ת""א 125 פי 3",ממונפות בסיכון גבוה,,ממונפות ואסטרטגיות,2026-04-30,217310000.0,איילון,,False,False,0.018500000000000003,0.0035,40202.350000000006,0.015000000000000003,32596.500000000007,0
5117692,"איילון אקסטרים ת""א 35 פי 3",ממונפות בסיכון גבוה,,ממונפות ואסטרטגיות,2026-04-30,196140000.0,איילון,,False,False,0.018500000000000003,0.0035,36285.9,0.015000000000000003,29421.000000000007,0
5117700,איילון כספית,כספית שקלית עם קונצרני,,קרן כספית,2026-04-30,7893360000.0,איילון,,False,False,0.0018,0.001,142080.48,0.0007999999999999999,63146.88,1
5117734,אימפקט 20/80,"אג""ח כללי בארץ- עד 20% מניות",,"אג""ח בארץ - כללי",2026-04-30,62780000.0,איילון,אימפקט,False,False,0.0085,0.0035,5336.3,0.005000000000000001,3139.0000000000005,0
5117742,"איילון משקל שווה ת""א 35",מניות Large & Mid Cap,,מניות בארץ,2026-04-30,21600000.0,איילון,,False,False,0.0115,0.0035,2484.0,0.008,1728.0000000000002,0
5117759,איילון אקסטרים S&P 500 פי 3,ממונפות בסיכון גבוה,,ממונפות ואסטרטגיות,2026-04-30,147110000.0,איילון,,False,False,0.018500000000000003,0.0035,27215.350000000002,0.015000000000000003,22066.500000000007,0
5117809,איילון אקסטרים דולר פי 3,ממונפות בסיכון גבוה,,ממונפות ואסטרטגיות,2026-04-30,9390000.0,איילון,,False,False,0.015,0.0035,1408.4999999999998,0.0115,1079.8500000000001,0
5117817,MTF מחקה תל בונד צמודות בנקים ללא COCO,בריבית קבועה,,"אג""ח בארץ- חברות והמרה",2026-04-30,102470000.0,מגדל,,True,False,0.0015,0.0,1537.05,0.0015,1537.05,0
5117833,אי בי אי מחקה תל גוב-צמודות 5-10,צמודות מדד ממשלתיות - ארוך,,"אג""ח בארץ- מדינה",2026-04-30,53610000.0,אי.בי.אי,,True,False,0.0015,0.0,804.15,0.0015,804.15,0
5117841,הראל עוקבת תיק מס' 2 - הבנק הבינלאומי,"אג""ח כללי בארץ- עד 15% מניות",,"אג""ח בארץ - כללי",2026-04-30,200650000.0,הראל,,False,False,0.0076,0.0035,15249.400000000001,0.0040999999999999995,8226.65,0
5117866,MTF מחקה תל גוב-צמודות,צמודות מדד ממשלתיות - אחר,,"אג""ח בארץ- מדינה",2026-04-30,35050000.0,מגדל,,True,False,0.001,0.0,350.50000000000006,0.001,350.50000000000006,0
5117932,מגדל בונד צמוד A ומעלה,חברות והמרה ללא מניות וללא סימן קריאה,,"אג""ח בארץ- חברות והמרה",2026-04-30,410310000.0,מגדל,,False,False,0.0079,0.0035,32414.490000000005,0.004400000000000001,18053.640000000007,0
5117957,אי בי אי מחקה (!) תל בונד-תשואות צמודות,בריבית קבועה,,"אג""ח בארץ- חברות והמרה",2026-04-30,236100000.0,אי.בי.אי,,True,False,0.002,0.0,4722.0,0.002,4722.0,0
5117973,"קסם אקטיב אירופה Index Plus - מנוטרלת מט""ח","מניות גיאוגרפי מוגנת מט""ח",,"מניות בחו""ל",2026-04-30,28320000.0,קסם,,False,False,0.0125,0.0035,3540.0,0.009000000000000001,2548.8,0
5118021,קסם KTF תל בונד 60 צמודות,בריבית קבועה,,"אג""ח בארץ- חברות והמרה",2026-04-30,696050000.0,קסם,,True,False,0.0025,0.0,17401.25,0.0025,17401.25,0
5118039,קסם KTF תל גוב-שקלי 5+,ריבית קבועה - ארוך,,"אג""ח בארץ- מדינה",2026-04-30,47640000.0,קסם,,True,False,0.0,0.0,0.0,0.0,0.0,0
5118047,קסם KTF תל גוב-שקלי,ריבית קבועה,,"אג""ח בארץ- מדינה",2026-04-30,117520000.0,קסם,,True,False,0.0025,0.0,2938.0,0.0025,2938.0,0
5118054,קסם KTF תל גוב-צמודות 5-10,צמודות מדד ממשלתיות - ארוך,,"אג""ח בארץ- מדינה",2026-04-30,138400000.0,קסם,,True,False,0.0025,0.0,3460.0,0.0025,3460.0,0
5118062,קסם אקטיב עוקבת תיק 1 הבנק הבינלאומי,"אג""ח כללי בארץ- עד 5% מניות",,"אג""ח בארץ - כללי",2026-04-30,45890000.0,קסם,,False,False,0.0058,0.0035,2661.62,0.0022999999999999995,1055.4699999999998,0
5118088,"ילין לפידות (!) אג""ח TOTAL RETURN IL","אג""ח כללי בארץ ללא מניות עם סימן קריאה",,"אג""ח בארץ - כללי",2026-04-30,834490000.0,ילין לפידות,,False,False,0.0075,0.0035,62586.74999999999,0.004,33379.600000000006,0
5118112,"קסם אקטיב ארה""ב Index Plus כשרה","ארה""ב חשופת מט""ח",,"מניות בחו""ל",2026-04-30,241240000.0,קסם,,False,False,0.0182,0.0035,43905.68,0.014700000000000001,35462.280000000006,0
5118120,קסם KTFי (!) תל בונד-תשואות צמודות,בריבית קבועה,,"אג""ח בארץ- חברות והמרה",2026-04-30,156680000.0,קסם,,True,False,0.002,0.0,3133.6000000000004,0.002,3133.6000000000004,0
5118138,"קסם אקטיב אג""ח מדורג",חברות והמרה ללא מניות וללא סימן קריאה,,"אג""ח בארץ- חברות והמרה",2026-04-30,287190000.0,קסם,,False,False,0.0077,0.0035,22113.63,0.004200000000000001,12061.980000000001,0
5118146,קסם אקטיב תיק השקעות גמיש,גמישות,,גמישות,2026-04-30,437620000.0,קסם,,False,False,0.0184,0.0035,80522.08,0.0149,65205.38,0
5118179,קסם iBoxx US Liquid Investment Grade Top 30 KTF,"חברות והמרה חשופת מט""ח",,"אג""ח בחו""ל",2026-04-30,103970000.0,קסם,,True,False,0.0025,0.0,2599.25,0.0025,2599.25,0
5118187,"מגדל (!) הזדמנויות אג""ח תשואה גבוהה",חברות והמרה בסיכון גבוה,,"אג""ח בארץ- חברות והמרה",2026-04-30,407850000.0,מגדל,,False,False,0.0125,0.0035,50981.25,0.009000000000000001,36706.5,0
5118195,מגדל (!) 10/90 פלוס,"אג""ח כללי בארץ- עד 10% מניות ועם סימן קריאה",,"אג""ח בארץ - כללי",2026-04-30,54430000.0,מגדל,,False,False,0.0089,0.0035,4844.2699999999995,0.0054,2939.2200000000003,0
5118237,"מיטב אג""ח + 20%","אג""ח כללי בארץ- עד 20% מניות",,"אג""ח בארץ - כללי",2026-04-30,174940000.0,מיטב,,False,False,0.0079,0.0035,13820.260000000002,0.004400000000000001,7697.360000000002,0
5118260,טרגט 20/80,"אג""ח כללי בארץ- עד 20% מניות",,"אג""ח בארץ - כללי",2026-04-30,28120000.0,איילון,טרגט,False,False,0.0055000000000000005,0.0035,1546.6000000000001,0.0020000000000000005,562.4000000000001,0
5118310,איביאי 10/90,"אג""ח כללי בארץ- עד 10% מניות ללא סימן קריאה",,"אג""ח בארץ - כללי",2026-04-30,272340000.0,אי.בי.אי,,False,False,0.0075,0.0035,20425.5,0.004,10893.6,0
5118328,"אנליסט אג""ח מדורג A ומעלה מח""מ 1-4 שנים","חברות והמרה ללא מניות וללא סימן קריאה, עם מגבלת מח""מ עד 5 שנים",,"אג""ח בארץ- חברות והמרה",2026-04-30,401260000.0,אנליסט,,False,False,0.0068000000000000005,0.0035,27285.68,0.0033000000000000004,13241.580000000002,0
5118369,ילין לפידות מדינה ללא מניות,"אג""ח מדינה כללי- ללא מניות",,"אג""ח בארץ- מדינה",2026-04-30,79800000.0,ילין לפידות,,False,False,0.0055000000000000005,0.0035,4389.000000000001,0.0020000000000000005,1596.0000000000005,0
5118377,ילין לפידות מדינה צמוד קצר,"אג""ח מדינה צמוד מדד- עד 10% מניות",,"אג""ח בארץ- מדינה",2026-04-30,633140000.0,ילין לפידות,,False,False,0.0068000000000000005,0.0035,43053.52,0.0033000000000000004,20893.620000000003,0
5118385,מגדל תיק 25/75,"אג""ח כללי בארץ- עד 25% מניות",,"אג""ח בארץ - כללי",2026-04-30,293940000.0,מגדל,,False,False,0.0079,0.0035,23221.260000000002,0.004400000000000001,12933.360000000004,0
5118393,תכלית TTF תל גוב-כללי,"אג""ח מדינה שיקלי וצמוד",,"אג""ח בארץ- מדינה",2026-04-30,87790000.0,מיטב,,True,False,0.0015,0.0,1316.8500000000001,0.0015,1316.8500000000001,0
5118419,הראל מחקה S&P 500 נקובה ב-$,אמריקה- שווקים מפותחים,,"מניות בחו""ל",2026-04-30,132180000.0,הראל,,True,False,0.002,0.0,2643.6000000000004,0.002,2643.6000000000004,0
5118435,דיאמונד 20/80 כשרה,"אג""ח כללי בארץ- עד 20% מניות",,"אג""ח בארץ - כללי",2026-04-30,55980000.0,איילון,דיאמונד,False,False,0.0139,0.0035,7781.219999999999,0.0104,5821.92,0
5118450,"MTF מחקה משולבת אג""ח ישראל (90%) מניות חו""ל (10%) חודשי מנוטרלת מט""ח",עד 10% מניות,,"אג""ח בארץ משולבת",2026-04-30,53880000.0,מגדל,,True,False,0.0049,0.0,2640.12,0.0049,2640.12,0
5118476,"אלטשולר שחם אג""ח מדינה + 20%","אג""ח מדינה כללי- עד 20% מניות",,"אג""ח בארץ- מדינה",2026-04-30,56850000.0,אלטשולר שחם,,False,False,0.0075,0.0035,4263.75,0.004,2274.0,0
5118534,"קסם אקטיב (!) אג""ח חו""ל דולר HY","אג""ח חשופת דולר",,"אג""ח בחו""ל",2026-04-30,27550000.0,קסם,,False,False,0.0075,0.0035,2066.25,0.004,1102.0,0
5118559,מור מחקה תל בונד צמודות-בנקים ללא COCO,בריבית קבועה,,"אג""ח בארץ- חברות והמרה",2026-04-30,21550000.0,מור,,True,False,0.002,0.0,431.00000000000006,0.002,431.00000000000006,0
5118591,"אלטשולר שחם (!) אג""ח ארה""ב/חו""ל קונצרני עד 10% מט""ח","אג""ח מוגנת מט""ח",,"אג""ח בחו""ל",2026-04-30,358190000.0,אלטשולר שחם,,False,False,0.0095,0.0035,34028.049999999996,0.006,21491.4,0
5118609,"אלטשולר שחם שווקים מפותחים עד 30% מט""ח","מניות גיאוגרפי מוגנת מט""ח",,"מניות בחו""ל",2026-04-30,913710000.0,אלטשולר שחם,,False,False,0.015,0.0035,137056.5,0.0115,105076.65000000001,0
5118617,ילין לפידות 25/75,"אג""ח כללי בארץ- עד 25% מניות",,"אג""ח בארץ - כללי",2026-04-30,859510000.0,ילין לפידות,,False,False,0.0079,0.0035,67901.29000000001,0.004400000000000001,37818.44000000001,0
5118625,איילון עוקבת תיק 3 הבנק הבינלאומי,"אג""ח כללי בארץ- עד 30% מניות",,"אג""ח בארץ - כללי",2026-04-30,241380000.0,איילון,,False,False,0.006,0.0035,14482.800000000001,0.0025,6034.5,0
5118633,"מור (!) תיק אג""ח קונצרני",חברות והמרה ללא מניות עם סימן קריאה,,"אג""ח בארץ- חברות והמרה",2026-04-30,723040000.0,מור,,False,False,0.0088,0.0035,63627.52000000001,0.005300000000000001,38321.12,0
5118641,"מור אג""ח מדינה - כשרה","אג""ח מדינה כללי- ללא מניות",,"אג""ח בארץ- מדינה",2026-04-30,144060000.0,מור,,False,False,0.0064,0.0035,9219.84,0.0029000000000000002,4177.740000000001,0
5118666,"תמיר פישמן אג""ח מדינה פלוס","אג""ח מדינה כללי- ללא מניות",,"אג""ח בארץ- מדינה",2026-04-30,23870000.0,תמיר פישמן,,False,False,0.0055000000000000005,0.0035,1312.8500000000001,0.0020000000000000005,477.40000000000015,0
5118674,FORESTי 20/80,"אג""ח כללי בארץ- עד 20% מניות",,"אג""ח בארץ - כללי",2026-04-30,1229230000.0,פורסט,,False,False,0.0095,0.0035,116776.84999999999,0.006,73753.8,0
5118690,"איביאי מחקה משולבת STOXX Europe 600י (70%) DAXי (30%) חודשי מנוטרלת מט""ח","מניות בחו""ל קרן משולבת",,"מניות בחו""ל",2026-04-30,56280000.0,אי.בי.אי,,True,False,0.008,0.0,4502.400000000001,0.008,4502.400000000001,0
5118716,מיטב תיק השקעות + 30%,"אג""ח כללי בארץ- עד 30% מניות",,"אג""ח בארץ - כללי",2026-04-30,499970000.0,מיטב,,False,False,0.0079,0.0035,39497.630000000005,0.004400000000000001,21998.680000000008,0
5118724,"תכלית TTF משולבת אגח ממשלתי קונצרני (90%) מניות (20%) מנוטרלת מט""ח חודשי",עד 20% מניות,,"אג""ח בארץ משולבת",2026-04-30,50810000.0,מיטב,,True,False,0.006500000000000001,0.0,3302.6500000000005,0.006500000000000001,3302.6500000000005,0
5118740,"תכלית TTF ת""א 90",Mid Cap,,מניות בארץ,2026-04-30,646180000.0,מיטב,,True,False,0.0,0.0,0.0,0.0,0.0,0
5118757,תכלית TTF תל בונד צמודות-בנקים ללא COCO,בריבית קבועה,,"אג""ח בארץ- חברות והמרה",2026-04-30,56740000.0,מיטב,,True,False,0.002,0.0,1134.8000000000002,0.002,1134.8000000000002,0
5118765,טרגט 10/90,"אג""ח כללי בארץ- עד 10% מניות ללא סימן קריאה",,"אג""ח בארץ - כללי",2026-04-30,84900000.0,איילון,טרגט,False,False,0.0055000000000000005,0.0035,4669.500000000001,0.0020000000000000005,1698.0000000000005,0
5118773,"טרגט אג""ח חברות (!) ללא מניות",חברות והמרה ללא מניות עם סימן קריאה,,"אג""ח בארץ- חברות והמרה",2026-04-30,45940000.0,איילון,טרגט,False,False,0.0055000000000000005,0.0035,2526.7000000000003,0.0020000000000000005,918.8000000000002,0
5118781,"קסם Morningstar Wide Moat Focus KTF מנוטרלת מט""ח",אמריקה- כללי,,"מניות בחו""ל",2026-04-30,284620000.0,קסם,,True,False,0.008,0.0,22769.600000000002,0.008,22769.600000000002,0
5118799,מגדל עוקבת תיק 3 הבנק הבינלאומי,"אג""ח כללי בארץ- עד 30% מניות",,"אג""ח בארץ - כללי",2026-04-30,205790000.0,מגדל,,False,False,0.0069,0.0035,14199.51,0.0034,6996.86,0
5118815,קסם אקטיב (!) מבחר קונצרני + 10%,חברות והמרה עם מניות ועם סימן קריאה,,"אג""ח בארץ- חברות והמרה",2026-04-30,89800000.0,קסם,,False,False,0.0083,0.0035,7453.4,0.0048000000000000004,4310.400000000001,0
5118849,הראל מניות ישראל Large & Mid Cap,מניות Large & Mid Cap,,מניות בארץ,2026-04-30,260740000.0,הראל,,False,False,0.0195,0.0035,50844.299999999996,0.016,41718.4,0
5118872,"קסם אקטיב סקטורים חו""ל - מנוטרלת מט""ח","מניות לפי ענפים בחו""ל",,"מניות בחו""ל",2026-04-30,69640000.0,קסם,,False,False,0.0155,0.0035,10794.2,0.012,8356.800000000001,0
5118880,קסם אקטיב קונצרני צמוד דולר פלוס,חברות והמרה ללא מניות וללא סימן קריאה,,"אג""ח בארץ- חברות והמרה",2026-04-30,23270000.0,קסם,,False,False,0.0078000000000000005,0.0035,1815.06,0.0043,1000.61,0
5118898,קסם אקטיב מניות ישראל Buy Side,מניות All Cap,,מניות בארץ,2026-04-30,133060000.0,קסם,,False,False,0.0161,0.0035,21422.66,0.0126,16765.56,0
5118930,מיטב מניות ESG ישראל,מניות All Cap,,מניות בארץ,2026-04-30,302080000.0,מיטב,,False,False,0.015,0.0035,45311.99999999999,0.0115,34739.200000000004,0
5118948,הורייזן 30/70,"אג""ח כללי בארץ- עד 30% מניות",,"אג""ח בארץ - כללי",2026-04-30,252770000.0,איילון,הורייזן,False,False,0.009000000000000001,0.0035,22749.300000000003,0.005500000000000001,13902.350000000004,0
5118955,הורייזן 20/80,"אג""ח כללי בארץ- עד 20% מניות",,"אג""ח בארץ - כללי",2026-04-30,193780000.0,איילון,הורייזן,False,False,0.009000000000000001,0.0035,17440.2,0.005500000000000001,10657.900000000003,0
5118963,אנליסט פיזור רחב 10/90,"אג""ח כללי בארץ- עד 10% מניות ללא סימן קריאה",,"אג""ח בארץ - כללי",2026-04-30,291820000.0,אנליסט,,False,False,0.0076,0.0035,22178.32,0.0040999999999999995,11964.619999999999,0
5118997,"MTF מחקה ת""א SME60",Mid  & Small Cap,,מניות בארץ,2026-04-30,220350000.0,מגדל,,True,False,0.005,0.0,11017.5,0.005,11017.5,0
5119003,"קסם אקטיב מניות ארה""ב","ארה""ב חשופת מט""ח",,"מניות בחו""ל",2026-04-30,155930000.0,קסם,,False,False,0.0161,0.0035,25104.730000000003,0.0126,19647.18,0
5119060,ילין לפידות 5/95,"אג""ח כללי בארץ- עד 5% מניות",,"אג""ח בארץ - כללי",2026-04-30,68450000.0,ילין לפידות,,False,False,0.0054,0.0035,3696.3,0.0019000000000000002,1300.5500000000002,0
5119078,מור מדינה + 10%,"אג""ח מדינה כללי- עד 10% מניות",,"אג""ח בארץ- מדינה",2026-04-30,464090000.0,מור,,False,False,0.0059,0.0035,27381.309999999998,0.0024,11138.159999999998,0
5119086,"מור תיק אג""ח + 30%","אג""ח כללי בארץ- עד 30% מניות",,"אג""ח בארץ - כללי",2026-04-30,1016400000.0,מור,,False,False,0.0076,0.0035,77246.40000000001,0.0040999999999999995,41672.399999999994,0
5119144,"אנליסט מניות חו""ל","מניות כללי בחו""ל חשופת מט""ח",,"מניות בחו""ל",2026-04-30,26130000.0,אנליסט,,False,False,0.024,0.0035,6271.2,0.0205,5356.65,0
5119151,MTF מחקה תל בונד מאגר,"אג""ח חברות שקלי וצמוד",,"אג""ח בארץ- חברות והמרה",2026-04-30,163010000.0,מגדל,,True,False,0.0017000000000000001,0.0,2771.17,0.0017000000000000001,2771.17,0
5119177,מור מחקה תל בונד מאגר,אחר,,"אג""ח בארץ- חברות והמרה",2026-04-30,45550000.0,מור,,True,False,0.0025,0.0,1138.75,0.0025,1138.75,0
5119185,"איביאי מחקה משולבת מניות ארה""ב חודשי מנוטרלת מט""ח","מניות בחו""ל קרן משולבת",,"מניות בחו""ל",2026-04-30,384280000.0,אי.בי.אי,,True,False,0.005,0.0,19214.0,0.005,19214.0,0
5119201,"אלטשולר שחם מחקה Low Volatility ת""א 125 A.B SmartBeta",Large & Mid Cap,,מניות בארץ,2026-04-30,289620000.0,אלטשולר שחם,,True,False,0.008,0.0,23169.600000000002,0.008,23169.600000000002,0
5119219,"אלטשולר שחם מחקה מולטי פקטור ת""א 125 A.B SmartBeta",Large & Mid Cap,,מניות בארץ,2026-04-30,618630000.0,אלטשולר שחם,,True,False,0.008,0.0,49490.4,0.008,49490.4,0
5119227,"אלטשולר שחם מחקה SmartBeta משולבת אג""ח (90%) ומניות (10%) חודשי",עד 10% מניות,,"אג""ח בארץ משולבת",2026-04-30,15550000.0,אלטשולר שחם,,True,False,0.0055000000000000005,0.0,855.2500000000001,0.0055000000000000005,855.2500000000001,0
5119235,אלטשולר שחם מחקה מומנטום קונצרני (-A) ומעלה A.B SmartBeta,"אג""ח חברות שקלי וצמוד",,"אג""ח בארץ- חברות והמרה",2026-04-30,12210000.0,אלטשולר שחם,,True,False,0.005,0.0,610.5,0.005,610.5,0
5119243,ילין לפידות (!) 10/90 צמיחה,"אג""ח כללי בארץ- עד 10% מניות ועם סימן קריאה",,"אג""ח בארץ - כללי",2026-04-30,1036770000.0,ילין לפידות,,False,False,0.0079,0.0035,81904.83000000002,0.004400000000000001,45617.88000000001,0
5119318,איביאי מחקה MSCI Emerging Markets,גלובלי- שווקים מתעוררים,,"מניות בחו""ל",2026-04-30,114980000.0,אי.בי.אי,,True,False,0.008,0.0,9198.400000000001,0.008,9198.400000000001,0
5119359,מיטב 5/95,"אג""ח כללי בארץ- עד 5% מניות",,"אג""ח בארץ - כללי",2026-04-30,35280000.0,מיטב,,False,False,0.005600000000000001,0.0035,1975.6800000000003,0.0021000000000000007,740.8800000000003,0
5119367,"מיטב אג""ח פלוס","אג""ח כללי בארץ- עד 10% מניות ללא סימן קריאה",,"אג""ח בארץ - כללי",2026-04-30,76760000.0,מיטב,,False,False,0.0069,0.0035,5296.44,0.0034,2609.84,0
5119375,תכלית TTF תל גוב-שקלי 5+,ריבית קבועה - ארוך,,"אג""ח בארץ- מדינה",2026-04-30,160260000.0,מיטב,,True,False,0.0,0.0,0.0,0.0,0.0,0
5119383,תכלית TTF תל גוב-צמודות 5-10,צמודות מדד ממשלתיות - ארוך,,"אג""ח בארץ- מדינה",2026-04-30,91730000.0,מיטב,,True,False,0.0,0.0,0.0,0.0,0.0,0
5119409,הראל כספית שקלית,כספית שקלית עם קונצרני,,קרן כספית,2026-04-30,4371350000.0,הראל,,False,False,0.0019,0.001,83055.65000000001,0.0009,39342.15,1
5119417,איביאי 15/85,"אג""ח כללי בארץ- עד 15% מניות",,"אג""ח בארץ - כללי",2026-04-30,406260000.0,אי.בי.אי,,False,False,0.0079,0.0035,32094.540000000005,0.004400000000000001,17875.440000000006,0
5119425,"איביאי (!) אג""ח חברות",חברות והמרה ללא מניות עם סימן קריאה,,"אג""ח בארץ- חברות והמרה",2026-04-30,535650000.0,אי.בי.אי,,False,False,0.0089,0.0035,47672.85,0.0054,28925.100000000002,0
5119441,"הראל תיק אג""ח קונצרני - כשרה","חברות והמרה ללא מניות וללא סימן קריאה, עם מגבלת מח""מ עד 5 שנים",,"אג""ח בארץ- חברות והמרה",2026-04-30,426730000.0,הראל,,False,False,0.011000000000000001,0.0035,46940.30000000001,0.0075000000000000015,32004.750000000007,0
5119458,"הראל (!) תיק אג""ח כללי - כשרה","אג""ח כללי בארץ ללא מניות עם סימן קריאה",,"אג""ח בארץ - כללי",2026-04-30,502890000.0,הראל,,False,False,0.011399999999999999,0.0035,57329.46,0.007899999999999999,39728.31,0
5119466,מור מניות ישראל,מניות All Cap,,מניות בארץ,2026-04-30,2602730000.0,מור,,False,False,0.0169,0.0035,439861.37,0.013399999999999999,348765.81999999995,0
5119508,ילין לפידות מניות צמיחה,מניות All Cap,,מניות בארץ,2026-04-30,501090000.0,ילין לפידות,,False,False,0.018000000000000002,0.0035,90196.20000000001,0.014500000000000002,72658.05000000002,0
5119607,"אנליסט אג""ח מדינה עד 5 שנים ללא מניות","אג""ח מדינה כללי- ללא מניות",,"אג""ח בארץ- מדינה",2026-04-30,209980000.0,אנליסט,,False,False,0.0062,0.0035,13018.76,0.0026999999999999997,5669.459999999999,0
5119615,"MTF מחקה משולבת אג""ח ישראל (85%) מניות (15%) חודשי מנוטרלת מט""ח",עד 20% מניות,,"אג""ח בארץ משולבת",2026-04-30,17370000.0,מגדל,,True,False,0.0049,0.0,851.13,0.0049,851.13,0
5119623,"MTF מחקה משולבת ממשלתי (90%) מניות (10%) חודשי מנוטרלת מט""ח","אג""ח מדינה משולבת - עד 10% מניות",,"אג""ח בארץ- מדינה",2026-04-30,15020000.0,מגדל,,True,False,0.0049,0.0,735.98,0.0049,735.98,0
5119664,קסם אקטיב ממשלתי צמוד בינוני,"אג""ח מדינה צמוד מדד- ללא מניות",,"אג""ח בארץ- מדינה",2026-04-30,786520000.0,קסם,,False,False,0.0064,0.0035,50337.28,0.0029000000000000002,22809.08,0
5119672,"אנליסט (!) אג""ח פיזור רחב ללא מניות","אג""ח כללי בארץ ללא מניות עם סימן קריאה",,"אג""ח בארץ - כללי",2026-04-30,71850000.0,אנליסט,,False,False,0.006500000000000001,0.0035,4670.250000000001,0.0030000000000000005,2155.5000000000005,0
5119706,"איביאי מחקה משולבת אג""ח (90%) מניות (10%) חודשי",עד 10% מניות,,"אג""ח בארץ משולבת",2026-04-30,62930000.0,אי.בי.אי,,True,False,0.005,0.0,3146.5,0.005,3146.5,0
5119730,"קסם אקטיב ספיר חו""ל 30/70 - נקובה $","אג""ח נקובת מט""ח",,"אג""ח בחו""ל",2026-04-30,295570000.0,קסם,,False,False,0.0079,0.0035,23350.030000000002,0.004400000000000001,13005.080000000004,0
5119763,הראל מחקה משולבת מדינה (90%) מניות ישראל-חול (10%) חודשי,"אג""ח מדינה משולבת - עד 10% מניות",,"אג""ח בארץ- מדינה",2026-04-30,25240000.0,הראל,,True,False,0.003,0.0,757.2,0.003,757.2,0
5119813,מור כספית,כספית שקלית עם קונצרני,,קרן כספית,2026-04-30,4521260000.0,מור,,False,False,0.0024,0.001,108510.23999999999,0.0013999999999999998,63297.63999999999,1
5119821,מור 15/85,"אג""ח כללי בארץ- עד 15% מניות",,"אג""ח בארץ - כללי",2026-04-30,942990000.0,מור,,False,False,0.0073,0.0035,68838.27,0.0038,35833.62,0
5119839,"איביאי (!) אג""ח חו""ל מנוטרלת מט""ח","אג""ח מוגנת מט""ח",,"אג""ח בחו""ל",2026-04-30,21990000.0,אי.בי.אי,,False,False,0.006999999999999999,0.0035,1539.3,0.003499999999999999,769.6499999999997,0
5119854,פרופאונד מנייתית,מניות All Cap,,מניות בארץ,2026-04-30,795720000.0,איילון,פרופאונד,False,False,0.018500000000000003,0.0035,147208.2,0.015000000000000003,119358.00000000003,0
5119862,"דיאמונד אג""ח ללא מניות אור החיים","אג""ח כללי בארץ ללא מניות וללא סימן קריאה",,"אג""ח בארץ - כללי",2026-04-30,805440000.0,איילון,דיאמונד,False,False,0.0079,0.0035,63629.76000000001,0.004400000000000001,35439.36000000001,0
5119904,"אי בי אי מחקה משולבת אג""ח ישראל (100%) חודשי",ללא מניות,,"אג""ח בארץ משולבת",2026-04-30,51910000.0,אי.בי.אי,,True,False,0.005,0.0,2595.5,0.005,2595.5,0
5119953,ילין לפידות A ומעלה עד 4 שנים,"חברות והמרה ללא מניות וללא סימן קריאה, עם מגבלת מח""מ עד 5 שנים",,"אג""ח בארץ- חברות והמרה",2026-04-30,746820000.0,ילין לפידות,,False,False,0.0076,0.0035,56758.32,0.0040999999999999995,30619.619999999995,0
5119961,"ילין לפידות (!) אג""ח חו""ל","אג""ח חשופת מט""ח",,"אג""ח בחו""ל",2026-04-30,74250000.0,ילין לפידות,,False,False,0.0079,0.0035,5865.750000000001,0.004400000000000001,3267.000000000001,0
5119987,אושן יצירה תיק מניות,מניות All Cap,,מניות בארץ,2026-04-30,69640000.0,סיגמא,אושן פרטנרס,False,False,0.018500000000000003,0.0035,12883.400000000001,0.015000000000000003,10446.000000000004,0
5120068,"ילין לפידות (!) אג""ח קונצרני",חברות והמרה ללא מניות עם סימן קריאה,,"אג""ח בארץ- חברות והמרה",2026-04-30,1147690000.0,ילין לפידות,,False,False,0.0089,0.0035,102144.40999999999,0.0054,61975.26,0
5120126,"ילין לפידות 10/90 תיק אג""ח חו""ל ומניות","אג""ח חשופת מט""ח",,"אג""ח בחו""ל",2026-04-30,346030000.0,ילין לפידות,,False,False,0.0079,0.0035,27336.370000000003,0.004400000000000001,15225.320000000005,0
5120225,אימפקט מניות,מניות All Cap,,מניות בארץ,2026-04-30,95730000.0,איילון,אימפקט,False,False,0.016,0.0035,15316.800000000001,0.0125,11966.25,0
5120282,"איביאי מחקה Solactive נדל""ן מניב ישראל","נדל""ן ובנייה",,מניות בארץ,2026-04-30,142720000.0,אי.בי.אי,,True,False,0.008,0.0,11417.6,0.008,11417.6,0
5120340,הראל עוקבת מרכיב נזילות - הבנק הבינלאומי,"חברות והמרה ללא מניות וללא סימן קריאה, עם מגבלת מח""מ עד 5 שנים",,"אג""ח בארץ- חברות והמרה",2026-04-30,40380000.0,הראל,,False,False,0.0049,0.0035,1978.62,0.0013999999999999998,565.3199999999999,0
5120381,"איילון (!) אג""ח ללא מניות","אג""ח כללי בארץ ללא מניות עם סימן קריאה",,"אג""ח בארץ - כללי",2026-04-30,48790000.0,איילון,,False,False,0.0068000000000000005,0.0035,3317.72,0.0033000000000000004,1610.0700000000002,0
5120423,מגדל תיק 10/90,"אג""ח כללי בארץ- עד 10% מניות ללא סימן קריאה",,"אג""ח בארץ - כללי",2026-04-30,604290000.0,מגדל,,False,False,0.0079,0.0035,47738.91,0.004400000000000001,26588.76000000001,0
5120464,"תמיר פישמן אג""ח חו""ל בריבית משתנה","אג""ח חשופת מט""ח",,"אג""ח בחו""ל",2026-04-30,47710000.0,תמיר פישמן,,False,False,0.0085,0.0035,4055.3500000000004,0.005000000000000001,2385.5000000000005,0
5120514,"מגדל אפיקים חו""ל","מניות כללי בחו""ל חשופת מט""ח",,"מניות בחו""ל",2026-04-30,65450000.0,מגדל,,False,False,0.0297,0.0035,19438.65,0.0262,17147.9,0
5120522,תמיר פישמן מניות,מניות All Cap,,מניות בארץ,2026-04-30,2799600000.0,תמיר פישמן,,False,False,0.0179,0.0035,501128.39999999997,0.0144,403142.4,0
5120563,אי בי אי מחקה All-Bond-ריבית משתנה שקלי,בריבית  משתנה,,"אג""ח בארץ- חברות והמרה",2026-04-30,16410000.0,אי.בי.אי,,True,False,0.002,0.0,328.20000000000005,0.002,328.20000000000005,0
5120613,סיגמא מניות ישראל,מניות All Cap,,מניות בארץ,2026-04-30,1943830000.0,סיגמא,,False,False,0.0159,0.0035,309068.97000000003,0.012400000000000001,241034.92,0
5120647,איביאי מדינה פלוס A ומעלה,"אג""ח מדינה כללי- ללא מניות",,"אג""ח בארץ- מדינה",2026-04-30,902320000.0,אי.בי.אי,,False,False,0.006999999999999999,0.0035,63162.399999999994,0.003499999999999999,31581.19999999999,0
5120662,"איביאי (!) תיק אג""ח + 10%","אג""ח כללי בארץ- עד 10% מניות ועם סימן קריאה",,"אג""ח בארץ - כללי",2026-04-30,802510000.0,אי.בי.אי,,False,False,0.0069,0.0035,55373.189999999995,0.0034,27285.34,0
5120704,"סיגמא (!) תיק אג""ח ללא מניות","אג""ח כללי בארץ ללא מניות עם סימן קריאה",,"אג""ח בארץ - כללי",2026-04-30,72830000.0,סיגמא,,False,False,0.0076,0.0035,5535.08,0.0040999999999999995,2986.0299999999997,0
5120720,"סיגמא (!) תיק אג""ח + 10%","אג""ח כללי בארץ- עד 10% מניות ועם סימן קריאה",,"אג""ח בארץ - כללי",2026-04-30,65790000.00000001,סיגמא,,False,False,0.0079,0.0035,5197.410000000001,0.004400000000000001,2894.760000000001,0
5120738,מיטב (!) שקלי קונצרני עד 4 שנים,חברות והמרה שקלי ללא מניות,,"אג""ח בארץ- חברות והמרה",2026-04-30,50620000.0,מיטב,,False,False,0.0062,0.0035,3138.44,0.0026999999999999997,1366.7399999999998,0
5120779,"הראל השקעות ת""א Large & Mid Cap",מניות Large & Mid Cap,,מניות בארץ,2026-04-30,66760000.00000001,הראל,,False,False,0.013999999999999999,0.0035,9346.4,0.010499999999999999,7009.8,0
5120795,אנליסט גמישה,גמישות,,גמישות,2026-04-30,407680000.0,אנליסט,,False,False,0.019299999999999998,0.0035,78682.23999999999,0.015799999999999998,64413.439999999995,0
5120811,אנליסט מניות,מניות All Cap,,מניות בארץ,2026-04-30,455680000.0,אנליסט,,False,False,0.020499999999999997,0.0035,93414.39999999998,0.016999999999999998,77465.59999999999,0
5120837,אנליסט תעשיות,מניות לפי ענפים,,מניות בארץ,2026-04-30,145710000.0,אנליסט,,False,False,0.020499999999999997,0.0035,29870.549999999996,0.016999999999999998,24770.699999999997,0
5120852,אנליסט כספית שקלית,כספית שקלית עם קונצרני,,קרן כספית,2026-04-30,6687210000.0,אנליסט,,False,False,0.00169,0.001,113013.849,0.0006900000000000001,46141.749,1
5120886,מיטב סולידית,"אג""ח כללי בארץ בדירוג גבוה בלבד (AA ומעלה ו/ או מדינה)",,"אג""ח בארץ - כללי",2026-04-30,501590000.0,מיטב,,False,False,0.0079,0.0035,39625.61000000001,0.004400000000000001,22069.960000000006,0
5120894,"אנליסט אג""ח חברות + 30%",חברות והמרה עם מניות ללא סימן קריאה,,"אג""ח בארץ- חברות והמרה",2026-04-30,28100000.0,אנליסט,,False,False,0.019,0.0035,5338.999999999999,0.0155,4355.5,0
5120902,"מיטב עוקבת תיק 2 חו""ל הבנק הבינלאומי","אג""ח חשופת מט""ח",,"אג""ח בחו""ל",2026-04-30,88040000.0,מיטב,,False,False,0.0069,0.0035,6074.759999999999,0.0034,2993.36,0
5120910,"אנליסט אג""ח מדינה + 10%","אג""ח מדינה כללי- עד 10% מניות",,"אג""ח בארץ- מדינה",2026-04-30,31400000.0,אנליסט,,False,False,0.0059,0.0035,1852.6,0.0024,753.5999999999999,0
5120951,אזימוט 25/75,"אג""ח כללי בארץ- עד 25% מניות",,"אג""ח בארץ - כללי",2026-04-30,16340000.0,איילון,אזימוטליין,False,False,0.0075,0.0035,1225.5,0.004,653.6,0
5120977,"ילין לפידות מניות חו""ל","מניות כללי בחו""ל חשופת מט""ח",,"מניות בחו""ל",2026-04-30,486870000.0,ילין לפידות,,False,False,0.017,0.0035,82767.90000000001,0.013500000000000002,65727.45000000001,0
5120993,"קסם אקטיב אג""ח חו""ל מנוטרלת מט""ח","אג""ח מוגנת מט""ח",,"אג""ח בחו""ל",2026-04-30,201520000.0,קסם,,False,False,0.0075,0.0035,15113.999999999998,0.004,8060.800000000001,0
5121025,קסם KTFי All-Bond ריבית משתנה שקלי,"אג""ח בארץ כללי",,"אג""ח בארץ כללי",2026-04-30,18370000.0,קסם,,True,False,0.0034999999999999996,0.0,642.9499999999999,0.0034999999999999996,642.9499999999999,0
5121058,קסם אקטיב כספית דולר מגמת ריבית,חשופת דולר,,קרן כספית,2026-04-30,154910000.0,קסם,,False,False,0.0019,0.001,2943.29,0.0009,1394.19,1
5121090,מור מדדית מדינה + 20%,"אג""ח מדינה כללי- עד 20% מניות",,"אג""ח בארץ- מדינה",2026-04-30,429610000.0,מור,,False,False,0.006500000000000001,0.0035,27924.650000000005,0.0030000000000000005,12888.300000000001,0
5121132,קסם Bluestar Israel Global Technology KTF,Technology,,"מניות בחו""ל",2026-04-30,17450000.0,קסם,,True,False,0.008,0.0,1396.0000000000002,0.008,1396.0000000000002,0
5121140,אנליסט כספית,כספית שקלית עם קונצרני,,קרן כספית,2026-04-30,5640770000.0,אנליסט,,False,False,0.00215,0.001,121276.55500000001,0.00115,64868.855,1
5121181,"ילין לפידות 10/90 תיק אג""ח חו""ל ומניות עד 30% מט""ח","אג""ח מוגנת מט""ח",,"אג""ח בחו""ל",2026-04-30,26150000.0,ילין לפידות,,False,False,0.006999999999999999,0.0035,1830.4999999999998,0.003499999999999999,915.2499999999998,0
5121207,"MTF מחקה iBoxx US Liquid Investment Grade Top 30 מנוטרלת מט""ח","חברות והמרה  מנוטרלת מט""ח",,"אג""ח בחו""ל",2026-04-30,440920000.0,מגדל,,True,False,0.0025,0.0,11023.0,0.0025,11023.0,0
5121223,קסם KTF (!) תל בונד תשואות שקל,בריבית קבועה,,"אג""ח בארץ- חברות והמרה",2026-04-30,29200000.0,קסם,,True,False,0.0025,0.0,730.0,0.0025,730.0,0
5121249,"מור 10/90 תיק אג""ח חו""ל","אג""ח חשופת מט""ח",,"אג""ח בחו""ל",2026-04-30,191810000.0,מור,,False,False,0.0084,0.0035,16112.039999999999,0.0049,9398.69,0
5121272,מיטב מדינה,"אג""ח מדינה כללי- ללא מניות",,"אג""ח בארץ- מדינה",2026-04-30,534880000.0,מיטב,,False,False,0.0069,0.0035,36906.72,0.0034,18185.92,0
5121306,"אלטשולר שחם מחקה SmartBeta משולבת ת""א Large Cap חודשי",מניות בארץ קרן משולבת,,מניות בארץ,2026-04-30,130979999.99999999,אלטשולר שחם,,True,False,0.008,0.0,10478.4,0.008,10478.4,0
5121322,"תכלית TTF משולבת סל מניות חו""ל חודשי","מניות בחו""ל קרן משולבת",,"מניות בחו""ל",2026-04-30,73060000.0,מיטב,,True,False,0.006999999999999999,0.0,5114.2,0.006999999999999999,5114.2,0
5121330,"קסם אקטיב ספיר תיק אג""ח ומניות חו""ל","אג""ח חשופת מט""ח",,"אג""ח בחו""ל",2026-04-30,114240000.0,קסם,,False,False,0.0075,0.0035,8568.0,0.004,4569.6,0
5121363,אלפי בנדק 20/80,"אג""ח כללי בארץ- עד 20% מניות",,"אג""ח בארץ - כללי",2026-04-30,44950000.0,הראל,אלפי בנדק,False,False,0.0079,0.0035,3551.0500000000006,0.004400000000000001,1977.8000000000006,0
5121405,MTF מחקה משולבת תל גוב-צמודות 2-5 (60%) קונצרני צמוד (40%) חודשי,ללא מניות,,"אג""ח בארץ משולבת",2026-04-30,45320000.0,מגדל,,True,False,0.0039000000000000003,0.0,1767.48,0.0039000000000000003,1767.48,0
5121413,MTF מחקה משולבת ממשלתיות (60%) קונצרני ישראלי (40%) חודשי,ללא מניות,,"אג""ח בארץ משולבת",2026-04-30,30310000.0,מגדל,,True,False,0.0039000000000000003,0.0,1182.09,0.0039000000000000003,1182.09,0
5121439,קסם אקטיב 20/80,"אג""ח כללי בארץ- עד 20% מניות",,"אג""ח בארץ - כללי",2026-04-30,834340000.0,קסם,,False,False,0.0079,0.0035,65912.86,0.004400000000000001,36710.960000000014,0
5121470,"איביאי מחקה DAX מנוטרלת מט""ח",אירופה- שווקים מפותחים,,"מניות בחו""ל",2026-04-30,35030000.0,אי.בי.אי,,True,False,0.004,0.0,1401.2,0.004,1401.2,0
5121504,"MTF מחקה משולבת אג""ח ישראל (75%) מניות (25%) חודשי מנוטרלת מט""ח",עד 30% מניות,,"אג""ח בארץ משולבת",2026-04-30,16620000.000000002,מגדל,,True,False,0.0049,0.0,814.3800000000001,0.0049,814.3800000000001,0
5121587,מור 10/90,"אג""ח כללי בארץ- עד 10% מניות ללא סימן קריאה",,"אג""ח בארץ - כללי",2026-04-30,2330840000.0,מור,,False,False,0.0078000000000000005,0.0035,181805.52,0.0043,100226.12000000001,0
5121686,MTF מחקה תל גוב-צמודות 2-5,צמודות מדד ממשלתיות - בינוני,,"אג""ח בארץ- מדינה",2026-04-30,180240000.0,מגדל,,True,False,0.0015,0.0,2703.6,0.0015,2703.6,0
5121694,"מיטב (!) 10/90 תיק אג""ח חו""ל עד 30% מט""ח","אג""ח מוגנת מט""ח",,"אג""ח בחו""ל",2026-04-30,1253980000.0,מיטב,,False,False,0.006500000000000001,0.0035,81508.70000000001,0.0030000000000000005,37619.40000000001,0
5121710,"ילין לפידות (!) אג""ח חו""ל נקוב $","אג""ח נקובת מט""ח",,"אג""ח בחו""ל",2026-04-30,158830000.0,ילין לפידות,,False,False,0.0079,0.0035,12547.570000000002,0.004400000000000001,6988.520000000002,0
5121728,ילין לפידות 30/70,"אג""ח כללי בארץ- עד 30% מניות",,"אג""ח בארץ - כללי",2026-04-30,1412430000.0,ילין לפידות,,False,False,0.0079,0.0035,111581.97000000002,0.004400000000000001,62146.92000000002,0
5121736,"מיטב מניות חו""ל עד 30% מט""ח","מניות כללי בחו""ל מוגנת מט""ח",,"מניות בחו""ל",2026-04-30,173560000.0,מיטב,,False,False,0.0149,0.0035,25860.44,0.0114,19785.84,0
5121777,"אנליסט (!) אג""ח חו""ל ללא מניות מנוטרלת מט""ח","אג""ח מוגנת מט""ח",,"אג""ח בחו""ל",2026-04-30,54900000.0,אנליסט,,False,False,0.0079,0.0035,4337.1,0.004400000000000001,2415.600000000001,0
5121801,"הראל מחקה משולבת אג''ח ישראל (75%) מניות ישראל-חול (25%) חודשי מנוטרלת מט""ח",עד 30% מניות,,"אג""ח בארץ משולבת",2026-04-30,112860000.0,הראל,,True,False,0.0,0.0,0.0,0.0,0.0,0
5121819,הראל מחקה משולבת ממשלתיות חודשי,"אג""ח מדינה משולבת - ללא מניות",,"אג""ח בארץ- מדינה",2026-04-30,21680000.0,הראל,,True,False,0.002,0.0,433.6,0.002,433.6,0
5121835,הראל מחקה תל בונד 60 צמודות,בריבית קבועה,,"אג""ח בארץ- חברות והמרה",2026-04-30,632020000.0,הראל,,True,False,0.002,0.0,12640.400000000001,0.002,12640.400000000001,0
5121843,MTF מחקה STOXX Europe 600,אירופה- כללי,,"מניות בחו""ל",2026-04-30,50110000.0,מגדל,,True,False,0.002,0.0,1002.2,0.002,1002.2,0
5121868,סיגמא מניות דיבידנד אירופה,"מניות גיאוגרפי אחר חשופת מט""ח",,"מניות בחו""ל",2026-04-30,47140000.0,סיגמא,,False,False,0.0169,0.0035,7966.66,0.013399999999999999,6316.759999999999,0
5121892,"איביאי מחקה S&P Financial מנוטרלת מט""ח",Financial,,"מניות בחו""ל",2026-04-30,47760000.0,אי.בי.אי,,True,False,0.004,0.0,1910.4,0.004,1910.4,0
5121983,"MTF מחקה משולבת DAXי (50%) STOXX Europe 600י (50%) חודשי מנוטרלת מט""ח","מניות בחו""ל קרן משולבת",,"מניות בחו""ל",2026-04-30,12010000.0,מגדל,,True,False,0.005,0.0,600.5,0.005,600.5,0
5122031,קסם אקטיב מדינה שקלי עד שנתיים,"אג""ח מדינה שקליות- ללא מניות",,"אג""ח בארץ- מדינה",2026-04-30,102210000.0,קסם,,False,False,0.0044,0.0035,4497.240000000001,0.0009000000000000002,919.8900000000002,0
5122056,קסם אקטיב ספיר 30/70,"אג""ח כללי בארץ- עד 30% מניות",,"אג""ח בארץ - כללי",2026-04-30,163080000.0,קסם,,False,False,0.0058,0.0035,9458.64,0.0022999999999999995,3750.8399999999992,0
5122064,קסם אקטיב ספיר גמישה,גמישות,,גמישות,2026-04-30,112280000.0,קסם,,False,False,0.002,0.0035,2245.6000000000004,-0.0015,-1684.2,0
5122080,"אלטשולר שחם ת""א 125",מניות Large & Mid Cap,,מניות בארץ,2026-04-30,290290000.0,אלטשולר שחם,,False,False,0.015,0.0035,43543.49999999999,0.0115,33383.35,0
5122098,"מור מחקה NASDAQ 100 מנוטרלת מט""ח",אמריקה- שווקים מפותחים,,"מניות בחו""ל",2026-04-30,218630000.0,מור,,True,False,0.005,0.0,10931.5,0.005,10931.5,0
5122114,הראל לשם,גמישות,,גמישות,2026-04-30,95160000.0,הראל,,False,False,0.002,0.0035,1903.2,-0.0015,-1427.4,0
5122122,אלטשולר שחם מחקה ממשלתי A.B SmartBeta,"אג""ח מדינה - אחר",,"אג""ח בארץ- מדינה",2026-04-30,4130000.0,אלטשולר שחם,,True,False,0.0045000000000000005,0.0,185.85000000000002,0.0045000000000000005,185.85000000000002,0
5122163,"MTF מחקה STOXX Europe 600 מנוטרלת מט""ח",אירופה- כללי,,"מניות בחו""ל",2026-04-30,122200000.0,מגדל,,True,False,0.0,0.0,0.0,0.0,0.0,0
5122221,ילין לפידות קונצרני + 10%,חברות והמרה עם מניות ללא סימן קריאה,,"אג""ח בארץ- חברות והמרה",2026-04-30,505220000.0,ילין לפידות,,False,False,0.0079,0.0035,39912.380000000005,0.004400000000000001,22229.680000000008,0
5122239,ילין לפידות 20/80 צמיחה,"אג""ח כללי בארץ- עד 20% מניות",,"אג""ח בארץ - כללי",2026-04-30,595770000.0,ילין לפידות,,False,False,0.0084,0.0035,50044.68,0.0049,29192.73,0
5122247,גביש 20/80,"אג""ח כללי בארץ- עד 20% מניות",,"אג""ח בארץ - כללי",2026-04-30,71360000.0,סיגמא,גביש פיננסים,False,False,0.0079,0.0035,5637.4400000000005,0.004400000000000001,3139.840000000001,0
5122262,MTF מחקה תל בונד 60 צמודות,בריבית קבועה,,"אג""ח בארץ- חברות והמרה",2026-04-30,312500000.0,מגדל,,True,False,0.0025,0.0,7812.5,0.0025,7812.5,0
5122288,"MTF מחקה משולבת ת""א 125 (70%) ת""א בנקים 5 (30%) חודשי",מניות בארץ קרן משולבת,,מניות בארץ,2026-04-30,474240000.0,מגדל,,True,False,0.005,0.0,23712.0,0.005,23712.0,0
5122304,מגדל תיק 20/80,"אג""ח כללי בארץ- עד 20% מניות",,"אג""ח בארץ - כללי",2026-04-30,706100000.0,מגדל,,False,False,0.0085,0.0035,60018.50000000001,0.005000000000000001,35305.00000000001,0
5122320,MTF מחקה (!) תל בונד תשואות שקל,בריבית קבועה,,"אג""ח בארץ- חברות והמרה",2026-04-30,53590000.0,מגדל,,True,False,0.0015,0.0,803.85,0.0015,803.85,0
5122338,"קסם אקטיב ת""א Large & Mid Cap",מניות Large & Mid Cap,,מניות בארץ,2026-04-30,241840000.0,קסם,,False,False,0.0124,0.0035,29988.16,0.0089,21523.76,0
5122379,מגדל תיק השקעות 10/90,"אג""ח כללי בארץ- עד 10% מניות ללא סימן קריאה",,"אג""ח בארץ - כללי",2026-04-30,461830000.0,מגדל,,False,False,0.0077,0.0035,35560.91,0.004200000000000001,19396.86,0
5122395,מור מחקה (!) תל בונד תשואות שקל,בריבית קבועה,,"אג""ח בארץ- חברות והמרה",2026-04-30,40030000.0,מור,,True,False,0.002,0.0,800.6,0.002,800.6,0
5122411,"קבין מניות חו""ל","מניות כללי בחו""ל חשופת מט""ח",,"מניות בחו""ל",2026-04-30,89560000.0,איילון,קבין,False,False,0.017,0.0035,15225.2,0.013500000000000002,12090.600000000002,0
5122460,אי בי אי מחקה אינדקס A מאוזן,"אג""ח חברות שקלי וצמוד",,"אג""ח בארץ- חברות והמרה",2026-04-30,218170000.0,אי.בי.אי,,True,False,0.003,0.0,6545.1,0.003,6545.1,0
5122478,אי בי אי מחקה אינדקס AA ומעלה מאוזן,"אג""ח חברות שקלי וצמוד",,"אג""ח בארץ- חברות והמרה",2026-04-30,423940000.0,אי.בי.אי,,True,False,0.003,0.0,12718.2,0.003,12718.2,0
5122494,איביאי 20/80,"אג""ח כללי בארץ- עד 20% מניות",,"אג""ח בארץ - כללי",2026-04-30,267769999.99999997,אי.בי.אי,,False,False,0.0079,0.0035,21153.83,0.004400000000000001,11781.880000000003,0
5122502,איביאי 30/70,"אג""ח כללי בארץ- עד 30% מניות",,"אג""ח בארץ - כללי",2026-04-30,1019120000.0,אי.בי.אי,,False,False,0.0089,0.0035,90701.68,0.0054,55032.48,0
5122510,"הראל מחקה ת""א 125",Large & Mid Cap,,מניות בארץ,2026-04-30,1769400000.0,הראל,,True,False,0.0,0.0,0.0,0.0,0.0,0
5122536,אלפא טק אירופה E.S.G,"מניות גיאוגרפי אחר חשופת מט""ח",,"מניות בחו""ל",2026-04-30,24400000.0,הראל,אלפא טק,False,False,0.0098,0.0035,2391.2,0.0063,1537.2,0
5122551,הראל מחקה All-Bond ריבית משתנה שקלי,בריבית  משתנה,,"אג""ח בארץ- חברות והמרה",2026-04-30,17520000.0,הראל,,True,False,0.002,0.0,350.40000000000003,0.002,350.40000000000003,0
5122569,MTF מחקה MSCI World,גלובלי- שווקים מפותחים,,"מניות בחו""ל",2026-04-30,592910000.0,מגדל,,True,False,0.0025,0.0,14822.75,0.0025,14822.75,0
5122593,אזימוט 18/82 חי דיבידנד,"אג""ח כללי בארץ- עד 20% מניות",,"אג""ח בארץ - כללי",2026-04-30,32640000.0,איילון,אזימוטליין,False,False,0.0095,0.0035,3100.7999999999997,0.006,1958.4,0
5122601,מיטב 20/80,"אג""ח כללי בארץ- עד 20% מניות",,"אג""ח בארץ - כללי",2026-04-30,1033690000.0,מיטב,,False,False,0.0084,0.0035,86829.95999999999,0.0049,50650.81,0
5122619,מיטב מדינה צמודה,"אג""ח מדינה צמוד מדד- ללא מניות",,"אג""ח בארץ- מדינה",2026-04-30,216770000.0,מיטב,,False,False,0.0064,0.0035,13873.279999999999,0.0029000000000000002,6286.330000000001,0
5122627,MTF מחקה S&P 500,אמריקה- שווקים מפותחים,,"מניות בחו""ל",2026-04-30,1947110000.0,מגדל,,True,False,0.0,0.0,0.0,0.0,0.0,0
5122635,MTF מחקה (!) תל בונד תשואות צמודות,בריבית קבועה,,"אג""ח בארץ- חברות והמרה",2026-04-30,203410000.0,מגדל,,True,False,0.002,0.0,4068.2000000000003,0.002,4068.2000000000003,0
5122668,"קסם אקטיב ארה""ב מנוטרלת מט""ח","מניות גיאוגרפי מוגנת מט""ח",,"מניות בחו""ל",2026-04-30,66870000.00000001,קסם,,False,False,0.012,0.0035,8024.4000000000015,0.0085,5683.950000000001,0
5122676,ברק אסטרטגיות,ממונפות בסיכון גבוה,,ממונפות ואסטרטגיות,2026-04-30,23820000.0,ברק,,False,False,0.038,0.0035,9051.599999999999,0.034499999999999996,8217.9,0
5122692,איביאי מחקה Solactive US REIT,REIT - Real Estate,,"מניות בחו""ל",2026-04-30,12160000.0,אי.בי.אי,,True,False,0.008,0.0,972.8000000000001,0.008,972.8000000000001,0
5122718,מור סולידית,"אג""ח כללי בארץ בדירוג גבוה בלבד (AA ומעלה ו/ או מדינה)",,"אג""ח בארץ - כללי",2026-04-30,177070000.0,מור,,False,False,0.0063,0.0035,11155.41,0.0028,4957.96,0
5122726,מור 20/80,"אג""ח כללי בארץ- עד 20% מניות",,"אג""ח בארץ - כללי",2026-04-30,1049569999.9999999,מור,,False,False,0.0083,0.0035,87114.30999999998,0.0048000000000000004,50379.35999999999,0
5122791,איילון עוקבת תיק מס' 2 הבנק הבינלאומי,"אג""ח כללי בארץ- עד 15% מניות",,"אג""ח בארץ - כללי",2026-04-30,60560000.0,איילון,,False,False,0.0069,0.0035,4178.639999999999,0.0034,2059.04,0
5122809,טרגט מניות אירופה,"מניות גיאוגרפי אחר חשופת מט""ח",,"מניות בחו""ל",2026-04-30,7960000.0,איילון,טרגט,False,False,0.0159,0.0035,1265.64,0.012400000000000001,987.0400000000001,0
5122817,"מור תיק אג""ח + 15%","אג""ח כללי בארץ- עד 15% מניות",,"אג""ח בארץ - כללי",2026-04-30,406690000.0,מור,,False,False,0.0077,0.0035,31315.13,0.004200000000000001,17080.980000000003,0
5122825,אלטשולר שחם 30-70,"אג""ח כללי בארץ- עד 30% מניות",,"אג""ח בארץ - כללי",2026-04-30,101770000.0,אלטשולר שחם,,False,False,0.008,0.0035,8141.6,0.0045000000000000005,4579.650000000001,0
5122841,MTF מחקה משולבת שקליות ממשלתיות (50%) מדדיות ממשלתיות (50%) חודשי,"אג""ח מדינה משולבת - ללא מניות",,"אג""ח בארץ- מדינה",2026-04-30,65099999.99999999,מגדל,,True,False,0.0025,0.0,1627.5,0.0025,1627.5,0
5122890,"איביאי מחקה משולבת Staplesי (50%) S&P Discretionaryי (50%) חודשי מנוטרלת מט""ח","מניות בחו""ל קרן משולבת",,"מניות בחו""ל",2026-04-30,11950000.0,אי.בי.אי,,True,False,0.005,0.0,597.5,0.005,597.5,0
5122908,מור מחקה S&P Health Care,Health Care,,"מניות בחו""ל",2026-04-30,28130000.0,מור,,True,False,0.005,0.0,1406.5,0.005,1406.5,0
5122924,MTF מחקה S&P 500 Dividend Aristocrats,אמריקה- שווקים מפותחים,,"מניות בחו""ל",2026-04-30,35720000.0,מגדל,,True,False,0.006,0.0,2143.2000000000003,0.006,2143.2000000000003,0
5122932,"הראל אג""ח ממשלתיות","אג""ח מדינה כללי- ללא מניות",,"אג""ח בארץ- מדינה",2026-04-30,23730000.0,הראל,,False,False,0.0043,0.0035,1020.39,0.0007999999999999999,189.84,0
5122940,קסם STOXX Europe 600 KTF מנוטרלת אירו,אירופה- כללי,,"מניות בחו""ל",2026-04-30,103270000.0,קסם,,True,False,0.0025,0.0,2581.75,0.0025,2581.75,0
5122957,"קסם S&P 500 KTF מנוטרלת מט""ח",אמריקה- שווקים מפותחים,,"מניות בחו""ל",2026-04-30,2722490000.0,קסם,,True,False,0.0,0.0,0.0,0.0,0.0,0
5122965,"קסם KTF משולבת (S&P 500 (70%) Nasdaq (30% חודשי מנוטרלת מט""ח","מניות בחו""ל קרן משולבת",,"מניות בחו""ל",2026-04-30,126730000.0,קסם,,True,False,0.006999999999999999,0.0,8871.099999999999,0.006999999999999999,8871.099999999999,0
5122973,MTF מחקה תל גוב-שקלי 2-5,ריבית קבועה  - בינוני,,"אג""ח בארץ- מדינה",2026-04-30,205070000.0,מגדל,,True,False,0.0015,0.0,3076.05,0.0015,3076.05,0
5123005,"ילין לפידות תיק אג""ח LV","אג""ח כללי בארץ ללא מניות וללא סימן קריאה, עם מגבלת מח""מ עד 5 שנים",,"אג""ח בארץ - כללי",2026-04-30,112360000.0,ילין לפידות,,False,False,0.005,0.0035,5618.0,0.0015,1685.4,0
5123021,"מור מחקה S&P 500 מנוטרלת מט""ח",אמריקה- שווקים מפותחים,,"מניות בחו""ל",2026-04-30,279670000.0,מור,,True,False,0.0,0.0,0.0,0.0,0.0,0
5123039,MTF מחקה תל בונד 20 צמודות,בריבית קבועה,,"אג""ח בארץ- חברות והמרה",2026-04-30,408960000.0,מגדל,,True,False,0.0025,0.0,10224.0,0.0025,10224.0,0
5123096,סיגמא 30/70,"אג""ח כללי בארץ- עד 30% מניות",,"אג""ח בארץ - כללי",2026-04-30,1258830000.0,סיגמא,,False,False,0.0079,0.0035,99447.57,0.004400000000000001,55388.52000000002,0
5123104,"הראל מחקה אינדקס קונצרני מאוזן מח""מ 2-4","אג""ח חברות שקלי וצמוד",,"אג""ח בארץ- חברות והמרה",2026-04-30,37770000.0,הראל,,True,False,0.002,0.0,755.4000000000001,0.002,755.4000000000001,0
5123112,הראל מחקה אינדקס קונצרני צמוד A,בריבית קבועה,,"אג""ח בארץ- חברות והמרה",2026-04-30,112980000.0,הראל,,True,False,0.0034999999999999996,0.0,3954.2999999999997,0.0034999999999999996,3954.2999999999997,0
5123120,מיטב מדינה שקלי עד 4 שנים,"אג""ח מדינה שקליות- ללא מניות",,"אג""ח בארץ- מדינה",2026-04-30,164800000.0,מיטב,,False,False,0.0049,0.0035,8075.2,0.0013999999999999998,2307.2,0
5123138,"מיטב אג""ח","אג""ח כללי בארץ ללא מניות וללא סימן קריאה",,"אג""ח בארץ - כללי",2026-04-30,560910000.0,מיטב,,False,False,0.0069,0.0035,38702.79,0.0034,19070.94,0
5123146,מיטב קונצרני שקלי פלוס,חברות והמרה שקלי עם מניות,,"אג""ח בארץ- חברות והמרה",2026-04-30,156720000.0,מיטב,,False,False,0.0069,0.0035,10813.68,0.0034,5328.48,0
5123153,תכלית STOXX Europe 600 TTF מנוטרלת אירו,אירופה- כללי,,"מניות בחו""ל",2026-04-30,195920000.0,מיטב,,True,False,0.0025,0.0,4898.0,0.0025,4898.0,0
5123161,"תכלית S&P 500 TTF מנוטרלת מט""ח",אמריקה- שווקים מפותחים,,"מניות בחו""ל",2026-04-30,1951160000.0,מיטב,,True,False,0.0,0.0,0.0,0.0,0.0,0
5123179,"תכלית NASDAQ 100 TTF מנוטרלת מט""ח",אמריקה- שווקים מפותחים,,"מניות בחו""ל",2026-04-30,961910000.0,מיטב,,True,False,0.0,0.0,0.0,0.0,0.0,0
5123211,קסם אקטיב זהב וכרייה,"מניות לפי ענפים בחו""ל",,"מניות בחו""ל",2026-04-30,127660000.0,קסם,,False,False,0.019,0.0035,24255.399999999998,0.0155,19787.3,0
5123237,"סיגמא אג""ח מדינה + 10%","אג""ח מדינה כללי- עד 10% מניות",,"אג""ח בארץ- מדינה",2026-04-30,463280000.0,סיגמא,,False,False,0.0067,0.0035,31039.760000000002,0.0032,14824.96,0
5123260,MTF מחקה אינדקס AA ומעלה שקלי,בריבית קבועה,,"אג""ח בארץ- חברות והמרה",2026-04-30,263160000.00000003,מגדל,,True,False,0.0025,0.0,6579.000000000001,0.0025,6579.000000000001,0
5123278,MTF מחקה אינדקס AA ומעלה צמוד,בריבית קבועה,,"אג""ח בארץ- חברות והמרה",2026-04-30,407880000.0,מגדל,,True,False,0.0025,0.0,10197.0,0.0025,10197.0,0
5123286,אילים 10/90,"אג""ח כללי בארץ- עד 10% מניות ללא סימן קריאה",,"אג""ח בארץ - כללי",2026-04-30,821250000.0,אילים,,False,False,0.0074,0.0035,60772.50000000001,0.0039000000000000003,32028.75,0
5123294,"מור אג""ח ישראל - כשרה","אג""ח כללי בארץ ללא מניות וללא סימן קריאה",,"אג""ח בארץ - כללי",2026-04-30,237090000.0,מור,,False,False,0.0075,0.0035,17781.75,0.004,9483.6,0
5123302,ברומטר מניות גלובאלי,"מניות כללי בחו""ל חשופת מט""ח",,"מניות בחו""ל",2026-04-30,162110000.0,איילון,ברומטר,False,False,0.0148,0.0035,23992.280000000002,0.011300000000000001,18318.43,0
5123328,דולפין 10/90,"אג""ח כללי בארץ- עד 10% מניות ללא סימן קריאה",,"אג""ח בארץ - כללי",2026-04-30,2339340000.0,איילון,דולפין 1 השקעות,False,False,0.0075,0.0035,175450.49999999997,0.004,93573.6,0
5123336,דולפין מניות,מניות All Cap,,מניות בארץ,2026-04-30,336550000.0,איילון,דולפין 1 השקעות,False,False,0.0178,0.0035,59905.899999999994,0.0143,48126.65,0
5123344,MTF מחקה אינדקס A צמוד,בריבית קבועה,,"אג""ח בארץ- חברות והמרה",2026-04-30,377250000.0,מגדל,,True,False,0.0025,0.0,9431.25,0.0025,9431.25,0
5123351,MTF מחקה (!) אינדקס HY-BBB כללי,חברות והמרה בסיכון גבוה,,"אג""ח בארץ- חברות והמרה",2026-04-30,102300000.0,מגדל,,True,False,0.005,0.0,5115.0,0.005,5115.0,0
5123369,MTF מחקה אינדקס A שקלי,בריבית קבועה,,"אג""ח בארץ- חברות והמרה",2026-04-30,201190000.0,מגדל,,True,False,0.0025,0.0,5029.75,0.0025,5029.75,0
5123393,MTF מחקה תל גוב-שקלי,ריבית קבועה,,"אג""ח בארץ- מדינה",2026-04-30,73200000.0,מגדל,,True,False,0.0013,0.0,951.5999999999999,0.0013,951.5999999999999,0
5123419,מור מחקה S&P 500 Low Volatility High Dividend,אמריקה- שווקים מפותחים,,"מניות בחו""ל",2026-04-30,15450000.0,מור,,True,False,0.005,0.0,772.5,0.005,772.5,0
5123443,"MTF מחקה S&P 500 Dividend Aristocrats מנוטרלת מט""ח",אמריקה- שווקים מפותחים,,"מניות בחו""ל",2026-04-30,26400000.0,מגדל,,True,False,0.006,0.0,1584.0,0.006,1584.0,0
5123468,"קסם אקטיב (!) אג""ח +10%","אג""ח כללי בארץ- עד 10% מניות ועם סימן קריאה",,"אג""ח בארץ - כללי",2026-04-30,114370000.0,קסם,,False,False,0.0069,0.0035,7891.53,0.0034,3888.58,0
5123476,"קסם אקטיב אג""ח מדינה ללא מניות","אג""ח מדינה כללי- ללא מניות",,"אג""ח בארץ- מדינה",2026-04-30,162180000.0,קסם,,False,False,0.0064,0.0035,10379.52,0.0029000000000000002,4703.22,0
5123518,MTF מחקה תל בונד צמודות,בריבית קבועה,,"אג""ח בארץ- חברות והמרה",2026-04-30,116580000.0,מגדל,,True,False,0.0025,0.0,2914.5,0.0025,2914.5,0
5123542,FOREST סלקט 25/75,"אג""ח כללי בארץ- עד 25% מניות",,"אג""ח בארץ - כללי",2026-04-30,209670000.0,פורסט,,False,False,0.0089,0.0035,18660.629999999997,0.0054,11322.18,0
5123559,הראל מחקה אינדקס קונצרני שקלי A,בריבית קבועה,,"אג""ח בארץ- חברות והמרה",2026-04-30,48350000.0,הראל,,True,False,0.0025,0.0,1208.75,0.0025,1208.75,0
5123567,"MTF מחקה S&P Aerospace & Defense מנוטרלת מט""ח",Aerospace & Defense,,"מניות בחו""ל",2026-04-30,331100000.0,מגדל,,True,False,0.008,0.0,26488.000000000004,0.008,26488.000000000004,0
5123575,"MTF מחקה S&P 500 Low Volatility High Dividend מנוטרלת מט""ח",אמריקה- שווקים מפותחים,,"מניות בחו""ל",2026-04-30,17430000.0,מגדל,,True,False,0.005,0.0,871.5,0.005,871.5,0
5123609,דיאמונד גמישה,גמישות,,גמישות,2026-04-30,280800000.0,איילון,דיאמונד,False,False,0.016399999999999998,0.0035,46051.19999999999,0.012899999999999998,36223.2,0
5123641,"MTF מחקה ת""א צמיחה",Small Cap,,מניות בארץ,2026-04-30,24950000.0,מגדל,,True,False,0.0025,0.0,623.75,0.0025,623.75,0
5123716,דולפין יתר,מניות Small Cap,,מניות בארץ,2026-04-30,115580000.0,איילון,דולפין 1 השקעות,False,False,0.018500000000000003,0.0035,21382.300000000003,0.015000000000000003,17337.000000000004,0
5123724,"קסם אקטיב אג""ח חברות פלוס",חברות והמרה עם מניות ללא סימן קריאה,,"אג""ח בארץ- חברות והמרה",2026-04-30,133520000.00000001,קסם,,False,False,0.013000000000000001,0.0035,17357.600000000006,0.009500000000000001,12684.400000000003,0
5123740,מור מניות גלובלי,"מניות כללי בחו""ל חשופת מט""ח",,"מניות בחו""ל",2026-04-30,475060000.0,מור,,False,False,0.018500000000000003,0.0035,87886.1,0.015000000000000003,71259.00000000001,0
5123757,"ילין לפידות (!) אג""ח פוטנציאל חברות בסיכון גבוה",חברות והמרה בסיכון גבוה,,"אג""ח בארץ- חברות והמרה",2026-04-30,392180000.0,ילין לפידות,,False,False,0.0155,0.0035,60787.9,0.012,47061.6,0
5123799,מגדל גמישה,גמישות,,גמישות,2026-04-30,34350000.0,מגדל,,False,False,0.0125,0.0035,4293.75,0.009000000000000001,3091.5,0
5123815,סלע מניות,מניות All Cap,,מניות בארץ,2026-04-30,88940000.0,איילון,סלע בית השקעות,False,False,0.0149,0.0035,13252.06,0.0114,10139.16,0
5123823,סלע 10/90,"אג""ח כללי בארץ- עד 10% מניות ללא סימן קריאה",,"אג""ח בארץ - כללי",2026-04-30,46730000.0,איילון,סלע בית השקעות,False,False,0.0075,0.0035,3504.7499999999995,0.004,1869.2,0
5123831,"סלע (!) אג""ח כללי ללא מניות","אג""ח כללי בארץ ללא מניות עם סימן קריאה",,"אג""ח בארץ - כללי",2026-04-30,39980000.0,איילון,סלע בית השקעות,False,False,0.0069,0.0035,2758.62,0.0034,1359.32,0
5123872,"מיטב אג""ח + 10%","אג""ח כללי בארץ- עד 10% מניות ללא סימן קריאה",,"אג""ח בארץ - כללי",2026-04-30,1057579999.9999999,מיטב,,False,False,0.0079,0.0035,83548.82,0.004400000000000001,46533.52000000001,0
5123880,"מיטב אג""ח מדורגות ללא מניות",חברות והמרה ללא מניות וללא סימן קריאה,,"אג""ח בארץ- חברות והמרה",2026-04-30,408070000.0,מיטב,,False,False,0.0069,0.0035,28156.829999999998,0.0034,13874.38,0
5123898,מיטב כספית,כספית שקלית עם קונצרני,,קרן כספית,2026-04-30,4661090000.0,מיטב,,False,False,0.0025,0.001,116527.25,0.0015,69916.35,1
5123930,"אי בי אי מחקה (!) אינדקס אג""ח עם רכיב בטוחה","אג""ח חברות שקלי וצמוד",,"אג""ח בארץ- חברות והמרה",2026-04-30,152140000.0,אי.בי.אי,,True,False,0.005,0.0,7607.0,0.005,7607.0,0
5123948,"מיטב (!) אג""ח קונצרני",חברות והמרה ללא מניות עם סימן קריאה,,"אג""ח בארץ- חברות והמרה",2026-04-30,213060000.0,מיטב,,False,False,0.0079,0.0035,16831.74,0.004400000000000001,9374.640000000003,0
5123955,"מיטב אג""ח ישראל סולידית","אג""ח כללי בארץ בדירוג גבוה בלבד (AA ומעלה ו/ או מדינה)",,"אג""ח בארץ - כללי",2026-04-30,649270000.0,מיטב,,False,False,0.0069,0.0035,44799.63,0.0034,22075.18,0
5123963,ילין לפידות תיק השקעות עד 50%,"אג""ח כללי בארץ - חשיפה מרבית מעל 30% מניות",,"אג""ח בארץ - כללי",2026-04-30,379890000.0,ילין לפידות,,False,False,0.009300000000000001,0.0035,35329.770000000004,0.005800000000000001,22033.620000000006,0
5123971,"ילין לפידות (!) אג""ח חברות חו""ל עד 30% מט""ח","אג""ח מוגנת מט""ח",,"אג""ח בחו""ל",2026-04-30,63090000.0,ילין לפידות,,False,False,0.0069,0.0035,4353.21,0.0034,2145.06,0
5123997,מור מחקה S&P Financial,Financial,,"מניות בחו""ל",2026-04-30,14110000.0,מור,,True,False,0.0015,0.0,211.65,0.0015,211.65,0
5124003,"אלטשולר שחם מחקה אירופה A.B SmartBeta מנוטרלת מט""ח",אירופה- כללי,,"מניות בחו""ל",2026-04-30,61560000.0,אלטשולר שחם,,True,False,0.008,0.0,4924.8,0.008,4924.8,0
5124045,"סיגמא (!) אג""ח דולר בינלאומי","אג""ח חשופת דולר",,"אג""ח בחו""ל",2026-04-30,70600000.0,סיגמא,,False,False,0.0079,0.0035,5577.400000000001,0.004400000000000001,3106.400000000001,0
5124060,סיגמא 25/75,"אג""ח כללי בארץ- עד 25% מניות",,"אג""ח בארץ - כללי",2026-04-30,49270000.0,סיגמא,,False,False,0.0059,0.0035,2906.93,0.0024,1182.4799999999998,0
5124144,אלטשולר שחם מניות ישראל SmartBeta,מניות All Cap,,מניות בארץ,2026-04-30,48090000.0,אלטשולר שחם,,False,False,0.0195,0.0035,9377.55,0.016,7694.400000000001,0
5124201,אלטשולר שחם גמישה,גמישות,,גמישות,2026-04-30,61810000.0,אלטשולר שחם,,False,False,0.015,0.0035,9271.5,0.0115,7108.150000000001,0
5124268,אושן יצירה גלובל אקוויטי,"מניות כללי בחו""ל חשופת מט""ח",,"מניות בחו""ל",2026-04-30,43350000.0,סיגמא,אושן פרטנרס,False,False,0.018500000000000003,0.0035,8019.750000000001,0.015000000000000003,6502.500000000002,0
5124284,איביאי מחקה Russell 2000,אמריקה- שווקים מפותחים,,"מניות בחו""ל",2026-04-30,87220000.0,אי.בי.אי,,True,False,0.004,0.0,3488.8,0.004,3488.8,0
5124292,קסם אקטיב אנרגיה,מניות לפי ענפים,,מניות בארץ,2026-04-30,18220000.0,קסם,,False,False,0.0279,0.0035,5083.38,0.0244,4445.68,0
5124300,"מור נדל""ן",מניות לפי ענפים,,מניות בארץ,2026-04-30,324840000.0,מור,,False,False,0.0132,0.0035,42878.880000000005,0.0097,31509.48,0
5124326,מור יתר,מניות Small Cap,,מניות בארץ,2026-04-30,298930000.0,מור,,False,False,0.022000000000000002,0.0035,65764.6,0.018500000000000003,55302.05000000001,0
5124342,"מור (!) הזדמנויות אג""ח קונצרני",חברות והמרה עם מניות ועם סימן קריאה,,"אג""ח בארץ- חברות והמרה",2026-04-30,1501570000.0,מור,,False,False,0.0118,0.0035,177185.25999999998,0.0083,124630.31,0
5124409,תכלית TTF (!) אינדקס HY-BBB כללי,חברות והמרה בסיכון גבוה,,"אג""ח בארץ- חברות והמרה",2026-04-30,19720000.0,מיטב,,True,False,0.005,0.0,986.0,0.005,986.0,0
5124417,תכלית TTF אינדקס מדורג 5+ מאוזן,"אג""ח חברות שקלי וצמוד",,"אג""ח בארץ- חברות והמרה",2026-04-30,78780000.0,מיטב,,True,False,0.002,0.0,1575.6000000000001,0.002,1575.6000000000001,0
5124425,תכלית TTF אינדקס מדורג 2-5 מאוזן,"אג""ח חברות שקלי וצמוד",,"אג""ח בארץ- חברות והמרה",2026-04-30,85000000.0,מיטב,,True,False,0.002,0.0,1700.0000000000002,0.002,1700.0000000000002,0
5124466,קסם אקטיב (!) ישראל 10/90,"אג""ח כללי בארץ- עד 10% מניות ועם סימן קריאה",,"אג""ח בארץ - כללי",2026-04-30,104770000.0,קסם,,False,False,0.0074,0.0035,7752.980000000001,0.0039000000000000003,4086.0299999999997,0
5124482,קסם S&P 500 KTF,אמריקה- שווקים מפותחים,,"מניות בחו""ל",2026-04-30,3778620000.0,קסם,,True,False,0.0,0.0,0.0,0.0,0.0,0
5124490,"קסם KTF ת""א 35",Large Cap,,מניות בארץ,2026-04-30,756910000.0,קסם,,True,False,0.001,0.0,7569.1,0.001,7569.1,0
5124508,"קסם KTF ת""א 90",Mid Cap,,מניות בארץ,2026-04-30,481330000.0,קסם,,True,False,0.004,0.0,19253.2,0.004,19253.2,0
5124516,"קסם NASDAQ 100 KTF מנוטרלת מט""ח",אמריקה- שווקים מפותחים,,"מניות בחו""ל",2026-04-30,806290000.0,קסם,,True,False,0.0,0.0,0.0,0.0,0.0,0
5124532,תכלית NASDAQ 100 TTF,אמריקה- שווקים מפותחים,,"מניות בחו""ל",2026-04-30,282580000.0,מיטב,,True,False,0.003,0.0,8477.4,0.003,8477.4,0
5124557,תכלית DAX TTF,אירופה- שווקים מפותחים,,"מניות בחו""ל",2026-04-30,79570000.0,מיטב,,True,False,0.0,0.0,0.0,0.0,0.0,0
5124573,תכלית MSCI WORLD TTF,גלובלי- שווקים מפותחים,,"מניות בחו""ל",2026-04-30,359380000.0,מיטב,,True,False,0.0031,0.0,11140.78,0.0031,11140.78,0
5124581,תכלית DJ Industrial Average TTF,אמריקה- שווקים מפותחים,,"מניות בחו""ל",2026-04-30,89650000.0,מיטב,,True,False,0.005,0.0,4482.5,0.005,4482.5,0
5124615,אלטשולר שחם 50-50,"אג""ח כללי בארץ - חשיפה מרבית מעל 30% מניות",,"אג""ח בארץ - כללי",2026-04-30,54350000.0,אלטשולר שחם,,False,False,0.009000000000000001,0.0035,4891.5,0.005500000000000001,2989.250000000001,0
5124672,הראל תיק השקעות עד 50%,"אג""ח כללי בארץ - חשיפה מרבית מעל 30% מניות",,"אג""ח בארץ - כללי",2026-04-30,47470000.0,הראל,,False,False,0.0077,0.0035,3655.19,0.004200000000000001,1993.7400000000002,0
5124698,"הראל תיק אג""ח סולידי עד שלוש שנים","אג""ח כללי בארץ בדירוג גבוה בלבד (AA ומעלה ו/ או מדינה)",,"אג""ח בארץ - כללי",2026-04-30,178760000.0,הראל,,False,False,0.0049,0.0035,8759.24,0.0013999999999999998,2502.64,0
5124706,הראל (!) קונצרני דולרי ללא מניות,חברות והמרה ללא מניות עם סימן קריאה,,"אג""ח בארץ- חברות והמרה",2026-04-30,15170000.0,הראל,,False,False,0.0072,0.0035,1092.24,0.0036999999999999997,561.29,0
5124730,MTF מחקה Russell 1000 Growth,אמריקה- שווקים מפותחים,,"מניות בחו""ל",2026-04-30,71610000.0,מגדל,,True,False,0.006,0.0,4296.6,0.006,4296.6,0
5124755,"איביאי מחקה Solactive ת""א 125 Low Volatility High Dividends",Large & Mid Cap,,מניות בארץ,2026-04-30,44820000.0,אי.בי.אי,,True,False,0.008,0.0,3585.6000000000004,0.008,3585.6000000000004,0
5124763,איילון תיק 20/80,"אג""ח כללי בארץ- עד 20% מניות",,"אג""ח בארץ - כללי",2026-04-30,22880000.0,איילון,,False,False,0.0075,0.0035,1715.9999999999998,0.004,915.2,0
5124805,מור תיק השקעות 50%,"אג""ח כללי בארץ - חשיפה מרבית מעל 30% מניות",,"אג""ח בארץ - כללי",2026-04-30,867340000.0,מור,,False,False,0.0089,0.0035,77193.26,0.0054,46836.36,0
5124862,מגדל תיק 50/50,"אג""ח כללי בארץ - חשיפה מרבית מעל 30% מניות",,"אג""ח בארץ - כללי",2026-04-30,103430000.0,מגדל,,False,False,0.0079,0.0035,8170.970000000001,0.004400000000000001,4550.920000000001,0
5124888,פרופאונד 10/90,"אג""ח כללי בארץ- עד 10% מניות ללא סימן קריאה",,"אג""ח בארץ - כללי",2026-04-30,82060000.0,איילון,פרופאונד,False,False,0.0079,0.0035,6482.740000000001,0.004400000000000001,3610.6400000000012,0
5124912,הראל מחקה אינדקס לפדיון 2028 (מתגלגל כל 6 שנים),"אג""ח חברות שקלי וצמוד",,"אג""ח בארץ- חברות והמרה",2026-04-30,176640000.0,הראל,,True,False,0.0024,0.0,4239.36,0.0024,4239.36,0
5124938,מיטב מניות LONG RUN,מניות All Cap,,מניות בארץ,2026-04-30,355590000.0,מיטב,,False,False,0.008,0.0035,28447.2,0.0045000000000000005,16001.550000000001,0
5124979,ברומטר מניות,מניות All Cap,,מניות בארץ,2026-04-30,219280000.0,איילון,ברומטר,False,False,0.0148,0.0035,32453.440000000006,0.011300000000000001,24778.640000000003,0
5124995,פורטה השקעות,גמישות,,גמישות,2026-04-30,257700000.0,סיגמא,פורטה,False,False,0.015,0.0035,38655.0,0.0115,29635.5,0
5125000,פורטה 20/80,"אג""ח כללי בארץ- עד 20% מניות",,"אג""ח בארץ - כללי",2026-04-30,270870000.0,סיגמא,פורטה,False,False,0.0085,0.0035,23023.95,0.005000000000000001,13543.500000000002,0
5125018,פורטה מניות ישראל,מניות All Cap,,מניות בארץ,2026-04-30,595650000.0,סיגמא,פורטה,False,False,0.018000000000000002,0.0035,107217.0,0.014500000000000002,86369.25000000001,0
5125026,ילין לפידות 10/90 ערך,"אג""ח כללי בארץ- עד 10% מניות ללא סימן קריאה",,"אג""ח בארץ - כללי",2026-04-30,277490000.0,ילין לפידות,,False,False,0.0079,0.0035,21921.710000000003,0.004400000000000001,12209.560000000003,0
5125042,ילין לפידות עוקבת תיק 3 הבנק הבינלאומי,"אג""ח כללי בארץ- עד 30% מניות",,"אג""ח בארץ - כללי",2026-04-30,341710000.0,ילין לפידות,,False,False,0.0074,0.0035,25286.540000000005,0.0039000000000000003,13326.69,0
5125067,תכלית TTF אינדקס שקלי מדורג תקרת סדרה 500 מ',בריבית קבועה,,"אג""ח בארץ- חברות והמרה",2026-04-30,23400000.0,מיטב,,True,False,0.002,0.0,468.00000000000006,0.002,468.00000000000006,0
5125109,אנליסט פיזור רחב 20/80,"אג""ח כללי בארץ- עד 20% מניות",,"אג""ח בארץ - כללי",2026-04-30,71250000.0,אנליסט,,False,False,0.0074,0.0035,5272.500000000001,0.0039000000000000003,2778.75,0
5125133,איביאי מחקה (!) תל בונד גלובל שקלי,בריבית קבועה,,"אג""ח בארץ- חברות והמרה",2026-04-30,21450000.0,אי.בי.אי,,True,False,0.0025,0.0,536.25,0.0025,536.25,0
5125158,"קסם DAX KTF מנוטרלת מט""ח",אירופה- שווקים מפותחים,,"מניות בחו""ל",2026-04-30,148710000.0,קסם,,True,False,0.0,0.0,0.0,0.0,0.0,0
5125166,"קסם DJ Industrial Average KTF מנוטרלת מט""ח",אמריקה- שווקים מפותחים,,"מניות בחו""ל",2026-04-30,122220000.0,קסם,,True,False,0.0025,0.0,3055.5,0.0025,3055.5,0
5125174,"קסם S&P Financial KTF מנוטרלת מט""ח",Financial,,"מניות בחו""ל",2026-04-30,60250000.0,קסם,,True,False,0.004,0.0,2410.0,0.004,2410.0,0
5125182,"קסם S&P Industrial KTF מנוטרלת מט""ח",Industrials,,"מניות בחו""ל",2026-04-30,121310000.0,קסם,,True,False,0.002,0.0,2426.2000000000003,0.002,2426.2000000000003,0
5125190,איביאי תיק השקעות 50/50,"אג""ח כללי בארץ - חשיפה מרבית מעל 30% מניות",,"אג""ח בארץ - כללי",2026-04-30,10250000.0,אי.בי.אי,,False,False,0.0085,0.0035,871.2500000000001,0.005000000000000001,512.5000000000001,0
5125208,אלפי בנדק 30/70 תיק ישראל,"אג""ח כללי בארץ- עד 30% מניות",,"אג""ח בארץ - כללי",2026-04-30,208200000.0,הראל,אלפי בנדק,False,False,0.0079,0.0035,16447.800000000003,0.004400000000000001,9160.800000000003,0
5125216,אלפי בנדק 10/90,"אג""ח כללי בארץ- עד 10% מניות ללא סימן קריאה",,"אג""ח בארץ - כללי",2026-04-30,28140000.0,הראל,אלפי בנדק,False,False,0.0076,0.0035,2138.6400000000003,0.0040999999999999995,1153.7399999999998,0
5125224,"אי בי אי מחקה אינדקס ת""א Mid Cap רווחיות",Mid Cap,,מניות בארץ,2026-04-30,218390000.0,אי.בי.אי,,True,False,0.005,0.0,10919.5,0.005,10919.5,0
5125257,מור מניות ערך,מניות All Cap,,מניות בארץ,2026-04-30,1052880000.0000001,מור,,False,False,0.0159,0.0035,167407.92000000004,0.012400000000000001,130557.12000000002,0
5125265,FORESTי 10/90,"אג""ח כללי בארץ- עד 10% מניות ללא סימן קריאה",,"אג""ח בארץ - כללי",2026-04-30,1624520000.0,פורסט,,False,False,0.0079,0.0035,128337.08000000002,0.004400000000000001,71478.88000000002,0
5125281,הראל חושן,"אג""ח כללי בארץ - חשיפה מרבית מעל 30% מניות",,"אג""ח בארץ - כללי",2026-04-30,54120000.0,הראל,,False,False,0.0034999999999999996,0.0035,1894.1999999999998,-4.336808689942018e-19,-2.34708086299662e-13,0
5125323,תכלית TTF תל בונד שקלי 50,בריבית קבועה,,"אג""ח בארץ- חברות והמרה",2026-04-30,229440000.0,מיטב,,True,False,0.0025,0.0,5736.0,0.0025,5736.0,0
5125331,MTF מחקה תל בונד שקלי 3-5,בריבית קבועה - בינוני,,"אג""ח בארץ- חברות והמרה",2026-04-30,127370000.0,מגדל,,True,False,0.0,0.0,0.0,0.0,0.0,0
5125349,MTF מחקה תל בונד צמודות 5-15,בריבית קבועה - ארוך,,"אג""ח בארץ- חברות והמרה",2026-04-30,185400000.0,מגדל,,True,False,0.0,0.0,0.0,0.0,0.0,0
5125356,MTF מחקה תל בונד צמודות 3-5,בריבית קבועה - בינוני,,"אג""ח בארץ- חברות והמרה",2026-04-30,237340000.0,מגדל,,True,False,0.0025,0.0,5933.5,0.0025,5933.5,0
5125364,MTF מחקה תל בונד שקלי 5-15,בריבית קבועה - ארוך,,"אג""ח בארץ- חברות והמרה",2026-04-30,209240000.0,מגדל,,True,False,0.0,0.0,0.0,0.0,0.0,0
5125372,MTF מחקה תל בונד שקלי 1-3,בריבית קבועה - קצר,,"אג""ח בארץ- חברות והמרה",2026-04-30,186890000.0,מגדל,,True,False,0.0025,0.0,4672.25,0.0025,4672.25,0
5125380,קסם אקטיב גמישה FLEX,גמישות,,גמישות,2026-04-30,116790000.0,קסם,,False,False,0.0146,0.0035,17051.34,0.0111,12963.69,0
5125406,"מגדל 10/90 תיק אג""ח סולידי","אג""ח כללי בארץ בדירוג גבוה (AA ומעלה ו/ או מדינה)- עד 10% מניות",,"אג""ח בארץ - כללי",2026-04-30,38790000.0,מגדל,,False,False,0.0069,0.0035,2676.5099999999998,0.0034,1318.86,0
5125414,מגדל 20/80 Buy Side,"אג""ח כללי בארץ- עד 20% מניות",,"אג""ח בארץ - כללי",2026-04-30,103340000.0,מגדל,,False,False,0.0073,0.0035,7543.82,0.0038,3926.92,0
5125422,מגדל 30/70 Buy Side,"אג""ח כללי בארץ- עד 30% מניות",,"אג""ח בארץ - כללי",2026-04-30,62860000.0,מגדל,,False,False,0.0079,0.0035,4965.9400000000005,0.004400000000000001,2765.8400000000006,0
5125430,"MTF מחקה Indxx US E-Commerce מנוטרלת מט""ח",e-Commerce,,"מניות בחו""ל",2026-04-30,244220000.0,מגדל,,True,False,0.008,0.0,19537.600000000002,0.008,19537.600000000002,0
5125448,ילין לפידות תיק ממשלתי + 10%,"אג""ח מדינה כללי- עד 10% מניות",,"אג""ח בארץ- מדינה",2026-04-30,70860000.0,ילין לפידות,,False,False,0.0054,0.0035,3826.4400000000005,0.0019000000000000002,1346.3400000000001,0
5125455,"ילין לפידות תיק אג""ח סולידי","אג""ח כללי בארץ בדירוג גבוה בלבד (AA ומעלה ו/ או מדינה)",,"אג""ח בארץ - כללי",2026-04-30,68010000.0,ילין לפידות,,False,False,0.0064,0.0035,4352.639999999999,0.0029000000000000002,1972.2900000000002,0
5125463,"פסטרנק שהם (!) אג""ח חברות ללא מניות",חברות והמרה ללא מניות עם סימן קריאה,,"אג""ח בארץ- חברות והמרה",2026-04-30,754880000.0,איילון,פסטרנק שהם,False,False,0.0085,0.0035,64164.8,0.005000000000000001,37744.00000000001,0
5125562,"פורטה תיק אג""ח עד 10%","אג""ח כללי בארץ- עד 10% מניות ללא סימן קריאה",,"אג""ח בארץ - כללי",2026-04-30,298830000.0,סיגמא,פורטה,False,False,0.008,0.0035,23906.4,0.0045000000000000005,13447.35,0
5125570,"פורטה (!) אג""ח חברות",חברות והמרה עם מניות ועם סימן קריאה,,"אג""ח בארץ- חברות והמרה",2026-04-30,573560000.0,סיגמא,פורטה,False,False,0.01,0.0035,57356.0,0.006500000000000001,37281.4,0
5125604,קסם S&P Financial KTF,Financial,,"מניות בחו""ל",2026-04-30,72690000.0,קסם,,True,False,0.0025,0.0,1817.25,0.0025,1817.25,0
5125612,קסם STOXX Europe 600 KTF,אירופה- כללי,,"מניות בחו""ל",2026-04-30,104980000.0,קסם,,True,False,0.0025,0.0,2624.5,0.0025,2624.5,0
5125620,"קסם S&P Technology KTF מנוטרלת מט""ח",Technology,,"מניות בחו""ל",2026-04-30,278410000.0,קסם,,True,False,0.004,0.0,11136.400000000001,0.004,11136.400000000001,0
5125638,"קסם S&P Consumer Discretionary KTF מנוטרלת מט""ח",Consumer Discretionary,,"מניות בחו""ל",2026-04-30,87070000.0,קסם,,True,False,0.003,0.0,2612.1,0.003,2612.1,0
5125646,הראל אייל,"אג""ח כללי בארץ- עד 30% מניות",,"אג""ח בארץ - כללי",2026-04-30,189250000.0,הראל,,False,False,0.0058,0.0035,10976.499999999998,0.0022999999999999995,4352.749999999999,0
5125653,"סיגמא אג""ח לפדיון עד 12/2027","אג""ח כללי בארץ ללא מניות וללא סימן קריאה, עם מגבלת מח""מ עד 5 שנים",,"אג""ח בארץ - כללי",2026-04-30,101000000.0,סיגמא,,False,False,0.0059,0.0035,5959.0,0.0024,2423.9999999999995,0
5125661,סיגמא 15/85,"אג""ח כללי בארץ- עד 15% מניות",,"אג""ח בארץ - כללי",2026-04-30,249510000.0,סיגמא,,False,False,0.0076,0.0035,18962.760000000002,0.0040999999999999995,10229.909999999998,0
5125679,סיגמא גמישה,גמישות,,גמישות,2026-04-30,483760000.0,סיגמא,,False,False,0.0125,0.0035,60470.0,0.009000000000000001,43538.4,0
5125687,"מגדל (!) אג""ח Buy Side","אג""ח כללי בארץ ללא מניות עם סימן קריאה",,"אג""ח בארץ - כללי",2026-04-30,45070000.0,מגדל,,False,False,0.0059,0.0035,2659.13,0.0024,1081.6799999999998,0
5125695,"מגדל (!) אג""ח חברות Buy Sideי + 10%",חברות והמרה עם מניות ועם סימן קריאה,,"אג""ח בארץ- חברות והמרה",2026-04-30,537530000.0,מגדל,,False,False,0.0069,0.0035,37089.57,0.0034,18276.02,0
5125703,MTF מחקה Bluestar Fintech מנוטרלת דולר,Fintech,,"מניות בחו""ל",2026-04-30,18570000.0,מגדל,,True,False,0.008,0.0,1485.6000000000001,0.008,1485.6000000000001,0
5125729,אילים 30/70,"אג""ח כללי בארץ- עד 30% מניות",,"אג""ח בארץ - כללי",2026-04-30,590430000.0,אילים,,False,False,0.0069,0.0035,40739.67,0.0034,20074.62,0
5125737,אילים עוקבת תיק 2 הבנק הבינלאומי,"אג""ח כללי בארץ- עד 15% מניות",,"אג""ח בארץ - כללי",2026-04-30,180690000.0,אילים,,False,False,0.0078000000000000005,0.0035,14093.82,0.0043,7769.67,0
5125745,אילים עוקבת תיק 3 הבנק הבינלאומי,"אג""ח כללי בארץ- עד 30% מניות",,"אג""ח בארץ - כללי",2026-04-30,77890000.0,אילים,,False,False,0.0078000000000000005,0.0035,6075.42,0.0043,3349.27,0
5125752,MTF מחקה Indxx Global Aerospace & Defense,Aerospace & Defense,,"מניות בחו""ל",2026-04-30,2099940000.0,מגדל,,True,False,0.008,0.0,167995.2,0.008,167995.2,0
5125760,"MTF מחקה S&P Technology מנוטרלת מט""ח",Technology,,"מניות בחו""ל",2026-04-30,140400000.0,מגדל,,True,False,0.008,0.0,11232.000000000002,0.008,11232.000000000002,0
5125778,אילים 50/50,"אג""ח כללי בארץ - חשיפה מרבית מעל 30% מניות",,"אג""ח בארץ - כללי",2026-04-30,121900000.0,אילים,,False,False,0.0069,0.0035,8411.1,0.0034,4144.6,0
5125794,אילים 20/80,"אג""ח כללי בארץ- עד 20% מניות",,"אג""ח בארץ - כללי",2026-04-30,3135570000.0,אילים,,False,False,0.0075,0.0035,235167.74999999997,0.004,125422.80000000002,0
5125802,"קסם אקטיב אג""ח עד 3 שנים","אג""ח כללי בארץ ללא מניות וללא סימן קריאה, עם מגבלת מח""מ עד 5 שנים",,"אג""ח בארץ - כללי",2026-04-30,237300000.0,קסם,,False,False,0.0054,0.0035,12814.2,0.0019000000000000002,4508.7,0
5125828,אלפי בנדק (!) All Bond כללי,"אג""ח כללי בארץ ללא מניות עם סימן קריאה",,"אג""ח בארץ - כללי",2026-04-30,134640000.0,הראל,אלפי בנדק,False,False,0.0069,0.0035,9290.16,0.0034,4577.76,0
5125836,אלפא טק מניות ESG ישראל,מניות All Cap,,מניות בארץ,2026-04-30,48120000.0,הראל,אלפא טק,False,False,0.0125,0.0035,6015.0,0.009000000000000001,4330.8,0
5125869,"MTF מחקה S&P 500 מנוטרלת מט""ח",אמריקה- שווקים מפותחים,,"מניות בחו""ל",2026-04-30,1704490000.0,מגדל,,True,False,0.0,0.0,0.0,0.0,0.0,0
5125885,מור 5/95,"אג""ח כללי בארץ- עד 5% מניות",,"אג""ח בארץ - כללי",2026-04-30,213600000.0,מור,,False,False,0.0060999999999999995,0.0035,13029.599999999999,0.0025999999999999994,5553.5999999999985,0
5125901,"מור אג""ח חברות",חברות והמרה עם מניות ללא סימן קריאה,,"אג""ח בארץ- חברות והמרה",2026-04-30,367020000.0,מור,,False,False,0.0079,0.0035,28994.58,0.004400000000000001,16148.880000000005,0
5125919,מור 25/75,"אג""ח כללי בארץ- עד 25% מניות",,"אג""ח בארץ - כללי",2026-04-30,1024329999.9999999,מור,,False,False,0.0085,0.0035,87068.05,0.005000000000000001,51216.5,0
5125935,הראל 15/85,"אג""ח כללי בארץ- עד 15% מניות",,"אג""ח בארץ - כללי",2026-04-30,169300000.0,הראל,,False,False,0.0058,0.0035,9819.4,0.0022999999999999995,3893.8999999999996,0
5125943,הראל 25/75,"אג""ח כללי בארץ- עד 25% מניות",,"אג""ח בארץ - כללי",2026-04-30,8260000.0,הראל,,False,False,0.0049,0.0035,404.74,0.0013999999999999998,115.63999999999999,0
5125950,הראל 20/80,"אג""ח כללי בארץ- עד 20% מניות",,"אג""ח בארץ - כללי",2026-04-30,457210000.0,הראל,,False,False,0.0084,0.0035,38405.64,0.0049,22403.29,0
5125968,ילין לפידות 15/85,"אג""ח כללי בארץ- עד 15% מניות",,"אג""ח בארץ - כללי",2026-04-30,384440000.0,ילין לפידות,,False,False,0.0079,0.0035,30370.760000000002,0.004400000000000001,16915.360000000004,0
5125984,MTF מחקה תל בונד צמודות 1-3,בריבית קבועה - קצר,,"אג""ח בארץ- חברות והמרה",2026-04-30,424260000.0,מגדל,,True,False,0.0025,0.0,10606.5,0.0025,10606.5,0
5125992,"הראל (!) אג""ח מדורג - רכיב בטוחה",חברות והמרה ללא מניות עם סימן קריאה,,"אג""ח בארץ- חברות והמרה",2026-04-30,56130000.0,הראל,,False,False,0.0058,0.0035,3255.5399999999995,0.0022999999999999995,1290.9899999999998,0
5126008,"מיטב אג""ח עד 5% מניות","אג""ח כללי בארץ- עד 5% מניות",,"אג""ח בארץ - כללי",2026-04-30,148400000.0,מיטב,,False,False,0.0055000000000000005,0.0035,8162.000000000001,0.0020000000000000005,2968.000000000001,0
5126024,מיטב תיק השקעות עד 50%,"אג""ח כללי בארץ - חשיפה מרבית מעל 30% מניות",,"אג""ח בארץ - כללי",2026-04-30,363770000.0,מיטב,,False,False,0.0078000000000000005,0.0035,28374.059999999998,0.0043,15642.11,0
5126065,מיטב 40/60,"אג""ח כללי בארץ - חשיפה מרבית מעל 30% מניות",,"אג""ח בארץ - כללי",2026-04-30,308110000.0,מיטב,,False,False,0.0079,0.0035,24340.690000000002,0.004400000000000001,13556.840000000004,0
5126081,פוקוס גמישה,גמישות,,גמישות,2026-04-30,144840000.0,איילון,פוקוס,False,False,0.016,0.0035,23174.4,0.0125,18105.0,0
5126099,"אילים מניות חו""ל","מניות כללי בחו""ל חשופת מט""ח",,"מניות בחו""ל",2026-04-30,41590000.0,אילים,,False,False,0.0125,0.0035,5198.75,0.009000000000000001,3743.1000000000004,0
5126107,פוקוס 10/90,"אג""ח כללי בארץ- עד 10% מניות ללא סימן קריאה",,"אג""ח בארץ - כללי",2026-04-30,258720000.00000003,איילון,פוקוס,False,False,0.0079,0.0035,20438.880000000005,0.004400000000000001,11383.680000000004,0
5126123,פוקוס 20/80,"אג""ח כללי בארץ- עד 20% מניות",,"אג""ח בארץ - כללי",2026-04-30,399880000.0,איילון,פוקוס,False,False,0.0085,0.0035,33989.8,0.005000000000000001,19994.000000000004,0
5126164,אלטשולר שחם 15-85,"אג""ח כללי בארץ- עד 15% מניות",,"אג""ח בארץ - כללי",2026-04-30,55260000.0,אלטשולר שחם,,False,False,0.0075,0.0035,4144.5,0.004,2210.4,0
5126180,אלטשולר שחם 35-65,"אג""ח כללי בארץ - חשיפה מרבית מעל 30% מניות",,"אג""ח בארץ - כללי",2026-04-30,16719999.999999998,אלטשולר שחם,,False,False,0.0085,0.0035,1421.2,0.005000000000000001,836.0000000000001,0
5126214,איביאי תיק קונצרני + 10%,חברות והמרה עם מניות ללא סימן קריאה,,"אג""ח בארץ- חברות והמרה",2026-04-30,50060000.0,אי.בי.אי,,False,False,0.006500000000000001,0.0035,3253.9000000000005,0.0030000000000000005,1501.8000000000002,0
5126230,איביאי גיא 25/75,"אג""ח כללי בארץ- עד 25% מניות",,"אג""ח בארץ - כללי",2026-04-30,82310000.0,אי.בי.אי,,False,False,0.0121,0.0035,9959.51,0.0086,7078.66,0
5126271,"אילים תיק אג""ח + 20%","אג""ח כללי בארץ- עד 20% מניות",,"אג""ח בארץ - כללי",2026-04-30,76850000.0,אילים,,False,False,0.0069,0.0035,5302.65,0.0034,2612.9,0
5126289,איילון תיק 15/85,"אג""ח כללי בארץ- עד 15% מניות",,"אג""ח בארץ - כללי",2026-04-30,26720000.0,איילון,,False,False,0.006500000000000001,0.0035,1736.8000000000002,0.0030000000000000005,801.6000000000001,0
5126347,מיטב תיק השקעות 15/85,"אג""ח כללי בארץ- עד 15% מניות",,"אג""ח בארץ - כללי",2026-04-30,315880000.0,מיטב,,False,False,0.0069,0.0035,21795.719999999998,0.0034,10739.92,0
5126420,כוון גמישה,גמישות,,גמישות,2026-04-30,67720000.0,איילון,כוון,False,False,0.0187,0.0035,12663.640000000001,0.015200000000000002,10293.44,0
5126438,"מגדל נאסד""ק כפליים קרן ממונפת",ממונפות בסיכון גבוה,,ממונפות ואסטרטגיות,2026-04-30,290490000.0,מגדל,,False,False,0.036000000000000004,0.0035,104576.40000000001,0.0325,94409.25,0
5126453,איביאי נטע מדינה ללא מניות,"אג""ח מדינה כללי- ללא מניות",,"אג""ח בארץ- מדינה",2026-04-30,488080000.0,אי.בי.אי,,False,False,0.0048,0.0035,23427.839999999997,0.0012999999999999995,6345.039999999998,0
5126479,איביאי (!) נוגה 25/75,"אג""ח כללי בארץ- עד 25% מניות",,"אג""ח בארץ - כללי",2026-04-30,100920000.0,אי.בי.אי,,False,False,0.0089,0.0035,8981.88,0.0054,5449.68,0
5126487,מגדל מניות יתר,מניות Small Cap,,מניות בארץ,2026-04-30,20540000.0,מגדל,,False,False,0.0125,0.0035,2567.5,0.009000000000000001,1848.6000000000001,0
5126495,"איביאי (!) אג""ח פלוס 10/90","אג""ח כללי בארץ- עד 10% מניות ועם סימן קריאה",,"אג""ח בארץ - כללי",2026-04-30,178070000.0,אי.בי.אי,,False,False,0.0055000000000000005,0.0035,9793.850000000002,0.0020000000000000005,3561.400000000001,0
5126511,"מגדל (!) הזדמנויות באג""ח חברות סיכון מוגבר",חברות והמרה בסיכון גבוה,,"אג""ח בארץ- חברות והמרה",2026-04-30,119420000.0,מגדל,,False,False,0.0191,0.0035,22809.219999999998,0.0156,18629.52,0
5126560,כוון מניות ישראל,מניות All Cap,,מניות בארץ,2026-04-30,52910000.0,איילון,כוון,False,False,0.014499999999999999,0.0035,7671.95,0.011,5820.099999999999,0
5126586,"איביאי אג""ח חברות שקלי",חברות והמרה שקלי ללא מניות,,"אג""ח בארץ- חברות והמרה",2026-04-30,45000000.0,אי.בי.אי,,False,False,0.006,0.0035,2700.0,0.0025,1125.0,0
5126685,אנליסט מניות SMALL CAP ישראל,מניות Small Cap,,מניות בארץ,2026-04-30,257490000.0,אנליסט,,False,False,0.022099999999999998,0.0035,56905.28999999999,0.0186,47893.14,0
5126701,אלטשולר שחם סופה מניות,מניות All Cap,,מניות בארץ,2026-04-30,718770000.0,אלטשולר שחם,,False,False,0.022000000000000002,0.0035,158129.40000000002,0.018500000000000003,132972.45,0
5126727,"אלטשולר שחם (!) תיק אג""ח ללא מניות","אג""ח כללי בארץ ללא מניות עם סימן קריאה",,"אג""ח בארץ - כללי",2026-04-30,129380000.0,אלטשולר שחם,,False,False,0.006999999999999999,0.0035,9056.599999999999,0.003499999999999999,4528.299999999998,0
5126776,קסם אקטיב 20-80,"אג""ח כללי בארץ- עד 20% מניות",,"אג""ח בארץ - כללי",2026-04-30,599400000.0,קסם,,False,False,0.008199999999999999,0.0035,49150.799999999996,0.004699999999999999,28171.799999999996,0
5126818,מור מחקה (!) תל בונד-תשואות צמודות,בריבית קבועה,,"אג""ח בארץ- חברות והמרה",2026-04-30,14440000.0,מור,,True,False,0.002,0.0,288.8,0.002,288.8,0
5126941,אילים מדינה שקלית פלוס,"אג""ח מדינה שקליות- עד 10% מניות",,"אג""ח בארץ- מדינה",2026-04-30,334370000.0,אילים,,False,False,0.0059,0.0035,19727.829999999998,0.0024,8024.879999999999,0
5126990,מגדל כספית דולר,חשופת דולר,,קרן כספית,2026-04-30,144790000.0,מגדל,,False,False,0.0025,0.001,3619.75,0.0015,2171.85,1
5127006,אזימוט מניות,מניות All Cap,,מניות בארץ,2026-04-30,39700000.0,איילון,אזימוטליין,False,False,0.0218,0.0035,8654.6,0.0183,7265.1,0
5127030,מיטב סולידית פלוס,"אג""ח כללי בארץ בדירוג גבוה (AA ומעלה ו/ או מדינה)- עד 10% מניות",,"אג""ח בארץ - כללי",2026-04-30,167910000.0,מיטב,,False,False,0.0059,0.0035,9906.689999999999,0.0024,4029.8399999999997,0
5127055,"תכלית S&P Aerospace & Defense TTF מנוטרלת מט""ח",Aerospace & Defense,,"מניות בחו""ל",2026-04-30,374610000.0,מיטב,,True,False,0.0055000000000000005,0.0,20603.550000000003,0.0055000000000000005,20603.550000000003,0
5127063,תכלית ISE Cyber Security TTF מנוטרלת דולר,Cyber Security,,"מניות בחו""ל",2026-04-30,112860000.0,מיטב,,True,False,0.008,0.0,9028.800000000001,0.008,9028.800000000001,0
5127089,"ילין לפידות מניות חו""ל נקובה $","מניות בחו""ל נקובת מט""ח",,"מניות בחו""ל",2026-04-30,186840000.0,ילין לפידות,,False,False,0.017,0.0035,31762.800000000003,0.013500000000000002,25223.400000000005,0
5127105,תמיר פישמן ממשלתי עד שנתיים +5%,"אג""ח מדינה כללי- עד 10% מניות",,"אג""ח בארץ- מדינה",2026-04-30,102470000.0,תמיר פישמן,,False,False,0.0055000000000000005,0.002,5635.850000000001,0.0035000000000000005,3586.4500000000003,0
5127121,תמיר פישמן עוקבת תיק 3 הבנק הבינלאומי,"אג""ח כללי בארץ- עד 30% מניות",,"אג""ח בארץ - כללי",2026-04-30,681520000.0,תמיר פישמן,,False,False,0.0069,0.0035,47024.88,0.0034,23171.68,0
5127139,שופן 20/80,"אג""ח כללי בארץ- עד 20% מניות",,"אג""ח בארץ - כללי",2026-04-30,26820000.0,סיגמא,א.נ.נ.י שופן,False,False,0.008199999999999999,0.0035,2199.24,0.004699999999999999,1260.5399999999997,0
5127147,איביאי מחקה Solactive US Internet,Internet,,"מניות בחו""ל",2026-04-30,40350000.0,אי.בי.אי,,True,False,0.008,0.0,3228.0000000000005,0.008,3228.0000000000005,0
5127162,MTF מחקה Bluestar Robotics מנוטרלת דולר,Robotics,,"מניות בחו""ל",2026-04-30,102870000.0,מגדל,,True,False,0.008,0.0,8229.6,0.008,8229.6,0
5127188,אלפי בנדק מניות ישראל,מניות All Cap,,מניות בארץ,2026-04-30,157790000.0,הראל,אלפי בנדק,False,False,0.0169,0.0035,26666.51,0.013399999999999999,21143.859999999997,0
5127204,"איביאי אג""ח + 15%","אג""ח כללי בארץ- עד 15% מניות",,"אג""ח בארץ - כללי",2026-04-30,115650000.0,אי.בי.אי,,False,False,0.0069,0.0035,7979.849999999999,0.0034,3932.1,0
5127212,מוניטר גמישה,גמישות,,גמישות,2026-04-30,6320000.0,איילון,מוניטר בית השקעות,False,False,0.012,0.0035,758.4,0.0085,537.2,0
5127220,מוניטר 30/70 - נקובה $,"אג""ח נקובת מט""ח",,"אג""ח בחו""ל",2026-04-30,11440000.0,איילון,מוניטר בית השקעות,False,False,0.0095,0.0035,1086.8,0.006,686.4,0
5127253,"קסם אקטיב מניות רובוטיקה חו""ל","מניות לפי ענפים בחו""ל",,"מניות בחו""ל",2026-04-30,65959999.99999999,קסם,,False,False,0.0194,0.0035,12796.239999999998,0.0159,10487.64,0
5127279,דולפין גמישה,גמישות,,גמישות,2026-04-30,69970000.0,איילון,דולפין 1 השקעות,False,False,0.019,0.0035,13294.3,0.0155,10845.35,0
5127287,"תכלית S&P Utilities TTF מנוטרלת מט""ח",Utilities,,"מניות בחו""ל",2026-04-30,69160000.0,מיטב,,True,False,0.006,0.0,4149.6,0.006,4149.6,0
5127329,תכלית PHLX Semiconductor Sector TTF,Semiconductor,,"מניות בחו""ל",2026-04-30,1270810000.0,מיטב,,True,False,0.008,0.0,101664.8,0.008,101664.8,0
5127360,"הראל אג""ח קונצרני מדורג",חברות והמרה ללא מניות וללא סימן קריאה,,"אג""ח בארץ- חברות והמרה",2026-04-30,142800000.0,הראל,,False,False,0.003,0.0035,4284.0,-0.0005,-714.0000000000001,0
5127378,MTF מחקה Bluestar Artificial Intelligence מנוטרלת דולר,Technology,,"מניות בחו""ל",2026-04-30,137870000.0,מגדל,,True,False,0.008,0.0,11029.6,0.008,11029.6,0
5127402,MTF מחקה Indxx USA E-Commerce,e-Commerce,,"מניות בחו""ל",2026-04-30,41850000.0,מגדל,,True,False,0.008,0.0,3348.0000000000005,0.008,3348.0000000000005,0
5127428,"MTF מחקה ת""א סקטור-באלאנס",Large & Mid Cap,,מניות בארץ,2026-04-30,140590000.0,מגדל,,True,False,0.0025,0.0,3514.75,0.0025,3514.75,0
5127469,אי בי אי מחקה S&P 500,אמריקה- שווקים מפותחים,,"מניות בחו""ל",2026-04-30,1195150000.0,אי.בי.אי,,True,False,0.0025,0.0,29878.75,0.0025,29878.75,0
5127477,"מור אג""ח מדינה + 15%","אג""ח מדינה כללי- עד 20% מניות",,"אג""ח בארץ- מדינה",2026-04-30,256910000.00000003,מור,,False,False,0.0063,0.0035,16185.330000000002,0.0028,7193.4800000000005,0
5127493,איביאי D.A MODEL,"ארה""ב חשופת מט""ח",,"מניות בחו""ל",2026-04-30,2140000.0,אי.בי.אי,,False,False,0.013500000000000002,0.0035,288.90000000000003,0.010000000000000002,214.00000000000003,0
5127501,"הראל מחקה Dax - מנוטרלת מט""ח",אירופה- שווקים מפותחים,,"מניות בחו""ל",2026-04-30,193060000.0,הראל,,True,False,0.0,0.0,0.0,0.0,0.0,0
5127527,"הראל מחקה S&P 500 - מנוטרלת מט""ח",אמריקה- שווקים מפותחים,,"מניות בחו""ל",2026-04-30,1134180000.0,הראל,,True,False,0.0,0.0,0.0,0.0,0.0,0
5127535,"קסם KTF ת""א סקטור-באלאנס",Large & Mid Cap,,מניות בארץ,2026-04-30,251540000.0,קסם,,True,False,0.0025,0.0,6288.5,0.0025,6288.5,0
5127543,קסם DAX KTF,אירופה- שווקים מפותחים,,"מניות בחו""ל",2026-04-30,21270000.0,קסם,,True,False,0.0,0.0,0.0,0.0,0.0,0
5127550,"קסם S&P Aerospace & Defense KTF מנוטרלת מט""ח",Aerospace & Defense,,"מניות בחו""ל",2026-04-30,75280000.0,קסם,,True,False,0.006999999999999999,0.0,5269.599999999999,0.006999999999999999,5269.599999999999,0
5127568,"איילון קנאביס חו""ל","מניות לפי ענפים בחו""ל",,"מניות בחו""ל",2026-04-30,2610000.0,איילון,,False,False,0.016,0.0035,417.6,0.0125,326.25,0
5127576,פסטרנק שהם מניות,מניות All Cap,,מניות בארץ,2026-04-30,2274290000.0,איילון,פסטרנק שהם,False,False,0.0175,0.0035,398000.75000000006,0.014000000000000002,318400.60000000003,0
5127584,"תכלית TTF ת""א סקטור-באלאנס",Large & Mid Cap,,מניות בארץ,2026-04-30,103630000.0,מיטב,,True,False,0.0025,0.0,2590.75,0.0025,2590.75,0
5127592,"MTF מחקה Indxx US Cloud Computing מנוטרלת מט""ח",Cloud Computing,,"מניות בחו""ל",2026-04-30,40730000.0,מגדל,,True,False,0.008,0.0,3258.4,0.008,3258.4,0
5127600,"תכלית ISE CTA Cloud Computing TTF מנוטרלת מט""ח",Cloud Computing,,"מניות בחו""ל",2026-04-30,71830000.0,מיטב,,True,False,0.008,0.0,5746.400000000001,0.008,5746.400000000001,0
5127642,MTF מחקה DAX,אירופה- שווקים מפותחים,,"מניות בחו""ל",2026-04-30,47340000.0,מגדל,,True,False,0.0,0.0,0.0,0.0,0.0,0
5127659,"MTF מחקה DAX מנוטרלת מט""ח",אירופה- שווקים מפותחים,,"מניות בחו""ל",2026-04-30,52730000.0,מגדל,,True,False,0.0,0.0,0.0,0.0,0.0,0
5127667,MTF מחקה S&P 500 Bond Mega 30 Investment Grade 3-5 Year,"חברות והמרה חשופת מט""ח - בינוני",,"אג""ח בחו""ל",2026-04-30,111340000.0,מגדל,,True,False,0.0025,0.0,2783.5,0.0025,2783.5,0
5127709,MTF מחקה תל בונד שקלי,בריבית קבועה,,"אג""ח בארץ- חברות והמרה",2026-04-30,701670000.0,מגדל,,True,False,0.002,0.0,14033.400000000001,0.002,14033.400000000001,0
5127717,קסם אקטיב 15/85,"אג""ח כללי בארץ- עד 15% מניות",,"אג""ח בארץ - כללי",2026-04-30,283650000.0,קסם,,False,False,0.0068000000000000005,0.0035,19288.2,0.0033000000000000004,9360.45,0
5127725,מור השקעות (קרן),גמישות,,גמישות,2026-04-30,896900000.0,מור,,False,False,0.0155,0.0035,139019.5,0.012,107628.0,0
5127733,איביאי מחקה Solactive North American Cannabis,Cannabis,,"מניות בחו""ל",2026-04-30,5120000.0,אי.בי.אי,,True,False,0.01,0.0,512.0,0.01,512.0,0
5127766,אי בי אי מחקה Nasdaq 100,אמריקה- שווקים מפותחים,,"מניות בחו""ל",2026-04-30,729090000.0,אי.בי.אי,,True,False,0.003,0.0,21872.7,0.003,21872.7,0
5127774,"הראל תיק אג""ח חו""ל - נקובה $","אג""ח נקובת מט""ח",,"אג""ח בחו""ל",2026-04-30,22390000.0,הראל,,False,False,0.003,0.0035,671.7,-0.0005,-111.95,0
5127782,הראל מדינה + 10%,"אג""ח מדינה כללי- עד 10% מניות",,"אג""ח בארץ- מדינה",2026-04-30,14420000.0,הראל,,False,False,0.0043,0.0035,620.0600000000001,0.0007999999999999999,115.36,0
5127790,הראל כספית מגמת ריבית,כספית שקלית עם קונצרני,,קרן כספית,2026-04-30,10402420000.0,הראל,,False,False,0.0018,0.001,187243.56,0.0007999999999999999,83219.36,1
5127808,הראל כספית דולרית מגמת ריבית,חשופת דולר,,קרן כספית,2026-04-30,585780000.0,הראל,,False,False,0.002,0.001,11715.6,0.001,5857.8,1
5127857,"קסם Indxx USD Disruptive Technologies KTF מנוטרלת מט""ח",Technology,,"מניות בחו""ל",2026-04-30,15240000.0,קסם,,True,False,0.006999999999999999,0.0,1066.8,0.006999999999999999,1066.8,0
5127865,איביאי מחקה Solactive FinTech,Fintech,,"מניות בחו""ל",2026-04-30,4220000.0,אי.בי.אי,,True,False,0.008,0.0,337.6,0.008,337.6,0
5127881,קסם אקטיב כספית פטורה,כספית שקלית עם קונצרני,,קרן כספית,2026-04-30,6620420000.0,קסם,,False,False,0.0024,0.001,158890.08,0.0013999999999999998,92685.87999999999,1
5127907,MTF מחקה תל בונד שקלי 50,בריבית קבועה,,"אג""ח בארץ- חברות והמרה",2026-04-30,390170000.0,מגדל,,True,False,0.0025,0.0,9754.25,0.0025,9754.25,0
5127915,תכלית ISE CTA Cloud Computing TTF,Cloud Computing,,"מניות בחו""ל",2026-04-30,34140000.0,מיטב,,True,False,0.006,0.0,2048.4,0.006,2048.4,0
5127923,"מיטב 10/90 תיק אג""ח חו""ל","אג""ח חשופת מט""ח",,"אג""ח בחו""ל",2026-04-30,17330000.0,מיטב,,False,False,0.0075,0.0035,1299.7499999999998,0.004,693.2,0
5127931,מיטב מדינה + 10%,"אג""ח מדינה כללי- עד 10% מניות",,"אג""ח בארץ- מדינה",2026-04-30,221540000.0,מיטב,,False,False,0.0059,0.0035,13070.859999999999,0.0024,5316.959999999999,0
5127949,איביאי עד 3 שנים 10/90,"אג""ח כללי בארץ- עד 10% מניות ללא סימן קריאה",,"אג""ח בארץ - כללי",2026-04-30,1398770000.0,אי.בי.אי,,False,False,0.0069,0.0035,96515.12999999999,0.0034,47558.18,0
5127980,ISP Asset Managementי 10/90,"אג""ח כללי בארץ- עד 10% מניות ללא סימן קריאה",,"אג""ח בארץ - כללי",2026-04-30,139960000.0,איילון,איי.אס.פי.,False,False,0.008,0.0035,11196.800000000001,0.0045000000000000005,6298.200000000001,0
5127998,"איביאי אג""ח דולר ריבית משתנה פלוס","אג""ח חשופת דולר",,"אג""ח בחו""ל",2026-04-30,16149999.999999998,אי.בי.אי,,False,False,0.0089,0.0035,1437.3499999999997,0.0054,872.1,0
5128004,"אלטשולר שחם ממשלת ארה""ב עד שנתיים דולרית","אג""ח חשופת דולר",,"אג""ח בחו""ל",2026-04-30,7740000.0,אלטשולר שחם,,False,False,0.006,0.0035,464.40000000000003,0.0025,193.5,0
5128020,MTF מחקה Indxx Global Medical Devices מנוטרלת דולר,Health Care,,"מניות בחו""ל",2026-04-30,19500000.0,מגדל,,True,False,0.008,0.0,1560.0000000000002,0.008,1560.0000000000002,0
5128038,MTF מחקה S&P 500 Bond Mega 30 Investment Grade 1-3 Year,"חברות והמרה חשופת מט""ח - קצר",,"אג""ח בחו""ל",2026-04-30,257779999.99999997,מגדל,,True,False,0.0025,0.0,6444.5,0.0025,6444.5,0
5128079,"קסם Russell 2000 KTF מנוטרלת מט""ח",אמריקה- שווקים מפותחים,,"מניות בחו""ל",2026-04-30,179680000.0,קסם,,True,False,0.0025,0.0,4492.0,0.0025,4492.0,0
5128087,קסם אקטיב כספית דולרית,חשופת דולר,,קרן כספית,2026-04-30,281650000.0,קסם,,False,False,0.002,0.001,5633.000000000001,0.001,2816.5000000000005,1
5128095,הראל מחקה תל בונד מאגר,"אג""ח חברות שקלי וצמוד",,"אג""ח בארץ- חברות והמרה",2026-04-30,170820000.0,הראל,,True,False,0.0,0.0,0.0,0.0,0.0,0
5128103,הראל מחקה תל גוב-משתנה שקלי,ריבית משתנה ממשלתיות,,"אג""ח בארץ- מדינה",2026-04-30,23780000.0,הראל,,True,False,0.001,0.0,237.8,0.001,237.8,0
5128111,הראל מחקה תל גוב-שקלי,ריבית קבועה,,"אג""ח בארץ- מדינה",2026-04-30,76640000.0,הראל,,True,False,0.0014000000000000002,0.0,1072.96,0.0014000000000000002,1072.96,0
5128137,הראל מחקה תל גוב-שקלי 5+,ריבית קבועה - ארוך,,"אג""ח בארץ- מדינה",2026-04-30,44520000.0,הראל,,True,False,0.0015,0.0,667.8000000000001,0.0015,667.8000000000001,0
5128194,"הראל מחקה משולבת אג""ח ישראל (90%) ומניות (10%) חודשי",עד 10% מניות,,"אג""ח בארץ משולבת",2026-04-30,30410000.0,הראל,,True,False,0.0,0.0,0.0,0.0,0.0,0
5128202,"הראל מחקה משולבת מניות חו""ל חודשי מנוטרלת מט""ח","מניות בחו""ל קרן משולבת",,"מניות בחו""ל",2026-04-30,294100000.0,הראל,,True,False,0.0,0.0,0.0,0.0,0.0,0
5128210,"הראל מחקה משולבת אג""ח ישראל (85%) מניות ישראל-חול (15%) חודשי מנוטרלת מט""ח",עד 20% מניות,,"אג""ח בארץ משולבת",2026-04-30,48680000.0,הראל,,True,False,0.0,0.0,0.0,0.0,0.0,0
5128236,"הראל מחקה משולבת מניות חו""ל חודשי","מניות בחו""ל קרן משולבת",,"מניות בחו""ל",2026-04-30,84190000.0,הראל,,True,False,0.0,0.0,0.0,0.0,0.0,0
5128244,"הראל מחקה משולבת מניות סקטורים ארה""ב חודשי","מניות בחו""ל קרן משולבת",,"מניות בחו""ל",2026-04-30,54520000.0,הראל,,True,False,0.0,0.0,0.0,0.0,0.0,0
5128251,"הראל מחקה משולבת מניות סקטורים ארה""ב חודשי מנוטרלת מט""ח","מניות בחו""ל קרן משולבת",,"מניות בחו""ל",2026-04-30,33299999.999999996,הראל,,True,False,0.0,0.0,0.0,0.0,0.0,0
5128293,אלפא טק גמישה,גמישות,,גמישות,2026-04-30,13880000.0,הראל,אלפא טק,False,False,0.0095,0.0035,1318.6,0.006,832.8000000000001,0
5128343,ילין לפידות צמוד מדינה,"אג""ח מדינה צמוד מדד- ללא מניות",,"אג""ח בארץ- מדינה",2026-04-30,38650000.0,ילין לפידות,,False,False,0.0059,0.0035,2280.35,0.0024,927.5999999999999,0
5128350,"ילין לפידות (!) אג""ח ישראל","אג""ח כללי בארץ ללא מניות עם סימן קריאה",,"אג""ח בארץ - כללי",2026-04-30,258690000.0,ילין לפידות,,False,False,0.0075,0.0035,19401.75,0.004,10347.6,0
5128368,"ילין לפידות מניות ערך ת""א 125",מניות Large & Mid Cap,,מניות בארץ,2026-04-30,700440000.0,ילין לפידות,,False,False,0.015,0.0035,105065.99999999999,0.0115,80550.6,0
5128376,מור 30/70,"אג""ח כללי בארץ- עד 30% מניות",,"אג""ח בארץ - כללי",2026-04-30,1050400000.0000001,מור,,False,False,0.0079,0.0035,82981.60000000002,0.004400000000000001,46217.60000000002,0
5128418,"דולפין אג""ח סולידית","אג""ח כללי בארץ בדירוג גבוה בלבד (AA ומעלה ו/ או מדינה)",,"אג""ח בארץ - כללי",2026-04-30,100210000.0,איילון,דולפין 1 השקעות,False,False,0.0059,0.0035,5912.389999999999,0.0024,2405.0399999999995,0
5128434,איביאי (!) תיק קונצרני,חברות והמרה ללא מניות עם סימן קריאה,,"אג""ח בארץ- חברות והמרה",2026-04-30,1510520000.0,אי.בי.אי,,False,False,0.0089,0.0035,134436.28,0.0054,81568.08,0
5128442,איביאי מחקה Nasdaq Global Smart Airlines,Transportation,,"מניות בחו""ל",2026-04-30,33490000.000000004,אי.בי.אי,,True,False,0.008,0.0,2679.2000000000007,0.008,2679.2000000000007,0
5128459,MTF מחקה Bluestar China Internet Software,Internet,,"מניות בחו""ל",2026-04-30,11220000.0,מגדל,,True,False,0.008,0.0,897.6,0.008,897.6,0
5128467,MTF מחקה Bluestar Asia Technology,Technology,,"מניות בחו""ל",2026-04-30,58780000.0,מגדל,,True,False,0.006,0.0,3526.8,0.006,3526.8,0
5128475,פורטה 10/90,"אג""ח כללי בארץ- עד 10% מניות ללא סימן קריאה",,"אג""ח בארץ - כללי",2026-04-30,483770000.0,סיגמא,פורטה,False,False,0.0062,0.0035,29993.74,0.0026999999999999997,13061.789999999997,0
5128483,"פורטה (!) אג""ח כללי","אג""ח כללי בארץ ללא מניות עם סימן קריאה",,"אג""ח בארץ - כללי",2026-04-30,95160000.0,סיגמא,פורטה,False,False,0.006,0.0035,5709.6,0.0025,2379.0,0
5128491,ילין לפידות 25/75 צמיחה,"אג""ח כללי בארץ- עד 25% מניות",,"אג""ח בארץ - כללי",2026-04-30,343630000.0,ילין לפידות,,False,False,0.0079,0.0035,27146.770000000004,0.004400000000000001,15119.720000000005,0
5128509,דיאמונד מניות גלובאלי,"מניות כללי בחו""ל חשופת מט""ח",,"מניות בחו""ל",2026-04-30,14310000.0,איילון,דיאמונד,False,False,0.0144,0.0035,2060.64,0.0109,1559.79,0
5128525,פורטה מניות,מניות All Cap,,מניות בארץ,2026-04-30,363030000.0,סיגמא,פורטה,False,False,0.018500000000000003,0.0035,67160.55,0.015000000000000003,54454.500000000015,0
5128541,"פורטה אג""ח ללא מניות","אג""ח כללי בארץ ללא מניות וללא סימן קריאה",,"אג""ח בארץ - כללי",2026-04-30,521990000.0,סיגמא,פורטה,False,False,0.0075,0.0035,39149.25,0.004,20879.600000000002,0
5128566,"גביש (!) אג""ח חברות ללא מניות",חברות והמרה ללא מניות עם סימן קריאה,,"אג""ח בארץ- חברות והמרה",2026-04-30,39490000.0,סיגמא,גביש פיננסים,False,False,0.0089,0.0035,3514.6099999999997,0.0054,2132.46,0
5128590,"הראל גביש תיק אג""ח ללא מניות","אג""ח כללי בארץ ללא מניות וללא סימן קריאה",,"אג""ח בארץ - כללי",2026-04-30,958390000.0,הראל,,False,False,0.0073,0.0035,69962.47,0.0038,36418.82,0
5128616,FOREST מניות,מניות All Cap,,מניות בארץ,2026-04-30,242970000.0,פורסט,,False,False,0.012,0.0035,29156.4,0.0085,20652.45,0
5128624,MTF מחקה Bluestar E-Games,e-Gaming,,"מניות בחו""ל",2026-04-30,11040000.0,מגדל,,True,False,0.008,0.0,883.2,0.008,883.2,0
5128632,"מיטב (!) אג""ח תשואה כוללת","אג""ח כללי בארץ ללא מניות עם סימן קריאה",,"אג""ח בארץ - כללי",2026-04-30,158180000.0,מיטב,,False,False,0.0074,0.0035,11705.320000000002,0.0039000000000000003,6169.0199999999995,0
5128640,מיטב (!) נבחרת קונצרני,חברות והמרה ללא מניות עם סימן קריאה,,"אג""ח בארץ- חברות והמרה",2026-04-30,672930000.0,מיטב,,False,False,0.0079,0.0035,53161.47000000001,0.004400000000000001,29608.92000000001,0
5128665,איביאי עד 3 שנים 30/70,"אג""ח כללי בארץ- עד 30% מניות",,"אג""ח בארץ - כללי",2026-04-30,212390000.0,אי.בי.אי,,False,False,0.0069,0.0035,14654.91,0.0034,7221.26,0
5128673,סיגמא מדינה צמודה פלוס,"אג""ח מדינה צמוד מדד- עד 10% מניות",,"אג""ח בארץ- מדינה",2026-04-30,1709930000.0,סיגמא,,False,False,0.0064,0.0035,109435.51999999999,0.0029000000000000002,49587.97000000001,0
5128756,תכלית Dow Jones Internet Composite TTF,Internet,,"מניות בחו""ל",2026-04-30,10270000.0,מיטב,,True,False,0.006,0.0,616.2,0.006,616.2,0
5128772,תכלית All-Bond TTF דולר וטופ 5 בתל בונד-20 צמודות,אחר,,"אג""ח בארץ- חברות והמרה",2026-04-30,34480000.0,מיטב,,True,False,0.002,0.0,689.6,0.002,689.6,0
5128814,תמיר פישמן DIGITAL ECONOMY,"מניות כללי בחו""ל חשופת מט""ח",,"מניות בחו""ל",2026-04-30,32830000.0,תמיר פישמן,,False,False,0.0149,0.0035,4891.67,0.0114,3742.6200000000003,0
5128848,"ב. אלטרנטיב (!) אג""ח קונצרני",חברות והמרה ללא מניות עם סימן קריאה,,"אג""ח בארץ- חברות והמרה",2026-04-30,401700000.0,איילון,בסט אלטרנטיב,False,False,0.0089,0.0035,35751.299999999996,0.0054,21691.800000000003,0
5128855,איילון מניות גלובאלי,"מניות כללי בחו""ל חשופת מט""ח",,"מניות בחו""ל",2026-04-30,150620000.0,איילון,,False,False,0.015,0.0035,22592.999999999996,0.0115,17321.3,0
5128871,הראל עוקבת תיק מס' 3 - הבנק הבינלאומי,"אג""ח כללי בארץ- עד 30% מניות",,"אג""ח בארץ - כללי",2026-04-30,123620000.0,הראל,,False,False,0.0055000000000000005,0.0035,6799.100000000001,0.0020000000000000005,2472.4000000000005,0
5128897,"הראל שהם אג""ח סולידי ללא מניות","אג""ח כללי בארץ בדירוג גבוה בלבד (AA ומעלה ו/ או מדינה)",,"אג""ח בארץ - כללי",2026-04-30,67490000.0,הראל,,False,False,0.0025,0.0035,1687.25,-0.001,-674.9000000000001,0
5128905,קסם NASDAQ 100 KTF,אמריקה- שווקים מפותחים,,"מניות בחו""ל",2026-04-30,1729430000.0,קסם,,True,False,0.0,0.0,0.0,0.0,0.0,0
5128939,תכלית TTFי Indxx US eGaming & Virtual Reality,e-Gaming,,"מניות בחו""ל",2026-04-30,22500000.0,מיטב,,True,False,0.008,0.0,1800.0000000000002,0.008,1800.0000000000002,0
5128947,"איילון אקסטרים נאסד""ק 100 פי 3",ממונפות בסיכון גבוה,,ממונפות ואסטרטגיות,2026-04-30,125730000.0,איילון,,False,False,0.018500000000000003,0.0035,23260.050000000003,0.015000000000000003,18859.500000000004,0
5128962,מור מניות טכנולוגיה גלובלי,"מניות לפי ענפים בחו""ל",,"מניות בחו""ל",2026-04-30,208710000.0,מור,,False,False,0.021,0.0035,43829.1,0.0175,36524.25000000001,0
5128970,"תכלית TTF ת""א-פמילי",אחר,,מניות בארץ,2026-04-30,96300000.0,מיטב,,True,False,0.005,0.0,4815.0,0.005,4815.0,0
5128988,תכלית TTFי Indxx US Junior Cybersecurity,Cyber Security,,"מניות בחו""ל",2026-04-30,19520000.0,מיטב,,True,False,0.008,0.0,1561.6000000000001,0.008,1561.6000000000001,0
5128996,"קסם אקטיב תיק אג""ח ומניות","אג""ח כללי בארץ - חשיפה מרבית מעל 30% מניות",,"אג""ח בארץ - כללי",2026-04-30,110950000.0,קסם,,False,False,0.0079,0.0035,8765.050000000001,0.004400000000000001,4881.800000000001,0
5129002,קסם KTF תל בונד-שקלי AA-AAA,בריבית קבועה,,"אג""ח בארץ- חברות והמרה",2026-04-30,198740000.0,קסם,,True,False,0.002,0.0,3974.8,0.002,3974.8,0
5129010,קסם KTF תל בונד-צמודות AA-AAA,בריבית קבועה,,"אג""ח בארץ- חברות והמרה",2026-04-30,373560000.0,קסם,,True,False,0.002,0.0,7471.200000000001,0.002,7471.200000000001,0
5129028,קסם KTF תל בונד-צמודות 3-5,בריבית קבועה - בינוני,,"אג""ח בארץ- חברות והמרה",2026-04-30,64220000.0,קסם,,True,False,0.0034999999999999996,0.0,2247.7,0.0034999999999999996,2247.7,0
5129036,קסם All-Bond KTF-דולר וטופ 5 בתל בונד-20 צמודות,אחר,,"אג""ח בארץ- חברות והמרה",2026-04-30,30650000.0,קסם,,True,False,0.0034999999999999996,0.0,1072.75,0.0034999999999999996,1072.75,0
5129069,MTF מחקה אינדקס A-AA ישראל 1-3,"אג""ח חברות שקלי וצמוד",,"אג""ח בארץ- חברות והמרה",2026-04-30,146940000.0,מגדל,,True,False,0.0025,0.0,3673.5,0.0025,3673.5,0
5129093,פורצ'ן גמישה,גמישות,,גמישות,2026-04-30,172120000.0,איילון,פורצ'ן,False,False,0.018000000000000002,0.0035,30981.600000000002,0.014500000000000002,24957.400000000005,0
5129101,"פורצ'ן (!) אג""ח בינלאומי","אג""ח חשופת מט""ח",,"אג""ח בחו""ל",2026-04-30,569700000.0,איילון,פורצ'ן,False,False,0.009000000000000001,0.0035,51273.0,0.005500000000000001,31333.500000000007,0
5129119,פורצ'ן 10/90,"אג""ח כללי בארץ- עד 10% מניות ללא סימן קריאה",,"אג""ח בארץ - כללי",2026-04-30,348810000.0,איילון,פורצ'ן,False,False,0.008,0.0035,27904.800000000003,0.0045000000000000005,15696.45,0
5129127,קסם S&P 500 Bond Mega 30 Investment Grade 3-5 Year KTF,"חברות והמרה חשופת מט""ח - בינוני",,"אג""ח בחו""ל",2026-04-30,241230000.0,קסם,,True,False,0.0025,0.0,6030.75,0.0025,6030.75,0
5129143,הראל אמלפי,"אג""ח כללי בארץ- עד 30% מניות",,"אג""ח בארץ - כללי",2026-04-30,74580000.0,הראל,,False,False,0.0043,0.0035,3206.94,0.0007999999999999999,596.64,0
5129168,"הראל מניות תנודתיות נמוכה ת""א Large & Mid Cap",מניות Large & Mid Cap,,מניות בארץ,2026-04-30,16980000.0,הראל,,False,False,0.011899999999999999,0.0035,2020.62,0.0084,1426.32,0
5129184,"קסם אקטיב תיק אג""ח + 15","אג""ח כללי בארץ- עד 15% מניות",,"אג""ח בארץ - כללי",2026-04-30,209920000.0,קסם,,False,False,0.0089,0.0035,18682.879999999997,0.0054,11335.68,0
5129192,קסם KTF תל גוב-שקלי 5-10,ריבית קבועה - ארוך,,"אג""ח בארץ- מדינה",2026-04-30,548020000.0,קסם,,True,False,0.001,0.0,5480.200000000001,0.001,5480.200000000001,0
5129200,"ברומטר (!) אג""ח חברות ללא מניות",חברות והמרה ללא מניות עם סימן קריאה,,"אג""ח בארץ- חברות והמרה",2026-04-30,110320000.0,איילון,ברומטר,False,False,0.0079,0.0035,8715.28,0.004400000000000001,4854.080000000002,0
5129218,אי בי אי מחקה STOXX Europe 600 מנוטרלת אירו,אירופה- כללי,,"מניות בחו""ל",2026-04-30,88390000.0,אי.בי.אי,,True,False,0.0025,0.0,2209.75,0.0025,2209.75,0
5129226,אי בי אי מחקה S&P Consumer Staples,Consumer Staples,,"מניות בחו""ל",2026-04-30,30990000.0,אי.בי.אי,,True,False,0.003,0.0,929.7,0.003,929.7,0
5129242,אי בי אי מחקה S&P Financial,Financial,,"מניות בחו""ל",2026-04-30,114300000.0,אי.בי.אי,,True,False,0.0025,0.0,2857.5,0.0025,2857.5,0
5129259,אי בי אי מחקה S&P Health Care,Health Care,,"מניות בחו""ל",2026-04-30,74570000.0,אי.בי.אי,,True,False,0.005,0.0,3728.5,0.005,3728.5,0
5129267,MTF מחקה Indxx Global E-Commerce,e-Commerce,,"מניות בחו""ל",2026-04-30,11140000.0,מגדל,,True,False,0.008,0.0,891.2,0.008,891.2,0
5129275,הראל מחקה S&P 500,אמריקה- שווקים מפותחים,,"מניות בחו""ל",2026-04-30,3132650000.0,הראל,,True,False,0.0,0.0,0.0,0.0,0.0,0
5129283,הראל מחקה NASDAQ 100,אמריקה- שווקים מפותחים,,"מניות בחו""ל",2026-04-30,1394800000.0,הראל,,True,False,0.0,0.0,0.0,0.0,0.0,0
5129309,"איביאי מחקה משולבת מניות ארה""ב חודשי","מניות בחו""ל קרן משולבת",,"מניות בחו""ל",2026-04-30,227230000.0,אי.בי.אי,,True,False,0.005,0.0,11361.5,0.005,11361.5,0
5129317,איילון עוקבת תיק 4 הבנק הבינלאומי,"אג""ח כללי בארץ - חשיפה מרבית מעל 30% מניות",,"אג""ח בארץ - כללי",2026-04-30,57980000.0,איילון,,False,False,0.0075,0.0035,4348.5,0.004,2319.2000000000003,0
5129333,"פוקוס אג""ח","אג""ח כללי בארץ ללא מניות וללא סימן קריאה",,"אג""ח בארץ - כללי",2026-04-30,249570000.0,איילון,פוקוס,False,False,0.0075,0.0035,18717.75,0.004,9982.800000000001,0
5129374,תכלית TTFי INDXX US Industrial Real Estate & Logistics,REIT - Real Estate,,"מניות בחו""ל",2026-04-30,30870000.0,מיטב,,True,False,0.008,0.0,2469.6000000000004,0.008,2469.6000000000004,0
5129382,"שופן אג""ח גלאט בפקוח ועד ההלכה של הגר""ש ואזנר והגר""נ קרליץ","אג""ח כללי בארץ ללא מניות וללא סימן קריאה",,"אג""ח בארץ - כללי",2026-04-30,17680000.0,סיגמא,א.נ.נ.י שופן,False,False,0.0089,0.0035,1573.52,0.0054,954.72,0
5129408,הראל כספית ניהול נזילות,כספית שקלית עם קונצרני,,קרן כספית,2026-04-30,4973010000.0,הראל,,False,False,0.0017000000000000001,0.001,84541.17,0.0007000000000000001,34811.07000000001,1
5129424,הראל מחקה אינדקס לפדיון 2030 (מתגלגל כל 6 שנים),"אג""ח חברות שקלי וצמוד",,"אג""ח בארץ- חברות והמרה",2026-04-30,95010000.0,הראל,,True,False,0.002,0.0,1900.2,0.002,1900.2,0
5129432,קסם KTF תל בונד שקלי-50,בריבית קבועה,,"אג""ח בארץ- חברות והמרה",2026-04-30,146150000.0,קסם,,True,False,0.0,0.0,0.0,0.0,0.0,0
5129457,מור עוקבת תיק 2 הבנק הבינלאומי,"אג""ח כללי בארץ- עד 15% מניות",,"אג""ח בארץ - כללי",2026-04-30,540720000.0,מור,,False,False,0.0074,0.0035,40013.280000000006,0.0039000000000000003,21088.079999999998,0
5129465,"הראל מניות במומנטום ת""א Large & Mid Cap",מניות Large & Mid Cap,,מניות בארץ,2026-04-30,819660000.0,הראל,,False,False,0.0129,0.0035,105736.14,0.0094,77048.04000000001,0
5129473,"אלפא טק מניות חו""ל ESG","מניות כללי בחו""ל חשופת מט""ח",,"מניות בחו""ל",2026-04-30,31110000.0,הראל,אלפא טק,False,False,0.009000000000000001,0.0035,2799.9,0.005500000000000001,1711.0500000000004,0
5129499,"מגדל עוקבת מרכיב אג""ח - תיק 2 הבנק הבינלאומי","אג""ח כללי בארץ ללא מניות וללא סימן קריאה",,"אג""ח בארץ - כללי",2026-04-30,12490000.0,מגדל,,False,False,0.0060999999999999995,0.0035,761.8899999999999,0.0025999999999999994,324.73999999999995,0
5129507,איביאי מחקה Solactive Electronic Payment,e-Commerce,,"מניות בחו""ל",2026-04-30,1890000.0,אי.בי.אי,,True,False,0.008,0.0,151.20000000000002,0.008,151.20000000000002,0
5129523,הראל כספית דולרית - נקובה $,"נקובת מט""ח",,קרן כספית,2026-04-30,7238540000.0,הראל,,False,False,0.0015,0.001,108578.1,0.0005,36192.700000000004,1
5129531,MTF מחקה אינדקס A ישראל 2-4,"אג""ח חברות שקלי וצמוד",,"אג""ח בארץ- חברות והמרה",2026-04-30,178350000.0,מגדל,,True,False,0.0025,0.0,4458.75,0.0025,4458.75,0
5129549,"MTF מחקה אינדקס אג""ח במינוף פיננסי נמוך","אג""ח חברות שקלי וצמוד",,"אג""ח בארץ- חברות והמרה",2026-04-30,147530000.0,מגדל,,True,False,0.0025,0.0,3688.25,0.0025,3688.25,0
5129564,"הפניקס קסם אג""ח כללי A ומעלה","אג""ח כללי בארץ ללא מניות וללא סימן קריאה",,"אג""ח בארץ - כללי",2026-04-30,328610000.0,קסם,,False,False,0.0037,0.0035,12158.570000000002,0.0002000000000000001,657.2200000000003,0
5129598,אלטשולר שחם עוקבת תיק 3 הבנק הבינלאומי,"אג""ח כללי בארץ- עד 30% מניות",,"אג""ח בארץ - כללי",2026-04-30,11800000.0,אלטשולר שחם,,False,False,0.006999999999999999,0.0035,825.9999999999999,0.003499999999999999,412.9999999999999,0
5129606,פסטרנק שהם גמישה,גמישות,,גמישות,2026-04-30,29370000.0,איילון,פסטרנק שהם,False,False,0.017,0.0035,4992.900000000001,0.013500000000000002,3964.9500000000007,0
5129648,MTF מחקה Bluestar Global Connective Technologies,Internet,,"מניות בחו""ל",2026-04-30,44460000.0,מגדל,,True,False,0.008,0.0,3556.8,0.008,3556.8,0
5129655,אנליסט עוקבת תיק 3 הבנק הבינלאומי,"אג""ח כללי בארץ- עד 30% מניות",,"אג""ח בארץ - כללי",2026-04-30,74110000.0,אנליסט,,False,False,0.0069,0.0035,5113.59,0.0034,2519.74,0
5129663,"הראל מחקה אינדקס אג""ח תזרימיות A ומעלה","אג""ח חברות שקלי וצמוד",,"אג""ח בארץ- חברות והמרה",2026-04-30,66450000.0,הראל,,True,False,0.0015,0.0,996.75,0.0015,996.75,0
5129689,הראל מחקה תל בונד צמודות-בנקים ללא COCO,בריבית קבועה,,"אג""ח בארץ- חברות והמרה",2026-04-30,354330000.0,הראל,,True,False,0.0015,0.0,5314.95,0.0015,5314.95,0
5129697,הראל מחקה תל דיב,All Cap,,מניות בארץ,2026-04-30,71760000.0,הראל,,True,False,0.006,0.0,4305.6,0.006,4305.6,0
5129705,"הראל מחקה ת""א סקטור-באלאנס",Large & Mid Cap,,מניות בארץ,2026-04-30,181880000.0,הראל,,True,False,0.0013,0.0,2364.44,0.0013,2364.44,0
5129721,הראל מחקה DJ US Dividend,אמריקה- שווקים מפותחים,,"מניות בחו""ל",2026-04-30,21120000.0,הראל,,True,False,0.006999999999999999,0.0,1478.3999999999999,0.006999999999999999,1478.3999999999999,0
5129739,"הראל מחקה 2000 Russell מנוטרלת מט""ח",אמריקה- שווקים מפותחים,,"מניות בחו""ל",2026-04-30,117130000.0,הראל,,True,False,0.004,0.0,4685.200000000001,0.004,4685.200000000001,0
5129762,"הראל מחקה S&P Consumer Staples מנוטרלת מט""ח",Consumer Staples,,"מניות בחו""ל",2026-04-30,19160000.0,הראל,,True,False,0.006,0.0,1149.6000000000001,0.006,1149.6000000000001,0
5129770,"הראל מחקה iBoxx $ Corps Liquid 3-7 Years מנוטרלת מט""ח","חברות והמרה  מנוטרלת מט""ח - בינוני",,"אג""ח בחו""ל",2026-04-30,493070000.0,הראל,,True,False,0.0022,0.0,10847.54,0.0022,10847.54,0
5129788,"הראל מחקה S&P Technology מנוטרלת מט""ח",Technology,,"מניות בחו""ל",2026-04-30,256880000.0,הראל,,True,False,0.006999999999999999,0.0,17981.6,0.006999999999999999,17981.6,0
5129887,"MTF מחקה אינדקס ת""א 125 Quality",Large & Mid Cap,,מניות בארץ,2026-04-30,85820000.0,מגדל,,True,False,0.006,0.0,5149.2,0.006,5149.2,0
5129937,מור A ומעלה עד 4 שנים,"חברות והמרה ללא מניות וללא סימן קריאה, עם מגבלת מח""מ עד 5 שנים",,"אג""ח בארץ- חברות והמרה",2026-04-30,539390000.0,מור,,False,False,0.0076,0.0035,40993.64,0.0040999999999999995,22114.989999999998,0
5129978,"FOREST (!) אג""ח ללא מניות","אג""ח כללי בארץ ללא מניות עם סימן קריאה",,"אג""ח בארץ - כללי",2026-04-30,712760000.0,פורסט,,False,False,0.0075,0.0035,53456.99999999999,0.004,28510.4,0
5130000,"MTF מחקה אינדקס אג""ח בנקים וביטוח","אג""ח חברות שקלי וצמוד",,"אג""ח בארץ- חברות והמרה",2026-04-30,124260000.0,מגדל,,True,False,0.0025,0.0,3106.5,0.0025,3106.5,0
5130018,"הראל מחקה אינדקס אג""ח CoCo בנקים","אג""ח חברות שקלי וצמוד",,"אג""ח בארץ- חברות והמרה",2026-04-30,543210000.0,הראל,,True,False,0.0036,0.0,19555.56,0.0036,19555.56,0
5130026,הראל מחקה Dow Jones U.S. Select Medical Equipment,Health Care,,"מניות בחו""ל",2026-04-30,62700000.0,הראל,,True,False,0.008,0.0,5016.0,0.008,5016.0,0
5130042,איילון תיק מניות כשרה,מניות All Cap,,מניות בארץ,2026-04-30,123750000.0,איילון,,False,False,0.008,0.0035,9900.0,0.0045000000000000005,5568.75,0
5130059,ורדן Flexible,גמישות,,גמישות,2026-04-30,4380000.0,איילון,ורדן בית השקעות,False,False,0.018799999999999997,0.0035,823.4399999999998,0.015299999999999998,670.1399999999999,0
5130067,איביאי אסטרטגיות - ממונפת,ממונפות בסיכון גבוה,,ממונפות ואסטרטגיות,2026-04-30,507610000.0,אי.בי.אי,,False,False,0.02,0.0035,101522.0,0.0165,83755.65,0
5130083,MTF מחקה אינדקס צמודות בנקים וביטוח,בריבית קבועה,,"אג""ח בארץ- חברות והמרה",2026-04-30,77040000.0,מגדל,,True,False,0.002,0.0,1540.8000000000002,0.002,1540.8000000000002,0
5130091,קסם אקטיב כספית דולרית - נקובה $,"נקובת מט""ח",,קרן כספית,2026-04-30,589310000.0,קסם,,False,False,0.0025,0.001,14732.75,0.0015,8839.65,1
5130133,תכלית TTF תל בונד שקלי 3-5,בריבית קבועה - בינוני,,"אג""ח בארץ- חברות והמרה",2026-04-30,69880000.0,מיטב,,True,False,0.0,0.0,0.0,0.0,0.0,0
5130141,"תכלית TTFי Nasdaq Golden Dragon China מנוטרלת מט""ח",אסיה ופסיפיק- שווקים מתעוררים,,"מניות בחו""ל",2026-04-30,7260000.0,מיטב,,True,False,0.008,0.0,580.8000000000001,0.008,580.8000000000001,0
5130158,תכלית TTF תל בונד צמודות AA-AAA,בריבית קבועה,,"אג""ח בארץ- חברות והמרה",2026-04-30,194140000.0,מיטב,,True,False,0.002,0.0,3882.8,0.002,3882.8,0
5130166,תכלית TTF תל בונד שקלי 1-3,בריבית קבועה - קצר,,"אג""ח בארץ- חברות והמרה",2026-04-30,173100000.0,מיטב,,True,False,0.0,0.0,0.0,0.0,0.0,0
5130174,תכלית TTF תל בונד שקלי 5-15,בריבית קבועה - ארוך,,"אג""ח בארץ- חברות והמרה",2026-04-30,481320000.0,מיטב,,True,False,0.0005,0.0,2406.6000000000004,0.0005,2406.6000000000004,0
5130182,ילין לפידות 40/60,"אג""ח כללי בארץ - חשיפה מרבית מעל 30% מניות",,"אג""ח בארץ - כללי",2026-04-30,290500000.0,ילין לפידות,,False,False,0.0084,0.0035,24402.0,0.0049,14234.5,0
5130190,ילין לפידות A ומעלה + 10%,חברות והמרה עם מניות ללא סימן קריאה,,"אג""ח בארץ- חברות והמרה",2026-04-30,301550000.0,ילין לפידות,,False,False,0.0079,0.0035,23822.450000000004,0.004400000000000001,13268.200000000004,0
5130208,ילין לפידות מדינה + 20%,"אג""ח מדינה כללי- עד 20% מניות",,"אג""ח בארץ- מדינה",2026-04-30,23130000.0,ילין לפידות,,False,False,0.0054,0.0035,1249.0200000000002,0.0019000000000000002,439.47,0
5130224,"מגדל אג""ח חברות + 25%",חברות והמרה עם מניות ללא סימן קריאה,,"אג""ח בארץ- חברות והמרה",2026-04-30,18980000.0,מגדל,,False,False,0.0069,0.0035,1309.62,0.0034,645.32,0
5130240,ברק גמישה,גמישות,,גמישות,2026-04-30,5030000.0,ברק,,False,False,0.018000000000000002,0.0035,905.4000000000001,0.014500000000000002,729.3500000000001,0
5130265,איביאי 20/90,אסטרטגיות (לא ממונפות),,ממונפות ואסטרטגיות,2026-04-30,278030000.0,אי.בי.אי,,False,False,0.0089,0.0035,24744.67,0.0054,15013.62,0
5130273,הראל מניות פיננסים,מניות לפי ענפים,,מניות בארץ,2026-04-30,143730000.0,הראל,,False,False,0.015,0.0035,21559.499999999996,0.0115,16528.95,0
5130299,איביאי מחקה BlueStar Defense & Cyber & Intelligence,Cyber Security,,"מניות בחו""ל",2026-04-30,7400000.0,אי.בי.אי,,True,False,0.008,0.0,592.0,0.008,592.0,0
5130307,איילון 10/90,"אג""ח כללי בארץ- עד 10% מניות ללא סימן קריאה",,"אג""ח בארץ - כללי",2026-04-30,373020000.0,איילון,,False,False,0.008,0.0035,29841.600000000002,0.0045000000000000005,16785.9,0
5130315,"איילון אג""ח ללא מניות","אג""ח כללי בארץ ללא מניות וללא סימן קריאה",,"אג""ח בארץ - כללי",2026-04-30,1319430000.0,איילון,,False,False,0.0079,0.0035,104234.97000000002,0.004400000000000001,58054.92000000001,0
5130323,איילון מימון ואשראי חוץ בנקאי,מניות לפי ענפים,,מניות בארץ,2026-04-30,17730000.0,איילון,,False,False,0.015,0.0035,2659.4999999999995,0.0115,2038.95,0
5130349,ב. אלטרנטיב מניות ישראל,מניות All Cap,,מניות בארץ,2026-04-30,476950000.0,איילון,בסט אלטרנטיב,False,False,0.018000000000000002,0.0035,85851.0,0.014500000000000002,69157.75000000001,0
5130356,ילין לפידות (!) קונצרני ישראל,חברות והמרה ללא מניות עם סימן קריאה,,"אג""ח בארץ- חברות והמרה",2026-04-30,548300000.0,ילין לפידות,,False,False,0.0075,0.0035,41122.5,0.004,21932.0,0
5130364,מור ברקת 30/70,"אג""ח כללי בארץ- עד 30% מניות",,"אג""ח בארץ - כללי",2026-04-30,153880000.0,מור,,False,False,0.0058,0.0035,8925.039999999999,0.0022999999999999995,3539.2399999999993,0
5130372,MTF מחקה מדד משולב אינדקס בנקים ישראל 20/80 חודשי,עד 20% מניות,,"אג""ח בארץ משולבת",2026-04-30,190020000.0,מגדל,,True,False,0.0025,0.0,4750.5,0.0025,4750.5,0
5130380,אי בי אי מחקה תל בונד שקלי בנקים וביטוח,בריבית קבועה,,"אג""ח בארץ- חברות והמרה",2026-04-30,318670000.0,אי.בי.אי,,True,False,0.002,0.0,6373.400000000001,0.002,6373.400000000001,0
5130398,MTF מחקה Indxx Pure Cyber מנוטרלת דולר,Cyber Security,,"מניות בחו""ל",2026-04-30,10030000.0,מגדל,,True,False,0.008,0.0,802.4000000000001,0.008,802.4000000000001,0
5130414,"פרופאונד אג""ח מדורגות (!)",חברות והמרה ללא מניות עם סימן קריאה,,"אג""ח בארץ- חברות והמרה",2026-04-30,98180000.0,איילון,פרופאונד,False,False,0.008,0.0035,7854.400000000001,0.0045000000000000005,4418.1,0
5130422,פרופאונד גמישה,גמישות,,גמישות,2026-04-30,109670000.0,איילון,פרופאונד,False,False,0.0175,0.0035,19192.250000000004,0.014000000000000002,15353.800000000001,0
5130430,פרופאונד 20/80,"אג""ח כללי בארץ- עד 20% מניות",,"אג""ח בארץ - כללי",2026-04-30,29290000.0,איילון,פרופאונד,False,False,0.0077,0.0035,2255.33,0.004200000000000001,1230.18,0
5130455,"מיטב אג""ח קונצרני מדורג עד 5 שנים","חברות והמרה ללא מניות וללא סימן קריאה, עם מגבלת מח""מ עד 5 שנים",,"אג""ח בארץ- חברות והמרה",2026-04-30,109320000.0,מיטב,,False,False,0.0068000000000000005,0.0035,7433.76,0.0033000000000000004,3607.5600000000004,0
5130463,"מיטב אג""ח עד 4 שנים","אג""ח כללי בארץ ללא מניות וללא סימן קריאה, עם מגבלת מח""מ עד 5 שנים",,"אג""ח בארץ - כללי",2026-04-30,211840000.0,מיטב,,False,False,0.0059,0.0035,12498.56,0.0024,5084.16,0
5130505,הראל איתן,גמישות,,גמישות,2026-04-30,437070000.0,הראל,,False,False,0.0,0.0035,0.0,-0.0035,-15297.45,0
5130513,MTF מחקה תל גוב-שקלי 5+,ריבית קבועה - ארוך,,"אג""ח בארץ- מדינה",2026-04-30,287880000.0,מגדל,,True,False,0.0,0.0,0.0,0.0,0.0,0
5130521,"MTF מחקה S&P 500 Scored & Screened מנוטרלת מט""ח",אמריקה- שווקים מפותחים,,"מניות בחו""ל",2026-04-30,153780000.0,מגדל,,True,False,0.0,0.0,0.0,0.0,0.0,0
5130539,"הפניקס קסם (!) אג""ח ללא מניות","אג""ח כללי בארץ ללא מניות עם סימן קריאה",,"אג""ח בארץ - כללי",2026-04-30,686820000.0,קסם,,False,False,0.0084,0.0035,57692.88,0.0049,33654.18,0
5130554,"הפניקס קסם מניות חו""ל","מניות כללי בחו""ל חשופת מט""ח",,"מניות בחו""ל",2026-04-30,412110000.0,קסם,,False,False,0.0179,0.0035,73767.68999999999,0.0144,59343.840000000004,0
5130588,"קסם אקטיב עוקבת מרכיב אג""ח - תיק 3 הבנק הבינלאומי","אג""ח כללי בארץ ללא מניות וללא סימן קריאה",,"אג""ח בארץ - כללי",2026-04-30,29700000.0,קסם,,False,False,0.0062,0.0035,1841.4,0.0026999999999999997,801.8999999999999,0
5130596,"MTF מחקה מדד משולב אינדקס נדל""ן מניב 20/80 חודשי",עד 20% מניות,,"אג""ח בארץ משולבת",2026-04-30,18370000.0,מגדל,,True,False,0.0,0.0,0.0,0.0,0.0,0
5130604,MTF מחקה אינדקס תשתיות לאומיות ישראל,תשתיות,,מניות בארץ,2026-04-30,1248430000.0,מגדל,,True,False,0.005,0.0,62421.5,0.005,62421.5,0
5130612,סיגמא מדינה עד 5 שנים ללא מניות,"אג""ח מדינה כללי- ללא מניות",,"אג""ח בארץ- מדינה",2026-04-30,648990000.0,סיגמא,,False,False,0.0055000000000000005,0.0035,35694.450000000004,0.0020000000000000005,12979.800000000003,0
5130620,"MTF מחקה ת""א 90",Mid Cap,,מניות בארץ,2026-04-30,911570000.0,מגדל,,True,False,0.001,0.0,9115.7,0.001,9115.7,0
5130638,"הראל מחקה ת""א 90",Mid Cap,,מניות בארץ,2026-04-30,1510730000.0,הראל,,True,False,0.0,0.0,0.0,0.0,0.0,0
5130661,"הראל מחקה ת""א 35",Large Cap,,מניות בארץ,2026-04-30,1770850000.0,הראל,,True,False,0.0,0.0,0.0,0.0,0.0,0
5130687,"אי בי אי מחקה ת""א 35",Large Cap,,מניות בארץ,2026-04-30,422550000.0,אי.בי.אי,,True,False,0.0025,0.0,10563.75,0.0025,10563.75,0
5130695,אי בי אי מחקה תל בונד צמודות 3-5,בריבית קבועה - בינוני,,"אג""ח בארץ- חברות והמרה",2026-04-30,280210000.0,אי.בי.אי,,True,False,0.002,0.0,5604.200000000001,0.002,5604.200000000001,0
5130703,אי בי אי מחקה אינדקס A-AA מנגנון מרווח,"אג""ח חברות שקלי וצמוד",,"אג""ח בארץ- חברות והמרה",2026-04-30,532140000.0,אי.בי.אי,,True,False,0.003,0.0,15964.2,0.003,15964.2,0
5130729,אימפקט 10/90,"אג""ח כללי בארץ- עד 10% מניות ללא סימן קריאה",,"אג""ח בארץ - כללי",2026-04-30,45860000.0,איילון,אימפקט,False,False,0.008,0.0035,3668.8,0.0045000000000000005,2063.7000000000003,0
5130737,אי בי אי מחקה Shiller Barclays CAPE® US Core Mid-Month Sector,אמריקה- שווקים מפותחים,,"מניות בחו""ל",2026-04-30,513179999.99999994,אי.בי.אי,,True,False,0.0079,0.0,40541.22,0.0079,40541.22,0
5130745,MTF מחקה Indxx Renewable Energy מנוטרלת דולר,Alternative / Renewable Energy,,"מניות בחו""ל",2026-04-30,38450000.0,מגדל,,True,False,0.008,0.0,3076.0000000000005,0.008,3076.0000000000005,0
5130752,אי בי אי מחקה STOXX Europe 600,אירופה- כללי,,"מניות בחו""ל",2026-04-30,151150000.0,אי.בי.אי,,True,False,0.0025,0.0,3778.75,0.0025,3778.75,0
5130802,"פורצ'ן (!) אג""ח ללא מניות","אג""ח כללי בארץ ללא מניות עם סימן קריאה",,"אג""ח בארץ - כללי",2026-04-30,168050000.0,איילון,פורצ'ן,False,False,0.0079,0.0035,13275.95,0.004400000000000001,7394.200000000002,0
5130810,פסטרנק שהם 30/70,"אג""ח כללי בארץ- עד 30% מניות",,"אג""ח בארץ - כללי",2026-04-30,821510000.0,איילון,פסטרנק שהם,False,False,0.0078000000000000005,0.0035,64077.78,0.0043,35324.93,0
5130828,תכלית TTF תל בונד שקלי בנקים וביטוח,בריבית קבועה,,"אג""ח בארץ- חברות והמרה",2026-04-30,192920000.0,מיטב,,True,False,0.0,0.0,0.0,0.0,0.0,0
5130836,תכלית TTF תל בונד שקלי AA-AAA,בריבית קבועה,,"אג""ח בארץ- חברות והמרה",2026-04-30,197950000.0,מיטב,,True,False,0.0,0.0,0.0,0.0,0.0,0
5130851,קסם KTFי S&P 500 נקובה $,אמריקה- שווקים מפותחים,,"מניות בחו""ל",2026-04-30,82150000.0,קסם,,True,False,0.002,0.0,1643.0000000000002,0.002,1643.0000000000002,0
5130869,קסם KTFי Indxx Climate Change Solutions,Alternative / Renewable Energy,,"מניות בחו""ל",2026-04-30,14420000.0,קסם,,True,False,0.008,0.0,1153.6000000000001,0.008,1153.6000000000001,0
5130893,"MTF מחקה ת""א-טכנולוגיה",טכנולוגיה,,מניות בארץ,2026-04-30,205480000.0,מגדל,,True,False,0.0045000000000000005,0.0,9246.6,0.0045000000000000005,9246.6,0
5130919,"אי בי אי מחקה ת""א 90",Mid Cap,,מניות בארץ,2026-04-30,600820000.0,אי.בי.אי,,True,False,0.002,0.0,12016.400000000001,0.002,12016.400000000001,0
5130927,"קסם KTF ת""א - טכנולוגיה",טכנולוגיה,,מניות בארץ,2026-04-30,149740000.0,קסם,,True,False,0.0025,0.0,3743.5,0.0025,3743.5,0
5130943,"קסם KTF אינדקס אג""ח שקלי ביטוח ושירותים פיננסיים",בריבית קבועה,,"אג""ח בארץ- חברות והמרה",2026-04-30,29190000.0,קסם,,True,False,0.0,0.0,0.0,0.0,0.0,0
5130950,אנליסט סולידית LV,"אג""ח כללי בארץ בדירוג גבוה בלבד (AA ומעלה ו/ או מדינה)",,"אג""ח בארץ - כללי",2026-04-30,36020000.0,אנליסט,,False,False,0.005,0.0035,1801.0,0.0015,540.3000000000001,0
5130976,MTF מחקה Bluestar Solar Energy Industry מנוטרלת דולר,Alternative / Renewable Energy,,"מניות בחו""ל",2026-04-30,11330000.0,מגדל,,True,False,0.008,0.0,906.4000000000001,0.008,906.4000000000001,0
5130984,"ילין לפידות מניות נדל""ן",מניות לפי ענפים,,מניות בארץ,2026-04-30,42330000.0,ילין לפידות,,False,False,0.012,0.0035,5079.6,0.0085,3598.05,0
5130992,אי בי אי מחקה תל בונד שקלי AA-AAA,בריבית קבועה,,"אג""ח בארץ- חברות והמרה",2026-04-30,217330000.0,אי.בי.אי,,True,False,0.002,0.0,4346.6,0.002,4346.6,0
5131008,אי בי אי מחקה תל בונד צמודות AA-AAA,בריבית קבועה,,"אג""ח בארץ- חברות והמרה",2026-04-30,316920000.0,אי.בי.אי,,True,False,0.002,0.0,6338.400000000001,0.002,6338.400000000001,0
5131040,מור אנרגיה נקיה גלובלי,"מניות לפי ענפים בחו""ל",,"מניות בחו""ל",2026-04-30,34160000.0,מור,,False,False,0.018500000000000003,0.0035,6319.600000000001,0.015000000000000003,5124.000000000002,0
5131057,"מגדל אג""ח מדינה ומניות עד 10%","אג""ח מדינה כללי- עד 10% מניות",,"אג""ח בארץ- מדינה",2026-04-30,288770000.0,מגדל,,False,False,0.0043,0.0035,12417.11,0.0007999999999999999,2310.16,0
5131081,"הראל מחקה ת""א טכנולוגיה",טכנולוגיה,,מניות בארץ,2026-04-30,282110000.0,הראל,,True,False,0.0015,0.0,4231.650000000001,0.0015,4231.650000000001,0
5131099,"מגדל אג""ח ומניות עד 20%","אג""ח כללי בארץ- עד 20% מניות",,"אג""ח בארץ - כללי",2026-04-30,84110000.0,מגדל,,False,False,0.0075,0.0035,6308.249999999999,0.004,3364.4,0
5131107,"הראל (!) איתן אג""ח","אג""ח כללי בארץ ללא מניות עם סימן קריאה",,"אג""ח בארץ - כללי",2026-04-30,176910000.0,הראל,,False,False,0.0,0.0035,0.0,-0.0035,-6191.85,0
5131115,"מגדל תיק אג""ח - הכנסה חודשית","אג""ח כללי בארץ- עד 15% מניות",,"אג""ח בארץ - כללי",2026-04-30,32390000.0,מגדל,,False,False,0.0118,0.0035,3822.02,0.0083,2688.37,0
5131131,מגדל מדינה פלוס A ומעלה,"אג""ח מדינה כללי- ללא מניות",,"אג""ח בארץ- מדינה",2026-04-30,387010000.0,מגדל,,False,False,0.0059,0.0035,22833.59,0.0024,9288.24,0
5131164,הראל מחקה אינדקס AA-AAA ריאליות שקלי,בריבית קבועה,,"אג""ח בארץ- חברות והמרה",2026-04-30,32990000.000000004,הראל,,True,False,0.0029,0.0,956.71,0.0029,956.71,0
5131172,מגדל מדד מדינה,"אג""ח מדינה צמוד מדד- עד 10% מניות",,"אג""ח בארץ- מדינה",2026-04-30,207690000.0,מגדל,,False,False,0.0069,0.0035,14330.609999999999,0.0034,7061.46,0
5131180,הראל מחקה אינדקס AA-AAA ריאליות צמוד,בריבית קבועה,,"אג""ח בארץ- חברות והמרה",2026-04-30,75660000.0,הראל,,True,False,0.0029,0.0,2194.14,0.0029,2194.14,0
5131198,תכלית TTFי S&P 500 Scored & Screened,אמריקה- שווקים מפותחים,,"מניות בחו""ל",2026-04-30,55110000.0,מיטב,,True,False,0.0,0.0,0.0,0.0,0.0,0
5131206,"קסם KTFי NASDAQ Biotechnology מנוטרלת מט""ח",Biotechnology,,"מניות בחו""ל",2026-04-30,12970000.0,קסם,,True,False,0.004,0.0,518.8000000000001,0.004,518.8000000000001,0
5131222,"MTF מחקה אינדקס אג""ח חברות ממשלתיות","אג""ח חברות שקלי וצמוד",,"אג""ח בארץ- חברות והמרה",2026-04-30,205100000.0,מגדל,,True,False,0.002,0.0,4102.0,0.002,4102.0,0
5131230,"מגדל דולר אגרסיבית אג""ח חו""ל","אג""ח חשופת דולר",,"אג""ח בחו""ל",2026-04-30,8890000.0,מגדל,,False,False,0.0137,0.0035,1217.93,0.0102,906.7800000000001,0
5131263,אנליסט 15/85,"אג""ח כללי בארץ- עד 15% מניות",,"אג""ח בארץ - כללי",2026-04-30,12440000.0,אנליסט,,False,False,0.0045000000000000005,0.0035,559.8000000000001,0.0010000000000000005,124.40000000000005,0
5131271,מגדל מניות ישראל Buy Side,מניות All Cap,,מניות בארץ,2026-04-30,147120000.0,מגדל,,False,False,0.0175,0.0035,25746.000000000004,0.014000000000000002,20596.800000000003,0
5131289,"אי בי אי מחקה משולבת אג""ח מדינה (90%) אינדקס בנקים ישראל (10%) חודשי","אג""ח מדינה משולבת - עד 10% מניות",,"אג""ח בארץ- מדינה",2026-04-30,63680000.0,אי.בי.אי,,True,False,0.005,0.0,3184.0,0.005,3184.0,0
5131297,"מגדל נדל""ן",מניות לפי ענפים,,מניות בארץ,2026-04-30,30350000.0,מגדל,,False,False,0.0125,0.0035,3793.75,0.009000000000000001,2731.5,0
5131313,"מגדל מניות סייבר חו""ל","מניות לפי ענפים בחו""ל",,"מניות בחו""ל",2026-04-30,82680000.0,מגדל,,False,False,0.0194,0.0035,16039.92,0.0159,13146.12,0
5131339,מגדל שווקים מתעוררים,"מניות גיאוגרפי אחר חשופת מט""ח",,"מניות בחו""ל",2026-04-30,44840000.0,מגדל,,False,False,0.0125,0.0035,5605.0,0.009000000000000001,4035.6000000000004,0
5131347,"קסם KTFי משולבת אג""ח חברות (50%) אג""ח מדינה (50%) חודשי",ללא מניות,,"אג""ח בארץ משולבת",2026-04-30,18470000.0,קסם,,True,False,0.0,0.0,0.0,0.0,0.0,0
5131354,"מגדל ת""א Mid Cap",מניות Large & Mid Cap,,מניות בארץ,2026-04-30,19990000.0,מגדל,,False,False,0.0069,0.0035,1379.31,0.0034,679.66,0
5131362,איילון טכנולוגיה ישראל,מניות לפי ענפים,,מניות בארץ,2026-04-30,26540000.0,איילון,,False,False,0.0125,0.0035,3317.5,0.009000000000000001,2388.6000000000004,0
5131388,"מגדל מניות חו""ל נקובה $","מניות בחו""ל נקובת מט""ח",,"מניות בחו""ל",2026-04-30,19200000.0,מגדל,,False,False,0.0195,0.0035,3744.0,0.016,3072.0000000000005,0
5131404,"הראל מחקה ת""א בנייה","נדל""ן ובנייה",,מניות בארץ,2026-04-30,89890000.0,הראל,,True,False,0.0025,0.0,2247.25,0.0025,2247.25,0
5131420,"הראל מחקה ת""א מניב ישראל","נדל""ן ובנייה",,מניות בארץ,2026-04-30,101810000.0,הראל,,True,False,0.001,0.0,1018.1000000000001,0.001,1018.1000000000001,0
5131438,מגדל סין,"מניות גיאוגרפי אחר חשופת מט""ח",,"מניות בחו""ל",2026-04-30,8400000.0,מגדל,,False,False,0.0125,0.0035,1050.0,0.009000000000000001,756.0,0
5131446,"MTF מחקה Bluestar Top 10 US Banks מנוטרלת מט""ח",Banking,,"מניות בחו""ל",2026-04-30,294400000.0,מגדל,,True,False,0.005,0.0,14720.0,0.005,14720.0,0
5131453,"מגדל מניות ישראל ת""א 125",מניות Large & Mid Cap,,מניות בארץ,2026-04-30,126930000.0,מגדל,,False,False,0.0149,0.0035,18912.57,0.0114,14470.02,0
5131461,דרך מניות ערך בינלאומי כשר,"מניות כללי בחו""ל חשופת מט""ח",,"מניות בחו""ל",2026-04-30,18840000.0,סיגמא,דרך אינבסט,False,False,0.018500000000000003,0.0035,3485.4000000000005,0.015000000000000003,2826.000000000001,0
5131479,"מגדל אג""ח ישראל סולידית","אג""ח כללי בארץ בדירוג גבוה בלבד (AA ומעלה ו/ או מדינה)",,"אג""ח בארץ - כללי",2026-04-30,6390000.0,מגדל,,False,False,0.0059,0.0035,377.01,0.0024,153.35999999999999,0
5131487,"קסם KTF ת""א-מניב ישראל","נדל""ן ובנייה",,מניות בארץ,2026-04-30,95900000.0,קסם,,True,False,0.0015,0.0,1438.5,0.0015,1438.5,0
5131503,"MTF מחקה Bluestar Travel & Vacation מנוטרלת מט""ח",Travel,,"מניות בחו""ל",2026-04-30,59130000.0,מגדל,,True,False,0.008,0.0,4730.400000000001,0.008,4730.400000000001,0
5131529,MTF מחקה אינדקס צריכה בסיסית ישראל,צריכה בסיסית,,מניות בארץ,2026-04-30,115490000.0,מגדל,,True,False,0.005,0.0,5774.5,0.005,5774.5,0
5131537,"תכלית NASDAQ Clean Edge Green Energy EW TTF מנוטרלת מט""ח",Cleantech,,"מניות בחו""ל",2026-04-30,37310000.0,מיטב,,True,False,0.008,0.0,2984.8,0.008,2984.8,0
5131545,אקורד 10/90,"אג""ח כללי בארץ- עד 10% מניות ללא סימן קריאה",,"אג""ח בארץ - כללי",2026-04-30,266370000.0,איילון,אקורד ניהול השקעות,False,False,0.0075,0.0035,19977.75,0.004,10654.800000000001,0
5131552,"אקורד אג""ח מדורגות",חברות והמרה ללא מניות וללא סימן קריאה,,"אג""ח בארץ- חברות והמרה",2026-04-30,291510000.0,איילון,אקורד ניהול השקעות,False,False,0.0077,0.0035,22446.27,0.004200000000000001,12243.420000000002,0
5131560,אקורד 20/80,"אג""ח כללי בארץ- עד 20% מניות",,"אג""ח בארץ - כללי",2026-04-30,345190000.0,איילון,אקורד ניהול השקעות,False,False,0.0079,0.0035,27270.010000000002,0.004400000000000001,15188.360000000004,0
5131578,קסם KTF אינדקס מזון ישראלי,צריכה בסיסית,,מניות בארץ,2026-04-30,77810000.0,קסם,,True,False,0.005,0.0,3890.5,0.005,3890.5,0
5131586,"מור (!) אג""ח חברות עם רכיב בטוחה",חברות והמרה ללא מניות עם סימן קריאה,,"אג""ח בארץ- חברות והמרה",2026-04-30,455880000.0,מור,,False,False,0.008199999999999999,0.0035,37382.159999999996,0.004699999999999999,21426.359999999997,0
5131602,אי בי אי מחקה אינדקס A תקרת מנפיק,"אג""ח חברות שקלי וצמוד",,"אג""ח בארץ- חברות והמרה",2026-04-30,477940000.0,אי.בי.אי,,True,False,0.003,0.0,14338.2,0.003,14338.2,0
5131610,אי בי אי מחקה תל בונד צמודות בנקים ללא COCO,בריבית קבועה,,"אג""ח בארץ- חברות והמרה",2026-04-30,173600000.0,אי.בי.אי,,True,False,0.0018,0.0,3124.8,0.0018,3124.8,0
5131628,"אי בי אי מחקה S&P 500 מנוטרלת מט""ח",אמריקה- שווקים מפותחים,,"מניות בחו""ל",2026-04-30,1193520000.0,אי.בי.אי,,True,False,0.0025,0.0,29838.0,0.0025,29838.0,0
5131636,אי בי אי מחקה תל בונד מאגר,"אג""ח חברות שקלי וצמוד",,"אג""ח בארץ- חברות והמרה",2026-04-30,71940000.0,אי.בי.אי,,True,False,0.0015,0.0,1079.1000000000001,0.0015,1079.1000000000001,0
5131644,"אי בי אי מחקה NASDAQ 100 מנוטרלת מט""ח",אמריקה- שווקים מפותחים,,"מניות בחו""ל",2026-04-30,944950000.0,אי.בי.אי,,True,False,0.003,0.0,28348.5,0.003,28348.5,0
5131701,אי בי אי מחקה תל גוב-צמודות 0-2,צמודות מדד ממשלתיות - קצר,,"אג""ח בארץ- מדינה",2026-04-30,204750000.0,אי.בי.אי,,True,False,0.001,0.0,2047.5000000000002,0.001,2047.5000000000002,0
5131719,קסם KTFי Indxx China Internet,Internet,,"מניות בחו""ל",2026-04-30,3880000.0,קסם,,True,False,0.008,0.0,310.40000000000003,0.008,310.40000000000003,0
5131727,MTF מחקה אינדקס A-AA שקלי,בריבית קבועה,,"אג""ח בארץ- חברות והמרה",2026-04-30,64780000.0,מגדל,,True,False,0.0,0.0,0.0,0.0,0.0,0
5131735,MTF מחקה אינדקס A-AA צמוד,בריבית קבועה,,"אג""ח בארץ- חברות והמרה",2026-04-30,268500000.0,מגדל,,True,False,0.0025,0.0,6712.5,0.0025,6712.5,0
5131743,מור מחקה אינדקס צריכה ישראלית,שילוב ענפים,,מניות בארץ,2026-04-30,22730000.0,מור,,True,False,0.0055000000000000005,0.0,1250.15,0.0055000000000000005,1250.15,0
5131768,תכלית TTFי INDXX TOURISM & LEISURE EW,Travel,,"מניות בחו""ל",2026-04-30,13900000.0,מיטב,,True,False,0.006,0.0,834.0,0.006,834.0,0
5131792,הראל מחקה תל גוב-כללי,"אג""ח מדינה שיקלי וצמוד",,"אג""ח בארץ- מדינה",2026-04-30,160380000.0,הראל,,True,False,0.001,0.0,1603.8000000000002,0.001,1603.8000000000002,0
5131818,קסם KTFי משולבת S&P ארהב צריכה מחזורית (50%) בסיסית (50%) חודשי מנוטרלת מטח,"מניות בחו""ל קרן משולבת",,"מניות בחו""ל",2026-04-30,14960000.0,קסם,,True,False,0.0,0.0,0.0,0.0,0.0,0
5131826,"קסם KTFי משולבת S&P ארה""ב צריכה מחזורית (50%) בסיסית (50%) חודשי","מניות בחו""ל קרן משולבת",,"מניות בחו""ל",2026-04-30,10830000.0,קסם,,True,False,0.0,0.0,0.0,0.0,0.0,0
5131834,אי בי אי מחקה DJ US Real Estate,REIT - Real Estate,,"מניות בחו""ל",2026-04-30,139470000.0,אי.בי.אי,,True,False,0.008,0.0,11157.6,0.008,11157.6,0
5131842,קסם KTF משולבת S&P ארהב פיננסים (70%) בנקים אזוריים (30%) חודשי מנוטרלת מטח,"מניות בחו""ל קרן משולבת",,"מניות בחו""ל",2026-04-30,24800000.0,קסם,,True,False,0.0,0.0,0.0,0.0,0.0,0
5131867,ISP Asset Managementי 20/80,"אג""ח כללי בארץ- עד 20% מניות",,"אג""ח בארץ - כללי",2026-04-30,33910000.0,איילון,איי.אס.פי.,False,False,0.008,0.0035,2712.8,0.0045000000000000005,1525.95,0
5131875,"ISP Asset Management אג""ח ללא מניות","אג""ח כללי בארץ ללא מניות וללא סימן קריאה",,"אג""ח בארץ - כללי",2026-04-30,92920000.0,איילון,איי.אס.פי.,False,False,0.006999999999999999,0.0035,6504.4,0.003499999999999999,3252.199999999999,0
5131883,"מור מחקה אינדקס תשתיות ובינוי ארה""ב",REIT - Real Estate,,"מניות בחו""ל",2026-04-30,329310000.0,מור,,True,False,0.008,0.0,26344.800000000003,0.008,26344.800000000003,0
5131891,מור מחקה אינדקס טכנולוגיה ישראל רווחיות משקל שווה,טכנולוגיה,,מניות בארץ,2026-04-30,43760000.0,מור,,True,False,0.0055000000000000005,0.0,2406.8,0.0055000000000000005,2406.8,0
5131909,אי בי אי מחקה (!) תל בונד תשואות שקל,בריבית קבועה,,"אג""ח בארץ- חברות והמרה",2026-04-30,101760000.0,אי.בי.אי,,True,False,0.002,0.0,2035.2000000000003,0.002,2035.2000000000003,0
5131925,תכלית TTF אינדקס בנקים ישראל,בנקאות ואשראי חוץ בנקאי,,מניות בארץ,2026-04-30,542210000.0,מיטב,,True,False,0.002,0.0,10844.2,0.002,10844.2,0
5131941,קסם KTFי ISE Cyber Security מנוטרלת דולר,Cyber Security,,"מניות בחו""ל",2026-04-30,32330000.0,קסם,,True,False,0.006999999999999999,0.0,2263.1,0.006999999999999999,2263.1,0
5131958,דיאמונד 30/70,"אג""ח כללי בארץ- עד 30% מניות",,"אג""ח בארץ - כללי",2026-04-30,143070000.0,איילון,דיאמונד,False,False,0.0089,0.0035,12733.23,0.0054,7725.780000000001,0
5131966,מור מחקה אינדקס בנקים משקל שווה,בנקאות ואשראי חוץ בנקאי,,מניות בארץ,2026-04-30,1082980000.0,מור,,True,False,0.005,0.0,54149.0,0.005,54149.0,0
5131974,הורייזן פיוצ'ר טק גלובלי,"מניות לפי ענפים בחו""ל",,"מניות בחו""ל",2026-04-30,26580000.0,איילון,הורייזן,False,False,0.016,0.0035,4252.8,0.0125,3322.5,0
5131982,איביאי גמישה,גמישות,,גמישות,2026-04-30,18650000.0,אי.בי.אי,,False,False,0.009000000000000001,0.0035,1678.5,0.005500000000000001,1025.7500000000002,0
5131990,איילון תיק לרשויות מקומיות,"אג""ח כללי בארץ- עד 5% מניות",,"אג""ח בארץ - כללי",2026-04-30,38810000.0,איילון,,False,False,0.0054,0.0035,2095.7400000000002,0.0019000000000000002,737.39,0
5132006,קסם KTF אינדקס eGaming מנוטרלת דולר,e-Gaming,,"מניות בחו""ל",2026-04-30,4910000.0,קסם,,True,False,0.006,0.0,294.6,0.006,294.6,0
5132014,איילון אנרגיה ירוקה ישראל,מניות לפי ענפים,,מניות בארץ,2026-04-30,53840000.0,איילון,,False,False,0.0125,0.0035,6730.0,0.009000000000000001,4845.6,0
5132030,הראל מחקה אינדקס A שקלי מנפיקים ישראלים,בריבית קבועה,,"אג""ח בארץ- חברות והמרה",2026-04-30,74560000.0,הראל,,True,False,0.003,0.0,2236.8,0.003,2236.8,0
5132055,ב. אלטרנטיב 10/90,"אג""ח כללי בארץ- עד 10% מניות ללא סימן קריאה",,"אג""ח בארץ - כללי",2026-04-30,275510000.0,איילון,בסט אלטרנטיב,False,False,0.0079,0.0035,21765.29,0.004400000000000001,12122.440000000004,0
5132063,"אי בי אי מחקה משולבת S&P סקטורים ארה""ב חודשי מנוטרלת מט""ח","מניות בחו""ל קרן משולבת",,"מניות בחו""ל",2026-04-30,21080000.0,אי.בי.אי,,True,False,0.005,0.0,1054.0,0.005,1054.0,0
5132071,"אי בי אי מחקה DJ Internet Composite מנוטרלת מט""ח",Internet,,"מניות בחו""ל",2026-04-30,29250000.0,אי.בי.אי,,True,False,0.008,0.0,2340.0,0.008,2340.0,0
5132089,"קסם KTFי משולבת S&P סקטורים ארה""ב חודשי","מניות בחו""ל קרן משולבת",,"מניות בחו""ל",2026-04-30,74480000.0,קסם,,True,False,0.0,0.0,0.0,0.0,0.0,0
5132113,איילון בונד A-AA,חברות והמרה עם מניות ללא סימן קריאה,,"אג""ח בארץ- חברות והמרה",2026-04-30,5650000.0,איילון,,False,False,0.0075,0.0035,423.74999999999994,0.004,226.00000000000003,0
5132121,"קבין אג""ח ללא מניות","אג""ח כללי בארץ ללא מניות וללא סימן קריאה",,"אג""ח בארץ - כללי",2026-04-30,1290500000.0,איילון,קבין,False,False,0.0079,0.0035,101949.50000000001,0.004400000000000001,56782.000000000015,0
5132139,איביאי מחקה משולבת טכנולוגיה עולמי חודשי,"מניות בחו""ל קרן משולבת",,"מניות בחו""ל",2026-04-30,22790000.0,אי.בי.אי,,True,False,0.005,0.0,1139.5,0.005,1139.5,0
5132147,אי בי אי מחקה S&P Technology,Technology,,"מניות בחו""ל",2026-04-30,107360000.0,אי.בי.אי,,True,False,0.005,0.0,5368.0,0.005,5368.0,0
5132154,"אי בי אי מחקה S&P Technology מנוטרלת מט""ח",Technology,,"מניות בחו""ל",2026-04-30,149380000.0,אי.בי.אי,,True,False,0.005,0.0,7469.0,0.005,7469.0,0
5132162,"תכלית TTF אינדקס ביג טק 30 ארה""ב מנוטרלת מט""ח",Technology,,"מניות בחו""ל",2026-04-30,231180000.0,מיטב,,True,False,0.005,0.0,11559.0,0.005,11559.0,0
5132204,פסטרנק שהם (!) 10/90,"אג""ח כללי בארץ- עד 10% מניות ועם סימן קריאה",,"אג""ח בארץ - כללי",2026-04-30,271320000.0,איילון,פסטרנק שהם,False,False,0.0073,0.0035,19806.36,0.0038,10310.16,0
5132220,מור מחקה אינדקס סייבר למחשוב ענן גלובלי,Cyber Security,,"מניות בחו""ל",2026-04-30,63960000.0,מור,,True,False,0.008,0.0,5116.8,0.008,5116.8,0
5132279,"קסם KTF אינדקס Cloud Computing מנוטרלת מט""ח",Cloud Computing,,"מניות בחו""ל",2026-04-30,9370000.0,קסם,,True,False,0.005,0.0,468.5,0.005,468.5,0
5132287,איילון ואליו 2 מניות חו''ל ESG עד 30% מט''ח,"מניות כללי בחו""ל מוגנת מט""ח",,"מניות בחו""ל",2026-04-30,4720000.0,איילון,,False,False,0.0148,0.0035,698.5600000000001,0.011300000000000001,533.36,0
5132295,הראל מחקה אינדקס קמעונאות ומסחר ישראל,שילוב ענפים,,מניות בארץ,2026-04-30,31300000.0,הראל,,True,False,0.0034999999999999996,0.0,1095.5,0.0034999999999999996,1095.5,0
5132303,אילים מניות בנקים,מניות לפי ענפים,,מניות בארץ,2026-04-30,438920000.0,אילים,,False,False,0.0069,0.0035,30285.48,0.0034,14923.28,0
5132329,אי בי אי מחקה DJ Asia Dividend 30,אסיה ופסיפיק- כללי,,"מניות בחו""ל",2026-04-30,18990000.0,אי.בי.אי,,True,False,0.008,0.0,1519.2,0.008,1519.2,0
5132337,אי בי אי מחקה S&P Regional Banks,Banking,,"מניות בחו""ל",2026-04-30,6240000.0,אי.בי.אי,,True,False,0.0,0.0,0.0,0.0,0.0,0
5132345,"אי בי אי מחקה Japan 50 Dividend iNDEX מנוטרלת מט""ח",אסיה ופסיפיק- שווקים מפותחים,,"מניות בחו""ל",2026-04-30,44040000.0,אי.בי.אי,,True,False,0.008,0.0,3523.2000000000003,0.008,3523.2000000000003,0
5132360,אי בי אי מחקה S&P Communication Services,Communication,,"מניות בחו""ל",2026-04-30,30440000.0,אי.בי.אי,,True,False,0.005,0.0,1522.0,0.005,1522.0,0
5132378,"קסם KTF אינדקס Travel מנוטרלת מט""ח",Travel,,"מניות בחו""ל",2026-04-30,11840000.0,קסם,,True,False,0.006999999999999999,0.0,828.8,0.006999999999999999,828.8,0
5132386,"פוקוס (!) אג""ח חברות",חברות והמרה ללא מניות עם סימן קריאה,,"אג""ח בארץ- חברות והמרה",2026-04-30,115360000.0,איילון,פוקוס,False,False,0.0089,0.0035,10267.039999999999,0.0054,6229.4400000000005,0
5132394,קסם KTFי CSI300,אסיה ופסיפיק- שווקים מתעוררים,,"מניות בחו""ל",2026-04-30,8530000.0,קסם,,True,False,0.005,0.0,426.5,0.005,426.5,0
5132402,קסם KTF תל בונד צמודות-בנקים ללא COCO,בריבית קבועה,,"אג""ח בארץ- חברות והמרה",2026-04-30,92150000.0,קסם,,True,False,0.0015,0.0,1382.25,0.0015,1382.25,0
5132410,פלקון 20/80,"אג""ח כללי בארץ- עד 20% מניות",,"אג""ח בארץ - כללי",2026-04-30,46810000.0,סיגמא,פלקון,False,False,0.0079,0.0035,3697.9900000000002,0.004400000000000001,2059.640000000001,0
5132428,אלפי בנדק עוקבת תיק 3 הבנק הבינלאומי,"אג""ח כללי בארץ- עד 30% מניות",,"אג""ח בארץ - כללי",2026-04-30,62470000.0,הראל,אלפי בנדק,False,False,0.0059,0.0035,3685.73,0.0024,1499.2799999999997,0
5132436,"אלפי בנדק מניות חו""ל","מניות כללי בחו""ל חשופת מט""ח",,"מניות בחו""ל",2026-04-30,86080000.0,הראל,אלפי בנדק,False,False,0.0169,0.0035,14547.519999999999,0.013399999999999999,11534.719999999998,0
5132493,איביאי מחקה BlueStar Global GreenTech,Technology,,"מניות בחו""ל",2026-04-30,9740000.0,אי.בי.אי,,True,False,0.008,0.0,779.2,0.008,779.2,0
5132519,אי בי אי מחקה תל בונד שקלי 50,בריבית קבועה,,"אג""ח בארץ- חברות והמרה",2026-04-30,298000000.0,אי.בי.אי,,True,False,0.002,0.0,5960.000000000001,0.002,5960.000000000001,0
5132527,אי בי אי מחקה ISE Cyber Security,Cyber Security,,"מניות בחו""ל",2026-04-30,14870000.0,אי.בי.אי,,True,False,0.005,0.0,743.5,0.005,743.5,0
5132535,"תכלית TTF אינדקס ישראל A ומעלה פקטור מרווח מאג""ח ממשלתי","אג""ח חברות שקלי וצמוד",,"אג""ח בארץ- חברות והמרה",2026-04-30,208490000.0,מיטב,,True,False,0.0025,0.0,5212.25,0.0025,5212.25,0
5132568,"תמיר פישמן (!) אג""ח חברות",חברות והמרה ללא מניות עם סימן קריאה,,"אג""ח בארץ- חברות והמרה",2026-04-30,62470000.0,תמיר פישמן,,False,False,0.0055000000000000005,0.0035,3435.8500000000004,0.0020000000000000005,1249.4000000000003,0
5132592,"הראל מחקה אינדקס A-AAA ת""א שקלי - נקובה $",בריבית קבועה,,"אג""ח בארץ- חברות והמרה",2026-04-30,124200000.0,הראל,,True,False,0.0034999999999999996,0.0,4347.0,0.0034999999999999996,4347.0,0
5132626,"אי בי אי מחקה אינדקס אג""ח במרווח גבוה","אג""ח חברות שקלי וצמוד",,"אג""ח בארץ- חברות והמרה",2026-04-30,325200000.0,אי.בי.אי,,True,False,0.003,0.0,9756.0,0.003,9756.0,0
5132634,"הראל אג""ח ישראל - נקובה $","אג""ח כללי בארץ ללא מניות וללא סימן קריאה",,"אג""ח בארץ - כללי",2026-04-30,32740000.000000004,הראל,,False,False,0.0049,0.0035,1604.2600000000002,0.0013999999999999998,458.36,0
5132709,איביאי מחקה אינדקס רכב חשמלי גלובלי,Transportation,,"מניות בחו""ל",2026-04-30,5140000.0,אי.בי.אי,,True,False,0.008,0.0,411.20000000000005,0.008,411.20000000000005,0
5132782,"קסם KTF ת""א-בנייה","נדל""ן ובנייה",,מניות בארץ,2026-04-30,51870000.0,קסם,,True,False,0.0,0.0,0.0,0.0,0.0,0
5132790,קבין 10/90,"אג""ח כללי בארץ- עד 10% מניות ללא סימן קריאה",,"אג""ח בארץ - כללי",2026-04-30,1105320000.0,איילון,קבין,False,False,0.0079,0.0035,87320.28000000001,0.004400000000000001,48634.080000000016,0
5132832,קסם אקטיב דולר פי 3,ממונפות בסיכון גבוה,,ממונפות ואסטרטגיות,2026-04-30,31310000.0,קסם,,False,False,0.01,0.0035,3131.0,0.006500000000000001,2035.1500000000003,0
5132865,הראל מחקה אינדקס A-AA צמוד 0-2,בריבית קבועה - קצר,,"אג""ח בארץ- חברות והמרה",2026-04-30,127010000.0,הראל,,True,False,0.002,0.0,2540.2000000000003,0.002,2540.2000000000003,0
5132873,אקורד 30/70,"אג""ח כללי בארץ- עד 30% מניות",,"אג""ח בארץ - כללי",2026-04-30,201690000.0,איילון,אקורד ניהול השקעות,False,False,0.0088,0.0035,17748.72,0.005300000000000001,10689.570000000002,0
5132923,תכלית TTF אינדקס ביג טק 30 סין מנוטרלת דולר,Technology,,"מניות בחו""ל",2026-04-30,9390000.0,מיטב,,True,False,0.008,0.0,751.2,0.008,751.2,0
5132931,"קסם KTF אינדקס אג""ח A משקל שווה","אג""ח חברות שקלי וצמוד",,"אג""ח בארץ- חברות והמרה",2026-04-30,68460000.0,קסם,,True,False,0.002,0.0,1369.2,0.002,1369.2,0
5132949,"קסם KTF אינדקס אג""ח AA משקל שווה","אג""ח חברות שקלי וצמוד",,"אג""ח בארץ- חברות והמרה",2026-04-30,50650000.0,קסם,,True,False,0.0034999999999999996,0.0,1772.7499999999998,0.0034999999999999996,1772.7499999999998,0
5132956,"קסם KTF אינדקס אג""ח סקטור באלאנס","אג""ח חברות שקלי וצמוד",,"אג""ח בארץ- חברות והמרה",2026-04-30,31190000.0,קסם,,True,False,0.0,0.0,0.0,0.0,0.0,0
5132972,"קסם KTFי MVIS US Listed Semiconductor 25 מנוטרלת מט""ח",Semiconductor,,"מניות בחו""ל",2026-04-30,443190000.0,קסם,,True,False,0.005,0.0,22159.5,0.005,22159.5,0
5132998,הראל 15/85 - נקובה $,"אג""ח כללי בארץ- עד 15% מניות",,"אג""ח בארץ - כללי",2026-04-30,236530000.0,הראל,,False,False,0.0069,0.0035,16320.57,0.0034,8042.0199999999995,0
5133038,"MTF מחקה אינדקס הייטק ישראלי בחו""ל מנוטרלת דולר",Technology,,"מניות בחו""ל",2026-04-30,3370000.0,מגדל,,True,False,0.005,0.0,168.5,0.005,168.5,0
5133061,MTF מחקה S&P CHINA 500 מנוטרלת דולר,אסיה ופסיפיק- שווקים מתעוררים,,"מניות בחו""ל",2026-04-30,11630000.0,מגדל,,True,False,0.005,0.0,581.5,0.005,581.5,0
5133111,"פסטרנק שהם מניות חו""ל","מניות כללי בחו""ל חשופת מט""ח",,"מניות בחו""ל",2026-04-30,293350000.0,איילון,פסטרנק שהם,False,False,0.0175,0.0035,51336.25000000001,0.014000000000000002,41069.00000000001,0
5133129,מור מניות צמיחה גלובלי,"מניות כללי בחו""ל חשופת מט""ח",,"מניות בחו""ל",2026-04-30,244580000.0,מור,,False,False,0.0176,0.0035,43046.08000000001,0.014100000000000001,34485.780000000006,0
5133137,איביאי צמודה 20/90,אסטרטגיות (לא ממונפות),,ממונפות ואסטרטגיות,2026-04-30,665270000.0,אי.בי.אי,,False,False,0.0089,0.0035,59209.03,0.0054,35924.58,0
5133145,הראל מחקה אינדקס A-AAA ריאליות פקטור מרווח מאג''ח ממשלתי,"אג""ח חברות שקלי וצמוד",,"אג""ח בארץ- חברות והמרה",2026-04-30,46990000.0,הראל,,True,False,0.003,0.0,1409.7,0.003,1409.7,0
5133152,"הראל מחקה אינדקס אג""ח מנפיקים ישראלים במשקל שווה","אג""ח חברות שקלי וצמוד",,"אג""ח בארץ- חברות והמרה",2026-04-30,14770000.0,הראל,,True,False,0.002,0.0,295.40000000000003,0.002,295.40000000000003,0
5133186,אביב - שגב גמישה,גמישות,,גמישות,2026-04-30,19860000.0,איילון,אביב-שגב,False,False,0.018500000000000003,0.0035,3674.1000000000004,0.015000000000000003,2979.000000000001,0
5133202,MTF מחקה תל בונד-שקלי AA-AAA,בריבית קבועה,,"אג""ח בארץ- חברות והמרה",2026-04-30,84720000.0,מגדל,,True,False,0.0,0.0,0.0,0.0,0.0,0
5133210,MTF מחקה תל בונד-צמודות AA-AAA,בריבית קבועה,,"אג""ח בארץ- חברות והמרה",2026-04-30,391480000.0,מגדל,,True,False,0.001,0.0,3914.8,0.001,3914.8,0
5133236,ATF מחקה אינדקס בנקים וביטוח ישראל,שילוב ענפים,,מניות בארץ,2026-04-30,724060000.0,אנליסט,,True,False,0.005,0.0,36203.0,0.005,36203.0,0
5133269,"אלטשולר שחם מחקה A.B SmartBeta USA Pure Value מנוטרלת מט""ח",אמריקה- כללי,,"מניות בחו""ל",2026-04-30,4960000.0,אלטשולר שחם,,True,False,0.009000000000000001,0.0,446.40000000000003,0.009000000000000001,446.40000000000003,0
5133293,"אי בי אי מחקה S&P Semiconductor Select Industry מנוטרלת מט""ח",Semiconductor,,"מניות בחו""ל",2026-04-30,54560000.0,אי.בי.אי,,True,False,0.004,0.0,2182.4,0.004,2182.4,0
5133301,סיגמא 50/50,"אג""ח כללי בארץ - חשיפה מרבית מעל 30% מניות",,"אג""ח בארץ - כללי",2026-04-30,62880000.0,סיגמא,,False,False,0.0079,0.0035,4967.52,0.004400000000000001,2766.7200000000007,0
5133335,"תכלית TTFי Nasdaq CTA US Artificial Intelligence and Robotics מנוטרלת מט""ח",Robotics,,"מניות בחו""ל",2026-04-30,7620000.0,מיטב,,True,False,0.008,0.0,609.6,0.008,609.6,0
5133343,סלע 20/80,"אג""ח כללי בארץ- עד 20% מניות",,"אג""ח בארץ - כללי",2026-04-30,6490000.0,איילון,סלע בית השקעות,False,False,0.0075,0.0035,486.74999999999994,0.004,259.6,0
5133376,"תכלית TTF אינדקס ישראל צמוד A ומעלה פקטור מרווח מאג""ח ממשלתי",בריבית קבועה,,"אג""ח בארץ- חברות והמרה",2026-04-30,120730000.0,מיטב,,True,False,0.0015,0.0,1810.95,0.0015,1810.95,0
5133384,"קסם אקטיב מניות נדל""ן",מניות לפי ענפים,,מניות בארץ,2026-04-30,8400000.0,קסם,,False,False,0.006999999999999999,0.0035,588.0,0.003499999999999999,293.99999999999994,0
5133392,קסם KTF תל בונד-צמודות A,בריבית קבועה,,"אג""ח בארץ- חברות והמרה",2026-04-30,784960000.0,קסם,,True,False,0.0025,0.0,19624.0,0.0025,19624.0,0
5133434,"קסם KTFי Indxx US Infrastructure מנוטרלת מט""ח",Utilities,,"מניות בחו""ל",2026-04-30,75290000.0,קסם,,True,False,0.005,0.0,3764.5,0.005,3764.5,0
5133459,פורצ'ן 20/80,"אג""ח כללי בארץ- עד 20% מניות",,"אג""ח בארץ - כללי",2026-04-30,69300000.0,איילון,פורצ'ן,False,False,0.0079,0.0035,5474.700000000001,0.004400000000000001,3049.2000000000007,0
5133525,פוקוס מניות,מניות All Cap,,מניות בארץ,2026-04-30,80160000.0,איילון,פוקוס,False,False,0.0169,0.0035,13547.039999999999,0.013399999999999999,10741.439999999999,0
5133533,איביאי מחקה אינדקס פיננסים ישראל איזון ענפי,פיננסים,,מניות בארץ,2026-04-30,334010000.0,אי.בי.אי,,True,False,0.006500000000000001,0.0,21710.65,0.006500000000000001,21710.65,0
5133541,"תכלית TTF ת""א-בנייה","נדל""ן ובנייה",,מניות בארץ,2026-04-30,245990000.0,מיטב,,True,False,0.002,0.0,4919.8,0.002,4919.8,0
5133574,"הראל מחקה NASDAQ 100 מנוטרלת מט""ח",אמריקה- שווקים מפותחים,,"מניות בחו""ל",2026-04-30,937290000.0,הראל,,True,False,0.0,0.0,0.0,0.0,0.0,0
5133582,"תכלית TTF ת""א-ביטוח ושירותים פיננסים",ביטוח,,מניות בארץ,2026-04-30,627500000.0,מיטב,,True,False,0.003,0.0,18825.0,0.003,18825.0,0
5133608,"הראל מחקה אינדקס AA-AAA ת""א 0-2 - נקובה $","אג""ח חברות שקלי וצמוד",,"אג""ח בארץ- חברות והמרה",2026-04-30,39000000.0,הראל,,True,False,0.0025,0.0,975.0,0.0025,975.0,0
5133616,הראל מחקה אינדקס בנקים ישראל,בנקאות ואשראי חוץ בנקאי,,מניות בארץ,2026-04-30,266079999.99999997,הראל,,True,False,0.005,0.0,13304.0,0.005,13304.0,0
5133632,ילין לפידות אגד ישראלי עד 30% מניות,אגד ישראלי,,אגד קרנות,2026-04-30,56090000.0,ילין לפידות,,False,False,0.0,0.0035,0.0,-0.0035,-1963.1500000000003,0
5133640,ילין לפידות אגד ישראלי עד 15% מניות,אגד ישראלי,,אגד קרנות,2026-04-30,64349999.99999999,ילין לפידות,,False,False,0.0,0.0035,0.0,-0.0035,-2252.25,0
5133657,איביאי מחקה אינדקס שבבים גלובלי משקל שווה מנוטרלת דולר,Semiconductor,,"מניות בחו""ל",2026-04-30,83390000.0,אי.בי.אי,,True,False,0.008,0.0,6671.200000000001,0.008,6671.200000000001,0
5133673,אי בי אי מחקה אינדקס A-AA שקלי 0-2 - נקובה $,בריבית קבועה - קצר,,"אג""ח בארץ- חברות והמרה",2026-04-30,25910000.0,אי.בי.אי,,True,False,0.0,0.0,0.0,0.0,0.0,0
5133681,"תכלית TTFי S&P 900 Pure Value מנוטרלת מט""ח",אמריקה- שווקים מפותחים,,"מניות בחו""ל",2026-04-30,53490000.0,מיטב,,True,False,0.005,0.0,2674.5,0.005,2674.5,0
5133699,קסם KTFי Bloomberg Agriculture,מדד סחורות,,סחורות,2026-04-30,9250000.0,קסם,,True,False,0.008,0.0,740.0000000000001,0.008,740.0000000000001,0
5133707,דולפין 25/75,"אג""ח כללי בארץ- עד 25% מניות",,"אג""ח בארץ - כללי",2026-04-30,338030000.0,איילון,דולפין 1 השקעות,False,False,0.0079,0.0035,26704.370000000003,0.004400000000000001,14873.320000000003,0
5133715,MTF מחקה אינדקס Global Manufacturers מנוטרלת דולר,שילוב ענפים,,"מניות בחו""ל",2026-04-30,9430000.0,מגדל,,True,False,0.008,0.0,754.4000000000001,0.008,754.4000000000001,0
5133731,איילון השקעות,גמישות,,גמישות,2026-04-30,15480000.0,איילון,,False,False,0.0154,0.0035,2383.92,0.0119,1842.1200000000001,0
5133756,הראל מחקה All Bond כללי,"אג""ח בארץ כללי",,"אג""ח בארץ כללי",2026-04-30,24890000.0,הראל,,True,False,0.002,0.0,497.80000000000007,0.002,497.80000000000007,0
5133764,"הראל מחקה ת""א All-Share",All Cap,,מניות בארץ,2026-04-30,29770000.0,הראל,,True,False,0.0025,0.0,744.25,0.0025,744.25,0
5133772,קסם KTF אינדקס צמוד מדורג Top60 ללא בנקים,בריבית קבועה,,"אג""ח בארץ- חברות והמרה",2026-04-30,254940000.0,קסם,,True,False,0.001,0.0,2549.4,0.001,2549.4,0
5133780,מור אגד ישראלי עד 30% מניות,אגד ישראלי,,אגד קרנות,2026-04-30,190980000.0,מור,,False,False,0.0,0.0035,0.0,-0.0035,-6684.300000000001,0
5133798,מור אגד ישראלי עד 15% מניות,אגד ישראלי,,אגד קרנות,2026-04-30,221290000.0,מור,,False,False,0.0,0.0035,0.0,-0.0035,-7745.150000000001,0
5133822,מיטב תיק עד 15% מניות-אגד ישראלי,אגד ישראלי,,אגד קרנות,2026-04-30,103460000.0,מיטב,,False,False,0.0,0.0035,0.0,-0.0035,-3621.1000000000004,0
5133830,מיטב תיק עד 30% מניות-אגד ישראלי,אגד ישראלי,,אגד קרנות,2026-04-30,90720000.0,מיטב,,False,False,0.0,0.0035,0.0,-0.0035,-3175.2000000000003,0
5133871,פלקון תיק השקעות + 30%,"אג""ח כללי בארץ- עד 30% מניות",,"אג""ח בארץ - כללי",2026-04-30,32119999.999999996,סיגמא,פלקון,False,False,0.0079,0.0035,2537.48,0.004400000000000001,1413.2800000000002,0
5133897,"MTF מחקה אינדקס נדל""ן למגורים ארה""ב Top10 מנוטרלת מט""ח",REIT - Real Estate,,"מניות בחו""ל",2026-04-30,5130000.0,מגדל,,True,False,0.005,0.0,256.5,0.005,256.5,0
5133905,"ATF מחקה אינדקס אג""ח חברות ישראל EW TOP 100","אג""ח חברות שקלי וצמוד",,"אג""ח בארץ- חברות והמרה",2026-04-30,134340000.0,אנליסט,,True,False,0.002,0.0,2686.8,0.002,2686.8,0
5133939,"מיטב תיק אג""ח + 15%","אג""ח כללי בארץ- עד 15% מניות",,"אג""ח בארץ - כללי",2026-04-30,73640000.0,מיטב,,False,False,0.0034999999999999996,0.0035,2577.3999999999996,-4.336808689942018e-19,-3.193625919273302e-13,0
5133947,"מור 20/80 מניות חו""ל","אג""ח כללי בארץ- עד 20% מניות",,"אג""ח בארץ - כללי",2026-04-30,1342490000.0,מור,,False,False,0.008199999999999999,0.0035,110084.17999999998,0.004699999999999999,63097.029999999984,0
5133954,"אלטשולר שחם אג""ח מדינה שקליות","אג""ח מדינה שקליות- ללא מניות",,"אג""ח בארץ- מדינה",2026-04-30,57850000.0,אלטשולר שחם,,False,False,0.006999999999999999,0.0035,4049.4999999999995,0.003499999999999999,2024.7499999999993,0
5133996,"איביאי מחקה משולבת מניות נדל""ן ישראליות חודשי",מניות בארץ קרן משולבת,,מניות בארץ,2026-04-30,12410000.0,אי.בי.אי,,True,False,0.005,0.0,620.5,0.005,620.5,0
5134002,קסם אקטיב אגד ישראלי עד 15% מניות,אגד ישראלי,,אגד קרנות,2026-04-30,167760000.0,קסם,,False,False,0.0,0.0035,0.0,-0.0035,-5871.6,0
5134010,קסם אקטיב אגד ישראלי עד 30% מניות,אגד ישראלי,,אגד קרנות,2026-04-30,139360000.0,קסם,,False,False,0.0,0.0035,0.0,-0.0035,-4877.6,0
5134028,מיטב 25/75,"אג""ח כללי בארץ- עד 25% מניות",,"אג""ח בארץ - כללי",2026-04-30,854660000.0,מיטב,,False,False,0.0059,0.0035,50424.939999999995,0.0024,20511.839999999997,0
5134036,"מיטב אג""ח ללא מניות","אג""ח כללי בארץ ללא מניות וללא סימן קריאה",,"אג""ח בארץ - כללי",2026-04-30,415780000.0,מיטב,,False,False,0.0059,0.0035,24531.02,0.0024,9978.72,0
5134044,איביאי מחקה אינדקס פודטק גלובלי מנוטרלת דולר,Technology,,"מניות בחו""ל",2026-04-30,1670000.0,אי.בי.אי,,True,False,0.008,0.0,133.60000000000002,0.008,133.60000000000002,0
5134069,פוקוס 30/70,"אג""ח כללי בארץ- עד 30% מניות",,"אג""ח בארץ - כללי",2026-04-30,637970000.0,איילון,פוקוס,False,False,0.0079,0.0035,50399.630000000005,0.004400000000000001,28070.680000000008,0
5134077,איילון מניות בלוקצ'יין וכרייה,"מניות לפי ענפים בחו""ל",,"מניות בחו""ל",2026-04-30,19740000.0,איילון,,False,False,0.018500000000000003,0.0035,3651.9000000000005,0.015000000000000003,2961.000000000001,0
5134093,"אי בי אי מחקה ת""א-ביטוח",ביטוח,,מניות בארץ,2026-04-30,526659999.99999994,אי.בי.אי,,True,False,0.006,0.0,31599.6,0.006,31599.6,0
5134101,הראל מחקה אינדקס מניות ערך ישראל,Large & Mid Cap,,מניות בארץ,2026-04-30,441890000.0,הראל,,True,False,0.006500000000000001,0.0,28722.850000000002,0.006500000000000001,28722.850000000002,0
5134119,מור מחקה אינדקס יצרני ציוד לשבבים גלובלי,Semiconductor,,"מניות בחו""ל",2026-04-30,172120000.0,מור,,True,False,0.0075,0.0,12908.999999999998,0.0075,12908.999999999998,0
5134135,MTF מחקה אינדקס Global Metals & Minerals producers מנוטרלת דולר,Materials,,"מניות בחו""ל",2026-04-30,121430000.0,מגדל,,True,False,0.008,0.0,9714.400000000001,0.008,9714.400000000001,0
5134143,אימפקט Global Shares,"מניות כללי בחו""ל חשופת מט""ח",,"מניות בחו""ל",2026-04-30,324330000.0,איילון,אימפקט,False,False,0.0167,0.0035,54163.11,0.0132,42811.560000000005,0
5134150,אלטשולר שחם מחקה A.B SmartBeta Mid - Small Cap MultiFactor Top 30 TA,Mid  & Small Cap,,מניות בארץ,2026-04-30,15870000.0,אלטשולר שחם,,True,False,0.008,0.0,1269.6000000000001,0.008,1269.6000000000001,0
5134168,אי בי אי מחקה אינדקס בנקים ישראל,בנקאות ואשראי חוץ בנקאי,,מניות בארץ,2026-04-30,634670000.0,אי.בי.אי,,True,False,0.005,0.0,31733.5,0.005,31733.5,0
5134176,אילים מניות תשתיות,מניות לפי ענפים,,מניות בארץ,2026-04-30,312040000.0,אילים,,False,False,0.0069,0.0035,21530.76,0.0034,10609.36,0
5134200,איביאי מחקה משולבת מניות ישראל חודשי,מניות בארץ קרן משולבת,,מניות בארץ,2026-04-30,91590000.0,אי.בי.אי,,True,False,0.0,0.0,0.0,0.0,0.0,0
5134218,קבין גמישה,גמישות,,גמישות,2026-04-30,21340000.0,איילון,קבין,False,False,0.018000000000000002,0.0035,3841.2000000000003,0.014500000000000002,3094.3000000000006,0
5134226,"פסטרנק שהם אג""ח כללי ללא מניות","אג""ח כללי בארץ ללא מניות וללא סימן קריאה",,"אג""ח בארץ - כללי",2026-04-30,224350000.0,איילון,פסטרנק שהם,False,False,0.0075,0.0035,16826.25,0.004,8974.0,0
5134234,פסטרנק שהם 20/80,"אג""ח כללי בארץ- עד 20% מניות",,"אג""ח בארץ - כללי",2026-04-30,472600000.0,איילון,פסטרנק שהם,False,False,0.0078000000000000005,0.0035,36862.8,0.0043,20321.8,0
5134242,MTF מחקה אינדקס Global Semiconductors מנוטרלת דולר,Semiconductor,,"מניות בחו""ל",2026-04-30,98180000.0,מגדל,,True,False,0.008,0.0,7854.400000000001,0.008,7854.400000000001,0
5134267,איביאי אגד ישראלי עד 30% מניות,אגד ישראלי,,אגד קרנות,2026-04-30,121500000.0,אי.בי.אי,,False,False,0.0,0.0035,0.0,-0.0035,-4252.5,0
5134275,איביאי אגד ישראלי עד 15% מניות,אגד ישראלי,,אגד קרנות,2026-04-30,152450000.0,אי.בי.אי,,False,False,0.0,0.0035,0.0,-0.0035,-5335.750000000001,0
5134283,"פורצ'ן מניות חו""ל","מניות כללי בחו""ל חשופת מט""ח",,"מניות בחו""ל",2026-04-30,28420000.0,איילון,פורצ'ן,False,False,0.018000000000000002,0.0035,5115.6,0.014500000000000002,4120.900000000001,0
5134291,דיאמונד 10/90,"אג""ח כללי בארץ- עד 10% מניות ללא סימן קריאה",,"אג""ח בארץ - כללי",2026-04-30,42910000.0,איילון,דיאמונד,False,False,0.0079,0.0035,3389.8900000000003,0.004400000000000001,1888.0400000000006,0
5134309,מגדל כספית,כספית שקלית עם קונצרני,,קרן כספית,2026-04-30,5259020000.0,מגדל,,False,False,0.0023899999999999998,0.001,125690.578,0.0013899999999999997,73100.37799999998,1
5134317,ילין לפידות Large & Mid cap ישראל,מניות Large & Mid Cap,,מניות בארץ,2026-04-30,224620000.0,ילין לפידות,,False,False,0.012,0.0035,26954.4,0.0085,19092.7,0
5134333,פינסה 20/80,"אג""ח כללי בארץ- עד 20% מניות",,"אג""ח בארץ - כללי",2026-04-30,467210000.0,סיגמא,פינסה ניהול נכסים,False,False,0.0079,0.0035,36909.590000000004,0.004400000000000001,20557.240000000005,0
5134341,פינסה 10/90,"אג""ח כללי בארץ- עד 10% מניות ללא סימן קריאה",,"אג""ח בארץ - כללי",2026-04-30,114880000.0,סיגמא,פינסה ניהול נכסים,False,False,0.0079,0.0035,9075.52,0.004400000000000001,5054.720000000001,0
5134358,פינסה מניות,מניות All Cap,,מניות בארץ,2026-04-30,158820000.0,סיגמא,פינסה ניהול נכסים,False,False,0.018000000000000002,0.0035,28587.600000000002,0.014500000000000002,23028.900000000005,0
5134366,"פינסה אג""ח ללא מניות","אג""ח כללי בארץ ללא מניות וללא סימן קריאה",,"אג""ח בארץ - כללי",2026-04-30,995440000.0,סיגמא,פינסה ניהול נכסים,False,False,0.0075,0.0035,74658.0,0.004,39817.600000000006,0
5134374,פינסה גמישה,גמישות,,גמישות,2026-04-30,50420000.0,סיגמא,פינסה ניהול נכסים,False,False,0.017,0.0035,8571.400000000001,0.013500000000000002,6806.700000000002,0
5134390,"תכלית TTF אינדקס ישראל שקלי A ומעלה פקטור מרווח מאג""ח ממשלתי",בריבית קבועה,,"אג""ח בארץ- חברות והמרה",2026-04-30,36040000.0,מיטב,,True,False,0.0015,0.0,540.6,0.0015,540.6,0
5134416,"איביאי מחקה אינדקס מניות ערך ארה""ב פיזור סקטוריאלי מנוטרלת מט""ח",אמריקה- כללי,,"מניות בחו""ל",2026-04-30,16600000.000000002,אי.בי.אי,,True,False,0.008,0.0,1328.0000000000002,0.008,1328.0000000000002,0
5134424,מור מחקה אינדקס ביטוח משקל שווה,ביטוח,,מניות בארץ,2026-04-30,384710000.0,מור,,True,False,0.004,0.0,15388.400000000001,0.004,15388.400000000001,0
5134432,פורטה 30/70,"אג""ח כללי בארץ- עד 30% מניות",,"אג""ח בארץ - כללי",2026-04-30,675430000.0,סיגמא,פורטה,False,False,0.0075,0.0035,50657.24999999999,0.004,27017.2,0
5134457,קסם אקטיב 25/75,"אג""ח כללי בארץ- עד 25% מניות",,"אג""ח בארץ - כללי",2026-04-30,38270000.0,קסם,,False,False,0.0059,0.0035,2257.93,0.0024,918.4799999999999,0
5134465,קסם אקטיב תיק השקעות + 30%,"אג""ח כללי בארץ- עד 30% מניות",,"אג""ח בארץ - כללי",2026-04-30,374130000.0,קסם,,False,False,0.0079,0.0035,29556.270000000004,0.004400000000000001,16461.720000000005,0
5134473,"קסם אקטיב אג""ח + 10%","אג""ח כללי בארץ- עד 10% מניות ללא סימן קריאה",,"אג""ח בארץ - כללי",2026-04-30,219570000.0,קסם,,False,False,0.0074,0.0035,16248.180000000002,0.0039000000000000003,8563.23,0
5134481,"קסם אקטיב אג""ח חברות + 10%",חברות והמרה עם מניות ללא סימן קריאה,,"אג""ח בארץ- חברות והמרה",2026-04-30,364560000.0,קסם,,False,False,0.0075,0.0035,27341.999999999996,0.004,14582.400000000001,0
5134523,איילון 30/70,"אג""ח כללי בארץ- עד 30% מניות",,"אג""ח בארץ - כללי",2026-04-30,32150000.0,איילון,,False,False,0.0089,0.0035,2861.35,0.0054,1736.1000000000001,0
5134531,MTF מחקה Nasdaq 100,אמריקה- שווקים מפותחים,,"מניות בחו""ל",2026-04-30,682900000.0,מגדל,,True,False,0.0,0.0,0.0,0.0,0.0,0
5134549,"MTF מחקה Nasdaq 100 מנוטרלת מט""ח",אמריקה- שווקים מפותחים,,"מניות בחו""ל",2026-04-30,1046619999.9999999,מגדל,,True,False,0.0,0.0,0.0,0.0,0.0,0
5134556,תכלית TTFי Indxx Semiconductor Equipment Providers מנוטרלת דולר,Semiconductor,,"מניות בחו""ל",2026-04-30,44490000.0,מיטב,,True,False,0.006,0.0,2669.4,0.006,2669.4,0
5134564,אי בי אי מחקה תל גוב-משתנה שקלי,ריבית משתנה ממשלתיות,,"אג""ח בארץ- מדינה",2026-04-30,4880000.0,אי.בי.אי,,True,False,0.0015,0.0,73.2,0.0015,73.2,0
5134606,"מיטב (!) תיק אג""ח ללא מניות","אג""ח כללי בארץ ללא מניות עם סימן קריאה",,"אג""ח בארץ - כללי",2026-04-30,19210000.0,מיטב,,False,False,0.0069,0.0035,1325.49,0.0034,653.14,0
5134614,"מיטב (!) תיק אג""ח + 10%","אג""ח כללי בארץ- עד 10% מניות ועם סימן קריאה",,"אג""ח בארץ - כללי",2026-04-30,12860000.0,מיטב,,False,False,0.0079,0.0035,1015.9400000000002,0.004400000000000001,565.8400000000001,0
5134663,"מיטב אג""ח מדינה ללא מניות","אג""ח מדינה כללי- ללא מניות",,"אג""ח בארץ- מדינה",2026-04-30,612590000.0,מיטב,,False,False,0.0059,0.0035,36142.81,0.0024,14702.159999999998,0
5134671,"אי בי אי מחקה ת""א 125 - נקובה $",Large & Mid Cap,,מניות בארץ,2026-04-30,444910000.0,אי.בי.אי,,True,False,0.0025,0.0,11122.75,0.0025,11122.75,0
5134689,"אי בי אי מחקה Shiller Barclays CAPE® US Core Mid-Month Sector מנוטרלת מט""ח",אמריקה- שווקים מפותחים,,"מניות בחו""ל",2026-04-30,615080000.0,אי.בי.אי,,True,False,0.0079,0.0,48591.32000000001,0.0079,48591.32000000001,0
5134705,הראל מחקה אינדקס לפדיון 2026 מנפיקים במשקל שווה (מתגלגל כל 6 שנים),"אג""ח חברות שקלי וצמוד",,"אג""ח בארץ- חברות והמרה",2026-04-30,38720000.0,הראל,,True,False,0.002,0.0,774.4000000000001,0.002,774.4000000000001,0
5134713,"MTF מחקה אינדקס ת""א-125 Smart Momentum",Large & Mid Cap,,מניות בארץ,2026-04-30,79660000.0,מגדל,,True,False,0.0,0.0,0.0,0.0,0.0,0
5134754,הראל אגד ישראלי עד 15% מניות,אגד ישראלי,,אגד קרנות,2026-04-30,18450000.0,הראל,,False,False,0.0,0.0035,0.0,-0.0035,-645.7500000000001,0
5134762,הראל אגד ישראלי עד 30% מניות,אגד ישראלי,,אגד קרנות,2026-04-30,20140000.0,הראל,,False,False,0.0,0.0035,0.0,-0.0035,-704.9000000000001,0
5134788,MTF מחקה אינדקס A מנגנון שקלי-צמוד,"אג""ח חברות שקלי וצמוד",,"אג""ח בארץ- חברות והמרה",2026-04-30,44860000.0,מגדל,,True,False,0.002,0.0,897.2,0.002,897.2,0
5134796,MTF מחקה אינדקס AA מנגנון שקלי-צמוד,"אג""ח חברות שקלי וצמוד",,"אג""ח בארץ- חברות והמרה",2026-04-30,31440000.0,מגדל,,True,False,0.002,0.0,628.8000000000001,0.002,628.8000000000001,0
5134804,"אילים (!) אג""ח קונצרני",חברות והמרה ללא מניות עם סימן קריאה,,"אג""ח בארץ- חברות והמרה",2026-04-30,685550000.0,אילים,,False,False,0.0069,0.0035,47302.95,0.0034,23308.7,0
5134812,אי בי אי מחקה Bloomberg US Corporate 1-5 Years,"חברות והמרה חשופת מט""ח - בינוני",,"אג""ח בחו""ל",2026-04-30,84800000.0,אי.בי.אי,,True,False,0.004,0.0,3392.0000000000005,0.004,3392.0000000000005,0
5134820,אי בי אי מחקה Bloomberg US Intermediate Credit,"אג""ח בחו""ל - אחר",,"אג""ח בחו""ל",2026-04-30,9590000.0,אי.בי.אי,,True,False,0.003,0.0,287.7,0.003,287.7,0
5134838,"אי בי אי מחקה Bloomberg US Corporate 1-5 Years מנוטרלת מט""ח","חברות והמרה  מנוטרלת מט""ח - בינוני",,"אג""ח בחו""ל",2026-04-30,203290000.0,אי.בי.אי,,True,False,0.004,0.0,8131.6,0.004,8131.6,0
5134846,פרופאונד 30/70,"אג""ח כללי בארץ- עד 30% מניות",,"אג""ח בארץ - כללי",2026-04-30,43180000.0,איילון,פרופאונד,False,False,0.0069,0.0035,2979.42,0.0034,1468.12,0
5134853,MTF מחקה אינדקס A שקלי אופק דירוג יציב או חיובי,בריבית קבועה,,"אג""ח בארץ- חברות והמרה",2026-04-30,60820000.0,מגדל,,True,False,0.002,0.0,1216.4,0.002,1216.4,0
5134879,אי בי אי מחקה S&P Industrial,Industrials,,"מניות בחו""ל",2026-04-30,28470000.0,אי.בי.אי,,True,False,0.006999999999999999,0.0,1992.8999999999999,0.006999999999999999,1992.8999999999999,0
5134887,אי בי אי מחקה S&P 500 Low Volatility High Dividend,אמריקה- שווקים מפותחים,,"מניות בחו""ל",2026-04-30,12760000.0,אי.בי.אי,,True,False,0.0,0.0,0.0,0.0,0.0,0
5134895,"אי בי אי מחקה iBoxx US Liquid Investment Grade 0-5 Years מנוטרלת מט""ח","חברות והמרה  מנוטרלת מט""ח",,"אג""ח בחו""ל",2026-04-30,71640000.0,אי.בי.אי,,True,False,0.003,0.0,2149.2000000000003,0.003,2149.2000000000003,0
5134911,אי בי אי מחקה תל בונד-שקלי A,בריבית קבועה,,"אג""ח בארץ- חברות והמרה",2026-04-30,131900000.0,אי.בי.אי,,True,False,0.0,0.0,0.0,0.0,0.0,0
5134929,קסם KTFי iBoxx USD Liquid FRN Investment Grade Corporates 100,"חברות והמרה חשופת מט""ח",,"אג""ח בחו""ל",2026-04-30,15770000.0,קסם,,True,False,0.005,0.0,788.5,0.005,788.5,0
5134960,איילון תיק עד 30% מניות - אגד ישראלי,אגד ישראלי,,אגד קרנות,2026-04-30,74870000.0,איילון,,False,False,0.0,0.0035,0.0,-0.0035,-2620.4500000000003,0
5134978,איילון תיק עד 15% מניות - אגד ישראלי,אגד ישראלי,,אגד קרנות,2026-04-30,69750000.0,איילון,,False,False,0.0,0.0035,0.0,-0.0035,-2441.2500000000005,0
5134986,"קסם KTFי Indxx US Tech Top 10 - MR מנוטרלת מט""ח",Technology,,"מניות בחו""ל",2026-04-30,272890000.0,קסם,,True,False,0.006,0.0,16373.4,0.006,16373.4,0
5135009,"מור (!) אג""ח + 10%","אג""ח כללי בארץ- עד 10% מניות ועם סימן קריאה",,"אג""ח בארץ - כללי",2026-04-30,1119670000.0,מור,,False,False,0.0075,0.0035,83975.24999999999,0.004,44786.8,0
5135017,"מור (!) אג""ח חברות זיקה לישראל- נקוב $",חברות והמרה עם מניות ועם סימן קריאה,,"אג""ח בארץ- חברות והמרה",2026-04-30,67680000.0,מור,,False,False,0.0079,0.0035,5346.72,0.004400000000000001,2977.920000000001,0
5135025,איביאי מחקה אינדקס סייבר גלובלי משקל שווה מנוטרלת דולר,Cyber Security,,"מניות בחו""ל",2026-04-30,4540000.0,אי.בי.אי,,True,False,0.004,0.0,181.60000000000002,0.004,181.60000000000002,0
5135041,הראל איתן אסטרטגיות,אסטרטגיות (לא ממונפות),,ממונפות ואסטרטגיות,2026-04-30,7010000.0,הראל,,False,False,0.0,0.0035,0.0,-0.0035,-245.35000000000002,0
5135058,Gse Spot מניות,מניות All Cap,,מניות בארץ,2026-04-30,10570000.0,איילון,ג'י. אס. אי. ספוט,False,False,0.018500000000000003,0.0035,1955.4500000000003,0.015000000000000003,1585.5000000000005,0
5135074,"תכלית TTFי PHLX Semiconductor Sector מנוטרלת מט""ח",Semiconductor,,"מניות בחו""ל",2026-04-30,453350000.0,מיטב,,True,False,0.005,0.0,22667.5,0.005,22667.5,0
5135090,"MTF מחקה ת""א-90 נקובה $",Mid Cap,,מניות בארץ,2026-04-30,82760000.0,מגדל,,True,False,0.0,0.0,0.0,0.0,0.0,0
5135108,"MTF מחקה Bloomberg US Analyst Recommendations מנוטרלת מט""ח",אמריקה- שווקים מפותחים,,"מניות בחו""ל",2026-04-30,440740000.0,מגדל,,True,False,0.008,0.0,35259.200000000004,0.008,35259.200000000004,0
5135116,קסם KTF אינדקס Top 60 צמוד - משקל תשואה לפדיון,בריבית קבועה,,"אג""ח בארץ- חברות והמרה",2026-04-30,29530000.0,קסם,,True,False,0.001,0.0,295.3,0.001,295.3,0
5135132,"קסם KTF ת""א-פמילי",אחר,,מניות בארץ,2026-04-30,18010000.0,קסם,,True,False,0.0025,0.0,450.25,0.0025,450.25,0
5135140,תכלית TTF תל בונד-שקלי A,בריבית קבועה,,"אג""ח בארץ- חברות והמרה",2026-04-30,188080000.0,מיטב,,True,False,0.0,0.0,0.0,0.0,0.0,0
5135157,"ילין לפידות מחקה אינדקס סייבר ארה""ב - מבוסס AI מנוטרלת מט""ח",Cyber Security,,"מניות בחו""ל",2026-04-30,12620000.0,ילין לפידות,,True,False,0.0077,0.0,971.74,0.0077,971.74,0
5135165,"ATF מחקה אינדקס ת""א-125 מומנטום ענפי",Large & Mid Cap,,מניות בארץ,2026-04-30,120580000.0,אנליסט,,True,False,0.005,0.0,6029.0,0.005,6029.0,0
5135173,"ברק אולטרה ת""א 35 פי 3",ממונפות בסיכון גבוה,,ממונפות ואסטרטגיות,2026-04-30,54600000.0,ברק,,False,False,0.018000000000000002,0.0035,9828.0,0.014500000000000002,7917.000000000002,0
5135181,ברק אולטרה S&P 500 פי 3,ממונפות בסיכון גבוה,,ממונפות ואסטרטגיות,2026-04-30,11360000.0,ברק,,False,False,0.018000000000000002,0.0035,2044.8000000000002,0.014500000000000002,1647.2000000000003,0
5135199,ברק אולטרה דאקס פי 3,ממונפות בסיכון גבוה,,ממונפות ואסטרטגיות,2026-04-30,9830000.0,ברק,,False,False,0.036000000000000004,0.0035,3538.8,0.0325,3194.75,0
5135207,"ברק אולטרה נאסד""ק 100 פי 3",ממונפות בסיכון גבוה,,ממונפות ואסטרטגיות,2026-04-30,30720000.0,ברק,,False,False,0.018000000000000002,0.0035,5529.6,0.014500000000000002,4454.400000000001,0
5135215,"ברק אולטרה ת""א 125 פי 3",ממונפות בסיכון גבוה,,ממונפות ואסטרטגיות,2026-04-30,59590000.0,ברק,,False,False,0.018000000000000002,0.0035,10726.2,0.014500000000000002,8640.550000000001,0
5135223,קסם אקטיב ברקת 30/70,"אג""ח כללי בארץ- עד 30% מניות",,"אג""ח בארץ - כללי",2026-04-30,64160000.0,קסם,,False,False,0.0058,0.0035,3721.2799999999997,0.0022999999999999995,1475.6799999999998,0
5135256,"ISP Asset Management מניות חו""ל","מניות כללי בחו""ל חשופת מט""ח",,"מניות בחו""ל",2026-04-30,52050000.0,איילון,איי.אס.פי.,False,False,0.016,0.0035,8328.0,0.0125,6506.25,0
5135264,"פרופאונד אג""ח ללא מניות","אג""ח כללי בארץ ללא מניות וללא סימן קריאה",,"אג""ח בארץ - כללי",2026-04-30,169250000.0,איילון,פרופאונד,False,False,0.009899999999999999,0.0035,16755.75,0.0063999999999999994,10832.0,0
5135272,"קסם KTFי משולבת מניות חו""ל מפותחות MidCap חודשי מנוטרלת מט""ח","מניות בחו""ל קרן משולבת",,"מניות בחו""ל",2026-04-30,18580000.0,קסם,,True,False,0.0,0.0,0.0,0.0,0.0,0
5135280,"אי בי אי מחקה EURO STOXX Dividend 30 מנוטרלת מט""ח",אירופה- כללי,,"מניות בחו""ל",2026-04-30,81680000.0,אי.בי.אי,,True,False,0.005,0.0,4084.0,0.005,4084.0,0
5135306,"אי בי אי מחקה iBoxx US Liquid Investment Grade Top 30 מנוטרלת מט""ח","חברות והמרה  מנוטרלת מט""ח",,"אג""ח בחו""ל",2026-04-30,10900000.0,אי.בי.אי,,True,False,0.006,0.0,654.0,0.006,654.0,0
5135322,אלפי בנדק גמישה,גמישות,,גמישות,2026-04-30,1820000.0,הראל,אלפי בנדק,False,False,0.025,0.0035,455.0,0.021500000000000002,391.3,0
5135330,קסם KTFי MSCI AC World,"מניות גלובליות - חשופת מט""ח",,"מניות בחו""ל",2026-04-30,163180000.0,קסם,,True,False,0.003,0.0,4895.400000000001,0.003,4895.400000000001,0
5135348,"הראל מחקה ת""א 90 - נקובה $",Mid Cap,,מניות בארץ,2026-04-30,47950000.0,הראל,,True,False,0.0,0.0,0.0,0.0,0.0,0
5135371,אי בי אי מחקה אינדקס מותגי מזון גלובלי Top10 מנוטרלת דולר,Consumer Staples,,"מניות בחו""ל",2026-04-30,2570000.0,אי.בי.אי,,True,False,0.006500000000000001,0.0,167.05,0.006500000000000001,167.05,0
5135405,MTF מחקה תל גוב-צמודות 5-10,צמודות מדד ממשלתיות - ארוך,,"אג""ח בארץ- מדינה",2026-04-30,164470000.0,מגדל,,True,False,0.0,0.0,0.0,0.0,0.0,0
5135413,MTF מחקה תל גוב-שקלי 5-10,ריבית קבועה - ארוך,,"אג""ח בארץ- מדינה",2026-04-30,551480000.0,מגדל,,True,False,0.0,0.0,0.0,0.0,0.0,0
5135421,"מור מחקה אינדקס A-AA מח""מ 3 סינטטי",אחר,,"אג""ח בארץ- חברות והמרה",2026-04-30,34560000.0,מור,,True,False,0.002,0.0,691.2,0.002,691.2,0
5135439,"מור מחקה אינדקס A מח""מ 4 סינטטי",אחר,,"אג""ח בארץ- חברות והמרה",2026-04-30,195190000.0,מור,,True,False,0.002,0.0,3903.8,0.002,3903.8,0
5135470,MTF מחקה אינדקס תעשיה ישראל,תעשיה,,מניות בארץ,2026-04-30,116110000.0,מגדל,,True,False,0.005,0.0,5805.5,0.005,5805.5,0
5135496,"אלטשולר שחם מחקה נדל""ן ישראל A.B SmartBeta","נדל""ן ובנייה",,מניות בארץ,2026-04-30,6510000.0,אלטשולר שחם,,True,False,0.009000000000000001,0.0,585.9000000000001,0.009000000000000001,585.9000000000001,0
5135504,אלטשולר שחם מחקה מחקה טכנולוגיה ישראל A.B SmartBeta,טכנולוגיה,,מניות בארץ,2026-04-30,41070000.0,אלטשולר שחם,,True,False,0.009000000000000001,0.0,3696.3,0.009000000000000001,3696.3,0
5135512,אביב מניות גלובלי כשרה,"מניות כללי בחו""ל חשופת מט""ח",,"מניות בחו""ל",2026-04-30,41030000.0,איילון,אביב בית השקעות,False,False,0.0195,0.0035,8000.849999999999,0.016,6564.8,0
5135520,אביב מניות ישראל ESG כשרה,מניות All Cap,,מניות בארץ,2026-04-30,101720000.0,איילון,אביב בית השקעות,False,False,0.0195,0.0035,19835.4,0.016,16275.2,0
5135538,אביב 20/80 תיק ESG כשרה,"אג""ח כללי בארץ- עד 20% מניות",,"אג""ח בארץ - כללי",2026-04-30,24440000.0,איילון,אביב בית השקעות,False,False,0.009300000000000001,0.0035,2272.92,0.005800000000000001,1417.5200000000004,0
5135546,אביב ESG מניות ישראל,מניות All Cap,,מניות בארץ,2026-04-30,37900000.0,איילון,אביב בית השקעות,False,False,0.0195,0.0035,7390.5,0.016,6064.000000000001,0
5135553,"אביב אג""ח חברות ESG כשרה",חברות והמרה ללא מניות וללא סימן קריאה,,"אג""ח בארץ- חברות והמרה",2026-04-30,71950000.0,איילון,אביב בית השקעות,False,False,0.0089,0.0035,6403.549999999999,0.0054,3885.3,0
5135587,"אילים אג""ח Floaters לנזילות דולרית - נקובה $","אג""ח נקובת מט""ח",,"אג""ח בחו""ל",2026-04-30,28460000.0,אילים,,False,False,0.0059,0.0035,1679.1399999999999,0.0024,683.04,0
5135595,"אילים אג""ח Floaters לנזילות דולרית","אג""ח חשופת דולר",,"אג""ח בחו""ל",2026-04-30,8690000.0,אילים,,False,False,0.0059,0.0035,512.7099999999999,0.0024,208.55999999999997,0
5135603,"MTF מחקה S&P 500 VALUE מנוטרלת מט""ח",אמריקה- שווקים מפותחים,,"מניות בחו""ל",2026-04-30,21880000.0,מגדל,,True,False,0.005,0.0,1094.0,0.005,1094.0,0
5135611,"קסם KTFי BlueStar נדל""ן למגורים ארה""ב - Top 10 מנוטרלת מט""ח",REIT - Real Estate,,"מניות בחו""ל",2026-04-30,2630000.0,קסם,,True,False,0.0,0.0,0.0,0.0,0.0,0
5135629,גביש גמישה,גמישות,,גמישות,2026-04-30,25070000.0,סיגמא,גביש פיננסים,False,False,0.018500000000000003,0.0035,4637.950000000001,0.015000000000000003,3760.500000000001,0
5135652,ברק אולטרה בנקים פי 3,ממונפות בסיכון גבוה,,ממונפות ואסטרטגיות,2026-04-30,193740000.0,ברק,,False,False,0.036000000000000004,0.0035,69746.40000000001,0.0325,62965.5,0
5135686,איביאי מחקה אינדקס ישראל הנהגה נשית,אחר,,מניות בארץ,2026-04-30,3390000.0,אי.בי.אי,,True,False,0.0,0.0,0.0,0.0,0.0,0
5135694,"אי בי אי מחקה ת""א-נדל""ן","נדל""ן ובנייה",,מניות בארץ,2026-04-30,137010000.0,אי.בי.אי,,True,False,0.004,0.0,5480.400000000001,0.004,5480.400000000001,0
5135702,קסם אקטיב 20/80 נקובה $,"אג""ח כללי בארץ- עד 20% מניות",,"אג""ח בארץ - כללי",2026-04-30,21670000.0,קסם,,False,False,0.0058,0.0035,1256.86,0.0022999999999999995,498.4099999999999,0
5135710,"אי בי אי מחקה ת""א-פיננסים",פיננסים,,מניות בארץ,2026-04-30,318830000.0,אי.בי.אי,,True,False,0.005,0.0,15941.5,0.005,15941.5,0
5135736,"הראל מחקה תל גוב-מק""מ - נקובה $","מק""מ",,"אג""ח בארץ- מדינה",2026-04-30,9480000.0,הראל,,True,False,0.002,0.0,189.60000000000002,0.002,189.60000000000002,0
5135744,אלטשולר שחם אגד ישראלי עד 15% מניות,אגד ישראלי,,אגד קרנות,2026-04-30,21000000.0,אלטשולר שחם,,False,False,0.0,0.0035,0.0,-0.0035,-735.0000000000001,0
5135751,אלטשולר שחם אגד ישראלי עד 30% מניות,אגד ישראלי,,אגד קרנות,2026-04-30,19030000.0,אלטשולר שחם,,False,False,0.0,0.0035,0.0,-0.0035,-666.0500000000001,0
5135769,ב. אלטרנטיב 20/80,"אג""ח כללי בארץ- עד 20% מניות",,"אג""ח בארץ - כללי",2026-04-30,575800000.0,איילון,בסט אלטרנטיב,False,False,0.0079,0.0035,45488.200000000004,0.004400000000000001,25335.200000000008,0
5135777,קסם KTF אינדקס AA ומעלה שקלי 0-3,בריבית קבועה,,"אג""ח בארץ- חברות והמרה",2026-04-30,80850000.0,קסם,,True,False,0.001,0.0,808.5000000000001,0.001,808.5000000000001,0
5135785,קסם KTF אינדקס AA ומעלה צמוד 0-3,בריבית קבועה,,"אג""ח בארץ- חברות והמרה",2026-04-30,238370000.0,קסם,,True,False,0.001,0.0,2383.7000000000003,0.001,2383.7000000000003,0
5135793,אינווסטור 360 מניות ערך ישראל,מניות All Cap,,מניות בארץ,2026-04-30,35020000.0,איילון,אינווסט 360,False,False,0.008,0.0035,2801.6000000000004,0.0045000000000000005,1575.9,0
5135801,"אינווסטור 360 מניות חו""ל","מניות כללי בחו""ל חשופת מט""ח",,"מניות בחו""ל",2026-04-30,26770000.0,איילון,אינווסט 360,False,False,0.0075,0.0035,2007.7499999999998,0.004,1070.8000000000002,0
5135819,תכלית TTF תל בונד-צמודות 1-3,בריבית קבועה - קצר,,"אג""ח בארץ- חברות והמרה",2026-04-30,712040000.0,מיטב,,True,False,0.002,0.0,14240.800000000001,0.002,14240.800000000001,0
5135835,הראל מחקה תל גוב-שקלי 10+,ריבית קבועה - ארוך,,"אג""ח בארץ- מדינה",2026-04-30,87960000.0,הראל,,True,False,0.001,0.0,879.6,0.001,879.6,0
5135843,הראל מחקה תל גוב-צמודות 10+,צמודות מדד ממשלתיות - ארוך,,"אג""ח בארץ- מדינה",2026-04-30,9410000.0,הראל,,True,False,0.001,0.0,94.10000000000001,0.001,94.10000000000001,0
5135884,איביאי מחקה אינדקס אשראי חוץ בנקאי ושירותים פיננסיים אחרים בישראל,בנקאות ואשראי חוץ בנקאי,,מניות בארץ,2026-04-30,55950000.0,אי.בי.אי,,True,False,0.008,0.0,4476.0,0.008,4476.0,0
5135926,מיטב כספית ניהול נזילות,כספית שקלית עם קונצרני,,קרן כספית,2026-04-30,4692190000.0,מיטב,,False,False,0.0022,0.001,103228.18000000001,0.0012000000000000001,56306.28,1
5135942,MTF מחקה אינדקס A-AAA לפדיון 2029 (מתגלגל כל 4 שנים),"אג""ח חברות שקלי וצמוד",,"אג""ח בארץ- חברות והמרה",2026-04-30,78040000.0,מגדל,,True,False,0.002,0.0,1560.8000000000002,0.002,1560.8000000000002,0
5135975,"ATF מחקה אינדקס אג""ח בנקים וחב' ממשלתיות","אג""ח חברות שקלי וצמוד",,"אג""ח בארץ- חברות והמרה",2026-04-30,163380000.0,אנליסט,,True,False,0.0025,0.0,4084.5,0.0025,4084.5,0
5135983,"MTF מחקה אינדקס שבבים ארה""ב Top10 מנוטרלת מט""ח",Semiconductor,,"מניות בחו""ל",2026-04-30,505580000.0,מגדל,,True,False,0.005,0.0,25279.0,0.005,25279.0,0
5135991,ילין לפידות 30/70 ערך,"אג""ח כללי בארץ- עד 30% מניות",,"אג""ח בארץ - כללי",2026-04-30,972770000.0,ילין לפידות,,False,False,0.0059,0.0035,57393.43,0.0024,23346.479999999996,0
5136015,ISP Asset Management מניות ישראל,מניות All Cap,,מניות בארץ,2026-04-30,86320000.0,איילון,איי.אס.פי.,False,False,0.012,0.0035,10358.4,0.0085,7337.200000000001,0
5136023,תכלית TTF אינדקס A-AA לפדיון 2028 (מתגלגל כל 3 שנים),"אג""ח חברות שקלי וצמוד",,"אג""ח בארץ- חברות והמרה",2026-04-30,14700000.0,מיטב,,True,False,0.0015,0.0,220.5,0.0015,220.5,0
5136031,תכלית TTF אינדקס ישראל AA מאוזן 2-4,"אג""ח חברות שקלי וצמוד",,"אג""ח בארץ- חברות והמרה",2026-04-30,92100000.0,מיטב,,True,False,0.0015,0.0,1381.5,0.0015,1381.5,0
5136056,"קסם S&P Health Care KTF מנוטרלת מט""ח",Health Care,,"מניות בחו""ל",2026-04-30,48510000.0,קסם,,True,False,0.0055000000000000005,0.0,2668.0500000000006,0.0055000000000000005,2668.0500000000006,0
5136064,קסם NIKKEI 225 KTF,אסיה ופסיפיק- שווקים מפותחים,,"מניות בחו""ל",2026-04-30,84240000.0,קסם,,True,False,0.0055000000000000005,0.0,4633.200000000001,0.0055000000000000005,4633.200000000001,0
5136080,פסטרנק שהם 15/85,"אג""ח כללי בארץ- עד 15% מניות",,"אג""ח בארץ - כללי",2026-04-30,74940000.0,איילון,פסטרנק שהם,False,False,0.0075,0.0035,5620.499999999999,0.004,2997.6000000000004,0
5136098,פסטרנק שהם מניות Mid Cap ישראל,מניות Large & Mid Cap,,מניות בארץ,2026-04-30,260980000.00000003,איילון,פסטרנק שהם,False,False,0.0155,0.0035,40451.9,0.012,31317.600000000006,0
5136114,קסם KTF אינדקס Bullet ישראל 2026,"אג""ח חברות שקלי וצמוד",,"אג""ח בארץ- חברות והמרה",2026-04-30,201310000.0,קסם,,True,False,0.002,0.0,4026.2000000000003,0.002,4026.2000000000003,0
5136122,ב. אלטרנטיב גמישה,גמישות,,גמישות,2026-04-30,70430000.0,איילון,בסט אלטרנטיב,False,False,0.0168,0.0035,11832.24,0.0133,9367.189999999999,0
5136130,"קסם KTF ת""א מעלה",אחר,,מניות בארץ,2026-04-30,84690000.0,קסם,,True,False,0.005,0.0,4234.5,0.005,4234.5,0
5136148,ילין לפידות מחקה אינדקס אנרגיה ירוקה גלובלי - מבוסס AI,Alternative / Renewable Energy,,"מניות בחו""ל",2026-04-30,24420000.0,ילין לפידות,,True,False,0.0077,0.0,1880.3400000000001,0.0077,1880.3400000000001,0
5136163,"מיטב נדל""ן - תשתיות",מניות לפי ענפים,,מניות בארץ,2026-04-30,55170000.0,מיטב,,False,False,0.0095,0.0035,5241.15,0.006,3310.2000000000003,0
5136171,"תכלית TTF אינדקס בנקים ארה""ב MEGA 20 מנוטרלת מט""ח",Banking,,"מניות בחו""ל",2026-04-30,86400000.0,מיטב,,True,False,0.004,0.0,3456.0000000000005,0.004,3456.0000000000005,0
5136189,ילין לפידות (!) 10/90,"אג""ח כללי בארץ- עד 10% מניות ועם סימן קריאה",,"אג""ח בארץ - כללי",2026-04-30,148680000.0,ילין לפידות,,False,False,0.0054,0.0035,8028.72,0.0019000000000000002,2824.92,0
5136213,הראל מחקה תל בונד-שקלי 1-3,בריבית קבועה - קצר,,"אג""ח בארץ- חברות והמרה",2026-04-30,153900000.0,הראל,,True,False,0.0,0.0,0.0,0.0,0.0,0
5136221,הראל מחקה תל בונד-שקלי 3-5,בריבית קבועה - בינוני,,"אג""ח בארץ- חברות והמרה",2026-04-30,76180000.0,הראל,,True,False,0.0,0.0,0.0,0.0,0.0,0
5136239,קבין 20/80,"אג""ח כללי בארץ- עד 20% מניות",,"אג""ח בארץ - כללי",2026-04-30,341830000.0,איילון,קבין,False,False,0.0084,0.0035,28713.719999999998,0.0049,16749.67,0
5136247,"אי בי אי מחקה ת""א צמיחה",Small Cap,,מניות בארץ,2026-04-30,8000000.0,אי.בי.אי,,True,False,0.0,0.0,0.0,0.0,0.0,0
5136254,בול מרקט השקעות,גמישות,,גמישות,2026-04-30,18260000.0,איילון,בול מרקט,False,False,0.015,0.0035,2738.9999999999995,0.0115,2099.9,0
5136262,אינווסטור 360 גמישה,גמישות,,גמישות,2026-04-30,388090000.0,איילון,אינווסט 360,False,False,0.009000000000000001,0.0035,34928.100000000006,0.005500000000000001,21344.950000000004,0
5136270,פיטנגו 10/90,"אג""ח כללי בארץ- עד 10% מניות ללא סימן קריאה",,"אג""ח בארץ - כללי",2026-04-30,10990000.0,איילון,פיטנגו,False,False,0.0083,0.0035,912.17,0.0048000000000000004,527.52,0
5136288,FORESTי 30/70,"אג""ח כללי בארץ- עד 30% מניות",,"אג""ח בארץ - כללי",2026-04-30,132199999.99999999,פורסט,,False,False,0.0095,0.0035,12558.999999999998,0.006,7931.999999999999,0
5136296,"איילון אג""ח שקלי לפדיון עד 06/2030","אג""ח כללי בארץ ללא מניות וללא סימן קריאה, עם מגבלת מח""מ עד 5 שנים",,"אג""ח בארץ - כללי",2026-04-30,20740000.0,איילון,,False,False,0.006,0.0035,1244.4,0.0025,518.5,0
5136304,דיאמונד אסטרטגיות השקעות כשרות,אסטרטגיות (לא ממונפות),,ממונפות ואסטרטגיות,2026-04-30,22940000.0,איילון,דיאמונד,False,False,0.018000000000000002,0.0035,4129.2,0.014500000000000002,3326.3000000000006,0
5136312,MTF מחקה אינדקס ממשלתי שקלי לפדיון-רבעון 4,ריבית קבועה  - קצר,,"אג""ח בארץ- מדינה",2026-04-30,35130000.0,מגדל,,True,False,0.001,0.0,351.3,0.001,351.3,0
5136338,מגדל מניות צמיחה,מניות All Cap,,מניות בארץ,2026-04-30,13350000.0,מגדל,,False,False,0.005,0.0035,667.5,0.0015,200.25,0
5136361,"פוקוס אג""ח (!)","אג""ח כללי בארץ ללא מניות עם סימן קריאה",,"אג""ח בארץ - כללי",2026-04-30,79240000.0,איילון,פוקוס,False,False,0.0079,0.0035,6259.960000000001,0.004400000000000001,3486.560000000001,0
5136379,הראל מחקה תל בונד-צמודות 3-5,בריבית קבועה - בינוני,,"אג""ח בארץ- חברות והמרה",2026-04-30,219610000.0,הראל,,True,False,0.0012,0.0,2635.3199999999997,0.0012,2635.3199999999997,0
5136395,ילין לפידות מחקה אינדקס שבבים גלובלי - מבוסס AI,Semiconductor,,"מניות בחו""ל",2026-04-30,66239999.99999999,ילין לפידות,,True,False,0.0077,0.0,5100.48,0.0077,5100.48,0
5136429,דולפין 20/80,"אג""ח כללי בארץ- עד 20% מניות",,"אג""ח בארץ - כללי",2026-04-30,275570000.0,איילון,דולפין 1 השקעות,False,False,0.0079,0.0035,21770.030000000002,0.004400000000000001,12125.080000000004,0
5136437,אילים אגד ישראלי עד 15% מניות,אגד ישראלי,,אגד קרנות,2026-04-30,270580000.0,אילים,,False,False,0.0,0.0035,0.0,-0.0035,-9470.300000000001,0
5136445,אילים אגד ישראלי עד 30% מניות,אגד ישראלי,,אגד קרנות,2026-04-30,296660000.0,אילים,,False,False,0.0,0.0035,0.0,-0.0035,-10383.1,0
5136544,מיטב כספית שקלית כשרה,כספית שקלית עם קונצרני,,קרן כספית,2026-04-30,8249900000.0,מיטב,,False,False,0.0016,0.001,131998.4,0.0006000000000000001,49499.4,1
5136551,"איילון מדינה שקלי ואג""ח בנקים - עד 2.5 שנים","אג""ח מדינה שקליות- ללא מניות",,"אג""ח בארץ- מדינה",2026-04-30,20670000.0,איילון,,False,False,0.0043,0.002,888.8100000000001,0.0023,475.41,0
5136569,פורטה תיק השקעות עד 50%,"אג""ח כללי בארץ - חשיפה מרבית מעל 30% מניות",,"אג""ח בארץ - כללי",2026-04-30,206210000.0,סיגמא,פורטה,False,False,0.0095,0.0035,19589.949999999997,0.006,12372.6,0
5136593,"פורטה אג""ח מדינה + 10%","אג""ח מדינה כללי- עד 10% מניות",,"אג""ח בארץ- מדינה",2026-04-30,141080000.0,סיגמא,פורטה,False,False,0.0059,0.0035,8323.72,0.0024,3385.9199999999996,0
5136601,"אזימוט מניות חו""ל","מניות כללי בחו""ל חשופת מט""ח",,"מניות בחו""ל",2026-04-30,15860000.0,איילון,אזימוטליין,False,False,0.02,0.0035,3172.0,0.0165,2616.9,0
5136619,"פלקון תיק אג""ח ללא מניות","אג""ח כללי בארץ ללא מניות וללא סימן קריאה",,"אג""ח בארץ - כללי",2026-04-30,32780000.0,סיגמא,פלקון,False,False,0.0079,0.0035,2589.6200000000003,0.004400000000000001,1442.3200000000004,0
5136627,סיגמא 20/80,"אג""ח כללי בארץ- עד 20% מניות",,"אג""ח בארץ - כללי",2026-04-30,1097390000.0,סיגמא,,False,False,0.0069,0.0035,75719.91,0.0034,37311.26,0
5136635,"קסם אקטיב חלל והגנה ארה""ב","מניות לפי ענפים בחו""ל",,"מניות בחו""ל",2026-04-30,19020000.0,קסם,,False,False,0.015,0.0035,2852.9999999999995,0.0115,2187.3,0
5136650,מגדל תיק עד 30% מניות - אגד ישראלי,אגד ישראלי,,אגד קרנות,2026-04-30,15020000.0,מגדל,,False,False,0.0,0.0035,0.0,-0.0035,-525.7,0
5136668,מגדל תיק עד 15% מניות - אגד ישראלי,אגד ישראלי,,אגד קרנות,2026-04-30,46020000.0,מגדל,,False,False,0.0,0.0035,0.0,-0.0035,-1610.7000000000003,0
5136676,"ATF מחקה משולבת אינדקס מנגנון אג""ח (75%) מניות (25%) חודשי",עד 30% מניות,,"אג""ח בארץ משולבת",2026-04-30,15390000.0,אנליסט,,True,False,0.0029,0.0,446.30999999999995,0.0029,446.30999999999995,0
5136684,"דיאמונד אג""ח שקלי לפדיון עד 06/2027","אג""ח כללי בארץ ללא מניות וללא סימן קריאה, עם מגבלת מח""מ עד 5 שנים",,"אג""ח בארץ - כללי",2026-04-30,74520000.0,איילון,דיאמונד,False,False,0.006999999999999999,0.0035,5216.4,0.003499999999999999,2608.1999999999994,0
5136692,קסם S&P Consumer Staples KTF,Consumer Staples,,"מניות בחו""ל",2026-04-30,19690000.0,קסם,,True,False,0.0015,0.0,295.35,0.0015,295.35,0
5136700,"אלטשולר שחם 30/70 מניות ת""א","אג""ח כללי בארץ- עד 30% מניות",,"אג""ח בארץ - כללי",2026-04-30,12360000.0,אלטשולר שחם,,False,False,0.0049,0.0035,605.64,0.0013999999999999998,173.03999999999996,0
5136718,"אלטשולר שחם 20/80 מניות ת""א","אג""ח כללי בארץ- עד 20% מניות",,"אג""ח בארץ - כללי",2026-04-30,333030000.0,אלטשולר שחם,,False,False,0.0049,0.0035,16318.47,0.0013999999999999998,4662.419999999999,0
5136726,"אלטשולר שחם 10/90 מניות ת""א","אג""ח כללי בארץ- עד 10% מניות ללא סימן קריאה",,"אג""ח בארץ - כללי",2026-04-30,10310000.0,אלטשולר שחם,,False,False,0.0049,0.0035,505.19,0.0013999999999999998,144.33999999999997,0
5136734,אלטשולר שחם MSCI World,"מניות גיאוגרפי אחר חשופת מט""ח",,"מניות בחו""ל",2026-04-30,287480000.0,אלטשולר שחם,,False,False,0.015,0.0035,43121.99999999999,0.0115,33060.200000000004,0
5136742,אלטשולר שחם כספית נקובת דולר,"נקובת מט""ח",,קרן כספית,2026-04-30,364210000.0,אלטשולר שחם,,False,False,0.0013,0.001,4734.73,0.0002999999999999999,1092.6299999999997,1
5136759,"אלטשולר שחם אג""ח קונצרני מדורג",חברות והמרה ללא מניות וללא סימן קריאה,,"אג""ח בארץ- חברות והמרה",2026-04-30,230270000.0,אלטשולר שחם,,False,False,0.0079,0.0035,18191.33,0.004400000000000001,10131.880000000003,0
5136767,עציוני גמישה - קרן נאמנות,גמישות,,גמישות,2026-04-30,126340000.0,סיגמא,עציוני ניהול תיקים,False,False,0.015,0.0035,18951.0,0.0115,14529.1,0
5136775,"ATF מחקה אינדקס מניות ארה""ב Large Cap מומנטום ענפי מנוטרלת מט""ח",אמריקה- שווקים מפותחים,,"מניות בחו""ל",2026-04-30,121070000.0,אנליסט,,True,False,0.006500000000000001,0.0,7869.550000000001,0.006500000000000001,7869.550000000001,0
5136783,קסם אקטיב מניות בלוקצ'יין,"מניות לפי ענפים בחו""ל",,"מניות בחו""ל",2026-04-30,22310000.0,קסם,,False,False,0.0175,0.0035,3904.2500000000005,0.014000000000000002,3123.4000000000005,0
5136791,"איילון אג""ח שקלי לפדיון עד 06/2028","אג""ח כללי בארץ בדירוג גבוה בלבד (AA ומעלה ו/ או מדינה)",,"אג""ח בארץ - כללי",2026-04-30,36370000.0,איילון,,False,False,0.006,0.0035,2182.2000000000003,0.0025,909.25,0
5136817,ברומטר גמישה,גמישות,,גמישות,2026-04-30,25750000.0,איילון,ברומטר,False,False,0.0148,0.0035,3811.0000000000005,0.011300000000000001,2909.7500000000005,0
5136825,"MTF מחקה אינדקס A-AAA שכבות מדורגות מח""מ","אג""ח חברות שקלי וצמוד",,"אג""ח בארץ- חברות והמרה",2026-04-30,33380000.000000004,מגדל,,True,False,0.0,0.0,0.0,0.0,0.0,0
5136833,"אי בי אי מחקה S&P 500 Equal Weight מנוטרלת מט""ח",אמריקה- שווקים מפותחים,,"מניות בחו""ל",2026-04-30,123650000.0,אי.בי.אי,,True,False,0.0,0.0,0.0,0.0,0.0,0
5136841,"אי בי אי מחקה ת""א סקטור-באלאנס",Large & Mid Cap,,מניות בארץ,2026-04-30,81580000.0,אי.בי.אי,,True,False,0.005,0.0,4079.0,0.005,4079.0,0
5136858,אי בי אי מחקה תל בונד-צמודות 1-3,בריבית קבועה - קצר,,"אג""ח בארץ- חברות והמרה",2026-04-30,451890000.0,אי.בי.אי,,True,False,0.002,0.0,9037.800000000001,0.002,9037.800000000001,0
5136866,איילון כספית ניהול הנזילות,כספית שקלית עם קונצרני,,קרן כספית,2026-04-30,4019580000.0,איילון,,False,False,0.0018,0.001,72352.44,0.0007999999999999999,32156.64,1
5136874,קסם אקטיב כספית,כספית שקלית עם קונצרני,,קרן כספית,2026-04-30,1665710000.0,קסם,,False,False,0.0024,0.001,39977.03999999999,0.0013999999999999998,23319.939999999995,1
5136882,קסם KTF (!) אינדקס Bullet ישראל 2027,"אג""ח חברות שקלי וצמוד",,"אג""ח בארץ- חברות והמרה",2026-04-30,327020000.0,קסם,,True,False,0.002,0.0,6540.400000000001,0.002,6540.400000000001,0
5136890,מגדל כספית דולרית - נקובה $,"נקובת מט""ח",,קרן כספית,2026-04-30,918890000.0,מגדל,,False,False,0.0021,0.001,19296.69,0.0010999999999999998,10107.789999999999,1
5136916,תכלית TTF תל בונד מאגר,"אג""ח חברות שקלי וצמוד",,"אג""ח בארץ- חברות והמרה",2026-04-30,400690000.0,מיטב,,True,False,0.0,0.0,0.0,0.0,0.0,0
5136924,איילון כספית דולרית,חשופת דולר,,קרן כספית,2026-04-30,116470000.0,איילון,,False,False,0.0015,0.001,1747.05,0.0005,582.35,1
5136932,"MTF מחקה משולבת S&P 500י (70%) Nasdaq 100י (30%) חודשי מנוטרלת מט""ח","מניות בחו""ל קרן משולבת",,"מניות בחו""ל",2026-04-30,336680000.0,מגדל,,True,False,0.0025,0.0,8417.0,0.0025,8417.0,0
5136940,ילין לפידות מחקה תל בונד 100 צמודות,בריבית קבועה,,"אג""ח בארץ- חברות והמרה",2026-04-30,162370000.0,ילין לפידות,,True,False,0.0025,0.0,4059.25,0.0025,4059.25,0
5136957,ילין לפידות מחקה תל בונד שקלי 100,בריבית קבועה,,"אג""ח בארץ- חברות והמרה",2026-04-30,93350000.0,ילין לפידות,,True,False,0.0025,0.0,2333.75,0.0025,2333.75,0
5136965,תכלית TTF תל בונד 60 צמודות,בריבית קבועה,,"אג""ח בארץ- חברות והמרה",2026-04-30,694290000.0,מיטב,,True,False,0.0,0.0,0.0,0.0,0.0,0
5136981,ילין לפידות מחקה אינדקס תשתיות חיוניות גלובלי - מבוסס AI,Utilities,,"מניות בחו""ל",2026-04-30,14590000.0,ילין לפידות,,True,False,0.0077,0.0,1123.43,0.0077,1123.43,0
5136999,תכלית S&P 500 Bond Mega 30 Investment Grade 3-5,"חברות והמרה חשופת מט""ח - בינוני",,"אג""ח בחו""ל",2026-04-30,275870000.0,מיטב,,True,False,0.0015,0.0,4138.05,0.0015,4138.05,0
5137013,MTF מחקה תל דיב,All Cap,,מניות בארץ,2026-04-30,32610000.0,מגדל,,True,False,0.006,0.0,1956.6000000000001,0.006,1956.6000000000001,0
5137021,הראל מחקה iBoxx $ Corps Liquid 3-7 Years,"חברות והמרה חשופת מט""ח - בינוני",,"אג""ח בחו""ל",2026-04-30,115610000.0,הראל,,True,False,0.002,0.0,2312.2000000000003,0.002,2312.2000000000003,0
5137039,הראל מחקה MSCI INDIA,אסיה ופסיפיק- שווקים מתעוררים,,"מניות בחו""ל",2026-04-30,36760000.0,הראל,,True,False,0.0085,0.0,3124.6000000000004,0.0085,3124.6000000000004,0
5137047,"MTF מחקה משולבת ת""א 125 (70%) ת""א 90 (30%) חודשי",מניות בארץ קרן משולבת,,מניות בארץ,2026-04-30,114390000.0,מגדל,,True,False,0.0,0.0,0.0,0.0,0.0,0
5137054,MTF מחקה משולבת תל בונד שקלי 50 (70%) תל בונד שקלי (30%) חודשי,משולבת,,"אג""ח בארץ- חברות והמרה",2026-04-30,16059999.999999998,מגדל,,True,False,0.0,0.0,0.0,0.0,0.0,0
5137070,אנליסט סולידית,"אג""ח כללי בארץ בדירוג גבוה בלבד (AA ומעלה ו/ או מדינה)",,"אג""ח בארץ - כללי",2026-04-30,3990000.0,אנליסט,,False,False,0.0048,0.0035,191.51999999999998,0.0012999999999999995,51.86999999999998,0
5137088,הראל מחקה Hang Seng,אסיה ופסיפיק- שווקים מתעוררים,,"מניות בחו""ל",2026-04-30,6650000.0,הראל,,True,False,0.005,0.0,332.5,0.005,332.5,0
5137112,"MTF מחקה Indxx US Healthcare Top 10 מנוטרלת מט""ח",Health Care,,"מניות בחו""ל",2026-04-30,19990000.0,מגדל,,True,False,0.005,0.0,999.5,0.005,999.5,0
5137120,מגדל A-AAA שקלי לפדיון עד 2028,חברות והמרה שקלי ללא מניות,,"אג""ח בארץ- חברות והמרה",2026-04-30,49140000.0,מגדל,,False,False,0.0055000000000000005,0.0035,2702.7000000000003,0.0020000000000000005,982.8000000000003,0
5137146,"פורטה מניות חו""ל","מניות כללי בחו""ל חשופת מט""ח",,"מניות בחו""ל",2026-04-30,140690000.0,סיגמא,פורטה,False,False,0.017,0.0035,23917.300000000003,0.013500000000000002,18993.150000000005,0
5137153,"מור אג""ח לפדיון עד 12/27","אג""ח כללי בארץ ללא מניות וללא סימן קריאה, עם מגבלת מח""מ עד 5 שנים",,"אג""ח בארץ - כללי",2026-04-30,20180000.0,מור,,False,False,0.006500000000000001,0.0035,1311.7,0.0030000000000000005,605.4000000000001,0
5137161,קסם אקטיב שורט דולר פי 2,ממונפות בסיכון גבוה,,ממונפות ואסטרטגיות,2026-04-30,4200000.0,קסם,,False,False,0.01,0.0035,420.0,0.006500000000000001,273.00000000000006,0
5137179,אי בי אי מחקה Shiller Barclays CAPE US Core Mid-Month Sector - נקובה $,אמריקה- שווקים מפותחים,,"מניות בחו""ל",2026-04-30,139870000.0,אי.בי.אי,,True,False,0.0079,0.0,11049.730000000001,0.0079,11049.730000000001,0
5137187,"אי.בי.אי מחקה משולבת מניות ארה""ב Large Cap מנוטרלת מט""ח חודשי","מניות בחו""ל קרן משולבת",,"מניות בחו""ל",2026-04-30,59710000.0,אי.בי.אי,,True,False,0.005,0.0,2985.5,0.005,2985.5,0
5137195,הראל מחקה תל בונד שקלי-50,בריבית קבועה,,"אג""ח בארץ- חברות והמרה",2026-04-30,717990000.0,הראל,,True,False,0.0007000000000000001,0.0,5025.93,0.0007000000000000001,5025.93,0
5137203,הראל מחקה STOXX Europe 600 מנוטרלת אירו,אירופה- כללי,,"מניות בחו""ל",2026-04-30,246640000.0,הראל,,True,False,0.0,0.0,0.0,0.0,0.0,0
5137211,"פורצ'ן תיק אג""ח","אג""ח כללי בארץ ללא מניות וללא סימן קריאה",,"אג""ח בארץ - כללי",2026-04-30,56640000.0,איילון,פורצ'ן,False,False,0.0079,0.0035,4474.56,0.004400000000000001,2492.1600000000008,0
5137229,"תכלית TTF אינדקס מדינה מאוזן - מח""מ 4 קבוע","אג""ח מדינה שיקלי וצמוד",,"אג""ח בארץ- מדינה",2026-04-30,30960000.0,מיטב,,True,False,0.0015,0.0,464.40000000000003,0.0015,464.40000000000003,0
5137237,אי בי אי מחקה אינדקס מניות דיבידנד ישראל מחלקת,Large & Mid Cap,,מניות בארץ,2026-04-30,76190000.0,אי.בי.אי,,True,False,0.005,0.0,3809.5,0.005,3809.5,0
5137245,"הורייזן אג""ח חו""ל מדורג - נקובת דולר","אג""ח נקובת מט""ח",,"אג""ח בחו""ל",2026-04-30,36340000.0,איילון,הורייזן,False,False,0.0089,0.0035,3234.2599999999998,0.0054,1962.3600000000001,0
5137252,"הורייזן (!) אג""ח דולר בינלאומי","אג""ח חשופת דולר",,"אג""ח בחו""ל",2026-04-30,40680000.0,איילון,הורייזן,False,False,0.0098,0.0035,3986.64,0.0063,2562.84,0
5137278,קסם אקטיב כספית אירו,חשופת יורו,,קרן כספית,2026-04-30,24040000.0,קסם,,False,False,0.0014000000000000002,0.001,336.56000000000006,0.0004000000000000002,96.16000000000004,1
5137286,"איילון אג""ח צמוד לפדיון עד 12/2028","אג""ח כללי בארץ בדירוג גבוה בלבד (AA ומעלה ו/ או מדינה)",,"אג""ח בארץ - כללי",2026-04-30,300400000.0,איילון,,False,False,0.006,0.0035,18024.0,0.0025,7510.0,0
5137294,"ילין לפידות מחקה ת""א 125 משקל שווה",Large & Mid Cap,,מניות בארץ,2026-04-30,103730000.0,ילין לפידות,,True,False,0.001,0.0,1037.3000000000002,0.001,1037.3000000000002,0
5137302,"ילין לפידות מחקה ת""א בנקים",בנקאות ואשראי חוץ בנקאי,,מניות בארץ,2026-04-30,717010000.0,ילין לפידות,,True,False,0.0049,0.0,35133.49,0.0049,35133.49,0
5137310,הראל כספית יורו,חשופת יורו,,קרן כספית,2026-04-30,88060000.0,הראל,,False,False,0.0014000000000000002,0.001,1232.8400000000001,0.0004000000000000002,352.2400000000001,1
5137328,תכלית TTF אינדקס AA-AAA י0-3 - פקטור מינוף פיננסי נמוך,"אג""ח חברות שקלי וצמוד",,"אג""ח בארץ- חברות והמרה",2026-04-30,56320000.0,מיטב,,True,False,0.0015,0.0,844.8000000000001,0.0015,844.8000000000001,0
5137336,"ATF מחקה אינדקס מניות ארה""ב Large Cap מומנטום ענפי",אמריקה- שווקים מפותחים,,"מניות בחו""ל",2026-04-30,47140000.0,אנליסט,,True,False,0.006500000000000001,0.0,3064.1000000000004,0.006500000000000001,3064.1000000000004,0
5137344,"איילון אג""ח בנקים וביטוח",חברות והמרה ללא מניות וללא סימן קריאה,,"אג""ח בארץ- חברות והמרה",2026-04-30,168320000.0,איילון,,False,False,0.006,0.0035,10099.2,0.0025,4208.0,0
5137401,ילין לפידות מחקה תל בונד תשואות צמודות פיזור רחב,בריבית קבועה,,"אג""ח בארץ- חברות והמרה",2026-04-30,171980000.0,ילין לפידות,,True,False,0.0025,0.0,4299.5,0.0025,4299.5,0
5137435,הראל מחקה אינדקס Top10 Tech,Technology,,"מניות בחו""ל",2026-04-30,44190000.0,הראל,,True,False,0.005,0.0,2209.5,0.005,2209.5,0
5137443,גביש 30/70,"אג""ח כללי בארץ- עד 30% מניות",,"אג""ח בארץ - כללי",2026-04-30,31320000.0,סיגמא,גביש פיננסים,False,False,0.0079,0.0035,2474.28,0.004400000000000001,1378.0800000000004,0
5137450,"פינסה (!) אג""ח חברות",חברות והמרה ללא מניות עם סימן קריאה,,"אג""ח בארץ- חברות והמרה",2026-04-30,492490000.0,סיגמא,פינסה ניהול נכסים,False,False,0.0085,0.0035,41861.65,0.005000000000000001,24624.500000000004,0
5137468,פינסה Global Equity,"מניות כללי בחו""ל חשופת מט""ח",,"מניות בחו""ל",2026-04-30,43180000.0,סיגמא,פינסה ניהול נכסים,False,False,0.013999999999999999,0.0035,6045.2,0.010499999999999999,4533.9,0
5137476,"פסטרנק שהם (!) אג""ח ללא מניות","אג""ח כללי בארץ ללא מניות עם סימן קריאה",,"אג""ח בארץ - כללי",2026-04-30,434550000.0,איילון,פסטרנק שהם,False,False,0.01,0.0035,43455.0,0.006500000000000001,28245.750000000004,0
5137484,"ילין לפידות מחקה quabify אג""ח לפדיון 2027 צמוד",בריבית קבועה,,"אג""ח בארץ- חברות והמרה",2026-04-30,262290000.00000003,ילין לפידות,,True,False,0.0024,0.0,6294.96,0.0024,6294.96,0
5137492,"ילין לפידות מחקה quabify אג""ח לפדיון 2026 צמוד",בריבית קבועה,,"אג""ח בארץ- חברות והמרה",2026-04-30,111380000.0,ילין לפידות,,True,False,0.0024,0.0,2673.12,0.0024,2673.12,0
5137500,"ילין לפידות מחקה quabify אג""ח לפדיון 2027 שקלי",בריבית קבועה,,"אג""ח בארץ- חברות והמרה",2026-04-30,94270000.0,ילין לפידות,,True,False,0.0024,0.0,2262.4799999999996,0.0024,2262.4799999999996,0
5137518,"ילין לפידות מחקה quabify אג""ח לפדיון 2026 שקלי",בריבית קבועה,,"אג""ח בארץ- חברות והמרה",2026-04-30,35830000.0,ילין לפידות,,True,False,0.0024,0.0,859.9199999999998,0.0024,859.9199999999998,0
5137526,"אי בי אי מחקה אינדקס אג""ח קופון גבוה מחלקת","אג""ח חברות שקלי וצמוד",,"אג""ח בארץ- חברות והמרה",2026-04-30,18090000.0,אי.בי.אי,,True,False,0.002,0.0,361.8,0.002,361.8,0
5137534,"אילים מניות AI בינה מלאכותית חו""ל","מניות לפי ענפים בחו""ל",,"מניות בחו""ל",2026-04-30,399750000.0,אילים,,False,False,0.0089,0.0035,35577.75,0.0054,21586.500000000004,0
5137542,אי.בי.אי. מחקה אינדקס A-AAA שקלי 1-4,בריבית קבועה,,"אג""ח בארץ- חברות והמרה",2026-04-30,92640000.0,אי.בי.אי,,True,False,0.0025,0.0,2316.0,0.0025,2316.0,0
5137559,מגדל כספית מחלקת חודשי,כספית שקלית עם קונצרני,,קרן כספית,2026-04-30,219910000.0,מגדל,,False,False,0.0016,0.001,3518.56,0.0006000000000000001,1319.46,1
5137567,"קסם KTFי Indxx US Banks Top 10 מנוטרלת מט""ח",Banking,,"מניות בחו""ל",2026-04-30,9490000.0,קסם,,True,False,0.0034999999999999996,0.0,332.15,0.0034999999999999996,332.15,0
5137575,קסם KTF אינדקס Bullet דולר 2026 - גלובלי,"חברות והמרה חשופת מט""ח",,"אג""ח בחו""ל",2026-04-30,6480000.0,קסם,,True,False,0.0045000000000000005,0.0,291.6,0.0045000000000000005,291.6,0
5137625,"איילון זבולון מניות חו""ל","מניות כללי בחו""ל חשופת מט""ח",,"מניות בחו""ל",2026-04-30,206230000.0,איילון,זבולון שרותי מחקר,False,False,0.0175,0.0035,36090.25000000001,0.014000000000000002,28872.200000000004,0
5137633,"איילון זבולון (!) אג""ח חו""ל HY","אג""ח חשופת מט""ח",,"אג""ח בחו""ל",2026-04-30,400780000.0,איילון,זבולון שרותי מחקר,False,False,0.01,0.0035,40078.0,0.006500000000000001,26050.700000000004,0
5137641,ילין לפידות כספית,כספית שקלית עם קונצרני,,קרן כספית,2026-04-30,5166200000.0,ילין לפידות,,False,False,0.0022,0.001,113656.40000000001,0.0012000000000000001,61994.4,1
5137666,תכלית TTF משולבת S&P 500י (70%) Nasdaq 100י (30%) חודשי,"מניות בחו""ל קרן משולבת",,"מניות בחו""ל",2026-04-30,42590000.0,מיטב,,True,False,0.0,0.0,0.0,0.0,0.0,0
5137682,מור עוקבת תיק 3 הבנק הבינלאומי,"אג""ח כללי בארץ- עד 30% מניות",,"אג""ח בארץ - כללי",2026-04-30,178910000.0,מור,,False,False,0.0066,0.0035,11808.060000000001,0.0031,5546.21,0
5137690,מיטב כספית שקלית ללא קונצרני,כספית שקלית ללא קונצרני,,קרן כספית,2026-04-30,2947890000.0,מיטב,,False,False,0.0014000000000000002,0.001,41270.46000000001,0.0004000000000000002,11791.560000000005,1
5137708,"דולפין אג""ח ללא מניות","אג""ח כללי בארץ ללא מניות וללא סימן קריאה",,"אג""ח בארץ - כללי",2026-04-30,9850000.0,איילון,דולפין 1 השקעות,False,False,0.0072,0.0035,709.2,0.0036999999999999997,364.45,0
5137716,MTF מחקה S&P 500 Bond Mega 30 Investment Grade 5-7 Year נקובה דולר,"חברות והמרה חשופת מט""ח - ארוך",,"אג""ח בחו""ל",2026-04-30,84450000.0,מגדל,,True,False,0.0025,0.0,2111.25,0.0025,2111.25,0
5137724,"קסם S&P U.S. Treasury Bond 7-10 Year KTF מנוטרלת מט""ח","ממשלתיות מנוטרלת מט""ח - ארוך",,"אג""ח בחו""ל",2026-04-30,229480000.0,קסם,,True,False,0.0015,0.0,3442.2000000000003,0.0015,3442.2000000000003,0
5137732,אי.בי.אי. כספית ניהול נזילות,כספית שקלית עם קונצרני,,קרן כספית,2026-04-30,6192660000.0,אי.בי.אי,,False,False,0.00169,0.001,104655.954,0.0006900000000000001,42729.35400000001,1
5137740,קסם אקטיב כספית שקלית,כספית שקלית עם קונצרני,,קרן כספית,2026-04-30,9187140000.0,קסם,,False,False,0.0019,0.001,174555.66,0.0009,82684.26000000001,1
5137757,עציוני מניות ישראל,מניות All Cap,,מניות בארץ,2026-04-30,285810000.0,סיגמא,עציוני ניהול תיקים,False,False,0.015,0.0035,42871.49999999999,0.0115,32868.15,0
5137765,פסטרנק שהם 10/90,"אג""ח כללי בארץ- עד 10% מניות ללא סימן קריאה",,"אג""ח בארץ - כללי",2026-04-30,96100000.0,איילון,פסטרנק שהם,False,False,0.0059,0.0035,5669.9,0.0024,2306.3999999999996,0
5137773,"MTF מחקה אינדקס אג""ח ממשלת ארה""ב - מח""מ 10 קבוע מנוטרלת מט""ח","ממשלתיות מנוטרלת מט""ח - ארוך",,"אג""ח בחו""ל",2026-04-30,259760000.0,מגדל,,True,False,0.001,0.0,2597.6000000000004,0.001,2597.6000000000004,0
5137781,תכלית S&P 500 Bond Mega 30 Investment Grade 5-7 Year TTF,"חברות והמרה חשופת מט""ח - ארוך",,"אג""ח בחו""ל",2026-04-30,34460000.0,מיטב,,True,False,0.0025,0.0,861.5,0.0025,861.5,0
5137799,"מיטב אג""ח קונצרני A ומעלה",חברות והמרה ללא מניות וללא סימן קריאה,,"אג""ח בארץ- חברות והמרה",2026-04-30,247560000.0,מיטב,,False,False,0.0059,0.0035,14606.039999999999,0.0024,5941.44,0
5137807,הראל מחקה S&P 500 Equal Weight,אמריקה- שווקים מפותחים,,"מניות בחו""ל",2026-04-30,175040000.0,הראל,,True,False,0.0015,0.0,2625.6,0.0015,2625.6,0
5137815,הראל כספית שקלית כשרה,כספית שקלית עם קונצרני,,קרן כספית,2026-04-30,2717460000.0,הראל,,False,False,0.0014000000000000002,0.001,38044.44,0.0004000000000000002,10869.840000000004,1
5137823,סלע אגד חוץ מנייתי - נקוב $,אגד חוץ,,אגד קרנות,2026-04-30,17800000.0,איילון,סלע בית השקעות,False,False,0.013500000000000002,0.0035,2403.0000000000005,0.010000000000000002,1780.0000000000002,0
5137831,"איילון אג""ח קונצרני מדורג A ומעלה",חברות והמרה ללא מניות וללא סימן קריאה,,"אג""ח בארץ- חברות והמרה",2026-04-30,198020000.0,איילון,יועץ השקעות,False,False,0.0059,0.0035,11683.18,0.0024,4752.48,0
5137849,"מור (!) אג""ח דירוג פנימי תשואה גבוהה",חברות והמרה בסיכון גבוה,,"אג""ח בארץ- חברות והמרה",2026-04-30,285940000.0,מור,,False,False,0.013999999999999999,0.0035,40031.6,0.010499999999999999,30023.699999999997,0
5137872,מיטב 10/90 מודל ESG,"אג""ח כללי בארץ- עד 10% מניות ללא סימן קריאה",,"אג""ח בארץ - כללי",2026-04-30,276040000.0,מיטב,,False,False,0.0059,0.0035,16286.359999999999,0.0024,6624.959999999999,0
5137880,מיטב 20/80 מודל ESG,"אג""ח כללי בארץ- עד 20% מניות",,"אג""ח בארץ - כללי",2026-04-30,191980000.0,מיטב,,False,False,0.006500000000000001,0.0035,12478.7,0.0030000000000000005,5759.400000000001,0
5137898,מיטב 30/70 מודל ESG,"אג""ח כללי בארץ- עד 30% מניות",,"אג""ח בארץ - כללי",2026-04-30,58190000.0,מיטב,,False,False,0.006500000000000001,0.0035,3782.3500000000004,0.0030000000000000005,1745.7000000000003,0
5137906,איביאי כספית דולרית - נקובה $,"נקובת מט""ח",,קרן כספית,2026-04-30,1043260000.0,אי.בי.אי,,False,False,0.0025,0.001,26081.5,0.0015,15648.9,1
5137914,ברק תיק 20/80,"אג""ח כללי בארץ- עד 20% מניות",,"אג""ח בארץ - כללי",2026-04-30,3940000.0,ברק,,False,False,0.0075,0.0035,295.5,0.004,157.60000000000002,0
5137922,ברק תיק 10/90,"אג""ח כללי בארץ- עד 10% מניות ללא סימן קריאה",,"אג""ח בארץ - כללי",2026-04-30,4750000.0,ברק,,False,False,0.0075,0.0035,356.24999999999994,0.004,190.00000000000003,0
5137948,הראל מחקה אינדקס אנרגיה ישראלית,"נפט, גז ואנרגיה",,מניות בארץ,2026-04-30,257110000.0,הראל,,True,False,0.004,0.0,10284.400000000001,0.004,10284.400000000001,0
5137955,קסם Cboe S&P 500 15% Buffer MAR IC KTF - מובנה שנתי,אמריקה- שווקים מפותחים,,"מניות בחו""ל",2026-04-30,7780000.0,קסם,,True,False,0.009000000000000001,0.0,700.2,0.009000000000000001,700.2,0
5137963,"אי בי אי מחקה אינדקס אג""ח במרווח גבוה - מח""מ 0-2","אג""ח חברות שקלי וצמוד",,"אג""ח בארץ- חברות והמרה",2026-04-30,249420000.0,אי.בי.אי,,True,False,0.0034999999999999996,0.0,8729.699999999999,0.0034999999999999996,8729.699999999999,0
5137989,איביאי מחקה אינדקס A-AAA צמוד 1-4,בריבית קבועה,,"אג""ח בארץ- חברות והמרה",2026-04-30,121350000.0,אי.בי.אי,,True,False,0.0025,0.0,3033.75,0.0025,3033.75,0
5137997,ATF מחקה אינדקס שקלים ארוכים עד 20% מדינה,בריבית קבועה - ארוך,,"אג""ח בארץ- חברות והמרה",2026-04-30,367850000.0,אנליסט,,True,False,0.002,0.0,7357.000000000001,0.002,7357.000000000001,0
5138003,מור כספית דולרית,חשופת דולר,,קרן כספית,2026-04-30,61670000.0,מור,,False,False,0.0025,0.001,1541.75,0.0015,925.0500000000001,1
5138011,"קסם S&P 500 TOP 50 KTF מנוטרלת מט""ח",אמריקה- שווקים מפותחים,,"מניות בחו""ל",2026-04-30,151990000.0,קסם,,True,False,0.005,0.0,7599.5,0.005,7599.5,0
5138029,אלטשולר שחם מחקה A.B SmartBeta USA MultiFactor,אמריקה- שווקים מפותחים,,"מניות בחו""ל",2026-04-30,1260000.0,אלטשולר שחם,,True,False,0.008,0.0,100.80000000000001,0.008,100.80000000000001,0
5138037,"אלטשולר שחם S&P 500 - מנוטרלת מט""ח","מניות גיאוגרפי מוגנת מט""ח",,"מניות בחו""ל",2026-04-30,48070000.0,אלטשולר שחם,,False,False,0.014499999999999999,0.0035,6970.15,0.011,5287.7,0
5138045,"ילין לפידות מחקה quabify אג""ח לפדיון 2028 צמוד",בריבית קבועה,,"אג""ח בארץ- חברות והמרה",2026-04-30,181060000.0,ילין לפידות,,True,False,0.0024,0.0,4345.44,0.0024,4345.44,0
5138052,"ילין לפידות מחקה quabify אג""ח לפדיון 2029 צמוד",בריבית קבועה,,"אג""ח בארץ- חברות והמרה",2026-04-30,170640000.0,ילין לפידות,,True,False,0.0024,0.0,4095.3599999999997,0.0024,4095.3599999999997,0
5138060,"ילין לפידות מחקה quabify אג""ח לפדיון 2028 שקלי",בריבית קבועה,,"אג""ח בארץ- חברות והמרה",2026-04-30,85340000.0,ילין לפידות,,True,False,0.0024,0.0,2048.16,0.0024,2048.16,0
5138078,"ילין לפידות מחקה quabify אג""ח לפדיון 2029 שקלי",בריבית קבועה,,"אג""ח בארץ- חברות והמרה",2026-04-30,155710000.0,ילין לפידות,,True,False,0.0024,0.0,3737.0399999999995,0.0024,3737.0399999999995,0
5138086,תכלית TTF אינדקס CoCo ישראל-10,בריבית קבועה,,"אג""ח בארץ- חברות והמרה",2026-04-30,34240000.0,מיטב,,True,False,0.001,0.0,342.40000000000003,0.001,342.40000000000003,0
5138094,מגדל כספית שקלית כשרה,כספית שקלית עם קונצרני,,קרן כספית,2026-04-30,5440620000.0,מגדל,,False,False,0.00149,0.001,81065.238,0.00049,26659.037999999997,1
5138102,קסם KTF (!) אינדקס Bullet ישראל 2028,"אג""ח חברות שקלי וצמוד",,"אג""ח בארץ- חברות והמרה",2026-04-30,128850000.0,קסם,,True,False,0.0025,0.0,3221.25,0.0025,3221.25,0
5138110,קסם KTF (!) אינדקס Bullet ישראל 2029,"אג""ח חברות שקלי וצמוד",,"אג""ח בארץ- חברות והמרה",2026-04-30,119240000.0,קסם,,True,False,0.0025,0.0,2981.0,0.0025,2981.0,0
5138128,קסם KTF (!) אינדקס Bullet ישראל 2030,"אג""ח חברות שקלי וצמוד",,"אג""ח בארץ- חברות והמרה",2026-04-30,106150000.0,קסם,,True,False,0.0025,0.0,2653.75,0.0025,2653.75,0
5138151,MTF מחקה S&P 500 Top 50,אמריקה- שווקים מפותחים,,"מניות בחו""ל",2026-04-30,52930000.0,מגדל,,True,False,0.0015,0.0,793.95,0.0015,793.95,0
5138169,אי בי אי מחקה אינדקס A-AAA שקלי 3-6,בריבית קבועה - בינוני,,"אג""ח בארץ- חברות והמרה",2026-04-30,139890000.0,אי.בי.אי,,True,False,0.0,0.0,0.0,0.0,0.0,0
5138201,"MTF מחקה Russell 2000 מנוטרלת מט""ח",אמריקה- שווקים מפותחים,,"מניות בחו""ל",2026-04-30,160680000.0,מגדל,,True,False,0.0025,0.0,4017.0,0.0025,4017.0,0
5138219,"פרופאונד (!) תיק אג""ח ללא מניות","אג""ח כללי בארץ ללא מניות עם סימן קריאה",,"אג""ח בארץ - כללי",2026-04-30,44880000.0,איילון,פרופאונד,False,False,0.0069,0.0035,3096.72,0.0034,1525.92,0
5138227,קסם KTF אינדקס AA ומעלה 3+,"אג""ח חברות שקלי וצמוד",,"אג""ח בארץ- חברות והמרה",2026-04-30,47620000.0,קסם,,True,False,0.0025,0.0,1190.5,0.0025,1190.5,0
5138235,"מור מחקה אינדקס ארה""ב מודל תמחור מומנטום",אמריקה- שווקים מפותחים,,"מניות בחו""ל",2026-04-30,2940000.0,מור,,True,False,0.006,0.0,176.4,0.006,176.4,0
5138243,"סיגמא אג""ח ללא מניות","אג""ח כללי בארץ ללא מניות וללא סימן קריאה",,"אג""ח בארץ - כללי",2026-04-30,37780000.0,סיגמא,,False,False,0.0069,0.0035,2606.8199999999997,0.0034,1284.52,0
5138250,"קסם iBoxx US Liquid Investment Grade Top 30 KTF מנוטרלת מט""ח","חברות והמרה  מנוטרלת מט""ח",,"אג""ח בחו""ל",2026-04-30,172570000.0,קסם,,True,False,0.0015,0.0,2588.55,0.0015,2588.55,0
5138268,קסם KTF אינדקס בינוי והנדסת תשתיות,שילוב ענפים,,מניות בארץ,2026-04-30,237100000.0,קסם,,True,False,0.005,0.0,11855.0,0.005,11855.0,0
5138276,"MTF מחקה AB אג""ח מאוזן AAA-A 2028 Bullet","אג""ח חברות שקלי וצמוד",,"אג""ח בארץ- חברות והמרה",2026-04-30,49870000.0,מגדל,,True,False,0.002,0.0,997.4000000000001,0.002,997.4000000000001,0
5138284,מגדל אגח בינלאומי לפדיון עד 2030,"אג""ח חשופת דולר",,"אג""ח בחו""ל",2026-04-30,25490000.0,מגדל,,False,False,0.005600000000000001,0.0035,1427.44,0.0021000000000000007,535.2900000000002,0
5138300,"הראל מחקה S&P Health Care מנוטרלת מט""ח",Health Care,,"מניות בחו""ל",2026-04-30,80150000.0,הראל,,True,False,0.006500000000000001,0.0,5209.750000000001,0.006500000000000001,5209.750000000001,0
5138318,MTF מחקה אינדקס CoCo ישראל-10,בריבית קבועה,,"אג""ח בארץ- חברות והמרה",2026-04-30,64400000.00000001,מגדל,,True,False,0.0,0.0,0.0,0.0,0.0,0
5138326,מיטב כספית דולרית - נקובה $,"נקובת מט""ח",,קרן כספית,2026-04-30,2368200000.0,מיטב,,False,False,0.0014000000000000002,0.001,33154.8,0.0004000000000000002,9472.800000000003,1
5138334,"תכלית S&P 500 Bond Mega 30 Investment Grade 3-5 Year TTF מנוטרלת מט""ח","חברות והמרה  מנוטרלת מט""ח - בינוני",,"אג""ח בחו""ל",2026-04-30,84720000.0,מיטב,,True,False,0.002,0.0,1694.4,0.002,1694.4,0
5138342,MTF מחקה אינדקס AA-AAA ישראל 5-7,"אג""ח חברות שקלי וצמוד",,"אג""ח בארץ- חברות והמרה",2026-04-30,300350000.0,מגדל,,True,False,0.0,0.0,0.0,0.0,0.0,0
5138359,"ATF מחקה אינדקס EW TOP100 מרווח מעל הממוצע מותאם מח""מ","אג""ח חברות שקלי וצמוד",,"אג""ח בארץ- חברות והמרה",2026-04-30,98880000.0,אנליסט,,True,False,0.002,0.0,1977.6000000000001,0.002,1977.6000000000001,0
5138383,"תכלית S&P 500 Equal Weight TTF מנוטרלת מט""ח",אמריקה- שווקים מפותחים,,"מניות בחו""ל",2026-04-30,33560000.0,מיטב,,True,False,0.001,0.0,335.6,0.001,335.6,0
5138391,"מגדל אג""ח לפדיון עד 2030","אג""ח כללי בארץ ללא מניות וללא סימן קריאה",,"אג""ח בארץ - כללי",2026-04-30,65709999.99999999,מגדל,,False,False,0.0049,0.0035,3219.7899999999995,0.0013999999999999998,919.9399999999998,0
5138409,הראל מחקה אינדקס תעשיות ביטחוניות ארה''ב וישראל,Aerospace & Defense,,"מניות בחו""ל",2026-04-30,620040000.0,הראל,,True,False,0.006999999999999999,0.0,43402.799999999996,0.006999999999999999,43402.799999999996,0
5138417,תכלית TTF אינדקס AA-AAA י5+ פקטור מינוף פיננסי נמוך,"אג""ח חברות שקלי וצמוד",,"אג""ח בארץ- חברות והמרה",2026-04-30,13020000.0,מיטב,,True,False,0.002,0.0,260.40000000000003,0.002,260.40000000000003,0
5138425,"פורצ'ן (!) אג""ח גלובלי - נקובה $","אג""ח נקובת מט""ח",,"אג""ח בחו""ל",2026-04-30,350330000.0,איילון,פורצ'ן,False,False,0.009000000000000001,0.0035,31529.7,0.005500000000000001,19268.150000000005,0
5138433,MTF מחקה Bloomberg US Analyst Recommendations,אמריקה- שווקים מפותחים,,"מניות בחו""ל",2026-04-30,26220000.0,מגדל,,True,False,0.008,0.0,2097.6000000000004,0.008,2097.6000000000004,0
5138441,קסם S&P 500 TOP 50 KTF,אמריקה- שווקים מפותחים,,"מניות בחו""ל",2026-04-30,6900000.0,קסם,,True,False,0.0025,0.0,172.5,0.0025,172.5,0
5138458,MTF מחקה אינדקס Top 10 US Banks Bonds,"חברות והמרה חשופת מט""ח",,"אג""ח בחו""ל",2026-04-30,32259999.999999996,מגדל,,True,False,0.0025,0.0,806.5,0.0025,806.5,0
5138466,MTF מחקה iBoxx US Liquid Investment Grade Top 30,"חברות והמרה חשופת מט""ח",,"אג""ח בחו""ל",2026-04-30,78810000.0,מגדל,,True,False,0.002,0.0,1576.2,0.002,1576.2,0
5138474,"MTF מחקה S&P 500 Equal Weight מנוטרלת מט""ח",אמריקה- שווקים מפותחים,,"מניות בחו""ל",2026-04-30,104060000.0,מגדל,,True,False,0.0,0.0,0.0,0.0,0.0,0
5138482,"MTF מחקה S&P 500 Bond Mega 30 Investment Grade 3-5 Year מנוטרלת מט""ח","חברות והמרה  מנוטרלת מט""ח - בינוני",,"אג""ח בחו""ל",2026-04-30,172780000.0,מגדל,,True,False,0.002,0.0,3455.6000000000004,0.002,3455.6000000000004,0
5138490,"קסם אקטיב תיק מחקות אג""ח ומניות - אגד ישראלי",אגד ישראלי,,אגד קרנות,2026-04-30,5150000.0,קסם,,False,False,0.0,0.0035,0.0,-0.0035,-180.25000000000003,0
5138524,"מגדל נאסד""ק 100 כשרה מנוטרלת מט""ח","מניות גיאוגרפי מוגנת מט""ח",,"מניות בחו""ל",2026-04-30,23530000.0,מגדל,,False,False,0.005,0.0035,1176.5,0.0015,352.95,0
5138532,"מגדל 10/90 - אג""ח מדורג",חברות והמרה עם מניות ללא סימן קריאה,,"אג""ח בארץ- חברות והמרה",2026-04-30,6690000.0,מגדל,,False,False,0.0049,0.0035,327.81,0.0013999999999999998,93.65999999999998,0
5138557,קסם KTF אינדקס Bullet צמוד 2026,בריבית קבועה,,"אג""ח בארץ- חברות והמרה",2026-04-30,32000000.0,קסם,,True,False,0.0025,0.0,800.0,0.0025,800.0,0
5138565,קסם KTF אינדקס Bullet שקלי 2026,בריבית קבועה,,"אג""ח בארץ- חברות והמרה",2026-04-30,79310000.0,קסם,,True,False,0.002,0.0,1586.2,0.002,1586.2,0
5138573,קסם KTF (!) אינדקס Bullet שקלי 2027,בריבית קבועה,,"אג""ח בארץ- חברות והמרה",2026-04-30,79890000.0,קסם,,True,False,0.002,0.0,1597.8000000000002,0.002,1597.8000000000002,0
5138581,קסם KTF (!) אינדקס Bullet צמוד 2027,בריבית קבועה,,"אג""ח בארץ- חברות והמרה",2026-04-30,228300000.0,קסם,,True,False,0.002,0.0,4566.0,0.002,4566.0,0
5138599,קסם KTF (!) אינדקס Bullet צמוד 2029,בריבית קבועה,,"אג""ח בארץ- חברות והמרה",2026-04-30,122740000.0,קסם,,True,False,0.0025,0.0,3068.5,0.0025,3068.5,0
5138607,קסם KTF (!) אינדקס Bullet שקלי 2029,בריבית קבועה,,"אג""ח בארץ- חברות והמרה",2026-04-30,93570000.0,קסם,,True,False,0.0025,0.0,2339.25,0.0025,2339.25,0
5138615,"דולפין מניות חו""ל","מניות כללי בחו""ל חשופת מט""ח",,"מניות בחו""ל",2026-04-30,64319999.99999999,איילון,דולפין 1 השקעות,False,False,0.0179,0.0035,11513.279999999997,0.0144,9262.08,0
5138623,תכלית Indxx Blockchain Ecosystem TTF,Blockchain,,"מניות בחו""ל",2026-04-30,2610000.0,מיטב,,True,False,0.0095,0.0,247.95,0.0095,247.95,0
5138631,קסם Russell 2000 KTF,אמריקה- שווקים מפותחים,,"מניות בחו""ל",2026-04-30,33030000.0,קסם,,True,False,0.0,0.0,0.0,0.0,0.0,0
5138649,ילין לפידות מחקה תל בונד צמודות בנקים,בריבית קבועה,,"אג""ח בארץ- חברות והמרה",2026-04-30,18030000.0,ילין לפידות,,True,False,0.0025,0.0,450.75,0.0025,450.75,0
5138656,"מגדל (!) הזדמנויות אג""ח ללא מניות","אג""ח כללי בארץ ללא מניות עם סימן קריאה",,"אג""ח בארץ - כללי",2026-04-30,3100000.0,מגדל,,False,False,0.0059,0.0035,182.9,0.0024,74.39999999999999,0
5138664,קסם Cboe S&P 500 15% Buffer JUN IC KTF - מובנה שנתי,אמריקה- שווקים מפותחים,,"מניות בחו""ל",2026-04-30,9320000.0,קסם,,True,False,0.0085,0.0,792.2,0.0085,792.2,0
5138672,אילים מניות ישראל,מניות All Cap,,מניות בארץ,2026-04-30,24610000.0,אילים,,False,False,0.0079,0.0035,1944.1900000000003,0.004400000000000001,1082.8400000000004,0
5138680,"אילים תיק אג""ח +10%","אג""ח כללי בארץ- עד 10% מניות ללא סימן קריאה",,"אג""ח בארץ - כללי",2026-04-30,81410000.0,אילים,,False,False,0.0059,0.0035,4803.19,0.0024,1953.8399999999997,0
5138698,דולפין כספית,כספית שקלית עם קונצרני,,קרן כספית,2026-04-30,5913310000.0,איילון,דולפין 1 השקעות,False,False,0.00149,0.001,88108.319,0.00049,28975.218999999997,1
5138706,אזימוט כספית,כספית שקלית עם קונצרני,,קרן כספית,2026-04-30,181670000.0,איילון,אזימוטליין,False,False,0.0014000000000000002,0.001,2543.38,0.0004000000000000002,726.6800000000003,1
5138714,"אילים 10/90 תיק אג""ח חו""ל ומניות","אג""ח חשופת מט""ח",,"אג""ח בחו""ל",2026-04-30,20620000.0,אילים,,False,False,0.0059,0.0035,1216.58,0.0024,494.87999999999994,0
5138722,הראל מחקה iBoxx USD Liquid 5-9 Top 50,"חברות והמרה חשופת מט""ח - ארוך",,"אג""ח בחו""ל",2026-04-30,96850000.0,הראל,,True,False,0.001,0.0,968.5000000000001,0.001,968.5000000000001,0
5138730,הורייזן אסטרטגיות,אסטרטגיות (לא ממונפות),,ממונפות ואסטרטגיות,2026-04-30,36950000.0,איילון,הורייזן,False,False,0.015,0.0035,5542.499999999999,0.0115,4249.25,0
5138748,קסם KTF אינדקס תעשיות ביטחוניות גלובלי,Aerospace & Defense,,"מניות בחו""ל",2026-04-30,355440000.0,קסם,,True,False,0.006999999999999999,0.0,24880.8,0.006999999999999999,24880.8,0
5138755,תכלית MSCI India (USD) TTF,אסיה ופסיפיק- שווקים מתעוררים,,"מניות בחו""ל",2026-04-30,10400000.0,מיטב,,True,False,0.0055000000000000005,0.0,572.0000000000001,0.0055000000000000005,572.0000000000001,0
5138763,אלטשולר שחם כספית,כספית שקלית עם קונצרני,,קרן כספית,2026-04-30,2892680000.0,אלטשולר שחם,,False,False,0.00234,0.001,67688.712,0.00134,38761.912000000004,1
5138771,"דרך אג""ח ללא מניות כשרה","אג""ח כללי בארץ ללא מניות וללא סימן קריאה",,"אג""ח בארץ - כללי",2026-04-30,29140000.0,סיגמא,דרך אינבסט,False,False,0.0075,0.0035,2185.5,0.004,1165.6000000000001,0
5138789,"מור 30/70 מניות חו""ל - כשרה","אג""ח כללי בארץ- עד 30% מניות",,"אג""ח בארץ - כללי",2026-04-30,80030000.0,מור,,False,False,0.006500000000000001,0.0035,5201.950000000001,0.0030000000000000005,2400.9000000000005,0
5138797,תכלית Indxx Global Financial Exchanges And Data TTF,Financial,,"מניות בחו""ל",2026-04-30,85830000.0,מיטב,,True,False,0.006,0.0,5149.8,0.006,5149.8,0
5138805,תכלית S&P 500 Growth TTF,אמריקה- שווקים מפותחים,,"מניות בחו""ל",2026-04-30,5210000.0,מיטב,,True,False,0.003,0.0,156.3,0.003,156.3,0
5138813,תכלית TTF אינדקס ישראליות צמיחה-מומנטום,אחר,,מניות בארץ,2026-04-30,60870000.0,מיטב,,True,False,0.004,0.0,2434.8,0.004,2434.8,0
5138821,"אקורד (!) אג""ח פלוס","אג""ח כללי בארץ- עד 10% מניות ועם סימן קריאה",,"אג""ח בארץ - כללי",2026-04-30,36730000.0,איילון,אקורד ניהול השקעות,False,False,0.0075,0.0035,2754.7499999999995,0.004,1469.2,0
5138839,אנליסט כספית דולרית - נקובה $,"נקובת מט""ח",,קרן כספית,2026-04-30,1803610000.0,אנליסט,,False,False,0.0013,0.001,23446.93,0.0002999999999999999,5410.829999999999,1
5138847,הראל מחקה תל בונד צמודות בנקים וחברות ממשלתיות,אחר,,"אג""ח בארץ- חברות והמרה",2026-04-30,65209999.99999999,הראל,,True,False,0.001,0.0,652.1,0.001,652.1,0
5138854,הראל מחקה תל בונד צמודות 5-10,בריבית קבועה - ארוך,,"אג""ח בארץ- חברות והמרה",2026-04-30,27990000.0,הראל,,True,False,0.0,0.0,0.0,0.0,0.0,0
5138862,הראל מחקה תל בונד שקלי 5-10,בריבית קבועה - ארוך,,"אג""ח בארץ- חברות והמרה",2026-04-30,202270000.0,הראל,,True,False,0.0,0.0,0.0,0.0,0.0,0
5138888,"הראל עוקבת תיק מניות חו""ל - הבנק הבינלאומי עד 30% מט""ח","מניות כללי בחו""ל מוגנת מט""ח",,"מניות בחו""ל",2026-04-30,17700000.0,הראל,,False,False,0.0125,0.0035,2212.5,0.009000000000000001,1593.0,0
5138896,קסם MSCI India KTF,אסיה ופסיפיק- שווקים מתעוררים,,"מניות בחו""ל",2026-04-30,11340000.0,קסם,,True,False,0.0055000000000000005,0.0,623.7,0.0055000000000000005,623.7,0
5138904,קסם TipRanks US Momentum Analysts iNDEX KTF,אמריקה- שווקים מפותחים,,"מניות בחו""ל",2026-04-30,30060000.0,קסם,,True,False,0.006999999999999999,0.0,2104.2,0.006999999999999999,2104.2,0
5138912,bmeniv גמישה,גמישות,,גמישות,2026-04-30,25640000.0,סיגמא,בי מניב,False,False,0.023,0.0035,5897.2,0.0195,4999.8,0
5138920,אביב שגב ניהול תיק השקעות 20/80,"אג""ח כללי בארץ- עד 20% מניות",,"אג""ח בארץ - כללי",2026-04-30,9160000.0,איילון,אביב-שגב,False,False,0.0053,0.0035,485.48,0.0018,164.88,0
5138938,"FOREST תיק אג""ח ללא מניות","אג""ח כללי בארץ ללא מניות וללא סימן קריאה",,"אג""ח בארץ - כללי",2026-04-30,126390000.0,פורסט,,False,False,0.0075,0.0035,9479.25,0.004,5055.6,0
5138946,"אלטשולר שחם מחקה אינדקס בנקים לפדיון - מח""מ עד 3 שנים","אג""ח חברות שקלי וצמוד",,"אג""ח בארץ- חברות והמרה",2026-04-30,6050000.0,אלטשולר שחם,,True,False,0.0015,0.0,90.75,0.0015,90.75,0
5138953,אלטשולר שחם מחקה מחקה אינדקס AAA צמוד,בריבית קבועה,,"אג""ח בארץ- חברות והמרה",2026-04-30,70770000.0,אלטשולר שחם,,True,False,0.0015,0.0,1061.55,0.0015,1061.55,0
5138961,ילין לפידות קונצרני צמוד A ומעלה,חברות והמרה ללא מניות וללא סימן קריאה,,"אג""ח בארץ- חברות והמרה",2026-04-30,377410000.0,ילין לפידות,,False,False,0.0059,0.0035,22267.19,0.0024,9057.839999999998,0
5138979,קסם Cboe S&P 500 15% Buffer AUG IC KTF - מובנה שנתי,אמריקה- שווקים מפותחים,,"מניות בחו""ל",2026-04-30,2340000.0,קסם,,True,False,0.0085,0.0,198.9,0.0085,198.9,0
5138987,"ילין לפידות מחקה quabify אג""ח לפדיון 2026 מאוזן","אג""ח חברות שקלי וצמוד",,"אג""ח בארץ- חברות והמרה",2026-04-30,5040000.0,ילין לפידות,,True,False,0.0024,0.0,120.95999999999998,0.0024,120.95999999999998,0
5138995,"ילין לפידות מחקה quabify אג""ח לפדיון 2027 מאוזן","אג""ח חברות שקלי וצמוד",,"אג""ח בארץ- חברות והמרה",2026-04-30,7040000.0,ילין לפידות,,True,False,0.0024,0.0,168.95999999999998,0.0024,168.95999999999998,0
5139001,"ילין לפידות מחקה quabify אג""ח לפדיון 2028 מאוזן","אג""ח חברות שקלי וצמוד",,"אג""ח בארץ- חברות והמרה",2026-04-30,33159999.999999996,ילין לפידות,,True,False,0.0024,0.0,795.8399999999998,0.0024,795.8399999999998,0
5139019,"ילין לפידות מחקה quabify אג""ח לפדיון 2029 מאוזן","אג""ח חברות שקלי וצמוד",,"אג""ח בארץ- חברות והמרה",2026-04-30,18960000.0,ילין לפידות,,True,False,0.0024,0.0,455.03999999999996,0.0024,455.03999999999996,0
5139027,MTF מחקה אינדקס בנייה ישראל - פקטור מינוף פיננסי נמוך,"נדל""ן ובנייה",,מניות בארץ,2026-04-30,49840000.0,מגדל,,True,False,0.0,0.0,0.0,0.0,0.0,0
5139035,"דיאמונד עוקבת תיק מניות חו""ל - הבנק הבינלאומי","מניות כללי בחו""ל חשופת מט""ח",,"מניות בחו""ל",2026-04-30,4050000.0,איילון,דיאמונד,False,False,0.0125,0.0035,506.25,0.009000000000000001,364.5,0
5139050,קסם KTF אינדקס Bullet מדינת ישראל דולר 2030,"ממשלתיות חשופת מט""ח - בינוני",,"אג""ח בחו""ל",2026-04-30,59620000.0,קסם,,True,False,0.0025,0.0,1490.5,0.0025,1490.5,0
5139068,"MTF מחקה משולבת Russell 2000 (70%) S&P 500 (30%) חודשי מנוטרלת מט""ח","מניות בחו""ל קרן משולבת",,"מניות בחו""ל",2026-04-30,13640000.0,מגדל,,True,False,0.0,0.0,0.0,0.0,0.0,0
5139076,איילון כספית דולרית - נקובה דולר,"נקובת מט""ח",,קרן כספית,2026-04-30,313720000.0,איילון,,False,False,0.0012,0.001,3764.6399999999994,0.00019999999999999987,627.4399999999996,1
5139084,תכלית TTF אינדקס תעשיות ביטחוניות גלובלי Top30 EW,Aerospace & Defense,,"מניות בחו""ל",2026-04-30,198460000.0,מיטב,,True,False,0.0045000000000000005,0.0,8930.7,0.0045000000000000005,8930.7,0
5139092,תכלית EURO STOXX 50 TTF,אירופה- כללי,,"מניות בחו""ל",2026-04-30,17030000.0,מיטב,,True,False,0.0025,0.0,425.75,0.0025,425.75,0
5139100,אלטשולר שחם מחקה S&P 500,אמריקה- שווקים מפותחים,,"מניות בחו""ל",2026-04-30,48640000.0,אלטשולר שחם,,True,False,0.0,0.0,0.0,0.0,0.0,0
5139118,אלטשולר שחם מחקה אינדקס שקלי A-AAA פיזור רחב,בריבית קבועה,,"אג""ח בארץ- חברות והמרה",2026-04-30,5970000.0,אלטשולר שחם,,True,False,0.0015,0.0,89.55,0.0015,89.55,0
5139126,"אלטשולר שחם מחקה (!) אינדקס אג""ח עד A פיזור רחב",חברות והמרה בסיכון גבוה,,"אג""ח בארץ- חברות והמרה",2026-04-30,9530000.0,אלטשולר שחם,,True,False,0.0015,0.0,142.95000000000002,0.0015,142.95000000000002,0
5139134,אלטשולר שחם מחקה אינדקס צמוד A-AAA פיזור רחב,בריבית קבועה,,"אג""ח בארץ- חברות והמרה",2026-04-30,20650000.0,אלטשולר שחם,,True,False,0.0015,0.0,309.75,0.0015,309.75,0
5139142,אי בי אי מחקה אינדקס מדינת ישראל דולר 1-5,"ממשלתיות חשופת מט""ח - בינוני",,"אג""ח בחו""ל",2026-04-30,54430000.0,אי.בי.אי,,True,False,0.0025,0.0,1360.75,0.0025,1360.75,0
5139159,אי בי אי מחקה אינדקס מדינת ישראל דולר 5-10,"ממשלתיות חשופת מט""ח - ארוך",,"אג""ח בחו""ל",2026-04-30,70160000.0,אי.בי.אי,,True,False,0.0025,0.0,1754.0,0.0025,1754.0,0
5139167,MTF מחקה תל בונד - שקלי A,בריבית קבועה,,"אג""ח בארץ- חברות והמרה",2026-04-30,41310000.0,מגדל,,True,False,0.0,0.0,0.0,0.0,0.0,0
5139175,ATF מחקה אינדקס בנקים ישראל,בנקאות ואשראי חוץ בנקאי,,מניות בארץ,2026-04-30,277120000.0,אנליסט,,True,False,0.0045000000000000005,0.0,12470.400000000001,0.0045000000000000005,12470.400000000001,0
5139183,מגדל מניות בנקים,מניות לפי ענפים,,מניות בארץ,2026-04-30,122570000.0,מגדל,,False,False,0.0049,0.0035,6005.929999999999,0.0013999999999999998,1715.9799999999998,0
5139191,TTF משולבת מניות ישראל חודשי,מניות בארץ קרן משולבת,,מניות בארץ,2026-04-30,81330000.0,מיטב,,True,False,0.0,0.0,0.0,0.0,0.0,0
5139209,ברק מניות ישראל,מניות All Cap,,מניות בארץ,2026-04-30,2850000.0,ברק,,False,False,0.018000000000000002,0.0035,513.0,0.014500000000000002,413.25000000000006,0
5139217,"ברק מניות חו""ל","מניות כללי בחו""ל חשופת מט""ח",,"מניות בחו""ל",2026-04-30,1060000.0,ברק,,False,False,0.018000000000000002,0.0035,190.8,0.014500000000000002,153.70000000000002,0
5139233,"קסם KTF ת""א-125 ערך",Large & Mid Cap,,מניות בארץ,2026-04-30,139080000.0,קסם,,True,False,0.004,0.0,5563.200000000001,0.004,5563.200000000001,0
5139241,קסם KTF אינדקס Bullet ישראל AA ומעלה 2028,"אג""ח חברות שקלי וצמוד",,"אג""ח בארץ- חברות והמרה",2026-04-30,32250000.0,קסם,,True,False,0.0025,0.0,806.25,0.0025,806.25,0
5139258,ילין לפידות כספית ניהול נזילות,כספית שקלית עם קונצרני,,קרן כספית,2026-04-30,10075340000.0,ילין לפידות,,False,False,0.0019,0.001,191431.46000000002,0.0009,90678.06,1
5139274,MTF מחקה Europe Top20 iNDEX מנוטרלת אירו,אירופה- שווקים מפותחים,,"מניות בחו""ל",2026-04-30,24490000.0,מגדל,,True,False,0.005,0.0,1224.5,0.005,1224.5,0
5139282,ילין לפידות מחקה S&P 500,אמריקה- שווקים מפותחים,,"מניות בחו""ל",2026-04-30,139330000.0,ילין לפידות,,True,False,0.0,0.0,0.0,0.0,0.0,0
5139290,"ילין לפידות מחקה S&P 500 מנוטרלת מט""ח",אמריקה- שווקים מפותחים,,"מניות בחו""ל",2026-04-30,232150000.0,ילין לפידות,,True,False,0.0,0.0,0.0,0.0,0.0,0
5139308,ילין לפידות מחקה S&P World,גלובלי- שווקים מפותחים,,"מניות בחו""ל",2026-04-30,9000000.0,ילין לפידות,,True,False,0.0,0.0,0.0,0.0,0.0,0
5139316,ילין לפידות מחקה S&P World מנוטרלת דולר,גלובלי- שווקים מפותחים,,"מניות בחו""ל",2026-04-30,10860000.0,ילין לפידות,,True,False,0.0,0.0,0.0,0.0,0.0,0
5139324,מור כספית ניהול נזילות,כספית שקלית עם קונצרני,,קרן כספית,2026-04-30,2490210000.0,מור,,False,False,0.0015,0.001,37353.15,0.0005,12451.050000000001,1
5139332,מיטב מניות מומנטום,מניות All Cap,,מניות בארץ,2026-04-30,126460000.0,מיטב,,False,False,0.0105,0.0035,13278.300000000001,0.007000000000000001,8852.2,0
5139340,איילון אקסטרים בנקים פי 3,ממונפות בסיכון גבוה,,ממונפות ואסטרטגיות,2026-04-30,61460000.0,איילון,,False,False,0.018500000000000003,0.0035,11370.100000000002,0.015000000000000003,9219.000000000002,0
5139357,"איילון אקסטרים ת""א 90 פי 3",ממונפות בסיכון גבוה,,ממונפות ואסטרטגיות,2026-04-30,14690000.0,איילון,,False,False,0.018500000000000003,0.0035,2717.6500000000005,0.015000000000000003,2203.5000000000005,0
5139365,MTF מחקה (S&P Israel 100 (ILS,Large & Mid Cap,,מניות בארץ,2026-04-30,345960000.0,מגדל,,True,False,0.0,0.0,0.0,0.0,0.0,0
5139399,"מור אג""ח מדורג ללא מניות",חברות והמרה ללא מניות וללא סימן קריאה,,"אג""ח בארץ- חברות והמרה",2026-04-30,86480000.0,מור,,False,False,0.006500000000000001,0.0035,5621.200000000001,0.0030000000000000005,2594.4000000000005,0
5139423,פינסה 30/70,"אג""ח כללי בארץ- עד 30% מניות",,"אג""ח בארץ - כללי",2026-04-30,11150000.0,סיגמא,פינסה ניהול נכסים,False,False,0.0079,0.0035,880.8500000000001,0.004400000000000001,490.60000000000014,0
5139431,אי.בי.אי. מחקה תל בונד-צמודות A,בריבית קבועה,,"אג""ח בארץ- חברות והמרה",2026-04-30,40400000.0,אי.בי.אי,,True,False,0.0,0.0,0.0,0.0,0.0,0
5139449,אנליסט (!) תיק קונצרני,חברות והמרה ללא מניות עם סימן קריאה,,"אג""ח בארץ- חברות והמרה",2026-04-30,35750000.0,אנליסט,,False,False,0.0054,0.0035,1930.5000000000002,0.0019000000000000002,679.25,0
5139456,"דולפין (!) אג""ח חברות",חברות והמרה ללא מניות עם סימן קריאה,,"אג""ח בארץ- חברות והמרה",2026-04-30,14480000.0,איילון,דולפין 1 השקעות,False,False,0.0079,0.0035,1143.92,0.004400000000000001,637.1200000000002,0
5139464,"הורייזן אג""ח ללא מניות","אג""ח כללי בארץ ללא מניות וללא סימן קריאה",,"אג""ח בארץ - כללי",2026-04-30,19700000.0,איילון,הורייזן,False,False,0.009000000000000001,0.0035,1773.0,0.005500000000000001,1083.5000000000002,0
5139472,דולפין 30/70,"אג""ח כללי בארץ- עד 30% מניות",,"אג""ח בארץ - כללי",2026-04-30,17000000.0,איילון,דולפין 1 השקעות,False,False,0.0079,0.0035,1343.0000000000002,0.004400000000000001,748.0000000000002,0
5139480,הורייזן 10/90,"אג""ח כללי בארץ- עד 10% מניות ללא סימן קריאה",,"אג""ח בארץ - כללי",2026-04-30,8690000.0,איילון,הורייזן,False,False,0.009000000000000001,0.0035,782.1,0.005500000000000001,477.95000000000016,0
5139498,"הורייזן (!) אג""ח חברות ללא מניות",חברות והמרה ללא מניות עם סימן קריאה,,"אג""ח בארץ- חברות והמרה",2026-04-30,19750000.0,איילון,הורייזן,False,False,0.009000000000000001,0.0035,1777.5,0.005500000000000001,1086.2500000000002,0
5139506,קסם Cboe S&P 500 15% Buffer NOV IC KTF - מובנה שנתי,אמריקה- שווקים מפותחים,,"מניות בחו""ל",2026-04-30,3460000.0,קסם,,True,False,0.0075,0.0,259.5,0.0075,259.5,0
5139514,MTF מחקה אינדקס מדינת ישראל דולר לפדיון 2030 (מתגלגל כל 6 שנים) נקובה $,"ממשלתיות חשופת מט""ח - בינוני",,"אג""ח בחו""ל",2026-04-30,238210000.0,מגדל,,True,False,0.002,0.0,4764.200000000001,0.002,4764.200000000001,0
5139522,איביאי כספית שקלית כשרה,כספית שקלית עם קונצרני,,קרן כספית,2026-04-30,4465100000.0,אי.בי.אי,,False,False,0.00149,0.001,66529.99,0.00049,21878.989999999998,1
5139530,"ילין לפידות מחקה quabify אג""ח לפדיון 2030 מאוזן","אג""ח חברות שקלי וצמוד",,"אג""ח בארץ- חברות והמרה",2026-04-30,41120000.0,ילין לפידות,,True,False,0.0024,0.0,986.8799999999999,0.0024,986.8799999999999,0
5139548,"ילין לפידות מחקה quabify אג""ח לפדיון 2030 שקלי",בריבית קבועה,,"אג""ח בארץ- חברות והמרה",2026-04-30,76830000.0,ילין לפידות,,True,False,0.0024,0.0,1843.9199999999998,0.0024,1843.9199999999998,0
5139555,"ילין לפידות מחקה quabify אג""ח לפדיון 2030 צמוד",בריבית קבועה,,"אג""ח בארץ- חברות והמרה",2026-04-30,39180000.0,ילין לפידות,,True,False,0.0024,0.0,940.3199999999999,0.0024,940.3199999999999,0
5139563,איביאי מחקה אינדקס מדינת ישראל דולר 1-5 נקובה $,"ממשלתיות חשופת מט""ח - בינוני",,"אג""ח בחו""ל",2026-04-30,195280000.0,אי.בי.אי,,True,False,0.0025,0.0,4882.0,0.0025,4882.0,0
5139571,הראל מחקה S&P 500 Momentum,אמריקה- שווקים מפותחים,,"מניות בחו""ל",2026-04-30,122590000.0,הראל,,True,False,0.005,0.0,6129.5,0.005,6129.5,0
5139597,"אי בי אי (!) הזדמנויות אג""ח תשואה גבוהה",חברות והמרה בסיכון גבוה,,"אג""ח בארץ- חברות והמרה",2026-04-30,38700000.0,אי.בי.אי,,False,False,0.0095,0.0035,3676.4999999999995,0.006,2322.0,0
5139605,אי בי אי מחקה MSCI AC World,"מניות גלובליות - חשופת מט""ח",,"מניות בחו""ל",2026-04-30,58830000.0,אי.בי.אי,,True,False,0.0015,0.0,882.45,0.0015,882.45,0
5139613,קסם Cboe S&P 500 15% Buffer DEC IC KTF - מובנה שנתי,אמריקה- שווקים מפותחים,,"מניות בחו""ל",2026-04-30,8840000.0,קסם,,True,False,0.0075,0.0,662.9999999999999,0.0075,662.9999999999999,0
5139621,אי בי אי תיק השקעות,"אג""ח כללי בארץ - חשיפה מרבית מעל 30% מניות",,"אג""ח בארץ - כללי",2026-04-30,158090000.0,אי.בי.אי,GREMMY ADVISORS,False,False,0.0089,0.0035,14070.009999999998,0.0054,8536.86,0
5139639,"הראל מחקה ת""א 90 ובנקים",Large & Mid Cap,,מניות בארץ,2026-04-30,369670000.0,הראל,,True,False,0.0,0.0,0.0,0.0,0.0,0
5139662,אלטשולר שחם Electrification,"מניות לפי ענפים בחו""ל",,"מניות בחו""ל",2026-04-30,366090000.0,אלטשולר שחם,,False,False,0.015,0.0035,54913.49999999999,0.0115,42100.35,0
5139670,אנליסט מניות ערך,מניות All Cap,,מניות בארץ,2026-04-30,43510000.0,אנליסט,,False,False,0.0129,0.0035,5612.79,0.0094,4089.9400000000005,0
5139688,"אנליסט אג""ח ללא מניות","אג""ח כללי בארץ ללא מניות וללא סימן קריאה",,"אג""ח בארץ - כללי",2026-04-30,21870000.0,אנליסט,,False,False,0.0048,0.0035,1049.76,0.0012999999999999995,284.3099999999999,0
5139696,קסם MSCI World KTF מנוטרלת דולר,גלובלי- שווקים מפותחים,,"מניות בחו""ל",2026-04-30,175990000.0,קסם,,True,False,0.0,0.0,0.0,0.0,0.0,0
5139712,אנליסט 30/70,"אג""ח כללי בארץ- עד 30% מניות",,"אג""ח בארץ - כללי",2026-04-30,316010000.0,אנליסט,,False,False,0.0058,0.0035,18328.579999999998,0.0022999999999999995,7268.229999999999,0
5139720,"תכלית TTF Russel 2000 מנוטרלת מט""ח",אמריקה- שווקים מפותחים,,"מניות בחו""ל",2026-04-30,56140000.0,מיטב,,True,False,0.0,0.0,0.0,0.0,0.0,0
5139738,"קסם KTF ת""א 90 ובנקים",Large & Mid Cap,,מניות בארץ,2026-04-30,98160000.0,קסם,,True,False,0.0,0.0,0.0,0.0,0.0,0
5139753,"פורצ'ן תיק אג""ח בינלאומי עד 20% מט""ח","אג""ח מוגנת מט""ח",,"אג""ח בחו""ל",2026-04-30,333370000.0,איילון,פורצ'ן,False,False,0.009000000000000001,0.0035,30003.300000000003,0.005500000000000001,18335.350000000006,0
5139761,"תכלית US REITs iNDEX TTF מנוטרלת מט""ח",REIT - Real Estate,,"מניות בחו""ל",2026-04-30,9410000.0,מיטב,,True,False,0.0034999999999999996,0.0,329.34999999999997,0.0034999999999999996,329.34999999999997,0
5139779,"תכלית TTF אינדקס צמוד 1-3 פקטור מרווח מאג""ח ממשלתי",בריבית קבועה - קצר,,"אג""ח בארץ- חברות והמרה",2026-04-30,7640000.0,מיטב,,True,False,0.0015,0.0,114.60000000000001,0.0015,114.60000000000001,0
5139787,תכלית CME CF Bitcoin Reference Rate (BRRNY) TTF,Bitcoin,,נכסים דיגיטליים,2026-04-30,72290000.0,מיטב,,True,False,0.002,0.0,1445.8000000000002,0.002,1445.8000000000002,0
5139811,אלטשולר שחם מחקה Nasdaq 100,אמריקה- שווקים מפותחים,,"מניות בחו""ל",2026-04-30,43480000.0,אלטשולר שחם,,True,False,0.0,0.0,0.0,0.0,0.0,0
5139829,"ברק אולטרה ת""א 90 פי 3",ממונפות בסיכון גבוה,,ממונפות ואסטרטגיות,2026-04-30,36320000.0,ברק,,False,False,0.018000000000000002,0.0035,6537.6,0.014500000000000002,5266.4000000000015,0
5139837,הראל מחקה Russell 2000,אמריקה- שווקים מפותחים,,"מניות בחו""ל",2026-04-30,12090000.0,הראל,,True,False,0.0,0.0,0.0,0.0,0.0,0
5139845,איילון חשיפה לביטקוין,Bitcoin,,נכסים דיגיטליים,2026-04-30,19170000.0,איילון,,False,False,0.006500000000000001,0.0035,1246.0500000000002,0.0030000000000000005,575.1,0
5139852,"תכלית TTF ת""א 90 ובנקים",Large & Mid Cap,,מניות בארץ,2026-04-30,60500000.0,מיטב,,True,False,0.0,0.0,0.0,0.0,0.0,0
5139860,מיטב בנקים פי 3,ממונפות בסיכון גבוה,,ממונפות ואסטרטגיות,2026-04-30,85980000.0,מיטב,,False,False,0.015,0.0035,12896.999999999998,0.0115,9887.7,0
5139878,קסם CME CF Bitcoin Reference Rate (BRRNY) KTF,Bitcoin,,נכסים דיגיטליים,2026-04-30,27780000.0,קסם,,True,False,0.002,0.0,555.6,0.002,555.6,0
5139886,MTF מחקה Indxx Bitcoin Reference,Bitcoin,,נכסים דיגיטליים,2026-04-30,25890000.0,מגדל,,True,False,0.0,0.0,0.0,0.0,0.0,0
5139902,קסם S&P/TSX 60 KTF,אמריקה- שווקים מפותחים,,"מניות בחו""ל",2026-04-30,12490000.0,קסם,,True,False,0.006,0.0,749.4,0.006,749.4,0
5139910,אי בי אי מחקה S&P Bitcoin,Bitcoin,,נכסים דיגיטליים,2026-04-30,42940000.0,אי.בי.אי,,True,False,0.002,0.0,858.8000000000001,0.002,858.8000000000001,0
5139928,מור מחקה S&P Bitcoin Futures Daily Roll Index,Bitcoin,,נכסים דיגיטליים,2026-04-30,8710000.0,מור,,True,False,0.002,0.0,174.20000000000002,0.002,174.20000000000002,0
5139936,"ATF מחקה ת""א-20",Large Cap,,מניות בארץ,2026-04-30,8279999.999999999,אנליסט,,True,False,0.002,0.0,165.6,0.002,165.6,0
5139944,"ATF מחקה ת""א-50 ריאלי",Large & Mid Cap,,מניות בארץ,2026-04-30,8320000.0,אנליסט,,True,False,0.002,0.0,166.4,0.002,166.4,0
5139951,"ATF מחקה ת""א-200",All Cap,,מניות בארץ,2026-04-30,60060000.0,אנליסט,,True,False,0.002,0.0,1201.2,0.002,1201.2,0
5139969,DCMS תיק השקעות גלובלי עד 30% מניות,"אג""ח חשופת מט""ח",,"אג""ח בחו""ל",2026-04-30,14980000.0,איילון,דימונד קפיטל,False,False,0.009000000000000001,0.0035,1348.2,0.005500000000000001,823.9000000000002,0
5139977,קסם Cboe S&P 500 15% Buffer FEB IC KTF - מובנה שנתי,אמריקה- שווקים מפותחים,,"מניות בחו""ל",2026-04-30,5820000.0,קסם,,True,False,0.0075,0.0,436.49999999999994,0.0075,436.49999999999994,0
5139985,הראל מחקה (!) תל בונד - תשואות צמודות,בריבית קבועה,,"אג""ח בארץ- חברות והמרה",2026-04-30,20870000.0,הראל,,True,False,0.0,0.0,0.0,0.0,0.0,0
5140009,"הראל מחקה ת""א- ביטוח",ביטוח,,מניות בארץ,2026-04-30,179430000.0,הראל,,True,False,0.0,0.0,0.0,0.0,0.0,0
5140025,תכלית TTFי משולבת מניות מקומיות חודשי,מניות בארץ קרן משולבת,,מניות בארץ,2026-04-30,27200000.0,מיטב,,True,False,0.0,0.0,0.0,0.0,0.0,0
5140033,אקורד מניות,מניות All Cap,,מניות בארץ,2026-04-30,7870000.0,איילון,אקורד ניהול השקעות,False,False,0.014499999999999999,0.0035,1141.15,0.011,865.6999999999999,0
5140041,מגדל מניות שבבים גלובלי,"מניות לפי ענפים בחו""ל",,"מניות בחו""ל",2026-04-30,22380000.0,מגדל,,False,False,0.005,0.0035,1119.0,0.0015,335.7,0
5140058,קסם KTF תל בונד צמודות 1-3,בריבית קבועה - קצר,,"אג""ח בארץ- חברות והמרה",2026-04-30,145560000.0,קסם,,True,False,0.0,0.0,0.0,0.0,0.0,0
5140066,"אי בי אי מחקה אינדקס נדל""ן למגורים בישראל","נדל""ן ובנייה",,מניות בארץ,2026-04-30,16880000.0,אי.בי.אי,,True,False,0.0,0.0,0.0,0.0,0.0,0
5140116,ATF מחקה תל בונד-צמודות A,בריבית קבועה,,"אג""ח בארץ- חברות והמרה",2026-04-30,7080000.0,אנליסט,,True,False,0.0,0.0,0.0,0.0,0.0,0
5140124,ATF מחקה (!) תל בונד-תשואות צמודות,בריבית קבועה,,"אג""ח בארץ- חברות והמרה",2026-04-30,48880000.0,אנליסט,,True,False,0.0,0.0,0.0,0.0,0.0,0
5140132,"הראל מחקה S&P 500 Momentum מנוטרלת מט""ח",אמריקה- שווקים מפותחים,,"מניות בחו""ל",2026-04-30,122720000.0,הראל,,True,False,0.005,0.0,6136.0,0.005,6136.0,0
5140140,MTF מחקה World Top 100 iNDEX מנוטרלת דולר,"מניות גלובליות - מנוטרלת מט""ח",,"מניות בחו""ל",2026-04-30,14180000.0,מגדל,,True,False,0.0,0.0,0.0,0.0,0.0,0
5140157,"MTF מחקה ת""א 90 ובנקים",Large & Mid Cap,,מניות בארץ,2026-04-30,11870000.0,מגדל,,True,False,0.0,0.0,0.0,0.0,0.0,0
5140165,MTF מחקה MSCI World מנוטרלת דולר,גלובלי- שווקים מפותחים,,"מניות בחו""ל",2026-04-30,90370000.0,מגדל,,True,False,0.0,0.0,0.0,0.0,0.0,0
5140199,MTF מחקה אינדקס כלכלת ישראל 125,Large & Mid Cap,,מניות בארץ,2026-04-30,136430000.0,מגדל,,True,False,0.0,0.0,0.0,0.0,0.0,0
5140207,"MTF מחקה Indxx US 2000 Profitability מנוטרלת מט""ח",אמריקה- שווקים מפותחים,,"מניות בחו""ל",2026-04-30,17020000.0,מגדל,,True,False,0.005,0.0,851.0,0.005,851.0,0
5140215,"MTF מחקה Bloomberg New Constructs Core Earnings Leaders מנוטרלת מט""ח",אמריקה- שווקים מפותחים,,"מניות בחו""ל",2026-04-30,38450000.0,מגדל,,True,False,0.008,0.0,3076.0000000000005,0.008,3076.0000000000005,0
5140223,אלטשולר שחם מחקה A.B US Top Tech Ex Top 5,Technology,,"מניות בחו""ל",2026-04-30,1030000.0,אלטשולר שחם,,True,False,0.005,0.0,51.5,0.005,51.5,0
5140231,תכלית TTF (!) תל-בונד בולט 2029 שקלי,בריבית קבועה,,"אג""ח בארץ- חברות והמרה",2026-04-30,11340000.0,מיטב,,True,False,0.0015,0.0,170.1,0.0015,170.1,0
5140249,תכלית TTF תל-בונד בולט 10/2028 צמוד,בריבית קבועה,,"אג""ח בארץ- חברות והמרה",2026-04-30,8390000.0,מיטב,,True,False,0.0015,0.0,125.85000000000001,0.0015,125.85000000000001,0
5140256,תכלית TTF (!) תל-בונד בולט 2029 ישראל,"אג""ח חברות שקלי וצמוד",,"אג""ח בארץ- חברות והמרה",2026-04-30,10900000.0,מיטב,,True,False,0.002,0.0,218.00000000000003,0.002,218.00000000000003,0
5140272,"ילין לפידות מחקה S&P 500 Market Leaders מנוטרלת מט""ח",אמריקה- שווקים מפותחים,,"מניות בחו""ל",2026-04-30,12090000.0,ילין לפידות,,True,False,0.0049,0.0,592.41,0.0049,592.41,0
5140280,ילין לפידות מחקה S&P 500 Market Leaders,אמריקה- שווקים מפותחים,,"מניות בחו""ל",2026-04-30,4780000.0,ילין לפידות,,True,False,0.0049,0.0,234.22,0.0049,234.22,0
5140298,אי בי אי מחקה Indxx Nuclear Energy Industry מנוטרלת דולר,Alternative / Renewable Energy,,"מניות בחו""ל",2026-04-30,315300000.0,אי.בי.אי,,True,False,0.006500000000000001,0.0,20494.500000000004,0.006500000000000001,20494.500000000004,0
5140306,"אי בי אי מחקה ת""א-90 ו- CAP 0.8% SME60",Mid  & Small Cap,,מניות בארץ,2026-04-30,13060000.0,אי.בי.אי,,True,False,0.0,0.0,0.0,0.0,0.0,0
5140314,אי בי אי מחקה תל גוב-שקלי,ריבית קבועה,,"אג""ח בארץ- מדינה",2026-04-30,20400000.0,אי.בי.אי,,True,False,0.0,0.0,0.0,0.0,0.0,0
5140322,אי בי אי מחקה תל גוב-צמודות,צמודות מדד ממשלתיות - אחר,,"אג""ח בארץ- מדינה",2026-04-30,15550000.0,אי.בי.אי,,True,False,0.001,0.0,155.5,0.001,155.5,0
5140330,אי בי אי מחקה תל גוב-לא צמודות,שקליות ממשלתיות -  אחר,,"אג""ח בארץ- מדינה",2026-04-30,22350000.0,אי.בי.אי,,True,False,0.0015,0.0,335.25,0.0015,335.25,0
5140348,מיטב 15/85 מודל ESG,"אג""ח כללי בארץ- עד 15% מניות",,"אג""ח בארץ - כללי",2026-04-30,5370000.0,מיטב,,False,False,0.006500000000000001,0.0035,349.05000000000007,0.0030000000000000005,161.10000000000002,0
5140355,"מיטב אג""ח מודל ESG","אג""ח כללי בארץ ללא מניות וללא סימן קריאה",,"אג""ח בארץ - כללי",2026-04-30,18680000.0,מיטב,,False,False,0.0059,0.0035,1102.12,0.0024,448.31999999999994,0
5140363,"קסם TipRanks US Momentum Analysts iNDEX KTF מנוטרלת מט""ח",אמריקה- שווקים מפותחים,,"מניות בחו""ל",2026-04-30,24240000.0,קסם,,True,False,0.006999999999999999,0.0,1696.8,0.006999999999999999,1696.8,0
5140371,אביב 10/90 תיק מודל ESG כשרה,"אג""ח כללי בארץ- עד 10% מניות ללא סימן קריאה",,"אג""ח בארץ - כללי",2026-04-30,29190000.0,איילון,אביב בית השקעות,False,False,0.0087,0.0035,2539.53,0.0052,1517.8799999999999,0
5140397,MTF מחקה אינדקס כלכלת ישראל 90,Mid Cap,,מניות בארץ,2026-04-30,7070000.0,מגדל,,True,False,0.0,0.0,0.0,0.0,0.0,0
5140413,אנליסט כספית חיסכון,כספית שקלית עם קונצרני,,קרן כספית,2026-04-30,1568450000.0,אנליסט,,False,False,0.0012,0.001,18821.399999999998,0.00019999999999999987,3136.899999999998,1
5140439,MTF מחקה Indxx Top 10 Europe Defense מנוטרלת אירו,Aerospace & Defense,,"מניות בחו""ל",2026-04-30,36560000.0,מגדל,,True,False,0.004,0.0,1462.4,0.004,1462.4,0
5140447,"MTF מחקה ת""א - ביטוח",ביטוח,,מניות בארץ,2026-04-30,180180000.0,מגדל,,True,False,0.0,0.0,0.0,0.0,0.0,0
5140454,תכלית CME CF Ethereum Reference Rate (ETHUSDNY) TTF,Ethereum,,נכסים דיגיטליים,2026-04-30,24300000.0,מיטב,,True,False,0.005,0.0,1215.0,0.005,1215.0,0
5140462,אי בי אי מדורגות A ומעלה,"אג""ח כללי בארץ ללא מניות וללא סימן קריאה, עם מגבלת מח""מ עד 5 שנים",,"אג""ח בארץ - כללי",2026-04-30,1050000.0,אי.בי.אי,,False,False,0.005,0.0035,52.5,0.0015,15.75,0
5140470,"אקורד אג""ח ללא מניות","אג""ח כללי בארץ ללא מניות וללא סימן קריאה",,"אג""ח בארץ - כללי",2026-04-30,9610000.0,איילון,אקורד ניהול השקעות,False,False,0.0075,0.0035,720.7499999999999,0.004,384.40000000000003,0
5140496,דולפין תיק השקעות גמיש,גמישות,,גמישות,2026-04-30,13140000.0,איילון,דולפין 1 השקעות,False,False,0.012,0.0035,1576.8,0.0085,1116.9,0
5140504,"מיטב ת""א 125 מומנטום",מניות Large & Mid Cap,,מניות בארץ,2026-04-30,95130000.0,מיטב,,False,False,0.0105,0.0035,9988.65,0.007000000000000001,6659.1,0
5140512,"קסם KTF (!) אינדקס אג""ח תשואות 100",חברות והמרה בסיכון גבוה,,"אג""ח בארץ- חברות והמרה",2026-04-30,90010000.0,קסם,,True,False,0.0022,0.0,1980.2200000000003,0.0022,1980.2200000000003,0
5140520,קסם KTF (!) אינדקס Bullet ישראל 2032,"אג""ח חברות שקלי וצמוד",,"אג""ח בארץ- חברות והמרה",2026-04-30,155440000.0,קסם,,True,False,0.0022,0.0,3419.6800000000003,0.0022,3419.6800000000003,0
5140538,קסם KTF (!) אינדקס Bullet שקלי 2031,בריבית קבועה,,"אג""ח בארץ- חברות והמרה",2026-04-30,41350000.0,קסם,,True,False,0.0022,0.0,909.7000000000002,0.0022,909.7000000000002,0
5140546,"אלטשולר שחם מחקה S&P 500 מנוטרלת מט""ח",אמריקה- שווקים מפותחים,,"מניות בחו""ל",2026-04-30,69150000.0,אלטשולר שחם,,True,False,0.0,0.0,0.0,0.0,0.0,0
5140553,פסטרנק שהם 25/75,"אג""ח כללי בארץ- עד 25% מניות",,"אג""ח בארץ - כללי",2026-04-30,15200000.0,איילון,פסטרנק שהם,False,False,0.0059,0.0035,896.8,0.0024,364.79999999999995,0
5140561,"הראל מחקה אינדקס תעשיות ביטחוניות ארה""ב וישראל מנוטרלת מט""ח",Aerospace & Defense,,"מניות בחו""ל",2026-04-30,142740000.0,הראל,,True,False,0.005,0.0,7137.0,0.005,7137.0,0
5140579,אקהאוס מניות ישראל,מניות All Cap,,מניות בארץ,2026-04-30,36480000.0,איילון,אקהאוס קפיטל,False,False,0.017,0.0035,6201.6,0.013500000000000002,4924.800000000001,0
5140587,"איילון זבולון מניות חו""ל - נקובת דולר","מניות בחו""ל נקובת מט""ח",,"מניות בחו""ל",2026-04-30,71460000.0,איילון,זבולון שרותי מחקר,False,False,0.0175,0.0035,12505.500000000002,0.014000000000000002,10004.400000000001,0
5140595,"MTF מחקה ת""א-נפט וגז","נפט, גז ואנרגיה",,מניות בארץ,2026-04-30,83690000.0,מגדל,,True,False,0.0,0.0,0.0,0.0,0.0,0
5140603,"קסם אקטיב מניות ארה""ב שריעה","ארה""ב חשופת מט""ח",,"מניות בחו""ל",2026-04-30,2100000.0,קסם,,False,False,0.015,0.0035,315.0,0.0115,241.5,0
5140611,אי בי אי קונצרני מדורג,חברות והמרה ללא מניות וללא סימן קריאה,,"אג""ח בארץ- חברות והמרה",2026-04-30,3540000.0,אי.בי.אי,,False,False,0.005,0.0035,177.0,0.0015,53.1,0
5140629,"הראל מחקה אינדקס תשתיות ובינוי ארה""ב וישראל",שילוב ענפים,,"מניות בחו""ל",2026-04-30,10070000.0,הראל,,True,False,0.004,0.0,402.8,0.004,402.8,0
5140637,"תכלית US Capital Markets iNDEX TTF מנוטרלת מט""ח",Financial,,"מניות בחו""ל",2026-04-30,15980000.0,מיטב,,True,False,0.005,0.0,799.0,0.005,799.0,0
5140645,אלטשולר שחם מחקה A.B US Tech Ex Top 30,Technology,,"מניות בחו""ל",2026-04-30,200000.0,אלטשולר שחם,,True,False,0.008,0.0,16.0,0.008,16.0,0
5140652,אלטשולר שחם מחקה אינדקס AAA שקלי,"אג""ח בארץ כללי",,"אג""ח בארץ כללי",2026-04-30,4210000.0,אלטשולר שחם,,True,False,0.0015,0.0,63.15,0.0015,63.15,0
5140660,אלטשולר שחם מחקה אינדקס חברות ניהול השקעות ומסחר בישראל,פיננסים,,מניות בארץ,2026-04-30,40710000.0,אלטשולר שחם,,True,False,0.005,0.0,2035.5,0.005,2035.5,0
5140678,ילין לפידות מחקה S&P 500 Market Leaders נקובה $,אמריקה- שווקים מפותחים,,"מניות בחו""ל",2026-04-30,8880000.0,ילין לפידות,,True,False,0.006999999999999999,0.0,621.5999999999999,0.006999999999999999,621.5999999999999,0
5140686,אנליסט מניות ממונפת,ממונפות בסיכון גבוה,,ממונפות ואסטרטגיות,2026-04-30,930000.0,אנליסט,,False,False,0.0375,0.0035,348.75,0.033999999999999996,316.2,0
5140694,פרופאונד מניות Large & Mid Cap ישראל,מניות Large & Mid Cap,,מניות בארץ,2026-04-30,42090000.0,איילון,פרופאונד,False,False,0.01,0.0035,4209.0,0.006500000000000001,2735.8500000000004,0
5140702,"מור אג""ח חברות + 20%",חברות והמרה עם מניות ללא סימן קריאה,,"אג""ח בארץ- חברות והמרה",2026-04-30,109240000.0,מור,,False,False,0.0079,0.0035,8629.960000000001,0.004400000000000001,4806.560000000001,0
5140710,"הראל מחקה ת""א SME60 מודל רווחיות משקל שווה",Mid  & Small Cap,,מניות בארץ,2026-04-30,4380000.0,הראל,,True,False,0.004,0.0,175.20000000000002,0.004,175.20000000000002,0
5140728,"הראל מחקה ת""א-90 מודל רווחיות משקל שווה",Mid Cap,,מניות בארץ,2026-04-30,780000.0,הראל,,True,False,0.004,0.0,31.200000000000003,0.004,31.200000000000003,0
5140736,תכלית TTF אינדקס 150 Cap Mid-Small ישראל,Mid  & Small Cap,,מניות בארץ,2026-04-30,7780000.0,מיטב,,True,False,0.0025,0.0,194.5,0.0025,194.5,0
5140751,אי בי אי ויינשטיין אגד ישראלי,אגד ישראלי,,אגד קרנות,2026-04-30,11030000.0,אי.בי.אי,GREMMY ADVISORS,False,False,0.0,0.0035,0.0,-0.0035,-386.05000000000007,0
5140769,אי בי אי מחקה S&P 500 Equal Weight,אמריקה- שווקים מפותחים,,"מניות בחו""ל",2026-04-30,36360000.0,אי.בי.אי,,True,False,0.0,0.0,0.0,0.0,0.0,0
5140777,קסם KTF אינדקס Bullet דולר 2030 - גלובלי נקובה $,"חברות והמרה חשופת מט""ח",,"אג""ח בחו""ל",2026-04-30,9310000.0,קסם,,True,False,0.004,0.0,372.40000000000003,0.004,372.40000000000003,0
5140785,מגדל כספית שקלית ללא קונצרני,כספית שקלית ללא קונצרני,,קרן כספית,2026-04-30,3139860000.0,מגדל,,False,False,0.0006,0.001,18839.159999999996,-0.0004000000000000001,-12559.440000000002,1
5140793,קסם Cboe S&P 500 15% Buffer JUL IC KTF - מובנה שנתי,אמריקה- שווקים מפותחים,,"מניות בחו""ל",2026-04-30,1970000.0,קסם,,True,False,0.0075,0.0,147.75,0.0075,147.75,0
5140801,ברק אולטרה זהב פי 3,ממונפות בסיכון גבוה,,ממונפות ואסטרטגיות,2026-04-30,17950000.0,ברק,,False,False,0.018000000000000002,0.0035,3231.0,0.014500000000000002,2602.7500000000005,0
5140819,"ברק אג""ח ללא מניות","אג""ח כללי בארץ ללא מניות וללא סימן קריאה",,"אג""ח בארץ - כללי",2026-04-30,950000.0,ברק,,False,False,0.008,0.0035,76.0,0.0045000000000000005,42.75,0
5140827,"אי בי אי מחקה ת""א-נפט וגז","נפט, גז ואנרגיה",,מניות בארץ,2026-04-30,42620000.0,אי.בי.אי,,True,False,0.0,0.0,0.0,0.0,0.0,0
5140835,"אילים אג""ח מדורגות",חברות והמרה ללא מניות וללא סימן קריאה,,"אג""ח בארץ- חברות והמרה",2026-04-30,1030000.0,אילים,,False,False,0.0059,0.0035,60.769999999999996,0.0024,24.72,0
5140843,אי בי אי מחקה MarketVector Global Defense,Aerospace & Defense,,"מניות בחו""ל",2026-04-30,54750000.0,אי.בי.אי,,True,False,0.0,0.0,0.0,0.0,0.0,0
5140850,MTF מחקה S&P 500 Momentum,אמריקה- שווקים מפותחים,,"מניות בחו""ל",2026-04-30,11390000.0,מגדל,,True,False,0.0025,0.0,284.75,0.0025,284.75,0
5140868,MTF מחקה (!) אינדקס 0-3 שקלי עד A,בריבית קבועה - קצר,,"אג""ח בארץ- חברות והמרה",2026-04-30,7020000.0,מגדל,,True,False,0.0,0.0,0.0,0.0,0.0,0
5140884,"MTF מחקה Bluestar TOP 10 US Listed Alternative Asset Managers מנוטרלת מט""ח",Financial,,"מניות בחו""ל",2026-04-30,2270000.0,מגדל,,True,False,0.005,0.0,113.5,0.005,113.5,0
5140892,"MTF מחקה ת""א - נדל""ן","נדל""ן ובנייה",,מניות בארץ,2026-04-30,61400000.0,מגדל,,True,False,0.0,0.0,0.0,0.0,0.0,0
5140900,"MTF מחקה אינדקס מדינת ישראל - מח""מ 10 קבוע שקלי",ריבית קבועה - ארוך,,"אג""ח בארץ- מדינה",2026-04-30,56780000.0,מגדל,,True,False,0.0,0.0,0.0,0.0,0.0,0
5140918,אלטשולר שחם כספית ניהול נזילות,כספית שקלית עם קונצרני,,קרן כספית,2026-04-30,9999030000.0,אלטשולר שחם,,False,False,0.0006,0.001,59994.17999999999,-0.0004000000000000001,-39996.12000000001,1
5140926,הראל מחקה אינדקס תעשיות ביטחוניות אירופה Top10,Aerospace & Defense,,"מניות בחו""ל",2026-04-30,9120000.0,הראל,,True,False,0.004,0.0,364.8,0.004,364.8,0
5140942,דולפין (!) Israeli global bond נקובה $,"אג""ח נקובת מט""ח",,"אג""ח בחו""ל",2026-04-30,266500000.0,איילון,דולפין 1 השקעות,False,False,0.0069,0.0035,18388.5,0.0034,9061.0,0
5140959,אלטשולר שחם מחקה A.B TLV-NY Israel Top 25,אחר,,מניות בארץ,2026-04-30,360000.0,אלטשולר שחם,,True,False,0.008,0.0,28.8,0.008,28.8,0
5140967,קסם KTF אינדקס תשתיות ובינוי אירופה מנוטרלת אירו,REIT - Real Estate,,"מניות בחו""ל",2026-04-30,25230000.0,קסם,,True,False,0.006999999999999999,0.0,1766.1,0.006999999999999999,1766.1,0
5140975,תכלית TTF אינדקס תשתיות חיוניות ובנייה בישראל,שילוב ענפים,,מניות בארץ,2026-04-30,37490000.0,מיטב,,True,False,0.004,0.0,1499.6000000000001,0.004,1499.6000000000001,0
5140983,איילון מניות ביטוח,מניות לפי ענפים,,מניות בארץ,2026-04-30,16920000.0,איילון,,False,False,0.0059,0.0035,998.28,0.0024,406.0799999999999,0
5140991,הראל מחקה אינדקס לפדיון 2029 (מתגלגל כל 4 שנים),"אג""ח חברות שקלי וצמוד",,"אג""ח בארץ- חברות והמרה",2026-04-30,23370000.0,הראל,,True,False,0.0015,0.0,350.55,0.0015,350.55,0
5141007,MTF מחקה Bloomberg US Analyst Recommendations נקובה $,אמריקה- שווקים מפותחים,,"מניות בחו""ל",2026-04-30,2940000.0,מגדל,,True,False,0.008,0.0,235.20000000000002,0.008,235.20000000000002,0
5141031,"אי בי אי מחקה אינדקס ת""א Small Cap 60 רווחיות",Small Cap,,מניות בארץ,2026-04-30,13490000.0,אי.בי.אי,,True,False,0.0025,0.0,337.25,0.0025,337.25,0
5141049,"פרופאונד (!) תיק אג""ח + 10%","אג""ח כללי בארץ- עד 10% מניות ועם סימן קריאה",,"אג""ח בארץ - כללי",2026-04-30,18500000.0,איילון,פרופאונד,False,False,0.0069,0.0035,1276.5,0.0034,629.0,0
5141056,"אלטשולר שחם מחקה ת""א 90",Mid Cap,,מניות בארץ,2026-04-30,10790000.0,אלטשולר שחם,,True,False,0.0,0.0,0.0,0.0,0.0,0
5141064,אלטשולר שחם מחקה תל בונד-צמודות 1-3,בריבית קבועה - קצר,,"אג""ח בארץ- חברות והמרה",2026-04-30,11550000.0,אלטשולר שחם,,True,False,0.0,0.0,0.0,0.0,0.0,0
5141072,MTF מחקה אינדקס פיננסים ישראל Top15,פיננסים,,מניות בארץ,2026-04-30,36020000.0,מגדל,,True,False,0.004,0.0,1440.8000000000002,0.004,1440.8000000000002,0
5141080,קסם אקטיב סוקוק חשופת דולר - שריעה,"אג""ח חשופת דולר",,"אג""ח בחו""ל",2026-04-30,7480000.0,קסם,,False,False,0.006999999999999999,0.0035,523.5999999999999,0.003499999999999999,261.79999999999995,0
5141098,דולפין כספית שקלית,כספית שקלית עם קונצרני,,קרן כספית,2026-04-30,272220000.0,איילון,דולפין 1 השקעות,False,False,0.0009,0.001,2449.98,-0.00010000000000000005,-272.2200000000001,1
5141106,אי בי אי מדינה + 20%,"אג""ח מדינה כללי- עד 20% מניות",,"אג""ח בארץ- מדינה",2026-04-30,19050000.0,אי.בי.אי,,False,False,0.006,0.0035,1143.0,0.0025,476.25,0
5141114,"MTF מחקה S&P 500 Momentum מנוטרלת מט""ח",אמריקה- שווקים מפותחים,,"מניות בחו""ל",2026-04-30,9970000.0,מגדל,,True,False,0.0025,0.0,249.25,0.0025,249.25,0
5141122,"ילין לפידות מחקה quabify אג""ח לפדיון 2031 צמוד",בריבית קבועה,,"אג""ח בארץ- חברות והמרה",2026-04-30,46280000.0,ילין לפידות,,True,False,0.0024,0.0,1110.7199999999998,0.0024,1110.7199999999998,0
5141130,"ילין לפידות מחקה quabify אג""ח לפדיון 2031 שקלי",בריבית קבועה,,"אג""ח בארץ- חברות והמרה",2026-04-30,13440000.0,ילין לפידות,,True,False,0.0024,0.0,322.55999999999995,0.0024,322.55999999999995,0
5141148,"ילין לפידות מחקה quabify אג""ח לפדיון 2031 מאוזן","אג""ח חברות שקלי וצמוד",,"אג""ח בארץ- חברות והמרה",2026-04-30,4810000.0,ילין לפידות,,True,False,0.0024,0.0,115.43999999999998,0.0024,115.43999999999998,0
5141155,"ילין לפידות מחקה quabify אג""ח לפדיון 2032 מאוזן","אג""ח חברות שקלי וצמוד",,"אג""ח בארץ- חברות והמרה",2026-04-30,7280000.0,ילין לפידות,,True,False,0.0024,0.0,174.71999999999997,0.0024,174.71999999999997,0
5141163,"ילין לפידות מחקה quabify אג""ח לפדיון 2032 שקלי",בריבית קבועה,,"אג""ח בארץ- חברות והמרה",2026-04-30,30720000.0,ילין לפידות,,True,False,0.0024,0.0,737.2799999999999,0.0024,737.2799999999999,0
5141171,"ילין לפידות מחקה quabify אג""ח לפדיון 2032 צמוד",בריבית קבועה,,"אג""ח בארץ- חברות והמרה",2026-04-30,8780000.0,ילין לפידות,,True,False,0.0024,0.0,210.71999999999997,0.0024,210.71999999999997,0
5141189,אי בי אי מניות תעשיות ביטחוניות ישראל,מניות לפי ענפים,,מניות בארץ,2026-04-30,1134910000.0,אי.בי.אי,,False,False,0.0095,0.0035,107816.45,0.006,68094.6,0
5141197,אי בי אי כספית חיסכון,כספית שקלית עם קונצרני,,קרן כספית,2026-04-30,2291590000.0,אי.בי.אי,,False,False,0.0007000000000000001,0.001,16041.130000000001,-0.0002999999999999999,-6874.769999999999,1
5141205,"אלטשולר שחם מחקה ת""א 125",Large & Mid Cap,,מניות בארץ,2026-04-30,64090000.0,אלטשולר שחם,,True,False,0.0,0.0,0.0,0.0,0.0,0
5141213,"MTF מחקה Indxx Building America Infrastructure מנוטרלת מט""ח",שילוב ענפים,,"מניות בחו""ל",2026-04-30,10660000.0,מגדל,,True,False,0.005,0.0,533.0,0.005,533.0,0
5141221,אי בי אי מניות ערך,מניות All Cap,,מניות בארץ,2026-04-30,1050000.0,אי.בי.אי,,False,False,0.006999999999999999,0.0035,73.5,0.003499999999999999,36.74999999999999,0
5141239,אלטשולר שחם מחקה בנקים בישראל A.B,בנקאות ואשראי חוץ בנקאי,,מניות בארץ,2026-04-30,35570000.0,אלטשולר שחם,,True,False,0.0,0.0,0.0,0.0,0.0,0
5141247,אנליסט מניות Mid Cap ישראל,מניות Large & Mid Cap,,מניות בארץ,2026-04-30,3100000.0,אנליסט,,False,False,0.0095,0.0035,294.5,0.006,186.0,0
5141254,אנליסט מדינה צמודה פלוס,"אג""ח מדינה צמוד מדד- עד 10% מניות",,"אג""ח בארץ- מדינה",2026-04-30,2400000.0,אנליסט,,False,False,0.0058,0.0035,139.2,0.0022999999999999995,55.19999999999999,0
5141262,"MTF מחקה Indxx Top 10 US-Israel Banks מנוטרלת מט""ח","מניות גלובליות - מנוטרלת מט""ח",,"מניות בחו""ל",2026-04-30,4560000.0,מגדל,,True,False,0.005,0.0,228.0,0.005,228.0,0
5141270,"פינסה (!) תיק אג""ח","אג""ח כללי בארץ ללא מניות עם סימן קריאה",,"אג""ח בארץ - כללי",2026-04-30,93570000.0,סיגמא,פינסה ניהול נכסים,False,False,0.0075,0.0035,7017.749999999999,0.004,3742.8,0
5141288,אלטשולר שחם מחקה INDXX US Big Data,Technology,,"מניות בחו""ל",2026-04-30,390000.0,אלטשולר שחם,,True,False,0.008,0.0,31.200000000000003,0.008,31.200000000000003,0
5141296,מיטב כספית ג'מבו,כספית שקלית עם קונצרני,,קרן כספית,2026-04-30,917960000.0,מיטב,,False,False,0.0012,0.001,11015.519999999999,0.00019999999999999987,1835.9199999999987,1
5141304,מגדל כספית חיסכון,כספית שקלית עם קונצרני,,קרן כספית,2026-04-30,84180000.0,מגדל,,False,False,0.001,0.001,841.8000000000001,0.0,0.0,1
5141312,קסם KTF אינדקס בנקים ישראל,בנקאות ואשראי חוץ בנקאי,,מניות בארץ,2026-04-30,110870000.0,קסם,,True,False,0.0,0.0,0.0,0.0,0.0,0
5141320,קסם TipRanks Global Momentum Analysts iNDEX KTF מנוטרלת דולר,גלובלי- שווקים מפותחים,,"מניות בחו""ל",2026-04-30,24690000.0,קסם,,True,False,0.006999999999999999,0.0,1728.3,0.006999999999999999,1728.3,0
5141353,FOREST כספית,כספית שקלית עם קונצרני,,קרן כספית,2026-04-30,2764870000.0,פורסט,,False,False,0.0007000000000000001,0.001,19354.090000000004,-0.0002999999999999999,-8294.609999999999,1
5141361,מור מחקה Nuclear Energy Industry iNDEX,Alternative / Renewable Energy,,"מניות בחו""ל",2026-04-30,22990000.0,מור,,True,False,0.0,0.0,0.0,0.0,0.0,0
5141387,"אי בי אי תיק מניות חו""ל עד 30% מט""ח","מניות כללי בחו""ל מוגנת מט""ח",,"מניות בחו""ל",2026-04-30,6450000.0,אי.בי.אי,,False,False,0.006999999999999999,0.0035,451.49999999999994,0.003499999999999999,225.74999999999994,0
5141395,פורטה Quality Equity USA,"ארה""ב חשופת מט""ח",,"מניות בחו""ל",2026-04-30,267149999.99999997,סיגמא,פורטה,False,False,0.012,0.0035,32057.999999999996,0.0085,22707.75,0
5141403,"קסם CME CF Bitcoin Reference Rate (BRRNY) KTF מנוטרלת מט""ח",Bitcoin,,נכסים דיגיטליים,2026-04-30,8380000.000000001,קסם,,True,False,0.005,0.0,419.00000000000006,0.005,419.00000000000006,0
5141411,מור מניות MID CAP ישראל,מניות Large & Mid Cap,,מניות בארץ,2026-04-30,46320000.0,מור,,False,False,0.0095,0.0035,4400.4,0.006,2779.2000000000003,0
5141429,תכלית TTF אינדקס שוק ההון ישראל,פיננסים,,מניות בארץ,2026-04-30,27330000.0,מיטב,,True,False,0.005,0.0,1366.5,0.005,1366.5,0
5141437,"מיטב ת""א 90 פי 3",ממונפות בסיכון גבוה,,ממונפות ואסטרטגיות,2026-04-30,5100000.0,מיטב,,False,False,0.015,0.0035,764.9999999999999,0.0115,586.5,0
5141445,איילון מניות ביטחוניות ישראל,מניות לפי ענפים,,מניות בארץ,2026-04-30,78420000.0,איילון,,False,False,0.008,0.0035,6273.6,0.0045000000000000005,3528.9,0
5141452,ילין לפידות כספית כשרה,כספית שקלית עם קונצרני,,קרן כספית,2026-04-30,893590000.0,ילין לפידות,,False,False,0.0006,0.001,5361.539999999999,-0.0004000000000000001,-3574.3600000000006,1
5141460,הראל מחקה אינדקס לפדיון 2031 (מתגלגל כל 4 שנים),"אג""ח חברות שקלי וצמוד",,"אג""ח בארץ- חברות והמרה",2026-04-30,9260000.0,הראל,,True,False,0.0015,0.0,138.9,0.0015,138.9,0
5141478,"קסם KTF ת""א נדל""ן","נדל""ן ובנייה",,מניות בארץ,2026-04-30,7970000.0,קסם,,True,False,0.0,0.0,0.0,0.0,0.0,0
5141486,מיטב בנקים - ביטוח ושוק ההון,מניות לפי ענפים,,מניות בארץ,2026-04-30,8880000.0,מיטב,,False,False,0.0095,0.0035,843.5999999999999,0.006,532.8000000000001,0
5141494,קסם MarketVector Global Nuclear Energy Industry Index KTF מנוטרלת דולר,Alternative / Renewable Energy,,"מניות בחו""ל",2026-04-30,5000000.0,קסם,,True,False,0.006,0.0,300.0,0.006,300.0,0
5141502,ב. אלטרנטיב 30/70,"אג""ח כללי בארץ- עד 30% מניות",,"אג""ח בארץ - כללי",2026-04-30,13270000.0,איילון,בסט אלטרנטיב,False,False,0.0078000000000000005,0.0035,1035.06,0.0043,570.61,0
5141510,"אקהאוס מניות חו""ל","מניות כללי בחו""ל חשופת מט""ח",,"מניות בחו""ל",2026-04-30,4620000.0,איילון,אקהאוס קפיטל,False,False,0.0175,0.0035,808.5000000000001,0.014000000000000002,646.8000000000001,0
5141528,פוקוס 50/50,"אג""ח כללי בארץ - חשיפה מרבית מעל 30% מניות",,"אג""ח בארץ - כללי",2026-04-30,25210000.0,איילון,פוקוס,False,False,0.0089,0.0035,2243.69,0.0054,1361.3400000000001,0
5141536,כרמים 30/70,"אג""ח כללי בארץ- עד 30% מניות",,"אג""ח בארץ - כללי",2026-04-30,26890000.0,איילון,כרמים,False,False,0.0085,0.0035,2285.65,0.005000000000000001,1344.5000000000002,0
5141544,"סיגמא תיק אג""ח + 30%","אג""ח כללי בארץ- עד 30% מניות",,"אג""ח בארץ - כללי",2026-04-30,35830000.0,סיגמא,,False,False,0.0069,0.0035,2472.27,0.0034,1218.22,0
5141551,גביש מניות ישראל,מניות All Cap,,מניות בארץ,2026-04-30,6990000.0,סיגמא,גביש פיננסים,False,False,0.018500000000000003,0.0035,1293.15,0.015000000000000003,1048.5000000000002,0
5141569,"אלטשולר שחם מחקה Nasdaq 100 מנוטרלת מט""ח",אמריקה- שווקים מפותחים,,"מניות בחו""ל",2026-04-30,5430000.0,אלטשולר שחם,,True,False,0.0,0.0,0.0,0.0,0.0,0
5141577,אילים מדינה צמודה פלוס,"אג""ח מדינה צמוד מדד- עד 10% מניות",,"אג""ח בארץ- מדינה",2026-04-30,9050000.0,אילים,,False,False,0.0059,0.0035,533.9499999999999,0.0024,217.2,0
5141585,תמיר פישמן 20/80,"אג""ח כללי בארץ- עד 20% מניות",,"אג""ח בארץ - כללי",2026-04-30,450000.0,תמיר פישמן,,False,False,0.0069,0.0035,31.049999999999997,0.0034,15.3,0
5141593,תמיר פישמן 30/70,"אג""ח כללי בארץ- עד 30% מניות",,"אג""ח בארץ - כללי",2026-04-30,2370000.0,תמיר פישמן,,False,False,0.0069,0.0035,163.53,0.0034,80.58,0
5141601,תמיר פישמן גמישה,גמישות,,גמישות,2026-04-30,3300000.0,תמיר פישמן,,False,False,0.0149,0.0035,491.7,0.0114,376.20000000000005,0
5141619,מיטב מניות גלובלי כשרה,"מניות כללי בחו""ל חשופת מט""ח",,"מניות בחו""ל",2026-04-30,5420000.0,מיטב,,False,False,0.0095,0.0035,514.9,0.006,325.2,0
5141627,"תכלית LBMA Gold price AM TTF מנוטרלת מט""ח",סחורה,,סחורות,2026-04-30,85010000.0,מיטב,,True,False,0.0095,0.0,8075.949999999999,0.0095,8075.949999999999,0
5141635,אלטשולר שחם מחקה תל בונד-שקלי 5-15,בריבית קבועה - ארוך,,"אג""ח בארץ- חברות והמרה",2026-04-30,800000.0,אלטשולר שחם,,True,False,0.0,0.0,0.0,0.0,0.0,0
5141643,"סיגמא מניות ת""א 125",מניות Large & Mid Cap,,מניות בארץ,2026-04-30,3200000.0,סיגמא,,False,False,0.0125,0.0035,400.0,0.009000000000000001,288.0,0
5141650,סיגמא מניות ערך,מניות All Cap,,מניות בארץ,2026-04-30,14100000.0,סיגמא,,False,False,0.0125,0.0035,1762.5,0.009000000000000001,1269.0,0
5141668,"סיגמא אג""ח מדורג ללא מניות",חברות והמרה ללא מניות וללא סימן קריאה,,"אג""ח בארץ- חברות והמרה",2026-04-30,1240000.0,סיגמא,,False,False,0.006500000000000001,0.0035,80.60000000000001,0.0030000000000000005,37.2,0
5141676,תכלית S&P 500 Momentum TTF,אמריקה- שווקים מפותחים,,"מניות בחו""ל",2026-04-30,3900000.0,מיטב,,True,False,0.0025,0.0,97.5,0.0025,97.5,0
5141684,"תכלית S&P 500 Momentum TTF מנוטרלת מט""ח",אמריקה- שווקים מפותחים,,"מניות בחו""ל",2026-04-30,5870000.0,מיטב,,True,False,0.0025,0.0,146.75,0.0025,146.75,0
5141692,ברק כספית,כספית שקלית עם קונצרני,,קרן כספית,2026-04-30,136940000.0,ברק,,False,False,0.0,0.001,0.0,-0.001,-1369.4,1
5141718,תכלית Quantum Computing Ecosystem iNDEX TTF,Technology,,"מניות בחו""ל",2026-04-30,31050000.0,מיטב,,True,False,0.008,0.0,2484.0,0.008,2484.0,0
5141726,קסם CME CF Ethereum Reference Rate (ETHUSDNY) KTF,Ethereum,,נכסים דיגיטליים,2026-04-30,980000.0,קסם,,True,False,0.005,0.0,49.0,0.005,49.0,0
5141734,קסם KTF אינדקס אג''ח תשואות 100-שקלי,בריבית קבועה,,"אג""ח בארץ- חברות והמרה",2026-04-30,62860000.0,קסם,,True,False,0.0022,0.0,1382.92,0.0022,1382.92,0
5141742,ילין לפידות מניות Mid Cap ישראל,מניות Large & Mid Cap,,מניות בארץ,2026-04-30,15330000.0,ילין לפידות,,False,False,0.0095,0.0035,1456.35,0.006,919.8000000000001,0
5141759,"MTF מחקה משולבת ת""א-125 (50%) S&P 500 י(50%) חודשי מנוטרלת מט""ח",אחר,,אחר,2026-04-30,22920000.0,מגדל,,True,False,0.0,0.0,0.0,0.0,0.0,0
5141767,אנליסט תיק השקעות עד 50%,"אג""ח כללי בארץ - חשיפה מרבית מעל 30% מניות",,"אג""ח בארץ - כללי",2026-04-30,14520000.0,אנליסט,,False,False,0.0068000000000000005,0.0035,987.36,0.0033000000000000004,479.16,0
5141775,"הראל מחקה ת""א בטחוניות",תעשיה,,מניות בארץ,2026-04-30,337090000.0,הראל,,True,False,0.0034999999999999996,0.0,11798.15,0.0034999999999999996,11798.15,0
5141783,"הראל מחקה ת""א תשתיות",תשתיות,,מניות בארץ,2026-04-30,59420000.0,הראל,,True,False,0.0025,0.0,1485.5,0.0025,1485.5,0
5141791,סלע מניות ערך ישראל,מניות All Cap,,מניות בארץ,2026-04-30,14540000.0,איילון,סלע בית השקעות,False,False,0.0159,0.0035,2311.86,0.012400000000000001,1802.96,0
5141809,דולפין מניות Large & Mid Cap ישראל,מניות Large & Mid Cap,,מניות בארץ,2026-04-30,11110000.0,איילון,דולפין 1 השקעות,False,False,0.0159,0.0035,1766.4900000000002,0.012400000000000001,1377.64,0
5141817,"ATF מחקה אינדקס אג""ח ממשלת ארה""ב - מח""מ דינמי מנוטרלת מט""ח","ממשלתיות מנוטרלת מט""ח - ארוך",,"אג""ח בחו""ל",2026-04-30,1090000.0,אנליסט,,True,False,0.001,0.0,10.9,0.001,10.9,0
5141825,"יתרונות פיננסיים מניות חו""ל","מניות כללי בחו""ל חשופת מט""ח",,"מניות בחו""ל",2026-04-30,31790000.0,איילון,יתרונות פיננסיים,False,False,0.018000000000000002,0.0035,5722.200000000001,0.014500000000000002,4609.550000000001,0
5141833,תכלית TTFי Indxx Super Institutional Investors Holdings 13F מנוטרלת דולר,אמריקה- שווקים מפותחים,,"מניות בחו""ל",2026-04-30,14060000.0,מיטב,,True,False,0.006500000000000001,0.0,913.9000000000001,0.006500000000000001,913.9000000000001,0
5141841,ברק אולטרה נפט WTI פי 3,ממונפות בסיכון גבוה,,ממונפות ואסטרטגיות,2026-04-30,11690000.0,ברק,,False,False,0.018000000000000002,0.0035,2104.2000000000003,0.014500000000000002,1695.0500000000004,0
5141858,"אי בי אי מחקה S&P Ethereum מנוטרלת מט""ח",Ethereum,,נכסים דיגיטליים,2026-04-30,1280000.0,אי.בי.אי,,True,False,0.005,0.0,64.0,0.005,64.0,0
5141866,"אי בי אי מחקה S&P Bitcoin מנוטרלת מט""ח",Bitcoin,,נכסים דיגיטליים,2026-04-30,5320000.0,אי.בי.אי,,True,False,0.002,0.0,106.4,0.002,106.4,0
5141874,"מור (!) אג""ח ללא מניות","אג""ח כללי בארץ ללא מניות עם סימן קריאה",,"אג""ח בארץ - כללי",2026-04-30,51000000.0,מור,,False,False,0.0069,0.0035,3519.0,0.0034,1734.0,0
5141882,תכלית TTF אינדקס תעשיות ביטחוניות ישראל,תעשיה,,מניות בארץ,2026-04-30,296800000.0,מיטב,,True,False,0.0034999999999999996,0.0,10387.999999999998,0.0034999999999999996,10387.999999999998,0
5141890,פלקון תיק השקעות גמיש,גמישות,,גמישות,2026-04-30,17190000.0,סיגמא,פלקון,False,False,0.0095,0.0035,1633.05,0.006,1031.4,0
5141908,"MTF מחקה ת""א-125 אקלים נקי מדלקים פוסיליים",Large & Mid Cap,,מניות בארץ,2026-04-30,52910000.0,מגדל,,True,False,0.002,0.0,1058.2,0.002,1058.2,0
5141916,MTF מחקה (S&P Israel 70 MidCap (ILS,Mid Cap,,מניות בארץ,2026-04-30,1820000.0,מגדל,,True,False,0.0,0.0,0.0,0.0,0.0,0
5141924,MTF מחקה (S&P Israel 30 LargeCap (ILS,Large Cap,,מניות בארץ,2026-04-30,13160000.0,מגדל,,True,False,0.0,0.0,0.0,0.0,0.0,0
5141932,אלפי בנדק תיק השקעות עד 50%,"אג""ח כללי בארץ - חשיפה מרבית מעל 30% מניות",,"אג""ח בארץ - כללי",2026-04-30,7660000.0,הראל,אלפי בנדק,False,False,0.0085,0.0035,651.1,0.005000000000000001,383.00000000000006,0
5141940,פורצ'ן 30/70,"אג""ח כללי בארץ- עד 30% מניות",,"אג""ח בארץ - כללי",2026-04-30,17940000.0,איילון,פורצ'ן,False,False,0.0089,0.0035,1596.6599999999999,0.0054,968.7600000000001,0
5141957,קסם KTF (!) אינדקס Bullet ישראל 2035,"אג""ח חברות שקלי וצמוד",,"אג""ח בארץ- חברות והמרה",2026-04-30,16680000.0,קסם,,True,False,0.0022,0.0,366.96000000000004,0.0022,366.96000000000004,0
5141965,קסם KTF (!) אינדקס Bullet ישראל 2034,"אג""ח חברות שקלי וצמוד",,"אג""ח בארץ- חברות והמרה",2026-04-30,24380000.0,קסם,,True,False,0.0022,0.0,536.36,0.0022,536.36,0
5141973,קסם KTF (!) אינדקס Bullet ישראל 2033,"אג""ח חברות שקלי וצמוד",,"אג""ח בארץ- חברות והמרה",2026-04-30,20130000.0,קסם,,True,False,0.0022,0.0,442.86000000000007,0.0022,442.86000000000007,0
5141981,"MTF מחקה ת""א - בנייה","נדל""ן ובנייה",,מניות בארץ,2026-04-30,5170000.0,מגדל,,True,False,0.0,0.0,0.0,0.0,0.0,0
5141999,"אלטשולר שחם מחקה INDXX US Data Center Ecosystem מנוטרלת מט""ח",שילוב ענפים,,"מניות בחו""ל",2026-04-30,1210000.0,אלטשולר שחם,,True,False,0.008,0.0,96.80000000000001,0.008,96.80000000000001,0
5142005,MTF מחקה BlueStar Top 10 Nuclear Industry מנוטרלת דולר,Alternative / Renewable Energy,,"מניות בחו""ל",2026-04-30,4320000.0,מגדל,,True,False,0.0,0.0,0.0,0.0,0.0,0
5142013,אי בי אי מחקה אינדקס מבטחי משנה גלובלי מנוטרלת דולר,Financial,,"מניות בחו""ל",2026-04-30,9000000.0,אי.בי.אי,,True,False,0.004,0.0,360.00000000000006,0.004,360.00000000000006,0
5142021,"הראל מחקה ת""א נדל""ן-35","נדל""ן ובנייה",,מניות בארץ,2026-04-30,5050000.0,הראל,,True,False,0.0,0.0,0.0,0.0,0.0,0
5142039,"תכלית TTF ת""א נדל""ן-35","נדל""ן ובנייה",,מניות בארץ,2026-04-30,16210000.0,מיטב,,True,False,0.0,0.0,0.0,0.0,0.0,0
5142047,MTF מחקה Indxx US Industrial Electrification Ecosystem,Industrials,,"מניות בחו""ל",2026-04-30,46650000.0,מגדל,,True,False,0.008,0.0,3732.0000000000005,0.008,3732.0000000000005,0
5142054,MTF מחקה Crypto Ecosystem iNDEX,Technology,,"מניות בחו""ל",2026-04-30,1990000.0,מגדל,,True,False,0.008,0.0,159.20000000000002,0.008,159.20000000000002,0
5142062,מגדל כספית דולרית נקובה $ - כשרה,"נקובת מט""ח",,קרן כספית,2026-04-30,73040000.0,מגדל,,False,False,0.001,0.001,730.4000000000001,0.0,0.0,1
5142070,MTF מחקה Indxx US Quantum Computing Ecosystem,Technology,,"מניות בחו""ל",2026-04-30,2120000.0,מגדל,,True,False,0.008,0.0,169.60000000000002,0.008,169.60000000000002,0
5142088,קסם KTFי MarketVector תעשיות בטחוניות ישראליות,תעשיה,,מניות בארץ,2026-04-30,105900000.0,קסם,,True,False,0.002,0.0,2118.0,0.002,2118.0,0
5142096,"קסם KTFי LBMA GOLD PRICE PM USD מנוטרלת מט""ח",סחורה,,סחורות,2026-04-30,23690000.0,קסם,,True,False,0.0095,0.0,2250.5499999999997,0.0095,2250.5499999999997,0
5142104,קסם KTF תל בונד שקלי A,בריבית קבועה,,"אג""ח בארץ- חברות והמרה",2026-04-30,2170000.0,קסם,,True,False,0.0,0.0,0.0,0.0,0.0,0
5142112,קסם KTF תל בונד שקלי 5-15,בריבית קבועה - ארוך,,"אג""ח בארץ- חברות והמרה",2026-04-30,10420000.0,קסם,,True,False,0.0,0.0,0.0,0.0,0.0,0
5142120,קסם KTF תל בונד צמודות 5-15,בריבית קבועה - ארוך,,"אג""ח בארץ- חברות והמרה",2026-04-30,4179999.9999999995,קסם,,True,False,0.0,0.0,0.0,0.0,0.0,0
5142138,ילין לפידות מחקה quabify קונצרני ארוך צמוד,בריבית קבועה - ארוך,,"אג""ח בארץ- חברות והמרה",2026-04-30,30000.0,ילין לפידות,,True,False,0.001,0.0,0.30000000000000004,0.001,0.30000000000000004,0
5142146,ילין לפידות מחקה quabify קונצרני ארוך שקלי,בריבית קבועה - ארוך,,"אג""ח בארץ- חברות והמרה",2026-04-30,160000.0,ילין לפידות,,True,False,0.001,0.0,1.6,0.001,1.6,0
5142153,ילין לפידות מחקה Nasdaq 100,אמריקה- שווקים מפותחים,,"מניות בחו""ל",2026-04-30,1680000.0,ילין לפידות,,True,False,0.0,0.0,0.0,0.0,0.0,0
5142161,"ילין לפידות מחקה Nasdaq 100 מנוטרלת מט""ח",אמריקה- שווקים מפותחים,,"מניות בחו""ל",2026-04-30,5150000.0,ילין לפידות,,True,False,0.0,0.0,0.0,0.0,0.0,0
5142187,"הראל מחקה ת""א-בנקים וביטוח משקל שווה",שילוב ענפים,,מניות בארץ,2026-04-30,5090000.0,הראל,,True,False,0.003,0.0,152.70000000000002,0.003,152.70000000000002,0
5142195,"קסם iBoxx $ Treasuries 10Y + KTF מנוטרלת מט""ח","ממשלתיות מנוטרלת מט""ח - ארוך",,"אג""ח בחו""ל",2026-04-30,52320000.0,קסם,,True,False,0.002,0.0,1046.4,0.002,1046.4,0
5142203,איילון פאי ביטחוניות עולמי,"מניות לפי ענפים בחו""ל",,"מניות בחו""ל",2026-04-30,4059999.9999999995,איילון,,False,False,0.0085,0.0035,345.09999999999997,0.005000000000000001,203.0,0
5142211,דרך 10/90 כשרה,"אג""ח כללי בארץ- עד 10% מניות ללא סימן קריאה",,"אג""ח בארץ - כללי",2026-04-30,4540000.0,סיגמא,דרך אינבסט,False,False,0.008,0.0035,363.20000000000005,0.0045000000000000005,204.3,0
5142229,דרך מניות ישראל כשרה,מניות All Cap,,מניות בארץ,2026-04-30,8660000.0,סיגמא,דרך אינבסט,False,False,0.018500000000000003,0.0035,1602.1000000000001,0.015000000000000003,1299.0000000000005,0
5142237,MTF מחקה INDXX ביטחוניות ישראל,תעשיה,,מניות בארץ,2026-04-30,11670000.0,מגדל,,True,False,0.0,0.0,0.0,0.0,0.0,0
5142245,"MTF מחקה אינדקס אג""ח בנקים וביטוח 5-10","אג""ח חברות שקלי וצמוד",,"אג""ח בארץ- חברות והמרה",2026-04-30,3410000.0,מגדל,,True,False,0.0,0.0,0.0,0.0,0.0,0
5142252,איילון כספית כשרה,כספית שקלית עם קונצרני,,קרן כספית,2026-04-30,391720000.0,איילון,,False,False,0.0005,0.001,1958.6000000000001,-0.0005,-1958.6000000000001,1
5142260,אקורד (!) תיק קונצרני,חברות והמרה ללא מניות עם סימן קריאה,,"אג""ח בארץ- חברות והמרה",2026-04-30,5000000.0,איילון,אקורד ניהול השקעות,False,False,0.0077,0.0035,385.0,0.004200000000000001,210.00000000000003,0
5142278,"אינווסטור 360 מניות חו""ל נקובת דולר","מניות בחו""ל נקובת מט""ח",,"מניות בחו""ל",2026-04-30,13930000.0,איילון,אינווסט 360,False,False,0.009000000000000001,0.0035,1253.7,0.005500000000000001,766.1500000000002,0
5142294,מיטב מניות יתר,מניות Small Cap,,מניות בארץ,2026-04-30,3600000.0,מיטב,,False,False,0.012,0.0035,432.0,0.0085,306.0,0
5142310,אלטשולר שחם LeadingApp,"מניות לפי ענפים בחו""ל",,"מניות בחו""ל",2026-04-30,1150000.0,אלטשולר שחם,,False,False,0.0125,0.0035,143.75,0.009000000000000001,103.5,0
5142344,MTF מחקה אינדקס מדינת ישראל דולר לפדיון 2035 (מתגלגל כל 10 שנים) נקובה $,"ממשלתיות חשופת מט""ח - ארוך",,"אג""ח בחו""ל",2026-04-30,35320000.0,מגדל,,True,False,0.002,0.0,706.4000000000001,0.002,706.4000000000001,0
5142369,קסם אקטיב מניות תעשיות בטחוניות,מניות לפי ענפים,,מניות בארץ,2026-04-30,3330000.0,קסם,,False,False,0.006500000000000001,0.0035,216.45000000000002,0.0030000000000000005,99.90000000000002,0
5142377,קסם אקטיב כספית כשרה,כספית שקלית עם קונצרני,,קרן כספית,2026-04-30,397300000.0,קסם,,False,False,0.00025,0.001,993.2500000000001,-0.00075,-2979.75,1
5142401,אנליסט 10/90 מודל ESG,"אג""ח כללי בארץ- עד 10% מניות ללא סימן קריאה",,"אג""ח בארץ - כללי",2026-04-30,470000.0,אנליסט,,False,False,0.0048,0.0035,22.56,0.0012999999999999995,6.109999999999998,0
5142419,"אלטשולר שחם מחקה ת""א 35",Large Cap,,מניות בארץ,2026-04-30,4740000.0,אלטשולר שחם,,True,False,0.0,0.0,0.0,0.0,0.0,0
5142427,קסם KTF אינדקס אנרגיה ישראלית,"נפט, גז ואנרגיה",,מניות בארץ,2026-04-30,1900000.0,קסם,,True,False,0.0025,0.0,47.5,0.0025,47.5,0
5142443,הראל מחקה תל בונד שקלי - בנקים וביטוח,בריבית קבועה,,"אג""ח בארץ- חברות והמרה",2026-04-30,12050000.0,הראל,,True,False,0.0,0.0,0.0,0.0,0.0,0
5142450,ברק אולטרה RUSSELL 2000 פי 3,ממונפות בסיכון גבוה,,ממונפות ואסטרטגיות,2026-04-30,950000.0,ברק,,False,False,0.018000000000000002,0.0035,171.0,0.014500000000000002,137.75000000000003,0
5142484,אי בי אי מחקה MarketVector Space Industry מנוטרלת דולר,Aerospace & Defense,,"מניות בחו""ל",2026-04-30,38610000.0,אי.בי.אי,,True,False,0.006500000000000001,0.0,2509.65,0.006500000000000001,2509.65,0
5142492,אלטשולר שחם מחקה A.B US Top 15 Healthcare,Health Care,,"מניות בחו""ל",2026-04-30,510000.0,אלטשולר שחם,,True,False,0.008,0.0,40.800000000000004,0.008,40.800000000000004,0
5231030,הראל שקלית קונצרני פלוס,חברות והמרה שקלי עם מניות,,"אג""ח בארץ- חברות והמרה",2026-04-30,55060000.0,הראל,,False,False,0.0055000000000000005,0.0035,3028.3000000000006,0.0020000000000000005,1101.2000000000003,0
5231055,"הראל (!) נבחרת אג""ח","אג""ח כללי בארץ ללא מניות עם סימן קריאה",,"אג""ח בארץ - כללי",2026-04-30,113390000.0,הראל,,False,False,0.0058,0.0035,6576.619999999999,0.0022999999999999995,2607.97,0
5231097,הראל כספית דולרית,חשופת דולר,,קרן כספית,2026-04-30,41700000.0,הראל,,False,False,0.0078000000000000005,0.001,3252.6,0.0068000000000000005,2835.6,1
5520044,מיטב סקיי השקעות,גמישות,,גמישות,2026-04-30,256490000.0,מיטב,,False,False,0.015,0.0035,38473.5,0.0115,29496.350000000002,0
