FundBno,ShortName,SubClass,MainClass,SuperClass,eom,fdAUM,ManagerCmp,Manager_ext,IsTracking,IsKerenSal,ManagerFee,DistClassificationVal,Revenues,Net_Fees,Net_Revenues,Is_Caspit
1142538,איביאי טכנולוגיה עילית,קרן טכנולוגיה עילית,,קרן טכנולוגיה עילית,2026-03-31,515220000.0,אי.בי.אי,,True,True,0.013000000000000001,0.0,66978.6,0.013000000000000001,66978.6,0
1143700,"תכלית סל ת""א 35",Large Cap,,מניות בארץ,2026-03-31,3343030000.0,מיטב,,True,True,0.0025,0.0,83575.75,0.0025,83575.75,0
1143718,"תכלית סל ת""א 125",Large & Mid Cap,,מניות בארץ,2026-03-31,6048400000.0,מיטב,,True,True,0.0025,0.0,151210.0,0.0025,151210.0,0
1143726,תכלית סל אינדקס בנקים ישראל,בנקאות ואשראי חוץ בנקאי,,מניות בארץ,2026-03-31,3998050000.0,מיטב,,True,True,0.006,0.0,239883.0,0.006,239883.0,0
1143734,"תכלית סל NASDAQ 100 מנוטרלת מט""ח",אמריקה- שווקים מפותחים,,"מניות בחו""ל",2026-03-31,1101630000.0,מיטב,,True,True,0.008,0.0,88130.40000000001,0.008,88130.40000000001,0
1143742,"תכלית סל Hang Seng China מנוטרלת מט""ח",אסיה ופסיפיק- שווקים מתעוררים,,"מניות בחו""ל",2026-03-31,6520000.0,מיטב,,True,True,0.015,0.0,977.9999999999999,0.015,977.9999999999999,0
1143767,"תכלית סל EURO STOXX 50 מנוטרלת מט""ח",אירופה- כללי,,"מניות בחו""ל",2026-03-31,63300000.0,מיטב,,True,True,0.008,0.0,5064.0,0.008,5064.0,0
1143783,"תכלית סל ת""א 90",Mid Cap,,מניות בארץ,2026-03-31,2505440000.0,מיטב,,True,True,0.006,0.0,150326.4,0.006,150326.4,0
1143791,תכלית סל תל בונד 20 צמודות,בריבית קבועה,,"אג""ח בארץ- חברות והמרה",2026-03-31,638730000.0,מיטב,,True,True,0.0025,0.0,15968.25,0.0025,15968.25,0
1143817,"תכלית סל S&P 500 מנוטרלת מט""ח",אמריקה- שווקים מפותחים,,"מניות בחו""ל",2026-03-31,1386170000.0,מיטב,,True,True,0.008,0.0,110893.6,0.008,110893.6,0
1143825,"תכלית סל DAX מנוטרלת מט""ח",אירופה- שווקים מפותחים,,"מניות בחו""ל",2026-03-31,176510000.0,מיטב,,True,True,0.008,0.0,14120.800000000001,0.008,14120.800000000001,0
1143833,תכלית סל STOXX Europe 600 מנוטרלת אירו,אירופה- כללי,,"מניות בחו""ל",2026-03-31,155050000.0,מיטב,,True,True,0.008,0.0,12404.000000000002,0.008,12404.000000000002,0
1143841,תכלית סל S&P Financial,Financial,,"מניות בחו""ל",2026-03-31,11930000.0,מיטב,,True,True,0.0045000000000000005,0.0,536.85,0.0045000000000000005,536.85,0
1143858,"תכלית סל S&P Industrial מנוטרלת מט""ח",Industrials,,"מניות בחו""ל",2026-03-31,40500000.0,מיטב,,True,True,0.008,0.0,3240.0000000000005,0.008,3240.0000000000005,0
1143866,תכלית סל MSCI World מנוטרלת דולר,גלובלי- שווקים מפותחים,,"מניות בחו""ל",2026-03-31,44050000.0,מיטב,,True,True,0.008,0.0,3524.0000000000005,0.008,3524.0000000000005,0
1143882,"תכלית סל משולבת S&P Consumer י(50%) S&P Staples י(50%) מנוטרלת מט""ח חודשי","מניות בחו""ל קרן משולבת",,"מניות בחו""ל",2026-03-31,13280000.0,מיטב,,True,True,0.0,0.0,0.0,0.0,0.0,0
1143957,תכלית סל S&P Consumer Discretionary,Consumer Discretionary,,"מניות בחו""ל",2026-03-31,14680000.0,מיטב,,True,True,0.006999999999999999,0.0,1027.6,0.006999999999999999,1027.6,0
1143965,"תכלית סל S&P Technology מנוטרלת מט""ח",Technology,,"מניות בחו""ל",2026-03-31,32280000.0,מיטב,,True,True,0.006,0.0,1936.8,0.006,1936.8,0
1143981,תכלית סל S&P Consumer Staples,Consumer Staples,,"מניות בחו""ל",2026-03-31,10200000.0,מיטב,,True,True,0.006,0.0,612.0,0.006,612.0,0
1143999,תכלית סל S&P Health Care,Health Care,,"מניות בחו""ל",2026-03-31,13690000.0,מיטב,,True,True,0.005,0.0,684.5,0.005,684.5,0
1144013,תכלית סל תל בונד מאגר,"אג""ח חברות שקלי וצמוד",,"אג""ח בארץ- חברות והמרה",2026-03-31,1133190000.0,מיטב,,True,True,0.0025,0.0,28329.75,0.0025,28329.75,0
1144054,"תכלית סל CAC 40 מנוטרלת מט""ח",אירופה- שווקים מפותחים,,"מניות בחו""ל",2026-03-31,7930000.0,מיטב,,True,True,0.008,0.0,634.4000000000001,0.008,634.4000000000001,0
1144104,תכלית סל DAX,אירופה- שווקים מפותחים,,"מניות בחו""ל",2026-03-31,20980000.0,מיטב,,True,True,0.006,0.0,1258.8,0.006,1258.8,0
1144112,תכלית סל MSCI India,אסיה ופסיפיק- שווקים מתעוררים,,"מניות בחו""ל",2026-03-31,15050000.0,מיטב,,True,True,0.012,0.0,1806.0,0.012,1806.0,0
1144161,"תכלית סל ת""א פיננסים",פיננסים,,מניות בארץ,2026-03-31,240220000.0,מיטב,,True,True,0.005,0.0,12011.0,0.005,12011.0,0
1144237,תכלית סל MSCI AC World,"מניות גלובליות - חשופת מט""ח",,"מניות בחו""ל",2026-03-31,297190000.0,מיטב,,True,True,0.01,0.0,29719.0,0.01,29719.0,0
1144252,תכלית סל ISE Cyber Security,Cyber Security,,"מניות בחו""ל",2026-03-31,84530000.0,מיטב,,True,True,0.006,0.0,5071.8,0.006,5071.8,0
1144260,תכלית סל (!) תל בונד תשואות שקל,בריבית קבועה,,"אג""ח בארץ- חברות והמרה",2026-03-31,295050000.0,מיטב,,True,True,0.002,0.0,5901.000000000001,0.002,5901.000000000001,0
1144278,תכלית סל S&P Energy,Energy,,"מניות בחו""ל",2026-03-31,14010000.0,מיטב,,True,True,0.0034999999999999996,0.0,490.34999999999997,0.0034999999999999996,490.34999999999997,0
1144310,תכלית סל S&P Aerospace & Defense,Aerospace & Defense,,"מניות בחו""ל",2026-03-31,121200000.0,מיטב,,True,True,0.006,0.0,7272.0,0.006,7272.0,0
1144336,תכלית סל MSCI AC World מנוטרלת דולר,"מניות גלובליות - מנוטרלת מט""ח",,"מניות בחו""ל",2026-03-31,317360000.0,מיטב,,True,True,0.006,0.0,19041.600000000002,0.006,19041.600000000002,0
1144377,תכלית סל (!) תל בונד גלובל שקלי,בריבית קבועה,,"אג""ח בארץ- חברות והמרה",2026-03-31,155370000.0,מיטב,,True,True,0.002,0.0,3107.4,0.002,3107.4,0
1144385,תכלית סל S&P 500,אמריקה- שווקים מפותחים,,"מניות בחו""ל",2026-03-31,7309390000.0,מיטב,,True,True,0.006999999999999999,0.0,511657.29999999993,0.006999999999999999,511657.29999999993,0
1144401,תכלית סל NASDAQ 100,אמריקה- שווקים מפותחים,,"מניות בחו""ל",2026-03-31,746140000.0,מיטב,,True,True,0.006999999999999999,0.0,52229.799999999996,0.006999999999999999,52229.799999999996,0
1144419,תכלית סל NIKKEI 225,אסיה ופסיפיק- שווקים מפותחים,,"מניות בחו""ל",2026-03-31,136600000.0,מיטב,,True,True,0.006999999999999999,0.0,9562.0,0.006999999999999999,9562.0,0
1144427,תכלית סל EURO STOXX 50,אירופה- כללי,,"מניות בחו""ל",2026-03-31,28740000.0,מיטב,,True,True,0.006,0.0,1724.4,0.006,1724.4,0
1144450,תכלית סל MSCI Emerging Markets,גלובלי- שווקים מתעוררים,,"מניות בחו""ל",2026-03-31,92710000.0,מיטב,,True,True,0.0055000000000000005,0.0,5099.050000000001,0.0055000000000000005,5099.050000000001,0
1144468,"תכלית סל NIKKEI 225 מנוטרלת מט""ח",אסיה ופסיפיק- שווקים מפותחים,,"מניות בחו""ל",2026-03-31,95420000.0,מיטב,,True,True,0.0095,0.0,9064.9,0.0095,9064.9,0
1144484,תכלית סל Russell 2000,אמריקה- שווקים מפותחים,,"מניות בחו""ל",2026-03-31,88930000.0,מיטב,,True,True,0.006,0.0,5335.8,0.006,5335.8,0
1144518,"תכלית סל משולבת מניות ארה""ב חודשי","מניות בחו""ל קרן משולבת",,"מניות בחו""ל",2026-03-31,139930000.0,מיטב,,True,True,0.0,0.0,0.0,0.0,0.0,0
1144526,תכלית סל NASDAQ Biotechnology,Biotechnology,,"מניות בחו""ל",2026-03-31,33730000.0,מיטב,,True,True,0.012,0.0,4047.6,0.012,4047.6,0
1144534,תכלית סל חוזה Bloomberg Brent Crude,סחורה,,סחורות,2026-03-31,14200000.0,מיטב,,True,True,0.015,0.0,2130.0,0.015,2130.0,0
1144542,תכלית סל חוזה Bloomberg Silver,סחורה,,סחורות,2026-03-31,87100000.0,מיטב,,True,True,0.015,0.0,13064.999999999998,0.015,13064.999999999998,0
1144559,"תכלית סל ת""א נדל""ן","נדל""ן ובנייה",,מניות בארץ,2026-03-31,212420000.0,מיטב,,True,True,0.0045000000000000005,0.0,9558.900000000001,0.0045000000000000005,9558.900000000001,0
1144575,"תכלית סל ת""א צמיחה",Small Cap,,מניות בארץ,2026-03-31,74900000.0,מיטב,,True,True,0.01,0.0,7490.0,0.01,7490.0,0
1144591,תכלית סל תל גוב-צמודות 0-2,צמודות מדד ממשלתיות - קצר,,"אג""ח בארץ- מדינה",2026-03-31,15760000.0,מיטב,,True,True,0.0015,0.0,236.4,0.0015,236.4,0
1144609,תכלית סל תל גוב-שקלי 0-2,ריבית קבועה  - קצר,,"אג""ח בארץ- מדינה",2026-03-31,22130000.0,מיטב,,True,True,0.0015,0.0,331.95,0.0015,331.95,0
1144633,"תכלית סל תל גוב-מק""מ","מק""מ",,"אג""ח בארץ- מדינה",2026-03-31,32500000.0,מיטב,,True,True,0.0,0.0,0.0,0.0,0.0,0
1144658,"תכלית סל ממונפת ת""א 35 פי 2 חודשי",מניות בארץ,,ממונפות,2026-03-31,28410000.0,מיטב,,True,True,0.015,0.0,4261.5,0.015,4261.5,0
1144666,תכלית סל LBMA Gold Price AM,סחורה,,סחורות,2026-03-31,84810000.0,מיטב,,True,True,0.015,0.0,12721.499999999998,0.015,12721.499999999998,0
1144690,תכלית סל תל בונד צמודות-יתר,בריבית קבועה,,"אג""ח בארץ- חברות והמרה",2026-03-31,268170000.00000003,מיטב,,True,True,0.002,0.0,5363.4000000000015,0.002,5363.4000000000015,0
1144708,"תכלית סל ממונפת ת""א 35 פי 3 חודשי",מניות בארץ,,ממונפות,2026-03-31,211410000.0,מיטב,,True,True,0.0125,0.0,26426.25,0.0125,26426.25,0
1144716,"תכלית סל ממונפת בחסר ת""א 35 פי 2 חודשי",מניות בארץ,,ממונפות,2026-03-31,6290000.0,מיטב,,True,True,0.015,0.0,943.4999999999999,0.015,943.4999999999999,0
1144724,תכלית סל STOXX Europe 600,אירופה- כללי,,"מניות בחו""ל",2026-03-31,48090000.0,מיטב,,True,True,0.006,0.0,2885.4,0.006,2885.4,0
1144807,"תכלית סל ת""א נפט וגז","נפט, גז ואנרגיה",,מניות בארץ,2026-03-31,301890000.0,מיטב,,True,True,0.005,0.0,15094.5,0.005,15094.5,0
1144823,תכלית סל תל בונד צמודות בנקים ללא COCO,בריבית קבועה,,"אג""ח בארץ- חברות והמרה",2026-03-31,149940000.0,מיטב,,True,True,0.002,0.0,2998.8,0.002,2998.8,0
1144831,"תכלית סל DJ Internet Composite מנוטרלת מט""ח",Internet,,"מניות בחו""ל",2026-03-31,35800000.0,מיטב,,True,True,0.008,0.0,2864.0000000000005,0.008,2864.0000000000005,0
1144849,"תכלית סל S&P Financial מנוטרלת מט""ח",Financial,,"מניות בחו""ל",2026-03-31,25430000.0,מיטב,,True,True,0.005,0.0,1271.5,0.005,1271.5,0
1144856,"תכלית סל FTSE 250 מנוטרלת מט""ח",אירופה- שווקים מפותחים,,"מניות בחו""ל",2026-03-31,10810000.0,מיטב,,True,True,0.01,0.0,1081.0,0.01,1081.0,0
1144906,תכלית סל S&P 500 Dividend Aristocrats,אמריקה- שווקים מפותחים,,"מניות בחו""ל",2026-03-31,32860000.0,מיטב,,True,True,0.006999999999999999,0.0,2300.2,0.006999999999999999,2300.2,0
1144914,"תכלית סל S&P 500 Dividend Aristocrats מנוטרלת מט""ח",אמריקה- שווקים מפותחים,,"מניות בחו""ל",2026-03-31,31440000.0,מיטב,,True,True,0.009000000000000001,0.0,2829.6000000000004,0.009000000000000001,2829.6000000000004,0
1144948,"תכלית סל IPOX 100 US מנוטרלת מט""ח",אמריקה- שווקים מפותחים,,"מניות בחו""ל",2026-03-31,22600000.0,מיטב,,True,True,0.0125,0.0,2825.0,0.0125,2825.0,0
1144955,"תכלית סל S&P MidCap 400 מנוטרלת מט""ח",אמריקה- שווקים מפותחים,,"מניות בחו""ל",2026-03-31,33150000.0,מיטב,,True,True,0.009000000000000001,0.0,2983.5,0.009000000000000001,2983.5,0
1144971,תכלית סל תל גוב-לא צמודות,שקליות ממשלתיות -  אחר,,"אג""ח בארץ- מדינה",2026-03-31,105030000.0,מיטב,,True,True,0.0015,0.0,1575.45,0.0015,1575.45,0
1144997,תכלית סל משולבת אגח ממשלתי (80%) מניות חול (20%) חודשי,"אג""ח מדינה משולבת - חשיפה מרבית מעל 10% מניות",,"אג""ח בארץ- מדינה",2026-03-31,15960000.0,מיטב,,True,True,0.006999999999999999,0.0,1117.1999999999998,0.006999999999999999,1117.1999999999998,0
1145036,תכלית סל תל דיב,All Cap,,מניות בארץ,2026-03-31,82100000.0,מיטב,,True,True,0.005,0.0,4105.0,0.005,4105.0,0
1145044,"תכלית סל ת""א SME60",Mid  & Small Cap,,מניות בארץ,2026-03-31,213490000.0,מיטב,,True,True,0.01,0.0,21349.0,0.01,21349.0,0
1145085,תכלית סל תל גוב-צמודות 2-5,צמודות מדד ממשלתיות - בינוני,,"אג""ח בארץ- מדינה",2026-03-31,63560000.0,מיטב,,True,True,0.0015,0.0,953.4,0.0015,953.4,0
1145093,תכלית סל תל בונד 40 צמודות,בריבית קבועה,,"אג""ח בארץ- חברות והמרה",2026-03-31,132090000.0,מיטב,,True,True,0.002,0.0,2641.8,0.002,2641.8,0
1145101,תכלית סל תל בונד 60 צמודות,בריבית קבועה,,"אג""ח בארץ- חברות והמרה",2026-03-31,1328080000.0,מיטב,,True,True,0.0025,0.0,33202.0,0.0025,33202.0,0
1145127,"תכלית סל FTSE 100 מנוטרלת מט""ח",אירופה- שווקים מפותחים,,"מניות בחו""ל",2026-03-31,12050000.0,מיטב,,True,True,0.013000000000000001,0.0,1566.5000000000002,0.013000000000000001,1566.5000000000002,0
1145150,תכלית סל תל גוב-שקלי 2-5,ריבית קבועה  - בינוני,,"אג""ח בארץ- מדינה",2026-03-31,48600000.0,מיטב,,True,True,0.0015,0.0,729.0,0.0015,729.0,0
1145168,תכלית סל תל גוב-שקלי 5+,ריבית קבועה - ארוך,,"אג""ח בארץ- מדינה",2026-03-31,51840000.0,מיטב,,True,True,0.0015,0.0,777.6,0.0015,777.6,0
1145176,תכלית סל תל גוב-צמודות 5-10,צמודות מדד ממשלתיות - ארוך,,"אג""ח בארץ- מדינה",2026-03-31,17470000.0,מיטב,,True,True,0.0015,0.0,262.05,0.0015,262.05,0
1145184,תכלית סל תל בונד שקלי,בריבית קבועה,,"אג""ח בארץ- חברות והמרה",2026-03-31,1222140000.0,מיטב,,True,True,0.0025,0.0,30553.5,0.0025,30553.5,0
1145234,"תכלית סל Russell 2000 מנוטרלת מט""ח",אמריקה- שווקים מפותחים,,"מניות בחו""ל",2026-03-31,224750000.0,מיטב,,True,True,0.006999999999999999,0.0,15732.499999999998,0.006999999999999999,15732.499999999998,0
1145242,"תכלית סל משולבת מניות חול מנוטרלת מט""ח חודשי","מניות בחו""ל קרן משולבת",,"מניות בחו""ל",2026-03-31,550770000.0,מיטב,,True,True,0.0,0.0,0.0,0.0,0.0,0
1145259,תכלית סל (!) תל בונד-תשואות צמודות,בריבית קבועה,,"אג""ח בארץ- חברות והמרה",2026-03-31,579150000.0,מיטב,,True,True,0.002,0.0,11583.000000000002,0.002,11583.000000000002,0
1145283,תכלית סל MDAX,אירופה- שווקים מפותחים,,"מניות בחו""ל",2026-03-31,5110000.0,מיטב,,True,True,0.006500000000000001,0.0,332.15000000000003,0.006500000000000001,332.15000000000003,0
1145309,"תכלית סל MDAX מנוטרלת מט""ח",אירופה- שווקים מפותחים,,"מניות בחו""ל",2026-03-31,12070000.0,מיטב,,True,True,0.0085,0.0,1025.95,0.0085,1025.95,0
1145333,"תכלית סל S&P Health Care מנוטרלת מט""ח",Health Care,,"מניות בחו""ל",2026-03-31,10760000.0,מיטב,,True,True,0.008,0.0,860.8000000000001,0.008,860.8000000000001,0
1145713,קסם Russell 2000 ETF,אמריקה- שווקים מפותחים,,"מניות בחו""ל",2026-03-31,92130000.0,קסם,,True,True,0.004699999999999999,0.0,4330.109999999999,0.004699999999999999,4330.109999999999,0
1145739,קסם ETF תל גוב-צמודות 5-10,צמודות מדד ממשלתיות - ארוך,,"אג""ח בארץ- מדינה",2026-03-31,100450000.0,קסם,,True,True,0.0015,0.0,1506.75,0.0015,1506.75,0
1145747,קסם MSCI India (!) ETF,אסיה ופסיפיק- שווקים מתעוררים,,"מניות בחו""ל",2026-03-31,394630000.0,קסם,,True,True,0.01,0.0,39463.0,0.01,39463.0,0
1145754,קסם KOSPI 200 (!) ETF,אסיה ופסיפיק- שווקים מפותחים,,"מניות בחו""ל",2026-03-31,207690000.0,קסם,,True,True,0.006,0.0,12461.4,0.006,12461.4,0
1145804,קסם MSCI World ETF,גלובלי- שווקים מפותחים,,"מניות בחו""ל",2026-03-31,52080000.0,קסם,,True,True,0.0083,0.0,4322.64,0.0083,4322.64,0
1145812,קסם MSCI Emerging Markets ETF,גלובלי- שווקים מתעוררים,,"מניות בחו""ל",2026-03-31,595230000.0,קסם,,True,True,0.011399999999999999,0.0,67856.22,0.011399999999999999,67856.22,0
1145820,קסם LBMA Gold Price PM USD ETF,סחורה,,סחורות,2026-03-31,92710000.0,קסם,,True,True,0.0148,0.0,13721.080000000002,0.0148,13721.080000000002,0
1145838,קסם MSCI AC Far East EX Japan ETF,אסיה ופסיפיק- כללי,,"מניות בחו""ל",2026-03-31,29030000.0,קסם,,True,True,0.0095,0.0,2757.85,0.0095,2757.85,0
1145879,קסם DJ Health Care Titans 30 ETF,Health Care,,"מניות בחו""ל",2026-03-31,46870000.0,קסם,,True,True,0.01,0.0,4687.0,0.01,4687.0,0
1145887,קסם ISE Clean Edge Water ETF,Cleantech,,"מניות בחו""ל",2026-03-31,21270000.0,קסם,,True,True,0.008,0.0,1701.6000000000001,0.008,1701.6000000000001,0
1145903,קסם S&P Energy ETF,Energy,,"מניות בחו""ל",2026-03-31,63780000.0,קסם,,True,True,0.0028000000000000004,0.0,1785.8400000000001,0.0028000000000000004,1785.8400000000001,0
1145911,קסם ETF תל דיב,All Cap,,מניות בארץ,2026-03-31,80890000.0,קסם,,True,True,0.0053,0.0,4287.17,0.0053,4287.17,0
1145929,קסם ETF חוזה Bloomberg Brent Crude,סחורה,,סחורות,2026-03-31,32070000.0,קסם,,True,True,0.015,0.0,4810.5,0.015,4810.5,0
1145945,"קסם NIKKEI 225 ETF מנוטרלת מט""ח",אסיה ופסיפיק- שווקים מפותחים,,"מניות בחו""ל",2026-03-31,73120000.0,קסם,,True,True,0.0123,0.0,8993.76,0.0123,8993.76,0
1145952,"קסם EURO STOXX 50 ETF מנוטרלת מט""ח",אירופה- כללי,,"מניות בחו""ל",2026-03-31,103620000.0,קסם,,True,True,0.0068000000000000005,0.0,7046.16,0.0068000000000000005,7046.16,0
1145960,קסם ETF תל בונד 20 צמודות,בריבית קבועה,,"אג""ח בארץ- חברות והמרה",2026-03-31,1068710000.0,קסם,,True,True,0.0025,0.0,26717.75,0.0025,26717.75,0
1145994,"קסם ETF ת""א צמיחה",Small Cap,,מניות בארץ,2026-03-31,18230000.0,קסם,,True,True,0.01,0.0,1823.0,0.01,1823.0,0
1146000,קסם STOXX Europe MID 200 ETF,אירופה- כללי,,"מניות בחו""ל",2026-03-31,8920000.0,קסם,,True,True,0.009000000000000001,0.0,802.8000000000001,0.009000000000000001,802.8000000000001,0
1146042,קסם ETF חסר תל בונד 20 צמודות (574),"אג""ח בארץ",,ממונפות,2026-03-31,2980000.0,קסם,,True,True,0.005,0.0,149.0,0.005,149.0,0
1146059,"קסם ETF ממונפת בחסר ת""א 35 פי 2 חודשי",מניות בארץ,,ממונפות,2026-03-31,26580000.0,קסם,,True,True,0.0275,0.0,7309.5,0.0275,7309.5,0
1146067,קסם DJ US Dividend ETF,אמריקה- שווקים מפותחים,,"מניות בחו""ל",2026-03-31,97340000.0,קסם,,True,True,0.011399999999999999,0.0,11096.759999999998,0.011399999999999999,11096.759999999998,0
1146091,קסם IBOVESPA (!) ETF,אמריקה- שווקים מתעוררים,,"מניות בחו""ל",2026-03-31,15490000.0,קסם,,True,True,0.01,0.0,1549.0,0.01,1549.0,0
1146125,"קסם ETF ת""א-ביטוח",ביטוח,,מניות בארץ,2026-03-31,695540000.0,קסם,,True,True,0.006500000000000001,0.0,45210.100000000006,0.006500000000000001,45210.100000000006,0
1146133,קסם ETF תל גוב-צמודות 0-2,צמודות מדד ממשלתיות - קצר,,"אג""ח בארץ- מדינה",2026-03-31,19220000.0,קסם,,True,True,0.0015,0.0,288.3,0.0015,288.3,0
1146141,"קסם NASDAQ US BuyBack Achievers ETF מנוטרלת מט""ח",אמריקה- שווקים מפותחים,,"מניות בחו""ל",2026-03-31,54000000.0,קסם,,True,True,0.0108,0.0,5832.000000000001,0.0108,5832.000000000001,0
1146158,קסם ETF תל גוב-צמודות 2-5,צמודות מדד ממשלתיות - בינוני,,"אג""ח בארץ- מדינה",2026-03-31,103050000.0,קסם,,True,True,0.0015,0.0,1545.75,0.0015,1545.75,0
1146166,קסם ETF תל גוב-שקלי 0-2,ריבית קבועה  - קצר,,"אג""ח בארץ- מדינה",2026-03-31,29650000.0,קסם,,True,True,0.0,0.0,0.0,0.0,0.0,0
1146174,קסם ETF תל גוב-שקלי 5+,ריבית קבועה - ארוך,,"אג""ח בארץ- מדינה",2026-03-31,54230000.0,קסם,,True,True,0.0015,0.0,813.45,0.0015,813.45,0
1146182,קסם STOXX Europe 600 ETF מנוטרלת אירו,אירופה- כללי,,"מניות בחו""ל",2026-03-31,105330000.0,קסם,,True,True,0.009300000000000001,0.0,9795.69,0.009300000000000001,9795.69,0
1146190,קסם ETF תל גוב-שקלי 2-5,ריבית קבועה  - בינוני,,"אג""ח בארץ- מדינה",2026-03-31,67620000.0,קסם,,True,True,0.0015,0.0,1014.3000000000001,0.0015,1014.3000000000001,0
1146208,קסם STOXX Europe 600 ETF,אירופה- כללי,,"מניות בחו""ל",2026-03-31,276340000.0,קסם,,True,True,0.0073,0.0,20172.82,0.0073,20172.82,0
1146216,קסם ETF תל בונד 40 צמודות,בריבית קבועה,,"אג""ח בארץ- חברות והמרה",2026-03-31,120540000.0,קסם,,True,True,0.0025,0.0,3013.5,0.0025,3013.5,0
1146224,קסם NASDAQ US BuyBack Achievers ETF,אמריקה- שווקים מפותחים,,"מניות בחו""ל",2026-03-31,64150000.00000001,קסם,,True,True,0.0078000000000000005,0.0,5003.700000000001,0.0078000000000000005,5003.700000000001,0
1146232,קסם ETF תל בונד 60 צמודות,בריבית קבועה,,"אג""ח בארץ- חברות והמרה",2026-03-31,786100000.0,קסם,,True,True,0.0025,0.0,19652.5,0.0025,19652.5,0
1146240,קסם STOXX Europe MID 200 ETF מנוטרלת אירו,אירופה- כללי,,"מניות בחו""ל",2026-03-31,22050000.0,קסם,,True,True,0.009000000000000001,0.0,1984.5000000000002,0.009000000000000001,1984.5000000000002,0
1146257,קסם ETF תל גוב-צמודות,צמודות מדד ממשלתיות - אחר,,"אג""ח בארץ- מדינה",2026-03-31,20020000.0,קסם,,True,True,0.0015,0.0,300.3,0.0015,300.3,0
1146265,קסם ETF משולבת מניות אירופה חודשי מנוטרלת אירו,"מניות בחו""ל קרן משולבת",,"מניות בחו""ל",2026-03-31,27940000.0,קסם,,True,True,0.0,0.0,0.0,0.0,0.0,0
1146273,"קסם ETF תל גוב-מק""מ","מק""מ",,"אג""ח בארץ- מדינה",2026-03-31,22090000.0,קסם,,True,True,0.0015,0.0,331.35,0.0015,331.35,0
1146281,קסם ETF תל בונד צמודות-בנקים ללא COCO,בריבית קבועה,,"אג""ח בארץ- חברות והמרה",2026-03-31,217760000.0,קסם,,True,True,0.0023,0.0,5008.48,0.0023,5008.48,0
1146307,קסם STOXX Europe 600 Banks ETF מנוטרלת אירו,Banking,,"מניות בחו""ל",2026-03-31,174370000.0,קסם,,True,True,0.0025,0.0,4359.25,0.0025,4359.25,0
1146331,"קסם ETF ת""א 90",Mid Cap,,מניות בארץ,2026-03-31,3701370000.0,קסם,,True,True,0.006,0.0,222082.2,0.006,222082.2,0
1146356,"קסם ETF ת""א 125",Large & Mid Cap,,מניות בארץ,2026-03-31,9708030000.0,קסם,,True,True,0.0025,0.0,242700.75,0.0025,242700.75,0
1146364,"קסם ETF ת""א גלובל בלוטק",טכנולוגיה,,מניות בארץ,2026-03-31,44450000.0,קסם,,True,True,0.004,0.0,1778.0000000000002,0.004,1778.0000000000002,0
1146372,קסם MDAX ETF,אירופה- שווקים מפותחים,,"מניות בחו""ל",2026-03-31,4410000.0,קסם,,True,True,0.0,0.0,0.0,0.0,0.0,0
1146380,"קסם ETF ממונפת ת""א 35 פי 3 חודשי",מניות בארץ,,ממונפות,2026-03-31,564990000.0,קסם,,True,True,0.0275,0.0,155372.25,0.0275,155372.25,0
1146406,קסם EURO STOXX 50 ETF,אירופה- כללי,,"מניות בחו""ל",2026-03-31,32159999.999999996,קסם,,True,True,0.008,0.0,2572.7999999999997,0.008,2572.7999999999997,0
1146414,קסם ETF תל בונד שקלי,בריבית קבועה,,"אג""ח בארץ- חברות והמרה",2026-03-31,1536890000.0,קסם,,True,True,0.0025,0.0,38422.25,0.0025,38422.25,0
1146422,"קסם LBMA Gold Price PM USD ETF מנוטרלת מט""ח",סחורה,,סחורות,2026-03-31,245100000.0,קסם,,True,True,0.0148,0.0,36274.8,0.0148,36274.8,0
1146430,קסם ETF אינדקס בנקים ישראל,בנקאות ואשראי חוץ בנקאי,,מניות בארץ,2026-03-31,1795290000.0,קסם,,True,True,0.006500000000000001,0.0,116693.85000000002,0.006500000000000001,116693.85000000002,0
1146448,קסם DJ Industrial Average ETF,אמריקה- שווקים מפותחים,,"מניות בחו""ל",2026-03-31,139480000.0,קסם,,True,True,0.006,0.0,8368.800000000001,0.006,8368.800000000001,0
1146455,קסם ETF חסר תל בונד 40 צמודות (534),"אג""ח בארץ",,ממונפות,2026-03-31,6050000.0,קסם,,True,True,0.005,0.0,302.5,0.005,302.5,0
1146471,קסם S&P 500 ETF,אמריקה- שווקים מפותחים,,"מניות בחו""ל",2026-03-31,5157180000.0,קסם,,True,True,0.006,0.0,309430.8,0.006,309430.8,0
1146497,קסם FTSE 100 ETF,אירופה- שווקים מפותחים,,"מניות בחו""ל",2026-03-31,41300000.0,קסם,,True,True,0.004,0.0,1652.0000000000002,0.004,1652.0000000000002,0
1146505,קסם NASDAQ 100 ETF,אמריקה- שווקים מפותחים,,"מניות בחו""ל",2026-03-31,1220990000.0,קסם,,True,True,0.0059,0.0,72038.41,0.0059,72038.41,0
1146513,קסם DAX ETF,אירופה- שווקים מפותחים,,"מניות בחו""ל",2026-03-31,103910000.0,קסם,,True,True,0.0053,0.0,5507.2300000000005,0.0053,5507.2300000000005,0
1146521,קסם FTSE China 50 ETF,אסיה ופסיפיק- שווקים מתעוררים,,"מניות בחו""ל",2026-03-31,20680000.0,קסם,,True,True,0.0095,0.0,1964.6,0.0095,1964.6,0
1146539,"קסם ETF ת""א SME60",Mid  & Small Cap,,מניות בארץ,2026-03-31,186550000.0,קסם,,True,True,0.0098,0.0,18281.899999999998,0.0098,18281.899999999998,0
1146547,"קסם ETF ת""א נדל""ן","נדל""ן ובנייה",,מניות בארץ,2026-03-31,430040000.0,קסם,,True,True,0.0053,0.0,22792.12,0.0053,22792.12,0
1146554,"קסם ETF ת""א פיננסים",פיננסים,,מניות בארץ,2026-03-31,628240000.0,קסם,,True,True,0.006,0.0,37694.4,0.006,37694.4,0
1146562,קסם ETF תל גוב-שקלי,ריבית קבועה,,"אג""ח בארץ- מדינה",2026-03-31,223220000.0,קסם,,True,True,0.0015,0.0,3348.3,0.0015,3348.3,0
1146570,"קסם ETF ת""א 35",Large Cap,,מניות בארץ,2026-03-31,4536900000.0,קסם,,True,True,0.0025,0.0,113422.5,0.0025,113422.5,0
1146588,"קסם MDAX ETF מנוטרלת מט""ח",אירופה- שווקים מפותחים,,"מניות בחו""ל",2026-03-31,20020000.0,קסם,,True,True,0.0074,0.0,1481.4800000000002,0.0074,1481.4800000000002,0
1146596,קסם STOXX Europe 600 Health Care ETF,Health Care,,"מניות בחו""ל",2026-03-31,4270000.0,קסם,,True,True,0.008,0.0,341.6,0.008,341.6,0
1146604,"קסם S&P 500 ETF מנוטרלת מט""ח",אמריקה- שווקים מפותחים,,"מניות בחו""ל",2026-03-31,1505640000.0,קסם,,True,True,0.009000000000000001,0.0,135507.6,0.009000000000000001,135507.6,0
1146612,"קסם NASDAQ 100 ETF מנוטרלת מט""ח",אמריקה- שווקים מפותחים,,"מניות בחו""ל",2026-03-31,1030920000.0000001,קסם,,True,True,0.0089,0.0,91751.88,0.0089,91751.88,0
1146620,"קסם ETF חוזה Bloomberg Brent Crude מנוטרלת מט""ח",סחורה,,סחורות,2026-03-31,35730000.0,קסם,,True,True,0.015,0.0,5359.499999999999,0.015,5359.499999999999,0
1146638,קסם ETF משולבת תל גוב-כללי (65%) וקונצרני ישראל (35%) חודשי,ללא מניות,,"אג""ח בארץ משולבת",2026-03-31,41460000.0,קסם,,True,True,0.0,0.0,0.0,0.0,0.0,0
1146646,קסם ETF תל גוב-כללי,"אג""ח מדינה שיקלי וצמוד",,"אג""ח בארץ- מדינה",2026-03-31,247680000.0,קסם,,True,True,0.0015,0.0,3715.2000000000003,0.0015,3715.2000000000003,0
1146661,קסם ETF משולבת אגח כללי ישראל (90%) ומניות ישראל (10%) חודשי,עד 10% מניות,,"אג""ח בארץ משולבת",2026-03-31,43890000.0,קסם,,True,True,0.0,0.0,0.0,0.0,0.0,0
1146679,קסם MSCI AC World ETF,"מניות גלובליות - חשופת מט""ח",,"מניות בחו""ל",2026-03-31,147950000.0,קסם,,True,True,0.0095,0.0,14055.249999999998,0.0095,14055.249999999998,0
1146687,"קסם Hang Seng China ETF מנוטרלת מט""ח",אסיה ופסיפיק- שווקים מתעוררים,,"מניות בחו""ל",2026-03-31,14220000.0,קסם,,True,True,0.01,0.0,1422.0,0.01,1422.0,0
1146695,קסם ETF משולבת אגח כללי ישראל (80%) ומניות (20%) חודשי,עד 20% מניות,,"אג""ח בארץ משולבת",2026-03-31,32210000.0,קסם,,True,True,0.0,0.0,0.0,0.0,0.0,0
1146703,"קסם DAX ETF מנוטרלת מט""ח",אירופה- שווקים מפותחים,,"מניות בחו""ל",2026-03-31,61670000.0,קסם,,True,True,0.01,0.0,6167.0,0.01,6167.0,0
1146729,"קסם Russell 2000 ETF מנוטרלת מט""ח",אמריקה- שווקים מפותחים,,"מניות בחו""ל",2026-03-31,93830000.0,קסם,,True,True,0.0034999999999999996,0.0,3284.0499999999997,0.0034999999999999996,3284.0499999999997,0
1146737,קסם MSCI Emerging Markets ETF מנוטרלת דולר,גלובלי- שווקים מתעוררים,,"מניות בחו""ל",2026-03-31,37580000.0,קסם,,True,True,0.013999999999999999,0.0,5261.2,0.013999999999999999,5261.2,0
1146745,"קסם ETF חסר ת""א 35 (5,337.49)",מניות בארץ,,ממונפות,2026-03-31,7260000.0,קסם,,True,True,0.0075,0.0,544.5,0.0075,544.5,0
1146786,קסם S&P Financial ETF,Financial,,"מניות בחו""ל",2026-03-31,70770000.0,קסם,,True,True,0.0075,0.0,5307.749999999999,0.0075,5307.749999999999,0
1146794,קסם S&P Consumer Discretionary ETF,Consumer Discretionary,,"מניות בחו""ל",2026-03-31,53020000.0,קסם,,True,True,0.0076,0.0,4029.5200000000004,0.0076,4029.5200000000004,0
1146810,"קסם DJ Internet Composite ETF מנוטרלת מט""ח",Internet,,"מניות בחו""ל",2026-03-31,40730000.0,קסם,,True,True,0.01975,0.0,8044.175,0.01975,8044.175,0
1146828,"קסם ETF משולבת מניות MidCap מפותחות חודשי מנוטרלת מט""ח","מניות בחו""ל קרן משולבת",,"מניות בחו""ל",2026-03-31,9730000.0,קסם,,True,True,0.0,0.0,0.0,0.0,0.0,0
1146885,"קסם ETF ת""א נפט וגז","נפט, גז ואנרגיה",,מניות בארץ,2026-03-31,325850000.0,קסם,,True,True,0.006,0.0,19551.0,0.006,19551.0,0
1146919,קסם iBoxx US Liquid Investment Grade Top 30 ETF,"חברות והמרה חשופת מט""ח",,"אג""ח בחו""ל",2026-03-31,13110000.0,קסם,,True,True,0.006,0.0,786.6,0.006,786.6,0
1146927,קסם ETF תל בונד צמודות,בריבית קבועה,,"אג""ח בארץ- חברות והמרה",2026-03-31,90020000.0,קסם,,True,True,0.0025,0.0,2250.5,0.0025,2250.5,0
1146935,קסם ETF תל בונד צמודות-יתר,בריבית קבועה,,"אג""ח בארץ- חברות והמרה",2026-03-31,205460000.0,קסם,,True,True,0.0022,0.0,4520.120000000001,0.0022,4520.120000000001,0
1146943,קסם S&P Homebuilders ETF,REIT - Real Estate,,"מניות בחו""ל",2026-03-31,126820000.0,קסם,,True,True,0.006,0.0,7609.2,0.006,7609.2,0
1146950,קסם ETFי (!) תל בונד-תשואות צמודות,בריבית קבועה,,"אג""ח בארץ- חברות והמרה",2026-03-31,425200000.0,קסם,,True,True,0.0025,0.0,10630.0,0.0025,10630.0,0
1146968,קסם ETF ממונפת S&P 500 פי 3 חודשי,"מניות בחו""ל",,ממונפות,2026-03-31,111560000.0,קסם,,True,True,0.0275,0.0,30679.000000000004,0.0275,30679.000000000004,0
1146976,קסם ETF ממונפת NASDAQ 100 פי 3 חודשי,"מניות בחו""ל",,ממונפות,2026-03-31,407430000.0,קסם,,True,True,0.0275,0.0,112043.25,0.0275,112043.25,0
1146984,קסם ETF ממונפת DAX פי 3 חודשי,"מניות בחו""ל",,ממונפות,2026-03-31,74010000.0,קסם,,True,True,0.0275,0.0,20352.75,0.0275,20352.75,0
1146992,קסם ETF ממונפת בחסר S&P 500 פי 2 חודשי,"מניות בחו""ל",,ממונפות,2026-03-31,13180000.0,קסם,,True,True,0.0275,0.0,3624.5,0.0275,3624.5,0
1147008,קסם ETF ממונפת בחסר NASDAQ 100 פי 2 חודשי,"מניות בחו""ל",,ממונפות,2026-03-31,33750000.0,קסם,,True,True,0.0275,0.0,9281.25,0.0275,9281.25,0
1147016,קסם ETF ממונפת בחסר DAX פי 2 חודשי,"מניות בחו""ל",,ממונפות,2026-03-31,8780000.0,קסם,,True,True,0.0275,0.0,2414.5,0.0275,2414.5,0
1147024,"קסם S&P SmallCap 600 ETF מנוטרלת מט""ח",אמריקה- שווקים מפותחים,,"מניות בחו""ל",2026-03-31,51740000.0,קסם,,True,True,0.008,0.0,4139.200000000001,0.008,4139.200000000001,0
1147032,קסם Morningstar Wide Moat Focus ETF,אמריקה- כללי,,"מניות בחו""ל",2026-03-31,124400000.0,קסם,,True,True,0.006500000000000001,0.0,8086.000000000001,0.006500000000000001,8086.000000000001,0
1147040,"קסם ETF משולבת מניות ארה""ב חודשי מנוטרלת מט""ח","מניות בחו""ל קרן משולבת",,"מניות בחו""ל",2026-03-31,98500000.0,קסם,,True,True,0.0,0.0,0.0,0.0,0.0,0
1147057,"קסם ETF משולבת תל גוב-כללי (55%) קונצרני (30%) ומניות (15%) חודשי מנוטרלת מט""ח",עד 20% מניות,,"אג""ח בארץ משולבת",2026-03-31,28900000.0,קסם,,True,True,0.0,0.0,0.0,0.0,0.0,0
1147065,קסם S&P 500 Low Volatility High Dividend ETF,אמריקה- שווקים מפותחים,,"מניות בחו""ל",2026-03-31,16790000.0,קסם,,True,True,0.0098,0.0,1645.4199999999998,0.0098,1645.4199999999998,0
1147073,קסם MSCI World ETF מנוטרלת דולר,גלובלי- שווקים מפותחים,,"מניות בחו""ל",2026-03-31,30740000.0,קסם,,True,True,0.01,0.0,3074.0,0.01,3074.0,0
1147081,קסם ETF תל בונד מאגר,"אג""ח חברות שקלי וצמוד",,"אג""ח בארץ- חברות והמרה",2026-03-31,897020000.0,קסם,,True,True,0.0025,0.0,22425.5,0.0025,22425.5,0
1147099,"קסם FTSE 250 ETF מנוטרלת מט""ח",אירופה- שווקים מפותחים,,"מניות בחו""ל",2026-03-31,10630000.0,קסם,,True,True,0.005,0.0,531.5,0.005,531.5,0
1147107,"קסם DJ US Dividend ETF מנוטרלת מט""ח",אמריקה- שווקים מפותחים,,"מניות בחו""ל",2026-03-31,22500000.0,קסם,,True,True,0.009300000000000001,0.0,2092.5000000000005,0.009300000000000001,2092.5000000000005,0
1147131,קסם ETFי (!) חסר תל בונד- תשואות צמודות (682.1),"אג""ח בארץ",,ממונפות,2026-03-31,4520000.0,קסם,,True,True,0.005,0.0,226.0,0.005,226.0,0
1147156,"קסם ETF משולבת מניות ארה""ב חודשי","מניות בחו""ל קרן משולבת",,"מניות בחו""ל",2026-03-31,37480000.0,קסם,,True,True,0.0,0.0,0.0,0.0,0.0,0
1147172,קסם S&P Health Care ETF,Health Care,,"מניות בחו""ל",2026-03-31,80130000.0,קסם,,True,True,0.006999999999999999,0.0,5609.099999999999,0.006999999999999999,5609.099999999999,0
1147180,קסם ETF חסר תל גוב-שקלי 5+ (917.6),"אג""ח בארץ",,ממונפות,2026-03-31,800000.0,קסם,,True,True,0.003,0.0,24.0,0.003,24.0,0
1147198,קסם ETFי All-Bond ריבית משתנה שקלי,"אג""ח בארץ כללי",,"אג""ח בארץ כללי",2026-03-31,14450000.0,קסם,,True,True,0.0023,0.0,332.35,0.0023,332.35,0
1147214,"קסם ETF משולבת מניות סקטורים ארה""ב S&P חודשי","מניות בחו""ל קרן משולבת",,"מניות בחו""ל",2026-03-31,18660000.0,קסם,,True,True,0.0,0.0,0.0,0.0,0.0,0
1147230,קסם S&P Technology ETF,Technology,,"מניות בחו""ל",2026-03-31,782620000.0,קסם,,True,True,0.0064,0.0,50087.68,0.0064,50087.68,0
1147263,"קסם iBoxx $ Corps Liquid 3-7 Years ETF מנוטרלת מט""ח","חברות והמרה  מנוטרלת מט""ח - בינוני",,"אג""ח בחו""ל",2026-03-31,60640000.0,קסם,,True,True,0.003,0.0,1819.2,0.003,1819.2,0
1147271,קסם Bluestar Israel Global Technology ETF,Technology,,"מניות בחו""ל",2026-03-31,46640000.0,קסם,,True,True,0.006,0.0,2798.4,0.006,2798.4,0
1147297,קסם iBoxx $ Corps Liquid 3-7 Years ETF,"חברות והמרה חשופת מט""ח - בינוני",,"אג""ח בחו""ל",2026-03-31,34030000.0,קסם,,True,True,0.003,0.0,1020.9,0.003,1020.9,0
1147347,"קסם ETF חסר ת""א SME60י (1913.2)",מניות בארץ,,ממונפות,2026-03-31,460000.0,קסם,,True,True,0.0235,0.0,108.1,0.0235,108.1,0
1147362,קסם MSCI AC World ETF מנוטרלת דולר,"מניות גלובליות - מנוטרלת מט""ח",,"מניות בחו""ל",2026-03-31,338690000.0,קסם,,True,True,0.0022,0.0,7451.180000000001,0.0022,7451.180000000001,0
1147396,קסם ETF תל בונד שקלי 3-5,בריבית קבועה - בינוני,,"אג""ח בארץ- חברות והמרה",2026-03-31,50720000.0,קסם,,True,True,0.0025,0.0,1268.0,0.0025,1268.0,0
1147529,קסם S&P Industrial ETF,Industrials,,"מניות בחו""ל",2026-03-31,15370000.0,קסם,,True,True,0.008,0.0,1229.6000000000001,0.008,1229.6000000000001,0
1147545,"קסם FTSE 100 ETF מנוטרלת מט""ח",אירופה- שווקים מפותחים,,"מניות בחו""ל",2026-03-31,11790000.0,קסם,,True,True,0.008,0.0,943.2,0.008,943.2,0
1147875,אי בי אי סל LBMA Gold Price AM,סחורה,,סחורות,2026-03-31,130669999.99999999,אי.בי.אי,,True,True,0.015,0.0,19600.499999999996,0.015,19600.499999999996,0
1147966,אי בי אי סל iBoxx US Liquid Investment Grade Top 30,"חברות והמרה חשופת מט""ח",,"אג""ח בחו""ל",2026-03-31,15700000.0,אי.בי.אי,,True,True,0.002,0.0,314.0,0.002,314.0,0
1147974,אי בי אי סל תל בונד 40 צמודות,בריבית קבועה,,"אג""ח בארץ- חברות והמרה",2026-03-31,194790000.0,אי.בי.אי,,True,True,0.0025,0.0,4869.75,0.0025,4869.75,0
1148006,אי בי אי סל תל בונד 60 צמודות,בריבית קבועה,,"אג""ח בארץ- חברות והמרה",2026-03-31,1015050000.0,אי.בי.אי,,True,True,0.0025,0.0,25376.25,0.0025,25376.25,0
1148048,אי בי אי סל תל בונד צמודות,בריבית קבועה,,"אג""ח בארץ- חברות והמרה",2026-03-31,87360000.0,אי.בי.אי,,True,True,0.002,0.0,1747.2,0.002,1747.2,0
1148162,אי בי אי סל S&P 500,אמריקה- שווקים מפותחים,,"מניות בחו""ל",2026-03-31,3978430000.0,אי.בי.אי,,True,True,0.008,0.0,318274.4,0.008,318274.4,0
1148212,"אי בי אי סל S&P Health Care מנוטרלת מט""ח",Health Care,,"מניות בחו""ל",2026-03-31,20860000.0,אי.בי.אי,,True,True,0.008,0.0,1668.8000000000002,0.008,1668.8000000000002,0
1148477,אי בי אי סל תל בונד צמודות A,בריבית קבועה,,"אג""ח בארץ- חברות והמרה",2026-03-31,328100000.0,אי.בי.אי,,True,True,0.0025,0.0,8202.5,0.0025,8202.5,0
1148774,אי בי אי סל אינדקס בנקים ישראל,בנקאות ואשראי חוץ בנקאי,,מניות בארץ,2026-03-31,15381010000.0,אי.בי.אי,,True,True,0.006500000000000001,0.0,999765.6500000001,0.006500000000000001,999765.6500000001,0
1148808,"אי בי אי סל ת""א 125",Large & Mid Cap,,מניות בארץ,2026-03-31,3554050000.0,אי.בי.אי,,True,True,0.0034999999999999996,0.0,124391.74999999999,0.0034999999999999996,124391.74999999999,0
1148899,"הראל סל ת""א 125",Large & Mid Cap,,מניות בארץ,2026-03-31,5141210000.0,הראל,,True,True,0.0025,0.0,128530.25,0.0025,128530.25,0
1148907,"הראל סל ת""א 35",Large Cap,,מניות בארץ,2026-03-31,1683810000.0,הראל,,True,True,0.0025,0.0,42095.25,0.0025,42095.25,0
1148931,"הראל סל ת""א 90",Mid Cap,,מניות בארץ,2026-03-31,2643990000.0,הראל,,True,True,0.006,0.0,158639.4,0.006,158639.4,0
1148949,הראל סל אינדקס בנקים ישראל,בנקאות ואשראי חוץ בנקאי,,מניות בארץ,2026-03-31,3159490000.0,הראל,,True,True,0.006,0.0,189569.4,0.006,189569.4,0
1148956,"הראל סל ת""א SME60",Mid  & Small Cap,,מניות בארץ,2026-03-31,106490000.0,הראל,,True,True,0.008,0.0,8519.2,0.008,8519.2,0
1148964,"הראל סל ת""א נדל""ן","נדל""ן ובנייה",,מניות בארץ,2026-03-31,289040000.0,הראל,,True,True,0.006,0.0,17342.4,0.006,17342.4,0
1148980,"הראל סל ת""א פיננסים",פיננסים,,מניות בארץ,2026-03-31,377680000.0,הראל,,True,True,0.006,0.0,22660.8,0.006,22660.8,0
1149020,הראל סל S&P 500,אמריקה- שווקים מפותחים,,"מניות בחו""ל",2026-03-31,5800670000.0,הראל,,True,True,0.006,0.0,348040.2,0.006,348040.2,0
1149038,הראל סל NASDAQ 100,אמריקה- שווקים מפותחים,,"מניות בחו""ל",2026-03-31,388890000.0,הראל,,True,True,0.006999999999999999,0.0,27222.3,0.006999999999999999,27222.3,0
1149053,הראל סל DAX,אירופה- שווקים מפותחים,,"מניות בחו""ל",2026-03-31,43830000.0,הראל,,True,True,0.005,0.0,2191.5,0.005,2191.5,0
1149103,"הראל סל NASDAQ 100 מנוטרלת מט""ח",אמריקה- שווקים מפותחים,,"מניות בחו""ל",2026-03-31,587890000.0,הראל,,True,True,0.008,0.0,47031.200000000004,0.008,47031.200000000004,0
1149137,"הראל סל S&P 500 מנוטרלת מט""ח",אמריקה- שווקים מפותחים,,"מניות בחו""ל",2026-03-31,1042390000.0000001,הראל,,True,True,0.008,0.0,83391.20000000001,0.008,83391.20000000001,0
1149160,"הראל סל DAX מנוטרלת מט""ח",אמריקה- שווקים מפותחים,,"מניות בחו""ל",2026-03-31,67360000.0,הראל,,True,True,0.008,0.0,5388.8,0.008,5388.8,0
1149228,הראל סל DJ Industrial Average,אמריקה- שווקים מפותחים,,"מניות בחו""ל",2026-03-31,126230000.0,הראל,,True,True,0.0045000000000000005,0.0,5680.35,0.0045000000000000005,5680.35,0
1149236,"אי בי אי סל חסר ת""א 90 (6582.848)",מניות בארץ,,ממונפות,2026-03-31,6430000.0,אי.בי.אי,,True,True,0.005,0.0,321.5,0.005,321.5,0
1149244,הראל סל EURO STOXX 50,אירופה- כללי,,"מניות בחו""ל",2026-03-31,26630000.0,הראל,,True,True,0.0045000000000000005,0.0,1198.3500000000001,0.0045000000000000005,1198.3500000000001,0
1149251,"הראל סל NIKKEI 225 מנוטרלת מט""ח",אסיה ופסיפיק- שווקים מפותחים,,"מניות בחו""ל",2026-03-31,64860000.0,הראל,,True,True,0.0078000000000000005,0.0,5059.08,0.0078000000000000005,5059.08,0
1149285,הראל סל S&P Industrial,Industrials,,"מניות בחו""ל",2026-03-31,49430000.0,הראל,,True,True,0.006999999999999999,0.0,3460.1,0.006999999999999999,3460.1,0
1149301,הראל סל MSCI Emerging Markets,גלובלי- שווקים מתעוררים,,"מניות בחו""ל",2026-03-31,27370000.0,הראל,,True,True,0.004,0.0,1094.8000000000002,0.004,1094.8000000000002,0
1149335,הראל סל MSCI AC World,"מניות גלובליות - חשופת מט""ח",,"מניות בחו""ל",2026-03-31,231390000.0,הראל,,True,True,0.0055000000000000005,0.0,12726.450000000003,0.0055000000000000005,12726.450000000003,0
1149772,אי בי אי סל MSCI AC World,"מניות גלובליות - חשופת מט""ח",,"מניות בחו""ל",2026-03-31,661370000.0,אי.בי.אי,,True,True,0.008,0.0,52909.600000000006,0.008,52909.600000000006,0
1149830,"אי בי אי סל DAX מנוטרלת מט""ח",אירופה- שווקים מפותחים,,"מניות בחו""ל",2026-03-31,54460000.0,אי.בי.אי,,True,True,0.008,0.0,4356.8,0.008,4356.8,0
1149848,הראל סל S&P Health Care,Health Care,,"מניות בחו""ל",2026-03-31,57740000.0,הראל,,True,True,0.005,0.0,2887.0,0.005,2887.0,0
1149855,הראל סל S&P Financial,Financial,,"מניות בחו""ל",2026-03-31,55390000.0,הראל,,True,True,0.0045000000000000005,0.0,2492.55,0.0045000000000000005,2492.55,0
1149863,הראל סל S&P Consumer Staples,Consumer Staples,,"מניות בחו""ל",2026-03-31,30360000.0,הראל,,True,True,0.005,0.0,1518.0,0.005,1518.0,0
1149871,הראל סל STOXX Europe 600,אירופה- כללי,,"מניות בחו""ל",2026-03-31,64450000.0,הראל,,True,True,0.006,0.0,3867.0,0.006,3867.0,0
1149889,הראל סל STOXX Europe 600 מנוטרלת אירו,אירופה- כללי,,"מניות בחו""ל",2026-03-31,66250000.0,הראל,,True,True,0.008,0.0,5300.0,0.008,5300.0,0
1149897,"הראל סל S&P Financial מנוטרלת מט""ח",Financial,,"מניות בחו""ל",2026-03-31,84170000.0,הראל,,True,True,0.005,0.0,4208.5,0.005,4208.5,0
1149905,"הראל סל S&P 500 Low Volatility מנוטרלת מט""ח",אמריקה- שווקים מפותחים,,"מניות בחו""ל",2026-03-31,35210000.0,הראל,,True,True,0.006500000000000001,0.0,2288.65,0.006500000000000001,2288.65,0
1149939,הראל סל S&P Technology,Technology,,"מניות בחו""ל",2026-03-31,572350000.0,הראל,,True,True,0.006,0.0,34341.0,0.006,34341.0,0
1149954,MTF סל תל גוב-שקלי,ריבית קבועה,,"אג""ח בארץ- מדינה",2026-03-31,86550000.0,מגדל,,True,True,0.002,0.0,1731.0000000000002,0.002,1731.0000000000002,0
1149962,MTF סל תל גוב-שקלי 2-5,ריבית קבועה  - בינוני,,"אג""ח בארץ- מדינה",2026-03-31,99810000.0,מגדל,,True,True,0.0015,0.0,1497.15,0.0015,1497.15,0
1149970,"הראל סל S&P 500 Equal Weight מנוטרלת מט""ח",אמריקה- שווקים מפותחים,,"מניות בחו""ל",2026-03-31,264790000.00000003,הראל,,True,True,0.004,0.0,10591.600000000002,0.004,10591.600000000002,0
1149988,MTF סל תל בונד 20 צמודות,בריבית קבועה,,"אג""ח בארץ- חברות והמרה",2026-03-31,475620000.0,מגדל,,True,True,0.0025,0.0,11890.5,0.0025,11890.5,0
1149996,MTF סל תל בונד 60 צמודות,בריבית קבועה,,"אג""ח בארץ- חברות והמרה",2026-03-31,779350000.0,מגדל,,True,True,0.0025,0.0,19483.75,0.0025,19483.75,0
1150002,MTF סל תל בונד שקלי,בריבית קבועה,,"אג""ח בארץ- חברות והמרה",2026-03-31,803570000.0,מגדל,,True,True,0.0025,0.0,20089.25,0.0025,20089.25,0
1150010,MTF סל תל גוב-צמודות 2-5,צמודות מדד ממשלתיות - בינוני,,"אג""ח בארץ- מדינה",2026-03-31,83910000.0,מגדל,,True,True,0.0015,0.0,1258.65,0.0015,1258.65,0
1150036,הראל סל S&P Energy,Energy,,"מניות בחו""ל",2026-03-31,27310000.0,הראל,,True,True,0.003,0.0,819.3000000000001,0.003,819.3000000000001,0
1150051,MTF סל תל גוב-שקלי 5+,ריבית קבועה - ארוך,,"אג""ח בארץ- מדינה",2026-03-31,233540000.0,מגדל,,True,True,0.0015,0.0,3503.1,0.0015,3503.1,0
1150069,MTF סל תל גוב-צמודות 5-10,צמודות מדד ממשלתיות - ארוך,,"אג""ח בארץ- מדינה",2026-03-31,66830000.0,מגדל,,True,True,0.0015,0.0,1002.45,0.0015,1002.45,0
1150101,MTF סל תל בונד צמודות,בריבית קבועה,,"אג""ח בארץ- חברות והמרה",2026-03-31,171970000.0,מגדל,,True,True,0.0025,0.0,4299.25,0.0025,4299.25,0
1150119,MTF סל (!) תל - בונד תשואות צמודות,בריבית קבועה,,"אג""ח בארץ- חברות והמרה",2026-03-31,226280000.0,מגדל,,True,True,0.0025,0.0,5657.0,0.0025,5657.0,0
1150135,MTF סל (!) תל בונד גלובל שקלי,בריבית קבועה,,"אג""ח בארץ- חברות והמרה",2026-03-31,150970000.0,מגדל,,True,True,0.0,0.0,0.0,0.0,0.0,0
1150168,MTF סל תל בונד שקלי 50,בריבית קבועה,,"אג""ח בארץ- חברות והמרה",2026-03-31,677470000.0,מגדל,,True,True,0.0025,0.0,16936.75,0.0025,16936.75,0
1150184,"MTF סל ת""א 35",Large Cap,,מניות בארץ,2026-03-31,1362000000.0,מגדל,,True,True,0.0024,0.0,32687.999999999996,0.0024,32687.999999999996,0
1150192,הראל סל ISE Cyber Security מנוטרלת דולר,Cyber Security,,"מניות בחו""ל",2026-03-31,79320000.0,הראל,,True,True,0.006999999999999999,0.0,5552.4,0.006999999999999999,5552.4,0
1150200,הראל סל MSCI AC World מנוטרלת דולר,"מניות גלובליות - מנוטרלת מט""ח",,"מניות בחו""ל",2026-03-31,218740000.0,הראל,,True,True,0.0025,0.0,5468.5,0.0025,5468.5,0
1150226,MTF סל STOXX Europe 600,אירופה- כללי,,"מניות בחו""ל",2026-03-31,74900000.0,מגדל,,True,True,0.004,0.0,2996.0000000000005,0.004,2996.0000000000005,0
1150242,MTF סל RUSSELL 2000,אמריקה- שווקים מפותחים,,"מניות בחו""ל",2026-03-31,64170000.0,מגדל,,True,True,0.0024,0.0,1540.08,0.0024,1540.08,0
1150259,"MTF סל ת""א 90",Mid Cap,,מניות בארץ,2026-03-31,2717320000.0,מגדל,,True,True,0.006,0.0,163039.2,0.006,163039.2,0
1150267,"MTF סל ת""א טק-עילית",טכנולוגיה,,מניות בארץ,2026-03-31,75440000.0,מגדל,,True,True,0.005,0.0,3772.0,0.005,3772.0,0
1150275,MTF סל MSCI Emerging Markets,גלובלי- שווקים מתעוררים,,"מניות בחו""ל",2026-03-31,140570000.0,מגדל,,True,True,0.0034999999999999996,0.0,4919.95,0.0034999999999999996,4919.95,0
1150283,"MTF סל ת""א 125",Large & Mid Cap,,מניות בארץ,2026-03-31,5055700000.0,מגדל,,True,True,0.0024,0.0,121336.79999999999,0.0024,121336.79999999999,0
1150333,MTF סל S&P 500,אמריקה- שווקים מפותחים,,"מניות בחו""ל",2026-03-31,5518950000.0,מגדל,,True,True,0.0025,0.0,137973.75,0.0025,137973.75,0
1150341,MTF סל S&P Aerospace & Defense,Aerospace & Defense,,"מניות בחו""ל",2026-03-31,106450000.0,מגדל,,True,True,0.008,0.0,8516.0,0.008,8516.0,0
1150358,MTF סל S&P Consumer Discretionary,Consumer Discretionary,,"מניות בחו""ל",2026-03-31,13100000.0,מגדל,,True,True,0.0015,0.0,196.5,0.0015,196.5,0
1150366,MTF סל S&P Consumer Staples,Consumer Staples,,"מניות בחו""ל",2026-03-31,20050000.0,מגדל,,True,True,0.0015,0.0,300.75,0.0015,300.75,0
1150374,הראל סל ISE Cyber Security,Cyber Security,,"מניות בחו""ל",2026-03-31,72330000.0,הראל,,True,True,0.006,0.0,4339.8,0.006,4339.8,0
1150382,MTF סל S&P Financial,Financial,,"מניות בחו""ל",2026-03-31,25860000.0,מגדל,,True,True,0.008,0.0,2068.8,0.008,2068.8,0
1150390,MTF סל S&P Health Care,Health Care,,"מניות בחו""ל",2026-03-31,68230000.0,מגדל,,True,True,0.0015,0.0,1023.45,0.0015,1023.45,0
1150408,MTF סל S&P Industrial,Industrials,,"מניות בחו""ל",2026-03-31,81720000.0,מגדל,,True,True,0.0015,0.0,1225.8,0.0015,1225.8,0
1150416,"MTF סל DAX מנוטרלת מט""ח",אירופה- שווקים מפותחים,,"מניות בחו""ל",2026-03-31,97780000.0,מגדל,,True,True,0.0045000000000000005,0.0,4400.1,0.0045000000000000005,4400.1,0
1150424,MTF סל S&P Technology,Technology,,"מניות בחו""ל",2026-03-31,186930000.0,מגדל,,True,True,0.006,0.0,11215.800000000001,0.006,11215.800000000001,0
1150432,"MTF סל S&P Health Care מנוטרלת מט""ח",Health Care,,"מניות בחו""ל",2026-03-31,45550000.0,מגדל,,True,True,0.008,0.0,3644.0000000000005,0.008,3644.0000000000005,0
1150440,הראל סל תל בונד 20 צמודות,בריבית קבועה,,"אג""ח בארץ- חברות והמרה",2026-03-31,517220000.0,הראל,,True,True,0.0025,0.0,12930.5,0.0025,12930.5,0
1150457,"MTF סל S&P Industrial מנוטרלת מט""ח",Industrials,,"מניות בחו""ל",2026-03-31,77490000.0,מגדל,,True,True,0.008,0.0,6199.200000000001,0.008,6199.200000000001,0
1150473,הראל סל תל בונד 60 צמודות,בריבית קבועה,,"אג""ח בארץ- חברות והמרה",2026-03-31,672130000.0,הראל,,True,True,0.0032,0.0,21508.16,0.0032,21508.16,0
1150481,"MTF סל S&P Technology מנוטרלת מט""ח",Technology,,"מניות בחו""ל",2026-03-31,325120000.0,מגדל,,True,True,0.008,0.0,26009.600000000002,0.008,26009.600000000002,0
1150499,הראל סל תל בונד 40 צמודות,בריבית קבועה,,"אג""ח בארץ- חברות והמרה",2026-03-31,109740000.0,הראל,,True,True,0.002,0.0,2194.8,0.002,2194.8,0
1150507,"MTF סל S&P Utilities מנוטרלת מט""ח",Utilities,,"מניות בחו""ל",2026-03-31,97140000.0,מגדל,,True,True,0.0015,0.0,1457.1000000000001,0.0015,1457.1000000000001,0
1150523,הראל סל תל בונד שקלי,בריבית קבועה,,"אג""ח בארץ- חברות והמרה",2026-03-31,1127350000.0,הראל,,True,True,0.0028000000000000004,0.0,31565.800000000003,0.0028000000000000004,31565.800000000003,0
1150531,"MTF סל NIKKEI 225 מנוטרלת מט""ח",אסיה ופסיפיק- שווקים מפותחים,,"מניות בחו""ל",2026-03-31,108310000.0,מגדל,,True,True,0.0077,0.0,8339.87,0.0077,8339.87,0
1150549,"MTF סל RUSSELL 2000 מנוטרלת מט""ח",אמריקה- שווקים מפותחים,,"מניות בחו""ל",2026-03-31,104340000.0,מגדל,,True,True,0.005,0.0,5217.0,0.005,5217.0,0
1150564,"MTF סל S&P Aerospace & Defense מנוטרלת מט""ח",Aerospace & Defense,,"מניות בחו""ל",2026-03-31,110160000.0,מגדל,,True,True,0.008,0.0,8812.800000000001,0.008,8812.800000000001,0
1150572,"MTF סל S&P 500 מנוטרלת מט""ח",אמריקה- שווקים מפותחים,,"מניות בחו""ל",2026-03-31,1893810000.0,מגדל,,True,True,0.0025,0.0,47345.25,0.0025,47345.25,0
1150598,"MTF סל S&P Financial מנוטרלת מט""ח",Financial,,"מניות בחו""ל",2026-03-31,39600000.0,מגדל,,True,True,0.008,0.0,3168.0000000000005,0.008,3168.0000000000005,0
1150606,הראל סל תל בונד צמודות,בריבית קבועה,,"אג""ח בארץ- חברות והמרה",2026-03-31,165670000.0,הראל,,True,True,0.0025,0.0,4141.75,0.0025,4141.75,0
1150614,"MTF סל STOXX Europe 600 מנוטרלת מט""ח",אירופה- כללי,,"מניות בחו""ל",2026-03-31,275360000.0,מגדל,,True,True,0.0055000000000000005,0.0,15144.800000000003,0.0055000000000000005,15144.800000000003,0
1150622,הראל סל (!) תל בונד-תשואות צמודות,בריבית קבועה,,"אג""ח בארץ- חברות והמרה",2026-03-31,440760000.0,הראל,,True,True,0.0025,0.0,11019.0,0.0025,11019.0,0
1150663,"MTF סל S&P Consumer Discretionary מנוטרלת מט""ח",Consumer Discretionary,,"מניות בחו""ל",2026-03-31,20750000.0,מגדל,,True,True,0.008,0.0,1660.0000000000002,0.008,1660.0000000000002,0
1150671,הראל סל (!) תל בונד תשואות שקל,בריבית קבועה,,"אג""ח בארץ- חברות והמרה",2026-03-31,225270000.0,הראל,,True,True,0.002,0.0,4505.400000000001,0.002,4505.400000000001,0
1150689,"MTF סל S&P Consumer Staples מנוטרלת מט""ח",Consumer Staples,,"מניות בחו""ל",2026-03-31,50290000.0,מגדל,,True,True,0.006500000000000001,0.0,3268.8500000000004,0.006500000000000001,3268.8500000000004,0
1150713,הראל סל תל בונד שקלי 50,בריבית קבועה,,"אג""ח בארץ- חברות והמרה",2026-03-31,826390000.0,הראל,,True,True,0.0025,0.0,20659.75,0.0025,20659.75,0
1150721,"MTF סל S&P Energy מנוטרלת מט""ח",Energy,,"מניות בחו""ל",2026-03-31,53830000.0,מגדל,,True,True,0.001,0.0,538.3000000000001,0.001,538.3000000000001,0
1150739,הראל סל (!) תל בונד גלובל שקלי,בריבית קבועה,,"אג""ח בארץ- חברות והמרה",2026-03-31,70880000.0,הראל,,True,True,0.0025,0.0,1772.0,0.0025,1772.0,0
1150747,הראל סל תל בונד שקלי-בנקים וביטוח,בריבית קבועה,,"אג""ח בארץ- חברות והמרה",2026-03-31,146530000.0,הראל,,True,True,0.0034999999999999996,0.0,5128.549999999999,0.0034999999999999996,5128.549999999999,0
1150754,קסם ETF תל בונד צמודות 3-5,בריבית קבועה - בינוני,,"אג""ח בארץ- חברות והמרה",2026-03-31,159770000.0,קסם,,True,True,0.0025,0.0,3994.25,0.0025,3994.25,0
1150762,קסם ETF תל בונד שקלי 50,בריבית קבועה,,"אג""ח בארץ- חברות והמרה",2026-03-31,1036270000.0,קסם,,True,True,0.0025,0.0,25906.75,0.0025,25906.75,0
1150770,קסם ETF (!) תל בונד גלובל שקלי,בריבית קבועה,,"אג""ח בארץ- חברות והמרה",2026-03-31,181700000.0,קסם,,True,True,0.0025,0.0,4542.5,0.0025,4542.5,0
1150796,קסם S&P MidCap 400 ETF,אמריקה- שווקים מפותחים,,"מניות בחו""ל",2026-03-31,22550000.0,קסם,,True,True,0.001,0.0,225.50000000000003,0.001,225.50000000000003,0
1150861,MTF סל DAX,אירופה- שווקים מפותחים,,"מניות בחו""ל",2026-03-31,39310000.0,מגדל,,True,True,0.0045000000000000005,0.0,1768.95,0.0045000000000000005,1768.95,0
1155076,אי בי אי סל כשרה תל בונד 60 צמודות,בריבית קבועה,,"אג""ח בארץ- חברות והמרה",2026-03-31,411210000.0,אי.בי.אי,,True,True,0.0,0.0,0.0,0.0,0.0,0
1155092,הראל סל כשרה תל בונד 60 צמודות,בריבית קבועה,,"אג""ח בארץ- חברות והמרה",2026-03-31,440860000.0,הראל,,True,True,0.0,0.0,0.0,0.0,0.0,0
1155100,תכלית סל (!) כשרה תל בונד-תשואות צמודות,בריבית קבועה,,"אג""ח בארץ- חברות והמרה",2026-03-31,111730000.0,מיטב,,True,True,0.0,0.0,0.0,0.0,0.0,0
1155118,תכלית סל כשרה תל בונד צמודות-יתר,בריבית קבועה,,"אג""ח בארץ- חברות והמרה",2026-03-31,29860000.0,מיטב,,True,True,0.0,0.0,0.0,0.0,0.0,0
1155126,קסם ETF כשרה תל בונד 60 צמודות,בריבית קבועה,,"אג""ח בארץ- חברות והמרה",2026-03-31,308680000.0,קסם,,True,True,0.0,0.0,0.0,0.0,0.0,0
1155159,קסם ETF כשרה תל בונד שקלי,בריבית קבועה,,"אג""ח בארץ- חברות והמרה",2026-03-31,167890000.0,קסם,,True,True,0.0,0.0,0.0,0.0,0.0,0
1155183,תכלית סל כשרה תל בונד שקלי,בריבית קבועה,,"אג""ח בארץ- חברות והמרה",2026-03-31,177390000.0,מיטב,,True,True,0.0,0.0,0.0,0.0,0.0,0
1155191,הראל סל כשרה תל בונד שקלי,בריבית קבועה,,"אג""ח בארץ- חברות והמרה",2026-03-31,174930000.0,הראל,,True,True,0.0,0.0,0.0,0.0,0.0,0
1155324,"אי בי אי סל כשרה ת""א 125",Large & Mid Cap,,מניות בארץ,2026-03-31,836980000.0,אי.בי.אי,,True,True,0.0,0.0,0.0,0.0,0.0,0
1155340,"הראל סל כשרה ת""א 125",Large & Mid Cap,,מניות בארץ,2026-03-31,667940000.0,הראל,,True,True,0.0,0.0,0.0,0.0,0.0,0
1155365,"קסם ETF כשרה ת""א 125",Large & Mid Cap,,מניות בארץ,2026-03-31,819470000.0,קסם,,True,True,0.0,0.0,0.0,0.0,0.0,0
1155373,"תכלית סל כשרה ת""א 125",Large & Mid Cap,,מניות בארץ,2026-03-31,759640000.0,מיטב,,True,True,0.0,0.0,0.0,0.0,0.0,0
1157379,קסם All-Bond ETF-דולר וטופ 5 בתל בונד-20 צמודות,אחר,,"אג""ח בארץ- חברות והמרה",2026-03-31,26510000.0,קסם,,True,True,0.0025,0.0,662.75,0.0025,662.75,0
1157908,קסם S&P U.S. Treasury Bond 1-3 Year ETF,"ממשלתיות חשופת מט""ח - קצר",,"אג""ח בחו""ל",2026-03-31,203010000.0,קסם,,True,True,0.0015,0.0,3045.15,0.0015,3045.15,0
1157916,קסם S&P U.S. Treasury Bond 3-5 Year ETF,"ממשלתיות חשופת מט""ח - בינוני",,"אג""ח בחו""ל",2026-03-31,36150000.0,קסם,,True,True,0.0015,0.0,542.25,0.0015,542.25,0
1157924,קסם S&P U.S. Treasury Bond 7-10 Year ETF,"ממשלתיות חשופת מט""ח - ארוך",,"אג""ח בחו""ל",2026-03-31,66110000.0,קסם,,True,True,0.0015,0.0,991.65,0.0015,991.65,0
1157957,קסם NIFTY 50 (!) ETF,אסיה ופסיפיק- שווקים מתעוררים,,"מניות בחו""ל",2026-03-31,30690000.0,קסם,,True,True,0.008,0.0,2455.2000000000003,0.008,2455.2000000000003,0
1158328,MTF סל Indxx USA Cloud Computing,Cloud Computing,,"מניות בחו""ל",2026-03-31,13500000.0,מגדל,,True,True,0.008,0.0,1080.0,0.008,1080.0,0
1159698,MTF סל כשרה תל בונד 60 צמודות,בריבית קבועה,,"אג""ח בארץ- חברות והמרה",2026-03-31,152930000.0,מגדל,,True,True,0.0,0.0,0.0,0.0,0.0,0
1159706,MTF סל כשרה תל בונד שקלי,בריבית קבועה,,"אג""ח בארץ- חברות והמרה",2026-03-31,157670000.0,מגדל,,True,True,0.0,0.0,0.0,0.0,0.0,0
1159714,"MTF סל כשרה ת""א-125",Large & Mid Cap,,מניות בארץ,2026-03-31,424670000.0,מגדל,,True,True,0.0,0.0,0.0,0.0,0.0,0
1160159,תכלית סל Indxx US Industrial Real Estate & Logistics,REIT - Real Estate,,"מניות בחו""ל",2026-03-31,65459999.99999999,מיטב,,True,True,0.008,0.0,5236.8,0.008,5236.8,0
1161033,"תכלית סל חסר ת""א 90 (5767.86)",מניות בארץ,,ממונפות,2026-03-31,10130000.0,מיטב,,True,True,0.005,0.0,506.5,0.005,506.5,0
1161058,"קסם ETF חסר ת""א 90 (6123.68)",מניות בארץ,,ממונפות,2026-03-31,14100000.0,קסם,,True,True,0.004,0.0,564.0,0.004,564.0,0
1161827,"הראל סל ת""א טכנולוגיה",טכנולוגיה,,מניות בארץ,2026-03-31,257510000.0,הראל,,True,True,0.0045000000000000005,0.0,11587.95,0.0045000000000000005,11587.95,0
1161884,"קסם ETF חסר ת""א 125 (6727.62)",מניות בארץ,,ממונפות,2026-03-31,26890000.0,קסם,,True,True,0.005,0.0,1344.5,0.005,1344.5,0
1162189,MTF סל S&P 500 Scored & Screened,אמריקה- שווקים מפותחים,,"מניות בחו""ל",2026-03-31,79100000.0,מגדל,,True,True,0.0,0.0,0.0,0.0,0.0,0
1162361,"MTF סל אינדקס אג""ח בנקים וביטוח - רובד 2","אג""ח חברות שקלי וצמוד",,"אג""ח בארץ- חברות והמרה",2026-03-31,174110000.0,מגדל,,True,True,0.0025,0.0,4352.75,0.0025,4352.75,0
1162783,קסם CSI300 ETF,אסיה ופסיפיק- שווקים מתעוררים,,"מניות בחו""ל",2026-03-31,43410000.0,קסם,,True,True,0.005,0.0,2170.5,0.005,2170.5,0
1165653,"MTF סל ת""א-בנייה","נדל""ן ובנייה",,מניות בארץ,2026-03-31,266110000.0,מגדל,,True,True,0.004,0.0,10644.400000000001,0.004,10644.400000000001,0
1165661,"MTF סל ת""א-מניב ישראל","נדל""ן ובנייה",,מניות בארץ,2026-03-31,341580000.0,מגדל,,True,True,0.004,0.0,13663.2,0.004,13663.2,0
1165810,מור סל S&P 500,אמריקה- שווקים מפותחים,,"מניות בחו""ל",2026-03-31,5726720000.0,מור,,True,True,0.001,0.0,57267.200000000004,0.001,57267.200000000004,0
1165828,"מור סל S&P 500 מנוטרלת מט""ח",אמריקה- שווקים מפותחים,,"מניות בחו""ל",2026-03-31,2560700000.0,מור,,True,True,0.001,0.0,25607.000000000004,0.001,25607.000000000004,0
1165836,מור סל NASDAQ 100,אמריקה- שווקים מפותחים,,"מניות בחו""ל",2026-03-31,716960000.0,מור,,True,True,0.001,0.0,7169.6,0.001,7169.6,0
1165844,"מור סל NASDAQ 100 מנוטרלת מט""ח",אמריקה- שווקים מפותחים,,"מניות בחו""ל",2026-03-31,1555200000.0,מור,,True,True,0.001,0.0,15552.000000000002,0.001,15552.000000000002,0
1166172,"הראל סל כשרה ת""א 90",Mid Cap,,מניות בארץ,2026-03-31,171180000.0,הראל,,True,True,0.0,0.0,0.0,0.0,0.0,0
1167261,"קסם ETF ת""א סקטור-באלאנס",Large & Mid Cap,,מניות בארץ,2026-03-31,196680000.0,קסם,,True,True,0.003,0.0,5900.400000000001,0.003,5900.400000000001,0
1167329,קסם Indxx Climate Change Solutions ETF,Alternative / Renewable Energy,,"מניות בחו""ל",2026-03-31,23060000.0,קסם,,True,True,0.005,0.0,1153.0,0.005,1153.0,0
1167568,"הראל סל ממונפת NASDAQ 100 פי 3 חודשי מנוטרלת מט""ח","מניות בחו""ל",,ממונפות,2026-03-31,52450000.0,הראל,,True,True,0.025,0.0,13112.5,0.025,13112.5,0
1167576,הראל סל ממונפת בחסר NASDAQ 100 פי 2 חודשי,"מניות בחו""ל",,ממונפות,2026-03-31,7640000.0,הראל,,True,True,0.0175,0.0,1337.0000000000002,0.0175,1337.0000000000002,0
1167584,MTF סל Bluestar Travel & Vacation,Travel,,"מניות בחו""ל",2026-03-31,35150000.0,מגדל,,True,True,0.008,0.0,2812.0000000000005,0.008,2812.0000000000005,0
1168715,קסם ETFי ISE Cyber Security,Cyber Security,,"מניות בחו""ל",2026-03-31,21390000.0,קסם,,True,True,0.0045000000000000005,0.0,962.5500000000001,0.0045000000000000005,962.5500000000001,0
1168723,MTF סל אינדקס אנרגיה מתחדשת ישראל,"נפט, גז ואנרגיה",,מניות בארץ,2026-03-31,339450000.0,מגדל,,True,True,0.005,0.0,16972.5,0.005,16972.5,0
1169333,תכלית סל תל בונד שקלי 50,בריבית קבועה,,"אג""ח בארץ- חברות והמרה",2026-03-31,690630000.0,מיטב,,True,True,0.0015,0.0,10359.45,0.0015,10359.45,0
1169341,"תכלית סל אינדקס ביג טק 30 ארה""ב",Technology,,"מניות בחו""ל",2026-03-31,127100000.0,מיטב,,True,True,0.005,0.0,6355.0,0.005,6355.0,0
1169408,"MTF סל ת""א-טכנולוגיה",טכנולוגיה,,מניות בארץ,2026-03-31,162310000.0,מגדל,,True,True,0.004,0.0,6492.400000000001,0.004,6492.400000000001,0
1169622,הראל סל תל בונד מאגר,"אג""ח חברות שקלי וצמוד",,"אג""ח בארץ- חברות והמרה",2026-03-31,275690000.0,הראל,,True,True,0.0025,0.0,6892.25,0.0025,6892.25,0
1169796,MTF סל Bluestar Top 10 US Banks,Banking,,"מניות בחו""ל",2026-03-31,75990000.0,מגדל,,True,True,0.005,0.0,3799.5,0.005,3799.5,0
1170703,תכלית סל PHLX Semiconductor Sector,Semiconductor,,"מניות בחו""ל",2026-03-31,222800000.0,מיטב,,True,True,0.005,0.0,11140.0,0.005,11140.0,0
1170836,קסם ETF (!) תל בונד-תשואות שקל,בריבית קבועה,,"אג""ח בארץ- חברות והמרה",2026-03-31,268900000.0,קסם,,True,True,0.0025,0.0,6722.5,0.0025,6722.5,0
1170844,קסם ETFי Indxx China Internet,Internet,,"מניות בחו""ל",2026-03-31,20290000.0,קסם,,True,True,0.008,0.0,1623.2,0.008,1623.2,0
1171099,"MTF סל חסר ת""א 90 (4574.35)",מניות בארץ,,ממונפות,2026-03-31,61610000.0,מגדל,,True,True,0.0025,0.0,1540.25,0.0025,1540.25,0
1171321,MTF סל אינדקס Shopping Centers REIT,REIT - Real Estate,,"מניות בחו""ל",2026-03-31,64590000.0,מגדל,,True,True,0.008,0.0,5167.200000000001,0.008,5167.200000000001,0
1171586,MTF סל Bluestar China Internet Software,Internet,,"מניות בחו""ל",2026-03-31,4179999.9999999995,מגדל,,True,True,0.001,0.0,41.8,0.001,41.8,0
1171594,MTF סל תל בונד - צמודות A,בריבית קבועה,,"אג""ח בארץ- חברות והמרה",2026-03-31,385740000.0,מגדל,,True,True,0.001,0.0,3857.4,0.001,3857.4,0
1172824,MTF סל תל בונד - שקלי A,בריבית קבועה,,"אג""ח בארץ- חברות והמרה",2026-03-31,226400000.0,מגדל,,True,True,0.0,0.0,0.0,0.0,0.0,0
1174119,קסם ETFי MVIS US Listed Semiconductor 25,Semiconductor,,"מניות בחו""ל",2026-03-31,464870000.0,קסם,,True,True,0.0045000000000000005,0.0,20919.15,0.0045000000000000005,20919.15,0
1176031,MTF סל MSCI AC World מנוטרלת דולר,"מניות גלובליות - מנוטרלת מט""ח",,"מניות בחו""ל",2026-03-31,80260000.0,מגדל,,True,True,0.002,0.0,1605.2,0.002,1605.2,0
1176320,קסם ETF תל בונד-צמודות A,בריבית קבועה,,"אג""ח בארץ- חברות והמרה",2026-03-31,101740000.0,קסם,,True,True,0.002,0.0,2034.8000000000002,0.002,2034.8000000000002,0
1176536,"תכלית סל ת""א-בנייה","נדל""ן ובנייה",,מניות בארץ,2026-03-31,146230000.0,מיטב,,True,True,0.0,0.0,0.0,0.0,0.0,0
1178359,"קסם ETF ת""א-בנייה","נדל""ן ובנייה",,מניות בארץ,2026-03-31,155160000.0,קסם,,True,True,0.0025,0.0,3879.0,0.0025,3879.0,0
1181023,MTF סל FTSE China A50,אסיה ופסיפיק- שווקים מתעוררים,,"מניות בחו""ל",2026-03-31,22580000.0,מגדל,,True,True,0.001,0.0,225.8,0.001,225.8,0
1181387,MTF סל Nasdaq 100,אמריקה- שווקים מפותחים,,"מניות בחו""ל",2026-03-31,535240000.0,מגדל,,True,True,0.0,0.0,0.0,0.0,0.0,0
1181445,"MTF סל Nasdaq 100 מנוטרלת מט""ח",אמריקה- שווקים מפותחים,,"מניות בחו""ל",2026-03-31,805050000.0,מגדל,,True,True,0.0,0.0,0.0,0.0,0.0,0
1183953,"MTF סל ת""א-נדל""ן","נדל""ן ובנייה",,מניות בארץ,2026-03-31,308130000.0,מגדל,,True,True,0.004,0.0,12325.2,0.004,12325.2,0
1184092,הראל סל יS&P North American Expanded Tech Software מנוטרלת מט''ח,Technology,,"מניות בחו""ל",2026-03-31,66840000.0,הראל,,True,True,0.005,0.0,3342.0,0.005,3342.0,0
1185123,קסם ETF תל בונד-שקלי 5-15,בריבית קבועה - ארוך,,"אג""ח בארץ- חברות והמרה",2026-03-31,155710000.0,קסם,,True,True,0.0,0.0,0.0,0.0,0.0,0
1186634,"קסם ETF חסר ת""א נדל""ן (2649.49)",מניות בארץ,,ממונפות,2026-03-31,16329999.999999998,קסם,,True,True,0.01,0.0,1633.0,0.01,1633.0,0
1187079,MTF סל ממונפת Nasdaq 100 פי 3 חודשי,"מניות בחו""ל",,ממונפות,2026-03-31,63470000.0,מגדל,,True,True,0.013500000000000002,0.0,8568.450000000003,0.013500000000000002,8568.450000000003,0
1187764,מור סל אינדקס בנקים משקל שווה,בנקאות ואשראי חוץ בנקאי,,מניות בארץ,2026-03-31,3202010000.0,מור,,True,True,0.005,0.0,160100.5,0.005,160100.5,0
1188069,MTF סל ממונפת בחסר Nasdaq 100 פי 2 חודשי,"מניות בחו""ל",,ממונפות,2026-03-31,4000000.0,מגדל,,True,True,0.0,0.0,0.0,0.0,0.0,0
1189018,קסם ETF אינדקס ערך עולמי,"מניות גלובליות - חשופת מט""ח",,"מניות בחו""ל",2026-03-31,956700000.0,קסם,,True,True,0.004,0.0,38268.0,0.004,38268.0,0
1189372,קסם ETF אינדקס צמיחה עולמי,"מניות גלובליות - חשופת מט""ח",,"מניות בחו""ל",2026-03-31,892280000.0,קסם,,True,True,0.004,0.0,35691.200000000004,0.004,35691.200000000004,0
1189596,תכלית סל אינדקס ערך עולמי מנוטרלת דולר,"מניות גלובליות - מנוטרלת מט""ח",,"מניות בחו""ל",2026-03-31,600460000.0,מיטב,,True,True,0.004,0.0,24018.4,0.004,24018.4,0
1189604,תכלית סל אינדקס צמיחה עולמי,"מניות גלובליות - חשופת מט""ח",,"מניות בחו""ל",2026-03-31,700100000.0,מיטב,,True,True,0.004,0.0,28004.000000000004,0.004,28004.000000000004,0
1189802,קסם ETF ממונפת בחסר חוזה Bloomberg Brent Crude פי 2 חודשי,סחורה,,ממונפות,2026-03-31,6330000.0,קסם,,True,True,0.015,0.0,949.4999999999999,0.015,949.4999999999999,0
1189810,MTF סל אינדקס צמיחה עולמי,"מניות גלובליות - חשופת מט""ח",,"מניות בחו""ל",2026-03-31,895620000.0,מגדל,,True,True,0.0012,0.0,10747.439999999999,0.0012,10747.439999999999,0
1189828,MTF סל אינדקס ערך עולמי,"מניות גלובליות - חשופת מט""ח",,"מניות בחו""ל",2026-03-31,957500000.0,מגדל,,True,True,0.0012,0.0,11489.999999999998,0.0012,11489.999999999998,0
1190347,"אי בי אי סל אינדקס מומנטום ארה""ב מנוטרלת מט""ח",אמריקה- שווקים מפותחים,,"מניות בחו""ל",2026-03-31,1035880000.0000001,אי.בי.אי,,True,True,0.004,0.0,41435.20000000001,0.004,41435.20000000001,0
1190354,אי בי אי סל אינדקס ערך עולמי,"מניות גלובליות - חשופת מט""ח",,"מניות בחו""ל",2026-03-31,471380000.0,אי.בי.אי,,True,True,0.004,0.0,18855.2,0.004,18855.2,0
1190362,אי בי אי סל אינדקס צמיחה עולמי,"מניות גלובליות - חשופת מט""ח",,"מניות בחו""ל",2026-03-31,466830000.0,אי.בי.אי,,True,True,0.004,0.0,18673.2,0.004,18673.2,0
1190685,הראל סל אינדקס ישראל 100 רווחיות משקל שווה,Large & Mid Cap,,מניות בארץ,2026-03-31,427960000.0,הראל,,True,True,0.0025,0.0,10699.0,0.0025,10699.0,0
1190776,הראל סל תל בונד צמודות-בנקים ללא COCO,בריבית קבועה,,"אג""ח בארץ- חברות והמרה",2026-03-31,31010000.0,הראל,,True,True,0.002,0.0,620.2,0.002,620.2,0
1190859,"הראל סל אינדקס מומנטום ארה""ב",אמריקה- שווקים מפותחים,,"מניות בחו""ל",2026-03-31,365010000.0,הראל,,True,True,0.005,0.0,18250.5,0.005,18250.5,0
1191881,MTF סל iBoxx US Liquid Investment Grade Top 30,"חברות והמרה חשופת מט""ח",,"אג""ח בחו""ל",2026-03-31,125620000.0,מגדל,,True,True,0.0025,0.0,3140.5,0.0025,3140.5,0
1192384,"קסם ETF אינדקס מדינה צמוד- מח""מ 5 קבוע",צמודות מדד ממשלתיות - בינוני,,"אג""ח בארץ- מדינה",2026-03-31,155730000.0,קסם,,True,True,0.001,0.0,1557.3000000000002,0.001,1557.3000000000002,0
1192392,"קסם ETF אינדקס מדינה שקלי- מח""מ 5 קבוע",ריבית קבועה  - בינוני,,"אג""ח בארץ- מדינה",2026-03-31,171950000.0,קסם,,True,True,0.001,0.0,1719.5000000000002,0.001,1719.5000000000002,0
1193044,MTF סל תל בונד-שקלי 5-15,בריבית קבועה - ארוך,,"אג""ח בארץ- חברות והמרה",2026-03-31,74750000.0,מגדל,,True,True,0.0,0.0,0.0,0.0,0.0,0
1193051,MTF סל תל בונד-שקלי 1-3,בריבית קבועה - קצר,,"אג""ח בארץ- חברות והמרה",2026-03-31,92060000.0,מגדל,,True,True,0.0,0.0,0.0,0.0,0.0,0
1193069,MTF סל תל גוב - כללי,"אג""ח מדינה שיקלי וצמוד",,"אג""ח בארץ- מדינה",2026-03-31,262610000.0,מגדל,,True,True,0.0,0.0,0.0,0.0,0.0,0
1193127,MTF סל תל בונד-צמודות 1-3,בריבית קבועה - קצר,,"אג""ח בארץ- חברות והמרה",2026-03-31,182750000.0,מגדל,,True,True,0.0025,0.0,4568.75,0.0025,4568.75,0
1193135,MTF סל תל בונד-צמודות 5-15,בריבית קבועה - ארוך,,"אג""ח בארץ- חברות והמרה",2026-03-31,54450000.0,מגדל,,True,True,0.0,0.0,0.0,0.0,0.0,0
1193317,MTF סל תל בונד-מאגר,"אג""ח חברות שקלי וצמוד",,"אג""ח בארץ- חברות והמרה",2026-03-31,865050000.0,מגדל,,True,True,0.002,0.0,17301.0,0.002,17301.0,0
1193614,קסם ETF תל בונד-צמודות 1-3,בריבית קבועה - קצר,,"אג""ח בארץ- חברות והמרה",2026-03-31,221720000.0,קסם,,True,True,0.0025,0.0,5543.0,0.0025,5543.0,0
1193648,קסם ETF תל בונד צמודות AA-AAA,בריבית קבועה,,"אג""ח בארץ- חברות והמרה",2026-03-31,182310000.0,קסם,,True,True,0.0025,0.0,4557.75,0.0025,4557.75,0
1193655,קסם ETF תל בונד שקלי A,בריבית קבועה,,"אג""ח בארץ- חברות והמרה",2026-03-31,193810000.0,קסם,,True,True,0.0025,0.0,4845.25,0.0025,4845.25,0
1193663,קסם ETF תל בונד שקלי AA-AAA,בריבית קבועה,,"אג""ח בארץ- חברות והמרה",2026-03-31,123070000.0,קסם,,True,True,0.0025,0.0,3076.75,0.0025,3076.75,0
1193671,קסם ETF תל בונד צמודות 5-15,בריבית קבועה - ארוך,,"אג""ח בארץ- חברות והמרה",2026-03-31,105190000.0,קסם,,True,True,0.0015,0.0,1577.8500000000001,0.0015,1577.8500000000001,0
1193689,קסם ETF תל בונד שקלי 1-3,בריבית קבועה - קצר,,"אג""ח בארץ- חברות והמרה",2026-03-31,130009999.99999999,קסם,,True,True,0.0025,0.0,3250.25,0.0025,3250.25,0
1193713,"קסם S&P Financial ETF מנוטרלת מט""ח",Financial,,"מניות בחו""ל",2026-03-31,54830000.0,קסם,,True,True,0.005,0.0,2741.5,0.005,2741.5,0
1193739,"קסם S&P Technology ETF מנוטרלת מט""ח",Technology,,"מניות בחו""ל",2026-03-31,50530000.0,קסם,,True,True,0.008,0.0,4042.4000000000005,0.008,4042.4000000000005,0
1193747,"קסם S&P MidCap 400 ETF מנוטרלת מט""ח",אמריקה- שווקים מפותחים,,"מניות בחו""ל",2026-03-31,70010000.0,קסם,,True,True,0.006,0.0,4200.6,0.006,4200.6,0
1193754,"קסם S&P Consumer Discretionary ETF מנוטרלת מט""ח",Consumer Discretionary,,"מניות בחו""ל",2026-03-31,26490000.0,קסם,,True,True,0.008,0.0,2119.2000000000003,0.008,2119.2000000000003,0
1193762,"קסם S&P Regional Banks ETF מנוטרלת מט""ח",Banking,,"מניות בחו""ל",2026-03-31,16700000.0,קסם,,True,True,0.008,0.0,1336.0,0.008,1336.0,0
1193788,"קסם S&P Consumer Staples ETF מנוטרלת מט""ח",Consumer Staples,,"מניות בחו""ל",2026-03-31,13420000.0,קסם,,True,True,0.006999999999999999,0.0,939.3999999999999,0.006999999999999999,939.3999999999999,0
1193820,קסם S&P Consumer Staples ETF,Consumer Staples,,"מניות בחו""ל",2026-03-31,13400000.0,קסם,,True,True,0.006999999999999999,0.0,937.9999999999999,0.006999999999999999,937.9999999999999,0
1194067,קסם MSCI ACWI Sustainable Development ETF,"מניות גלובליות - חשופת מט""ח",,"מניות בחו""ל",2026-03-31,51380000.0,קסם,,True,True,0.005,0.0,2569.0,0.005,2569.0,0
1194141,הראל Multi-Strategy - קרן גידור בנאמנות,קרן גידור בנאמנות,,קרן גידור בנאמנות,2026-03-31,978680000.0,הראל,קרן טוליפ קפיטל,False,False,0.015,0.0,146802.0,0.015,146802.0,0
1194158,סיגמא לונג/שורט מניות - קרן גידור בנאמנות,קרן גידור בנאמנות,,קרן גידור בנאמנות,2026-03-31,127490000.0,סיגמא,,False,False,0.013500000000000002,0.0,17211.150000000005,0.013500000000000002,17211.150000000005,0
1194166,"סיגמא לונג/שורט אג""ח - קרן גידור בנאמנות",קרן גידור בנאמנות,,קרן גידור בנאמנות,2026-03-31,104410000.0,סיגמא,,False,False,0.0079,0.0,8248.390000000001,0.0079,8248.390000000001,0
1194182,"הראל אסטרטגיות מניות חו""ל - קרן גידור בנאמנות",קרן גידור בנאמנות,,קרן גידור בנאמנות,2026-03-31,201010000.0,הראל,גלוסקה השקעות,False,False,0.0125,0.0,25126.25,0.0125,25126.25,0
1194208,איביאי Macro Strategies קרן גידור בנאמנות,קרן גידור בנאמנות,,קרן גידור בנאמנות,2026-03-31,160830000.0,אי.בי.אי,IGS CAPITAL,False,False,0.015,0.0,24124.499999999996,0.015,24124.499999999996,0
1194216,ילין לפידות Multi-Strategy קרן גידור בנאמנות,קרן גידור בנאמנות,,קרן גידור בנאמנות,2026-03-31,159190000.0,ילין לפידות,,False,False,0.015,0.0,23878.499999999996,0.015,23878.499999999996,0
1194224,מיטב סקיי Multi Strategy קרן גידור בנאמנות,קרן גידור בנאמנות,,קרן גידור בנאמנות,2026-03-31,81100000.0,מיטב,רונן זכריה השקעות,False,False,0.013500000000000002,0.0,10948.500000000002,0.013500000000000002,10948.500000000002,0
1194232,מיטב לונג שורט מניות קרן גידור בנאמנות,קרן גידור בנאמנות,,קרן גידור בנאמנות,2026-03-31,142480000.0,מיטב,דנרב השקעות,False,False,0.013500000000000002,0.0,19234.800000000003,0.013500000000000002,19234.800000000003,0
1194240,מיטב iQM לונג שורט ישראל קרן גידור בנאמנות,קרן גידור בנאמנות,,קרן גידור בנאמנות,2026-03-31,12040000.0,מיטב,,False,False,0.013500000000000002,0.0,1625.4000000000003,0.013500000000000002,1625.4000000000003,0
1194265,מגדל Israel Quantitative Strategies - קרן גידור בנאמנות,קרן גידור בנאמנות,,קרן גידור בנאמנות,2026-03-31,40820000.0,מגדל,,False,False,0.015,0.0,6122.999999999999,0.015,6122.999999999999,0
1194273,"מור (!) אסטרטגיות אג""ח קרן גידור בנאמנות",קרן גידור בנאמנות,,קרן גידור בנאמנות,2026-03-31,803710000.0,מור,,False,False,0.0088,0.0,70726.48000000001,0.0088,70726.48000000001,0
1194281,אושן יצירה Multi-Strategy קרן גידור בנאמנות,קרן גידור בנאמנות,,קרן גידור בנאמנות,2026-03-31,24380000.0,סיגמא,אושן פרטנרס,False,False,0.015,0.0,3656.9999999999995,0.015,3656.9999999999995,0
1194315,אימפקט לונג/שורט - קרן גידור בנאמנות,קרן גידור בנאמנות,,קרן גידור בנאמנות,2026-03-31,51410000.0,איילון,אימפקט,False,False,0.015,0.0,7711.499999999999,0.015,7711.499999999999,0
1194323,פסטרנק שהם לונג/שורט - קרן גידור בנאמנות,קרן גידור בנאמנות,,קרן גידור בנאמנות,2026-03-31,228230000.0,איילון,פסטרנק שהם,False,False,0.0125,0.0,28528.75,0.0125,28528.75,0
1194356,"אנליסט נדל""ן ישראל - חו""ל Multi Strategy- קרן גידור בנאמנות",קרן גידור בנאמנות,,קרן גידור בנאמנות,2026-03-31,34140000.0,אנליסט,,False,False,0.015,0.0,5121.0,0.015,5121.0,0
1194364,אנליסט מניות Multi Strategy- קרן גידור בנאמנות,קרן גידור בנאמנות,,קרן גידור בנאמנות,2026-03-31,59480000.0,אנליסט,,False,False,0.015,0.0,8922.0,0.015,8922.0,0
1194380,"מור סל ת""א-35",Large Cap,,מניות בארץ,2026-03-31,866270000.0,מור,,True,True,0.002,0.0,17325.4,0.002,17325.4,0
1195304,מור סל תל בונד 60 צמודות,בריבית קבועה,,"אג""ח בארץ- חברות והמרה",2026-03-31,168060000.0,מור,,True,True,0.0025,0.0,4201.5,0.0025,4201.5,0
1195312,מור סל תל בונד מאגר,אחר,,"אג""ח בארץ- חברות והמרה",2026-03-31,581810000.0,מור,,True,True,0.002,0.0,11636.2,0.002,11636.2,0
1196146,"מור סל ת""א-90",Mid Cap,,מניות בארץ,2026-03-31,1119430000.0,מור,,True,True,0.0045000000000000005,0.0,50374.350000000006,0.0045000000000000005,50374.350000000006,0
1196153,"מור סל ת""א-125",Large & Mid Cap,,מניות בארץ,2026-03-31,1890450000.0,מור,,True,True,0.002,0.0,37809.0,0.002,37809.0,0
1196187,הורייזן לונג/שורט - קרן גידור בנאמנות,קרן גידור בנאמנות,,קרן גידור בנאמנות,2026-03-31,3830000.0,איילון,הורייזן,False,False,0.015,0.0,574.5,0.015,574.5,0
1197698,"תכלית סל ת""א -ביטוח",ביטוח,,מניות בארץ,2026-03-31,1073860000.0,מיטב,,True,True,0.004,0.0,42954.4,0.004,42954.4,0
1199058,קסם ETFי (!) כשרה תל בונד-תשואות צמודות,בריבית קבועה,,"אג""ח בארץ- חברות והמרה",2026-03-31,9930000.0,קסם,,True,True,0.0,0.0,0.0,0.0,0.0,0
1200195,MTF סל אינדקס Top10 Tech,Technology,,"מניות בחו""ל",2026-03-31,53750000.0,מגדל,,True,True,0.005,0.0,2687.5,0.005,2687.5,0
1200351,MTF סל Indxx US Healthcare Top 10,Health Care,,"מניות בחו""ל",2026-03-31,28420000.0,מגדל,,True,True,0.002,0.0,568.4000000000001,0.002,568.4000000000001,0
1200435,"אי בי אי סל S&P 500 מנוטרלת מט""ח",אמריקה- שווקים מפותחים,,"מניות בחו""ל",2026-03-31,639250000.0,אי.בי.אי,,True,True,0.0,0.0,0.0,0.0,0.0,0
1200443,"אי בי אי סל Nasdaq 100 מנוטרלת מט""ח",אמריקה- שווקים מפותחים,,"מניות בחו""ל",2026-03-31,306920000.0,אי.בי.אי,,True,True,0.0,0.0,0.0,0.0,0.0,0
1200450,אי בי אי סל Nasdaq 100,אמריקה- שווקים מפותחים,,"מניות בחו""ל",2026-03-31,155290000.0,אי.בי.אי,,True,True,0.0,0.0,0.0,0.0,0.0,0
1200989,אלטשולר שחם לונג/שורט מניות - קרן גידור בנאמנות,קרן גידור בנאמנות,,קרן גידור בנאמנות,2026-03-31,47090000.0,אלטשולר שחם,,False,False,0.01,0.0,4709.0,0.01,4709.0,0
1201003,MTF סל MSCI AC World,"מניות גלובליות - חשופת מט""ח",,"מניות בחו""ל",2026-03-31,249660000.0,מגדל,,True,True,0.0017000000000000001,0.0,4244.22,0.0017000000000000001,4244.22,0
1201557,מגדל Global Quantitative Strategies -קרן גידור בנאמנות,קרן גידור בנאמנות,,קרן גידור בנאמנות,2026-03-31,24450000.0,מגדל,,False,False,0.015,0.0,3667.4999999999995,0.015,3667.4999999999995,0
1201565,מגדל מניות Long Short - קרן גידור בנאמנות,קרן גידור בנאמנות,,קרן גידור בנאמנות,2026-03-31,43990000.0,מגדל,,False,False,0.0034999999999999996,0.0,1539.6499999999999,0.0034999999999999996,1539.6499999999999,0
1201623,MTF סל אינדקס 120 ישראל,Large & Mid Cap,,מניות בארץ,2026-03-31,398360000.0,מגדל,,True,True,0.001,0.0,3983.6000000000004,0.001,3983.6000000000004,0
1201656,ילין לפידות סל S&P 500,אמריקה- שווקים מפותחים,,"מניות בחו""ל",2026-03-31,574850000.0,ילין לפידות,,True,True,0.0,0.0,0.0,0.0,0.0,0
1201664,"ילין לפידות סל S&P 500 מנוטרלת מט""ח",אמריקה- שווקים מפותחים,,"מניות בחו""ל",2026-03-31,323790000.0,ילין לפידות,,True,True,0.0,0.0,0.0,0.0,0.0,0
1201672,ילין לפידות סל Nasdaq 100,אמריקה- שווקים מפותחים,,"מניות בחו""ל",2026-03-31,62700000.0,ילין לפידות,,True,True,0.0,0.0,0.0,0.0,0.0,0
1201680,אלטשולר שחם Multi-Strategy- קרן גידור בנאמנות,קרן גידור בנאמנות,,קרן גידור בנאמנות,2026-03-31,51900000.0,אלטשולר שחם,,False,False,0.01,0.0,5190.0,0.01,5190.0,0
1201698,"ילין לפידות סל Nasdaq 100 מנוטרלת מט""ח",אמריקה- שווקים מפותחים,,"מניות בחו""ל",2026-03-31,126670000.0,ילין לפידות,,True,True,0.0,0.0,0.0,0.0,0.0,0
1202183,קסם S&P 500 TOP 50 ETF,אמריקה- שווקים מפותחים,,"מניות בחו""ל",2026-03-31,54830000.0,קסם,,True,True,0.0025,0.0,1370.75,0.0025,1370.75,0
1203835,קסם S&P 500 Equal Weight ETF,אמריקה- שווקים מפותחים,,"מניות בחו""ל",2026-03-31,11290000.0,קסם,,True,True,0.002,0.0,225.8,0.002,225.8,0
1204742,"מור לונג שורט נדל""ן אירופה קרן גידור בנאמנות",קרן גידור בנאמנות,,קרן גידור בנאמנות,2026-03-31,12450000.0,מור,ICAMAP S.a.r.l,False,False,0.013500000000000002,0.0,1680.7500000000005,0.013500000000000002,1680.7500000000005,0
1204783,איילון זבולון לונג שורט גלובלי קרן גידור בנאמנות,קרן גידור בנאמנות,,קרן גידור בנאמנות,2026-03-31,148160000.0,איילון,זבולון שרותי מחקר,False,False,0.01,0.0,14816.0,0.01,14816.0,0
1204916,מגדל (!) Global Bonds Strategies - קרן גידור בנאמנות נקובה $,קרן גידור בנאמנות,,קרן גידור בנאמנות,2026-03-31,32790000.0,מגדל,,False,False,0.009000000000000001,0.0,2951.1000000000004,0.009000000000000001,2951.1000000000004,0
1205657,MTF סל Bloomberg US Analyst Recommendations,אמריקה- שווקים מפותחים,,"מניות בחו""ל",2026-03-31,68870000.0,מגדל,,True,True,0.008,0.0,5509.6,0.008,5509.6,0
1206549,"ילין לפידות סל ת""א בנקים",בנקאות ואשראי חוץ בנקאי,,מניות בארץ,2026-03-31,1626970000.0,ילין לפידות,,True,True,0.0049,0.0,79721.53,0.0049,79721.53,0
1207646,פורצ'ן Multi-Strategy - קרן גידור בנאמנות,קרן גידור בנאמנות,,קרן גידור בנאמנות,2026-03-31,21320000.0,איילון,פורצ'ן,False,False,0.015,0.0,3197.9999999999995,0.015,3197.9999999999995,0
1207729,"אלפי בנדק לונג/שורט אג""ח - קרן גידור בנאמנות",קרן גידור בנאמנות,,קרן גידור בנאמנות,2026-03-31,36960000.0,הראל,אלפי בנדק,False,False,0.0075,0.0,2771.9999999999995,0.0075,2771.9999999999995,0
1207786,"מגדל (!) אסטרטגיות אג""ח ישראל - קרן גידור בנאמנות",קרן גידור בנאמנות,,קרן גידור בנאמנות,2026-03-31,80620000.0,מגדל,,False,False,0.0075,0.0,6046.499999999999,0.0075,6046.499999999999,0
1207885,פוקוס לונג/שורט - קרן גידור בנאמנות,קרן גידור בנאמנות,,קרן גידור בנאמנות,2026-03-31,18470000.0,איילון,פוקוס,False,False,0.015,0.0,2770.4999999999995,0.015,2770.4999999999995,0
1207901,"MTF סל אינדקס שבבים ארה""ב Top10",Semiconductor,,"מניות בחו""ל",2026-03-31,137910000.0,מגדל,,True,True,0.001,0.0,1379.1000000000001,0.001,1379.1000000000001,0
1208891,"פיינאל קפיטל (!) אסטרטגיות אג""ח קרן גידור בנאמנות",קרן גידור בנאמנות,,קרן גידור בנאמנות,2026-03-31,68730000.0,סיגמא,פיינאל קפיטל,False,False,0.0115,0.0,7903.95,0.0115,7903.95,0
1209444,"אי בי אי סל ת""א-90",Mid Cap,,מניות בארץ,2026-03-31,1339110000.0,אי.בי.אי,,True,True,0.001,0.0,13391.1,0.001,13391.1,0
1209808,אלטשולר שחם AlphaBeta Portable Alpha מבוסס AI - קרן גידור בנאמנות,קרן גידור בנאמנות,,קרן גידור בנאמנות,2026-03-31,320000.0,אלטשולר שחם,אלפא ביתא,False,False,0.01,0.0,32.0,0.01,32.0,0
1209931,Quantitative strategies FINQ מבוסס AI קרן גידור בנאמנות,קרן גידור בנאמנות,,קרן גידור בנאמנות,2026-03-31,9030000.0,תמיר פישמן,פינק דיגיטל,False,False,0.0,0.0,0.0,0.0,0.0,0
1210970,"הראל (!) אסטרטגיות אג""ח - קרן גידור בנאמנות",קרן גידור בנאמנות,,קרן גידור בנאמנות,2026-03-31,104010000.0,הראל,,False,False,0.0085,0.0,8840.85,0.0085,8840.85,0
1212521,"פסטרנק שהם (!) אסטרטגיות אג""ח - קרן גידור בנאמנות",קרן גידור בנאמנות,,קרן גידור בנאמנות,2026-03-31,63320000.0,איילון,פסטרנק שהם,False,False,0.0075,0.0,4749.0,0.0075,4749.0,0
1212703,קבין Multi-Strategy - קרן גידור בנאמנות,קרן גידור בנאמנות,,קרן גידור בנאמנות,2026-03-31,4270000.0,איילון,קבין,False,False,0.013999999999999999,0.0,597.8,0.013999999999999999,597.8,0
1212794,MTF סל (S&P Israel 100 (ILS,Large & Mid Cap,,מניות בארץ,2026-03-31,38820000.0,מגדל,,True,True,0.0,0.0,0.0,0.0,0.0,0
1213420,תכלית סל World Quality iNDEX מנוטרלת דולר,"מניות גלובליות - מנוטרלת מט""ח",,"מניות בחו""ל",2026-03-31,701160000.0,מיטב,,True,True,0.004,0.0,28046.4,0.004,28046.4,0
1213461,תכלית סל אינדקס מדורג פיזור רחב,"אג""ח חברות שקלי וצמוד",,"אג""ח בארץ- חברות והמרה",2026-03-31,167520000.0,מיטב,,True,True,0.0025,0.0,4188.0,0.0025,4188.0,0
1213578,"תכלית סל אינדקס מיד קאפ ישראל ללא נדל""ן",Mid Cap,,מניות בארץ,2026-03-31,1820000.0,מיטב,,True,True,0.005,0.0,91.0,0.005,91.0,0
1213594,"הראל סל ת""א 90 ובנקים",Large & Mid Cap,,מניות בארץ,2026-03-31,184850000.0,הראל,,True,True,0.001,0.0,1848.5000000000002,0.001,1848.5000000000002,0
1213636,אי בי אי מניות ישראל Multi Strategy קרן גידור בנאמנות,קרן גידור בנאמנות,,קרן גידור בנאמנות,2026-03-31,240050000.0,אי.בי.אי,,False,False,0.015,0.0,36007.5,0.015,36007.5,0
1213644,"אי בי אי (!) אסטרטגיות אג""ח קרן גידור בנאמנות",קרן גידור בנאמנות,,קרן גידור בנאמנות,2026-03-31,154290000.0,אי.בי.אי,,False,False,0.0088,0.0,13577.520000000002,0.0088,13577.520000000002,0
1213651,אי בי אי ספרה לונג/שורט גלובל אקוויטי קרן גידור בנאמנות,קרן גידור בנאמנות,,קרן גידור בנאמנות,2026-03-31,51810000.0,אי.בי.אי,ספרה,False,False,0.015,0.0,7771.499999999999,0.015,7771.499999999999,0
1214840,פינסה (!) אסטרטגיות חוב קרן גידור בנאמנות,קרן גידור בנאמנות,,קרן גידור בנאמנות,2026-03-31,97160000.0,סיגמא,פינסה ניהול נכסים,False,False,0.0085,0.0,8258.6,0.0085,8258.6,0
1215375,קסם אקטיב לונג/שורט מניות ישראל קרן גידור בנאמנות,קרן גידור בנאמנות,,קרן גידור בנאמנות,2026-03-31,66400000.00000001,קסם,,False,False,0.011000000000000001,0.0,7304.000000000002,0.011000000000000001,7304.000000000002,0
1215383,"קסם אקטיב לונג/שורט מניות ארה""ב קרן גידור בנאמנות",קרן גידור בנאמנות,,קרן גידור בנאמנות,2026-03-31,12410000.0,קסם,,False,False,0.011000000000000001,0.0,1365.1000000000001,0.011000000000000001,1365.1000000000001,0
1215771,"איביאי סל ת""א-ביטוח",ביטוח,,מניות בארץ,2026-03-31,2828750000.0,אי.בי.אי,,True,True,0.002,0.0,56575.00000000001,0.002,56575.00000000001,0
1216050,סיגמא Multi-Strategy ישראל קרן גידור בנאמנות,קרן גידור בנאמנות,,קרן גידור בנאמנות,2026-03-31,23300000.0,סיגמא,,False,False,0.013500000000000002,0.0,3145.5000000000005,0.013500000000000002,3145.5000000000005,0
1216480,תכלית סל כשרה תל בונד 60 צמודות,בריבית קבועה,,"אג""ח בארץ- חברות והמרה",2026-03-31,69080000.0,מיטב,,True,True,0.0,0.0,0.0,0.0,0.0,0
1216670,סלע Multi-Strategy - קרן גידור בנאמנות,קרן גידור בנאמנות,,קרן גידור בנאמנות,2026-03-31,70150000.0,איילון,סלע בית השקעות,False,False,0.015,0.0,10522.499999999998,0.015,10522.499999999998,0
1216761,"ב. אלטרנטיב אסטרטגיות אג""ח ומניות - קרן גידור בנאמנות",קרן גידור בנאמנות,,קרן גידור בנאמנות,2026-03-31,56410000.0,איילון,בסט אלטרנטיב,False,False,0.0085,0.0,4794.85,0.0085,4794.85,0
1217231,"מור אסטרטגיות אג""ח ומניות - קרן גידור בנאמנות",קרן גידור בנאמנות,,קרן גידור בנאמנות,2026-03-31,287780000.0,מור,,False,False,0.012,0.0,34533.6,0.012,34533.6,0
1217397,אקרמן Multi-Strategy - קרן גידור בנאמנות,קרן גידור בנאמנות,,קרן גידור בנאמנות,2026-03-31,35620000.0,איילון,אקרמן כפיר,False,False,0.015,0.0,5342.999999999999,0.015,5342.999999999999,0
1217561,MTF סל אינדקס US Top10 Pure Cyber Security,Cyber Security,,"מניות בחו""ל",2026-03-31,12710000.0,מגדל,,True,True,0.005,0.0,635.5,0.005,635.5,0
1217835,תכלית סל (CME CF Bitcoin Reference Rate (BRRNY,Bitcoin,,נכסים דיגיטליים,2026-03-31,34530000.0,מיטב,,True,True,0.002,0.0,690.6,0.002,690.6,0
1217843,אי בי אי סל אינדקס מיד קאפ ובנקים בישראל,Large & Mid Cap,,מניות בארץ,2026-03-31,64840000.0,אי.בי.אי,,True,True,0.001,0.0,648.4000000000001,0.001,648.4000000000001,0
1218692,תמיר פישמן Long-Short קרן גידור בנאמנות,קרן גידור בנאמנות,,קרן גידור בנאמנות,2026-03-31,8590000.0,תמיר פישמן,,False,False,0.01,0.0,859.0,0.01,859.0,0
1218916,ATF סל S&P 500,אמריקה- שווקים מפותחים,,"מניות בחו""ל",2026-03-31,19950000.0,אנליסט,,True,True,0.0,0.0,0.0,0.0,0.0,0
1218924,"ATF סל S&P 500 מנוטרלת מט""ח",אמריקה- שווקים מפותחים,,"מניות בחו""ל",2026-03-31,76540000.0,אנליסט,,True,True,0.0,0.0,0.0,0.0,0.0,0
1219294,"MTF סל אינדקס אג""ח ממשלת ארה""ב - מח""מ 10 קבוע","ממשלתיות חשופת מט""ח - ארוך",,"אג""ח בחו""ל",2026-03-31,41350000.0,מגדל,,True,True,0.001,0.0,413.50000000000006,0.001,413.50000000000006,0
1220151,קסם ETF אינדקס ישראל 100 רווחיות משקל שווה,Large & Mid Cap,,מניות בארץ,2026-03-31,120670000.0,קסם,,True,True,0.0025,0.0,3016.75,0.0025,3016.75,0
1220227,מיטב כספית מתחדשת חודשי ב- 15/05/2026,חודשי,,קרן כספית,2026-03-31,26980000.0,מיטב,,False,False,0.002,0.0,539.6,0.002,539.6,1
1220391,הראל סל (CME CF Bitcoin Reference Rate (BRRNY,Bitcoin,,נכסים דיגיטליים,2026-03-31,12830000.0,הראל,,True,True,0.002,0.0,256.6,0.002,256.6,0
1220409,תכלית סל (CME CF Ethereum Reference Rate (ETHUSDNY,Ethereum,,נכסים דיגיטליים,2026-03-31,4370000.0,מיטב,,True,True,0.005,0.0,218.5,0.005,218.5,0
1221654,תכלית סל ממונפת S&P 500 פי 3 חודשי,"מניות בחו""ל",,ממונפות,2026-03-31,1640000.0,מיטב,,True,True,0.0195,0.0,319.8,0.0195,319.8,0
1221662,תכלית סל ממונפת NASDAQ 100 פי 3 חודשי,"מניות בחו""ל",,ממונפות,2026-03-31,1070000.0,מיטב,,True,True,0.014499999999999999,0.0,155.15,0.014499999999999999,155.15,0
1221670,MTF סל Indxx Top 10 US Oil Industry,Energy,,"מניות בחו""ל",2026-03-31,11820000.0,מגדל,,True,True,0.001,0.0,118.2,0.001,118.2,0
1222249,אי בי אי סל S&P Bitcoin,Bitcoin,,נכסים דיגיטליים,2026-03-31,2630000.0,אי.בי.אי,,True,True,0.002,0.0,52.6,0.002,52.6,0
1222439,MTF סל Indxx Top 10 Europe Defense מנוטרלת אירו,Aerospace & Defense,,"מניות בחו""ל",2026-03-31,66920000.0,מגדל,,True,True,0.001,0.0,669.2,0.001,669.2,0
1223866,אלטשולר שחם כספית מתחדשת חודשי לפדיון 16/04/2026,חודשי,,קרן כספית,2026-03-31,13140000.0,אלטשולר שחם,,False,False,0.0019,0.0,249.66000000000003,0.0019,249.66000000000003,1
1225994,"אי בי אי סל ת""א-35",Large Cap,,מניות בארץ,2026-03-31,164750000.0,אי.בי.אי,,True,True,0.001,0.0,1647.5000000000002,0.001,1647.5000000000002,0
1226927,"הראל סל ת""א-נפט וגז","נפט, גז ואנרגיה",,מניות בארץ,2026-03-31,22330000.0,הראל,,True,True,0.004,0.0,893.2,0.004,893.2,0
1230473,קסם MSCI China ETF,אסיה ופסיפיק- שווקים מתעוררים,,"מניות בחו""ל",2026-03-31,3900000.0,קסם,,True,True,0.005,0.0,195.0,0.005,195.0,0
1231919,הראל סל תל גוב-לא צמודות,שקליות ממשלתיות -  אחר,,"אג""ח בארץ- מדינה",2026-03-31,3520000.0,הראל,,True,True,0.0015,0.0,52.800000000000004,0.0015,52.800000000000004,0
1233170,"הראל סל ת""א בטחוניות",תעשיה,,מניות בארץ,2026-03-31,233350000.0,הראל,,True,True,0.0034999999999999996,0.0,8167.249999999999,0.0034999999999999996,8167.249999999999,0
1235985,תכלית סל אינדקס תעשיות ביטחוניות ישראל,תעשיה,,מניות בארץ,2026-03-31,22610000.0,מיטב,,True,True,0.003,0.0,678.3000000000001,0.003,678.3000000000001,0
1236744,"MTF סל חסר ת""א - בנייה (3451.81)",מניות בארץ,,ממונפות,2026-03-31,3590000.0,מגדל,,True,True,0.005,0.0,179.5,0.005,179.5,0
1237064,"קסם iBoxx $ Treasuries 10Y+ ETF מנוטרלת מט""ח","ממשלתיות מנוטרלת מט""ח - ארוך",,"אג""ח בחו""ל",2026-03-31,1770000.0,קסם,,True,True,0.002,0.0,35.400000000000006,0.002,35.400000000000006,0
5100110,הראל מדורג שקלי ללא מניות,חברות והמרה שקלי ללא מניות,,"אג""ח בארץ- חברות והמרה",2026-03-31,75980000.0,הראל,,False,False,0.0085,0.0,6458.3,0.0085,6458.3,0
5100144,איביאי יתר,מניות Small Cap,,מניות בארץ,2026-03-31,44990000.0,אי.בי.אי,,False,False,0.0271,0.0,12192.289999999999,0.0271,12192.289999999999,0
5100151,"קסם אקטיב ענקיות טכנולוגיה חו""ל","מניות לפי ענפים בחו""ל",,"מניות בחו""ל",2026-03-31,280990000.0,קסם,,False,False,0.0194,0.0,54512.06,0.0194,54512.06,0
5100169,הראל אודם,גמישות,,גמישות,2026-03-31,82900000.0,הראל,,False,False,0.011899999999999999,0.0,9865.099999999999,0.011899999999999999,9865.099999999999,0
5100193,"אילים תיק אג""ח + 30%","אג""ח כללי בארץ- עד 30% מניות",,"אג""ח בארץ - כללי",2026-03-31,238820000.0,אילים,,False,False,0.0069,0.0,16478.579999999998,0.0069,16478.579999999998,0
5100235,"אלטשולר שחם 10/90 תיק חו""ל","אג""ח חשופת דולר",,"אג""ח בחו""ל",2026-03-31,87090000.0,אלטשולר שחם,,False,False,0.0078000000000000005,0.0,6793.0199999999995,0.0078000000000000005,6793.0199999999995,0
5100243,קסם אקטיב מניות דיבידנד גלובלי,"מניות כללי בחו""ל חשופת מט""ח",,"מניות בחו""ל",2026-03-31,53410000.0,קסם,,False,False,0.0189,0.0,10094.490000000002,0.0189,10094.490000000002,0
5100284,קסם אקטיב 10/90 תיק סולידי,"אג""ח כללי בארץ בדירוג גבוה (AA ומעלה ו/ או מדינה)- עד 10% מניות",,"אג""ח בארץ - כללי",2026-03-31,361750000.0,קסם,,False,False,0.008,0.0,28940.000000000004,0.008,28940.000000000004,0
5100300,"תמיר פישמן (!) אג""ח בינלאומי","אג""ח חשופת דולר",,"אג""ח בחו""ל",2026-03-31,45600000.0,תמיר פישמן,,False,False,0.0089,0.0,4058.3999999999996,0.0089,4058.3999999999996,0
5100318,קסם אקטיב מדינה ללא מניות כשרה,"אג""ח מדינה כללי- ללא מניות",,"אג""ח בארץ- מדינה",2026-03-31,65550000.0,קסם,,False,False,0.0067,0.0,4391.85,0.0067,4391.85,0
5100383,מיטב מדורגות A ומעלה,"חברות והמרה ללא מניות וללא סימן קריאה, עם מגבלת מח""מ עד 5 שנים",,"אג""ח בארץ- חברות והמרה",2026-03-31,229440000.0,מיטב,,False,False,0.0089,0.0,20420.16,0.0089,20420.16,0
5100474,"מיטב ת""א 125",מניות Large & Mid Cap,,מניות בארץ,2026-03-31,1829210000.0,מיטב,,False,False,0.018500000000000003,0.0,338403.85000000003,0.018500000000000003,338403.85000000003,0
5100482,איביאי גלובל אקוויטי,"מניות כללי בחו""ל חשופת מט""ח",,"מניות בחו""ל",2026-03-31,101930000.0,אי.בי.אי,,False,False,0.021,0.0,21405.3,0.021,21405.3,0
5100565,הראל מדינה שקלית ארוכה,"אג""ח מדינה שקליות- ללא מניות",,"אג""ח בארץ- מדינה",2026-03-31,130990000.00000001,הראל,,False,False,0.0069,0.0,9038.310000000001,0.0069,9038.310000000001,0
5100581,קסם אקטיב שקלי - A ומעלה,חברות והמרה שקלי ללא מניות,,"אג""ח בארץ- חברות והמרה",2026-03-31,73160000.0,קסם,,False,False,0.0070999999999999995,0.0,5194.36,0.0070999999999999995,5194.36,0
5100615,"איביאי (!) אג""ח יורו בינלאומי","אג""ח חשופת מט""ח",,"אג""ח בחו""ל",2026-03-31,2850000.0,אי.בי.אי,,False,False,0.01,0.0,285.0,0.01,285.0,0
5100672,מיטב כספית דולרית,חשופת דולר,,קרן כספית,2026-03-31,259800000.0,מיטב,,False,False,0.0028000000000000004,0.0,7274.400000000001,0.0028000000000000004,7274.400000000001,1
5100680,מגדל עוקבת תיק מרכיב הנזילות הבנק הבינלאומי,"חברות והמרה ללא מניות וללא סימן קריאה, עם מגבלת מח""מ עד 5 שנים",,"אג""ח בארץ- חברות והמרה",2026-03-31,26030000.0,מגדל,,False,False,0.0049,0.0,1275.47,0.0049,1275.47,0
5100771,"הראל סקטורים עולמי עד 30% מט""ח","מניות כללי בחו""ל מוגנת מט""ח",,"מניות בחו""ל",2026-03-31,29980000.0,הראל,,False,False,0.011699999999999999,0.0,3507.6599999999994,0.011699999999999999,3507.6599999999994,0
5100813,"אלטשולר שחם תיק אג""ח שקלי","אג""ח כללי בארץ ללא מניות וללא סימן קריאה",,"אג""ח בארץ - כללי",2026-03-31,436230000.0,אלטשולר שחם,,False,False,0.0078000000000000005,0.0,34025.94,0.0078000000000000005,34025.94,0
5100821,"איביאי מניות ארה""ב","ארה""ב חשופת מט""ח",,"מניות בחו""ל",2026-03-31,92940000.0,אי.בי.אי,,False,False,0.0225,0.0,20911.5,0.0225,20911.5,0
5100953,קסם אקטיב תיק מנוהל,"אג""ח כללי בארץ - חשיפה מרבית מעל 30% מניות",,"אג""ח בארץ - כללי",2026-03-31,163170000.0,קסם,,False,False,0.0045000000000000005,0.0,7342.650000000001,0.0045000000000000005,7342.650000000001,0
5100961,מיטב זהב,"מניות לפי ענפים בחו""ל",,"מניות בחו""ל",2026-03-31,66030000.0,מיטב,,False,False,0.0252,0.0,16639.56,0.0252,16639.56,0
5101019,"מיטב מניות טכנולוגיה חו""ל","מניות לפי ענפים בחו""ל",,"מניות בחו""ל",2026-03-31,472750000.0,מיטב,,False,False,0.0169,0.0,79894.75,0.0169,79894.75,0
5101092,"אנליסט טכנולוגיות חו""ל","מניות לפי ענפים בחו""ל",,"מניות בחו""ל",2026-03-31,380320000.0,אנליסט,,False,False,0.0195,0.0,74162.4,0.0195,74162.4,0
5101118,"איילון ארה""ב חייבת","ארה""ב חשופת מט""ח",,"מניות בחו""ל",2026-03-31,80660000.0,איילון,,False,False,0.0095,0.0,7662.699999999999,0.0095,7662.699999999999,0
5101159,איילון מניות US,"ארה""ב חשופת מט""ח",,"מניות בחו""ל",2026-03-31,34160000.0,איילון,,False,False,0.0195,0.0,6661.2,0.0195,6661.2,0
5101183,איביאי ביוטכנלוגיה גלובלי,"מניות לפי ענפים בחו""ל",,"מניות בחו""ל",2026-03-31,17130000.0,אי.בי.אי,,False,False,0.011000000000000001,0.0,1884.3000000000004,0.011000000000000001,1884.3000000000004,0
5101191,מגדל 25/75 פלוס,"אג""ח כללי בארץ- עד 25% מניות",,"אג""ח בארץ - כללי",2026-03-31,48620000.0,מגדל,,False,False,0.0089,0.0,4327.179999999999,0.0089,4327.179999999999,0
5101233,סיגמא מניות ערך גלובלי,"מניות כללי בחו""ל חשופת מט""ח",,"מניות בחו""ל",2026-03-31,45330000.0,סיגמא,,False,False,0.0242,0.0,10969.86,0.0242,10969.86,0
5101258,אנליסט מניות ישראל Large & Mid Cap,מניות Large & Mid Cap,,מניות בארץ,2026-03-31,508950000.0,אנליסט,,False,False,0.0169,0.0,86012.54999999999,0.0169,86012.54999999999,0
5101266,"אנליסט נדל""ן",מניות לפי ענפים,,מניות בארץ,2026-03-31,42010000.0,אנליסט,,False,False,0.018500000000000003,0.0,7771.850000000001,0.018500000000000003,7771.850000000001,0
5101308,"קסם אקטיב ארה""ב חייבת","ארה""ב חשופת מט""ח",,"מניות בחו""ל",2026-03-31,34310000.0,קסם,,False,False,0.0095,0.0,3259.45,0.0095,3259.45,0
5101381,איילון מניות,מניות All Cap,,מניות בארץ,2026-03-31,21820000.0,איילון,,False,False,0.024900000000000002,0.0,5433.180000000001,0.024900000000000002,5433.180000000001,0
5101399,"סיגמא אג""ח מדינה","אג""ח מדינה כללי- ללא מניות",,"אג""ח בארץ- מדינה",2026-03-31,199440000.0,סיגמא,,False,False,0.0064,0.0,12764.16,0.0064,12764.16,0
5101431,קסם אקטיב שווקים מתעוררים,"מניות גיאוגרפי אחר חשופת מט""ח",,"מניות בחו""ל",2026-03-31,6020000.0,קסם,,False,False,0.0195,0.0,1173.9,0.0195,1173.9,0
5101480,"קסם אקטיב אג""ח + 25%","אג""ח כללי בארץ- עד 25% מניות",,"אג""ח בארץ - כללי",2026-03-31,79060000.0,קסם,,False,False,0.0068000000000000005,0.0,5376.08,0.0068000000000000005,5376.08,0
5101506,"מור מחקה ת""א 35",Large Cap,,מניות בארץ,2026-03-31,150010000.0,מור,,True,False,0.0045000000000000005,0.0,6750.450000000001,0.0045000000000000005,6750.450000000001,0
5101563,מיטב מדינה שקלית כשרה,"אג""ח מדינה שקליות- ללא מניות",,"אג""ח בארץ- מדינה",2026-03-31,79100000.0,מיטב,,False,False,0.0069,0.0,5457.9,0.0069,5457.9,0
5101571,מגדל מדינה שקלים ארוכים,"אג""ח מדינה שקליות- ללא מניות",,"אג""ח בארץ- מדינה",2026-03-31,254110000.0,מגדל,,False,False,0.0069,0.0,17533.59,0.0069,17533.59,0
5101621,"קסם אקטיב אג""ח גלובלי מדורג","אג""ח חשופת מט""ח",,"אג""ח בחו""ל",2026-03-31,72290000.0,קסם,,False,False,0.0075,0.0,5421.749999999999,0.0075,5421.749999999999,0
5101639,אנליסט השקעות,גמישות,,גמישות,2026-03-31,458670000.0,אנליסט,,False,False,0.0194,0.0,88981.98,0.0194,88981.98,0
5101670,"הראל (!) אג""ח תאגידים",חברות והמרה עם מניות ועם סימן קריאה,,"אג""ח בארץ- חברות והמרה",2026-03-31,35760000.0,הראל,,False,False,0.006500000000000001,0.0,2324.4,0.006500000000000001,2324.4,0
5101704,הראל (!) קונצרני פלוס,חברות והמרה עם מניות ועם סימן קריאה,,"אג""ח בארץ- חברות והמרה",2026-03-31,6150000.0,הראל,,False,False,0.0059,0.0,362.84999999999997,0.0059,362.84999999999997,0
5101712,"הראל אג""ח חו""ל יורו","אג""ח חשופת מט""ח",,"אג""ח בחו""ל",2026-03-31,16629999.999999998,הראל,,False,False,0.011699999999999999,0.0,1945.7099999999996,0.011699999999999999,1945.7099999999996,0
5101795,איילון סולידית + 10%,"אג""ח כללי בארץ בדירוג גבוה (AA ומעלה ו/ או מדינה)- עד 10% מניות",,"אג""ח בארץ - כללי",2026-03-31,22470000.0,איילון,,False,False,0.006500000000000001,0.0,1460.5500000000002,0.006500000000000001,1460.5500000000002,0
5101811,איילון מדינה שקלית פלוס 10%,"אג""ח מדינה שקליות- עד 10% מניות",,"אג""ח בארץ- מדינה",2026-03-31,14080000.0,איילון,,False,False,0.0064,0.0,901.12,0.0064,901.12,0
5101902,"איביאי אג""ח $ חו""ל נקובה $ - תיק עד 3 שנים","אג""ח נקובת מט""ח",,"אג""ח בחו""ל",2026-03-31,31760000.0,אי.בי.אי,,False,False,0.0066,0.0,2096.1600000000003,0.0066,2096.1600000000003,0
5101951,מיטב גז ונפט,מניות לפי ענפים,,מניות בארץ,2026-03-31,81800000.0,מיטב,,False,False,0.020499999999999997,0.0,16768.999999999996,0.020499999999999997,16768.999999999996,0
5102132,איביאי מניות,מניות All Cap,,מניות בארץ,2026-03-31,313240000.0,אי.בי.אי,,False,False,0.0229,0.0,71731.96,0.0229,71731.96,0
5102157,איילון פאי תיק 30/70,"אג""ח כללי בארץ- עד 30% מניות",,"אג""ח בארץ - כללי",2026-03-31,45930000.0,איילון,,False,False,0.0085,0.0,3904.05,0.0085,3904.05,0
5102207,מיטב LONG RUN,גמישות,,גמישות,2026-03-31,334990000.0,מיטב,,False,False,0.0148,0.0,49578.520000000004,0.0148,49578.520000000004,0
5102256,"מיטב מניות ארה""ב","ארה""ב חשופת מט""ח",,"מניות בחו""ל",2026-03-31,673520000.0,מיטב,,False,False,0.0176,0.0,118539.52000000002,0.0176,118539.52000000002,0
5102298,"אלטשולר שחם ת""א MID CAP STOCK PICKING",מניות Large & Mid Cap,,מניות בארץ,2026-03-31,258510000.0,אלטשולר שחם,,False,False,0.015,0.0,38776.5,0.015,38776.5,0
5102330,מיטב תיק השקעות 25/75,"אג""ח כללי בארץ- עד 25% מניות",,"אג""ח בארץ - כללי",2026-03-31,321050000.0,מיטב,,False,False,0.0089,0.0,28573.449999999997,0.0089,28573.449999999997,0
5102371,"הראל אג""ח דולר בינלאומי","אג""ח חשופת דולר",,"אג""ח בחו""ל",2026-03-31,307020000.0,הראל,,False,False,0.0076,0.0,23333.52,0.0076,23333.52,0
5102421,קסם אקטיב עוקבת תיק 2 הבנק הבינלאומי,"אג""ח כללי בארץ- עד 15% מניות",,"אג""ח בארץ - כללי",2026-03-31,441830000.0,קסם,,False,False,0.0076,0.0,33579.08,0.0076,33579.08,0
5102470,הראל מדינה שקלי 0-3 שנים + 10%,"אג""ח מדינה שקליות- עד 10% מניות",,"אג""ח בארץ- מדינה",2026-03-31,40710000.0,הראל,,False,False,0.013500000000000002,0.0,5495.850000000001,0.013500000000000002,5495.850000000001,0
5102488,הראל ישראל 25/75,"אג""ח כללי בארץ- עד 25% מניות",,"אג""ח בארץ - כללי",2026-03-31,888000000.0,הראל,,False,False,0.0063,0.0,55944.0,0.0063,55944.0,0
5102652,"הראל אירופה עד 30% מט""ח","מניות גיאוגרפי מוגנת מט""ח",,"מניות בחו""ל",2026-03-31,5700000.0,הראל,,False,False,0.0115,0.0,655.5,0.0115,655.5,0
5102678,מגדל תיק השקעות 30/70,"אג""ח כללי בארץ- עד 30% מניות",,"אג""ח בארץ - כללי",2026-03-31,432080000.0,מגדל,,False,False,0.0079,0.0,34134.32000000001,0.0079,34134.32000000001,0
5102850,"הראל אג""ח סולידית מחלקת","אג""ח כללי בארץ ללא מניות וללא סימן קריאה, עם מגבלת מח""מ עד 5 שנים",,"אג""ח בארץ - כללי",2026-03-31,21520000.0,הראל,,False,False,0.011699999999999999,0.0,2517.8399999999997,0.011699999999999999,2517.8399999999997,0
5102876,הראל תשתיות ישראל,מניות לפי ענפים,,מניות בארץ,2026-03-31,99560000.0,הראל,,False,False,0.0125,0.0,12445.0,0.0125,12445.0,0
5102926,מגדל עוקבת תיק 2 הבנק הבינלאומי,"אג""ח כללי בארץ- עד 15% מניות",,"אג""ח בארץ - כללי",2026-03-31,176800000.0,מגדל,,False,False,0.0079,0.0,13967.200000000003,0.0079,13967.200000000003,0
5102991,מגדל כספית שקלית,כספית שקלית עם קונצרני,,קרן כספית,2026-03-31,5800250000.0,מגדל,,False,False,0.0023899999999999998,0.0,138625.97499999998,0.0023899999999999998,138625.97499999998,1
5103056,"קסם אקטיב אג""ח","אג""ח כללי בארץ ללא מניות וללא סימן קריאה",,"אג""ח בארץ - כללי",2026-03-31,176110000.0,קסם,,False,False,0.0115,0.0,20252.65,0.0115,20252.65,0
5103106,"קסם אקטיב אג""ח גלובלי - מנוטרלת מט""ח","אג""ח מוגנת מט""ח",,"אג""ח בחו""ל",2026-03-31,136540000.0,קסם,,False,False,0.0075,0.0,10240.5,0.0075,10240.5,0
5103114,קסם אקטיב מדינה צמוד + 10%,"אג""ח מדינה צמוד מדד- עד 10% מניות",,"אג""ח בארץ- מדינה",2026-03-31,405810000.0,קסם,,False,False,0.0068000000000000005,0.0,27595.079999999998,0.0068000000000000005,27595.079999999998,0
5103148,"מגדל סקטורים ארה""ב - מנוטרלת מט""ח","מניות גיאוגרפי מוגנת מט""ח",,"מניות בחו""ל",2026-03-31,63690000.0,מגדל,,False,False,0.015,0.0,9553.5,0.015,9553.5,0
5103163,מגדל בונד שקלי A ומעלה +10%,חברות והמרה שקלי עם מניות,,"אג""ח בארץ- חברות והמרה",2026-03-31,16340000.0,מגדל,,False,False,0.0059,0.0,964.06,0.0059,964.06,0
5103247,"הראל אג""ח מדינות בחו""ל - נקובה $","אג""ח נקובת מט""ח",,"אג""ח בחו""ל",2026-03-31,64810000.0,הראל,,False,False,0.005,0.0,3240.5,0.005,3240.5,0
5103296,"מיטב מניות ת""א MID CAP",מניות Large & Mid Cap,,מניות בארץ,2026-03-31,364480000.0,מיטב,,False,False,0.0179,0.0,65241.92,0.0179,65241.92,0
5103304,"מגדל מעו""ף כפליים",ממונפות בסיכון גבוה,,ממונפות ואסטרטגיות,2026-03-31,73580000.0,מגדל,,False,False,0.0281,0.0,20675.98,0.0281,20675.98,0
5103361,"קסם אקטיב אג""ח מדינה","אג""ח מדינה כללי- ללא מניות",,"אג""ח בארץ- מדינה",2026-03-31,40960000.0,קסם,,False,False,0.010700000000000001,0.0,4382.72,0.010700000000000001,4382.72,0
5103387,"קסם אקטיב (!) קונצרני חו""ל מנוטרלת מט""ח חייבת","אג""ח מוגנת מט""ח",,"אג""ח בחו""ל",2026-03-31,249870000.0,קסם,,False,False,0.0059,0.0,14742.33,0.0059,14742.33,0
5103403,הראל כספית דולר נזיל חייבת,חשופת דולר,,קרן כספית,2026-03-31,42370000.0,הראל,,False,False,0.0059,0.0,2499.83,0.0059,2499.83,1
5103486,קסם אקטיב מניות US,"ארה""ב חשופת מט""ח",,"מניות בחו""ל",2026-03-31,8480000.0,קסם,,False,False,0.017,0.0,1441.6000000000001,0.017,1441.6000000000001,0
5103494,איביאי מניות ישראל Large & Mid Cap,מניות Large & Mid Cap,,מניות בארץ,2026-03-31,94060000.0,אי.בי.אי,,False,False,0.0155,0.0,14579.3,0.0155,14579.3,0
5103510,אי.בי.אי. כספית שקלית,כספית שקלית עם קונצרני,,קרן כספית,2026-03-31,2426330000.0,אי.בי.אי,,False,False,0.002,0.0,48526.600000000006,0.002,48526.600000000006,1
5103569,כוון 30/70,"אג""ח כללי בארץ- עד 30% מניות",,"אג""ח בארץ - כללי",2026-03-31,16690000.000000002,איילון,כוון,False,False,0.0079,0.0,1318.5100000000002,0.0079,1318.5100000000002,0
5103585,"מגדל אג""ח $ בינלאומי - נקובה דולר","אג""ח נקובת מט""ח",,"אג""ח בחו""ל",2026-03-31,33189999.999999996,מגדל,,False,False,0.0095,0.0,3153.0499999999993,0.0095,3153.0499999999993,0
5103593,איביאי סין,"מניות גיאוגרפי אחר חשופת מט""ח",,"מניות בחו""ל",2026-03-31,18870000.0,אי.בי.אי,,False,False,0.0195,0.0,3679.65,0.0195,3679.65,0
5103676,"מגדל אג""ח ללא מניות","אג""ח כללי בארץ ללא מניות וללא סימן קריאה",,"אג""ח בארץ - כללי",2026-03-31,242130000.0,מגדל,,False,False,0.0069,0.0,16706.969999999998,0.0069,16706.969999999998,0
5103692,מיטב סקיי מניות,מניות All Cap,,מניות בארץ,2026-03-31,613130000.0,מיטב,,False,False,0.0159,0.0,97487.67000000001,0.0159,97487.67000000001,0
5103700,"אלטשולר שחם נדל""ן",מניות לפי ענפים,,מניות בארץ,2026-03-31,141740000.0,אלטשולר שחם,,False,False,0.0124,0.0,17575.760000000002,0.0124,17575.760000000002,0
5103718,"קסם אקטיב אג""ח חו""ל 2029 נקובה בדולר","אג""ח נקובת מט""ח",,"אג""ח בחו""ל",2026-03-31,103200000.0,קסם,,False,False,0.0046,0.0,4747.2,0.0046,4747.2,0
5103726,קסם אקטיב תיק + 20% - אגד חוץ,אגד חוץ,,אגד קרנות,2026-03-31,6340000.0,קסם,,False,False,0.0075,0.0,475.49999999999994,0.0075,475.49999999999994,0
5103759,מגדל הודו,"מניות גיאוגרפי אחר חשופת מט""ח",,"מניות בחו""ל",2026-03-31,42000000.0,מגדל,,False,False,0.0195,0.0,8190.0,0.0195,8190.0,0
5103767,מיטב עוקבת תיק 1 הבנק הבינלאומי,"אג""ח כללי בארץ- עד 5% מניות",,"אג""ח בארץ - כללי",2026-03-31,71170000.0,מיטב,,False,False,0.0069,0.0,4910.73,0.0069,4910.73,0
5103809,איילון 15/85,"אג""ח כללי בארץ- עד 15% מניות",,"אג""ח בארץ - כללי",2026-03-31,23390000.0,איילון,,False,False,0.006500000000000001,0.0,1520.3500000000001,0.006500000000000001,1520.3500000000001,0
5103999,הראל ספיר מניות,מניות All Cap,,מניות בארץ,2026-03-31,105800000.0,הראל,,False,False,0.0059,0.0,6242.2,0.0059,6242.2,0
5104153,מיטב מניות ישראל,מניות All Cap,,מניות בארץ,2026-03-31,237440000.0,מיטב,,False,False,0.0168,0.0,39889.92,0.0168,39889.92,0
5104237,"אנליסט (!) אג""ח חו""ל ללא מניות","אג""ח חשופת מט""ח",,"אג""ח בחו""ל",2026-03-31,78360000.0,אנליסט,,False,False,0.0079,0.0,6190.4400000000005,0.0079,6190.4400000000005,0
5104252,קסם אקטיב עוקבת מרכיב נזילות הבנק הבינלאומי,"חברות והמרה ללא מניות וללא סימן קריאה, עם מגבלת מח""מ עד 5 שנים",,"אג""ח בארץ- חברות והמרה",2026-03-31,78000000.0,קסם,,False,False,0.0052,0.0,4055.9999999999995,0.0052,4055.9999999999995,0
5104278,קסם אקטיב יפן,"מניות גיאוגרפי אחר חשופת מט""ח",,"מניות בחו""ל",2026-03-31,20360000.0,קסם,,False,False,0.0195,0.0,3970.2,0.0195,3970.2,0
5104328,אנליסט אסטרטגיות,אסטרטגיות (לא ממונפות),,ממונפות ואסטרטגיות,2026-03-31,12450000.0,אנליסט,,False,False,0.0352,0.0,4382.400000000001,0.0352,4382.400000000001,0
5104393,"איביאי (!) אג""ח דולר בינלאומי","אג""ח חשופת דולר",,"אג""ח בחו""ל",2026-03-31,124880000.0,אי.בי.אי,,False,False,0.0098,0.0,12238.24,0.0098,12238.24,0
5104419,"מגדל אסטרטגיות אג""ח מדינה",אסטרטגיות (לא ממונפות),,ממונפות ואסטרטגיות,2026-03-31,48080000.0,מגדל,,False,False,0.0109,0.0,5240.719999999999,0.0109,5240.719999999999,0
5104476,הראל 10/90 - כשרה,"אג""ח כללי בארץ- עד 10% מניות ללא סימן קריאה",,"אג""ח בארץ - כללי",2026-03-31,57560000.0,הראל,,False,False,0.0123,0.0,7079.88,0.0123,7079.88,0
5104518,תמיר פישמן 15/85,"אג""ח כללי בארץ- עד 15% מניות",,"אג""ח בארץ - כללי",2026-03-31,717580000.0,תמיר פישמן,,False,False,0.0069,0.0,49513.02,0.0069,49513.02,0
5104666,"מגדל MID CAP גרמניה מנוטרלת מט""ח","מניות גיאוגרפי מוגנת מט""ח",,"מניות בחו""ל",2026-03-31,5970000.0,מגדל,,False,False,0.018500000000000003,0.0,1104.45,0.018500000000000003,1104.45,0
5104732,הפניקס קסם תיק קונצרני מדורג,חברות והמרה ללא מניות וללא סימן קריאה,,"אג""ח בארץ- חברות והמרה",2026-03-31,533730000.0,קסם,,False,False,0.0089,0.0,47501.969999999994,0.0089,47501.969999999994,0
5104773,קסם אקטיב (!) תיק קונצרני עד 4 שנים,חברות והמרה ללא מניות עם סימן קריאה,,"אג""ח בארץ- חברות והמרה",2026-03-31,395960000.0,קסם,,False,False,0.0077,0.0,30488.920000000002,0.0077,30488.920000000002,0
5104781,קסם אקטיב מניות אירופה,"מניות גיאוגרפי אחר חשופת מט""ח",,"מניות בחו""ל",2026-03-31,23660000.0,קסם,,False,False,0.0194,0.0,4590.04,0.0194,4590.04,0
5104823,הראל נבחרת 10/90,"אג""ח כללי בארץ- עד 10% מניות ללא סימן קריאה",,"אג""ח בארץ - כללי",2026-03-31,258240000.0,הראל,,False,False,0.0069,0.0,17818.559999999998,0.0069,17818.559999999998,0
5104831,מגדל עוקבת תיק 1 הבנק הבינלאומי,"אג""ח כללי בארץ- עד 5% מניות",,"אג""ח בארץ - כללי",2026-03-31,53420000.0,מגדל,,False,False,0.006500000000000001,0.0,3472.3000000000006,0.006500000000000001,3472.3000000000006,0
5104849,"מגדל (!) אג""ח חברות",חברות והמרה ללא מניות עם סימן קריאה,,"אג""ח בארץ- חברות והמרה",2026-03-31,369540000.0,מגדל,,False,False,0.0088,0.0,32519.520000000004,0.0088,32519.520000000004,0
5104922,איילון מניות בנקים,מניות לפי ענפים,,מניות בארץ,2026-03-31,1142380000.0,איילון,,False,False,0.0115,0.0,131373.7,0.0115,131373.7,0
5104948,קסם אקטיב אירופה,"מניות גיאוגרפי אחר חשופת מט""ח",,"מניות בחו""ל",2026-03-31,9470000.0,קסם,,False,False,0.0195,0.0,1846.6499999999999,0.0195,1846.6499999999999,0
5105143,מיטב בונד A ומעלה,חברות והמרה עם מניות ללא סימן קריאה,,"אג""ח בארץ- חברות והמרה",2026-03-31,256899999.99999997,מיטב,,False,False,0.0102,0.0,26203.8,0.0102,26203.8,0
5105176,הפניקס קסם ממשלתי שקלי,"אג""ח מדינה שקליות- ללא מניות",,"אג""ח בארץ- מדינה",2026-03-31,281810000.0,קסם,,False,False,0.0085,0.0,23953.850000000002,0.0085,23953.850000000002,0
5105218,אלטשולר שחם ירוקה גלובלי,"מניות לפי ענפים בחו""ל",,"מניות בחו""ל",2026-03-31,31510000.0,אלטשולר שחם,,False,False,0.0225,0.0,7089.75,0.0225,7089.75,0
5105259,מגדל אפיקים 15/85,"אג""ח כללי בארץ- עד 15% מניות",,"אג""ח בארץ - כללי",2026-03-31,407520000.0,מגדל,,False,False,0.0089,0.0,36269.28,0.0089,36269.28,0
5105267,ברומטר 15/85,"אג""ח כללי בארץ- עד 15% מניות",,"אג""ח בארץ - כללי",2026-03-31,720140000.0,איילון,ברומטר,False,False,0.009300000000000001,0.0,66973.02,0.009300000000000001,66973.02,0
5105317,כוון 20/80,"אג""ח כללי בארץ- עד 20% מניות",,"אג""ח בארץ - כללי",2026-03-31,28850000.0,איילון,כוון,False,False,0.0089,0.0,2567.6499999999996,0.0089,2567.6499999999996,0
5105382,"אילים אג""ח מדינה + 10%","אג""ח מדינה כללי- עד 10% מניות",,"אג""ח בארץ- מדינה",2026-03-31,595600000.0,אילים,,False,False,0.0069,0.0,41096.4,0.0069,41096.4,0
5105390,"הראל (!) אג""ח עולמי","אג""ח חשופת מט""ח",,"אג""ח בחו""ל",2026-03-31,57510000.0,הראל,,False,False,0.0078000000000000005,0.0,4485.78,0.0078000000000000005,4485.78,0
5105531,אלטשולר שחם S&P 500,"ארה""ב חשופת מט""ח",,"מניות בחו""ל",2026-03-31,570980000.0,אלטשולר שחם,,False,False,0.016,0.0,91356.8,0.016,91356.8,0
5105580,מיטב עוקבת תיק 2 הבנק הבינלאומי,"אג""ח כללי בארץ- עד 15% מניות",,"אג""ח בארץ - כללי",2026-03-31,437230000.0,מיטב,,False,False,0.0074,0.0,32355.020000000004,0.0074,32355.020000000004,0
5105614,"איילון 10/90 תיק אג""ח חול - נקובה $","אג""ח נקובת מט""ח",,"אג""ח בחו""ל",2026-03-31,95810000.0,איילון,,False,False,0.0088,0.0,8431.28,0.0088,8431.28,0
5105648,קסם אקטיב קונצרני A ומעלה,"חברות והמרה ללא מניות וללא סימן קריאה, עם מגבלת מח""מ עד 5 שנים",,"אג""ח בארץ- חברות והמרה",2026-03-31,457670000.0,קסם,,False,False,0.0072,0.0,32952.24,0.0072,32952.24,0
5105697,"אלטשולר שחם (!) אג""ח חברות ללא מניות",חברות והמרה ללא מניות עם סימן קריאה,,"אג""ח בארץ- חברות והמרה",2026-03-31,296550000.0,אלטשולר שחם,,False,False,0.0124,0.0,36772.200000000004,0.0124,36772.200000000004,0
5105705,אלטשולר שחם 25-75,"אג""ח כללי בארץ- עד 25% מניות",,"אג""ח בארץ - כללי",2026-03-31,132280000.0,אלטשולר שחם,,False,False,0.0079,0.0,10450.12,0.0079,10450.12,0
5105713,מיטב (!) אגד חוץ BOND נקוב $,אגד חוץ,,אגד קרנות,2026-03-31,23050000.0,מיטב,,False,False,0.0123,0.0,2835.15,0.0123,2835.15,0
5105820,אלטשולר שחם כספית ללא קונצרני,כספית שקלית ללא קונצרני,,קרן כספית,2026-03-31,1144240000.0,אלטשולר שחם,,False,False,0.0021,0.0,24029.039999999997,0.0021,24029.039999999997,1
5105846,"קסם אקטיב (!) תיק אג""ח ללא מניות","אג""ח כללי בארץ ללא מניות עם סימן קריאה",,"אג""ח בארץ - כללי",2026-03-31,749910000.0,קסם,,False,False,0.0068000000000000005,0.0,50993.88,0.0068000000000000005,50993.88,0
5105895,אלטשולר שחם - קרן ממונפת,ממונפות בסיכון גבוה,,ממונפות ואסטרטגיות,2026-03-31,45990000.0,אלטשולר שחם,,False,False,0.022000000000000002,0.0,10117.800000000001,0.022000000000000002,10117.800000000001,0
5105903,אלטשולר שחם יתר,מניות Small Cap,,מניות בארץ,2026-03-31,138830000.0,אלטשולר שחם,,False,False,0.025,0.0,34707.5,0.025,34707.5,0
5105911,"אלטשולר שחם (!) אג""ח גלובלי ללא מניות","אג""ח חשופת מט""ח",,"אג""ח בחו""ל",2026-03-31,173670000.0,אלטשולר שחם,,False,False,0.0095,0.0,16498.649999999998,0.0095,16498.649999999998,0
5105929,"אנליסט מניות ארה""ב","ארה""ב חשופת מט""ח",,"מניות בחו""ל",2026-03-31,78340000.0,אנליסט,,False,False,0.024,0.0,18801.600000000002,0.024,18801.600000000002,0
5105978,קסם אקטיב מדינה צמוד ללא מניות,"אג""ח מדינה צמוד מדד- ללא מניות",,"אג""ח בארץ- מדינה",2026-03-31,569960000.0,קסם,,False,False,0.0070999999999999995,0.0,40467.159999999996,0.0070999999999999995,40467.159999999996,0
5106158,"איילון אג""ח חברות ללא מניות",חברות והמרה ללא מניות וללא סימן קריאה,,"אג""ח בארץ- חברות והמרה",2026-03-31,32200000.000000004,איילון,,False,False,0.0078000000000000005,0.0,2511.6000000000004,0.0078000000000000005,2511.6000000000004,0
5106190,מגדל (!) תיק השקעות קונצרני ישראל,חברות והמרה עם מניות ועם סימן קריאה,,"אג""ח בארץ- חברות והמרה",2026-03-31,87780000.0,מגדל,,False,False,0.0152,0.0,13342.560000000001,0.0152,13342.560000000001,0
5106208,מגדל (!) 10/90,"אג""ח כללי בארץ- עד 10% מניות ועם סימן קריאה",,"אג""ח בארץ - כללי",2026-03-31,387470000.0,מגדל,,False,False,0.0059,0.0,22860.73,0.0059,22860.73,0
5106273,ילין לפידות מנייתית,מניות All Cap,,מניות בארץ,2026-03-31,1399040000.0,ילין לפידות,,False,False,0.0232,0.0,324577.27999999997,0.0232,324577.27999999997,0
5106422,הראל נבחרת 20/80,"אג""ח כללי בארץ- עד 20% מניות",,"אג""ח בארץ - כללי",2026-03-31,82440000.0,הראל,,False,False,0.0059,0.0,4863.96,0.0059,4863.96,0
5106430,הראל (!) תיק השקעות,חברות והמרה בסיכון גבוה,,"אג""ח בארץ- חברות והמרה",2026-03-31,19400000.0,הראל,,False,False,0.0089,0.0,1726.6,0.0089,1726.6,0
5106547,"מגדל אג""ח לפדיון עד 2027","אג""ח כללי בארץ ללא מניות וללא סימן קריאה, עם מגבלת מח""מ עד 5 שנים",,"אג""ח בארץ - כללי",2026-03-31,216150000.0,מגדל,,False,False,0.0055000000000000005,0.0,11888.250000000002,0.0055000000000000005,11888.250000000002,0
5106562,"FOREST אגם - אג""ח מדינה","אג""ח מדינה כללי- ללא מניות",,"אג""ח בארץ- מדינה",2026-03-31,1051010000.0,פורסט,,False,False,0.0059,0.0,62009.59,0.0059,62009.59,0
5106653,הפניקס קסם תיק מניות עולמי - נקובה $,"מניות בחו""ל נקובת מט""ח",,"מניות בחו""ל",2026-03-31,44770000.0,קסם,,False,False,0.0174,0.0,7789.9800000000005,0.0174,7789.9800000000005,0
5106729,"איילון אג""ח מדורג A ומעלה","חברות והמרה ללא מניות וללא סימן קריאה, עם מגבלת מח""מ עד 5 שנים",,"אג""ח בארץ- חברות והמרה",2026-03-31,5300000.0,איילון,,False,False,0.0089,0.0,471.7,0.0089,471.7,0
5106745,"איילון אג""ח + 10%","אג""ח כללי בארץ- עד 10% מניות ללא סימן קריאה",,"אג""ח בארץ - כללי",2026-03-31,137960000.0,איילון,,False,False,0.0073,0.0,10071.08,0.0073,10071.08,0
5106778,איילון מדינה + 10%,"אג""ח מדינה כללי- עד 10% מניות",,"אג""ח בארץ- מדינה",2026-03-31,25430000.0,איילון,,False,False,0.005699999999999999,0.0,1449.51,0.005699999999999999,1449.51,0
5106810,אילים נבחרת מניות LARGE & MID CAP ישראל,מניות Large & Mid Cap,,מניות בארץ,2026-03-31,2038540000.0,אילים,,False,False,0.0105,0.0,214046.7,0.0105,214046.7,0
5106885,"הראל מניות חו""ל","מניות כללי בחו""ל חשופת מט""ח",,"מניות בחו""ל",2026-03-31,80670000.0,הראל,,False,False,0.0195,0.0,15730.65,0.0195,15730.65,0
5106968,"סיגמא ת""א 125 מודל ESG",מניות Large & Mid Cap,,מניות בארץ,2026-03-31,31410000.0,סיגמא,,False,False,0.014499999999999999,0.0,4554.45,0.014499999999999999,4554.45,0
5106992,"מיטב (!) הזדמנויות אג""ח בסיכון גבוה",חברות והמרה בסיכון גבוה,,"אג""ח בארץ- חברות והמרה",2026-03-31,211100000.0,מיטב,,False,False,0.0152,0.0,32087.2,0.0152,32087.2,0
5107131,"מיטב (!) אג""ח חברות",חברות והמרה ללא מניות עם סימן קריאה,,"אג""ח בארץ- חברות והמרה",2026-03-31,414490000.0,מיטב,,False,False,0.0102,0.0,42277.98,0.0102,42277.98,0
5107156,הראל קונצרני A ומעלה,חברות והמרה ללא מניות וללא סימן קריאה,,"אג""ח בארץ- חברות והמרה",2026-03-31,86700000.0,הראל,,False,False,0.0059,0.0,5115.3,0.0059,5115.3,0
5107305,"איביאי מק""מ","אג""ח מדינה שקליות- ללא מניות",,"אג""ח בארץ- מדינה",2026-03-31,26420000.0,אי.בי.אי,,False,False,0.0046,0.0,1215.32,0.0046,1215.32,0
5107313,"איביאי מק""מ פלוס","אג""ח מדינה שקליות- עד 10% מניות",,"אג""ח בארץ- מדינה",2026-03-31,150050000.0,אי.בי.אי,,False,False,0.0045000000000000005,0.0,6752.25,0.0045000000000000005,6752.25,0
5107321,סיגמא בונד שקלי A ומעלה,חברות והמרה שקלי ללא מניות,,"אג""ח בארץ- חברות והמרה",2026-03-31,53090000.0,סיגמא,,False,False,0.0069,0.0,3663.21,0.0069,3663.21,0
5107362,"איביאי אג""ח גלובלי","אג""ח חשופת מט""ח",,"אג""ח בחו""ל",2026-03-31,7250000.0,אי.בי.אי,,False,False,0.0097,0.0,703.25,0.0097,703.25,0
5107420,איביאי עד 3 שנים 20/80,"אג""ח כללי בארץ- עד 20% מניות",,"אג""ח בארץ - כללי",2026-03-31,1061000000.0,אי.בי.אי,,False,False,0.0079,0.0,83819.00000000001,0.0079,83819.00000000001,0
5107453,הראל (!) הזדמנויות קונצרני בסיכון גבוה,חברות והמרה בסיכון גבוה,,"אג""ח בארץ- חברות והמרה",2026-03-31,20850000.0,הראל,,False,False,0.015600000000000001,0.0,3252.6,0.015600000000000001,3252.6,0
5107495,ילין לפידות תיק + 30%,"אג""ח כללי בארץ- עד 30% מניות",,"אג""ח בארץ - כללי",2026-03-31,171150000.0,ילין לפידות,,False,False,0.014499999999999999,0.0,24816.75,0.014499999999999999,24816.75,0
5107503,הראל קונצרני שקלי + 10%,חברות והמרה שקלי עם מניות,,"אג""ח בארץ- חברות והמרה",2026-03-31,98090000.0,הראל,,False,False,0.005,0.0,4904.5,0.005,4904.5,0
5107651,מיטב ממשלתי+10%,"אג""ח מדינה כללי- עד 10% מניות",,"אג""ח בארץ- מדינה",2026-03-31,684990000.0,מיטב,,False,False,0.006500000000000001,0.0,44524.350000000006,0.006500000000000001,44524.350000000006,0
5107693,"מור אג""ח פלוס","אג""ח כללי בארץ- עד 10% מניות ללא סימן קריאה",,"אג""ח בארץ - כללי",2026-03-31,1422800000.0,מור,,False,False,0.0079,0.0,112401.20000000001,0.0079,112401.20000000001,0
5107701,"מור מניות ת""א 125",מניות Large & Mid Cap,,מניות בארץ,2026-03-31,429010000.0,מור,,False,False,0.0175,0.0,75076.75000000001,0.0175,75076.75000000001,0
5107727,מיטב 15/85,"אג""ח כללי בארץ- עד 15% מניות",,"אג""ח בארץ - כללי",2026-03-31,403150000.0,מיטב,,False,False,0.0089,0.0,35880.35,0.0089,35880.35,0
5107784,"אלטשולר שחם (!) אג""ח חו""ל עד 10% מט""ח","אג""ח מוגנת מט""ח",,"אג""ח בחו""ל",2026-03-31,583140000.0,אלטשולר שחם,,False,False,0.008,0.0,46651.200000000004,0.008,46651.200000000004,0
5107800,"אלטשולר שחם אג""ח מדינה + 10%","אג""ח מדינה כללי- עד 10% מניות",,"אג""ח בארץ- מדינה",2026-03-31,74820000.0,אלטשולר שחם,,False,False,0.0059,0.0,4414.38,0.0059,4414.38,0
5107859,"הראל אג""ח מדורג ומניות",חברות והמרה עם מניות ללא סימן קריאה,,"אג""ח בארץ- חברות והמרה",2026-03-31,7380000.0,הראל,,False,False,0.0049,0.0,361.62,0.0049,361.62,0
5107883,אקסיומה 30/70,"אג""ח כללי בארץ- עד 30% מניות",,"אג""ח בארץ - כללי",2026-03-31,122730000.0,סיגמא,אקסיומה,False,False,0.0075,0.0,9204.75,0.0075,9204.75,0
5107958,כוון 15/85,"אג""ח כללי בארץ- עד 15% מניות",,"אג""ח בארץ - כללי",2026-03-31,21980000.0,איילון,כוון,False,False,0.0089,0.0,1956.2199999999998,0.0089,1956.2199999999998,0
5108006,"הראל שווקים מפותחים עד 30% מט""ח","מניות גיאוגרפי מוגנת מט""ח",,"מניות בחו""ל",2026-03-31,53730000.0,הראל,,False,False,0.0139,0.0,7468.469999999999,0.0139,7468.469999999999,0
5108030,"מגדל אפיקים (!) אג""ח","אג""ח כללי בארץ- עד 5% מניות",,"אג""ח בארץ - כללי",2026-03-31,125950000.0,מגדל,,False,False,0.0178,0.0,22419.1,0.0178,22419.1,0
5108048,סיגמא שקלית סולידית + 10%,"אג""ח כללי בארץ בדירוג גבוה (AA ומעלה ו/ או מדינה)- עד 10% מניות",,"אג""ח בארץ - כללי",2026-03-31,79410000.0,סיגמא,,False,False,0.0059,0.0,4685.19,0.0059,4685.19,0
5108055,מגדל אפיקים (!) 10/90,"אג""ח כללי בארץ- עד 10% מניות ועם סימן קריאה",,"אג""ח בארץ - כללי",2026-03-31,46010000.0,מגדל,,False,False,0.0079,0.0,3634.7900000000004,0.0079,3634.7900000000004,0
5108105,קסם אקטיב פרימיום,"אג""ח כללי בארץ - חשיפה מרבית מעל 30% מניות",,"אג""ח בארץ - כללי",2026-03-31,328580000.0,קסם,,False,False,0.0085,0.0,27929.300000000003,0.0085,27929.300000000003,0
5108147,כרמים 15/85,"אג""ח כללי בארץ- עד 15% מניות",,"אג""ח בארץ - כללי",2026-03-31,94730000.0,איילון,כרמים,False,False,0.0075,0.0,7104.749999999999,0.0075,7104.749999999999,0
5108162,"כרמים (!) אג""ח חברות",חברות והמרה עם מניות ועם סימן קריאה,,"אג""ח בארץ- חברות והמרה",2026-03-31,111620000.0,איילון,כרמים,False,False,0.014499999999999999,0.0,16184.9,0.014499999999999999,16184.9,0
5108188,כרמים צמוד מדד מדורג,חברות והמרה ללא מניות וללא סימן קריאה,,"אג""ח בארץ- חברות והמרה",2026-03-31,44930000.0,איילון,כרמים,False,False,0.013500000000000002,0.0,6065.550000000001,0.013500000000000002,6065.550000000001,0
5108220,"קסם אקטיב עוקבת מרכיב אג""ח - תיק 2 הבנק הבינלאומי","אג""ח כללי בארץ ללא מניות וללא סימן קריאה",,"אג""ח בארץ - כללי",2026-03-31,98260000.0,קסם,,False,False,0.0062,0.0,6092.12,0.0062,6092.12,0
5108238,קסם אקטיב קונצרני שקלי + 10,חברות והמרה שקלי עם מניות,,"אג""ח בארץ- חברות והמרה",2026-03-31,5790000.0,קסם,,False,False,0.0108,0.0,625.32,0.0108,625.32,0
5108253,הראל פרימיום קונצרני + 25%,חברות והמרה עם מניות ללא סימן קריאה,,"אג""ח בארץ- חברות והמרה",2026-03-31,24100000.0,הראל,,False,False,0.0079,0.0,1903.9000000000003,0.0079,1903.9000000000003,0
5108279,אזימוט 5/95,"אג""ח כללי בארץ- עד 5% מניות",,"אג""ח בארץ - כללי",2026-03-31,204850000.0,איילון,אזימוטליין,False,False,0.0069,0.0,14134.65,0.0069,14134.65,0
5108329,"אלטשולר שחם מניות גלובלי עד 30% מט""ח","מניות כללי בחו""ל מוגנת מט""ח",,"מניות בחו""ל",2026-03-31,212520000.0,אלטשולר שחם,,False,False,0.0178,0.0,37828.56,0.0178,37828.56,0
5108402,אלטשולר שחם עוקבת תיק 2 הבנק הבינלאומי,"אג""ח כללי בארץ- עד 15% מניות",,"אג""ח בארץ - כללי",2026-03-31,51570000.0,אלטשולר שחם,,False,False,0.0079,0.0,4074.0300000000007,0.0079,4074.0300000000007,0
5108428,"סיגמא (!) אג""ח חברות",חברות והמרה ללא מניות עם סימן קריאה,,"אג""ח בארץ- חברות והמרה",2026-03-31,74800000.0,סיגמא,,False,False,0.0089,0.0,6657.2,0.0089,6657.2,0
5108501,FOREST עיטם,"אג""ח כללי בארץ - חשיפה מרבית מעל 30% מניות",,"אג""ח בארץ - כללי",2026-03-31,917710000.0,פורסט,,False,False,0.011699999999999999,0.0,107372.06999999999,0.011699999999999999,107372.06999999999,0
5108519,"FOREST (!) אג""ח","אג""ח כללי בארץ- עד 10% מניות ועם סימן קריאה",,"אג""ח בארץ - כללי",2026-03-31,1235110000.0,פורסט,,False,False,0.0088,0.0,108689.68000000001,0.0088,108689.68000000001,0
5108626,מיטב מדדית ממשלתית כשרה,"אג""ח מדינה צמוד מדד- עד 10% מניות",,"אג""ח בארץ- מדינה",2026-03-31,55760000.0,מיטב,,False,False,0.0095,0.0,5297.2,0.0095,5297.2,0
5108642,"אלטשולר שחם (!) אג""ח הזדמנויות",חברות והמרה עם מניות ועם סימן קריאה,,"אג""ח בארץ- חברות והמרה",2026-03-31,170870000.0,אלטשולר שחם,,False,False,0.0149,0.0,25459.629999999997,0.0149,25459.629999999997,0
5108667,"אלטשולר שחם אג""ח מדינה צמודי מדד ללא מניות","אג""ח מדינה צמוד מדד- ללא מניות",,"אג""ח בארץ- מדינה",2026-03-31,581050000.0,אלטשולר שחם,,False,False,0.0078000000000000005,0.0,45321.9,0.0078000000000000005,45321.9,0
5108683,"מיטב (!) אג""ח דולר","אג""ח חשופת דולר",,"אג""ח בחו""ל",2026-03-31,416360000.0,מיטב,,False,False,0.0079,0.0,32892.44,0.0079,32892.44,0
5108733,"קסם אקטיב (!) אג""ח הזדמנויות פלוס",חברות והמרה בסיכון גבוה,,"אג""ח בארץ- חברות והמרה",2026-03-31,35510000.0,קסם,,False,False,0.0134,0.0,4758.34,0.0134,4758.34,0
5108774,"אקסיומה אג""ח מדורג ללא מניות",חברות והמרה ללא מניות וללא סימן קריאה,,"אג""ח בארץ- חברות והמרה",2026-03-31,733430000.0,סיגמא,אקסיומה,False,False,0.0075,0.0,55007.24999999999,0.0075,55007.24999999999,0
5108857,תכלית TTF תל גוב-שקלי 2-5,ריבית קבועה  - בינוני,,"אג""ח בארץ- מדינה",2026-03-31,322970000.0,מיטב,,True,False,0.001,0.0,3229.7000000000003,0.001,3229.7000000000003,0
5108865,"אקסיומה נבחרת מניות ת""א 125",מניות Large & Mid Cap,,מניות בארץ,2026-03-31,32409999.999999996,סיגמא,אקסיומה,False,False,0.0138,0.0,4472.579999999999,0.0138,4472.579999999999,0
5108873,ילין לפידות יתר,מניות Small Cap,,מניות בארץ,2026-03-31,316780000.0,ילין לפידות,,False,False,0.0246,0.0,77927.88,0.0246,77927.88,0
5108899,"ילין לפידות (!) אג""ח פוטנציאל חברות בסיכון גבוה + 10%",חברות והמרה בסיכון גבוה,,"אג""ח בארץ- חברות והמרה",2026-03-31,856050000.0,ילין לפידות,,False,False,0.017,0.0,145528.5,0.017,145528.5,0
5109004,סיגמא 10/90,"אג""ח כללי בארץ- עד 10% מניות ללא סימן קריאה",,"אג""ח בארץ - כללי",2026-03-31,694510000.0,סיגמא,,False,False,0.0075,0.0,52088.24999999999,0.0075,52088.24999999999,0
5109053,קסם אקטיב Bond Dollar Plus,"אג""ח חשופת דולר",,"אג""ח בחו""ל",2026-03-31,64580000.0,קסם,,False,False,0.0075,0.0,4843.5,0.0075,4843.5,0
5109079,כרמים מדינה שקלית + 10%,"אג""ח מדינה שקליות- עד 10% מניות",,"אג""ח בארץ- מדינה",2026-03-31,88910000.0,איילון,כרמים,False,False,0.0059,0.0,5245.69,0.0059,5245.69,0
5109129,פיטנגו מניות,מניות All Cap,,מניות בארץ,2026-03-31,29220000.0,איילון,פיטנגו,False,False,0.028300000000000002,0.0,8269.260000000002,0.028300000000000002,8269.260000000002,0
5109137,פיטנגו 25/75,"אג""ח כללי בארץ- עד 25% מניות",,"אג""ח בארץ - כללי",2026-03-31,98300000.0,איילון,פיטנגו,False,False,0.018500000000000003,0.0,18185.500000000004,0.018500000000000003,18185.500000000004,0
5109160,קסם אקטיב (!) קונצרני שקלי,חברות והמרה שקלי ללא מניות,,"אג""ח בארץ- חברות והמרה",2026-03-31,55530000.0,קסם,,False,False,0.0098,0.0,5441.94,0.0098,5441.94,0
5109319,קסם אקטיב 30/70,"אג""ח כללי בארץ- עד 30% מניות",,"אג""ח בארץ - כללי",2026-03-31,171630000.0,קסם,,False,False,0.0076,0.0,13043.880000000001,0.0076,13043.880000000001,0
5109384,"אילים (!) תיק אג""ח ללא מניות","אג""ח כללי בארץ ללא מניות עם סימן קריאה",,"אג""ח בארץ - כללי",2026-03-31,446480000.0,אילים,,False,False,0.0069,0.0,30807.12,0.0069,30807.12,0
5109418,"תכלית TTF ת""א 35",Large Cap,,מניות בארץ,2026-03-31,182770000.0,מיטב,,True,False,0.003,0.0,5483.1,0.003,5483.1,0
5109558,קסם אקטיב עוקבת תיק 3 הבנק הבינלאומי,"אג""ח כללי בארץ- עד 30% מניות",,"אג""ח בארץ - כללי",2026-03-31,231840000.0,קסם,,False,False,0.0060999999999999995,0.0,14142.239999999998,0.0060999999999999995,14142.239999999998,0
5109608,"איילון (!) אג""ח + 10%","אג""ח כללי בארץ- עד 10% מניות ועם סימן קריאה",,"אג""ח בארץ - כללי",2026-03-31,12660000.0,איילון,,False,False,0.008,0.0,1012.8000000000001,0.008,1012.8000000000001,0
5109624,"כוון אג""ח ללא מניות","אג""ח כללי בארץ ללא מניות וללא סימן קריאה",,"אג""ח בארץ - כללי",2026-03-31,13080000.0,איילון,כוון,False,False,0.0069,0.0,902.52,0.0069,902.52,0
5109632,כוון 10/90,"אג""ח כללי בארץ- עד 10% מניות ללא סימן קריאה",,"אג""ח בארץ - כללי",2026-03-31,6710000.0,איילון,כוון,False,False,0.0074,0.0,496.5400000000001,0.0074,496.5400000000001,0
5109673,"איילון (!) אג""ח והנפקות ללא מניות","אג""ח כללי בארץ ללא מניות עם סימן קריאה",,"אג""ח בארץ - כללי",2026-03-31,304640000.0,איילון,,False,False,0.0069,0.0,21020.16,0.0069,21020.16,0
5109731,מור גמישה,גמישות,,גמישות,2026-03-31,1256910000.0,מור,,False,False,0.018799999999999997,0.0,236299.07999999996,0.018799999999999997,236299.07999999996,0
5109749,"מור מעשר אג""ח - כשרה","אג""ח כללי בארץ- עד 5% מניות",,"אג""ח בארץ - כללי",2026-03-31,100620000.0,מור,,False,False,0.0088,0.0,8854.560000000001,0.0088,8854.560000000001,0
5109756,מור שקלית מדינה ללא מניות - כשרה,"אג""ח מדינה שקליות- ללא מניות",,"אג""ח בארץ- מדינה",2026-03-31,226440000.0,מור,,False,False,0.006500000000000001,0.0,14718.600000000002,0.006500000000000001,14718.600000000002,0
5109848,"קסם אקטיב ארה""ב נקוב $","מניות בחו""ל נקובת מט""ח",,"מניות בחו""ל",2026-03-31,23270000.0,קסם,,False,False,0.013999999999999999,0.0,3257.7999999999997,0.013999999999999999,3257.7999999999997,0
5109863,קסם אקטיב ממשלתי + 15%,"אג""ח מדינה כללי- עד 20% מניות",,"אג""ח בארץ- מדינה",2026-03-31,72750000.0,קסם,,False,False,0.0073,0.0,5310.75,0.0073,5310.75,0
5109871,"סיגמא אג""ח כללי ללא מניות","אג""ח כללי בארץ ללא מניות וללא סימן קריאה",,"אג""ח בארץ - כללי",2026-03-31,34120000.0,סיגמא,,False,False,0.0149,0.0,5083.879999999999,0.0149,5083.879999999999,0
5109889,"MTF מחקה ת""א 125",Large & Mid Cap,,מניות בארץ,2026-03-31,2255200000.0,מגדל,,True,False,0.001,0.0,22552.000000000004,0.001,22552.000000000004,0
5109897,"MTF מחקה ת""א 35",Large Cap,,מניות בארץ,2026-03-31,734890000.0,מגדל,,True,False,0.001,0.0,7348.900000000001,0.001,7348.900000000001,0
5109988,קסם אקטיב AA ומעלה ו/או מדינה,"אג""ח כללי בארץ בדירוג גבוה בלבד (AA ומעלה ו/ או מדינה)",,"אג""ח בארץ - כללי",2026-03-31,120170000.0,קסם,,False,False,0.0059,0.0,7090.03,0.0059,7090.03,0
5110051,"הראל ת""א-Midcap150",מניות All Cap,,מניות בארץ,2026-03-31,98000000.0,הראל,,False,False,0.0195,0.0,19110.0,0.0195,19110.0,0
5110085,"אלטשולר שחם אג""ח תל בונד",חברות והמרה ללא מניות וללא סימן קריאה,,"אג""ח בארץ- חברות והמרה",2026-03-31,290460000.0,אלטשולר שחם,,False,False,0.0079,0.0,22946.340000000004,0.0079,22946.340000000004,0
5110150,הראל קונצרני דולרי,חברות והמרה עם מניות ללא סימן קריאה,,"אג""ח בארץ- חברות והמרה",2026-03-31,15370000.0,הראל,,False,False,0.0132,0.0,2028.8400000000001,0.0132,2028.8400000000001,0
5110176,הראל מעורבת,"אג""ח כללי בארץ - חשיפה מרבית מעל 30% מניות",,"אג""ח בארץ - כללי",2026-03-31,44030000.0,הראל,,False,False,0.02249,0.0,9902.347,0.02249,9902.347,0
5110192,הראל מדד בינוני ממשלתי,"אג""ח מדינה צמוד מדד- עד 10% מניות",,"אג""ח בארץ- מדינה",2026-03-31,50530000.0,הראל,,False,False,0.0127,0.0,6417.3099999999995,0.0127,6417.3099999999995,0
5110226,קסם אקטיב (!) תיק קרנות ללא מניות-אגד ישראלי,אגד ישראלי,,אגד קרנות,2026-03-31,19000000.0,קסם,,False,False,0.0,0.0,0.0,0.0,0.0,0
5110309,קסם אקטיב מדינה - AA ומעלה,"אג""ח מדינה כללי- ללא מניות",,"אג""ח בארץ- מדינה",2026-03-31,165260000.0,קסם,,False,False,0.0062,0.0,10246.12,0.0062,10246.12,0
5110333,"הראל אג""ח חו""ל דולר","אג""ח חשופת דולר",,"אג""ח בחו""ל",2026-03-31,129310000.0,הראל,,False,False,0.0079,0.0,10215.490000000002,0.0079,10215.490000000002,0
5110341,הראל כספית נקובה ב-$,"נקובת מט""ח",,קרן כספית,2026-03-31,4082430000.0,הראל,,False,False,0.0025,0.0,102060.75,0.0025,102060.75,1
5110374,הראל מניות דיבידנד,מניות All Cap,,מניות בארץ,2026-03-31,53490000.0,הראל,,False,False,0.0147,0.0,7863.03,0.0147,7863.03,0
5110382,קסם אקטיב כספית נקובה דולר,"נקובת מט""ח",,קרן כספית,2026-03-31,566280000.0,קסם,,False,False,0.0025,0.0,14157.0,0.0025,14157.0,1
5110523,"אנליסט (!) אג""ח","אג""ח כללי בארץ ללא מניות עם סימן קריאה",,"אג""ח בארץ - כללי",2026-03-31,301440000.0,אנליסט,,False,False,0.0089,0.0,26828.16,0.0089,26828.16,0
5110531,"הראל מניות חו""ל-נקובה $","מניות בחו""ל נקובת מט""ח",,"מניות בחו""ל",2026-03-31,34420000.0,הראל,,False,False,0.0181,0.0,6230.02,0.0181,6230.02,0
5110564,אלטשולר שחם תיק השקעות ללא מניות,"אג""ח כללי בארץ ללא מניות וללא סימן קריאה",,"אג""ח בארץ - כללי",2026-03-31,92420000.0,אלטשולר שחם,,False,False,0.0092,0.0,8502.64,0.0092,8502.64,0
5110580,"איביאי (!) אג""ח ללא מניות","אג""ח כללי בארץ ללא מניות עם סימן קריאה",,"אג""ח בארץ - כללי",2026-03-31,191750000.0,אי.בי.אי,,False,False,0.0089,0.0,17065.75,0.0089,17065.75,0
5110655,"הראל בונד חו""ל מדורג נקובה $","אג""ח נקובת מט""ח",,"אג""ח בחו""ל",2026-03-31,33090000.000000004,הראל,,False,False,0.0097,0.0,3209.7300000000005,0.0097,3209.7300000000005,0
5110713,"קסם אקטיב ת""א 90",מניות Large & Mid Cap,,מניות בארץ,2026-03-31,237420000.0,קסם,,False,False,0.022000000000000002,0.0,52232.40000000001,0.022000000000000002,52232.40000000001,0
5110739,"הפניקס קסם (!) אג""ח גלובלי","אג""ח חשופת מט""ח",,"אג""ח בחו""ל",2026-03-31,77160000.0,קסם,,False,False,0.0085,0.0,6558.6,0.0085,6558.6,0
5110788,"הפניקס קסם ת""א 125",מניות Large & Mid Cap,,מניות בארץ,2026-03-31,1054690000.0,קסם,,False,False,0.0184,0.0,194062.96,0.0184,194062.96,0
5110820,קסם אקטיב מניות יתר,מניות Small Cap,,מניות בארץ,2026-03-31,92250000.0,קסם,,False,False,0.028399999999999998,0.0,26198.999999999996,0.028399999999999998,26198.999999999996,0
5110838,"קסם אקטיב מניות חו""ל גלובלי","מניות כללי בחו""ל חשופת מט""ח",,"מניות בחו""ל",2026-03-31,100760000.0,קסם,,False,False,0.0222,0.0,22368.72,0.0222,22368.72,0
5110879,קסם אקטיב גלוב,לתושבי חוץ בלבד,,לתושבי חוץ בלבד,2026-03-31,8430000.0,קסם,,False,False,0.0219,0.0,1846.1699999999998,0.0219,1846.1699999999998,0
5110929,"הראל (!) תיק אג""ח פלוס 10%","אג""ח כללי בארץ- עד 10% מניות ועם סימן קריאה",,"אג""ח בארץ - כללי",2026-03-31,20010000.0,הראל,,False,False,0.0075,0.0,1500.7499999999998,0.0075,1500.7499999999998,0
5111000,אלטשולר שחם מדינה צמוד בינוני,"אג""ח מדינה צמוד מדד- ללא מניות",,"אג""ח בארץ- מדינה",2026-03-31,75860000.0,אלטשולר שחם,,False,False,0.0069,0.0,5234.34,0.0069,5234.34,0
5111059,"הראל אג""ח קונצרני ללא מניות",חברות והמרה ללא מניות וללא סימן קריאה,,"אג""ח בארץ- חברות והמרה",2026-03-31,49270000.0,הראל,,False,False,0.0059,0.0,2906.93,0.0059,2906.93,0
5111117,"הראל אג""ח חו""ל ומניות עד 20% מט""ח","אג""ח מוגנת מט""ח",,"אג""ח בחו""ל",2026-03-31,541460000.0,הראל,,False,False,0.0074,0.0,40068.04000000001,0.0074,40068.04000000001,0
5111133,הראל מניות ערך Buy Side ישראל,מניות All Cap,,מניות בארץ,2026-03-31,713610000.0,הראל,,False,False,0.0159,0.0,113463.99,0.0159,113463.99,0
5111190,"הראל חו""ל סקטורים בצמיחה","מניות כללי בחו""ל חשופת מט""ח",,"מניות בחו""ל",2026-03-31,75750000.0,הראל,,False,False,0.0195,0.0,14771.25,0.0195,14771.25,0
5111216,"הראל תיק אג""ח + 20%","אג""ח כללי בארץ- עד 20% מניות",,"אג""ח בארץ - כללי",2026-03-31,91010000.0,הראל,,False,False,0.0169,0.0,15380.689999999999,0.0169,15380.689999999999,0
5111240,אי בי אי מחקה תל גוב-צמודות 2-5,צמודות מדד ממשלתיות - בינוני,,"אג""ח בארץ- מדינה",2026-03-31,104310000.0,אי.בי.אי,,True,False,0.0015,0.0,1564.65,0.0015,1564.65,0
5111265,"אי בי אי מחקה תל גוב-מק""מ","מק""מ",,"אג""ח בארץ- מדינה",2026-03-31,49110000.0,אי.בי.אי,,True,False,0.0009,0.0,441.99,0.0009,441.99,0
5111273,הראל נבחרת מניות,מניות All Cap,,מניות בארץ,2026-03-31,1109410000.0,הראל,,False,False,0.019799999999999998,0.0,219663.18,0.019799999999999998,219663.18,0
5111299,הראל מניות Mid Cap ישראל,מניות Large & Mid Cap,,מניות בארץ,2026-03-31,57380000.0,הראל,,False,False,0.023399999999999997,0.0,13426.919999999998,0.023399999999999997,13426.919999999998,0
5111307,מיטב מדינה + 20%,"אג""ח מדינה כללי- עד 20% מניות",,"אג""ח בארץ- מדינה",2026-03-31,528850000.0,מיטב,,False,False,0.006500000000000001,0.0,34375.25000000001,0.006500000000000001,34375.25000000001,0
5111331,הראל מדינה צמוד + 10%,"אג""ח מדינה צמוד מדד- עד 10% מניות",,"אג""ח בארץ- מדינה",2026-03-31,641660000.0,הראל,,False,False,0.0059,0.0,37857.939999999995,0.0059,37857.939999999995,0
5111356,הראל שקלים מדורגות ללא מניות,חברות והמרה שקלי ללא מניות,,"אג""ח בארץ- חברות והמרה",2026-03-31,36740000.0,הראל,,False,False,0.013500000000000002,0.0,4959.9000000000015,0.013500000000000002,4959.9000000000015,0
5111364,קסם אקטיב (!) קונצרני לונג שורט,ממונפות אחר,,ממונפות ואסטרטגיות,2026-03-31,18180000.0,קסם,,False,False,0.0113,0.0,2054.34,0.0113,2054.34,0
5111398,הראל US EQUITY,לתושבי חוץ בלבד,,לתושבי חוץ בלבד,2026-03-31,7170000.0,הראל,,False,False,0.0292,0.0,2093.64,0.0292,2093.64,0
5111406,קסם אקטיב מניות,מניות All Cap,,מניות בארץ,2026-03-31,15000000.0,קסם,,False,False,0.011000000000000001,0.0,1650.0000000000002,0.011000000000000001,1650.0000000000002,0
5111414,"הראל חו""ל US","ארה""ב חשופת מט""ח",,"מניות בחו""ל",2026-03-31,11870000.0,הראל,,False,False,0.027999999999999997,0.0,3323.6,0.027999999999999997,3323.6,0
5111422,אי בי אי מחקה תל גוב-שקלי 2-5,ריבית קבועה  - בינוני,,"אג""ח בארץ- מדינה",2026-03-31,114870000.0,אי.בי.אי,,True,False,0.0015,0.0,1723.05,0.0015,1723.05,0
5111448,איילון מדדית מדינה ללא מניות,"אג""ח מדינה צמוד מדד- ללא מניות",,"אג""ח בארץ- מדינה",2026-03-31,8189999.999999999,איילון,,False,False,0.0068000000000000005,0.0,556.92,0.0068000000000000005,556.92,0
5111455,הראל מניות צמיחה,מניות All Cap,,מניות בארץ,2026-03-31,47810000.0,הראל,,False,False,0.0125,0.0,5976.25,0.0125,5976.25,0
5111489,אי בי אי מחקה תל גוב-שקלי 5+,ריבית קבועה - ארוך,,"אג""ח בארץ- מדינה",2026-03-31,173300000.0,אי.בי.אי,,True,False,0.0,0.0,0.0,0.0,0.0,0
5111570,"הראל מעו""ף בריבוע",ממונפות בסיכון גבוה,,ממונפות ואסטרטגיות,2026-03-31,55980000.0,הראל,,False,False,0.028300000000000002,0.0,15842.340000000002,0.028300000000000002,15842.340000000002,0
5111620,איביאי ממשלתי שקלי קצר פלוס,"אג""ח מדינה שקליות- ללא מניות",,"אג""ח בארץ- מדינה",2026-03-31,39350000.0,אי.בי.אי,,False,False,0.0034999999999999996,0.0,1377.2499999999998,0.0034999999999999996,1377.2499999999998,0
5111638,איביאי (!) מדינה צמוד ללא מניות,"אג""ח מדינה צמוד מדד- ללא מניות",,"אג""ח בארץ- מדינה",2026-03-31,131840000.0,אי.בי.אי,,False,False,0.006500000000000001,0.0,8569.6,0.006500000000000001,8569.6,0
5111661,"קסם אקטיב (!) תיק אג""ח חו""ל HY - נקובה $","אג""ח נקובת מט""ח",,"אג""ח בחו""ל",2026-03-31,60810000.0,קסם,,False,False,0.0075,0.0,4560.75,0.0075,4560.75,0
5111695,הראל מניות Large Cap ישראל,מניות Large & Mid Cap,,מניות בארץ,2026-03-31,198690000.0,הראל,,False,False,0.0233,0.0,46294.770000000004,0.0233,46294.770000000004,0
5111711,מגדל פרימיום תיק השקעות עד 50%,"אג""ח כללי בארץ - חשיפה מרבית מעל 30% מניות",,"אג""ח בארץ - כללי",2026-03-31,177750000.0,מגדל,,False,False,0.0078000000000000005,0.0,13864.5,0.0078000000000000005,13864.5,0
5111836,"הראל מסלול אג""ח","אג""ח כללי בארץ ללא מניות וללא סימן קריאה",,"אג""ח בארץ - כללי",2026-03-31,157210000.0,הראל,,False,False,0.009340000000000001,0.0,14683.414,0.009340000000000001,14683.414,0
5111869,הראל מדינה שקלית,"אג""ח מדינה שקליות- ללא מניות",,"אג""ח בארץ- מדינה",2026-03-31,283410000.0,הראל,,False,False,0.0037,0.0,10486.170000000002,0.0037,10486.170000000002,0
5111885,הראל מדינה,"אג""ח מדינה כללי- ללא מניות",,"אג""ח בארץ- מדינה",2026-03-31,144680000.0,הראל,,False,False,0.0072,0.0,10416.960000000001,0.0072,10416.960000000001,0
5111935,"ילין לפידות אג""ח מדורג ללא מניות",חברות והמרה ללא מניות וללא סימן קריאה,,"אג""ח בארץ- חברות והמרה",2026-03-31,304030000.0,ילין לפידות,,False,False,0.006999999999999999,0.0,21282.1,0.006999999999999999,21282.1,0
5111992,הראל נכסים סולידיים,"אג""ח כללי בארץ בדירוג גבוה (AA ומעלה ו/ או מדינה)- עד 10% מניות",,"אג""ח בארץ - כללי",2026-03-31,234120000.0,הראל,,False,False,0.0038,0.0,8896.560000000001,0.0038,8896.560000000001,0
5112271,אי בי אי מחקה תל גוב-כללי,"אג""ח מדינה שיקלי וצמוד",,"אג""ח בארץ- מדינה",2026-03-31,53930000.0,אי.בי.אי,,True,False,0.002,0.0,1078.6000000000001,0.002,1078.6000000000001,0
5112404,MTF מחקה תל בונד 40 צמודות,בריבית קבועה,,"אג""ח בארץ- חברות והמרה",2026-03-31,34280000.0,מגדל,,True,False,0.0025,0.0,857.0,0.0025,857.0,0
5112479,"קסם אקטיב אג""ח דולר בינלאומי","אג""ח חשופת דולר",,"אג""ח בחו""ל",2026-03-31,23560000.0,קסם,,False,False,0.0127,0.0,2992.12,0.0127,2992.12,0
5112487,"קסם אקטיב (!) אג""ח קונצרני Buy Side",חברות והמרה ללא מניות עם סימן קריאה,,"אג""ח בארץ- חברות והמרה",2026-03-31,184380000.0,קסם,,False,False,0.006500000000000001,0.0,11984.7,0.006500000000000001,11984.7,0
5112560,הראל תיק מדינה,"אג""ח מדינה כללי- ללא מניות",,"אג""ח בארץ- מדינה",2026-03-31,109260000.0,הראל,,False,False,0.0049,0.0,5353.74,0.0049,5353.74,0
5112586,"הראל מחקה משולבת אג""ח ישראל (90%) מניות ישראל-חול (10%) חודשי",עד 10% מניות,,"אג""ח בארץ משולבת",2026-03-31,59270000.0,הראל,,True,False,0.0,0.0,0.0,0.0,0.0,0
5112628,"אי בי אי מחקה ת""א 125",Large & Mid Cap,,מניות בארץ,2026-03-31,2421430000.0,אי.בי.אי,,True,False,0.001,0.0,24214.300000000003,0.001,24214.300000000003,0
5112669,מגדל בונד מדורג A ומעלה,חברות והמרה ללא מניות וללא סימן קריאה,,"אג""ח בארץ- חברות והמרה",2026-03-31,250660000.0,מגדל,,False,False,0.0069,0.0,17295.54,0.0069,17295.54,0
5112677,מגדל בונד שקלי A ומעלה,חברות והמרה שקלי ללא מניות,,"אג""ח בארץ- חברות והמרה",2026-03-31,108150000.0,מגדל,,False,False,0.0074,0.0,8003.100000000001,0.0074,8003.100000000001,0
5112693,"קסם אקטיב מניות חו""ל","מניות כללי בחו""ל חשופת מט""ח",,"מניות בחו""ל",2026-03-31,23890000.0,קסם,,False,False,0.0187,0.0,4467.43,0.0187,4467.43,0
5112719,קסם אקט 10-90,"אג""ח כללי בארץ- עד 10% מניות ללא סימן קריאה",,"אג""ח בארץ - כללי",2026-03-31,459760000.0,קסם,,False,False,0.0079,0.0,36321.04,0.0079,36321.04,0
5112768,הראל 30/70,"אג""ח כללי בארץ- עד 30% מניות",,"אג""ח בארץ - כללי",2026-03-31,375950000.0,הראל,,False,False,0.0069,0.0,25940.55,0.0069,25940.55,0
5112826,מגדל תיק השקעות 15/85,"אג""ח כללי בארץ- עד 15% מניות",,"אג""ח בארץ - כללי",2026-03-31,419790000.0,מגדל,,False,False,0.0079,0.0,33163.41,0.0079,33163.41,0
5112842,מגדל אינפלציה מדינה,"אג""ח מדינה צמוד מדד- עד 10% מניות",,"אג""ח בארץ- מדינה",2026-03-31,179010000.0,מגדל,,False,False,0.0068000000000000005,0.0,12172.68,0.0068000000000000005,12172.68,0
5112909,"מגדל (!) אג""ח מדורג - רכיב בטוחה",חברות והמרה ללא מניות עם סימן קריאה,,"אג""ח בארץ- חברות והמרה",2026-03-31,245640000.0,מגדל,,False,False,0.0089,0.0,21861.96,0.0089,21861.96,0
5112917,מיטב עוקבת תיק 3 הבנק הבינלאומי,"אג""ח כללי בארץ- עד 30% מניות",,"אג""ח בארץ - כללי",2026-03-31,582420000.0,מיטב,,False,False,0.0079,0.0,46011.18000000001,0.0079,46011.18000000001,0
5112925,איילון 20/80,"אג""ח כללי בארץ- עד 20% מניות",,"אג""ח בארץ - כללי",2026-03-31,67980000.0,איילון,,False,False,0.0075,0.0,5098.5,0.0075,5098.5,0
5112933,"איילון שקלי ממשלתי ואג""ח מדורגות","אג""ח מדינה שקליות- ללא מניות",,"אג""ח בארץ- מדינה",2026-03-31,19230000.0,איילון,,False,False,0.0060999999999999995,0.0,1173.0299999999997,0.0060999999999999995,1173.0299999999997,0
5112941,איילון מדינה + 20%,"אג""ח מדינה כללי- עד 20% מניות",,"אג""ח בארץ- מדינה",2026-03-31,25280000.0,איילון,,False,False,0.0069,0.0,1744.32,0.0069,1744.32,0
5113006,מור מחקה תל גוב-צמודות 2-5,צמודות מדד ממשלתיות - בינוני,,"אג""ח בארץ- מדינה",2026-03-31,12320000.0,מור,,True,False,0.0015,0.0,184.8,0.0015,184.8,0
5113014,איביאי מחקה תל בונד 20 צמודות,בריבית קבועה,,"אג""ח בארץ- חברות והמרה",2026-03-31,35250000.0,אי.בי.אי,,True,False,0.0025,0.0,881.25,0.0025,881.25,0
5113022,מור מחקה תל גוב-שקלי 2-5,ריבית קבועה  - בינוני,,"אג""ח בארץ- מדינה",2026-03-31,29960000.0,מור,,True,False,0.0015,0.0,449.40000000000003,0.0015,449.40000000000003,0
5113048,איביאי (!) קונצרני ריבית משתנה,חברות והמרה שקלי ללא מניות,,"אג""ח בארץ- חברות והמרה",2026-03-31,20880000.0,אי.בי.אי,,False,False,0.006500000000000001,0.0,1357.2000000000003,0.006500000000000001,1357.2000000000003,0
5113063,"מור מחקה ת""א 125",Large & Mid Cap,,מניות בארץ,2026-03-31,218080000.0,מור,,True,False,0.0,0.0,0.0,0.0,0.0,0
5113071,אי בי אי מחקה תל בונד שקלי,בריבית קבועה,,"אג""ח בארץ- חברות והמרה",2026-03-31,350140000.0,אי.בי.אי,,True,False,0.002,0.0,7002.8,0.002,7002.8,0
5113105,הראל מדינה שמרני + 10%,"אג""ח מדינה כללי- עד 10% מניות",,"אג""ח בארץ- מדינה",2026-03-31,998000000.0,הראל,,False,False,0.0064,0.0,63872.0,0.0064,63872.0,0
5113121,הראל מחקה משולבת מדינה חודשי,"אג""ח מדינה משולבת - ללא מניות",,"אג""ח בארץ- מדינה",2026-03-31,22440000.0,הראל,,True,False,0.003,0.0,673.2,0.003,673.2,0
5113188,הראל קונצרני AA ומעלה,"חברות והמרה ללא מניות וללא סימן קריאה, עם מגבלת מח""מ עד 5 שנים",,"אג""ח בארץ- חברות והמרה",2026-03-31,36180000.0,הראל,,False,False,0.0059,0.0,2134.62,0.0059,2134.62,0
5113303,קסם KTF תל בונד 40 צמודות,בריבית קבועה,,"אג""ח בארץ- חברות והמרה",2026-03-31,28860000.0,קסם,,True,False,0.0034999999999999996,0.0,1010.0999999999999,0.0034999999999999996,1010.0999999999999,0
5113329,קסם KTF תל גוב-צמודות 2-5,צמודות מדד ממשלתיות - בינוני,,"אג""ח בארץ- מדינה",2026-03-31,99830000.0,קסם,,True,False,0.0025,0.0,2495.75,0.0025,2495.75,0
5113345,"קסם KTF ת""א 125",Large & Mid Cap,,מניות בארץ,2026-03-31,1515670000.0,קסם,,True,False,0.001,0.0,15156.7,0.001,15156.7,0
5113386,קסם KTF תל גוב-צמודות,צמודות מדד ממשלתיות - אחר,,"אג""ח בארץ- מדינה",2026-03-31,33470000.0,קסם,,True,False,0.0025,0.0,836.75,0.0025,836.75,0
5113402,"קסם KTF תל גוב-מק""מ","מק""מ",,"אג""ח בארץ- מדינה",2026-03-31,204530000.0,קסם,,True,False,0.0008,0.0,1636.24,0.0008,1636.24,0
5113428,קסם KTF תל גוב-כללי,"אג""ח מדינה שיקלי וצמוד",,"אג""ח בארץ- מדינה",2026-03-31,132139999.99999999,קסם,,True,False,0.0025,0.0,3303.5,0.0025,3303.5,0
5113444,קסם KTF תל גוב-שקלי 2-5,ריבית קבועה  - בינוני,,"אג""ח בארץ- מדינה",2026-03-31,116250000.0,קסם,,True,False,0.0015,0.0,1743.75,0.0015,1743.75,0
5113527,"סיגמא אג""ח משולבת + 20%","אג""ח כללי בארץ- עד 20% מניות",,"אג""ח בארץ - כללי",2026-03-31,137580000.0,סיגמא,,False,False,0.0085,0.0,11694.300000000001,0.0085,11694.300000000001,0
5113543,"סיגמא מניות חו""ל","מניות כללי בחו""ל חשופת מט""ח",,"מניות בחו""ל",2026-03-31,40030000.0,סיגמא,,False,False,0.0125,0.0,5003.75,0.0125,5003.75,0
5113568,"הראל בונד חו""ל - נקובה $","אג""ח נקובת מט""ח",,"אג""ח בחו""ל",2026-03-31,199190000.0,הראל,,False,False,0.0069,0.0,13744.109999999999,0.0069,13744.109999999999,0
5113618,מיטב מניות צמיחה,מניות All Cap,,מניות בארץ,2026-03-31,127480000.0,מיטב,,False,False,0.0169,0.0,21544.12,0.0169,21544.12,0
5113683,"מגדל אג""ח מדינה + 15%","אג""ח מדינה כללי- עד 20% מניות",,"אג""ח בארץ- מדינה",2026-03-31,12270000.0,מגדל,,False,False,0.005699999999999999,0.0,699.39,0.005699999999999999,699.39,0
5113709,אנליסט עוקבת תיק 2 הבנק הבינלאומי,"אג""ח כללי בארץ- עד 15% מניות",,"אג""ח בארץ - כללי",2026-03-31,42020000.0,אנליסט,,False,False,0.0069,0.0,2899.3799999999997,0.0069,2899.3799999999997,0
5113782,הראל (!) בונד + 10% - נקוב $ אגד חוץ,אגד חוץ,,אגד קרנות,2026-03-31,5890000.0,הראל,,False,False,0.0087,0.0,512.43,0.0087,512.43,0
5113956,"מיטב אג""ח קונצרני + 10%",חברות והמרה עם מניות ללא סימן קריאה,,"אג""ח בארץ- חברות והמרה",2026-03-31,16420000.000000002,מיטב,,False,False,0.0129,0.0,2118.1800000000003,0.0129,2118.1800000000003,0
5113998,תכלית S&P 500 TTF,אמריקה- שווקים מפותחים,,"מניות בחו""ל",2026-03-31,1187580000.0,מיטב,,True,False,0.003,0.0,35627.4,0.003,35627.4,0
5114020,מור בונד שקלי A ומעלה,חברות והמרה שקלי ללא מניות,,"אג""ח בארץ- חברות והמרה",2026-03-31,71050000.0,מור,,False,False,0.0074,0.0,5257.700000000001,0.0074,5257.700000000001,0
5114079,מיטב 30/70,"אג""ח כללי בארץ- עד 30% מניות",,"אג""ח בארץ - כללי",2026-03-31,632170000.0,מיטב,,False,False,0.0079,0.0,49941.43000000001,0.0079,49941.43000000001,0
5114087,ילין לפידות גמישה,גמישות,,גמישות,2026-03-31,387520000.0,ילין לפידות,,False,False,0.0191,0.0,74016.31999999999,0.0191,74016.31999999999,0
5114160,אזימוט 10/90 דיבידנד,"אג""ח כללי בארץ- עד 10% מניות ללא סימן קריאה",,"אג""ח בארץ - כללי",2026-03-31,107120000.0,איילון,אזימוטליין,False,False,0.0089,0.0,9533.68,0.0089,9533.68,0
5114178,"אילים אג""ח + מגובה בביטחונות","אג""ח כללי בארץ ללא מניות וללא סימן קריאה, עם מגבלת מח""מ עד 5 שנים",,"אג""ח בארץ - כללי",2026-03-31,157860000.0,אילים,,False,False,0.0059,0.0,9313.74,0.0059,9313.74,0
5114210,"קסם אקטיב (!) אגד חוץ אג""ח ופקדונות נקוב $",אגד חוץ,,אגד קרנות,2026-03-31,7950000.0,קסם,,False,False,0.0147,0.0,1168.6499999999999,0.0147,1168.6499999999999,0
5114228,"קסם אקטיב (!) אג""ח מדורג - רכיב בטוחה",חברות והמרה ללא מניות עם סימן קריאה,,"אג""ח בארץ- חברות והמרה",2026-03-31,148480000.0,קסם,,False,False,0.0087,0.0,12917.76,0.0087,12917.76,0
5114236,אלטשולר שחם 20-80,"אג""ח כללי בארץ- עד 20% מניות",,"אג""ח בארץ - כללי",2026-03-31,146730000.0,אלטשולר שחם,,False,False,0.0079,0.0,11591.670000000002,0.0079,11591.670000000002,0
5114285,אזימוט השקעות,גמישות,,גמישות,2026-03-31,45540000.0,איילון,אזימוטליין,False,False,0.0194,0.0,8834.76,0.0194,8834.76,0
5114319,מור מחקה תל בונד שקלי,בריבית קבועה,,"אג""ח בארץ- חברות והמרה",2026-03-31,67920000.0,מור,,True,False,0.0025,0.0,1698.0,0.0025,1698.0,0
5114327,איביאי מחקה תל בונד 40 צמודות,בריבית קבועה,,"אג""ח בארץ- חברות והמרה",2026-03-31,10380000.0,אי.בי.אי,,True,False,0.002,0.0,207.60000000000002,0.002,207.60000000000002,0
5114350,אנליסט 10/90,"אג""ח כללי בארץ- עד 10% מניות ללא סימן קריאה",,"אג""ח בארץ - כללי",2026-03-31,67700000.0,אנליסט,,False,False,0.0074,0.0,5009.800000000001,0.0074,5009.800000000001,0
5114392,ילין לפידות עוקבת תיק 1 הבנק הבינלאומי,"אג""ח כללי בארץ- עד 5% מניות",,"אג""ח בארץ - כללי",2026-03-31,50470000.0,ילין לפידות,,False,False,0.0054,0.0,2725.38,0.0054,2725.38,0
5114434,מיטב עוקבת תיק מרכיב הנזילות הבנק הבינלאומי,"חברות והמרה ללא מניות וללא סימן קריאה, עם מגבלת מח""מ עד 5 שנים",,"אג""ח בארץ- חברות והמרה",2026-03-31,252110000.0,מיטב,,False,False,0.0052,0.0,13109.72,0.0052,13109.72,0
5114491,תכלית TTF תל בונד שקלי,בריבית קבועה,,"אג""ח בארץ- חברות והמרה",2026-03-31,187030000.0,מיטב,,True,False,0.002,0.0,3740.6000000000004,0.002,3740.6000000000004,0
5114558,קסם אקטיב 5-95,"אג""ח כללי בארץ- עד 5% מניות",,"אג""ח בארץ - כללי",2026-03-31,43780000.0,קסם,,False,False,0.006,0.0,2626.8,0.006,2626.8,0
5114566,קסם KTF תל בונד שקלי,בריבית קבועה,,"אג""ח בארץ- חברות והמרה",2026-03-31,256260000.0,קסם,,True,False,0.001,0.0,2562.6000000000004,0.001,2562.6000000000004,0
5114624,איילון מדינה פרימיום כשרה,"אג""ח מדינה כללי- ללא מניות",,"אג""ח בארץ- מדינה",2026-03-31,32470000.0,איילון,,False,False,0.0064,0.0,2078.08,0.0064,2078.08,0
5114632,איביאי מדינה + 10%,"אג""ח מדינה כללי- עד 10% מניות",,"אג""ח בארץ- מדינה",2026-03-31,884280000.0,אי.בי.אי,,False,False,0.0058,0.0,51288.23999999999,0.0058,51288.23999999999,0
5114640,מיטב (!) קונצרני פלוס,חברות והמרה עם מניות ועם סימן קריאה,,"אג""ח בארץ- חברות והמרה",2026-03-31,119160000.0,מיטב,,False,False,0.0079,0.0,9413.640000000001,0.0079,9413.640000000001,0
5114657,"תכלית TTF ת""א 125",Large & Mid Cap,,מניות בארץ,2026-03-31,2272930000.0,מיטב,,True,False,0.001,0.0,22729.300000000003,0.001,22729.300000000003,0
5114749,קסם אקטיב מדינה שקלי פלוס,"אג""ח מדינה שקליות- עד 10% מניות",,"אג""ח בארץ- מדינה",2026-03-31,135850000.0,קסם,,False,False,0.0062,0.0,8422.7,0.0062,8422.7,0
5114780,"מיטב (!) אג""ח ממשלתי","אג""ח מדינה כללי- ללא מניות",,"אג""ח בארץ- מדינה",2026-03-31,637590000.0,מיטב,,False,False,0.0084,0.0,53557.56,0.0084,53557.56,0
5114798,מיטב (!) 10/90,"אג""ח כללי בארץ- עד 10% מניות ועם סימן קריאה",,"אג""ח בארץ - כללי",2026-03-31,456610000.0,מיטב,,False,False,0.008100000000000001,0.0,36985.41000000001,0.008100000000000001,36985.41000000001,0
5114830,מיטב מדינה צמודה + 10%,"אג""ח מדינה צמוד מדד- עד 10% מניות",,"אג""ח בארץ- מדינה",2026-03-31,20550000.0,מיטב,,False,False,0.0059,0.0,1212.45,0.0059,1212.45,0
5114897,ילין לפידות מניות דיבידנד,מניות All Cap,,מניות בארץ,2026-03-31,674210000.0,ילין לפידות,,False,False,0.0195,0.0,131470.95,0.0195,131470.95,0
5114913,ילין לפידות קונצרני שקלי + 20%,חברות והמרה שקלי עם מניות,,"אג""ח בארץ- חברות והמרה",2026-03-31,54720000.0,ילין לפידות,,False,False,0.0077,0.0,4213.4400000000005,0.0077,4213.4400000000005,0
5114939,הראל מחקה תל בונד צמודות-יתר,בריבית קבועה,,"אג""ח בארץ- חברות והמרה",2026-03-31,52230000.0,הראל,,True,False,0.0015,0.0,783.45,0.0015,783.45,0
5115001,מגדל כספית נקובה בדולר $,"נקובת מט""ח",,קרן כספית,2026-03-31,299840000.0,מגדל,,False,False,0.00249,0.0,7466.016,0.00249,7466.016,1
5115027,"אנליסט מניות ת""א 125 במומנטום",מניות Large & Mid Cap,,מניות בארץ,2026-03-31,97350000.0,אנליסט,,False,False,0.020499999999999997,0.0,19956.749999999996,0.020499999999999997,19956.749999999996,0
5115050,קבין השקעות - קרן ממונפת,ממונפות בסיכון גבוה,,ממונפות ואסטרטגיות,2026-03-31,24770000.0,איילון,קבין,False,False,0.027999999999999997,0.0,6935.599999999999,0.027999999999999997,6935.599999999999,0
5115068,הראל צמודים ממשלתי ללא מניות,"אג""ח מדינה צמוד מדד- ללא מניות",,"אג""ח בארץ- מדינה",2026-03-31,66150000.00000001,הראל,,False,False,0.006500000000000001,0.0,4299.750000000001,0.006500000000000001,4299.750000000001,0
5115076,הראל מדינה צמודה,"אג""ח מדינה צמוד מדד- ללא מניות",,"אג""ח בארץ- מדינה",2026-03-31,517950000.00000006,הראל,,False,False,0.0069,0.0,35738.55,0.0069,35738.55,0
5115092,"ילין לפידות תיק אג""ח + 15%","אג""ח כללי בארץ- עד 15% מניות",,"אג""ח בארץ - כללי",2026-03-31,338020000.0,ילין לפידות,,False,False,0.0076,0.0,25689.52,0.0076,25689.52,0
5115100,איביאי מחקה תל בונד 60 צמודות,בריבית קבועה,,"אג""ח בארץ- חברות והמרה",2026-03-31,61880000.0,אי.בי.אי,,True,False,0.0025,0.0,1547.0,0.0025,1547.0,0
5115118,מור מחקה תל גוב-צמודות 5-10,צמודות מדד ממשלתיות - ארוך,,"אג""ח בארץ- מדינה",2026-03-31,34210000.0,מור,,True,False,0.0015,0.0,513.15,0.0015,513.15,0
5115126,"מור מחקה ת""א 90",Mid Cap,,מניות בארץ,2026-03-31,160290000.0,מור,,True,False,0.0045000000000000005,0.0,7213.05,0.0045000000000000005,7213.05,0
5115167,אלטשולר שחם 10-90,"אג""ח כללי בארץ- עד 10% מניות ללא סימן קריאה",,"אג""ח בארץ - כללי",2026-03-31,478630000.0,אלטשולר שחם,,False,False,0.0075,0.0,35897.25,0.0075,35897.25,0
5115225,אנליסט שקלית קונצרנית ללא מניות,חברות והמרה שקלי ללא מניות,,"אג""ח בארץ- חברות והמרה",2026-03-31,11660000.0,אנליסט,,False,False,0.0054,0.0,629.6400000000001,0.0054,629.6400000000001,0
5115258,FOREST סלקט 15/85,"אג""ח כללי בארץ- עד 15% מניות",,"אג""ח בארץ - כללי",2026-03-31,302740000.0,פורסט,,False,False,0.0087,0.0,26338.38,0.0087,26338.38,0
5115274,"MTF מחקה משולבת אג""ח ישראל (80%) מניות ישראל (20%) חודשי",עד 20% מניות,,"אג""ח בארץ משולבת",2026-03-31,21640000.0,מגדל,,True,False,0.0049,0.0,1060.36,0.0049,1060.36,0
5115290,הראל 10/90 מחלקת,"אג""ח כללי בארץ- עד 10% מניות ללא סימן קריאה",,"אג""ח בארץ - כללי",2026-03-31,24830000.0,הראל,,False,False,0.0077,0.0,1911.91,0.0077,1911.91,0
5115324,מגדל סולידית,"אג""ח כללי בארץ בדירוג גבוה בלבד (AA ומעלה ו/ או מדינה)",,"אג""ח בארץ - כללי",2026-03-31,52430000.0,מגדל,,False,False,0.0059,0.0,3093.37,0.0059,3093.37,0
5115332,"מגדל אג""ח מדינה+10%","אג""ח מדינה כללי- עד 10% מניות",,"אג""ח בארץ- מדינה",2026-03-31,56660000.0,מגדל,,False,False,0.0049,0.0,2776.3399999999997,0.0049,2776.3399999999997,0
5115365,הראל (!) 10/90 פלטינום,"אג""ח כללי בארץ- עד 10% מניות ועם סימן קריאה",,"אג""ח בארץ - כללי",2026-03-31,119560000.0,הראל,,False,False,0.006999999999999999,0.0,8369.199999999999,0.006999999999999999,8369.199999999999,0
5115373,כוון מניות גלובלית U.S,"ארה""ב חשופת מט""ח",,"מניות בחו""ל",2026-03-31,15700000.0,איילון,כוון,False,False,0.0187,0.0,2935.9,0.0187,2935.9,0
5115407,"אלטשולר שחם עוקבת תיק חו""ל 2 הבנק הבינלאומי","אג""ח חשופת מט""ח",,"אג""ח בחו""ל",2026-03-31,101540000.0,אלטשולר שחם,,False,False,0.0092,0.0,9341.68,0.0092,9341.68,0
5115449,"טופ אלפא (!) אג""ח ללא מניות","אג""ח כללי בארץ ללא מניות עם סימן קריאה",,"אג""ח בארץ - כללי",2026-03-31,33060000.000000004,איילון,טופ אלפא,False,False,0.0076,0.0,2512.5600000000004,0.0076,2512.5600000000004,0
5115456,"טופ אלפא מניות חו""ל","מניות כללי בחו""ל חשופת מט""ח",,"מניות בחו""ל",2026-03-31,143490000.0,איילון,טופ אלפא,False,False,0.024399999999999998,0.0,35011.56,0.024399999999999998,35011.56,0
5115464,איילון עוקבת תיק מרכיב הנזילות פלוס - הבנק הבינלאומי,"חברות והמרה ללא מניות וללא סימן קריאה, עם מגבלת מח""מ עד 5 שנים",,"אג""ח בארץ- חברות והמרה",2026-03-31,19740000.0,איילון,,False,False,0.0052,0.0,1026.48,0.0052,1026.48,0
5115472,תכלית TTF תל בונד 20 צמודות,בריבית קבועה,,"אג""ח בארץ- חברות והמרה",2026-03-31,185050000.0,מיטב,,True,False,0.002,0.0,3701.0000000000005,0.002,3701.0000000000005,0
5115498,מיטב קונצרני שקלי,חברות והמרה שקלי ללא מניות,,"אג""ח בארץ- חברות והמרה",2026-03-31,25590000.0,מיטב,,False,False,0.0064,0.0,1637.76,0.0064,1637.76,0
5115506,סיגמא (!) מודל דירוג פנימי,חברות והמרה ללא מניות עם סימן קריאה,,"אג""ח בארץ- חברות והמרה",2026-03-31,54310000.0,סיגמא,,False,False,0.0127,0.0,6897.37,0.0127,6897.37,0
5115514,סיגמא מדינה + 20%,"אג""ח מדינה כללי- עד 20% מניות",,"אג""ח בארץ- מדינה",2026-03-31,1026369999.9999999,סיגמא,,False,False,0.0059,0.0,60555.82999999999,0.0059,60555.82999999999,0
5115548,הראל 10/90 פלוס,"אג""ח כללי בארץ- עד 10% מניות ללא סימן קריאה",,"אג""ח בארץ - כללי",2026-03-31,93550000.0,הראל,,False,False,0.006889999999999999,0.0,6445.594999999999,0.006889999999999999,6445.594999999999,0
5115555,הראל 30/70 פלוס,"אג""ח כללי בארץ- עד 30% מניות",,"אג""ח בארץ - כללי",2026-03-31,8580000.0,הראל,,False,False,0.0059,0.0,506.21999999999997,0.0059,506.21999999999997,0
5115589,קסם KTF תל בונד 20 צמודות,בריבית קבועה,,"אג""ח בארץ- חברות והמרה",2026-03-31,317560000.0,קסם,,True,False,0.0025,0.0,7939.0,0.0025,7939.0,0
5115597,קסם KTF תל בונד מאגר,"אג""ח חברות שקלי וצמוד",,"אג""ח בארץ- חברות והמרה",2026-03-31,131620000.0,קסם,,True,False,0.0034999999999999996,0.0,4606.7,0.0034999999999999996,4606.7,0
5115605,קסם KTF תל בונד צמודות-יתר,בריבית קבועה,,"אג""ח בארץ- חברות והמרה",2026-03-31,34210000.0,קסם,,True,False,0.0034999999999999996,0.0,1197.35,0.0034999999999999996,1197.35,0
5115621,"מור מק""מ פלוס","אג""ח מדינה שקליות- עד 10% מניות",,"אג""ח בארץ- מדינה",2026-03-31,268580000.0,מור,,False,False,0.0055000000000000005,0.0,14771.900000000001,0.0055000000000000005,14771.900000000001,0
5115647,"הפניקס קסם אג""ח חו""ל מדורג - נקובה $","אג""ח נקובת מט""ח",,"אג""ח בחו""ל",2026-03-31,104210000.0,קסם,,False,False,0.006999999999999999,0.0,7294.699999999999,0.006999999999999999,7294.699999999999,0
5115704,ילין לפידות 10/90,"אג""ח כללי בארץ- עד 10% מניות ללא סימן קריאה",,"אג""ח בארץ - כללי",2026-03-31,919020000.0,ילין לפידות,,False,False,0.008,0.0,73521.6,0.008,73521.6,0
5115712,ילין לפידות מדינה שקלי ללא מניות,"אג""ח מדינה שקליות- ללא מניות",,"אג""ח בארץ- מדינה",2026-03-31,10310000.0,ילין לפידות,,False,False,0.0076,0.0,783.5600000000001,0.0076,783.5600000000001,0
5115738,"הראל מחקה משולבת אג""ח ישראל (80%) מניות ישראל-חול (20%) חודשי",עד 20% מניות,,"אג""ח בארץ משולבת",2026-03-31,88410000.0,הראל,,True,False,0.0,0.0,0.0,0.0,0.0,0
5115761,איביאי מחקה משולבת קונצרני (80%) מניות (20%) חודשי,עד 20% מניות,,"אג""ח בארץ משולבת",2026-03-31,40420000.0,אי.בי.אי,,True,False,0.005,0.0,2021.0,0.005,2021.0,0
5115787,ילין לפידות מדינה + 10%,"אג""ח מדינה כללי- עד 10% מניות",,"אג""ח בארץ- מדינה",2026-03-31,69890000.0,ילין לפידות,,False,False,0.0064,0.0,4472.96,0.0064,4472.96,0
5115795,מיטב כספית נקובה ב-$,"נקובת מט""ח",,קרן כספית,2026-03-31,425550000.0,מיטב,,False,False,0.0028000000000000004,0.0,11915.400000000001,0.0028000000000000004,11915.400000000001,1
5115803,אנליסט ממשלתית תיק סולידי עד שנתיים,"אג""ח מדינה כללי- עד 10% מניות",,"אג""ח בארץ- מדינה",2026-03-31,100030000.0,אנליסט,,False,False,0.0058,0.0,5801.74,0.0058,5801.74,0
5115811,תמיר פישמן 10/90,"אג""ח כללי בארץ- עד 10% מניות ללא סימן קריאה",,"אג""ח בארץ - כללי",2026-03-31,111600000.0,תמיר פישמן,,False,False,0.0075,0.0,8370.0,0.0075,8370.0,0
5115837,תכלית TTF משולבת אגח ממשלתי קונצרני (90%) מניות (10%) חודשי,עד 10% מניות,,"אג""ח בארץ משולבת",2026-03-31,24860000.0,מיטב,,True,False,0.005,0.0,1243.0,0.005,1243.0,0
5115886,"ילין לפידות תיק אג""ח סולידי + 10%","אג""ח כללי בארץ בדירוג גבוה (AA ומעלה ו/ או מדינה)- עד 10% מניות",,"אג""ח בארץ - כללי",2026-03-31,258959999.99999997,ילין לפידות,,False,False,0.0069,0.0,17868.239999999998,0.0069,17868.239999999998,0
5115894,הראל תיק סולידי ללא מניות,"אג""ח כללי בארץ בדירוג גבוה בלבד (AA ומעלה ו/ או מדינה)",,"אג""ח בארץ - כללי",2026-03-31,35930000.0,הראל,,False,False,0.0068000000000000005,0.0,2443.24,0.0068000000000000005,2443.24,0
5115928,הראל (!) נבחרת קונצרני,חברות והמרה ללא מניות עם סימן קריאה,,"אג""ח בארץ- חברות והמרה",2026-03-31,48380000.0,הראל,,False,False,0.0059,0.0,2854.42,0.0059,2854.42,0
5115936,"הראל אג""ח Total Return","אג""ח כללי בארץ ללא מניות וללא סימן קריאה, עם מגבלת מח""מ עד 5 שנים",,"אג""ח בארץ - כללי",2026-03-31,49980000.0,הראל,,False,False,0.0049,0.0,2449.02,0.0049,2449.02,0
5115977,הראל מדינה פלוס,"אג""ח מדינה כללי- עד 20% מניות",,"אג""ח בארץ- מדינה",2026-03-31,88560000.0,הראל,,False,False,0.0049,0.0,4339.44,0.0049,4339.44,0
5115985,הראל צמודים ממשלתיים,"אג""ח מדינה צמוד מדד- ללא מניות",,"אג""ח בארץ- מדינה",2026-03-31,53140000.0,הראל,,False,False,0.0025,0.0,1328.5,0.0025,1328.5,0
5115993,"הראל אג""ח קונצרני + 10%",חברות והמרה עם מניות ללא סימן קריאה,,"אג""ח בארץ- חברות והמרה",2026-03-31,147660000.0,הראל,,False,False,0.0049,0.0,7235.34,0.0049,7235.34,0
5116009,הראל שקלית ממשלתית,"אג""ח מדינה שקליות- ללא מניות",,"אג""ח בארץ- מדינה",2026-03-31,87530000.0,הראל,,False,False,0.0025,0.0,2188.25,0.0025,2188.25,0
5116017,"אלטשולר שחם אג""ח גלובלי נקובה בדולר","אג""ח נקובת מט""ח",,"אג""ח בחו""ל",2026-03-31,351370000.0,אלטשולר שחם,,False,False,0.006999999999999999,0.0,24595.899999999998,0.006999999999999999,24595.899999999998,0
5116033,אנליסט 20/80,"אג""ח כללי בארץ- עד 20% מניות",,"אג""ח בארץ - כללי",2026-03-31,2028950000.0,אנליסט,,False,False,0.0084,0.0,170431.8,0.0084,170431.8,0
5116041,סיגמא ממשלתי שקלי,"אג""ח מדינה שקליות- ללא מניות",,"אג""ח בארץ- מדינה",2026-03-31,30560000.0,סיגמא,,False,False,0.009000000000000001,0.0,2750.4,0.009000000000000001,2750.4,0
5116082,"אזימוט אג""ח ללא מניות","אג""ח כללי בארץ ללא מניות וללא סימן קריאה, עם מגבלת מח""מ עד 5 שנים",,"אג""ח בארץ - כללי",2026-03-31,85300000.0,איילון,אזימוטליין,False,False,0.0089,0.0,7591.7,0.0089,7591.7,0
5116140,"מגדל אג""ח מדינה","אג""ח מדינה כללי- ללא מניות",,"אג""ח בארץ- מדינה",2026-03-31,271440000.0,מגדל,,False,False,0.0064,0.0,17372.16,0.0064,17372.16,0
5116165,"מגדל מניות חו""ל טכנולוגיות חדשניות - מנוטרלת מט""ח","מניות כללי בחו""ל מוגנת מט""ח",,"מניות בחו""ל",2026-03-31,48810000.0,מגדל,,False,False,0.0195,0.0,9517.95,0.0195,9517.95,0
5116181,MTF מחקה תל גוב-כללי,"אג""ח מדינה שיקלי וצמוד",,"אג""ח בארץ- מדינה",2026-03-31,257269999.99999997,מגדל,,True,False,0.0015,0.0,3859.0499999999997,0.0015,3859.0499999999997,0
5116470,"קסם אקטיב תיק אג""ח ללא מניות","אג""ח כללי בארץ ללא מניות וללא סימן קריאה",,"אג""ח בארץ - כללי",2026-03-31,1088450000.0,קסם,,False,False,0.0072,0.0,78368.40000000001,0.0072,78368.40000000001,0
5116488,ילין לפידות 20/80,"אג""ח כללי בארץ- עד 20% מניות",,"אג""ח בארץ - כללי",2026-03-31,1021920000.0,ילין לפידות,,False,False,0.0095,0.0,97082.4,0.0095,97082.4,0
5116512,"קסם אקטיב אג""ח ממוצע AA","חברות והמרה ללא מניות וללא סימן קריאה, עם מגבלת מח""מ עד 5 שנים",,"אג""ח בארץ- חברות והמרה",2026-03-31,126340000.0,קסם,,False,False,0.006500000000000001,0.0,8212.1,0.006500000000000001,8212.1,0
5116553,"קסם אקטיב אג""ח מדינה + 10%","אג""ח מדינה כללי- עד 10% מניות",,"אג""ח בארץ- מדינה",2026-03-31,151010000.0,קסם,,False,False,0.0062,0.0,9362.62,0.0062,9362.62,0
5116629,"FOREST (!) אג""ח מדורג",חברות והמרה ללא מניות עם סימן קריאה,,"אג""ח בארץ- חברות והמרה",2026-03-31,573380000.0,פורסט,,False,False,0.0086,0.0,49310.68,0.0086,49310.68,0
5116637,"טרגט אג""ח ללא מניות","אג""ח כללי בארץ ללא מניות וללא סימן קריאה",,"אג""ח בארץ - כללי",2026-03-31,283560000.0,איילון,טרגט,False,False,0.0055000000000000005,0.0,15595.800000000003,0.0055000000000000005,15595.800000000003,0
5116660,"הראל שנהב אג""ח","אג""ח כללי בארץ- עד 15% מניות",,"אג""ח בארץ - כללי",2026-03-31,59410000.0,הראל,,False,False,0.0028000000000000004,0.0,1663.4800000000002,0.0028000000000000004,1663.4800000000002,0
5116736,"דיאמונד מניות ת""א 125",מניות Large & Mid Cap,,מניות בארץ,2026-03-31,39750000.0,איילון,דיאמונד,False,False,0.013000000000000001,0.0,5167.500000000001,0.013000000000000001,5167.500000000001,0
5116777,ילין לפידות (!) קונצרני שקלי,חברות והמרה שקלי ללא מניות,,"אג""ח בארץ- חברות והמרה",2026-03-31,130590000.0,ילין לפידות,,False,False,0.0069,0.0,9010.71,0.0069,9010.71,0
5116785,הראל מחקה תל גוב-צמודות 5-10,צמודות מדד ממשלתיות - ארוך,,"אג""ח בארץ- מדינה",2026-03-31,131080000.00000001,הראל,,True,False,0.0,0.0,0.0,0.0,0.0,0
5116793,"הראל מחקה משולבת אג""ח ישראל צמוד חודשי",ללא מניות,,"אג""ח בארץ משולבת",2026-03-31,24640000.0,הראל,,True,False,0.0034999999999999996,0.0,862.4,0.0034999999999999996,862.4,0
5116918,MTF מחקה תל בונד צמודות יתר,בריבית קבועה,,"אג""ח בארץ- חברות והמרה",2026-03-31,59510000.0,מגדל,,True,False,0.0025,0.0,1487.75,0.0025,1487.75,0
5116926,מגדל צמודה בונד מדורג,"חברות והמרה ללא מניות וללא סימן קריאה, עם מגבלת מח""מ עד 5 שנים",,"אג""ח בארץ- חברות והמרה",2026-03-31,962670000.0,מגדל,,False,False,0.0075,0.0,72200.25,0.0075,72200.25,0
5116934,אנליסט מודל דירוג פנימי,חברות והמרה ללא מניות וללא סימן קריאה,,"אג""ח בארץ- חברות והמרה",2026-03-31,240250000.0,אנליסט,,False,False,0.0079,0.0,18979.750000000004,0.0079,18979.750000000004,0
5116942,"קסם אקטיב אג""ח מדורג ללא מניות",חברות והמרה ללא מניות וללא סימן קריאה,,"אג""ח בארץ- חברות והמרה",2026-03-31,213030000.0,קסם,,False,False,0.0070999999999999995,0.0,15125.129999999997,0.0070999999999999995,15125.129999999997,0
5116967,מור מחקה תל גוב-שקלי 5+,ריבית קבועה - ארוך,,"אג""ח בארץ- מדינה",2026-03-31,32310000.000000004,מור,,True,False,0.0015,0.0,484.6500000000001,0.0015,484.6500000000001,0
5116975,"אלטשולר שחם אג""ח קונצרני A ומעלה","חברות והמרה ללא מניות וללא סימן קריאה, עם מגבלת מח""מ עד 5 שנים",,"אג""ח בארץ- חברות והמרה",2026-03-31,248130000.0,אלטשולר שחם,,False,False,0.0069,0.0,17120.969999999998,0.0069,17120.969999999998,0
5116983,"אלטשולר שחם אג""ח מדינה ללא מניות","אג""ח מדינה כללי- ללא מניות",,"אג""ח בארץ- מדינה",2026-03-31,255320000.0,אלטשולר שחם,,False,False,0.0063,0.0,16085.16,0.0063,16085.16,0
5117007,"הראל מחקה משולבת אג""ח ישראל שקלי חודשי",ללא מניות,,"אג""ח בארץ משולבת",2026-03-31,24340000.0,הראל,,True,False,0.0,0.0,0.0,0.0,0.0,0
5117023,איביאי מחקה תל בונד צמודות,בריבית קבועה,,"אג""ח בארץ- חברות והמרה",2026-03-31,58470000.0,אי.בי.אי,,True,False,0.0025,0.0,1461.75,0.0025,1461.75,0
5117049,מור מחקה תל בונד צמודות-יתר,בריבית קבועה,,"אג""ח בארץ- חברות והמרה",2026-03-31,14930000.0,מור,,True,False,0.002,0.0,298.6,0.002,298.6,0
5117080,MTF מחקה משולבת תל גוב-שקלי 2-5 (75%) תל בונד שקלי (25%) חודשי,ללא מניות,,"אג""ח בארץ משולבת",2026-03-31,12300000.0,מגדל,,True,False,0.0039000000000000003,0.0,479.7,0.0039000000000000003,479.7,0
5117122,קסם אקטיב שקלית ממשלתית כשרה,"אג""ח מדינה שקליות- ללא מניות",,"אג""ח בארץ- מדינה",2026-03-31,65450000.0,קסם,,False,False,0.0054,0.0,3534.3,0.0054,3534.3,0
5117130,"הראל אג""ח בינלאומי עד 20% מט""ח","אג""ח מוגנת מט""ח",,"אג""ח בחו""ל",2026-03-31,90270000.0,הראל,,False,False,0.0078000000000000005,0.0,7041.0599999999995,0.0078000000000000005,7041.0599999999995,0
5117239,"הראל תיק אג""ח סולידי + 10%","אג""ח כללי בארץ בדירוג גבוה (AA ומעלה ו/ או מדינה)- עד 10% מניות",,"אג""ח בארץ - כללי",2026-03-31,45580000.0,הראל,,False,False,0.0055000000000000005,0.0,2506.9000000000005,0.0055000000000000005,2506.9000000000005,0
5117247,הראל מחקה תל גוב-צמודות 2-5,צמודות מדד ממשלתיות - בינוני,,"אג""ח בארץ- מדינה",2026-03-31,259269999.99999997,הראל,,True,False,0.0005,0.0,1296.35,0.0005,1296.35,0
5117262,הראל מחקה תל גוב-שקלי 2-5,ריבית קבועה  - בינוני,,"אג""ח בארץ- מדינה",2026-03-31,155550000.0,הראל,,True,False,0.0,0.0,0.0,0.0,0.0,0
5117270,הראל מחקה תל בונד 20 צמודות,בריבית קבועה,,"אג""ח בארץ- חברות והמרה",2026-03-31,608590000.0,הראל,,True,False,0.001,0.0,6085.900000000001,0.001,6085.900000000001,0
5117288,הראל מחקה תל בונד שקלי,בריבית קבועה,,"אג""ח בארץ- חברות והמרה",2026-03-31,188080000.0,הראל,,True,False,0.002,0.0,3761.6000000000004,0.002,3761.6000000000004,0
5117296,ילין לפידות מדינה שקלי 1-4 שנים,"אג""ח מדינה שקליות- ללא מניות",,"אג""ח בארץ- מדינה",2026-03-31,63160000.0,ילין לפידות,,False,False,0.0042,0.0,2652.72,0.0042,2652.72,0
5117304,"ילין לפידות תיק אג""ח ללא מניות","אג""ח כללי בארץ ללא מניות וללא סימן קריאה",,"אג""ח בארץ - כללי",2026-03-31,271240000.0,ילין לפידות,,False,False,0.0074,0.0,20071.760000000002,0.0074,20071.760000000002,0
5117312,ילין לפידות עוקבת תיק 2 הבנק הבינלאומי,"אג""ח כללי בארץ- עד 15% מניות",,"אג""ח בארץ - כללי",2026-03-31,458010000.0,ילין לפידות,,False,False,0.0079,0.0,36182.79,0.0079,36182.79,0
5117346,"תכלית TTF משולבת אגח ממשלתי קונצרני (85%) מניות (15%) מנוטרלת מט""ח חודשי",עד 20% מניות,,"אג""ח בארץ משולבת",2026-03-31,30810000.0,מיטב,,True,False,0.006500000000000001,0.0,2002.6500000000003,0.006500000000000001,2002.6500000000003,0
5117379,תכלית TTF תל גוב-צמודות 2-5,צמודות מדד ממשלתיות - בינוני,,"אג""ח בארץ- מדינה",2026-03-31,488790000.0,מיטב,,True,False,0.002,0.0,9775.800000000001,0.002,9775.800000000001,0
5117429,איביאי כספית נקובה דולר $,"נקובת מט""ח",,קרן כספית,2026-03-31,1758570000.0,אי.בי.אי,,False,False,0.0025,0.0,43964.25,0.0025,43964.25,1
5117437,קסם KTF תל בונד צמודות,בריבית קבועה,,"אג""ח בארץ- חברות והמרה",2026-03-31,336820000.0,קסם,,True,False,0.0026,0.0,8757.32,0.0026,8757.32,0
5117445,Gse Spot מחקר קונצרני,חברות והמרה ללא מניות וללא סימן קריאה,,"אג""ח בארץ- חברות והמרה",2026-03-31,38170000.0,איילון,ג'י. אס. אי. ספוט,False,False,0.009000000000000001,0.0,3435.3,0.009000000000000001,3435.3,0
5117460,"הראל תיק אג""ח + 15%","אג""ח כללי בארץ- עד 15% מניות",,"אג""ח בארץ - כללי",2026-03-31,220160000.0,הראל,,False,False,0.0074,0.0,16291.840000000002,0.0074,16291.840000000002,0
5117494,אי בי אי מחקה תל בונד צמודות יתר,בריבית קבועה,,"אג""ח בארץ- חברות והמרה",2026-03-31,90910000.0,אי.בי.אי,,True,False,0.002,0.0,1818.2,0.002,1818.2,0
5117502,"ילין לפידות (!) אג""ח חברות + 10%",חברות והמרה עם מניות ועם סימן קריאה,,"אג""ח בארץ- חברות והמרה",2026-03-31,987730000.0,ילין לפידות,,False,False,0.0091,0.0,89883.43000000001,0.0091,89883.43000000001,0
5117510,מור מדדית מדינה ללא מניות,"אג""ח מדינה צמוד מדד- ללא מניות",,"אג""ח בארץ- מדינה",2026-03-31,97660000.0,מור,,False,False,0.006500000000000001,0.0,6347.900000000001,0.006500000000000001,6347.900000000001,0
5117536,מגדל S&P 500,"ארה""ב חשופת מט""ח",,"מניות בחו""ל",2026-03-31,14900000.0,מגדל,,False,False,0.005,0.0,745.0,0.005,745.0,0
5117577,"איביאי אג""ח חברות מדורג",חברות והמרה ללא מניות וללא סימן קריאה,,"אג""ח בארץ- חברות והמרה",2026-03-31,303060000.0,אי.בי.אי,,False,False,0.0095,0.0,28790.699999999997,0.0095,28790.699999999997,0
5117585,מור מחקה NASDAQ 100,אמריקה- שווקים מפותחים,,"מניות בחו""ל",2026-03-31,644240000.0,מור,,True,False,0.005,0.0,32212.0,0.005,32212.0,0
5117601,מור מחקה S&P 500,אמריקה- שווקים מפותחים,,"מניות בחו""ל",2026-03-31,242810000.0,מור,,True,False,0.004,0.0,9712.400000000001,0.004,9712.400000000001,0
5117619,"איביאי תיק אג""ח כללי","אג""ח כללי בארץ ללא מניות וללא סימן קריאה",,"אג""ח בארץ - כללי",2026-03-31,56790000.0,אי.בי.אי,,False,False,0.0089,0.0,5054.3099999999995,0.0089,5054.3099999999995,0
5117627,איביאי מחקה משולבת ממשלתי חודשי,"אג""ח מדינה משולבת - ללא מניות",,"אג""ח בארץ- מדינה",2026-03-31,34470000.0,אי.בי.אי,,True,False,0.005,0.0,1723.5,0.005,1723.5,0
5117650,איילון 25/75 כשרה,"אג""ח כללי בארץ- עד 25% מניות",,"אג""ח בארץ - כללי",2026-03-31,129970000.0,איילון,,False,False,0.006500000000000001,0.0,8448.050000000001,0.006500000000000001,8448.050000000001,0
5117668,איילון תיק השקעות ללא מניות,"אג""ח כללי בארץ ללא מניות וללא סימן קריאה",,"אג""ח בארץ - כללי",2026-03-31,37870000.0,איילון,,False,False,0.0060999999999999995,0.0,2310.0699999999997,0.0060999999999999995,2310.0699999999997,0
5117684,"איילון אקסטרים ת""א 125 פי 3",ממונפות בסיכון גבוה,,ממונפות ואסטרטגיות,2026-03-31,183540000.0,איילון,,False,False,0.018500000000000003,0.0,33954.9,0.018500000000000003,33954.9,0
5117692,"איילון אקסטרים ת""א 35 פי 3",ממונפות בסיכון גבוה,,ממונפות ואסטרטגיות,2026-03-31,159240000.0,איילון,,False,False,0.018500000000000003,0.0,29459.400000000005,0.018500000000000003,29459.400000000005,0
5117700,איילון כספית,כספית שקלית עם קונצרני,,קרן כספית,2026-03-31,7747820000.0,איילון,,False,False,0.0018,0.0,139460.76,0.0018,139460.76,1
5117734,אימפקט 20/80,"אג""ח כללי בארץ- עד 20% מניות",,"אג""ח בארץ - כללי",2026-03-31,60640000.0,איילון,אימפקט,False,False,0.0085,0.0,5154.400000000001,0.0085,5154.400000000001,0
5117742,"איילון משקל שווה ת""א 35",מניות Large & Mid Cap,,מניות בארץ,2026-03-31,19620000.0,איילון,,False,False,0.0115,0.0,2256.3,0.0115,2256.3,0
5117759,איילון אקסטרים S&P 500 פי 3,ממונפות בסיכון גבוה,,ממונפות ואסטרטגיות,2026-03-31,123480000.0,איילון,,False,False,0.018500000000000003,0.0,22843.800000000003,0.018500000000000003,22843.800000000003,0
5117809,איילון אקסטרים דולר פי 3,ממונפות בסיכון גבוה,,ממונפות ואסטרטגיות,2026-03-31,10400000.0,איילון,,False,False,0.015,0.0,1559.9999999999998,0.015,1559.9999999999998,0
5117817,MTF מחקה תל בונד צמודות בנקים ללא COCO,בריבית קבועה,,"אג""ח בארץ- חברות והמרה",2026-03-31,110970000.0,מגדל,,True,False,0.0015,0.0,1664.55,0.0015,1664.55,0
5117833,אי בי אי מחקה תל גוב-צמודות 5-10,צמודות מדד ממשלתיות - ארוך,,"אג""ח בארץ- מדינה",2026-03-31,52760000.0,אי.בי.אי,,True,False,0.0015,0.0,791.4,0.0015,791.4,0
5117841,הראל עוקבת תיק מס' 2 - הבנק הבינלאומי,"אג""ח כללי בארץ- עד 15% מניות",,"אג""ח בארץ - כללי",2026-03-31,199670000.0,הראל,,False,False,0.0076,0.0,15174.92,0.0076,15174.92,0
5117866,MTF מחקה תל גוב-צמודות,צמודות מדד ממשלתיות - אחר,,"אג""ח בארץ- מדינה",2026-03-31,34480000.0,מגדל,,True,False,0.001,0.0,344.8,0.001,344.8,0
5117932,מגדל בונד צמוד A ומעלה,חברות והמרה ללא מניות וללא סימן קריאה,,"אג""ח בארץ- חברות והמרה",2026-03-31,406510000.0,מגדל,,False,False,0.0079,0.0,32114.290000000005,0.0079,32114.290000000005,0
5117957,אי בי אי מחקה (!) תל בונד-תשואות צמודות,בריבית קבועה,,"אג""ח בארץ- חברות והמרה",2026-03-31,232830000.0,אי.בי.אי,,True,False,0.002,0.0,4656.6,0.002,4656.6,0
5117973,"קסם אקטיב אירופה Index Plus - מנוטרלת מט""ח","מניות גיאוגרפי מוגנת מט""ח",,"מניות בחו""ל",2026-03-31,26750000.0,קסם,,False,False,0.0125,0.0,3343.75,0.0125,3343.75,0
5118021,קסם KTF תל בונד 60 צמודות,בריבית קבועה,,"אג""ח בארץ- חברות והמרה",2026-03-31,683180000.0,קסם,,True,False,0.0025,0.0,17079.5,0.0025,17079.5,0
5118039,קסם KTF תל גוב-שקלי 5+,ריבית קבועה - ארוך,,"אג""ח בארץ- מדינה",2026-03-31,48160000.0,קסם,,True,False,0.0,0.0,0.0,0.0,0.0,0
5118047,קסם KTF תל גוב-שקלי,ריבית קבועה,,"אג""ח בארץ- מדינה",2026-03-31,117020000.0,קסם,,True,False,0.0025,0.0,2925.5,0.0025,2925.5,0
5118054,קסם KTF תל גוב-צמודות 5-10,צמודות מדד ממשלתיות - ארוך,,"אג""ח בארץ- מדינה",2026-03-31,135470000.0,קסם,,True,False,0.0025,0.0,3386.75,0.0025,3386.75,0
5118062,קסם אקטיב עוקבת תיק 1 הבנק הבינלאומי,"אג""ח כללי בארץ- עד 5% מניות",,"אג""ח בארץ - כללי",2026-03-31,44930000.0,קסם,,False,False,0.0058,0.0,2605.9399999999996,0.0058,2605.9399999999996,0
5118088,"ילין לפידות (!) אג""ח TOTAL RETURN IL","אג""ח כללי בארץ ללא מניות עם סימן קריאה",,"אג""ח בארץ - כללי",2026-03-31,824060000.0,ילין לפידות,,False,False,0.0075,0.0,61804.49999999999,0.0075,61804.49999999999,0
5118112,"קסם אקטיב ארה""ב Index Plus כשרה","ארה""ב חשופת מט""ח",,"מניות בחו""ל",2026-03-31,229600000.0,קסם,,False,False,0.0182,0.0,41787.200000000004,0.0182,41787.200000000004,0
5118120,קסם KTFי (!) תל בונד-תשואות צמודות,בריבית קבועה,,"אג""ח בארץ- חברות והמרה",2026-03-31,154490000.0,קסם,,True,False,0.002,0.0,3089.8,0.002,3089.8,0
5118138,"קסם אקטיב אג""ח מדורג",חברות והמרה ללא מניות וללא סימן קריאה,,"אג""ח בארץ- חברות והמרה",2026-03-31,285630000.0,קסם,,False,False,0.0077,0.0,21993.510000000002,0.0077,21993.510000000002,0
5118146,קסם אקטיב תיק השקעות גמיש,גמישות,,גמישות,2026-03-31,414780000.0,קסם,,False,False,0.0184,0.0,76319.52,0.0184,76319.52,0
5118179,קסם iBoxx US Liquid Investment Grade Top 30 KTF,"חברות והמרה חשופת מט""ח",,"אג""ח בחו""ל",2026-03-31,111870000.0,קסם,,True,False,0.0025,0.0,2796.75,0.0025,2796.75,0
5118187,"מגדל (!) הזדמנויות אג""ח תשואה גבוהה",חברות והמרה בסיכון גבוה,,"אג""ח בארץ- חברות והמרה",2026-03-31,416270000.0,מגדל,,False,False,0.0125,0.0,52033.75,0.0125,52033.75,0
5118195,מגדל (!) 10/90 פלוס,"אג""ח כללי בארץ- עד 10% מניות ועם סימן קריאה",,"אג""ח בארץ - כללי",2026-03-31,52820000.0,מגדל,,False,False,0.0089,0.0,4700.98,0.0089,4700.98,0
5118237,"מיטב אג""ח + 20%","אג""ח כללי בארץ- עד 20% מניות",,"אג""ח בארץ - כללי",2026-03-31,156210000.0,מיטב,,False,False,0.0079,0.0,12340.590000000002,0.0079,12340.590000000002,0
5118260,טרגט 20/80,"אג""ח כללי בארץ- עד 20% מניות",,"אג""ח בארץ - כללי",2026-03-31,24960000.0,איילון,טרגט,False,False,0.0055000000000000005,0.0,1372.8000000000002,0.0055000000000000005,1372.8000000000002,0
5118310,איביאי 10/90,"אג""ח כללי בארץ- עד 10% מניות ללא סימן קריאה",,"אג""ח בארץ - כללי",2026-03-31,268720000.0,אי.בי.אי,,False,False,0.0075,0.0,20154.0,0.0075,20154.0,0
5118328,"אנליסט אג""ח מדורג A ומעלה מח""מ 1-4 שנים","חברות והמרה ללא מניות וללא סימן קריאה, עם מגבלת מח""מ עד 5 שנים",,"אג""ח בארץ- חברות והמרה",2026-03-31,395750000.0,אנליסט,,False,False,0.0068000000000000005,0.0,26911.0,0.0068000000000000005,26911.0,0
5118369,ילין לפידות מדינה ללא מניות,"אג""ח מדינה כללי- ללא מניות",,"אג""ח בארץ- מדינה",2026-03-31,79590000.0,ילין לפידות,,False,False,0.0055000000000000005,0.0,4377.450000000001,0.0055000000000000005,4377.450000000001,0
5118377,ילין לפידות מדינה צמוד קצר,"אג""ח מדינה צמוד מדד- עד 10% מניות",,"אג""ח בארץ- מדינה",2026-03-31,606280000.0,ילין לפידות,,False,False,0.0068000000000000005,0.0,41227.04,0.0068000000000000005,41227.04,0
5118385,מגדל תיק 25/75,"אג""ח כללי בארץ- עד 25% מניות",,"אג""ח בארץ - כללי",2026-03-31,289030000.0,מגדל,,False,False,0.0079,0.0,22833.370000000003,0.0079,22833.370000000003,0
5118393,תכלית TTF תל גוב-כללי,"אג""ח מדינה שיקלי וצמוד",,"אג""ח בארץ- מדינה",2026-03-31,86490000.0,מיטב,,True,False,0.0015,0.0,1297.3500000000001,0.0015,1297.3500000000001,0
5118419,הראל מחקה S&P 500 נקובה ב-$,אמריקה- שווקים מפותחים,,"מניות בחו""ל",2026-03-31,125960000.0,הראל,,True,False,0.002,0.0,2519.2000000000003,0.002,2519.2000000000003,0
5118435,דיאמונד 20/80 כשרה,"אג""ח כללי בארץ- עד 20% מניות",,"אג""ח בארץ - כללי",2026-03-31,54120000.0,איילון,דיאמונד,False,False,0.0139,0.0,7522.679999999999,0.0139,7522.679999999999,0
5118450,"MTF מחקה משולבת אג""ח ישראל (90%) מניות חו""ל (10%) חודשי מנוטרלת מט""ח",עד 10% מניות,,"אג""ח בארץ משולבת",2026-03-31,53560000.0,מגדל,,True,False,0.0049,0.0,2624.44,0.0049,2624.44,0
5118476,"אלטשולר שחם אג""ח מדינה + 20%","אג""ח מדינה כללי- עד 20% מניות",,"אג""ח בארץ- מדינה",2026-03-31,55950000.0,אלטשולר שחם,,False,False,0.0075,0.0,4196.25,0.0075,4196.25,0
5118534,"קסם אקטיב (!) אג""ח חו""ל דולר HY","אג""ח חשופת דולר",,"אג""ח בחו""ל",2026-03-31,29820000.0,קסם,,False,False,0.0075,0.0,2236.5,0.0075,2236.5,0
5118559,מור מחקה תל בונד צמודות-בנקים ללא COCO,בריבית קבועה,,"אג""ח בארץ- חברות והמרה",2026-03-31,21290000.0,מור,,True,False,0.002,0.0,425.8,0.002,425.8,0
5118591,"אלטשולר שחם (!) אג""ח ארה""ב/חו""ל קונצרני עד 10% מט""ח","אג""ח מוגנת מט""ח",,"אג""ח בחו""ל",2026-03-31,358900000.0,אלטשולר שחם,,False,False,0.0095,0.0,34095.5,0.0095,34095.5,0
5118609,"אלטשולר שחם שווקים מפותחים עד 30% מט""ח","מניות גיאוגרפי מוגנת מט""ח",,"מניות בחו""ל",2026-03-31,852310000.0,אלטשולר שחם,,False,False,0.015,0.0,127846.49999999999,0.015,127846.49999999999,0
5118617,ילין לפידות 25/75,"אג""ח כללי בארץ- עד 25% מניות",,"אג""ח בארץ - כללי",2026-03-31,842800000.0,ילין לפידות,,False,False,0.0079,0.0,66581.20000000001,0.0079,66581.20000000001,0
5118625,איילון עוקבת תיק 3 הבנק הבינלאומי,"אג""ח כללי בארץ- עד 30% מניות",,"אג""ח בארץ - כללי",2026-03-31,238900000.0,איילון,,False,False,0.006,0.0,14334.0,0.006,14334.0,0
5118633,"מור (!) תיק אג""ח קונצרני",חברות והמרה ללא מניות עם סימן קריאה,,"אג""ח בארץ- חברות והמרה",2026-03-31,720040000.0,מור,,False,False,0.0088,0.0,63363.52000000001,0.0088,63363.52000000001,0
5118641,"מור אג""ח מדינה - כשרה","אג""ח מדינה כללי- ללא מניות",,"אג""ח בארץ- מדינה",2026-03-31,141390000.0,מור,,False,False,0.0064,0.0,9048.96,0.0064,9048.96,0
5118666,"תמיר פישמן אג""ח מדינה פלוס","אג""ח מדינה כללי- ללא מניות",,"אג""ח בארץ- מדינה",2026-03-31,22610000.0,תמיר פישמן,,False,False,0.0055000000000000005,0.0,1243.5500000000002,0.0055000000000000005,1243.5500000000002,0
5118674,FORESTי 20/80,"אג""ח כללי בארץ- עד 20% מניות",,"אג""ח בארץ - כללי",2026-03-31,1231540000.0,פורסט,,False,False,0.0095,0.0,116996.29999999999,0.0095,116996.29999999999,0
5118690,"איביאי מחקה משולבת STOXX Europe 600י (70%) DAXי (30%) חודשי מנוטרלת מט""ח","מניות בחו""ל קרן משולבת",,"מניות בחו""ל",2026-03-31,53630000.0,אי.בי.אי,,True,False,0.008,0.0,4290.400000000001,0.008,4290.400000000001,0
5118716,מיטב תיק השקעות + 30%,"אג""ח כללי בארץ- עד 30% מניות",,"אג""ח בארץ - כללי",2026-03-31,474090000.0,מיטב,,False,False,0.0079,0.0,37453.11000000001,0.0079,37453.11000000001,0
5118724,"תכלית TTF משולבת אגח ממשלתי קונצרני (90%) מניות (20%) מנוטרלת מט""ח חודשי",עד 20% מניות,,"אג""ח בארץ משולבת",2026-03-31,49210000.0,מיטב,,True,False,0.006500000000000001,0.0,3198.6500000000005,0.006500000000000001,3198.6500000000005,0
5118740,"תכלית TTF ת""א 90",Mid Cap,,מניות בארץ,2026-03-31,609290000.0,מיטב,,True,False,0.0,0.0,0.0,0.0,0.0,0
5118757,תכלית TTF תל בונד צמודות-בנקים ללא COCO,בריבית קבועה,,"אג""ח בארץ- חברות והמרה",2026-03-31,56680000.0,מיטב,,True,False,0.002,0.0,1133.6000000000001,0.002,1133.6000000000001,0
5118765,טרגט 10/90,"אג""ח כללי בארץ- עד 10% מניות ללא סימן קריאה",,"אג""ח בארץ - כללי",2026-03-31,83200000.0,איילון,טרגט,False,False,0.0055000000000000005,0.0,4576.000000000001,0.0055000000000000005,4576.000000000001,0
5118773,"טרגט אג""ח חברות (!) ללא מניות",חברות והמרה ללא מניות עם סימן קריאה,,"אג""ח בארץ- חברות והמרה",2026-03-31,41990000.0,איילון,טרגט,False,False,0.0055000000000000005,0.0,2309.4500000000003,0.0055000000000000005,2309.4500000000003,0
5118781,"קסם Morningstar Wide Moat Focus KTF מנוטרלת מט""ח",אמריקה- כללי,,"מניות בחו""ל",2026-03-31,276200000.0,קסם,,True,False,0.008,0.0,22096.0,0.008,22096.0,0
5118799,מגדל עוקבת תיק 3 הבנק הבינלאומי,"אג""ח כללי בארץ- עד 30% מניות",,"אג""ח בארץ - כללי",2026-03-31,202060000.0,מגדל,,False,False,0.0069,0.0,13942.14,0.0069,13942.14,0
5118815,קסם אקטיב (!) מבחר קונצרני + 10%,חברות והמרה עם מניות ועם סימן קריאה,,"אג""ח בארץ- חברות והמרה",2026-03-31,88480000.0,קסם,,False,False,0.0083,0.0,7343.84,0.0083,7343.84,0
5118849,הראל מניות ישראל Large & Mid Cap,מניות Large & Mid Cap,,מניות בארץ,2026-03-31,230430000.0,הראל,,False,False,0.0195,0.0,44933.85,0.0195,44933.85,0
5118872,"קסם אקטיב סקטורים חו""ל - מנוטרלת מט""ח","מניות לפי ענפים בחו""ל",,"מניות בחו""ל",2026-03-31,66489999.99999999,קסם,,False,False,0.0155,0.0,10305.949999999999,0.0155,10305.949999999999,0
5118880,קסם אקטיב קונצרני צמוד דולר פלוס,חברות והמרה ללא מניות וללא סימן קריאה,,"אג""ח בארץ- חברות והמרה",2026-03-31,24880000.0,קסם,,False,False,0.0078000000000000005,0.0,1940.6399999999999,0.0078000000000000005,1940.6399999999999,0
5118898,קסם אקטיב מניות ישראל Buy Side,מניות All Cap,,מניות בארץ,2026-03-31,123810000.0,קסם,,False,False,0.0161,0.0,19933.41,0.0161,19933.41,0
5118930,מיטב מניות ESG ישראל,מניות All Cap,,מניות בארץ,2026-03-31,279080000.0,מיטב,,False,False,0.015,0.0,41861.99999999999,0.015,41861.99999999999,0
5118948,הורייזן 30/70,"אג""ח כללי בארץ- עד 30% מניות",,"אג""ח בארץ - כללי",2026-03-31,263120000.0,איילון,הורייזן,False,False,0.009000000000000001,0.0,23680.800000000003,0.009000000000000001,23680.800000000003,0
5118955,הורייזן 20/80,"אג""ח כללי בארץ- עד 20% מניות",,"אג""ח בארץ - כללי",2026-03-31,212000000.0,איילון,הורייזן,False,False,0.009000000000000001,0.0,19080.0,0.009000000000000001,19080.0,0
5118963,אנליסט פיזור רחב 10/90,"אג""ח כללי בארץ- עד 10% מניות ללא סימן קריאה",,"אג""ח בארץ - כללי",2026-03-31,288170000.0,אנליסט,,False,False,0.0076,0.0,21900.920000000002,0.0076,21900.920000000002,0
5118997,"MTF מחקה ת""א SME60",Mid  & Small Cap,,מניות בארץ,2026-03-31,212940000.0,מגדל,,True,False,0.005,0.0,10647.0,0.005,10647.0,0
5119003,"קסם אקטיב מניות ארה""ב","ארה""ב חשופת מט""ח",,"מניות בחו""ל",2026-03-31,153800000.0,קסם,,False,False,0.0161,0.0,24761.800000000003,0.0161,24761.800000000003,0
5119060,ילין לפידות 5/95,"אג""ח כללי בארץ- עד 5% מניות",,"אג""ח בארץ - כללי",2026-03-31,68760000.0,ילין לפידות,,False,False,0.0054,0.0,3713.0400000000004,0.0054,3713.0400000000004,0
5119078,מור מדינה + 10%,"אג""ח מדינה כללי- עד 10% מניות",,"אג""ח בארץ- מדינה",2026-03-31,401610000.0,מור,,False,False,0.0059,0.0,23694.989999999998,0.0059,23694.989999999998,0
5119086,"מור תיק אג""ח + 30%","אג""ח כללי בארץ- עד 30% מניות",,"אג""ח בארץ - כללי",2026-03-31,959040000.0,מור,,False,False,0.0076,0.0,72887.04000000001,0.0076,72887.04000000001,0
5119144,"אנליסט מניות חו""ל","מניות כללי בחו""ל חשופת מט""ח",,"מניות בחו""ל",2026-03-31,25630000.0,אנליסט,,False,False,0.024,0.0,6151.2,0.024,6151.2,0
5119151,MTF מחקה תל בונד מאגר,"אג""ח חברות שקלי וצמוד",,"אג""ח בארץ- חברות והמרה",2026-03-31,161290000.0,מגדל,,True,False,0.0017000000000000001,0.0,2741.93,0.0017000000000000001,2741.93,0
5119177,מור מחקה תל בונד מאגר,אחר,,"אג""ח בארץ- חברות והמרה",2026-03-31,44940000.0,מור,,True,False,0.0025,0.0,1123.5,0.0025,1123.5,0
5119185,"איביאי מחקה משולבת מניות ארה""ב חודשי מנוטרלת מט""ח","מניות בחו""ל קרן משולבת",,"מניות בחו""ל",2026-03-31,341650000.0,אי.בי.אי,,True,False,0.005,0.0,17082.5,0.005,17082.5,0
5119201,"אלטשולר שחם מחקה Low Volatility ת""א 125 A.B SmartBeta",Large & Mid Cap,,מניות בארץ,2026-03-31,261490000.0,אלטשולר שחם,,True,False,0.008,0.0,20919.2,0.008,20919.2,0
5119219,"אלטשולר שחם מחקה מולטי פקטור ת""א 125 A.B SmartBeta",Large & Mid Cap,,מניות בארץ,2026-03-31,563300000.0,אלטשולר שחם,,True,False,0.008,0.0,45064.00000000001,0.008,45064.00000000001,0
5119227,"אלטשולר שחם מחקה SmartBeta משולבת אג""ח (90%) ומניות (10%) חודשי",עד 10% מניות,,"אג""ח בארץ משולבת",2026-03-31,15320000.0,אלטשולר שחם,,True,False,0.0055000000000000005,0.0,842.6000000000001,0.0055000000000000005,842.6000000000001,0
5119235,אלטשולר שחם מחקה מומנטום קונצרני (-A) ומעלה A.B SmartBeta,"אג""ח חברות שקלי וצמוד",,"אג""ח בארץ- חברות והמרה",2026-03-31,12460000.0,אלטשולר שחם,,True,False,0.005,0.0,623.0,0.005,623.0,0
5119243,ילין לפידות (!) 10/90 צמיחה,"אג""ח כללי בארץ- עד 10% מניות ועם סימן קריאה",,"אג""ח בארץ - כללי",2026-03-31,1020690000.0,ילין לפידות,,False,False,0.0079,0.0,80634.51000000001,0.0079,80634.51000000001,0
5119318,איביאי מחקה MSCI Emerging Markets,גלובלי- שווקים מתעוררים,,"מניות בחו""ל",2026-03-31,114120000.0,אי.בי.אי,,True,False,0.008,0.0,9129.6,0.008,9129.6,0
5119359,מיטב 5/95,"אג""ח כללי בארץ- עד 5% מניות",,"אג""ח בארץ - כללי",2026-03-31,38620000.0,מיטב,,False,False,0.005600000000000001,0.0,2162.7200000000003,0.005600000000000001,2162.7200000000003,0
5119367,"מיטב אג""ח פלוס","אג""ח כללי בארץ- עד 10% מניות ללא סימן קריאה",,"אג""ח בארץ - כללי",2026-03-31,74700000.0,מיטב,,False,False,0.0069,0.0,5154.3,0.0069,5154.3,0
5119375,תכלית TTF תל גוב-שקלי 5+,ריבית קבועה - ארוך,,"אג""ח בארץ- מדינה",2026-03-31,158060000.0,מיטב,,True,False,0.0,0.0,0.0,0.0,0.0,0
5119383,תכלית TTF תל גוב-צמודות 5-10,צמודות מדד ממשלתיות - ארוך,,"אג""ח בארץ- מדינה",2026-03-31,84860000.0,מיטב,,True,False,0.0,0.0,0.0,0.0,0.0,0
5119409,הראל כספית שקלית,כספית שקלית עם קונצרני,,קרן כספית,2026-03-31,4366640000.0,הראל,,False,False,0.0019,0.0,82966.16,0.0019,82966.16,1
5119417,איביאי 15/85,"אג""ח כללי בארץ- עד 15% מניות",,"אג""ח בארץ - כללי",2026-03-31,399930000.0,אי.בי.אי,,False,False,0.0079,0.0,31594.470000000005,0.0079,31594.470000000005,0
5119425,"איביאי (!) אג""ח חברות",חברות והמרה ללא מניות עם סימן קריאה,,"אג""ח בארץ- חברות והמרה",2026-03-31,534400000.0,אי.בי.אי,,False,False,0.0089,0.0,47561.6,0.0089,47561.6,0
5119441,"הראל תיק אג""ח קונצרני - כשרה","חברות והמרה ללא מניות וללא סימן קריאה, עם מגבלת מח""מ עד 5 שנים",,"אג""ח בארץ- חברות והמרה",2026-03-31,413540000.0,הראל,,False,False,0.011000000000000001,0.0,45489.40000000001,0.011000000000000001,45489.40000000001,0
5119458,"הראל (!) תיק אג""ח כללי - כשרה","אג""ח כללי בארץ ללא מניות עם סימן קריאה",,"אג""ח בארץ - כללי",2026-03-31,493890000.0,הראל,,False,False,0.011399999999999999,0.0,56303.46,0.011399999999999999,56303.46,0
5119466,מור מניות ישראל,מניות All Cap,,מניות בארץ,2026-03-31,2422120000.0,מור,,False,False,0.0169,0.0,409338.27999999997,0.0169,409338.27999999997,0
5119508,ילין לפידות מניות צמיחה,מניות All Cap,,מניות בארץ,2026-03-31,459830000.0,ילין לפידות,,False,False,0.018000000000000002,0.0,82769.40000000001,0.018000000000000002,82769.40000000001,0
5119607,"אנליסט אג""ח מדינה עד 5 שנים ללא מניות","אג""ח מדינה כללי- ללא מניות",,"אג""ח בארץ- מדינה",2026-03-31,205980000.0,אנליסט,,False,False,0.0062,0.0,12770.76,0.0062,12770.76,0
5119615,"MTF מחקה משולבת אג""ח ישראל (85%) מניות (15%) חודשי מנוטרלת מט""ח",עד 20% מניות,,"אג""ח בארץ משולבת",2026-03-31,17150000.0,מגדל,,True,False,0.0049,0.0,840.35,0.0049,840.35,0
5119623,"MTF מחקה משולבת ממשלתי (90%) מניות (10%) חודשי מנוטרלת מט""ח","אג""ח מדינה משולבת - עד 10% מניות",,"אג""ח בארץ- מדינה",2026-03-31,15020000.0,מגדל,,True,False,0.0049,0.0,735.98,0.0049,735.98,0
5119664,קסם אקטיב ממשלתי צמוד בינוני,"אג""ח מדינה צמוד מדד- ללא מניות",,"אג""ח בארץ- מדינה",2026-03-31,781060000.0,קסם,,False,False,0.0064,0.0,49987.84,0.0064,49987.84,0
5119672,"אנליסט (!) אג""ח פיזור רחב ללא מניות","אג""ח כללי בארץ ללא מניות עם סימן קריאה",,"אג""ח בארץ - כללי",2026-03-31,71710000.0,אנליסט,,False,False,0.006500000000000001,0.0,4661.150000000001,0.006500000000000001,4661.150000000001,0
5119706,"איביאי מחקה משולבת אג""ח (90%) מניות (10%) חודשי",עד 10% מניות,,"אג""ח בארץ משולבת",2026-03-31,61840000.0,אי.בי.אי,,True,False,0.005,0.0,3092.0,0.005,3092.0,0
5119730,"קסם אקטיב ספיר חו""ל 30/70 - נקובה $","אג""ח נקובת מט""ח",,"אג""ח בחו""ל",2026-03-31,294100000.0,קסם,,False,False,0.0079,0.0,23233.9,0.0079,23233.9,0
5119763,הראל מחקה משולבת מדינה (90%) מניות ישראל-חול (10%) חודשי,"אג""ח מדינה משולבת - עד 10% מניות",,"אג""ח בארץ- מדינה",2026-03-31,24620000.0,הראל,,True,False,0.003,0.0,738.6,0.003,738.6,0
5119813,מור כספית,כספית שקלית עם קונצרני,,קרן כספית,2026-03-31,4478430000.0,מור,,False,False,0.0024,0.0,107482.31999999999,0.0024,107482.31999999999,1
5119821,מור 15/85,"אג""ח כללי בארץ- עד 15% מניות",,"אג""ח בארץ - כללי",2026-03-31,910650000.0,מור,,False,False,0.0073,0.0,66477.45,0.0073,66477.45,0
5119839,"איביאי (!) אג""ח חו""ל מנוטרלת מט""ח","אג""ח מוגנת מט""ח",,"אג""ח בחו""ל",2026-03-31,22280000.0,אי.בי.אי,,False,False,0.006999999999999999,0.0,1559.6,0.006999999999999999,1559.6,0
5119854,פרופאונד מנייתית,מניות All Cap,,מניות בארץ,2026-03-31,717340000.0,איילון,פרופאונד,False,False,0.018500000000000003,0.0,132707.90000000002,0.018500000000000003,132707.90000000002,0
5119862,"דיאמונד אג""ח ללא מניות אור החיים","אג""ח כללי בארץ ללא מניות וללא סימן קריאה",,"אג""ח בארץ - כללי",2026-03-31,750380000.0,איילון,דיאמונד,False,False,0.0079,0.0,59280.020000000004,0.0079,59280.020000000004,0
5119904,"אי בי אי מחקה משולבת אג""ח ישראל (100%) חודשי",ללא מניות,,"אג""ח בארץ משולבת",2026-03-31,51580000.0,אי.בי.אי,,True,False,0.005,0.0,2579.0,0.005,2579.0,0
5119953,ילין לפידות A ומעלה עד 4 שנים,"חברות והמרה ללא מניות וללא סימן קריאה, עם מגבלת מח""מ עד 5 שנים",,"אג""ח בארץ- חברות והמרה",2026-03-31,744050000.0,ילין לפידות,,False,False,0.0076,0.0,56547.8,0.0076,56547.8,0
5119961,"ילין לפידות (!) אג""ח חו""ל","אג""ח חשופת מט""ח",,"אג""ח בחו""ל",2026-03-31,80180000.0,ילין לפידות,,False,False,0.0079,0.0,6334.220000000001,0.0079,6334.220000000001,0
5119987,אושן יצירה תיק מניות,מניות All Cap,,מניות בארץ,2026-03-31,64650000.00000001,סיגמא,אושן פרטנרס,False,False,0.018500000000000003,0.0,11960.250000000004,0.018500000000000003,11960.250000000004,0
5120001,"אושן יצירה (!) תיק אג""ח ללא מניות","אג""ח כללי בארץ ללא מניות עם סימן קריאה",,"אג""ח בארץ - כללי",2026-03-31,211900000.0,סיגמא,אושן פרטנרס,False,False,0.008,0.0,16952.0,0.008,16952.0,0
5120068,"ילין לפידות (!) אג""ח קונצרני",חברות והמרה ללא מניות עם סימן קריאה,,"אג""ח בארץ- חברות והמרה",2026-03-31,1140190000.0,ילין לפידות,,False,False,0.0089,0.0,101476.90999999999,0.0089,101476.90999999999,0
5120126,"ילין לפידות 10/90 תיק אג""ח חו""ל ומניות","אג""ח חשופת מט""ח",,"אג""ח בחו""ל",2026-03-31,371290000.0,ילין לפידות,,False,False,0.0079,0.0,29331.910000000003,0.0079,29331.910000000003,0
5120225,אימפקט מניות,מניות All Cap,,מניות בארץ,2026-03-31,88310000.0,איילון,אימפקט,False,False,0.016,0.0,14129.6,0.016,14129.6,0
5120282,"איביאי מחקה Solactive נדל""ן מניב ישראל","נדל""ן ובנייה",,מניות בארץ,2026-03-31,127430000.0,אי.בי.אי,,True,False,0.008,0.0,10194.400000000001,0.008,10194.400000000001,0
5120340,הראל עוקבת מרכיב נזילות - הבנק הבינלאומי,"חברות והמרה ללא מניות וללא סימן קריאה, עם מגבלת מח""מ עד 5 שנים",,"אג""ח בארץ- חברות והמרה",2026-03-31,38190000.0,הראל,,False,False,0.0049,0.0,1871.31,0.0049,1871.31,0
5120381,"איילון (!) אג""ח ללא מניות","אג""ח כללי בארץ ללא מניות עם סימן קריאה",,"אג""ח בארץ - כללי",2026-03-31,42420000.0,איילון,,False,False,0.0068000000000000005,0.0,2884.56,0.0068000000000000005,2884.56,0
5120423,מגדל תיק 10/90,"אג""ח כללי בארץ- עד 10% מניות ללא סימן קריאה",,"אג""ח בארץ - כללי",2026-03-31,597820000.0,מגדל,,False,False,0.0079,0.0,47227.780000000006,0.0079,47227.780000000006,0
5120464,"תמיר פישמן אג""ח חו""ל בריבית משתנה","אג""ח חשופת מט""ח",,"אג""ח בחו""ל",2026-03-31,51920000.0,תמיר פישמן,,False,False,0.0085,0.0,4413.200000000001,0.0085,4413.200000000001,0
5120514,"מגדל אפיקים חו""ל","מניות כללי בחו""ל חשופת מט""ח",,"מניות בחו""ל",2026-03-31,61190000.0,מגדל,,False,False,0.0297,0.0,18173.43,0.0297,18173.43,0
5120522,תמיר פישמן מניות,מניות All Cap,,מניות בארץ,2026-03-31,2446080000.0,תמיר פישמן,,False,False,0.0179,0.0,437848.31999999995,0.0179,437848.31999999995,0
5120563,אי בי אי מחקה All-Bond-ריבית משתנה שקלי,בריבית  משתנה,,"אג""ח בארץ- חברות והמרה",2026-03-31,16460000.0,אי.בי.אי,,True,False,0.002,0.0,329.20000000000005,0.002,329.20000000000005,0
5120613,סיגמא מניות ישראל,מניות All Cap,,מניות בארץ,2026-03-31,1717110000.0,סיגמא,,False,False,0.0159,0.0,273020.49000000005,0.0159,273020.49000000005,0
5120647,איביאי מדינה פלוס A ומעלה,"אג""ח מדינה כללי- ללא מניות",,"אג""ח בארץ- מדינה",2026-03-31,898070000.0,אי.בי.אי,,False,False,0.006999999999999999,0.0,62864.899999999994,0.006999999999999999,62864.899999999994,0
5120662,"איביאי (!) תיק אג""ח + 10%","אג""ח כללי בארץ- עד 10% מניות ועם סימן קריאה",,"אג""ח בארץ - כללי",2026-03-31,798410000.0,אי.בי.אי,,False,False,0.0069,0.0,55090.29,0.0069,55090.29,0
5120704,"סיגמא (!) תיק אג""ח ללא מניות","אג""ח כללי בארץ ללא מניות עם סימן קריאה",,"אג""ח בארץ - כללי",2026-03-31,72090000.0,סיגמא,,False,False,0.0076,0.0,5478.84,0.0076,5478.84,0
5120720,"סיגמא (!) תיק אג""ח + 10%","אג""ח כללי בארץ- עד 10% מניות ועם סימן קריאה",,"אג""ח בארץ - כללי",2026-03-31,63650000.0,סיגמא,,False,False,0.0079,0.0,5028.35,0.0079,5028.35,0
5120738,מיטב (!) שקלי קונצרני עד 4 שנים,חברות והמרה שקלי ללא מניות,,"אג""ח בארץ- חברות והמרה",2026-03-31,51020000.0,מיטב,,False,False,0.0062,0.0,3163.2400000000002,0.0062,3163.2400000000002,0
5120779,"הראל השקעות ת""א Large & Mid Cap",מניות Large & Mid Cap,,מניות בארץ,2026-03-31,59930000.0,הראל,,False,False,0.013999999999999999,0.0,8390.199999999999,0.013999999999999999,8390.199999999999,0
5120795,אנליסט גמישה,גמישות,,גמישות,2026-03-31,378690000.0,אנליסט,,False,False,0.019299999999999998,0.0,73087.16999999998,0.019299999999999998,73087.16999999998,0
5120811,אנליסט מניות,מניות All Cap,,מניות בארץ,2026-03-31,423650000.0,אנליסט,,False,False,0.020499999999999997,0.0,86848.24999999999,0.020499999999999997,86848.24999999999,0
5120837,אנליסט תעשיות,מניות לפי ענפים,,מניות בארץ,2026-03-31,131460000.00000001,אנליסט,,False,False,0.020499999999999997,0.0,26949.3,0.020499999999999997,26949.3,0
5120852,אנליסט כספית שקלית,כספית שקלית עם קונצרני,,קרן כספית,2026-03-31,6007070000.0,אנליסט,,False,False,0.00169,0.0,101519.48300000001,0.00169,101519.48300000001,1
5120886,מיטב סולידית,"אג""ח כללי בארץ בדירוג גבוה בלבד (AA ומעלה ו/ או מדינה)",,"אג""ח בארץ - כללי",2026-03-31,487580000.0,מיטב,,False,False,0.0079,0.0,38518.82000000001,0.0079,38518.82000000001,0
5120894,"אנליסט אג""ח חברות + 30%",חברות והמרה עם מניות ללא סימן קריאה,,"אג""ח בארץ- חברות והמרה",2026-03-31,27810000.0,אנליסט,,False,False,0.019,0.0,5283.9,0.019,5283.9,0
5120902,"מיטב עוקבת תיק 2 חו""ל הבנק הבינלאומי","אג""ח חשופת מט""ח",,"אג""ח בחו""ל",2026-03-31,93110000.0,מיטב,,False,False,0.0069,0.0,6424.589999999999,0.0069,6424.589999999999,0
5120910,"אנליסט אג""ח מדינה + 10%","אג""ח מדינה כללי- עד 10% מניות",,"אג""ח בארץ- מדינה",2026-03-31,31200000.0,אנליסט,,False,False,0.0059,0.0,1840.8,0.0059,1840.8,0
5120951,אזימוט 25/75,"אג""ח כללי בארץ- עד 25% מניות",,"אג""ח בארץ - כללי",2026-03-31,16200000.0,איילון,אזימוטליין,False,False,0.0075,0.0,1215.0,0.0075,1215.0,0
5120977,"ילין לפידות מניות חו""ל","מניות כללי בחו""ל חשופת מט""ח",,"מניות בחו""ל",2026-03-31,467980000.0,ילין לפידות,,False,False,0.017,0.0,79556.6,0.017,79556.6,0
5120993,"קסם אקטיב אג""ח חו""ל מנוטרלת מט""ח","אג""ח מוגנת מט""ח",,"אג""ח בחו""ל",2026-03-31,189250000.0,קסם,,False,False,0.0075,0.0,14193.749999999998,0.0075,14193.749999999998,0
5121025,קסם KTFי All-Bond ריבית משתנה שקלי,"אג""ח בארץ כללי",,"אג""ח בארץ כללי",2026-03-31,18290000.0,קסם,,True,False,0.0034999999999999996,0.0,640.15,0.0034999999999999996,640.15,0
5121058,קסם אקטיב כספית דולר מגמת ריבית,חשופת דולר,,קרן כספית,2026-03-31,160340000.0,קסם,,False,False,0.0019,0.0,3046.46,0.0019,3046.46,1
5121090,מור מדדית מדינה + 20%,"אג""ח מדינה כללי- עד 20% מניות",,"אג""ח בארץ- מדינה",2026-03-31,411520000.0,מור,,False,False,0.006500000000000001,0.0,26748.800000000003,0.006500000000000001,26748.800000000003,0
5121132,קסם Bluestar Israel Global Technology KTF,Technology,,"מניות בחו""ל",2026-03-31,17720000.0,קסם,,True,False,0.008,0.0,1417.6000000000001,0.008,1417.6000000000001,0
5121140,אנליסט כספית,כספית שקלית עם קונצרני,,קרן כספית,2026-03-31,5647520000.0,אנליסט,,False,False,0.00215,0.0,121421.68000000001,0.00215,121421.68000000001,1
5121181,"ילין לפידות 10/90 תיק אג""ח חו""ל ומניות עד 30% מט""ח","אג""ח מוגנת מט""ח",,"אג""ח בחו""ל",2026-03-31,25930000.0,ילין לפידות,,False,False,0.006999999999999999,0.0,1815.1,0.006999999999999999,1815.1,0
5121207,"MTF מחקה iBoxx US Liquid Investment Grade Top 30 מנוטרלת מט""ח","חברות והמרה  מנוטרלת מט""ח",,"אג""ח בחו""ל",2026-03-31,442380000.0,מגדל,,True,False,0.0025,0.0,11059.5,0.0025,11059.5,0
5121223,קסם KTF (!) תל בונד תשואות שקל,בריבית קבועה,,"אג""ח בארץ- חברות והמרה",2026-03-31,29000000.0,קסם,,True,False,0.0025,0.0,725.0,0.0025,725.0,0
5121249,"מור 10/90 תיק אג""ח חו""ל","אג""ח חשופת מט""ח",,"אג""ח בחו""ל",2026-03-31,204400000.0,מור,,False,False,0.0084,0.0,17169.6,0.0084,17169.6,0
5121272,מיטב מדינה,"אג""ח מדינה כללי- ללא מניות",,"אג""ח בארץ- מדינה",2026-03-31,521760000.0,מיטב,,False,False,0.0069,0.0,36001.439999999995,0.0069,36001.439999999995,0
5121306,"אלטשולר שחם מחקה SmartBeta משולבת ת""א Large Cap חודשי",מניות בארץ קרן משולבת,,מניות בארץ,2026-03-31,89840000.0,אלטשולר שחם,,True,False,0.008,0.0,7187.200000000001,0.008,7187.200000000001,0
5121322,"תכלית TTF משולבת סל מניות חו""ל חודשי","מניות בחו""ל קרן משולבת",,"מניות בחו""ל",2026-03-31,72220000.0,מיטב,,True,False,0.006999999999999999,0.0,5055.4,0.006999999999999999,5055.4,0
5121330,"קסם אקטיב ספיר תיק אג""ח ומניות חו""ל","אג""ח חשופת מט""ח",,"אג""ח בחו""ל",2026-03-31,121190000.0,קסם,,False,False,0.0075,0.0,9089.25,0.0075,9089.25,0
5121363,אלפי בנדק 20/80,"אג""ח כללי בארץ- עד 20% מניות",,"אג""ח בארץ - כללי",2026-03-31,41270000.0,הראל,אלפי בנדק,False,False,0.0079,0.0,3260.3300000000004,0.0079,3260.3300000000004,0
5121405,MTF מחקה משולבת תל גוב-צמודות 2-5 (60%) קונצרני צמוד (40%) חודשי,ללא מניות,,"אג""ח בארץ משולבת",2026-03-31,45080000.0,מגדל,,True,False,0.0039000000000000003,0.0,1758.12,0.0039000000000000003,1758.12,0
5121413,MTF מחקה משולבת ממשלתיות (60%) קונצרני ישראלי (40%) חודשי,ללא מניות,,"אג""ח בארץ משולבת",2026-03-31,30300000.0,מגדל,,True,False,0.0039000000000000003,0.0,1181.7,0.0039000000000000003,1181.7,0
5121439,קסם אקטיב 20/80,"אג""ח כללי בארץ- עד 20% מניות",,"אג""ח בארץ - כללי",2026-03-31,896510000.0,קסם,,False,False,0.0079,0.0,70824.29000000001,0.0079,70824.29000000001,0
5121470,"איביאי מחקה DAX מנוטרלת מט""ח",אירופה- שווקים מפותחים,,"מניות בחו""ל",2026-03-31,33750000.0,אי.בי.אי,,True,False,0.004,0.0,1350.0,0.004,1350.0,0
5121504,"MTF מחקה משולבת אג""ח ישראל (75%) מניות (25%) חודשי מנוטרלת מט""ח",עד 30% מניות,,"אג""ח בארץ משולבת",2026-03-31,16210000.0,מגדל,,True,False,0.0049,0.0,794.29,0.0049,794.29,0
5121587,מור 10/90,"אג""ח כללי בארץ- עד 10% מניות ללא סימן קריאה",,"אג""ח בארץ - כללי",2026-03-31,2290780000.0,מור,,False,False,0.0078000000000000005,0.0,178680.84,0.0078000000000000005,178680.84,0
5121686,MTF מחקה תל גוב-צמודות 2-5,צמודות מדד ממשלתיות - בינוני,,"אג""ח בארץ- מדינה",2026-03-31,176710000.0,מגדל,,True,False,0.0015,0.0,2650.65,0.0015,2650.65,0
5121694,"מיטב (!) 10/90 תיק אג""ח חו""ל עד 30% מט""ח","אג""ח מוגנת מט""ח",,"אג""ח בחו""ל",2026-03-31,1208550000.0,מיטב,,False,False,0.006500000000000001,0.0,78555.75000000001,0.006500000000000001,78555.75000000001,0
5121710,"ילין לפידות (!) אג""ח חו""ל נקוב $","אג""ח נקובת מט""ח",,"אג""ח בחו""ל",2026-03-31,169630000.0,ילין לפידות,,False,False,0.0079,0.0,13400.770000000002,0.0079,13400.770000000002,0
5121728,ילין לפידות 30/70,"אג""ח כללי בארץ- עד 30% מניות",,"אג""ח בארץ - כללי",2026-03-31,1373730000.0,ילין לפידות,,False,False,0.0079,0.0,108524.67000000001,0.0079,108524.67000000001,0
5121736,"מיטב מניות חו""ל עד 30% מט""ח","מניות כללי בחו""ל מוגנת מט""ח",,"מניות בחו""ל",2026-03-31,153530000.0,מיטב,,False,False,0.0149,0.0,22875.969999999998,0.0149,22875.969999999998,0
5121777,"אנליסט (!) אג""ח חו""ל ללא מניות מנוטרלת מט""ח","אג""ח מוגנת מט""ח",,"אג""ח בחו""ל",2026-03-31,54730000.0,אנליסט,,False,False,0.0079,0.0,4323.67,0.0079,4323.67,0
5121801,"הראל מחקה משולבת אג''ח ישראל (75%) מניות ישראל-חול (25%) חודשי מנוטרלת מט""ח",עד 30% מניות,,"אג""ח בארץ משולבת",2026-03-31,107600000.0,הראל,,True,False,0.0,0.0,0.0,0.0,0.0,0
5121819,הראל מחקה משולבת ממשלתיות חודשי,"אג""ח מדינה משולבת - ללא מניות",,"אג""ח בארץ- מדינה",2026-03-31,21950000.0,הראל,,True,False,0.002,0.0,439.00000000000006,0.002,439.00000000000006,0
5121835,הראל מחקה תל בונד 60 צמודות,בריבית קבועה,,"אג""ח בארץ- חברות והמרה",2026-03-31,622320000.0,הראל,,True,False,0.002,0.0,12446.400000000001,0.002,12446.400000000001,0
5121843,MTF מחקה STOXX Europe 600,אירופה- כללי,,"מניות בחו""ל",2026-03-31,49760000.0,מגדל,,True,False,0.002,0.0,995.2,0.002,995.2,0
5121868,סיגמא מניות דיבידנד אירופה,"מניות גיאוגרפי אחר חשופת מט""ח",,"מניות בחו""ל",2026-03-31,45780000.0,סיגמא,,False,False,0.0169,0.0,7736.82,0.0169,7736.82,0
5121892,"איביאי מחקה S&P Financial מנוטרלת מט""ח",Financial,,"מניות בחו""ל",2026-03-31,44790000.0,אי.בי.אי,,True,False,0.004,0.0,1791.6000000000001,0.004,1791.6000000000001,0
5121983,"MTF מחקה משולבת DAXי (50%) STOXX Europe 600י (50%) חודשי מנוטרלת מט""ח","מניות בחו""ל קרן משולבת",,"מניות בחו""ל",2026-03-31,11400000.0,מגדל,,True,False,0.005,0.0,570.0,0.005,570.0,0
5122031,קסם אקטיב מדינה שקלי עד שנתיים,"אג""ח מדינה שקליות- ללא מניות",,"אג""ח בארץ- מדינה",2026-03-31,100680000.0,קסם,,False,False,0.0044,0.0,4429.920000000001,0.0044,4429.920000000001,0
5122056,קסם אקטיב ספיר 30/70,"אג""ח כללי בארץ- עד 30% מניות",,"אג""ח בארץ - כללי",2026-03-31,158700000.0,קסם,,False,False,0.0058,0.0,9204.599999999999,0.0058,9204.599999999999,0
5122064,קסם אקטיב ספיר גמישה,גמישות,,גמישות,2026-03-31,108660000.0,קסם,,False,False,0.002,0.0,2173.2000000000003,0.002,2173.2000000000003,0
5122080,"אלטשולר שחם ת""א 125",מניות Large & Mid Cap,,מניות בארץ,2026-03-31,263269999.99999997,אלטשולר שחם,,False,False,0.015,0.0,39490.49999999999,0.015,39490.49999999999,0
5122098,"מור מחקה NASDAQ 100 מנוטרלת מט""ח",אמריקה- שווקים מפותחים,,"מניות בחו""ל",2026-03-31,187910000.0,מור,,True,False,0.005,0.0,9395.5,0.005,9395.5,0
5122114,הראל לשם,גמישות,,גמישות,2026-03-31,94630000.0,הראל,,False,False,0.002,0.0,1892.6000000000001,0.002,1892.6000000000001,0
5122122,אלטשולר שחם מחקה ממשלתי A.B SmartBeta,"אג""ח מדינה - אחר",,"אג""ח בארץ- מדינה",2026-03-31,4150000.0000000005,אלטשולר שחם,,True,False,0.0045000000000000005,0.0,186.75000000000003,0.0045000000000000005,186.75000000000003,0
5122163,"MTF מחקה STOXX Europe 600 מנוטרלת מט""ח",אירופה- כללי,,"מניות בחו""ל",2026-03-31,114110000.0,מגדל,,True,False,0.0,0.0,0.0,0.0,0.0,0
5122221,ילין לפידות קונצרני + 10%,חברות והמרה עם מניות ללא סימן קריאה,,"אג""ח בארץ- חברות והמרה",2026-03-31,493820000.0,ילין לפידות,,False,False,0.0079,0.0,39011.780000000006,0.0079,39011.780000000006,0
5122239,ילין לפידות 20/80 צמיחה,"אג""ח כללי בארץ- עד 20% מניות",,"אג""ח בארץ - כללי",2026-03-31,582980000.0,ילין לפידות,,False,False,0.0084,0.0,48970.32,0.0084,48970.32,0
5122247,גביש 20/80,"אג""ח כללי בארץ- עד 20% מניות",,"אג""ח בארץ - כללי",2026-03-31,69900000.0,סיגמא,גביש פיננסים,False,False,0.0079,0.0,5522.1,0.0079,5522.1,0
5122262,MTF מחקה תל בונד 60 צמודות,בריבית קבועה,,"אג""ח בארץ- חברות והמרה",2026-03-31,306480000.0,מגדל,,True,False,0.0025,0.0,7662.0,0.0025,7662.0,0
5122288,"MTF מחקה משולבת ת""א 125 (70%) ת""א בנקים 5 (30%) חודשי",מניות בארץ קרן משולבת,,מניות בארץ,2026-03-31,440400000.0,מגדל,,True,False,0.005,0.0,22020.0,0.005,22020.0,0
5122304,מגדל תיק 20/80,"אג""ח כללי בארץ- עד 20% מניות",,"אג""ח בארץ - כללי",2026-03-31,725340000.0,מגדל,,False,False,0.0085,0.0,61653.9,0.0085,61653.9,0
5122320,MTF מחקה (!) תל בונד תשואות שקל,בריבית קבועה,,"אג""ח בארץ- חברות והמרה",2026-03-31,53150000.0,מגדל,,True,False,0.0015,0.0,797.25,0.0015,797.25,0
5122338,"קסם אקטיב ת""א Large & Mid Cap",מניות Large & Mid Cap,,מניות בארץ,2026-03-31,223780000.0,קסם,,False,False,0.0124,0.0,27748.72,0.0124,27748.72,0
5122379,מגדל תיק השקעות 10/90,"אג""ח כללי בארץ- עד 10% מניות ללא סימן קריאה",,"אג""ח בארץ - כללי",2026-03-31,461050000.0,מגדל,,False,False,0.0077,0.0,35500.85,0.0077,35500.85,0
5122395,מור מחקה (!) תל בונד תשואות שקל,בריבית קבועה,,"אג""ח בארץ- חברות והמרה",2026-03-31,39630000.0,מור,,True,False,0.002,0.0,792.6,0.002,792.6,0
5122411,"קבין מניות חו""ל","מניות כללי בחו""ל חשופת מט""ח",,"מניות בחו""ל",2026-03-31,83220000.0,איילון,קבין,False,False,0.017,0.0,14147.400000000001,0.017,14147.400000000001,0
5122460,אי בי אי מחקה אינדקס A מאוזן,"אג""ח חברות שקלי וצמוד",,"אג""ח בארץ- חברות והמרה",2026-03-31,215580000.0,אי.בי.אי,,True,False,0.003,0.0,6467.400000000001,0.003,6467.400000000001,0
5122478,אי בי אי מחקה אינדקס AA ומעלה מאוזן,"אג""ח חברות שקלי וצמוד",,"אג""ח בארץ- חברות והמרה",2026-03-31,430810000.0,אי.בי.אי,,True,False,0.003,0.0,12924.300000000001,0.003,12924.300000000001,0
5122494,איביאי 20/80,"אג""ח כללי בארץ- עד 20% מניות",,"אג""ח בארץ - כללי",2026-03-31,255610000.0,אי.בי.אי,,False,False,0.0079,0.0,20193.190000000002,0.0079,20193.190000000002,0
5122502,איביאי 30/70,"אג""ח כללי בארץ- עד 30% מניות",,"אג""ח בארץ - כללי",2026-03-31,969850000.0,אי.בי.אי,,False,False,0.0089,0.0,86316.65,0.0089,86316.65,0
5122510,"הראל מחקה ת""א 125",Large & Mid Cap,,מניות בארץ,2026-03-31,1396760000.0,הראל,,True,False,0.0,0.0,0.0,0.0,0.0,0
5122536,אלפא טק אירופה E.S.G,"מניות גיאוגרפי אחר חשופת מט""ח",,"מניות בחו""ל",2026-03-31,23070000.0,הראל,אלפא טק,False,False,0.0098,0.0,2260.86,0.0098,2260.86,0
5122551,הראל מחקה All-Bond ריבית משתנה שקלי,בריבית  משתנה,,"אג""ח בארץ- חברות והמרה",2026-03-31,18050000.0,הראל,,True,False,0.002,0.0,361.00000000000006,0.002,361.00000000000006,0
5122569,MTF מחקה MSCI World,גלובלי- שווקים מפותחים,,"מניות בחו""ל",2026-03-31,580930000.0,מגדל,,True,False,0.0025,0.0,14523.25,0.0025,14523.25,0
5122593,אזימוט 18/82 חי דיבידנד,"אג""ח כללי בארץ- עד 20% מניות",,"אג""ח בארץ - כללי",2026-03-31,32869999.999999996,איילון,אזימוטליין,False,False,0.0095,0.0,3122.649999999999,0.0095,3122.649999999999,0
5122601,מיטב 20/80,"אג""ח כללי בארץ- עד 20% מניות",,"אג""ח בארץ - כללי",2026-03-31,1015020000.0,מיטב,,False,False,0.0084,0.0,85261.68,0.0084,85261.68,0
5122619,מיטב מדינה צמודה,"אג""ח מדינה צמוד מדד- ללא מניות",,"אג""ח בארץ- מדינה",2026-03-31,213780000.0,מיטב,,False,False,0.0064,0.0,13681.92,0.0064,13681.92,0
5122627,MTF מחקה S&P 500,אמריקה- שווקים מפותחים,,"מניות בחו""ל",2026-03-31,1904670000.0,מגדל,,True,False,0.0,0.0,0.0,0.0,0.0,0
5122635,MTF מחקה (!) תל בונד תשואות צמודות,בריבית קבועה,,"אג""ח בארץ- חברות והמרה",2026-03-31,202590000.0,מגדל,,True,False,0.002,0.0,4051.8,0.002,4051.8,0
5122668,"קסם אקטיב ארה""ב מנוטרלת מט""ח","מניות גיאוגרפי מוגנת מט""ח",,"מניות בחו""ל",2026-03-31,60220000.0,קסם,,False,False,0.012,0.0,7226.400000000001,0.012,7226.400000000001,0
5122676,ברק אסטרטגיות,ממונפות בסיכון גבוה,,ממונפות ואסטרטגיות,2026-03-31,24540000.0,ברק,,False,False,0.038,0.0,9325.199999999999,0.038,9325.199999999999,0
5122692,איביאי מחקה Solactive US REIT,REIT - Real Estate,,"מניות בחו""ל",2026-03-31,12130000.0,אי.בי.אי,,True,False,0.008,0.0,970.4000000000001,0.008,970.4000000000001,0
5122718,מור סולידית,"אג""ח כללי בארץ בדירוג גבוה בלבד (AA ומעלה ו/ או מדינה)",,"אג""ח בארץ - כללי",2026-03-31,175130000.0,מור,,False,False,0.0063,0.0,11033.19,0.0063,11033.19,0
5122726,מור 20/80,"אג""ח כללי בארץ- עד 20% מניות",,"אג""ח בארץ - כללי",2026-03-31,998000000.0,מור,,False,False,0.0083,0.0,82834.0,0.0083,82834.0,0
5122791,איילון עוקבת תיק מס' 2 הבנק הבינלאומי,"אג""ח כללי בארץ- עד 15% מניות",,"אג""ח בארץ - כללי",2026-03-31,59140000.0,איילון,,False,False,0.0069,0.0,4080.66,0.0069,4080.66,0
5122809,טרגט מניות אירופה,"מניות גיאוגרפי אחר חשופת מט""ח",,"מניות בחו""ל",2026-03-31,8070000.0,איילון,טרגט,False,False,0.0159,0.0,1283.13,0.0159,1283.13,0
5122817,"מור תיק אג""ח + 15%","אג""ח כללי בארץ- עד 15% מניות",,"אג""ח בארץ - כללי",2026-03-31,395850000.0,מור,,False,False,0.0077,0.0,30480.45,0.0077,30480.45,0
5122825,אלטשולר שחם 30-70,"אג""ח כללי בארץ- עד 30% מניות",,"אג""ח בארץ - כללי",2026-03-31,99970000.0,אלטשולר שחם,,False,False,0.008,0.0,7997.6,0.008,7997.6,0
5122841,MTF מחקה משולבת שקליות ממשלתיות (50%) מדדיות ממשלתיות (50%) חודשי,"אג""ח מדינה משולבת - ללא מניות",,"אג""ח בארץ- מדינה",2026-03-31,64209999.99999999,מגדל,,True,False,0.0025,0.0,1605.25,0.0025,1605.25,0
5122890,"איביאי מחקה משולבת Staplesי (50%) S&P Discretionaryי (50%) חודשי מנוטרלת מט""ח","מניות בחו""ל קרן משולבת",,"מניות בחו""ל",2026-03-31,11190000.0,אי.בי.אי,,True,False,0.005,0.0,559.5,0.005,559.5,0
5122908,מור מחקה S&P Health Care,Health Care,,"מניות בחו""ל",2026-03-31,31060000.0,מור,,True,False,0.005,0.0,1553.0,0.005,1553.0,0
5122924,MTF מחקה S&P 500 Dividend Aristocrats,אמריקה- שווקים מפותחים,,"מניות בחו""ל",2026-03-31,36910000.0,מגדל,,True,False,0.006,0.0,2214.6,0.006,2214.6,0
5122932,"הראל אג""ח ממשלתיות","אג""ח מדינה כללי- ללא מניות",,"אג""ח בארץ- מדינה",2026-03-31,23950000.0,הראל,,False,False,0.0043,0.0,1029.8500000000001,0.0043,1029.8500000000001,0
5122940,קסם STOXX Europe 600 KTF מנוטרלת אירו,אירופה- כללי,,"מניות בחו""ל",2026-03-31,96150000.0,קסם,,True,False,0.0025,0.0,2403.75,0.0025,2403.75,0
5122957,"קסם S&P 500 KTF מנוטרלת מט""ח",אמריקה- שווקים מפותחים,,"מניות בחו""ל",2026-03-31,2484440000.0,קסם,,True,False,0.0,0.0,0.0,0.0,0.0,0
5122965,"קסם KTF משולבת (S&P 500 (70%) Nasdaq (30% חודשי מנוטרלת מט""ח","מניות בחו""ל קרן משולבת",,"מניות בחו""ל",2026-03-31,113700000.0,קסם,,True,False,0.006999999999999999,0.0,7958.999999999999,0.006999999999999999,7958.999999999999,0
5122973,MTF מחקה תל גוב-שקלי 2-5,ריבית קבועה  - בינוני,,"אג""ח בארץ- מדינה",2026-03-31,211490000.0,מגדל,,True,False,0.0015,0.0,3172.35,0.0015,3172.35,0
5123005,"ילין לפידות תיק אג""ח LV","אג""ח כללי בארץ ללא מניות וללא סימן קריאה, עם מגבלת מח""מ עד 5 שנים",,"אג""ח בארץ - כללי",2026-03-31,111520000.0,ילין לפידות,,False,False,0.005,0.0,5576.0,0.005,5576.0,0
5123021,"מור מחקה S&P 500 מנוטרלת מט""ח",אמריקה- שווקים מפותחים,,"מניות בחו""ל",2026-03-31,222290000.0,מור,,True,False,0.0,0.0,0.0,0.0,0.0,0
5123039,MTF מחקה תל בונד 20 צמודות,בריבית קבועה,,"אג""ח בארץ- חברות והמרה",2026-03-31,403470000.0,מגדל,,True,False,0.0025,0.0,10086.75,0.0025,10086.75,0
5123096,סיגמא 30/70,"אג""ח כללי בארץ- עד 30% מניות",,"אג""ח בארץ - כללי",2026-03-31,1185990000.0,סיגמא,,False,False,0.0079,0.0,93693.21,0.0079,93693.21,0
5123104,"הראל מחקה אינדקס קונצרני מאוזן מח""מ 2-4","אג""ח חברות שקלי וצמוד",,"אג""ח בארץ- חברות והמרה",2026-03-31,37360000.0,הראל,,True,False,0.002,0.0,747.2,0.002,747.2,0
5123112,הראל מחקה אינדקס קונצרני צמוד A,בריבית קבועה,,"אג""ח בארץ- חברות והמרה",2026-03-31,111100000.0,הראל,,True,False,0.0034999999999999996,0.0,3888.4999999999995,0.0034999999999999996,3888.4999999999995,0
5123120,מיטב מדינה שקלי עד 4 שנים,"אג""ח מדינה שקליות- ללא מניות",,"אג""ח בארץ- מדינה",2026-03-31,164240000.0,מיטב,,False,False,0.0049,0.0,8047.759999999999,0.0049,8047.759999999999,0
5123138,"מיטב אג""ח","אג""ח כללי בארץ ללא מניות וללא סימן קריאה",,"אג""ח בארץ - כללי",2026-03-31,552130000.0,מיטב,,False,False,0.0069,0.0,38096.97,0.0069,38096.97,0
5123146,מיטב קונצרני שקלי פלוס,חברות והמרה שקלי עם מניות,,"אג""ח בארץ- חברות והמרה",2026-03-31,151470000.0,מיטב,,False,False,0.0069,0.0,10451.43,0.0069,10451.43,0
5123153,תכלית STOXX Europe 600 TTF מנוטרלת אירו,אירופה- כללי,,"מניות בחו""ל",2026-03-31,186340000.0,מיטב,,True,False,0.0025,0.0,4658.5,0.0025,4658.5,0
5123161,"תכלית S&P 500 TTF מנוטרלת מט""ח",אמריקה- שווקים מפותחים,,"מניות בחו""ל",2026-03-31,1739030000.0,מיטב,,True,False,0.0,0.0,0.0,0.0,0.0,0
5123179,"תכלית NASDAQ 100 TTF מנוטרלת מט""ח",אמריקה- שווקים מפותחים,,"מניות בחו""ל",2026-03-31,820820000.0,מיטב,,True,False,0.0,0.0,0.0,0.0,0.0,0
5123211,קסם אקטיב זהב וכרייה,"מניות לפי ענפים בחו""ל",,"מניות בחו""ל",2026-03-31,142800000.0,קסם,,False,False,0.019,0.0,27131.999999999996,0.019,27131.999999999996,0
5123237,"סיגמא אג""ח מדינה + 10%","אג""ח מדינה כללי- עד 10% מניות",,"אג""ח בארץ- מדינה",2026-03-31,427550000.0,סיגמא,,False,False,0.0067,0.0,28645.850000000002,0.0067,28645.850000000002,0
5123260,MTF מחקה אינדקס AA ומעלה שקלי,בריבית קבועה,,"אג""ח בארץ- חברות והמרה",2026-03-31,261540000.00000003,מגדל,,True,False,0.0025,0.0,6538.500000000001,0.0025,6538.500000000001,0
5123278,MTF מחקה אינדקס AA ומעלה צמוד,בריבית קבועה,,"אג""ח בארץ- חברות והמרה",2026-03-31,404470000.0,מגדל,,True,False,0.0025,0.0,10111.75,0.0025,10111.75,0
5123286,אילים 10/90,"אג""ח כללי בארץ- עד 10% מניות ללא סימן קריאה",,"אג""ח בארץ - כללי",2026-03-31,798880000.0,אילים,,False,False,0.0074,0.0,59117.12000000001,0.0074,59117.12000000001,0
5123294,"מור אג""ח ישראל - כשרה","אג""ח כללי בארץ ללא מניות וללא סימן קריאה",,"אג""ח בארץ - כללי",2026-03-31,237370000.0,מור,,False,False,0.0075,0.0,17802.75,0.0075,17802.75,0
5123302,ברומטר מניות גלובאלי,"מניות כללי בחו""ל חשופת מט""ח",,"מניות בחו""ל",2026-03-31,156420000.0,איילון,ברומטר,False,False,0.0148,0.0,23150.160000000003,0.0148,23150.160000000003,0
5123328,דולפין 10/90,"אג""ח כללי בארץ- עד 10% מניות ללא סימן קריאה",,"אג""ח בארץ - כללי",2026-03-31,2357890000.0,איילון,דולפין 1 השקעות,False,False,0.0075,0.0,176841.74999999997,0.0075,176841.74999999997,0
5123336,דולפין מניות,מניות All Cap,,מניות בארץ,2026-03-31,323920000.0,איילון,דולפין 1 השקעות,False,False,0.0178,0.0,57657.759999999995,0.0178,57657.759999999995,0
5123344,MTF מחקה אינדקס A צמוד,בריבית קבועה,,"אג""ח בארץ- חברות והמרה",2026-03-31,372330000.0,מגדל,,True,False,0.0025,0.0,9308.25,0.0025,9308.25,0
5123351,MTF מחקה (!) אינדקס HY-BBB כללי,חברות והמרה בסיכון גבוה,,"אג""ח בארץ- חברות והמרה",2026-03-31,94780000.0,מגדל,,True,False,0.005,0.0,4739.0,0.005,4739.0,0
5123369,MTF מחקה אינדקס A שקלי,בריבית קבועה,,"אג""ח בארץ- חברות והמרה",2026-03-31,192680000.0,מגדל,,True,False,0.0025,0.0,4817.0,0.0025,4817.0,0
5123393,MTF מחקה תל גוב-שקלי,ריבית קבועה,,"אג""ח בארץ- מדינה",2026-03-31,72700000.0,מגדל,,True,False,0.0013,0.0,945.0999999999999,0.0013,945.0999999999999,0
5123419,מור מחקה S&P 500 Low Volatility High Dividend,אמריקה- שווקים מפותחים,,"מניות בחו""ל",2026-03-31,16340000.0,מור,,True,False,0.005,0.0,817.0,0.005,817.0,0
5123443,"MTF מחקה S&P 500 Dividend Aristocrats מנוטרלת מט""ח",אמריקה- שווקים מפותחים,,"מניות בחו""ל",2026-03-31,25960000.0,מגדל,,True,False,0.006,0.0,1557.6000000000001,0.006,1557.6000000000001,0
5123468,"קסם אקטיב (!) אג""ח +10%","אג""ח כללי בארץ- עד 10% מניות ועם סימן קריאה",,"אג""ח בארץ - כללי",2026-03-31,113130000.0,קסם,,False,False,0.0069,0.0,7805.969999999999,0.0069,7805.969999999999,0
5123476,"קסם אקטיב אג""ח מדינה ללא מניות","אג""ח מדינה כללי- ללא מניות",,"אג""ח בארץ- מדינה",2026-03-31,161390000.0,קסם,,False,False,0.0064,0.0,10328.96,0.0064,10328.96,0
5123518,MTF מחקה תל בונד צמודות,בריבית קבועה,,"אג""ח בארץ- חברות והמרה",2026-03-31,111650000.0,מגדל,,True,False,0.0025,0.0,2791.25,0.0025,2791.25,0
5123542,FOREST סלקט 25/75,"אג""ח כללי בארץ- עד 25% מניות",,"אג""ח בארץ - כללי",2026-03-31,207660000.0,פורסט,,False,False,0.0089,0.0,18481.739999999998,0.0089,18481.739999999998,0
5123559,הראל מחקה אינדקס קונצרני שקלי A,בריבית קבועה,,"אג""ח בארץ- חברות והמרה",2026-03-31,48060000.0,הראל,,True,False,0.0025,0.0,1201.5,0.0025,1201.5,0
5123567,"MTF מחקה S&P Aerospace & Defense מנוטרלת מט""ח",Aerospace & Defense,,"מניות בחו""ל",2026-03-31,326060000.0,מגדל,,True,False,0.008,0.0,26084.800000000003,0.008,26084.800000000003,0
5123575,"MTF מחקה S&P 500 Low Volatility High Dividend מנוטרלת מט""ח",אמריקה- שווקים מפותחים,,"מניות בחו""ל",2026-03-31,17240000.0,מגדל,,True,False,0.005,0.0,862.0,0.005,862.0,0
5123609,דיאמונד גמישה,גמישות,,גמישות,2026-03-31,263860000.0,איילון,דיאמונד,False,False,0.016399999999999998,0.0,43273.03999999999,0.016399999999999998,43273.03999999999,0
5123641,"MTF מחקה ת""א צמיחה",Small Cap,,מניות בארץ,2026-03-31,23590000.0,מגדל,,True,False,0.0025,0.0,589.75,0.0025,589.75,0
5123716,דולפין יתר,מניות Small Cap,,מניות בארץ,2026-03-31,127490000.0,איילון,דולפין 1 השקעות,False,False,0.018500000000000003,0.0,23585.65,0.018500000000000003,23585.65,0
5123724,"קסם אקטיב אג""ח חברות פלוס",חברות והמרה עם מניות ללא סימן קריאה,,"אג""ח בארץ- חברות והמרה",2026-03-31,130280000.0,קסם,,False,False,0.013000000000000001,0.0,16936.4,0.013000000000000001,16936.4,0
5123740,מור מניות גלובלי,"מניות כללי בחו""ל חשופת מט""ח",,"מניות בחו""ל",2026-03-31,445290000.0,מור,,False,False,0.018500000000000003,0.0,82378.65000000001,0.018500000000000003,82378.65000000001,0
5123757,"ילין לפידות (!) אג""ח פוטנציאל חברות בסיכון גבוה",חברות והמרה בסיכון גבוה,,"אג""ח בארץ- חברות והמרה",2026-03-31,391600000.0,ילין לפידות,,False,False,0.0155,0.0,60698.0,0.0155,60698.0,0
5123799,מגדל גמישה,גמישות,,גמישות,2026-03-31,29560000.0,מגדל,,False,False,0.0175,0.0,5173.000000000001,0.0175,5173.000000000001,0
5123815,סלע מניות,מניות All Cap,,מניות בארץ,2026-03-31,81840000.0,איילון,סלע בית השקעות,False,False,0.0149,0.0,12194.16,0.0149,12194.16,0
5123823,סלע 10/90,"אג""ח כללי בארץ- עד 10% מניות ללא סימן קריאה",,"אג""ח בארץ - כללי",2026-03-31,45930000.0,איילון,סלע בית השקעות,False,False,0.0075,0.0,3444.7499999999995,0.0075,3444.7499999999995,0
5123831,"סלע (!) אג""ח כללי ללא מניות","אג""ח כללי בארץ ללא מניות עם סימן קריאה",,"אג""ח בארץ - כללי",2026-03-31,39350000.0,איילון,סלע בית השקעות,False,False,0.0069,0.0,2715.15,0.0069,2715.15,0
5123872,"מיטב אג""ח + 10%","אג""ח כללי בארץ- עד 10% מניות ללא סימן קריאה",,"אג""ח בארץ - כללי",2026-03-31,1036270000.0,מיטב,,False,False,0.0079,0.0,81865.33000000002,0.0079,81865.33000000002,0
5123880,"מיטב אג""ח מדורגות ללא מניות",חברות והמרה ללא מניות וללא סימן קריאה,,"אג""ח בארץ- חברות והמרה",2026-03-31,406080000.0,מיטב,,False,False,0.0069,0.0,28019.52,0.0069,28019.52,0
5123898,מיטב כספית,כספית שקלית עם קונצרני,,קרן כספית,2026-03-31,4643840000.0,מיטב,,False,False,0.0025,0.0,116096.0,0.0025,116096.0,1
5123930,"אי בי אי מחקה (!) אינדקס אג""ח עם רכיב בטוחה","אג""ח חברות שקלי וצמוד",,"אג""ח בארץ- חברות והמרה",2026-03-31,151070000.0,אי.בי.אי,,True,False,0.005,0.0,7553.5,0.005,7553.5,0
5123948,"מיטב (!) אג""ח קונצרני",חברות והמרה ללא מניות עם סימן קריאה,,"אג""ח בארץ- חברות והמרה",2026-03-31,209650000.0,מיטב,,False,False,0.0079,0.0,16562.350000000002,0.0079,16562.350000000002,0
5123955,"מיטב אג""ח ישראל סולידית","אג""ח כללי בארץ בדירוג גבוה בלבד (AA ומעלה ו/ או מדינה)",,"אג""ח בארץ - כללי",2026-03-31,632420000.0,מיטב,,False,False,0.0069,0.0,43636.979999999996,0.0069,43636.979999999996,0
5123963,ילין לפידות תיק השקעות עד 50%,"אג""ח כללי בארץ - חשיפה מרבית מעל 30% מניות",,"אג""ח בארץ - כללי",2026-03-31,362070000.0,ילין לפידות,,False,False,0.009300000000000001,0.0,33672.51,0.009300000000000001,33672.51,0
5123971,"ילין לפידות (!) אג""ח חברות חו""ל עד 30% מט""ח","אג""ח מוגנת מט""ח",,"אג""ח בחו""ל",2026-03-31,61910000.0,ילין לפידות,,False,False,0.0069,0.0,4271.79,0.0069,4271.79,0
5123997,מור מחקה S&P Financial,Financial,,"מניות בחו""ל",2026-03-31,14220000.0,מור,,True,False,0.0015,0.0,213.3,0.0015,213.3,0
5124003,"אלטשולר שחם מחקה אירופה A.B SmartBeta מנוטרלת מט""ח",אירופה- כללי,,"מניות בחו""ל",2026-03-31,54610000.0,אלטשולר שחם,,True,False,0.008,0.0,4368.8,0.008,4368.8,0
5124045,"סיגמא (!) אג""ח דולר בינלאומי","אג""ח חשופת דולר",,"אג""ח בחו""ל",2026-03-31,77880000.0,סיגמא,,False,False,0.0079,0.0,6152.52,0.0079,6152.52,0
5124060,סיגמא 25/75,"אג""ח כללי בארץ- עד 25% מניות",,"אג""ח בארץ - כללי",2026-03-31,45870000.0,סיגמא,,False,False,0.0059,0.0,2706.33,0.0059,2706.33,0
5124144,אלטשולר שחם מניות ישראל SmartBeta,מניות All Cap,,מניות בארץ,2026-03-31,44620000.0,אלטשולר שחם,,False,False,0.0195,0.0,8700.9,0.0195,8700.9,0
5124201,אלטשולר שחם גמישה,גמישות,,גמישות,2026-03-31,59980000.0,אלטשולר שחם,,False,False,0.015,0.0,8997.0,0.015,8997.0,0
5124227,אושן יצירה 30/70,"אג""ח כללי בארץ- עד 30% מניות",,"אג""ח בארץ - כללי",2026-03-31,259399999.99999997,סיגמא,אושן פרטנרס,False,False,0.0085,0.0,22049.0,0.0085,22049.0,0
5124268,אושן יצירה גלובל אקוויטי,"מניות כללי בחו""ל חשופת מט""ח",,"מניות בחו""ל",2026-03-31,32159999.999999996,סיגמא,אושן פרטנרס,False,False,0.018500000000000003,0.0,5949.6,0.018500000000000003,5949.6,0
5124284,איביאי מחקה Russell 2000,אמריקה- שווקים מפותחים,,"מניות בחו""ל",2026-03-31,84640000.0,אי.בי.אי,,True,False,0.004,0.0,3385.6000000000004,0.004,3385.6000000000004,0
5124292,קסם אקטיב אנרגיה,מניות לפי ענפים,,מניות בארץ,2026-03-31,18370000.0,קסם,,False,False,0.0279,0.0,5125.2300000000005,0.0279,5125.2300000000005,0
5124300,"מור נדל""ן",מניות לפי ענפים,,מניות בארץ,2026-03-31,298040000.0,מור,,False,False,0.0132,0.0,39341.280000000006,0.0132,39341.280000000006,0
5124326,מור יתר,מניות Small Cap,,מניות בארץ,2026-03-31,286340000.0,מור,,False,False,0.022000000000000002,0.0,62994.80000000001,0.022000000000000002,62994.80000000001,0
5124342,"מור (!) הזדמנויות אג""ח קונצרני",חברות והמרה עם מניות ועם סימן קריאה,,"אג""ח בארץ- חברות והמרה",2026-03-31,1490520000.0,מור,,False,False,0.0118,0.0,175881.36,0.0118,175881.36,0
5124409,תכלית TTF (!) אינדקס HY-BBB כללי,חברות והמרה בסיכון גבוה,,"אג""ח בארץ- חברות והמרה",2026-03-31,21270000.0,מיטב,,True,False,0.005,0.0,1063.5,0.005,1063.5,0
5124417,תכלית TTF אינדקס מדורג 5+ מאוזן,"אג""ח חברות שקלי וצמוד",,"אג""ח בארץ- חברות והמרה",2026-03-31,76780000.0,מיטב,,True,False,0.002,0.0,1535.6000000000001,0.002,1535.6000000000001,0
5124425,תכלית TTF אינדקס מדורג 2-5 מאוזן,"אג""ח חברות שקלי וצמוד",,"אג""ח בארץ- חברות והמרה",2026-03-31,84000000.0,מיטב,,True,False,0.002,0.0,1680.0000000000002,0.002,1680.0000000000002,0
5124466,קסם אקטיב (!) ישראל 10/90,"אג""ח כללי בארץ- עד 10% מניות ועם סימן קריאה",,"אג""ח בארץ - כללי",2026-03-31,103080000.0,קסם,,False,False,0.0074,0.0,7627.920000000001,0.0074,7627.920000000001,0
5124482,קסם S&P 500 KTF,אמריקה- שווקים מפותחים,,"מניות בחו""ל",2026-03-31,3686600000.0,קסם,,True,False,0.0,0.0,0.0,0.0,0.0,0
5124490,"קסם KTF ת""א 35",Large Cap,,מניות בארץ,2026-03-31,705640000.0,קסם,,True,False,0.001,0.0,7056.400000000001,0.001,7056.400000000001,0
5124508,"קסם KTF ת""א 90",Mid Cap,,מניות בארץ,2026-03-31,448920000.0,קסם,,True,False,0.004,0.0,17956.800000000003,0.004,17956.800000000003,0
5124516,"קסם NASDAQ 100 KTF מנוטרלת מט""ח",אמריקה- שווקים מפותחים,,"מניות בחו""ל",2026-03-31,684820000.0,קסם,,True,False,0.0,0.0,0.0,0.0,0.0,0
5124532,תכלית NASDAQ 100 TTF,אמריקה- שווקים מפותחים,,"מניות בחו""ל",2026-03-31,262810000.0,מיטב,,True,False,0.003,0.0,7884.3,0.003,7884.3,0
5124557,תכלית DAX TTF,אירופה- שווקים מפותחים,,"מניות בחו""ל",2026-03-31,79010000.0,מיטב,,True,False,0.0,0.0,0.0,0.0,0.0,0
5124573,תכלית MSCI WORLD TTF,גלובלי- שווקים מפותחים,,"מניות בחו""ל",2026-03-31,354040000.0,מיטב,,True,False,0.0031,0.0,10975.24,0.0031,10975.24,0
5124581,תכלית DJ Industrial Average TTF,אמריקה- שווקים מפותחים,,"מניות בחו""ל",2026-03-31,91310000.0,מיטב,,True,False,0.005,0.0,4565.5,0.005,4565.5,0
5124615,אלטשולר שחם 50-50,"אג""ח כללי בארץ - חשיפה מרבית מעל 30% מניות",,"אג""ח בארץ - כללי",2026-03-31,52680000.0,אלטשולר שחם,,False,False,0.009000000000000001,0.0,4741.200000000001,0.009000000000000001,4741.200000000001,0
5124672,הראל תיק השקעות עד 50%,"אג""ח כללי בארץ - חשיפה מרבית מעל 30% מניות",,"אג""ח בארץ - כללי",2026-03-31,53250000.0,הראל,,False,False,0.0077,0.0,4100.25,0.0077,4100.25,0
5124698,"הראל תיק אג""ח סולידי עד שלוש שנים","אג""ח כללי בארץ בדירוג גבוה בלבד (AA ומעלה ו/ או מדינה)",,"אג""ח בארץ - כללי",2026-03-31,177190000.0,הראל,,False,False,0.0049,0.0,8682.31,0.0049,8682.31,0
5124706,הראל (!) קונצרני דולרי ללא מניות,חברות והמרה ללא מניות עם סימן קריאה,,"אג""ח בארץ- חברות והמרה",2026-03-31,17130000.0,הראל,,False,False,0.0072,0.0,1233.3600000000001,0.0072,1233.3600000000001,0
5124730,MTF מחקה Russell 1000 Growth,אמריקה- שווקים מפותחים,,"מניות בחו""ל",2026-03-31,70790000.0,מגדל,,True,False,0.006,0.0,4247.400000000001,0.006,4247.400000000001,0
5124755,"איביאי מחקה Solactive ת""א 125 Low Volatility High Dividends",Large & Mid Cap,,מניות בארץ,2026-03-31,43110000.0,אי.בי.אי,,True,False,0.008,0.0,3448.8,0.008,3448.8,0
5124763,איילון תיק 20/80,"אג""ח כללי בארץ- עד 20% מניות",,"אג""ח בארץ - כללי",2026-03-31,22330000.0,איילון,,False,False,0.0075,0.0,1674.7499999999998,0.0075,1674.7499999999998,0
5124805,מור תיק השקעות 50%,"אג""ח כללי בארץ - חשיפה מרבית מעל 30% מניות",,"אג""ח בארץ - כללי",2026-03-31,782910000.0,מור,,False,False,0.0089,0.0,69678.98999999999,0.0089,69678.98999999999,0
5124862,מגדל תיק 50/50,"אג""ח כללי בארץ - חשיפה מרבית מעל 30% מניות",,"אג""ח בארץ - כללי",2026-03-31,99660000.0,מגדל,,False,False,0.0079,0.0,7873.140000000001,0.0079,7873.140000000001,0
5124888,פרופאונד 10/90,"אג""ח כללי בארץ- עד 10% מניות ללא סימן קריאה",,"אג""ח בארץ - כללי",2026-03-31,80510000.0,איילון,פרופאונד,False,False,0.0079,0.0,6360.290000000001,0.0079,6360.290000000001,0
5124912,הראל מחקה אינדקס לפדיון 2028 (מתגלגל כל 6 שנים),"אג""ח חברות שקלי וצמוד",,"אג""ח בארץ- חברות והמרה",2026-03-31,173580000.0,הראל,,True,False,0.0024,0.0,4165.919999999999,0.0024,4165.919999999999,0
5124938,מיטב מניות LONG RUN,מניות All Cap,,מניות בארץ,2026-03-31,299140000.0,מיטב,,False,False,0.008,0.0,23931.2,0.008,23931.2,0
5124979,ברומטר מניות,מניות All Cap,,מניות בארץ,2026-03-31,205090000.0,איילון,ברומטר,False,False,0.0148,0.0,30353.320000000003,0.0148,30353.320000000003,0
5124995,פורטה השקעות,גמישות,,גמישות,2026-03-31,244270000.0,סיגמא,פורטה,False,False,0.015,0.0,36640.5,0.015,36640.5,0
5125000,פורטה 20/80,"אג""ח כללי בארץ- עד 20% מניות",,"אג""ח בארץ - כללי",2026-03-31,255030000.0,סיגמא,פורטה,False,False,0.0085,0.0,21677.550000000003,0.0085,21677.550000000003,0
5125018,פורטה מניות ישראל,מניות All Cap,,מניות בארץ,2026-03-31,544340000.0,סיגמא,פורטה,False,False,0.018000000000000002,0.0,97981.20000000001,0.018000000000000002,97981.20000000001,0
5125026,ילין לפידות 10/90 ערך,"אג""ח כללי בארץ- עד 10% מניות ללא סימן קריאה",,"אג""ח בארץ - כללי",2026-03-31,271670000.0,ילין לפידות,,False,False,0.0079,0.0,21461.930000000004,0.0079,21461.930000000004,0
5125042,ילין לפידות עוקבת תיק 3 הבנק הבינלאומי,"אג""ח כללי בארץ- עד 30% מניות",,"אג""ח בארץ - כללי",2026-03-31,333060000.0,ילין לפידות,,False,False,0.0074,0.0,24646.440000000002,0.0074,24646.440000000002,0
5125067,תכלית TTF אינדקס שקלי מדורג תקרת סדרה 500 מ',בריבית קבועה,,"אג""ח בארץ- חברות והמרה",2026-03-31,22450000.0,מיטב,,True,False,0.002,0.0,449.00000000000006,0.002,449.00000000000006,0
5125109,אנליסט פיזור רחב 20/80,"אג""ח כללי בארץ- עד 20% מניות",,"אג""ח בארץ - כללי",2026-03-31,62640000.0,אנליסט,,False,False,0.0074,0.0,4635.360000000001,0.0074,4635.360000000001,0
5125133,איביאי מחקה (!) תל בונד גלובל שקלי,בריבית קבועה,,"אג""ח בארץ- חברות והמרה",2026-03-31,21680000.0,אי.בי.אי,,True,False,0.0025,0.0,542.0,0.0025,542.0,0
5125158,"קסם DAX KTF מנוטרלת מט""ח",אירופה- שווקים מפותחים,,"מניות בחו""ל",2026-03-31,136930000.0,קסם,,True,False,0.0,0.0,0.0,0.0,0.0,0
5125166,"קסם DJ Industrial Average KTF מנוטרלת מט""ח",אמריקה- שווקים מפותחים,,"מניות בחו""ל",2026-03-31,115090000.0,קסם,,True,False,0.0025,0.0,2877.25,0.0025,2877.25,0
5125174,"קסם S&P Financial KTF מנוטרלת מט""ח",Financial,,"מניות בחו""ל",2026-03-31,53940000.0,קסם,,True,False,0.004,0.0,2157.6000000000004,0.004,2157.6000000000004,0
5125182,"קסם S&P Industrial KTF מנוטרלת מט""ח",Industrials,,"מניות בחו""ל",2026-03-31,112990000.0,קסם,,True,False,0.002,0.0,2259.8,0.002,2259.8,0
5125190,איביאי תיק השקעות 50/50,"אג""ח כללי בארץ - חשיפה מרבית מעל 30% מניות",,"אג""ח בארץ - כללי",2026-03-31,9680000.0,אי.בי.אי,,False,False,0.0085,0.0,822.8000000000001,0.0085,822.8000000000001,0
5125208,אלפי בנדק 30/70 תיק ישראל,"אג""ח כללי בארץ- עד 30% מניות",,"אג""ח בארץ - כללי",2026-03-31,197590000.0,הראל,אלפי בנדק,False,False,0.0079,0.0,15609.610000000002,0.0079,15609.610000000002,0
5125216,אלפי בנדק 10/90,"אג""ח כללי בארץ- עד 10% מניות ללא סימן קריאה",,"אג""ח בארץ - כללי",2026-03-31,28430000.0,הראל,אלפי בנדק,False,False,0.0076,0.0,2160.6800000000003,0.0076,2160.6800000000003,0
5125224,"אי בי אי מחקה אינדקס ת""א Mid Cap רווחיות",Mid Cap,,מניות בארץ,2026-03-31,200800000.0,אי.בי.אי,,True,False,0.005,0.0,10040.0,0.005,10040.0,0
5125257,מור מניות ערך,מניות All Cap,,מניות בארץ,2026-03-31,975200000.0,מור,,False,False,0.0159,0.0,155056.80000000002,0.0159,155056.80000000002,0
5125265,FORESTי 10/90,"אג""ח כללי בארץ- עד 10% מניות ללא סימן קריאה",,"אג""ח בארץ - כללי",2026-03-31,1616210000.0,פורסט,,False,False,0.0079,0.0,127680.59000000001,0.0079,127680.59000000001,0
5125281,הראל חושן,"אג""ח כללי בארץ - חשיפה מרבית מעל 30% מניות",,"אג""ח בארץ - כללי",2026-03-31,52090000.0,הראל,,False,False,0.0034999999999999996,0.0,1823.1499999999999,0.0034999999999999996,1823.1499999999999,0
5125323,תכלית TTF תל בונד שקלי 50,בריבית קבועה,,"אג""ח בארץ- חברות והמרה",2026-03-31,229030000.0,מיטב,,True,False,0.0025,0.0,5725.75,0.0025,5725.75,0
5125331,MTF מחקה תל בונד שקלי 3-5,בריבית קבועה - בינוני,,"אג""ח בארץ- חברות והמרה",2026-03-31,111180000.0,מגדל,,True,False,0.0,0.0,0.0,0.0,0.0,0
5125349,MTF מחקה תל בונד צמודות 5-15,בריבית קבועה - ארוך,,"אג""ח בארץ- חברות והמרה",2026-03-31,179890000.0,מגדל,,True,False,0.0,0.0,0.0,0.0,0.0,0
5125356,MTF מחקה תל בונד צמודות 3-5,בריבית קבועה - בינוני,,"אג""ח בארץ- חברות והמרה",2026-03-31,234650000.0,מגדל,,True,False,0.0025,0.0,5866.25,0.0025,5866.25,0
5125364,MTF מחקה תל בונד שקלי 5-15,בריבית קבועה - ארוך,,"אג""ח בארץ- חברות והמרה",2026-03-31,202310000.0,מגדל,,True,False,0.0,0.0,0.0,0.0,0.0,0
5125372,MTF מחקה תל בונד שקלי 1-3,בריבית קבועה - קצר,,"אג""ח בארץ- חברות והמרה",2026-03-31,186630000.0,מגדל,,True,False,0.0025,0.0,4665.75,0.0025,4665.75,0
5125380,קסם אקטיב גמישה FLEX,גמישות,,גמישות,2026-03-31,105390000.0,קסם,,False,False,0.0146,0.0,15386.94,0.0146,15386.94,0
5125406,"מגדל 10/90 תיק אג""ח סולידי","אג""ח כללי בארץ בדירוג גבוה (AA ומעלה ו/ או מדינה)- עד 10% מניות",,"אג""ח בארץ - כללי",2026-03-31,38650000.0,מגדל,,False,False,0.0069,0.0,2666.85,0.0069,2666.85,0
5125414,מגדל 20/80 Buy Side,"אג""ח כללי בארץ- עד 20% מניות",,"אג""ח בארץ - כללי",2026-03-31,97700000.0,מגדל,,False,False,0.0073,0.0,7132.099999999999,0.0073,7132.099999999999,0
5125422,מגדל 30/70 Buy Side,"אג""ח כללי בארץ- עד 30% מניות",,"אג""ח בארץ - כללי",2026-03-31,56270000.0,מגדל,,False,False,0.0079,0.0,4445.330000000001,0.0079,4445.330000000001,0
5125430,"MTF מחקה Indxx US E-Commerce מנוטרלת מט""ח",e-Commerce,,"מניות בחו""ל",2026-03-31,224660000.0,מגדל,,True,False,0.008,0.0,17972.800000000003,0.008,17972.800000000003,0
5125448,ילין לפידות תיק ממשלתי + 10%,"אג""ח מדינה כללי- עד 10% מניות",,"אג""ח בארץ- מדינה",2026-03-31,70590000.0,ילין לפידות,,False,False,0.0054,0.0,3811.86,0.0054,3811.86,0
5125455,"ילין לפידות תיק אג""ח סולידי","אג""ח כללי בארץ בדירוג גבוה בלבד (AA ומעלה ו/ או מדינה)",,"אג""ח בארץ - כללי",2026-03-31,67980000.0,ילין לפידות,,False,False,0.0064,0.0,4350.72,0.0064,4350.72,0
5125463,"פסטרנק שהם (!) אג""ח חברות ללא מניות",חברות והמרה ללא מניות עם סימן קריאה,,"אג""ח בארץ- חברות והמרה",2026-03-31,759420000.0,איילון,פסטרנק שהם,False,False,0.0085,0.0,64550.700000000004,0.0085,64550.700000000004,0
5125562,"פורטה תיק אג""ח עד 10%","אג""ח כללי בארץ- עד 10% מניות ללא סימן קריאה",,"אג""ח בארץ - כללי",2026-03-31,290950000.0,סיגמא,פורטה,False,False,0.008,0.0,23276.000000000004,0.008,23276.000000000004,0
5125570,"פורטה (!) אג""ח חברות",חברות והמרה עם מניות ועם סימן קריאה,,"אג""ח בארץ- חברות והמרה",2026-03-31,549810000.0,סיגמא,פורטה,False,False,0.01,0.0,54981.0,0.01,54981.0,0
5125604,קסם S&P Financial KTF,Financial,,"מניות בחו""ל",2026-03-31,72740000.0,קסם,,True,False,0.0025,0.0,1818.5,0.0025,1818.5,0
5125612,קסם STOXX Europe 600 KTF,אירופה- כללי,,"מניות בחו""ל",2026-03-31,105470000.0,קסם,,True,False,0.0025,0.0,2636.75,0.0025,2636.75,0
5125620,"קסם S&P Technology KTF מנוטרלת מט""ח",Technology,,"מניות בחו""ל",2026-03-31,231740000.0,קסם,,True,False,0.004,0.0,9269.6,0.004,9269.6,0
5125638,"קסם S&P Consumer Discretionary KTF מנוטרלת מט""ח",Consumer Discretionary,,"מניות בחו""ל",2026-03-31,47240000.0,קסם,,True,False,0.003,0.0,1417.2,0.003,1417.2,0
5125646,הראל אייל,"אג""ח כללי בארץ- עד 30% מניות",,"אג""ח בארץ - כללי",2026-03-31,182200000.0,הראל,,False,False,0.0058,0.0,10567.599999999999,0.0058,10567.599999999999,0
5125653,"סיגמא אג""ח לפדיון עד 12/2027","אג""ח כללי בארץ ללא מניות וללא סימן קריאה, עם מגבלת מח""מ עד 5 שנים",,"אג""ח בארץ - כללי",2026-03-31,101310000.0,סיגמא,,False,False,0.0059,0.0,5977.29,0.0059,5977.29,0
5125661,סיגמא 15/85,"אג""ח כללי בארץ- עד 15% מניות",,"אג""ח בארץ - כללי",2026-03-31,239630000.0,סיגמא,,False,False,0.0076,0.0,18211.88,0.0076,18211.88,0
5125679,סיגמא גמישה,גמישות,,גמישות,2026-03-31,443080000.0,סיגמא,,False,False,0.0125,0.0,55385.0,0.0125,55385.0,0
5125687,"מגדל (!) אג""ח Buy Side","אג""ח כללי בארץ ללא מניות עם סימן קריאה",,"אג""ח בארץ - כללי",2026-03-31,46560000.0,מגדל,,False,False,0.0059,0.0,2747.04,0.0059,2747.04,0
5125695,"מגדל (!) אג""ח חברות Buy Sideי + 10%",חברות והמרה עם מניות ועם סימן קריאה,,"אג""ח בארץ- חברות והמרה",2026-03-31,532150000.0,מגדל,,False,False,0.0069,0.0,36718.35,0.0069,36718.35,0
5125703,MTF מחקה Bluestar Fintech מנוטרלת דולר,Fintech,,"מניות בחו""ל",2026-03-31,17710000.0,מגדל,,True,False,0.008,0.0,1416.8000000000002,0.008,1416.8000000000002,0
5125729,אילים 30/70,"אג""ח כללי בארץ- עד 30% מניות",,"אג""ח בארץ - כללי",2026-03-31,562940000.0,אילים,,False,False,0.0069,0.0,38842.86,0.0069,38842.86,0
5125737,אילים עוקבת תיק 2 הבנק הבינלאומי,"אג""ח כללי בארץ- עד 15% מניות",,"אג""ח בארץ - כללי",2026-03-31,174810000.0,אילים,,False,False,0.0078000000000000005,0.0,13635.18,0.0078000000000000005,13635.18,0
5125745,אילים עוקבת תיק 3 הבנק הבינלאומי,"אג""ח כללי בארץ- עד 30% מניות",,"אג""ח בארץ - כללי",2026-03-31,74020000.0,אילים,,False,False,0.0078000000000000005,0.0,5773.5599999999995,0.0078000000000000005,5773.5599999999995,0
5125752,MTF מחקה Indxx Global Aerospace & Defense,Aerospace & Defense,,"מניות בחו""ל",2026-03-31,2351470000.0,מגדל,,True,False,0.008,0.0,188117.6,0.008,188117.6,0
5125760,"MTF מחקה S&P Technology מנוטרלת מט""ח",Technology,,"מניות בחו""ל",2026-03-31,117950000.0,מגדל,,True,False,0.008,0.0,9436.0,0.008,9436.0,0
5125778,אילים 50/50,"אג""ח כללי בארץ - חשיפה מרבית מעל 30% מניות",,"אג""ח בארץ - כללי",2026-03-31,114500000.0,אילים,,False,False,0.0069,0.0,7900.5,0.0069,7900.5,0
5125794,אילים 20/80,"אג""ח כללי בארץ- עד 20% מניות",,"אג""ח בארץ - כללי",2026-03-31,3050500000.0,אילים,,False,False,0.0075,0.0,228787.49999999997,0.0075,228787.49999999997,0
5125802,"קסם אקטיב אג""ח עד 3 שנים","אג""ח כללי בארץ ללא מניות וללא סימן קריאה, עם מגבלת מח""מ עד 5 שנים",,"אג""ח בארץ - כללי",2026-03-31,237480000.0,קסם,,False,False,0.0054,0.0,12823.920000000002,0.0054,12823.920000000002,0
5125828,אלפי בנדק (!) All Bond כללי,"אג""ח כללי בארץ ללא מניות עם סימן קריאה",,"אג""ח בארץ - כללי",2026-03-31,132520000.00000001,הראל,אלפי בנדק,False,False,0.0069,0.0,9143.880000000001,0.0069,9143.880000000001,0
5125836,אלפא טק מניות ESG ישראל,מניות All Cap,,מניות בארץ,2026-03-31,45610000.0,הראל,אלפא טק,False,False,0.0125,0.0,5701.25,0.0125,5701.25,0
5125869,"MTF מחקה S&P 500 מנוטרלת מט""ח",אמריקה- שווקים מפותחים,,"מניות בחו""ל",2026-03-31,1441290000.0,מגדל,,True,False,0.0,0.0,0.0,0.0,0.0,0
5125885,מור 5/95,"אג""ח כללי בארץ- עד 5% מניות",,"אג""ח בארץ - כללי",2026-03-31,201230000.0,מור,,False,False,0.0060999999999999995,0.0,12275.029999999999,0.0060999999999999995,12275.029999999999,0
5125901,"מור אג""ח חברות",חברות והמרה עם מניות ללא סימן קריאה,,"אג""ח בארץ- חברות והמרה",2026-03-31,296080000.0,מור,,False,False,0.0079,0.0,23390.320000000003,0.0079,23390.320000000003,0
5125919,מור 25/75,"אג""ח כללי בארץ- עד 25% מניות",,"אג""ח בארץ - כללי",2026-03-31,982570000.0,מור,,False,False,0.0085,0.0,83518.45000000001,0.0085,83518.45000000001,0
5125935,הראל 15/85,"אג""ח כללי בארץ- עד 15% מניות",,"אג""ח בארץ - כללי",2026-03-31,165000000.0,הראל,,False,False,0.0058,0.0,9569.999999999998,0.0058,9569.999999999998,0
5125943,הראל 25/75,"אג""ח כללי בארץ- עד 25% מניות",,"אג""ח בארץ - כללי",2026-03-31,9020000.0,הראל,,False,False,0.0049,0.0,441.97999999999996,0.0049,441.97999999999996,0
5125950,הראל 20/80,"אג""ח כללי בארץ- עד 20% מניות",,"אג""ח בארץ - כללי",2026-03-31,448840000.0,הראל,,False,False,0.0084,0.0,37702.56,0.0084,37702.56,0
5125968,ילין לפידות 15/85,"אג""ח כללי בארץ- עד 15% מניות",,"אג""ח בארץ - כללי",2026-03-31,377430000.0,ילין לפידות,,False,False,0.0079,0.0,29816.970000000005,0.0079,29816.970000000005,0
5125984,MTF מחקה תל בונד צמודות 1-3,בריבית קבועה - קצר,,"אג""ח בארץ- חברות והמרה",2026-03-31,421190000.0,מגדל,,True,False,0.0025,0.0,10529.75,0.0025,10529.75,0
5125992,"הראל (!) אג""ח מדורג - רכיב בטוחה",חברות והמרה ללא מניות עם סימן קריאה,,"אג""ח בארץ- חברות והמרה",2026-03-31,55610000.0,הראל,,False,False,0.0058,0.0,3225.3799999999997,0.0058,3225.3799999999997,0
5126008,"מיטב אג""ח עד 5% מניות","אג""ח כללי בארץ- עד 5% מניות",,"אג""ח בארץ - כללי",2026-03-31,141490000.0,מיטב,,False,False,0.0055000000000000005,0.0,7781.950000000002,0.0055000000000000005,7781.950000000002,0
5126024,מיטב תיק השקעות עד 50%,"אג""ח כללי בארץ - חשיפה מרבית מעל 30% מניות",,"אג""ח בארץ - כללי",2026-03-31,329560000.0,מיטב,,False,False,0.0078000000000000005,0.0,25705.68,0.0078000000000000005,25705.68,0
5126065,מיטב 40/60,"אג""ח כללי בארץ - חשיפה מרבית מעל 30% מניות",,"אג""ח בארץ - כללי",2026-03-31,293450000.0,מיטב,,False,False,0.0079,0.0,23182.550000000003,0.0079,23182.550000000003,0
5126081,פוקוס גמישה,גמישות,,גמישות,2026-03-31,133270000.00000001,איילון,פוקוס,False,False,0.016,0.0,21323.200000000004,0.016,21323.200000000004,0
5126099,"אילים מניות חו""ל","מניות כללי בחו""ל חשופת מט""ח",,"מניות בחו""ל",2026-03-31,37610000.0,אילים,,False,False,0.0125,0.0,4701.25,0.0125,4701.25,0
5126107,פוקוס 10/90,"אג""ח כללי בארץ- עד 10% מניות ללא סימן קריאה",,"אג""ח בארץ - כללי",2026-03-31,257649999.99999997,איילון,פוקוס,False,False,0.0079,0.0,20354.35,0.0079,20354.35,0
5126123,פוקוס 20/80,"אג""ח כללי בארץ- עד 20% מניות",,"אג""ח בארץ - כללי",2026-03-31,391050000.0,איילון,פוקוס,False,False,0.0085,0.0,33239.25,0.0085,33239.25,0
5126164,אלטשולר שחם 15-85,"אג""ח כללי בארץ- עד 15% מניות",,"אג""ח בארץ - כללי",2026-03-31,54140000.0,אלטשולר שחם,,False,False,0.0075,0.0,4060.4999999999995,0.0075,4060.4999999999995,0
5126180,אלטשולר שחם 35-65,"אג""ח כללי בארץ - חשיפה מרבית מעל 30% מניות",,"אג""ח בארץ - כללי",2026-03-31,16309999.999999998,אלטשולר שחם,,False,False,0.0085,0.0,1386.35,0.0085,1386.35,0
5126214,איביאי תיק קונצרני + 10%,חברות והמרה עם מניות ללא סימן קריאה,,"אג""ח בארץ- חברות והמרה",2026-03-31,49180000.0,אי.בי.אי,,False,False,0.006500000000000001,0.0,3196.7000000000003,0.006500000000000001,3196.7000000000003,0
5126230,איביאי גיא 25/75,"אג""ח כללי בארץ- עד 25% מניות",,"אג""ח בארץ - כללי",2026-03-31,80240000.0,אי.בי.אי,,False,False,0.0121,0.0,9709.04,0.0121,9709.04,0
5126271,"אילים תיק אג""ח + 20%","אג""ח כללי בארץ- עד 20% מניות",,"אג""ח בארץ - כללי",2026-03-31,73970000.0,אילים,,False,False,0.0069,0.0,5103.929999999999,0.0069,5103.929999999999,0
5126289,איילון תיק 15/85,"אג""ח כללי בארץ- עד 15% מניות",,"אג""ח בארץ - כללי",2026-03-31,26000000.0,איילון,,False,False,0.006500000000000001,0.0,1690.0000000000002,0.006500000000000001,1690.0000000000002,0
5126347,מיטב תיק השקעות 15/85,"אג""ח כללי בארץ- עד 15% מניות",,"אג""ח בארץ - כללי",2026-03-31,310130000.0,מיטב,,False,False,0.0069,0.0,21398.969999999998,0.0069,21398.969999999998,0
5126420,כוון גמישה,גמישות,,גמישות,2026-03-31,63240000.0,איילון,כוון,False,False,0.0187,0.0,11825.880000000001,0.0187,11825.880000000001,0
5126438,"מגדל נאסד""ק כפליים קרן ממונפת",ממונפות בסיכון גבוה,,ממונפות ואסטרטגיות,2026-03-31,232730000.0,מגדל,,False,False,0.036000000000000004,0.0,83782.8,0.036000000000000004,83782.8,0
5126453,איביאי נטע מדינה ללא מניות,"אג""ח מדינה כללי- ללא מניות",,"אג""ח בארץ- מדינה",2026-03-31,446430000.0,אי.בי.אי,,False,False,0.0048,0.0,21428.639999999996,0.0048,21428.639999999996,0
5126479,איביאי (!) נוגה 25/75,"אג""ח כללי בארץ- עד 25% מניות",,"אג""ח בארץ - כללי",2026-03-31,98850000.0,אי.בי.אי,,False,False,0.0089,0.0,8797.65,0.0089,8797.65,0
5126487,מגדל מניות יתר,מניות Small Cap,,מניות בארץ,2026-03-31,18840000.0,מגדל,,False,False,0.0125,0.0,2355.0,0.0125,2355.0,0
5126495,"איביאי (!) אג""ח פלוס 10/90","אג""ח כללי בארץ- עד 10% מניות ועם סימן קריאה",,"אג""ח בארץ - כללי",2026-03-31,162410000.0,אי.בי.אי,,False,False,0.0055000000000000005,0.0,8932.550000000001,0.0055000000000000005,8932.550000000001,0
5126511,"מגדל (!) הזדמנויות באג""ח חברות סיכון מוגבר",חברות והמרה בסיכון גבוה,,"אג""ח בארץ- חברות והמרה",2026-03-31,126630000.0,מגדל,,False,False,0.0191,0.0,24186.329999999998,0.0191,24186.329999999998,0
5126560,כוון מניות ישראל,מניות All Cap,,מניות בארץ,2026-03-31,49110000.0,איילון,כוון,False,False,0.014499999999999999,0.0,7120.95,0.014499999999999999,7120.95,0
5126586,"איביאי אג""ח חברות שקלי",חברות והמרה שקלי ללא מניות,,"אג""ח בארץ- חברות והמרה",2026-03-31,43550000.0,אי.בי.אי,,False,False,0.006,0.0,2613.0,0.006,2613.0,0
5126685,אנליסט מניות SMALL CAP ישראל,מניות Small Cap,,מניות בארץ,2026-03-31,252130000.0,אנליסט,,False,False,0.022099999999999998,0.0,55720.729999999996,0.022099999999999998,55720.729999999996,0
5126701,אלטשולר שחם סופה מניות,מניות All Cap,,מניות בארץ,2026-03-31,689830000.0,אלטשולר שחם,,False,False,0.022000000000000002,0.0,151762.60000000003,0.022000000000000002,151762.60000000003,0
5126727,"אלטשולר שחם (!) תיק אג""ח ללא מניות","אג""ח כללי בארץ ללא מניות עם סימן קריאה",,"אג""ח בארץ - כללי",2026-03-31,130220000.0,אלטשולר שחם,,False,False,0.006999999999999999,0.0,9115.4,0.006999999999999999,9115.4,0
5126776,קסם אקטיב 20-80,"אג""ח כללי בארץ- עד 20% מניות",,"אג""ח בארץ - כללי",2026-03-31,586210000.0,קסם,,False,False,0.008199999999999999,0.0,48069.219999999994,0.008199999999999999,48069.219999999994,0
5126818,מור מחקה (!) תל בונד-תשואות צמודות,בריבית קבועה,,"אג""ח בארץ- חברות והמרה",2026-03-31,14700000.0,מור,,True,False,0.002,0.0,294.0,0.002,294.0,0
5126941,אילים מדינה שקלית פלוס,"אג""ח מדינה שקליות- עד 10% מניות",,"אג""ח בארץ- מדינה",2026-03-31,319400000.0,אילים,,False,False,0.0059,0.0,18844.6,0.0059,18844.6,0
5126990,מגדל כספית דולר,חשופת דולר,,קרן כספית,2026-03-31,136540000.0,מגדל,,False,False,0.0025,0.0,3413.5,0.0025,3413.5,1
5127006,אזימוט מניות,מניות All Cap,,מניות בארץ,2026-03-31,38860000.0,איילון,אזימוטליין,False,False,0.0218,0.0,8471.48,0.0218,8471.48,0
5127030,מיטב סולידית פלוס,"אג""ח כללי בארץ בדירוג גבוה (AA ומעלה ו/ או מדינה)- עד 10% מניות",,"אג""ח בארץ - כללי",2026-03-31,164700000.0,מיטב,,False,False,0.0059,0.0,9717.3,0.0059,9717.3,0
5127055,"תכלית S&P Aerospace & Defense TTF מנוטרלת מט""ח",Aerospace & Defense,,"מניות בחו""ל",2026-03-31,364940000.0,מיטב,,True,False,0.0055000000000000005,0.0,20071.700000000004,0.0055000000000000005,20071.700000000004,0
5127063,תכלית ISE Cyber Security TTF מנוטרלת דולר,Cyber Security,,"מניות בחו""ל",2026-03-31,107660000.0,מיטב,,True,False,0.008,0.0,8612.800000000001,0.008,8612.800000000001,0
5127089,"ילין לפידות מניות חו""ל נקובה $","מניות בחו""ל נקובת מט""ח",,"מניות בחו""ל",2026-03-31,175500000.0,ילין לפידות,,False,False,0.017,0.0,29835.000000000004,0.017,29835.000000000004,0
5127105,תמיר פישמן ממשלתי עד שנתיים +5%,"אג""ח מדינה כללי- עד 10% מניות",,"אג""ח בארץ- מדינה",2026-03-31,99990000.0,תמיר פישמן,,False,False,0.0055000000000000005,0.0,5499.450000000001,0.0055000000000000005,5499.450000000001,0
5127121,תמיר פישמן עוקבת תיק 3 הבנק הבינלאומי,"אג""ח כללי בארץ- עד 30% מניות",,"אג""ח בארץ - כללי",2026-03-31,661650000.0,תמיר פישמן,,False,False,0.0069,0.0,45653.85,0.0069,45653.85,0
5127139,שופן 20/80,"אג""ח כללי בארץ- עד 20% מניות",,"אג""ח בארץ - כללי",2026-03-31,22050000.0,סיגמא,א.נ.נ.י שופן,False,False,0.008199999999999999,0.0,1808.0999999999997,0.008199999999999999,1808.0999999999997,0
5127147,איביאי מחקה Solactive US Internet,Internet,,"מניות בחו""ל",2026-03-31,39490000.0,אי.בי.אי,,True,False,0.008,0.0,3159.2000000000003,0.008,3159.2000000000003,0
5127162,MTF מחקה Bluestar Robotics מנוטרלת דולר,Robotics,,"מניות בחו""ל",2026-03-31,89970000.0,מגדל,,True,False,0.008,0.0,7197.6,0.008,7197.6,0
5127188,אלפי בנדק מניות ישראל,מניות All Cap,,מניות בארץ,2026-03-31,143920000.0,הראל,אלפי בנדק,False,False,0.0169,0.0,24322.48,0.0169,24322.48,0
5127204,"איביאי אג""ח + 15%","אג""ח כללי בארץ- עד 15% מניות",,"אג""ח בארץ - כללי",2026-03-31,110330000.0,אי.בי.אי,,False,False,0.0069,0.0,7612.7699999999995,0.0069,7612.7699999999995,0
5127212,מוניטר גמישה,גמישות,,גמישות,2026-03-31,6590000.0,איילון,מוניטר בית השקעות,False,False,0.012,0.0,790.8000000000001,0.012,790.8000000000001,0
5127220,מוניטר 30/70 - נקובה $,"אג""ח נקובת מט""ח",,"אג""ח בחו""ל",2026-03-31,12420000.0,איילון,מוניטר בית השקעות,False,False,0.0095,0.0,1179.8999999999999,0.0095,1179.8999999999999,0
5127253,"קסם אקטיב מניות רובוטיקה חו""ל","מניות לפי ענפים בחו""ל",,"מניות בחו""ל",2026-03-31,62420000.0,קסם,,False,False,0.0194,0.0,12109.48,0.0194,12109.48,0
5127279,דולפין גמישה,גמישות,,גמישות,2026-03-31,68970000.0,איילון,דולפין 1 השקעות,False,False,0.019,0.0,13104.3,0.019,13104.3,0
5127287,"תכלית S&P Utilities TTF מנוטרלת מט""ח",Utilities,,"מניות בחו""ל",2026-03-31,64519999.99999999,מיטב,,True,False,0.006,0.0,3871.2,0.006,3871.2,0
5127329,תכלית PHLX Semiconductor Sector TTF,Semiconductor,,"מניות בחו""ל",2026-03-31,985020000.0,מיטב,,True,False,0.008,0.0,78801.6,0.008,78801.6,0
5127360,"הראל אג""ח קונצרני מדורג",חברות והמרה ללא מניות וללא סימן קריאה,,"אג""ח בארץ- חברות והמרה",2026-03-31,140930000.0,הראל,,False,False,0.003,0.0,4227.900000000001,0.003,4227.900000000001,0
5127378,MTF מחקה Bluestar Artificial Intelligence מנוטרלת דולר,Technology,,"מניות בחו""ל",2026-03-31,121870000.0,מגדל,,True,False,0.008,0.0,9749.6,0.008,9749.6,0
5127402,MTF מחקה Indxx USA E-Commerce,e-Commerce,,"מניות בחו""ל",2026-03-31,41770000.0,מגדל,,True,False,0.008,0.0,3341.6000000000004,0.008,3341.6000000000004,0
5127428,"MTF מחקה ת""א סקטור-באלאנס",Large & Mid Cap,,מניות בארץ,2026-03-31,130490000.00000001,מגדל,,True,False,0.0025,0.0,3262.2500000000005,0.0025,3262.2500000000005,0
5127469,אי בי אי מחקה S&P 500,אמריקה- שווקים מפותחים,,"מניות בחו""ל",2026-03-31,1164600000.0,אי.בי.אי,,True,False,0.0025,0.0,29115.0,0.0025,29115.0,0
5127477,"מור אג""ח מדינה + 15%","אג""ח מדינה כללי- עד 20% מניות",,"אג""ח בארץ- מדינה",2026-03-31,251280000.0,מור,,False,False,0.0063,0.0,15830.64,0.0063,15830.64,0
5127493,איביאי D.A MODEL,"ארה""ב חשופת מט""ח",,"מניות בחו""ל",2026-03-31,2160000.0,אי.בי.אי,,False,False,0.013500000000000002,0.0,291.6000000000001,0.013500000000000002,291.6000000000001,0
5127501,"הראל מחקה Dax - מנוטרלת מט""ח",אירופה- שווקים מפותחים,,"מניות בחו""ל",2026-03-31,177060000.0,הראל,,True,False,0.0,0.0,0.0,0.0,0.0,0
5127527,"הראל מחקה S&P 500 - מנוטרלת מט""ח",אמריקה- שווקים מפותחים,,"מניות בחו""ל",2026-03-31,1020550000.0,הראל,,True,False,0.0,0.0,0.0,0.0,0.0,0
5127535,"קסם KTF ת""א סקטור-באלאנס",Large & Mid Cap,,מניות בארץ,2026-03-31,233430000.0,קסם,,True,False,0.0025,0.0,5835.75,0.0025,5835.75,0
5127543,קסם DAX KTF,אירופה- שווקים מפותחים,,"מניות בחו""ל",2026-03-31,21290000.0,קסם,,True,False,0.0,0.0,0.0,0.0,0.0,0
5127550,"קסם S&P Aerospace & Defense KTF מנוטרלת מט""ח",Aerospace & Defense,,"מניות בחו""ל",2026-03-31,74280000.0,קסם,,True,False,0.006999999999999999,0.0,5199.599999999999,0.006999999999999999,5199.599999999999,0
5127568,"איילון קנאביס חו""ל","מניות לפי ענפים בחו""ל",,"מניות בחו""ל",2026-03-31,2280000.0,איילון,,False,False,0.016,0.0,364.8,0.016,364.8,0
5127576,פסטרנק שהם מניות,מניות All Cap,,מניות בארץ,2026-03-31,2122429999.9999998,איילון,פסטרנק שהם,False,False,0.0175,0.0,371425.25,0.0175,371425.25,0
5127584,"תכלית TTF ת""א סקטור-באלאנס",Large & Mid Cap,,מניות בארץ,2026-03-31,95950000.0,מיטב,,True,False,0.0025,0.0,2398.75,0.0025,2398.75,0
5127592,"MTF מחקה Indxx US Cloud Computing מנוטרלת מט""ח",Cloud Computing,,"מניות בחו""ל",2026-03-31,38180000.0,מגדל,,True,False,0.008,0.0,3054.4,0.008,3054.4,0
5127600,"תכלית ISE CTA Cloud Computing TTF מנוטרלת מט""ח",Cloud Computing,,"מניות בחו""ל",2026-03-31,68050000.0,מיטב,,True,False,0.008,0.0,5444.0,0.008,5444.0,0
5127642,MTF מחקה DAX,אירופה- שווקים מפותחים,,"מניות בחו""ל",2026-03-31,47350000.0,מגדל,,True,False,0.0,0.0,0.0,0.0,0.0,0
5127659,"MTF מחקה DAX מנוטרלת מט""ח",אירופה- שווקים מפותחים,,"מניות בחו""ל",2026-03-31,49610000.0,מגדל,,True,False,0.0,0.0,0.0,0.0,0.0,0
5127667,MTF מחקה S&P 500 Bond Mega 30 Investment Grade 3-5 Year,"חברות והמרה חשופת מט""ח - בינוני",,"אג""ח בחו""ל",2026-03-31,121030000.0,מגדל,,True,False,0.0025,0.0,3025.75,0.0025,3025.75,0
5127709,MTF מחקה תל בונד שקלי,בריבית קבועה,,"אג""ח בארץ- חברות והמרה",2026-03-31,698310000.0,מגדל,,True,False,0.002,0.0,13966.2,0.002,13966.2,0
5127717,קסם אקטיב 15/85,"אג""ח כללי בארץ- עד 15% מניות",,"אג""ח בארץ - כללי",2026-03-31,279340000.0,קסם,,False,False,0.0068000000000000005,0.0,18995.12,0.0068000000000000005,18995.12,0
5127725,מור השקעות (קרן),גמישות,,גמישות,2026-03-31,814500000.0,מור,,False,False,0.0155,0.0,126247.5,0.0155,126247.5,0
5127733,איביאי מחקה Solactive North American Cannabis,Cannabis,,"מניות בחו""ל",2026-03-31,4680000.0,אי.בי.אי,,True,False,0.01,0.0,468.0,0.01,468.0,0
5127766,אי בי אי מחקה Nasdaq 100,אמריקה- שווקים מפותחים,,"מניות בחו""ל",2026-03-31,679390000.0,אי.בי.אי,,True,False,0.003,0.0,20381.7,0.003,20381.7,0
5127774,"הראל תיק אג""ח חו""ל - נקובה $","אג""ח נקובת מט""ח",,"אג""ח בחו""ל",2026-03-31,25340000.0,הראל,,False,False,0.003,0.0,760.2,0.003,760.2,0
5127782,הראל מדינה + 10%,"אג""ח מדינה כללי- עד 10% מניות",,"אג""ח בארץ- מדינה",2026-03-31,15940000.0,הראל,,False,False,0.0043,0.0,685.4200000000001,0.0043,685.4200000000001,0
5127790,הראל כספית מגמת ריבית,כספית שקלית עם קונצרני,,קרן כספית,2026-03-31,10322280000.0,הראל,,False,False,0.0018,0.0,185801.04,0.0018,185801.04,1
5127808,הראל כספית דולרית מגמת ריבית,חשופת דולר,,קרן כספית,2026-03-31,565830000.0,הראל,,False,False,0.002,0.0,11316.6,0.002,11316.6,1
5127857,"קסם Indxx USD Disruptive Technologies KTF מנוטרלת מט""ח",Technology,,"מניות בחו""ל",2026-03-31,15170000.0,קסם,,True,False,0.006999999999999999,0.0,1061.8999999999999,0.006999999999999999,1061.8999999999999,0
5127865,איביאי מחקה Solactive FinTech,Fintech,,"מניות בחו""ל",2026-03-31,4630000.0,אי.בי.אי,,True,False,0.008,0.0,370.40000000000003,0.008,370.40000000000003,0
5127881,קסם אקטיב כספית פטורה,כספית שקלית עם קונצרני,,קרן כספית,2026-03-31,6636540000.0,קסם,,False,False,0.0024,0.0,159276.96,0.0024,159276.96,1
5127907,MTF מחקה תל בונד שקלי 50,בריבית קבועה,,"אג""ח בארץ- חברות והמרה",2026-03-31,387210000.0,מגדל,,True,False,0.0025,0.0,9680.25,0.0025,9680.25,0
5127915,תכלית ISE CTA Cloud Computing TTF,Cloud Computing,,"מניות בחו""ל",2026-03-31,34510000.0,מיטב,,True,False,0.006,0.0,2070.6,0.006,2070.6,0
5127923,"מיטב 10/90 תיק אג""ח חו""ל","אג""ח חשופת מט""ח",,"אג""ח בחו""ל",2026-03-31,18210000.0,מיטב,,False,False,0.0075,0.0,1365.7499999999998,0.0075,1365.7499999999998,0
5127931,מיטב מדינה + 10%,"אג""ח מדינה כללי- עד 10% מניות",,"אג""ח בארץ- מדינה",2026-03-31,217840000.0,מיטב,,False,False,0.0059,0.0,12852.56,0.0059,12852.56,0
5127949,איביאי עד 3 שנים 10/90,"אג""ח כללי בארץ- עד 10% מניות ללא סימן קריאה",,"אג""ח בארץ - כללי",2026-03-31,1351760000.0,אי.בי.אי,,False,False,0.0069,0.0,93271.44,0.0069,93271.44,0
5127980,ISP Asset Managementי 10/90,"אג""ח כללי בארץ- עד 10% מניות ללא סימן קריאה",,"אג""ח בארץ - כללי",2026-03-31,139740000.0,איילון,איי.אס.פי.,False,False,0.008,0.0,11179.2,0.008,11179.2,0
5127998,"איביאי אג""ח דולר ריבית משתנה פלוס","אג""ח חשופת דולר",,"אג""ח בחו""ל",2026-03-31,18150000.0,אי.בי.אי,,False,False,0.0089,0.0,1615.35,0.0089,1615.35,0
5128004,"אלטשולר שחם ממשלת ארה""ב עד שנתיים דולרית","אג""ח חשופת דולר",,"אג""ח בחו""ל",2026-03-31,8230000.0,אלטשולר שחם,,False,False,0.006,0.0,493.8,0.006,493.8,0
5128020,MTF מחקה Indxx Global Medical Devices מנוטרלת דולר,Health Care,,"מניות בחו""ל",2026-03-31,20470000.0,מגדל,,True,False,0.008,0.0,1637.6000000000001,0.008,1637.6000000000001,0
5128038,MTF מחקה S&P 500 Bond Mega 30 Investment Grade 1-3 Year,"חברות והמרה חשופת מט""ח - קצר",,"אג""ח בחו""ל",2026-03-31,284070000.0,מגדל,,True,False,0.0025,0.0,7101.75,0.0025,7101.75,0
5128079,"קסם Russell 2000 KTF מנוטרלת מט""ח",אמריקה- שווקים מפותחים,,"מניות בחו""ל",2026-03-31,161810000.0,קסם,,True,False,0.0025,0.0,4045.25,0.0025,4045.25,0
5128087,קסם אקטיב כספית דולרית,חשופת דולר,,קרן כספית,2026-03-31,298210000.0,קסם,,False,False,0.002,0.0,5964.200000000001,0.002,5964.200000000001,1
5128095,הראל מחקה תל בונד מאגר,"אג""ח חברות שקלי וצמוד",,"אג""ח בארץ- חברות והמרה",2026-03-31,173350000.0,הראל,,True,False,0.0,0.0,0.0,0.0,0.0,0
5128103,הראל מחקה תל גוב-משתנה שקלי,ריבית משתנה ממשלתיות,,"אג""ח בארץ- מדינה",2026-03-31,24290000.0,הראל,,True,False,0.001,0.0,242.9,0.001,242.9,0
5128111,הראל מחקה תל גוב-שקלי,ריבית קבועה,,"אג""ח בארץ- מדינה",2026-03-31,76600000.0,הראל,,True,False,0.0014000000000000002,0.0,1072.4,0.0014000000000000002,1072.4,0
5128137,הראל מחקה תל גוב-שקלי 5+,ריבית קבועה - ארוך,,"אג""ח בארץ- מדינה",2026-03-31,44180000.0,הראל,,True,False,0.0015,0.0,662.7,0.0015,662.7,0
5128194,"הראל מחקה משולבת אג""ח ישראל (90%) ומניות (10%) חודשי",עד 10% מניות,,"אג""ח בארץ משולבת",2026-03-31,29880000.0,הראל,,True,False,0.0,0.0,0.0,0.0,0.0,0
5128202,"הראל מחקה משולבת מניות חו""ל חודשי מנוטרלת מט""ח","מניות בחו""ל קרן משולבת",,"מניות בחו""ל",2026-03-31,265120000.0,הראל,,True,False,0.0,0.0,0.0,0.0,0.0,0
5128210,"הראל מחקה משולבת אג""ח ישראל (85%) מניות ישראל-חול (15%) חודשי מנוטרלת מט""ח",עד 20% מניות,,"אג""ח בארץ משולבת",2026-03-31,47890000.0,הראל,,True,False,0.0,0.0,0.0,0.0,0.0,0
5128236,"הראל מחקה משולבת מניות חו""ל חודשי","מניות בחו""ל קרן משולבת",,"מניות בחו""ל",2026-03-31,79950000.0,הראל,,True,False,0.0,0.0,0.0,0.0,0.0,0
5128244,"הראל מחקה משולבת מניות סקטורים ארה""ב חודשי","מניות בחו""ל קרן משולבת",,"מניות בחו""ל",2026-03-31,55020000.0,הראל,,True,False,0.0,0.0,0.0,0.0,0.0,0
5128251,"הראל מחקה משולבת מניות סקטורים ארה""ב חודשי מנוטרלת מט""ח","מניות בחו""ל קרן משולבת",,"מניות בחו""ל",2026-03-31,31110000.0,הראל,,True,False,0.0,0.0,0.0,0.0,0.0,0
5128293,אלפא טק גמישה,גמישות,,גמישות,2026-03-31,16070000.0,הראל,אלפא טק,False,False,0.0095,0.0,1526.6499999999999,0.0095,1526.6499999999999,0
5128343,ילין לפידות צמוד מדינה,"אג""ח מדינה צמוד מדד- ללא מניות",,"אג""ח בארץ- מדינה",2026-03-31,36830000.0,ילין לפידות,,False,False,0.0059,0.0,2172.97,0.0059,2172.97,0
5128350,"ילין לפידות (!) אג""ח ישראל","אג""ח כללי בארץ ללא מניות עם סימן קריאה",,"אג""ח בארץ - כללי",2026-03-31,254560000.0,ילין לפידות,,False,False,0.0075,0.0,19092.0,0.0075,19092.0,0
5128368,"ילין לפידות מניות ערך ת""א 125",מניות Large & Mid Cap,,מניות בארץ,2026-03-31,653010000.0,ילין לפידות,,False,False,0.015,0.0,97951.49999999999,0.015,97951.49999999999,0
5128376,מור 30/70,"אג""ח כללי בארץ- עד 30% מניות",,"אג""ח בארץ - כללי",2026-03-31,1003770000.0,מור,,False,False,0.0079,0.0,79297.83000000002,0.0079,79297.83000000002,0
5128418,"דולפין אג""ח סולידית","אג""ח כללי בארץ בדירוג גבוה בלבד (AA ומעלה ו/ או מדינה)",,"אג""ח בארץ - כללי",2026-03-31,99760000.0,איילון,דולפין 1 השקעות,False,False,0.0059,0.0,5885.84,0.0059,5885.84,0
5128434,איביאי (!) תיק קונצרני,חברות והמרה ללא מניות עם סימן קריאה,,"אג""ח בארץ- חברות והמרה",2026-03-31,1533640000.0,אי.בי.אי,,False,False,0.0089,0.0,136493.96,0.0089,136493.96,0
5128442,איביאי מחקה Nasdaq Global Smart Airlines,Transportation,,"מניות בחו""ל",2026-03-31,35250000.0,אי.בי.אי,,True,False,0.008,0.0,2820.0000000000005,0.008,2820.0000000000005,0
5128459,MTF מחקה Bluestar China Internet Software,Internet,,"מניות בחו""ל",2026-03-31,12100000.0,מגדל,,True,False,0.008,0.0,968.0000000000001,0.008,968.0000000000001,0
5128467,MTF מחקה Bluestar Asia Technology,Technology,,"מניות בחו""ל",2026-03-31,61660000.0,מגדל,,True,False,0.006,0.0,3699.6,0.006,3699.6,0
5128475,פורטה 10/90,"אג""ח כללי בארץ- עד 10% מניות ללא סימן קריאה",,"אג""ח בארץ - כללי",2026-03-31,461980000.0,סיגמא,פורטה,False,False,0.0062,0.0,28642.760000000002,0.0062,28642.760000000002,0
5128483,"פורטה (!) אג""ח כללי","אג""ח כללי בארץ ללא מניות עם סימן קריאה",,"אג""ח בארץ - כללי",2026-03-31,92030000.0,סיגמא,פורטה,False,False,0.006,0.0,5521.8,0.006,5521.8,0
5128491,ילין לפידות 25/75 צמיחה,"אג""ח כללי בארץ- עד 25% מניות",,"אג""ח בארץ - כללי",2026-03-31,334030000.0,ילין לפידות,,False,False,0.0079,0.0,26388.370000000003,0.0079,26388.370000000003,0
5128509,דיאמונד מניות גלובאלי,"מניות כללי בחו""ל חשופת מט""ח",,"מניות בחו""ל",2026-03-31,13050000.0,איילון,דיאמונד,False,False,0.0144,0.0,1879.2,0.0144,1879.2,0
5128525,פורטה מניות,מניות All Cap,,מניות בארץ,2026-03-31,327920000.0,סיגמא,פורטה,False,False,0.018500000000000003,0.0,60665.20000000001,0.018500000000000003,60665.20000000001,0
5128541,"פורטה אג""ח ללא מניות","אג""ח כללי בארץ ללא מניות וללא סימן קריאה",,"אג""ח בארץ - כללי",2026-03-31,521809999.99999994,סיגמא,פורטה,False,False,0.0075,0.0,39135.74999999999,0.0075,39135.74999999999,0
5128566,"גביש (!) אג""ח חברות ללא מניות",חברות והמרה ללא מניות עם סימן קריאה,,"אג""ח בארץ- חברות והמרה",2026-03-31,36900000.0,סיגמא,גביש פיננסים,False,False,0.0089,0.0,3284.1,0.0089,3284.1,0
5128590,"הראל גביש תיק אג""ח ללא מניות","אג""ח כללי בארץ ללא מניות וללא סימן קריאה",,"אג""ח בארץ - כללי",2026-03-31,995540000.0,הראל,,False,False,0.0073,0.0,72674.42,0.0073,72674.42,0
5128616,FOREST מניות,מניות All Cap,,מניות בארץ,2026-03-31,242370000.0,פורסט,,False,False,0.012,0.0,29084.4,0.012,29084.4,0
5128624,MTF מחקה Bluestar E-Games,e-Gaming,,"מניות בחו""ל",2026-03-31,12040000.0,מגדל,,True,False,0.008,0.0,963.2,0.008,963.2,0
5128632,"מיטב (!) אג""ח תשואה כוללת","אג""ח כללי בארץ ללא מניות עם סימן קריאה",,"אג""ח בארץ - כללי",2026-03-31,153580000.0,מיטב,,False,False,0.0074,0.0,11364.920000000002,0.0074,11364.920000000002,0
5128640,מיטב (!) נבחרת קונצרני,חברות והמרה ללא מניות עם סימן קריאה,,"אג""ח בארץ- חברות והמרה",2026-03-31,670150000.0,מיטב,,False,False,0.0079,0.0,52941.850000000006,0.0079,52941.850000000006,0
5128665,איביאי עד 3 שנים 30/70,"אג""ח כללי בארץ- עד 30% מניות",,"אג""ח בארץ - כללי",2026-03-31,205190000.0,אי.בי.אי,,False,False,0.0069,0.0,14158.109999999999,0.0069,14158.109999999999,0
5128673,סיגמא מדינה צמודה פלוס,"אג""ח מדינה צמוד מדד- עד 10% מניות",,"אג""ח בארץ- מדינה",2026-03-31,1548710000.0,סיגמא,,False,False,0.0064,0.0,99117.44,0.0064,99117.44,0
5128756,תכלית Dow Jones Internet Composite TTF,Internet,,"מניות בחו""ל",2026-03-31,9780000.0,מיטב,,True,False,0.006,0.0,586.8000000000001,0.006,586.8000000000001,0
5128772,תכלית All-Bond TTF דולר וטופ 5 בתל בונד-20 צמודות,אחר,,"אג""ח בארץ- חברות והמרה",2026-03-31,36080000.0,מיטב,,True,False,0.002,0.0,721.6,0.002,721.6,0
5128814,תמיר פישמן DIGITAL ECONOMY,"מניות כללי בחו""ל חשופת מט""ח",,"מניות בחו""ל",2026-03-31,29380000.0,תמיר פישמן,,False,False,0.0149,0.0,4377.62,0.0149,4377.62,0
5128848,"ב. אלטרנטיב (!) אג""ח קונצרני",חברות והמרה ללא מניות עם סימן קריאה,,"אג""ח בארץ- חברות והמרה",2026-03-31,396330000.0,איילון,בסט אלטרנטיב,False,False,0.0089,0.0,35273.369999999995,0.0089,35273.369999999995,0
5128855,איילון מניות גלובאלי,"מניות כללי בחו""ל חשופת מט""ח",,"מניות בחו""ל",2026-03-31,154030000.0,איילון,,False,False,0.015,0.0,23104.499999999996,0.015,23104.499999999996,0
5128871,הראל עוקבת תיק מס' 3 - הבנק הבינלאומי,"אג""ח כללי בארץ- עד 30% מניות",,"אג""ח בארץ - כללי",2026-03-31,126030000.0,הראל,,False,False,0.0055000000000000005,0.0,6931.6500000000015,0.0055000000000000005,6931.6500000000015,0
5128897,"הראל שהם אג""ח סולידי ללא מניות","אג""ח כללי בארץ בדירוג גבוה בלבד (AA ומעלה ו/ או מדינה)",,"אג""ח בארץ - כללי",2026-03-31,67040000.00000001,הראל,,False,False,0.0025,0.0,1676.0000000000002,0.0025,1676.0000000000002,0
5128905,קסם NASDAQ 100 KTF,אמריקה- שווקים מפותחים,,"מניות בחו""ל",2026-03-31,1591300000.0,קסם,,True,False,0.0,0.0,0.0,0.0,0.0,0
5128913,קסם DJ Internet Composite KTF,Internet,,"מניות בחו""ל",2026-03-31,6010000.0,קסם,,True,False,0.005,0.0,300.5,0.005,300.5,0
5128939,תכלית TTFי Indxx US eGaming & Virtual Reality,e-Gaming,,"מניות בחו""ל",2026-03-31,19940000.0,מיטב,,True,False,0.008,0.0,1595.2,0.008,1595.2,0
5128947,"איילון אקסטרים נאסד""ק 100 פי 3",ממונפות בסיכון גבוה,,ממונפות ואסטרטגיות,2026-03-31,89060000.0,איילון,,False,False,0.018500000000000003,0.0,16476.100000000002,0.018500000000000003,16476.100000000002,0
5128962,מור מניות טכנולוגיה גלובלי,"מניות לפי ענפים בחו""ל",,"מניות בחו""ל",2026-03-31,191530000.0,מור,,False,False,0.021,0.0,40221.3,0.021,40221.3,0
5128970,"תכלית TTF ת""א-פמילי",אחר,,מניות בארץ,2026-03-31,87140000.0,מיטב,,True,False,0.005,0.0,4357.0,0.005,4357.0,0
5128988,תכלית TTFי Indxx US Junior Cybersecurity,Cyber Security,,"מניות בחו""ל",2026-03-31,18160000.0,מיטב,,True,False,0.008,0.0,1452.8000000000002,0.008,1452.8000000000002,0
5128996,"קסם אקטיב תיק אג""ח ומניות","אג""ח כללי בארץ - חשיפה מרבית מעל 30% מניות",,"אג""ח בארץ - כללי",2026-03-31,105150000.0,קסם,,False,False,0.0079,0.0,8306.85,0.0079,8306.85,0
5129002,קסם KTF תל בונד-שקלי AA-AAA,בריבית קבועה,,"אג""ח בארץ- חברות והמרה",2026-03-31,196630000.0,קסם,,True,False,0.002,0.0,3932.6000000000004,0.002,3932.6000000000004,0
5129010,קסם KTF תל בונד-צמודות AA-AAA,בריבית קבועה,,"אג""ח בארץ- חברות והמרה",2026-03-31,363260000.0,קסם,,True,False,0.002,0.0,7265.200000000001,0.002,7265.200000000001,0
5129028,קסם KTF תל בונד-צמודות 3-5,בריבית קבועה - בינוני,,"אג""ח בארץ- חברות והמרה",2026-03-31,63330000.0,קסם,,True,False,0.0034999999999999996,0.0,2216.5499999999997,0.0034999999999999996,2216.5499999999997,0
5129036,קסם All-Bond KTF-דולר וטופ 5 בתל בונד-20 צמודות,אחר,,"אג""ח בארץ- חברות והמרה",2026-03-31,32350000.0,קסם,,True,False,0.0034999999999999996,0.0,1132.25,0.0034999999999999996,1132.25,0
5129069,MTF מחקה אינדקס A-AA ישראל 1-3,"אג""ח חברות שקלי וצמוד",,"אג""ח בארץ- חברות והמרה",2026-03-31,146810000.0,מגדל,,True,False,0.0025,0.0,3670.25,0.0025,3670.25,0
5129093,פורצ'ן גמישה,גמישות,,גמישות,2026-03-31,157040000.0,איילון,פורצ'ן,False,False,0.018000000000000002,0.0,28267.2,0.018000000000000002,28267.2,0
5129101,"פורצ'ן (!) אג""ח בינלאומי","אג""ח חשופת מט""ח",,"אג""ח בחו""ל",2026-03-31,612660000.0,איילון,פורצ'ן,False,False,0.009000000000000001,0.0,55139.4,0.009000000000000001,55139.4,0
5129119,פורצ'ן 10/90,"אג""ח כללי בארץ- עד 10% מניות ללא סימן קריאה",,"אג""ח בארץ - כללי",2026-03-31,345920000.0,איילון,פורצ'ן,False,False,0.008,0.0,27673.600000000002,0.008,27673.600000000002,0
5129127,קסם S&P 500 Bond Mega 30 Investment Grade 3-5 Year KTF,"חברות והמרה חשופת מט""ח - בינוני",,"אג""ח בחו""ל",2026-03-31,262360000.0,קסם,,True,False,0.0025,0.0,6559.0,0.0025,6559.0,0
5129143,הראל אמלפי,"אג""ח כללי בארץ- עד 30% מניות",,"אג""ח בארץ - כללי",2026-03-31,72820000.0,הראל,,False,False,0.0043,0.0,3131.26,0.0043,3131.26,0
5129168,"הראל מניות תנודתיות נמוכה ת""א Large & Mid Cap",מניות Large & Mid Cap,,מניות בארץ,2026-03-31,15550000.0,הראל,,False,False,0.011899999999999999,0.0,1850.4499999999998,0.011899999999999999,1850.4499999999998,0
5129184,"קסם אקטיב תיק אג""ח + 15","אג""ח כללי בארץ- עד 15% מניות",,"אג""ח בארץ - כללי",2026-03-31,206240000.0,קסם,,False,False,0.0089,0.0,18355.36,0.0089,18355.36,0
5129192,קסם KTF תל גוב-שקלי 5-10,ריבית קבועה - ארוך,,"אג""ח בארץ- מדינה",2026-03-31,563350000.0,קסם,,True,False,0.001,0.0,5633.500000000001,0.001,5633.500000000001,0
5129200,"ברומטר (!) אג""ח חברות ללא מניות",חברות והמרה ללא מניות עם סימן קריאה,,"אג""ח בארץ- חברות והמרה",2026-03-31,110470000.0,איילון,ברומטר,False,False,0.0079,0.0,8727.130000000001,0.0079,8727.130000000001,0
5129218,אי בי אי מחקה STOXX Europe 600 מנוטרלת אירו,אירופה- כללי,,"מניות בחו""ל",2026-03-31,85220000.0,אי.בי.אי,,True,False,0.0025,0.0,2130.5,0.0025,2130.5,0
5129226,אי בי אי מחקה S&P Consumer Staples,Consumer Staples,,"מניות בחו""ל",2026-03-31,32720000.0,אי.בי.אי,,True,False,0.003,0.0,981.6,0.003,981.6,0
5129242,אי בי אי מחקה S&P Financial,Financial,,"מניות בחו""ל",2026-03-31,116570000.0,אי.בי.אי,,True,False,0.0025,0.0,2914.25,0.0025,2914.25,0
5129259,אי בי אי מחקה S&P Health Care,Health Care,,"מניות בחו""ל",2026-03-31,113300000.0,אי.בי.אי,,True,False,0.005,0.0,5665.0,0.005,5665.0,0
5129267,MTF מחקה Indxx Global E-Commerce,e-Commerce,,"מניות בחו""ל",2026-03-31,11390000.0,מגדל,,True,False,0.008,0.0,911.2,0.008,911.2,0
5129275,הראל מחקה S&P 500,אמריקה- שווקים מפותחים,,"מניות בחו""ל",2026-03-31,3036480000.0,הראל,,True,False,0.0,0.0,0.0,0.0,0.0,0
5129283,הראל מחקה NASDAQ 100,אמריקה- שווקים מפותחים,,"מניות בחו""ל",2026-03-31,1283350000.0,הראל,,True,False,0.0,0.0,0.0,0.0,0.0,0
5129309,"איביאי מחקה משולבת מניות ארה""ב חודשי","מניות בחו""ל קרן משולבת",,"מניות בחו""ל",2026-03-31,217340000.0,אי.בי.אי,,True,False,0.005,0.0,10867.0,0.005,10867.0,0
5129317,איילון עוקבת תיק 4 הבנק הבינלאומי,"אג""ח כללי בארץ - חשיפה מרבית מעל 30% מניות",,"אג""ח בארץ - כללי",2026-03-31,56540000.0,איילון,,False,False,0.0075,0.0,4240.5,0.0075,4240.5,0
5129333,"פוקוס אג""ח","אג""ח כללי בארץ ללא מניות וללא סימן קריאה",,"אג""ח בארץ - כללי",2026-03-31,252880000.0,איילון,פוקוס,False,False,0.0075,0.0,18966.0,0.0075,18966.0,0
5129374,תכלית TTFי INDXX US Industrial Real Estate & Logistics,REIT - Real Estate,,"מניות בחו""ל",2026-03-31,30910000.0,מיטב,,True,False,0.008,0.0,2472.8,0.008,2472.8,0
5129382,"שופן אג""ח גלאט בפקוח ועד ההלכה של הגר""ש ואזנר והגר""נ קרליץ","אג""ח כללי בארץ ללא מניות וללא סימן קריאה",,"אג""ח בארץ - כללי",2026-03-31,17040000.0,סיגמא,א.נ.נ.י שופן,False,False,0.0089,0.0,1516.56,0.0089,1516.56,0
5129408,הראל כספית ניהול נזילות,כספית שקלית עם קונצרני,,קרן כספית,2026-03-31,4741220000.0,הראל,,False,False,0.0017000000000000001,0.0,80600.74,0.0017000000000000001,80600.74,1
5129424,הראל מחקה אינדקס לפדיון 2030 (מתגלגל כל 6 שנים),"אג""ח חברות שקלי וצמוד",,"אג""ח בארץ- חברות והמרה",2026-03-31,92750000.0,הראל,,True,False,0.002,0.0,1855.0000000000002,0.002,1855.0000000000002,0
5129432,קסם KTF תל בונד שקלי-50,בריבית קבועה,,"אג""ח בארץ- חברות והמרה",2026-03-31,136450000.0,קסם,,True,False,0.0,0.0,0.0,0.0,0.0,0
5129457,מור עוקבת תיק 2 הבנק הבינלאומי,"אג""ח כללי בארץ- עד 15% מניות",,"אג""ח בארץ - כללי",2026-03-31,527030000.0,מור,,False,False,0.0074,0.0,39000.22000000001,0.0074,39000.22000000001,0
5129465,"הראל מניות במומנטום ת""א Large & Mid Cap",מניות Large & Mid Cap,,מניות בארץ,2026-03-31,733800000.0,הראל,,False,False,0.0129,0.0,94660.2,0.0129,94660.2,0
5129473,"אלפא טק מניות חו""ל ESG","מניות כללי בחו""ל חשופת מט""ח",,"מניות בחו""ל",2026-03-31,30780000.0,הראל,אלפא טק,False,False,0.009000000000000001,0.0,2770.2000000000003,0.009000000000000001,2770.2000000000003,0
5129499,"מגדל עוקבת מרכיב אג""ח - תיק 2 הבנק הבינלאומי","אג""ח כללי בארץ ללא מניות וללא סימן קריאה",,"אג""ח בארץ - כללי",2026-03-31,12780000.0,מגדל,,False,False,0.0060999999999999995,0.0,779.5799999999999,0.0060999999999999995,779.5799999999999,0
5129507,איביאי מחקה Solactive Electronic Payment,e-Commerce,,"מניות בחו""ל",2026-03-31,1890000.0,אי.בי.אי,,True,False,0.008,0.0,151.20000000000002,0.008,151.20000000000002,0
5129523,הראל כספית דולרית - נקובה $,"נקובת מט""ח",,קרן כספית,2026-03-31,7382840000.0,הראל,,False,False,0.0015,0.0,110742.6,0.0015,110742.6,1
5129531,MTF מחקה אינדקס A ישראל 2-4,"אג""ח חברות שקלי וצמוד",,"אג""ח בארץ- חברות והמרה",2026-03-31,176420000.0,מגדל,,True,False,0.0025,0.0,4410.5,0.0025,4410.5,0
5129549,"MTF מחקה אינדקס אג""ח במינוף פיננסי נמוך","אג""ח חברות שקלי וצמוד",,"אג""ח בארץ- חברות והמרה",2026-03-31,147340000.0,מגדל,,True,False,0.0025,0.0,3683.5,0.0025,3683.5,0
5129564,"הפניקס קסם אג""ח כללי A ומעלה","אג""ח כללי בארץ ללא מניות וללא סימן קריאה",,"אג""ח בארץ - כללי",2026-03-31,291910000.0,קסם,,False,False,0.0037,0.0,10800.670000000002,0.0037,10800.670000000002,0
5129598,אלטשולר שחם עוקבת תיק 3 הבנק הבינלאומי,"אג""ח כללי בארץ- עד 30% מניות",,"אג""ח בארץ - כללי",2026-03-31,11600000.0,אלטשולר שחם,,False,False,0.006999999999999999,0.0,811.9999999999999,0.006999999999999999,811.9999999999999,0
5129606,פסטרנק שהם גמישה,גמישות,,גמישות,2026-03-31,27540000.0,איילון,פסטרנק שהם,False,False,0.017,0.0,4681.8,0.017,4681.8,0
5129648,MTF מחקה Bluestar Global Connective Technologies,Internet,,"מניות בחו""ל",2026-03-31,39510000.0,מגדל,,True,False,0.008,0.0,3160.8,0.008,3160.8,0
5129655,אנליסט עוקבת תיק 3 הבנק הבינלאומי,"אג""ח כללי בארץ- עד 30% מניות",,"אג""ח בארץ - כללי",2026-03-31,73750000.0,אנליסט,,False,False,0.0069,0.0,5088.75,0.0069,5088.75,0
5129663,"הראל מחקה אינדקס אג""ח תזרימיות A ומעלה","אג""ח חברות שקלי וצמוד",,"אג""ח בארץ- חברות והמרה",2026-03-31,65440000.0,הראל,,True,False,0.0015,0.0,981.6,0.0015,981.6,0
5129689,הראל מחקה תל בונד צמודות-בנקים ללא COCO,בריבית קבועה,,"אג""ח בארץ- חברות והמרה",2026-03-31,345620000.0,הראל,,True,False,0.0015,0.0,5184.3,0.0015,5184.3,0
5129697,הראל מחקה תל דיב,All Cap,,מניות בארץ,2026-03-31,67620000.0,הראל,,True,False,0.006,0.0,4057.2000000000003,0.006,4057.2000000000003,0
5129705,"הראל מחקה ת""א סקטור-באלאנס",Large & Mid Cap,,מניות בארץ,2026-03-31,166150000.0,הראל,,True,False,0.0013,0.0,2159.95,0.0013,2159.95,0
5129721,הראל מחקה DJ US Dividend,אמריקה- שווקים מפותחים,,"מניות בחו""ל",2026-03-31,22330000.0,הראל,,True,False,0.006999999999999999,0.0,1563.1,0.006999999999999999,1563.1,0
5129739,"הראל מחקה 2000 Russell מנוטרלת מט""ח",אמריקה- שווקים מפותחים,,"מניות בחו""ל",2026-03-31,106270000.0,הראל,,True,False,0.004,0.0,4250.8,0.004,4250.8,0
5129762,"הראל מחקה S&P Consumer Staples מנוטרלת מט""ח",Consumer Staples,,"מניות בחו""ל",2026-03-31,18140000.0,הראל,,True,False,0.006,0.0,1088.4,0.006,1088.4,0
5129770,"הראל מחקה iBoxx $ Corps Liquid 3-7 Years מנוטרלת מט""ח","חברות והמרה  מנוטרלת מט""ח - בינוני",,"אג""ח בחו""ל",2026-03-31,493910000.0,הראל,,True,False,0.0022,0.0,10866.020000000002,0.0022,10866.020000000002,0
5129788,"הראל מחקה S&P Technology מנוטרלת מט""ח",Technology,,"מניות בחו""ל",2026-03-31,216320000.0,הראל,,True,False,0.006999999999999999,0.0,15142.399999999998,0.006999999999999999,15142.399999999998,0
5129887,"MTF מחקה אינדקס ת""א 125 Quality",Large & Mid Cap,,מניות בארץ,2026-03-31,81730000.0,מגדל,,True,False,0.006,0.0,4903.8,0.006,4903.8,0
5129937,מור A ומעלה עד 4 שנים,"חברות והמרה ללא מניות וללא סימן קריאה, עם מגבלת מח""מ עד 5 שנים",,"אג""ח בארץ- חברות והמרה",2026-03-31,532280000.0,מור,,False,False,0.0076,0.0,40453.28,0.0076,40453.28,0
5129945,תכלית TTFי Indxx US Food-Tech,Technology,,"מניות בחו""ל",2026-03-31,4960000.0,מיטב,,True,False,0.008,0.0,396.8,0.008,396.8,0
5129978,"FOREST (!) אג""ח ללא מניות","אג""ח כללי בארץ ללא מניות עם סימן קריאה",,"אג""ח בארץ - כללי",2026-03-31,703300000.0,פורסט,,False,False,0.0075,0.0,52747.49999999999,0.0075,52747.49999999999,0
5130000,"MTF מחקה אינדקס אג""ח בנקים וביטוח","אג""ח חברות שקלי וצמוד",,"אג""ח בארץ- חברות והמרה",2026-03-31,124030000.0,מגדל,,True,False,0.0025,0.0,3100.75,0.0025,3100.75,0
5130018,"הראל מחקה אינדקס אג""ח CoCo בנקים","אג""ח חברות שקלי וצמוד",,"אג""ח בארץ- חברות והמרה",2026-03-31,533030000.0,הראל,,True,False,0.0036,0.0,19189.08,0.0036,19189.08,0
5130026,הראל מחקה Dow Jones U.S. Select Medical Equipment,Health Care,,"מניות בחו""ל",2026-03-31,73940000.0,הראל,,True,False,0.008,0.0,5915.200000000001,0.008,5915.200000000001,0
5130042,איילון תיק מניות כשרה,מניות All Cap,,מניות בארץ,2026-03-31,110730000.0,איילון,,False,False,0.008,0.0,8858.400000000001,0.008,8858.400000000001,0
5130059,ורדן Flexible,גמישות,,גמישות,2026-03-31,4770000.0,איילון,ורדן בית השקעות,False,False,0.018799999999999997,0.0,896.7599999999998,0.018799999999999997,896.7599999999998,0
5130067,איביאי אסטרטגיות - ממונפת,ממונפות בסיכון גבוה,,ממונפות ואסטרטגיות,2026-03-31,474090000.0,אי.בי.אי,,False,False,0.02,0.0,94818.0,0.02,94818.0,0
5130083,MTF מחקה אינדקס צמודות בנקים וביטוח,בריבית קבועה,,"אג""ח בארץ- חברות והמרה",2026-03-31,75530000.0,מגדל,,True,False,0.002,0.0,1510.6000000000001,0.002,1510.6000000000001,0
5130091,קסם אקטיב כספית דולרית - נקובה $,"נקובת מט""ח",,קרן כספית,2026-03-31,620520000.0,קסם,,False,False,0.0025,0.0,15513.0,0.0025,15513.0,1
5130133,תכלית TTF תל בונד שקלי 3-5,בריבית קבועה - בינוני,,"אג""ח בארץ- חברות והמרה",2026-03-31,66510000.00000001,מיטב,,True,False,0.0,0.0,0.0,0.0,0.0,0
5130141,"תכלית TTFי Nasdaq Golden Dragon China מנוטרלת מט""ח",אסיה ופסיפיק- שווקים מתעוררים,,"מניות בחו""ל",2026-03-31,7020000.0,מיטב,,True,False,0.008,0.0,561.6,0.008,561.6,0
5130158,תכלית TTF תל בונד צמודות AA-AAA,בריבית קבועה,,"אג""ח בארץ- חברות והמרה",2026-03-31,191970000.0,מיטב,,True,False,0.002,0.0,3839.4,0.002,3839.4,0
5130166,תכלית TTF תל בונד שקלי 1-3,בריבית קבועה - קצר,,"אג""ח בארץ- חברות והמרה",2026-03-31,171000000.0,מיטב,,True,False,0.0,0.0,0.0,0.0,0.0,0
5130174,תכלית TTF תל בונד שקלי 5-15,בריבית קבועה - ארוך,,"אג""ח בארץ- חברות והמרה",2026-03-31,469210000.0,מיטב,,True,False,0.0005,0.0,2346.05,0.0005,2346.05,0
5130182,ילין לפידות 40/60,"אג""ח כללי בארץ - חשיפה מרבית מעל 30% מניות",,"אג""ח בארץ - כללי",2026-03-31,277720000.0,ילין לפידות,,False,False,0.0084,0.0,23328.48,0.0084,23328.48,0
5130190,ילין לפידות A ומעלה + 10%,חברות והמרה עם מניות ללא סימן קריאה,,"אג""ח בארץ- חברות והמרה",2026-03-31,283210000.0,ילין לפידות,,False,False,0.0079,0.0,22373.590000000004,0.0079,22373.590000000004,0
5130208,ילין לפידות מדינה + 20%,"אג""ח מדינה כללי- עד 20% מניות",,"אג""ח בארץ- מדינה",2026-03-31,21220000.0,ילין לפידות,,False,False,0.0054,0.0,1145.88,0.0054,1145.88,0
5130224,"מגדל אג""ח חברות + 25%",חברות והמרה עם מניות ללא סימן קריאה,,"אג""ח בארץ- חברות והמרה",2026-03-31,18390000.0,מגדל,,False,False,0.0069,0.0,1268.9099999999999,0.0069,1268.9099999999999,0
5130240,ברק גמישה,גמישות,,גמישות,2026-03-31,4980000.0,ברק,,False,False,0.018000000000000002,0.0,896.4000000000001,0.018000000000000002,896.4000000000001,0
5130265,איביאי 20/90,אסטרטגיות (לא ממונפות),,ממונפות ואסטרטגיות,2026-03-31,276840000.0,אי.בי.אי,,False,False,0.0089,0.0,24638.76,0.0089,24638.76,0
5130273,הראל מניות פיננסים,מניות לפי ענפים,,מניות בארץ,2026-03-31,133419999.99999999,הראל,,False,False,0.015,0.0,20012.999999999996,0.015,20012.999999999996,0
5130299,איביאי מחקה BlueStar Defense & Cyber & Intelligence,Cyber Security,,"מניות בחו""ל",2026-03-31,8400000.0,אי.בי.אי,,True,False,0.008,0.0,672.0,0.008,672.0,0
5130307,איילון 10/90,"אג""ח כללי בארץ- עד 10% מניות ללא סימן קריאה",,"אג""ח בארץ - כללי",2026-03-31,310460000.0,איילון,,False,False,0.008,0.0,24836.800000000003,0.008,24836.800000000003,0
5130315,"איילון אג""ח ללא מניות","אג""ח כללי בארץ ללא מניות וללא סימן קריאה",,"אג""ח בארץ - כללי",2026-03-31,1199170000.0,איילון,,False,False,0.0079,0.0,94734.43000000001,0.0079,94734.43000000001,0
5130323,איילון מימון ואשראי חוץ בנקאי,מניות לפי ענפים,,מניות בארץ,2026-03-31,16329999.999999998,איילון,,False,False,0.015,0.0,2449.4999999999995,0.015,2449.4999999999995,0
5130349,ב. אלטרנטיב מניות ישראל,מניות All Cap,,מניות בארץ,2026-03-31,433550000.0,איילון,בסט אלטרנטיב,False,False,0.018000000000000002,0.0,78039.0,0.018000000000000002,78039.0,0
5130356,ילין לפידות (!) קונצרני ישראל,חברות והמרה ללא מניות עם סימן קריאה,,"אג""ח בארץ- חברות והמרה",2026-03-31,534340000.00000006,ילין לפידות,,False,False,0.0075,0.0,40075.5,0.0075,40075.5,0
5130364,מור ברקת 30/70,"אג""ח כללי בארץ- עד 30% מניות",,"אג""ח בארץ - כללי",2026-03-31,144590000.0,מור,,False,False,0.0058,0.0,8386.22,0.0058,8386.22,0
5130372,MTF מחקה מדד משולב אינדקס בנקים ישראל 20/80 חודשי,עד 20% מניות,,"אג""ח בארץ משולבת",2026-03-31,187070000.0,מגדל,,True,False,0.0025,0.0,4676.75,0.0025,4676.75,0
5130380,אי בי אי מחקה תל בונד שקלי בנקים וביטוח,בריבית קבועה,,"אג""ח בארץ- חברות והמרה",2026-03-31,315440000.0,אי.בי.אי,,True,False,0.002,0.0,6308.8,0.002,6308.8,0
5130398,MTF מחקה Indxx Pure Cyber מנוטרלת דולר,Cyber Security,,"מניות בחו""ל",2026-03-31,9230000.0,מגדל,,True,False,0.008,0.0,738.4000000000001,0.008,738.4000000000001,0
5130414,"פרופאונד אג""ח מדורגות (!)",חברות והמרה ללא מניות עם סימן קריאה,,"אג""ח בארץ- חברות והמרה",2026-03-31,96960000.0,איילון,פרופאונד,False,False,0.008,0.0,7756.8,0.008,7756.8,0
5130422,פרופאונד גמישה,גמישות,,גמישות,2026-03-31,101970000.0,איילון,פרופאונד,False,False,0.0175,0.0,17844.750000000004,0.0175,17844.750000000004,0
5130430,פרופאונד 20/80,"אג""ח כללי בארץ- עד 20% מניות",,"אג""ח בארץ - כללי",2026-03-31,28650000.0,איילון,פרופאונד,False,False,0.0077,0.0,2206.05,0.0077,2206.05,0
5130455,"מיטב אג""ח קונצרני מדורג עד 5 שנים","חברות והמרה ללא מניות וללא סימן קריאה, עם מגבלת מח""מ עד 5 שנים",,"אג""ח בארץ- חברות והמרה",2026-03-31,108390000.0,מיטב,,False,False,0.0068000000000000005,0.0,7370.5199999999995,0.0068000000000000005,7370.5199999999995,0
5130463,"מיטב אג""ח עד 4 שנים","אג""ח כללי בארץ ללא מניות וללא סימן קריאה, עם מגבלת מח""מ עד 5 שנים",,"אג""ח בארץ - כללי",2026-03-31,207790000.0,מיטב,,False,False,0.0059,0.0,12259.609999999999,0.0059,12259.609999999999,0
5130505,הראל איתן,גמישות,,גמישות,2026-03-31,396420000.0,הראל,,False,False,0.0,0.0,0.0,0.0,0.0,0
5130513,MTF מחקה תל גוב-שקלי 5+,ריבית קבועה - ארוך,,"אג""ח בארץ- מדינה",2026-03-31,280970000.0,מגדל,,True,False,0.0,0.0,0.0,0.0,0.0,0
5130521,"MTF מחקה S&P 500 Scored & Screened מנוטרלת מט""ח",אמריקה- שווקים מפותחים,,"מניות בחו""ל",2026-03-31,139360000.0,מגדל,,True,False,0.0,0.0,0.0,0.0,0.0,0
5130539,"הפניקס קסם (!) אג""ח ללא מניות","אג""ח כללי בארץ ללא מניות עם סימן קריאה",,"אג""ח בארץ - כללי",2026-03-31,673980000.0,קסם,,False,False,0.0084,0.0,56614.32,0.0084,56614.32,0
5130554,"הפניקס קסם מניות חו""ל","מניות כללי בחו""ל חשופת מט""ח",,"מניות בחו""ל",2026-03-31,384590000.0,קסם,,False,False,0.0179,0.0,68841.61,0.0179,68841.61,0
5130588,"קסם אקטיב עוקבת מרכיב אג""ח - תיק 3 הבנק הבינלאומי","אג""ח כללי בארץ ללא מניות וללא סימן קריאה",,"אג""ח בארץ - כללי",2026-03-31,29400000.0,קסם,,False,False,0.0062,0.0,1822.8000000000002,0.0062,1822.8000000000002,0
5130596,"MTF מחקה מדד משולב אינדקס נדל""ן מניב 20/80 חודשי",עד 20% מניות,,"אג""ח בארץ משולבת",2026-03-31,17370000.0,מגדל,,True,False,0.0,0.0,0.0,0.0,0.0,0
5130604,MTF מחקה אינדקס תשתיות לאומיות ישראל,תשתיות,,מניות בארץ,2026-03-31,1008900000.0,מגדל,,True,False,0.005,0.0,50445.0,0.005,50445.0,0
5130612,סיגמא מדינה עד 5 שנים ללא מניות,"אג""ח מדינה כללי- ללא מניות",,"אג""ח בארץ- מדינה",2026-03-31,632310000.0,סיגמא,,False,False,0.0055000000000000005,0.0,34777.05,0.0055000000000000005,34777.05,0
5130620,"MTF מחקה ת""א 90",Mid Cap,,מניות בארץ,2026-03-31,838290000.0,מגדל,,True,False,0.001,0.0,8382.900000000001,0.001,8382.900000000001,0
5130638,"הראל מחקה ת""א 90",Mid Cap,,מניות בארץ,2026-03-31,1408230000.0,הראל,,True,False,0.0,0.0,0.0,0.0,0.0,0
5130661,"הראל מחקה ת""א 35",Large Cap,,מניות בארץ,2026-03-31,1553550000.0,הראל,,True,False,0.0,0.0,0.0,0.0,0.0,0
5130687,"אי בי אי מחקה ת""א 35",Large Cap,,מניות בארץ,2026-03-31,390710000.0,אי.בי.אי,,True,False,0.0025,0.0,9767.75,0.0025,9767.75,0
5130695,אי בי אי מחקה תל בונד צמודות 3-5,בריבית קבועה - בינוני,,"אג""ח בארץ- חברות והמרה",2026-03-31,274900000.0,אי.בי.אי,,True,False,0.002,0.0,5498.0,0.002,5498.0,0
5130703,אי בי אי מחקה אינדקס A-AA מנגנון מרווח,"אג""ח חברות שקלי וצמוד",,"אג""ח בארץ- חברות והמרה",2026-03-31,530860000.0,אי.בי.אי,,True,False,0.003,0.0,15925.800000000001,0.003,15925.800000000001,0
5130729,אימפקט 10/90,"אג""ח כללי בארץ- עד 10% מניות ללא סימן קריאה",,"אג""ח בארץ - כללי",2026-03-31,43710000.0,איילון,אימפקט,False,False,0.008,0.0,3496.8,0.008,3496.8,0
5130737,אי בי אי מחקה Shiller Barclays CAPE® US Core Mid-Month Sector,אמריקה- שווקים מפותחים,,"מניות בחו""ל",2026-03-31,544240000.0,אי.בי.אי,,True,False,0.0079,0.0,42994.96000000001,0.0079,42994.96000000001,0
5130745,MTF מחקה Indxx Renewable Energy מנוטרלת דולר,Alternative / Renewable Energy,,"מניות בחו""ל",2026-03-31,36650000.0,מגדל,,True,False,0.008,0.0,2932.0000000000005,0.008,2932.0000000000005,0
5130752,אי בי אי מחקה STOXX Europe 600,אירופה- כללי,,"מניות בחו""ל",2026-03-31,152490000.0,אי.בי.אי,,True,False,0.0025,0.0,3812.25,0.0025,3812.25,0
5130802,"פורצ'ן (!) אג""ח ללא מניות","אג""ח כללי בארץ ללא מניות עם סימן קריאה",,"אג""ח בארץ - כללי",2026-03-31,166070000.0,איילון,פורצ'ן,False,False,0.0079,0.0,13119.53,0.0079,13119.53,0
5130810,פסטרנק שהם 30/70,"אג""ח כללי בארץ- עד 30% מניות",,"אג""ח בארץ - כללי",2026-03-31,796650000.0,איילון,פסטרנק שהם,False,False,0.0078000000000000005,0.0,62138.7,0.0078000000000000005,62138.7,0
5130828,תכלית TTF תל בונד שקלי בנקים וביטוח,בריבית קבועה,,"אג""ח בארץ- חברות והמרה",2026-03-31,188150000.0,מיטב,,True,False,0.0,0.0,0.0,0.0,0.0,0
5130836,תכלית TTF תל בונד שקלי AA-AAA,בריבית קבועה,,"אג""ח בארץ- חברות והמרה",2026-03-31,194100000.0,מיטב,,True,False,0.0,0.0,0.0,0.0,0.0,0
5130851,קסם KTFי S&P 500 נקובה $,אמריקה- שווקים מפותחים,,"מניות בחו""ל",2026-03-31,77180000.0,קסם,,True,False,0.002,0.0,1543.6000000000001,0.002,1543.6000000000001,0
5130869,קסם KTFי Indxx Climate Change Solutions,Alternative / Renewable Energy,,"מניות בחו""ל",2026-03-31,15220000.0,קסם,,True,False,0.008,0.0,1217.6000000000001,0.008,1217.6000000000001,0
5130893,"MTF מחקה ת""א-טכנולוגיה",טכנולוגיה,,מניות בארץ,2026-03-31,187310000.0,מגדל,,True,False,0.0045000000000000005,0.0,8428.95,0.0045000000000000005,8428.95,0
5130919,"אי בי אי מחקה ת""א 90",Mid Cap,,מניות בארץ,2026-03-31,555800000.0,אי.בי.אי,,True,False,0.002,0.0,11116.0,0.002,11116.0,0
5130927,"קסם KTF ת""א - טכנולוגיה",טכנולוגיה,,מניות בארץ,2026-03-31,134260000.0,קסם,,True,False,0.0025,0.0,3356.5,0.0025,3356.5,0
5130943,"קסם KTF אינדקס אג""ח שקלי ביטוח ושירותים פיננסיים",בריבית קבועה,,"אג""ח בארץ- חברות והמרה",2026-03-31,22250000.0,קסם,,True,False,0.0,0.0,0.0,0.0,0.0,0
5130950,אנליסט סולידית LV,"אג""ח כללי בארץ בדירוג גבוה בלבד (AA ומעלה ו/ או מדינה)",,"אג""ח בארץ - כללי",2026-03-31,35770000.0,אנליסט,,False,False,0.005,0.0,1788.5,0.005,1788.5,0
5130976,MTF מחקה Bluestar Solar Energy Industry מנוטרלת דולר,Alternative / Renewable Energy,,"מניות בחו""ל",2026-03-31,11090000.0,מגדל,,True,False,0.008,0.0,887.2,0.008,887.2,0
5130984,"ילין לפידות מניות נדל""ן",מניות לפי ענפים,,מניות בארץ,2026-03-31,39640000.0,ילין לפידות,,False,False,0.012,0.0,4756.8,0.012,4756.8,0
5130992,אי בי אי מחקה תל בונד שקלי AA-AAA,בריבית קבועה,,"אג""ח בארץ- חברות והמרה",2026-03-31,210480000.0,אי.בי.אי,,True,False,0.002,0.0,4209.6,0.002,4209.6,0
5131008,אי בי אי מחקה תל בונד צמודות AA-AAA,בריבית קבועה,,"אג""ח בארץ- חברות והמרה",2026-03-31,313390000.0,אי.בי.אי,,True,False,0.002,0.0,6267.8,0.002,6267.8,0
5131040,מור אנרגיה נקיה גלובלי,"מניות לפי ענפים בחו""ל",,"מניות בחו""ל",2026-03-31,32030000.0,מור,,False,False,0.018500000000000003,0.0,5925.550000000001,0.018500000000000003,5925.550000000001,0
5131057,"מגדל אג""ח מדינה ומניות עד 10%","אג""ח מדינה כללי- עד 10% מניות",,"אג""ח בארץ- מדינה",2026-03-31,288280000.0,מגדל,,False,False,0.0043,0.0,12396.04,0.0043,12396.04,0
5131081,"הראל מחקה ת""א טכנולוגיה",טכנולוגיה,,מניות בארץ,2026-03-31,239660000.0,הראל,,True,False,0.0015,0.0,3594.9,0.0015,3594.9,0
5131099,"מגדל אג""ח ומניות עד 20%","אג""ח כללי בארץ- עד 20% מניות",,"אג""ח בארץ - כללי",2026-03-31,85550000.0,מגדל,,False,False,0.0075,0.0,6416.249999999999,0.0075,6416.249999999999,0
5131107,"הראל (!) איתן אג""ח","אג""ח כללי בארץ ללא מניות עם סימן קריאה",,"אג""ח בארץ - כללי",2026-03-31,175480000.0,הראל,,False,False,0.0,0.0,0.0,0.0,0.0,0
5131115,"מגדל תיק אג""ח - הכנסה חודשית","אג""ח כללי בארץ- עד 15% מניות",,"אג""ח בארץ - כללי",2026-03-31,31920000.0,מגדל,,False,False,0.0118,0.0,3766.56,0.0118,3766.56,0
5131131,מגדל מדינה פלוס A ומעלה,"אג""ח מדינה כללי- ללא מניות",,"אג""ח בארץ- מדינה",2026-03-31,378860000.0,מגדל,,False,False,0.0059,0.0,22352.739999999998,0.0059,22352.739999999998,0
5131164,הראל מחקה אינדקס AA-AAA ריאליות שקלי,בריבית קבועה,,"אג""ח בארץ- חברות והמרה",2026-03-31,32729999.999999996,הראל,,True,False,0.0029,0.0,949.1699999999997,0.0029,949.1699999999997,0
5131172,מגדל מדד מדינה,"אג""ח מדינה צמוד מדד- עד 10% מניות",,"אג""ח בארץ- מדינה",2026-03-31,205020000.0,מגדל,,False,False,0.0069,0.0,14146.38,0.0069,14146.38,0
5131180,הראל מחקה אינדקס AA-AAA ריאליות צמוד,בריבית קבועה,,"אג""ח בארץ- חברות והמרה",2026-03-31,74420000.0,הראל,,True,False,0.0029,0.0,2158.18,0.0029,2158.18,0
5131198,תכלית TTFי S&P 500 Scored & Screened,אמריקה- שווקים מפותחים,,"מניות בחו""ל",2026-03-31,54300000.0,מיטב,,True,False,0.0,0.0,0.0,0.0,0.0,0
5131206,"קסם KTFי NASDAQ Biotechnology מנוטרלת מט""ח",Biotechnology,,"מניות בחו""ל",2026-03-31,12640000.0,קסם,,True,False,0.004,0.0,505.6,0.004,505.6,0
5131222,"MTF מחקה אינדקס אג""ח חברות ממשלתיות","אג""ח חברות שקלי וצמוד",,"אג""ח בארץ- חברות והמרה",2026-03-31,199380000.0,מגדל,,True,False,0.002,0.0,3987.6000000000004,0.002,3987.6000000000004,0
5131230,"מגדל דולר אגרסיבית אג""ח חו""ל","אג""ח חשופת דולר",,"אג""ח בחו""ל",2026-03-31,9200000.0,מגדל,,False,False,0.0137,0.0,1260.3999999999999,0.0137,1260.3999999999999,0
5131263,אנליסט 15/85,"אג""ח כללי בארץ- עד 15% מניות",,"אג""ח בארץ - כללי",2026-03-31,11090000.0,אנליסט,,False,False,0.0045000000000000005,0.0,499.05,0.0045000000000000005,499.05,0
5131271,מגדל מניות ישראל Buy Side,מניות All Cap,,מניות בארץ,2026-03-31,135720000.0,מגדל,,False,False,0.0175,0.0,23751.000000000004,0.0175,23751.000000000004,0
5131289,"אי בי אי מחקה משולבת אג""ח מדינה (90%) אינדקס בנקים ישראל (10%) חודשי","אג""ח מדינה משולבת - עד 10% מניות",,"אג""ח בארץ- מדינה",2026-03-31,62690000.0,אי.בי.אי,,True,False,0.005,0.0,3134.5,0.005,3134.5,0
5131297,"מגדל נדל""ן",מניות לפי ענפים,,מניות בארץ,2026-03-31,27460000.0,מגדל,,False,False,0.0125,0.0,3432.5,0.0125,3432.5,0
5131313,"מגדל מניות סייבר חו""ל","מניות לפי ענפים בחו""ל",,"מניות בחו""ל",2026-03-31,87510000.0,מגדל,,False,False,0.0194,0.0,16976.94,0.0194,16976.94,0
5131339,מגדל שווקים מתעוררים,"מניות גיאוגרפי אחר חשופת מט""ח",,"מניות בחו""ל",2026-03-31,43740000.0,מגדל,,False,False,0.0125,0.0,5467.5,0.0125,5467.5,0
5131347,"קסם KTFי משולבת אג""ח חברות (50%) אג""ח מדינה (50%) חודשי",ללא מניות,,"אג""ח בארץ משולבת",2026-03-31,18600000.0,קסם,,True,False,0.0,0.0,0.0,0.0,0.0,0
5131354,"מגדל ת""א Mid Cap",מניות Large & Mid Cap,,מניות בארץ,2026-03-31,18310000.0,מגדל,,False,False,0.0069,0.0,1263.3899999999999,0.0069,1263.3899999999999,0
5131362,איילון טכנולוגיה ישראל,מניות לפי ענפים,,מניות בארץ,2026-03-31,25730000.0,איילון,,False,False,0.0125,0.0,3216.25,0.0125,3216.25,0
5131388,"מגדל מניות חו""ל נקובה $","מניות בחו""ל נקובת מט""ח",,"מניות בחו""ל",2026-03-31,17870000.0,מגדל,,False,False,0.0195,0.0,3484.65,0.0195,3484.65,0
5131404,"הראל מחקה ת""א בנייה","נדל""ן ובנייה",,מניות בארץ,2026-03-31,83680000.0,הראל,,True,False,0.0025,0.0,2092.0,0.0025,2092.0,0
5131420,"הראל מחקה ת""א מניב ישראל","נדל""ן ובנייה",,מניות בארץ,2026-03-31,89980000.0,הראל,,True,False,0.001,0.0,899.8000000000001,0.001,899.8000000000001,0
5131438,מגדל סין,"מניות גיאוגרפי אחר חשופת מט""ח",,"מניות בחו""ל",2026-03-31,9360000.0,מגדל,,False,False,0.0125,0.0,1170.0,0.0125,1170.0,0
5131446,"MTF מחקה Bluestar Top 10 US Banks מנוטרלת מט""ח",Banking,,"מניות בחו""ל",2026-03-31,272150000.0,מגדל,,True,False,0.005,0.0,13607.5,0.005,13607.5,0
5131453,"מגדל מניות ישראל ת""א 125",מניות Large & Mid Cap,,מניות בארץ,2026-03-31,121010000.0,מגדל,,False,False,0.0149,0.0,18030.489999999998,0.0149,18030.489999999998,0
5131461,דרך מניות ערך בינלאומי כשר,"מניות כללי בחו""ל חשופת מט""ח",,"מניות בחו""ל",2026-03-31,19100000.0,סיגמא,דרך אינבסט,False,False,0.018500000000000003,0.0,3533.5000000000005,0.018500000000000003,3533.5000000000005,0
5131479,"מגדל אג""ח ישראל סולידית","אג""ח כללי בארץ בדירוג גבוה בלבד (AA ומעלה ו/ או מדינה)",,"אג""ח בארץ - כללי",2026-03-31,6530000.0,מגדל,,False,False,0.0059,0.0,385.27,0.0059,385.27,0
5131487,"קסם KTF ת""א-מניב ישראל","נדל""ן ובנייה",,מניות בארץ,2026-03-31,82210000.0,קסם,,True,False,0.0015,0.0,1233.15,0.0015,1233.15,0
5131503,"MTF מחקה Bluestar Travel & Vacation מנוטרלת מט""ח",Travel,,"מניות בחו""ל",2026-03-31,57080000.0,מגדל,,True,False,0.008,0.0,4566.400000000001,0.008,4566.400000000001,0
5131529,MTF מחקה אינדקס צריכה בסיסית ישראל,צריכה בסיסית,,מניות בארץ,2026-03-31,109820000.0,מגדל,,True,False,0.005,0.0,5491.0,0.005,5491.0,0
5131537,"תכלית NASDAQ Clean Edge Green Energy EW TTF מנוטרלת מט""ח",Cleantech,,"מניות בחו""ל",2026-03-31,29450000.0,מיטב,,True,False,0.008,0.0,2356.0,0.008,2356.0,0
5131545,אקורד 10/90,"אג""ח כללי בארץ- עד 10% מניות ללא סימן קריאה",,"אג""ח בארץ - כללי",2026-03-31,280670000.0,איילון,אקורד ניהול השקעות,False,False,0.0075,0.0,21050.249999999996,0.0075,21050.249999999996,0
5131552,"אקורד אג""ח מדורגות",חברות והמרה ללא מניות וללא סימן קריאה,,"אג""ח בארץ- חברות והמרה",2026-03-31,284860000.0,איילון,אקורד ניהול השקעות,False,False,0.0077,0.0,21934.22,0.0077,21934.22,0
5131560,אקורד 20/80,"אג""ח כללי בארץ- עד 20% מניות",,"אג""ח בארץ - כללי",2026-03-31,351090000.0,איילון,אקורד ניהול השקעות,False,False,0.0079,0.0,27736.110000000004,0.0079,27736.110000000004,0
5131578,קסם KTF אינדקס מזון ישראלי,צריכה בסיסית,,מניות בארץ,2026-03-31,76820000.0,קסם,,True,False,0.005,0.0,3841.0,0.005,3841.0,0
5131586,"מור (!) אג""ח חברות עם רכיב בטוחה",חברות והמרה ללא מניות עם סימן קריאה,,"אג""ח בארץ- חברות והמרה",2026-03-31,449760000.0,מור,,False,False,0.008199999999999999,0.0,36880.31999999999,0.008199999999999999,36880.31999999999,0
5131602,אי בי אי מחקה אינדקס A תקרת מנפיק,"אג""ח חברות שקלי וצמוד",,"אג""ח בארץ- חברות והמרה",2026-03-31,474360000.0,אי.בי.אי,,True,False,0.003,0.0,14230.800000000001,0.003,14230.800000000001,0
5131610,אי בי אי מחקה תל בונד צמודות בנקים ללא COCO,בריבית קבועה,,"אג""ח בארץ- חברות והמרה",2026-03-31,170560000.0,אי.בי.אי,,True,False,0.0018,0.0,3070.08,0.0018,3070.08,0
5131628,"אי בי אי מחקה S&P 500 מנוטרלת מט""ח",אמריקה- שווקים מפותחים,,"מניות בחו""ל",2026-03-31,1078500000.0,אי.בי.אי,,True,False,0.0025,0.0,26962.5,0.0025,26962.5,0
5131636,אי בי אי מחקה תל בונד מאגר,"אג""ח חברות שקלי וצמוד",,"אג""ח בארץ- חברות והמרה",2026-03-31,70230000.0,אי.בי.אי,,True,False,0.0015,0.0,1053.45,0.0015,1053.45,0
5131644,"אי בי אי מחקה NASDAQ 100 מנוטרלת מט""ח",אמריקה- שווקים מפותחים,,"מניות בחו""ל",2026-03-31,813330000.0,אי.בי.אי,,True,False,0.003,0.0,24399.9,0.003,24399.9,0
5131701,אי בי אי מחקה תל גוב-צמודות 0-2,צמודות מדד ממשלתיות - קצר,,"אג""ח בארץ- מדינה",2026-03-31,200350000.0,אי.בי.אי,,True,False,0.001,0.0,2003.5000000000002,0.001,2003.5000000000002,0
5131719,קסם KTFי Indxx China Internet,Internet,,"מניות בחו""ל",2026-03-31,4050000.0,קסם,,True,False,0.008,0.0,324.0,0.008,324.0,0
5131727,MTF מחקה אינדקס A-AA שקלי,בריבית קבועה,,"אג""ח בארץ- חברות והמרה",2026-03-31,64780000.0,מגדל,,True,False,0.0,0.0,0.0,0.0,0.0,0
5131735,MTF מחקה אינדקס A-AA צמוד,בריבית קבועה,,"אג""ח בארץ- חברות והמרה",2026-03-31,265290000.00000003,מגדל,,True,False,0.0025,0.0,6632.250000000001,0.0025,6632.250000000001,0
5131743,מור מחקה אינדקס צריכה ישראלית,שילוב ענפים,,מניות בארץ,2026-03-31,20100000.0,מור,,True,False,0.0055000000000000005,0.0,1105.5000000000002,0.0055000000000000005,1105.5000000000002,0
5131768,תכלית TTFי INDXX TOURISM & LEISURE EW,Travel,,"מניות בחו""ל",2026-03-31,14440000.0,מיטב,,True,False,0.006,0.0,866.4,0.006,866.4,0
5131792,הראל מחקה תל גוב-כללי,"אג""ח מדינה שיקלי וצמוד",,"אג""ח בארץ- מדינה",2026-03-31,163270000.0,הראל,,True,False,0.001,0.0,1632.7,0.001,1632.7,0
5131818,קסם KTFי משולבת S&P ארהב צריכה מחזורית (50%) בסיסית (50%) חודשי מנוטרלת מטח,"מניות בחו""ל קרן משולבת",,"מניות בחו""ל",2026-03-31,14270000.0,קסם,,True,False,0.0,0.0,0.0,0.0,0.0,0
5131826,"קסם KTFי משולבת S&P ארה""ב צריכה מחזורית (50%) בסיסית (50%) חודשי","מניות בחו""ל קרן משולבת",,"מניות בחו""ל",2026-03-31,11130000.0,קסם,,True,False,0.0,0.0,0.0,0.0,0.0,0
5131834,אי בי אי מחקה DJ US Real Estate,REIT - Real Estate,,"מניות בחו""ל",2026-03-31,138380000.0,אי.בי.אי,,True,False,0.008,0.0,11070.400000000001,0.008,11070.400000000001,0
5131842,קסם KTF משולבת S&P ארהב פיננסים (70%) בנקים אזוריים (30%) חודשי מנוטרלת מטח,"מניות בחו""ל קרן משולבת",,"מניות בחו""ל",2026-03-31,23530000.0,קסם,,True,False,0.0,0.0,0.0,0.0,0.0,0
5131867,ISP Asset Managementי 20/80,"אג""ח כללי בארץ- עד 20% מניות",,"אג""ח בארץ - כללי",2026-03-31,32640000.0,איילון,איי.אס.פי.,False,False,0.008,0.0,2611.2000000000003,0.008,2611.2000000000003,0
5131875,"ISP Asset Management אג""ח ללא מניות","אג""ח כללי בארץ ללא מניות וללא סימן קריאה",,"אג""ח בארץ - כללי",2026-03-31,82680000.0,איילון,איי.אס.פי.,False,False,0.006999999999999999,0.0,5787.599999999999,0.006999999999999999,5787.599999999999,0
5131883,"מור מחקה אינדקס תשתיות ובינוי ארה""ב",REIT - Real Estate,,"מניות בחו""ל",2026-03-31,308840000.0,מור,,True,False,0.008,0.0,24707.2,0.008,24707.2,0
5131891,מור מחקה אינדקס טכנולוגיה ישראל רווחיות משקל שווה,טכנולוגיה,,מניות בארץ,2026-03-31,38940000.0,מור,,True,False,0.0055000000000000005,0.0,2141.7000000000003,0.0055000000000000005,2141.7000000000003,0
5131909,אי בי אי מחקה (!) תל בונד תשואות שקל,בריבית קבועה,,"אג""ח בארץ- חברות והמרה",2026-03-31,97310000.0,אי.בי.אי,,True,False,0.002,0.0,1946.2000000000003,0.002,1946.2000000000003,0
5131925,תכלית TTF אינדקס בנקים ישראל,בנקאות ואשראי חוץ בנקאי,,מניות בארץ,2026-03-31,486790000.0,מיטב,,True,False,0.002,0.0,9735.800000000001,0.002,9735.800000000001,0
5131941,קסם KTFי ISE Cyber Security מנוטרלת דולר,Cyber Security,,"מניות בחו""ל",2026-03-31,31930000.0,קסם,,True,False,0.006999999999999999,0.0,2235.1,0.006999999999999999,2235.1,0
5131958,דיאמונד 30/70,"אג""ח כללי בארץ- עד 30% מניות",,"אג""ח בארץ - כללי",2026-03-31,122620000.0,איילון,דיאמונד,False,False,0.0089,0.0,10913.179999999998,0.0089,10913.179999999998,0
5131966,מור מחקה אינדקס בנקים משקל שווה,בנקאות ואשראי חוץ בנקאי,,מניות בארץ,2026-03-31,1040530000.0,מור,,True,False,0.005,0.0,52026.5,0.005,52026.5,0
5131974,הורייזן פיוצ'ר טק גלובלי,"מניות לפי ענפים בחו""ל",,"מניות בחו""ל",2026-03-31,25130000.0,איילון,הורייזן,False,False,0.016,0.0,4020.8,0.016,4020.8,0
5131982,איביאי גמישה,גמישות,,גמישות,2026-03-31,16160000.0,אי.בי.אי,,False,False,0.009000000000000001,0.0,1454.4,0.009000000000000001,1454.4,0
5131990,איילון תיק לרשויות מקומיות,"אג""ח כללי בארץ- עד 5% מניות",,"אג""ח בארץ - כללי",2026-03-31,34910000.0,איילון,,False,False,0.0054,0.0,1885.14,0.0054,1885.14,0
5132006,קסם KTF אינדקס eGaming מנוטרלת דולר,e-Gaming,,"מניות בחו""ל",2026-03-31,4910000.0,קסם,,True,False,0.006,0.0,294.6,0.006,294.6,0
5132014,"איילון אנרגיה ירוקה ישראל וארה""ב",מניות לפי ענפים,,מניות בארץ,2026-03-31,38830000.0,איילון,,False,False,0.0125,0.0,4853.75,0.0125,4853.75,0
5132030,הראל מחקה אינדקס A שקלי מנפיקים ישראלים,בריבית קבועה,,"אג""ח בארץ- חברות והמרה",2026-03-31,74370000.0,הראל,,True,False,0.003,0.0,2231.1,0.003,2231.1,0
5132055,ב. אלטרנטיב 10/90,"אג""ח כללי בארץ- עד 10% מניות ללא סימן קריאה",,"אג""ח בארץ - כללי",2026-03-31,239510000.0,איילון,בסט אלטרנטיב,False,False,0.0079,0.0,18921.29,0.0079,18921.29,0
5132063,"אי בי אי מחקה משולבת S&P סקטורים ארה""ב חודשי מנוטרלת מט""ח","מניות בחו""ל קרן משולבת",,"מניות בחו""ל",2026-03-31,19570000.0,אי.בי.אי,,True,False,0.005,0.0,978.5,0.005,978.5,0
5132071,"אי בי אי מחקה DJ Internet Composite מנוטרלת מט""ח",Internet,,"מניות בחו""ל",2026-03-31,26190000.0,אי.בי.אי,,True,False,0.008,0.0,2095.2000000000003,0.008,2095.2000000000003,0
5132089,"קסם KTFי משולבת S&P סקטורים ארה""ב חודשי","מניות בחו""ל קרן משולבת",,"מניות בחו""ל",2026-03-31,74330000.0,קסם,,True,False,0.0,0.0,0.0,0.0,0.0,0
5132113,איילון בונד A-AA,חברות והמרה עם מניות ללא סימן קריאה,,"אג""ח בארץ- חברות והמרה",2026-03-31,4970000.0,איילון,,False,False,0.0075,0.0,372.74999999999994,0.0075,372.74999999999994,0
5132121,"קבין אג""ח ללא מניות","אג""ח כללי בארץ ללא מניות וללא סימן קריאה",,"אג""ח בארץ - כללי",2026-03-31,1297650000.0,איילון,קבין,False,False,0.0079,0.0,102514.35,0.0079,102514.35,0
5132139,איביאי מחקה משולבת טכנולוגיה עולמי חודשי,"מניות בחו""ל קרן משולבת",,"מניות בחו""ל",2026-03-31,21890000.0,אי.בי.אי,,True,False,0.005,0.0,1094.5,0.005,1094.5,0
5132147,אי בי אי מחקה S&P Technology,Technology,,"מניות בחו""ל",2026-03-31,96790000.0,אי.בי.אי,,True,False,0.005,0.0,4839.5,0.005,4839.5,0
5132154,"אי בי אי מחקה S&P Technology מנוטרלת מט""ח",Technology,,"מניות בחו""ל",2026-03-31,125660000.0,אי.בי.אי,,True,False,0.005,0.0,6283.0,0.005,6283.0,0
5132162,"תכלית TTF אינדקס ביג טק 30 ארה""ב מנוטרלת מט""ח",Technology,,"מניות בחו""ל",2026-03-31,193160000.0,מיטב,,True,False,0.005,0.0,9658.0,0.005,9658.0,0
5132204,פסטרנק שהם (!) 10/90,"אג""ח כללי בארץ- עד 10% מניות ועם סימן קריאה",,"אג""ח בארץ - כללי",2026-03-31,270130000.0,איילון,פסטרנק שהם,False,False,0.0073,0.0,19719.489999999998,0.0073,19719.489999999998,0
5132220,מור מחקה אינדקס סייבר למחשוב ענן גלובלי,Cyber Security,,"מניות בחו""ל",2026-03-31,70260000.0,מור,,True,False,0.008,0.0,5620.8,0.008,5620.8,0
5132261,"קסם KTFי BlueStar E-Commerce US Leaders מנוטרלת מט""ח",e-Commerce,,"מניות בחו""ל",2026-03-31,3600000.0,קסם,,True,False,0.0,0.0,0.0,0.0,0.0,0
5132279,"קסם KTF אינדקס Cloud Computing מנוטרלת מט""ח",Cloud Computing,,"מניות בחו""ל",2026-03-31,8560000.0,קסם,,True,False,0.005,0.0,428.0,0.005,428.0,0
5132287,איילון ואליו 2 מניות חו''ל ESG עד 30% מט''ח,"מניות כללי בחו""ל מוגנת מט""ח",,"מניות בחו""ל",2026-03-31,4110000.0000000005,איילון,,False,False,0.0148,0.0,608.2800000000002,0.0148,608.2800000000002,0
5132295,הראל מחקה אינדקס קמעונאות ומסחר ישראל,שילוב ענפים,,מניות בארץ,2026-03-31,27540000.0,הראל,,True,False,0.0034999999999999996,0.0,963.8999999999999,0.0034999999999999996,963.8999999999999,0
5132303,אילים מניות בנקים,מניות לפי ענפים,,מניות בארץ,2026-03-31,416430000.0,אילים,,False,False,0.0069,0.0,28733.67,0.0069,28733.67,0
5132329,אי בי אי מחקה DJ Asia Dividend 30,אסיה ופסיפיק- כללי,,"מניות בחו""ל",2026-03-31,19590000.0,אי.בי.אי,,True,False,0.008,0.0,1567.2,0.008,1567.2,0
5132337,אי בי אי מחקה S&P Regional Banks,Banking,,"מניות בחו""ל",2026-03-31,5980000.0,אי.בי.אי,,True,False,0.0,0.0,0.0,0.0,0.0,0
5132345,"אי בי אי מחקה Japan 50 Dividend iNDEX מנוטרלת מט""ח",אסיה ופסיפיק- שווקים מפותחים,,"מניות בחו""ל",2026-03-31,40740000.0,אי.בי.אי,,True,False,0.008,0.0,3259.2000000000003,0.008,3259.2000000000003,0
5132360,אי בי אי מחקה S&P Communication Services,Communication,,"מניות בחו""ל",2026-03-31,34290000.0,אי.בי.אי,,True,False,0.005,0.0,1714.5,0.005,1714.5,0
5132378,"קסם KTF אינדקס Travel מנוטרלת מט""ח",Travel,,"מניות בחו""ל",2026-03-31,11340000.0,קסם,,True,False,0.006999999999999999,0.0,793.8,0.006999999999999999,793.8,0
5132386,"פוקוס (!) אג""ח חברות",חברות והמרה ללא מניות עם סימן קריאה,,"אג""ח בארץ- חברות והמרה",2026-03-31,119460000.0,איילון,פוקוס,False,False,0.0089,0.0,10631.939999999999,0.0089,10631.939999999999,0
5132394,קסם KTFי CSI300,אסיה ופסיפיק- שווקים מתעוררים,,"מניות בחו""ל",2026-03-31,8510000.0,קסם,,True,False,0.005,0.0,425.5,0.005,425.5,0
5132402,קסם KTF תל בונד צמודות-בנקים ללא COCO,בריבית קבועה,,"אג""ח בארץ- חברות והמרה",2026-03-31,91460000.0,קסם,,True,False,0.0015,0.0,1371.9,0.0015,1371.9,0
5132410,פלקון 20/80,"אג""ח כללי בארץ- עד 20% מניות",,"אג""ח בארץ - כללי",2026-03-31,43770000.0,סיגמא,פלקון,False,False,0.0079,0.0,3457.8300000000004,0.0079,3457.8300000000004,0
5132428,אלפי בנדק עוקבת תיק 3 הבנק הבינלאומי,"אג""ח כללי בארץ- עד 30% מניות",,"אג""ח בארץ - כללי",2026-03-31,64620000.00000001,הראל,אלפי בנדק,False,False,0.0059,0.0,3812.5800000000004,0.0059,3812.5800000000004,0
5132436,"אלפי בנדק מניות חו""ל","מניות כללי בחו""ל חשופת מט""ח",,"מניות בחו""ל",2026-03-31,79970000.0,הראל,אלפי בנדק,False,False,0.0169,0.0,13514.929999999998,0.0169,13514.929999999998,0
5132451,קסם KTF אינדקס מפעילי בורסות עולמיות מנוטרלת דולר,Financial,,"מניות בחו""ל",2026-03-31,7050000.0,קסם,,True,False,0.006999999999999999,0.0,493.49999999999994,0.006999999999999999,493.49999999999994,0
5132493,איביאי מחקה BlueStar Global GreenTech,Technology,,"מניות בחו""ל",2026-03-31,9900000.0,אי.בי.אי,,True,False,0.008,0.0,792.0000000000001,0.008,792.0000000000001,0
5132519,אי בי אי מחקה תל בונד שקלי 50,בריבית קבועה,,"אג""ח בארץ- חברות והמרה",2026-03-31,287100000.0,אי.בי.אי,,True,False,0.002,0.0,5742.000000000001,0.002,5742.000000000001,0
5132527,אי בי אי מחקה ISE Cyber Security,Cyber Security,,"מניות בחו""ל",2026-03-31,15170000.0,אי.בי.אי,,True,False,0.005,0.0,758.5,0.005,758.5,0
5132535,"תכלית TTF אינדקס ישראל A ומעלה פקטור מרווח מאג""ח ממשלתי","אג""ח חברות שקלי וצמוד",,"אג""ח בארץ- חברות והמרה",2026-03-31,208790000.0,מיטב,,True,False,0.0025,0.0,5219.75,0.0025,5219.75,0
5132568,"תמיר פישמן (!) אג""ח חברות",חברות והמרה ללא מניות עם סימן קריאה,,"אג""ח בארץ- חברות והמרה",2026-03-31,58900000.0,תמיר פישמן,,False,False,0.0055000000000000005,0.0,3239.5000000000005,0.0055000000000000005,3239.5000000000005,0
5132592,"הראל מחקה אינדקס A-AAA ת""א שקלי - נקובה $",בריבית קבועה,,"אג""ח בארץ- חברות והמרה",2026-03-31,131060000.0,הראל,,True,False,0.0034999999999999996,0.0,4587.099999999999,0.0034999999999999996,4587.099999999999,0
5132626,"אי בי אי מחקה אינדקס אג""ח במרווח גבוה","אג""ח חברות שקלי וצמוד",,"אג""ח בארץ- חברות והמרה",2026-03-31,321020000.0,אי.בי.אי,,True,False,0.003,0.0,9630.6,0.003,9630.6,0
5132634,"הראל אג""ח ישראל - נקובה $","אג""ח כללי בארץ ללא מניות וללא סימן קריאה",,"אג""ח בארץ - כללי",2026-03-31,34520000.0,הראל,,False,False,0.0049,0.0,1691.48,0.0049,1691.48,0
5132709,איביאי מחקה אינדקס רכב חשמלי גלובלי,Transportation,,"מניות בחו""ל",2026-03-31,5700000.0,אי.בי.אי,,True,False,0.008,0.0,456.00000000000006,0.008,456.00000000000006,0
5132782,"קסם KTF ת""א-בנייה","נדל""ן ובנייה",,מניות בארץ,2026-03-31,47780000.0,קסם,,True,False,0.0,0.0,0.0,0.0,0.0,0
5132790,קבין 10/90,"אג""ח כללי בארץ- עד 10% מניות ללא סימן קריאה",,"אג""ח בארץ - כללי",2026-03-31,1107360000.0,איילון,קבין,False,False,0.0079,0.0,87481.44000000002,0.0079,87481.44000000002,0
5132832,קסם אקטיב דולר פי 3,ממונפות בסיכון גבוה,,ממונפות ואסטרטגיות,2026-03-31,29820000.0,קסם,,False,False,0.01,0.0,2982.0,0.01,2982.0,0
5132865,הראל מחקה אינדקס A-AA צמוד 0-2,בריבית קבועה - קצר,,"אג""ח בארץ- חברות והמרה",2026-03-31,124510000.0,הראל,,True,False,0.002,0.0,2490.2000000000003,0.002,2490.2000000000003,0
5132873,אקורד 30/70,"אג""ח כללי בארץ- עד 30% מניות",,"אג""ח בארץ - כללי",2026-03-31,198990000.0,איילון,אקורד ניהול השקעות,False,False,0.0088,0.0,17511.120000000003,0.0088,17511.120000000003,0
5132923,תכלית TTF אינדקס ביג טק 30 סין מנוטרלת דולר,Technology,,"מניות בחו""ל",2026-03-31,9510000.0,מיטב,,True,False,0.008,0.0,760.8000000000001,0.008,760.8000000000001,0
5132931,"קסם KTF אינדקס אג""ח A משקל שווה","אג""ח חברות שקלי וצמוד",,"אג""ח בארץ- חברות והמרה",2026-03-31,65319999.99999999,קסם,,True,False,0.002,0.0,1306.3999999999999,0.002,1306.3999999999999,0
5132949,"קסם KTF אינדקס אג""ח AA משקל שווה","אג""ח חברות שקלי וצמוד",,"אג""ח בארץ- חברות והמרה",2026-03-31,47900000.0,קסם,,True,False,0.0034999999999999996,0.0,1676.4999999999998,0.0034999999999999996,1676.4999999999998,0
5132956,"קסם KTF אינדקס אג""ח סקטור באלאנס","אג""ח חברות שקלי וצמוד",,"אג""ח בארץ- חברות והמרה",2026-03-31,25310000.0,קסם,,True,False,0.0,0.0,0.0,0.0,0.0,0
5132972,"קסם KTFי MVIS US Listed Semiconductor 25 מנוטרלת מט""ח",Semiconductor,,"מניות בחו""ל",2026-03-31,327350000.0,קסם,,True,False,0.005,0.0,16367.5,0.005,16367.5,0
5132998,הראל 15/85 - נקובה $,"אג""ח כללי בארץ- עד 15% מניות",,"אג""ח בארץ - כללי",2026-03-31,241510000.0,הראל,,False,False,0.0069,0.0,16664.19,0.0069,16664.19,0
5133004,"קסם KTF אינדקס אג""ח חברות בנייה בישראל","אג""ח חברות שקלי וצמוד",,"אג""ח בארץ- חברות והמרה",2026-03-31,4500000.0,קסם,,True,False,0.0025,0.0,112.5,0.0025,112.5,0
5133012,קסם KTFי S&P Regional Banks,Banking,,"מניות בחו""ל",2026-03-31,2900000.0,קסם,,True,False,0.005,0.0,145.0,0.005,145.0,0
5133038,"MTF מחקה אינדקס הייטק ישראלי בחו""ל מנוטרלת דולר",Technology,,"מניות בחו""ל",2026-03-31,4150000.0000000005,מגדל,,True,False,0.005,0.0,207.50000000000003,0.005,207.50000000000003,0
5133061,MTF מחקה S&P CHINA 500 מנוטרלת דולר,אסיה ופסיפיק- שווקים מתעוררים,,"מניות בחו""ל",2026-03-31,10910000.0,מגדל,,True,False,0.005,0.0,545.5,0.005,545.5,0
5133111,"פסטרנק שהם מניות חו""ל","מניות כללי בחו""ל חשופת מט""ח",,"מניות בחו""ל",2026-03-31,273950000.0,איילון,פסטרנק שהם,False,False,0.0175,0.0,47941.25000000001,0.0175,47941.25000000001,0
5133129,מור מניות צמיחה גלובלי,"מניות כללי בחו""ל חשופת מט""ח",,"מניות בחו""ל",2026-03-31,229350000.0,מור,,False,False,0.0176,0.0,40365.600000000006,0.0176,40365.600000000006,0
5133137,איביאי צמודה 20/90,אסטרטגיות (לא ממונפות),,ממונפות ואסטרטגיות,2026-03-31,659130000.0,אי.בי.אי,,False,False,0.0089,0.0,58662.57,0.0089,58662.57,0
5133145,הראל מחקה אינדקס A-AAA ריאליות פקטור מרווח מאג''ח ממשלתי,"אג""ח חברות שקלי וצמוד",,"אג""ח בארץ- חברות והמרה",2026-03-31,45830000.0,הראל,,True,False,0.003,0.0,1374.9,0.003,1374.9,0
5133152,"הראל מחקה אינדקס אג""ח מנפיקים ישראלים במשקל שווה","אג""ח חברות שקלי וצמוד",,"אג""ח בארץ- חברות והמרה",2026-03-31,14630000.0,הראל,,True,False,0.002,0.0,292.6,0.002,292.6,0
5133186,אביב - שגב גמישה,גמישות,,גמישות,2026-03-31,18080000.0,איילון,אביב-שגב,False,False,0.018500000000000003,0.0,3344.8000000000006,0.018500000000000003,3344.8000000000006,0
5133202,MTF מחקה תל בונד-שקלי AA-AAA,בריבית קבועה,,"אג""ח בארץ- חברות והמרה",2026-03-31,80960000.0,מגדל,,True,False,0.0,0.0,0.0,0.0,0.0,0
5133210,MTF מחקה תל בונד-צמודות AA-AAA,בריבית קבועה,,"אג""ח בארץ- חברות והמרה",2026-03-31,373370000.0,מגדל,,True,False,0.001,0.0,3733.7000000000003,0.001,3733.7000000000003,0
5133236,ATF מחקה אינדקס בנקים וביטוח ישראל,שילוב ענפים,,מניות בארץ,2026-03-31,661610000.0,אנליסט,,True,False,0.005,0.0,33080.5,0.005,33080.5,0
5133269,"אלטשולר שחם מחקה A.B SmartBeta USA Pure Value מנוטרלת מט""ח",אמריקה- כללי,,"מניות בחו""ל",2026-03-31,4450000.0,אלטשולר שחם,,True,False,0.009000000000000001,0.0,400.5,0.009000000000000001,400.5,0
5133293,"אי בי אי מחקה S&P Semiconductor Select Industry מנוטרלת מט""ח",Semiconductor,,"מניות בחו""ל",2026-03-31,34870000.0,אי.בי.אי,,True,False,0.004,0.0,1394.8000000000002,0.004,1394.8000000000002,0
5133301,סיגמא 50/50,"אג""ח כללי בארץ - חשיפה מרבית מעל 30% מניות",,"אג""ח בארץ - כללי",2026-03-31,55510000.0,סיגמא,,False,False,0.0079,0.0,4385.290000000001,0.0079,4385.290000000001,0
5133335,"תכלית TTFי Nasdaq CTA US Artificial Intelligence and Robotics מנוטרלת מט""ח",Robotics,,"מניות בחו""ל",2026-03-31,7200000.0,מיטב,,True,False,0.008,0.0,576.0,0.008,576.0,0
5133343,סלע 20/80,"אג""ח כללי בארץ- עד 20% מניות",,"אג""ח בארץ - כללי",2026-03-31,4790000.0,איילון,סלע בית השקעות,False,False,0.0075,0.0,359.24999999999994,0.0075,359.24999999999994,0
5133376,"תכלית TTF אינדקס ישראל צמוד A ומעלה פקטור מרווח מאג""ח ממשלתי",בריבית קבועה,,"אג""ח בארץ- חברות והמרה",2026-03-31,119480000.0,מיטב,,True,False,0.0015,0.0,1792.2,0.0015,1792.2,0
5133384,"קסם אקטיב מניות נדל""ן",מניות לפי ענפים,,מניות בארץ,2026-03-31,7520000.0,קסם,,False,False,0.006999999999999999,0.0,526.4,0.006999999999999999,526.4,0
5133392,קסם KTF תל בונד-צמודות A,בריבית קבועה,,"אג""ח בארץ- חברות והמרה",2026-03-31,769070000.0,קסם,,True,False,0.0025,0.0,19226.75,0.0025,19226.75,0
5133434,"קסם KTFי Indxx US Infrastructure מנוטרלת מט""ח",Utilities,,"מניות בחו""ל",2026-03-31,60740000.0,קסם,,True,False,0.005,0.0,3037.0,0.005,3037.0,0
5133459,פורצ'ן 20/80,"אג""ח כללי בארץ- עד 20% מניות",,"אג""ח בארץ - כללי",2026-03-31,67940000.0,איילון,פורצ'ן,False,False,0.0079,0.0,5367.26,0.0079,5367.26,0
5133525,פוקוס מניות,מניות All Cap,,מניות בארץ,2026-03-31,70040000.0,איילון,פוקוס,False,False,0.0169,0.0,11836.759999999998,0.0169,11836.759999999998,0
5133533,איביאי מחקה אינדקס פיננסים ישראל איזון ענפי,פיננסים,,מניות בארץ,2026-03-31,301470000.0,אי.בי.אי,,True,False,0.006500000000000001,0.0,19595.550000000003,0.006500000000000001,19595.550000000003,0
5133541,"תכלית TTF ת""א-בנייה","נדל""ן ובנייה",,מניות בארץ,2026-03-31,227040000.0,מיטב,,True,False,0.002,0.0,4540.8,0.002,4540.8,0
5133574,"הראל מחקה NASDAQ 100 מנוטרלת מט""ח",אמריקה- שווקים מפותחים,,"מניות בחו""ל",2026-03-31,808250000.0,הראל,,True,False,0.0,0.0,0.0,0.0,0.0,0
5133582,"תכלית TTF ת""א-ביטוח ושירותים פיננסים",ביטוח,,מניות בארץ,2026-03-31,557310000.0,מיטב,,True,False,0.003,0.0,16719.3,0.003,16719.3,0
5133608,"הראל מחקה אינדקס AA-AAA ת""א 0-2 - נקובה $","אג""ח חברות שקלי וצמוד",,"אג""ח בארץ- חברות והמרה",2026-03-31,38920000.0,הראל,,True,False,0.0025,0.0,973.0,0.0025,973.0,0
5133616,הראל מחקה אינדקס בנקים ישראל,בנקאות ואשראי חוץ בנקאי,,מניות בארץ,2026-03-31,248830000.0,הראל,,True,False,0.005,0.0,12441.5,0.005,12441.5,0
5133632,ילין לפידות אגד ישראלי עד 30% מניות,אגד ישראלי,,אגד קרנות,2026-03-31,54640000.0,ילין לפידות,,False,False,0.0,0.0,0.0,0.0,0.0,0
5133640,ילין לפידות אגד ישראלי עד 15% מניות,אגד ישראלי,,אגד קרנות,2026-03-31,62740000.0,ילין לפידות,,False,False,0.0,0.0,0.0,0.0,0.0,0
5133657,איביאי מחקה אינדקס מוליכים למחצה גלובלי EW מנוטרלת דולר,Semiconductor,,"מניות בחו""ל",2026-03-31,47420000.0,אי.בי.אי,,True,False,0.008,0.0,3793.6000000000004,0.008,3793.6000000000004,0
5133673,אי בי אי מחקה אינדקס A-AA שקלי 0-2 - נקובה $,בריבית קבועה - קצר,,"אג""ח בארץ- חברות והמרה",2026-03-31,25830000.0,אי.בי.אי,,True,False,0.0,0.0,0.0,0.0,0.0,0
5133681,"תכלית TTFי S&P 900 Pure Value מנוטרלת מט""ח",אמריקה- שווקים מפותחים,,"מניות בחו""ל",2026-03-31,50690000.0,מיטב,,True,False,0.005,0.0,2534.5,0.005,2534.5,0
5133699,קסם KTFי Bloomberg Agriculture,מדד סחורות,,סחורות,2026-03-31,10330000.0,קסם,,True,False,0.008,0.0,826.4000000000001,0.008,826.4000000000001,0
5133707,דולפין 25/75,"אג""ח כללי בארץ- עד 25% מניות",,"אג""ח בארץ - כללי",2026-03-31,333350000.0,איילון,דולפין 1 השקעות,False,False,0.0079,0.0,26334.65,0.0079,26334.65,0
5133715,MTF מחקה אינדקס Global Manufacturers מנוטרלת דולר,שילוב ענפים,,"מניות בחו""ל",2026-03-31,8870000.0,מגדל,,True,False,0.008,0.0,709.6,0.008,709.6,0
5133731,איילון השקעות,גמישות,,גמישות,2026-03-31,15570000.0,איילון,,False,False,0.0154,0.0,2397.78,0.0154,2397.78,0
5133756,הראל מחקה All Bond כללי,"אג""ח בארץ כללי",,"אג""ח בארץ כללי",2026-03-31,24550000.0,הראל,,True,False,0.002,0.0,491.00000000000006,0.002,491.00000000000006,0
5133764,"הראל מחקה ת""א All-Share",All Cap,,מניות בארץ,2026-03-31,28110000.0,הראל,,True,False,0.0025,0.0,702.75,0.0025,702.75,0
5133772,קסם KTF אינדקס צמוד מדורג Top60 ללא בנקים,בריבית קבועה,,"אג""ח בארץ- חברות והמרה",2026-03-31,251410000.0,קסם,,True,False,0.001,0.0,2514.1000000000004,0.001,2514.1000000000004,0
5133780,מור אגד ישראלי עד 30% מניות,אגד ישראלי,,אגד קרנות,2026-03-31,182270000.0,מור,,False,False,0.0,0.0,0.0,0.0,0.0,0
5133798,מור אגד ישראלי עד 15% מניות,אגד ישראלי,,אגד קרנות,2026-03-31,215060000.0,מור,,False,False,0.0,0.0,0.0,0.0,0.0,0
5133822,מיטב תיק עד 15% מניות-אגד ישראלי,אגד ישראלי,,אגד קרנות,2026-03-31,98890000.0,מיטב,,False,False,0.0,0.0,0.0,0.0,0.0,0
5133830,מיטב תיק עד 30% מניות-אגד ישראלי,אגד ישראלי,,אגד קרנות,2026-03-31,84840000.0,מיטב,,False,False,0.0,0.0,0.0,0.0,0.0,0
5133871,פלקון תיק השקעות + 30%,"אג""ח כללי בארץ- עד 30% מניות",,"אג""ח בארץ - כללי",2026-03-31,31250000.0,סיגמא,פלקון,False,False,0.0079,0.0,2468.7500000000005,0.0079,2468.7500000000005,0
5133897,"MTF מחקה אינדקס נדל""ן למגורים ארה""ב Top10 מנוטרלת מט""ח",REIT - Real Estate,,"מניות בחו""ל",2026-03-31,4740000.0,מגדל,,True,False,0.005,0.0,237.0,0.005,237.0,0
5133905,"ATF מחקה אינדקס אג""ח חברות ישראל EW TOP 100","אג""ח חברות שקלי וצמוד",,"אג""ח בארץ- חברות והמרה",2026-03-31,131539999.99999999,אנליסט,,True,False,0.002,0.0,2630.7999999999997,0.002,2630.7999999999997,0
5133939,"מיטב תיק אג""ח + 15%","אג""ח כללי בארץ- עד 15% מניות",,"אג""ח בארץ - כללי",2026-03-31,72960000.0,מיטב,,False,False,0.0034999999999999996,0.0,2553.6,0.0034999999999999996,2553.6,0
5133947,"מור 20/80 מניות חו""ל","אג""ח כללי בארץ- עד 20% מניות",,"אג""ח בארץ - כללי",2026-03-31,1317310000.0,מור,,False,False,0.008199999999999999,0.0,108019.41999999998,0.008199999999999999,108019.41999999998,0
5133954,"אלטשולר שחם אג""ח מדינה שקליות","אג""ח מדינה שקליות- ללא מניות",,"אג""ח בארץ- מדינה",2026-03-31,56640000.0,אלטשולר שחם,,False,False,0.006999999999999999,0.0,3964.7999999999997,0.006999999999999999,3964.7999999999997,0
5133996,"איביאי מחקה משולבת מניות נדל""ן ישראליות חודשי",מניות בארץ קרן משולבת,,מניות בארץ,2026-03-31,12200000.0,אי.בי.אי,,True,False,0.005,0.0,610.0,0.005,610.0,0
5134002,קסם אקטיב אגד ישראלי עד 15% מניות,אגד ישראלי,,אגד קרנות,2026-03-31,162610000.0,קסם,,False,False,0.0,0.0,0.0,0.0,0.0,0
5134010,קסם אקטיב אגד ישראלי עד 30% מניות,אגד ישראלי,,אגד קרנות,2026-03-31,134590000.0,קסם,,False,False,0.0,0.0,0.0,0.0,0.0,0
5134028,מיטב 25/75,"אג""ח כללי בארץ- עד 25% מניות",,"אג""ח בארץ - כללי",2026-03-31,753230000.0,מיטב,,False,False,0.0059,0.0,44440.57,0.0059,44440.57,0
5134036,"מיטב אג""ח ללא מניות","אג""ח כללי בארץ ללא מניות וללא סימן קריאה",,"אג""ח בארץ - כללי",2026-03-31,399430000.0,מיטב,,False,False,0.0059,0.0,23566.37,0.0059,23566.37,0
5134044,איביאי מחקה אינדקס פודטק גלובלי מנוטרלת דולר,Technology,,"מניות בחו""ל",2026-03-31,1680000.0,אי.בי.אי,,True,False,0.008,0.0,134.4,0.008,134.4,0
5134069,פוקוס 30/70,"אג""ח כללי בארץ- עד 30% מניות",,"אג""ח בארץ - כללי",2026-03-31,605890000.0,איילון,פוקוס,False,False,0.0079,0.0,47865.310000000005,0.0079,47865.310000000005,0
5134077,איילון מניות בלוקצ'יין וכרייה,"מניות לפי ענפים בחו""ל",,"מניות בחו""ל",2026-03-31,15630000.0,איילון,,False,False,0.018500000000000003,0.0,2891.55,0.018500000000000003,2891.55,0
5134093,"אי בי אי מחקה ת""א-ביטוח",ביטוח,,מניות בארץ,2026-03-31,469150000.0,אי.בי.אי,,True,False,0.006,0.0,28149.0,0.006,28149.0,0
5134101,הראל מחקה אינדקס מניות ערך ישראל,Large & Mid Cap,,מניות בארץ,2026-03-31,416520000.0,הראל,,True,False,0.006500000000000001,0.0,27073.800000000003,0.006500000000000001,27073.800000000003,0
5134119,מור מחקה אינדקס יצרני ציוד לשבבים גלובלי,Semiconductor,,"מניות בחו""ל",2026-03-31,138310000.0,מור,,True,False,0.0075,0.0,10373.25,0.0075,10373.25,0
5134135,MTF מחקה אינדקס Global Metals & Minerals producers מנוטרלת דולר,Materials,,"מניות בחו""ל",2026-03-31,121350000.0,מגדל,,True,False,0.008,0.0,9708.0,0.008,9708.0,0
5134143,אימפקט Global Shares,"מניות כללי בחו""ל חשופת מט""ח",,"מניות בחו""ל",2026-03-31,286010000.0,איילון,אימפקט,False,False,0.0167,0.0,47763.67,0.0167,47763.67,0
5134150,אלטשולר שחם מחקה A.B SmartBeta Mid - Small Cap MultiFactor Top 30 TA,Mid  & Small Cap,,מניות בארץ,2026-03-31,12200000.0,אלטשולר שחם,,True,False,0.008,0.0,976.0000000000001,0.008,976.0000000000001,0
5134168,אי בי אי מחקה אינדקס בנקים ישראל,בנקאות ואשראי חוץ בנקאי,,מניות בארץ,2026-03-31,606470000.0,אי.בי.אי,,True,False,0.005,0.0,30323.5,0.005,30323.5,0
5134176,אילים מניות תשתיות,מניות לפי ענפים,,מניות בארץ,2026-03-31,269110000.0,אילים,,False,False,0.0069,0.0,18568.59,0.0069,18568.59,0
5134200,איביאי מחקה משולבת מניות ישראל חודשי,מניות בארץ קרן משולבת,,מניות בארץ,2026-03-31,84470000.0,אי.בי.אי,,True,False,0.0,0.0,0.0,0.0,0.0,0
5134218,קבין גמישה,גמישות,,גמישות,2026-03-31,20790000.0,איילון,קבין,False,False,0.018000000000000002,0.0,3742.2000000000003,0.018000000000000002,3742.2000000000003,0
5134226,"פסטרנק שהם אג""ח כללי ללא מניות","אג""ח כללי בארץ ללא מניות וללא סימן קריאה",,"אג""ח בארץ - כללי",2026-03-31,226880000.0,איילון,פסטרנק שהם,False,False,0.0075,0.0,17016.0,0.0075,17016.0,0
5134234,פסטרנק שהם 20/80,"אג""ח כללי בארץ- עד 20% מניות",,"אג""ח בארץ - כללי",2026-03-31,460180000.0,איילון,פסטרנק שהם,False,False,0.0078000000000000005,0.0,35894.04,0.0078000000000000005,35894.04,0
5134242,MTF מחקה אינדקס Global Semiconductors מנוטרלת דולר,Semiconductor,,"מניות בחו""ל",2026-03-31,69990000.0,מגדל,,True,False,0.008,0.0,5599.200000000001,0.008,5599.200000000001,0
5134267,איביאי אגד ישראלי עד 30% מניות,אגד ישראלי,,אגד קרנות,2026-03-31,116790000.0,אי.בי.אי,,False,False,0.0,0.0,0.0,0.0,0.0,0
5134275,איביאי אגד ישראלי עד 15% מניות,אגד ישראלי,,אגד קרנות,2026-03-31,146890000.0,אי.בי.אי,,False,False,0.0,0.0,0.0,0.0,0.0,0
5134283,"פורצ'ן מניות חו""ל","מניות כללי בחו""ל חשופת מט""ח",,"מניות בחו""ל",2026-03-31,25330000.0,איילון,פורצ'ן,False,False,0.018000000000000002,0.0,4559.400000000001,0.018000000000000002,4559.400000000001,0
5134291,דיאמונד 10/90,"אג""ח כללי בארץ- עד 10% מניות ללא סימן קריאה",,"אג""ח בארץ - כללי",2026-03-31,38600000.0,איילון,דיאמונד,False,False,0.0079,0.0,3049.4000000000005,0.0079,3049.4000000000005,0
5134309,מגדל כספית,כספית שקלית עם קונצרני,,קרן כספית,2026-03-31,5210360000.0,מגדל,,False,False,0.0023899999999999998,0.0,124527.60399999999,0.0023899999999999998,124527.60399999999,1
5134317,ילין לפידות Large & Mid cap ישראל,מניות Large & Mid Cap,,מניות בארץ,2026-03-31,206080000.0,ילין לפידות,,False,False,0.012,0.0,24729.600000000002,0.012,24729.600000000002,0
5134333,פינסה 20/80,"אג""ח כללי בארץ- עד 20% מניות",,"אג""ח בארץ - כללי",2026-03-31,455910000.0,סיגמא,פינסה ניהול נכסים,False,False,0.0079,0.0,36016.89000000001,0.0079,36016.89000000001,0
5134341,פינסה 10/90,"אג""ח כללי בארץ- עד 10% מניות ללא סימן קריאה",,"אג""ח בארץ - כללי",2026-03-31,112040000.0,סיגמא,פינסה ניהול נכסים,False,False,0.0079,0.0,8851.160000000002,0.0079,8851.160000000002,0
5134358,פינסה מניות,מניות All Cap,,מניות בארץ,2026-03-31,150960000.0,סיגמא,פינסה ניהול נכסים,False,False,0.018000000000000002,0.0,27172.800000000003,0.018000000000000002,27172.800000000003,0
5134366,"פינסה אג""ח ללא מניות","אג""ח כללי בארץ ללא מניות וללא סימן קריאה",,"אג""ח בארץ - כללי",2026-03-31,993250000.0,סיגמא,פינסה ניהול נכסים,False,False,0.0075,0.0,74493.75,0.0075,74493.75,0
5134374,פינסה גמישה,גמישות,,גמישות,2026-03-31,52760000.0,סיגמא,פינסה ניהול נכסים,False,False,0.017,0.0,8969.2,0.017,8969.2,0
5134390,"תכלית TTF אינדקס ישראל שקלי A ומעלה פקטור מרווח מאג""ח ממשלתי",בריבית קבועה,,"אג""ח בארץ- חברות והמרה",2026-03-31,35420000.0,מיטב,,True,False,0.0015,0.0,531.3000000000001,0.0015,531.3000000000001,0
5134416,"איביאי מחקה אינדקס מניות ערך ארה""ב פיזור סקטוריאלי מנוטרלת מט""ח",אמריקה- כללי,,"מניות בחו""ל",2026-03-31,15930000.0,אי.בי.אי,,True,False,0.008,0.0,1274.4,0.008,1274.4,0
5134424,מור מחקה אינדקס ביטוח משקל שווה,ביטוח,,מניות בארץ,2026-03-31,343330000.0,מור,,True,False,0.004,0.0,13733.2,0.004,13733.2,0
5134432,פורטה 30/70,"אג""ח כללי בארץ- עד 30% מניות",,"אג""ח בארץ - כללי",2026-03-31,618280000.0,סיגמא,פורטה,False,False,0.0075,0.0,46370.99999999999,0.0075,46370.99999999999,0
5134457,קסם אקטיב 25/75,"אג""ח כללי בארץ- עד 25% מניות",,"אג""ח בארץ - כללי",2026-03-31,36910000.0,קסם,,False,False,0.0059,0.0,2177.69,0.0059,2177.69,0
5134465,קסם אקטיב תיק השקעות + 30%,"אג""ח כללי בארץ- עד 30% מניות",,"אג""ח בארץ - כללי",2026-03-31,146270000.0,קסם,,False,False,0.0079,0.0,11555.330000000002,0.0079,11555.330000000002,0
5134473,"קסם אקטיב אג""ח + 10%","אג""ח כללי בארץ- עד 10% מניות ללא סימן קריאה",,"אג""ח בארץ - כללי",2026-03-31,229750000.0,קסם,,False,False,0.0074,0.0,17001.500000000004,0.0074,17001.500000000004,0
5134481,"קסם אקטיב אג""ח חברות + 10%",חברות והמרה עם מניות ללא סימן קריאה,,"אג""ח בארץ- חברות והמרה",2026-03-31,382030000.0,קסם,,False,False,0.0075,0.0,28652.249999999996,0.0075,28652.249999999996,0
5134523,איילון 30/70,"אג""ח כללי בארץ- עד 30% מניות",,"אג""ח בארץ - כללי",2026-03-31,17820000.0,איילון,,False,False,0.0089,0.0,1585.98,0.0089,1585.98,0
5134531,MTF מחקה Nasdaq 100,אמריקה- שווקים מפותחים,,"מניות בחו""ל",2026-03-31,633760000.0,מגדל,,True,False,0.0,0.0,0.0,0.0,0.0,0
5134549,"MTF מחקה Nasdaq 100 מנוטרלת מט""ח",אמריקה- שווקים מפותחים,,"מניות בחו""ל",2026-03-31,864540000.0,מגדל,,True,False,0.0,0.0,0.0,0.0,0.0,0
5134556,תכלית TTFי Indxx Semiconductor Equipment Providers מנוטרלת דולר,Semiconductor,,"מניות בחו""ל",2026-03-31,20940000.0,מיטב,,True,False,0.006,0.0,1256.4,0.006,1256.4,0
5134564,אי בי אי מחקה תל גוב-משתנה שקלי,ריבית משתנה ממשלתיות,,"אג""ח בארץ- מדינה",2026-03-31,4880000.0,אי.בי.אי,,True,False,0.0015,0.0,73.2,0.0015,73.2,0
5134606,"מיטב (!) תיק אג""ח ללא מניות","אג""ח כללי בארץ ללא מניות עם סימן קריאה",,"אג""ח בארץ - כללי",2026-03-31,19600000.0,מיטב,,False,False,0.0069,0.0,1352.3999999999999,0.0069,1352.3999999999999,0
5134614,"מיטב (!) תיק אג""ח + 10%","אג""ח כללי בארץ- עד 10% מניות ועם סימן קריאה",,"אג""ח בארץ - כללי",2026-03-31,12760000.0,מיטב,,False,False,0.0079,0.0,1008.0400000000001,0.0079,1008.0400000000001,0
5134663,"מיטב אג""ח מדינה ללא מניות","אג""ח מדינה כללי- ללא מניות",,"אג""ח בארץ- מדינה",2026-03-31,582500000.0,מיטב,,False,False,0.0059,0.0,34367.5,0.0059,34367.5,0
5134671,"אי בי אי מחקה ת""א 125 - נקובה $",Large & Mid Cap,,מניות בארץ,2026-03-31,423700000.0,אי.בי.אי,,True,False,0.0025,0.0,10592.5,0.0025,10592.5,0
5134689,"אי בי אי מחקה Shiller Barclays CAPE® US Core Mid-Month Sector מנוטרלת מט""ח",אמריקה- שווקים מפותחים,,"מניות בחו""ל",2026-03-31,597280000.0,אי.בי.אי,,True,False,0.0079,0.0,47185.12,0.0079,47185.12,0
5134705,הראל מחקה אינדקס לפדיון 2026 מנפיקים במשקל שווה (מתגלגל כל 6 שנים),"אג""ח חברות שקלי וצמוד",,"אג""ח בארץ- חברות והמרה",2026-03-31,39310000.0,הראל,,True,False,0.002,0.0,786.2,0.002,786.2,0
5134713,"MTF מחקה אינדקס ת""א-125 Smart Momentum",Large & Mid Cap,,מניות בארץ,2026-03-31,70080000.0,מגדל,,True,False,0.0,0.0,0.0,0.0,0.0,0
5134754,הראל אגד ישראלי עד 15% מניות,אגד ישראלי,,אגד קרנות,2026-03-31,17490000.0,הראל,,False,False,0.0,0.0,0.0,0.0,0.0,0
5134762,הראל אגד ישראלי עד 30% מניות,אגד ישראלי,,אגד קרנות,2026-03-31,19230000.0,הראל,,False,False,0.0,0.0,0.0,0.0,0.0,0
5134788,MTF מחקה אינדקס A מנגנון שקלי-צמוד,"אג""ח חברות שקלי וצמוד",,"אג""ח בארץ- חברות והמרה",2026-03-31,43900000.0,מגדל,,True,False,0.002,0.0,878.0000000000001,0.002,878.0000000000001,0
5134796,MTF מחקה אינדקס AA מנגנון שקלי-צמוד,"אג""ח חברות שקלי וצמוד",,"אג""ח בארץ- חברות והמרה",2026-03-31,31110000.0,מגדל,,True,False,0.002,0.0,622.2,0.002,622.2,0
5134804,"אילים (!) אג""ח קונצרני",חברות והמרה ללא מניות עם סימן קריאה,,"אג""ח בארץ- חברות והמרה",2026-03-31,663740000.0,אילים,,False,False,0.0069,0.0,45798.06,0.0069,45798.06,0
5134812,אי בי אי מחקה Bloomberg US Corporate 1-5 Years,"חברות והמרה חשופת מט""ח - בינוני",,"אג""ח בחו""ל",2026-03-31,91970000.0,אי.בי.אי,,True,False,0.004,0.0,3678.8,0.004,3678.8,0
5134820,אי בי אי מחקה Bloomberg US Intermediate Credit,"אג""ח בחו""ל - אחר",,"אג""ח בחו""ל",2026-03-31,10470000.0,אי.בי.אי,,True,False,0.003,0.0,314.1,0.003,314.1,0
5134838,"אי בי אי מחקה Bloomberg US Corporate 1-5 Years מנוטרלת מט""ח","חברות והמרה  מנוטרלת מט""ח - בינוני",,"אג""ח בחו""ל",2026-03-31,205710000.0,אי.בי.אי,,True,False,0.004,0.0,8228.400000000001,0.004,8228.400000000001,0
5134846,פרופאונד 30/70,"אג""ח כללי בארץ- עד 30% מניות",,"אג""ח בארץ - כללי",2026-03-31,40080000.0,איילון,פרופאונד,False,False,0.0069,0.0,2765.52,0.0069,2765.52,0
5134853,MTF מחקה אינדקס A שקלי אופק דירוג יציב או חיובי,בריבית קבועה,,"אג""ח בארץ- חברות והמרה",2026-03-31,60610000.0,מגדל,,True,False,0.002,0.0,1212.2,0.002,1212.2,0
5134879,אי בי אי מחקה S&P Industrial,Industrials,,"מניות בחו""ל",2026-03-31,27360000.0,אי.בי.אי,,True,False,0.006999999999999999,0.0,1915.1999999999998,0.006999999999999999,1915.1999999999998,0
5134887,אי בי אי מחקה S&P 500 Low Volatility High Dividend,אמריקה- שווקים מפותחים,,"מניות בחו""ל",2026-03-31,13920000.0,אי.בי.אי,,True,False,0.0,0.0,0.0,0.0,0.0,0
5134895,"אי בי אי מחקה iBoxx US Liquid Investment Grade 0-5 Years מנוטרלת מט""ח","חברות והמרה  מנוטרלת מט""ח",,"אג""ח בחו""ל",2026-03-31,72060000.0,אי.בי.אי,,True,False,0.003,0.0,2161.8,0.003,2161.8,0
5134911,אי בי אי מחקה תל בונד-שקלי A,בריבית קבועה,,"אג""ח בארץ- חברות והמרה",2026-03-31,128509999.99999999,אי.בי.אי,,True,False,0.0,0.0,0.0,0.0,0.0,0
5134929,קסם KTFי iBoxx USD Liquid FRN Investment Grade Corporates 100,"חברות והמרה חשופת מט""ח",,"אג""ח בחו""ל",2026-03-31,17310000.0,קסם,,True,False,0.005,0.0,865.5,0.005,865.5,0
5134960,איילון תיק עד 30% מניות - אגד ישראלי,אגד ישראלי,,אגד קרנות,2026-03-31,71630000.0,איילון,,False,False,0.0,0.0,0.0,0.0,0.0,0
5134978,איילון תיק עד 15% מניות - אגד ישראלי,אגד ישראלי,,אגד קרנות,2026-03-31,65349999.99999999,איילון,,False,False,0.0,0.0,0.0,0.0,0.0,0
5134986,"קסם KTFי Indxx US Tech Top 10 - MR מנוטרלת מט""ח",Technology,,"מניות בחו""ל",2026-03-31,207670000.0,קסם,,True,False,0.006,0.0,12460.2,0.006,12460.2,0
5135009,"מור (!) אג""ח + 10%","אג""ח כללי בארץ- עד 10% מניות ועם סימן קריאה",,"אג""ח בארץ - כללי",2026-03-31,1106440000.0,מור,,False,False,0.0075,0.0,82983.0,0.0075,82983.0,0
5135017,"מור (!) אג""ח חברות זיקה לישראל- נקוב $",חברות והמרה עם מניות ועם סימן קריאה,,"אג""ח בארץ- חברות והמרה",2026-03-31,64629999.99999999,מור,,False,False,0.0079,0.0,5105.77,0.0079,5105.77,0
5135025,איביאי מחקה אינדקס סייבר גלובלי משקל שווה מנוטרלת דולר,Cyber Security,,"מניות בחו""ל",2026-03-31,4179999.9999999995,אי.בי.אי,,True,False,0.004,0.0,167.2,0.004,167.2,0
5135041,הראל איתן אסטרטגיות,אסטרטגיות (לא ממונפות),,ממונפות ואסטרטגיות,2026-03-31,7510000.0,הראל,,False,False,0.0,0.0,0.0,0.0,0.0,0
5135058,Gse Spot מניות,מניות All Cap,,מניות בארץ,2026-03-31,9460000.0,איילון,ג'י. אס. אי. ספוט,False,False,0.018500000000000003,0.0,1750.1000000000001,0.018500000000000003,1750.1000000000001,0
5135074,"תכלית TTFי PHLX Semiconductor Sector מנוטרלת מט""ח",Semiconductor,,"מניות בחו""ל",2026-03-31,314450000.0,מיטב,,True,False,0.005,0.0,15722.5,0.005,15722.5,0
5135090,"MTF מחקה ת""א-90 נקובה $",Mid Cap,,מניות בארץ,2026-03-31,78530000.0,מגדל,,True,False,0.0,0.0,0.0,0.0,0.0,0
5135108,"MTF מחקה Bloomberg US Analyst Recommendations מנוטרלת מט""ח",אמריקה- שווקים מפותחים,,"מניות בחו""ל",2026-03-31,419840000.0,מגדל,,True,False,0.008,0.0,33587.200000000004,0.008,33587.200000000004,0
5135116,קסם KTF אינדקס Top 60 צמוד - משקל תשואה לפדיון,בריבית קבועה,,"אג""ח בארץ- חברות והמרה",2026-03-31,26870000.0,קסם,,True,False,0.001,0.0,268.70000000000005,0.001,268.70000000000005,0
5135132,"קסם KTF ת""א-פמילי",אחר,,מניות בארץ,2026-03-31,15600000.0,קסם,,True,False,0.0025,0.0,390.0,0.0025,390.0,0
5135140,תכלית TTF תל בונד-שקלי A,בריבית קבועה,,"אג""ח בארץ- חברות והמרה",2026-03-31,186130000.0,מיטב,,True,False,0.0,0.0,0.0,0.0,0.0,0
5135157,"ילין לפידות מחקה אינדקס סייבר ארה""ב - מבוסס AI מנוטרלת מט""ח",Cyber Security,,"מניות בחו""ל",2026-03-31,11900000.0,ילין לפידות,,True,False,0.0077,0.0,916.3000000000001,0.0077,916.3000000000001,0
5135165,"ATF מחקה אינדקס ת""א-125 מומנטום ענפי",Large & Mid Cap,,מניות בארץ,2026-03-31,105380000.0,אנליסט,,True,False,0.005,0.0,5269.0,0.005,5269.0,0
5135173,"ברק אולטרה ת""א 35 פי 3",ממונפות בסיכון גבוה,,ממונפות ואסטרטגיות,2026-03-31,42750000.0,ברק,,False,False,0.018000000000000002,0.0,7695.000000000001,0.018000000000000002,7695.000000000001,0
5135181,ברק אולטרה S&P 500 פי 3,ממונפות בסיכון גבוה,,ממונפות ואסטרטגיות,2026-03-31,8800000.0,ברק,,False,False,0.018000000000000002,0.0,1584.0,0.018000000000000002,1584.0,0
5135199,ברק אולטרה דאקס פי 3,ממונפות בסיכון גבוה,,ממונפות ואסטרטגיות,2026-03-31,9340000.0,ברק,,False,False,0.036000000000000004,0.0,3362.4,0.036000000000000004,3362.4,0
5135207,"ברק אולטרה נאסד""ק 100 פי 3",ממונפות בסיכון גבוה,,ממונפות ואסטרטגיות,2026-03-31,22450000.0,ברק,,False,False,0.018000000000000002,0.0,4041.0000000000005,0.018000000000000002,4041.0000000000005,0
5135215,"ברק אולטרה ת""א 125 פי 3",ממונפות בסיכון גבוה,,ממונפות ואסטרטגיות,2026-03-31,46980000.0,ברק,,False,False,0.018000000000000002,0.0,8456.4,0.018000000000000002,8456.4,0
5135223,קסם אקטיב ברקת 30/70,"אג""ח כללי בארץ- עד 30% מניות",,"אג""ח בארץ - כללי",2026-03-31,61730000.0,קסם,,False,False,0.0058,0.0,3580.3399999999997,0.0058,3580.3399999999997,0
5135256,"ISP Asset Management מניות חו""ל","מניות כללי בחו""ל חשופת מט""ח",,"מניות בחו""ל",2026-03-31,50450000.0,איילון,איי.אס.פי.,False,False,0.016,0.0,8072.000000000001,0.016,8072.000000000001,0
5135264,"פרופאונד אג""ח ללא מניות","אג""ח כללי בארץ ללא מניות וללא סימן קריאה",,"אג""ח בארץ - כללי",2026-03-31,167020000.0,איילון,פרופאונד,False,False,0.009899999999999999,0.0,16534.98,0.009899999999999999,16534.98,0
5135272,"קסם KTFי משולבת מניות חו""ל מפותחות MidCap חודשי מנוטרלת מט""ח","מניות בחו""ל קרן משולבת",,"מניות בחו""ל",2026-03-31,17320000.0,קסם,,True,False,0.0,0.0,0.0,0.0,0.0,0
5135280,"אי בי אי מחקה EURO STOXX Dividend 30 מנוטרלת מט""ח",אירופה- כללי,,"מניות בחו""ל",2026-03-31,79830000.0,אי.בי.אי,,True,False,0.005,0.0,3991.5,0.005,3991.5,0
5135306,"אי בי אי מחקה iBoxx US Liquid Investment Grade Top 30 מנוטרלת מט""ח","חברות והמרה  מנוטרלת מט""ח",,"אג""ח בחו""ל",2026-03-31,10920000.0,אי.בי.אי,,True,False,0.006,0.0,655.2,0.006,655.2,0
5135322,אלפי בנדק גמישה,גמישות,,גמישות,2026-03-31,4850000.0,הראל,אלפי בנדק,False,False,0.025,0.0,1212.5,0.025,1212.5,0
5135330,קסם KTFי MSCI AC World,"מניות גלובליות - חשופת מט""ח",,"מניות בחו""ל",2026-03-31,167280000.0,קסם,,True,False,0.003,0.0,5018.400000000001,0.003,5018.400000000001,0
5135348,"הראל מחקה ת""א 90 - נקובה $",Mid Cap,,מניות בארץ,2026-03-31,46070000.0,הראל,,True,False,0.0,0.0,0.0,0.0,0.0,0
5135371,אי בי אי מחקה אינדקס Food Brands Top 10 מנוטרלת דולר,Consumer Staples,,"מניות בחו""ל",2026-03-31,2540000.0,אי.בי.אי,,True,False,0.006500000000000001,0.0,165.10000000000002,0.006500000000000001,165.10000000000002,0
5135405,MTF מחקה תל גוב-צמודות 5-10,צמודות מדד ממשלתיות - ארוך,,"אג""ח בארץ- מדינה",2026-03-31,162510000.0,מגדל,,True,False,0.0,0.0,0.0,0.0,0.0,0
5135413,MTF מחקה תל גוב-שקלי 5-10,ריבית קבועה - ארוך,,"אג""ח בארץ- מדינה",2026-03-31,537620000.0,מגדל,,True,False,0.0,0.0,0.0,0.0,0.0,0
5135421,"מור מחקה אינדקס A-AA מח""מ 3 סינטטי",אחר,,"אג""ח בארץ- חברות והמרה",2026-03-31,37690000.0,מור,,True,False,0.002,0.0,753.8000000000001,0.002,753.8000000000001,0
5135439,"מור מחקה אינדקס A מח""מ 4 סינטטי",אחר,,"אג""ח בארץ- חברות והמרה",2026-03-31,190060000.0,מור,,True,False,0.002,0.0,3801.2000000000003,0.002,3801.2000000000003,0
5135470,MTF מחקה אינדקס תעשיה ישראל,תעשיה,,מניות בארץ,2026-03-31,111130000.0,מגדל,,True,False,0.005,0.0,5556.5,0.005,5556.5,0
5135496,"אלטשולר שחם מחקה נדל""ן ישראל A.B SmartBeta","נדל""ן ובנייה",,מניות בארץ,2026-03-31,9320000.0,אלטשולר שחם,,True,False,0.009000000000000001,0.0,838.8000000000001,0.009000000000000001,838.8000000000001,0
5135504,אלטשולר שחם מחקה מחקה טכנולוגיה ישראל A.B SmartBeta,טכנולוגיה,,מניות בארץ,2026-03-31,40040000.0,אלטשולר שחם,,True,False,0.009000000000000001,0.0,3603.6000000000004,0.009000000000000001,3603.6000000000004,0
5135512,אביב מניות גלובלי כשרה,"מניות כללי בחו""ל חשופת מט""ח",,"מניות בחו""ל",2026-03-31,38150000.0,איילון,אביב בית השקעות,False,False,0.0195,0.0,7439.25,0.0195,7439.25,0
5135520,אביב מניות ישראל ESG כשרה,מניות All Cap,,מניות בארץ,2026-03-31,90870000.0,איילון,אביב בית השקעות,False,False,0.0195,0.0,17719.65,0.0195,17719.65,0
5135538,אביב 20/80 תיק ESG כשרה,"אג""ח כללי בארץ- עד 20% מניות",,"אג""ח בארץ - כללי",2026-03-31,22860000.0,איילון,אביב בית השקעות,False,False,0.009300000000000001,0.0,2125.9800000000005,0.009300000000000001,2125.9800000000005,0
5135546,אביב ESG מניות ישראל,מניות All Cap,,מניות בארץ,2026-03-31,34840000.0,איילון,אביב בית השקעות,False,False,0.0195,0.0,6793.8,0.0195,6793.8,0
5135553,"אביב אג""ח חברות ESG כשרה",חברות והמרה ללא מניות וללא סימן קריאה,,"אג""ח בארץ- חברות והמרה",2026-03-31,69410000.0,איילון,אביב בית השקעות,False,False,0.0089,0.0,6177.49,0.0089,6177.49,0
5135587,"אילים אג""ח Floaters לנזילות דולרית - נקובה $","אג""ח נקובת מט""ח",,"אג""ח בחו""ל",2026-03-31,29370000.0,אילים,,False,False,0.0059,0.0,1732.83,0.0059,1732.83,0
5135595,"אילים אג""ח Floaters לנזילות דולרית","אג""ח חשופת דולר",,"אג""ח בחו""ל",2026-03-31,9560000.0,אילים,,False,False,0.0059,0.0,564.04,0.0059,564.04,0
5135603,"MTF מחקה S&P 500 VALUE מנוטרלת מט""ח",אמריקה- שווקים מפותחים,,"מניות בחו""ל",2026-03-31,21180000.0,מגדל,,True,False,0.005,0.0,1059.0,0.005,1059.0,0
5135611,"קסם KTFי BlueStar נדל""ן למגורים ארה""ב - Top 10 מנוטרלת מט""ח",REIT - Real Estate,,"מניות בחו""ל",2026-03-31,2620000.0,קסם,,True,False,0.0,0.0,0.0,0.0,0.0,0
5135629,גביש גמישה,גמישות,,גמישות,2026-03-31,22890000.0,סיגמא,גביש פיננסים,False,False,0.018500000000000003,0.0,4234.650000000001,0.018500000000000003,4234.650000000001,0
5135652,ברק אולטרה בנקים פי 3,ממונפות בסיכון גבוה,,ממונפות ואסטרטגיות,2026-03-31,160800000.0,ברק,,False,False,0.036000000000000004,0.0,57888.00000000001,0.036000000000000004,57888.00000000001,0
5135686,איביאי מחקה אינדקס ישראל הנהגה נשית,אחר,,מניות בארץ,2026-03-31,3070000.0,אי.בי.אי,,True,False,0.0,0.0,0.0,0.0,0.0,0
5135694,"אי בי אי מחקה ת""א-נדל""ן","נדל""ן ובנייה",,מניות בארץ,2026-03-31,125010000.0,אי.בי.אי,,True,False,0.004,0.0,5000.400000000001,0.004,5000.400000000001,0
5135702,קסם אקטיב 20/80 נקובה $,"אג""ח כללי בארץ- עד 20% מניות",,"אג""ח בארץ - כללי",2026-03-31,21220000.0,קסם,,False,False,0.0058,0.0,1230.7599999999998,0.0058,1230.7599999999998,0
5135710,"אי בי אי מחקה ת""א-פיננסים",פיננסים,,מניות בארץ,2026-03-31,290900000.0,אי.בי.אי,,True,False,0.005,0.0,14545.0,0.005,14545.0,0
5135736,"הראל מחקה תל גוב-מק""מ - נקובה $","מק""מ",,"אג""ח בארץ- מדינה",2026-03-31,10140000.0,הראל,,True,False,0.002,0.0,202.8,0.002,202.8,0
5135744,אלטשולר שחם אגד ישראלי עד 15% מניות,אגד ישראלי,,אגד קרנות,2026-03-31,21020000.0,אלטשולר שחם,,False,False,0.0,0.0,0.0,0.0,0.0,0
5135751,אלטשולר שחם אגד ישראלי עד 30% מניות,אגד ישראלי,,אגד קרנות,2026-03-31,18790000.0,אלטשולר שחם,,False,False,0.0,0.0,0.0,0.0,0.0,0
5135769,ב. אלטרנטיב 20/80,"אג""ח כללי בארץ- עד 20% מניות",,"אג""ח בארץ - כללי",2026-03-31,506740000.0,איילון,בסט אלטרנטיב,False,False,0.0079,0.0,40032.46000000001,0.0079,40032.46000000001,0
5135777,קסם KTF אינדקס AA ומעלה שקלי 0-3,בריבית קבועה,,"אג""ח בארץ- חברות והמרה",2026-03-31,80320000.0,קסם,,True,False,0.001,0.0,803.2,0.001,803.2,0
5135785,קסם KTF אינדקס AA ומעלה צמוד 0-3,בריבית קבועה,,"אג""ח בארץ- חברות והמרה",2026-03-31,224390000.0,קסם,,True,False,0.001,0.0,2243.9,0.001,2243.9,0
5135793,אינווסטור 360 מניות ערך ישראל,מניות All Cap,,מניות בארץ,2026-03-31,32220000.0,איילון,אינווסט 360,False,False,0.008,0.0,2577.6000000000004,0.008,2577.6000000000004,0
5135801,"אינווסטור 360 מניות חו""ל","מניות כללי בחו""ל חשופת מט""ח",,"מניות בחו""ל",2026-03-31,25540000.0,איילון,אינווסט 360,False,False,0.0075,0.0,1915.4999999999998,0.0075,1915.4999999999998,0
5135819,תכלית TTF תל בונד-צמודות 1-3,בריבית קבועה - קצר,,"אג""ח בארץ- חברות והמרה",2026-03-31,706170000.0,מיטב,,True,False,0.002,0.0,14123.400000000001,0.002,14123.400000000001,0
5135835,הראל מחקה תל גוב-שקלי 10+,ריבית קבועה - ארוך,,"אג""ח בארץ- מדינה",2026-03-31,87750000.0,הראל,,True,False,0.001,0.0,877.5000000000001,0.001,877.5000000000001,0
5135843,הראל מחקה תל גוב-צמודות 10+,צמודות מדד ממשלתיות - ארוך,,"אג""ח בארץ- מדינה",2026-03-31,9550000.0,הראל,,True,False,0.001,0.0,95.50000000000001,0.001,95.50000000000001,0
5135884,איביאי מחקה אינדקס אשראי חוץ בנקאי ושירותים פיננסיים אחרים בישראל,בנקאות ואשראי חוץ בנקאי,,מניות בארץ,2026-03-31,50890000.0,אי.בי.אי,,True,False,0.008,0.0,4071.2000000000003,0.008,4071.2000000000003,0
5135926,מיטב כספית ניהול נזילות,כספית שקלית עם קונצרני,,קרן כספית,2026-03-31,4705960000.0,מיטב,,False,False,0.0022,0.0,103531.12000000001,0.0022,103531.12000000001,1
5135942,MTF מחקה אינדקס A-AAA לפדיון 2029 (מתגלגל כל 4 שנים),"אג""ח חברות שקלי וצמוד",,"אג""ח בארץ- חברות והמרה",2026-03-31,79540000.0,מגדל,,True,False,0.002,0.0,1590.8000000000002,0.002,1590.8000000000002,0
5135975,"ATF מחקה אינדקס אג""ח בנקים וחב' ממשלתיות","אג""ח חברות שקלי וצמוד",,"אג""ח בארץ- חברות והמרה",2026-03-31,160230000.0,אנליסט,,True,False,0.0025,0.0,4005.75,0.0025,4005.75,0
5135983,"MTF מחקה אינדקס שבבים ארה""ב Top10 מנוטרלת מט""ח",Semiconductor,,"מניות בחו""ל",2026-03-31,373740000.0,מגדל,,True,False,0.005,0.0,18687.0,0.005,18687.0,0
5135991,ילין לפידות 30/70 ערך,"אג""ח כללי בארץ- עד 30% מניות",,"אג""ח בארץ - כללי",2026-03-31,859560000.0,ילין לפידות,,False,False,0.0059,0.0,50714.04,0.0059,50714.04,0
5136015,ISP Asset Management מניות ישראל,מניות All Cap,,מניות בארץ,2026-03-31,75360000.0,איילון,איי.אס.פי.,False,False,0.012,0.0,9043.2,0.012,9043.2,0
5136023,תכלית TTF אינדקס A-AA לפדיון 2028 (מתגלגל כל 3 שנים),"אג""ח חברות שקלי וצמוד",,"אג""ח בארץ- חברות והמרה",2026-03-31,14580000.0,מיטב,,True,False,0.0015,0.0,218.70000000000002,0.0015,218.70000000000002,0
5136031,תכלית TTF אינדקס ישראל AA מאוזן 2-4,"אג""ח חברות שקלי וצמוד",,"אג""ח בארץ- חברות והמרה",2026-03-31,85420000.0,מיטב,,True,False,0.0015,0.0,1281.3,0.0015,1281.3,0
5136056,"קסם S&P Health Care KTF מנוטרלת מט""ח",Health Care,,"מניות בחו""ל",2026-03-31,47860000.0,קסם,,True,False,0.0055000000000000005,0.0,2632.3000000000006,0.0055000000000000005,2632.3000000000006,0
5136064,קסם NIKKEI 225 KTF,אסיה ופסיפיק- שווקים מפותחים,,"מניות בחו""ל",2026-03-31,79720000.0,קסם,,True,False,0.0055000000000000005,0.0,4384.6,0.0055000000000000005,4384.6,0
5136080,פסטרנק שהם 15/85,"אג""ח כללי בארץ- עד 15% מניות",,"אג""ח בארץ - כללי",2026-03-31,74400000.0,איילון,פסטרנק שהם,False,False,0.0075,0.0,5579.999999999999,0.0075,5579.999999999999,0
5136098,פסטרנק שהם מניות Mid Cap ישראל,מניות Large & Mid Cap,,מניות בארץ,2026-03-31,244120000.0,איילון,פסטרנק שהם,False,False,0.0155,0.0,37838.6,0.0155,37838.6,0
5136114,קסם KTF אינדקס Bullet ישראל 2026,"אג""ח חברות שקלי וצמוד",,"אג""ח בארץ- חברות והמרה",2026-03-31,222610000.0,קסם,,True,False,0.002,0.0,4452.200000000001,0.002,4452.200000000001,0
5136122,ב. אלטרנטיב גמישה,גמישות,,גמישות,2026-03-31,57170000.0,איילון,בסט אלטרנטיב,False,False,0.0168,0.0,9604.56,0.0168,9604.56,0
5136130,"קסם KTF ת""א מעלה",אחר,,מניות בארץ,2026-03-31,77890000.0,קסם,,True,False,0.005,0.0,3894.5,0.005,3894.5,0
5136148,ילין לפידות מחקה אינדקס אנרגיה ירוקה גלובלי - מבוסס AI,Alternative / Renewable Energy,,"מניות בחו""ל",2026-03-31,23750000.0,ילין לפידות,,True,False,0.0077,0.0,1828.75,0.0077,1828.75,0
5136163,"מיטב נדל""ן - תשתיות",מניות לפי ענפים,,מניות בארץ,2026-03-31,49550000.0,מיטב,,False,False,0.0095,0.0,4707.25,0.0095,4707.25,0
5136171,"תכלית TTF אינדקס Mega 20 US Banks מנוטרלת מט""ח",Banking,,"מניות בחו""ל",2026-03-31,78680000.0,מיטב,,True,False,0.004,0.0,3147.2000000000003,0.004,3147.2000000000003,0
5136189,ילין לפידות (!) 10/90,"אג""ח כללי בארץ- עד 10% מניות ועם סימן קריאה",,"אג""ח בארץ - כללי",2026-03-31,132930000.0,ילין לפידות,,False,False,0.0054,0.0,7178.22,0.0054,7178.22,0
5136213,הראל מחקה תל בונד-שקלי 1-3,בריבית קבועה - קצר,,"אג""ח בארץ- חברות והמרה",2026-03-31,151370000.0,הראל,,True,False,0.0,0.0,0.0,0.0,0.0,0
5136221,הראל מחקה תל בונד-שקלי 3-5,בריבית קבועה - בינוני,,"אג""ח בארץ- חברות והמרה",2026-03-31,58470000.0,הראל,,True,False,0.0,0.0,0.0,0.0,0.0,0
5136239,קבין 20/80,"אג""ח כללי בארץ- עד 20% מניות",,"אג""ח בארץ - כללי",2026-03-31,339150000.0,איילון,קבין,False,False,0.0084,0.0,28488.6,0.0084,28488.6,0
5136247,"אי בי אי מחקה ת""א צמיחה",Small Cap,,מניות בארץ,2026-03-31,7590000.0,אי.בי.אי,,True,False,0.0,0.0,0.0,0.0,0.0,0
5136254,בול מרקט השקעות,גמישות,,גמישות,2026-03-31,17240000.0,איילון,בול מרקט,False,False,0.015,0.0,2586.0,0.015,2586.0,0
5136262,אינווסטור 360 גמישה,גמישות,,גמישות,2026-03-31,334530000.0,איילון,אינווסט 360,False,False,0.009000000000000001,0.0,30107.7,0.009000000000000001,30107.7,0
5136270,פיטנגו 10/90,"אג""ח כללי בארץ- עד 10% מניות ללא סימן קריאה",,"אג""ח בארץ - כללי",2026-03-31,10550000.0,איילון,פיטנגו,False,False,0.0083,0.0,875.65,0.0083,875.65,0
5136288,FORESTי 30/70,"אג""ח כללי בארץ- עד 30% מניות",,"אג""ח בארץ - כללי",2026-03-31,131630000.0,פורסט,,False,False,0.0095,0.0,12504.849999999999,0.0095,12504.849999999999,0
5136296,"איילון אג""ח שקלי לפדיון עד 06/2026","אג""ח כללי בארץ ללא מניות וללא סימן קריאה, עם מגבלת מח""מ עד 5 שנים",,"אג""ח בארץ - כללי",2026-03-31,21380000.0,איילון,,False,False,0.006,0.0,1282.8,0.006,1282.8,0
5136304,דיאמונד אסטרטגיות השקעות כשרות,אסטרטגיות (לא ממונפות),,ממונפות ואסטרטגיות,2026-03-31,19120000.0,איילון,דיאמונד,False,False,0.018000000000000002,0.0,3441.6000000000004,0.018000000000000002,3441.6000000000004,0
5136312,MTF מחקה אינדקס ממשלתי שקלי לפדיון-רבעון 4,ריבית קבועה  - קצר,,"אג""ח בארץ- מדינה",2026-03-31,35140000.0,מגדל,,True,False,0.001,0.0,351.40000000000003,0.001,351.40000000000003,0
5136338,מגדל מניות צמיחה,מניות All Cap,,מניות בארץ,2026-03-31,8450000.0,מגדל,,False,False,0.005,0.0,422.5,0.005,422.5,0
5136361,"פוקוס אג""ח (!)","אג""ח כללי בארץ ללא מניות עם סימן קריאה",,"אג""ח בארץ - כללי",2026-03-31,79130000.0,איילון,פוקוס,False,False,0.0079,0.0,6251.27,0.0079,6251.27,0
5136379,הראל מחקה תל בונד-צמודות 3-5,בריבית קבועה - בינוני,,"אג""ח בארץ- חברות והמרה",2026-03-31,207750000.0,הראל,,True,False,0.0012,0.0,2492.9999999999995,0.0012,2492.9999999999995,0
5136395,ילין לפידות מחקה אינדקס שבבים גלובלי - מבוסס AI,Semiconductor,,"מניות בחו""ל",2026-03-31,50340000.0,ילין לפידות,,True,False,0.0077,0.0,3876.1800000000003,0.0077,3876.1800000000003,0
5136429,דולפין 20/80,"אג""ח כללי בארץ- עד 20% מניות",,"אג""ח בארץ - כללי",2026-03-31,274760000.0,איילון,דולפין 1 השקעות,False,False,0.0079,0.0,21706.04,0.0079,21706.04,0
5136437,אילים אגד ישראלי עד 15% מניות,אגד ישראלי,,אגד קרנות,2026-03-31,259019999.99999997,אילים,,False,False,0.0,0.0,0.0,0.0,0.0,0
5136445,אילים אגד ישראלי עד 30% מניות,אגד ישראלי,,אגד קרנות,2026-03-31,282030000.0,אילים,,False,False,0.0,0.0,0.0,0.0,0.0,0
5136544,מיטב כספית שקלית כשרה,כספית שקלית עם קונצרני,,קרן כספית,2026-03-31,8010210000.0,מיטב,,False,False,0.0016,0.0,128163.36,0.0016,128163.36,1
5136551,"איילון מדינה שקלי ואג""ח בנקים - עד 2.5 שנים","אג""ח מדינה שקליות- ללא מניות",,"אג""ח בארץ- מדינה",2026-03-31,23230000.0,איילון,,False,False,0.0043,0.0,998.89,0.0043,998.89,0
5136569,פורטה תיק השקעות עד 50%,"אג""ח כללי בארץ - חשיפה מרבית מעל 30% מניות",,"אג""ח בארץ - כללי",2026-03-31,189980000.0,סיגמא,פורטה,False,False,0.0095,0.0,18048.1,0.0095,18048.1,0
5136593,"פורטה אג""ח מדינה + 10%","אג""ח מדינה כללי- עד 10% מניות",,"אג""ח בארץ- מדינה",2026-03-31,136360000.0,סיגמא,פורטה,False,False,0.0059,0.0,8045.24,0.0059,8045.24,0
5136601,"אזימוט מניות חו""ל","מניות כללי בחו""ל חשופת מט""ח",,"מניות בחו""ל",2026-03-31,14970000.0,איילון,אזימוטליין,False,False,0.02,0.0,2994.0,0.02,2994.0,0
5136619,"פלקון תיק אג""ח ללא מניות","אג""ח כללי בארץ ללא מניות וללא סימן קריאה",,"אג""ח בארץ - כללי",2026-03-31,32250000.0,סיגמא,פלקון,False,False,0.0079,0.0,2547.7500000000005,0.0079,2547.7500000000005,0
5136627,סיגמא 20/80,"אג""ח כללי בארץ- עד 20% מניות",,"אג""ח בארץ - כללי",2026-03-31,1024859999.9999999,סיגמא,,False,False,0.0069,0.0,70715.33999999998,0.0069,70715.33999999998,0
5136635,"קסם אקטיב חלל והגנה ארה""ב","מניות לפי ענפים בחו""ל",,"מניות בחו""ל",2026-03-31,19960000.0,קסם,,False,False,0.0194,0.0,3872.24,0.0194,3872.24,0
5136650,מגדל תיק עד 30% מניות - אגד ישראלי,אגד ישראלי,,אגד קרנות,2026-03-31,14420000.0,מגדל,,False,False,0.0,0.0,0.0,0.0,0.0,0
5136668,מגדל תיק עד 15% מניות - אגד ישראלי,אגד ישראלי,,אגד קרנות,2026-03-31,44790000.0,מגדל,,False,False,0.0,0.0,0.0,0.0,0.0,0
5136676,"ATF מחקה משולבת אינדקס מנגנון אג""ח (75%) מניות (25%) חודשי",עד 30% מניות,,"אג""ח בארץ משולבת",2026-03-31,14710000.0,אנליסט,,True,False,0.0029,0.0,426.59,0.0029,426.59,0
5136684,"דיאמונד אג""ח שקלי לפדיון עד 06/2027","אג""ח כללי בארץ ללא מניות וללא סימן קריאה, עם מגבלת מח""מ עד 5 שנים",,"אג""ח בארץ - כללי",2026-03-31,74990000.0,איילון,דיאמונד,False,False,0.006999999999999999,0.0,5249.299999999999,0.006999999999999999,5249.299999999999,0
5136692,קסם S&P Consumer Staples KTF,Consumer Staples,,"מניות בחו""ל",2026-03-31,21270000.0,קסם,,True,False,0.0015,0.0,319.05,0.0015,319.05,0
5136700,"אלטשולר שחם 30/70 מניות ת""א","אג""ח כללי בארץ- עד 30% מניות",,"אג""ח בארץ - כללי",2026-03-31,11840000.0,אלטשולר שחם,,False,False,0.0049,0.0,580.16,0.0049,580.16,0
5136718,"אלטשולר שחם 20/80 מניות ת""א","אג""ח כללי בארץ- עד 20% מניות",,"אג""ח בארץ - כללי",2026-03-31,308160000.0,אלטשולר שחם,,False,False,0.0049,0.0,15099.84,0.0049,15099.84,0
5136726,"אלטשולר שחם 10/90 מניות ת""א","אג""ח כללי בארץ- עד 10% מניות ללא סימן קריאה",,"אג""ח בארץ - כללי",2026-03-31,12200000.0,אלטשולר שחם,,False,False,0.0049,0.0,597.8,0.0049,597.8,0
5136734,אלטשולר שחם MSCI World,"מניות גיאוגרפי אחר חשופת מט""ח",,"מניות בחו""ל",2026-03-31,281100000.0,אלטשולר שחם,,False,False,0.015,0.0,42164.99999999999,0.015,42164.99999999999,0
5136742,אלטשולר שחם כספית נקובת דולר,"נקובת מט""ח",,קרן כספית,2026-03-31,354740000.0,אלטשולר שחם,,False,False,0.0013,0.0,4611.62,0.0013,4611.62,1
5136759,"אלטשולר שחם אג""ח קונצרני מדורג",חברות והמרה ללא מניות וללא סימן קריאה,,"אג""ח בארץ- חברות והמרה",2026-03-31,229370000.0,אלטשולר שחם,,False,False,0.0079,0.0,18120.230000000003,0.0079,18120.230000000003,0
5136767,עציוני גמישה - קרן נאמנות,גמישות,,גמישות,2026-03-31,120990000.0,סיגמא,עציוני ניהול תיקים,False,False,0.015,0.0,18148.5,0.015,18148.5,0
5136775,"ATF מחקה אינדקס מניות ארה""ב Large Cap מומנטום ענפי מנוטרלת מט""ח",אמריקה- שווקים מפותחים,,"מניות בחו""ל",2026-03-31,117990000.0,אנליסט,,True,False,0.006500000000000001,0.0,7669.350000000001,0.006500000000000001,7669.350000000001,0
5136783,קסם אקטיב מניות בלוקצ'יין,"מניות לפי ענפים בחו""ל",,"מניות בחו""ל",2026-03-31,17800000.0,קסם,,False,False,0.0175,0.0,3115.0000000000005,0.0175,3115.0000000000005,0
5136791,"איילון אג""ח שקלי לפדיון עד 06/2028","אג""ח כללי בארץ בדירוג גבוה בלבד (AA ומעלה ו/ או מדינה)",,"אג""ח בארץ - כללי",2026-03-31,37050000.0,איילון,,False,False,0.006,0.0,2223.0,0.006,2223.0,0
5136817,ברומטר גמישה,גמישות,,גמישות,2026-03-31,25080000.0,איילון,ברומטר,False,False,0.0148,0.0,3711.8400000000006,0.0148,3711.8400000000006,0
5136825,"MTF מחקה אינדקס A-AAA שכבות מדורגות מח""מ","אג""ח חברות שקלי וצמוד",,"אג""ח בארץ- חברות והמרה",2026-03-31,32400000.0,מגדל,,True,False,0.0,0.0,0.0,0.0,0.0,0
5136833,"אי בי אי מחקה S&P 500 Equal Weight מנוטרלת מט""ח",אמריקה- שווקים מפותחים,,"מניות בחו""ל",2026-03-31,118740000.0,אי.בי.אי,,True,False,0.0,0.0,0.0,0.0,0.0,0
5136841,"אי בי אי מחקה ת""א סקטור-באלאנס",Large & Mid Cap,,מניות בארץ,2026-03-31,76560000.0,אי.בי.אי,,True,False,0.005,0.0,3828.0,0.005,3828.0,0
5136858,אי בי אי מחקה תל בונד-צמודות 1-3,בריבית קבועה - קצר,,"אג""ח בארץ- חברות והמרה",2026-03-31,447420000.0,אי.בי.אי,,True,False,0.002,0.0,8948.400000000001,0.002,8948.400000000001,0
5136866,איילון כספית ניהול הנזילות,כספית שקלית עם קונצרני,,קרן כספית,2026-03-31,4059040000.0,איילון,,False,False,0.0018,0.0,73062.72,0.0018,73062.72,1
5136874,קסם אקטיב כספית,כספית שקלית עם קונצרני,,קרן כספית,2026-03-31,1695580000.0,קסם,,False,False,0.0024,0.0,40693.92,0.0024,40693.92,1
5136882,קסם KTF (!) אינדקס Bullet ישראל 2027,"אג""ח חברות שקלי וצמוד",,"אג""ח בארץ- חברות והמרה",2026-03-31,338700000.0,קסם,,True,False,0.002,0.0,6774.000000000001,0.002,6774.000000000001,0
5136890,מגדל כספית דולרית - נקובה $,"נקובת מט""ח",,קרן כספית,2026-03-31,995990000.0,מגדל,,False,False,0.0021,0.0,20915.789999999997,0.0021,20915.789999999997,1
5136916,תכלית TTF תל בונד מאגר,"אג""ח חברות שקלי וצמוד",,"אג""ח בארץ- חברות והמרה",2026-03-31,388760000.0,מיטב,,True,False,0.0,0.0,0.0,0.0,0.0,0
5136924,איילון כספית דולרית,חשופת דולר,,קרן כספית,2026-03-31,80220000.0,איילון,,False,False,0.0015,0.0,1203.3,0.0015,1203.3,1
5136932,"MTF מחקה משולבת S&P 500י (70%) Nasdaq 100י (30%) חודשי מנוטרלת מט""ח","מניות בחו""ל קרן משולבת",,"מניות בחו""ל",2026-03-31,295040000.0,מגדל,,True,False,0.0025,0.0,7376.0,0.0025,7376.0,0
5136940,ילין לפידות מחקה תל בונד 100 צמודות,בריבית קבועה,,"אג""ח בארץ- חברות והמרה",2026-03-31,161350000.0,ילין לפידות,,True,False,0.0025,0.0,4033.75,0.0025,4033.75,0
5136957,ילין לפידות מחקה תל בונד שקלי 100,בריבית קבועה,,"אג""ח בארץ- חברות והמרה",2026-03-31,92780000.0,ילין לפידות,,True,False,0.0025,0.0,2319.5,0.0025,2319.5,0
5136965,תכלית TTF תל בונד 60 צמודות,בריבית קבועה,,"אג""ח בארץ- חברות והמרה",2026-03-31,654870000.0,מיטב,,True,False,0.0,0.0,0.0,0.0,0.0,0
5136981,ילין לפידות מחקה אינדקס תשתיות חיוניות גלובלי - מבוסס AI,Utilities,,"מניות בחו""ל",2026-03-31,15880000.0,ילין לפידות,,True,False,0.0077,0.0,1222.76,0.0077,1222.76,0
5136999,תכלית S&P 500 Bond Mega 30 Investment Grade 3-5,"חברות והמרה חשופת מט""ח - בינוני",,"אג""ח בחו""ל",2026-03-31,300250000.0,מיטב,,True,False,0.0015,0.0,4503.75,0.0015,4503.75,0
5137013,MTF מחקה תל דיב,All Cap,,מניות בארץ,2026-03-31,32460000.0,מגדל,,True,False,0.006,0.0,1947.6000000000001,0.006,1947.6000000000001,0
5137021,הראל מחקה iBoxx $ Corps Liquid 3-7 Years,"חברות והמרה חשופת מט""ח - בינוני",,"אג""ח בחו""ל",2026-03-31,127250000.0,הראל,,True,False,0.002,0.0,2545.0,0.002,2545.0,0
5137039,הראל מחקה MSCI INDIA,אסיה ופסיפיק- שווקים מתעוררים,,"מניות בחו""ל",2026-03-31,37140000.0,הראל,,True,False,0.0085,0.0,3156.9,0.0085,3156.9,0
5137047,"MTF מחקה משולבת ת""א 125 (70%) ת""א 90 (30%) חודשי",מניות בארץ קרן משולבת,,מניות בארץ,2026-03-31,104260000.0,מגדל,,True,False,0.0,0.0,0.0,0.0,0.0,0
5137054,MTF מחקה משולבת תל בונד שקלי 50 (70%) תל בונד שקלי (30%) חודשי,משולבת,,"אג""ח בארץ- חברות והמרה",2026-03-31,15930000.0,מגדל,,True,False,0.0,0.0,0.0,0.0,0.0,0
5137070,אנליסט סולידית,"אג""ח כללי בארץ בדירוג גבוה בלבד (AA ומעלה ו/ או מדינה)",,"אג""ח בארץ - כללי",2026-03-31,4210000.0,אנליסט,,False,False,0.0048,0.0,202.07999999999998,0.0048,202.07999999999998,0
5137088,הראל מחקה Hang Seng,אסיה ופסיפיק- שווקים מתעוררים,,"מניות בחו""ל",2026-03-31,7010000.0,הראל,,True,False,0.005,0.0,350.5,0.005,350.5,0
5137112,"MTF מחקה Indxx US Healthcare Top 10 מנוטרלת מט""ח",Health Care,,"מניות בחו""ל",2026-03-31,46430000.0,מגדל,,True,False,0.005,0.0,2321.5,0.005,2321.5,0
5137120,מגדל A-AAA שקלי לפדיון עד 2028,חברות והמרה שקלי ללא מניות,,"אג""ח בארץ- חברות והמרה",2026-03-31,48750000.0,מגדל,,False,False,0.0055000000000000005,0.0,2681.2500000000005,0.0055000000000000005,2681.2500000000005,0
5137146,"פורטה מניות חו""ל","מניות כללי בחו""ל חשופת מט""ח",,"מניות בחו""ל",2026-03-31,127440000.0,סיגמא,פורטה,False,False,0.017,0.0,21664.800000000003,0.017,21664.800000000003,0
5137153,"מור אג""ח לפדיון עד 12/27","אג""ח כללי בארץ ללא מניות וללא סימן קריאה, עם מגבלת מח""מ עד 5 שנים",,"אג""ח בארץ - כללי",2026-03-31,20270000.0,מור,,False,False,0.006500000000000001,0.0,1317.5500000000002,0.006500000000000001,1317.5500000000002,0
5137161,קסם אקטיב שורט דולר פי 2,ממונפות בסיכון גבוה,,ממונפות ואסטרטגיות,2026-03-31,4380000.0,קסם,,False,False,0.01,0.0,438.0,0.01,438.0,0
5137179,אי בי אי מחקה Shiller Barclays CAPE US Core Mid-Month Sector - נקובה $,אמריקה- שווקים מפותחים,,"מניות בחו""ל",2026-03-31,146270000.0,אי.בי.אי,,True,False,0.0079,0.0,11555.330000000002,0.0079,11555.330000000002,0
5137187,"אי.בי.אי מחקה משולבת מניות ארה""ב Large Cap מנוטרלת מט""ח חודשי","מניות בחו""ל קרן משולבת",,"מניות בחו""ל",2026-03-31,53800000.0,אי.בי.אי,,True,False,0.005,0.0,2690.0,0.005,2690.0,0
5137195,הראל מחקה תל בונד שקלי-50,בריבית קבועה,,"אג""ח בארץ- חברות והמרה",2026-03-31,683890000.0,הראל,,True,False,0.0007000000000000001,0.0,4787.2300000000005,0.0007000000000000001,4787.2300000000005,0
5137203,הראל מחקה STOXX Europe 600 מנוטרלת אירו,אירופה- כללי,,"מניות בחו""ל",2026-03-31,232100000.0,הראל,,True,False,0.0,0.0,0.0,0.0,0.0,0
5137211,"פורצ'ן תיק אג""ח","אג""ח כללי בארץ ללא מניות וללא סימן קריאה",,"אג""ח בארץ - כללי",2026-03-31,55960000.0,איילון,פורצ'ן,False,False,0.0079,0.0,4420.84,0.0079,4420.84,0
5137229,"תכלית TTF אינדקס מדינה מאוזן - מח""מ 4 קבוע","אג""ח מדינה שיקלי וצמוד",,"אג""ח בארץ- מדינה",2026-03-31,30530000.0,מיטב,,True,False,0.0015,0.0,457.95,0.0015,457.95,0
5137237,אי בי אי מחקה אינדקס מניות דיבידנד ישראל מחלקת,Large & Mid Cap,,מניות בארץ,2026-03-31,71360000.0,אי.בי.אי,,True,False,0.005,0.0,3568.0,0.005,3568.0,0
5137245,"הורייזן אג""ח חו""ל מדורג - נקובת דולר","אג""ח נקובת מט""ח",,"אג""ח בחו""ל",2026-03-31,39520000.0,איילון,הורייזן,False,False,0.0089,0.0,3517.2799999999997,0.0089,3517.2799999999997,0
5137252,"הורייזן (!) אג""ח דולר בינלאומי","אג""ח חשופת דולר",,"אג""ח בחו""ל",2026-03-31,47690000.0,איילון,הורייזן,False,False,0.0098,0.0,4673.62,0.0098,4673.62,0
5137278,קסם אקטיב כספית אירו,חשופת יורו,,קרן כספית,2026-03-31,25420000.0,קסם,,False,False,0.0014000000000000002,0.0,355.88000000000005,0.0014000000000000002,355.88000000000005,1
5137286,"איילון אג""ח צמוד לפדיון עד 12/2028","אג""ח כללי בארץ בדירוג גבוה בלבד (AA ומעלה ו/ או מדינה)",,"אג""ח בארץ - כללי",2026-03-31,298370000.0,איילון,,False,False,0.006,0.0,17902.2,0.006,17902.2,0
5137294,"ילין לפידות מחקה ת""א 125 משקל שווה",Large & Mid Cap,,מניות בארץ,2026-03-31,94770000.0,ילין לפידות,,True,False,0.001,0.0,947.7,0.001,947.7,0
5137302,"ילין לפידות מחקה ת""א בנקים",בנקאות ואשראי חוץ בנקאי,,מניות בארץ,2026-03-31,683280000.0,ילין לפידות,,True,False,0.0049,0.0,33480.72,0.0049,33480.72,0
5137310,הראל כספית יורו,חשופת יורו,,קרן כספית,2026-03-31,65739999.99999999,הראל,,False,False,0.0014000000000000002,0.0,920.36,0.0014000000000000002,920.36,1
5137328,תכלית TTF אינדקס AA-AAA י0-3 - פקטור מינוף פיננסי נמוך,"אג""ח חברות שקלי וצמוד",,"אג""ח בארץ- חברות והמרה",2026-03-31,51550000.0,מיטב,,True,False,0.0015,0.0,773.25,0.0015,773.25,0
5137336,"ATF מחקה אינדקס מניות ארה""ב Large Cap מומנטום ענפי",אמריקה- שווקים מפותחים,,"מניות בחו""ל",2026-03-31,49070000.0,אנליסט,,True,False,0.006500000000000001,0.0,3189.55,0.006500000000000001,3189.55,0
5137344,"איילון אג""ח בנקים וביטוח",חברות והמרה ללא מניות וללא סימן קריאה,,"אג""ח בארץ- חברות והמרה",2026-03-31,167320000.0,איילון,,False,False,0.006,0.0,10039.2,0.006,10039.2,0
5137377,"איילון מניות צמיחה ישראליות בארה""ב","ארה""ב חשופת מט""ח",,"מניות בחו""ל",2026-03-31,1630000.0,איילון,אופנהיימר,False,False,0.006,0.0,97.8,0.006,97.8,0
5137401,ילין לפידות מחקה תל בונד תשואות צמודות פיזור רחב,בריבית קבועה,,"אג""ח בארץ- חברות והמרה",2026-03-31,167580000.0,ילין לפידות,,True,False,0.0025,0.0,4189.5,0.0025,4189.5,0
5137419,ילין לפידות מחקה תל בונד תשואות שקלי פיזור רחב,בריבית קבועה,,"אג""ח בארץ- חברות והמרה",2026-03-31,2140000.0,ילין לפידות,,True,False,0.0025,0.0,53.5,0.0025,53.5,0
5137435,הראל מחקה אינדקס Top10 Tech,Technology,,"מניות בחו""ל",2026-03-31,40330000.0,הראל,,True,False,0.005,0.0,2016.5,0.005,2016.5,0
5137443,גביש 30/70,"אג""ח כללי בארץ- עד 30% מניות",,"אג""ח בארץ - כללי",2026-03-31,31660000.0,סיגמא,גביש פיננסים,False,False,0.0079,0.0,2501.1400000000003,0.0079,2501.1400000000003,0
5137450,"פינסה (!) אג""ח חברות",חברות והמרה ללא מניות עם סימן קריאה,,"אג""ח בארץ- חברות והמרה",2026-03-31,477840000.0,סיגמא,פינסה ניהול נכסים,False,False,0.0085,0.0,40616.4,0.0085,40616.4,0
5137468,פינסה Global Equity,"מניות כללי בחו""ל חשופת מט""ח",,"מניות בחו""ל",2026-03-31,44180000.0,סיגמא,פינסה ניהול נכסים,False,False,0.013999999999999999,0.0,6185.2,0.013999999999999999,6185.2,0
5137476,"פסטרנק שהם (!) אג""ח ללא מניות","אג""ח כללי בארץ ללא מניות עם סימן קריאה",,"אג""ח בארץ - כללי",2026-03-31,428510000.0,איילון,פסטרנק שהם,False,False,0.01,0.0,42851.0,0.01,42851.0,0
5137484,"ילין לפידות מחקה quabify אג""ח לפדיון 2027 צמוד",בריבית קבועה,,"אג""ח בארץ- חברות והמרה",2026-03-31,261440000.0,ילין לפידות,,True,False,0.0024,0.0,6274.5599999999995,0.0024,6274.5599999999995,0
5137492,"ילין לפידות מחקה quabify אג""ח לפדיון 2026 צמוד",בריבית קבועה,,"אג""ח בארץ- חברות והמרה",2026-03-31,113040000.0,ילין לפידות,,True,False,0.0024,0.0,2712.9599999999996,0.0024,2712.9599999999996,0
5137500,"ילין לפידות מחקה quabify אג""ח לפדיון 2027 שקלי",בריבית קבועה,,"אג""ח בארץ- חברות והמרה",2026-03-31,94980000.0,ילין לפידות,,True,False,0.0024,0.0,2279.5199999999995,0.0024,2279.5199999999995,0
5137518,"ילין לפידות מחקה quabify אג""ח לפדיון 2026 שקלי",בריבית קבועה,,"אג""ח בארץ- חברות והמרה",2026-03-31,37020000.0,ילין לפידות,,True,False,0.0024,0.0,888.4799999999999,0.0024,888.4799999999999,0
5137526,"אי בי אי מחקה אינדקס אג""ח קופון גבוה מחלקת","אג""ח חברות שקלי וצמוד",,"אג""ח בארץ- חברות והמרה",2026-03-31,17480000.0,אי.בי.אי,,True,False,0.002,0.0,349.6,0.002,349.6,0
5137534,"אילים מניות AI בינה מלאכותית חו""ל","מניות לפי ענפים בחו""ל",,"מניות בחו""ל",2026-03-31,348270000.0,אילים,,False,False,0.0089,0.0,30996.03,0.0089,30996.03,0
5137542,אי.בי.אי. מחקה אינדקס A-AAA שקלי 1-4,בריבית קבועה,,"אג""ח בארץ- חברות והמרה",2026-03-31,92230000.0,אי.בי.אי,,True,False,0.0025,0.0,2305.75,0.0025,2305.75,0
5137559,מגדל כספית מחלקת חודשי,כספית שקלית עם קונצרני,,קרן כספית,2026-03-31,232130000.0,מגדל,,False,False,0.0016,0.0,3714.08,0.0016,3714.08,1
5137567,"קסם KTFי Indxx US Banks Top 10 מנוטרלת מט""ח",Banking,,"מניות בחו""ל",2026-03-31,8720000.0,קסם,,True,False,0.0034999999999999996,0.0,305.2,0.0034999999999999996,305.2,0
5137575,קסם KTF אינדקס Bullet דולר 2026 - גלובלי,"חברות והמרה חשופת מט""ח",,"אג""ח בחו""ל",2026-03-31,7490000.0,קסם,,True,False,0.0045000000000000005,0.0,337.05,0.0045000000000000005,337.05,0
5137625,"איילון זבולון מניות חו""ל","מניות כללי בחו""ל חשופת מט""ח",,"מניות בחו""ל",2026-03-31,187940000.0,איילון,זבולון שרותי מחקר,False,False,0.0175,0.0,32889.50000000001,0.0175,32889.50000000001,0
5137633,"איילון זבולון (!) אג""ח חו""ל HY","אג""ח חשופת מט""ח",,"אג""ח בחו""ל",2026-03-31,372430000.0,איילון,זבולון שרותי מחקר,False,False,0.01,0.0,37243.0,0.01,37243.0,0
5137641,ילין לפידות כספית,כספית שקלית עם קונצרני,,קרן כספית,2026-03-31,5011000000.0,ילין לפידות,,False,False,0.0022,0.0,110242.00000000001,0.0022,110242.00000000001,1
5137666,תכלית TTF משולבת S&P 500י (70%) Nasdaq 100י (30%) חודשי,"מניות בחו""ל קרן משולבת",,"מניות בחו""ל",2026-03-31,40420000.0,מיטב,,True,False,0.0,0.0,0.0,0.0,0.0,0
5137682,מור עוקבת תיק 3 הבנק הבינלאומי,"אג""ח כללי בארץ- עד 30% מניות",,"אג""ח בארץ - כללי",2026-03-31,166780000.0,מור,,False,False,0.0066,0.0,11007.480000000001,0.0066,11007.480000000001,0
5137690,מיטב כספית שקלית ללא קונצרני,כספית שקלית ללא קונצרני,,קרן כספית,2026-03-31,2876220000.0,מיטב,,False,False,0.0014000000000000002,0.0,40267.08,0.0014000000000000002,40267.08,1
5137708,"דולפין אג""ח ללא מניות","אג""ח כללי בארץ ללא מניות וללא סימן קריאה",,"אג""ח בארץ - כללי",2026-03-31,9750000.0,איילון,דולפין 1 השקעות,False,False,0.0072,0.0,702.0,0.0072,702.0,0
5137716,MTF מחקה S&P 500 Bond Mega 30 Investment Grade 5-7 Year נקובה דולר,"חברות והמרה חשופת מט""ח - ארוך",,"אג""ח בחו""ל",2026-03-31,94260000.0,מגדל,,True,False,0.0025,0.0,2356.5,0.0025,2356.5,0
5137724,"קסם S&P U.S. Treasury Bond 7-10 Year KTF מנוטרלת מט""ח","ממשלתיות מנוטרלת מט""ח - ארוך",,"אג""ח בחו""ל",2026-03-31,400250000.0,קסם,,True,False,0.0015,0.0,6003.75,0.0015,6003.75,0
5137732,אי.בי.אי. כספית ניהול נזילות,כספית שקלית עם קונצרני,,קרן כספית,2026-03-31,5699390000.0,אי.בי.אי,,False,False,0.00169,0.0,96319.691,0.00169,96319.691,1
5137740,קסם אקטיב כספית שקלית,כספית שקלית עם קונצרני,,קרן כספית,2026-03-31,9273290000.0,קסם,,False,False,0.0019,0.0,176192.51,0.0019,176192.51,1
5137757,עציוני מניות ישראל,מניות All Cap,,מניות בארץ,2026-03-31,272280000.0,סיגמא,עציוני ניהול תיקים,False,False,0.015,0.0,40842.0,0.015,40842.0,0
5137765,פסטרנק שהם 10/90,"אג""ח כללי בארץ- עד 10% מניות ללא סימן קריאה",,"אג""ח בארץ - כללי",2026-03-31,92960000.0,איילון,פסטרנק שהם,False,False,0.0059,0.0,5484.639999999999,0.0059,5484.639999999999,0
5137773,"MTF מחקה אינדקס אג""ח ממשלת ארה""ב - מח""מ 10 קבוע מנוטרלת מט""ח","ממשלתיות מנוטרלת מט""ח - ארוך",,"אג""ח בחו""ל",2026-03-31,260890000.0,מגדל,,True,False,0.001,0.0,2608.9,0.001,2608.9,0
5137781,תכלית S&P 500 Bond Mega 30 Investment Grade 5-7 Year TTF,"חברות והמרה חשופת מט""ח - ארוך",,"אג""ח בחו""ל",2026-03-31,37680000.0,מיטב,,True,False,0.0025,0.0,942.0,0.0025,942.0,0
5137799,"מיטב אג""ח קונצרני A ומעלה",חברות והמרה ללא מניות וללא סימן קריאה,,"אג""ח בארץ- חברות והמרה",2026-03-31,241190000.0,מיטב,,False,False,0.0059,0.0,14230.21,0.0059,14230.21,0
5137807,הראל מחקה S&P 500 Equal Weight,אמריקה- שווקים מפותחים,,"מניות בחו""ל",2026-03-31,180550000.0,הראל,,True,False,0.0015,0.0,2708.25,0.0015,2708.25,0
5137815,הראל כספית שקלית כשרה,כספית שקלית עם קונצרני,,קרן כספית,2026-03-31,2729320000.0,הראל,,False,False,0.0014000000000000002,0.0,38210.48,0.0014000000000000002,38210.48,1
5137823,סלע אגד חוץ מנייתי - נקוב $,אגד חוץ,,אגד קרנות,2026-03-31,16640000.0,איילון,סלע בית השקעות,False,False,0.013500000000000002,0.0,2246.4000000000005,0.013500000000000002,2246.4000000000005,0
5137831,"איילון אג""ח קונצרני מדורג A ומעלה",חברות והמרה ללא מניות וללא סימן קריאה,,"אג""ח בארץ- חברות והמרה",2026-03-31,185340000.0,איילון,יועץ השקעות,False,False,0.0059,0.0,10935.06,0.0059,10935.06,0
5137849,"מור (!) אג""ח דירוג פנימי תשואה גבוהה",חברות והמרה בסיכון גבוה,,"אג""ח בארץ- חברות והמרה",2026-03-31,283780000.0,מור,,False,False,0.013999999999999999,0.0,39729.2,0.013999999999999999,39729.2,0
5137872,מיטב 10/90 מודל ESG,"אג""ח כללי בארץ- עד 10% מניות ללא סימן קריאה",,"אג""ח בארץ - כללי",2026-03-31,244360000.0,מיטב,,False,False,0.0059,0.0,14417.24,0.0059,14417.24,0
5137880,מיטב 20/80 מודל ESG,"אג""ח כללי בארץ- עד 20% מניות",,"אג""ח בארץ - כללי",2026-03-31,182220000.0,מיטב,,False,False,0.006500000000000001,0.0,11844.300000000001,0.006500000000000001,11844.300000000001,0
5137898,מיטב 30/70 מודל ESG,"אג""ח כללי בארץ- עד 30% מניות",,"אג""ח בארץ - כללי",2026-03-31,54690000.0,מיטב,,False,False,0.006500000000000001,0.0,3554.8500000000004,0.006500000000000001,3554.8500000000004,0
5137906,איביאי כספית דולרית - נקובה $,"נקובת מט""ח",,קרן כספית,2026-03-31,1120460000.0,אי.בי.אי,,False,False,0.0025,0.0,28011.5,0.0025,28011.5,1
5137914,ברק תיק 20/80,"אג""ח כללי בארץ- עד 20% מניות",,"אג""ח בארץ - כללי",2026-03-31,7520000.0,ברק,,False,False,0.0075,0.0,564.0,0.0075,564.0,0
5137922,ברק תיק 10/90,"אג""ח כללי בארץ- עד 10% מניות ללא סימן קריאה",,"אג""ח בארץ - כללי",2026-03-31,8230000.0,ברק,,False,False,0.0075,0.0,617.25,0.0075,617.25,0
5137948,הראל מחקה אינדקס אנרגיה ישראלית,"נפט, גז ואנרגיה",,מניות בארץ,2026-03-31,207540000.0,הראל,,True,False,0.004,0.0,8301.6,0.004,8301.6,0
5137955,קסם Cboe S&P 500 15% Buffer MAR IC KTF - מובנה שנתי,אמריקה- שווקים מפותחים,,"מניות בחו""ל",2026-03-31,8350000.0,קסם,,True,False,0.009000000000000001,0.0,751.5,0.009000000000000001,751.5,0
5137963,"אי בי אי מחקה אינדקס אג""ח במרווח גבוה - מח""מ 0-2","אג""ח חברות שקלי וצמוד",,"אג""ח בארץ- חברות והמרה",2026-03-31,251040000.0,אי.בי.אי,,True,False,0.0034999999999999996,0.0,8786.4,0.0034999999999999996,8786.4,0
5137989,איביאי מחקה אינדקס A-AAA צמוד 1-4,בריבית קבועה,,"אג""ח בארץ- חברות והמרה",2026-03-31,119850000.0,אי.בי.אי,,True,False,0.0025,0.0,2996.25,0.0025,2996.25,0
5137997,ATF מחקה אינדקס שקלים ארוכים עד 20% מדינה,בריבית קבועה - ארוך,,"אג""ח בארץ- חברות והמרה",2026-03-31,362920000.0,אנליסט,,True,False,0.002,0.0,7258.400000000001,0.002,7258.400000000001,0
5138003,מור כספית דולרית,חשופת דולר,,קרן כספית,2026-03-31,61260000.0,מור,,False,False,0.0025,0.0,1531.5,0.0025,1531.5,1
5138011,"קסם S&P 500 TOP 50 KTF מנוטרלת מט""ח",אמריקה- שווקים מפותחים,,"מניות בחו""ל",2026-03-31,137770000.0,קסם,,True,False,0.005,0.0,6888.5,0.005,6888.5,0
5138029,אלטשולר שחם מחקה A.B SmartBeta USA MultiFactor,אמריקה- שווקים מפותחים,,"מניות בחו""ל",2026-03-31,1260000.0,אלטשולר שחם,,True,False,0.008,0.0,100.80000000000001,0.008,100.80000000000001,0
5138037,"אלטשולר שחם S&P 500 - מנוטרלת מט""ח","מניות גיאוגרפי מוגנת מט""ח",,"מניות בחו""ל",2026-03-31,41400000.0,אלטשולר שחם,,False,False,0.014499999999999999,0.0,6003.0,0.014499999999999999,6003.0,0
5138045,"ילין לפידות מחקה quabify אג""ח לפדיון 2028 צמוד",בריבית קבועה,,"אג""ח בארץ- חברות והמרה",2026-03-31,176440000.0,ילין לפידות,,True,False,0.0024,0.0,4234.5599999999995,0.0024,4234.5599999999995,0
5138052,"ילין לפידות מחקה quabify אג""ח לפדיון 2029 צמוד",בריבית קבועה,,"אג""ח בארץ- חברות והמרה",2026-03-31,164770000.0,ילין לפידות,,True,False,0.0024,0.0,3954.4799999999996,0.0024,3954.4799999999996,0
5138060,"ילין לפידות מחקה quabify אג""ח לפדיון 2028 שקלי",בריבית קבועה,,"אג""ח בארץ- חברות והמרה",2026-03-31,83830000.0,ילין לפידות,,True,False,0.0024,0.0,2011.9199999999998,0.0024,2011.9199999999998,0
5138078,"ילין לפידות מחקה quabify אג""ח לפדיון 2029 שקלי",בריבית קבועה,,"אג""ח בארץ- חברות והמרה",2026-03-31,149600000.0,ילין לפידות,,True,False,0.0024,0.0,3590.3999999999996,0.0024,3590.3999999999996,0
5138086,תכלית TTF אינדקס CoCo ישראל-10,בריבית קבועה,,"אג""ח בארץ- חברות והמרה",2026-03-31,33720000.0,מיטב,,True,False,0.001,0.0,337.20000000000005,0.001,337.20000000000005,0
5138094,מגדל כספית שקלית כשרה,כספית שקלית עם קונצרני,,קרן כספית,2026-03-31,5419110000.0,מגדל,,False,False,0.00149,0.0,80744.739,0.00149,80744.739,1
5138102,קסם KTF (!) אינדקס Bullet ישראל 2028,"אג""ח חברות שקלי וצמוד",,"אג""ח בארץ- חברות והמרה",2026-03-31,128570000.0,קסם,,True,False,0.0025,0.0,3214.25,0.0025,3214.25,0
5138110,קסם KTF (!) אינדקס Bullet ישראל 2029,"אג""ח חברות שקלי וצמוד",,"אג""ח בארץ- חברות והמרה",2026-03-31,116330000.0,קסם,,True,False,0.0025,0.0,2908.25,0.0025,2908.25,0
5138128,קסם KTF (!) אינדקס Bullet ישראל 2030,"אג""ח חברות שקלי וצמוד",,"אג""ח בארץ- חברות והמרה",2026-03-31,103940000.0,קסם,,True,False,0.0025,0.0,2598.5,0.0025,2598.5,0
5138151,MTF מחקה S&P 500 Top 50,אמריקה- שווקים מפותחים,,"מניות בחו""ל",2026-03-31,49590000.0,מגדל,,True,False,0.0015,0.0,743.85,0.0015,743.85,0
5138169,אי בי אי מחקה אינדקס A-AAA שקלי 3-6,בריבית קבועה - בינוני,,"אג""ח בארץ- חברות והמרה",2026-03-31,136920000.0,אי.בי.אי,,True,False,0.0,0.0,0.0,0.0,0.0,0
5138201,"MTF מחקה Russell 2000 מנוטרלת מט""ח",אמריקה- שווקים מפותחים,,"מניות בחו""ל",2026-03-31,150600000.0,מגדל,,True,False,0.0025,0.0,3765.0,0.0025,3765.0,0
5138219,"פרופאונד (!) תיק אג""ח ללא מניות","אג""ח כללי בארץ ללא מניות עם סימן קריאה",,"אג""ח בארץ - כללי",2026-03-31,44840000.0,איילון,פרופאונד,False,False,0.0069,0.0,3093.96,0.0069,3093.96,0
5138227,קסם KTF אינדקס AA ומעלה 3+,"אג""ח חברות שקלי וצמוד",,"אג""ח בארץ- חברות והמרה",2026-03-31,44120000.0,קסם,,True,False,0.0025,0.0,1103.0,0.0025,1103.0,0
5138235,"מור מחקה אינדקס ארה""ב מודל תמחור מומנטום",אמריקה- שווקים מפותחים,,"מניות בחו""ל",2026-03-31,2900000.0,מור,,True,False,0.006,0.0,174.0,0.006,174.0,0
5138243,"סיגמא אג""ח ללא מניות","אג""ח כללי בארץ ללא מניות וללא סימן קריאה",,"אג""ח בארץ - כללי",2026-03-31,37050000.0,סיגמא,,False,False,0.0069,0.0,2556.45,0.0069,2556.45,0
5138250,"קסם iBoxx US Liquid Investment Grade Top 30 KTF מנוטרלת מט""ח","חברות והמרה  מנוטרלת מט""ח",,"אג""ח בחו""ל",2026-03-31,170420000.0,קסם,,True,False,0.0015,0.0,2556.3,0.0015,2556.3,0
5138268,קסם KTF אינדקס בינוי והנדסת תשתיות,שילוב ענפים,,מניות בארץ,2026-03-31,219560000.0,קסם,,True,False,0.005,0.0,10978.0,0.005,10978.0,0
5138276,"MTF מחקה AB אג""ח מאוזן AAA-A 2028 Bullet","אג""ח חברות שקלי וצמוד",,"אג""ח בארץ- חברות והמרה",2026-03-31,53700000.0,מגדל,,True,False,0.002,0.0,1074.0,0.002,1074.0,0
5138284,מגדל אגח בינלאומי לפדיון עד 2030,"אג""ח חשופת דולר",,"אג""ח בחו""ל",2026-03-31,28180000.0,מגדל,,False,False,0.005600000000000001,0.0,1578.0800000000002,0.005600000000000001,1578.0800000000002,0
5138300,"הראל מחקה S&P Health Care מנוטרלת מט""ח",Health Care,,"מניות בחו""ל",2026-03-31,80030000.0,הראל,,True,False,0.006500000000000001,0.0,5201.950000000001,0.006500000000000001,5201.950000000001,0
5138318,MTF מחקה אינדקס CoCo ישראל-10,בריבית קבועה,,"אג""ח בארץ- חברות והמרה",2026-03-31,62120000.0,מגדל,,True,False,0.0,0.0,0.0,0.0,0.0,0
5138326,מיטב כספית דולרית - נקובה $,"נקובת מט""ח",,קרן כספית,2026-03-31,2530330000.0,מיטב,,False,False,0.0014000000000000002,0.0,35424.62,0.0014000000000000002,35424.62,1
5138334,"תכלית S&P 500 Bond Mega 30 Investment Grade 3-5 Year TTF מנוטרלת מט""ח","חברות והמרה  מנוטרלת מט""ח - בינוני",,"אג""ח בחו""ל",2026-03-31,83980000.0,מיטב,,True,False,0.002,0.0,1679.6000000000001,0.002,1679.6000000000001,0
5138342,MTF מחקה אינדקס AA-AAA ישראל 5-7,"אג""ח חברות שקלי וצמוד",,"אג""ח בארץ- חברות והמרה",2026-03-31,294860000.0,מגדל,,True,False,0.0,0.0,0.0,0.0,0.0,0
5138359,"ATF מחקה אינדקס EW TOP100 מרווח מעל הממוצע מותאם מח""מ","אג""ח חברות שקלי וצמוד",,"אג""ח בארץ- חברות והמרה",2026-03-31,93340000.0,אנליסט,,True,False,0.002,0.0,1866.8000000000002,0.002,1866.8000000000002,0
5138383,"תכלית S&P 500 Equal Weight TTF מנוטרלת מט""ח",אמריקה- שווקים מפותחים,,"מניות בחו""ל",2026-03-31,30720000.0,מיטב,,True,False,0.001,0.0,307.20000000000005,0.001,307.20000000000005,0
5138391,"מגדל אג""ח לפדיון עד 2030","אג""ח כללי בארץ ללא מניות וללא סימן קריאה",,"אג""ח בארץ - כללי",2026-03-31,63330000.0,מגדל,,False,False,0.0049,0.0,3103.17,0.0049,3103.17,0
5138409,הראל מחקה אינדקס תעשיות ביטחוניות ארה''ב וישראל,Aerospace & Defense,,"מניות בחו""ל",2026-03-31,672970000.0,הראל,,True,False,0.006999999999999999,0.0,47107.899999999994,0.006999999999999999,47107.899999999994,0
5138417,תכלית TTF אינדקס AA-AAA י5+ פקטור מינוף פיננסי נמוך,"אג""ח חברות שקלי וצמוד",,"אג""ח בארץ- חברות והמרה",2026-03-31,12930000.0,מיטב,,True,False,0.002,0.0,258.6,0.002,258.6,0
5138425,"פורצ'ן (!) אג""ח גלובלי - נקובה $","אג""ח נקובת מט""ח",,"אג""ח בחו""ל",2026-03-31,363800000.0,איילון,פורצ'ן,False,False,0.009000000000000001,0.0,32742.000000000004,0.009000000000000001,32742.000000000004,0
5138433,MTF מחקה Bloomberg US Analyst Recommendations,אמריקה- שווקים מפותחים,,"מניות בחו""ל",2026-03-31,27840000.0,מגדל,,True,False,0.008,0.0,2227.2000000000003,0.008,2227.2000000000003,0
5138441,קסם S&P 500 TOP 50 KTF,אמריקה- שווקים מפותחים,,"מניות בחו""ל",2026-03-31,6560000.0,קסם,,True,False,0.0025,0.0,164.0,0.0025,164.0,0
5138458,MTF מחקה אינדקס Top 10 US Banks Bonds,"חברות והמרה חשופת מט""ח",,"אג""ח בחו""ל",2026-03-31,35570000.0,מגדל,,True,False,0.0025,0.0,889.25,0.0025,889.25,0
5138466,MTF מחקה iBoxx US Liquid Investment Grade Top 30,"חברות והמרה חשופת מט""ח",,"אג""ח בחו""ל",2026-03-31,84980000.0,מגדל,,True,False,0.002,0.0,1699.6000000000001,0.002,1699.6000000000001,0
5138474,"MTF מחקה S&P 500 Equal Weight מנוטרלת מט""ח",אמריקה- שווקים מפותחים,,"מניות בחו""ל",2026-03-31,131560000.0,מגדל,,True,False,0.0,0.0,0.0,0.0,0.0,0
5138482,"MTF מחקה S&P 500 Bond Mega 30 Investment Grade 3-5 Year מנוטרלת מט""ח","חברות והמרה  מנוטרלת מט""ח - בינוני",,"אג""ח בחו""ל",2026-03-31,173040000.0,מגדל,,True,False,0.002,0.0,3460.8,0.002,3460.8,0
5138490,"קסם אקטיב תיק מחקות אג""ח ומניות - אגד ישראלי",אגד ישראלי,,אגד קרנות,2026-03-31,4990000.0,קסם,,False,False,0.0,0.0,0.0,0.0,0.0,0
5138524,"מגדל נאסד""ק 100 כשרה מנוטרלת מט""ח","מניות כללי בחו""ל מוגנת מט""ח",,"מניות בחו""ל",2026-03-31,18020000.0,מגדל,,False,False,0.005,0.0,901.0,0.005,901.0,0
5138532,"מגדל 10/90 - אג""ח מדורג",חברות והמרה עם מניות ללא סימן קריאה,,"אג""ח בארץ- חברות והמרה",2026-03-31,6570000.0,מגדל,,False,False,0.0049,0.0,321.93,0.0049,321.93,0
5138557,קסם KTF אינדקס Bullet צמוד 2026,בריבית קבועה,,"אג""ח בארץ- חברות והמרה",2026-03-31,32220000.0,קסם,,True,False,0.0025,0.0,805.5,0.0025,805.5,0
5138565,קסם KTF אינדקס Bullet שקלי 2026,בריבית קבועה,,"אג""ח בארץ- חברות והמרה",2026-03-31,83430000.0,קסם,,True,False,0.002,0.0,1668.6000000000001,0.002,1668.6000000000001,0
5138573,קסם KTF (!) אינדקס Bullet שקלי 2027,בריבית קבועה,,"אג""ח בארץ- חברות והמרה",2026-03-31,79900000.0,קסם,,True,False,0.002,0.0,1598.0000000000002,0.002,1598.0000000000002,0
5138581,קסם KTF (!) אינדקס Bullet צמוד 2027,בריבית קבועה,,"אג""ח בארץ- חברות והמרה",2026-03-31,227340000.0,קסם,,True,False,0.002,0.0,4546.8,0.002,4546.8,0
5138599,קסם KTF (!) אינדקס Bullet צמוד 2029,בריבית קבועה,,"אג""ח בארץ- חברות והמרה",2026-03-31,118790000.0,קסם,,True,False,0.0025,0.0,2969.75,0.0025,2969.75,0
5138607,קסם KTF (!) אינדקס Bullet שקלי 2029,בריבית קבועה,,"אג""ח בארץ- חברות והמרה",2026-03-31,92340000.0,קסם,,True,False,0.0025,0.0,2308.5,0.0025,2308.5,0
5138615,"דולפין מניות חו""ל","מניות כללי בחו""ל חשופת מט""ח",,"מניות בחו""ל",2026-03-31,45700000.0,איילון,דולפין 1 השקעות,False,False,0.0179,0.0,8180.299999999999,0.0179,8180.299999999999,0
5138623,תכלית Indxx Blockchain Ecosystem TTF,Blockchain,,"מניות בחו""ל",2026-03-31,2260000.0,מיטב,,True,False,0.0095,0.0,214.7,0.0095,214.7,0
5138631,קסם Russell 2000 KTF,אמריקה- שווקים מפותחים,,"מניות בחו""ל",2026-03-31,31890000.0,קסם,,True,False,0.0,0.0,0.0,0.0,0.0,0
5138649,ילין לפידות מחקה תל בונד צמודות בנקים,בריבית קבועה,,"אג""ח בארץ- חברות והמרה",2026-03-31,17290000.0,ילין לפידות,,True,False,0.0025,0.0,432.25,0.0025,432.25,0
5138656,"מגדל (!) הזדמנויות אג""ח ללא מניות","אג""ח כללי בארץ ללא מניות עם סימן קריאה",,"אג""ח בארץ - כללי",2026-03-31,4040000.0,מגדל,,False,False,0.0059,0.0,238.35999999999999,0.0059,238.35999999999999,0
5138664,קסם Cboe S&P 500 15% Buffer JUN IC KTF - מובנה שנתי,אמריקה- שווקים מפותחים,,"מניות בחו""ל",2026-03-31,9990000.0,קסם,,True,False,0.0085,0.0,849.1500000000001,0.0085,849.1500000000001,0
5138672,אילים מניות ישראל,מניות All Cap,,מניות בארץ,2026-03-31,22800000.0,אילים,,False,False,0.0079,0.0,1801.2000000000003,0.0079,1801.2000000000003,0
5138680,"אילים תיק אג""ח +10%","אג""ח כללי בארץ- עד 10% מניות ללא סימן קריאה",,"אג""ח בארץ - כללי",2026-03-31,77560000.0,אילים,,False,False,0.0059,0.0,4576.04,0.0059,4576.04,0
5138698,דולפין כספית,כספית שקלית עם קונצרני,,קרן כספית,2026-03-31,5425740000.0,איילון,דולפין 1 השקעות,False,False,0.00149,0.0,80843.526,0.00149,80843.526,1
5138706,אזימוט כספית,כספית שקלית עם קונצרני,,קרן כספית,2026-03-31,175390000.0,איילון,אזימוטליין,False,False,0.0014000000000000002,0.0,2455.46,0.0014000000000000002,2455.46,1
5138714,"אילים 10/90 תיק אג""ח חו""ל ומניות","אג""ח חשופת מט""ח",,"אג""ח בחו""ל",2026-03-31,21480000.0,אילים,,False,False,0.0059,0.0,1267.32,0.0059,1267.32,0
5138722,הראל מחקה iBoxx USD Liquid 5-9 Top 50,"חברות והמרה חשופת מט""ח - ארוך",,"אג""ח בחו""ל",2026-03-31,104020000.0,הראל,,True,False,0.001,0.0,1040.2,0.001,1040.2,0
5138730,הורייזן אסטרטגיות,אסטרטגיות (לא ממונפות),,ממונפות ואסטרטגיות,2026-03-31,39180000.0,איילון,הורייזן,False,False,0.015,0.0,5876.999999999999,0.015,5876.999999999999,0
5138748,קסם KTF אינדקס תעשיות ביטחוניות גלובלי,Aerospace & Defense,,"מניות בחו""ל",2026-03-31,396950000.0,קסם,,True,False,0.006999999999999999,0.0,27786.499999999996,0.006999999999999999,27786.499999999996,0
5138755,תכלית MSCI India (USD) TTF,אסיה ופסיפיק- שווקים מתעוררים,,"מניות בחו""ל",2026-03-31,10680000.0,מיטב,,True,False,0.0055000000000000005,0.0,587.4000000000001,0.0055000000000000005,587.4000000000001,0
5138763,אלטשולר שחם כספית,כספית שקלית עם קונצרני,,קרן כספית,2026-03-31,2922690000.0,אלטשולר שחם,,False,False,0.00234,0.0,68390.946,0.00234,68390.946,1
5138771,"דרך אג""ח ללא מניות כשרה","אג""ח כללי בארץ ללא מניות וללא סימן קריאה",,"אג""ח בארץ - כללי",2026-03-31,30190000.0,סיגמא,דרך אינבסט,False,False,0.0075,0.0,2264.25,0.0075,2264.25,0
5138789,"מור 30/70 מניות חו""ל - כשרה","אג""ח כללי בארץ- עד 30% מניות",,"אג""ח בארץ - כללי",2026-03-31,74700000.0,מור,,False,False,0.006500000000000001,0.0,4855.500000000001,0.006500000000000001,4855.500000000001,0
5138797,תכלית Indxx Global Financial Exchanges And Data TTF,Financial,,"מניות בחו""ל",2026-03-31,82140000.0,מיטב,,True,False,0.006,0.0,4928.400000000001,0.006,4928.400000000001,0
5138805,תכלית S&P 500 Growth TTF,אמריקה- שווקים מפותחים,,"מניות בחו""ל",2026-03-31,4860000.0,מיטב,,True,False,0.003,0.0,145.8,0.003,145.8,0
5138813,תכלית TTF אינדקס ישראליות צמיחה-מומנטום,אחר,,מניות בארץ,2026-03-31,52190000.0,מיטב,,True,False,0.004,0.0,2087.6000000000004,0.004,2087.6000000000004,0
5138821,"אקורד (!) אג""ח פלוס","אג""ח כללי בארץ- עד 10% מניות ועם סימן קריאה",,"אג""ח בארץ - כללי",2026-03-31,36140000.0,איילון,אקורד ניהול השקעות,False,False,0.0075,0.0,2710.4999999999995,0.0075,2710.4999999999995,0
5138839,אנליסט כספית דולרית - נקובה $,"נקובת מט""ח",,קרן כספית,2026-03-31,1955080000.0,אנליסט,,False,False,0.0013,0.0,25416.039999999997,0.0013,25416.039999999997,1
5138847,הראל מחקה תל בונד צמודות בנקים וחברות ממשלתיות,אחר,,"אג""ח בארץ- חברות והמרה",2026-03-31,59620000.0,הראל,,True,False,0.001,0.0,596.2,0.001,596.2,0
5138854,הראל מחקה תל בונד צמודות 5-10,בריבית קבועה - ארוך,,"אג""ח בארץ- חברות והמרה",2026-03-31,27540000.0,הראל,,True,False,0.0,0.0,0.0,0.0,0.0,0
5138862,הראל מחקה תל בונד שקלי 5-10,בריבית קבועה - ארוך,,"אג""ח בארץ- חברות והמרה",2026-03-31,199230000.0,הראל,,True,False,0.0,0.0,0.0,0.0,0.0,0
5138888,"הראל עוקבת תיק מניות חו""ל - הבנק הבינלאומי עד 30% מט""ח","מניות כללי בחו""ל מוגנת מט""ח",,"מניות בחו""ל",2026-03-31,15910000.0,הראל,,False,False,0.0125,0.0,1988.75,0.0125,1988.75,0
5138896,קסם MSCI India KTF,אסיה ופסיפיק- שווקים מתעוררים,,"מניות בחו""ל",2026-03-31,10880000.0,קסם,,True,False,0.0055000000000000005,0.0,598.4000000000001,0.0055000000000000005,598.4000000000001,0
5138904,קסם TipRanks US Momentum Analysts iNDEX KTF,אמריקה- שווקים מפותחים,,"מניות בחו""ל",2026-03-31,28410000.0,קסם,,True,False,0.006999999999999999,0.0,1988.6999999999998,0.006999999999999999,1988.6999999999998,0
5138912,bmeniv גמישה,גמישות,,גמישות,2026-03-31,24310000.0,סיגמא,בי מניב,False,False,0.023,0.0,5591.3,0.023,5591.3,0
5138920,אביב שגב ניהול תיק השקעות 20/80,"אג""ח כללי בארץ- עד 20% מניות",,"אג""ח בארץ - כללי",2026-03-31,8860000.0,איילון,אביב-שגב,False,False,0.0053,0.0,469.58,0.0053,469.58,0
5138938,"FOREST תיק אג""ח ללא מניות","אג""ח כללי בארץ ללא מניות וללא סימן קריאה",,"אג""ח בארץ - כללי",2026-03-31,121150000.0,פורסט,,False,False,0.0075,0.0,9086.25,0.0075,9086.25,0
5138946,"אלטשולר שחם מחקה אינדקס בנקים לפדיון - מח""מ עד 3 שנים","אג""ח חברות שקלי וצמוד",,"אג""ח בארץ- חברות והמרה",2026-03-31,5890000.0,אלטשולר שחם,,True,False,0.0015,0.0,88.35000000000001,0.0015,88.35000000000001,0
5138953,אלטשולר שחם מחקה מחקה אינדקס AAA צמוד,בריבית קבועה,,"אג""ח בארץ- חברות והמרה",2026-03-31,69690000.0,אלטשולר שחם,,True,False,0.0015,0.0,1045.3500000000001,0.0015,1045.3500000000001,0
5138961,ילין לפידות קונצרני צמוד A ומעלה,חברות והמרה ללא מניות וללא סימן קריאה,,"אג""ח בארץ- חברות והמרה",2026-03-31,339340000.0,ילין לפידות,,False,False,0.0059,0.0,20021.059999999998,0.0059,20021.059999999998,0
5138979,קסם Cboe S&P 500 15% Buffer AUG IC KTF - מובנה שנתי,אמריקה- שווקים מפותחים,,"מניות בחו""ל",2026-03-31,2400000.0,קסם,,True,False,0.0085,0.0,204.00000000000003,0.0085,204.00000000000003,0
5138987,"ילין לפידות מחקה quabify אג""ח לפדיון 2026 מאוזן","אג""ח חברות שקלי וצמוד",,"אג""ח בארץ- חברות והמרה",2026-03-31,5130000.0,ילין לפידות,,True,False,0.0024,0.0,123.11999999999999,0.0024,123.11999999999999,0
5138995,"ילין לפידות מחקה quabify אג""ח לפדיון 2027 מאוזן","אג""ח חברות שקלי וצמוד",,"אג""ח בארץ- חברות והמרה",2026-03-31,6980000.0,ילין לפידות,,True,False,0.0024,0.0,167.51999999999998,0.0024,167.51999999999998,0
5139001,"ילין לפידות מחקה quabify אג""ח לפדיון 2028 מאוזן","אג""ח חברות שקלי וצמוד",,"אג""ח בארץ- חברות והמרה",2026-03-31,29610000.0,ילין לפידות,,True,False,0.0024,0.0,710.6399999999999,0.0024,710.6399999999999,0
5139019,"ילין לפידות מחקה quabify אג""ח לפדיון 2029 מאוזן","אג""ח חברות שקלי וצמוד",,"אג""ח בארץ- חברות והמרה",2026-03-31,17820000.0,ילין לפידות,,True,False,0.0024,0.0,427.67999999999995,0.0024,427.67999999999995,0
5139027,MTF מחקה אינדקס בנייה ישראל - פקטור מינוף פיננסי נמוך,"נדל""ן ובנייה",,מניות בארץ,2026-03-31,45310000.0,מגדל,,True,False,0.0,0.0,0.0,0.0,0.0,0
5139035,"דיאמונד עוקבת תיק מניות חו""ל - הבנק הבינלאומי","מניות כללי בחו""ל חשופת מט""ח",,"מניות בחו""ל",2026-03-31,4090000.0,איילון,דיאמונד,False,False,0.0125,0.0,511.25,0.0125,511.25,0
5139050,קסם KTF אינדקס Bullet מדינת ישראל דולר 2030,"ממשלתיות חשופת מט""ח - בינוני",,"אג""ח בחו""ל",2026-03-31,57390000.0,קסם,,True,False,0.0025,0.0,1434.75,0.0025,1434.75,0
5139068,"MTF מחקה משולבת Russell 2000 (70%) S&P 500 (30%) חודשי מנוטרלת מט""ח","מניות בחו""ל קרן משולבת",,"מניות בחו""ל",2026-03-31,12230000.0,מגדל,,True,False,0.0,0.0,0.0,0.0,0.0,0
5139076,איילון כספית דולרית - נקובה דולר,"נקובת מט""ח",,קרן כספית,2026-03-31,335840000.0,איילון,,False,False,0.0012,0.0,4030.0799999999995,0.0012,4030.0799999999995,1
5139084,תכלית TTF אינדקס תעשיות ביטחוניות גלובלי Top30 EW,Aerospace & Defense,,"מניות בחו""ל",2026-03-31,220000000.0,מיטב,,True,False,0.0045000000000000005,0.0,9900.0,0.0045000000000000005,9900.0,0
5139092,תכלית EURO STOXX 50 TTF,אירופה- כללי,,"מניות בחו""ל",2026-03-31,17460000.0,מיטב,,True,False,0.0025,0.0,436.5,0.0025,436.5,0
5139100,אלטשולר שחם מחקה S&P 500,אמריקה- שווקים מפותחים,,"מניות בחו""ל",2026-03-31,43880000.0,אלטשולר שחם,,True,False,0.0,0.0,0.0,0.0,0.0,0
5139118,אלטשולר שחם מחקה אינדקס שקלי A-AAA פיזור רחב,בריבית קבועה,,"אג""ח בארץ- חברות והמרה",2026-03-31,5880000.0,אלטשולר שחם,,True,False,0.0015,0.0,88.2,0.0015,88.2,0
5139126,"אלטשולר שחם מחקה (!) אינדקס אג""ח עד A פיזור רחב",חברות והמרה בסיכון גבוה,,"אג""ח בארץ- חברות והמרה",2026-03-31,8880000.0,אלטשולר שחם,,True,False,0.0015,0.0,133.20000000000002,0.0015,133.20000000000002,0
5139134,אלטשולר שחם מחקה אינדקס צמוד A-AAA פיזור רחב,בריבית קבועה,,"אג""ח בארץ- חברות והמרה",2026-03-31,20330000.0,אלטשולר שחם,,True,False,0.0015,0.0,304.95,0.0015,304.95,0
5139142,אי בי אי מחקה אינדקס מדינת ישראל דולר 1-5,"ממשלתיות חשופת מט""ח - בינוני",,"אג""ח בחו""ל",2026-03-31,56670000.0,אי.בי.אי,,True,False,0.0025,0.0,1416.75,0.0025,1416.75,0
5139159,אי בי אי מחקה אינדקס מדינת ישראל דולר 5-10,"ממשלתיות חשופת מט""ח - ארוך",,"אג""ח בחו""ל",2026-03-31,74870000.0,אי.בי.אי,,True,False,0.0025,0.0,1871.75,0.0025,1871.75,0
5139167,MTF מחקה תל בונד - שקלי A,בריבית קבועה,,"אג""ח בארץ- חברות והמרה",2026-03-31,40650000.0,מגדל,,True,False,0.0,0.0,0.0,0.0,0.0,0
5139175,ATF מחקה אינדקס בנקים ישראל,בנקאות ואשראי חוץ בנקאי,,מניות בארץ,2026-03-31,261310000.0,אנליסט,,True,False,0.0045000000000000005,0.0,11758.95,0.0045000000000000005,11758.95,0
5139183,מגדל מניות בנקים,מניות לפי ענפים,,מניות בארץ,2026-03-31,114350000.0,מגדל,,False,False,0.0049,0.0,5603.15,0.0049,5603.15,0
5139191,TTF משולבת מניות ישראל חודשי,מניות בארץ קרן משולבת,,מניות בארץ,2026-03-31,75700000.0,מיטב,,True,False,0.0,0.0,0.0,0.0,0.0,0
5139209,ברק מניות ישראל,מניות All Cap,,מניות בארץ,2026-03-31,2870000.0,ברק,,False,False,0.018000000000000002,0.0,516.6,0.018000000000000002,516.6,0
5139217,"ברק מניות חו""ל","מניות כללי בחו""ל חשופת מט""ח",,"מניות בחו""ל",2026-03-31,1360000.0,ברק,,False,False,0.018000000000000002,0.0,244.8,0.018000000000000002,244.8,0
5139233,"קסם KTF ת""א-125 ערך",Large & Mid Cap,,מניות בארץ,2026-03-31,147660000.0,קסם,,True,False,0.004,0.0,5906.400000000001,0.004,5906.400000000001,0
5139241,קסם KTF אינדקס Bullet ישראל AA ומעלה 2028,"אג""ח חברות שקלי וצמוד",,"אג""ח בארץ- חברות והמרה",2026-03-31,32150000.0,קסם,,True,False,0.0025,0.0,803.75,0.0025,803.75,0
5139258,ילין לפידות כספית ניהול נזילות,כספית שקלית עם קונצרני,,קרן כספית,2026-03-31,10206170000.0,ילין לפידות,,False,False,0.0019,0.0,193917.23,0.0019,193917.23,1
5139274,MTF מחקה Europe Top20 iNDEX מנוטרלת אירו,אירופה- שווקים מפותחים,,"מניות בחו""ל",2026-03-31,24000000.0,מגדל,,True,False,0.005,0.0,1200.0,0.005,1200.0,0
5139282,ילין לפידות מחקה S&P 500,אמריקה- שווקים מפותחים,,"מניות בחו""ל",2026-03-31,120450000.0,ילין לפידות,,True,False,0.0,0.0,0.0,0.0,0.0,0
5139290,"ילין לפידות מחקה S&P 500 מנוטרלת מט""ח",אמריקה- שווקים מפותחים,,"מניות בחו""ל",2026-03-31,195200000.0,ילין לפידות,,True,False,0.0,0.0,0.0,0.0,0.0,0
5139308,ילין לפידות מחקה S&P World,גלובלי- שווקים מפותחים,,"מניות בחו""ל",2026-03-31,8470000.0,ילין לפידות,,True,False,0.0,0.0,0.0,0.0,0.0,0
5139316,ילין לפידות מחקה S&P World מנוטרלת דולר,גלובלי- שווקים מפותחים,,"מניות בחו""ל",2026-03-31,9740000.0,ילין לפידות,,True,False,0.0,0.0,0.0,0.0,0.0,0
5139324,מור כספית ניהול נזילות,כספית שקלית עם קונצרני,,קרן כספית,2026-03-31,2397980000.0,מור,,False,False,0.0015,0.0,35969.700000000004,0.0015,35969.700000000004,1
5139332,מיטב מניות מומנטום,מניות All Cap,,מניות בארץ,2026-03-31,80100000.0,מיטב,,False,False,0.0105,0.0,8410.5,0.0105,8410.5,0
5139340,איילון אקסטרים בנקים פי 3,ממונפות בסיכון גבוה,,ממונפות ואסטרטגיות,2026-03-31,46820000.0,איילון,,False,False,0.018500000000000003,0.0,8661.7,0.018500000000000003,8661.7,0
5139357,"איילון אקסטרים ת""א 90 פי 3",ממונפות בסיכון גבוה,,ממונפות ואסטרטגיות,2026-03-31,12720000.0,איילון,,False,False,0.018500000000000003,0.0,2353.2000000000003,0.018500000000000003,2353.2000000000003,0
5139365,MTF מחקה (S&P Israel 100 (ILS,Large & Mid Cap,,מניות בארץ,2026-03-31,315540000.0,מגדל,,True,False,0.0,0.0,0.0,0.0,0.0,0
5139399,"מור אג""ח מדורג ללא מניות",חברות והמרה ללא מניות וללא סימן קריאה,,"אג""ח בארץ- חברות והמרה",2026-03-31,79490000.0,מור,,False,False,0.006500000000000001,0.0,5166.85,0.006500000000000001,5166.85,0
5139407,קסם KTF תל בונד 125 ערך שקלי,בריבית קבועה,,"אג""ח בארץ- חברות והמרה",2026-03-31,4200000.0,קסם,,True,False,0.0025,0.0,105.0,0.0025,105.0,0
5139415,קסם KTF תל בונד 125 ערך צמודות,בריבית קבועה,,"אג""ח בארץ- חברות והמרה",2026-03-31,2900000.0,קסם,,True,False,0.0025,0.0,72.5,0.0025,72.5,0
5139423,פינסה 30/70,"אג""ח כללי בארץ- עד 30% מניות",,"אג""ח בארץ - כללי",2026-03-31,12060000.0,סיגמא,פינסה ניהול נכסים,False,False,0.0079,0.0,952.7400000000001,0.0079,952.7400000000001,0
5139431,אי.בי.אי. מחקה תל בונד-צמודות A,בריבית קבועה,,"אג""ח בארץ- חברות והמרה",2026-03-31,38180000.0,אי.בי.אי,,True,False,0.0,0.0,0.0,0.0,0.0,0
5139449,אנליסט (!) תיק קונצרני,חברות והמרה ללא מניות עם סימן קריאה,,"אג""ח בארץ- חברות והמרה",2026-03-31,32790000.0,אנליסט,,False,False,0.0054,0.0,1770.66,0.0054,1770.66,0
5139456,"דולפין (!) אג""ח חברות",חברות והמרה ללא מניות עם סימן קריאה,,"אג""ח בארץ- חברות והמרה",2026-03-31,14290000.0,איילון,דולפין 1 השקעות,False,False,0.0079,0.0,1128.91,0.0079,1128.91,0
5139464,"הורייזן אג""ח ללא מניות","אג""ח כללי בארץ ללא מניות וללא סימן קריאה",,"אג""ח בארץ - כללי",2026-03-31,20590000.0,איילון,הורייזן,False,False,0.009000000000000001,0.0,1853.1000000000001,0.009000000000000001,1853.1000000000001,0
5139472,דולפין 30/70,"אג""ח כללי בארץ- עד 30% מניות",,"אג""ח בארץ - כללי",2026-03-31,15500000.0,איילון,דולפין 1 השקעות,False,False,0.0079,0.0,1224.5000000000002,0.0079,1224.5000000000002,0
5139480,הורייזן 10/90,"אג""ח כללי בארץ- עד 10% מניות ללא סימן קריאה",,"אג""ח בארץ - כללי",2026-03-31,9880000.0,איילון,הורייזן,False,False,0.009000000000000001,0.0,889.2,0.009000000000000001,889.2,0
5139498,"הורייזן (!) אג""ח חברות ללא מניות",חברות והמרה ללא מניות עם סימן קריאה,,"אג""ח בארץ- חברות והמרה",2026-03-31,21270000.0,איילון,הורייזן,False,False,0.009000000000000001,0.0,1914.3000000000002,0.009000000000000001,1914.3000000000002,0
5139506,קסם Cboe S&P 500 15% Buffer NOV IC KTF - מובנה שנתי,אמריקה- שווקים מפותחים,,"מניות בחו""ל",2026-03-31,3540000.0,קסם,,True,False,0.0075,0.0,265.5,0.0075,265.5,0
5139514,MTF מחקה אינדקס מדינת ישראל דולר לפדיון 2030 (מתגלגל כל 6 שנים) נקובה $,"ממשלתיות חשופת מט""ח - בינוני",,"אג""ח בחו""ל",2026-03-31,255570000.0,מגדל,,True,False,0.002,0.0,5111.400000000001,0.002,5111.400000000001,0
5139522,איביאי כספית שקלית כשרה,כספית שקלית עם קונצרני,,קרן כספית,2026-03-31,4520940000.0,אי.בי.אי,,False,False,0.00149,0.0,67362.006,0.00149,67362.006,1
5139530,"ילין לפידות מחקה quabify אג""ח לפדיון 2030 מאוזן","אג""ח חברות שקלי וצמוד",,"אג""ח בארץ- חברות והמרה",2026-03-31,39200000.0,ילין לפידות,,True,False,0.0024,0.0,940.7999999999998,0.0024,940.7999999999998,0
5139548,"ילין לפידות מחקה quabify אג""ח לפדיון 2030 שקלי",בריבית קבועה,,"אג""ח בארץ- חברות והמרה",2026-03-31,72170000.0,ילין לפידות,,True,False,0.0024,0.0,1732.0799999999997,0.0024,1732.0799999999997,0
5139555,"ילין לפידות מחקה quabify אג""ח לפדיון 2030 צמוד",בריבית קבועה,,"אג""ח בארץ- חברות והמרה",2026-03-31,37260000.0,ילין לפידות,,True,False,0.0024,0.0,894.2399999999999,0.0024,894.2399999999999,0
5139563,איביאי מחקה אינדקס מדינת ישראל דולר 1-5 נקובה $,"ממשלתיות חשופת מט""ח - בינוני",,"אג""ח בחו""ל",2026-03-31,204310000.0,אי.בי.אי,,True,False,0.0025,0.0,5107.75,0.0025,5107.75,0
5139571,הראל מחקה S&P 500 Momentum,אמריקה- שווקים מפותחים,,"מניות בחו""ל",2026-03-31,111690000.0,הראל,,True,False,0.005,0.0,5584.5,0.005,5584.5,0
5139597,"אי בי אי (!) הזדמנויות אג""ח תשואה גבוהה",חברות והמרה בסיכון גבוה,,"אג""ח בארץ- חברות והמרה",2026-03-31,37890000.0,אי.בי.אי,,False,False,0.0095,0.0,3599.5499999999997,0.0095,3599.5499999999997,0
5139605,אי בי אי מחקה MSCI AC World,"מניות גלובליות - חשופת מט""ח",,"מניות בחו""ל",2026-03-31,52930000.0,אי.בי.אי,,True,False,0.0015,0.0,793.95,0.0015,793.95,0
5139613,קסם Cboe S&P 500 15% Buffer DEC IC KTF - מובנה שנתי,אמריקה- שווקים מפותחים,,"מניות בחו""ל",2026-03-31,9020000.0,קסם,,True,False,0.0075,0.0,676.4999999999999,0.0075,676.4999999999999,0
5139621,אי בי אי תיק השקעות,"אג""ח כללי בארץ - חשיפה מרבית מעל 30% מניות",,"אג""ח בארץ - כללי",2026-03-31,133139999.99999999,אי.בי.אי,GREMMY ADVISORS,False,False,0.0089,0.0,11849.459999999997,0.0089,11849.459999999997,0
5139639,"הראל מחקה ת""א 90 ובנקים",Large & Mid Cap,,מניות בארץ,2026-03-31,344890000.0,הראל,,True,False,0.0,0.0,0.0,0.0,0.0,0
5139662,אלטשולר שחם Electrification,"מניות לפי ענפים בחו""ל",,"מניות בחו""ל",2026-03-31,322380000.0,אלטשולר שחם,,False,False,0.015,0.0,48356.99999999999,0.015,48356.99999999999,0
5139670,אנליסט מניות ערך,מניות All Cap,,מניות בארץ,2026-03-31,41160000.0,אנליסט,,False,False,0.0129,0.0,5309.639999999999,0.0129,5309.639999999999,0
5139688,"אנליסט אג""ח ללא מניות","אג""ח כללי בארץ ללא מניות וללא סימן קריאה",,"אג""ח בארץ - כללי",2026-03-31,19230000.0,אנליסט,,False,False,0.0048,0.0,923.0399999999998,0.0048,923.0399999999998,0
5139696,קסם MSCI World KTF מנוטרלת דולר,גלובלי- שווקים מפותחים,,"מניות בחו""ל",2026-03-31,154980000.0,קסם,,True,False,0.0,0.0,0.0,0.0,0.0,0
5139712,אנליסט 30/70,"אג""ח כללי בארץ- עד 30% מניות",,"אג""ח בארץ - כללי",2026-03-31,277970000.0,אנליסט,,False,False,0.0058,0.0,16122.259999999998,0.0058,16122.259999999998,0
5139720,"תכלית TTF Russel 2000 מנוטרלת מט""ח",אמריקה- שווקים מפותחים,,"מניות בחו""ל",2026-03-31,40850000.0,מיטב,,True,False,0.0,0.0,0.0,0.0,0.0,0
5139738,"קסם KTF ת""א 90 ובנקים",Large & Mid Cap,,מניות בארץ,2026-03-31,91540000.0,קסם,,True,False,0.0,0.0,0.0,0.0,0.0,0
5139753,"פורצ'ן תיק אג""ח בינלאומי עד 20% מט""ח","אג""ח מוגנת מט""ח",,"אג""ח בחו""ל",2026-03-31,316530000.0,איילון,פורצ'ן,False,False,0.009000000000000001,0.0,28487.7,0.009000000000000001,28487.7,0
5139761,"תכלית US REITs iNDEX TTF מנוטרלת מט""ח",REIT - Real Estate,,"מניות בחו""ל",2026-03-31,8430000.0,מיטב,,True,False,0.0034999999999999996,0.0,295.04999999999995,0.0034999999999999996,295.04999999999995,0
5139779,"תכלית TTF אינדקס צמוד 1-3 פקטור מרווח מאג""ח ממשלתי",בריבית קבועה - קצר,,"אג""ח בארץ- חברות והמרה",2026-03-31,7470000.0,מיטב,,True,False,0.0015,0.0,112.05,0.0015,112.05,0
5139787,תכלית CME CF Bitcoin Reference Rate (BRRNY) TTF,Bitcoin,,נכסים דיגיטליים,2026-03-31,68650000.0,מיטב,,True,False,0.002,0.0,1373.0,0.002,1373.0,0
5139811,אלטשולר שחם מחקה Nasdaq 100,אמריקה- שווקים מפותחים,,"מניות בחו""ל",2026-03-31,37700000.0,אלטשולר שחם,,True,False,0.0,0.0,0.0,0.0,0.0,0
5139829,"ברק אולטרה ת""א 90 פי 3",ממונפות בסיכון גבוה,,ממונפות ואסטרטגיות,2026-03-31,28300000.0,ברק,,False,False,0.018000000000000002,0.0,5094.0,0.018000000000000002,5094.0,0
5139837,הראל מחקה Russell 2000,אמריקה- שווקים מפותחים,,"מניות בחו""ל",2026-03-31,11190000.0,הראל,,True,False,0.0,0.0,0.0,0.0,0.0,0
5139845,איילון חשיפה לביטקוין,Bitcoin,,נכסים דיגיטליים,2026-03-31,18460000.0,איילון,,False,False,0.006500000000000001,0.0,1199.9,0.006500000000000001,1199.9,0
5139852,"תכלית TTF ת""א 90 ובנקים",Large & Mid Cap,,מניות בארץ,2026-03-31,55920000.0,מיטב,,True,False,0.0,0.0,0.0,0.0,0.0,0
5139860,מיטב בנקים פי 3,ממונפות בסיכון גבוה,,ממונפות ואסטרטגיות,2026-03-31,68600000.0,מיטב,,False,False,0.015,0.0,10290.0,0.015,10290.0,0
5139878,קסם CME CF Bitcoin Reference Rate (BRRNY) KTF,Bitcoin,,נכסים דיגיטליים,2026-03-31,25560000.0,קסם,,True,False,0.002,0.0,511.20000000000005,0.002,511.20000000000005,0
5139886,MTF מחקה Indxx Bitcoin Reference,Bitcoin,,נכסים דיגיטליים,2026-03-31,23420000.0,מגדל,,True,False,0.0,0.0,0.0,0.0,0.0,0
5139894,קסם BlueStar Data Center and Logistics Real Estate KTF,REIT - Real Estate,,"מניות בחו""ל",2026-03-31,5740000.0,קסם,,True,False,0.008,0.0,459.20000000000005,0.008,459.20000000000005,0
5139902,קסם S&P/TSX 60 KTF,אמריקה- שווקים מפותחים,,"מניות בחו""ל",2026-03-31,12610000.0,קסם,,True,False,0.006,0.0,756.6,0.006,756.6,0
5139910,אי בי אי מחקה S&P Bitcoin,Bitcoin,,נכסים דיגיטליים,2026-03-31,40510000.0,אי.בי.אי,,True,False,0.002,0.0,810.2,0.002,810.2,0
5139928,מור מחקה S&P Bitcoin Futures Daily Roll Index,Bitcoin,,נכסים דיגיטליים,2026-03-31,8470000.0,מור,,True,False,0.002,0.0,169.4,0.002,169.4,0
5139936,"ATF מחקה ת""א-20",Large Cap,,מניות בארץ,2026-03-31,8230000.0,אנליסט,,True,False,0.002,0.0,164.60000000000002,0.002,164.60000000000002,0
5139944,"ATF מחקה ת""א-50 ריאלי",Large & Mid Cap,,מניות בארץ,2026-03-31,7180000.0,אנליסט,,True,False,0.002,0.0,143.60000000000002,0.002,143.60000000000002,0
5139951,"ATF מחקה ת""א-200",All Cap,,מניות בארץ,2026-03-31,54510000.0,אנליסט,,True,False,0.002,0.0,1090.2,0.002,1090.2,0
5139969,DCMS תיק השקעות גלובלי עד 30% מניות,"אג""ח חשופת מט""ח",,"אג""ח בחו""ל",2026-03-31,15590000.0,איילון,דימונד קפיטל,False,False,0.009000000000000001,0.0,1403.1000000000001,0.009000000000000001,1403.1000000000001,0
5139977,קסם Cboe S&P 500 15% Buffer FEB IC KTF - מובנה שנתי,אמריקה- שווקים מפותחים,,"מניות בחו""ל",2026-03-31,6150000.0,קסם,,True,False,0.0075,0.0,461.24999999999994,0.0075,461.24999999999994,0
5139985,הראל מחקה (!) תל בונד - תשואות צמודות,בריבית קבועה,,"אג""ח בארץ- חברות והמרה",2026-03-31,19520000.0,הראל,,True,False,0.0,0.0,0.0,0.0,0.0,0
5140009,"הראל מחקה ת""א- ביטוח",ביטוח,,מניות בארץ,2026-03-31,148350000.0,הראל,,True,False,0.0,0.0,0.0,0.0,0.0,0
5140025,תכלית TTFי משולבת מניות מקומיות חודשי,מניות בארץ קרן משולבת,,מניות בארץ,2026-03-31,25550000.0,מיטב,,True,False,0.0,0.0,0.0,0.0,0.0,0
5140033,אקורד מניות,מניות All Cap,,מניות בארץ,2026-03-31,7450000.0,איילון,אקורד ניהול השקעות,False,False,0.014499999999999999,0.0,1080.25,0.014499999999999999,1080.25,0
5140041,מגדל מניות שבבים גלובלי,"מניות לפי ענפים בחו""ל",,"מניות בחו""ל",2026-03-31,10120000.0,מגדל,,False,False,0.005,0.0,506.0,0.005,506.0,0
5140058,קסם KTF תל בונד צמודות 1-3,בריבית קבועה - קצר,,"אג""ח בארץ- חברות והמרה",2026-03-31,119240000.0,קסם,,True,False,0.0,0.0,0.0,0.0,0.0,0
5140066,"אי בי אי מחקה אינדקס נדל""ן למגורים בישראל","נדל""ן ובנייה",,מניות בארץ,2026-03-31,15730000.0,אי.בי.אי,,True,False,0.0,0.0,0.0,0.0,0.0,0
5140116,ATF מחקה תל בונד-צמודות A,בריבית קבועה,,"אג""ח בארץ- חברות והמרה",2026-03-31,6630000.0,אנליסט,,True,False,0.0,0.0,0.0,0.0,0.0,0
5140124,ATF מחקה (!) תל בונד-תשואות צמודות,בריבית קבועה,,"אג""ח בארץ- חברות והמרה",2026-03-31,45170000.0,אנליסט,,True,False,0.0,0.0,0.0,0.0,0.0,0
5140132,"הראל מחקה S&P 500 Momentum מנוטרלת מט""ח",אמריקה- שווקים מפותחים,,"מניות בחו""ל",2026-03-31,104470000.0,הראל,,True,False,0.005,0.0,5223.5,0.005,5223.5,0
5140140,MTF מחקה World Top 100 iNDEX מנוטרלת דולר,"מניות גלובליות - מנוטרלת מט""ח",,"מניות בחו""ל",2026-03-31,13220000.0,מגדל,,True,False,0.0,0.0,0.0,0.0,0.0,0
5140157,"MTF מחקה ת""א 90 ובנקים",Large & Mid Cap,,מניות בארץ,2026-03-31,10550000.0,מגדל,,True,False,0.0,0.0,0.0,0.0,0.0,0
5140165,MTF מחקה MSCI World מנוטרלת דולר,גלובלי- שווקים מפותחים,,"מניות בחו""ל",2026-03-31,80830000.0,מגדל,,True,False,0.0,0.0,0.0,0.0,0.0,0
5140199,MTF מחקה אינדקס כלכלת ישראל 125,Large & Mid Cap,,מניות בארץ,2026-03-31,124180000.0,מגדל,,True,False,0.0,0.0,0.0,0.0,0.0,0
5140207,"MTF מחקה Indxx US 2000 Profitability מנוטרלת מט""ח",אמריקה- שווקים מפותחים,,"מניות בחו""ל",2026-03-31,15510000.0,מגדל,,True,False,0.005,0.0,775.5,0.005,775.5,0
5140215,"MTF מחקה Bloomberg New Constructs Core Earnings Leaders מנוטרלת מט""ח",אמריקה- שווקים מפותחים,,"מניות בחו""ל",2026-03-31,35890000.0,מגדל,,True,False,0.008,0.0,2871.2000000000003,0.008,2871.2000000000003,0
5140223,אלטשולר שחם מחקה A.B US Top Tech Ex Top 5,Technology,,"מניות בחו""ל",2026-03-31,870000.0,אלטשולר שחם,,True,False,0.005,0.0,43.5,0.005,43.5,0
5140231,תכלית TTF (!) תל-בונד בולט 2029 שקלי,בריבית קבועה,,"אג""ח בארץ- חברות והמרה",2026-03-31,11700000.0,מיטב,,True,False,0.0015,0.0,175.5,0.0015,175.5,0
5140249,תכלית TTF תל-בונד בולט 10/2028 צמוד,בריבית קבועה,,"אג""ח בארץ- חברות והמרה",2026-03-31,7850000.0,מיטב,,True,False,0.0015,0.0,117.75,0.0015,117.75,0
5140256,תכלית TTF (!) תל-בונד בולט 2029 ישראל,"אג""ח חברות שקלי וצמוד",,"אג""ח בארץ- חברות והמרה",2026-03-31,10880000.0,מיטב,,True,False,0.002,0.0,217.60000000000002,0.002,217.60000000000002,0
5140272,"ילין לפידות מחקה S&P 500 Market Leaders מנוטרלת מט""ח",אמריקה- שווקים מפותחים,,"מניות בחו""ל",2026-03-31,11110000.0,ילין לפידות,,True,False,0.0049,0.0,544.39,0.0049,544.39,0
5140280,ילין לפידות מחקה S&P 500 Market Leaders,אמריקה- שווקים מפותחים,,"מניות בחו""ל",2026-03-31,4840000.0,ילין לפידות,,True,False,0.0049,0.0,237.16,0.0049,237.16,0
5140298,אי בי אי מחקה Indxx Nuclear Energy Industry מנוטרלת דולר,Alternative / Renewable Energy,,"מניות בחו""ל",2026-03-31,277800000.0,אי.בי.אי,,True,False,0.006500000000000001,0.0,18057.000000000004,0.006500000000000001,18057.000000000004,0
5140306,"אי בי אי מחקה ת""א-90 ו- CAP 0.8% SME60",Mid  & Small Cap,,מניות בארץ,2026-03-31,12470000.0,אי.בי.אי,,True,False,0.0,0.0,0.0,0.0,0.0,0
5140314,אי בי אי מחקה תל גוב-שקלי,ריבית קבועה,,"אג""ח בארץ- מדינה",2026-03-31,18360000.0,אי.בי.אי,,True,False,0.0,0.0,0.0,0.0,0.0,0
5140322,אי בי אי מחקה תל גוב-צמודות,צמודות מדד ממשלתיות - אחר,,"אג""ח בארץ- מדינה",2026-03-31,15500000.0,אי.בי.אי,,True,False,0.001,0.0,155.0,0.001,155.0,0
5140330,אי בי אי מחקה תל גוב-לא צמודות,שקליות ממשלתיות -  אחר,,"אג""ח בארץ- מדינה",2026-03-31,22220000.0,אי.בי.אי,,True,False,0.0015,0.0,333.3,0.0015,333.3,0
5140348,מיטב 15/85 מודל ESG,"אג""ח כללי בארץ- עד 15% מניות",,"אג""ח בארץ - כללי",2026-03-31,5050000.0,מיטב,,False,False,0.006500000000000001,0.0,328.25000000000006,0.006500000000000001,328.25000000000006,0
5140355,"מיטב אג""ח מודל ESG","אג""ח כללי בארץ ללא מניות וללא סימן קריאה",,"אג""ח בארץ - כללי",2026-03-31,9170000.0,מיטב,,False,False,0.0059,0.0,541.03,0.0059,541.03,0
5140363,"קסם TipRanks US Momentum Analysts iNDEX KTF מנוטרלת מט""ח",אמריקה- שווקים מפותחים,,"מניות בחו""ל",2026-03-31,20700000.0,קסם,,True,False,0.006999999999999999,0.0,1448.9999999999998,0.006999999999999999,1448.9999999999998,0
5140371,אביב 10/90 תיק מודל ESG כשרה,"אג""ח כללי בארץ- עד 10% מניות ללא סימן קריאה",,"אג""ח בארץ - כללי",2026-03-31,27500000.0,איילון,אביב בית השקעות,False,False,0.0087,0.0,2392.5,0.0087,2392.5,0
5140397,MTF מחקה אינדקס כלכלת ישראל 90,Mid Cap,,מניות בארץ,2026-03-31,6350000.0,מגדל,,True,False,0.0,0.0,0.0,0.0,0.0,0
5140413,אנליסט כספית חיסכון,כספית שקלית עם קונצרני,,קרן כספית,2026-03-31,1333860000.0,אנליסט,,False,False,0.0012,0.0,16006.319999999998,0.0012,16006.319999999998,1
5140439,MTF מחקה Indxx Top 10 Europe Defense מנוטרלת אירו,Aerospace & Defense,,"מניות בחו""ל",2026-03-31,37850000.0,מגדל,,True,False,0.004,0.0,1514.0000000000002,0.004,1514.0000000000002,0
5140447,"MTF מחקה ת""א - ביטוח",ביטוח,,מניות בארץ,2026-03-31,152900000.0,מגדל,,True,False,0.0,0.0,0.0,0.0,0.0,0
5140454,תכלית CME CF Ethereum Reference Rate (ETHUSDNY) TTF,Ethereum,,נכסים דיגיטליים,2026-03-31,23630000.0,מיטב,,True,False,0.005,0.0,1181.5,0.005,1181.5,0
5140462,אי בי אי מדורגות A ומעלה,"אג""ח כללי בארץ ללא מניות וללא סימן קריאה, עם מגבלת מח""מ עד 5 שנים",,"אג""ח בארץ - כללי",2026-03-31,900000.0,אי.בי.אי,,False,False,0.005,0.0,45.0,0.005,45.0,0
5140470,"אקורד אג""ח ללא מניות","אג""ח כללי בארץ ללא מניות וללא סימן קריאה",,"אג""ח בארץ - כללי",2026-03-31,10900000.0,איילון,אקורד ניהול השקעות,False,False,0.0075,0.0,817.4999999999999,0.0075,817.4999999999999,0
5140496,דולפין תיק השקעות גמיש,גמישות,,גמישות,2026-03-31,12680000.0,איילון,דולפין 1 השקעות,False,False,0.012,0.0,1521.6000000000001,0.012,1521.6000000000001,0
5140504,"מיטב ת""א 125 מומנטום",מניות Large & Mid Cap,,מניות בארץ,2026-03-31,74190000.0,מיטב,,False,False,0.0105,0.0,7789.950000000001,0.0105,7789.950000000001,0
5140512,"קסם KTF (!) אינדקס אג""ח תשואות 100",חברות והמרה בסיכון גבוה,,"אג""ח בארץ- חברות והמרה",2026-03-31,89510000.0,קסם,,True,False,0.0022,0.0,1969.2200000000003,0.0022,1969.2200000000003,0
5140520,קסם KTF (!) אינדקס Bullet ישראל 2032,"אג""ח חברות שקלי וצמוד",,"אג""ח בארץ- חברות והמרה",2026-03-31,131460000.00000001,קסם,,True,False,0.0022,0.0,2892.120000000001,0.0022,2892.120000000001,0
5140538,קסם KTF (!) אינדקס Bullet שקלי 2031,בריבית קבועה,,"אג""ח בארץ- חברות והמרה",2026-03-31,40020000.0,קסם,,True,False,0.0022,0.0,880.4400000000002,0.0022,880.4400000000002,0
5140546,"אלטשולר שחם מחקה S&P 500 מנוטרלת מט""ח",אמריקה- שווקים מפותחים,,"מניות בחו""ל",2026-03-31,51100000.0,אלטשולר שחם,,True,False,0.0,0.0,0.0,0.0,0.0,0
5140553,פסטרנק שהם 25/75,"אג""ח כללי בארץ- עד 25% מניות",,"אג""ח בארץ - כללי",2026-03-31,14080000.0,איילון,פסטרנק שהם,False,False,0.0059,0.0,830.7199999999999,0.0059,830.7199999999999,0
5140561,"הראל מחקה אינדקס תעשיות ביטחוניות ארה""ב וישראל מנוטרלת מט""ח",Aerospace & Defense,,"מניות בחו""ל",2026-03-31,140330000.0,הראל,,True,False,0.005,0.0,7016.5,0.005,7016.5,0
5140579,אקהאוס מניות ישראל,מניות All Cap,,מניות בארץ,2026-03-31,35170000.0,איילון,אקהאוס קפיטל,False,False,0.017,0.0,5978.900000000001,0.017,5978.900000000001,0
5140587,"איילון זבולון מניות חו""ל - נקובת דולר","מניות בחו""ל נקובת מט""ח",,"מניות בחו""ל",2026-03-31,74330000.0,איילון,זבולון שרותי מחקר,False,False,0.0175,0.0,13007.750000000002,0.0175,13007.750000000002,0
5140595,"MTF מחקה ת""א-נפט וגז","נפט, גז ואנרגיה",,מניות בארץ,2026-03-31,79630000.0,מגדל,,True,False,0.0,0.0,0.0,0.0,0.0,0
5140603,"קסם אקטיב מניות ארה""ב שריעה","ארה""ב חשופת מט""ח",,"מניות בחו""ל",2026-03-31,1760000.0,קסם,,False,False,0.015,0.0,264.0,0.015,264.0,0
5140611,אי בי אי קונצרני מדורג,חברות והמרה ללא מניות וללא סימן קריאה,,"אג""ח בארץ- חברות והמרה",2026-03-31,3430000.0,אי.בי.אי,,False,False,0.005,0.0,171.5,0.005,171.5,0
5140629,"הראל מחקה אינדקס תשתיות ובינוי ארה""ב וישראל",שילוב ענפים,,"מניות בחו""ל",2026-03-31,9770000.0,הראל,,True,False,0.004,0.0,390.8,0.004,390.8,0
5140637,"תכלית US Capital Markets iNDEX TTF מנוטרלת מט""ח",Financial,,"מניות בחו""ל",2026-03-31,15850000.0,מיטב,,True,False,0.005,0.0,792.5,0.005,792.5,0
5140645,אלטשולר שחם מחקה A.B US Tech Ex Top 30,Technology,,"מניות בחו""ל",2026-03-31,170000.0,אלטשולר שחם,,True,False,0.008,0.0,13.600000000000001,0.008,13.600000000000001,0
5140652,אלטשולר שחם מחקה אינדקס AAA שקלי,"אג""ח בארץ כללי",,"אג""ח בארץ כללי",2026-03-31,4230000.0,אלטשולר שחם,,True,False,0.0015,0.0,63.45,0.0015,63.45,0
5140660,אלטשולר שחם מחקה אינדקס חברות ניהול השקעות ומסחר בישראל,פיננסים,,מניות בארץ,2026-03-31,32150000.0,אלטשולר שחם,,True,False,0.005,0.0,1607.5,0.005,1607.5,0
5140678,ילין לפידות מחקה S&P 500 Market Leaders נקובה $,אמריקה- שווקים מפותחים,,"מניות בחו""ל",2026-03-31,8210000.000000001,ילין לפידות,,True,False,0.006999999999999999,0.0,574.7,0.006999999999999999,574.7,0
5140686,אנליסט מניות ממונפת,ממונפות בסיכון גבוה,,ממונפות ואסטרטגיות,2026-03-31,860000.0,אנליסט,,False,False,0.0375,0.0,322.5,0.0375,322.5,0
5140694,פרופאונד מניות Large & Mid Cap ישראל,מניות Large & Mid Cap,,מניות בארץ,2026-03-31,36700000.0,איילון,פרופאונד,False,False,0.01,0.0,3670.0,0.01,3670.0,0
5140702,"מור אג""ח חברות + 20%",חברות והמרה עם מניות ללא סימן קריאה,,"אג""ח בארץ- חברות והמרה",2026-03-31,88710000.0,מור,,False,False,0.0079,0.0,7008.090000000001,0.0079,7008.090000000001,0
5140710,"הראל מחקה ת""א SME60 מודל רווחיות משקל שווה",Mid  & Small Cap,,מניות בארץ,2026-03-31,4420000.0,הראל,,True,False,0.004,0.0,176.8,0.004,176.8,0
5140728,"הראל מחקה ת""א-90 מודל רווחיות משקל שווה",Mid Cap,,מניות בארץ,2026-03-31,710000.0,הראל,,True,False,0.004,0.0,28.400000000000002,0.004,28.400000000000002,0
5140736,תכלית TTF אינדקס 150 Cap Mid-Small ישראל,Mid  & Small Cap,,מניות בארץ,2026-03-31,7130000.0,מיטב,,True,False,0.0025,0.0,178.25,0.0025,178.25,0
5140751,אי בי אי ויינשטיין אגד ישראלי,אגד ישראלי,,אגד קרנות,2026-03-31,11250000.0,אי.בי.אי,GREMMY ADVISORS,False,False,0.0,0.0,0.0,0.0,0.0,0
5140769,אי בי אי מחקה S&P 500 Equal Weight,אמריקה- שווקים מפותחים,,"מניות בחו""ל",2026-03-31,35980000.0,אי.בי.אי,,True,False,0.0,0.0,0.0,0.0,0.0,0
5140777,קסם KTF אינדקס Bullet דולר 2030 - גלובלי נקובה $,"חברות והמרה חשופת מט""ח",,"אג""ח בחו""ל",2026-03-31,8880000.0,קסם,,True,False,0.004,0.0,355.20000000000005,0.004,355.20000000000005,0
5140785,מגדל כספית שקלית ללא קונצרני,כספית שקלית ללא קונצרני,,קרן כספית,2026-03-31,2839770000.0,מגדל,,False,False,0.0006,0.0,17038.62,0.0006,17038.62,1
5140793,קסם Cboe S&P 500 15% Buffer JUL IC KTF - מובנה שנתי,אמריקה- שווקים מפותחים,,"מניות בחו""ל",2026-03-31,2230000.0,קסם,,True,False,0.0075,0.0,167.24999999999997,0.0075,167.24999999999997,0
5140801,ברק אולטרה זהב פי 3,ממונפות בסיכון גבוה,,ממונפות ואסטרטגיות,2026-03-31,19180000.0,ברק,,False,False,0.018000000000000002,0.0,3452.4,0.018000000000000002,3452.4,0
5140819,"ברק אג""ח ללא מניות","אג""ח כללי בארץ ללא מניות וללא סימן קריאה",,"אג""ח בארץ - כללי",2026-03-31,1110000.0,ברק,,False,False,0.008,0.0,88.80000000000001,0.008,88.80000000000001,0
5140827,"אי בי אי מחקה ת""א-נפט וגז","נפט, גז ואנרגיה",,מניות בארץ,2026-03-31,39210000.0,אי.בי.אי,,True,False,0.0,0.0,0.0,0.0,0.0,0
5140835,"אילים אג""ח מדורגות",חברות והמרה ללא מניות וללא סימן קריאה,,"אג""ח בארץ- חברות והמרה",2026-03-31,990000.0,אילים,,False,False,0.0059,0.0,58.41,0.0059,58.41,0
5140843,אי בי אי מחקה MarketVector Global Defense,Aerospace & Defense,,"מניות בחו""ל",2026-03-31,62800000.0,אי.בי.אי,,True,False,0.0,0.0,0.0,0.0,0.0,0
5140850,MTF מחקה S&P 500 Momentum,אמריקה- שווקים מפותחים,,"מניות בחו""ל",2026-03-31,10130000.0,מגדל,,True,False,0.0025,0.0,253.25,0.0025,253.25,0
5140868,MTF מחקה (!) אינדקס 0-3 שקלי עד A,בריבית קבועה - קצר,,"אג""ח בארץ- חברות והמרה",2026-03-31,7590000.0,מגדל,,True,False,0.0,0.0,0.0,0.0,0.0,0
5140884,"MTF מחקה Bluestar TOP 10 US Listed Alternative Asset Managers מנוטרלת מט""ח",Financial,,"מניות בחו""ל",2026-03-31,2300000.0,מגדל,,True,False,0.005,0.0,115.0,0.005,115.0,0
5140892,"MTF מחקה ת""א - נדל""ן","נדל""ן ובנייה",,מניות בארץ,2026-03-31,54820000.0,מגדל,,True,False,0.0,0.0,0.0,0.0,0.0,0
5140900,"MTF מחקה אינדקס מדינת ישראל - מח""מ 10 קבוע שקלי",ריבית קבועה - ארוך,,"אג""ח בארץ- מדינה",2026-03-31,55890000.0,מגדל,,True,False,0.0,0.0,0.0,0.0,0.0,0
5140918,אלטשולר שחם כספית ניהול נזילות,כספית שקלית עם קונצרני,,קרן כספית,2026-03-31,8539200000.000001,אלטשולר שחם,,False,False,0.0006,0.0,51235.2,0.0006,51235.2,1
5140926,הראל מחקה אינדקס תעשיות ביטחוניות אירופה Top10,Aerospace & Defense,,"מניות בחו""ל",2026-03-31,9200000.0,הראל,,True,False,0.004,0.0,368.00000000000006,0.004,368.00000000000006,0
5140942,דולפין (!) Israeli global bond נקובה $,"אג""ח נקובת מט""ח",,"אג""ח בחו""ל",2026-03-31,270640000.0,איילון,דולפין 1 השקעות,False,False,0.0069,0.0,18674.16,0.0069,18674.16,0
5140959,אלטשולר שחם מחקה A.B TLV-NY Israel Top 25,אחר,,מניות בארץ,2026-03-31,340000.0,אלטשולר שחם,,True,False,0.008,0.0,27.200000000000003,0.008,27.200000000000003,0
5140967,קסם KTF אינדקס תשתיות ובינוי אירופה מנוטרלת אירו,REIT - Real Estate,,"מניות בחו""ל",2026-03-31,22640000.0,קסם,,True,False,0.006999999999999999,0.0,1584.8,0.006999999999999999,1584.8,0
5140975,תכלית TTF אינדקס תשתיות חיוניות ובנייה בישראל,שילוב ענפים,,מניות בארץ,2026-03-31,31030000.0,מיטב,,True,False,0.004,0.0,1241.2,0.004,1241.2,0
5140983,איילון מניות ביטוח,מניות לפי ענפים,,מניות בארץ,2026-03-31,12570000.0,איילון,,False,False,0.0059,0.0,741.63,0.0059,741.63,0
5140991,הראל מחקה אינדקס לפדיון 2029 (מתגלגל כל 4 שנים),"אג""ח חברות שקלי וצמוד",,"אג""ח בארץ- חברות והמרה",2026-03-31,24020000.0,הראל,,True,False,0.0015,0.0,360.3,0.0015,360.3,0
5141007,MTF מחקה Bloomberg US Analyst Recommendations נקובה $,אמריקה- שווקים מפותחים,,"מניות בחו""ל",2026-03-31,2900000.0,מגדל,,True,False,0.008,0.0,232.00000000000003,0.008,232.00000000000003,0
5141031,"אי בי אי מחקה אינדקס ת""א Small Cap 60 רווחיות",Small Cap,,מניות בארץ,2026-03-31,11940000.0,אי.בי.אי,,True,False,0.0025,0.0,298.5,0.0025,298.5,0
5141049,"פרופאונד (!) תיק אג""ח + 10%","אג""ח כללי בארץ- עד 10% מניות ועם סימן קריאה",,"אג""ח בארץ - כללי",2026-03-31,18170000.0,איילון,פרופאונד,False,False,0.0069,0.0,1253.73,0.0069,1253.73,0
5141056,"אלטשולר שחם מחקה ת""א 90",Mid Cap,,מניות בארץ,2026-03-31,9150000.0,אלטשולר שחם,,True,False,0.0,0.0,0.0,0.0,0.0,0
5141064,אלטשולר שחם מחקה תל בונד-צמודות 1-3,בריבית קבועה - קצר,,"אג""ח בארץ- חברות והמרה",2026-03-31,6390000.0,אלטשולר שחם,,True,False,0.0,0.0,0.0,0.0,0.0,0
5141072,MTF מחקה אינדקס פיננסים ישראל Top15,פיננסים,,מניות בארץ,2026-03-31,31470000.0,מגדל,,True,False,0.004,0.0,1258.8000000000002,0.004,1258.8000000000002,0
5141080,קסם אקטיב סוקוק חשופת דולר - שריעה,"אג""ח חשופת דולר",,"אג""ח בחו""ל",2026-03-31,5450000.0,קסם,,False,False,0.006999999999999999,0.0,381.49999999999994,0.006999999999999999,381.49999999999994,0
5141098,דולפין כספית שקלית,כספית שקלית עם קונצרני,,קרן כספית,2026-03-31,258339999.99999997,איילון,דולפין 1 השקעות,False,False,0.0009,0.0,2325.06,0.0009,2325.06,1
5141106,אי בי אי מדינה + 20%,"אג""ח מדינה כללי- עד 20% מניות",,"אג""ח בארץ- מדינה",2026-03-31,17490000.0,אי.בי.אי,,False,False,0.006,0.0,1049.4,0.006,1049.4,0
5141114,"MTF מחקה S&P 500 Momentum מנוטרלת מט""ח",אמריקה- שווקים מפותחים,,"מניות בחו""ל",2026-03-31,7430000.0,מגדל,,True,False,0.0025,0.0,185.75,0.0025,185.75,0
5141122,"ילין לפידות מחקה quabify אג""ח לפדיון 2031 צמוד",בריבית קבועה,,"אג""ח בארץ- חברות והמרה",2026-03-31,44250000.0,ילין לפידות,,True,False,0.0024,0.0,1061.9999999999998,0.0024,1061.9999999999998,0
5141130,"ילין לפידות מחקה quabify אג""ח לפדיון 2031 שקלי",בריבית קבועה,,"אג""ח בארץ- חברות והמרה",2026-03-31,12860000.0,ילין לפידות,,True,False,0.0024,0.0,308.64,0.0024,308.64,0
5141148,"ילין לפידות מחקה quabify אג""ח לפדיון 2031 מאוזן","אג""ח חברות שקלי וצמוד",,"אג""ח בארץ- חברות והמרה",2026-03-31,4270000.0,ילין לפידות,,True,False,0.0024,0.0,102.47999999999999,0.0024,102.47999999999999,0
5141155,"ילין לפידות מחקה quabify אג""ח לפדיון 2032 מאוזן","אג""ח חברות שקלי וצמוד",,"אג""ח בארץ- חברות והמרה",2026-03-31,6400000.0,ילין לפידות,,True,False,0.0024,0.0,153.6,0.0024,153.6,0
5141163,"ילין לפידות מחקה quabify אג""ח לפדיון 2032 שקלי",בריבית קבועה,,"אג""ח בארץ- חברות והמרה",2026-03-31,28550000.0,ילין לפידות,,True,False,0.0024,0.0,685.1999999999999,0.0024,685.1999999999999,0
5141171,"ילין לפידות מחקה quabify אג""ח לפדיון 2032 צמוד",בריבית קבועה,,"אג""ח בארץ- חברות והמרה",2026-03-31,8420000.0,ילין לפידות,,True,False,0.0024,0.0,202.07999999999998,0.0024,202.07999999999998,0
5141189,אי בי אי מניות תעשיות ביטחוניות ישראל,מניות לפי ענפים,,מניות בארץ,2026-03-31,1188430000.0,אי.בי.אי,,False,False,0.0095,0.0,112900.84999999999,0.0095,112900.84999999999,0
5141197,אי בי אי כספית חיסכון,כספית שקלית עם קונצרני,,קרן כספית,2026-03-31,2049989999.9999998,אי.בי.אי,,False,False,0.0007000000000000001,0.0,14349.93,0.0007000000000000001,14349.93,1
5141205,"אלטשולר שחם מחקה ת""א 125",Large & Mid Cap,,מניות בארץ,2026-03-31,53560000.0,אלטשולר שחם,,True,False,0.0,0.0,0.0,0.0,0.0,0
5141213,"MTF מחקה Indxx Building America Infrastructure מנוטרלת מט""ח",שילוב ענפים,,"מניות בחו""ל",2026-03-31,8950000.0,מגדל,,True,False,0.005,0.0,447.5,0.005,447.5,0
5141221,אי בי אי מניות ערך,מניות All Cap,,מניות בארץ,2026-03-31,980000.0,אי.בי.אי,,False,False,0.006999999999999999,0.0,68.6,0.006999999999999999,68.6,0
5141239,אלטשולר שחם מחקה בנקים בישראל A.B,בנקאות ואשראי חוץ בנקאי,,מניות בארץ,2026-03-31,43300000.0,אלטשולר שחם,,True,False,0.0,0.0,0.0,0.0,0.0,0
5141247,אנליסט מניות Mid Cap ישראל,מניות Large & Mid Cap,,מניות בארץ,2026-03-31,2780000.0,אנליסט,,False,False,0.0095,0.0,264.09999999999997,0.0095,264.09999999999997,0
5141254,אנליסט מדינה צמודה פלוס,"אג""ח מדינה צמוד מדד- עד 10% מניות",,"אג""ח בארץ- מדינה",2026-03-31,2350000.0,אנליסט,,False,False,0.0058,0.0,136.29999999999998,0.0058,136.29999999999998,0
5141262,"MTF מחקה Indxx Top 10 US-Israel Banks מנוטרלת מט""ח","מניות גלובליות - מנוטרלת מט""ח",,"מניות בחו""ל",2026-03-31,4270000.0,מגדל,,True,False,0.005,0.0,213.5,0.005,213.5,0
5141270,"פינסה (!) תיק אג""ח","אג""ח כללי בארץ ללא מניות עם סימן קריאה",,"אג""ח בארץ - כללי",2026-03-31,91400000.0,סיגמא,פינסה ניהול נכסים,False,False,0.0075,0.0,6854.999999999999,0.0075,6854.999999999999,0
5141288,אלטשולר שחם מחקה INDXX US Big Data,Technology,,"מניות בחו""ל",2026-03-31,380000.0,אלטשולר שחם,,True,False,0.008,0.0,30.400000000000002,0.008,30.400000000000002,0
5141296,מיטב כספית ג'מבו,כספית שקלית עם קונצרני,,קרן כספית,2026-03-31,662170000.0,מיטב,,False,False,0.0012,0.0,7946.039999999999,0.0012,7946.039999999999,1
5141304,מגדל כספית חיסכון,כספית שקלית עם קונצרני,,קרן כספית,2026-03-31,91890000.0,מגדל,,False,False,0.001,0.0,918.9000000000001,0.001,918.9000000000001,1
5141312,קסם KTF אינדקס בנקים ישראל,בנקאות ואשראי חוץ בנקאי,,מניות בארץ,2026-03-31,89480000.0,קסם,,True,False,0.0,0.0,0.0,0.0,0.0,0
5141320,קסם TipRanks Global Momentum Analysts iNDEX KTF מנוטרלת דולר,גלובלי- שווקים מפותחים,,"מניות בחו""ל",2026-03-31,23310000.0,קסם,,True,False,0.006999999999999999,0.0,1631.6999999999998,0.006999999999999999,1631.6999999999998,0
5141353,FOREST כספית,כספית שקלית עם קונצרני,,קרן כספית,2026-03-31,2494330000.0,פורסט,,False,False,0.0007000000000000001,0.0,17460.31,0.0007000000000000001,17460.31,1
5141361,מור מחקה Nuclear Energy Industry iNDEX,Alternative / Renewable Energy,,"מניות בחו""ל",2026-03-31,20840000.0,מור,,True,False,0.0,0.0,0.0,0.0,0.0,0
5141387,"אי בי אי תיק מניות חו""ל עד 30% מט""ח","מניות כללי בחו""ל מוגנת מט""ח",,"מניות בחו""ל",2026-03-31,660000.0,אי.בי.אי,,False,False,0.006999999999999999,0.0,46.199999999999996,0.006999999999999999,46.199999999999996,0
5141395,פורטה Quality Equity USA,"ארה""ב חשופת מט""ח",,"מניות בחו""ל",2026-03-31,232750000.0,סיגמא,פורטה,False,False,0.012,0.0,27930.0,0.012,27930.0,0
5141403,"קסם CME CF Bitcoin Reference Rate (BRRNY) KTF מנוטרלת מט""ח",Bitcoin,,נכסים דיגיטליים,2026-03-31,7070000.0,קסם,,True,False,0.005,0.0,353.5,0.005,353.5,0
5141411,מור מניות MID CAP ישראל,מניות Large & Mid Cap,,מניות בארץ,2026-03-31,42850000.0,מור,,False,False,0.0095,0.0,4070.7499999999995,0.0095,4070.7499999999995,0
5141429,תכלית TTF אינדקס שוק ההון ישראל,פיננסים,,מניות בארץ,2026-03-31,23360000.0,מיטב,,True,False,0.005,0.0,1168.0,0.005,1168.0,0
5141437,"מיטב ת""א 90 פי 3",ממונפות בסיכון גבוה,,ממונפות ואסטרטגיות,2026-03-31,3610000.0,מיטב,,False,False,0.015,0.0,541.5,0.015,541.5,0
5141445,איילון מניות ביטחוניות ישראל,מניות לפי ענפים,,מניות בארץ,2026-03-31,75930000.0,איילון,,False,False,0.008,0.0,6074.400000000001,0.008,6074.400000000001,0
5141452,ילין לפידות כספית כשרה,כספית שקלית עם קונצרני,,קרן כספית,2026-03-31,493180000.0,ילין לפידות,,False,False,0.0006,0.0,2959.0799999999995,0.0006,2959.0799999999995,1
5141460,הראל מחקה אינדקס לפדיון 2031 (מתגלגל כל 4 שנים),"אג""ח חברות שקלי וצמוד",,"אג""ח בארץ- חברות והמרה",2026-03-31,8740000.0,הראל,,True,False,0.0015,0.0,131.1,0.0015,131.1,0
5141478,"קסם KTF ת""א נדל""ן","נדל""ן ובנייה",,מניות בארץ,2026-03-31,6770000.0,קסם,,True,False,0.0,0.0,0.0,0.0,0.0,0
5141486,מיטב בנקים - ביטוח ושוק ההון,מניות לפי ענפים,,מניות בארץ,2026-03-31,7550000.0,מיטב,,False,False,0.0095,0.0,717.2499999999999,0.0095,717.2499999999999,0
5141494,קסם MarketVector Global Nuclear Energy Industry Index KTF מנוטרלת דולר,Alternative / Renewable Energy,,"מניות בחו""ל",2026-03-31,2880000.0,קסם,,True,False,0.006,0.0,172.8,0.006,172.8,0
5141502,ב. אלטרנטיב 30/70,"אג""ח כללי בארץ- עד 30% מניות",,"אג""ח בארץ - כללי",2026-03-31,12670000.0,איילון,בסט אלטרנטיב,False,False,0.0078000000000000005,0.0,988.26,0.0078000000000000005,988.26,0
5141510,"אקהאוס מניות חו""ל","מניות כללי בחו""ל חשופת מט""ח",,"מניות בחו""ל",2026-03-31,4240000.0,איילון,אקהאוס קפיטל,False,False,0.0175,0.0,742.0000000000001,0.0175,742.0000000000001,0
5141528,פוקוס 50/50,"אג""ח כללי בארץ - חשיפה מרבית מעל 30% מניות",,"אג""ח בארץ - כללי",2026-03-31,22060000.0,איילון,פוקוס,False,False,0.0089,0.0,1963.34,0.0089,1963.34,0
5141536,כרמים 30/70,"אג""ח כללי בארץ- עד 30% מניות",,"אג""ח בארץ - כללי",2026-03-31,22550000.0,איילון,כרמים,False,False,0.0085,0.0,1916.7500000000002,0.0085,1916.7500000000002,0
5141544,"סיגמא תיק אג""ח + 30%","אג""ח כללי בארץ- עד 30% מניות",,"אג""ח בארץ - כללי",2026-03-31,20820000.0,סיגמא,,False,False,0.0069,0.0,1436.58,0.0069,1436.58,0
5141551,גביש מניות ישראל,מניות All Cap,,מניות בארץ,2026-03-31,5440000.0,סיגמא,גביש פיננסים,False,False,0.018500000000000003,0.0,1006.4000000000001,0.018500000000000003,1006.4000000000001,0
5141569,"אלטשולר שחם מחקה Nasdaq 100 מנוטרלת מט""ח",אמריקה- שווקים מפותחים,,"מניות בחו""ל",2026-03-31,3270000.0,אלטשולר שחם,,True,False,0.0,0.0,0.0,0.0,0.0,0
5141577,אילים מדינה צמודה פלוס,"אג""ח מדינה צמוד מדד- עד 10% מניות",,"אג""ח בארץ- מדינה",2026-03-31,6850000.0,אילים,,False,False,0.0059,0.0,404.15,0.0059,404.15,0
5141585,תמיר פישמן 20/80,"אג""ח כללי בארץ- עד 20% מניות",,"אג""ח בארץ - כללי",2026-03-31,340000.0,תמיר פישמן,,False,False,0.0069,0.0,23.459999999999997,0.0069,23.459999999999997,0
5141593,תמיר פישמן 30/70,"אג""ח כללי בארץ- עד 30% מניות",,"אג""ח בארץ - כללי",2026-03-31,660000.0,תמיר פישמן,,False,False,0.0069,0.0,45.54,0.0069,45.54,0
5141601,תמיר פישמן גמישה,גמישות,,גמישות,2026-03-31,2130000.0,תמיר פישמן,,False,False,0.0149,0.0,317.37,0.0149,317.37,0
5141619,מיטב מניות גלובלי כשרה,"מניות כללי בחו""ל חשופת מט""ח",,"מניות בחו""ל",2026-03-31,4610000.0,מיטב,,False,False,0.0095,0.0,437.95,0.0095,437.95,0
5141627,"תכלית LBMA Gold price AM TTF מנוטרלת מט""ח",סחורה,,סחורות,2026-03-31,76110000.0,מיטב,,True,False,0.0095,0.0,7230.45,0.0095,7230.45,0
5141635,אלטשולר שחם מחקה תל בונד-שקלי 5-15,בריבית קבועה - ארוך,,"אג""ח בארץ- חברות והמרה",2026-03-31,620000.0,אלטשולר שחם,,True,False,0.0,0.0,0.0,0.0,0.0,0
5141643,"סיגמא מניות ת""א 125",מניות Large & Mid Cap,,מניות בארץ,2026-03-31,2770000.0,סיגמא,,False,False,0.0125,0.0,346.25,0.0125,346.25,0
5141650,סיגמא מניות ערך,מניות All Cap,,מניות בארץ,2026-03-31,6550000.0,סיגמא,,False,False,0.0125,0.0,818.75,0.0125,818.75,0
5141668,"סיגמא אג""ח מדורג ללא מניות",חברות והמרה ללא מניות וללא סימן קריאה,,"אג""ח בארץ- חברות והמרה",2026-03-31,1230000.0,סיגמא,,False,False,0.006500000000000001,0.0,79.95,0.006500000000000001,79.95,0
5141676,תכלית S&P 500 Momentum TTF,אמריקה- שווקים מפותחים,,"מניות בחו""ל",2026-03-31,3300000.0,מיטב,,True,False,0.0025,0.0,82.5,0.0025,82.5,0
5141684,"תכלית S&P 500 Momentum TTF מנוטרלת מט""ח",אמריקה- שווקים מפותחים,,"מניות בחו""ל",2026-03-31,4760000.0,מיטב,,True,False,0.0025,0.0,119.0,0.0025,119.0,0
5141692,ברק כספית,כספית שקלית עם קונצרני,,קרן כספית,2026-03-31,112430000.0,ברק,,False,False,0.0,0.0,0.0,0.0,0.0,1
5141718,תכלית Quantum Computing Ecosystem iNDEX TTF,Technology,,"מניות בחו""ל",2026-03-31,24010000.0,מיטב,,True,False,0.008,0.0,1920.8000000000002,0.008,1920.8000000000002,0
5141726,קסם CME CF Ethereum Reference Rate (ETHUSDNY) KTF,Ethereum,,נכסים דיגיטליים,2026-03-31,830000.0,קסם,,True,False,0.005,0.0,41.5,0.005,41.5,0
5141734,קסם KTF אינדקס אג''ח תשואות 100-שקלי,בריבית קבועה,,"אג""ח בארץ- חברות והמרה",2026-03-31,60550000.0,קסם,,True,False,0.0022,0.0,1332.1000000000001,0.0022,1332.1000000000001,0
5141742,ילין לפידות מניות Mid Cap ישראל,מניות Large & Mid Cap,,מניות בארץ,2026-03-31,13150000.0,ילין לפידות,,False,False,0.0095,0.0,1249.25,0.0095,1249.25,0
5141759,"MTF מחקה משולבת ת""א-125 (50%) S&P 500 י(50%) חודשי מנוטרלת מט""ח",אחר,,אחר,2026-03-31,17690000.0,מגדל,,True,False,0.0,0.0,0.0,0.0,0.0,0
5141767,אנליסט תיק השקעות עד 50%,"אג""ח כללי בארץ - חשיפה מרבית מעל 30% מניות",,"אג""ח בארץ - כללי",2026-03-31,12070000.0,אנליסט,,False,False,0.0068000000000000005,0.0,820.76,0.0068000000000000005,820.76,0
5141775,"הראל מחקה ת""א בטחוניות",תעשיה,,מניות בארץ,2026-03-31,353990000.0,הראל,,True,False,0.0034999999999999996,0.0,12389.65,0.0034999999999999996,12389.65,0
5141783,"הראל מחקה ת""א תשתיות",תשתיות,,מניות בארץ,2026-03-31,49820000.0,הראל,,True,False,0.0025,0.0,1245.5,0.0025,1245.5,0
5141791,סלע מניות ערך ישראל,מניות All Cap,,מניות בארץ,2026-03-31,3460000.0,איילון,סלע בית השקעות,False,False,0.0159,0.0,550.1400000000001,0.0159,550.1400000000001,0
5141809,דולפין מניות Large & Mid Cap ישראל,מניות Large & Mid Cap,,מניות בארץ,2026-03-31,8930000.0,איילון,דולפין 1 השקעות,False,False,0.0159,0.0,1419.8700000000001,0.0159,1419.8700000000001,0
5141817,"ATF מחקה אינדקס אג""ח ממשלת ארה""ב - מח""מ דינמי מנוטרלת מט""ח","ממשלתיות מנוטרלת מט""ח - ארוך",,"אג""ח בחו""ל",2026-03-31,990000.0,אנליסט,,True,False,0.001,0.0,9.9,0.001,9.9,0
5141825,"יתרונות פיננסיים מניות חו""ל","מניות כללי בחו""ל חשופת מט""ח",,"מניות בחו""ל",2026-03-31,20830000.0,איילון,יתרונות פיננסיים,False,False,0.018000000000000002,0.0,3749.4,0.018000000000000002,3749.4,0
5141833,תכלית TTFי Indxx Super Institutional Investors Holdings 13F מנוטרלת דולר,אמריקה- שווקים מפותחים,,"מניות בחו""ל",2026-03-31,9130000.0,מיטב,,True,False,0.006500000000000001,0.0,593.45,0.006500000000000001,593.45,0
5141841,ברק אולטרה נפט WTI פי 3,ממונפות בסיכון גבוה,,ממונפות ואסטרטגיות,2026-03-31,16480000.0,ברק,,False,False,0.018000000000000002,0.0,2966.4,0.018000000000000002,2966.4,0
5141858,"אי בי אי מחקה S&P Ethereum מנוטרלת מט""ח",Ethereum,,נכסים דיגיטליים,2026-03-31,1000000.0,אי.בי.אי,,True,False,0.005,0.0,50.0,0.005,50.0,0
5141866,"אי בי אי מחקה S&P Bitcoin מנוטרלת מט""ח",Bitcoin,,נכסים דיגיטליים,2026-03-31,3830000.0,אי.בי.אי,,True,False,0.002,0.0,76.60000000000001,0.002,76.60000000000001,0
5141874,"מור (!) אג""ח ללא מניות","אג""ח כללי בארץ ללא מניות עם סימן קריאה",,"אג""ח בארץ - כללי",2026-03-31,45440000.0,מור,,False,False,0.0069,0.0,3135.3599999999997,0.0069,3135.3599999999997,0
5141882,תכלית TTF אינדקס תעשיות ביטחוניות ישראל,תעשיה,,מניות בארץ,2026-03-31,306060000.0,מיטב,,True,False,0.0034999999999999996,0.0,10712.099999999999,0.0034999999999999996,10712.099999999999,0
5141890,פלקון תיק השקעות גמיש,גמישות,,גמישות,2026-03-31,15080000.0,סיגמא,פלקון,False,False,0.0095,0.0,1432.6,0.0095,1432.6,0
5141908,"MTF מחקה ת""א-125 אקלים נקי מדלקים פוסיליים",Large & Mid Cap,,מניות בארץ,2026-03-31,52280000.0,מגדל,,True,False,0.002,0.0,1045.6000000000001,0.002,1045.6000000000001,0
5141916,MTF מחקה (S&P Israel 70 MidCap (ILS,Mid Cap,,מניות בארץ,2026-03-31,1610000.0,מגדל,,True,False,0.0,0.0,0.0,0.0,0.0,0
5141924,MTF מחקה (S&P Israel 30 LargeCap (ILS,Large Cap,,מניות בארץ,2026-03-31,9280000.0,מגדל,,True,False,0.0,0.0,0.0,0.0,0.0,0
5141932,אלפי בנדק תיק השקעות עד 50%,"אג""ח כללי בארץ - חשיפה מרבית מעל 30% מניות",,"אג""ח בארץ - כללי",2026-03-31,7330000.0,הראל,אלפי בנדק,False,False,0.0085,0.0,623.0500000000001,0.0085,623.0500000000001,0
5141940,פורצ'ן 30/70,"אג""ח כללי בארץ- עד 30% מניות",,"אג""ח בארץ - כללי",2026-03-31,17600000.0,איילון,פורצ'ן,False,False,0.0089,0.0,1566.3999999999999,0.0089,1566.3999999999999,0
5141957,קסם KTF (!) אינדקס Bullet ישראל 2035,"אג""ח חברות שקלי וצמוד",,"אג""ח בארץ- חברות והמרה",2026-03-31,15760000.0,קסם,,True,False,0.0022,0.0,346.72,0.0022,346.72,0
5141965,קסם KTF (!) אינדקס Bullet ישראל 2034,"אג""ח חברות שקלי וצמוד",,"אג""ח בארץ- חברות והמרה",2026-03-31,21270000.0,קסם,,True,False,0.0022,0.0,467.94000000000005,0.0022,467.94000000000005,0
5141973,קסם KTF (!) אינדקס Bullet ישראל 2033,"אג""ח חברות שקלי וצמוד",,"אג""ח בארץ- חברות והמרה",2026-03-31,18090000.0,קסם,,True,False,0.0022,0.0,397.9800000000001,0.0022,397.9800000000001,0
5141981,"MTF מחקה ת""א - בנייה","נדל""ן ובנייה",,מניות בארץ,2026-03-31,3660000.0,מגדל,,True,False,0.0,0.0,0.0,0.0,0.0,0
5142013,אי בי אי מחקה אינדקס מבטחי משנה גלובלי מנוטרלת דולר,Financial,,"מניות בחו""ל",2026-03-31,8650000.0,אי.בי.אי,,True,False,0.004,0.0,346.0,0.004,346.0,0
5142021,"הראל מחקה ת""א נדל""ן-35","נדל""ן ובנייה",,מניות בארץ,2026-03-31,4610000.0,הראל,,True,False,0.0,0.0,0.0,0.0,0.0,0
5142039,"תכלית TTF ת""א נדל""ן-35","נדל""ן ובנייה",,מניות בארץ,2026-03-31,14230000.0,מיטב,,True,False,0.0,0.0,0.0,0.0,0.0,0
5142047,MTF מחקה Indxx US Industrial Electrification Ecosystem,Industrials,,"מניות בחו""ל",2026-03-31,37050000.0,מגדל,,True,False,0.008,0.0,2964.0000000000005,0.008,2964.0000000000005,0
5142054,MTF מחקה Crypto Ecosystem iNDEX,Technology,,"מניות בחו""ל",2026-03-31,1650000.0,מגדל,,True,False,0.008,0.0,132.0,0.008,132.0,0
5142062,מגדל כספית דולרית נקובה $ - כשרה,"נקובת מט""ח",,קרן כספית,2026-03-31,4290000.0,מגדל,,False,False,0.001,0.0,42.900000000000006,0.001,42.900000000000006,1
5142070,MTF מחקה Indxx US Quantum Computing Ecosystem,Technology,,"מניות בחו""ל",2026-03-31,1120000.0,מגדל,,True,False,0.008,0.0,89.60000000000001,0.008,89.60000000000001,0
5142088,קסם KTFי MarketVector תעשיות בטחוניות ישראליות,תעשיה,,מניות בארץ,2026-03-31,139150000.0,קסם,,True,False,0.002,0.0,2783.0000000000005,0.002,2783.0000000000005,0
5142096,"קסם KTFי LBMA GOLD PRICE PM USD מנוטרלת מט""ח",סחורה,,סחורות,2026-03-31,16620000.000000002,קסם,,True,False,0.0095,0.0,1578.9,0.0095,1578.9,0
5142104,קסם KTF תל בונד שקלי A,בריבית קבועה,,"אג""ח בארץ- חברות והמרה",2026-03-31,2060000.0,קסם,,True,False,0.0,0.0,0.0,0.0,0.0,0
5142112,קסם KTF תל בונד שקלי 5-15,בריבית קבועה - ארוך,,"אג""ח בארץ- חברות והמרה",2026-03-31,9270000.0,קסם,,True,False,0.0,0.0,0.0,0.0,0.0,0
5142120,קסם KTF תל בונד צמודות 5-15,בריבית קבועה - ארוך,,"אג""ח בארץ- חברות והמרה",2026-03-31,4120000.0,קסם,,True,False,0.0,0.0,0.0,0.0,0.0,0
5142153,ילין לפידות מחקה Nasdaq 100,אמריקה- שווקים מפותחים,,"מניות בחו""ל",2026-03-31,380000.0,ילין לפידות,,True,False,0.0,0.0,0.0,0.0,0.0,0
5142161,"ילין לפידות מחקה Nasdaq 100 מנוטרלת מט""ח",אמריקה- שווקים מפותחים,,"מניות בחו""ל",2026-03-31,1790000.0,ילין לפידות,,True,False,0.0,0.0,0.0,0.0,0.0,0
5142187,"הראל מחקה ת""א-בנקים וביטוח משקל שווה",שילוב ענפים,,מניות בארץ,2026-03-31,4110000.0000000005,הראל,,True,False,0.003,0.0,123.30000000000001,0.003,123.30000000000001,0
5142195,"קסם iBoxx $ Treasuries 10Y + KTF מנוטרלת מט""ח","ממשלתיות מנוטרלת מט""ח - ארוך",,"אג""ח בחו""ל",2026-03-31,33450000.000000004,קסם,,True,False,0.002,0.0,669.0000000000001,0.002,669.0000000000001,0
5142211,דרך 10/90 כשרה,"אג""ח כללי בארץ- עד 10% מניות ללא סימן קריאה",,"אג""ח בארץ - כללי",2026-03-31,2920000.0,סיגמא,דרך אינבסט,False,False,0.008,0.0,233.60000000000002,0.008,233.60000000000002,0
5142229,דרך מניות ישראל כשרה,מניות All Cap,,מניות בארץ,2026-03-31,6790000.0,סיגמא,דרך אינבסט,False,False,0.018500000000000003,0.0,1256.15,0.018500000000000003,1256.15,0
5142237,MTF מחקה INDXX ביטחוניות ישראל,תעשיה,,מניות בארץ,2026-03-31,7380000.0,מגדל,,True,False,0.0,0.0,0.0,0.0,0.0,0
5142252,איילון כספית כשרה,כספית שקלית עם קונצרני,,קרן כספית,2026-03-31,184980000.0,איילון,,False,False,0.0005,0.0,924.9000000000001,0.0005,924.9000000000001,1
5142260,אקורד (!) תיק קונצרני,חברות והמרה ללא מניות עם סימן קריאה,,"אג""ח בארץ- חברות והמרה",2026-03-31,4880000.0,איילון,אקורד ניהול השקעות,False,False,0.0077,0.0,375.76,0.0077,375.76,0
5142278,"אינווסטור 360 מניות חו""ל נקובת דולר","מניות בחו""ל נקובת מט""ח",,"מניות בחו""ל",2026-03-31,1420000.0,איילון,אינווסט 360,False,False,0.009000000000000001,0.0,127.80000000000001,0.009000000000000001,127.80000000000001,0
5142294,מיטב מניות יתר,מניות Small Cap,,מניות בארץ,2026-03-31,1250000.0,מיטב,,False,False,0.012,0.0,150.0,0.012,150.0,0
5142310,אלטשולר שחם LeadingApp,"מניות לפי ענפים בחו""ל",,"מניות בחו""ל",2026-03-31,1150000.0,אלטשולר שחם,,False,False,0.0125,0.0,143.75,0.0125,143.75,0
5142369,קסם אקטיב מניות תעשיות בטחוניות,מניות לפי ענפים,,מניות בארץ,2026-03-31,3410000.0,קסם,,False,False,0.006500000000000001,0.0,221.65000000000003,0.006500000000000001,221.65000000000003,0
5142377,קסם אקטיב כספית כשרה,כספית שקלית עם קונצרני,,קרן כספית,2026-03-31,200640000.0,קסם,,False,False,0.0005,0.0,1003.2,0.0005,1003.2,1
5142401,אנליסט 10/90 מודל ESG,"אג""ח כללי בארץ- עד 10% מניות ללא סימן קריאה",,"אג""ח בארץ - כללי",2026-03-31,350000.0,אנליסט,,False,False,0.0048,0.0,16.799999999999997,0.0048,16.799999999999997,0
5142419,"אלטשולר שחם מחקה ת""א 35",Large Cap,,מניות בארץ,2026-03-31,410000.0,אלטשולר שחם,,True,False,0.0,0.0,0.0,0.0,0.0,0
5142450,ברק אולטרה RUSSELL 2000 פי 3,ממונפות בסיכון גבוה,,ממונפות ואסטרטגיות,2026-03-31,120000.0,ברק,,False,False,0.018000000000000002,0.0,21.6,0.018000000000000002,21.6,0
5231030,הראל שקלית קונצרני פלוס,חברות והמרה שקלי עם מניות,,"אג""ח בארץ- חברות והמרה",2026-03-31,46880000.0,הראל,,False,False,0.0055000000000000005,0.0,2578.4000000000005,0.0055000000000000005,2578.4000000000005,0
5231055,"הראל (!) נבחרת אג""ח","אג""ח כללי בארץ ללא מניות עם סימן קריאה",,"אג""ח בארץ - כללי",2026-03-31,108770000.0,הראל,,False,False,0.0058,0.0,6308.659999999999,0.0058,6308.659999999999,0
5231097,הראל כספית דולרית,חשופת דולר,,קרן כספית,2026-03-31,41890000.0,הראל,,False,False,0.0078000000000000005,0.0,3267.42,0.0078000000000000005,3267.42,1
5520044,מיטב סקיי השקעות,גמישות,,גמישות,2026-03-31,238500000.0,מיטב,,False,False,0.015,0.0,35775.0,0.015,35775.0,0
