FundBno,ShortName,SubClass,MainClass,SuperClass,eom,fdAUM,ManagerCmp,Manager_ext,IsTracking,IsKerenSal,ManagerFee,DistClassificationVal,Revenues,Net_Fees,Net_Revenues,Is_Caspit
1142538,איביאי טכנולוגיה עילית (ללא הרשאה),קרן טכנולוגיה עילית,,קרן טכנולוגיה עילית,2026-05-31,512650000.0,אי.בי.אי,,True,True,0.013000000000000001,0.0,66644.50000000001,0.013000000000000001,66644.50000000001,0
1143700,"תכלית סל ת""א 35 (ללא הרשאה)",Large Cap,,מניות בארץ,2026-05-31,3802640000.0,מיטב,,True,True,0.0025,0.0,95066.0,0.0025,95066.0,0
1143718,"תכלית סל ת""א 125 (ללא הרשאה)",Large & Mid Cap,,מניות בארץ,2026-05-31,6485890000.0,מיטב,,True,True,0.0025,0.0,162147.25,0.0025,162147.25,0
1143726,תכלית סל אינדקס בנקים ישראל (ללא הרשאה),בנקאות ואשראי חוץ בנקאי,,מניות בארץ,2026-05-31,3782520000.0,מיטב,,True,True,0.006,0.0,226951.2,0.006,226951.2,0
1143734,"תכלית סל NASDAQ 100 מנוטרלת מט""ח (ללא הרשאה)",אמריקה- שווקים מפותחים,,"מניות בחו""ל",2026-05-31,1448040000.0,מיטב,,True,True,0.008,0.0,115843.20000000001,0.008,115843.20000000001,0
1143742,"תכלית סל Hang Seng China מנוטרלת מט""ח (ללא הרשאה)",אסיה ופסיפיק- שווקים מתעוררים,,"מניות בחו""ל",2026-05-31,3920000.0,מיטב,,True,True,0.015,0.0,588.0,0.015,588.0,0
1143767,"תכלית סל EURO STOXX 50 מנוטרלת מט""ח (ללא הרשאה)",אירופה- כללי,,"מניות בחו""ל",2026-05-31,68330000.0,מיטב,,True,True,0.008,0.0,5466.400000000001,0.008,5466.400000000001,0
1143783,"תכלית סל ת""א 90 (ללא הרשאה)",Mid Cap,,מניות בארץ,2026-05-31,2788910000.0,מיטב,,True,True,0.006,0.0,167334.6,0.006,167334.6,0
1143791,תכלית סל תל בונד 20 צמודות (ללא הרשאה),בריבית קבועה,,"אג""ח בארץ- חברות והמרה",2026-05-31,662060000.0,מיטב,,True,True,0.0025,0.0,16551.5,0.0025,16551.5,0
1143817,"תכלית סל S&P 500 מנוטרלת מט""ח (ללא הרשאה)",אמריקה- שווקים מפותחים,,"מניות בחו""ל",2026-05-31,1704990000.0,מיטב,,True,True,0.008,0.0,136399.2,0.008,136399.2,0
1143825,"תכלית סל DAX מנוטרלת מט""ח (ללא הרשאה)",אירופה- שווקים מפותחים,,"מניות בחו""ל",2026-05-31,190940000.0,מיטב,,True,True,0.008,0.0,15275.2,0.008,15275.2,0
1143833,תכלית סל STOXX Europe 600 מנוטרלת אירו (ללא הרשאה),אירופה- כללי,,"מניות בחו""ל",2026-05-31,166620000.0,מיטב,,True,True,0.008,0.0,13329.6,0.008,13329.6,0
1143841,תכלית סל S&P Financial (ללא הרשאה),Financial,,"מניות בחו""ל",2026-05-31,10410000.0,מיטב,,True,True,0.0045000000000000005,0.0,468.45000000000005,0.0045000000000000005,468.45000000000005,0
1143858,"תכלית סל S&P Industrial מנוטרלת מט""ח (ללא הרשאה)",Industrials,,"מניות בחו""ל",2026-05-31,43410000.0,מיטב,,True,True,0.008,0.0,3472.8,0.008,3472.8,0
1143866,תכלית סל MSCI World מנוטרלת דולר (ללא הרשאה),גלובלי- שווקים מפותחים,,"מניות בחו""ל",2026-05-31,50810000.0,מיטב,,True,True,0.008,0.0,4064.8,0.008,4064.8,0
1143882,"תכלית סל משולבת S&P Consumer י(50%) S&P Staples י(50%) מנוטרלת מט""ח חודשי (ללא הרשאה)","מניות בחו""ל קרן משולבת",,"מניות בחו""ל",2026-05-31,13890000.0,מיטב,,True,True,0.0,0.0,0.0,0.0,0.0,0
1143957,תכלית סל S&P Consumer Discretionary (ללא הרשאה),Consumer Discretionary,,"מניות בחו""ל",2026-05-31,14920000.0,מיטב,,True,True,0.006999999999999999,0.0,1044.3999999999999,0.006999999999999999,1044.3999999999999,0
1143965,"תכלית סל S&P Technology מנוטרלת מט""ח (ללא הרשאה)",Technology,,"מניות בחו""ל",2026-05-31,46560000.0,מיטב,,True,True,0.006,0.0,2793.6,0.006,2793.6,0
1143981,תכלית סל S&P Consumer Staples (ללא הרשאה),Consumer Staples,,"מניות בחו""ל",2026-05-31,10000000.0,מיטב,,True,True,0.006,0.0,600.0,0.006,600.0,0
1143999,תכלית סל S&P Health Care (ללא הרשאה),Health Care,,"מניות בחו""ל",2026-05-31,12230000.0,מיטב,,True,True,0.005,0.0,611.5,0.005,611.5,0
1144013,תכלית סל תל בונד מאגר (ללא הרשאה),"אג""ח חברות שקלי וצמוד",,"אג""ח בארץ- חברות והמרה",2026-05-31,1157580000.0,מיטב,,True,True,0.0025,0.0,28939.5,0.0025,28939.5,0
1144054,"תכלית סל CAC 40 מנוטרלת מט""ח (ללא הרשאה)",אירופה- שווקים מפותחים,,"מניות בחו""ל",2026-05-31,8460000.0,מיטב,,True,True,0.008,0.0,676.8000000000001,0.008,676.8000000000001,0
1144104,תכלית סל DAX (ללא הרשאה),אירופה- שווקים מפותחים,,"מניות בחו""ל",2026-05-31,18040000.0,מיטב,,True,True,0.006,0.0,1082.4,0.006,1082.4,0
1144112,תכלית סל MSCI India (ללא הרשאה),אסיה ופסיפיק- שווקים מתעוררים,,"מניות בחו""ל",2026-05-31,13980000.0,מיטב,,True,True,0.012,0.0,1677.6000000000001,0.012,1677.6000000000001,0
1144161,"תכלית סל ת""א פיננסים (ללא הרשאה)",פיננסים,,מניות בארץ,2026-05-31,278250000.0,מיטב,,True,True,0.005,0.0,13912.5,0.005,13912.5,0
1144237,תכלית סל MSCI AC World (ללא הרשאה),"מניות גלובליות - חשופת מט""ח",,"מניות בחו""ל",2026-05-31,341740000.0,מיטב,,True,True,0.01,0.0,34174.0,0.01,34174.0,0
1144252,תכלית סל ISE Cyber Security (ללא הרשאה),Cyber Security,,"מניות בחו""ל",2026-05-31,94780000.0,מיטב,,True,True,0.006,0.0,5686.8,0.006,5686.8,0
1144260,תכלית סל (!) תל בונד תשואות שקל (ללא הרשאה),בריבית קבועה,,"אג""ח בארץ- חברות והמרה",2026-05-31,324730000.0,מיטב,,True,True,0.002,0.0,6494.6,0.002,6494.6,0
1144278,תכלית סל S&P Energy (ללא הרשאה),Energy,,"מניות בחו""ל",2026-05-31,10750000.0,מיטב,,True,True,0.0034999999999999996,0.0,376.24999999999994,0.0034999999999999996,376.24999999999994,0
1144310,תכלית סל S&P Aerospace & Defense (ללא הרשאה),Aerospace & Defense,,"מניות בחו""ל",2026-05-31,119860000.0,מיטב,,True,True,0.006,0.0,7191.6,0.006,7191.6,0
1144336,תכלית סל MSCI AC World מנוטרלת דולר (ללא הרשאה),"מניות גלובליות - מנוטרלת מט""ח",,"מניות בחו""ל",2026-05-31,307760000.0,מיטב,,True,True,0.006,0.0,18465.600000000002,0.006,18465.600000000002,0
1144377,תכלית סל (!) תל בונד גלובל שקלי (ללא הרשאה),בריבית קבועה,,"אג""ח בארץ- חברות והמרה",2026-05-31,146520000.0,מיטב,,True,True,0.002,0.0,2930.4,0.002,2930.4,0
1144385,תכלית סל S&P 500 (ללא הרשאה),אמריקה- שווקים מפותחים,,"מניות בחו""ל",2026-05-31,7483610000.0,מיטב,,True,True,0.006999999999999999,0.0,523852.69999999995,0.006999999999999999,523852.69999999995,0
1144401,תכלית סל NASDAQ 100 (ללא הרשאה),אמריקה- שווקים מפותחים,,"מניות בחו""ל",2026-05-31,847340000.0,מיטב,,True,True,0.006999999999999999,0.0,59313.799999999996,0.006999999999999999,59313.799999999996,0
1144419,תכלית סל NIKKEI 225 (ללא הרשאה),אסיה ופסיפיק- שווקים מפותחים,,"מניות בחו""ל",2026-05-31,144600000.0,מיטב,,True,True,0.006999999999999999,0.0,10122.0,0.006999999999999999,10122.0,0
1144427,תכלית סל EURO STOXX 50 (ללא הרשאה),אירופה- כללי,,"מניות בחו""ל",2026-05-31,27800000.0,מיטב,,True,True,0.006,0.0,1668.0,0.006,1668.0,0
1144450,תכלית סל MSCI Emerging Markets (ללא הרשאה),גלובלי- שווקים מתעוררים,,"מניות בחו""ל",2026-05-31,104290000.0,מיטב,,True,True,0.0055000000000000005,0.0,5735.950000000001,0.0055000000000000005,5735.950000000001,0
1144468,"תכלית סל NIKKEI 225 מנוטרלת מט""ח (ללא הרשאה)",אסיה ופסיפיק- שווקים מפותחים,,"מניות בחו""ל",2026-05-31,109240000.0,מיטב,,True,True,0.0095,0.0,10377.8,0.0095,10377.8,0
1144484,תכלית סל Russell 2000 (ללא הרשאה),אמריקה- שווקים מפותחים,,"מניות בחו""ל",2026-05-31,97210000.0,מיטב,,True,True,0.006,0.0,5832.6,0.006,5832.6,0
1144518,"תכלית סל משולבת מניות ארה""ב חודשי (ללא הרשאה)","מניות בחו""ל קרן משולבת",,"מניות בחו""ל",2026-05-31,147950000.0,מיטב,,True,True,0.0,0.0,0.0,0.0,0.0,0
1144526,תכלית סל NASDAQ Biotechnology (ללא הרשאה),Biotechnology,,"מניות בחו""ל",2026-05-31,30140000.0,מיטב,,True,True,0.012,0.0,3616.8,0.012,3616.8,0
1144534,תכלית סל חוזה Bloomberg Brent Crude (ללא הרשאה),סחורה,,סחורות,2026-05-31,11550000.0,מיטב,,True,True,0.015,0.0,1732.4999999999998,0.015,1732.4999999999998,0
1144542,תכלית סל חוזה Bloomberg Silver (ללא הרשאה),סחורה,,סחורות,2026-05-31,79780000.0,מיטב,,True,True,0.015,0.0,11966.999999999998,0.015,11966.999999999998,0
1144559,"תכלית סל ת""א נדל""ן (ללא הרשאה)","נדל""ן ובנייה",,מניות בארץ,2026-05-31,282500000.0,מיטב,,True,True,0.0045000000000000005,0.0,12712.5,0.0045000000000000005,12712.5,0
1144575,"תכלית סל ת""א צמיחה (ללא הרשאה)",Small Cap,,מניות בארץ,2026-05-31,77960000.0,מיטב,,True,True,0.01,0.0,7796.0,0.01,7796.0,0
1144591,תכלית סל תל גוב-צמודות 0-2 (ללא הרשאה),צמודות מדד ממשלתיות - קצר,,"אג""ח בארץ- מדינה",2026-05-31,16579999.999999998,מיטב,,True,True,0.0015,0.0,248.7,0.0015,248.7,0
1144609,תכלית סל תל גוב-שקלי 0-2 (ללא הרשאה),ריבית קבועה  - קצר,,"אג""ח בארץ- מדינה",2026-05-31,23040000.0,מיטב,,True,True,0.0015,0.0,345.6,0.0015,345.6,0
1144633,"תכלית סל תל גוב-מק""מ (ללא הרשאה)","מק""מ",,"אג""ח בארץ- מדינה",2026-05-31,32100000.0,מיטב,,True,True,0.0,0.0,0.0,0.0,0.0,0
1144658,"תכלית סל ממונפת ת""א 35 פי 2 חודשי (ללא הרשאה)",מניות בארץ,,ממונפות,2026-05-31,34460000.0,מיטב,,True,True,0.015,0.0,5169.0,0.015,5169.0,0
1144666,תכלית סל LBMA Gold Price AM (ללא הרשאה),סחורה,,סחורות,2026-05-31,70350000.0,מיטב,,True,True,0.015,0.0,10552.499999999998,0.015,10552.499999999998,0
1144690,תכלית סל תל בונד צמודות-יתר (ללא הרשאה),בריבית קבועה,,"אג""ח בארץ- חברות והמרה",2026-05-31,269720000.0,מיטב,,True,True,0.002,0.0,5394.400000000001,0.002,5394.400000000001,0
1144708,"תכלית סל ממונפת ת""א 35 פי 3 חודשי (ללא הרשאה)",מניות בארץ,,ממונפות,2026-05-31,260930000.0,מיטב,,True,True,0.0125,0.0,32616.25,0.0125,32616.25,0
1144716,"תכלית סל ממונפת בחסר ת""א 35 פי 2 חודשי (ללא הרשאה)",מניות בארץ,,ממונפות,2026-05-31,5870000.0,מיטב,,True,True,0.015,0.0,880.4999999999999,0.015,880.4999999999999,0
1144724,תכלית סל STOXX Europe 600 (ללא הרשאה),אירופה- כללי,,"מניות בחו""ל",2026-05-31,46440000.0,מיטב,,True,True,0.006,0.0,2786.4,0.006,2786.4,0
1144807,"תכלית סל ת""א נפט וגז (ללא הרשאה)","נפט, גז ואנרגיה",,מניות בארץ,2026-05-31,255970000.0,מיטב,,True,True,0.005,0.0,12798.5,0.005,12798.5,0
1144823,תכלית סל תל בונד צמודות בנקים ללא COCO (ללא הרשאה),בריבית קבועה,,"אג""ח בארץ- חברות והמרה",2026-05-31,163080000.0,מיטב,,True,True,0.002,0.0,3261.6000000000004,0.002,3261.6000000000004,0
1144831,"תכלית סל DJ Internet Composite מנוטרלת מט""ח (ללא הרשאה)",Internet,,"מניות בחו""ל",2026-05-31,39950000.0,מיטב,,True,True,0.008,0.0,3196.0000000000005,0.008,3196.0000000000005,0
1144849,"תכלית סל S&P Financial מנוטרלת מט""ח (ללא הרשאה)",Financial,,"מניות בחו""ל",2026-05-31,25720000.0,מיטב,,True,True,0.005,0.0,1286.0,0.005,1286.0,0
1144856,"תכלית סל FTSE 250 מנוטרלת מט""ח (ללא הרשאה)",אירופה- שווקים מפותחים,,"מניות בחו""ל",2026-05-31,11980000.0,מיטב,,True,True,0.01,0.0,1198.0,0.01,1198.0,0
1144906,תכלית סל S&P 500 Dividend Aristocrats (ללא הרשאה),אמריקה- שווקים מפותחים,,"מניות בחו""ל",2026-05-31,29490000.0,מיטב,,True,True,0.006999999999999999,0.0,2064.2999999999997,0.006999999999999999,2064.2999999999997,0
1144914,"תכלית סל S&P 500 Dividend Aristocrats מנוטרלת מט""ח (ללא הרשאה)",אמריקה- שווקים מפותחים,,"מניות בחו""ל",2026-05-31,31460000.0,מיטב,,True,True,0.009000000000000001,0.0,2831.4,0.009000000000000001,2831.4,0
1144948,"תכלית סל IPOX 100 US מנוטרלת מט""ח (ללא הרשאה)",אמריקה- שווקים מפותחים,,"מניות בחו""ל",2026-05-31,27370000.0,מיטב,,True,True,0.0125,0.0,3421.25,0.0125,3421.25,0
1144955,"תכלית סל S&P MidCap 400 מנוטרלת מט""ח (ללא הרשאה)",אמריקה- שווקים מפותחים,,"מניות בחו""ל",2026-05-31,36950000.0,מיטב,,True,True,0.009000000000000001,0.0,3325.5,0.009000000000000001,3325.5,0
1144971,תכלית סל תל גוב-לא צמודות (ללא הרשאה),שקליות ממשלתיות -  אחר,,"אג""ח בארץ- מדינה",2026-05-31,105640000.0,מיטב,,True,True,0.0015,0.0,1584.6000000000001,0.0015,1584.6000000000001,0
1144997,תכלית סל משולבת אגח ממשלתי (80%) מניות חול (20%) חודשי (ללא הרשאה),"אג""ח מדינה משולבת - חשיפה מרבית מעל 10% מניות",,"אג""ח בארץ- מדינה",2026-05-31,15250000.0,מיטב,,True,True,0.006999999999999999,0.0,1067.5,0.006999999999999999,1067.5,0
1145036,תכלית סל תל דיב (ללא הרשאה),All Cap,,מניות בארץ,2026-05-31,89240000.0,מיטב,,True,True,0.005,0.0,4462.0,0.005,4462.0,0
1145044,"תכלית סל ת""א SME60 (ללא הרשאה)",Mid  & Small Cap,,מניות בארץ,2026-05-31,230090000.0,מיטב,,True,True,0.01,0.0,23009.0,0.01,23009.0,0
1145085,תכלית סל תל גוב-צמודות 2-5 (ללא הרשאה),צמודות מדד ממשלתיות - בינוני,,"אג""ח בארץ- מדינה",2026-05-31,65810000.0,מיטב,,True,True,0.0015,0.0,987.15,0.0015,987.15,0
1145093,תכלית סל תל בונד 40 צמודות (ללא הרשאה),בריבית קבועה,,"אג""ח בארץ- חברות והמרה",2026-05-31,136700000.0,מיטב,,True,True,0.002,0.0,2734.0,0.002,2734.0,0
1145101,תכלית סל תל בונד 60 צמודות (ללא הרשאה),בריבית קבועה,,"אג""ח בארץ- חברות והמרה",2026-05-31,1303360000.0,מיטב,,True,True,0.0025,0.0,32584.0,0.0025,32584.0,0
1145127,"תכלית סל FTSE 100 מנוטרלת מט""ח (ללא הרשאה)",אירופה- שווקים מפותחים,,"מניות בחו""ל",2026-05-31,12410000.0,מיטב,,True,True,0.013000000000000001,0.0,1613.3000000000002,0.013000000000000001,1613.3000000000002,0
1145150,תכלית סל תל גוב-שקלי 2-5 (ללא הרשאה),ריבית קבועה  - בינוני,,"אג""ח בארץ- מדינה",2026-05-31,50440000.0,מיטב,,True,True,0.0015,0.0,756.6,0.0015,756.6,0
1145168,תכלית סל תל גוב-שקלי 5+ (ללא הרשאה),ריבית קבועה - ארוך,,"אג""ח בארץ- מדינה",2026-05-31,54160000.0,מיטב,,True,True,0.0015,0.0,812.4,0.0015,812.4,0
1145176,תכלית סל תל גוב-צמודות 5-10 (ללא הרשאה),צמודות מדד ממשלתיות - ארוך,,"אג""ח בארץ- מדינה",2026-05-31,17980000.0,מיטב,,True,True,0.0015,0.0,269.7,0.0015,269.7,0
1145184,תכלית סל תל בונד שקלי (ללא הרשאה),בריבית קבועה,,"אג""ח בארץ- חברות והמרה",2026-05-31,1232880000.0,מיטב,,True,True,0.0025,0.0,30822.0,0.0025,30822.0,0
1145234,"תכלית סל Russell 2000 מנוטרלת מט""ח (ללא הרשאה)",אמריקה- שווקים מפותחים,,"מניות בחו""ל",2026-05-31,259399999.99999997,מיטב,,True,True,0.006999999999999999,0.0,18157.999999999996,0.006999999999999999,18157.999999999996,0
1145242,"תכלית סל משולבת מניות חול מנוטרלת מט""ח חודשי (ללא הרשאה)","מניות בחו""ל קרן משולבת",,"מניות בחו""ל",2026-05-31,656540000.0,מיטב,,True,True,0.0,0.0,0.0,0.0,0.0,0
1145259,תכלית סל (!) תל בונד-תשואות צמודות (ללא הרשאה),בריבית קבועה,,"אג""ח בארץ- חברות והמרה",2026-05-31,592440000.0,מיטב,,True,True,0.002,0.0,11848.800000000001,0.002,11848.800000000001,0
1145283,תכלית סל MDAX (ללא הרשאה),אירופה- שווקים מפותחים,,"מניות בחו""ל",2026-05-31,5280000.0,מיטב,,True,True,0.006500000000000001,0.0,343.20000000000005,0.006500000000000001,343.20000000000005,0
1145309,"תכלית סל MDAX מנוטרלת מט""ח (ללא הרשאה)",אירופה- שווקים מפותחים,,"מניות בחו""ל",2026-05-31,13960000.0,מיטב,,True,True,0.0085,0.0,1186.6000000000001,0.0085,1186.6000000000001,0
1145333,"תכלית סל S&P Health Care מנוטרלת מט""ח (ללא הרשאה)",Health Care,,"מניות בחו""ל",2026-05-31,11010000.0,מיטב,,True,True,0.008,0.0,880.8000000000001,0.008,880.8000000000001,0
1145713,קסם Russell 2000 ETF (ללא הרשאה),אמריקה- שווקים מפותחים,,"מניות בחו""ל",2026-05-31,99870000.0,קסם,,True,True,0.004699999999999999,0.0,4693.889999999999,0.004699999999999999,4693.889999999999,0
1145739,קסם ETF תל גוב-צמודות 5-10 (ללא הרשאה),צמודות מדד ממשלתיות - ארוך,,"אג""ח בארץ- מדינה",2026-05-31,102720000.0,קסם,,True,True,0.0015,0.0,1540.8,0.0015,1540.8,0
1145747,קסם MSCI India (!) ETF (ללא הרשאה),אסיה ופסיפיק- שווקים מתעוררים,,"מניות בחו""ל",2026-05-31,372220000.0,קסם,,True,True,0.01,0.0,37222.0,0.01,37222.0,0
1145754,קסם KOSPI 200 (!) ETF (ללא הרשאה),אסיה ופסיפיק- שווקים מפותחים,,"מניות בחו""ל",2026-05-31,383260000.0,קסם,,True,True,0.006,0.0,22995.600000000002,0.006,22995.600000000002,0
1145804,קסם MSCI World ETF (ללא הרשאה),גלובלי- שווקים מפותחים,,"מניות בחו""ל",2026-05-31,53010000.0,קסם,,True,True,0.0083,0.0,4399.83,0.0083,4399.83,0
1145812,קסם MSCI Emerging Markets ETF (ללא הרשאה),גלובלי- שווקים מתעוררים,,"מניות בחו""ל",2026-05-31,650630000.0,קסם,,True,True,0.011399999999999999,0.0,74171.81999999999,0.011399999999999999,74171.81999999999,0
1145820,קסם LBMA Gold Price PM USD ETF (ללא הרשאה),סחורה,,סחורות,2026-05-31,78920000.0,קסם,,True,True,0.0148,0.0,11680.160000000002,0.0148,11680.160000000002,0
1145838,קסם MSCI AC Far East EX Japan ETF (ללא הרשאה),אסיה ופסיפיק- כללי,,"מניות בחו""ל",2026-05-31,33500000.0,קסם,,True,True,0.0095,0.0,3182.4999999999995,0.0095,3182.4999999999995,0
1145879,קסם DJ Health Care Titans 30 ETF (ללא הרשאה),Health Care,,"מניות בחו""ל",2026-05-31,41510000.0,קסם,,True,True,0.01,0.0,4151.0,0.01,4151.0,0
1145887,קסם ISE Clean Edge Water ETF (ללא הרשאה),Cleantech,,"מניות בחו""ל",2026-05-31,17530000.0,קסם,,True,True,0.008,0.0,1402.4,0.008,1402.4,0
1145903,קסם S&P Energy ETF (ללא הרשאה),Energy,,"מניות בחו""ל",2026-05-31,47070000.0,קסם,,True,True,0.0028000000000000004,0.0,1317.96,0.0028000000000000004,1317.96,0
1145911,קסם ETF תל דיב (ללא הרשאה),All Cap,,מניות בארץ,2026-05-31,87600000.0,קסם,,True,True,0.0053,0.0,4642.8,0.0053,4642.8,0
1145929,קסם ETF חוזה Bloomberg Brent Crude (ללא הרשאה),סחורה,,סחורות,2026-05-31,25100000.0,קסם,,True,True,0.015,0.0,3764.9999999999995,0.015,3764.9999999999995,0
1145945,"קסם NIKKEI 225 ETF מנוטרלת מט""ח (ללא הרשאה)",אסיה ופסיפיק- שווקים מפותחים,,"מניות בחו""ל",2026-05-31,90580000.0,קסם,,True,True,0.0123,0.0,11141.34,0.0123,11141.34,0
1145952,"קסם EURO STOXX 50 ETF מנוטרלת מט""ח (ללא הרשאה)",אירופה- כללי,,"מניות בחו""ל",2026-05-31,104870000.0,קסם,,True,True,0.0068000000000000005,0.0,7131.16,0.0068000000000000005,7131.16,0
1145960,קסם ETF תל בונד 20 צמודות (ללא הרשאה),בריבית קבועה,,"אג""ח בארץ- חברות והמרה",2026-05-31,1087840000.0,קסם,,True,True,0.0025,0.0,27196.0,0.0025,27196.0,0
1145994,"קסם ETF ת""א צמיחה (ללא הרשאה)",Small Cap,,מניות בארץ,2026-05-31,15870000.0,קסם,,True,True,0.01,0.0,1587.0,0.01,1587.0,0
1146000,קסם STOXX Europe MID 200 ETF (ללא הרשאה),אירופה- כללי,,"מניות בחו""ל",2026-05-31,8490000.0,קסם,,True,True,0.009000000000000001,0.0,764.1,0.009000000000000001,764.1,0
1146059,"קסם ETF ממונפת בחסר ת""א 35 פי 2 חודשי (ללא הרשאה)",מניות בארץ,,ממונפות,2026-05-31,21380000.0,קסם,,True,True,0.0275,0.0,5879.5,0.0275,5879.5,0
1146067,קסם DJ US Dividend ETF (ללא הרשאה),אמריקה- שווקים מפותחים,,"מניות בחו""ל",2026-05-31,87050000.0,קסם,,True,True,0.011399999999999999,0.0,9923.699999999999,0.011399999999999999,9923.699999999999,0
1146091,קסם IBOVESPA (!) ETF (ללא הרשאה),אמריקה- שווקים מתעוררים,,"מניות בחו""ל",2026-05-31,13180000.0,קסם,,True,True,0.01,0.0,1318.0,0.01,1318.0,0
1146125,"קסם ETF ת""א-ביטוח (ללא הרשאה)",ביטוח,,מניות בארץ,2026-05-31,782300000.0,קסם,,True,True,0.006500000000000001,0.0,50849.50000000001,0.006500000000000001,50849.50000000001,0
1146133,קסם ETF תל גוב-צמודות 0-2 (ללא הרשאה),צמודות מדד ממשלתיות - קצר,,"אג""ח בארץ- מדינה",2026-05-31,23110000.0,קסם,,True,True,0.0015,0.0,346.65000000000003,0.0015,346.65000000000003,0
1146141,"קסם NASDAQ US BuyBack Achievers ETF מנוטרלת מט""ח (ללא הרשאה)",אמריקה- שווקים מפותחים,,"מניות בחו""ל",2026-05-31,54930000.0,קסם,,True,True,0.0108,0.0,5932.4400000000005,0.0108,5932.4400000000005,0
1146158,קסם ETF תל גוב-צמודות 2-5 (ללא הרשאה),צמודות מדד ממשלתיות - בינוני,,"אג""ח בארץ- מדינה",2026-05-31,105110000.0,קסם,,True,True,0.0015,0.0,1576.65,0.0015,1576.65,0
1146166,קסם ETF תל גוב-שקלי 0-2 (ללא הרשאה),ריבית קבועה  - קצר,,"אג""ח בארץ- מדינה",2026-05-31,25080000.0,קסם,,True,True,0.0,0.0,0.0,0.0,0.0,0
1146174,קסם ETF תל גוב-שקלי 5+ (ללא הרשאה),ריבית קבועה - ארוך,,"אג""ח בארץ- מדינה",2026-05-31,62130000.0,קסם,,True,True,0.0015,0.0,931.95,0.0015,931.95,0
1146182,קסם STOXX Europe 600 ETF מנוטרלת אירו (ללא הרשאה),אירופה- כללי,,"מניות בחו""ל",2026-05-31,115530000.0,קסם,,True,True,0.009300000000000001,0.0,10744.29,0.009300000000000001,10744.29,0
1146190,קסם ETF תל גוב-שקלי 2-5 (ללא הרשאה),ריבית קבועה  - בינוני,,"אג""ח בארץ- מדינה",2026-05-31,68200000.0,קסם,,True,True,0.0015,0.0,1023.0,0.0015,1023.0,0
1146208,קסם STOXX Europe 600 ETF (ללא הרשאה),אירופה- כללי,,"מניות בחו""ל",2026-05-31,301620000.0,קסם,,True,True,0.0073,0.0,22018.26,0.0073,22018.26,0
1146216,קסם ETF תל בונד 40 צמודות (ללא הרשאה),בריבית קבועה,,"אג""ח בארץ- חברות והמרה",2026-05-31,123520000.0,קסם,,True,True,0.0025,0.0,3088.0,0.0025,3088.0,0
1146224,קסם NASDAQ US BuyBack Achievers ETF (ללא הרשאה),אמריקה- שווקים מפותחים,,"מניות בחו""ל",2026-05-31,58990000.0,קסם,,True,True,0.0078000000000000005,0.0,4601.22,0.0078000000000000005,4601.22,0
1146232,קסם ETF תל בונד 60 צמודות (ללא הרשאה),בריבית קבועה,,"אג""ח בארץ- חברות והמרה",2026-05-31,753050000.0,קסם,,True,True,0.0025,0.0,18826.25,0.0025,18826.25,0
1146240,קסם STOXX Europe MID 200 ETF מנוטרלת אירו (ללא הרשאה),אירופה- כללי,,"מניות בחו""ל",2026-05-31,23250000.0,קסם,,True,True,0.009000000000000001,0.0,2092.5,0.009000000000000001,2092.5,0
1146257,קסם ETF תל גוב-צמודות (ללא הרשאה),צמודות מדד ממשלתיות - אחר,,"אג""ח בארץ- מדינה",2026-05-31,99280000.0,קסם,,True,True,0.0015,0.0,1489.2,0.0015,1489.2,0
1146265,קסם ETF משולבת מניות אירופה חודשי מנוטרלת אירו (ללא הרשאה),"מניות בחו""ל קרן משולבת",,"מניות בחו""ל",2026-05-31,29970000.0,קסם,,True,True,0.0,0.0,0.0,0.0,0.0,0
1146273,"קסם ETF תל גוב-מק""מ (ללא הרשאה)","מק""מ",,"אג""ח בארץ- מדינה",2026-05-31,20670000.0,קסם,,True,True,0.0015,0.0,310.05,0.0015,310.05,0
1146281,קסם ETF תל בונד צמודות-בנקים ללא COCO (ללא הרשאה),בריבית קבועה,,"אג""ח בארץ- חברות והמרה",2026-05-31,233780000.0,קסם,,True,True,0.0023,0.0,5376.94,0.0023,5376.94,0
1146307,קסם STOXX Europe 600 Banks ETF מנוטרלת אירו (ללא הרשאה),Banking,,"מניות בחו""ל",2026-05-31,191990000.0,קסם,,True,True,0.0025,0.0,4799.75,0.0025,4799.75,0
1146331,"קסם ETF ת""א 90 (ללא הרשאה)",Mid Cap,,מניות בארץ,2026-05-31,4185970000.0000005,קסם,,True,True,0.006,0.0,251158.20000000004,0.006,251158.20000000004,0
1146356,"קסם ETF ת""א 125 (ללא הרשאה)",Large & Mid Cap,,מניות בארץ,2026-05-31,10386940000.0,קסם,,True,True,0.0025,0.0,259673.5,0.0025,259673.5,0
1146364,"קסם ETF ת""א גלובל בלוטק (ללא הרשאה)",טכנולוגיה,,מניות בארץ,2026-05-31,49830000.0,קסם,,True,True,0.004,0.0,1993.2000000000003,0.004,1993.2000000000003,0
1146372,קסם MDAX ETF (ללא הרשאה),אירופה- שווקים מפותחים,,"מניות בחו""ל",2026-05-31,4700000.0,קסם,,True,True,0.0,0.0,0.0,0.0,0.0,0
1146380,"קסם ETF ממונפת ת""א 35 פי 3 חודשי (ללא הרשאה)",מניות בארץ,,ממונפות,2026-05-31,709970000.0,קסם,,True,True,0.0275,0.0,195241.75,0.0275,195241.75,0
1146406,קסם EURO STOXX 50 ETF (ללא הרשאה),אירופה- כללי,,"מניות בחו""ל",2026-05-31,31210000.0,קסם,,True,True,0.008,0.0,2496.8,0.008,2496.8,0
1146414,קסם ETF תל בונד שקלי (ללא הרשאה),בריבית קבועה,,"אג""ח בארץ- חברות והמרה",2026-05-31,1538160000.0,קסם,,True,True,0.0025,0.0,38454.0,0.0025,38454.0,0
1146422,"קסם LBMA Gold Price PM USD ETF מנוטרלת מט""ח (ללא הרשאה)",סחורה,,סחורות,2026-05-31,232690000.0,קסם,,True,True,0.0148,0.0,34438.12,0.0148,34438.12,0
1146430,קסם ETF אינדקס בנקים ישראל (ללא הרשאה),בנקאות ואשראי חוץ בנקאי,,מניות בארץ,2026-05-31,1784450000.0,קסם,,True,True,0.006500000000000001,0.0,115989.25000000001,0.006500000000000001,115989.25000000001,0
1146448,קסם DJ Industrial Average ETF (ללא הרשאה),אמריקה- שווקים מפותחים,,"מניות בחו""ל",2026-05-31,134960000.0,קסם,,True,True,0.006,0.0,8097.6,0.006,8097.6,0
1146455,קסם ETF חסר תל בונד 40 צמודות (534) (ללא הרשאה),"אג""ח בארץ",,ממונפות,2026-05-31,5920000.0,קסם,,True,True,0.005,0.0,296.0,0.005,296.0,0
1146471,קסם S&P 500 ETF (ללא הרשאה),אמריקה- שווקים מפותחים,,"מניות בחו""ל",2026-05-31,5207220000.0,קסם,,True,True,0.006,0.0,312433.2,0.006,312433.2,0
1146497,קסם FTSE 100 ETF (ללא הרשאה),אירופה- שווקים מפותחים,,"מניות בחו""ל",2026-05-31,36630000.0,קסם,,True,True,0.004,0.0,1465.2,0.004,1465.2,0
1146505,קסם NASDAQ 100 ETF (ללא הרשאה),אמריקה- שווקים מפותחים,,"מניות בחו""ל",2026-05-31,1404050000.0,קסם,,True,True,0.0059,0.0,82838.95,0.0059,82838.95,0
1146513,קסם DAX ETF (ללא הרשאה),אירופה- שווקים מפותחים,,"מניות בחו""ל",2026-05-31,94570000.0,קסם,,True,True,0.0053,0.0,5012.21,0.0053,5012.21,0
1146521,קסם FTSE China 50 ETF (ללא הרשאה),אסיה ופסיפיק- שווקים מתעוררים,,"מניות בחו""ל",2026-05-31,17610000.0,קסם,,True,True,0.0095,0.0,1672.9499999999998,0.0095,1672.9499999999998,0
1146539,"קסם ETF ת""א SME60 (ללא הרשאה)",Mid  & Small Cap,,מניות בארץ,2026-05-31,208150000.0,קסם,,True,True,0.0098,0.0,20398.7,0.0098,20398.7,0
1146547,"קסם ETF ת""א נדל""ן (ללא הרשאה)","נדל""ן ובנייה",,מניות בארץ,2026-05-31,475970000.0,קסם,,True,True,0.0053,0.0,25226.41,0.0053,25226.41,0
1146554,"קסם ETF ת""א פיננסים (ללא הרשאה)",פיננסים,,מניות בארץ,2026-05-31,686480000.0,קסם,,True,True,0.006,0.0,41188.8,0.006,41188.8,0
1146562,קסם ETF תל גוב-שקלי (ללא הרשאה),ריבית קבועה,,"אג""ח בארץ- מדינה",2026-05-31,133840000.0,קסם,,True,True,0.0015,0.0,2007.6000000000001,0.0015,2007.6000000000001,0
1146570,"קסם ETF ת""א 35 (ללא הרשאה)",Large Cap,,מניות בארץ,2026-05-31,5022790000.0,קסם,,True,True,0.0025,0.0,125569.75,0.0025,125569.75,0
1146588,"קסם MDAX ETF מנוטרלת מט""ח (ללא הרשאה)",אירופה- שווקים מפותחים,,"מניות בחו""ל",2026-05-31,22090000.0,קסם,,True,True,0.0074,0.0,1634.6600000000003,0.0074,1634.6600000000003,0
1146604,"קסם S&P 500 ETF מנוטרלת מט""ח (ללא הרשאה)",אמריקה- שווקים מפותחים,,"מניות בחו""ל",2026-05-31,1826080000.0,קסם,,True,True,0.009000000000000001,0.0,164347.2,0.009000000000000001,164347.2,0
1146612,"קסם NASDAQ 100 ETF מנוטרלת מט""ח (ללא הרשאה)",אמריקה- שווקים מפותחים,,"מניות בחו""ל",2026-05-31,1373010000.0,קסם,,True,True,0.0089,0.0,122197.89,0.0089,122197.89,0
1146620,"קסם ETF חוזה Bloomberg Brent Crude מנוטרלת מט""ח (ללא הרשאה)",סחורה,,סחורות,2026-05-31,32390000.0,קסם,,True,True,0.015,0.0,4858.5,0.015,4858.5,0
1146638,קסם ETF משולבת תל גוב-כללי (65%) וקונצרני ישראל (35%) חודשי (ללא הרשאה),ללא מניות,,"אג""ח בארץ משולבת",2026-05-31,41850000.0,קסם,,True,True,0.0,0.0,0.0,0.0,0.0,0
1146646,קסם ETF תל גוב-כללי (ללא הרשאה),"אג""ח מדינה שיקלי וצמוד",,"אג""ח בארץ- מדינה",2026-05-31,284770000.0,קסם,,True,True,0.0015,0.0,4271.55,0.0015,4271.55,0
1146661,קסם ETF משולבת אגח כללי ישראל (90%) ומניות ישראל (10%) חודשי (ללא הרשאה),עד 10% מניות,,"אג""ח בארץ משולבת",2026-05-31,45130000.0,קסם,,True,True,0.0,0.0,0.0,0.0,0.0,0
1146679,קסם MSCI AC World ETF (ללא הרשאה),"מניות גלובליות - חשופת מט""ח",,"מניות בחו""ל",2026-05-31,149960000.0,קסם,,True,True,0.0095,0.0,14246.199999999999,0.0095,14246.199999999999,0
1146687,"קסם Hang Seng China ETF מנוטרלת מט""ח (ללא הרשאה)",אסיה ופסיפיק- שווקים מתעוררים,,"מניות בחו""ל",2026-05-31,9380000.0,קסם,,True,True,0.01,0.0,938.0,0.01,938.0,0
1146695,קסם ETF משולבת אגח כללי ישראל (80%) ומניות (20%) חודשי (ללא הרשאה),עד 20% מניות,,"אג""ח בארץ משולבת",2026-05-31,33580000.0,קסם,,True,True,0.0,0.0,0.0,0.0,0.0,0
1146703,"קסם DAX ETF מנוטרלת מט""ח (ללא הרשאה)",אירופה- שווקים מפותחים,,"מניות בחו""ל",2026-05-31,66230000.00000001,קסם,,True,True,0.01,0.0,6623.000000000001,0.01,6623.000000000001,0
1146729,"קסם Russell 2000 ETF מנוטרלת מט""ח (ללא הרשאה)",אמריקה- שווקים מפותחים,,"מניות בחו""ל",2026-05-31,111030000.0,קסם,,True,True,0.0034999999999999996,0.0,3886.0499999999997,0.0034999999999999996,3886.0499999999997,0
1146737,קסם MSCI Emerging Markets ETF מנוטרלת דולר (ללא הרשאה),גלובלי- שווקים מתעוררים,,"מניות בחו""ל",2026-05-31,57520000.0,קסם,,True,True,0.013999999999999999,0.0,8052.799999999999,0.013999999999999999,8052.799999999999,0
1146745,"קסם ETF חסר ת""א 35 (5,337.49) (ללא הרשאה)",מניות בארץ,,ממונפות,2026-05-31,38820000.0,קסם,,True,True,0.0075,0.0,2911.4999999999995,0.0075,2911.4999999999995,0
1146786,קסם S&P Financial ETF (ללא הרשאה),Financial,,"מניות בחו""ל",2026-05-31,66030000.0,קסם,,True,True,0.0075,0.0,4952.25,0.0075,4952.25,0
1146794,קסם S&P Consumer Discretionary ETF (ללא הרשאה),Consumer Discretionary,,"מניות בחו""ל",2026-05-31,52260000.0,קסם,,True,True,0.0076,0.0,3971.76,0.0076,3971.76,0
1146810,"קסם DJ Internet Composite ETF מנוטרלת מט""ח (ללא הרשאה)",Internet,,"מניות בחו""ל",2026-05-31,47710000.0,קסם,,True,True,0.01975,0.0,9422.725,0.01975,9422.725,0
1146828,"קסם ETF משולבת מניות MidCap מפותחות חודשי מנוטרלת מט""ח (ללא הרשאה)","מניות בחו""ל קרן משולבת",,"מניות בחו""ל",2026-05-31,10890000.0,קסם,,True,True,0.0,0.0,0.0,0.0,0.0,0
1146885,"קסם ETF ת""א נפט וגז (ללא הרשאה)","נפט, גז ואנרגיה",,מניות בארץ,2026-05-31,284020000.0,קסם,,True,True,0.006,0.0,17041.2,0.006,17041.2,0
1146919,קסם iBoxx US Liquid Investment Grade Top 30 ETF (ללא הרשאה),"חברות והמרה חשופת מט""ח",,"אג""ח בחו""ל",2026-05-31,11990000.0,קסם,,True,True,0.006,0.0,719.4,0.006,719.4,0
1146927,קסם ETF תל בונד צמודות (ללא הרשאה),בריבית קבועה,,"אג""ח בארץ- חברות והמרה",2026-05-31,73580000.0,קסם,,True,True,0.0025,0.0,1839.5,0.0025,1839.5,0
1146935,קסם ETF תל בונד צמודות-יתר (ללא הרשאה),בריבית קבועה,,"אג""ח בארץ- חברות והמרה",2026-05-31,207330000.0,קסם,,True,True,0.0022,0.0,4561.26,0.0022,4561.26,0
1146943,קסם S&P Homebuilders ETF (ללא הרשאה),REIT - Real Estate,,"מניות בחו""ל",2026-05-31,135650000.0,קסם,,True,True,0.006,0.0,8139.0,0.006,8139.0,0
1146950,קסם ETFי (!) תל בונד-תשואות צמודות (ללא הרשאה),בריבית קבועה,,"אג""ח בארץ- חברות והמרה",2026-05-31,439550000.0,קסם,,True,True,0.0025,0.0,10988.75,0.0025,10988.75,0
1146968,קסם ETF ממונפת S&P 500 פי 3 חודשי (ללא הרשאה),"מניות בחו""ל",,ממונפות,2026-05-31,137370000.0,קסם,,True,True,0.0275,0.0,37776.75,0.0275,37776.75,0
1146976,קסם ETF ממונפת NASDAQ 100 פי 3 חודשי (ללא הרשאה),"מניות בחו""ל",,ממונפות,2026-05-31,571300000.0,קסם,,True,True,0.0275,0.0,157107.5,0.0275,157107.5,0
1146984,קסם ETF ממונפת DAX פי 3 חודשי (ללא הרשאה),"מניות בחו""ל",,ממונפות,2026-05-31,80350000.0,קסם,,True,True,0.0275,0.0,22096.25,0.0275,22096.25,0
1146992,קסם ETF ממונפת בחסר S&P 500 פי 2 חודשי (ללא הרשאה),"מניות בחו""ל",,ממונפות,2026-05-31,10650000.0,קסם,,True,True,0.0275,0.0,2928.75,0.0275,2928.75,0
1147008,קסם ETF ממונפת בחסר NASDAQ 100 פי 2 חודשי (ללא הרשאה),"מניות בחו""ל",,ממונפות,2026-05-31,28860000.0,קסם,,True,True,0.0275,0.0,7936.500000000001,0.0275,7936.500000000001,0
1147016,קסם ETF ממונפת בחסר DAX פי 2 חודשי (ללא הרשאה),"מניות בחו""ל",,ממונפות,2026-05-31,8420000.0,קסם,,True,True,0.0275,0.0,2315.5,0.0275,2315.5,0
1147024,"קסם S&P SmallCap 600 ETF מנוטרלת מט""ח (ללא הרשאה)",אמריקה- שווקים מפותחים,,"מניות בחו""ל",2026-05-31,59570000.0,קסם,,True,True,0.008,0.0,4765.6,0.008,4765.6,0
1147032,קסם Morningstar Wide Moat Focus ETF (ללא הרשאה),אמריקה- כללי,,"מניות בחו""ל",2026-05-31,112420000.0,קסם,,True,True,0.006500000000000001,0.0,7307.300000000001,0.006500000000000001,7307.300000000001,0
1147040,"קסם ETF משולבת מניות ארה""ב חודשי מנוטרלת מט""ח (ללא הרשאה)","מניות בחו""ל קרן משולבת",,"מניות בחו""ל",2026-05-31,115290000.0,קסם,,True,True,0.0,0.0,0.0,0.0,0.0,0
1147057,"קסם ETF משולבת תל גוב-כללי (55%) קונצרני (30%) ומניות (15%) חודשי מנוטרלת מט""ח (ללא הרשאה)",עד 20% מניות,,"אג""ח בארץ משולבת",2026-05-31,29830000.0,קסם,,True,True,0.0,0.0,0.0,0.0,0.0,0
1147065,קסם S&P 500 Low Volatility High Dividend ETF (ללא הרשאה),אמריקה- שווקים מפותחים,,"מניות בחו""ל",2026-05-31,13140000.0,קסם,,True,True,0.0098,0.0,1287.72,0.0098,1287.72,0
1147073,קסם MSCI World ETF מנוטרלת דולר (ללא הרשאה),גלובלי- שווקים מפותחים,,"מניות בחו""ל",2026-05-31,35010000.0,קסם,,True,True,0.01,0.0,3501.0,0.01,3501.0,0
1147081,קסם ETF תל בונד מאגר (ללא הרשאה),"אג""ח חברות שקלי וצמוד",,"אג""ח בארץ- חברות והמרה",2026-05-31,930090000.0,קסם,,True,True,0.0025,0.0,23252.25,0.0025,23252.25,0
1147099,"קסם FTSE 250 ETF מנוטרלת מט""ח (ללא הרשאה)",אירופה- שווקים מפותחים,,"מניות בחו""ל",2026-05-31,11750000.0,קסם,,True,True,0.005,0.0,587.5,0.005,587.5,0
1147107,"קסם DJ US Dividend ETF מנוטרלת מט""ח (ללא הרשאה)",אמריקה- שווקים מפותחים,,"מניות בחו""ל",2026-05-31,22880000.0,קסם,,True,True,0.009300000000000001,0.0,2127.84,0.009300000000000001,2127.84,0
1147131,קסם ETFי (!) חסר תל בונד- תשואות צמודות (742.24) (ללא הרשאה),"אג""ח בארץ",,ממונפות,2026-05-31,4500000.0,קסם,,True,True,0.005,0.0,225.0,0.005,225.0,0
1147156,"קסם ETF משולבת מניות ארה""ב חודשי (ללא הרשאה)","מניות בחו""ל קרן משולבת",,"מניות בחו""ל",2026-05-31,37560000.0,קסם,,True,True,0.0,0.0,0.0,0.0,0.0,0
1147172,קסם S&P Health Care ETF (ללא הרשאה),Health Care,,"מניות בחו""ל",2026-05-31,74600000.0,קסם,,True,True,0.006999999999999999,0.0,5221.999999999999,0.006999999999999999,5221.999999999999,0
1147198,קסם ETFי All-Bond ריבית משתנה שקלי (ללא הרשאה),"אג""ח בארץ כללי",,"אג""ח בארץ כללי",2026-05-31,14280000.0,קסם,,True,True,0.0023,0.0,328.44,0.0023,328.44,0
1147214,"קסם ETF משולבת מניות סקטורים ארה""ב S&P חודשי (ללא הרשאה)","מניות בחו""ל קרן משולבת",,"מניות בחו""ל",2026-05-31,18620000.0,קסם,,True,True,0.0,0.0,0.0,0.0,0.0,0
1147230,קסם S&P Technology ETF (ללא הרשאה),Technology,,"מניות בחו""ל",2026-05-31,934530000.0,קסם,,True,True,0.0064,0.0,59809.92,0.0064,59809.92,0
1147263,"קסם iBoxx $ Corps Liquid 3-7 Years ETF מנוטרלת מט""ח (ללא הרשאה)","חברות והמרה  מנוטרלת מט""ח - בינוני",,"אג""ח בחו""ל",2026-05-31,60090000.0,קסם,,True,True,0.003,0.0,1802.7,0.003,1802.7,0
1147271,קסם Bluestar Israel Global Technology ETF (ללא הרשאה),Technology,,"מניות בחו""ל",2026-05-31,36620000.0,קסם,,True,True,0.006,0.0,2197.2000000000003,0.006,2197.2000000000003,0
1147297,קסם iBoxx $ Corps Liquid 3-7 Years ETF (ללא הרשאה),"חברות והמרה חשופת מט""ח - בינוני",,"אג""ח בחו""ל",2026-05-31,31440000.0,קסם,,True,True,0.003,0.0,943.2,0.003,943.2,0
1147347,"קסם ETF חסר ת""א SME60י (1913.2) (ללא הרשאה)",מניות בארץ,,ממונפות,2026-05-31,32590000.000000004,קסם,,True,True,0.0235,0.0,7658.650000000001,0.0235,7658.650000000001,0
1147362,קסם MSCI AC World ETF מנוטרלת דולר (ללא הרשאה),"מניות גלובליות - מנוטרלת מט""ח",,"מניות בחו""ל",2026-05-31,389580000.0,קסם,,True,True,0.0022,0.0,8570.76,0.0022,8570.76,0
1147396,קסם ETF תל בונד שקלי 3-5 (ללא הרשאה),בריבית קבועה - בינוני,,"אג""ח בארץ- חברות והמרה",2026-05-31,54130000.0,קסם,,True,True,0.0025,0.0,1353.25,0.0025,1353.25,0
1147529,קסם S&P Industrial ETF (ללא הרשאה),Industrials,,"מניות בחו""ל",2026-05-31,14330000.0,קסם,,True,True,0.008,0.0,1146.4,0.008,1146.4,0
1147545,"קסם FTSE 100 ETF מנוטרלת מט""ח (ללא הרשאה)",אירופה- שווקים מפותחים,,"מניות בחו""ל",2026-05-31,11580000.0,קסם,,True,True,0.008,0.0,926.4000000000001,0.008,926.4000000000001,0
1147875,אי בי אי סל LBMA Gold Price AM (ללא הרשאה),סחורה,,סחורות,2026-05-31,104550000.0,אי.בי.אי,,True,True,0.015,0.0,15682.499999999998,0.015,15682.499999999998,0
1147966,אי בי אי סל iBoxx US Liquid Investment Grade Top 30 (ללא הרשאה),"חברות והמרה חשופת מט""ח",,"אג""ח בחו""ל",2026-05-31,14670000.0,אי.בי.אי,,True,True,0.002,0.0,293.40000000000003,0.002,293.40000000000003,0
1147974,אי בי אי סל תל בונד 40 צמודות (ללא הרשאה),בריבית קבועה,,"אג""ח בארץ- חברות והמרה",2026-05-31,174750000.0,אי.בי.אי,,True,True,0.0025,0.0,4368.75,0.0025,4368.75,0
1148006,אי בי אי סל תל בונד 60 צמודות (ללא הרשאה),בריבית קבועה,,"אג""ח בארץ- חברות והמרה",2026-05-31,1032940000.0,אי.בי.אי,,True,True,0.0025,0.0,25823.5,0.0025,25823.5,0
1148048,אי בי אי סל תל בונד צמודות (ללא הרשאה),בריבית קבועה,,"אג""ח בארץ- חברות והמרה",2026-05-31,91900000.0,אי.בי.אי,,True,True,0.002,0.0,1838.0000000000002,0.002,1838.0000000000002,0
1148162,אי בי אי סל S&P 500 (ללא הרשאה),אמריקה- שווקים מפותחים,,"מניות בחו""ל",2026-05-31,4217080000.0,אי.בי.אי,,True,True,0.008,0.0,337366.4,0.008,337366.4,0
1148212,"אי בי אי סל S&P Health Care מנוטרלת מט""ח (ללא הרשאה)",Health Care,,"מניות בחו""ל",2026-05-31,21400000.0,אי.בי.אי,,True,True,0.008,0.0,1712.0000000000002,0.008,1712.0000000000002,0
1148477,אי בי אי סל תל בונד צמודות A (ללא הרשאה),בריבית קבועה,,"אג""ח בארץ- חברות והמרה",2026-05-31,348100000.0,אי.בי.אי,,True,True,0.0025,0.0,8702.5,0.0025,8702.5,0
1148774,אי בי אי סל אינדקס בנקים ישראל (ללא הרשאה),בנקאות ואשראי חוץ בנקאי,,מניות בארץ,2026-05-31,15031920000.0,אי.בי.אי,,True,True,0.006500000000000001,0.0,977074.8000000002,0.006500000000000001,977074.8000000002,0
1148808,"אי בי אי סל ת""א 125 (ללא הרשאה)",Large & Mid Cap,,מניות בארץ,2026-05-31,3939490000.0,אי.בי.אי,,True,True,0.0034999999999999996,0.0,137882.15,0.0034999999999999996,137882.15,0
1148899,"הראל סל ת""א 125 (ללא הרשאה)",Large & Mid Cap,,מניות בארץ,2026-05-31,5594010000.0,הראל,,True,True,0.0025,0.0,139850.25,0.0025,139850.25,0
1148907,"הראל סל ת""א 35 (ללא הרשאה)",Large Cap,,מניות בארץ,2026-05-31,2092469999.9999998,הראל,,True,True,0.0025,0.0,52311.75,0.0025,52311.75,0
1148931,"הראל סל ת""א 90 (ללא הרשאה)",Mid Cap,,מניות בארץ,2026-05-31,3010920000.0,הראל,,True,True,0.006,0.0,180655.2,0.006,180655.2,0
1148949,הראל סל אינדקס בנקים ישראל (ללא הרשאה),בנקאות ואשראי חוץ בנקאי,,מניות בארץ,2026-05-31,2989210000.0,הראל,,True,True,0.006,0.0,179352.6,0.006,179352.6,0
1148956,"הראל סל ת""א SME60 (ללא הרשאה)",Mid  & Small Cap,,מניות בארץ,2026-05-31,120250000.0,הראל,,True,True,0.008,0.0,9620.0,0.008,9620.0,0
1148964,"הראל סל ת""א נדל""ן (ללא הרשאה)","נדל""ן ובנייה",,מניות בארץ,2026-05-31,319900000.0,הראל,,True,True,0.006,0.0,19194.0,0.006,19194.0,0
1148980,"הראל סל ת""א פיננסים (ללא הרשאה)",פיננסים,,מניות בארץ,2026-05-31,451080000.0,הראל,,True,True,0.006,0.0,27064.8,0.006,27064.8,0
1149020,הראל סל S&P 500 (ללא הרשאה),אמריקה- שווקים מפותחים,,"מניות בחו""ל",2026-05-31,5945590000.0,הראל,,True,True,0.006,0.0,356735.4,0.006,356735.4,0
1149038,הראל סל NASDAQ 100 (ללא הרשאה),אמריקה- שווקים מפותחים,,"מניות בחו""ל",2026-05-31,435180000.0,הראל,,True,True,0.006999999999999999,0.0,30462.6,0.006999999999999999,30462.6,0
1149053,הראל סל DAX (ללא הרשאה),אירופה- שווקים מפותחים,,"מניות בחו""ל",2026-05-31,44900000.0,הראל,,True,True,0.005,0.0,2245.0,0.005,2245.0,0
1149103,"הראל סל NASDAQ 100 מנוטרלת מט""ח (ללא הרשאה)",אמריקה- שווקים מפותחים,,"מניות בחו""ל",2026-05-31,769950000.0,הראל,,True,True,0.008,0.0,61596.00000000001,0.008,61596.00000000001,0
1149137,"הראל סל S&P 500 מנוטרלת מט""ח (ללא הרשאה)",אמריקה- שווקים מפותחים,,"מניות בחו""ל",2026-05-31,1374150000.0,הראל,,True,True,0.008,0.0,109932.00000000001,0.008,109932.00000000001,0
1149160,"הראל סל DAX מנוטרלת מט""ח (ללא הרשאה)",אמריקה- שווקים מפותחים,,"מניות בחו""ל",2026-05-31,71050000.0,הראל,,True,True,0.008,0.0,5684.000000000001,0.008,5684.000000000001,0
1149228,הראל סל DJ Industrial Average (ללא הרשאה),אמריקה- שווקים מפותחים,,"מניות בחו""ל",2026-05-31,133669999.99999999,הראל,,True,True,0.0045000000000000005,0.0,6015.15,0.0045000000000000005,6015.15,0
1149236,"אי בי אי סל חסר ת""א 90 (6582.848) (ללא הרשאה)",מניות בארץ,,ממונפות,2026-05-31,4830000.0,אי.בי.אי,,True,True,0.005,0.0,241.5,0.005,241.5,0
1149244,הראל סל EURO STOXX 50 (ללא הרשאה),אירופה- כללי,,"מניות בחו""ל",2026-05-31,25100000.0,הראל,,True,True,0.0045000000000000005,0.0,1129.5,0.0045000000000000005,1129.5,0
1149251,"הראל סל NIKKEI 225 מנוטרלת מט""ח (ללא הרשאה)",אסיה ופסיפיק- שווקים מפותחים,,"מניות בחו""ל",2026-05-31,82560000.0,הראל,,True,True,0.0078000000000000005,0.0,6439.68,0.0078000000000000005,6439.68,0
1149285,הראל סל S&P Industrial (ללא הרשאה),Industrials,,"מניות בחו""ל",2026-05-31,47160000.0,הראל,,True,True,0.006999999999999999,0.0,3301.2,0.006999999999999999,3301.2,0
1149301,הראל סל MSCI Emerging Markets (ללא הרשאה),גלובלי- שווקים מתעוררים,,"מניות בחו""ל",2026-05-31,30860000.0,הראל,,True,True,0.004,0.0,1234.4,0.004,1234.4,0
1149335,הראל סל MSCI AC World (ללא הרשאה),"מניות גלובליות - חשופת מט""ח",,"מניות בחו""ל",2026-05-31,231040000.0,הראל,,True,True,0.0055000000000000005,0.0,12707.200000000003,0.0055000000000000005,12707.200000000003,0
1149772,אי בי אי סל MSCI AC World (ללא הרשאה),"מניות גלובליות - חשופת מט""ח",,"מניות בחו""ל",2026-05-31,712000000.0,אי.בי.אי,,True,True,0.008,0.0,56960.00000000001,0.008,56960.00000000001,0
1149830,"אי בי אי סל DAX מנוטרלת מט""ח (ללא הרשאה)",אירופה- שווקים מפותחים,,"מניות בחו""ל",2026-05-31,59440000.0,אי.בי.אי,,True,True,0.008,0.0,4755.200000000001,0.008,4755.200000000001,0
1149848,הראל סל S&P Health Care (ללא הרשאה),Health Care,,"מניות בחו""ל",2026-05-31,44810000.0,הראל,,True,True,0.005,0.0,2240.5,0.005,2240.5,0
1149855,הראל סל S&P Financial (ללא הרשאה),Financial,,"מניות בחו""ל",2026-05-31,50360000.0,הראל,,True,True,0.0045000000000000005,0.0,2266.2000000000003,0.0045000000000000005,2266.2000000000003,0
1149863,הראל סל S&P Consumer Staples (ללא הרשאה),Consumer Staples,,"מניות בחו""ל",2026-05-31,28430000.0,הראל,,True,True,0.005,0.0,1421.5,0.005,1421.5,0
1149871,הראל סל STOXX Europe 600 (ללא הרשאה),אירופה- כללי,,"מניות בחו""ל",2026-05-31,67860000.0,הראל,,True,True,0.006,0.0,4071.6,0.006,4071.6,0
1149889,הראל סל STOXX Europe 600 מנוטרלת אירו (ללא הרשאה),אירופה- כללי,,"מניות בחו""ל",2026-05-31,75860000.0,הראל,,True,True,0.008,0.0,6068.8,0.008,6068.8,0
1149897,"הראל סל S&P Financial מנוטרלת מט""ח (ללא הרשאה)",Financial,,"מניות בחו""ל",2026-05-31,108120000.0,הראל,,True,True,0.005,0.0,5406.0,0.005,5406.0,0
1149905,"הראל סל S&P 500 Low Volatility מנוטרלת מט""ח (ללא הרשאה)",אמריקה- שווקים מפותחים,,"מניות בחו""ל",2026-05-31,34910000.0,הראל,,True,True,0.006500000000000001,0.0,2269.15,0.006500000000000001,2269.15,0
1149939,הראל סל S&P Technology (ללא הרשאה),Technology,,"מניות בחו""ל",2026-05-31,685120000.0,הראל,,True,True,0.006,0.0,41107.200000000004,0.006,41107.200000000004,0
1149954,MTF סל תל גוב-שקלי (ללא הרשאה),ריבית קבועה,,"אג""ח בארץ- מדינה",2026-05-31,87360000.0,מגדל,,True,True,0.002,0.0,1747.2,0.002,1747.2,0
1149962,MTF סל תל גוב-שקלי 2-5 (ללא הרשאה),ריבית קבועה  - בינוני,,"אג""ח בארץ- מדינה",2026-05-31,99670000.0,מגדל,,True,True,0.0015,0.0,1495.05,0.0015,1495.05,0
1149970,"הראל סל S&P 500 Equal Weight מנוטרלת מט""ח (ללא הרשאה)",אמריקה- שווקים מפותחים,,"מניות בחו""ל",2026-05-31,286650000.0,הראל,,True,True,0.004,0.0,11466.000000000002,0.004,11466.000000000002,0
1149988,MTF סל תל בונד 20 צמודות (ללא הרשאה),בריבית קבועה,,"אג""ח בארץ- חברות והמרה",2026-05-31,495840000.0,מגדל,,True,True,0.0025,0.0,12396.0,0.0025,12396.0,0
1149996,MTF סל תל בונד 60 צמודות (ללא הרשאה),בריבית קבועה,,"אג""ח בארץ- חברות והמרה",2026-05-31,778970000.0,מגדל,,True,True,0.0025,0.0,19474.25,0.0025,19474.25,0
1150002,MTF סל תל בונד שקלי (ללא הרשאה),בריבית קבועה,,"אג""ח בארץ- חברות והמרה",2026-05-31,813490000.0,מגדל,,True,True,0.0025,0.0,20337.25,0.0025,20337.25,0
1150010,MTF סל תל גוב-צמודות 2-5 (ללא הרשאה),צמודות מדד ממשלתיות - בינוני,,"אג""ח בארץ- מדינה",2026-05-31,91090000.0,מגדל,,True,True,0.0015,0.0,1366.3500000000001,0.0015,1366.3500000000001,0
1150036,הראל סל S&P Energy (ללא הרשאה),Energy,,"מניות בחו""ל",2026-05-31,22450000.0,הראל,,True,True,0.003,0.0,673.5,0.003,673.5,0
1150051,MTF סל תל גוב-שקלי 5+ (ללא הרשאה),ריבית קבועה - ארוך,,"אג""ח בארץ- מדינה",2026-05-31,293280000.0,מגדל,,True,True,0.0015,0.0,4399.2,0.0015,4399.2,0
1150069,MTF סל תל גוב-צמודות 5-10 (ללא הרשאה),צמודות מדד ממשלתיות - ארוך,,"אג""ח בארץ- מדינה",2026-05-31,68130000.0,מגדל,,True,True,0.0015,0.0,1021.95,0.0015,1021.95,0
1150101,MTF סל תל בונד צמודות (ללא הרשאה),בריבית קבועה,,"אג""ח בארץ- חברות והמרה",2026-05-31,178270000.0,מגדל,,True,True,0.0025,0.0,4456.75,0.0025,4456.75,0
1150119,MTF סל (!) תל - בונד תשואות צמודות (ללא הרשאה),בריבית קבועה,,"אג""ח בארץ- חברות והמרה",2026-05-31,218190000.0,מגדל,,True,True,0.0025,0.0,5454.75,0.0025,5454.75,0
1150135,MTF סל (!) תל בונד גלובל שקלי (ללא הרשאה),בריבית קבועה,,"אג""ח בארץ- חברות והמרה",2026-05-31,142730000.0,מגדל,,True,True,0.0,0.0,0.0,0.0,0.0,0
1150168,MTF סל תל בונד שקלי 50 (ללא הרשאה),בריבית קבועה,,"אג""ח בארץ- חברות והמרה",2026-05-31,724010000.0,מגדל,,True,True,0.0025,0.0,18100.25,0.0025,18100.25,0
1150184,"MTF סל ת""א 35 (ללא הרשאה)",Large Cap,,מניות בארץ,2026-05-31,1501110000.0,מגדל,,True,True,0.0024,0.0,36026.64,0.0024,36026.64,0
1150192,הראל סל ISE Cyber Security מנוטרלת דולר (ללא הרשאה),Cyber Security,,"מניות בחו""ל",2026-05-31,96930000.0,הראל,,True,True,0.006999999999999999,0.0,6785.099999999999,0.006999999999999999,6785.099999999999,0
1150200,הראל סל MSCI AC World מנוטרלת דולר (ללא הרשאה),"מניות גלובליות - מנוטרלת מט""ח",,"מניות בחו""ל",2026-05-31,240840000.0,הראל,,True,True,0.0025,0.0,6021.0,0.0025,6021.0,0
1150226,MTF סל STOXX Europe 600 (ללא הרשאה),אירופה- כללי,,"מניות בחו""ל",2026-05-31,68090000.0,מגדל,,True,True,0.004,0.0,2723.6000000000004,0.004,2723.6000000000004,0
1150242,MTF סל RUSSELL 2000 (ללא הרשאה),אמריקה- שווקים מפותחים,,"מניות בחו""ל",2026-05-31,63580000.0,מגדל,,True,True,0.0024,0.0,1525.9199999999998,0.0024,1525.9199999999998,0
1150259,"MTF סל ת""א 90 (ללא הרשאה)",Mid Cap,,מניות בארץ,2026-05-31,3027980000.0,מגדל,,True,True,0.006,0.0,181678.80000000002,0.006,181678.80000000002,0
1150267,"MTF סל ת""א טק-עילית (ללא הרשאה)",טכנולוגיה,,מניות בארץ,2026-05-31,90350000.0,מגדל,,True,True,0.005,0.0,4517.5,0.005,4517.5,0
1150275,MTF סל MSCI Emerging Markets (ללא הרשאה),גלובלי- שווקים מתעוררים,,"מניות בחו""ל",2026-05-31,159230000.0,מגדל,,True,True,0.0034999999999999996,0.0,5573.049999999999,0.0034999999999999996,5573.049999999999,0
1150283,"MTF סל ת""א 125 (ללא הרשאה)",Large & Mid Cap,,מניות בארץ,2026-05-31,5638010000.0,מגדל,,True,True,0.0024,0.0,135312.24,0.0024,135312.24,0
1150333,MTF סל S&P 500 (ללא הרשאה),אמריקה- שווקים מפותחים,,"מניות בחו""ל",2026-05-31,5664760000.0,מגדל,,True,True,0.0025,0.0,141619.0,0.0025,141619.0,0
1150341,MTF סל S&P Aerospace & Defense (ללא הרשאה),Aerospace & Defense,,"מניות בחו""ל",2026-05-31,102360000.0,מגדל,,True,True,0.008,0.0,8188.800000000001,0.008,8188.800000000001,0
1150358,MTF סל S&P Consumer Discretionary (ללא הרשאה),Consumer Discretionary,,"מניות בחו""ל",2026-05-31,14990000.0,מגדל,,True,True,0.0015,0.0,224.85,0.0015,224.85,0
1150366,MTF סל S&P Consumer Staples (ללא הרשאה),Consumer Staples,,"מניות בחו""ל",2026-05-31,16890000.0,מגדל,,True,True,0.0015,0.0,253.35,0.0015,253.35,0
1150374,הראל סל ISE Cyber Security (ללא הרשאה),Cyber Security,,"מניות בחו""ל",2026-05-31,74600000.0,הראל,,True,True,0.006,0.0,4476.0,0.006,4476.0,0
1150382,MTF סל S&P Financial (ללא הרשאה),Financial,,"מניות בחו""ל",2026-05-31,23610000.0,מגדל,,True,True,0.008,0.0,1888.8000000000002,0.008,1888.8000000000002,0
1150390,MTF סל S&P Health Care (ללא הרשאה),Health Care,,"מניות בחו""ל",2026-05-31,53620000.0,מגדל,,True,True,0.0015,0.0,804.3000000000001,0.0015,804.3000000000001,0
1150408,MTF סל S&P Industrial (ללא הרשאה),Industrials,,"מניות בחו""ל",2026-05-31,65980000.00000001,מגדל,,True,True,0.0015,0.0,989.7000000000002,0.0015,989.7000000000002,0
1150416,"MTF סל DAX מנוטרלת מט""ח (ללא הרשאה)",אירופה- שווקים מפותחים,,"מניות בחו""ל",2026-05-31,90410000.0,מגדל,,True,True,0.0045000000000000005,0.0,4068.4500000000003,0.0045000000000000005,4068.4500000000003,0
1150424,MTF סל S&P Technology (ללא הרשאה),Technology,,"מניות בחו""ל",2026-05-31,234270000.0,מגדל,,True,True,0.006,0.0,14056.2,0.006,14056.2,0
1150432,"MTF סל S&P Health Care מנוטרלת מט""ח (ללא הרשאה)",Health Care,,"מניות בחו""ל",2026-05-31,45820000.0,מגדל,,True,True,0.008,0.0,3665.6000000000004,0.008,3665.6000000000004,0
1150440,הראל סל תל בונד 20 צמודות (ללא הרשאה),בריבית קבועה,,"אג""ח בארץ- חברות והמרה",2026-05-31,531740000.0,הראל,,True,True,0.0025,0.0,13293.5,0.0025,13293.5,0
1150457,"MTF סל S&P Industrial מנוטרלת מט""ח (ללא הרשאה)",Industrials,,"מניות בחו""ל",2026-05-31,80810000.0,מגדל,,True,True,0.008,0.0,6464.8,0.008,6464.8,0
1150473,הראל סל תל בונד 60 צמודות (ללא הרשאה),בריבית קבועה,,"אג""ח בארץ- חברות והמרה",2026-05-31,704710000.0,הראל,,True,True,0.0032,0.0,22550.719999999998,0.0032,22550.719999999998,0
1150481,"MTF סל S&P Technology מנוטרלת מט""ח (ללא הרשאה)",Technology,,"מניות בחו""ל",2026-05-31,454440000.0,מגדל,,True,True,0.008,0.0,36355.200000000004,0.008,36355.200000000004,0
1150499,הראל סל תל בונד 40 צמודות (ללא הרשאה),בריבית קבועה,,"אג""ח בארץ- חברות והמרה",2026-05-31,112010000.0,הראל,,True,True,0.002,0.0,2240.2000000000003,0.002,2240.2000000000003,0
1150507,"MTF סל S&P Utilities מנוטרלת מט""ח (ללא הרשאה)",Utilities,,"מניות בחו""ל",2026-05-31,95230000.0,מגדל,,True,True,0.0015,0.0,1428.45,0.0015,1428.45,0
1150523,הראל סל תל בונד שקלי (ללא הרשאה),בריבית קבועה,,"אג""ח בארץ- חברות והמרה",2026-05-31,1176380000.0,הראל,,True,True,0.0028000000000000004,0.0,32938.64000000001,0.0028000000000000004,32938.64000000001,0
1150531,"MTF סל NIKKEI 225 מנוטרלת מט""ח (ללא הרשאה)",אסיה ופסיפיק- שווקים מפותחים,,"מניות בחו""ל",2026-05-31,135080000.0,מגדל,,True,True,0.0077,0.0,10401.16,0.0077,10401.16,0
1150549,"MTF סל RUSSELL 2000 מנוטרלת מט""ח (ללא הרשאה)",אמריקה- שווקים מפותחים,,"מניות בחו""ל",2026-05-31,130990000.00000001,מגדל,,True,True,0.005,0.0,6549.500000000001,0.005,6549.500000000001,0
1150564,"MTF סל S&P Aerospace & Defense מנוטרלת מט""ח (ללא הרשאה)",Aerospace & Defense,,"מניות בחו""ל",2026-05-31,108730000.0,מגדל,,True,True,0.008,0.0,8698.400000000001,0.008,8698.400000000001,0
1150572,"MTF סל S&P 500 מנוטרלת מט""ח (ללא הרשאה)",אמריקה- שווקים מפותחים,,"מניות בחו""ל",2026-05-31,2222420000.0,מגדל,,True,True,0.0025,0.0,55560.5,0.0025,55560.5,0
1150598,"MTF סל S&P Financial מנוטרלת מט""ח (ללא הרשאה)",Financial,,"מניות בחו""ל",2026-05-31,39860000.0,מגדל,,True,True,0.008,0.0,3188.8,0.008,3188.8,0
1150606,הראל סל תל בונד צמודות (ללא הרשאה),בריבית קבועה,,"אג""ח בארץ- חברות והמרה",2026-05-31,165060000.0,הראל,,True,True,0.0025,0.0,4126.5,0.0025,4126.5,0
1150614,"MTF סל STOXX Europe 600 מנוטרלת מט""ח (ללא הרשאה)",אירופה- כללי,,"מניות בחו""ל",2026-05-31,353150000.0,מגדל,,True,True,0.0055000000000000005,0.0,19423.250000000004,0.0055000000000000005,19423.250000000004,0
1150622,הראל סל (!) תל בונד-תשואות צמודות (ללא הרשאה),בריבית קבועה,,"אג""ח בארץ- חברות והמרה",2026-05-31,432120000.0,הראל,,True,True,0.0025,0.0,10803.0,0.0025,10803.0,0
1150663,"MTF סל S&P Consumer Discretionary מנוטרלת מט""ח (ללא הרשאה)",Consumer Discretionary,,"מניות בחו""ל",2026-05-31,21770000.0,מגדל,,True,True,0.008,0.0,1741.6000000000001,0.008,1741.6000000000001,0
1150671,הראל סל (!) תל בונד תשואות שקל (ללא הרשאה),בריבית קבועה,,"אג""ח בארץ- חברות והמרה",2026-05-31,222370000.0,הראל,,True,True,0.002,0.0,4447.400000000001,0.002,4447.400000000001,0
1150689,"MTF סל S&P Consumer Staples מנוטרלת מט""ח (ללא הרשאה)",Consumer Staples,,"מניות בחו""ל",2026-05-31,51250000.0,מגדל,,True,True,0.006500000000000001,0.0,3331.2500000000005,0.006500000000000001,3331.2500000000005,0
1150713,הראל סל תל בונד שקלי 50 (ללא הרשאה),בריבית קבועה,,"אג""ח בארץ- חברות והמרה",2026-05-31,877290000.0,הראל,,True,True,0.0025,0.0,21932.25,0.0025,21932.25,0
1150721,"MTF סל S&P Energy מנוטרלת מט""ח (ללא הרשאה)",Energy,,"מניות בחו""ל",2026-05-31,49710000.0,מגדל,,True,True,0.001,0.0,497.1,0.001,497.1,0
1150739,הראל סל (!) תל בונד גלובל שקלי (ללא הרשאה),בריבית קבועה,,"אג""ח בארץ- חברות והמרה",2026-05-31,52920000.0,הראל,,True,True,0.0025,0.0,1323.0,0.0025,1323.0,0
1150747,הראל סל תל בונד שקלי-בנקים וביטוח (ללא הרשאה),בריבית קבועה,,"אג""ח בארץ- חברות והמרה",2026-05-31,148950000.0,הראל,,True,True,0.0034999999999999996,0.0,5213.249999999999,0.0034999999999999996,5213.249999999999,0
1150754,קסם ETF תל בונד צמודות 3-5 (ללא הרשאה),בריבית קבועה - בינוני,,"אג""ח בארץ- חברות והמרה",2026-05-31,163740000.0,קסם,,True,True,0.0025,0.0,4093.5,0.0025,4093.5,0
1150762,קסם ETF תל בונד שקלי 50 (ללא הרשאה),בריבית קבועה,,"אג""ח בארץ- חברות והמרה",2026-05-31,1069650000.0000001,קסם,,True,True,0.0025,0.0,26741.250000000004,0.0025,26741.250000000004,0
1150770,קסם ETF (!) תל בונד גלובל שקלי (ללא הרשאה),בריבית קבועה,,"אג""ח בארץ- חברות והמרה",2026-05-31,185730000.0,קסם,,True,True,0.0025,0.0,4643.25,0.0025,4643.25,0
1150796,קסם S&P MidCap 400 ETF (ללא הרשאה),אמריקה- שווקים מפותחים,,"מניות בחו""ל",2026-05-31,22070000.0,קסם,,True,True,0.001,0.0,220.70000000000002,0.001,220.70000000000002,0
1150861,MTF סל DAX (ללא הרשאה),אירופה- שווקים מפותחים,,"מניות בחו""ל",2026-05-31,40990000.0,מגדל,,True,True,0.0045000000000000005,0.0,1844.5500000000002,0.0045000000000000005,1844.5500000000002,0
1155076,אי בי אי סל כשרה תל בונד 60 צמודות (ללא הרשאה),בריבית קבועה,,"אג""ח בארץ- חברות והמרה",2026-05-31,456240000.0,אי.בי.אי,,True,True,0.0,0.0,0.0,0.0,0.0,0
1155092,הראל סל כשרה תל בונד 60 צמודות (ללא הרשאה),בריבית קבועה,,"אג""ח בארץ- חברות והמרה",2026-05-31,467950000.0,הראל,,True,True,0.0,0.0,0.0,0.0,0.0,0
1155100,תכלית סל (!) כשרה תל בונד-תשואות צמודות (ללא הרשאה),בריבית קבועה,,"אג""ח בארץ- חברות והמרה",2026-05-31,116480000.0,מיטב,,True,True,0.0,0.0,0.0,0.0,0.0,0
1155118,תכלית סל כשרה תל בונד צמודות-יתר (ללא הרשאה),בריבית קבועה,,"אג""ח בארץ- חברות והמרה",2026-05-31,30380000.0,מיטב,,True,True,0.0,0.0,0.0,0.0,0.0,0
1155126,קסם ETF כשרה תל בונד 60 צמודות (ללא הרשאה),בריבית קבועה,,"אג""ח בארץ- חברות והמרה",2026-05-31,365360000.0,קסם,,True,True,0.0,0.0,0.0,0.0,0.0,0
1155159,קסם ETF כשרה תל בונד שקלי (ללא הרשאה),בריבית קבועה,,"אג""ח בארץ- חברות והמרה",2026-05-31,170090000.0,קסם,,True,True,0.0,0.0,0.0,0.0,0.0,0
1155183,תכלית סל כשרה תל בונד שקלי (ללא הרשאה),בריבית קבועה,,"אג""ח בארץ- חברות והמרה",2026-05-31,196400000.0,מיטב,,True,True,0.0,0.0,0.0,0.0,0.0,0
1155191,הראל סל כשרה תל בונד שקלי (ללא הרשאה),בריבית קבועה,,"אג""ח בארץ- חברות והמרה",2026-05-31,180800000.0,הראל,,True,True,0.0,0.0,0.0,0.0,0.0,0
1155324,"אי בי אי סל כשרה ת""א 125 (ללא הרשאה)",Large & Mid Cap,,מניות בארץ,2026-05-31,915220000.0,אי.בי.אי,,True,True,0.0,0.0,0.0,0.0,0.0,0
1155340,"הראל סל כשרה ת""א 125 (ללא הרשאה)",Large & Mid Cap,,מניות בארץ,2026-05-31,757820000.0,הראל,,True,True,0.0,0.0,0.0,0.0,0.0,0
1155365,"קסם ETF כשרה ת""א 125 (ללא הרשאה)",Large & Mid Cap,,מניות בארץ,2026-05-31,880630000.0,קסם,,True,True,0.0,0.0,0.0,0.0,0.0,0
1155373,"תכלית סל כשרה ת""א 125 (ללא הרשאה)",Large & Mid Cap,,מניות בארץ,2026-05-31,849560000.0,מיטב,,True,True,0.0,0.0,0.0,0.0,0.0,0
1157379,קסם All-Bond ETF-דולר וטופ 5 בתל בונד-20 צמודות (ללא הרשאה),אחר,,"אג""ח בארץ- חברות והמרה",2026-05-31,28110000.0,קסם,,True,True,0.0025,0.0,702.75,0.0025,702.75,0
1157908,קסם S&P U.S. Treasury Bond 1-3 Year ETF (ללא הרשאה),"ממשלתיות חשופת מט""ח - קצר",,"אג""ח בחו""ל",2026-05-31,168130000.0,קסם,,True,True,0.0015,0.0,2521.9500000000003,0.0015,2521.9500000000003,0
1157916,קסם S&P U.S. Treasury Bond 3-5 Year ETF (ללא הרשאה),"ממשלתיות חשופת מט""ח - בינוני",,"אג""ח בחו""ל",2026-05-31,31520000.0,קסם,,True,True,0.0015,0.0,472.8,0.0015,472.8,0
1157924,קסם S&P U.S. Treasury Bond 7-10 Year ETF (ללא הרשאה),"ממשלתיות חשופת מט""ח - ארוך",,"אג""ח בחו""ל",2026-05-31,211520000.0,קסם,,True,True,0.0015,0.0,3172.8,0.0015,3172.8,0
1157957,קסם NIFTY 50 (!) ETF (ללא הרשאה),אסיה ופסיפיק- שווקים מתעוררים,,"מניות בחו""ל",2026-05-31,30750000.0,קסם,,True,True,0.008,0.0,2460.0,0.008,2460.0,0
1158328,MTF סל Indxx USA Cloud Computing (ללא הרשאה),Cloud Computing,,"מניות בחו""ל",2026-05-31,13630000.0,מגדל,,True,True,0.008,0.0,1090.4,0.008,1090.4,0
1159698,MTF סל כשרה תל בונד 60 צמודות (ללא הרשאה),בריבית קבועה,,"אג""ח בארץ- חברות והמרה",2026-05-31,158740000.0,מגדל,,True,True,0.0,0.0,0.0,0.0,0.0,0
1159706,MTF סל כשרה תל בונד שקלי (ללא הרשאה),בריבית קבועה,,"אג""ח בארץ- חברות והמרה",2026-05-31,159650000.0,מגדל,,True,True,0.0,0.0,0.0,0.0,0.0,0
1159714,"MTF סל כשרה ת""א-125 (ללא הרשאה)",Large & Mid Cap,,מניות בארץ,2026-05-31,490110000.0,מגדל,,True,True,0.0,0.0,0.0,0.0,0.0,0
1160159,תכלית סל Indxx US Industrial Real Estate & Logistics (ללא הרשאה),REIT - Real Estate,,"מניות בחו""ל",2026-05-31,66180000.00000001,מיטב,,True,True,0.008,0.0,5294.4000000000015,0.008,5294.4000000000015,0
1161033,"תכלית סל חסר ת""א 90 (5767.86) (ללא הרשאה)",מניות בארץ,,ממונפות,2026-05-31,11160000.0,מיטב,,True,True,0.005,0.0,558.0,0.005,558.0,0
1161058,"קסם ETF חסר ת""א 90 (6123.68) (ללא הרשאה)",מניות בארץ,,ממונפות,2026-05-31,8520000.0,קסם,,True,True,0.004,0.0,340.8,0.004,340.8,0
1161827,"הראל סל ת""א טכנולוגיה (ללא הרשאה)",טכנולוגיה,,מניות בארץ,2026-05-31,302540000.0,הראל,,True,True,0.0045000000000000005,0.0,13614.300000000001,0.0045000000000000005,13614.300000000001,0
1161884,"קסם ETF חסר ת""א 125 (6727.62) (ללא הרשאה)",מניות בארץ,,ממונפות,2026-05-31,10420000.0,קסם,,True,True,0.005,0.0,521.0,0.005,521.0,0
1162189,MTF סל S&P 500 Scored & Screened (ללא הרשאה),אמריקה- שווקים מפותחים,,"מניות בחו""ל",2026-05-31,80440000.0,מגדל,,True,True,0.0,0.0,0.0,0.0,0.0,0
1162361,"MTF סל אינדקס אג""ח בנקים וביטוח - רובד 2 (ללא הרשאה)","אג""ח חברות שקלי וצמוד",,"אג""ח בארץ- חברות והמרה",2026-05-31,180800000.0,מגדל,,True,True,0.0025,0.0,4520.0,0.0025,4520.0,0
1162783,קסם CSI300 ETF (ללא הרשאה),אסיה ופסיפיק- שווקים מתעוררים,,"מניות בחו""ל",2026-05-31,40830000.0,קסם,,True,True,0.005,0.0,2041.5,0.005,2041.5,0
1165653,"MTF סל ת""א-בנייה (ללא הרשאה)","נדל""ן ובנייה",,מניות בארץ,2026-05-31,289270000.0,מגדל,,True,True,0.004,0.0,11570.800000000001,0.004,11570.800000000001,0
1165661,"MTF סל ת""א-מניב ישראל (ללא הרשאה)","נדל""ן ובנייה",,מניות בארץ,2026-05-31,355190000.0,מגדל,,True,True,0.004,0.0,14207.6,0.004,14207.6,0
1165810,מור סל S&P 500 (ללא הרשאה),אמריקה- שווקים מפותחים,,"מניות בחו""ל",2026-05-31,5780770000.0,מור,,True,True,0.001,0.0,57807.700000000004,0.001,57807.700000000004,0
1165828,"מור סל S&P 500 מנוטרלת מט""ח (ללא הרשאה)",אמריקה- שווקים מפותחים,,"מניות בחו""ל",2026-05-31,3240890000.0,מור,,True,True,0.001,0.0,32408.9,0.001,32408.9,0
1165836,מור סל NASDAQ 100 (ללא הרשאה),אמריקה- שווקים מפותחים,,"מניות בחו""ל",2026-05-31,816080000.0,מור,,True,True,0.001,0.0,8160.800000000001,0.001,8160.800000000001,0
1165844,"מור סל NASDAQ 100 מנוטרלת מט""ח (ללא הרשאה)",אמריקה- שווקים מפותחים,,"מניות בחו""ל",2026-05-31,2036650000.0,מור,,True,True,0.001,0.0,20366.5,0.001,20366.5,0
1166172,"הראל סל כשרה ת""א 90 (ללא הרשאה)",Mid Cap,,מניות בארץ,2026-05-31,194000000.0,הראל,,True,True,0.0,0.0,0.0,0.0,0.0,0
1167261,"קסם ETF ת""א סקטור-באלאנס (ללא הרשאה)",Large & Mid Cap,,מניות בארץ,2026-05-31,218010000.0,קסם,,True,True,0.003,0.0,6540.3,0.003,6540.3,0
1167329,קסם Indxx Climate Change Solutions ETF (ללא הרשאה),Alternative / Renewable Energy,,"מניות בחו""ל",2026-05-31,22610000.0,קסם,,True,True,0.005,0.0,1130.5,0.005,1130.5,0
1167568,"הראל סל ממונפת NASDAQ 100 פי 3 חודשי מנוטרלת מט""ח (ללא הרשאה)","מניות בחו""ל",,ממונפות,2026-05-31,76050000.0,הראל,,True,True,0.025,0.0,19012.5,0.025,19012.5,0
1167576,הראל סל ממונפת בחסר NASDAQ 100 פי 2 חודשי (ללא הרשאה),"מניות בחו""ל",,ממונפות,2026-05-31,4510000.0,הראל,,True,True,0.0175,0.0,789.2500000000001,0.0175,789.2500000000001,0
1167584,MTF סל Bluestar Travel & Vacation (ללא הרשאה),Travel,,"מניות בחו""ל",2026-05-31,33910000.0,מגדל,,True,True,0.008,0.0,2712.8,0.008,2712.8,0
1168715,קסם ETFי ISE Cyber Security (ללא הרשאה),Cyber Security,,"מניות בחו""ל",2026-05-31,23120000.0,קסם,,True,True,0.0045000000000000005,0.0,1040.4,0.0045000000000000005,1040.4,0
1168723,MTF סל אינדקס אנרגיה מתחדשת ישראל (ללא הרשאה),"נפט, גז ואנרגיה",,מניות בארץ,2026-05-31,635960000.0,מגדל,,True,True,0.005,0.0,31798.0,0.005,31798.0,0
1169333,תכלית סל תל בונד שקלי 50 (ללא הרשאה),בריבית קבועה,,"אג""ח בארץ- חברות והמרה",2026-05-31,730530000.0,מיטב,,True,True,0.0015,0.0,10957.95,0.0015,10957.95,0
1169341,"תכלית סל אינדקס ביג טק 30 ארה""ב (ללא הרשאה)",Technology,,"מניות בחו""ל",2026-05-31,122110000.0,מיטב,,True,True,0.005,0.0,6105.5,0.005,6105.5,0
1169408,"MTF סל ת""א-טכנולוגיה (ללא הרשאה)",טכנולוגיה,,מניות בארץ,2026-05-31,196220000.0,מגדל,,True,True,0.004,0.0,7848.800000000001,0.004,7848.800000000001,0
1169622,הראל סל תל בונד מאגר (ללא הרשאה),"אג""ח חברות שקלי וצמוד",,"אג""ח בארץ- חברות והמרה",2026-05-31,281730000.0,הראל,,True,True,0.0025,0.0,7043.25,0.0025,7043.25,0
1169796,MTF סל Bluestar Top 10 US Banks (ללא הרשאה),Banking,,"מניות בחו""ל",2026-05-31,70550000.0,מגדל,,True,True,0.005,0.0,3527.5,0.005,3527.5,0
1170703,תכלית סל PHLX Semiconductor Sector (ללא הרשאה),Semiconductor,,"מניות בחו""ל",2026-05-31,346440000.0,מיטב,,True,True,0.005,0.0,17322.0,0.005,17322.0,0
1170836,קסם ETF (!) תל בונד-תשואות שקל (ללא הרשאה),בריבית קבועה,,"אג""ח בארץ- חברות והמרה",2026-05-31,303630000.0,קסם,,True,True,0.0025,0.0,7590.75,0.0025,7590.75,0
1170844,קסם ETFי Indxx China Internet (ללא הרשאה),Internet,,"מניות בחו""ל",2026-05-31,15810000.0,קסם,,True,True,0.008,0.0,1264.8000000000002,0.008,1264.8000000000002,0
1171099,"MTF סל חסר ת""א 90 (4574.35) (ללא הרשאה)",מניות בארץ,,ממונפות,2026-05-31,11870000.0,מגדל,,True,True,0.0025,0.0,296.75,0.0025,296.75,0
1171321,"MTF סל אינדקס REIT ארה""ב מרכזי קניות (ללא הרשאה)",REIT - Real Estate,,"מניות בחו""ל",2026-05-31,62000000.0,מגדל,,True,True,0.008,0.0,4960.0,0.008,4960.0,0
1171586,MTF סל Bluestar China Internet Software (ללא הרשאה),Internet,,"מניות בחו""ל",2026-05-31,3440000.0,מגדל,,True,True,0.001,0.0,34.400000000000006,0.001,34.400000000000006,0
1171594,MTF סל תל בונד - צמודות A (ללא הרשאה),בריבית קבועה,,"אג""ח בארץ- חברות והמרה",2026-05-31,416210000.0,מגדל,,True,True,0.001,0.0,4162.1,0.001,4162.1,0
1172824,MTF סל תל בונד - שקלי A (ללא הרשאה),בריבית קבועה,,"אג""ח בארץ- חברות והמרה",2026-05-31,256010000.0,מגדל,,True,True,0.0,0.0,0.0,0.0,0.0,0
1174119,קסם ETFי MVIS US Listed Semiconductor 25 (ללא הרשאה),Semiconductor,,"מניות בחו""ל",2026-05-31,674270000.0,קסם,,True,True,0.0045000000000000005,0.0,30342.15,0.0045000000000000005,30342.15,0
1176031,MTF סל MSCI AC World מנוטרלת דולר (ללא הרשאה),"מניות גלובליות - מנוטרלת מט""ח",,"מניות בחו""ל",2026-05-31,92900000.0,מגדל,,True,True,0.002,0.0,1858.0000000000002,0.002,1858.0000000000002,0
1176320,קסם ETF תל בונד-צמודות A (ללא הרשאה),בריבית קבועה,,"אג""ח בארץ- חברות והמרה",2026-05-31,104310000.0,קסם,,True,True,0.002,0.0,2086.2000000000003,0.002,2086.2000000000003,0
1176536,"תכלית סל ת""א-בנייה (ללא הרשאה)","נדל""ן ובנייה",,מניות בארץ,2026-05-31,162180000.0,מיטב,,True,True,0.0,0.0,0.0,0.0,0.0,0
1178359,"קסם ETF ת""א-בנייה (ללא הרשאה)","נדל""ן ובנייה",,מניות בארץ,2026-05-31,172690000.0,קסם,,True,True,0.0025,0.0,4317.25,0.0025,4317.25,0
1181023,MTF סל FTSE China A50 (ללא הרשאה),אסיה ופסיפיק- שווקים מתעוררים,,"מניות בחו""ל",2026-05-31,21990000.0,מגדל,,True,True,0.001,0.0,219.9,0.001,219.9,0
1181387,MTF סל Nasdaq 100 (ללא הרשאה),אמריקה- שווקים מפותחים,,"מניות בחו""ל",2026-05-31,617140000.0,מגדל,,True,True,0.0,0.0,0.0,0.0,0.0,0
1181445,"MTF סל Nasdaq 100 מנוטרלת מט""ח (ללא הרשאה)",אמריקה- שווקים מפותחים,,"מניות בחו""ל",2026-05-31,1099800000.0,מגדל,,True,True,0.0,0.0,0.0,0.0,0.0,0
1183953,"MTF סל ת""א-נדל""ן (ללא הרשאה)","נדל""ן ובנייה",,מניות בארץ,2026-05-31,338920000.0,מגדל,,True,True,0.004,0.0,13556.800000000001,0.004,13556.800000000001,0
1184092,הראל סל יS&P North American Expanded Tech Software מנוטרלת מט''ח (ללא הרשאה),Technology,,"מניות בחו""ל",2026-05-31,133199999.99999999,הראל,,True,True,0.005,0.0,6660.0,0.005,6660.0,0
1185123,קסם ETF תל בונד-שקלי 5-15 (ללא הרשאה),בריבית קבועה - ארוך,,"אג""ח בארץ- חברות והמרה",2026-05-31,163270000.0,קסם,,True,True,0.0,0.0,0.0,0.0,0.0,0
1186634,"קסם ETF חסר ת""א נדל""ן (2649.49) (ללא הרשאה)",מניות בארץ,,ממונפות,2026-05-31,8310000.000000001,קסם,,True,True,0.01,0.0,831.0000000000001,0.01,831.0000000000001,0
1187079,MTF סל ממונפת Nasdaq 100 פי 3 חודשי (ללא הרשאה),"מניות בחו""ל",,ממונפות,2026-05-31,94510000.0,מגדל,,True,True,0.013500000000000002,0.0,12758.850000000002,0.013500000000000002,12758.850000000002,0
1187764,מור סל אינדקס בנקים משקל שווה (ללא הרשאה),בנקאות ואשראי חוץ בנקאי,,מניות בארץ,2026-05-31,2933390000.0,מור,,True,True,0.005,0.0,146669.5,0.005,146669.5,0
1188069,MTF סל ממונפת בחסר Nasdaq 100 פי 2 חודשי (ללא הרשאה),"מניות בחו""ל",,ממונפות,2026-05-31,5240000.0,מגדל,,True,True,0.0,0.0,0.0,0.0,0.0,0
1189018,קסם ETF אינדקס ערך עולמי (ללא הרשאה),"מניות גלובליות - חשופת מט""ח",,"מניות בחו""ל",2026-05-31,898190000.0,קסם,,True,True,0.004,0.0,35927.600000000006,0.004,35927.600000000006,0
1189372,קסם ETF אינדקס צמיחה עולמי (ללא הרשאה),"מניות גלובליות - חשופת מט""ח",,"מניות בחו""ל",2026-05-31,940980000.0,קסם,,True,True,0.004,0.0,37639.200000000004,0.004,37639.200000000004,0
1189596,תכלית סל אינדקס ערך עולמי מנוטרלת דולר (ללא הרשאה),"מניות גלובליות - מנוטרלת מט""ח",,"מניות בחו""ל",2026-05-31,627120000.0,מיטב,,True,True,0.004,0.0,25084.800000000003,0.004,25084.800000000003,0
1189604,תכלית סל אינדקס צמיחה עולמי (ללא הרשאה),"מניות גלובליות - חשופת מט""ח",,"מניות בחו""ל",2026-05-31,738470000.0,מיטב,,True,True,0.004,0.0,29538.800000000003,0.004,29538.800000000003,0
1189802,קסם ETF ממונפת בחסר חוזה Bloomberg Brent Crude פי 2 חודשי (ללא הרשאה),סחורה,,ממונפות,2026-05-31,10790000.0,קסם,,True,True,0.015,0.0,1618.4999999999998,0.015,1618.4999999999998,0
1189810,MTF סל אינדקס צמיחה עולמי (ללא הרשאה),"מניות גלובליות - חשופת מט""ח",,"מניות בחו""ל",2026-05-31,946150000.0,מגדל,,True,True,0.0012,0.0,11353.8,0.0012,11353.8,0
1189828,MTF סל אינדקס ערך עולמי (ללא הרשאה),"מניות גלובליות - חשופת מט""ח",,"מניות בחו""ל",2026-05-31,902290000.0,מגדל,,True,True,0.0012,0.0,10827.48,0.0012,10827.48,0
1190347,"אי בי אי סל אינדקס מומנטום ארה""ב מנוטרלת מט""ח (ללא הרשאה)",אמריקה- שווקים מפותחים,,"מניות בחו""ל",2026-05-31,1150800000.0,אי.בי.אי,,True,True,0.004,0.0,46032.00000000001,0.004,46032.00000000001,0
1190354,אי בי אי סל אינדקס ערך עולמי (ללא הרשאה),"מניות גלובליות - חשופת מט""ח",,"מניות בחו""ל",2026-05-31,445700000.0,אי.בי.אי,,True,True,0.004,0.0,17828.0,0.004,17828.0,0
1190362,אי בי אי סל אינדקס צמיחה עולמי (ללא הרשאה),"מניות גלובליות - חשופת מט""ח",,"מניות בחו""ל",2026-05-31,494020000.0,אי.בי.אי,,True,True,0.004,0.0,19760.800000000003,0.004,19760.800000000003,0
1190685,הראל סל אינדקס ישראל 100 רווחיות משקל שווה (ללא הרשאה),Large & Mid Cap,,מניות בארץ,2026-05-31,468820000.0,הראל,,True,True,0.0025,0.0,11720.5,0.0025,11720.5,0
1190776,הראל סל תל בונד צמודות-בנקים ללא COCO (ללא הרשאה),בריבית קבועה,,"אג""ח בארץ- חברות והמרה",2026-05-31,31780000.0,הראל,,True,True,0.002,0.0,635.6,0.002,635.6,0
1190859,"הראל סל אינדקס מומנטום ארה""ב (ללא הרשאה)",אמריקה- שווקים מפותחים,,"מניות בחו""ל",2026-05-31,378440000.0,הראל,,True,True,0.005,0.0,18922.0,0.005,18922.0,0
1191881,MTF סל iBoxx US Liquid Investment Grade Top 30 (ללא הרשאה),"חברות והמרה חשופת מט""ח",,"אג""ח בחו""ל",2026-05-31,109450000.0,מגדל,,True,True,0.0025,0.0,2736.25,0.0025,2736.25,0
1192384,"קסם ETF אינדקס מדינה צמוד- מח""מ 5 קבוע (ללא הרשאה)",צמודות מדד ממשלתיות - בינוני,,"אג""ח בארץ- מדינה",2026-05-31,162980000.0,קסם,,True,True,0.001,0.0,1629.8000000000002,0.001,1629.8000000000002,0
1192392,"קסם ETF אינדקס מדינה שקלי- מח""מ 5 קבוע (ללא הרשאה)",ריבית קבועה  - בינוני,,"אג""ח בארץ- מדינה",2026-05-31,175370000.0,קסם,,True,True,0.001,0.0,1753.7,0.001,1753.7,0
1193044,MTF סל תל בונד-שקלי 5-15 (ללא הרשאה),בריבית קבועה - ארוך,,"אג""ח בארץ- חברות והמרה",2026-05-31,78720000.0,מגדל,,True,True,0.0,0.0,0.0,0.0,0.0,0
1193051,MTF סל תל בונד-שקלי 1-3 (ללא הרשאה),בריבית קבועה - קצר,,"אג""ח בארץ- חברות והמרה",2026-05-31,97540000.0,מגדל,,True,True,0.0,0.0,0.0,0.0,0.0,0
1193069,MTF סל תל גוב - כללי (ללא הרשאה),"אג""ח מדינה שיקלי וצמוד",,"אג""ח בארץ- מדינה",2026-05-31,236080000.0,מגדל,,True,True,0.0,0.0,0.0,0.0,0.0,0
1193127,MTF סל תל בונד-צמודות 1-3 (ללא הרשאה),בריבית קבועה - קצר,,"אג""ח בארץ- חברות והמרה",2026-05-31,189210000.0,מגדל,,True,True,0.0025,0.0,4730.25,0.0025,4730.25,0
1193135,MTF סל תל בונד-צמודות 5-15 (ללא הרשאה),בריבית קבועה - ארוך,,"אג""ח בארץ- חברות והמרה",2026-05-31,59500000.0,מגדל,,True,True,0.0,0.0,0.0,0.0,0.0,0
1193317,MTF סל תל בונד-מאגר (ללא הרשאה),"אג""ח חברות שקלי וצמוד",,"אג""ח בארץ- חברות והמרה",2026-05-31,852660000.0,מגדל,,True,True,0.002,0.0,17053.2,0.002,17053.2,0
1193614,קסם ETF תל בונד-צמודות 1-3 (ללא הרשאה),בריבית קבועה - קצר,,"אג""ח בארץ- חברות והמרה",2026-05-31,224690000.0,קסם,,True,True,0.0025,0.0,5617.25,0.0025,5617.25,0
1193648,קסם ETF תל בונד צמודות AA-AAA (ללא הרשאה),בריבית קבועה,,"אג""ח בארץ- חברות והמרה",2026-05-31,192150000.0,קסם,,True,True,0.0025,0.0,4803.75,0.0025,4803.75,0
1193655,קסם ETF תל בונד שקלי A (ללא הרשאה),בריבית קבועה,,"אג""ח בארץ- חברות והמרה",2026-05-31,212370000.0,קסם,,True,True,0.0025,0.0,5309.25,0.0025,5309.25,0
1193663,קסם ETF תל בונד שקלי AA-AAA (ללא הרשאה),בריבית קבועה,,"אג""ח בארץ- חברות והמרה",2026-05-31,132180000.0,קסם,,True,True,0.0025,0.0,3304.5,0.0025,3304.5,0
1193671,קסם ETF תל בונד צמודות 5-15 (ללא הרשאה),בריבית קבועה - ארוך,,"אג""ח בארץ- חברות והמרה",2026-05-31,107940000.0,קסם,,True,True,0.0015,0.0,1619.1000000000001,0.0015,1619.1000000000001,0
1193689,קסם ETF תל בונד שקלי 1-3 (ללא הרשאה),בריבית קבועה - קצר,,"אג""ח בארץ- חברות והמרה",2026-05-31,144280000.0,קסם,,True,True,0.0025,0.0,3607.0,0.0025,3607.0,0
1193713,"קסם S&P Financial ETF מנוטרלת מט""ח (ללא הרשאה)",Financial,,"מניות בחו""ל",2026-05-31,56070000.0,קסם,,True,True,0.005,0.0,2803.5,0.005,2803.5,0
1193739,"קסם S&P Technology ETF מנוטרלת מט""ח (ללא הרשאה)",Technology,,"מניות בחו""ל",2026-05-31,75020000.0,קסם,,True,True,0.008,0.0,6001.6,0.008,6001.6,0
1193747,"קסם S&P MidCap 400 ETF מנוטרלת מט""ח (ללא הרשאה)",אמריקה- שווקים מפותחים,,"מניות בחו""ל",2026-05-31,77490000.0,קסם,,True,True,0.006,0.0,4649.400000000001,0.006,4649.400000000001,0
1193754,"קסם S&P Consumer Discretionary ETF מנוטרלת מט""ח (ללא הרשאה)",Consumer Discretionary,,"מניות בחו""ל",2026-05-31,35330000.0,קסם,,True,True,0.008,0.0,2826.4,0.008,2826.4,0
1193762,"קסם S&P Regional Banks ETF מנוטרלת מט""ח (ללא הרשאה)",Banking,,"מניות בחו""ל",2026-05-31,16420000.000000002,קסם,,True,True,0.008,0.0,1313.6000000000004,0.008,1313.6000000000004,0
1193788,"קסם S&P Consumer Staples ETF מנוטרלת מט""ח (ללא הרשאה)",Consumer Staples,,"מניות בחו""ל",2026-05-31,13930000.0,קסם,,True,True,0.006999999999999999,0.0,975.0999999999999,0.006999999999999999,975.0999999999999,0
1193820,קסם S&P Consumer Staples ETF (ללא הרשאה),Consumer Staples,,"מניות בחו""ל",2026-05-31,12320000.0,קסם,,True,True,0.006999999999999999,0.0,862.4,0.006999999999999999,862.4,0
1194067,קסם MSCI ACWI Sustainable Development ETF (ללא הרשאה),"מניות גלובליות - חשופת מט""ח",,"מניות בחו""ל",2026-05-31,50030000.0,קסם,,True,True,0.005,0.0,2501.5,0.005,2501.5,0
1194141,הראל Multi-Strategy - קרן גידור בנאמנות (ללא הרשאה),קרן גידור בנאמנות,,קרן גידור בנאמנות,2026-05-31,1244390000.0,הראל,קרן טוליפ קפיטל,False,False,0.015,0.0035,186658.49999999997,0.0115,143104.85,0
1194158,סיגמא לונג/שורט מניות - קרן גידור בנאמנות (ללא הרשאה),קרן גידור בנאמנות,,קרן גידור בנאמנות,2026-05-31,137100000.0,סיגמא,,False,False,0.013500000000000002,0.0035,18508.500000000004,0.010000000000000002,13710.000000000002,0
1194166,"סיגמא לונג/שורט אג""ח - קרן גידור בנאמנות (ללא הרשאה)",קרן גידור בנאמנות,,קרן גידור בנאמנות,2026-05-31,113040000.0,סיגמא,,False,False,0.0079,0.0035,8930.160000000002,0.004400000000000001,4973.760000000001,0
1194182,"הראל אסטרטגיות מניות חו""ל - קרן גידור בנאמנות (ללא הרשאה)",קרן גידור בנאמנות,,קרן גידור בנאמנות,2026-05-31,261390000.0,הראל,גלוסקה השקעות,False,False,0.0125,0.0035,32673.75,0.009000000000000001,23525.100000000002,0
1194208,איביאי Macro Strategies קרן גידור בנאמנות (ללא הרשאה),קרן גידור בנאמנות,,קרן גידור בנאמנות,2026-05-31,112480000.0,אי.בי.אי,IGS CAPITAL,False,False,0.015,0.0035,16872.0,0.0115,12935.2,0
1194216,ילין לפידות Multi-Strategy קרן גידור בנאמנות (ללא הרשאה),קרן גידור בנאמנות,,קרן גידור בנאמנות,2026-05-31,190610000.0,ילין לפידות,,False,False,0.015,0.0035,28591.499999999996,0.0115,21920.15,0
1194224,מיטב סקיי Multi Strategy קרן גידור בנאמנות (ללא הרשאה),קרן גידור בנאמנות,,קרן גידור בנאמנות,2026-05-31,92870000.0,מיטב,רונן זכריה השקעות,False,False,0.013500000000000002,0.0035,12537.450000000003,0.010000000000000002,9287.000000000002,0
1194232,מיטב לונג שורט מניות קרן גידור בנאמנות (ללא הרשאה),קרן גידור בנאמנות,,קרן גידור בנאמנות,2026-05-31,215360000.0,מיטב,דנרב השקעות,False,False,0.013500000000000002,0.0035,29073.600000000006,0.010000000000000002,21536.000000000004,0
1194240,מיטב iQM לונג שורט ישראל קרן גידור בנאמנות (ללא הרשאה),קרן גידור בנאמנות,,קרן גידור בנאמנות,2026-05-31,16329999.999999998,מיטב,,False,False,0.013500000000000002,0.0035,2204.55,0.010000000000000002,1633.0,0
1194265,מגדל Israel Quantitative Strategies - קרן גידור בנאמנות (ללא הרשאה),קרן גידור בנאמנות,,קרן גידור בנאמנות,2026-05-31,46670000.0,מגדל,,False,False,0.015,0.0035,7000.499999999999,0.0115,5367.05,0
1194273,"מור (!) אסטרטגיות אג""ח קרן גידור בנאמנות (ללא הרשאה)",קרן גידור בנאמנות,,קרן גידור בנאמנות,2026-05-31,825830000.0,מור,,False,False,0.0088,0.0035,72673.04000000001,0.005300000000000001,43768.990000000005,0
1194281,אושן יצירה Multi-Strategy קרן גידור בנאמנות (ללא הרשאה),קרן גידור בנאמנות,,קרן גידור בנאמנות,2026-05-31,31780000.0,סיגמא,אושן פרטנרס,False,False,0.015,0.0035,4767.0,0.0115,3654.7000000000003,0
1194315,אימפקט לונג/שורט - קרן גידור בנאמנות (ללא הרשאה),קרן גידור בנאמנות,,קרן גידור בנאמנות,2026-05-31,64680000.00000001,איילון,אימפקט,False,False,0.015,0.0035,9702.0,0.0115,7438.200000000001,0
1194323,פסטרנק שהם לונג/שורט - קרן גידור בנאמנות (ללא הרשאה),קרן גידור בנאמנות,,קרן גידור בנאמנות,2026-05-31,229700000.0,איילון,פסטרנק שהם,False,False,0.0125,0.0035,28712.5,0.009000000000000001,20673.0,0
1194356,"אנליסט נדל""ן ישראל - חו""ל Multi Strategy- קרן גידור בנאמנות (ללא הרשאה)",קרן גידור בנאמנות,,קרן גידור בנאמנות,2026-05-31,34740000.0,אנליסט,,False,False,0.015,0.0035,5210.999999999999,0.0115,3995.1,0
1194364,אנליסט מניות Multi Strategy- קרן גידור בנאמנות (ללא הרשאה),קרן גידור בנאמנות,,קרן גידור בנאמנות,2026-05-31,64849999.99999999,אנליסט,,False,False,0.015,0.0035,9727.499999999998,0.0115,7457.749999999999,0
1194380,"מור סל ת""א-35 (ללא הרשאה)",Large Cap,,מניות בארץ,2026-05-31,1027030000.0,מור,,True,True,0.002,0.0,20540.600000000002,0.002,20540.600000000002,0
1195304,מור סל תל בונד 60 צמודות (ללא הרשאה),בריבית קבועה,,"אג""ח בארץ- חברות והמרה",2026-05-31,176940000.0,מור,,True,True,0.0025,0.0,4423.5,0.0025,4423.5,0
1195312,מור סל תל בונד מאגר (ללא הרשאה),אחר,,"אג""ח בארץ- חברות והמרה",2026-05-31,601170000.0,מור,,True,True,0.002,0.0,12023.400000000001,0.002,12023.400000000001,0
1196146,"מור סל ת""א-90 (ללא הרשאה)",Mid Cap,,מניות בארץ,2026-05-31,1261870000.0,מור,,True,True,0.0045000000000000005,0.0,56784.15,0.0045000000000000005,56784.15,0
1196153,"מור סל ת""א-125 (ללא הרשאה)",Large & Mid Cap,,מניות בארץ,2026-05-31,2076580000.0,מור,,True,True,0.002,0.0,41531.600000000006,0.002,41531.600000000006,0
1196187,הורייזן לונג/שורט - קרן גידור בנאמנות (ללא הרשאה),קרן גידור בנאמנות,,קרן גידור בנאמנות,2026-05-31,4870000.0,איילון,הורייזן,False,False,0.015,0.0035,730.4999999999999,0.0115,560.0500000000001,0
1197698,"תכלית סל ת""א -ביטוח (ללא הרשאה)",ביטוח,,מניות בארץ,2026-05-31,751000000.0,מיטב,,True,True,0.004,0.0,30040.000000000004,0.004,30040.000000000004,0
1199058,קסם ETFי (!) כשרה תל בונד-תשואות צמודות (ללא הרשאה),בריבית קבועה,,"אג""ח בארץ- חברות והמרה",2026-05-31,10160000.0,קסם,,True,True,0.0,0.0,0.0,0.0,0.0,0
1200195,MTF סל אינדקס Top10 Tech (ללא הרשאה),Technology,,"מניות בחו""ל",2026-05-31,64980000.00000001,מגדל,,True,True,0.005,0.0,3249.0000000000005,0.005,3249.0000000000005,0
1200351,MTF סל Indxx US Healthcare Top 10 (ללא הרשאה),Health Care,,"מניות בחו""ל",2026-05-31,20650000.0,מגדל,,True,True,0.002,0.0,413.00000000000006,0.002,413.00000000000006,0
1200435,"אי בי אי סל S&P 500 מנוטרלת מט""ח (ללא הרשאה)",אמריקה- שווקים מפותחים,,"מניות בחו""ל",2026-05-31,758760000.0,אי.בי.אי,,True,True,0.0,0.0,0.0,0.0,0.0,0
1200443,"אי בי אי סל Nasdaq 100 מנוטרלת מט""ח (ללא הרשאה)",אמריקה- שווקים מפותחים,,"מניות בחו""ל",2026-05-31,526460000.00000006,אי.בי.אי,,True,True,0.0,0.0,0.0,0.0,0.0,0
1200450,אי בי אי סל Nasdaq 100 (ללא הרשאה),אמריקה- שווקים מפותחים,,"מניות בחו""ל",2026-05-31,183250000.0,אי.בי.אי,,True,True,0.0,0.0,0.0,0.0,0.0,0
1200989,אלטשולר שחם לונג/שורט מניות - קרן גידור בנאמנות (ללא הרשאה),קרן גידור בנאמנות,,קרן גידור בנאמנות,2026-05-31,52180000.0,אלטשולר שחם,,False,False,0.01,0.0035,5218.0,0.006500000000000001,3391.7000000000003,0
1201003,MTF סל MSCI AC World (ללא הרשאה),"מניות גלובליות - חשופת מט""ח",,"מניות בחו""ל",2026-05-31,257040000.00000003,מגדל,,True,True,0.0017000000000000001,0.0,4369.68,0.0017000000000000001,4369.68,0
1201557,מגדל Global Quantitative Strategies -קרן גידור בנאמנות (ללא הרשאה),קרן גידור בנאמנות,,קרן גידור בנאמנות,2026-05-31,28120000.0,מגדל,,False,False,0.015,0.0035,4218.0,0.0115,3233.8,0
1201565,מגדל מניות Long Short - קרן גידור בנאמנות (ללא הרשאה),קרן גידור בנאמנות,,קרן גידור בנאמנות,2026-05-31,69220000.0,מגדל,,False,False,0.0034999999999999996,0.0035,2422.7,-4.336808689942018e-19,-3.0019389751778647e-13,0
1201623,MTF סל אינדקס 120 ישראל (ללא הרשאה),Large & Mid Cap,,מניות בארץ,2026-05-31,438730000.0,מגדל,,True,True,0.001,0.0,4387.3,0.001,4387.3,0
1201656,ילין לפידות סל S&P 500 (ללא הרשאה),אמריקה- שווקים מפותחים,,"מניות בחו""ל",2026-05-31,600030000.0,ילין לפידות,,True,True,0.0,0.0,0.0,0.0,0.0,0
1201664,"ילין לפידות סל S&P 500 מנוטרלת מט""ח (ללא הרשאה)",אמריקה- שווקים מפותחים,,"מניות בחו""ל",2026-05-31,383460000.0,ילין לפידות,,True,True,0.0,0.0,0.0,0.0,0.0,0
1201672,ילין לפידות סל Nasdaq 100 (ללא הרשאה),אמריקה- שווקים מפותחים,,"מניות בחו""ל",2026-05-31,73200000.0,ילין לפידות,,True,True,0.0,0.0,0.0,0.0,0.0,0
1201680,אלטשולר שחם Multi-Strategy- קרן גידור בנאמנות (ללא הרשאה),קרן גידור בנאמנות,,קרן גידור בנאמנות,2026-05-31,56150000.0,אלטשולר שחם,,False,False,0.01,0.0035,5615.0,0.006500000000000001,3649.7500000000005,0
1201698,"ילין לפידות סל Nasdaq 100 מנוטרלת מט""ח (ללא הרשאה)",אמריקה- שווקים מפותחים,,"מניות בחו""ל",2026-05-31,219530000.0,ילין לפידות,,True,True,0.0,0.0,0.0,0.0,0.0,0
1202183,קסם S&P 500 TOP 50 ETF (ללא הרשאה),אמריקה- שווקים מפותחים,,"מניות בחו""ל",2026-05-31,53820000.0,קסם,,True,True,0.0025,0.0,1345.5,0.0025,1345.5,0
1203835,קסם S&P 500 Equal Weight ETF (ללא הרשאה),אמריקה- שווקים מפותחים,,"מניות בחו""ל",2026-05-31,7480000.0,קסם,,True,True,0.002,0.0,149.60000000000002,0.002,149.60000000000002,0
1204742,"מור לונג שורט נדל""ן אירופה קרן גידור בנאמנות (ללא הרשאה)",קרן גידור בנאמנות,,קרן גידור בנאמנות,2026-05-31,11200000.0,מור,ICAMAP S.a.r.l,False,False,0.013500000000000002,0.0035,1512.0000000000002,0.010000000000000002,1120.0000000000002,0
1204783,איילון זבולון לונג שורט גלובלי קרן גידור בנאמנות (ללא הרשאה),קרן גידור בנאמנות,,קרן גידור בנאמנות,2026-05-31,140370000.0,איילון,זבולון שרותי מחקר,False,False,0.01,0.0035,14037.0,0.006500000000000001,9124.050000000001,0
1204916,מגדל (!) Global Bonds Strategies - קרן גידור בנאמנות נקובה $ (ללא הרשאה),קרן גידור בנאמנות,,קרן גידור בנאמנות,2026-05-31,29200000.0,מגדל,,False,False,0.009000000000000001,0.0035,2628.0,0.005500000000000001,1606.0000000000005,0
1205657,MTF סל Bloomberg US Analyst Recommendations (ללא הרשאה),אמריקה- שווקים מפותחים,,"מניות בחו""ל",2026-05-31,68370000.0,מגדל,,True,True,0.008,0.0,5469.6,0.008,5469.6,0
1206549,"ילין לפידות סל ת""א בנקים (ללא הרשאה)",בנקאות ואשראי חוץ בנקאי,,מניות בארץ,2026-05-31,1599370000.0,ילין לפידות,,True,True,0.0049,0.0,78369.13,0.0049,78369.13,0
1207646,פורצ'ן Multi-Strategy - קרן גידור בנאמנות (ללא הרשאה),קרן גידור בנאמנות,,קרן גידור בנאמנות,2026-05-31,27330000.0,איילון,פורצ'ן,False,False,0.015,0.0035,4099.5,0.0115,3142.9500000000003,0
1207729,"אלפי בנדק לונג/שורט אג""ח - קרן גידור בנאמנות (ללא הרשאה)",קרן גידור בנאמנות,,קרן גידור בנאמנות,2026-05-31,38510000.0,הראל,אלפי בנדק,False,False,0.0075,0.0035,2888.2499999999995,0.004,1540.4,0
1207786,"מגדל (!) אסטרטגיות אג""ח ישראל - קרן גידור בנאמנות (ללא הרשאה)",קרן גידור בנאמנות,,קרן גידור בנאמנות,2026-05-31,98970000.0,מגדל,,False,False,0.0075,0.0035,7422.749999999999,0.004,3958.8,0
1207885,פוקוס לונג/שורט - קרן גידור בנאמנות (ללא הרשאה),קרן גידור בנאמנות,,קרן גידור בנאמנות,2026-05-31,17870000.0,איילון,פוקוס,False,False,0.015,0.0035,2680.4999999999995,0.0115,2055.05,0
1207901,"MTF סל אינדקס שבבים ארה""ב Top10 (ללא הרשאה)",Semiconductor,,"מניות בחו""ל",2026-05-31,205840000.0,מגדל,,True,True,0.001,0.0,2058.4,0.001,2058.4,0
1208891,"פיינאל קפיטל (!) אסטרטגיות אג""ח קרן גידור בנאמנות (ללא הרשאה)",קרן גידור בנאמנות,,קרן גידור בנאמנות,2026-05-31,80860000.0,סיגמא,פיינאל קפיטל,False,False,0.0115,0.0035,9298.9,0.008,6468.8,0
1209444,"אי בי אי סל ת""א-90 (ללא הרשאה)",Mid Cap,,מניות בארץ,2026-05-31,1542830000.0,אי.בי.אי,,True,True,0.001,0.0,15428.300000000001,0.001,15428.300000000001,0
1209808,אלטשולר שחם AlphaBeta Portable Alpha מבוסס AI - קרן גידור בנאמנות (ללא הרשאה),קרן גידור בנאמנות,,קרן גידור בנאמנות,2026-05-31,350000.0,אלטשולר שחם,אלפא ביתא,False,False,0.01,0.0035,35.0,0.006500000000000001,22.750000000000004,0
1209931,Quantitative strategies FINQ מבוסס AI קרן גידור בנאמנות (ללא הרשאה),קרן גידור בנאמנות,,קרן גידור בנאמנות,2026-05-31,9160000.0,תמיר פישמן,פינק דיגיטל,False,False,0.0,0.0035,0.0,-0.0035,-320.6,0
1210970,"הראל (!) אסטרטגיות אג""ח - קרן גידור בנאמנות (ללא הרשאה)",קרן גידור בנאמנות,,קרן גידור בנאמנות,2026-05-31,121770000.0,הראל,,False,False,0.0085,0.0035,10350.45,0.005000000000000001,6088.500000000001,0
1212521,"פסטרנק שהם (!) אסטרטגיות אג""ח - קרן גידור בנאמנות (ללא הרשאה)",קרן גידור בנאמנות,,קרן גידור בנאמנות,2026-05-31,61240000.0,איילון,פסטרנק שהם,False,False,0.0075,0.0035,4593.0,0.004,2449.6000000000004,0
1212703,קבין Multi-Strategy - קרן גידור בנאמנות (ללא הרשאה),קרן גידור בנאמנות,,קרן גידור בנאמנות,2026-05-31,4970000.0,איילון,קבין,False,False,0.013999999999999999,0.0035,695.8,0.010499999999999999,521.8499999999999,0
1212794,MTF סל (S&P Israel 100 (ILS (ללא הרשאה),Large & Mid Cap,,מניות בארץ,2026-05-31,39290000.0,מגדל,,True,True,0.0,0.0,0.0,0.0,0.0,0
1213420,תכלית סל World Quality iNDEX מנוטרלת דולר (ללא הרשאה),"מניות גלובליות - מנוטרלת מט""ח",,"מניות בחו""ל",2026-05-31,774230000.0,מיטב,,True,True,0.004,0.0,30969.2,0.004,30969.2,0
1213461,תכלית סל אינדקס מדורג פיזור רחב (ללא הרשאה),"אג""ח חברות שקלי וצמוד",,"אג""ח בארץ- חברות והמרה",2026-05-31,172100000.0,מיטב,,True,True,0.0025,0.0,4302.5,0.0025,4302.5,0
1213578,"תכלית סל אינדקס מיד קאפ ישראל ללא נדל""ן (ללא הרשאה)",Mid Cap,,מניות בארץ,2026-05-31,770000.0,מיטב,,True,True,0.005,0.0,38.5,0.005,38.5,0
1213594,"הראל סל ת""א 90 ובנקים (ללא הרשאה)",Large & Mid Cap,,מניות בארץ,2026-05-31,205800000.0,הראל,,True,True,0.001,0.0,2058.0,0.001,2058.0,0
1213636,אי בי אי מניות ישראל Multi Strategy קרן גידור בנאמנות (ללא הרשאה),קרן גידור בנאמנות,,קרן גידור בנאמנות,2026-05-31,257519999.99999997,אי.בי.אי,,False,False,0.015,0.0035,38627.99999999999,0.0115,29614.8,0
1213644,"אי בי אי (!) אסטרטגיות אג""ח קרן גידור בנאמנות (ללא הרשאה)",קרן גידור בנאמנות,,קרן גידור בנאמנות,2026-05-31,166100000.0,אי.בי.אי,,False,False,0.0088,0.0035,14616.800000000001,0.005300000000000001,8803.300000000001,0
1213651,אי בי אי ספרה לונג/שורט גלובל אקוויטי קרן גידור בנאמנות (ללא הרשאה),קרן גידור בנאמנות,,קרן גידור בנאמנות,2026-05-31,59740000.0,אי.בי.אי,ספרה,False,False,0.015,0.0035,8961.0,0.0115,6870.1,0
1214840,פינסה (!) אסטרטגיות חוב קרן גידור בנאמנות (ללא הרשאה),קרן גידור בנאמנות,,קרן גידור בנאמנות,2026-05-31,92320000.0,סיגמא,פינסה ניהול נכסים,False,False,0.0085,0.0035,7847.200000000001,0.005000000000000001,4616.000000000001,0
1215375,קסם אקטיב לונג/שורט מניות ישראל קרן גידור בנאמנות (ללא הרשאה),קרן גידור בנאמנות,,קרן גידור בנאמנות,2026-05-31,180600000.0,קסם,,False,False,0.011000000000000001,0.0035,19866.000000000004,0.0075000000000000015,13545.000000000004,0
1215383,"קסם אקטיב לונג/שורט מניות ארה""ב קרן גידור בנאמנות (ללא הרשאה)",קרן גידור בנאמנות,,קרן גידור בנאמנות,2026-05-31,28060000.0,קסם,,False,False,0.011000000000000001,0.0035,3086.6000000000004,0.0075000000000000015,2104.5000000000005,0
1215771,"איביאי סל ת""א-ביטוח (ללא הרשאה)",ביטוח,,מניות בארץ,2026-05-31,3276040000.0,אי.בי.אי,,True,True,0.002,0.0,65520.8,0.002,65520.8,0
1216050,סיגמא Multi-Strategy ישראל קרן גידור בנאמנות (ללא הרשאה),קרן גידור בנאמנות,,קרן גידור בנאמנות,2026-05-31,30570000.0,סיגמא,,False,False,0.013500000000000002,0.0035,4126.950000000001,0.010000000000000002,3057.0000000000005,0
1216480,תכלית סל כשרה תל בונד 60 צמודות (ללא הרשאה),בריבית קבועה,,"אג""ח בארץ- חברות והמרה",2026-05-31,74050000.0,מיטב,,True,True,0.0,0.0,0.0,0.0,0.0,0
1216670,סלע Multi-Strategy - קרן גידור בנאמנות (ללא הרשאה),קרן גידור בנאמנות,,קרן גידור בנאמנות,2026-05-31,89870000.0,איילון,סלע בית השקעות,False,False,0.015,0.0035,13480.499999999998,0.0115,10335.050000000001,0
1216761,"ב. אלטרנטיב אסטרטגיות אג""ח ומניות - קרן גידור בנאמנות (ללא הרשאה)",קרן גידור בנאמנות,,קרן גידור בנאמנות,2026-05-31,73260000.0,איילון,בסט אלטרנטיב,False,False,0.0085,0.0035,6227.1,0.005000000000000001,3663.0000000000005,0
1217231,"מור אסטרטגיות אג""ח ומניות - קרן גידור בנאמנות (ללא הרשאה)",קרן גידור בנאמנות,,קרן גידור בנאמנות,2026-05-31,352250000.0,מור,,False,False,0.012,0.0035,42270.0,0.0085,29941.250000000004,0
1217397,אקרמן Multi-Strategy - קרן גידור בנאמנות (ללא הרשאה),קרן גידור בנאמנות,,קרן גידור בנאמנות,2026-05-31,44810000.0,איילון,אקרמן כפיר,False,False,0.015,0.0035,6721.499999999999,0.0115,5153.150000000001,0
1217561,MTF סל אינדקס US Top10 Pure Cyber Security (ללא הרשאה),Cyber Security,,"מניות בחו""ל",2026-05-31,16760000.000000002,מגדל,,True,True,0.005,0.0,838.0000000000001,0.005,838.0000000000001,0
1217835,תכלית סל (CME CF Bitcoin Reference Rate (BRRNY (ללא הרשאה),Bitcoin,,נכסים דיגיטליים,2026-05-31,33680000.0,מיטב,,True,True,0.002,0.0,673.6,0.002,673.6,0
1217843,אי בי אי סל אינדקס מיד קאפ ובנקים בישראל (ללא הרשאה),Large & Mid Cap,,מניות בארץ,2026-05-31,68760000.0,אי.בי.אי,,True,True,0.001,0.0,687.6,0.001,687.6,0
1218692,תמיר פישמן Long-Short קרן גידור בנאמנות (ללא הרשאה),קרן גידור בנאמנות,,קרן גידור בנאמנות,2026-05-31,21420000.0,תמיר פישמן,,False,False,0.01,0.0035,2142.0,0.006500000000000001,1392.3000000000002,0
1218916,ATF סל S&P 500 (ללא הרשאה),אמריקה- שווקים מפותחים,,"מניות בחו""ל",2026-05-31,19990000.0,אנליסט,,True,True,0.0,0.0,0.0,0.0,0.0,0
1218924,"ATF סל S&P 500 מנוטרלת מט""ח (ללא הרשאה)",אמריקה- שווקים מפותחים,,"מניות בחו""ל",2026-05-31,91030000.0,אנליסט,,True,True,0.0,0.0,0.0,0.0,0.0,0
1219294,"MTF סל אינדקס אג""ח ממשלת ארה""ב - מח""מ 10 קבוע (ללא הרשאה)","ממשלתיות חשופת מט""ח - ארוך",,"אג""ח בחו""ל",2026-05-31,36400000.0,מגדל,,True,True,0.001,0.0,364.00000000000006,0.001,364.00000000000006,0
1220151,קסם ETF אינדקס ישראל 100 רווחיות משקל שווה (ללא הרשאה),Large & Mid Cap,,מניות בארץ,2026-05-31,125310000.0,קסם,,True,True,0.0025,0.0,3132.75,0.0025,3132.75,0
1220227,מיטב כספית מתחדשת חודשי ב- 15/06/2026 (ללא הרשאה),חודשי,,קרן כספית,2026-05-31,29170000.0,מיטב,,False,False,0.002,0.001,583.4000000000001,0.001,291.70000000000005,1
1220391,הראל סל (CME CF Bitcoin Reference Rate (BRRNY (ללא הרשאה),Bitcoin,,נכסים דיגיטליים,2026-05-31,12210000.0,הראל,,True,True,0.002,0.0,244.20000000000002,0.002,244.20000000000002,0
1220409,תכלית סל (CME CF Ethereum Reference Rate (ETHUSDNY (ללא הרשאה),Ethereum,,נכסים דיגיטליים,2026-05-31,3580000.0,מיטב,,True,True,0.005,0.0,179.0,0.005,179.0,0
1221654,תכלית סל ממונפת S&P 500 פי 3 חודשי (ללא הרשאה),"מניות בחו""ל",,ממונפות,2026-05-31,2150000.0,מיטב,,True,True,0.0195,0.0,419.25,0.0195,419.25,0
1221662,תכלית סל ממונפת NASDAQ 100 פי 3 חודשי (ללא הרשאה),"מניות בחו""ל",,ממונפות,2026-05-31,1570000.0,מיטב,,True,True,0.014499999999999999,0.0,227.65,0.014499999999999999,227.65,0
1221670,MTF סל Indxx Top 10 US Oil Industry (ללא הרשאה),Energy,,"מניות בחו""ל",2026-05-31,9390000.0,מגדל,,True,True,0.001,0.0,93.9,0.001,93.9,0
1222249,אי בי אי סל S&P Bitcoin (ללא הרשאה),Bitcoin,,נכסים דיגיטליים,2026-05-31,2950000.0,אי.בי.אי,,True,True,0.002,0.0,59.00000000000001,0.002,59.00000000000001,0
1222439,MTF סל Indxx Top 10 Europe Defense מנוטרלת אירו (ללא הרשאה),Aerospace & Defense,,"מניות בחו""ל",2026-05-31,51780000.0,מגדל,,True,True,0.001,0.0,517.8000000000001,0.001,517.8000000000001,0
1223866,אלטשולר שחם כספית מתחדשת חודשי לפדיון 16/06/2026 (ללא הרשאה),חודשי,,קרן כספית,2026-05-31,12570000.0,אלטשולר שחם,,False,False,0.0019,0.001,238.83,0.0009,113.13000000000001,1
1225994,"אי בי אי סל ת""א-35 (ללא הרשאה)",Large Cap,,מניות בארץ,2026-05-31,203970000.0,אי.בי.אי,,True,True,0.001,0.0,2039.7000000000003,0.001,2039.7000000000003,0
1226927,"הראל סל ת""א-נפט וגז (ללא הרשאה)","נפט, גז ואנרגיה",,מניות בארץ,2026-05-31,17620000.0,הראל,,True,True,0.004,0.0,704.8000000000001,0.004,704.8000000000001,0
1230473,קסם MSCI China ETF (ללא הרשאה),אסיה ופסיפיק- שווקים מתעוררים,,"מניות בחו""ל",2026-05-31,2930000.0,קסם,,True,True,0.005,0.0,146.5,0.005,146.5,0
1231919,הראל סל תל גוב-לא צמודות (ללא הרשאה),שקליות ממשלתיות -  אחר,,"אג""ח בארץ- מדינה",2026-05-31,6660000.0,הראל,,True,True,0.0015,0.0,99.9,0.0015,99.9,0
1233170,"הראל סל ת""א בטחוניות (ללא הרשאה)",תעשיה,,מניות בארץ,2026-05-31,208250000.0,הראל,,True,True,0.0034999999999999996,0.0,7288.749999999999,0.0034999999999999996,7288.749999999999,0
1235803,"הראל סל ת""א תשתיות (ללא הרשאה)",תשתיות,,מניות בארץ,2026-05-31,9220000.0,הראל,,True,True,0.0034999999999999996,0.0,322.7,0.0034999999999999996,322.7,0
1235985,תכלית סל אינדקס תעשיות ביטחוניות ישראל (ללא הרשאה),תעשיה,,מניות בארץ,2026-05-31,22580000.0,מיטב,,True,True,0.003,0.0,677.4,0.003,677.4,0
1236744,"MTF סל חסר ת""א - בנייה (3451.81) (ללא הרשאה)",מניות בארץ,,ממונפות,2026-05-31,5530000.0,מגדל,,True,True,0.005,0.0,276.5,0.005,276.5,0
1236751,MTF סל Indxx ביטחוניות ישראל (ללא הרשאה),תעשיה,,מניות בארץ,2026-05-31,10030000.0,מגדל,,True,True,0.001,0.0,100.30000000000001,0.001,100.30000000000001,0
1237064,"קסם iBoxx $ Treasuries 10Y+ ETF מנוטרלת מט""ח (ללא הרשאה)","ממשלתיות מנוטרלת מט""ח - ארוך",,"אג""ח בחו""ל",2026-05-31,74420000.0,קסם,,True,True,0.002,0.0,1488.4,0.002,1488.4,0
1237916,MTF סל Indxx US Industrial Electrification Ecosystem (ללא הרשאה),Industrials,,"מניות בחו""ל",2026-05-31,20750000.0,מגדל,,True,True,0.005,0.0,1037.5,0.005,1037.5,0
1238104,"ATF סל ת""א 200 (ללא הרשאה)",All Cap,,מניות בארץ,2026-05-31,6030000.0,אנליסט,,True,True,0.0,0.0,0.0,0.0,0.0,0
1238203,"ATF סל ת""א 125 (ללא הרשאה)",Large & Mid Cap,,מניות בארץ,2026-05-31,10780000.0,אנליסט,,True,True,0.0,0.0,0.0,0.0,0.0,0
1238559,"קסם ETF ת""א -טכנולוגיה (ללא הרשאה)",טכנולוגיה,,מניות בארץ,2026-05-31,1830000.0,קסם,,True,True,0.001,0.0,18.3,0.001,18.3,0
1238567,קסם ETF אינדקס אנרגיה ישראלית (ללא הרשאה),"נפט, גז ואנרגיה",,מניות בארץ,2026-05-31,4950000.0,קסם,,True,True,0.002,0.0,99.00000000000001,0.002,99.00000000000001,0
1239698,קסם MarketVector ETF תעשיות בטחוניות ישראליות (ללא הרשאה),תעשיה,,מניות בארץ,2026-05-31,340000.0,קסם,,True,True,0.0025,0.0,8.5,0.0025,8.5,0
5100110,הראל מדורג שקלי ללא מניות (ללא הרשאה),חברות והמרה שקלי ללא מניות,,"אג""ח בארץ- חברות והמרה",2026-05-31,77090000.0,הראל,,False,False,0.0085,0.0035,6552.650000000001,0.005000000000000001,3854.500000000001,0
5100144,איביאי יתר (ללא הרשאה),מניות Small Cap,,מניות בארץ,2026-05-31,47550000.0,אי.בי.אי,,False,False,0.0271,0.0035,12886.05,0.0236,11221.8,0
5100151,"קסם אקטיב ענקיות טכנולוגיה חו""ל (ללא הרשאה)","מניות לפי ענפים בחו""ל",,"מניות בחו""ל",2026-05-31,331620000.0,קסם,,False,False,0.0194,0.0035,64334.28,0.0159,52727.58,0
5100169,הראל אודם (ללא הרשאה),גמישות,,גמישות,2026-05-31,95110000.0,הראל,,False,False,0.011899999999999999,0.0035,11318.09,0.0084,7989.24,0
5100193,"אילים תיק אג""ח + 30% (ללא הרשאה)","אג""ח כללי בארץ- עד 30% מניות",,"אג""ח בארץ - כללי",2026-05-31,291400000.0,אילים,,False,False,0.0069,0.0035,20106.6,0.0034,9907.6,0
5100235,"אלטשולר שחם 10/90 תיק חו""ל (ללא הרשאה)","אג""ח חשופת דולר",,"אג""ח בחו""ל",2026-05-31,64080000.0,אלטשולר שחם,,False,False,0.0078000000000000005,0.0035,4998.24,0.0043,2755.44,0
5100243,קסם אקטיב מניות דיבידנד גלובלי (ללא הרשאה),"מניות כללי בחו""ל חשופת מט""ח",,"מניות בחו""ל",2026-05-31,50370000.0,קסם,,False,False,0.0189,0.0035,9519.93,0.0154,7756.9800000000005,0
5100284,קסם אקטיב 10/90 תיק סולידי (ללא הרשאה),"אג""ח כללי בארץ בדירוג גבוה (AA ומעלה ו/ או מדינה)- עד 10% מניות",,"אג""ח בארץ - כללי",2026-05-31,368100000.0,קסם,,False,False,0.008,0.0035,29448.000000000004,0.0045000000000000005,16564.5,0
5100300,"תמיר פישמן (!) אג""ח בינלאומי (ללא הרשאה)","אג""ח חשופת דולר",,"אג""ח בחו""ל",2026-05-31,48480000.0,תמיר פישמן,,False,False,0.0089,0.0035,4314.719999999999,0.0054,2617.92,0
5100318,קסם אקטיב מדינה ללא מניות כשרה (ללא הרשאה),"אג""ח מדינה כללי- ללא מניות",,"אג""ח בארץ- מדינה",2026-05-31,66269999.99999999,קסם,,False,False,0.0067,0.0035,4440.089999999999,0.0032,2120.64,0
5100383,מיטב מדורגות A ומעלה (ללא הרשאה),"חברות והמרה ללא מניות וללא סימן קריאה, עם מגבלת מח""מ עד 5 שנים",,"אג""ח בארץ- חברות והמרה",2026-05-31,230560000.0,מיטב,,False,False,0.0089,0.0035,20519.84,0.0054,12450.240000000002,0
5100474,"מיטב ת""א 125 (ללא הרשאה)",מניות Large & Mid Cap,,מניות בארץ,2026-05-31,2098350000.0,מיטב,,False,False,0.018500000000000003,0.0035,388194.75000000006,0.015000000000000003,314752.50000000006,0
5100482,איביאי גלובל אקוויטי (ללא הרשאה),"מניות כללי בחו""ל חשופת מט""ח",,"מניות בחו""ל",2026-05-31,115570000.0,אי.בי.אי,,False,False,0.021,0.0035,24269.7,0.0175,20224.750000000004,0
5100565,הראל מדינה שקלית ארוכה (ללא הרשאה),"אג""ח מדינה שקליות- ללא מניות",,"אג""ח בארץ- מדינה",2026-05-31,138640000.0,הראל,,False,False,0.0069,0.0035,9566.16,0.0034,4713.76,0
5100581,קסם אקטיב שקלי - A ומעלה (ללא הרשאה),חברות והמרה שקלי ללא מניות,,"אג""ח בארץ- חברות והמרה",2026-05-31,76490000.0,קסם,,False,False,0.0070999999999999995,0.0035,5430.789999999999,0.0035999999999999995,2753.6399999999994,0
5100615,"איביאי (!) אג""ח יורו בינלאומי (ללא הרשאה)","אג""ח חשופת מט""ח",,"אג""ח בחו""ל",2026-05-31,2900000.0,אי.בי.אי,,False,False,0.01,0.0035,290.0,0.006500000000000001,188.50000000000003,0
5100672,מיטב כספית דולרית (ללא הרשאה),חשופת דולר,,קרן כספית,2026-05-31,258779999.99999997,מיטב,,False,False,0.0028000000000000004,0.001,7245.84,0.0018000000000000004,4658.040000000001,1
5100680,מגדל עוקבת תיק מרכיב הנזילות הבנק הבינלאומי (ללא הרשאה),"חברות והמרה ללא מניות וללא סימן קריאה, עם מגבלת מח""מ עד 5 שנים",,"אג""ח בארץ- חברות והמרה",2026-05-31,26590000.0,מגדל,,False,False,0.0049,0.0035,1302.9099999999999,0.0013999999999999998,372.25999999999993,0
5100771,"הראל סקטורים עולמי עד 30% מט""ח (ללא הרשאה)","מניות כללי בחו""ל מוגנת מט""ח",,"מניות בחו""ל",2026-05-31,31520000.0,הראל,,False,False,0.011699999999999999,0.0035,3687.8399999999997,0.008199999999999999,2584.6399999999994,0
5100813,"אלטשולר שחם תיק אג""ח שקלי (ללא הרשאה)","אג""ח כללי בארץ ללא מניות וללא סימן קריאה",,"אג""ח בארץ - כללי",2026-05-31,439730000.0,אלטשולר שחם,,False,False,0.0078000000000000005,0.0035,34298.94,0.0043,18908.39,0
5100821,"איביאי מניות ארה""ב (ללא הרשאה)","ארה""ב חשופת מט""ח",,"מניות בחו""ל",2026-05-31,104260000.0,אי.בי.אי,,False,False,0.0225,0.0035,23458.5,0.019,19809.399999999998,0
5100953,קסם אקטיב תיק מנוהל (ללא הרשאה),"אג""ח כללי בארץ - חשיפה מרבית מעל 30% מניות",,"אג""ח בארץ - כללי",2026-05-31,178400000.0,קסם,,False,False,0.0045000000000000005,0.0035,8028.000000000001,0.0010000000000000005,1784.0000000000007,0
5100961,מיטב זהב (ללא הרשאה),"מניות לפי ענפים בחו""ל",,"מניות בחו""ל",2026-05-31,52850000.0,מיטב,,False,False,0.0252,0.0035,13318.2,0.0217,11468.45,0
5101019,"מיטב מניות טכנולוגיה חו""ל (ללא הרשאה)","מניות לפי ענפים בחו""ל",,"מניות בחו""ל",2026-05-31,502860000.0,מיטב,,False,False,0.0169,0.0035,84983.34,0.013399999999999999,67383.23999999999,0
5101092,"אנליסט טכנולוגיות חו""ל (ללא הרשאה)","מניות לפי ענפים בחו""ל",,"מניות בחו""ל",2026-05-31,448270000.0,אנליסט,,False,False,0.0195,0.0035,87412.65,0.016,71723.20000000001,0
5101118,"איילון ארה""ב חייבת (ללא הרשאה)","ארה""ב חשופת מט""ח",,"מניות בחו""ל",2026-05-31,81670000.0,איילון,,False,False,0.0095,0.0035,7758.65,0.006,4900.2,0
5101159,איילון מניות US (ללא הרשאה),"ארה""ב חשופת מט""ח",,"מניות בחו""ל",2026-05-31,38450000.0,איילון,,False,False,0.0195,0.0035,7497.75,0.016,6152.000000000001,0
5101183,איביאי ביוטכנלוגיה גלובלי (ללא הרשאה),"מניות לפי ענפים בחו""ל",,"מניות בחו""ל",2026-05-31,15100000.0,אי.בי.אי,,False,False,0.011000000000000001,0.0035,1661.0000000000002,0.0075000000000000015,1132.5000000000002,0
5101191,מגדל 25/75 פלוס (ללא הרשאה),"אג""ח כללי בארץ- עד 25% מניות",,"אג""ח בארץ - כללי",2026-05-31,52790000.0,מגדל,,False,False,0.0089,0.0035,4698.3099999999995,0.0054,2850.6600000000003,0
5101233,סיגמא מניות ערך גלובלי (ללא הרשאה),"מניות כללי בחו""ל חשופת מט""ח",,"מניות בחו""ל",2026-05-31,51240000.0,סיגמא,,False,False,0.0242,0.0035,12400.08,0.0207,10606.68,0
5101258,אנליסט מניות ישראל Large & Mid Cap (ללא הרשאה),מניות Large & Mid Cap,,מניות בארץ,2026-05-31,576960000.0,אנליסט,,False,False,0.0169,0.0035,97506.23999999999,0.013399999999999999,77312.63999999998,0
5101266,"אנליסט נדל""ן (ללא הרשאה)",מניות לפי ענפים,,מניות בארץ,2026-05-31,45220000.0,אנליסט,,False,False,0.018500000000000003,0.0035,8365.7,0.015000000000000003,6783.000000000002,0
5101308,"קסם אקטיב ארה""ב חייבת (ללא הרשאה)","ארה""ב חשופת מט""ח",,"מניות בחו""ל",2026-05-31,40480000.0,קסם,,False,False,0.0095,0.0035,3845.5999999999995,0.006,2428.8,0
5101381,איילון מניות (ללא הרשאה),מניות All Cap,,מניות בארץ,2026-05-31,24860000.0,איילון,,False,False,0.024900000000000002,0.0035,6190.140000000001,0.021400000000000002,5320.040000000001,0
5101399,"סיגמא אג""ח מדינה (ללא הרשאה)","אג""ח מדינה כללי- ללא מניות",,"אג""ח בארץ- מדינה",2026-05-31,214500000.0,סיגמא,,False,False,0.0064,0.0035,13728.0,0.0029000000000000002,6220.500000000001,0
5101431,קסם אקטיב שווקים מתעוררים (ללא הרשאה),"מניות גיאוגרפי אחר חשופת מט""ח",,"מניות בחו""ל",2026-05-31,6210000.0,קסם,,False,False,0.0195,0.0035,1210.95,0.016,993.6000000000001,0
5101480,"קסם אקטיב אג""ח + 25% (ללא הרשאה)","אג""ח כללי בארץ- עד 25% מניות",,"אג""ח בארץ - כללי",2026-05-31,82590000.0,קסם,,False,False,0.0068000000000000005,0.0035,5616.12,0.0033000000000000004,2725.4700000000003,0
5101506,"מור מחקה ת""א 35 (ללא הרשאה)",Large Cap,,מניות בארץ,2026-05-31,168050000.0,מור,,True,False,0.0045000000000000005,0.0,7562.250000000001,0.0045000000000000005,7562.250000000001,0
5101563,מיטב מדינה שקלית כשרה (ללא הרשאה),"אג""ח מדינה שקליות- ללא מניות",,"אג""ח בארץ- מדינה",2026-05-31,82200000.0,מיטב,,False,False,0.0069,0.0035,5671.799999999999,0.0034,2794.8,0
5101571,מגדל מדינה שקלים ארוכים (ללא הרשאה),"אג""ח מדינה שקליות- ללא מניות",,"אג""ח בארץ- מדינה",2026-05-31,266380000.0,מגדל,,False,False,0.0069,0.0035,18380.219999999998,0.0034,9056.92,0
5101621,"קסם אקטיב אג""ח גלובלי מדורג (ללא הרשאה)","אג""ח חשופת מט""ח",,"אג""ח בחו""ל",2026-05-31,58710000.0,קסם,,False,False,0.0075,0.0035,4403.25,0.004,2348.4,0
5101639,אנליסט השקעות (ללא הרשאה),גמישות,,גמישות,2026-05-31,502540000.0,אנליסט,,False,False,0.0194,0.0035,97492.76,0.0159,79903.86000000002,0
5101670,"הראל (!) אג""ח תאגידים (ללא הרשאה)",חברות והמרה עם מניות ועם סימן קריאה,,"אג""ח בארץ- חברות והמרה",2026-05-31,34300000.0,הראל,,False,False,0.006500000000000001,0.0035,2229.5000000000005,0.0030000000000000005,1029.0000000000002,0
5101704,הראל (!) קונצרני פלוס (ללא הרשאה),חברות והמרה עם מניות ועם סימן קריאה,,"אג""ח בארץ- חברות והמרה",2026-05-31,6500000.0,הראל,,False,False,0.0059,0.0035,383.5,0.0024,155.99999999999997,0
5101712,"הראל אג""ח חו""ל יורו (ללא הרשאה)","אג""ח חשופת מט""ח",,"אג""ח בחו""ל",2026-05-31,14250000.0,הראל,,False,False,0.011699999999999999,0.0035,1667.2499999999998,0.008199999999999999,1168.4999999999998,0
5101795,איילון סולידית + 10% (ללא הרשאה),"אג""ח כללי בארץ בדירוג גבוה (AA ומעלה ו/ או מדינה)- עד 10% מניות",,"אג""ח בארץ - כללי",2026-05-31,24170000.0,איילון,,False,False,0.006500000000000001,0.0035,1571.0500000000002,0.0030000000000000005,725.1000000000001,0
5101811,איילון מדינה שקלית פלוס 10% (ללא הרשאה),"אג""ח מדינה שקליות- עד 10% מניות",,"אג""ח בארץ- מדינה",2026-05-31,16710000.0,איילון,,False,False,0.0064,0.0035,1069.44,0.0029000000000000002,484.59000000000003,0
5101902,"איביאי אג""ח $ חו""ל נקובה $ - תיק עד 3 שנים (ללא הרשאה)","אג""ח נקובת מט""ח",,"אג""ח בחו""ל",2026-05-31,28200000.0,אי.בי.אי,,False,False,0.0066,0.0035,1861.2,0.0031,874.2,0
5101951,מיטב גז ונפט (ללא הרשאה),מניות לפי ענפים,,מניות בארץ,2026-05-31,71830000.0,מיטב,,False,False,0.020499999999999997,0.0035,14725.149999999998,0.016999999999999998,12211.099999999999,0
5102132,איביאי מניות (ללא הרשאה),מניות All Cap,,מניות בארץ,2026-05-31,347450000.0,אי.בי.אי,,False,False,0.0229,0.0035,79566.05,0.0194,67405.3,0
5102157,איילון פאי תיק 30/70 (ללא הרשאה),"אג""ח כללי בארץ- עד 30% מניות",,"אג""ח בארץ - כללי",2026-05-31,47130000.0,איילון,,False,False,0.0085,0.0035,4006.05,0.005000000000000001,2356.5000000000005,0
5102207,מיטב LONG RUN (ללא הרשאה),גמישות,,גמישות,2026-05-31,369240000.0,מיטב,,False,False,0.0148,0.0035,54647.520000000004,0.011300000000000001,41724.12,0
5102256,"מיטב מניות ארה""ב (ללא הרשאה)","ארה""ב חשופת מט""ח",,"מניות בחו""ל",2026-05-31,753610000.0,מיטב,,False,False,0.0176,0.0035,132635.36000000002,0.014100000000000001,106259.01000000001,0
5102298,"אלטשולר שחם ת""א MID CAP STOCK PICKING (ללא הרשאה)",מניות Large & Mid Cap,,מניות בארץ,2026-05-31,269660000.0,אלטשולר שחם,,False,False,0.015,0.0035,40449.0,0.0115,31010.9,0
5102330,מיטב תיק השקעות 25/75 (ללא הרשאה),"אג""ח כללי בארץ- עד 25% מניות",,"אג""ח בארץ - כללי",2026-05-31,338430000.0,מיטב,,False,False,0.0089,0.0035,30120.269999999997,0.0054,18275.22,0
5102371,"הראל אג""ח דולר בינלאומי (ללא הרשאה)","אג""ח חשופת דולר",,"אג""ח בחו""ל",2026-05-31,262050000.0,הראל,,False,False,0.0076,0.0035,19915.800000000003,0.0040999999999999995,10744.049999999997,0
5102421,קסם אקטיב עוקבת תיק 2 הבנק הבינלאומי (ללא הרשאה),"אג""ח כללי בארץ- עד 15% מניות",,"אג""ח בארץ - כללי",2026-05-31,450010000.0,קסם,,False,False,0.0076,0.0035,34200.76,0.0040999999999999995,18450.409999999996,0
5102470,הראל מדינה שקלי 0-3 שנים + 10% (ללא הרשאה),"אג""ח מדינה שקליות- עד 10% מניות",,"אג""ח בארץ- מדינה",2026-05-31,40690000.0,הראל,,False,False,0.013500000000000002,0.0035,5493.1500000000015,0.010000000000000002,4069.000000000001,0
5102488,הראל ישראל 25/75 (ללא הרשאה),"אג""ח כללי בארץ- עד 25% מניות",,"אג""ח בארץ - כללי",2026-05-31,1378860000.0,הראל,,False,False,0.0063,0.0035,86868.18,0.0028,38608.08,0
5102652,"הראל אירופה עד 30% מט""ח (ללא הרשאה)","מניות גיאוגרפי מוגנת מט""ח",,"מניות בחו""ל",2026-05-31,5850000.0,הראל,,False,False,0.0115,0.0035,672.75,0.008,468.00000000000006,0
5102678,מגדל תיק השקעות 30/70 (ללא הרשאה),"אג""ח כללי בארץ- עד 30% מניות",,"אג""ח בארץ - כללי",2026-05-31,451190000.0,מגדל,,False,False,0.0079,0.0035,35644.01,0.004400000000000001,19852.360000000004,0
5102850,"הראל אג""ח סולידית מחלקת (ללא הרשאה)","אג""ח כללי בארץ ללא מניות וללא סימן קריאה, עם מגבלת מח""מ עד 5 שנים",,"אג""ח בארץ - כללי",2026-05-31,21810000.0,הראל,,False,False,0.011699999999999999,0.0035,2551.7699999999995,0.008199999999999999,1788.4199999999996,0
5102876,הראל תשתיות ישראל (ללא הרשאה),מניות לפי ענפים,,מניות בארץ,2026-05-31,115470000.0,הראל,,False,False,0.0125,0.0035,14433.75,0.009000000000000001,10392.300000000001,0
5102926,מגדל עוקבת תיק 2 הבנק הבינלאומי (ללא הרשאה),"אג""ח כללי בארץ- עד 15% מניות",,"אג""ח בארץ - כללי",2026-05-31,170500000.0,מגדל,,False,False,0.0079,0.0035,13469.500000000002,0.004400000000000001,7502.000000000002,0
5102991,מגדל כספית שקלית (ללא הרשאה),כספית שקלית עם קונצרני,,קרן כספית,2026-05-31,5801700000.0,מגדל,,False,False,0.0023899999999999998,0.001,138660.62999999998,0.0013899999999999997,80643.62999999999,1
5103056,"קסם אקטיב אג""ח (ללא הרשאה)","אג""ח כללי בארץ ללא מניות וללא סימן קריאה",,"אג""ח בארץ - כללי",2026-05-31,179940000.0,קסם,,False,False,0.0115,0.0035,20693.100000000002,0.008,14395.2,0
5103106,"קסם אקטיב אג""ח גלובלי - מנוטרלת מט""ח (ללא הרשאה)","אג""ח מוגנת מט""ח",,"אג""ח בחו""ל",2026-05-31,134620000.0,קסם,,False,False,0.0075,0.002,10096.5,0.0055,7404.099999999999,0
5103114,קסם אקטיב מדינה צמוד + 10% (ללא הרשאה),"אג""ח מדינה צמוד מדד- עד 10% מניות",,"אג""ח בארץ- מדינה",2026-05-31,438470000.0,קסם,,False,False,0.0068000000000000005,0.0035,29815.96,0.0033000000000000004,14469.51,0
5103148,"מגדל סקטורים ארה""ב - מנוטרלת מט""ח (ללא הרשאה)","מניות גיאוגרפי מוגנת מט""ח",,"מניות בחו""ל",2026-05-31,77670000.0,מגדל,,False,False,0.015,0.0035,11650.499999999998,0.0115,8932.050000000001,0
5103163,מגדל בונד שקלי A ומעלה +10% (ללא הרשאה),חברות והמרה שקלי עם מניות,,"אג""ח בארץ- חברות והמרה",2026-05-31,15730000.0,מגדל,,False,False,0.0059,0.0035,928.0699999999999,0.0024,377.52,0
5103247,"הראל אג""ח מדינות בחו""ל - נקובה $ (ללא הרשאה)","אג""ח נקובת מט""ח",,"אג""ח בחו""ל",2026-05-31,57960000.0,הראל,,False,False,0.005,0.0035,2898.0,0.0015,869.4,0
5103296,"מיטב מניות ת""א MID CAP (ללא הרשאה)",מניות Large & Mid Cap,,מניות בארץ,2026-05-31,417240000.0,מיטב,,False,False,0.0179,0.0035,74685.95999999999,0.0144,60082.560000000005,0
5103304,"מגדל מעו""ף כפליים (ללא הרשאה)",ממונפות בסיכון גבוה,,ממונפות ואסטרטגיות,2026-05-31,77480000.0,מגדל,,False,False,0.0281,0.0035,21771.88,0.0246,19060.08,0
5103361,"קסם אקטיב אג""ח מדינה (ללא הרשאה)","אג""ח מדינה כללי- ללא מניות",,"אג""ח בארץ- מדינה",2026-05-31,41160000.0,קסם,,False,False,0.010700000000000001,0.002,4404.120000000001,0.008700000000000001,3580.9200000000005,0
5103387,"קסם אקטיב (!) קונצרני חו""ל מנוטרלת מט""ח חייבת (ללא הרשאה)","אג""ח מוגנת מט""ח",,"אג""ח בחו""ל",2026-05-31,255200000.0,קסם,,False,False,0.0059,0.0035,15056.8,0.0024,6124.799999999999,0
5103403,הראל כספית דולר נזיל חייבת (ללא הרשאה),חשופת דולר,,קרן כספית,2026-05-31,40050000.0,הראל,,False,False,0.0059,0.001,2362.95,0.0049,1962.45,1
5103486,קסם אקטיב מניות US (ללא הרשאה),"ארה""ב חשופת מט""ח",,"מניות בחו""ל",2026-05-31,8010000.0,קסם,,False,False,0.017,0.0035,1361.7,0.013500000000000002,1081.3500000000001,0
5103494,איביאי מניות ישראל Large & Mid Cap (ללא הרשאה),מניות Large & Mid Cap,,מניות בארץ,2026-05-31,106340000.0,אי.בי.אי,,False,False,0.0155,0.0035,16482.7,0.012,12760.800000000001,0
5103510,אי.בי.אי. כספית שקלית (ללא הרשאה),כספית שקלית עם קונצרני,,קרן כספית,2026-05-31,2425230000.0,אי.בי.אי,,False,False,0.002,0.001,48504.600000000006,0.001,24252.300000000003,1
5103569,כוון 30/70 (ללא הרשאה),"אג""ח כללי בארץ- עד 30% מניות",,"אג""ח בארץ - כללי",2026-05-31,18440000.0,איילון,כוון,False,False,0.0079,0.0035,1456.7600000000002,0.004400000000000001,811.3600000000002,0
5103585,"מגדל אג""ח $ בינלאומי - נקובה דולר (ללא הרשאה)","אג""ח נקובת מט""ח",,"אג""ח בחו""ל",2026-05-31,29620000.0,מגדל,,False,False,0.0095,0.0035,2813.8999999999996,0.006,1777.2,0
5103593,איביאי סין (ללא הרשאה),"מניות גיאוגרפי אחר חשופת מט""ח",,"מניות בחו""ל",2026-05-31,15480000.0,אי.בי.אי,,False,False,0.0195,0.0035,3018.6,0.016,2476.8,0
5103676,"מגדל אג""ח ללא מניות (ללא הרשאה)","אג""ח כללי בארץ ללא מניות וללא סימן קריאה",,"אג""ח בארץ - כללי",2026-05-31,250780000.0,מגדל,,False,False,0.0069,0.0035,17303.82,0.0034,8526.52,0
5103692,מיטב סקיי מניות (ללא הרשאה),מניות All Cap,,מניות בארץ,2026-05-31,678240000.0,מיטב,,False,False,0.0159,0.0035,107840.16000000002,0.012400000000000001,84101.76000000001,0
5103700,"אלטשולר שחם נדל""ן (ללא הרשאה)",מניות לפי ענפים,,מניות בארץ,2026-05-31,142800000.0,אלטשולר שחם,,False,False,0.0124,0.0035,17707.2,0.0089,12709.199999999999,0
5103718,"קסם אקטיב אג""ח חו""ל 2029 נקובה בדולר (ללא הרשאה)","אג""ח נקובת מט""ח",,"אג""ח בחו""ל",2026-05-31,93570000.0,קסם,,False,False,0.0046,0.0035,4304.22,0.0010999999999999998,1029.2699999999998,0
5103726,קסם אקטיב תיק + 20% - אגד חוץ (ללא הרשאה),אגד חוץ,,אגד קרנות,2026-05-31,4890000.0,קסם,,False,False,0.0075,0.0035,366.74999999999994,0.004,195.60000000000002,0
5103759,מגדל הודו (ללא הרשאה),"מניות גיאוגרפי אחר חשופת מט""ח",,"מניות בחו""ל",2026-05-31,36270000.0,מגדל,,False,False,0.0195,0.0035,7072.65,0.016,5803.200000000001,0
5103767,מיטב עוקבת תיק 1 הבנק הבינלאומי (ללא הרשאה),"אג""ח כללי בארץ- עד 5% מניות",,"אג""ח בארץ - כללי",2026-05-31,72410000.0,מיטב,,False,False,0.0069,0.0035,4996.29,0.0034,2461.94,0
5103809,איילון 15/85 (ללא הרשאה),"אג""ח כללי בארץ- עד 15% מניות",,"אג""ח בארץ - כללי",2026-05-31,24080000.0,איילון,,False,False,0.006500000000000001,0.0035,1565.2000000000003,0.0030000000000000005,722.4000000000001,0
5103999,הראל ספיר מניות (ללא הרשאה),מניות All Cap,,מניות בארץ,2026-05-31,121480000.0,הראל,,False,False,0.0059,0.0035,7167.32,0.0024,2915.5199999999995,0
5104153,מיטב מניות ישראל (ללא הרשאה),מניות All Cap,,מניות בארץ,2026-05-31,268730000.0,מיטב,,False,False,0.0168,0.0035,45146.64,0.0133,35741.09,0
5104237,"אנליסט (!) אג""ח חו""ל ללא מניות (ללא הרשאה)","אג""ח חשופת מט""ח",,"אג""ח בחו""ל",2026-05-31,69150000.0,אנליסט,,False,False,0.0079,0.0035,5462.85,0.004400000000000001,3042.600000000001,0
5104252,קסם אקטיב עוקבת מרכיב נזילות הבנק הבינלאומי (ללא הרשאה),"חברות והמרה ללא מניות וללא סימן קריאה, עם מגבלת מח""מ עד 5 שנים",,"אג""ח בארץ- חברות והמרה",2026-05-31,78990000.0,קסם,,False,False,0.0052,0.0035,4107.48,0.0016999999999999997,1342.8299999999997,0
5104278,קסם אקטיב יפן (ללא הרשאה),"מניות גיאוגרפי אחר חשופת מט""ח",,"מניות בחו""ל",2026-05-31,22360000.0,קסם,,False,False,0.0195,0.0035,4360.2,0.016,3577.6000000000004,0
5104328,אנליסט אסטרטגיות (ללא הרשאה),אסטרטגיות (לא ממונפות),,ממונפות ואסטרטגיות,2026-05-31,14320000.0,אנליסט,,False,False,0.0352,0.0035,5040.64,0.0317,4539.4400000000005,0
5104393,"איביאי (!) אג""ח דולר בינלאומי (ללא הרשאה)","אג""ח חשופת דולר",,"אג""ח בחו""ל",2026-05-31,109520000.0,אי.בי.אי,,False,False,0.0098,0.0035,10732.96,0.0063,6899.76,0
5104419,"מגדל אסטרטגיות אג""ח מדינה (ללא הרשאה)",אסטרטגיות (לא ממונפות),,ממונפות ואסטרטגיות,2026-05-31,49520000.0,מגדל,,False,False,0.0109,0.0035,5397.679999999999,0.0074,3664.4800000000005,0
5104476,הראל 10/90 - כשרה (ללא הרשאה),"אג""ח כללי בארץ- עד 10% מניות ללא סימן קריאה",,"אג""ח בארץ - כללי",2026-05-31,57260000.0,הראל,,False,False,0.0123,0.0035,7042.9800000000005,0.0088,5038.880000000001,0
5104518,תמיר פישמן 15/85 (ללא הרשאה),"אג""ח כללי בארץ- עד 15% מניות",,"אג""ח בארץ - כללי",2026-05-31,803090000.0,תמיר פישמן,,False,False,0.0069,0.0035,55413.21,0.0034,27305.06,0
5104666,"מגדל MID CAP גרמניה מנוטרלת מט""ח (ללא הרשאה)","מניות גיאוגרפי מוגנת מט""ח",,"מניות בחו""ל",2026-05-31,6870000.0,מגדל,,False,False,0.018500000000000003,0.0035,1270.9500000000003,0.015000000000000003,1030.5000000000002,0
5104732,הפניקס קסם תיק קונצרני מדורג (ללא הרשאה),חברות והמרה ללא מניות וללא סימן קריאה,,"אג""ח בארץ- חברות והמרה",2026-05-31,560670000.0,קסם,,False,False,0.0089,0.0035,49899.63,0.0054,30276.180000000004,0
5104773,קסם אקטיב (!) תיק קונצרני עד 4 שנים (ללא הרשאה),חברות והמרה ללא מניות עם סימן קריאה,,"אג""ח בארץ- חברות והמרה",2026-05-31,398520000.0,קסם,,False,False,0.0077,0.0035,30686.04,0.004200000000000001,16737.84,0
5104781,קסם אקטיב מניות אירופה (ללא הרשאה),"מניות גיאוגרפי אחר חשופת מט""ח",,"מניות בחו""ל",2026-05-31,22290000.0,קסם,,False,False,0.0194,0.0035,4324.26,0.0159,3544.11,0
5104823,הראל נבחרת 10/90 (ללא הרשאה),"אג""ח כללי בארץ- עד 10% מניות ללא סימן קריאה",,"אג""ח בארץ - כללי",2026-05-31,265589999.99999997,הראל,,False,False,0.0069,0.0035,18325.709999999995,0.0034,9030.06,0
5104831,מגדל עוקבת תיק 1 הבנק הבינלאומי (ללא הרשאה),"אג""ח כללי בארץ- עד 5% מניות",,"אג""ח בארץ - כללי",2026-05-31,54160000.0,מגדל,,False,False,0.006500000000000001,0.0035,3520.4000000000005,0.0030000000000000005,1624.8000000000002,0
5104849,"מגדל (!) אג""ח חברות (ללא הרשאה)",חברות והמרה ללא מניות עם סימן קריאה,,"אג""ח בארץ- חברות והמרה",2026-05-31,370080000.0,מגדל,,False,False,0.0088,0.0035,32567.040000000005,0.005300000000000001,19614.24,0
5104922,איילון מניות בנקים (ללא הרשאה),מניות לפי ענפים,,מניות בארץ,2026-05-31,1126620000.0,איילון,,False,False,0.0115,0.0035,129561.3,0.008,90129.6,0
5104948,קסם אקטיב אירופה (ללא הרשאה),"מניות גיאוגרפי אחר חשופת מט""ח",,"מניות בחו""ל",2026-05-31,9030000.0,קסם,,False,False,0.0195,0.0035,1760.85,0.016,1444.8000000000002,0
5105143,מיטב בונד A ומעלה (ללא הרשאה),חברות והמרה עם מניות ללא סימן קריאה,,"אג""ח בארץ- חברות והמרה",2026-05-31,262160000.00000003,מיטב,,False,False,0.0102,0.0035,26740.320000000007,0.006700000000000001,17564.720000000005,0
5105176,הפניקס קסם ממשלתי שקלי (ללא הרשאה),"אג""ח מדינה שקליות- ללא מניות",,"אג""ח בארץ- מדינה",2026-05-31,286430000.0,קסם,,False,False,0.0085,0.0035,24346.550000000003,0.005000000000000001,14321.500000000002,0
5105218,אלטשולר שחם ירוקה גלובלי (ללא הרשאה),"מניות לפי ענפים בחו""ל",,"מניות בחו""ל",2026-05-31,32759999.999999996,אלטשולר שחם,,False,False,0.0225,0.0035,7370.999999999999,0.019,6224.399999999999,0
5105259,מגדל אפיקים 15/85 (ללא הרשאה),"אג""ח כללי בארץ- עד 15% מניות",,"אג""ח בארץ - כללי",2026-05-31,408520000.0,מגדל,,False,False,0.0089,0.0035,36358.28,0.0054,22060.08,0
5105267,ברומטר 15/85 (ללא הרשאה),"אג""ח כללי בארץ- עד 15% מניות",,"אג""ח בארץ - כללי",2026-05-31,729440000.0,איילון,ברומטר,False,False,0.009300000000000001,0.0035,67837.92000000001,0.005800000000000001,42307.52000000001,0
5105317,כוון 20/80 (ללא הרשאה),"אג""ח כללי בארץ- עד 20% מניות",,"אג""ח בארץ - כללי",2026-05-31,24840000.0,איילון,כוון,False,False,0.0089,0.0035,2210.7599999999998,0.0054,1341.3600000000001,0
5105382,"אילים אג""ח מדינה + 10% (ללא הרשאה)","אג""ח מדינה כללי- עד 10% מניות",,"אג""ח בארץ- מדינה",2026-05-31,667370000.0,אילים,,False,False,0.0069,0.0035,46048.53,0.0034,22690.579999999998,0
5105390,"הראל (!) אג""ח עולמי (ללא הרשאה)","אג""ח חשופת מט""ח",,"אג""ח בחו""ל",2026-05-31,51510000.0,הראל,,False,False,0.0078000000000000005,0.0035,4017.7799999999997,0.0043,2214.9300000000003,0
5105531,אלטשולר שחם S&P 500 (ללא הרשאה),"ארה""ב חשופת מט""ח",,"מניות בחו""ל",2026-05-31,592340000.0,אלטשולר שחם,,False,False,0.016,0.0035,94774.40000000001,0.0125,74042.5,0
5105580,מיטב עוקבת תיק 2 הבנק הבינלאומי (ללא הרשאה),"אג""ח כללי בארץ- עד 15% מניות",,"אג""ח בארץ - כללי",2026-05-31,445170000.0,מיטב,,False,False,0.0074,0.0035,32942.58,0.0039000000000000003,17361.63,0
5105614,"איילון 10/90 תיק אג""ח חול - נקובה $ (ללא הרשאה)","אג""ח נקובת מט""ח",,"אג""ח בחו""ל",2026-05-31,87900000.0,איילון,,False,False,0.0088,0.0035,7735.200000000001,0.005300000000000001,4658.700000000001,0
5105648,קסם אקטיב קונצרני A ומעלה (ללא הרשאה),"חברות והמרה ללא מניות וללא סימן קריאה, עם מגבלת מח""מ עד 5 שנים",,"אג""ח בארץ- חברות והמרה",2026-05-31,477850000.0,קסם,,False,False,0.0072,0.0035,34405.200000000004,0.0036999999999999997,17680.45,0
5105697,"אלטשולר שחם (!) אג""ח חברות ללא מניות (ללא הרשאה)",חברות והמרה ללא מניות עם סימן קריאה,,"אג""ח בארץ- חברות והמרה",2026-05-31,293690000.0,אלטשולר שחם,,False,False,0.0124,0.0035,36417.560000000005,0.0089,26138.41,0
5105705,אלטשולר שחם 25-75 (ללא הרשאה),"אג""ח כללי בארץ- עד 25% מניות",,"אג""ח בארץ - כללי",2026-05-31,130110000.00000001,אלטשולר שחם,,False,False,0.0079,0.0035,10278.690000000002,0.004400000000000001,5724.840000000002,0
5105713,מיטב (!) אגד חוץ BOND נקוב $ (ללא הרשאה),אגד חוץ,,אגד קרנות,2026-05-31,20520000.0,מיטב,,False,False,0.0123,0.0035,2523.96,0.0088,1805.7600000000002,0
5105820,אלטשולר שחם כספית ללא קונצרני (ללא הרשאה),כספית שקלית ללא קונצרני,,קרן כספית,2026-05-31,1046359999.9999999,אלטשולר שחם,,False,False,0.0021,0.001,21973.559999999998,0.0010999999999999998,11509.959999999997,1
5105846,"קסם אקטיב (!) תיק אג""ח ללא מניות (ללא הרשאה)","אג""ח כללי בארץ ללא מניות עם סימן קריאה",,"אג""ח בארץ - כללי",2026-05-31,909810000.0,קסם,,False,False,0.0068000000000000005,0.0035,61867.08,0.0033000000000000004,30023.730000000003,0
5105895,אלטשולר שחם - קרן ממונפת (ללא הרשאה),ממונפות בסיכון גבוה,,ממונפות ואסטרטגיות,2026-05-31,46410000.0,אלטשולר שחם,,False,False,0.022000000000000002,0.0035,10210.2,0.018500000000000003,8585.85,0
5105903,אלטשולר שחם יתר (ללא הרשאה),מניות Small Cap,,מניות בארץ,2026-05-31,149710000.0,אלטשולר שחם,,False,False,0.025,0.0035,37427.5,0.021500000000000002,32187.65,0
5105911,"אלטשולר שחם (!) אג""ח גלובלי ללא מניות (ללא הרשאה)","אג""ח חשופת מט""ח",,"אג""ח בחו""ל",2026-05-31,153480000.0,אלטשולר שחם,,False,False,0.0095,0.0035,14580.599999999999,0.006,9208.800000000001,0
5105929,"אנליסט מניות ארה""ב (ללא הרשאה)","ארה""ב חשופת מט""ח",,"מניות בחו""ל",2026-05-31,80760000.0,אנליסט,,False,False,0.024,0.0035,19382.4,0.0205,16555.8,0
5105978,קסם אקטיב מדינה צמוד ללא מניות (ללא הרשאה),"אג""ח מדינה צמוד מדד- ללא מניות",,"אג""ח בארץ- מדינה",2026-05-31,575190000.0,קסם,,False,False,0.0070999999999999995,0.0035,40838.49,0.0035999999999999995,20706.839999999997,0
5106158,"איילון אג""ח חברות ללא מניות (ללא הרשאה)",חברות והמרה ללא מניות וללא סימן קריאה,,"אג""ח בארץ- חברות והמרה",2026-05-31,35080000.0,איילון,,False,False,0.0078000000000000005,0.0035,2736.24,0.0043,1508.44,0
5106190,מגדל (!) תיק השקעות קונצרני ישראל (ללא הרשאה),חברות והמרה עם מניות ועם סימן קריאה,,"אג""ח בארץ- חברות והמרה",2026-05-31,93900000.0,מגדל,,False,False,0.0152,0.0035,14272.800000000001,0.0117,10986.3,0
5106208,מגדל (!) 10/90 (ללא הרשאה),"אג""ח כללי בארץ- עד 10% מניות ועם סימן קריאה",,"אג""ח בארץ - כללי",2026-05-31,397730000.0,מגדל,,False,False,0.0059,0.0035,23466.07,0.0024,9545.519999999999,0
5106273,ילין לפידות מנייתית (ללא הרשאה),מניות All Cap,,מניות בארץ,2026-05-31,1501000000.0,ילין לפידות,,False,False,0.0232,0.0035,348231.99999999994,0.0197,295697.0,0
5106422,הראל נבחרת 20/80 (ללא הרשאה),"אג""ח כללי בארץ- עד 20% מניות",,"אג""ח בארץ - כללי",2026-05-31,86710000.0,הראל,,False,False,0.0059,0.0035,5115.889999999999,0.0024,2081.04,0
5106430,הראל (!) תיק השקעות (ללא הרשאה),חברות והמרה בסיכון גבוה,,"אג""ח בארץ- חברות והמרה",2026-05-31,19430000.0,הראל,,False,False,0.0089,0.0035,1729.27,0.0054,1049.22,0
5106547,"מגדל אג""ח לפדיון עד 2027 (ללא הרשאה)","אג""ח כללי בארץ ללא מניות וללא סימן קריאה, עם מגבלת מח""מ עד 5 שנים",,"אג""ח בארץ - כללי",2026-05-31,206620000.0,מגדל,,False,False,0.0055000000000000005,0.0035,11364.100000000002,0.0020000000000000005,4132.4000000000015,0
5106562,"FOREST אגם - אג""ח מדינה (ללא הרשאה)","אג""ח מדינה כללי- ללא מניות",,"אג""ח בארץ- מדינה",2026-05-31,1055380000.0000001,פורסט,,False,False,0.0059,0.0035,62267.420000000006,0.0024,25329.12,0
5106653,הפניקס קסם תיק מניות עולמי - נקובה $ (ללא הרשאה),"מניות בחו""ל נקובת מט""ח",,"מניות בחו""ל",2026-05-31,43430000.0,קסם,,False,False,0.0174,0.0035,7556.82,0.0139,6036.7699999999995,0
5106745,"איילון אג""ח + 10% (ללא הרשאה)","אג""ח כללי בארץ- עד 10% מניות ללא סימן קריאה",,"אג""ח בארץ - כללי",2026-05-31,143740000.0,איילון,,False,False,0.0073,0.0035,10493.02,0.0038,5462.12,0
5106778,איילון מדינה + 10% (ללא הרשאה),"אג""ח מדינה כללי- עד 10% מניות",,"אג""ח בארץ- מדינה",2026-05-31,26380000.0,איילון,,False,False,0.005699999999999999,0.0035,1503.6599999999999,0.0021999999999999993,580.3599999999998,0
5106810,אילים נבחרת מניות LARGE & MID CAP ישראל (ללא הרשאה),מניות Large & Mid Cap,,מניות בארץ,2026-05-31,2172500000.0,אילים,,False,False,0.0105,0.0035,228112.5,0.007000000000000001,152075.00000000003,0
5106885,"הראל מניות חו""ל (ללא הרשאה)","מניות כללי בחו""ל חשופת מט""ח",,"מניות בחו""ל",2026-05-31,84900000.0,הראל,,False,False,0.0195,0.0035,16555.5,0.016,13584.000000000002,0
5106968,"סיגמא ת""א 125 מודל ESG (ללא הרשאה)",מניות Large & Mid Cap,,מניות בארץ,2026-05-31,37990000.0,סיגמא,,False,False,0.014499999999999999,0.0035,5508.55,0.011,4178.9,0
5106992,"מיטב (!) הזדמנויות אג""ח בסיכון גבוה (ללא הרשאה)",חברות והמרה בסיכון גבוה,,"אג""ח בארץ- חברות והמרה",2026-05-31,194050000.0,מיטב,,False,False,0.0152,0.0035,29495.600000000002,0.0117,22703.85,0
5107131,"מיטב (!) אג""ח חברות (ללא הרשאה)",חברות והמרה ללא מניות עם סימן קריאה,,"אג""ח בארץ- חברות והמרה",2026-05-31,415150000.0,מיטב,,False,False,0.0102,0.0035,42345.3,0.006700000000000001,27815.050000000007,0
5107156,הראל קונצרני A ומעלה (ללא הרשאה),חברות והמרה ללא מניות וללא סימן קריאה,,"אג""ח בארץ- חברות והמרה",2026-05-31,88180000.0,הראל,,False,False,0.0059,0.0035,5202.62,0.0024,2116.3199999999997,0
5107305,"איביאי מק""מ (ללא הרשאה)","אג""ח מדינה שקליות- ללא מניות",,"אג""ח בארץ- מדינה",2026-05-31,25860000.0,אי.בי.אי,,False,False,0.0046,0.002,1189.56,0.0026,672.36,0
5107313,"איביאי מק""מ פלוס (ללא הרשאה)","אג""ח מדינה שקליות- עד 10% מניות",,"אג""ח בארץ- מדינה",2026-05-31,156430000.0,אי.בי.אי,,False,False,0.0045000000000000005,0.002,7039.35,0.0025000000000000005,3910.750000000001,0
5107321,סיגמא בונד שקלי A ומעלה (ללא הרשאה),חברות והמרה שקלי ללא מניות,,"אג""ח בארץ- חברות והמרה",2026-05-31,54880000.0,סיגמא,,False,False,0.0069,0.0035,3786.72,0.0034,1865.92,0
5107362,"איביאי אג""ח גלובלי (ללא הרשאה)","אג""ח חשופת מט""ח",,"אג""ח בחו""ל",2026-05-31,6400000.0,אי.בי.אי,,False,False,0.0097,0.0035,620.8,0.006200000000000001,396.8,0
5107420,איביאי עד 3 שנים 20/80 (ללא הרשאה),"אג""ח כללי בארץ- עד 20% מניות",,"אג""ח בארץ - כללי",2026-05-31,1083340000.0,אי.בי.אי,,False,False,0.0079,0.0035,85583.86000000002,0.004400000000000001,47666.960000000014,0
5107453,הראל (!) הזדמנויות קונצרני בסיכון גבוה (ללא הרשאה),חברות והמרה בסיכון גבוה,,"אג""ח בארץ- חברות והמרה",2026-05-31,20300000.0,הראל,,False,False,0.015600000000000001,0.0035,3166.7999999999997,0.012100000000000001,2456.3,0
5107495,ילין לפידות תיק + 30% (ללא הרשאה),"אג""ח כללי בארץ- עד 30% מניות",,"אג""ח בארץ - כללי",2026-05-31,174600000.0,ילין לפידות,,False,False,0.014499999999999999,0.0035,25317.0,0.011,19206.0,0
5107503,הראל קונצרני שקלי + 10% (ללא הרשאה),חברות והמרה שקלי עם מניות,,"אג""ח בארץ- חברות והמרה",2026-05-31,96690000.0,הראל,,False,False,0.005,0.0035,4834.5,0.0015,1450.3500000000001,0
5107651,מיטב ממשלתי+10% (ללא הרשאה),"אג""ח מדינה כללי- עד 10% מניות",,"אג""ח בארץ- מדינה",2026-05-31,727510000.0,מיטב,,False,False,0.006500000000000001,0.0035,47288.15000000001,0.0030000000000000005,21825.300000000003,0
5107693,"מור אג""ח פלוס (ללא הרשאה)","אג""ח כללי בארץ- עד 10% מניות ללא סימן קריאה",,"אג""ח בארץ - כללי",2026-05-31,1536310000.0,מור,,False,False,0.0079,0.0035,121368.49000000002,0.004400000000000001,67597.64000000001,0
5107701,"מור מניות ת""א 125 (ללא הרשאה)",מניות Large & Mid Cap,,מניות בארץ,2026-05-31,496440000.0,מור,,False,False,0.0175,0.0035,86877.00000000001,0.014000000000000002,69501.6,0
5107727,מיטב 15/85 (ללא הרשאה),"אג""ח כללי בארץ- עד 15% מניות",,"אג""ח בארץ - כללי",2026-05-31,412210000.0,מיטב,,False,False,0.0089,0.0035,36686.689999999995,0.0054,22259.34,0
5107784,"אלטשולר שחם (!) אג""ח חו""ל עד 10% מט""ח (ללא הרשאה)","אג""ח מוגנת מט""ח",,"אג""ח בחו""ל",2026-05-31,578610000.0,אלטשולר שחם,,False,False,0.008,0.0035,46288.8,0.0045000000000000005,26037.45,0
5107800,"אלטשולר שחם אג""ח מדינה + 10% (ללא הרשאה)","אג""ח מדינה כללי- עד 10% מניות",,"אג""ח בארץ- מדינה",2026-05-31,77430000.0,אלטשולר שחם,,False,False,0.0059,0.0035,4568.37,0.0024,1858.3199999999997,0
5107859,"הראל אג""ח מדורג ומניות (ללא הרשאה)",חברות והמרה עם מניות ללא סימן קריאה,,"אג""ח בארץ- חברות והמרה",2026-05-31,7280000.0,הראל,,False,False,0.0049,0.0035,356.71999999999997,0.0013999999999999998,101.91999999999999,0
5107883,אקסיומה 30/70 (ללא הרשאה),"אג""ח כללי בארץ- עד 30% מניות",,"אג""ח בארץ - כללי",2026-05-31,160970000.0,סיגמא,אקסיומה,False,False,0.0075,0.0035,12072.749999999998,0.004,6438.8,0
5107958,כוון 15/85 (ללא הרשאה),"אג""ח כללי בארץ- עד 15% מניות",,"אג""ח בארץ - כללי",2026-05-31,22470000.0,איילון,כוון,False,False,0.0089,0.0035,1999.83,0.0054,1213.38,0
5108006,"הראל שווקים מפותחים עד 30% מט""ח (ללא הרשאה)","מניות גיאוגרפי מוגנת מט""ח",,"מניות בחו""ל",2026-05-31,34410000.0,הראל,,False,False,0.0139,0.0035,4782.99,0.0104,3578.64,0
5108030,"מגדל אפיקים (!) אג""ח (ללא הרשאה)","אג""ח כללי בארץ- עד 5% מניות",,"אג""ח בארץ - כללי",2026-05-31,126900000.0,מגדל,,False,False,0.0178,0.0035,22588.199999999997,0.0143,18146.7,0
5108048,סיגמא שקלית סולידית + 10% (ללא הרשאה),"אג""ח כללי בארץ בדירוג גבוה (AA ומעלה ו/ או מדינה)- עד 10% מניות",,"אג""ח בארץ - כללי",2026-05-31,87910000.0,סיגמא,,False,False,0.0059,0.0035,5186.69,0.0024,2109.8399999999997,0
5108055,מגדל אפיקים (!) 10/90 (ללא הרשאה),"אג""ח כללי בארץ- עד 10% מניות ועם סימן קריאה",,"אג""ח בארץ - כללי",2026-05-31,44320000.0,מגדל,,False,False,0.0079,0.0035,3501.28,0.004400000000000001,1950.0800000000006,0
5108105,קסם אקטיב פרימיום (ללא הרשאה),"אג""ח כללי בארץ - חשיפה מרבית מעל 30% מניות",,"אג""ח בארץ - כללי",2026-05-31,342390000.0,קסם,,False,False,0.0085,0.0035,29103.15,0.005000000000000001,17119.500000000004,0
5108147,כרמים 15/85 (ללא הרשאה),"אג""ח כללי בארץ- עד 15% מניות",,"אג""ח בארץ - כללי",2026-05-31,162680000.0,איילון,כרמים,False,False,0.0075,0.0035,12200.999999999998,0.004,6507.200000000001,0
5108162,"כרמים (!) אג""ח חברות (ללא הרשאה)",חברות והמרה עם מניות ועם סימן קריאה,,"אג""ח בארץ- חברות והמרה",2026-05-31,124160000.0,איילון,כרמים,False,False,0.014499999999999999,0.0035,18003.2,0.011,13657.599999999999,0
5108188,כרמים צמוד מדד מדורג (ללא הרשאה),חברות והמרה ללא מניות וללא סימן קריאה,,"אג""ח בארץ- חברות והמרה",2026-05-31,44660000.0,איילון,כרמים,False,False,0.013500000000000002,0.0035,6029.100000000001,0.010000000000000002,4466.000000000001,0
5108220,"קסם אקטיב עוקבת מרכיב אג""ח - תיק 2 הבנק הבינלאומי (ללא הרשאה)","אג""ח כללי בארץ ללא מניות וללא סימן קריאה",,"אג""ח בארץ - כללי",2026-05-31,97790000.0,קסם,,False,False,0.0062,0.0035,6062.9800000000005,0.0026999999999999997,2640.3299999999995,0
5108238,קסם אקטיב קונצרני שקלי + 10 (ללא הרשאה),חברות והמרה שקלי עם מניות,,"אג""ח בארץ- חברות והמרה",2026-05-31,5920000.0,קסם,,False,False,0.0108,0.0035,639.36,0.007300000000000001,432.1600000000001,0
5108253,הראל פרימיום קונצרני + 25% (ללא הרשאה),חברות והמרה עם מניות ללא סימן קריאה,,"אג""ח בארץ- חברות והמרה",2026-05-31,26000000.0,הראל,,False,False,0.0079,0.0035,2054.0000000000005,0.004400000000000001,1144.0000000000002,0
5108279,אזימוט 5/95 (ללא הרשאה),"אג""ח כללי בארץ- עד 5% מניות",,"אג""ח בארץ - כללי",2026-05-31,206680000.0,איילון,אזימוטליין,False,False,0.0069,0.0035,14260.92,0.0034,7027.12,0
5108329,"אלטשולר שחם מניות גלובלי עד 30% מט""ח (ללא הרשאה)","מניות כללי בחו""ל מוגנת מט""ח",,"מניות בחו""ל",2026-05-31,238690000.0,אלטשולר שחם,,False,False,0.0178,0.0035,42486.82,0.0143,34132.67,0
5108402,אלטשולר שחם עוקבת תיק 2 הבנק הבינלאומי (ללא הרשאה),"אג""ח כללי בארץ- עד 15% מניות",,"אג""ח בארץ - כללי",2026-05-31,52380000.0,אלטשולר שחם,,False,False,0.0079,0.0035,4138.02,0.004400000000000001,2304.7200000000007,0
5108428,"סיגמא (!) אג""ח חברות (ללא הרשאה)",חברות והמרה ללא מניות עם סימן קריאה,,"אג""ח בארץ- חברות והמרה",2026-05-31,77000000.0,סיגמא,,False,False,0.0089,0.0035,6853.0,0.0054,4158.0,0
5108501,FOREST עיטם (ללא הרשאה),"אג""ח כללי בארץ - חשיפה מרבית מעל 30% מניות",,"אג""ח בארץ - כללי",2026-05-31,914900000.0,פורסט,,False,False,0.011699999999999999,0.0035,107043.29999999999,0.008199999999999999,75021.79999999999,0
5108519,"FOREST (!) אג""ח (ללא הרשאה)","אג""ח כללי בארץ- עד 10% מניות ועם סימן קריאה",,"אג""ח בארץ - כללי",2026-05-31,1249000000.0,פורסט,,False,False,0.0088,0.0035,109912.00000000001,0.005300000000000001,66197.00000000001,0
5108626,מיטב מדדית ממשלתית כשרה (ללא הרשאה),"אג""ח מדינה צמוד מדד- עד 10% מניות",,"אג""ח בארץ- מדינה",2026-05-31,59690000.0,מיטב,,False,False,0.0095,0.0035,5670.549999999999,0.006,3581.4,0
5108642,"אלטשולר שחם (!) אג""ח הזדמנויות (ללא הרשאה)",חברות והמרה עם מניות ועם סימן קריאה,,"אג""ח בארץ- חברות והמרה",2026-05-31,168830000.0,אלטשולר שחם,,False,False,0.0149,0.0035,25155.67,0.0114,19246.620000000003,0
5108667,"אלטשולר שחם אג""ח מדינה צמודי מדד ללא מניות (ללא הרשאה)","אג""ח מדינה צמוד מדד- ללא מניות",,"אג""ח בארץ- מדינה",2026-05-31,586000000.0,אלטשולר שחם,,False,False,0.0078000000000000005,0.0035,45708.0,0.0043,25198.0,0
5108683,"מיטב (!) אג""ח דולר (ללא הרשאה)","אג""ח חשופת דולר",,"אג""ח בחו""ל",2026-05-31,364110000.0,מיטב,,False,False,0.0079,0.0035,28764.690000000002,0.004400000000000001,16020.840000000004,0
5108733,"קסם אקטיב (!) אג""ח הזדמנויות פלוס (ללא הרשאה)",חברות והמרה בסיכון גבוה,,"אג""ח בארץ- חברות והמרה",2026-05-31,39120000.0,קסם,,False,False,0.0134,0.0035,5242.08,0.0099,3872.88,0
5108774,"אקסיומה אג""ח מדורג ללא מניות (ללא הרשאה)",חברות והמרה ללא מניות וללא סימן קריאה,,"אג""ח בארץ- חברות והמרה",2026-05-31,761680000.0,סיגמא,אקסיומה,False,False,0.0075,0.0035,57125.99999999999,0.004,30467.2,0
5108857,תכלית TTF תל גוב-שקלי 2-5 (ללא הרשאה),ריבית קבועה  - בינוני,,"אג""ח בארץ- מדינה",2026-05-31,333880000.0,מיטב,,True,False,0.001,0.0,3338.8,0.001,3338.8,0
5108865,"אקסיומה נבחרת מניות ת""א 125 (ללא הרשאה)",מניות Large & Mid Cap,,מניות בארץ,2026-05-31,66410000.0,סיגמא,אקסיומה,False,False,0.0138,0.0035,9164.58,0.0103,6840.23,0
5108873,ילין לפידות יתר (ללא הרשאה),מניות Small Cap,,מניות בארץ,2026-05-31,342180000.0,ילין לפידות,,False,False,0.0246,0.0035,84176.28,0.0211,72199.98,0
5108899,"ילין לפידות (!) אג""ח פוטנציאל חברות בסיכון גבוה + 10% (ללא הרשאה)",חברות והמרה בסיכון גבוה,,"אג""ח בארץ- חברות והמרה",2026-05-31,866280000.0,ילין לפידות,,False,False,0.017,0.0035,147267.6,0.013500000000000002,116947.80000000003,0
5109004,סיגמא 10/90 (ללא הרשאה),"אג""ח כללי בארץ- עד 10% מניות ללא סימן קריאה",,"אג""ח בארץ - כללי",2026-05-31,802880000.0,סיגמא,,False,False,0.0075,0.0035,60215.99999999999,0.004,32115.200000000004,0
5109053,קסם אקטיב Bond Dollar Plus (ללא הרשאה),"אג""ח חשופת דולר",,"אג""ח בחו""ל",2026-05-31,56790000.0,קסם,,False,False,0.0075,0.0035,4259.25,0.004,2271.6000000000004,0
5109079,כרמים מדינה שקלית + 10% (ללא הרשאה),"אג""ח מדינה שקליות- עד 10% מניות",,"אג""ח בארץ- מדינה",2026-05-31,98440000.0,איילון,כרמים,False,False,0.0059,0.0035,5807.96,0.0024,2362.56,0
5109129,פיטנגו מניות (ללא הרשאה),מניות All Cap,,מניות בארץ,2026-05-31,30400000.0,איילון,פיטנגו,False,False,0.028300000000000002,0.0035,8603.2,0.024800000000000003,7539.200000000001,0
5109137,פיטנגו 25/75 (ללא הרשאה),"אג""ח כללי בארץ- עד 25% מניות",,"אג""ח בארץ - כללי",2026-05-31,101510000.0,איילון,פיטנגו,False,False,0.018500000000000003,0.0035,18779.350000000002,0.015000000000000003,15226.500000000004,0
5109160,קסם אקטיב (!) קונצרני שקלי (ללא הרשאה),חברות והמרה שקלי ללא מניות,,"אג""ח בארץ- חברות והמרה",2026-05-31,56050000.0,קסם,,False,False,0.0098,0.0035,5492.9,0.0063,3531.15,0
5109319,קסם אקטיב 30/70 (ללא הרשאה),"אג""ח כללי בארץ- עד 30% מניות",,"אג""ח בארץ - כללי",2026-05-31,181420000.0,קסם,,False,False,0.0076,0.0035,13787.92,0.0040999999999999995,7438.219999999998,0
5109384,"אילים (!) תיק אג""ח ללא מניות (ללא הרשאה)","אג""ח כללי בארץ ללא מניות עם סימן קריאה",,"אג""ח בארץ - כללי",2026-05-31,468280000.0,אילים,,False,False,0.0069,0.0035,32311.32,0.0034,15921.52,0
5109418,"תכלית TTF ת""א 35 (ללא הרשאה)",Large Cap,,מניות בארץ,2026-05-31,203730000.0,מיטב,,True,False,0.003,0.0,6111.900000000001,0.003,6111.900000000001,0
5109558,קסם אקטיב עוקבת תיק 3 הבנק הבינלאומי (ללא הרשאה),"אג""ח כללי בארץ- עד 30% מניות",,"אג""ח בארץ - כללי",2026-05-31,241830000.0,קסם,,False,False,0.0060999999999999995,0.0035,14751.629999999997,0.0025999999999999994,6287.579999999999,0
5109608,"איילון (!) אג""ח + 10% (ללא הרשאה)","אג""ח כללי בארץ- עד 10% מניות ועם סימן קריאה",,"אג""ח בארץ - כללי",2026-05-31,12260000.0,איילון,,False,False,0.008,0.0035,980.8000000000001,0.0045000000000000005,551.7,0
5109624,"כוון אג""ח ללא מניות (ללא הרשאה)","אג""ח כללי בארץ ללא מניות וללא סימן קריאה",,"אג""ח בארץ - כללי",2026-05-31,13290000.0,איילון,כוון,False,False,0.0069,0.0035,917.01,0.0034,451.86,0
5109632,כוון 10/90 (ללא הרשאה),"אג""ח כללי בארץ- עד 10% מניות ללא סימן קריאה",,"אג""ח בארץ - כללי",2026-05-31,7090000.0,איילון,כוון,False,False,0.0074,0.0035,524.6600000000001,0.0039000000000000003,276.51,0
5109673,"איילון (!) אג""ח והנפקות ללא מניות (ללא הרשאה)","אג""ח כללי בארץ ללא מניות עם סימן קריאה",,"אג""ח בארץ - כללי",2026-05-31,293910000.0,איילון,,False,False,0.0069,0.0035,20279.789999999997,0.0034,9992.94,0
5109731,מור גמישה (ללא הרשאה),גמישות,,גמישות,2026-05-31,1410370000.0,מור,,False,False,0.018799999999999997,0.0035,265149.55999999994,0.015299999999999998,215786.60999999996,0
5109749,"מור מעשר אג""ח - כשרה (ללא הרשאה)","אג""ח כללי בארץ- עד 5% מניות",,"אג""ח בארץ - כללי",2026-05-31,101360000.0,מור,,False,False,0.0088,0.0035,8919.68,0.005300000000000001,5372.080000000001,0
5109756,מור שקלית מדינה ללא מניות - כשרה (ללא הרשאה),"אג""ח מדינה שקליות- ללא מניות",,"אג""ח בארץ- מדינה",2026-05-31,232390000.0,מור,,False,False,0.006500000000000001,0.0035,15105.350000000002,0.0030000000000000005,6971.700000000001,0
5109848,"קסם אקטיב ארה""ב נקוב $ (ללא הרשאה)","מניות בחו""ל נקובת מט""ח",,"מניות בחו""ל",2026-05-31,27010000.0,קסם,,False,False,0.013999999999999999,0.0035,3781.3999999999996,0.010499999999999999,2836.0499999999997,0
5109863,קסם אקטיב ממשלתי + 15% (ללא הרשאה),"אג""ח מדינה כללי- עד 20% מניות",,"אג""ח בארץ- מדינה",2026-05-31,74100000.0,קסם,,False,False,0.0073,0.0035,5409.3,0.0038,2815.8,0
5109871,"סיגמא אג""ח כללי ללא מניות (ללא הרשאה)","אג""ח כללי בארץ ללא מניות וללא סימן קריאה",,"אג""ח בארץ - כללי",2026-05-31,34200000.0,סיגמא,,False,False,0.0149,0.0035,5095.799999999999,0.0114,3898.8,0
5109889,"MTF מחקה ת""א 125 (ללא הרשאה)",Large & Mid Cap,,מניות בארץ,2026-05-31,2545550000.0,מגדל,,True,False,0.001,0.0,25455.500000000004,0.001,25455.500000000004,0
5109897,"MTF מחקה ת""א 35 (ללא הרשאה)",Large Cap,,מניות בארץ,2026-05-31,828120000.0,מגדל,,True,False,0.001,0.0,8281.2,0.001,8281.2,0
5109988,קסם אקטיב AA ומעלה ו/או מדינה (ללא הרשאה),"אג""ח כללי בארץ בדירוג גבוה בלבד (AA ומעלה ו/ או מדינה)",,"אג""ח בארץ - כללי",2026-05-31,123330000.0,קסם,,False,False,0.0059,0.0035,7276.469999999999,0.0024,2959.9199999999996,0
5110051,"הראל ת""א-Midcap150 (ללא הרשאה)",מניות All Cap,,מניות בארץ,2026-05-31,108450000.0,הראל,,False,False,0.0195,0.0035,21147.75,0.016,17352.0,0
5110085,"אלטשולר שחם אג""ח תל בונד (ללא הרשאה)",חברות והמרה ללא מניות וללא סימן קריאה,,"אג""ח בארץ- חברות והמרה",2026-05-31,292900000.0,אלטשולר שחם,,False,False,0.0079,0.0035,23139.100000000002,0.004400000000000001,12887.600000000004,0
5110150,הראל קונצרני דולרי (ללא הרשאה),חברות והמרה עם מניות ללא סימן קריאה,,"אג""ח בארץ- חברות והמרה",2026-05-31,13840000.0,הראל,,False,False,0.0132,0.0035,1826.88,0.0097,1342.48,0
5110176,הראל מעורבת (ללא הרשאה),"אג""ח כללי בארץ - חשיפה מרבית מעל 30% מניות",,"אג""ח בארץ - כללי",2026-05-31,47540000.0,הראל,,False,False,0.02249,0.0035,10691.746,0.01899,9027.846,0
5110192,הראל מדד בינוני ממשלתי (ללא הרשאה),"אג""ח מדינה צמוד מדד- עד 10% מניות",,"אג""ח בארץ- מדינה",2026-05-31,51320000.0,הראל,,False,False,0.0127,0.0035,6517.639999999999,0.0092,4721.44,0
5110226,קסם אקטיב (!) תיק קרנות ללא מניות-אגד ישראלי (ללא הרשאה),אגד ישראלי,,אגד קרנות,2026-05-31,19070000.0,קסם,,False,False,0.0,0.0035,0.0,-0.0035,-667.45,0
5110309,קסם אקטיב מדינה - AA ומעלה (ללא הרשאה),"אג""ח מדינה כללי- ללא מניות",,"אג""ח בארץ- מדינה",2026-05-31,163470000.0,קסם,,False,False,0.0062,0.0035,10135.140000000001,0.0026999999999999997,4413.69,0
5110333,"הראל אג""ח חו""ל דולר (ללא הרשאה)","אג""ח חשופת דולר",,"אג""ח בחו""ל",2026-05-31,110680000.0,הראל,,False,False,0.0079,0.0035,8743.720000000001,0.004400000000000001,4869.920000000001,0
5110341,הראל כספית נקובה ב-$ (ללא הרשאה),"נקובת מט""ח",,קרן כספית,2026-05-31,3936590000.0,הראל,,False,False,0.0025,0.001,98414.75,0.0015,59048.85,1
5110374,הראל מניות דיבידנד (ללא הרשאה),מניות All Cap,,מניות בארץ,2026-05-31,51020000.0,הראל,,False,False,0.0147,0.0035,7499.94,0.0112,5714.24,0
5110382,קסם אקטיב כספית נקובה דולר (ללא הרשאה),"נקובת מט""ח",,קרן כספית,2026-05-31,503390000.0,קסם,,False,False,0.0025,0.001,12584.75,0.0015,7550.85,1
5110523,"אנליסט (!) אג""ח (ללא הרשאה)","אג""ח כללי בארץ ללא מניות עם סימן קריאה",,"אג""ח בארץ - כללי",2026-05-31,314830000.0,אנליסט,,False,False,0.0089,0.0035,28019.87,0.0054,17000.82,0
5110531,"הראל מניות חו""ל-נקובה $ (ללא הרשאה)","מניות בחו""ל נקובת מט""ח",,"מניות בחו""ל",2026-05-31,35590000.0,הראל,,False,False,0.0181,0.0035,6441.79,0.014600000000000002,5196.140000000001,0
5110564,אלטשולר שחם תיק השקעות ללא מניות (ללא הרשאה),"אג""ח כללי בארץ ללא מניות וללא סימן קריאה",,"אג""ח בארץ - כללי",2026-05-31,93020000.0,אלטשולר שחם,,False,False,0.0092,0.0035,8557.84,0.0057,5302.14,0
5110580,"איביאי (!) אג""ח ללא מניות (ללא הרשאה)","אג""ח כללי בארץ ללא מניות עם סימן קריאה",,"אג""ח בארץ - כללי",2026-05-31,196910000.0,אי.בי.אי,,False,False,0.0089,0.0035,17524.989999999998,0.0054,10633.140000000001,0
5110655,"הראל בונד חו""ל מדורג נקובה $ (ללא הרשאה)","אג""ח נקובת מט""ח",,"אג""ח בחו""ל",2026-05-31,32960000.0,הראל,,False,False,0.0097,0.0035,3197.12,0.006200000000000001,2043.52,0
5110713,"קסם אקטיב ת""א 90 (ללא הרשאה)",מניות Large & Mid Cap,,מניות בארץ,2026-05-31,279640000.0,קסם,,False,False,0.022000000000000002,0.0035,61520.80000000001,0.018500000000000003,51733.40000000001,0
5110739,"הפניקס קסם (!) אג""ח גלובלי (ללא הרשאה)","אג""ח חשופת מט""ח",,"אג""ח בחו""ל",2026-05-31,75660000.0,קסם,,False,False,0.0085,0.0035,6431.1,0.005000000000000001,3783.000000000001,0
5110788,"הפניקס קסם ת""א 125 (ללא הרשאה)",מניות Large & Mid Cap,,מניות בארץ,2026-05-31,1146180000.0,קסם,,False,False,0.0184,0.0035,210897.12,0.0149,170780.81999999998,0
5110820,קסם אקטיב מניות יתר (ללא הרשאה),מניות Small Cap,,מניות בארץ,2026-05-31,97360000.0,קסם,,False,False,0.028399999999999998,0.0035,27650.239999999998,0.0249,24242.64,0
5110838,"קסם אקטיב מניות חו""ל גלובלי (ללא הרשאה)","מניות כללי בחו""ל חשופת מט""ח",,"מניות בחו""ל",2026-05-31,99820000.0,קסם,,False,False,0.0222,0.0035,22160.04,0.0187,18666.34,0
5110879,קסם אקטיב גלוב (ללא הרשאה),לתושבי חוץ בלבד,,לתושבי חוץ בלבד,2026-05-31,8710000.0,קסם,,False,False,0.0219,0.0035,1907.4899999999998,0.0184,1602.64,0
5110929,"הראל (!) תיק אג""ח פלוס 10% (ללא הרשאה)","אג""ח כללי בארץ- עד 10% מניות ועם סימן קריאה",,"אג""ח בארץ - כללי",2026-05-31,20260000.0,הראל,,False,False,0.0075,0.0035,1519.4999999999998,0.004,810.4000000000001,0
5111000,אלטשולר שחם מדינה צמוד בינוני (ללא הרשאה),"אג""ח מדינה צמוד מדד- ללא מניות",,"אג""ח בארץ- מדינה",2026-05-31,79580000.0,אלטשולר שחם,,False,False,0.0069,0.0035,5491.0199999999995,0.0034,2705.72,0
5111059,"הראל אג""ח קונצרני ללא מניות (ללא הרשאה)",חברות והמרה ללא מניות וללא סימן קריאה,,"אג""ח בארץ- חברות והמרה",2026-05-31,52010000.0,הראל,,False,False,0.0059,0.0035,3068.5899999999997,0.0024,1248.2399999999998,0
5111117,"הראל אג""ח חו""ל ומניות עד 20% מט""ח (ללא הרשאה)","אג""ח מוגנת מט""ח",,"אג""ח בחו""ל",2026-05-31,561940000.0,הראל,,False,False,0.0074,0.0035,41583.560000000005,0.0039000000000000003,21915.66,0
5111133,הראל מניות ערך Buy Side ישראל (ללא הרשאה),מניות All Cap,,מניות בארץ,2026-05-31,769110000.0,הראל,,False,False,0.0159,0.0035,122288.49,0.012400000000000001,95369.64,0
5111190,"הראל חו""ל סקטורים בצמיחה (ללא הרשאה)","מניות כללי בחו""ל חשופת מט""ח",,"מניות בחו""ל",2026-05-31,78570000.0,הראל,,False,False,0.0195,0.0035,15321.15,0.016,12571.2,0
5111216,"הראל תיק אג""ח + 20% (ללא הרשאה)","אג""ח כללי בארץ- עד 20% מניות",,"אג""ח בארץ - כללי",2026-05-31,93540000.0,הראל,,False,False,0.0169,0.0035,15808.259999999998,0.013399999999999999,12534.359999999999,0
5111240,אי בי אי מחקה תל גוב-צמודות 2-5 (ללא הרשאה),צמודות מדד ממשלתיות - בינוני,,"אג""ח בארץ- מדינה",2026-05-31,103400000.0,אי.בי.אי,,True,False,0.0015,0.0,1551.0,0.0015,1551.0,0
5111265,"אי בי אי מחקה תל גוב-מק""מ (ללא הרשאה)","מק""מ",,"אג""ח בארץ- מדינה",2026-05-31,46490000.0,אי.בי.אי,,True,False,0.0009,0.0,418.41,0.0009,418.41,0
5111273,הראל נבחרת מניות (ללא הרשאה),מניות All Cap,,מניות בארץ,2026-05-31,1280560000.0,הראל,,False,False,0.019799999999999998,0.0035,253550.87999999998,0.0163,208731.27999999997,0
5111299,הראל מניות Mid Cap ישראל (ללא הרשאה),מניות Large & Mid Cap,,מניות בארץ,2026-05-31,64260000.00000001,הראל,,False,False,0.023399999999999997,0.0035,15036.84,0.019899999999999998,12787.74,0
5111307,מיטב מדינה + 20% (ללא הרשאה),"אג""ח מדינה כללי- עד 20% מניות",,"אג""ח בארץ- מדינה",2026-05-31,558820000.0,מיטב,,False,False,0.006500000000000001,0.0035,36323.3,0.0030000000000000005,16764.600000000002,0
5111331,הראל מדינה צמוד + 10% (ללא הרשאה),"אג""ח מדינה צמוד מדד- עד 10% מניות",,"אג""ח בארץ- מדינה",2026-05-31,725820000.0,הראל,,False,False,0.0059,0.0035,42823.38,0.0024,17419.679999999997,0
5111356,הראל שקלים מדורגות ללא מניות (ללא הרשאה),חברות והמרה שקלי ללא מניות,,"אג""ח בארץ- חברות והמרה",2026-05-31,36400000.0,הראל,,False,False,0.013500000000000002,0.0035,4914.000000000001,0.010000000000000002,3640.0000000000005,0
5111364,קסם אקטיב (!) קונצרני לונג שורט (ללא הרשאה),ממונפות אחר,,ממונפות ואסטרטגיות,2026-05-31,18520000.0,קסם,,False,False,0.0113,0.0035,2092.7599999999998,0.0078,1444.56,0
5111398,הראל US EQUITY (ללא הרשאה),לתושבי חוץ בלבד,,לתושבי חוץ בלבד,2026-05-31,7110000.0,הראל,,False,False,0.0292,0.0035,2076.12,0.0257,1827.27,0
5111406,קסם אקטיב מניות (ללא הרשאה),מניות All Cap,,מניות בארץ,2026-05-31,16050000.0,קסם,,False,False,0.011000000000000001,0.0035,1765.5000000000002,0.0075000000000000015,1203.7500000000002,0
5111414,"הראל חו""ל US (ללא הרשאה)","ארה""ב חשופת מט""ח",,"מניות בחו""ל",2026-05-31,10150000.0,הראל,,False,False,0.027999999999999997,0.0035,2841.9999999999995,0.024499999999999997,2486.75,0
5111422,אי בי אי מחקה תל גוב-שקלי 2-5 (ללא הרשאה),ריבית קבועה  - בינוני,,"אג""ח בארץ- מדינה",2026-05-31,110050000.0,אי.בי.אי,,True,False,0.0015,0.0,1650.75,0.0015,1650.75,0
5111448,איילון מדדית מדינה ללא מניות (ללא הרשאה),"אג""ח מדינה צמוד מדד- ללא מניות",,"אג""ח בארץ- מדינה",2026-05-31,9610000.0,איילון,,False,False,0.0068000000000000005,0.0035,653.48,0.0033000000000000004,317.13000000000005,0
5111455,הראל מניות צמיחה (ללא הרשאה),מניות All Cap,,מניות בארץ,2026-05-31,60750000.0,הראל,,False,False,0.0125,0.0035,7593.75,0.009000000000000001,5467.5,0
5111489,אי בי אי מחקה תל גוב-שקלי 5+ (ללא הרשאה),ריבית קבועה - ארוך,,"אג""ח בארץ- מדינה",2026-05-31,186100000.0,אי.בי.אי,,True,False,0.0,0.0,0.0,0.0,0.0,0
5111570,"הראל מעו""ף בריבוע (ללא הרשאה)",ממונפות בסיכון גבוה,,ממונפות ואסטרטגיות,2026-05-31,62980000.0,הראל,,False,False,0.028300000000000002,0.0035,17823.340000000004,0.024800000000000003,15619.04,0
5111620,איביאי ממשלתי שקלי קצר פלוס (ללא הרשאה),"אג""ח מדינה שקליות- ללא מניות",,"אג""ח בארץ- מדינה",2026-05-31,46680000.0,אי.בי.אי,,False,False,0.0034999999999999996,0.002,1633.8,0.0014999999999999996,700.1999999999998,0
5111638,איביאי (!) מדינה צמוד ללא מניות (ללא הרשאה),"אג""ח מדינה צמוד מדד- ללא מניות",,"אג""ח בארץ- מדינה",2026-05-31,149110000.0,אי.בי.אי,,False,False,0.006500000000000001,0.0035,9692.150000000001,0.0030000000000000005,4473.3,0
5111661,"קסם אקטיב (!) תיק אג""ח חו""ל HY - נקובה $ (ללא הרשאה)","אג""ח נקובת מט""ח",,"אג""ח בחו""ל",2026-05-31,54700000.0,קסם,,False,False,0.0075,0.0035,4102.5,0.004,2188.0,0
5111695,הראל מניות Large Cap ישראל (ללא הרשאה),מניות Large & Mid Cap,,מניות בארץ,2026-05-31,215730000.0,הראל,,False,False,0.0233,0.0035,50265.090000000004,0.0198,42714.54,0
5111711,מגדל פרימיום תיק השקעות עד 50% (ללא הרשאה),"אג""ח כללי בארץ - חשיפה מרבית מעל 30% מניות",,"אג""ח בארץ - כללי",2026-05-31,220280000.0,מגדל,,False,False,0.0078000000000000005,0.0035,17181.84,0.0043,9472.04,0
5111836,"הראל מסלול אג""ח (ללא הרשאה)","אג""ח כללי בארץ ללא מניות וללא סימן קריאה",,"אג""ח בארץ - כללי",2026-05-31,154710000.0,הראל,,False,False,0.009340000000000001,0.0035,14449.914,0.0058400000000000014,9035.064000000002,0
5111869,הראל מדינה שקלית (ללא הרשאה),"אג""ח מדינה שקליות- ללא מניות",,"אג""ח בארץ- מדינה",2026-05-31,297370000.0,הראל,,False,False,0.0037,0.0035,11002.690000000002,0.0002000000000000001,594.7400000000002,0
5111885,הראל מדינה (ללא הרשאה),"אג""ח מדינה כללי- ללא מניות",,"אג""ח בארץ- מדינה",2026-05-31,142990000.0,הראל,,False,False,0.0072,0.0035,10295.28,0.0036999999999999997,5290.63,0
5111935,"ילין לפידות אג""ח מדורג ללא מניות (ללא הרשאה)",חברות והמרה ללא מניות וללא סימן קריאה,,"אג""ח בארץ- חברות והמרה",2026-05-31,321200000.0,ילין לפידות,,False,False,0.006999999999999999,0.0035,22483.999999999996,0.003499999999999999,11241.999999999996,0
5111992,הראל נכסים סולידיים (ללא הרשאה),"אג""ח כללי בארץ בדירוג גבוה (AA ומעלה ו/ או מדינה)- עד 10% מניות",,"אג""ח בארץ - כללי",2026-05-31,224500000.0,הראל,,False,False,0.0038,0.0035,8531.0,0.0002999999999999999,673.4999999999998,0
5112271,אי בי אי מחקה תל גוב-כללי (ללא הרשאה),"אג""ח מדינה שיקלי וצמוד",,"אג""ח בארץ- מדינה",2026-05-31,54880000.0,אי.בי.אי,,True,False,0.002,0.0,1097.6000000000001,0.002,1097.6000000000001,0
5112404,MTF מחקה תל בונד 40 צמודות (ללא הרשאה),בריבית קבועה,,"אג""ח בארץ- חברות והמרה",2026-05-31,35070000.0,מגדל,,True,False,0.0025,0.0,876.75,0.0025,876.75,0
5112479,"קסם אקטיב אג""ח דולר בינלאומי (ללא הרשאה)","אג""ח חשופת דולר",,"אג""ח בחו""ל",2026-05-31,21110000.0,קסם,,False,False,0.0127,0.0035,2680.97,0.0092,1942.12,0
5112487,"קסם אקטיב (!) אג""ח קונצרני Buy Side (ללא הרשאה)",חברות והמרה ללא מניות עם סימן קריאה,,"אג""ח בארץ- חברות והמרה",2026-05-31,185170000.0,קסם,,False,False,0.006500000000000001,0.0035,12036.050000000001,0.0030000000000000005,5555.1,0
5112560,הראל תיק מדינה (ללא הרשאה),"אג""ח מדינה כללי- ללא מניות",,"אג""ח בארץ- מדינה",2026-05-31,113590000.0,הראל,,False,False,0.0049,0.0035,5565.91,0.0013999999999999998,1590.2599999999998,0
5112586,"הראל מחקה משולבת אג""ח ישראל (90%) מניות ישראל-חול (10%) חודשי (ללא הרשאה)",עד 10% מניות,,"אג""ח בארץ משולבת",2026-05-31,61790000.0,הראל,,True,False,0.0,0.0,0.0,0.0,0.0,0
5112628,"אי בי אי מחקה ת""א 125 (ללא הרשאה)",Large & Mid Cap,,מניות בארץ,2026-05-31,2757850000.0,אי.בי.אי,,True,False,0.001,0.0,27578.500000000004,0.001,27578.500000000004,0
5112669,מגדל בונד מדורג A ומעלה (ללא הרשאה),חברות והמרה ללא מניות וללא סימן קריאה,,"אג""ח בארץ- חברות והמרה",2026-05-31,295940000.0,מגדל,,False,False,0.0055000000000000005,0.0035,16276.700000000003,0.0020000000000000005,5918.800000000001,0
5112677,מגדל בונד שקלי A ומעלה (ללא הרשאה),חברות והמרה שקלי ללא מניות,,"אג""ח בארץ- חברות והמרה",2026-05-31,107420000.0,מגדל,,False,False,0.0074,0.0035,7949.080000000001,0.0039000000000000003,4189.38,0
5112693,"קסם אקטיב מניות חו""ל (ללא הרשאה)","מניות כללי בחו""ל חשופת מט""ח",,"מניות בחו""ל",2026-05-31,24960000.0,קסם,,False,False,0.0187,0.0035,4667.52,0.015200000000000002,3793.92,0
5112719,קסם אקט 10-90 (ללא הרשאה),"אג""ח כללי בארץ- עד 10% מניות ללא סימן קריאה",,"אג""ח בארץ - כללי",2026-05-31,470840000.0,קסם,,False,False,0.0079,0.0035,37196.36000000001,0.004400000000000001,20716.960000000006,0
5112768,הראל 30/70 (ללא הרשאה),"אג""ח כללי בארץ- עד 30% מניות",,"אג""ח בארץ - כללי",2026-05-31,397370000.0,הראל,,False,False,0.0069,0.0035,27418.53,0.0034,13510.58,0
5112826,מגדל תיק השקעות 15/85 (ללא הרשאה),"אג""ח כללי בארץ- עד 15% מניות",,"אג""ח בארץ - כללי",2026-05-31,418760000.0,מגדל,,False,False,0.0079,0.0035,33082.04,0.004400000000000001,18425.440000000006,0
5112842,מגדל אינפלציה מדינה (ללא הרשאה),"אג""ח מדינה צמוד מדד- עד 10% מניות",,"אג""ח בארץ- מדינה",2026-05-31,188550000.0,מגדל,,False,False,0.0068000000000000005,0.0035,12821.4,0.0033000000000000004,6222.150000000001,0
5112909,"מגדל (!) אג""ח מדורג - רכיב בטוחה (ללא הרשאה)",חברות והמרה ללא מניות עם סימן קריאה,,"אג""ח בארץ- חברות והמרה",2026-05-31,242750000.0,מגדל,,False,False,0.0089,0.0035,21604.75,0.0054,13108.500000000002,0
5112917,מיטב עוקבת תיק 3 הבנק הבינלאומי (ללא הרשאה),"אג""ח כללי בארץ- עד 30% מניות",,"אג""ח בארץ - כללי",2026-05-31,591530000.0,מיטב,,False,False,0.0079,0.0035,46730.87,0.004400000000000001,26027.320000000007,0
5112925,איילון 20/80 (ללא הרשאה),"אג""ח כללי בארץ- עד 20% מניות",,"אג""ח בארץ - כללי",2026-05-31,74310000.0,איילון,,False,False,0.0075,0.0035,5573.249999999999,0.004,2972.4,0
5112933,"איילון שקלי ממשלתי ואג""ח מדורגות (ללא הרשאה)","אג""ח מדינה שקליות- ללא מניות",,"אג""ח בארץ- מדינה",2026-05-31,20210000.0,איילון,,False,False,0.0060999999999999995,0.0035,1232.81,0.0025999999999999994,525.4599999999999,0
5112941,איילון מדינה + 20% (ללא הרשאה),"אג""ח מדינה כללי- עד 20% מניות",,"אג""ח בארץ- מדינה",2026-05-31,26400000.0,איילון,,False,False,0.0069,0.0035,1821.6,0.0034,897.6,0
5113006,מור מחקה תל גוב-צמודות 2-5 (ללא הרשאה),צמודות מדד ממשלתיות - בינוני,,"אג""ח בארץ- מדינה",2026-05-31,12860000.0,מור,,True,False,0.0015,0.0,192.9,0.0015,192.9,0
5113014,איביאי מחקה תל בונד 20 צמודות (ללא הרשאה),בריבית קבועה,,"אג""ח בארץ- חברות והמרה",2026-05-31,36740000.0,אי.בי.אי,,True,False,0.0025,0.0,918.5,0.0025,918.5,0
5113022,מור מחקה תל גוב-שקלי 2-5 (ללא הרשאה),ריבית קבועה  - בינוני,,"אג""ח בארץ- מדינה",2026-05-31,29950000.0,מור,,True,False,0.0015,0.0,449.25,0.0015,449.25,0
5113048,איביאי (!) קונצרני ריבית משתנה (ללא הרשאה),חברות והמרה שקלי ללא מניות,,"אג""ח בארץ- חברות והמרה",2026-05-31,19910000.0,אי.בי.אי,,False,False,0.006500000000000001,0.0035,1294.15,0.0030000000000000005,597.3000000000001,0
5113063,"מור מחקה ת""א 125 (ללא הרשאה)",Large & Mid Cap,,מניות בארץ,2026-05-31,301230000.0,מור,,True,False,0.0,0.0,0.0,0.0,0.0,0
5113071,אי בי אי מחקה תל בונד שקלי (ללא הרשאה),בריבית קבועה,,"אג""ח בארץ- חברות והמרה",2026-05-31,355830000.0,אי.בי.אי,,True,False,0.002,0.0,7116.6,0.002,7116.6,0
5113105,הראל מדינה שמרני + 10% (ללא הרשאה),"אג""ח מדינה כללי- עד 10% מניות",,"אג""ח בארץ- מדינה",2026-05-31,1085470000.0,הראל,,False,False,0.0064,0.0035,69470.08,0.0029000000000000002,31478.630000000005,0
5113121,הראל מחקה משולבת מדינה חודשי (ללא הרשאה),"אג""ח מדינה משולבת - ללא מניות",,"אג""ח בארץ- מדינה",2026-05-31,23190000.0,הראל,,True,False,0.0025,0.0,579.75,0.0025,579.75,0
5113188,הראל קונצרני AA ומעלה (ללא הרשאה),"חברות והמרה ללא מניות וללא סימן קריאה, עם מגבלת מח""מ עד 5 שנים",,"אג""ח בארץ- חברות והמרה",2026-05-31,36710000.0,הראל,,False,False,0.0059,0.0035,2165.89,0.0024,881.0399999999998,0
5113303,קסם KTF תל בונד 40 צמודות (ללא הרשאה),בריבית קבועה,,"אג""ח בארץ- חברות והמרה",2026-05-31,29880000.0,קסם,,True,False,0.0034999999999999996,0.0,1045.8,0.0034999999999999996,1045.8,0
5113329,קסם KTF תל גוב-צמודות 2-5 (ללא הרשאה),צמודות מדד ממשלתיות - בינוני,,"אג""ח בארץ- מדינה",2026-05-31,100930000.0,קסם,,True,False,0.0025,0.0,2523.25,0.0025,2523.25,0
5113345,"קסם KTF ת""א 125 (ללא הרשאה)",Large & Mid Cap,,מניות בארץ,2026-05-31,1674050000.0,קסם,,True,False,0.001,0.0,16740.5,0.001,16740.5,0
5113386,קסם KTF תל גוב-צמודות (ללא הרשאה),צמודות מדד ממשלתיות - אחר,,"אג""ח בארץ- מדינה",2026-05-31,33560000.0,קסם,,True,False,0.0025,0.0,839.0,0.0025,839.0,0
5113402,"קסם KTF תל גוב-מק""מ (ללא הרשאה)","מק""מ",,"אג""ח בארץ- מדינה",2026-05-31,134540000.0,קסם,,True,False,0.0008,0.0,1076.32,0.0008,1076.32,0
5113428,קסם KTF תל גוב-כללי (ללא הרשאה),"אג""ח מדינה שיקלי וצמוד",,"אג""ח בארץ- מדינה",2026-05-31,137430000.0,קסם,,True,False,0.0025,0.0,3435.75,0.0025,3435.75,0
5113444,קסם KTF תל גוב-שקלי 2-5 (ללא הרשאה),ריבית קבועה  - בינוני,,"אג""ח בארץ- מדינה",2026-05-31,116210000.0,קסם,,True,False,0.0015,0.0,1743.15,0.0015,1743.15,0
5113527,"סיגמא אג""ח משולבת + 20% (ללא הרשאה)","אג""ח כללי בארץ- עד 20% מניות",,"אג""ח בארץ - כללי",2026-05-31,152540000.0,סיגמא,,False,False,0.0085,0.0035,12965.900000000001,0.005000000000000001,7627.000000000002,0
5113543,"סיגמא מניות חו""ל (ללא הרשאה)","מניות כללי בחו""ל חשופת מט""ח",,"מניות בחו""ל",2026-05-31,55130000.0,סיגמא,,False,False,0.0125,0.0035,6891.25,0.009000000000000001,4961.700000000001,0
5113568,"הראל בונד חו""ל - נקובה $ (ללא הרשאה)","אג""ח נקובת מט""ח",,"אג""ח בחו""ל",2026-05-31,184850000.0,הראל,,False,False,0.0069,0.0035,12754.65,0.0034,6284.9,0
5113618,מיטב מניות צמיחה (ללא הרשאה),מניות All Cap,,מניות בארץ,2026-05-31,143490000.0,מיטב,,False,False,0.0169,0.0035,24249.809999999998,0.013399999999999999,19227.659999999996,0
5113683,"מגדל אג""ח מדינה + 15% (ללא הרשאה)","אג""ח מדינה כללי- עד 20% מניות",,"אג""ח בארץ- מדינה",2026-05-31,12370000.0,מגדל,,False,False,0.005699999999999999,0.0035,705.0899999999999,0.0021999999999999993,272.13999999999993,0
5113709,אנליסט עוקבת תיק 2 הבנק הבינלאומי (ללא הרשאה),"אג""ח כללי בארץ- עד 15% מניות",,"אג""ח בארץ - כללי",2026-05-31,47890000.0,אנליסט,,False,False,0.0069,0.0035,3304.41,0.0034,1628.26,0
5113956,"מיטב אג""ח קונצרני + 10% (ללא הרשאה)",חברות והמרה עם מניות ללא סימן קריאה,,"אג""ח בארץ- חברות והמרה",2026-05-31,17570000.0,מיטב,,False,False,0.0129,0.0035,2266.5299999999997,0.0094,1651.5800000000002,0
5113998,תכלית S&P 500 TTF (ללא הרשאה),אמריקה- שווקים מפותחים,,"מניות בחו""ל",2026-05-31,1240950000.0,מיטב,,True,False,0.003,0.0,37228.5,0.003,37228.5,0
5114020,מור בונד שקלי A ומעלה (ללא הרשאה),חברות והמרה שקלי ללא מניות,,"אג""ח בארץ- חברות והמרה",2026-05-31,74640000.0,מור,,False,False,0.0074,0.0035,5523.360000000001,0.0039000000000000003,2910.96,0
5114079,מיטב 30/70 (ללא הרשאה),"אג""ח כללי בארץ- עד 30% מניות",,"אג""ח בארץ - כללי",2026-05-31,663450000.0,מיטב,,False,False,0.0079,0.0035,52412.55,0.004400000000000001,29191.800000000007,0
5114087,ילין לפידות גמישה (ללא הרשאה),גמישות,,גמישות,2026-05-31,429830000.0,ילין לפידות,,False,False,0.0191,0.0035,82097.53,0.0156,67053.48,0
5114160,אזימוט 10/90 דיבידנד (ללא הרשאה),"אג""ח כללי בארץ- עד 10% מניות ללא סימן קריאה",,"אג""ח בארץ - כללי",2026-05-31,109520000.0,איילון,אזימוטליין,False,False,0.0089,0.0035,9747.279999999999,0.0054,5914.080000000001,0
5114178,"אילים אג""ח + מגובה בביטחונות (ללא הרשאה)","אג""ח כללי בארץ ללא מניות וללא סימן קריאה, עם מגבלת מח""מ עד 5 שנים",,"אג""ח בארץ - כללי",2026-05-31,170880000.0,אילים,,False,False,0.0059,0.0035,10081.92,0.0024,4101.12,0
5114210,"קסם אקטיב (!) אגד חוץ אג""ח ופקדונות נקוב $ (ללא הרשאה)",אגד חוץ,,אגד קרנות,2026-05-31,7130000.0,קסם,,False,False,0.0147,0.0035,1048.11,0.0112,798.56,0
5114228,"קסם אקטיב (!) אג""ח מדורג - רכיב בטוחה (ללא הרשאה)",חברות והמרה ללא מניות עם סימן קריאה,,"אג""ח בארץ- חברות והמרה",2026-05-31,141870000.0,קסם,,False,False,0.0087,0.0035,12342.69,0.0052,7377.24,0
5114236,אלטשולר שחם 20-80 (ללא הרשאה),"אג""ח כללי בארץ- עד 20% מניות",,"אג""ח בארץ - כללי",2026-05-31,148980000.0,אלטשולר שחם,,False,False,0.0079,0.0035,11769.420000000002,0.004400000000000001,6555.120000000002,0
5114285,אזימוט השקעות (ללא הרשאה),גמישות,,גמישות,2026-05-31,48600000.0,איילון,אזימוטליין,False,False,0.0194,0.0035,9428.4,0.0159,7727.400000000001,0
5114319,מור מחקה תל בונד שקלי (ללא הרשאה),בריבית קבועה,,"אג""ח בארץ- חברות והמרה",2026-05-31,68330000.0,מור,,True,False,0.0025,0.0,1708.25,0.0025,1708.25,0
5114327,איביאי מחקה תל בונד 40 צמודות (ללא הרשאה),בריבית קבועה,,"אג""ח בארץ- חברות והמרה",2026-05-31,11980000.0,אי.בי.אי,,True,False,0.002,0.0,239.60000000000002,0.002,239.60000000000002,0
5114350,אנליסט 10/90 (ללא הרשאה),"אג""ח כללי בארץ- עד 10% מניות ללא סימן קריאה",,"אג""ח בארץ - כללי",2026-05-31,72580000.0,אנליסט,,False,False,0.0074,0.0035,5370.920000000001,0.0039000000000000003,2830.62,0
5114392,ילין לפידות עוקבת תיק 1 הבנק הבינלאומי (ללא הרשאה),"אג""ח כללי בארץ- עד 5% מניות",,"אג""ח בארץ - כללי",2026-05-31,51700000.0,ילין לפידות,,False,False,0.0054,0.0035,2791.8,0.0019000000000000002,982.3000000000001,0
5114434,מיטב עוקבת תיק מרכיב הנזילות הבנק הבינלאומי (ללא הרשאה),"חברות והמרה ללא מניות וללא סימן קריאה, עם מגבלת מח""מ עד 5 שנים",,"אג""ח בארץ- חברות והמרה",2026-05-31,255270000.0,מיטב,,False,False,0.0052,0.0035,13274.039999999999,0.0016999999999999997,4339.589999999999,0
5114491,תכלית TTF תל בונד שקלי (ללא הרשאה),בריבית קבועה,,"אג""ח בארץ- חברות והמרה",2026-05-31,188810000.0,מיטב,,True,False,0.002,0.0,3776.2000000000003,0.002,3776.2000000000003,0
5114558,קסם אקטיב 5-95 (ללא הרשאה),"אג""ח כללי בארץ- עד 5% מניות",,"אג""ח בארץ - כללי",2026-05-31,45170000.0,קסם,,False,False,0.006,0.0035,2710.2000000000003,0.0025,1129.25,0
5114566,קסם KTF תל בונד שקלי (ללא הרשאה),בריבית קבועה,,"אג""ח בארץ- חברות והמרה",2026-05-31,348540000.0,קסם,,True,False,0.001,0.0,3485.4,0.001,3485.4,0
5114624,איילון מדינה פרימיום כשרה (ללא הרשאה),"אג""ח מדינה כללי- ללא מניות",,"אג""ח בארץ- מדינה",2026-05-31,31850000.0,איילון,,False,False,0.0064,0.0035,2038.3999999999999,0.0029000000000000002,923.6500000000001,0
5114632,איביאי מדינה + 10% (ללא הרשאה),"אג""ח מדינה כללי- עד 10% מניות",,"אג""ח בארץ- מדינה",2026-05-31,971490000.0,אי.בי.אי,,False,False,0.0058,0.0035,56346.41999999999,0.0022999999999999995,22344.269999999997,0
5114640,מיטב (!) קונצרני פלוס (ללא הרשאה),חברות והמרה עם מניות ועם סימן קריאה,,"אג""ח בארץ- חברות והמרה",2026-05-31,128600000.0,מיטב,,False,False,0.0079,0.0035,10159.400000000001,0.004400000000000001,5658.4000000000015,0
5114657,"תכלית TTF ת""א 125 (ללא הרשאה)",Large & Mid Cap,,מניות בארץ,2026-05-31,2456740000.0,מיטב,,True,False,0.001,0.0,24567.4,0.001,24567.4,0
5114749,קסם אקטיב מדינה שקלי פלוס (ללא הרשאה),"אג""ח מדינה שקליות- עד 10% מניות",,"אג""ח בארץ- מדינה",2026-05-31,141580000.0,קסם,,False,False,0.0062,0.0035,8777.960000000001,0.0026999999999999997,3822.6599999999994,0
5114780,"מיטב (!) אג""ח ממשלתי (ללא הרשאה)","אג""ח מדינה כללי- ללא מניות",,"אג""ח בארץ- מדינה",2026-05-31,674000000.0,מיטב,,False,False,0.0084,0.0035,56616.0,0.0049,33026.0,0
5114798,מיטב (!) 10/90 (ללא הרשאה),"אג""ח כללי בארץ- עד 10% מניות ועם סימן קריאה",,"אג""ח בארץ - כללי",2026-05-31,464620000.0,מיטב,,False,False,0.008100000000000001,0.0035,37634.22000000001,0.004600000000000002,21372.520000000008,0
5114830,מיטב מדינה צמודה + 10% (ללא הרשאה),"אג""ח מדינה צמוד מדד- עד 10% מניות",,"אג""ח בארץ- מדינה",2026-05-31,21420000.0,מיטב,,False,False,0.0059,0.0035,1263.78,0.0024,514.0799999999999,0
5114897,ילין לפידות מניות דיבידנד (ללא הרשאה),מניות All Cap,,מניות בארץ,2026-05-31,697320000.0,ילין לפידות,,False,False,0.0195,0.0035,135977.4,0.016,111571.20000000001,0
5114913,ילין לפידות קונצרני שקלי + 20% (ללא הרשאה),חברות והמרה שקלי עם מניות,,"אג""ח בארץ- חברות והמרה",2026-05-31,55740000.0,ילין לפידות,,False,False,0.0077,0.0035,4291.9800000000005,0.004200000000000001,2341.0800000000004,0
5114939,הראל מחקה תל בונד צמודות-יתר (ללא הרשאה),בריבית קבועה,,"אג""ח בארץ- חברות והמרה",2026-05-31,53910000.0,הראל,,True,False,0.0015,0.0,808.65,0.0015,808.65,0
5115001,מגדל כספית נקובה בדולר $ (ללא הרשאה),"נקובת מט""ח",,קרן כספית,2026-05-31,277210000.0,מגדל,,False,False,0.00249,0.001,6902.5289999999995,0.00149,4130.429,1
5115027,"אנליסט מניות ת""א 125 במומנטום (ללא הרשאה)",מניות Large & Mid Cap,,מניות בארץ,2026-05-31,109790000.0,אנליסט,,False,False,0.020499999999999997,0.0035,22506.949999999997,0.016999999999999998,18664.3,0
5115050,קבין השקעות - קרן ממונפת (ללא הרשאה),ממונפות בסיכון גבוה,,ממונפות ואסטרטגיות,2026-05-31,26700000.0,איילון,קבין,False,False,0.027999999999999997,0.0035,7475.999999999999,0.024499999999999997,6541.5,0
5115068,הראל צמודים ממשלתי ללא מניות (ללא הרשאה),"אג""ח מדינה צמוד מדד- ללא מניות",,"אג""ח בארץ- מדינה",2026-05-31,69320000.0,הראל,,False,False,0.006500000000000001,0.0035,4505.8,0.0030000000000000005,2079.6000000000004,0
5115076,הראל מדינה צמודה (ללא הרשאה),"אג""ח מדינה צמוד מדד- ללא מניות",,"אג""ח בארץ- מדינה",2026-05-31,510420000.0,הראל,,False,False,0.0069,0.0035,35218.979999999996,0.0034,17354.28,0
5115092,"ילין לפידות תיק אג""ח + 15% (ללא הרשאה)","אג""ח כללי בארץ- עד 15% מניות",,"אג""ח בארץ - כללי",2026-05-31,341460000.0,ילין לפידות,,False,False,0.0076,0.0035,25950.960000000003,0.0040999999999999995,13999.859999999997,0
5115100,איביאי מחקה תל בונד 60 צמודות (ללא הרשאה),בריבית קבועה,,"אג""ח בארץ- חברות והמרה",2026-05-31,66410000.0,אי.בי.אי,,True,False,0.0025,0.0,1660.25,0.0025,1660.25,0
5115118,מור מחקה תל גוב-צמודות 5-10 (ללא הרשאה),צמודות מדד ממשלתיות - ארוך,,"אג""ח בארץ- מדינה",2026-05-31,35270000.0,מור,,True,False,0.0015,0.0,529.0500000000001,0.0015,529.0500000000001,0
5115126,"מור מחקה ת""א 90 (ללא הרשאה)",Mid Cap,,מניות בארץ,2026-05-31,183740000.0,מור,,True,False,0.0045000000000000005,0.0,8268.300000000001,0.0045000000000000005,8268.300000000001,0
5115167,אלטשולר שחם 10-90 (ללא הרשאה),"אג""ח כללי בארץ- עד 10% מניות ללא סימן קריאה",,"אג""ח בארץ - כללי",2026-05-31,488590000.0,אלטשולר שחם,,False,False,0.0075,0.0035,36644.25,0.004,19543.600000000002,0
5115225,אנליסט שקלית קונצרנית ללא מניות (ללא הרשאה),חברות והמרה שקלי ללא מניות,,"אג""ח בארץ- חברות והמרה",2026-05-31,13060000.0,אנליסט,,False,False,0.0054,0.0035,705.24,0.0019000000000000002,248.14000000000001,0
5115258,FOREST סלקט 15/85 (ללא הרשאה),"אג""ח כללי בארץ- עד 15% מניות",,"אג""ח בארץ - כללי",2026-05-31,307550000.0,פורסט,,False,False,0.0087,0.0035,26756.85,0.0052,15992.599999999999,0
5115274,"MTF מחקה משולבת אג""ח ישראל (80%) מניות ישראל (20%) חודשי (ללא הרשאה)",עד 20% מניות,,"אג""ח בארץ משולבת",2026-05-31,23410000.0,מגדל,,True,False,0.0049,0.0,1147.09,0.0049,1147.09,0
5115290,הראל 10/90 מחלקת (ללא הרשאה),"אג""ח כללי בארץ- עד 10% מניות ללא סימן קריאה",,"אג""ח בארץ - כללי",2026-05-31,24820000.0,הראל,,False,False,0.0077,0.0035,1911.14,0.004200000000000001,1042.44,0
5115324,מגדל סולידית (ללא הרשאה),"אג""ח כללי בארץ בדירוג גבוה בלבד (AA ומעלה ו/ או מדינה)",,"אג""ח בארץ - כללי",2026-05-31,52160000.0,מגדל,,False,False,0.0059,0.0035,3077.44,0.0024,1251.84,0
5115332,"מגדל אג""ח מדינה+10% (ללא הרשאה)","אג""ח מדינה כללי- עד 10% מניות",,"אג""ח בארץ- מדינה",2026-05-31,70740000.0,מגדל,,False,False,0.0049,0.0035,3466.2599999999998,0.0013999999999999998,990.3599999999999,0
5115365,הראל (!) 10/90 פלטינום (ללא הרשאה),"אג""ח כללי בארץ- עד 10% מניות ועם סימן קריאה",,"אג""ח בארץ - כללי",2026-05-31,96490000.0,הראל,,False,False,0.006999999999999999,0.0035,6754.299999999999,0.003499999999999999,3377.149999999999,0
5115373,כוון מניות גלובלית U.S (ללא הרשאה),"ארה""ב חשופת מט""ח",,"מניות בחו""ל",2026-05-31,18530000.0,איילון,כוון,False,False,0.0187,0.0035,3465.11,0.015200000000000002,2816.56,0
5115407,"אלטשולר שחם עוקבת תיק חו""ל 2 הבנק הבינלאומי (ללא הרשאה)","אג""ח חשופת מט""ח",,"אג""ח בחו""ל",2026-05-31,89540000.0,אלטשולר שחם,,False,False,0.0092,0.0035,8237.68,0.0057,5103.780000000001,0
5115449,"טופ אלפא (!) אג""ח ללא מניות (ללא הרשאה)","אג""ח כללי בארץ ללא מניות עם סימן קריאה",,"אג""ח בארץ - כללי",2026-05-31,32479999.999999996,איילון,טופ אלפא,False,False,0.0076,0.0035,2468.48,0.0040999999999999995,1331.6799999999996,0
5115456,"טופ אלפא מניות חו""ל (ללא הרשאה)","מניות כללי בחו""ל חשופת מט""ח",,"מניות בחו""ל",2026-05-31,127610000.0,איילון,טופ אלפא,False,False,0.024399999999999998,0.0035,31136.839999999997,0.0209,26670.489999999998,0
5115464,איילון עוקבת תיק מרכיב הנזילות פלוס - הבנק הבינלאומי (ללא הרשאה),"חברות והמרה ללא מניות וללא סימן קריאה, עם מגבלת מח""מ עד 5 שנים",,"אג""ח בארץ- חברות והמרה",2026-05-31,26020000.0,איילון,,False,False,0.0052,0.0035,1353.04,0.0016999999999999997,442.3399999999999,0
5115472,תכלית TTF תל בונד 20 צמודות (ללא הרשאה),בריבית קבועה,,"אג""ח בארץ- חברות והמרה",2026-05-31,196820000.0,מיטב,,True,False,0.002,0.0,3936.4000000000005,0.002,3936.4000000000005,0
5115498,מיטב קונצרני שקלי (ללא הרשאה),חברות והמרה שקלי ללא מניות,,"אג""ח בארץ- חברות והמרה",2026-05-31,25240000.0,מיטב,,False,False,0.0064,0.0035,1615.36,0.0029000000000000002,731.96,0
5115506,סיגמא (!) מודל דירוג פנימי (ללא הרשאה),חברות והמרה ללא מניות עם סימן קריאה,,"אג""ח בארץ- חברות והמרה",2026-05-31,54220000.0,סיגמא,,False,False,0.0127,0.0035,6885.94,0.0092,4988.24,0
5115514,סיגמא מדינה + 20% (ללא הרשאה),"אג""ח מדינה כללי- עד 20% מניות",,"אג""ח בארץ- מדינה",2026-05-31,1203210000.0,סיגמא,,False,False,0.0059,0.0035,70989.39,0.0024,28877.039999999997,0
5115548,הראל 10/90 פלוס (ללא הרשאה),"אג""ח כללי בארץ- עד 10% מניות ללא סימן קריאה",,"אג""ח בארץ - כללי",2026-05-31,96910000.0,הראל,,False,False,0.006889999999999999,0.0035,6677.098999999999,0.0033899999999999994,3285.248999999999,0
5115555,הראל 30/70 פלוס (ללא הרשאה),"אג""ח כללי בארץ- עד 30% מניות",,"אג""ח בארץ - כללי",2026-05-31,11060000.0,הראל,,False,False,0.0059,0.0035,652.54,0.0024,265.43999999999994,0
5115589,קסם KTF תל בונד 20 צמודות (ללא הרשאה),בריבית קבועה,,"אג""ח בארץ- חברות והמרה",2026-05-31,323940000.0,קסם,,True,False,0.0025,0.0,8098.5,0.0025,8098.5,0
5115597,קסם KTF תל בונד מאגר (ללא הרשאה),"אג""ח חברות שקלי וצמוד",,"אג""ח בארץ- חברות והמרה",2026-05-31,132490000.00000001,קסם,,True,False,0.0034999999999999996,0.0,4637.150000000001,0.0034999999999999996,4637.150000000001,0
5115605,קסם KTF תל בונד צמודות-יתר (ללא הרשאה),בריבית קבועה,,"אג""ח בארץ- חברות והמרה",2026-05-31,34940000.0,קסם,,True,False,0.0034999999999999996,0.0,1222.8999999999999,0.0034999999999999996,1222.8999999999999,0
5115621,"מור מק""מ פלוס (ללא הרשאה)","אג""ח מדינה שקליות- עד 10% מניות",,"אג""ח בארץ- מדינה",2026-05-31,316440000.0,מור,,False,False,0.0055000000000000005,0.002,17404.200000000004,0.0035000000000000005,11075.400000000001,0
5115647,"הפניקס קסם אג""ח חו""ל מדורג - נקובה $ (ללא הרשאה)","אג""ח נקובת מט""ח",,"אג""ח בחו""ל",2026-05-31,99140000.0,קסם,,False,False,0.006999999999999999,0.0035,6939.799999999999,0.003499999999999999,3469.899999999999,0
5115704,ילין לפידות 10/90 (ללא הרשאה),"אג""ח כללי בארץ- עד 10% מניות ללא סימן קריאה",,"אג""ח בארץ - כללי",2026-05-31,928730000.0,ילין לפידות,,False,False,0.008,0.0035,74298.40000000001,0.0045000000000000005,41792.850000000006,0
5115712,ילין לפידות מדינה שקלי ללא מניות (ללא הרשאה),"אג""ח מדינה שקליות- ללא מניות",,"אג""ח בארץ- מדינה",2026-05-31,10970000.0,ילין לפידות,,False,False,0.0076,0.0035,833.72,0.0040999999999999995,449.7699999999999,0
5115738,"הראל מחקה משולבת אג""ח ישראל (80%) מניות ישראל-חול (20%) חודשי (ללא הרשאה)",עד 20% מניות,,"אג""ח בארץ משולבת",2026-05-31,91370000.0,הראל,,True,False,0.0,0.0,0.0,0.0,0.0,0
5115761,איביאי מחקה משולבת קונצרני (80%) מניות (20%) חודשי (ללא הרשאה),עד 20% מניות,,"אג""ח בארץ משולבת",2026-05-31,45370000.0,אי.בי.אי,,True,False,0.005,0.0,2268.5,0.005,2268.5,0
5115787,ילין לפידות מדינה + 10% (ללא הרשאה),"אג""ח מדינה כללי- עד 10% מניות",,"אג""ח בארץ- מדינה",2026-05-31,65269999.99999999,ילין לפידות,,False,False,0.0064,0.0035,4177.28,0.0029000000000000002,1892.83,0
5115795,מיטב כספית נקובה ב-$ (ללא הרשאה),"נקובת מט""ח",,קרן כספית,2026-05-31,387970000.0,מיטב,,False,False,0.0028000000000000004,0.001,10863.160000000002,0.0018000000000000004,6983.460000000002,1
5115803,אנליסט ממשלתית תיק סולידי עד שנתיים (ללא הרשאה),"אג""ח מדינה כללי- עד 10% מניות",,"אג""ח בארץ- מדינה",2026-05-31,98640000.0,אנליסט,,False,False,0.0058,0.002,5721.119999999999,0.0037999999999999996,3748.3199999999997,0
5115811,תמיר פישמן 10/90 (ללא הרשאה),"אג""ח כללי בארץ- עד 10% מניות ללא סימן קריאה",,"אג""ח בארץ - כללי",2026-05-31,121970000.0,תמיר פישמן,,False,False,0.0075,0.0035,9147.75,0.004,4878.8,0
5115837,תכלית TTF משולבת אגח ממשלתי קונצרני (90%) מניות (10%) חודשי (ללא הרשאה),עד 10% מניות,,"אג""ח בארץ משולבת",2026-05-31,26220000.0,מיטב,,True,False,0.005,0.0,1311.0,0.005,1311.0,0
5115886,"ילין לפידות תיק אג""ח סולידי + 10% (ללא הרשאה)","אג""ח כללי בארץ בדירוג גבוה (AA ומעלה ו/ או מדינה)- עד 10% מניות",,"אג""ח בארץ - כללי",2026-05-31,262440000.0,ילין לפידות,,False,False,0.0069,0.0035,18108.36,0.0034,8922.96,0
5115894,הראל תיק סולידי ללא מניות (ללא הרשאה),"אג""ח כללי בארץ בדירוג גבוה בלבד (AA ומעלה ו/ או מדינה)",,"אג""ח בארץ - כללי",2026-05-31,36130000.0,הראל,,False,False,0.0068000000000000005,0.0035,2456.84,0.0033000000000000004,1192.2900000000002,0
5115928,הראל (!) נבחרת קונצרני (ללא הרשאה),חברות והמרה ללא מניות עם סימן קריאה,,"אג""ח בארץ- חברות והמרה",2026-05-31,48880000.0,הראל,,False,False,0.0059,0.0035,2883.92,0.0024,1173.12,0
5115936,"הראל אג""ח Total Return (ללא הרשאה)","אג""ח כללי בארץ ללא מניות וללא סימן קריאה, עם מגבלת מח""מ עד 5 שנים",,"אג""ח בארץ - כללי",2026-05-31,49450000.0,הראל,,False,False,0.0049,0.0035,2423.0499999999997,0.0013999999999999998,692.3,0
5115977,הראל מדינה + 20% (ללא הרשאה),"אג""ח מדינה כללי- עד 20% מניות",,"אג""ח בארץ- מדינה",2026-05-31,126930000.0,הראל,,False,False,0.0049,0.0035,6219.57,0.0013999999999999998,1777.0199999999998,0
5115985,הראל צמודים ממשלתיים (ללא הרשאה),"אג""ח מדינה צמוד מדד- ללא מניות",,"אג""ח בארץ- מדינה",2026-05-31,55620000.0,הראל,,False,False,0.0025,0.0035,1390.5,-0.001,-556.2,0
5115993,"הראל אג""ח קונצרני + 10% (ללא הרשאה)",חברות והמרה עם מניות ללא סימן קריאה,,"אג""ח בארץ- חברות והמרה",2026-05-31,150030000.0,הראל,,False,False,0.0049,0.0035,7351.469999999999,0.0013999999999999998,2100.4199999999996,0
5116009,הראל שקלית ממשלתית (ללא הרשאה),"אג""ח מדינה שקליות- ללא מניות",,"אג""ח בארץ- מדינה",2026-05-31,90370000.0,הראל,,False,False,0.0025,0.0035,2259.25,-0.001,-903.7,0
5116017,"אלטשולר שחם אג""ח גלובלי נקובה בדולר (ללא הרשאה)","אג""ח נקובת מט""ח",,"אג""ח בחו""ל",2026-05-31,313320000.0,אלטשולר שחם,,False,False,0.006999999999999999,0.0035,21932.399999999998,0.003499999999999999,10966.199999999997,0
5116033,אנליסט 20/80 (ללא הרשאה),"אג""ח כללי בארץ- עד 20% מניות",,"אג""ח בארץ - כללי",2026-05-31,2249170000.0,אנליסט,,False,False,0.0084,0.0035,188930.28,0.0049,110209.33,0
5116041,סיגמא ממשלתי שקלי (ללא הרשאה),"אג""ח מדינה שקליות- ללא מניות",,"אג""ח בארץ- מדינה",2026-05-31,31630000.0,סיגמא,,False,False,0.009000000000000001,0.0035,2846.7000000000003,0.005500000000000001,1739.6500000000005,0
5116082,"אזימוט אג""ח ללא מניות (ללא הרשאה)","אג""ח כללי בארץ ללא מניות וללא סימן קריאה, עם מגבלת מח""מ עד 5 שנים",,"אג""ח בארץ - כללי",2026-05-31,84390000.0,איילון,אזימוטליין,False,False,0.0089,0.0035,7510.709999999999,0.0054,4557.06,0
5116140,"מגדל אג""ח מדינה (ללא הרשאה)","אג""ח מדינה כללי- ללא מניות",,"אג""ח בארץ- מדינה",2026-05-31,298060000.0,מגדל,,False,False,0.004699999999999999,0.0035,14008.819999999998,0.0011999999999999992,3576.7199999999975,0
5116165,"מגדל מניות חו""ל טכנולוגיות חדשניות - מנוטרלת מט""ח (ללא הרשאה)","מניות כללי בחו""ל מוגנת מט""ח",,"מניות בחו""ל",2026-05-31,72160000.0,מגדל,,False,False,0.0195,0.0035,14071.199999999999,0.016,11545.6,0
5116181,MTF מחקה תל גוב-כללי (ללא הרשאה),"אג""ח מדינה שיקלי וצמוד",,"אג""ח בארץ- מדינה",2026-05-31,264740000.0,מגדל,,True,False,0.0015,0.0,3971.1,0.0015,3971.1,0
5116470,"קסם אקטיב תיק אג""ח ללא מניות (ללא הרשאה)","אג""ח כללי בארץ ללא מניות וללא סימן קריאה",,"אג""ח בארץ - כללי",2026-05-31,1084810000.0,קסם,,False,False,0.0072,0.0035,78106.32,0.0036999999999999997,40137.97,0
5116488,ילין לפידות 20/80 (ללא הרשאה),"אג""ח כללי בארץ- עד 20% מניות",,"אג""ח בארץ - כללי",2026-05-31,1030180000.0000001,ילין לפידות,,False,False,0.0095,0.0035,97867.1,0.006,61810.80000000001,0
5116512,"קסם אקטיב אג""ח ממוצע AA (ללא הרשאה)","חברות והמרה ללא מניות וללא סימן קריאה, עם מגבלת מח""מ עד 5 שנים",,"אג""ח בארץ- חברות והמרה",2026-05-31,122580000.0,קסם,,False,False,0.006500000000000001,0.0035,7967.700000000001,0.0030000000000000005,3677.4000000000005,0
5116553,"קסם אקטיב אג""ח מדינה + 10% (ללא הרשאה)","אג""ח מדינה כללי- עד 10% מניות",,"אג""ח בארץ- מדינה",2026-05-31,155860000.0,קסם,,False,False,0.0062,0.0035,9663.32,0.0026999999999999997,4208.219999999999,0
5116629,"FOREST (!) אג""ח מדורג (ללא הרשאה)",חברות והמרה ללא מניות עם סימן קריאה,,"אג""ח בארץ- חברות והמרה",2026-05-31,578430000.0,פורסט,,False,False,0.0086,0.0035,49744.98,0.0051,29499.930000000004,0
5116637,"טרגט אג""ח ללא מניות (ללא הרשאה)","אג""ח כללי בארץ ללא מניות וללא סימן קריאה",,"אג""ח בארץ - כללי",2026-05-31,297250000.0,איילון,טרגט,False,False,0.0055000000000000005,0.0035,16348.750000000002,0.0020000000000000005,5945.000000000002,0
5116660,"הראל שנהב אג""ח (ללא הרשאה)","אג""ח כללי בארץ- עד 15% מניות",,"אג""ח בארץ - כללי",2026-05-31,39290000.0,הראל,,False,False,0.0028000000000000004,0.0035,1100.1200000000001,-0.0006999999999999997,-275.02999999999986,0
5116736,"דיאמונד מניות ת""א 125 (ללא הרשאה)",מניות Large & Mid Cap,,מניות בארץ,2026-05-31,47640000.0,איילון,דיאמונד,False,False,0.013000000000000001,0.0035,6193.200000000001,0.009500000000000001,4525.800000000001,0
5116777,ילין לפידות (!) קונצרני שקלי (ללא הרשאה),חברות והמרה שקלי ללא מניות,,"אג""ח בארץ- חברות והמרה",2026-05-31,139140000.0,ילין לפידות,,False,False,0.0069,0.0035,9600.66,0.0034,4730.76,0
5116785,הראל מחקה תל גוב-צמודות 5-10 (ללא הרשאה),צמודות מדד ממשלתיות - ארוך,,"אג""ח בארץ- מדינה",2026-05-31,192090000.0,הראל,,True,False,0.0,0.0,0.0,0.0,0.0,0
5116793,"הראל מחקה משולבת אג""ח ישראל צמוד חודשי (ללא הרשאה)",ללא מניות,,"אג""ח בארץ משולבת",2026-05-31,24900000.0,הראל,,True,False,0.0034999999999999996,0.0,871.4999999999999,0.0034999999999999996,871.4999999999999,0
5116918,MTF מחקה תל בונד צמודות יתר (ללא הרשאה),בריבית קבועה,,"אג""ח בארץ- חברות והמרה",2026-05-31,60120000.0,מגדל,,True,False,0.0025,0.0,1503.0,0.0025,1503.0,0
5116926,מגדל צמודה בונד מדורג (ללא הרשאה),"חברות והמרה ללא מניות וללא סימן קריאה, עם מגבלת מח""מ עד 5 שנים",,"אג""ח בארץ- חברות והמרה",2026-05-31,968490000.0,מגדל,,False,False,0.0075,0.0035,72636.75,0.004,38739.600000000006,0
5116934,אנליסט מודל דירוג פנימי (ללא הרשאה),חברות והמרה ללא מניות וללא סימן קריאה,,"אג""ח בארץ- חברות והמרה",2026-05-31,249960000.0,אנליסט,,False,False,0.0079,0.0035,19746.840000000004,0.004400000000000001,10998.240000000003,0
5116942,"קסם אקטיב אג""ח מדורג ללא מניות (ללא הרשאה)",חברות והמרה ללא מניות וללא סימן קריאה,,"אג""ח בארץ- חברות והמרה",2026-05-31,233930000.0,קסם,,False,False,0.0070999999999999995,0.0035,16609.03,0.0035999999999999995,8421.479999999998,0
5116967,מור מחקה תל גוב-שקלי 5+ (ללא הרשאה),ריבית קבועה - ארוך,,"אג""ח בארץ- מדינה",2026-05-31,34440000.0,מור,,True,False,0.0015,0.0,516.6,0.0015,516.6,0
5116975,"אלטשולר שחם אג""ח קונצרני A ומעלה (ללא הרשאה)","חברות והמרה ללא מניות וללא סימן קריאה, עם מגבלת מח""מ עד 5 שנים",,"אג""ח בארץ- חברות והמרה",2026-05-31,249020000.0,אלטשולר שחם,,False,False,0.0069,0.0035,17182.379999999997,0.0034,8466.68,0
5116983,"אלטשולר שחם אג""ח מדינה ללא מניות (ללא הרשאה)","אג""ח מדינה כללי- ללא מניות",,"אג""ח בארץ- מדינה",2026-05-31,259490000.0,אלטשולר שחם,,False,False,0.0063,0.0035,16347.87,0.0028,7265.72,0
5117007,"הראל מחקה משולבת אג""ח ישראל שקלי חודשי (ללא הרשאה)",ללא מניות,,"אג""ח בארץ משולבת",2026-05-31,23730000.0,הראל,,True,False,0.0,0.0,0.0,0.0,0.0,0
5117023,איביאי מחקה תל בונד צמודות (ללא הרשאה),בריבית קבועה,,"אג""ח בארץ- חברות והמרה",2026-05-31,61080000.0,אי.בי.אי,,True,False,0.0025,0.0,1527.0,0.0025,1527.0,0
5117049,מור מחקה תל בונד צמודות-יתר (ללא הרשאה),בריבית קבועה,,"אג""ח בארץ- חברות והמרה",2026-05-31,15280000.0,מור,,True,False,0.002,0.0,305.6,0.002,305.6,0
5117080,MTF מחקה משולבת תל גוב-שקלי 2-5 (75%) תל בונד שקלי (25%) חודשי (ללא הרשאה),ללא מניות,,"אג""ח בארץ משולבת",2026-05-31,12250000.0,מגדל,,True,False,0.0039000000000000003,0.0,477.75,0.0039000000000000003,477.75,0
5117122,קסם אקטיב שקלית ממשלתית כשרה (ללא הרשאה),"אג""ח מדינה שקליות- ללא מניות",,"אג""ח בארץ- מדינה",2026-05-31,68190000.0,קסם,,False,False,0.0054,0.0035,3682.26,0.0019000000000000002,1295.6100000000001,0
5117130,"הראל אג""ח בינלאומי עד 20% מט""ח (ללא הרשאה)","אג""ח מוגנת מט""ח",,"אג""ח בחו""ל",2026-05-31,89050000.0,הראל,,False,False,0.0078000000000000005,0.0035,6945.9,0.0043,3829.15,0
5117239,"הראל תיק אג""ח סולידי + 10% (ללא הרשאה)","אג""ח כללי בארץ בדירוג גבוה (AA ומעלה ו/ או מדינה)- עד 10% מניות",,"אג""ח בארץ - כללי",2026-05-31,53730000.0,הראל,,False,False,0.0055000000000000005,0.0035,2955.1500000000005,0.0020000000000000005,1074.6000000000004,0
5117247,הראל מחקה תל גוב-צמודות 2-5 (ללא הרשאה),צמודות מדד ממשלתיות - בינוני,,"אג""ח בארץ- מדינה",2026-05-31,290940000.0,הראל,,True,False,0.0005,0.0,1454.7,0.0005,1454.7,0
5117262,הראל מחקה תל גוב-שקלי 2-5 (ללא הרשאה),ריבית קבועה  - בינוני,,"אג""ח בארץ- מדינה",2026-05-31,180360000.0,הראל,,True,False,0.0,0.0,0.0,0.0,0.0,0
5117270,הראל מחקה תל בונד 20 צמודות (ללא הרשאה),בריבית קבועה,,"אג""ח בארץ- חברות והמרה",2026-05-31,680140000.0,הראל,,True,False,0.001,0.0,6801.400000000001,0.001,6801.400000000001,0
5117288,הראל מחקה תל בונד שקלי (ללא הרשאה),בריבית קבועה,,"אג""ח בארץ- חברות והמרה",2026-05-31,201160000.0,הראל,,True,False,0.002,0.0,4023.2000000000003,0.002,4023.2000000000003,0
5117296,ילין לפידות מדינה שקלי 1-4 שנים (ללא הרשאה),"אג""ח מדינה שקליות- ללא מניות",,"אג""ח בארץ- מדינה",2026-05-31,63590000.0,ילין לפידות,,False,False,0.0042,0.0035,2670.7799999999997,0.0006999999999999997,445.12999999999977,0
5117304,"ילין לפידות תיק אג""ח ללא מניות (ללא הרשאה)","אג""ח כללי בארץ ללא מניות וללא סימן קריאה",,"אג""ח בארץ - כללי",2026-05-31,272690000.0,ילין לפידות,,False,False,0.0074,0.0035,20179.06,0.0039000000000000003,10634.91,0
5117312,ילין לפידות עוקבת תיק 2 הבנק הבינלאומי (ללא הרשאה),"אג""ח כללי בארץ- עד 15% מניות",,"אג""ח בארץ - כללי",2026-05-31,465220000.0,ילין לפידות,,False,False,0.0079,0.0035,36752.380000000005,0.004400000000000001,20469.680000000008,0
5117346,"תכלית TTF משולבת אגח ממשלתי קונצרני (85%) מניות (15%) מנוטרלת מט""ח חודשי (ללא הרשאה)",עד 20% מניות,,"אג""ח בארץ משולבת",2026-05-31,31360000.0,מיטב,,True,False,0.006500000000000001,0.0,2038.4000000000003,0.006500000000000001,2038.4000000000003,0
5117379,תכלית TTF תל גוב-צמודות 2-5 (ללא הרשאה),צמודות מדד ממשלתיות - בינוני,,"אג""ח בארץ- מדינה",2026-05-31,465720000.0,מיטב,,True,False,0.002,0.0,9314.400000000001,0.002,9314.400000000001,0
5117429,איביאי כספית נקובה דולר $ (ללא הרשאה),"נקובת מט""ח",,קרן כספית,2026-05-31,1685750000.0,אי.בי.אי,,False,False,0.0025,0.001,42143.75,0.0015,25286.25,1
5117437,קסם KTF תל בונד צמודות (ללא הרשאה),בריבית קבועה,,"אג""ח בארץ- חברות והמרה",2026-05-31,343100000.0,קסם,,True,False,0.0026,0.0,8920.599999999999,0.0026,8920.599999999999,0
5117445,Gse Spot מחקר קונצרני (ללא הרשאה),חברות והמרה ללא מניות וללא סימן קריאה,,"אג""ח בארץ- חברות והמרה",2026-05-31,37930000.0,איילון,ג'י. אס. אי. ספוט,False,False,0.009000000000000001,0.0035,3413.7000000000003,0.005500000000000001,2086.1500000000005,0
5117460,"הראל תיק אג""ח + 15% (ללא הרשאה)","אג""ח כללי בארץ- עד 15% מניות",,"אג""ח בארץ - כללי",2026-05-31,226090000.0,הראל,,False,False,0.0074,0.0035,16730.660000000003,0.0039000000000000003,8817.51,0
5117494,אי בי אי מחקה תל בונד צמודות יתר (ללא הרשאה),בריבית קבועה,,"אג""ח בארץ- חברות והמרה",2026-05-31,92750000.0,אי.בי.אי,,True,False,0.002,0.0,1855.0000000000002,0.002,1855.0000000000002,0
5117502,"ילין לפידות (!) אג""ח חברות + 10% (ללא הרשאה)",חברות והמרה עם מניות ועם סימן קריאה,,"אג""ח בארץ- חברות והמרה",2026-05-31,1010660000.0,ילין לפידות,,False,False,0.0091,0.0035,91970.06,0.005600000000000001,56596.96000000001,0
5117510,מור מדדית מדינה ללא מניות (ללא הרשאה),"אג""ח מדינה צמוד מדד- ללא מניות",,"אג""ח בארץ- מדינה",2026-05-31,106580000.0,מור,,False,False,0.006500000000000001,0.0035,6927.700000000001,0.0030000000000000005,3197.4000000000005,0
5117536,מגדל S&P 500 (ללא הרשאה),"ארה""ב חשופת מט""ח",,"מניות בחו""ל",2026-05-31,15870000.0,מגדל,,False,False,0.005,0.0035,793.5,0.0015,238.05,0
5117577,"איביאי אג""ח חברות מדורג (ללא הרשאה)",חברות והמרה ללא מניות וללא סימן קריאה,,"אג""ח בארץ- חברות והמרה",2026-05-31,316560000.0,אי.בי.אי,,False,False,0.0095,0.0035,30073.199999999997,0.006,18993.600000000002,0
5117585,מור מחקה NASDAQ 100 (ללא הרשאה),אמריקה- שווקים מפותחים,,"מניות בחו""ל",2026-05-31,727680000.0,מור,,True,False,0.005,0.0,36384.0,0.005,36384.0,0
5117601,מור מחקה S&P 500 (ללא הרשאה),אמריקה- שווקים מפותחים,,"מניות בחו""ל",2026-05-31,250750000.0,מור,,True,False,0.004,0.0,10030.0,0.004,10030.0,0
5117619,"איביאי תיק אג""ח כללי (ללא הרשאה)","אג""ח כללי בארץ ללא מניות וללא סימן קריאה",,"אג""ח בארץ - כללי",2026-05-31,59320000.0,אי.בי.אי,,False,False,0.0089,0.0035,5279.48,0.0054,3203.28,0
5117627,איביאי מחקה משולבת ממשלתי חודשי (ללא הרשאה),"אג""ח מדינה משולבת - ללא מניות",,"אג""ח בארץ- מדינה",2026-05-31,34870000.0,אי.בי.אי,,True,False,0.005,0.0,1743.5,0.005,1743.5,0
5117650,איילון 25/75 כשרה (ללא הרשאה),"אג""ח כללי בארץ- עד 25% מניות",,"אג""ח בארץ - כללי",2026-05-31,139840000.0,איילון,,False,False,0.006500000000000001,0.0035,9089.6,0.0030000000000000005,4195.200000000001,0
5117668,איילון תיק השקעות ללא מניות (ללא הרשאה),"אג""ח כללי בארץ ללא מניות וללא סימן קריאה",,"אג""ח בארץ - כללי",2026-05-31,39070000.0,איילון,,False,False,0.0060999999999999995,0.0035,2383.2699999999995,0.0025999999999999994,1015.8199999999998,0
5117684,"איילון אקסטרים ת""א 125 פי 3 (ללא הרשאה)",ממונפות בסיכון גבוה,,ממונפות ואסטרטגיות,2026-05-31,231310000.0,איילון,,False,False,0.018500000000000003,0.0035,42792.350000000006,0.015000000000000003,34696.50000000001,0
5117692,"איילון אקסטרים ת""א 35 פי 3 (ללא הרשאה)",ממונפות בסיכון גבוה,,ממונפות ואסטרטגיות,2026-05-31,206140000.0,איילון,,False,False,0.018500000000000003,0.0035,38135.9,0.015000000000000003,30921.000000000007,0
5117700,איילון כספית (ללא הרשאה),כספית שקלית עם קונצרני,,קרן כספית,2026-05-31,7971460000.0,איילון,,False,False,0.0018,0.001,143486.28,0.0007999999999999999,63771.68,1
5117734,אימפקט 20/80 (ללא הרשאה),"אג""ח כללי בארץ- עד 20% מניות",,"אג""ח בארץ - כללי",2026-05-31,65290000.00000001,איילון,אימפקט,False,False,0.0085,0.0035,5549.6500000000015,0.005000000000000001,3264.500000000001,0
5117742,"איילון משקל שווה ת""א 35 (ללא הרשאה)",מניות Large & Mid Cap,,מניות בארץ,2026-05-31,22400000.0,איילון,,False,False,0.0115,0.0035,2576.0,0.008,1792.0000000000002,0
5117759,איילון אקסטרים S&P 500 פי 3 (ללא הרשאה),ממונפות בסיכון גבוה,,ממונפות ואסטרטגיות,2026-05-31,157500000.0,איילון,,False,False,0.018500000000000003,0.0035,29137.500000000004,0.015000000000000003,23625.000000000007,0
5117809,איילון אקסטרים דולר פי 3 (ללא הרשאה),ממונפות בסיכון גבוה,,ממונפות ואסטרטגיות,2026-05-31,9620000.0,איילון,,False,False,0.015,0.0035,1442.9999999999998,0.0115,1106.3,0
5117817,MTF מחקה תל בונד צמודות בנקים ללא COCO (ללא הרשאה),בריבית קבועה,,"אג""ח בארץ- חברות והמרה",2026-05-31,102890000.0,מגדל,,True,False,0.0015,0.0,1543.3500000000001,0.0015,1543.3500000000001,0
5117833,אי בי אי מחקה תל גוב-צמודות 5-10 (ללא הרשאה),צמודות מדד ממשלתיות - ארוך,,"אג""ח בארץ- מדינה",2026-05-31,55900000.0,אי.בי.אי,,True,False,0.0015,0.0,838.5,0.0015,838.5,0
5117841,הראל עוקבת תיק מס' 2 - הבנק הבינלאומי (ללא הרשאה),"אג""ח כללי בארץ- עד 15% מניות",,"אג""ח בארץ - כללי",2026-05-31,201250000.0,הראל,,False,False,0.0076,0.0035,15295.0,0.0040999999999999995,8251.249999999998,0
5117866,MTF מחקה תל גוב-צמודות (ללא הרשאה),צמודות מדד ממשלתיות - אחר,,"אג""ח בארץ- מדינה",2026-05-31,35500000.0,מגדל,,True,False,0.001,0.0,355.00000000000006,0.001,355.00000000000006,0
5117932,מגדל בונד צמוד A ומעלה (ללא הרשאה),חברות והמרה ללא מניות וללא סימן קריאה,,"אג""ח בארץ- חברות והמרה",2026-05-31,415230000.0,מגדל,,False,False,0.0079,0.0035,32803.170000000006,0.004400000000000001,18270.120000000006,0
5117957,אי בי אי מחקה (!) תל בונד-תשואות צמודות (ללא הרשאה),בריבית קבועה,,"אג""ח בארץ- חברות והמרה",2026-05-31,236680000.0,אי.בי.אי,,True,False,0.002,0.0,4733.6,0.002,4733.6,0
5117973,"קסם אקטיב אירופה Index Plus - מנוטרלת מט""ח (ללא הרשאה)","מניות גיאוגרפי מוגנת מט""ח",,"מניות בחו""ל",2026-05-31,29680000.0,קסם,,False,False,0.0125,0.0035,3710.0,0.009000000000000001,2671.2000000000003,0
5118021,קסם KTF תל בונד 60 צמודות (ללא הרשאה),בריבית קבועה,,"אג""ח בארץ- חברות והמרה",2026-05-31,719110000.0,קסם,,True,False,0.0025,0.0,17977.75,0.0025,17977.75,0
5118039,קסם KTF תל גוב-שקלי 5+ (ללא הרשאה),ריבית קבועה - ארוך,,"אג""ח בארץ- מדינה",2026-05-31,49620000.0,קסם,,True,False,0.0,0.0,0.0,0.0,0.0,0
5118047,קסם KTF תל גוב-שקלי (ללא הרשאה),ריבית קבועה,,"אג""ח בארץ- מדינה",2026-05-31,125220000.0,קסם,,True,False,0.0025,0.0,3130.5,0.0025,3130.5,0
5118054,קסם KTF תל גוב-צמודות 5-10 (ללא הרשאה),צמודות מדד ממשלתיות - ארוך,,"אג""ח בארץ- מדינה",2026-05-31,143670000.0,קסם,,True,False,0.0025,0.0,3591.75,0.0025,3591.75,0
5118062,קסם אקטיב עוקבת תיק 1 הבנק הבינלאומי (ללא הרשאה),"אג""ח כללי בארץ- עד 5% מניות",,"אג""ח בארץ - כללי",2026-05-31,47890000.0,קסם,,False,False,0.0058,0.0035,2777.62,0.0022999999999999995,1101.4699999999998,0
5118088,"ילין לפידות (!) אג""ח TOTAL RETURN IL (ללא הרשאה)","אג""ח כללי בארץ ללא מניות עם סימן קריאה",,"אג""ח בארץ - כללי",2026-05-31,843370000.0,ילין לפידות,,False,False,0.0075,0.0035,63252.74999999999,0.004,33734.8,0
5118112,"קסם אקטיב ארה""ב Index Plus כשרה (ללא הרשאה)","ארה""ב חשופת מט""ח",,"מניות בחו""ל",2026-05-31,246750000.0,קסם,,False,False,0.0182,0.0035,44908.5,0.014700000000000001,36272.25000000001,0
5118120,קסם KTFי (!) תל בונד-תשואות צמודות (ללא הרשאה),בריבית קבועה,,"אג""ח בארץ- חברות והמרה",2026-05-31,156200000.0,קסם,,True,False,0.002,0.0,3124.0000000000005,0.002,3124.0000000000005,0
5118138,"קסם אקטיב אג""ח מדורג (ללא הרשאה)",חברות והמרה ללא מניות וללא סימן קריאה,,"אג""ח בארץ- חברות והמרה",2026-05-31,287180000.0,קסם,,False,False,0.0077,0.0035,22112.86,0.004200000000000001,12061.560000000001,0
5118146,קסם אקטיב תיק השקעות גמיש (ללא הרשאה),גמישות,,גמישות,2026-05-31,449670000.0,קסם,,False,False,0.0184,0.0035,82739.28,0.0149,67000.83,0
5118179,קסם iBoxx US Liquid Investment Grade Top 30 KTF (ללא הרשאה),"חברות והמרה חשופת מט""ח",,"אג""ח בחו""ל",2026-05-31,81980000.0,קסם,,True,False,0.0025,0.0,2049.5,0.0025,2049.5,0
5118187,"מגדל (!) הזדמנויות אג""ח תשואה גבוהה (ללא הרשאה)",חברות והמרה בסיכון גבוה,,"אג""ח בארץ- חברות והמרה",2026-05-31,379130000.0,מגדל,,False,False,0.0125,0.0035,47391.25,0.009000000000000001,34121.700000000004,0
5118195,מגדל (!) 10/90 פלוס (ללא הרשאה),"אג""ח כללי בארץ- עד 10% מניות ועם סימן קריאה",,"אג""ח בארץ - כללי",2026-05-31,52770000.0,מגדל,,False,False,0.0089,0.0035,4696.53,0.0054,2849.5800000000004,0
5118237,"מיטב אג""ח + 20% (ללא הרשאה)","אג""ח כללי בארץ- עד 20% מניות",,"אג""ח בארץ - כללי",2026-05-31,211600000.0,מיטב,,False,False,0.0079,0.0035,16716.4,0.004400000000000001,9310.400000000003,0
5118260,טרגט 20/80 (ללא הרשאה),"אג""ח כללי בארץ- עד 20% מניות",,"אג""ח בארץ - כללי",2026-05-31,29910000.0,איילון,טרגט,False,False,0.0055000000000000005,0.0035,1645.0500000000002,0.0020000000000000005,598.2000000000002,0
5118310,איביאי 10/90 (ללא הרשאה),"אג""ח כללי בארץ- עד 10% מניות ללא סימן קריאה",,"אג""ח בארץ - כללי",2026-05-31,274200000.0,אי.בי.אי,,False,False,0.0075,0.0035,20565.0,0.004,10968.0,0
5118328,"אנליסט אג""ח מדורג A ומעלה מח""מ 1-4 שנים (ללא הרשאה)","חברות והמרה ללא מניות וללא סימן קריאה, עם מגבלת מח""מ עד 5 שנים",,"אג""ח בארץ- חברות והמרה",2026-05-31,405960000.0,אנליסט,,False,False,0.0068000000000000005,0.0035,27605.28,0.0033000000000000004,13396.68,0
5118369,ילין לפידות מדינה ללא מניות (ללא הרשאה),"אג""ח מדינה כללי- ללא מניות",,"אג""ח בארץ- מדינה",2026-05-31,80730000.0,ילין לפידות,,False,False,0.0055000000000000005,0.0035,4440.150000000001,0.0020000000000000005,1614.6000000000004,0
5118377,ילין לפידות מדינה צמוד קצר (ללא הרשאה),"אג""ח מדינה צמוד מדד- עד 10% מניות",,"אג""ח בארץ- מדינה",2026-05-31,655100000.0,ילין לפידות,,False,False,0.0068000000000000005,0.0035,44546.8,0.0033000000000000004,21618.300000000003,0
5118385,מגדל תיק 25/75 (ללא הרשאה),"אג""ח כללי בארץ- עד 25% מניות",,"אג""ח בארץ - כללי",2026-05-31,297150000.0,מגדל,,False,False,0.0079,0.0035,23474.850000000002,0.004400000000000001,13074.600000000004,0
5118393,תכלית TTF תל גוב-כללי (ללא הרשאה),"אג""ח מדינה שיקלי וצמוד",,"אג""ח בארץ- מדינה",2026-05-31,89500000.0,מיטב,,True,False,0.0015,0.0,1342.5,0.0015,1342.5,0
5118419,הראל מחקה S&P 500 נקובה ב-$ (ללא הרשאה),אמריקה- שווקים מפותחים,,"מניות בחו""ל",2026-05-31,135350000.0,הראל,,True,False,0.002,0.0,2707.0,0.002,2707.0,0
5118435,דיאמונד 20/80 כשרה (ללא הרשאה),"אג""ח כללי בארץ- עד 20% מניות",,"אג""ח בארץ - כללי",2026-05-31,57340000.0,איילון,דיאמונד,False,False,0.0139,0.0035,7970.259999999999,0.0104,5963.36,0
5118450,"MTF מחקה משולבת אג""ח ישראל (90%) מניות חו""ל (10%) חודשי מנוטרלת מט""ח (ללא הרשאה)",עד 10% מניות,,"אג""ח בארץ משולבת",2026-05-31,54400000.0,מגדל,,True,False,0.0049,0.0,2665.6,0.0049,2665.6,0
5118476,"אלטשולר שחם אג""ח מדינה + 20% (ללא הרשאה)","אג""ח מדינה כללי- עד 20% מניות",,"אג""ח בארץ- מדינה",2026-05-31,57250000.0,אלטשולר שחם,,False,False,0.0075,0.0035,4293.75,0.004,2290.0,0
5118534,"קסם אקטיב (!) אג""ח חו""ל דולר HY (ללא הרשאה)","אג""ח חשופת דולר",,"אג""ח בחו""ל",2026-05-31,25250000.0,קסם,,False,False,0.0075,0.0035,1893.7499999999998,0.004,1010.0000000000001,0
5118559,מור מחקה תל בונד צמודות-בנקים ללא COCO (ללא הרשאה),בריבית קבועה,,"אג""ח בארץ- חברות והמרה",2026-05-31,21710000.0,מור,,True,False,0.002,0.0,434.20000000000005,0.002,434.20000000000005,0
5118591,"אלטשולר שחם (!) אג""ח ארה""ב/חו""ל קונצרני עד 10% מט""ח (ללא הרשאה)","אג""ח מוגנת מט""ח",,"אג""ח בחו""ל",2026-05-31,353660000.0,אלטשולר שחם,,False,False,0.0095,0.0035,33597.7,0.006,21219.600000000002,0
5118609,"אלטשולר שחם שווקים מפותחים עד 30% מט""ח (ללא הרשאה)","מניות גיאוגרפי מוגנת מט""ח",,"מניות בחו""ל",2026-05-31,951910000.0,אלטשולר שחם,,False,False,0.015,0.0035,142786.5,0.0115,109469.65000000001,0
5118617,ילין לפידות 25/75 (ללא הרשאה),"אג""ח כללי בארץ- עד 25% מניות",,"אג""ח בארץ - כללי",2026-05-31,865020000.0,ילין לפידות,,False,False,0.0079,0.0035,68336.58,0.004400000000000001,38060.88000000001,0
5118625,איילון עוקבת תיק 3 הבנק הבינלאומי (ללא הרשאה),"אג""ח כללי בארץ- עד 30% מניות",,"אג""ח בארץ - כללי",2026-05-31,241860000.0,איילון,,False,False,0.006,0.0035,14511.6,0.0025,6046.5,0
5118633,"מור (!) תיק אג""ח קונצרני (ללא הרשאה)",חברות והמרה ללא מניות עם סימן קריאה,,"אג""ח בארץ- חברות והמרה",2026-05-31,725430000.0,מור,,False,False,0.0088,0.0035,63837.84000000001,0.005300000000000001,38447.79000000001,0
5118641,"מור אג""ח מדינה - כשרה (ללא הרשאה)","אג""ח מדינה כללי- ללא מניות",,"אג""ח בארץ- מדינה",2026-05-31,147530000.0,מור,,False,False,0.0064,0.0035,9441.92,0.0029000000000000002,4278.370000000001,0
5118666,"תמיר פישמן אג""ח מדינה פלוס (ללא הרשאה)","אג""ח מדינה כללי- ללא מניות",,"אג""ח בארץ- מדינה",2026-05-31,24210000.0,תמיר פישמן,,False,False,0.0055000000000000005,0.0035,1331.5500000000002,0.0020000000000000005,484.2000000000001,0
5118674,FORESTי 20/80 (ללא הרשאה),"אג""ח כללי בארץ- עד 20% מניות",,"אג""ח בארץ - כללי",2026-05-31,1179240000.0,פורסט,,False,False,0.0095,0.0035,112027.79999999999,0.006,70754.40000000001,0
5118690,"איביאי מחקה משולבת STOXX Europe 600י (70%) DAXי (30%) חודשי מנוטרלת מט""ח (ללא הרשאה)","מניות בחו""ל קרן משולבת",,"מניות בחו""ל",2026-05-31,57990000.0,אי.בי.אי,,True,False,0.008,0.0,4639.200000000001,0.008,4639.200000000001,0
5118716,מיטב תיק השקעות + 30% (ללא הרשאה),"אג""ח כללי בארץ- עד 30% מניות",,"אג""ח בארץ - כללי",2026-05-31,517000000.0,מיטב,,False,False,0.0079,0.0035,40843.00000000001,0.004400000000000001,22748.000000000007,0
5118724,"תכלית TTF משולבת אגח ממשלתי קונצרני (90%) מניות (20%) מנוטרלת מט""ח חודשי (ללא הרשאה)",עד 20% מניות,,"אג""ח בארץ משולבת",2026-05-31,51120000.0,מיטב,,True,False,0.006500000000000001,0.0,3322.8,0.006500000000000001,3322.8,0
5118740,"תכלית TTF ת""א 90 (ללא הרשאה)",Mid Cap,,מניות בארץ,2026-05-31,673250000.0,מיטב,,True,False,0.0,0.0,0.0,0.0,0.0,0
5118757,תכלית TTF תל בונד צמודות-בנקים ללא COCO (ללא הרשאה),בריבית קבועה,,"אג""ח בארץ- חברות והמרה",2026-05-31,56940000.0,מיטב,,True,False,0.002,0.0,1138.8000000000002,0.002,1138.8000000000002,0
5118765,טרגט 10/90 (ללא הרשאה),"אג""ח כללי בארץ- עד 10% מניות ללא סימן קריאה",,"אג""ח בארץ - כללי",2026-05-31,87200000.0,איילון,טרגט,False,False,0.0055000000000000005,0.0035,4796.000000000001,0.0020000000000000005,1744.0000000000005,0
5118773,"טרגט אג""ח חברות (!) ללא מניות (ללא הרשאה)",חברות והמרה ללא מניות עם סימן קריאה,,"אג""ח בארץ- חברות והמרה",2026-05-31,46750000.0,איילון,טרגט,False,False,0.0055000000000000005,0.0035,2571.2500000000005,0.0020000000000000005,935.0000000000002,0
5118781,"קסם Morningstar Wide Moat Focus KTF מנוטרלת מט""ח (ללא הרשאה)",אמריקה- כללי,,"מניות בחו""ל",2026-05-31,284790000.0,קסם,,True,False,0.008,0.0,22783.2,0.008,22783.2,0
5118799,מגדל עוקבת תיק 3 הבנק הבינלאומי (ללא הרשאה),"אג""ח כללי בארץ- עד 30% מניות",,"אג""ח בארץ - כללי",2026-05-31,207910000.0,מגדל,,False,False,0.0069,0.0035,14345.789999999999,0.0034,7068.94,0
5118815,קסם אקטיב (!) מבחר קונצרני + 10% (ללא הרשאה),חברות והמרה עם מניות ועם סימן קריאה,,"אג""ח בארץ- חברות והמרה",2026-05-31,90280000.0,קסם,,False,False,0.0083,0.0035,7493.24,0.0048000000000000004,4333.4400000000005,0
5118849,הראל מניות ישראל Large & Mid Cap (ללא הרשאה),מניות Large & Mid Cap,,מניות בארץ,2026-05-31,273110000.0,הראל,,False,False,0.0195,0.0035,53256.45,0.016,43697.600000000006,0
5118872,"קסם אקטיב סקטורים חו""ל - מנוטרלת מט""ח (ללא הרשאה)","מניות לפי ענפים בחו""ל",,"מניות בחו""ל",2026-05-31,70440000.0,קסם,,False,False,0.0155,0.0035,10918.2,0.012,8452.800000000001,0
5118880,קסם אקטיב קונצרני צמוד דולר פלוס (ללא הרשאה),חברות והמרה ללא מניות וללא סימן קריאה,,"אג""ח בארץ- חברות והמרה",2026-05-31,22410000.0,קסם,,False,False,0.0078000000000000005,0.0035,1747.98,0.0043,963.63,0
5118898,קסם אקטיב מניות ישראל Buy Side (ללא הרשאה),מניות All Cap,,מניות בארץ,2026-05-31,136460000.0,קסם,,False,False,0.0161,0.0035,21970.06,0.0126,17193.96,0
5118930,מיטב מניות ESG ישראל (ללא הרשאה),מניות All Cap,,מניות בארץ,2026-05-31,326290000.0,מיטב,,False,False,0.015,0.0035,48943.49999999999,0.0115,37523.35,0
5118948,הורייזן 30/70 (ללא הרשאה),"אג""ח כללי בארץ- עד 30% מניות",,"אג""ח בארץ - כללי",2026-05-31,240360000.0,איילון,הורייזן,False,False,0.009000000000000001,0.0035,21632.4,0.005500000000000001,13219.800000000003,0
5118955,הורייזן 20/80 (ללא הרשאה),"אג""ח כללי בארץ- עד 20% מניות",,"אג""ח בארץ - כללי",2026-05-31,178770000.0,איילון,הורייזן,False,False,0.009000000000000001,0.0035,16089.300000000001,0.005500000000000001,9832.350000000002,0
5118963,אנליסט פיזור רחב 10/90 (ללא הרשאה),"אג""ח כללי בארץ- עד 10% מניות ללא סימן קריאה",,"אג""ח בארץ - כללי",2026-05-31,293230000.0,אנליסט,,False,False,0.0076,0.0035,22285.48,0.0040999999999999995,12022.429999999998,0
5118997,"MTF מחקה ת""א SME60 (ללא הרשאה)",Mid  & Small Cap,,מניות בארץ,2026-05-31,244150000.0,מגדל,,True,False,0.005,0.0,12207.5,0.005,12207.5,0
5119003,"קסם אקטיב מניות ארה""ב (ללא הרשאה)","ארה""ב חשופת מט""ח",,"מניות בחו""ל",2026-05-31,154390000.0,קסם,,False,False,0.0161,0.0035,24856.79,0.0126,19453.14,0
5119060,ילין לפידות 5/95 (ללא הרשאה),"אג""ח כללי בארץ- עד 5% מניות",,"אג""ח בארץ - כללי",2026-05-31,68710000.0,ילין לפידות,,False,False,0.0054,0.0035,3710.34,0.0019000000000000002,1305.49,0
5119078,מור מדינה + 10% (ללא הרשאה),"אג""ח מדינה כללי- עד 10% מניות",,"אג""ח בארץ- מדינה",2026-05-31,560900000.0,מור,,False,False,0.0059,0.0035,33093.1,0.0024,13461.599999999999,0
5119086,"מור תיק אג""ח + 30% (ללא הרשאה)","אג""ח כללי בארץ- עד 30% מניות",,"אג""ח בארץ - כללי",2026-05-31,1059450000.0,מור,,False,False,0.0076,0.0035,80518.20000000001,0.0040999999999999995,43437.44999999999,0
5119144,"אנליסט מניות חו""ל (ללא הרשאה)","מניות כללי בחו""ל חשופת מט""ח",,"מניות בחו""ל",2026-05-31,25940000.0,אנליסט,,False,False,0.024,0.0035,6225.6,0.0205,5317.7,0
5119151,MTF מחקה תל בונד מאגר (ללא הרשאה),"אג""ח חברות שקלי וצמוד",,"אג""ח בארץ- חברות והמרה",2026-05-31,166050000.0,מגדל,,True,False,0.0017000000000000001,0.0,2822.85,0.0017000000000000001,2822.85,0
5119177,מור מחקה תל בונד מאגר (ללא הרשאה),אחר,,"אג""ח בארץ- חברות והמרה",2026-05-31,45390000.0,מור,,True,False,0.0025,0.0,1134.75,0.0025,1134.75,0
5119185,"איביאי מחקה משולבת מניות ארה""ב חודשי מנוטרלת מט""ח (ללא הרשאה)","מניות בחו""ל קרן משולבת",,"מניות בחו""ל",2026-05-31,410580000.0,אי.בי.אי,,True,False,0.005,0.0,20529.0,0.005,20529.0,0
5119201,"אלטשולר שחם מחקה Low Volatility ת""א 125 A.B SmartBeta (ללא הרשאה)",Large & Mid Cap,,מניות בארץ,2026-05-31,302700000.0,אלטשולר שחם,,True,False,0.008,0.0,24216.000000000004,0.008,24216.000000000004,0
5119219,"אלטשולר שחם מחקה מולטי פקטור ת""א 125 A.B SmartBeta (ללא הרשאה)",Large & Mid Cap,,מניות בארץ,2026-05-31,616840000.0,אלטשולר שחם,,True,False,0.008,0.0,49347.200000000004,0.008,49347.200000000004,0
5119227,"אלטשולר שחם מחקה SmartBeta משולבת אג""ח (90%) ומניות (10%) חודשי (ללא הרשאה)",עד 10% מניות,,"אג""ח בארץ משולבת",2026-05-31,15570000.0,אלטשולר שחם,,True,False,0.0055000000000000005,0.0,856.3500000000001,0.0055000000000000005,856.3500000000001,0
5119235,אלטשולר שחם מחקה מומנטום קונצרני (-A) ומעלה A.B SmartBeta (ללא הרשאה),"אג""ח חברות שקלי וצמוד",,"אג""ח בארץ- חברות והמרה",2026-05-31,12360000.0,אלטשולר שחם,,True,False,0.005,0.0,618.0,0.005,618.0,0
5119243,ילין לפידות (!) 10/90 צמיחה (ללא הרשאה),"אג""ח כללי בארץ- עד 10% מניות ועם סימן קריאה",,"אג""ח בארץ - כללי",2026-05-31,1048180000.0000001,ילין לפידות,,False,False,0.0079,0.0035,82806.22000000002,0.004400000000000001,46119.92000000002,0
5119318,איביאי מחקה MSCI Emerging Markets (ללא הרשאה),גלובלי- שווקים מתעוררים,,"מניות בחו""ל",2026-05-31,112920000.0,אי.בי.אי,,True,False,0.008,0.0,9033.6,0.008,9033.6,0
5119359,מיטב 5/95 (ללא הרשאה),"אג""ח כללי בארץ- עד 5% מניות",,"אג""ח בארץ - כללי",2026-05-31,37540000.0,מיטב,,False,False,0.005600000000000001,0.0035,2102.2400000000002,0.0021000000000000007,788.3400000000004,0
5119367,"מיטב אג""ח פלוס (ללא הרשאה)","אג""ח כללי בארץ- עד 10% מניות ללא סימן קריאה",,"אג""ח בארץ - כללי",2026-05-31,77610000.0,מיטב,,False,False,0.0069,0.0035,5355.09,0.0034,2638.74,0
5119375,תכלית TTF תל גוב-שקלי 5+ (ללא הרשאה),ריבית קבועה - ארוך,,"אג""ח בארץ- מדינה",2026-05-31,165700000.0,מיטב,,True,False,0.0,0.0,0.0,0.0,0.0,0
5119383,תכלית TTF תל גוב-צמודות 5-10 (ללא הרשאה),צמודות מדד ממשלתיות - ארוך,,"אג""ח בארץ- מדינה",2026-05-31,94410000.0,מיטב,,True,False,0.0,0.0,0.0,0.0,0.0,0
5119409,הראל כספית שקלית (ללא הרשאה),כספית שקלית עם קונצרני,,קרן כספית,2026-05-31,4329380000.0,הראל,,False,False,0.0019,0.001,82258.22,0.0009,38964.42,1
5119417,איביאי 15/85 (ללא הרשאה),"אג""ח כללי בארץ- עד 15% מניות",,"אג""ח בארץ - כללי",2026-05-31,412600000.0,אי.בי.אי,,False,False,0.0079,0.0035,32595.400000000005,0.004400000000000001,18154.400000000005,0
5119425,"איביאי (!) אג""ח חברות (ללא הרשאה)",חברות והמרה ללא מניות עם סימן קריאה,,"אג""ח בארץ- חברות והמרה",2026-05-31,537780000.0,אי.בי.אי,,False,False,0.0089,0.0035,47862.42,0.0054,29040.120000000003,0
5119441,"הראל תיק אג""ח קונצרני - כשרה (ללא הרשאה)","חברות והמרה ללא מניות וללא סימן קריאה, עם מגבלת מח""מ עד 5 שנים",,"אג""ח בארץ- חברות והמרה",2026-05-31,437390000.0,הראל,,False,False,0.011000000000000001,0.0035,48112.90000000001,0.0075000000000000015,32804.25000000001,0
5119458,"הראל (!) תיק אג""ח כללי - כשרה (ללא הרשאה)","אג""ח כללי בארץ ללא מניות עם סימן קריאה",,"אג""ח בארץ - כללי",2026-05-31,510450000.0,הראל,,False,False,0.011399999999999999,0.0035,58191.299999999996,0.007899999999999999,40325.549999999996,0
5119466,מור מניות ישראל (ללא הרשאה),מניות All Cap,,מניות בארץ,2026-05-31,2676810000.0,מור,,False,False,0.0169,0.0035,452380.88999999996,0.013399999999999999,358692.5399999999,0
5119508,ילין לפידות מניות צמיחה (ללא הרשאה),מניות All Cap,,מניות בארץ,2026-05-31,517530000.0,ילין לפידות,,False,False,0.018000000000000002,0.0035,93155.40000000001,0.014500000000000002,75041.85000000002,0
5119607,"אנליסט אג""ח מדינה עד 5 שנים ללא מניות (ללא הרשאה)","אג""ח מדינה כללי- ללא מניות",,"אג""ח בארץ- מדינה",2026-05-31,216150000.0,אנליסט,,False,False,0.0062,0.0035,13401.300000000001,0.0026999999999999997,5836.049999999999,0
5119615,"MTF מחקה משולבת אג""ח ישראל (85%) מניות (15%) חודשי מנוטרלת מט""ח (ללא הרשאה)",עד 20% מניות,,"אג""ח בארץ משולבת",2026-05-31,17550000.0,מגדל,,True,False,0.0049,0.0,859.9499999999999,0.0049,859.9499999999999,0
5119623,"MTF מחקה משולבת ממשלתי (90%) מניות (10%) חודשי מנוטרלת מט""ח (ללא הרשאה)","אג""ח מדינה משולבת - עד 10% מניות",,"אג""ח בארץ- מדינה",2026-05-31,15150000.0,מגדל,,True,False,0.0049,0.0,742.35,0.0049,742.35,0
5119664,קסם אקטיב ממשלתי צמוד בינוני (ללא הרשאה),"אג""ח מדינה צמוד מדד- ללא מניות",,"אג""ח בארץ- מדינה",2026-05-31,788320000.0,קסם,,False,False,0.0064,0.0035,50452.479999999996,0.0029000000000000002,22861.280000000002,0
5119672,"אנליסט (!) אג""ח פיזור רחב ללא מניות (ללא הרשאה)","אג""ח כללי בארץ ללא מניות עם סימן קריאה",,"אג""ח בארץ - כללי",2026-05-31,72900000.0,אנליסט,,False,False,0.006500000000000001,0.0035,4738.500000000001,0.0030000000000000005,2187.0000000000005,0
5119706,"איביאי מחקה משולבת אג""ח (90%) מניות (10%) חודשי (ללא הרשאה)",עד 10% מניות,,"אג""ח בארץ משולבת",2026-05-31,64250000.0,אי.בי.אי,,True,False,0.005,0.0,3212.5,0.005,3212.5,0
5119730,"קסם אקטיב ספיר חו""ל 30/70 - נקובה $ (ללא הרשאה)","אג""ח נקובת מט""ח",,"אג""ח בחו""ל",2026-05-31,317910000.0,קסם,,False,False,0.0079,0.0035,25114.890000000003,0.004400000000000001,13988.040000000005,0
5119763,הראל מחקה משולבת מדינה (90%) מניות ישראל-חול (10%) חודשי,"אג""ח מדינה משולבת - עד 10% מניות",,"אג""ח בארץ- מדינה",2026-05-31,26800000.0,הראל,,True,False,0.003,0.0,804.0,0.003,804.0,0
5119813,מור כספית (ללא הרשאה),כספית שקלית עם קונצרני,,קרן כספית,2026-05-31,4470330000.0,מור,,False,False,0.0024,0.001,107287.91999999998,0.0013999999999999998,62584.61999999999,1
5119821,מור 15/85 (ללא הרשאה),"אג""ח כללי בארץ- עד 15% מניות",,"אג""ח בארץ - כללי",2026-05-31,992050000.0,מור,,False,False,0.0073,0.0035,72419.65,0.0038,37697.9,0
5119839,"איביאי (!) אג""ח חו""ל מנוטרלת מט""ח (ללא הרשאה)","אג""ח מוגנת מט""ח",,"אג""ח בחו""ל",2026-05-31,21410000.0,אי.בי.אי,,False,False,0.006999999999999999,0.0035,1498.6999999999998,0.003499999999999999,749.3499999999998,0
5119854,פרופאונד מנייתית (ללא הרשאה),מניות All Cap,,מניות בארץ,2026-05-31,848270000.0,איילון,פרופאונד,False,False,0.018500000000000003,0.0035,156929.95,0.015000000000000003,127240.50000000003,0
5119862,"דיאמונד אג""ח ללא מניות אור החיים (ללא הרשאה)","אג""ח כללי בארץ ללא מניות וללא סימן קריאה",,"אג""ח בארץ - כללי",2026-05-31,879720000.0,איילון,דיאמונד,False,False,0.0079,0.0035,69497.88,0.004400000000000001,38707.68000000001,0
5119904,"אי בי אי מחקה משולבת אג""ח ישראל (100%) חודשי (ללא הרשאה)",ללא מניות,,"אג""ח בארץ משולבת",2026-05-31,52500000.0,אי.בי.אי,,True,False,0.005,0.0,2625.0,0.005,2625.0,0
5119953,ילין לפידות A ומעלה עד 4 שנים (ללא הרשאה),"חברות והמרה ללא מניות וללא סימן קריאה, עם מגבלת מח""מ עד 5 שנים",,"אג""ח בארץ- חברות והמרה",2026-05-31,748200000.0,ילין לפידות,,False,False,0.0076,0.0035,56863.200000000004,0.0040999999999999995,30676.199999999997,0
5119961,"ילין לפידות (!) אג""ח חו""ל (ללא הרשאה)","אג""ח חשופת מט""ח",,"אג""ח בחו""ל",2026-05-31,71390000.0,ילין לפידות,,False,False,0.0079,0.0035,5639.81,0.004400000000000001,3141.1600000000008,0
5119987,אושן יצירה תיק מניות (ללא הרשאה),מניות All Cap,,מניות בארץ,2026-05-31,68730000.0,סיגמא,אושן פרטנרס,False,False,0.018500000000000003,0.0035,12715.050000000001,0.015000000000000003,10309.500000000004,0
5120068,"ילין לפידות (!) אג""ח קונצרני (ללא הרשאה)",חברות והמרה ללא מניות עם סימן קריאה,,"אג""ח בארץ- חברות והמרה",2026-05-31,1158050000.0,ילין לפידות,,False,False,0.0089,0.0035,103066.45,0.0054,62534.700000000004,0
5120126,"ילין לפידות 10/90 תיק אג""ח חו""ל ומניות (ללא הרשאה)","אג""ח חשופת מט""ח",,"אג""ח בחו""ל",2026-05-31,325440000.0,ילין לפידות,,False,False,0.0079,0.0035,25709.760000000002,0.004400000000000001,14319.360000000004,0
5120225,אימפקט מניות (ללא הרשאה),מניות All Cap,,מניות בארץ,2026-05-31,101160000.0,איילון,אימפקט,False,False,0.016,0.0035,16185.600000000002,0.0125,12645.0,0
5120282,"איביאי מחקה Solactive נדל""ן מניב ישראל (ללא הרשאה)","נדל""ן ובנייה",,מניות בארץ,2026-05-31,142430000.0,אי.בי.אי,,True,False,0.008,0.0,11394.400000000001,0.008,11394.400000000001,0
5120340,הראל עוקבת מרכיב נזילות - הבנק הבינלאומי (ללא הרשאה),"חברות והמרה ללא מניות וללא סימן קריאה, עם מגבלת מח""מ עד 5 שנים",,"אג""ח בארץ- חברות והמרה",2026-05-31,40830000.0,הראל,,False,False,0.0049,0.0035,2000.6699999999998,0.0013999999999999998,571.6199999999999,0
5120381,"איילון (!) אג""ח ללא מניות (ללא הרשאה)","אג""ח כללי בארץ ללא מניות עם סימן קריאה",,"אג""ח בארץ - כללי",2026-05-31,53620000.0,איילון,,False,False,0.0068000000000000005,0.0035,3646.16,0.0033000000000000004,1769.46,0
5120423,מגדל תיק 10/90 (ללא הרשאה),"אג""ח כללי בארץ- עד 10% מניות ללא סימן קריאה",,"אג""ח בארץ - כללי",2026-05-31,608400000.0,מגדל,,False,False,0.0079,0.0035,48063.600000000006,0.004400000000000001,26769.600000000006,0
5120464,"תמיר פישמן אג""ח חו""ל בריבית משתנה (ללא הרשאה)","אג""ח חשופת מט""ח",,"אג""ח בחו""ל",2026-05-31,44780000.0,תמיר פישמן,,False,False,0.0085,0.0035,3806.3,0.005000000000000001,2239.0000000000005,0
5120514,"מגדל אפיקים חו""ל (ללא הרשאה)","מניות כללי בחו""ל חשופת מט""ח",,"מניות בחו""ל",2026-05-31,67320000.0,מגדל,,False,False,0.0297,0.0035,19994.04,0.0262,17637.84,0
5120522,תמיר פישמן מניות (ללא הרשאה),מניות All Cap,,מניות בארץ,2026-05-31,2977370000.0,תמיר פישמן,,False,False,0.0179,0.0035,532949.23,0.0144,428741.28,0
5120563,אי בי אי מחקה All-Bond-ריבית משתנה שקלי (ללא הרשאה),בריבית  משתנה,,"אג""ח בארץ- חברות והמרה",2026-05-31,16480000.0,אי.בי.אי,,True,False,0.002,0.0,329.6,0.002,329.6,0
5120613,סיגמא מניות ישראל (ללא הרשאה),מניות All Cap,,מניות בארץ,2026-05-31,2103610000.0000002,סיגמא,,False,False,0.0159,0.0035,334473.99000000005,0.012400000000000001,260847.64000000004,0
5120647,איביאי מדינה פלוס A ומעלה (ללא הרשאה),"אג""ח מדינה כללי- ללא מניות",,"אג""ח בארץ- מדינה",2026-05-31,907490000.0,אי.בי.אי,,False,False,0.006999999999999999,0.0035,63524.299999999996,0.003499999999999999,31762.14999999999,0
5120662,"איביאי (!) תיק אג""ח + 10% (ללא הרשאה)","אג""ח כללי בארץ- עד 10% מניות ועם סימן קריאה",,"אג""ח בארץ - כללי",2026-05-31,809700000.0,אי.בי.אי,,False,False,0.0069,0.0035,55869.299999999996,0.0034,27529.8,0
5120704,"סיגמא (!) תיק אג""ח ללא מניות (ללא הרשאה)","אג""ח כללי בארץ ללא מניות עם סימן קריאה",,"אג""ח בארץ - כללי",2026-05-31,73760000.0,סיגמא,,False,False,0.0076,0.0035,5605.76,0.0040999999999999995,3024.1599999999994,0
5120720,"סיגמא (!) תיק אג""ח + 10% (ללא הרשאה)","אג""ח כללי בארץ- עד 10% מניות ועם סימן קריאה",,"אג""ח בארץ - כללי",2026-05-31,65519999.99999999,סיגמא,,False,False,0.0079,0.0035,5176.08,0.004400000000000001,2882.8800000000006,0
5120738,מיטב (!) שקלי קונצרני עד 4 שנים (ללא הרשאה),חברות והמרה שקלי ללא מניות,,"אג""ח בארץ- חברות והמרה",2026-05-31,49370000.0,מיטב,,False,False,0.0062,0.0035,3060.94,0.0026999999999999997,1332.9899999999998,0
5120779,"הראל השקעות ת""א Large & Mid Cap (ללא הרשאה)",מניות Large & Mid Cap,,מניות בארץ,2026-05-31,70240000.0,הראל,,False,False,0.013999999999999999,0.0035,9833.599999999999,0.010499999999999999,7375.199999999999,0
5120795,אנליסט גמישה (ללא הרשאה),גמישות,,גמישות,2026-05-31,426990000.0,אנליסט,,False,False,0.019299999999999998,0.0035,82409.06999999999,0.015799999999999998,67464.42,0
5120811,אנליסט מניות (ללא הרשאה),מניות All Cap,,מניות בארץ,2026-05-31,476970000.0,אנליסט,,False,False,0.020499999999999997,0.0035,97778.84999999999,0.016999999999999998,81084.9,0
5120837,אנליסט תעשיות (ללא הרשאה),מניות לפי ענפים,,מניות בארץ,2026-05-31,152140000.0,אנליסט,,False,False,0.020499999999999997,0.0035,31188.699999999993,0.016999999999999998,25863.8,0
5120852,אנליסט כספית שקלית (ללא הרשאה),כספית שקלית עם קונצרני,,קרן כספית,2026-05-31,6672820000.0,אנליסט,,False,False,0.00169,0.001,112770.65800000001,0.0006900000000000001,46042.458000000006,1
5120886,מיטב סולידית (ללא הרשאה),"אג""ח כללי בארץ בדירוג גבוה בלבד (AA ומעלה ו/ או מדינה)",,"אג""ח בארץ - כללי",2026-05-31,520110000.0,מיטב,,False,False,0.0079,0.0035,41088.69,0.004400000000000001,22884.840000000007,0
5120894,"אנליסט אג""ח חברות + 30% (ללא הרשאה)",חברות והמרה עם מניות ללא סימן קריאה,,"אג""ח בארץ- חברות והמרה",2026-05-31,28520000.0,אנליסט,,False,False,0.019,0.0035,5418.799999999999,0.0155,4420.6,0
5120902,"מיטב עוקבת תיק 2 חו""ל הבנק הבינלאומי (ללא הרשאה)","אג""ח חשופת מט""ח",,"אג""ח בחו""ל",2026-05-31,81540000.0,מיטב,,False,False,0.0069,0.0035,5626.259999999999,0.0034,2772.36,0
5120910,"אנליסט אג""ח מדינה + 10% (ללא הרשאה)","אג""ח מדינה כללי- עד 10% מניות",,"אג""ח בארץ- מדינה",2026-05-31,31700000.0,אנליסט,,False,False,0.0059,0.0035,1870.3,0.0024,760.8,0
5120951,אזימוט 25/75 (ללא הרשאה),"אג""ח כללי בארץ- עד 25% מניות",,"אג""ח בארץ - כללי",2026-05-31,16680000.0,איילון,אזימוטליין,False,False,0.0075,0.0035,1251.0,0.004,667.2,0
5120977,"ילין לפידות מניות חו""ל (ללא הרשאה)","מניות כללי בחו""ל חשופת מט""ח",,"מניות בחו""ל",2026-05-31,489540000.0,ילין לפידות,,False,False,0.017,0.0035,83221.8,0.013500000000000002,66087.90000000001,0
5120993,"קסם אקטיב אג""ח חו""ל מנוטרלת מט""ח (ללא הרשאה)","אג""ח מוגנת מט""ח",,"אג""ח בחו""ל",2026-05-31,213060000.0,קסם,,False,False,0.0075,0.0035,15979.499999999998,0.004,8522.400000000001,0
5121025,קסם KTFי All-Bond ריבית משתנה שקלי (ללא הרשאה),"אג""ח בארץ כללי",,"אג""ח בארץ כללי",2026-05-31,17510000.0,קסם,,True,False,0.0034999999999999996,0.0,612.8499999999999,0.0034999999999999996,612.8499999999999,0
5121058,קסם אקטיב כספית דולר מגמת ריבית (ללא הרשאה),חשופת דולר,,קרן כספית,2026-05-31,155710000.0,קסם,,False,False,0.0019,0.001,2958.4900000000002,0.0009,1401.39,1
5121090,מור מדדית מדינה + 20% (ללא הרשאה),"אג""ח מדינה כללי- עד 20% מניות",,"אג""ח בארץ- מדינה",2026-05-31,441400000.0,מור,,False,False,0.006500000000000001,0.0035,28691.000000000004,0.0030000000000000005,13242.000000000002,0
5121132,קסם Bluestar Israel Global Technology KTF (ללא הרשאה),Technology,,"מניות בחו""ל",2026-05-31,17860000.0,קסם,,True,False,0.008,0.0,1428.8000000000002,0.008,1428.8000000000002,0
5121140,אנליסט כספית (ללא הרשאה),כספית שקלית עם קונצרני,,קרן כספית,2026-05-31,5548530000.0,אנליסט,,False,False,0.00215,0.001,119293.395,0.00115,63808.095,1
5121181,"ילין לפידות 10/90 תיק אג""ח חו""ל ומניות עד 30% מט""ח (ללא הרשאה)","אג""ח מוגנת מט""ח",,"אג""ח בחו""ל",2026-05-31,26080000.0,ילין לפידות,,False,False,0.006999999999999999,0.0035,1825.6,0.003499999999999999,912.7999999999997,0
5121207,"MTF מחקה iBoxx US Liquid Investment Grade Top 30 מנוטרלת מט""ח (ללא הרשאה)","חברות והמרה  מנוטרלת מט""ח",,"אג""ח בחו""ל",2026-05-31,439030000.0,מגדל,,True,False,0.0025,0.0,10975.75,0.0025,10975.75,0
5121223,קסם KTF (!) תל בונד תשואות שקל (ללא הרשאה),בריבית קבועה,,"אג""ח בארץ- חברות והמרה",2026-05-31,29050000.0,קסם,,True,False,0.0025,0.0,726.25,0.0025,726.25,0
5121249,"מור 10/90 תיק אג""ח חו""ל (ללא הרשאה)","אג""ח חשופת מט""ח",,"אג""ח בחו""ל",2026-05-31,181710000.0,מור,,False,False,0.0084,0.0035,15263.64,0.0049,8903.789999999999,0
5121272,מיטב מדינה (ללא הרשאה),"אג""ח מדינה כללי- ללא מניות",,"אג""ח בארץ- מדינה",2026-05-31,516110000.0,מיטב,,False,False,0.0069,0.0035,35611.59,0.0034,17547.74,0
5121306,"אלטשולר שחם מחקה SmartBeta משולבת ת""א Large Cap חודשי (ללא הרשאה)",מניות בארץ קרן משולבת,,מניות בארץ,2026-05-31,166380000.0,אלטשולר שחם,,True,False,0.008,0.0,13310.400000000001,0.008,13310.400000000001,0
5121322,"תכלית TTF משולבת סל מניות חו""ל חודשי (ללא הרשאה)","מניות בחו""ל קרן משולבת",,"מניות בחו""ל",2026-05-31,72180000.0,מיטב,,True,False,0.006999999999999999,0.0,5052.599999999999,0.006999999999999999,5052.599999999999,0
5121330,"קסם אקטיב ספיר תיק אג""ח ומניות חו""ל (ללא הרשאה)","אג""ח חשופת מט""ח",,"אג""ח בחו""ל",2026-05-31,107110000.0,קסם,,False,False,0.0075,0.0035,8033.249999999999,0.004,4284.400000000001,0
5121363,אלפי בנדק 20/80 (ללא הרשאה),"אג""ח כללי בארץ- עד 20% מניות",,"אג""ח בארץ - כללי",2026-05-31,46330000.0,הראל,אלפי בנדק,False,False,0.0079,0.0035,3660.0700000000006,0.004400000000000001,2038.5200000000007,0
5121405,MTF מחקה משולבת תל גוב-צמודות 2-5 (60%) קונצרני צמוד (40%) חודשי (ללא הרשאה),ללא מניות,,"אג""ח בארץ משולבת",2026-05-31,46130000.0,מגדל,,True,False,0.0039000000000000003,0.0,1799.07,0.0039000000000000003,1799.07,0
5121413,MTF מחקה משולבת ממשלתיות (60%) קונצרני ישראלי (40%) חודשי (ללא הרשאה),ללא מניות,,"אג""ח בארץ משולבת",2026-05-31,30350000.0,מגדל,,True,False,0.0039000000000000003,0.0,1183.65,0.0039000000000000003,1183.65,0
5121439,קסם אקטיב 20/80 (ללא הרשאה),"אג""ח כללי בארץ- עד 20% מניות",,"אג""ח בארץ - כללי",2026-05-31,784160000.0,קסם,,False,False,0.0079,0.0035,61948.64000000001,0.004400000000000001,34503.04000000001,0
5121470,"איביאי מחקה DAX מנוטרלת מט""ח (ללא הרשאה)",אירופה- שווקים מפותחים,,"מניות בחו""ל",2026-05-31,34600000.0,אי.בי.אי,,True,False,0.004,0.0,1384.0,0.004,1384.0,0
5121504,"MTF מחקה משולבת אג""ח ישראל (75%) מניות (25%) חודשי מנוטרלת מט""ח (ללא הרשאה)",עד 30% מניות,,"אג""ח בארץ משולבת",2026-05-31,17230000.0,מגדל,,True,False,0.0049,0.0,844.27,0.0049,844.27,0
5121587,מור 10/90 (ללא הרשאה),"אג""ח כללי בארץ- עד 10% מניות ללא סימן קריאה",,"אג""ח בארץ - כללי",2026-05-31,2348880000.0,מור,,False,False,0.0078000000000000005,0.0035,183212.63999999998,0.0043,101001.84000000001,0
5121686,MTF מחקה תל גוב-צמודות 2-5 (ללא הרשאה),צמודות מדד ממשלתיות - בינוני,,"אג""ח בארץ- מדינה",2026-05-31,177460000.0,מגדל,,True,False,0.0015,0.0,2661.9,0.0015,2661.9,0
5121694,"מיטב (!) 10/90 תיק אג""ח חו""ל עד 30% מט""ח (ללא הרשאה)","אג""ח מוגנת מט""ח",,"אג""ח בחו""ל",2026-05-31,1301550000.0,מיטב,,False,False,0.006500000000000001,0.0035,84600.75000000001,0.0030000000000000005,39046.50000000001,0
5121710,"ילין לפידות (!) אג""ח חו""ל נקוב $ (ללא הרשאה)","אג""ח נקובת מט""ח",,"אג""ח בחו""ל",2026-05-31,152370000.0,ילין לפידות,,False,False,0.0079,0.0035,12037.230000000001,0.004400000000000001,6704.280000000002,0
5121728,ילין לפידות 30/70 (ללא הרשאה),"אג""ח כללי בארץ- עד 30% מניות",,"אג""ח בארץ - כללי",2026-05-31,1422960000.0,ילין לפידות,,False,False,0.0079,0.0035,112413.84000000001,0.004400000000000001,62610.24000000002,0
5121736,"מיטב מניות חו""ל עד 30% מט""ח (ללא הרשאה)","מניות כללי בחו""ל מוגנת מט""ח",,"מניות בחו""ל",2026-05-31,194710000.0,מיטב,,False,False,0.0149,0.0035,29011.789999999997,0.0114,22196.940000000002,0
5121777,"אנליסט (!) אג""ח חו""ל ללא מניות מנוטרלת מט""ח (ללא הרשאה)","אג""ח מוגנת מט""ח",,"אג""ח בחו""ל",2026-05-31,53820000.0,אנליסט,,False,False,0.0079,0.0035,4251.780000000001,0.004400000000000001,2368.080000000001,0
5121801,"הראל מחקה משולבת אג''ח ישראל (75%) מניות ישראל-חול (25%) חודשי מנוטרלת מט""ח (ללא הרשאה)",עד 30% מניות,,"אג""ח בארץ משולבת",2026-05-31,116480000.0,הראל,,True,False,0.0,0.0,0.0,0.0,0.0,0
5121819,הראל מחקה משולבת ממשלתיות חודשי,"אג""ח מדינה משולבת - ללא מניות",,"אג""ח בארץ- מדינה",2026-05-31,21800000.0,הראל,,True,False,0.002,0.0,436.00000000000006,0.002,436.00000000000006,0
5121835,הראל מחקה תל בונד 60 צמודות (ללא הרשאה),בריבית קבועה,,"אג""ח בארץ- חברות והמרה",2026-05-31,644030000.0,הראל,,True,False,0.002,0.0,12880.6,0.002,12880.6,0
5121843,MTF מחקה STOXX Europe 600 (ללא הרשאה),אירופה- כללי,,"מניות בחו""ל",2026-05-31,49820000.0,מגדל,,True,False,0.002,0.0,996.4000000000001,0.002,996.4000000000001,0
5121868,סיגמא מניות דיבידנד אירופה (ללא הרשאה),"מניות גיאוגרפי אחר חשופת מט""ח",,"מניות בחו""ל",2026-05-31,46500000.0,סיגמא,,False,False,0.0169,0.0035,7858.499999999999,0.013399999999999999,6230.999999999999,0
5121892,"איביאי מחקה S&P Financial מנוטרלת מט""ח (ללא הרשאה)",Financial,,"מניות בחו""ל",2026-05-31,45810000.0,אי.בי.אי,,True,False,0.004,0.0,1832.4,0.004,1832.4,0
5121983,"MTF מחקה משולבת DAXי (50%) STOXX Europe 600י (50%) חודשי מנוטרלת מט""ח (ללא הרשאה)","מניות בחו""ל קרן משולבת",,"מניות בחו""ל",2026-05-31,11940000.0,מגדל,,True,False,0.005,0.0,597.0,0.005,597.0,0
5122031,קסם אקטיב מדינה שקלי עד שנתיים (ללא הרשאה),"אג""ח מדינה שקליות- ללא מניות",,"אג""ח בארץ- מדינה",2026-05-31,101890000.0,קסם,,False,False,0.0044,0.0035,4483.160000000001,0.0009000000000000002,917.0100000000002,0
5122056,קסם אקטיב ספיר 30/70 (ללא הרשאה),"אג""ח כללי בארץ- עד 30% מניות",,"אג""ח בארץ - כללי",2026-05-31,160510000.0,קסם,,False,False,0.0058,0.0035,9309.579999999998,0.0022999999999999995,3691.7299999999996,0
5122064,קסם אקטיב ספיר גמישה (ללא הרשאה),גמישות,,גמישות,2026-05-31,114460000.0,קסם,,False,False,0.002,0.0035,2289.2000000000003,-0.0015,-1716.9,0
5122080,"אלטשולר שחם ת""א 125 (ללא הרשאה)",מניות Large & Mid Cap,,מניות בארץ,2026-05-31,291000000.0,אלטשולר שחם,,False,False,0.015,0.0035,43649.99999999999,0.0115,33465.0,0
5122098,"מור מחקה NASDAQ 100 מנוטרלת מט""ח (ללא הרשאה)",אמריקה- שווקים מפותחים,,"מניות בחו""ל",2026-05-31,239830000.0,מור,,True,False,0.005,0.0,11991.5,0.005,11991.5,0
5122114,הראל לשם (ללא הרשאה),גמישות,,גמישות,2026-05-31,95450000.0,הראל,,False,False,0.002,0.0035,1909.0000000000002,-0.0015,-1431.75,0
5122122,אלטשולר שחם מחקה ממשלתי A.B SmartBeta (ללא הרשאה),"אג""ח מדינה - אחר",,"אג""ח בארץ- מדינה",2026-05-31,4179999.9999999995,אלטשולר שחם,,True,False,0.0045000000000000005,0.0,188.1,0.0045000000000000005,188.1,0
5122163,"MTF מחקה STOXX Europe 600 מנוטרלת מט""ח (ללא הרשאה)",אירופה- כללי,,"מניות בחו""ל",2026-05-31,126840000.0,מגדל,,True,False,0.0,0.0,0.0,0.0,0.0,0
5122221,ילין לפידות קונצרני + 10% (ללא הרשאה),חברות והמרה עם מניות ללא סימן קריאה,,"אג""ח בארץ- חברות והמרה",2026-05-31,513659999.99999994,ילין לפידות,,False,False,0.0079,0.0035,40579.14,0.004400000000000001,22601.040000000005,0
5122239,ילין לפידות 20/80 צמיחה (ללא הרשאה),"אג""ח כללי בארץ- עד 20% מניות",,"אג""ח בארץ - כללי",2026-05-31,600540000.0,ילין לפידות,,False,False,0.0084,0.0035,50445.36,0.0049,29426.46,0
5122247,גביש 20/80 (ללא הרשאה),"אג""ח כללי בארץ- עד 20% מניות",,"אג""ח בארץ - כללי",2026-05-31,69960000.0,סיגמא,גביש פיננסים,False,False,0.0079,0.0035,5526.840000000001,0.004400000000000001,3078.2400000000007,0
5122262,MTF מחקה תל בונד 60 צמודות (ללא הרשאה),בריבית קבועה,,"אג""ח בארץ- חברות והמרה",2026-05-31,321940000.0,מגדל,,True,False,0.0025,0.0,8048.5,0.0025,8048.5,0
5122288,"MTF מחקה משולבת ת""א 125 (70%) ת""א בנקים 5 (30%) חודשי (ללא הרשאה)",מניות בארץ קרן משולבת,,מניות בארץ,2026-05-31,476510000.0,מגדל,,True,False,0.005,0.0,23825.5,0.005,23825.5,0
5122304,מגדל תיק 20/80 (ללא הרשאה),"אג""ח כללי בארץ- עד 20% מניות",,"אג""ח בארץ - כללי",2026-05-31,667580000.0,מגדל,,False,False,0.0085,0.0035,56744.3,0.005000000000000001,33379.00000000001,0
5122320,MTF מחקה (!) תל בונד תשואות שקל (ללא הרשאה),בריבית קבועה,,"אג""ח בארץ- חברות והמרה",2026-05-31,54670000.0,מגדל,,True,False,0.0015,0.0,820.0500000000001,0.0015,820.0500000000001,0
5122338,"קסם אקטיב ת""א Large & Mid Cap (ללא הרשאה)",מניות Large & Mid Cap,,מניות בארץ,2026-05-31,251490000.0,קסם,,False,False,0.0124,0.0035,31184.760000000002,0.0089,22382.609999999997,0
5122379,מגדל תיק השקעות 10/90 (ללא הרשאה),"אג""ח כללי בארץ- עד 10% מניות ללא סימן קריאה",,"אג""ח בארץ - כללי",2026-05-31,457080000.0,מגדל,,False,False,0.0077,0.0035,35195.16,0.004200000000000001,19197.36,0
5122395,מור מחקה (!) תל בונד תשואות שקל (ללא הרשאה),בריבית קבועה,,"אג""ח בארץ- חברות והמרה",2026-05-31,40310000.0,מור,,True,False,0.002,0.0,806.2,0.002,806.2,0
5122411,"קבין מניות חו""ל (ללא הרשאה)","מניות כללי בחו""ל חשופת מט""ח",,"מניות בחו""ל",2026-05-31,87260000.0,איילון,קבין,False,False,0.017,0.0035,14834.2,0.013500000000000002,11780.100000000002,0
5122460,אי בי אי מחקה אינדקס A מאוזן (ללא הרשאה),"אג""ח חברות שקלי וצמוד",,"אג""ח בארץ- חברות והמרה",2026-05-31,216820000.0,אי.בי.אי,,True,False,0.003,0.0,6504.6,0.003,6504.6,0
5122478,אי בי אי מחקה אינדקס AA ומעלה מאוזן (ללא הרשאה),"אג""ח חברות שקלי וצמוד",,"אג""ח בארץ- חברות והמרה",2026-05-31,426080000.0,אי.בי.אי,,True,False,0.003,0.0,12782.4,0.003,12782.4,0
5122494,איביאי 20/80 (ללא הרשאה),"אג""ח כללי בארץ- עד 20% מניות",,"אג""ח בארץ - כללי",2026-05-31,278180000.0,אי.בי.אי,,False,False,0.0079,0.0035,21976.22,0.004400000000000001,12239.920000000004,0
5122502,איביאי 30/70 (ללא הרשאה),"אג""ח כללי בארץ- עד 30% מניות",,"אג""ח בארץ - כללי",2026-05-31,1093150000.0,אי.בי.אי,,False,False,0.0089,0.0035,97290.34999999999,0.0054,59030.100000000006,0
5122510,"הראל מחקה ת""א 125 (ללא הרשאה)",Large & Mid Cap,,מניות בארץ,2026-05-31,1908200000.0,הראל,,True,False,0.0,0.0,0.0,0.0,0.0,0
5122536,אלפא טק אירופה E.S.G (ללא הרשאה),"מניות גיאוגרפי אחר חשופת מט""ח",,"מניות בחו""ל",2026-05-31,26250000.0,הראל,אלפא טק,False,False,0.0098,0.0035,2572.5,0.0063,1653.75,0
5122551,הראל מחקה All-Bond ריבית משתנה שקלי (ללא הרשאה),בריבית  משתנה,,"אג""ח בארץ- חברות והמרה",2026-05-31,16670000.000000002,הראל,,True,False,0.002,0.0,333.4000000000001,0.002,333.4000000000001,0
5122569,MTF מחקה MSCI World (ללא הרשאה),גלובלי- שווקים מפותחים,,"מניות בחו""ל",2026-05-31,592750000.0,מגדל,,True,False,0.0025,0.0,14818.75,0.0025,14818.75,0
5122593,אזימוט 18/82 חי דיבידנד (ללא הרשאה),"אג""ח כללי בארץ- עד 20% מניות",,"אג""ח בארץ - כללי",2026-05-31,33060000.000000004,איילון,אזימוטליין,False,False,0.0095,0.0035,3140.7000000000003,0.006,1983.6000000000004,0
5122601,מיטב 20/80 (ללא הרשאה),"אג""ח כללי בארץ- עד 20% מניות",,"אג""ח בארץ - כללי",2026-05-31,1042940000.0,מיטב,,False,False,0.0084,0.0035,87606.95999999999,0.0049,51104.06,0
5122619,מיטב מדינה צמודה (ללא הרשאה),"אג""ח מדינה צמוד מדד- ללא מניות",,"אג""ח בארץ- מדינה",2026-05-31,218130000.0,מיטב,,False,False,0.0064,0.0035,13960.32,0.0029000000000000002,6325.77,0
5122627,MTF מחקה S&P 500 (ללא הרשאה),אמריקה- שווקים מפותחים,,"מניות בחו""ל",2026-05-31,1957540000.0,מגדל,,True,False,0.0,0.0,0.0,0.0,0.0,0
5122635,MTF מחקה (!) תל בונד תשואות צמודות (ללא הרשאה),בריבית קבועה,,"אג""ח בארץ- חברות והמרה",2026-05-31,206070000.0,מגדל,,True,False,0.002,0.0,4121.400000000001,0.002,4121.400000000001,0
5122668,"קסם אקטיב ארה""ב מנוטרלת מט""ח (ללא הרשאה)","מניות גיאוגרפי מוגנת מט""ח",,"מניות בחו""ל",2026-05-31,71140000.0,קסם,,False,False,0.012,0.0035,8536.800000000001,0.0085,6046.900000000001,0
5122676,ברק אסטרטגיות (ללא הרשאה),ממונפות בסיכון גבוה,,ממונפות ואסטרטגיות,2026-05-31,17590000.0,ברק,,False,False,0.038,0.0035,6684.2,0.034499999999999996,6068.549999999999,0
5122692,איביאי מחקה Solactive US REIT (ללא הרשאה),REIT - Real Estate,,"מניות בחו""ל",2026-05-31,11320000.0,אי.בי.אי,,True,False,0.008,0.0,905.6,0.008,905.6,0
5122718,מור סולידית (ללא הרשאה),"אג""ח כללי בארץ בדירוג גבוה בלבד (AA ומעלה ו/ או מדינה)",,"אג""ח בארץ - כללי",2026-05-31,177190000.0,מור,,False,False,0.0063,0.0035,11162.97,0.0028,4961.32,0
5122726,מור 20/80 (ללא הרשאה),"אג""ח כללי בארץ- עד 20% מניות",,"אג""ח בארץ - כללי",2026-05-31,1106030000.0,מור,,False,False,0.0083,0.0035,91800.48999999999,0.0048000000000000004,53089.44,0
5122791,איילון עוקבת תיק מס' 2 הבנק הבינלאומי (ללא הרשאה),"אג""ח כללי בארץ- עד 15% מניות",,"אג""ח בארץ - כללי",2026-05-31,62190000.0,איילון,,False,False,0.0069,0.0035,4291.11,0.0034,2114.46,0
5122809,טרגט מניות אירופה (ללא הרשאה),"מניות גיאוגרפי אחר חשופת מט""ח",,"מניות בחו""ל",2026-05-31,7620000.0,איילון,טרגט,False,False,0.0159,0.0035,1211.5800000000002,0.012400000000000001,944.88,0
5122817,"מור תיק אג""ח + 15% (ללא הרשאה)","אג""ח כללי בארץ- עד 15% מניות",,"אג""ח בארץ - כללי",2026-05-31,417340000.0,מור,,False,False,0.0077,0.0035,32135.18,0.004200000000000001,17528.280000000002,0
5122825,אלטשולר שחם 30-70 (ללא הרשאה),"אג""ח כללי בארץ- עד 30% מניות",,"אג""ח בארץ - כללי",2026-05-31,104260000.0,אלטשולר שחם,,False,False,0.008,0.0035,8340.800000000001,0.0045000000000000005,4691.700000000001,0
5122841,MTF מחקה משולבת שקליות ממשלתיות (50%) מדדיות ממשלתיות (50%) חודשי (ללא הרשאה),"אג""ח מדינה משולבת - ללא מניות",,"אג""ח בארץ- מדינה",2026-05-31,66510000.00000001,מגדל,,True,False,0.0025,0.0,1662.7500000000002,0.0025,1662.7500000000002,0
5122890,"איביאי מחקה משולבת Staplesי (50%) S&P Discretionaryי (50%) חודשי מנוטרלת מט""ח (ללא הרשאה)","מניות בחו""ל קרן משולבת",,"מניות בחו""ל",2026-05-31,12260000.0,אי.בי.אי,,True,False,0.005,0.0,613.0,0.005,613.0,0
5122908,מור מחקה S&P Health Care (ללא הרשאה),Health Care,,"מניות בחו""ל",2026-05-31,27470000.0,מור,,True,False,0.005,0.0,1373.5,0.005,1373.5,0
5122924,MTF מחקה S&P 500 Dividend Aristocrats (ללא הרשאה),אמריקה- שווקים מפותחים,,"מניות בחו""ל",2026-05-31,33259999.999999996,מגדל,,True,False,0.006,0.0,1995.6,0.006,1995.6,0
5122932,"הראל אג""ח ממשלתיות (ללא הרשאה)","אג""ח מדינה כללי- ללא מניות",,"אג""ח בארץ- מדינה",2026-05-31,23130000.0,הראל,,False,False,0.0043,0.0035,994.59,0.0007999999999999999,185.04,0
5122940,קסם STOXX Europe 600 KTF מנוטרלת אירו (ללא הרשאה),אירופה- כללי,,"מניות בחו""ל",2026-05-31,103080000.0,קסם,,True,False,0.0025,0.0,2577.0,0.0025,2577.0,0
5122957,"קסם S&P 500 KTF מנוטרלת מט""ח (ללא הרשאה)",אמריקה- שווקים מפותחים,,"מניות בחו""ל",2026-05-31,2931380000.0,קסם,,True,False,0.0,0.0,0.0,0.0,0.0,0
5122965,"קסם KTF משולבת (S&P 500 (70%) Nasdaq (30% חודשי מנוטרלת מט""ח (ללא הרשאה)","מניות בחו""ל קרן משולבת",,"מניות בחו""ל",2026-05-31,134480000.0,קסם,,True,False,0.006999999999999999,0.0,9413.599999999999,0.006999999999999999,9413.599999999999,0
5122973,MTF מחקה תל גוב-שקלי 2-5 (ללא הרשאה),ריבית קבועה  - בינוני,,"אג""ח בארץ- מדינה",2026-05-31,201410000.0,מגדל,,True,False,0.0015,0.0,3021.15,0.0015,3021.15,0
5123005,"ילין לפידות תיק אג""ח LV (ללא הרשאה)","אג""ח כללי בארץ ללא מניות וללא סימן קריאה, עם מגבלת מח""מ עד 5 שנים",,"אג""ח בארץ - כללי",2026-05-31,112450000.0,ילין לפידות,,False,False,0.005,0.0035,5622.5,0.0015,1686.75,0
5123021,"מור מחקה S&P 500 מנוטרלת מט""ח (ללא הרשאה)",אמריקה- שווקים מפותחים,,"מניות בחו""ל",2026-05-31,300090000.0,מור,,True,False,0.0,0.0,0.0,0.0,0.0,0
5123039,MTF מחקה תל בונד 20 צמודות (ללא הרשאה),בריבית קבועה,,"אג""ח בארץ- חברות והמרה",2026-05-31,413300000.0,מגדל,,True,False,0.0025,0.0,10332.5,0.0025,10332.5,0
5123096,סיגמא 30/70 (ללא הרשאה),"אג""ח כללי בארץ- עד 30% מניות",,"אג""ח בארץ - כללי",2026-05-31,1318050000.0,סיגמא,,False,False,0.0079,0.0035,104125.95000000001,0.004400000000000001,57994.20000000002,0
5123104,"הראל מחקה אינדקס קונצרני מאוזן מח""מ 2-4 (ללא הרשאה)","אג""ח חברות שקלי וצמוד",,"אג""ח בארץ- חברות והמרה",2026-05-31,37130000.0,הראל,,True,False,0.002,0.0,742.6,0.002,742.6,0
5123112,הראל מחקה אינדקס קונצרני צמוד A (ללא הרשאה),בריבית קבועה,,"אג""ח בארץ- חברות והמרה",2026-05-31,113180000.0,הראל,,True,False,0.0034999999999999996,0.0,3961.2999999999997,0.0034999999999999996,3961.2999999999997,0
5123120,מיטב מדינה שקלי עד 4 שנים (ללא הרשאה),"אג""ח מדינה שקליות- ללא מניות",,"אג""ח בארץ- מדינה",2026-05-31,167930000.0,מיטב,,False,False,0.0049,0.0035,8228.57,0.0013999999999999998,2351.0199999999995,0
5123138,"מיטב אג""ח (ללא הרשאה)","אג""ח כללי בארץ ללא מניות וללא סימן קריאה",,"אג""ח בארץ - כללי",2026-05-31,575260000.0,מיטב,,False,False,0.0069,0.0035,39692.939999999995,0.0034,19558.84,0
5123146,מיטב קונצרני שקלי פלוס (ללא הרשאה),חברות והמרה שקלי עם מניות,,"אג""ח בארץ- חברות והמרה",2026-05-31,163870000.0,מיטב,,False,False,0.0069,0.0035,11307.029999999999,0.0034,5571.58,0
5123153,תכלית STOXX Europe 600 TTF מנוטרלת אירו (ללא הרשאה),אירופה- כללי,,"מניות בחו""ל",2026-05-31,199810000.0,מיטב,,True,False,0.0025,0.0,4995.25,0.0025,4995.25,0
5123161,"תכלית S&P 500 TTF מנוטרלת מט""ח (ללא הרשאה)",אמריקה- שווקים מפותחים,,"מניות בחו""ל",2026-05-31,2055530000.0000002,מיטב,,True,False,0.0,0.0,0.0,0.0,0.0,0
5123179,"תכלית NASDAQ 100 TTF מנוטרלת מט""ח (ללא הרשאה)",אמריקה- שווקים מפותחים,,"מניות בחו""ל",2026-05-31,1071839999.9999999,מיטב,,True,False,0.0,0.0,0.0,0.0,0.0,0
5123211,קסם אקטיב זהב וכרייה (ללא הרשאה),"מניות לפי ענפים בחו""ל",,"מניות בחו""ל",2026-05-31,109140000.0,קסם,,False,False,0.019,0.0035,20736.6,0.0155,16916.7,0
5123237,"סיגמא אג""ח מדינה + 10% (ללא הרשאה)","אג""ח מדינה כללי- עד 10% מניות",,"אג""ח בארץ- מדינה",2026-05-31,504980000.0,סיגמא,,False,False,0.0067,0.0035,33833.66,0.0032,16159.359999999999,0
5123260,MTF מחקה אינדקס AA ומעלה שקלי (ללא הרשאה),בריבית קבועה,,"אג""ח בארץ- חברות והמרה",2026-05-31,265440000.0,מגדל,,True,False,0.0025,0.0,6636.0,0.0025,6636.0,0
5123278,MTF מחקה אינדקס AA ומעלה צמוד (ללא הרשאה),בריבית קבועה,,"אג""ח בארץ- חברות והמרה",2026-05-31,411460000.0,מגדל,,True,False,0.0025,0.0,10286.5,0.0025,10286.5,0
5123286,אילים 10/90 (ללא הרשאה),"אג""ח כללי בארץ- עד 10% מניות ללא סימן קריאה",,"אג""ח בארץ - כללי",2026-05-31,838350000.0,אילים,,False,False,0.0074,0.0035,62037.90000000001,0.0039000000000000003,32695.649999999998,0
5123294,"מור אג""ח ישראל - כשרה (ללא הרשאה)","אג""ח כללי בארץ ללא מניות וללא סימן קריאה",,"אג""ח בארץ - כללי",2026-05-31,240700000.0,מור,,False,False,0.0075,0.0035,18052.5,0.004,9628.0,0
5123302,ברומטר מניות גלובאלי (ללא הרשאה),"מניות כללי בחו""ל חשופת מט""ח",,"מניות בחו""ל",2026-05-31,162510000.0,איילון,ברומטר,False,False,0.0148,0.0035,24051.480000000003,0.011300000000000001,18363.63,0
5123328,דולפין 10/90 (ללא הרשאה),"אג""ח כללי בארץ- עד 10% מניות ללא סימן קריאה",,"אג""ח בארץ - כללי",2026-05-31,2285410000.0,איילון,דולפין 1 השקעות,False,False,0.0075,0.0035,171405.74999999997,0.004,91416.40000000001,0
5123336,דולפין מניות (ללא הרשאה),מניות All Cap,,מניות בארץ,2026-05-31,325090000.0,איילון,דולפין 1 השקעות,False,False,0.0178,0.0035,57866.02,0.0143,46487.87,0
5123344,MTF מחקה אינדקס A צמוד (ללא הרשאה),בריבית קבועה,,"אג""ח בארץ- חברות והמרה",2026-05-31,379830000.0,מגדל,,True,False,0.0025,0.0,9495.75,0.0025,9495.75,0
5123351,MTF מחקה (!) אינדקס HY-BBB כללי (ללא הרשאה),חברות והמרה בסיכון גבוה,,"אג""ח בארץ- חברות והמרה",2026-05-31,106180000.0,מגדל,,True,False,0.005,0.0,5309.0,0.005,5309.0,0
5123369,MTF מחקה אינדקס A שקלי (ללא הרשאה),בריבית קבועה,,"אג""ח בארץ- חברות והמרה",2026-05-31,203330000.0,מגדל,,True,False,0.0025,0.0,5083.25,0.0025,5083.25,0
5123393,MTF מחקה תל גוב-שקלי (ללא הרשאה),ריבית קבועה,,"אג""ח בארץ- מדינה",2026-05-31,74610000.0,מגדל,,True,False,0.0013,0.0,969.93,0.0013,969.93,0
5123419,מור מחקה S&P 500 Low Volatility High Dividend (ללא הרשאה),אמריקה- שווקים מפותחים,,"מניות בחו""ל",2026-05-31,14840000.0,מור,,True,False,0.005,0.0,742.0,0.005,742.0,0
5123443,"MTF מחקה S&P 500 Dividend Aristocrats מנוטרלת מט""ח (ללא הרשאה)",אמריקה- שווקים מפותחים,,"מניות בחו""ל",2026-05-31,25040000.0,מגדל,,True,False,0.006,0.0,1502.4,0.006,1502.4,0
5123468,"קסם אקטיב (!) אג""ח +10% (ללא הרשאה)","אג""ח כללי בארץ- עד 10% מניות ועם סימן קריאה",,"אג""ח בארץ - כללי",2026-05-31,114480000.0,קסם,,False,False,0.0069,0.0035,7899.12,0.0034,3892.32,0
5123476,"קסם אקטיב אג""ח מדינה ללא מניות (ללא הרשאה)","אג""ח מדינה כללי- ללא מניות",,"אג""ח בארץ- מדינה",2026-05-31,162580000.0,קסם,,False,False,0.0064,0.0035,10405.119999999999,0.0029000000000000002,4714.820000000001,0
5123518,MTF מחקה תל בונד צמודות (ללא הרשאה),בריבית קבועה,,"אג""ח בארץ- חברות והמרה",2026-05-31,119990000.0,מגדל,,True,False,0.0025,0.0,2999.75,0.0025,2999.75,0
5123542,FOREST סלקט 25/75 (ללא הרשאה),"אג""ח כללי בארץ- עד 25% מניות",,"אג""ח בארץ - כללי",2026-05-31,207840000.0,פורסט,,False,False,0.0089,0.0035,18497.76,0.0054,11223.36,0
5123559,הראל מחקה אינדקס קונצרני שקלי A (ללא הרשאה),בריבית קבועה,,"אג""ח בארץ- חברות והמרה",2026-05-31,47500000.0,הראל,,True,False,0.0025,0.0,1187.5,0.0025,1187.5,0
5123567,"MTF מחקה S&P Aerospace & Defense מנוטרלת מט""ח (ללא הרשאה)",Aerospace & Defense,,"מניות בחו""ל",2026-05-31,366590000.0,מגדל,,True,False,0.008,0.0,29327.2,0.008,29327.2,0
5123575,"MTF מחקה S&P 500 Low Volatility High Dividend מנוטרלת מט""ח (ללא הרשאה)",אמריקה- שווקים מפותחים,,"מניות בחו""ל",2026-05-31,16559999.999999998,מגדל,,True,False,0.005,0.0,828.0,0.005,828.0,0
5123609,דיאמונד גמישה (ללא הרשאה),גמישות,,גמישות,2026-05-31,273720000.0,איילון,דיאמונד,False,False,0.016399999999999998,0.0035,44890.079999999994,0.012899999999999998,35309.88,0
5123641,"MTF מחקה ת""א צמיחה (ללא הרשאה)",Small Cap,,מניות בארץ,2026-05-31,24750000.0,מגדל,,True,False,0.0025,0.0,618.75,0.0025,618.75,0
5123716,דולפין יתר (ללא הרשאה),מניות Small Cap,,מניות בארץ,2026-05-31,103310000.0,איילון,דולפין 1 השקעות,False,False,0.018500000000000003,0.0035,19112.350000000002,0.015000000000000003,15496.500000000004,0
5123724,"קסם אקטיב אג""ח חברות פלוס (ללא הרשאה)",חברות והמרה עם מניות ללא סימן קריאה,,"אג""ח בארץ- חברות והמרה",2026-05-31,136460000.0,קסם,,False,False,0.013000000000000001,0.0035,17739.800000000003,0.009500000000000001,12963.700000000003,0
5123740,מור מניות גלובלי (ללא הרשאה),"מניות כללי בחו""ל חשופת מט""ח",,"מניות בחו""ל",2026-05-31,487840000.0,מור,,False,False,0.018500000000000003,0.0035,90250.40000000001,0.015000000000000003,73176.00000000001,0
5123757,"ילין לפידות (!) אג""ח פוטנציאל חברות בסיכון גבוה (ללא הרשאה)",חברות והמרה בסיכון גבוה,,"אג""ח בארץ- חברות והמרה",2026-05-31,391450000.0,ילין לפידות,,False,False,0.0155,0.0035,60674.75,0.012,46974.0,0
5123799,מגדל גמישה (ללא הרשאה),גמישות,,גמישות,2026-05-31,40260000.0,מגדל,,False,False,0.0125,0.0035,5032.5,0.009000000000000001,3623.4,0
5123815,סלע מניות (ללא הרשאה),מניות All Cap,,מניות בארץ,2026-05-31,90700000.0,איילון,סלע בית השקעות,False,False,0.0149,0.0035,13514.3,0.0114,10339.800000000001,0
5123823,סלע 10/90 (ללא הרשאה),"אג""ח כללי בארץ- עד 10% מניות ללא סימן קריאה",,"אג""ח בארץ - כללי",2026-05-31,47040000.0,איילון,סלע בית השקעות,False,False,0.0075,0.0035,3527.9999999999995,0.004,1881.6000000000001,0
5123831,"סלע (!) אג""ח כללי ללא מניות (ללא הרשאה)","אג""ח כללי בארץ ללא מניות עם סימן קריאה",,"אג""ח בארץ - כללי",2026-05-31,42000000.0,איילון,סלע בית השקעות,False,False,0.0069,0.0035,2898.0,0.0034,1428.0,0
5123872,"מיטב אג""ח + 10% (ללא הרשאה)","אג""ח כללי בארץ- עד 10% מניות ללא סימן קריאה",,"אג""ח בארץ - כללי",2026-05-31,1070910000.0000001,מיטב,,False,False,0.0079,0.0035,84601.89000000001,0.004400000000000001,47120.040000000015,0
5123880,"מיטב אג""ח מדורגות ללא מניות (ללא הרשאה)",חברות והמרה ללא מניות וללא סימן קריאה,,"אג""ח בארץ- חברות והמרה",2026-05-31,414690000.0,מיטב,,False,False,0.0069,0.0035,28613.609999999997,0.0034,14099.46,0
5123898,מיטב כספית (ללא הרשאה),כספית שקלית עם קונצרני,,קרן כספית,2026-05-31,4667930000.0,מיטב,,False,False,0.0025,0.001,116698.25,0.0015,70018.95,1
5123930,"אי בי אי מחקה (!) אינדקס אג""ח עם רכיב בטוחה (ללא הרשאה)","אג""ח חברות שקלי וצמוד",,"אג""ח בארץ- חברות והמרה",2026-05-31,156130000.0,אי.בי.אי,,True,False,0.005,0.0,7806.5,0.005,7806.5,0
5123948,"מיטב (!) אג""ח קונצרני (ללא הרשאה)",חברות והמרה ללא מניות עם סימן קריאה,,"אג""ח בארץ- חברות והמרה",2026-05-31,221870000.0,מיטב,,False,False,0.0079,0.0035,17527.730000000003,0.004400000000000001,9762.280000000002,0
5123955,"מיטב אג""ח ישראל סולידית (ללא הרשאה)","אג""ח כללי בארץ בדירוג גבוה בלבד (AA ומעלה ו/ או מדינה)",,"אג""ח בארץ - כללי",2026-05-31,672600000.0,מיטב,,False,False,0.0069,0.0035,46409.399999999994,0.0034,22868.4,0
5123963,ילין לפידות תיק השקעות עד 50% (ללא הרשאה),"אג""ח כללי בארץ - חשיפה מרבית מעל 30% מניות",,"אג""ח בארץ - כללי",2026-05-31,381970000.0,ילין לפידות,,False,False,0.009300000000000001,0.0035,35523.21000000001,0.005800000000000001,22154.260000000006,0
5123971,"ילין לפידות (!) אג""ח חברות חו""ל עד 30% מט""ח (ללא הרשאה)","אג""ח מוגנת מט""ח",,"אג""ח בחו""ל",2026-05-31,62270000.0,ילין לפידות,,False,False,0.0069,0.0035,4296.63,0.0034,2117.18,0
5123997,מור מחקה S&P Financial (ללא הרשאה),Financial,,"מניות בחו""ל",2026-05-31,13060000.0,מור,,True,False,0.0015,0.0,195.9,0.0015,195.9,0
5124003,"אלטשולר שחם מחקה אירופה A.B SmartBeta מנוטרלת מט""ח (ללא הרשאה)",אירופה- כללי,,"מניות בחו""ל",2026-05-31,66760000.00000001,אלטשולר שחם,,True,False,0.008,0.0,5340.800000000001,0.008,5340.800000000001,0
5124045,"סיגמא (!) אג""ח דולר בינלאומי (ללא הרשאה)","אג""ח חשופת דולר",,"אג""ח בחו""ל",2026-05-31,65519999.99999999,סיגמא,,False,False,0.0079,0.0035,5176.08,0.004400000000000001,2882.8800000000006,0
5124060,סיגמא 25/75 (ללא הרשאה),"אג""ח כללי בארץ- עד 25% מניות",,"אג""ח בארץ - כללי",2026-05-31,51900000.0,סיגמא,,False,False,0.0059,0.0035,3062.1,0.0024,1245.6,0
5124144,אלטשולר שחם מניות ישראל SmartBeta (ללא הרשאה),מניות All Cap,,מניות בארץ,2026-05-31,51070000.0,אלטשולר שחם,,False,False,0.0195,0.0035,9958.65,0.016,8171.200000000001,0
5124201,אלטשולר שחם גמישה (ללא הרשאה),גמישות,,גמישות,2026-05-31,61780000.0,אלטשולר שחם,,False,False,0.015,0.0035,9267.0,0.0115,7104.7,0
5124268,אושן יצירה גלובל אקוויטי (ללא הרשאה),"מניות כללי בחו""ל חשופת מט""ח",,"מניות בחו""ל",2026-05-31,45220000.0,סיגמא,אושן פרטנרס,False,False,0.018500000000000003,0.0035,8365.7,0.015000000000000003,6783.000000000002,0
5124284,איביאי מחקה Russell 2000 (ללא הרשאה),אמריקה- שווקים מפותחים,,"מניות בחו""ל",2026-05-31,79820000.0,אי.בי.אי,,True,False,0.004,0.0,3192.8,0.004,3192.8,0
5124292,קסם אקטיב אנרגיה (ללא הרשאה),מניות לפי ענפים,,מניות בארץ,2026-05-31,16450000.0,קסם,,False,False,0.0279,0.0035,4589.55,0.0244,4013.8,0
5124300,"מור נדל""ן (ללא הרשאה)",מניות לפי ענפים,,מניות בארץ,2026-05-31,332980000.0,מור,,False,False,0.0132,0.0035,43953.36,0.0097,32299.06,0
5124326,מור יתר (ללא הרשאה),מניות Small Cap,,מניות בארץ,2026-05-31,306650000.0,מור,,False,False,0.022000000000000002,0.0035,67463.00000000001,0.018500000000000003,56730.25000000001,0
5124342,"מור (!) הזדמנויות אג""ח קונצרני (ללא הרשאה)",חברות והמרה עם מניות ועם סימן קריאה,,"אג""ח בארץ- חברות והמרה",2026-05-31,1494860000.0,מור,,False,False,0.0118,0.0035,176393.47999999998,0.0083,124073.37999999999,0
5124409,תכלית TTF (!) אינדקס HY-BBB כללי (ללא הרשאה),חברות והמרה בסיכון גבוה,,"אג""ח בארץ- חברות והמרה",2026-05-31,20800000.0,מיטב,,True,False,0.005,0.0,1040.0,0.005,1040.0,0
5124417,תכלית TTF אינדקס מדורג 5+ מאוזן (ללא הרשאה),"אג""ח חברות שקלי וצמוד",,"אג""ח בארץ- חברות והמרה",2026-05-31,81350000.0,מיטב,,True,False,0.002,0.0,1627.0000000000002,0.002,1627.0000000000002,0
5124425,תכלית TTF אינדקס מדורג 2-5 מאוזן (ללא הרשאה),"אג""ח חברות שקלי וצמוד",,"אג""ח בארץ- חברות והמרה",2026-05-31,85040000.0,מיטב,,True,False,0.002,0.0,1700.8000000000002,0.002,1700.8000000000002,0
5124466,קסם אקטיב (!) ישראל 10/90 (ללא הרשאה),"אג""ח כללי בארץ- עד 10% מניות ועם סימן קריאה",,"אג""ח בארץ - כללי",2026-05-31,105750000.0,קסם,,False,False,0.0074,0.0035,7825.500000000001,0.0039000000000000003,4124.25,0
5124482,קסם S&P 500 KTF (ללא הרשאה),אמריקה- שווקים מפותחים,,"מניות בחו""ל",2026-05-31,3816120000.0,קסם,,True,False,0.0,0.0,0.0,0.0,0.0,0
5124490,"קסם KTF ת""א 35 (ללא הרשאה)",Large Cap,,מניות בארץ,2026-05-31,777220000.0,קסם,,True,False,0.001,0.0,7772.200000000001,0.001,7772.200000000001,0
5124508,"קסם KTF ת""א 90 (ללא הרשאה)",Mid Cap,,מניות בארץ,2026-05-31,489090000.0,קסם,,True,False,0.004,0.0,19563.600000000002,0.004,19563.600000000002,0
5124516,"קסם NASDAQ 100 KTF מנוטרלת מט""ח (ללא הרשאה)",אמריקה- שווקים מפותחים,,"מניות בחו""ל",2026-05-31,920140000.0,קסם,,True,False,0.0,0.0,0.0,0.0,0.0,0
5124532,תכלית NASDAQ 100 TTF (ללא הרשאה),אמריקה- שווקים מפותחים,,"מניות בחו""ל",2026-05-31,297920000.0,מיטב,,True,False,0.003,0.0,8937.6,0.003,8937.6,0
5124557,תכלית DAX TTF (ללא הרשאה),אירופה- שווקים מפותחים,,"מניות בחו""ל",2026-05-31,63970000.0,מיטב,,True,False,0.0,0.0,0.0,0.0,0.0,0
5124573,תכלית MSCI WORLD TTF (ללא הרשאה),גלובלי- שווקים מפותחים,,"מניות בחו""ל",2026-05-31,355220000.0,מיטב,,True,False,0.0031,0.0,11011.82,0.0031,11011.82,0
5124581,תכלית DJ Industrial Average TTF (ללא הרשאה),אמריקה- שווקים מפותחים,,"מניות בחו""ל",2026-05-31,84640000.0,מיטב,,True,False,0.005,0.0,4232.0,0.005,4232.0,0
5124615,אלטשולר שחם 50-50 (ללא הרשאה),"אג""ח כללי בארץ - חשיפה מרבית מעל 30% מניות",,"אג""ח בארץ - כללי",2026-05-31,53520000.0,אלטשולר שחם,,False,False,0.009000000000000001,0.0035,4816.8,0.005500000000000001,2943.600000000001,0
5124672,הראל תיק השקעות עד 50% (ללא הרשאה),"אג""ח כללי בארץ - חשיפה מרבית מעל 30% מניות",,"אג""ח בארץ - כללי",2026-05-31,43500000.0,הראל,,False,False,0.0077,0.0035,3349.5,0.004200000000000001,1827.0000000000002,0
5124698,"הראל תיק אג""ח סולידי עד שלוש שנים (ללא הרשאה)","אג""ח כללי בארץ בדירוג גבוה בלבד (AA ומעלה ו/ או מדינה)",,"אג""ח בארץ - כללי",2026-05-31,179260000.0,הראל,,False,False,0.0049,0.0035,8783.74,0.0013999999999999998,2509.64,0
5124706,הראל (!) קונצרני דולרי ללא מניות (ללא הרשאה),חברות והמרה ללא מניות עם סימן קריאה,,"אג""ח בארץ- חברות והמרה",2026-05-31,13730000.0,הראל,,False,False,0.0072,0.0035,988.5600000000001,0.0036999999999999997,508.01,0
5124730,MTF מחקה Russell 1000 Growth (ללא הרשאה),אמריקה- שווקים מפותחים,,"מניות בחו""ל",2026-05-31,70200000.0,מגדל,,True,False,0.006,0.0,4212.0,0.006,4212.0,0
5124755,"איביאי מחקה Solactive ת""א 125 Low Volatility High Dividends (ללא הרשאה)",Large & Mid Cap,,מניות בארץ,2026-05-31,43650000.0,אי.בי.אי,,True,False,0.008,0.0,3492.0000000000005,0.008,3492.0000000000005,0
5124763,איילון תיק 20/80 (ללא הרשאה),"אג""ח כללי בארץ- עד 20% מניות",,"אג""ח בארץ - כללי",2026-05-31,23250000.0,איילון,,False,False,0.0075,0.0035,1743.7499999999998,0.004,930.0000000000001,0
5124805,מור תיק השקעות 50% (ללא הרשאה),"אג""ח כללי בארץ - חשיפה מרבית מעל 30% מניות",,"אג""ח בארץ - כללי",2026-05-31,958740000.0,מור,,False,False,0.0089,0.0035,85327.86,0.0054,51771.96000000001,0
5124862,מגדל תיק 50/50 (ללא הרשאה),"אג""ח כללי בארץ - חשיפה מרבית מעל 30% מניות",,"אג""ח בארץ - כללי",2026-05-31,106990000.0,מגדל,,False,False,0.0079,0.0035,8452.210000000001,0.004400000000000001,4707.560000000001,0
5124888,פרופאונד 10/90 (ללא הרשאה),"אג""ח כללי בארץ- עד 10% מניות ללא סימן קריאה",,"אג""ח בארץ - כללי",2026-05-31,84500000.0,איילון,פרופאונד,False,False,0.0079,0.0035,6675.500000000001,0.004400000000000001,3718.000000000001,0
5124912,הראל מחקה אינדקס לפדיון 2028 (מתגלגל כל 6 שנים) (ללא הרשאה),"אג""ח חברות שקלי וצמוד",,"אג""ח בארץ- חברות והמרה",2026-05-31,175470000.0,הראל,,True,False,0.0024,0.0,4211.28,0.0024,4211.28,0
5124938,מיטב מניות LONG RUN (ללא הרשאה),מניות All Cap,,מניות בארץ,2026-05-31,411980000.0,מיטב,,False,False,0.008,0.0035,32958.4,0.0045000000000000005,18539.100000000002,0
5124979,ברומטר מניות (ללא הרשאה),מניות All Cap,,מניות בארץ,2026-05-31,224390000.0,איילון,ברומטר,False,False,0.0148,0.0035,33209.72,0.011300000000000001,25356.070000000003,0
5124995,פורטה השקעות (ללא הרשאה),גמישות,,גמישות,2026-05-31,256620000.0,סיגמא,פורטה,False,False,0.015,0.0035,38493.0,0.0115,29511.3,0
5125000,פורטה 20/80 (ללא הרשאה),"אג""ח כללי בארץ- עד 20% מניות",,"אג""ח בארץ - כללי",2026-05-31,327700000.0,סיגמא,פורטה,False,False,0.0085,0.0035,27854.500000000004,0.005000000000000001,16385.000000000004,0
5125018,פורטה מניות ישראל (ללא הרשאה),מניות All Cap,,מניות בארץ,2026-05-31,610400000.0,סיגמא,פורטה,False,False,0.018000000000000002,0.0035,109872.0,0.014500000000000002,88508.00000000001,0
5125026,ילין לפידות 10/90 ערך (ללא הרשאה),"אג""ח כללי בארץ- עד 10% מניות ללא סימן קריאה",,"אג""ח בארץ - כללי",2026-05-31,285530000.0,ילין לפידות,,False,False,0.0079,0.0035,22556.870000000003,0.004400000000000001,12563.320000000003,0
5125042,ילין לפידות עוקבת תיק 3 הבנק הבינלאומי (ללא הרשאה),"אג""ח כללי בארץ- עד 30% מניות",,"אג""ח בארץ - כללי",2026-05-31,344250000.0,ילין לפידות,,False,False,0.0074,0.0035,25474.500000000004,0.0039000000000000003,13425.75,0
5125067,תכלית TTF אינדקס שקלי מדורג תקרת סדרה 500 מ' (ללא הרשאה),בריבית קבועה,,"אג""ח בארץ- חברות והמרה",2026-05-31,24220000.0,מיטב,,True,False,0.002,0.0,484.40000000000003,0.002,484.40000000000003,0
5125109,אנליסט פיזור רחב 20/80 (ללא הרשאה),"אג""ח כללי בארץ- עד 20% מניות",,"אג""ח בארץ - כללי",2026-05-31,85670000.0,אנליסט,,False,False,0.0074,0.0035,6339.580000000001,0.0039000000000000003,3341.13,0
5125133,איביאי מחקה (!) תל בונד גלובל שקלי (ללא הרשאה),בריבית קבועה,,"אג""ח בארץ- חברות והמרה",2026-05-31,23320000.0,אי.בי.אי,,True,False,0.0025,0.0,583.0,0.0025,583.0,0
5125158,"קסם DAX KTF מנוטרלת מט""ח (ללא הרשאה)",אירופה- שווקים מפותחים,,"מניות בחו""ל",2026-05-31,151130000.0,קסם,,True,False,0.0,0.0,0.0,0.0,0.0,0
5125166,"קסם DJ Industrial Average KTF מנוטרלת מט""ח (ללא הרשאה)",אמריקה- שווקים מפותחים,,"מניות בחו""ל",2026-05-31,124970000.0,קסם,,True,False,0.0025,0.0,3124.25,0.0025,3124.25,0
5125174,"קסם S&P Financial KTF מנוטרלת מט""ח (ללא הרשאה)",Financial,,"מניות בחו""ל",2026-05-31,61040000.0,קסם,,True,False,0.004,0.0,2441.6000000000004,0.004,2441.6000000000004,0
5125182,"קסם S&P Industrial KTF מנוטרלת מט""ח (ללא הרשאה)",Industrials,,"מניות בחו""ל",2026-05-31,124450000.0,קסם,,True,False,0.002,0.0,2489.0,0.002,2489.0,0
5125190,איביאי תיק השקעות 50/50 (ללא הרשאה),"אג""ח כללי בארץ - חשיפה מרבית מעל 30% מניות",,"אג""ח בארץ - כללי",2026-05-31,10660000.0,אי.בי.אי,,False,False,0.0085,0.0035,906.1,0.005000000000000001,533.0000000000001,0
5125208,אלפי בנדק 30/70 תיק ישראל (ללא הרשאה),"אג""ח כללי בארץ- עד 30% מניות",,"אג""ח בארץ - כללי",2026-05-31,225890000.0,הראל,אלפי בנדק,False,False,0.0079,0.0035,17845.31,0.004400000000000001,9939.160000000003,0
5125216,אלפי בנדק 10/90 (ללא הרשאה),"אג""ח כללי בארץ- עד 10% מניות ללא סימן קריאה",,"אג""ח בארץ - כללי",2026-05-31,29870000.0,הראל,אלפי בנדק,False,False,0.0076,0.0035,2270.1200000000003,0.0040999999999999995,1224.6699999999998,0
5125224,"אי בי אי מחקה אינדקס ת""א Mid Cap רווחיות (ללא הרשאה)",Mid Cap,,מניות בארץ,2026-05-31,226520000.0,אי.בי.אי,,True,False,0.005,0.0,11326.0,0.005,11326.0,0
5125257,מור מניות ערך (ללא הרשאה),מניות All Cap,,מניות בארץ,2026-05-31,1080460000.0,מור,,False,False,0.0159,0.0035,171793.14,0.012400000000000001,133977.04,0
5125265,FORESTי 10/90 (ללא הרשאה),"אג""ח כללי בארץ- עד 10% מניות ללא סימן קריאה",,"אג""ח בארץ - כללי",2026-05-31,1577910000.0,פורסט,,False,False,0.0079,0.0035,124654.89000000001,0.004400000000000001,69428.04000000002,0
5125281,הראל חושן (ללא הרשאה),"אג""ח כללי בארץ - חשיפה מרבית מעל 30% מניות",,"אג""ח בארץ - כללי",2026-05-31,55030000.0,הראל,,False,False,0.0034999999999999996,0.0035,1926.0499999999997,-4.336808689942018e-19,-2.3865458220750924e-13,0
5125323,תכלית TTF תל בונד שקלי 50 (ללא הרשאה),בריבית קבועה,,"אג""ח בארץ- חברות והמרה",2026-05-31,230900000.0,מיטב,,True,False,0.0025,0.0,5772.5,0.0025,5772.5,0
5125331,MTF מחקה תל בונד שקלי 3-5 (ללא הרשאה),בריבית קבועה - בינוני,,"אג""ח בארץ- חברות והמרה",2026-05-31,126190000.0,מגדל,,True,False,0.0,0.0,0.0,0.0,0.0,0
5125349,MTF מחקה תל בונד צמודות 5-15 (ללא הרשאה),בריבית קבועה - ארוך,,"אג""ח בארץ- חברות והמרה",2026-05-31,194980000.0,מגדל,,True,False,0.0,0.0,0.0,0.0,0.0,0
5125356,MTF מחקה תל בונד צמודות 3-5 (ללא הרשאה),בריבית קבועה - בינוני,,"אג""ח בארץ- חברות והמרה",2026-05-31,242780000.0,מגדל,,True,False,0.0025,0.0,6069.5,0.0025,6069.5,0
5125364,MTF מחקה תל בונד שקלי 5-15 (ללא הרשאה),בריבית קבועה - ארוך,,"אג""ח בארץ- חברות והמרה",2026-05-31,229010000.0,מגדל,,True,False,0.0,0.0,0.0,0.0,0.0,0
5125372,MTF מחקה תל בונד שקלי 1-3 (ללא הרשאה),בריבית קבועה - קצר,,"אג""ח בארץ- חברות והמרה",2026-05-31,187350000.0,מגדל,,True,False,0.0025,0.0,4683.75,0.0025,4683.75,0
5125380,קסם אקטיב גמישה FLEX (ללא הרשאה),גמישות,,גמישות,2026-05-31,123870000.0,קסם,,False,False,0.0146,0.0035,18085.02,0.0111,13749.57,0
5125406,"מגדל 10/90 תיק אג""ח סולידי (ללא הרשאה)","אג""ח כללי בארץ בדירוג גבוה (AA ומעלה ו/ או מדינה)- עד 10% מניות",,"אג""ח בארץ - כללי",2026-05-31,39380000.0,מגדל,,False,False,0.0069,0.0035,2717.22,0.0034,1338.92,0
5125414,מגדל 20/80 Buy Side (ללא הרשאה),"אג""ח כללי בארץ- עד 20% מניות",,"אג""ח בארץ - כללי",2026-05-31,107270000.0,מגדל,,False,False,0.0073,0.0035,7830.71,0.0038,4076.26,0
5125422,מגדל 30/70 Buy Side (ללא הרשאה),"אג""ח כללי בארץ- עד 30% מניות",,"אג""ח בארץ - כללי",2026-05-31,66810000.0,מגדל,,False,False,0.0079,0.0035,5277.990000000001,0.004400000000000001,2939.640000000001,0
5125430,"MTF מחקה Indxx US E-Commerce מנוטרלת מט""ח (ללא הרשאה)",e-Commerce,,"מניות בחו""ל",2026-05-31,236870000.0,מגדל,,True,False,0.008,0.0,18949.600000000002,0.008,18949.600000000002,0
5125448,ילין לפידות תיק ממשלתי + 10% (ללא הרשאה),"אג""ח מדינה כללי- עד 10% מניות",,"אג""ח בארץ- מדינה",2026-05-31,70670000.0,ילין לפידות,,False,False,0.0054,0.0035,3816.1800000000003,0.0019000000000000002,1342.73,0
5125455,"ילין לפידות תיק אג""ח סולידי (ללא הרשאה)","אג""ח כללי בארץ בדירוג גבוה בלבד (AA ומעלה ו/ או מדינה)",,"אג""ח בארץ - כללי",2026-05-31,68200000.0,ילין לפידות,,False,False,0.0064,0.0035,4364.8,0.0029000000000000002,1977.8000000000002,0
5125463,"פסטרנק שהם (!) אג""ח חברות ללא מניות (ללא הרשאה)",חברות והמרה ללא מניות עם סימן קריאה,,"אג""ח בארץ- חברות והמרה",2026-05-31,754270000.0,איילון,פסטרנק שהם,False,False,0.0085,0.0035,64112.950000000004,0.005000000000000001,37713.50000000001,0
5125562,"פורטה תיק אג""ח עד 10% (ללא הרשאה)","אג""ח כללי בארץ- עד 10% מניות ללא סימן קריאה",,"אג""ח בארץ - כללי",2026-05-31,310680000.0,סיגמא,פורטה,False,False,0.008,0.0035,24854.4,0.0045000000000000005,13980.6,0
5125570,"פורטה (!) אג""ח חברות (ללא הרשאה)",חברות והמרה עם מניות ועם סימן קריאה,,"אג""ח בארץ- חברות והמרה",2026-05-31,597270000.0,סיגמא,פורטה,False,False,0.01,0.0035,59727.0,0.006500000000000001,38822.55,0
5125604,קסם S&P Financial KTF (ללא הרשאה),Financial,,"מניות בחו""ל",2026-05-31,68700000.0,קסם,,True,False,0.0025,0.0,1717.5,0.0025,1717.5,0
5125612,קסם STOXX Europe 600 KTF (ללא הרשאה),אירופה- כללי,,"מניות בחו""ל",2026-05-31,90190000.0,קסם,,True,False,0.0025,0.0,2254.75,0.0025,2254.75,0
5125620,"קסם S&P Technology KTF מנוטרלת מט""ח (ללא הרשאה)",Technology,,"מניות בחו""ל",2026-05-31,326010000.0,קסם,,True,False,0.004,0.0,13040.400000000001,0.004,13040.400000000001,0
5125638,"קסם S&P Consumer Discretionary KTF מנוטרלת מט""ח (ללא הרשאה)",Consumer Discretionary,,"מניות בחו""ל",2026-05-31,89360000.0,קסם,,True,False,0.003,0.0,2680.8,0.003,2680.8,0
5125646,הראל אייל (ללא הרשאה),"אג""ח כללי בארץ- עד 30% מניות",,"אג""ח בארץ - כללי",2026-05-31,193050000.0,הראל,,False,False,0.0058,0.0035,11196.9,0.0022999999999999995,4440.15,0
5125653,"סיגמא אג""ח לפדיון עד 12/2027 (ללא הרשאה)","אג""ח כללי בארץ ללא מניות וללא סימן קריאה, עם מגבלת מח""מ עד 5 שנים",,"אג""ח בארץ - כללי",2026-05-31,99400000.0,סיגמא,,False,False,0.0059,0.0035,5864.599999999999,0.0024,2385.6,0
5125661,סיגמא 15/85 (ללא הרשאה),"אג""ח כללי בארץ- עד 15% מניות",,"אג""ח בארץ - כללי",2026-05-31,260130000.0,סיגמא,,False,False,0.0076,0.0035,19769.88,0.0040999999999999995,10665.329999999998,0
5125679,סיגמא גמישה (ללא הרשאה),גמישות,,גמישות,2026-05-31,499580000.0,סיגמא,,False,False,0.0125,0.0035,62447.5,0.009000000000000001,44962.200000000004,0
5125687,"מגדל (!) אג""ח Buy Side (ללא הרשאה)","אג""ח כללי בארץ ללא מניות עם סימן קריאה",,"אג""ח בארץ - כללי",2026-05-31,42900000.0,מגדל,,False,False,0.0059,0.0035,2531.1,0.0024,1029.6,0
5125695,"מגדל (!) אג""ח חברות Buy Sideי + 10% (ללא הרשאה)",חברות והמרה עם מניות ועם סימן קריאה,,"אג""ח בארץ- חברות והמרה",2026-05-31,539390000.0,מגדל,,False,False,0.0069,0.0035,37217.909999999996,0.0034,18339.26,0
5125703,MTF מחקה Bluestar Fintech מנוטרלת דולר (ללא הרשאה),Fintech,,"מניות בחו""ל",2026-05-31,17080000.0,מגדל,,True,False,0.008,0.0,1366.4,0.008,1366.4,0
5125729,אילים 30/70 (ללא הרשאה),"אג""ח כללי בארץ- עד 30% מניות",,"אג""ח בארץ - כללי",2026-05-31,601790000.0,אילים,,False,False,0.0069,0.0035,41523.509999999995,0.0034,20460.86,0
5125737,אילים עוקבת תיק 2 הבנק הבינלאומי (ללא הרשאה),"אג""ח כללי בארץ- עד 15% מניות",,"אג""ח בארץ - כללי",2026-05-31,186910000.0,אילים,,False,False,0.0078000000000000005,0.0035,14578.98,0.0043,8037.13,0
5125745,אילים עוקבת תיק 3 הבנק הבינלאומי (ללא הרשאה),"אג""ח כללי בארץ- עד 30% מניות",,"אג""ח בארץ - כללי",2026-05-31,82670000.0,אילים,,False,False,0.0078000000000000005,0.0035,6448.26,0.0043,3554.81,0
5125752,MTF מחקה Indxx Global Aerospace & Defense (ללא הרשאה),Aerospace & Defense,,"מניות בחו""ל",2026-05-31,1919130000.0,מגדל,,True,False,0.008,0.0,153530.40000000002,0.008,153530.40000000002,0
5125760,"MTF מחקה S&P Technology מנוטרלת מט""ח (ללא הרשאה)",Technology,,"מניות בחו""ל",2026-05-31,162070000.0,מגדל,,True,False,0.008,0.0,12965.6,0.008,12965.6,0
5125778,אילים 50/50 (ללא הרשאה),"אג""ח כללי בארץ - חשיפה מרבית מעל 30% מניות",,"אג""ח בארץ - כללי",2026-05-31,125180000.0,אילים,,False,False,0.0069,0.0035,8637.42,0.0034,4256.12,0
5125794,אילים 20/80 (ללא הרשאה),"אג""ח כללי בארץ- עד 20% מניות",,"אג""ח בארץ - כללי",2026-05-31,3173120000.0,אילים,,False,False,0.0075,0.0035,237983.99999999997,0.004,126924.80000000002,0
5125802,"קסם אקטיב אג""ח עד 3 שנים (ללא הרשאה)","אג""ח כללי בארץ ללא מניות וללא סימן קריאה, עם מגבלת מח""מ עד 5 שנים",,"אג""ח בארץ - כללי",2026-05-31,237710000.0,קסם,,False,False,0.0054,0.0035,12836.340000000002,0.0019000000000000002,4516.490000000001,0
5125828,אלפי בנדק (!) All Bond כללי (ללא הרשאה),"אג""ח כללי בארץ ללא מניות עם סימן קריאה",,"אג""ח בארץ - כללי",2026-05-31,140110000.0,הראל,אלפי בנדק,False,False,0.0069,0.0035,9667.59,0.0034,4763.74,0
5125836,אלפא טק מניות ESG ישראל (ללא הרשאה),מניות All Cap,,מניות בארץ,2026-05-31,50070000.0,הראל,אלפא טק,False,False,0.0125,0.0035,6258.75,0.009000000000000001,4506.3,0
5125869,"MTF מחקה S&P 500 מנוטרלת מט""ח (ללא הרשאה)",אמריקה- שווקים מפותחים,,"מניות בחו""ל",2026-05-31,1816080000.0,מגדל,,True,False,0.0,0.0,0.0,0.0,0.0,0
5125885,מור 5/95 (ללא הרשאה),"אג""ח כללי בארץ- עד 5% מניות",,"אג""ח בארץ - כללי",2026-05-31,229850000.0,מור,,False,False,0.0060999999999999995,0.0035,14020.849999999999,0.0025999999999999994,5976.0999999999985,0
5125901,"מור אג""ח חברות (ללא הרשאה)",חברות והמרה עם מניות ללא סימן קריאה,,"אג""ח בארץ- חברות והמרה",2026-05-31,468570000.0,מור,,False,False,0.0079,0.0035,37017.030000000006,0.004400000000000001,20617.080000000005,0
5125919,מור 25/75 (ללא הרשאה),"אג""ח כללי בארץ- עד 25% מניות",,"אג""ח בארץ - כללי",2026-05-31,1063020000.0,מור,,False,False,0.0085,0.0035,90356.70000000001,0.005000000000000001,53151.00000000001,0
5125935,הראל 15/85 (ללא הרשאה),"אג""ח כללי בארץ- עד 15% מניות",,"אג""ח בארץ - כללי",2026-05-31,172250000.0,הראל,,False,False,0.0058,0.0035,9990.499999999998,0.0022999999999999995,3961.7499999999995,0
5125943,הראל 25/75 (ללא הרשאה),"אג""ח כללי בארץ- עד 25% מניות",,"אג""ח בארץ - כללי",2026-05-31,10210000.0,הראל,,False,False,0.0049,0.0035,500.28999999999996,0.0013999999999999998,142.93999999999997,0
5125950,הראל 20/80 (ללא הרשאה),"אג""ח כללי בארץ- עד 20% מניות",,"אג""ח בארץ - כללי",2026-05-31,462530000.0,הראל,,False,False,0.0084,0.0035,38852.52,0.0049,22663.969999999998,0
5125968,ילין לפידות 15/85 (ללא הרשאה),"אג""ח כללי בארץ- עד 15% מניות",,"אג""ח בארץ - כללי",2026-05-31,387030000.0,ילין לפידות,,False,False,0.0079,0.0035,30575.370000000003,0.004400000000000001,17029.320000000003,0
5125984,MTF מחקה תל בונד צמודות 1-3 (ללא הרשאה),בריבית קבועה - קצר,,"אג""ח בארץ- חברות והמרה",2026-05-31,420200000.0,מגדל,,True,False,0.0025,0.0,10505.0,0.0025,10505.0,0
5125992,"הראל (!) אג""ח מדורג - רכיב בטוחה (ללא הרשאה)",חברות והמרה ללא מניות עם סימן קריאה,,"אג""ח בארץ- חברות והמרה",2026-05-31,56900000.0,הראל,,False,False,0.0058,0.0035,3300.2,0.0022999999999999995,1308.6999999999998,0
5126008,"מיטב אג""ח עד 5% מניות (ללא הרשאה)","אג""ח כללי בארץ- עד 5% מניות",,"אג""ח בארץ - כללי",2026-05-31,161390000.0,מיטב,,False,False,0.0055000000000000005,0.0035,8876.45,0.0020000000000000005,3227.8000000000006,0
5126024,מיטב תיק השקעות עד 50% (ללא הרשאה),"אג""ח כללי בארץ - חשיפה מרבית מעל 30% מניות",,"אג""ח בארץ - כללי",2026-05-31,406170000.0,מיטב,,False,False,0.0078000000000000005,0.0035,31681.26,0.0043,17465.31,0
5126065,מיטב 40/60 (ללא הרשאה),"אג""ח כללי בארץ - חשיפה מרבית מעל 30% מניות",,"אג""ח בארץ - כללי",2026-05-31,318670000.0,מיטב,,False,False,0.0079,0.0035,25174.930000000004,0.004400000000000001,14021.480000000003,0
5126081,פוקוס גמישה (ללא הרשאה),גמישות,,גמישות,2026-05-31,150150000.0,איילון,פוקוס,False,False,0.016,0.0035,24024.000000000004,0.0125,18768.75,0
5126099,"אילים מניות חו""ל (ללא הרשאה)","מניות כללי בחו""ל חשופת מט""ח",,"מניות בחו""ל",2026-05-31,45630000.0,אילים,,False,False,0.0125,0.0035,5703.75,0.009000000000000001,4106.7,0
5126107,פוקוס 10/90 (ללא הרשאה),"אג""ח כללי בארץ- עד 10% מניות ללא סימן קריאה",,"אג""ח בארץ - כללי",2026-05-31,258269999.99999997,איילון,פוקוס,False,False,0.0079,0.0035,20403.33,0.004400000000000001,11363.880000000001,0
5126123,פוקוס 20/80 (ללא הרשאה),"אג""ח כללי בארץ- עד 20% מניות",,"אג""ח בארץ - כללי",2026-05-31,402520000.0,איילון,פוקוס,False,False,0.0085,0.0035,34214.200000000004,0.005000000000000001,20126.000000000004,0
5126164,אלטשולר שחם 15-85 (ללא הרשאה),"אג""ח כללי בארץ- עד 15% מניות",,"אג""ח בארץ - כללי",2026-05-31,55960000.0,אלטשולר שחם,,False,False,0.0075,0.0035,4197.0,0.004,2238.4,0
5126180,אלטשולר שחם 35-65 (ללא הרשאה),"אג""ח כללי בארץ - חשיפה מרבית מעל 30% מניות",,"אג""ח בארץ - כללי",2026-05-31,16739999.999999998,אלטשולר שחם,,False,False,0.0085,0.0035,1422.8999999999999,0.005000000000000001,837.0000000000001,0
5126214,איביאי תיק קונצרני + 10% (ללא הרשאה),חברות והמרה עם מניות ללא סימן קריאה,,"אג""ח בארץ- חברות והמרה",2026-05-31,50770000.0,אי.בי.אי,,False,False,0.006500000000000001,0.0035,3300.05,0.0030000000000000005,1523.1000000000001,0
5126230,איביאי גיא 25/75 (ללא הרשאה),"אג""ח כללי בארץ- עד 25% מניות",,"אג""ח בארץ - כללי",2026-05-31,84230000.0,אי.בי.אי,,False,False,0.0121,0.0035,10191.83,0.0086,7243.780000000001,0
5126271,"אילים תיק אג""ח + 20% (ללא הרשאה)","אג""ח כללי בארץ- עד 20% מניות",,"אג""ח בארץ - כללי",2026-05-31,77860000.0,אילים,,False,False,0.0069,0.0035,5372.34,0.0034,2647.24,0
5126289,איילון תיק 15/85 (ללא הרשאה),"אג""ח כללי בארץ- עד 15% מניות",,"אג""ח בארץ - כללי",2026-05-31,26820000.0,איילון,,False,False,0.006500000000000001,0.0035,1743.3000000000002,0.0030000000000000005,804.6000000000001,0
5126347,מיטב תיק השקעות 15/85 (ללא הרשאה),"אג""ח כללי בארץ- עד 15% מניות",,"אג""ח בארץ - כללי",2026-05-31,319840000.0,מיטב,,False,False,0.0069,0.0035,22068.96,0.0034,10874.56,0
5126420,כוון גמישה (ללא הרשאה),גמישות,,גמישות,2026-05-31,70380000.0,איילון,כוון,False,False,0.0187,0.0035,13161.060000000001,0.015200000000000002,10697.76,0
5126438,"מגדל נאסד""ק כפליים קרן ממונפת (ללא הרשאה)",ממונפות בסיכון גבוה,,ממונפות ואסטרטגיות,2026-05-31,328110000.0,מגדל,,False,False,0.036000000000000004,0.0035,118119.6,0.0325,106635.75,0
5126453,איביאי נטע מדינה ללא מניות (ללא הרשאה),"אג""ח מדינה כללי- ללא מניות",,"אג""ח בארץ- מדינה",2026-05-31,545710000.0,אי.בי.אי,,False,False,0.0048,0.0035,26194.079999999998,0.0012999999999999995,7094.229999999998,0
5126479,איביאי (!) נוגה 25/75 (ללא הרשאה),"אג""ח כללי בארץ- עד 25% מניות",,"אג""ח בארץ - כללי",2026-05-31,101940000.0,אי.בי.אי,,False,False,0.0089,0.0035,9072.66,0.0054,5504.76,0
5126487,מגדל מניות יתר (ללא הרשאה),מניות Small Cap,,מניות בארץ,2026-05-31,26620000.0,מגדל,,False,False,0.0125,0.0035,3327.5,0.009000000000000001,2395.8,0
5126495,"איביאי (!) אג""ח פלוס 10/90 (ללא הרשאה)","אג""ח כללי בארץ- עד 10% מניות ועם סימן קריאה",,"אג""ח בארץ - כללי",2026-05-31,202810000.0,אי.בי.אי,,False,False,0.0055000000000000005,0.0035,11154.550000000001,0.0020000000000000005,4056.200000000001,0
5126511,"מגדל (!) הזדמנויות באג""ח חברות סיכון מוגבר (ללא הרשאה)",חברות והמרה בסיכון גבוה,,"אג""ח בארץ- חברות והמרה",2026-05-31,112560000.0,מגדל,,False,False,0.0191,0.0035,21498.96,0.0156,17559.36,0
5126560,כוון מניות ישראל (ללא הרשאה),מניות All Cap,,מניות בארץ,2026-05-31,55790000.0,איילון,כוון,False,False,0.014499999999999999,0.0035,8089.55,0.011,6136.9,0
5126586,"איביאי אג""ח חברות שקלי (ללא הרשאה)",חברות והמרה שקלי ללא מניות,,"אג""ח בארץ- חברות והמרה",2026-05-31,44850000.0,אי.בי.אי,,False,False,0.006,0.0035,2691.0,0.0025,1121.25,0
5126685,אנליסט מניות SMALL CAP ישראל (ללא הרשאה),מניות Small Cap,,מניות בארץ,2026-05-31,255990000.0,אנליסט,,False,False,0.022099999999999998,0.0035,56573.78999999999,0.0186,47614.14,0
5126701,אלטשולר שחם סופה מניות (ללא הרשאה),מניות All Cap,,מניות בארץ,2026-05-31,705720000.0,אלטשולר שחם,,False,False,0.022000000000000002,0.0035,155258.40000000002,0.018500000000000003,130558.20000000001,0
5126727,"אלטשולר שחם (!) תיק אג""ח ללא מניות (ללא הרשאה)","אג""ח כללי בארץ ללא מניות עם סימן קריאה",,"אג""ח בארץ - כללי",2026-05-31,128880000.0,אלטשולר שחם,,False,False,0.006999999999999999,0.0035,9021.599999999999,0.003499999999999999,4510.799999999998,0
5126776,קסם אקטיב 20-80 (ללא הרשאה),"אג""ח כללי בארץ- עד 20% מניות",,"אג""ח בארץ - כללי",2026-05-31,606120000.0,קסם,,False,False,0.008199999999999999,0.0035,49701.83999999999,0.004699999999999999,28487.639999999996,0
5126818,מור מחקה (!) תל בונד-תשואות צמודות (ללא הרשאה),בריבית קבועה,,"אג""ח בארץ- חברות והמרה",2026-05-31,15120000.0,מור,,True,False,0.002,0.0,302.40000000000003,0.002,302.40000000000003,0
5126941,אילים מדינה שקלית פלוס (ללא הרשאה),"אג""ח מדינה שקליות- עד 10% מניות",,"אג""ח בארץ- מדינה",2026-05-31,357800000.0,אילים,,False,False,0.0059,0.0035,21110.2,0.0024,8587.199999999999,0
5126990,מגדל כספית דולר (ללא הרשאה),חשופת דולר,,קרן כספית,2026-05-31,141850000.0,מגדל,,False,False,0.0025,0.001,3546.25,0.0015,2127.75,1
5127006,אזימוט מניות (ללא הרשאה),מניות All Cap,,מניות בארץ,2026-05-31,39670000.0,איילון,אזימוטליין,False,False,0.0218,0.0035,8648.06,0.0183,7259.61,0
5127030,מיטב סולידית פלוס (ללא הרשאה),"אג""ח כללי בארץ בדירוג גבוה (AA ומעלה ו/ או מדינה)- עד 10% מניות",,"אג""ח בארץ - כללי",2026-05-31,172060000.0,מיטב,,False,False,0.0059,0.0035,10151.539999999999,0.0024,4129.44,0
5127055,"תכלית S&P Aerospace & Defense TTF מנוטרלת מט""ח (ללא הרשאה)",Aerospace & Defense,,"מניות בחו""ל",2026-05-31,410570000.0,מיטב,,True,False,0.0055000000000000005,0.0,22581.350000000002,0.0055000000000000005,22581.350000000002,0
5127063,תכלית ISE Cyber Security TTF מנוטרלת דולר (ללא הרשאה),Cyber Security,,"מניות בחו""ל",2026-05-31,136190000.0,מיטב,,True,False,0.008,0.0,10895.2,0.008,10895.2,0
5127089,"ילין לפידות מניות חו""ל נקובה $ (ללא הרשאה)","מניות בחו""ל נקובת מט""ח",,"מניות בחו""ל",2026-05-31,193700000.0,ילין לפידות,,False,False,0.017,0.0035,32929.0,0.013500000000000002,26149.500000000007,0
5127105,תמיר פישמן ממשלתי עד שנתיים +5% (ללא הרשאה),"אג""ח מדינה כללי- עד 10% מניות",,"אג""ח בארץ- מדינה",2026-05-31,104770000.0,תמיר פישמן,,False,False,0.0055000000000000005,0.002,5762.350000000001,0.0035000000000000005,3666.9500000000003,0
5127121,תמיר פישמן עוקבת תיק 3 הבנק הבינלאומי (ללא הרשאה),"אג""ח כללי בארץ- עד 30% מניות",,"אג""ח בארץ - כללי",2026-05-31,683740000.0,תמיר פישמן,,False,False,0.0069,0.0035,47178.06,0.0034,23247.16,0
5127139,שופן 20/80 (ללא הרשאה),"אג""ח כללי בארץ- עד 20% מניות",,"אג""ח בארץ - כללי",2026-05-31,34520000.0,סיגמא,א.נ.נ.י שופן,False,False,0.008199999999999999,0.0035,2830.6399999999994,0.004699999999999999,1622.4399999999996,0
5127147,איביאי מחקה Solactive US Internet (ללא הרשאה),Internet,,"מניות בחו""ל",2026-05-31,39070000.0,אי.בי.אי,,True,False,0.008,0.0,3125.6000000000004,0.008,3125.6000000000004,0
5127162,MTF מחקה Bluestar Robotics מנוטרלת דולר (ללא הרשאה),Robotics,,"מניות בחו""ל",2026-05-31,112850000.0,מגדל,,True,False,0.008,0.0,9028.0,0.008,9028.0,0
5127188,אלפי בנדק מניות ישראל (ללא הרשאה),מניות All Cap,,מניות בארץ,2026-05-31,164810000.0,הראל,אלפי בנדק,False,False,0.0169,0.0035,27852.89,0.013399999999999999,22084.539999999997,0
5127204,"איביאי אג""ח + 15% (ללא הרשאה)","אג""ח כללי בארץ- עד 15% מניות",,"אג""ח בארץ - כללי",2026-05-31,124540000.0,אי.בי.אי,,False,False,0.0069,0.0035,8593.26,0.0034,4234.36,0
5127212,מוניטר גמישה (ללא הרשאה),גמישות,,גמישות,2026-05-31,6160000.0,איילון,מוניטר בית השקעות,False,False,0.012,0.0035,739.2,0.0085,523.6,0
5127220,מוניטר 30/70 - נקובה $ (ללא הרשאה),"אג""ח נקובת מט""ח",,"אג""ח בחו""ל",2026-05-31,10990000.0,איילון,מוניטר בית השקעות,False,False,0.0095,0.0035,1044.05,0.006,659.4,0
5127253,"קסם אקטיב מניות רובוטיקה חו""ל (ללא הרשאה)","מניות לפי ענפים בחו""ל",,"מניות בחו""ל",2026-05-31,70150000.0,קסם,,False,False,0.0194,0.0035,13609.1,0.0159,11153.85,0
5127279,דולפין גמישה (ללא הרשאה),גמישות,,גמישות,2026-05-31,67900000.0,איילון,דולפין 1 השקעות,False,False,0.019,0.0035,12900.999999999998,0.0155,10524.5,0
5127287,"תכלית S&P Utilities TTF מנוטרלת מט""ח (ללא הרשאה)",Utilities,,"מניות בחו""ל",2026-05-31,68200000.0,מיטב,,True,False,0.006,0.0,4092.0,0.006,4092.0,0
5127329,תכלית PHLX Semiconductor Sector TTF (ללא הרשאה),Semiconductor,,"מניות בחו""ל",2026-05-31,1483630000.0,מיטב,,True,False,0.008,0.0,118690.40000000001,0.008,118690.40000000001,0
5127360,"הראל אג""ח קונצרני מדורג (ללא הרשאה)",חברות והמרה ללא מניות וללא סימן קריאה,,"אג""ח בארץ- חברות והמרה",2026-05-31,142400000.0,הראל,,False,False,0.003,0.0035,4272.0,-0.0005,-712.0000000000001,0
5127378,MTF מחקה Bluestar Artificial Intelligence מנוטרלת דולר (ללא הרשאה),Technology,,"מניות בחו""ל",2026-05-31,152040000.0,מגדל,,True,False,0.008,0.0,12163.2,0.008,12163.2,0
5127402,MTF מחקה Indxx USA E-Commerce (ללא הרשאה),e-Commerce,,"מניות בחו""ל",2026-05-31,38710000.0,מגדל,,True,False,0.008,0.0,3096.8,0.008,3096.8,0
5127428,"MTF מחקה ת""א סקטור-באלאנס (ללא הרשאה)",Large & Mid Cap,,מניות בארץ,2026-05-31,144220000.0,מגדל,,True,False,0.0025,0.0,3605.5,0.0025,3605.5,0
5127469,אי בי אי מחקה S&P 500 (ללא הרשאה),אמריקה- שווקים מפותחים,,"מניות בחו""ל",2026-05-31,1185580000.0,אי.בי.אי,,True,False,0.0025,0.0,29639.5,0.0025,29639.5,0
5127477,"מור אג""ח מדינה + 15% (ללא הרשאה)","אג""ח מדינה כללי- עד 20% מניות",,"אג""ח בארץ- מדינה",2026-05-31,268320000.0,מור,,False,False,0.0063,0.0035,16904.16,0.0028,7512.96,0
5127493,איביאי D.A MODEL (ללא הרשאה),"ארה""ב חשופת מט""ח",,"מניות בחו""ל",2026-05-31,2089999.9999999998,אי.בי.אי,,False,False,0.013500000000000002,0.0035,282.15000000000003,0.010000000000000002,209.00000000000003,0
5127501,"הראל מחקה Dax - מנוטרלת מט""ח (ללא הרשאה)",אירופה- שווקים מפותחים,,"מניות בחו""ל",2026-05-31,179790000.0,הראל,,True,False,0.0,0.0,0.0,0.0,0.0,0
5127527,"הראל מחקה S&P 500 - מנוטרלת מט""ח (ללא הרשאה)",אמריקה- שווקים מפותחים,,"מניות בחו""ל",2026-05-31,1201930000.0,הראל,,True,False,0.0,0.0,0.0,0.0,0.0,0
5127535,"קסם KTF ת""א סקטור-באלאנס (ללא הרשאה)",Large & Mid Cap,,מניות בארץ,2026-05-31,256930000.0,קסם,,True,False,0.0025,0.0,6423.25,0.0025,6423.25,0
5127543,קסם DAX KTF (ללא הרשאה),אירופה- שווקים מפותחים,,"מניות בחו""ל",2026-05-31,20400000.0,קסם,,True,False,0.0,0.0,0.0,0.0,0.0,0
5127550,"קסם S&P Aerospace & Defense KTF מנוטרלת מט""ח (ללא הרשאה)",Aerospace & Defense,,"מניות בחו""ל",2026-05-31,83140000.0,קסם,,True,False,0.006999999999999999,0.0,5819.799999999999,0.006999999999999999,5819.799999999999,0
5127568,"איילון קנאביס חו""ל (ללא הרשאה)","מניות לפי ענפים בחו""ל",,"מניות בחו""ל",2026-05-31,2440000.0,איילון,,False,False,0.016,0.0035,390.40000000000003,0.0125,305.0,0
5127576,פסטרנק שהם מניות (ללא הרשאה),מניות All Cap,,מניות בארץ,2026-05-31,2292470000.0,איילון,פסטרנק שהם,False,False,0.0175,0.0035,401182.25000000006,0.014000000000000002,320945.80000000005,0
5127584,"תכלית TTF ת""א סקטור-באלאנס (ללא הרשאה)",Large & Mid Cap,,מניות בארץ,2026-05-31,106350000.0,מיטב,,True,False,0.0025,0.0,2658.75,0.0025,2658.75,0
5127592,"MTF מחקה Indxx US Cloud Computing מנוטרלת מט""ח (ללא הרשאה)",Cloud Computing,,"מניות בחו""ל",2026-05-31,46240000.0,מגדל,,True,False,0.008,0.0,3699.2000000000003,0.008,3699.2000000000003,0
5127600,"תכלית ISE CTA Cloud Computing TTF מנוטרלת מט""ח (ללא הרשאה)",Cloud Computing,,"מניות בחו""ל",2026-05-31,80370000.0,מיטב,,True,False,0.008,0.0,6429.6,0.008,6429.6,0
5127642,MTF מחקה DAX (ללא הרשאה),אירופה- שווקים מפותחים,,"מניות בחו""ל",2026-05-31,45790000.0,מגדל,,True,False,0.0,0.0,0.0,0.0,0.0,0
5127659,"MTF מחקה DAX מנוטרלת מט""ח (ללא הרשאה)",אירופה- שווקים מפותחים,,"מניות בחו""ל",2026-05-31,52060000.0,מגדל,,True,False,0.0,0.0,0.0,0.0,0.0,0
5127667,MTF מחקה S&P 500 Bond Mega 30 Investment Grade 3-5 Year (ללא הרשאה),"חברות והמרה חשופת מט""ח - בינוני",,"אג""ח בחו""ל",2026-05-31,104330000.0,מגדל,,True,False,0.0025,0.0,2608.25,0.0025,2608.25,0
5127709,MTF מחקה תל בונד שקלי (ללא הרשאה),בריבית קבועה,,"אג""ח בארץ- חברות והמרה",2026-05-31,698760000.0,מגדל,,True,False,0.002,0.0,13975.2,0.002,13975.2,0
5127717,קסם אקטיב 15/85 (ללא הרשאה),"אג""ח כללי בארץ- עד 15% מניות",,"אג""ח בארץ - כללי",2026-05-31,286820000.0,קסם,,False,False,0.0068000000000000005,0.0035,19503.76,0.0033000000000000004,9465.060000000001,0
5127725,מור השקעות (קרן) (ללא הרשאה),גמישות,,גמישות,2026-05-31,930880000.0,מור,,False,False,0.0155,0.0035,144286.4,0.012,111705.6,0
5127733,איביאי מחקה Solactive North American Cannabis (ללא הרשאה),Cannabis,,"מניות בחו""ל",2026-05-31,4900000.0,אי.בי.אי,,True,False,0.01,0.0,490.0,0.01,490.0,0
5127766,אי בי אי מחקה Nasdaq 100 (ללא הרשאה),אמריקה- שווקים מפותחים,,"מניות בחו""ל",2026-05-31,771320000.0,אי.בי.אי,,True,False,0.003,0.0,23139.600000000002,0.003,23139.600000000002,0
5127774,"הראל תיק אג""ח חו""ל - נקובה $ (ללא הרשאה)","אג""ח נקובת מט""ח",,"אג""ח בחו""ל",2026-05-31,22110000.0,הראל,,False,False,0.003,0.0035,663.3000000000001,-0.0005,-110.55000000000001,0
5127782,הראל מדינה + 10% (ללא הרשאה),"אג""ח מדינה כללי- עד 10% מניות",,"אג""ח בארץ- מדינה",2026-05-31,15180000.0,הראל,,False,False,0.0043,0.0035,652.74,0.0007999999999999999,121.44,0
5127790,הראל כספית מגמת ריבית (ללא הרשאה),כספית שקלית עם קונצרני,,קרן כספית,2026-05-31,10666720000.0,הראל,,False,False,0.0018,0.001,192000.96,0.0007999999999999999,85333.76,1
5127808,הראל כספית דולרית מגמת ריבית (ללא הרשאה),חשופת דולר,,קרן כספית,2026-05-31,589130000.0,הראל,,False,False,0.002,0.001,11782.6,0.001,5891.3,1
5127857,"קסם Indxx USD Disruptive Technologies KTF מנוטרלת מט""ח (ללא הרשאה)",Technology,,"מניות בחו""ל",2026-05-31,16640000.0,קסם,,True,False,0.006999999999999999,0.0,1164.8,0.006999999999999999,1164.8,0
5127865,איביאי מחקה Solactive FinTech (ללא הרשאה),Fintech,,"מניות בחו""ל",2026-05-31,3840000.0,אי.בי.אי,,True,False,0.008,0.0,307.20000000000005,0.008,307.20000000000005,0
5127881,קסם אקטיב כספית פטורה (ללא הרשאה),כספית שקלית עם קונצרני,,קרן כספית,2026-05-31,6484800000.0,קסם,,False,False,0.0024,0.001,155635.19999999998,0.0013999999999999998,90787.19999999998,1
5127907,MTF מחקה תל בונד שקלי 50 (ללא הרשאה),בריבית קבועה,,"אג""ח בארץ- חברות והמרה",2026-05-31,391850000.0,מגדל,,True,False,0.0025,0.0,9796.25,0.0025,9796.25,0
5127915,תכלית ISE CTA Cloud Computing TTF (ללא הרשאה),Cloud Computing,,"מניות בחו""ל",2026-05-31,36110000.0,מיטב,,True,False,0.006,0.0,2166.6,0.006,2166.6,0
5127923,"מיטב 10/90 תיק אג""ח חו""ל (ללא הרשאה)","אג""ח חשופת מט""ח",,"אג""ח בחו""ל",2026-05-31,16649999.999999998,מיטב,,False,False,0.0075,0.0035,1248.7499999999998,0.004,666.0,0
5127931,מיטב מדינה + 10% (ללא הרשאה),"אג""ח מדינה כללי- עד 10% מניות",,"אג""ח בארץ- מדינה",2026-05-31,225730000.0,מיטב,,False,False,0.0059,0.0035,13318.07,0.0024,5417.5199999999995,0
5127949,איביאי עד 3 שנים 10/90 (ללא הרשאה),"אג""ח כללי בארץ- עד 10% מניות ללא סימן קריאה",,"אג""ח בארץ - כללי",2026-05-31,1460780000.0,אי.בי.אי,,False,False,0.0069,0.0035,100793.81999999999,0.0034,49666.52,0
5127980,ISP Asset Managementי 10/90 (ללא הרשאה),"אג""ח כללי בארץ- עד 10% מניות ללא סימן קריאה",,"אג""ח בארץ - כללי",2026-05-31,141850000.0,איילון,איי.אס.פי.,False,False,0.008,0.0035,11348.000000000002,0.0045000000000000005,6383.25,0
5127998,"איביאי אג""ח דולר ריבית משתנה פלוס (ללא הרשאה)","אג""ח חשופת דולר",,"אג""ח בחו""ל",2026-05-31,15070000.0,אי.בי.אי,,False,False,0.0089,0.0035,1341.23,0.0054,813.7800000000001,0
5128004,"אלטשולר שחם ממשלת ארה""ב עד שנתיים דולרית (ללא הרשאה)","אג""ח חשופת דולר",,"אג""ח בחו""ל",2026-05-31,7330000.0,אלטשולר שחם,,False,False,0.006,0.0035,439.8,0.0025,183.25,0
5128020,MTF מחקה Indxx Global Medical Devices מנוטרלת דולר (ללא הרשאה),Health Care,,"מניות בחו""ל",2026-05-31,19390000.0,מגדל,,True,False,0.008,0.0,1551.2,0.008,1551.2,0
5128038,MTF מחקה S&P 500 Bond Mega 30 Investment Grade 1-3 Year (ללא הרשאה),"חברות והמרה חשופת מט""ח - קצר",,"אג""ח בחו""ל",2026-05-31,255280000.0,מגדל,,True,False,0.0025,0.0,6382.0,0.0025,6382.0,0
5128079,"קסם Russell 2000 KTF מנוטרלת מט""ח (ללא הרשאה)",אמריקה- שווקים מפותחים,,"מניות בחו""ל",2026-05-31,176150000.0,קסם,,True,False,0.0025,0.0,4403.75,0.0025,4403.75,0
5128087,קסם אקטיב כספית דולרית (ללא הרשאה),חשופת דולר,,קרן כספית,2026-05-31,283380000.0,קסם,,False,False,0.002,0.001,5667.6,0.001,2833.8,1
5128095,הראל מחקה תל בונד מאגר (ללא הרשאה),"אג""ח חברות שקלי וצמוד",,"אג""ח בארץ- חברות והמרה",2026-05-31,172860000.0,הראל,,True,False,0.0,0.0,0.0,0.0,0.0,0
5128103,הראל מחקה תל גוב-משתנה שקלי (ללא הרשאה),ריבית משתנה ממשלתיות,,"אג""ח בארץ- מדינה",2026-05-31,23810000.0,הראל,,True,False,0.001,0.0,238.10000000000002,0.001,238.10000000000002,0
5128111,הראל מחקה תל גוב-שקלי (ללא הרשאה),ריבית קבועה,,"אג""ח בארץ- מדינה",2026-05-31,79930000.0,הראל,,True,False,0.0014000000000000002,0.0,1119.0200000000002,0.0014000000000000002,1119.0200000000002,0
5128137,הראל מחקה תל גוב-שקלי 5+ (ללא הרשאה),ריבית קבועה - ארוך,,"אג""ח בארץ- מדינה",2026-05-31,45600000.0,הראל,,True,False,0.0015,0.0,684.0,0.0015,684.0,0
5128194,"הראל מחקה משולבת אג""ח ישראל (90%) ומניות (10%) חודשי",עד 10% מניות,,"אג""ח בארץ משולבת",2026-05-31,30900000.0,הראל,,True,False,0.0,0.0,0.0,0.0,0.0,0
5128202,"הראל מחקה משולבת מניות חו""ל חודשי מנוטרלת מט""ח (ללא הרשאה)","מניות בחו""ל קרן משולבת",,"מניות בחו""ל",2026-05-31,308890000.0,הראל,,True,False,0.0,0.0,0.0,0.0,0.0,0
5128210,"הראל מחקה משולבת אג""ח ישראל (85%) מניות ישראל-חול (15%) חודשי מנוטרלת מט""ח (ללא הרשאה)",עד 20% מניות,,"אג""ח בארץ משולבת",2026-05-31,49250000.0,הראל,,True,False,0.0,0.0,0.0,0.0,0.0,0
5128236,"הראל מחקה משולבת מניות חו""ל חודשי (ללא הרשאה)","מניות בחו""ל קרן משולבת",,"מניות בחו""ל",2026-05-31,85760000.0,הראל,,True,False,0.0,0.0,0.0,0.0,0.0,0
5128244,"הראל מחקה משולבת מניות סקטורים ארה""ב חודשי (ללא הרשאה)","מניות בחו""ל קרן משולבת",,"מניות בחו""ל",2026-05-31,53770000.0,הראל,,True,False,0.0,0.0,0.0,0.0,0.0,0
5128251,"הראל מחקה משולבת מניות סקטורים ארה""ב חודשי מנוטרלת מט""ח (ללא הרשאה)","מניות בחו""ל קרן משולבת",,"מניות בחו""ל",2026-05-31,34730000.0,הראל,,True,False,0.0,0.0,0.0,0.0,0.0,0
5128293,אלפא טק גמישה (ללא הרשאה),גמישות,,גמישות,2026-05-31,13880000.0,הראל,אלפא טק,False,False,0.0095,0.0035,1318.6,0.006,832.8000000000001,0
5128343,ילין לפידות צמוד מדינה (ללא הרשאה),"אג""ח מדינה צמוד מדד- ללא מניות",,"אג""ח בארץ- מדינה",2026-05-31,38460000.0,ילין לפידות,,False,False,0.0059,0.0035,2269.14,0.0024,923.0399999999998,0
5128350,"ילין לפידות (!) אג""ח ישראל (ללא הרשאה)","אג""ח כללי בארץ ללא מניות עם סימן קריאה",,"אג""ח בארץ - כללי",2026-05-31,260459999.99999997,ילין לפידות,,False,False,0.0075,0.0035,19534.499999999996,0.004,10418.4,0
5128368,"ילין לפידות מניות ערך ת""א 125 (ללא הרשאה)",מניות Large & Mid Cap,,מניות בארץ,2026-05-31,709050000.0,ילין לפידות,,False,False,0.015,0.0035,106357.49999999999,0.0115,81540.75,0
5128376,מור 30/70 (ללא הרשאה),"אג""ח כללי בארץ- עד 30% מניות",,"אג""ח בארץ - כללי",2026-05-31,1074830000.0,מור,,False,False,0.0079,0.0035,84911.57,0.004400000000000001,47292.52000000001,0
5128418,"דולפין אג""ח סולידית (ללא הרשאה)","אג""ח כללי בארץ בדירוג גבוה בלבד (AA ומעלה ו/ או מדינה)",,"אג""ח בארץ - כללי",2026-05-31,103280000.0,איילון,דולפין 1 השקעות,False,False,0.0059,0.0035,6093.5199999999995,0.0024,2478.72,0
5128434,איביאי (!) תיק קונצרני (ללא הרשאה),חברות והמרה ללא מניות עם סימן קריאה,,"אג""ח בארץ- חברות והמרה",2026-05-31,1481990000.0,אי.בי.אי,,False,False,0.0089,0.0035,131897.11,0.0054,80027.46,0
5128442,איביאי מחקה Nasdaq Global Smart Airlines (ללא הרשאה),Transportation,,"מניות בחו""ל",2026-05-31,35980000.0,אי.בי.אי,,True,False,0.008,0.0,2878.4,0.008,2878.4,0
5128459,MTF מחקה Bluestar China Internet Software (ללא הרשאה),Internet,,"מניות בחו""ל",2026-05-31,9730000.0,מגדל,,True,False,0.008,0.0,778.4000000000001,0.008,778.4000000000001,0
5128467,MTF מחקה Bluestar Asia Technology (ללא הרשאה),Technology,,"מניות בחו""ל",2026-05-31,63580000.0,מגדל,,True,False,0.006,0.0,3814.8,0.006,3814.8,0
5128475,פורטה 10/90 (ללא הרשאה),"אג""ח כללי בארץ- עד 10% מניות ללא סימן קריאה",,"אג""ח בארץ - כללי",2026-05-31,502340000.0,סיגמא,פורטה,False,False,0.0062,0.0035,31145.08,0.0026999999999999997,13563.179999999998,0
5128483,"פורטה (!) אג""ח כללי (ללא הרשאה)","אג""ח כללי בארץ ללא מניות עם סימן קריאה",,"אג""ח בארץ - כללי",2026-05-31,97140000.0,סיגמא,פורטה,False,False,0.006,0.0035,5828.400000000001,0.0025,2428.5,0
5128491,ילין לפידות 25/75 צמיחה (ללא הרשאה),"אג""ח כללי בארץ- עד 25% מניות",,"אג""ח בארץ - כללי",2026-05-31,350380000.0,ילין לפידות,,False,False,0.0079,0.0035,27680.020000000004,0.004400000000000001,15416.720000000005,0
5128509,דיאמונד מניות גלובאלי (ללא הרשאה),"מניות כללי בחו""ל חשופת מט""ח",,"מניות בחו""ל",2026-05-31,14350000.0,איילון,דיאמונד,False,False,0.0144,0.0035,2066.4,0.0109,1564.1499999999999,0
5128525,פורטה מניות (ללא הרשאה),מניות All Cap,,מניות בארץ,2026-05-31,376250000.0,סיגמא,פורטה,False,False,0.018500000000000003,0.0035,69606.25000000001,0.015000000000000003,56437.500000000015,0
5128541,"פורטה אג""ח ללא מניות (ללא הרשאה)","אג""ח כללי בארץ ללא מניות וללא סימן קריאה",,"אג""ח בארץ - כללי",2026-05-31,521380000.0,סיגמא,פורטה,False,False,0.0075,0.0035,39103.5,0.004,20855.2,0
5128566,"גביש (!) אג""ח חברות ללא מניות (ללא הרשאה)",חברות והמרה ללא מניות עם סימן קריאה,,"אג""ח בארץ- חברות והמרה",2026-05-31,37520000.0,סיגמא,גביש פיננסים,False,False,0.0089,0.0035,3339.2799999999997,0.0054,2026.0800000000002,0
5128590,"הראל גביש תיק אג""ח ללא מניות (ללא הרשאה)","אג""ח כללי בארץ ללא מניות וללא סימן קריאה",,"אג""ח בארץ - כללי",2026-05-31,906860000.0,הראל,,False,False,0.0073,0.0035,66200.78,0.0038,34460.68,0
5128616,FOREST מניות (ללא הרשאה),מניות All Cap,,מניות בארץ,2026-05-31,229540000.0,פורסט,,False,False,0.012,0.0035,27544.8,0.0085,19510.9,0
5128624,MTF מחקה Bluestar E-Games (ללא הרשאה),e-Gaming,,"מניות בחו""ל",2026-05-31,10060000.0,מגדל,,True,False,0.008,0.0,804.8000000000001,0.008,804.8000000000001,0
5128632,"מיטב (!) אג""ח תשואה כוללת (ללא הרשאה)","אג""ח כללי בארץ ללא מניות עם סימן קריאה",,"אג""ח בארץ - כללי",2026-05-31,167010000.0,מיטב,,False,False,0.0074,0.0035,12358.740000000002,0.0039000000000000003,6513.39,0
5128640,מיטב (!) נבחרת קונצרני (ללא הרשאה),חברות והמרה ללא מניות עם סימן קריאה,,"אג""ח בארץ- חברות והמרה",2026-05-31,679100000.0,מיטב,,False,False,0.0079,0.0035,53648.90000000001,0.004400000000000001,29880.40000000001,0
5128665,איביאי עד 3 שנים 30/70 (ללא הרשאה),"אג""ח כללי בארץ- עד 30% מניות",,"אג""ח בארץ - כללי",2026-05-31,216530000.0,אי.בי.אי,,False,False,0.0069,0.0035,14940.57,0.0034,7362.0199999999995,0
5128673,סיגמא מדינה צמודה פלוס (ללא הרשאה),"אג""ח מדינה צמוד מדד- עד 10% מניות",,"אג""ח בארץ- מדינה",2026-05-31,1910200000.0,סיגמא,,False,False,0.0064,0.0035,122252.79999999999,0.0029000000000000002,55395.80000000001,0
5128756,תכלית Dow Jones Internet Composite TTF (ללא הרשאה),Internet,,"מניות בחו""ל",2026-05-31,10100000.0,מיטב,,True,False,0.006,0.0,606.0,0.006,606.0,0
5128772,תכלית All-Bond TTF דולר וטופ 5 בתל בונד-20 צמודות (ללא הרשאה),אחר,,"אג""ח בארץ- חברות והמרה",2026-05-31,37760000.0,מיטב,,True,False,0.002,0.0,755.2,0.002,755.2,0
5128814,תמיר פישמן DIGITAL ECONOMY (ללא הרשאה),"מניות כללי בחו""ל חשופת מט""ח",,"מניות בחו""ל",2026-05-31,38220000.0,תמיר פישמן,,False,False,0.0149,0.0035,5694.78,0.0114,4357.08,0
5128848,"ב. אלטרנטיב (!) אג""ח קונצרני (ללא הרשאה)",חברות והמרה ללא מניות עם סימן קריאה,,"אג""ח בארץ- חברות והמרה",2026-05-31,406270000.0,איילון,בסט אלטרנטיב,False,False,0.0089,0.0035,36158.03,0.0054,21938.58,0
5128855,איילון מניות גלובאלי (ללא הרשאה),"מניות כללי בחו""ל חשופת מט""ח",,"מניות בחו""ל",2026-05-31,135470000.0,איילון,,False,False,0.015,0.0035,20320.5,0.0115,15579.050000000001,0
5128871,הראל עוקבת תיק מס' 3 - הבנק הבינלאומי (ללא הרשאה),"אג""ח כללי בארץ- עד 30% מניות",,"אג""ח בארץ - כללי",2026-05-31,120630000.0,הראל,,False,False,0.0055000000000000005,0.0035,6634.6500000000015,0.0020000000000000005,2412.600000000001,0
5128897,"הראל שהם אג""ח סולידי ללא מניות (ללא הרשאה)","אג""ח כללי בארץ בדירוג גבוה בלבד (AA ומעלה ו/ או מדינה)",,"אג""ח בארץ - כללי",2026-05-31,67750000.0,הראל,,False,False,0.0025,0.0035,1693.75,-0.001,-677.5,0
5128905,קסם NASDAQ 100 KTF (ללא הרשאה),אמריקה- שווקים מפותחים,,"מניות בחו""ל",2026-05-31,1833300000.0,קסם,,True,False,0.0,0.0,0.0,0.0,0.0,0
5128939,תכלית TTFי Indxx US eGaming & Virtual Reality (ללא הרשאה),e-Gaming,,"מניות בחו""ל",2026-05-31,23940000.0,מיטב,,True,False,0.008,0.0,1915.2,0.008,1915.2,0
5128947,"איילון אקסטרים נאסד""ק 100 פי 3 (ללא הרשאה)",ממונפות בסיכון גבוה,,ממונפות ואסטרטגיות,2026-05-31,152570000.0,איילון,,False,False,0.018500000000000003,0.0035,28225.450000000004,0.015000000000000003,22885.500000000007,0
5128962,מור מניות טכנולוגיה גלובלי (ללא הרשאה),"מניות לפי ענפים בחו""ל",,"מניות בחו""ל",2026-05-31,217710000.0,מור,,False,False,0.021,0.0035,45719.1,0.0175,38099.25000000001,0
5128970,"תכלית TTF ת""א-פמילי (ללא הרשאה)",אחר,,מניות בארץ,2026-05-31,103260000.0,מיטב,,True,False,0.005,0.0,5163.0,0.005,5163.0,0
5128988,תכלית TTFי Indxx US Junior Cybersecurity (ללא הרשאה),Cyber Security,,"מניות בחו""ל",2026-05-31,21920000.0,מיטב,,True,False,0.008,0.0,1753.6000000000001,0.008,1753.6000000000001,0
5128996,"קסם אקטיב תיק אג""ח ומניות (ללא הרשאה)","אג""ח כללי בארץ - חשיפה מרבית מעל 30% מניות",,"אג""ח בארץ - כללי",2026-05-31,114230000.0,קסם,,False,False,0.0079,0.0035,9024.170000000002,0.004400000000000001,5026.120000000002,0
5129002,קסם KTF תל בונד-שקלי AA-AAA (ללא הרשאה),בריבית קבועה,,"אג""ח בארץ- חברות והמרה",2026-05-31,190290000.0,קסם,,True,False,0.002,0.0,3805.8,0.002,3805.8,0
5129010,קסם KTF תל בונד-צמודות AA-AAA (ללא הרשאה),בריבית קבועה,,"אג""ח בארץ- חברות והמרה",2026-05-31,400120000.0,קסם,,True,False,0.002,0.0,8002.400000000001,0.002,8002.400000000001,0
5129028,קסם KTF תל בונד-צמודות 3-5 (ללא הרשאה),בריבית קבועה - בינוני,,"אג""ח בארץ- חברות והמרה",2026-05-31,64560000.0,קסם,,True,False,0.0034999999999999996,0.0,2259.6,0.0034999999999999996,2259.6,0
5129036,קסם All-Bond KTF-דולר וטופ 5 בתל בונד-20 צמודות (ללא הרשאה),אחר,,"אג""ח בארץ- חברות והמרה",2026-05-31,30010000.0,קסם,,True,False,0.0034999999999999996,0.0,1050.35,0.0034999999999999996,1050.35,0
5129069,MTF מחקה אינדקס A-AA ישראל 1-3 (ללא הרשאה),"אג""ח חברות שקלי וצמוד",,"אג""ח בארץ- חברות והמרה",2026-05-31,147470000.0,מגדל,,True,False,0.0025,0.0,3686.75,0.0025,3686.75,0
5129093,פורצ'ן גמישה (ללא הרשאה),גמישות,,גמישות,2026-05-31,180790000.0,איילון,פורצ'ן,False,False,0.018000000000000002,0.0035,32542.2,0.014500000000000002,26214.550000000007,0
5129101,"פורצ'ן (!) אג""ח בינלאומי (ללא הרשאה)","אג""ח חשופת מט""ח",,"אג""ח בחו""ל",2026-05-31,527500000.0,איילון,פורצ'ן,False,False,0.009000000000000001,0.0035,47475.0,0.005500000000000001,29012.500000000007,0
5129119,פורצ'ן 10/90 (ללא הרשאה),"אג""ח כללי בארץ- עד 10% מניות ללא סימן קריאה",,"אג""ח בארץ - כללי",2026-05-31,351260000.0,איילון,פורצ'ן,False,False,0.008,0.0035,28100.800000000003,0.0045000000000000005,15806.7,0
5129127,קסם S&P 500 Bond Mega 30 Investment Grade 3-5 Year KTF (ללא הרשאה),"חברות והמרה חשופת מט""ח - בינוני",,"אג""ח בחו""ל",2026-05-31,223790000.0,קסם,,True,False,0.0025,0.0,5594.75,0.0025,5594.75,0
5129143,הראל אמלפי (ללא הרשאה),"אג""ח כללי בארץ- עד 30% מניות",,"אג""ח בארץ - כללי",2026-05-31,89350000.0,הראל,,False,False,0.0043,0.0035,3842.05,0.0007999999999999999,714.8,0
5129168,"הראל מניות תנודתיות נמוכה ת""א Large & Mid Cap (ללא הרשאה)",מניות Large & Mid Cap,,מניות בארץ,2026-05-31,20360000.0,הראל,,False,False,0.011899999999999999,0.0035,2422.8399999999997,0.0084,1710.24,0
5129184,"קסם אקטיב תיק אג""ח + 15 (ללא הרשאה)","אג""ח כללי בארץ- עד 15% מניות",,"אג""ח בארץ - כללי",2026-05-31,210480000.0,קסם,,False,False,0.0089,0.0035,18732.719999999998,0.0054,11365.920000000002,0
5129192,קסם KTF תל גוב-שקלי 5-10 (ללא הרשאה),ריבית קבועה - ארוך,,"אג""ח בארץ- מדינה",2026-05-31,522539999.99999994,קסם,,True,False,0.001,0.0,5225.4,0.001,5225.4,0
5129200,"ברומטר (!) אג""ח חברות ללא מניות (ללא הרשאה)",חברות והמרה ללא מניות עם סימן קריאה,,"אג""ח בארץ- חברות והמרה",2026-05-31,109560000.0,איילון,ברומטר,False,False,0.0079,0.0035,8655.240000000002,0.004400000000000001,4820.640000000001,0
5129218,אי בי אי מחקה STOXX Europe 600 מנוטרלת אירו (ללא הרשאה),אירופה- כללי,,"מניות בחו""ל",2026-05-31,89960000.0,אי.בי.אי,,True,False,0.0025,0.0,2249.0,0.0025,2249.0,0
5129226,אי בי אי מחקה S&P Consumer Staples (ללא הרשאה),Consumer Staples,,"מניות בחו""ל",2026-05-31,28590000.0,אי.בי.אי,,True,False,0.003,0.0,857.7,0.003,857.7,0
5129242,אי בי אי מחקה S&P Financial (ללא הרשאה),Financial,,"מניות בחו""ל",2026-05-31,106040000.0,אי.בי.אי,,True,False,0.0025,0.0,2651.0,0.0025,2651.0,0
5129259,אי בי אי מחקה S&P Health Care (ללא הרשאה),Health Care,,"מניות בחו""ל",2026-05-31,71470000.0,אי.בי.אי,,True,False,0.005,0.0,3573.5,0.005,3573.5,0
5129267,MTF מחקה Indxx Global E-Commerce (ללא הרשאה),e-Commerce,,"מניות בחו""ל",2026-05-31,9580000.0,מגדל,,True,False,0.008,0.0,766.4000000000001,0.008,766.4000000000001,0
5129275,הראל מחקה S&P 500 (ללא הרשאה),אמריקה- שווקים מפותחים,,"מניות בחו""ל",2026-05-31,3126960000.0,הראל,,True,False,0.0,0.0,0.0,0.0,0.0,0
5129283,הראל מחקה NASDAQ 100 (ללא הרשאה),אמריקה- שווקים מפותחים,,"מניות בחו""ל",2026-05-31,1486510000.0,הראל,,True,False,0.0,0.0,0.0,0.0,0.0,0
5129309,"איביאי מחקה משולבת מניות ארה""ב חודשי (ללא הרשאה)","מניות בחו""ל קרן משולבת",,"מניות בחו""ל",2026-05-31,230360000.0,אי.בי.אי,,True,False,0.005,0.0,11518.0,0.005,11518.0,0
5129317,איילון עוקבת תיק 4 הבנק הבינלאומי (ללא הרשאה),"אג""ח כללי בארץ - חשיפה מרבית מעל 30% מניות",,"אג""ח בארץ - כללי",2026-05-31,59740000.0,איילון,,False,False,0.0075,0.0035,4480.5,0.004,2389.6000000000004,0
5129333,"פוקוס אג""ח (ללא הרשאה)","אג""ח כללי בארץ ללא מניות וללא סימן קריאה",,"אג""ח בארץ - כללי",2026-05-31,243960000.0,איילון,פוקוס,False,False,0.0075,0.0035,18297.0,0.004,9758.400000000001,0
5129374,תכלית TTFי INDXX US Industrial Real Estate & Logistics (ללא הרשאה),REIT - Real Estate,,"מניות בחו""ל",2026-05-31,29440000.0,מיטב,,True,False,0.008,0.0,2355.2000000000003,0.008,2355.2000000000003,0
5129382,"שופן אג""ח גלאט בפקוח ועד ההלכה של הגר""ש ואזנר והגר""נ קרליץ (ללא הרשאה)","אג""ח כללי בארץ ללא מניות וללא סימן קריאה",,"אג""ח בארץ - כללי",2026-05-31,19510000.0,סיגמא,א.נ.נ.י שופן,False,False,0.0089,0.0035,1736.3899999999999,0.0054,1053.5400000000002,0
5129408,הראל כספית ניהול נזילות (ללא הרשאה),כספית שקלית עם קונצרני,,קרן כספית,2026-05-31,4735410000.0,הראל,,False,False,0.0017000000000000001,0.001,80501.97,0.0007000000000000001,33147.87,1
5129424,הראל מחקה אינדקס לפדיון 2030 (מתגלגל כל 6 שנים) (ללא הרשאה),"אג""ח חברות שקלי וצמוד",,"אג""ח בארץ- חברות והמרה",2026-05-31,93740000.0,הראל,,True,False,0.002,0.0,1874.8000000000002,0.002,1874.8000000000002,0
5129432,קסם KTF תל בונד שקלי-50 (ללא הרשאה),בריבית קבועה,,"אג""ח בארץ- חברות והמרה",2026-05-31,156640000.0,קסם,,True,False,0.0,0.0,0.0,0.0,0.0,0
5129457,מור עוקבת תיק 2 הבנק הבינלאומי (ללא הרשאה),"אג""ח כללי בארץ- עד 15% מניות",,"אג""ח בארץ - כללי",2026-05-31,551200000.0,מור,,False,False,0.0074,0.0035,40788.8,0.0039000000000000003,21496.8,0
5129465,"הראל מניות במומנטום ת""א Large & Mid Cap (ללא הרשאה)",מניות Large & Mid Cap,,מניות בארץ,2026-05-31,916070000.0,הראל,,False,False,0.0129,0.0035,118173.03,0.0094,86110.58,0
5129473,"אלפא טק מניות חו""ל ESG (ללא הרשאה)","מניות כללי בחו""ל חשופת מט""ח",,"מניות בחו""ל",2026-05-31,39050000.0,הראל,אלפא טק,False,False,0.009000000000000001,0.0035,3514.5,0.005500000000000001,2147.7500000000005,0
5129499,"מגדל עוקבת מרכיב אג""ח - תיק 2 הבנק הבינלאומי (ללא הרשאה)","אג""ח כללי בארץ ללא מניות וללא סימן קריאה",,"אג""ח בארץ - כללי",2026-05-31,12600000.0,מגדל,,False,False,0.0060999999999999995,0.0035,768.5999999999999,0.0025999999999999994,327.5999999999999,0
5129507,איביאי מחקה Solactive Electronic Payment (ללא הרשאה),e-Commerce,,"מניות בחו""ל",2026-05-31,1730000.0,אי.בי.אי,,True,False,0.008,0.0,138.4,0.008,138.4,0
5129523,הראל כספית דולרית - נקובה $ (ללא הרשאה),"נקובת מט""ח",,קרן כספית,2026-05-31,7321170000.0,הראל,,False,False,0.0015,0.001,109817.55,0.0005,36605.850000000006,1
5129531,MTF מחקה אינדקס A ישראל 2-4 (ללא הרשאה),"אג""ח חברות שקלי וצמוד",,"אג""ח בארץ- חברות והמרה",2026-05-31,178520000.0,מגדל,,True,False,0.0025,0.0,4463.0,0.0025,4463.0,0
5129549,"MTF מחקה אינדקס אג""ח במינוף פיננסי נמוך (ללא הרשאה)","אג""ח חברות שקלי וצמוד",,"אג""ח בארץ- חברות והמרה",2026-05-31,147920000.0,מגדל,,True,False,0.0025,0.0,3698.0,0.0025,3698.0,0
5129564,"הפניקס קסם אג""ח כללי A ומעלה (ללא הרשאה)","אג""ח כללי בארץ ללא מניות וללא סימן קריאה",,"אג""ח בארץ - כללי",2026-05-31,444090000.0,קסם,,False,False,0.0037,0.0035,16431.33,0.0002000000000000001,888.1800000000003,0
5129598,אלטשולר שחם עוקבת תיק 3 הבנק הבינלאומי (ללא הרשאה),"אג""ח כללי בארץ- עד 30% מניות",,"אג""ח בארץ - כללי",2026-05-31,11670000.0,אלטשולר שחם,,False,False,0.006999999999999999,0.0035,816.9,0.003499999999999999,408.4499999999999,0
5129606,פסטרנק שהם גמישה (ללא הרשאה),גמישות,,גמישות,2026-05-31,28990000.0,איילון,פסטרנק שהם,False,False,0.017,0.0035,4928.3,0.013500000000000002,3913.650000000001,0
5129648,MTF מחקה Bluestar Global Connective Technologies (ללא הרשאה),Internet,,"מניות בחו""ל",2026-05-31,48180000.0,מגדל,,True,False,0.008,0.0,3854.4,0.008,3854.4,0
5129655,אנליסט עוקבת תיק 3 הבנק הבינלאומי (ללא הרשאה),"אג""ח כללי בארץ- עד 30% מניות",,"אג""ח בארץ - כללי",2026-05-31,74650000.0,אנליסט,,False,False,0.0069,0.0035,5150.849999999999,0.0034,2538.1,0
5129663,"הראל מחקה אינדקס אג""ח תזרימיות A ומעלה (ללא הרשאה)","אג""ח חברות שקלי וצמוד",,"אג""ח בארץ- חברות והמרה",2026-05-31,67150000.0,הראל,,True,False,0.0015,0.0,1007.25,0.0015,1007.25,0
5129689,הראל מחקה תל בונד צמודות-בנקים ללא COCO (ללא הרשאה),בריבית קבועה,,"אג""ח בארץ- חברות והמרה",2026-05-31,365940000.0,הראל,,True,False,0.0015,0.0,5489.1,0.0015,5489.1,0
5129697,הראל מחקה תל דיב (ללא הרשאה),All Cap,,מניות בארץ,2026-05-31,72510000.0,הראל,,True,False,0.006,0.0,4350.6,0.006,4350.6,0
5129705,"הראל מחקה ת""א סקטור-באלאנס (ללא הרשאה)",Large & Mid Cap,,מניות בארץ,2026-05-31,190380000.0,הראל,,True,False,0.0013,0.0,2474.94,0.0013,2474.94,0
5129721,הראל מחקה DJ US Dividend (ללא הרשאה),אמריקה- שווקים מפותחים,,"מניות בחו""ל",2026-05-31,19900000.0,הראל,,True,False,0.006999999999999999,0.0,1392.9999999999998,0.006999999999999999,1392.9999999999998,0
5129739,"הראל מחקה 2000 Russell מנוטרלת מט""ח (ללא הרשאה)",אמריקה- שווקים מפותחים,,"מניות בחו""ל",2026-05-31,121300000.0,הראל,,True,False,0.004,0.0,4852.0,0.004,4852.0,0
5129762,"הראל מחקה S&P Consumer Staples מנוטרלת מט""ח (ללא הרשאה)",Consumer Staples,,"מניות בחו""ל",2026-05-31,19600000.0,הראל,,True,False,0.006,0.0,1176.0,0.006,1176.0,0
5129770,"הראל מחקה iBoxx $ Corps Liquid 3-7 Years מנוטרלת מט""ח (ללא הרשאה)","חברות והמרה  מנוטרלת מט""ח - בינוני",,"אג""ח בחו""ל",2026-05-31,483010000.0,הראל,,True,False,0.0022,0.0,10626.220000000001,0.0022,10626.220000000001,0
5129788,"הראל מחקה S&P Technology מנוטרלת מט""ח (ללא הרשאה)",Technology,,"מניות בחו""ל",2026-05-31,298240000.0,הראל,,True,False,0.006999999999999999,0.0,20876.8,0.006999999999999999,20876.8,0
5129887,"MTF מחקה אינדקס ת""א 125 Quality (ללא הרשאה)",Large & Mid Cap,,מניות בארץ,2026-05-31,86700000.0,מגדל,,True,False,0.006,0.0,5202.0,0.006,5202.0,0
5129937,מור A ומעלה עד 4 שנים (ללא הרשאה),"חברות והמרה ללא מניות וללא סימן קריאה, עם מגבלת מח""מ עד 5 שנים",,"אג""ח בארץ- חברות והמרה",2026-05-31,544810000.0,מור,,False,False,0.0076,0.0035,41405.560000000005,0.0040999999999999995,22337.209999999995,0
5129978,"FOREST (!) אג""ח ללא מניות (ללא הרשאה)","אג""ח כללי בארץ ללא מניות עם סימן קריאה",,"אג""ח בארץ - כללי",2026-05-31,714710000.0,פורסט,,False,False,0.0075,0.0035,53603.24999999999,0.004,28588.4,0
5130000,"MTF מחקה אינדקס אג""ח בנקים וביטוח (ללא הרשאה)","אג""ח חברות שקלי וצמוד",,"אג""ח בארץ- חברות והמרה",2026-05-31,125270000.0,מגדל,,True,False,0.0025,0.0,3131.75,0.0025,3131.75,0
5130018,"הראל מחקה אינדקס אג""ח CoCo בנקים (ללא הרשאה)","אג""ח חברות שקלי וצמוד",,"אג""ח בארץ- חברות והמרה",2026-05-31,554870000.0,הראל,,True,False,0.0036,0.0,19975.32,0.0036,19975.32,0
5130026,הראל מחקה Dow Jones U.S. Select Medical Equipment (ללא הרשאה),Health Care,,"מניות בחו""ל",2026-05-31,52360000.0,הראל,,True,False,0.008,0.0,4188.8,0.008,4188.8,0
5130042,איילון תיק מניות כשרה (ללא הרשאה),מניות All Cap,,מניות בארץ,2026-05-31,146200000.0,איילון,,False,False,0.008,0.0035,11696.000000000002,0.0045000000000000005,6579.0,0
5130059,ורדן Flexible (ללא הרשאה),גמישות,,גמישות,2026-05-31,4520000.0,איילון,ורדן בית השקעות,False,False,0.018799999999999997,0.0035,849.7599999999999,0.015299999999999998,691.56,0
5130067,איביאי אסטרטגיות - ממונפת (ללא הרשאה),ממונפות בסיכון גבוה,,ממונפות ואסטרטגיות,2026-05-31,567560000.0,אי.בי.אי,,False,False,0.02,0.0035,113512.0,0.0165,93647.4,0
5130083,MTF מחקה אינדקס צמודות בנקים וביטוח (ללא הרשאה),בריבית קבועה,,"אג""ח בארץ- חברות והמרה",2026-05-31,76020000.0,מגדל,,True,False,0.002,0.0,1520.4,0.002,1520.4,0
5130091,קסם אקטיב כספית דולרית - נקובה $ (ללא הרשאה),"נקובת מט""ח",,קרן כספית,2026-05-31,605940000.0,קסם,,False,False,0.0025,0.001,15148.5,0.0015,9089.1,1
5130133,תכלית TTF תל בונד שקלי 3-5 (ללא הרשאה),בריבית קבועה - בינוני,,"אג""ח בארץ- חברות והמרה",2026-05-31,70220000.0,מיטב,,True,False,0.0,0.0,0.0,0.0,0.0,0
5130141,"תכלית TTFי Nasdaq Golden Dragon China מנוטרלת מט""ח (ללא הרשאה)",אסיה ופסיפיק- שווקים מתעוררים,,"מניות בחו""ל",2026-05-31,6540000.0,מיטב,,True,False,0.008,0.0,523.2,0.008,523.2,0
5130158,תכלית TTF תל בונד צמודות AA-AAA (ללא הרשאה),בריבית קבועה,,"אג""ח בארץ- חברות והמרה",2026-05-31,195550000.0,מיטב,,True,False,0.002,0.0,3911.0000000000005,0.002,3911.0000000000005,0
5130166,תכלית TTF תל בונד שקלי 1-3 (ללא הרשאה),בריבית קבועה - קצר,,"אג""ח בארץ- חברות והמרה",2026-05-31,172880000.0,מיטב,,True,False,0.0,0.0,0.0,0.0,0.0,0
5130174,תכלית TTF תל בונד שקלי 5-15 (ללא הרשאה),בריבית קבועה - ארוך,,"אג""ח בארץ- חברות והמרה",2026-05-31,516890000.0,מיטב,,True,False,0.0005,0.0,2584.4500000000003,0.0005,2584.4500000000003,0
5130182,ילין לפידות 40/60 (ללא הרשאה),"אג""ח כללי בארץ - חשיפה מרבית מעל 30% מניות",,"אג""ח בארץ - כללי",2026-05-31,297170000.0,ילין לפידות,,False,False,0.0084,0.0035,24962.28,0.0049,14561.33,0
5130190,ילין לפידות A ומעלה + 10% (ללא הרשאה),חברות והמרה עם מניות ללא סימן קריאה,,"אג""ח בארץ- חברות והמרה",2026-05-31,318810000.0,ילין לפידות,,False,False,0.0079,0.0035,25185.99,0.004400000000000001,14027.640000000003,0
5130208,ילין לפידות מדינה + 20% (ללא הרשאה),"אג""ח מדינה כללי- עד 20% מניות",,"אג""ח בארץ- מדינה",2026-05-31,23170000.0,ילין לפידות,,False,False,0.0054,0.0035,1251.18,0.0019000000000000002,440.23,0
5130224,"מגדל אג""ח חברות + 25% (ללא הרשאה)",חברות והמרה עם מניות ללא סימן קריאה,,"אג""ח בארץ- חברות והמרה",2026-05-31,20210000.0,מגדל,,False,False,0.0069,0.0035,1394.49,0.0034,687.14,0
5130240,ברק גמישה (ללא הרשאה),גמישות,,גמישות,2026-05-31,5690000.0,ברק,,False,False,0.018000000000000002,0.0035,1024.2,0.014500000000000002,825.0500000000002,0
5130265,איביאי 20/90 (ללא הרשאה),אסטרטגיות (לא ממונפות),,ממונפות ואסטרטגיות,2026-05-31,277400000.0,אי.בי.אי,,False,False,0.0089,0.0035,24688.6,0.0054,14979.600000000002,0
5130273,הראל מניות פיננסים (ללא הרשאה),מניות לפי ענפים,,מניות בארץ,2026-05-31,144330000.0,הראל,,False,False,0.015,0.0035,21649.499999999996,0.0115,16597.95,0
5130299,איביאי מחקה BlueStar Defense & Cyber & Intelligence (ללא הרשאה),Cyber Security,,"מניות בחו""ל",2026-05-31,8130000.000000001,אי.בי.אי,,True,False,0.008,0.0,650.4000000000001,0.008,650.4000000000001,0
5130307,איילון 10/90 (ללא הרשאה),"אג""ח כללי בארץ- עד 10% מניות ללא סימן קריאה",,"אג""ח בארץ - כללי",2026-05-31,471400000.0,איילון,,False,False,0.008,0.0035,37712.0,0.0045000000000000005,21213.0,0
5130315,"איילון אג""ח ללא מניות (ללא הרשאה)","אג""ח כללי בארץ ללא מניות וללא סימן קריאה",,"אג""ח בארץ - כללי",2026-05-31,1476640000.0,איילון,,False,False,0.0079,0.0035,116654.56000000001,0.004400000000000001,64972.16000000002,0
5130323,איילון מימון ואשראי חוץ בנקאי (ללא הרשאה),מניות לפי ענפים,,מניות בארץ,2026-05-31,18250000.0,איילון,,False,False,0.015,0.0035,2737.4999999999995,0.0115,2098.75,0
5130349,ב. אלטרנטיב מניות ישראל (ללא הרשאה),מניות All Cap,,מניות בארץ,2026-05-31,503590000.0,איילון,בסט אלטרנטיב,False,False,0.018000000000000002,0.0035,90646.20000000001,0.014500000000000002,73020.55000000002,0
5130356,ילין לפידות (!) קונצרני ישראל (ללא הרשאה),חברות והמרה ללא מניות עם סימן קריאה,,"אג""ח בארץ- חברות והמרה",2026-05-31,555600000.0,ילין לפידות,,False,False,0.0075,0.0035,41669.99999999999,0.004,22224.0,0
5130364,מור ברקת 30/70 (ללא הרשאה),"אג""ח כללי בארץ- עד 30% מניות",,"אג""ח בארץ - כללי",2026-05-31,160570000.0,מור,,False,False,0.0058,0.0035,9313.06,0.0022999999999999995,3693.1099999999997,0
5130372,MTF מחקה מדד משולב אינדקס בנקים ישראל 20/80 חודשי (ללא הרשאה),עד 20% מניות,,"אג""ח בארץ משולבת",2026-05-31,187870000.0,מגדל,,True,False,0.0025,0.0,4696.75,0.0025,4696.75,0
5130380,אי בי אי מחקה תל בונד שקלי בנקים וביטוח (ללא הרשאה),בריבית קבועה,,"אג""ח בארץ- חברות והמרה",2026-05-31,323580000.0,אי.בי.אי,,True,False,0.002,0.0,6471.6,0.002,6471.6,0
5130398,MTF מחקה Indxx Pure Cyber מנוטרלת דולר (ללא הרשאה),Cyber Security,,"מניות בחו""ל",2026-05-31,12400000.0,מגדל,,True,False,0.008,0.0,992.0000000000001,0.008,992.0000000000001,0
5130414,"פרופאונד אג""ח מדורגות (!) (ללא הרשאה)",חברות והמרה ללא מניות עם סימן קריאה,,"אג""ח בארץ- חברות והמרה",2026-05-31,101110000.0,איילון,פרופאונד,False,False,0.008,0.0035,8088.800000000001,0.0045000000000000005,4549.950000000001,0
5130422,פרופאונד גמישה (ללא הרשאה),גמישות,,גמישות,2026-05-31,115090000.0,איילון,פרופאונד,False,False,0.0175,0.0035,20140.750000000004,0.014000000000000002,16112.600000000002,0
5130430,פרופאונד 20/80 (ללא הרשאה),"אג""ח כללי בארץ- עד 20% מניות",,"אג""ח בארץ - כללי",2026-05-31,30290000.0,איילון,פרופאונד,False,False,0.0077,0.0035,2332.33,0.004200000000000001,1272.18,0
5130455,"מיטב אג""ח קונצרני מדורג עד 5 שנים (ללא הרשאה)","חברות והמרה ללא מניות וללא סימן קריאה, עם מגבלת מח""מ עד 5 שנים",,"אג""ח בארץ- חברות והמרה",2026-05-31,110300000.0,מיטב,,False,False,0.0068000000000000005,0.0035,7500.4,0.0033000000000000004,3639.9,0
5130463,"מיטב אג""ח עד 4 שנים (ללא הרשאה)","אג""ח כללי בארץ ללא מניות וללא סימן קריאה, עם מגבלת מח""מ עד 5 שנים",,"אג""ח בארץ - כללי",2026-05-31,217010000.0,מיטב,,False,False,0.0059,0.0035,12803.59,0.0024,5208.24,0
5130505,הראל איתן (ללא הרשאה),גמישות,,גמישות,2026-05-31,452410000.0,הראל,,False,False,0.0,0.0035,0.0,-0.0035,-15834.350000000002,0
5130513,MTF מחקה תל גוב-שקלי 5+ (ללא הרשאה),ריבית קבועה - ארוך,,"אג""ח בארץ- מדינה",2026-05-31,303090000.0,מגדל,,True,False,0.0,0.0,0.0,0.0,0.0,0
5130521,"MTF מחקה S&P 500 Scored & Screened מנוטרלת מט""ח (ללא הרשאה)",אמריקה- שווקים מפותחים,,"מניות בחו""ל",2026-05-31,159900000.0,מגדל,,True,False,0.0,0.0,0.0,0.0,0.0,0
5130539,"הפניקס קסם (!) אג""ח ללא מניות (ללא הרשאה)","אג""ח כללי בארץ ללא מניות עם סימן קריאה",,"אג""ח בארץ - כללי",2026-05-31,701160000.0,קסם,,False,False,0.0084,0.0035,58897.439999999995,0.0049,34356.84,0
5130554,"הפניקס קסם מניות חו""ל (ללא הרשאה)","מניות כללי בחו""ל חשופת מט""ח",,"מניות בחו""ל",2026-05-31,437210000.0,קסם,,False,False,0.0179,0.0035,78260.59,0.0144,62958.24,0
5130588,"קסם אקטיב עוקבת מרכיב אג""ח - תיק 3 הבנק הבינלאומי (ללא הרשאה)","אג""ח כללי בארץ ללא מניות וללא סימן קריאה",,"אג""ח בארץ - כללי",2026-05-31,29760000.0,קסם,,False,False,0.0062,0.0035,1845.1200000000001,0.0026999999999999997,803.5199999999999,0
5130596,"MTF מחקה מדד משולב אינדקס נדל""ן מניב 20/80 חודשי (ללא הרשאה)",עד 20% מניות,,"אג""ח בארץ משולבת",2026-05-31,18670000.0,מגדל,,True,False,0.0,0.0,0.0,0.0,0.0,0
5130604,MTF מחקה אינדקס תשתיות לאומיות ישראל (ללא הרשאה),תשתיות,,מניות בארץ,2026-05-31,1492210000.0,מגדל,,True,False,0.005,0.0,74610.5,0.005,74610.5,0
5130612,סיגמא מדינה עד 5 שנים ללא מניות (ללא הרשאה),"אג""ח מדינה כללי- ללא מניות",,"אג""ח בארץ- מדינה",2026-05-31,677060000.0,סיגמא,,False,False,0.0055000000000000005,0.0035,37238.3,0.0020000000000000005,13541.200000000003,0
5130620,"MTF מחקה ת""א 90 (ללא הרשאה)",Mid Cap,,מניות בארץ,2026-05-31,915980000.0,מגדל,,True,False,0.001,0.0,9159.800000000001,0.001,9159.800000000001,0
5130638,"הראל מחקה ת""א 90 (ללא הרשאה)",Mid Cap,,מניות בארץ,2026-05-31,1599240000.0,הראל,,True,False,0.0,0.0,0.0,0.0,0.0,0
5130661,"הראל מחקה ת""א 35 (ללא הרשאה)",Large Cap,,מניות בארץ,2026-05-31,1887330000.0,הראל,,True,False,0.0,0.0,0.0,0.0,0.0,0
5130687,"אי בי אי מחקה ת""א 35 (ללא הרשאה)",Large Cap,,מניות בארץ,2026-05-31,426660000.0,אי.בי.אי,,True,False,0.0025,0.0,10666.5,0.0025,10666.5,0
5130695,אי בי אי מחקה תל בונד צמודות 3-5 (ללא הרשאה),בריבית קבועה - בינוני,,"אג""ח בארץ- חברות והמרה",2026-05-31,283690000.0,אי.בי.אי,,True,False,0.002,0.0,5673.8,0.002,5673.8,0
5130703,אי בי אי מחקה אינדקס A-AA מנגנון מרווח (ללא הרשאה),"אג""ח חברות שקלי וצמוד",,"אג""ח בארץ- חברות והמרה",2026-05-31,535590000.00000006,אי.בי.אי,,True,False,0.003,0.0,16067.700000000003,0.003,16067.700000000003,0
5130729,אימפקט 10/90 (ללא הרשאה),"אג""ח כללי בארץ- עד 10% מניות ללא סימן קריאה",,"אג""ח בארץ - כללי",2026-05-31,48730000.0,איילון,אימפקט,False,False,0.008,0.0035,3898.4000000000005,0.0045000000000000005,2192.8500000000004,0
5130737,אי בי אי מחקה Shiller Barclays CAPE® US Core Mid-Month Sector (ללא הרשאה),אמריקה- שווקים מפותחים,,"מניות בחו""ל",2026-05-31,472770000.0,אי.בי.אי,,True,False,0.0079,0.0,37348.83,0.0079,37348.83,0
5130745,MTF מחקה Indxx Renewable Energy מנוטרלת דולר (ללא הרשאה),Alternative / Renewable Energy,,"מניות בחו""ל",2026-05-31,43610000.0,מגדל,,True,False,0.008,0.0,3488.8,0.008,3488.8,0
5130752,אי בי אי מחקה STOXX Europe 600 (ללא הרשאה),אירופה- כללי,,"מניות בחו""ל",2026-05-31,145180000.0,אי.בי.אי,,True,False,0.0025,0.0,3629.5,0.0025,3629.5,0
5130802,"פורצ'ן (!) אג""ח ללא מניות (ללא הרשאה)","אג""ח כללי בארץ ללא מניות עם סימן קריאה",,"אג""ח בארץ - כללי",2026-05-31,169700000.0,איילון,פורצ'ן,False,False,0.0079,0.0035,13406.300000000001,0.004400000000000001,7466.800000000002,0
5130810,פסטרנק שהם 30/70 (ללא הרשאה),"אג""ח כללי בארץ- עד 30% מניות",,"אג""ח בארץ - כללי",2026-05-31,826580000.0,איילון,פסטרנק שהם,False,False,0.0078000000000000005,0.0035,64473.24,0.0043,35542.94,0
5130828,תכלית TTF תל בונד שקלי בנקים וביטוח (ללא הרשאה),בריבית קבועה,,"אג""ח בארץ- חברות והמרה",2026-05-31,185690000.0,מיטב,,True,False,0.0,0.0,0.0,0.0,0.0,0
5130836,תכלית TTF תל בונד שקלי AA-AAA (ללא הרשאה),בריבית קבועה,,"אג""ח בארץ- חברות והמרה",2026-05-31,210880000.0,מיטב,,True,False,0.0,0.0,0.0,0.0,0.0,0
5130851,קסם KTFי S&P 500 נקובה $ (ללא הרשאה),אמריקה- שווקים מפותחים,,"מניות בחו""ל",2026-05-31,85520000.0,קסם,,True,False,0.002,0.0,1710.4,0.002,1710.4,0
5130869,קסם KTFי Indxx Climate Change Solutions (ללא הרשאה),Alternative / Renewable Energy,,"מניות בחו""ל",2026-05-31,14440000.0,קסם,,True,False,0.008,0.0,1155.2,0.008,1155.2,0
5130893,"MTF מחקה ת""א-טכנולוגיה (ללא הרשאה)",טכנולוגיה,,מניות בארץ,2026-05-31,218840000.0,מגדל,,True,False,0.0045000000000000005,0.0,9847.800000000001,0.0045000000000000005,9847.800000000001,0
5130919,"אי בי אי מחקה ת""א 90 (ללא הרשאה)",Mid Cap,,מניות בארץ,2026-05-31,607910000.0,אי.בי.אי,,True,False,0.002,0.0,12158.2,0.002,12158.2,0
5130927,"קסם KTF ת""א - טכנולוגיה (ללא הרשאה)",טכנולוגיה,,מניות בארץ,2026-05-31,214620000.0,קסם,,True,False,0.0025,0.0,5365.5,0.0025,5365.5,0
5130943,"קסם KTF אינדקס אג""ח שקלי ביטוח ושירותים פיננסיים (ללא הרשאה)",בריבית קבועה,,"אג""ח בארץ- חברות והמרה",2026-05-31,41180000.0,קסם,,True,False,0.0,0.0,0.0,0.0,0.0,0
5130950,אנליסט סולידית LV (ללא הרשאה),"אג""ח כללי בארץ בדירוג גבוה בלבד (AA ומעלה ו/ או מדינה)",,"אג""ח בארץ - כללי",2026-05-31,37180000.0,אנליסט,,False,False,0.005,0.0035,1859.0,0.0015,557.7,0
5130976,MTF מחקה Bluestar Solar Energy Industry מנוטרלת דולר (ללא הרשאה),Alternative / Renewable Energy,,"מניות בחו""ל",2026-05-31,15310000.0,מגדל,,True,False,0.008,0.0,1224.8000000000002,0.008,1224.8000000000002,0
5130984,"ילין לפידות מניות נדל""ן (ללא הרשאה)",מניות לפי ענפים,,מניות בארץ,2026-05-31,40460000.0,ילין לפידות,,False,False,0.012,0.0035,4855.2,0.0085,3439.1000000000004,0
5130992,אי בי אי מחקה תל בונד שקלי AA-AAA (ללא הרשאה),בריבית קבועה,,"אג""ח בארץ- חברות והמרה",2026-05-31,221410000.0,אי.בי.אי,,True,False,0.002,0.0,4428.200000000001,0.002,4428.200000000001,0
5131008,אי בי אי מחקה תל בונד צמודות AA-AAA (ללא הרשאה),בריבית קבועה,,"אג""ח בארץ- חברות והמרה",2026-05-31,324930000.0,אי.בי.אי,,True,False,0.002,0.0,6498.6,0.002,6498.6,0
5131040,מור אנרגיה נקיה גלובלי (ללא הרשאה),"מניות לפי ענפים בחו""ל",,"מניות בחו""ל",2026-05-31,37360000.0,מור,,False,False,0.018500000000000003,0.0035,6911.600000000001,0.015000000000000003,5604.000000000002,0
5131057,"מגדל אג""ח מדינה ומניות עד 10% (ללא הרשאה)","אג""ח מדינה כללי- עד 10% מניות",,"אג""ח בארץ- מדינה",2026-05-31,294800000.0,מגדל,,False,False,0.0043,0.0035,12676.4,0.0007999999999999999,2358.4,0
5131081,"הראל מחקה ת""א טכנולוגיה (ללא הרשאה)",טכנולוגיה,,מניות בארץ,2026-05-31,315120000.0,הראל,,True,False,0.0015,0.0,4726.8,0.0015,4726.8,0
5131099,"מגדל אג""ח ומניות עד 20% (ללא הרשאה)","אג""ח כללי בארץ- עד 20% מניות",,"אג""ח בארץ - כללי",2026-05-31,83420000.0,מגדל,,False,False,0.0075,0.0035,6256.499999999999,0.004,3336.8,0
5131107,"הראל (!) איתן אג""ח (ללא הרשאה)","אג""ח כללי בארץ ללא מניות עם סימן קריאה",,"אג""ח בארץ - כללי",2026-05-31,186220000.0,הראל,,False,False,0.0,0.0035,0.0,-0.0035,-6517.700000000001,0
5131115,"מגדל תיק אג""ח - הכנסה חודשית (ללא הרשאה)","אג""ח כללי בארץ- עד 15% מניות",,"אג""ח בארץ - כללי",2026-05-31,32689999.999999996,מגדל,,False,False,0.0118,0.0035,3857.4199999999996,0.0083,2713.2699999999995,0
5131131,מגדל מדינה פלוס A ומעלה (ללא הרשאה),"אג""ח מדינה כללי- ללא מניות",,"אג""ח בארץ- מדינה",2026-05-31,389560000.0,מגדל,,False,False,0.0059,0.0035,22984.039999999997,0.0024,9349.439999999999,0
5131164,הראל מחקה אינדקס AA-AAA ריאליות שקלי (ללא הרשאה),בריבית קבועה,,"אג""ח בארץ- חברות והמרה",2026-05-31,32759999.999999996,הראל,,True,False,0.0029,0.0,950.0399999999997,0.0029,950.0399999999997,0
5131172,מגדל מדד מדינה (ללא הרשאה),"אג""ח מדינה צמוד מדד- עד 10% מניות",,"אג""ח בארץ- מדינה",2026-05-31,209940000.0,מגדל,,False,False,0.0069,0.0035,14485.859999999999,0.0034,7137.96,0
5131180,הראל מחקה אינדקס AA-AAA ריאליות צמוד (ללא הרשאה),בריבית קבועה,,"אג""ח בארץ- חברות והמרה",2026-05-31,76570000.0,הראל,,True,False,0.0029,0.0,2220.5299999999997,0.0029,2220.5299999999997,0
5131198,תכלית TTFי S&P 500 Scored & Screened (ללא הרשאה),אמריקה- שווקים מפותחים,,"מניות בחו""ל",2026-05-31,54080000.0,מיטב,,True,False,0.0,0.0,0.0,0.0,0.0,0
5131206,"קסם KTFי NASDAQ Biotechnology מנוטרלת מט""ח (ללא הרשאה)",Biotechnology,,"מניות בחו""ל",2026-05-31,13850000.0,קסם,,True,False,0.004,0.0,554.0,0.004,554.0,0
5131222,"MTF מחקה אינדקס אג""ח חברות ממשלתיות (ללא הרשאה)","אג""ח חברות שקלי וצמוד",,"אג""ח בארץ- חברות והמרה",2026-05-31,198780000.0,מגדל,,True,False,0.002,0.0,3975.6000000000004,0.002,3975.6000000000004,0
5131230,"מגדל דולר אגרסיבית אג""ח חו""ל (ללא הרשאה)","אג""ח חשופת דולר",,"אג""ח בחו""ל",2026-05-31,9540000.0,מגדל,,False,False,0.0137,0.0035,1306.98,0.0102,973.0800000000002,0
5131263,אנליסט 15/85 (ללא הרשאה),"אג""ח כללי בארץ- עד 15% מניות",,"אג""ח בארץ - כללי",2026-05-31,16399999.999999998,אנליסט,,False,False,0.0045000000000000005,0.0035,738.0,0.0010000000000000005,164.00000000000006,0
5131271,מגדל מניות ישראל Buy Side (ללא הרשאה),מניות All Cap,,מניות בארץ,2026-05-31,156050000.0,מגדל,,False,False,0.0175,0.0035,27308.750000000004,0.014000000000000002,21847.000000000004,0
5131289,"אי בי אי מחקה משולבת אג""ח מדינה (90%) אינדקס בנקים ישראל (10%) חודשי (ללא הרשאה)","אג""ח מדינה משולבת - עד 10% מניות",,"אג""ח בארץ- מדינה",2026-05-31,63840000.0,אי.בי.אי,,True,False,0.005,0.0,3192.0,0.005,3192.0,0
5131297,"מגדל נדל""ן (ללא הרשאה)",מניות לפי ענפים,,מניות בארץ,2026-05-31,30360000.0,מגדל,,False,False,0.0125,0.0035,3795.0,0.009000000000000001,2732.4,0
5131313,"מגדל מניות סייבר חו""ל (ללא הרשאה)","מניות לפי ענפים בחו""ל",,"מניות בחו""ל",2026-05-31,92270000.0,מגדל,,False,False,0.0194,0.0035,17900.38,0.0159,14670.930000000002,0
5131339,מגדל שווקים מתעוררים (ללא הרשאה),"מניות גיאוגרפי אחר חשופת מט""ח",,"מניות בחו""ל",2026-05-31,46860000.0,מגדל,,False,False,0.0125,0.0035,5857.5,0.009000000000000001,4217.400000000001,0
5131347,"קסם KTFי משולבת אג""ח חברות (50%) אג""ח מדינה (50%) חודשי (ללא הרשאה)",ללא מניות,,"אג""ח בארץ משולבת",2026-05-31,19230000.0,קסם,,True,False,0.0,0.0,0.0,0.0,0.0,0
5131354,"מגדל ת""א Mid Cap (ללא הרשאה)",מניות Large & Mid Cap,,מניות בארץ,2026-05-31,21800000.0,מגדל,,False,False,0.0069,0.0035,1504.1999999999998,0.0034,741.2,0
5131362,איילון טכנולוגיה ישראל (ללא הרשאה),מניות לפי ענפים,,מניות בארץ,2026-05-31,32759999.999999996,איילון,,False,False,0.0125,0.0035,4094.9999999999995,0.009000000000000001,2948.3999999999996,0
5131388,"מגדל מניות חו""ל נקובה $ (ללא הרשאה)","מניות בחו""ל נקובת מט""ח",,"מניות בחו""ל",2026-05-31,20010000.0,מגדל,,False,False,0.0195,0.0035,3901.95,0.016,3201.6000000000004,0
5131404,"הראל מחקה ת""א בנייה (ללא הרשאה)","נדל""ן ובנייה",,מניות בארץ,2026-05-31,89500000.0,הראל,,True,False,0.0025,0.0,2237.5,0.0025,2237.5,0
5131420,"הראל מחקה ת""א מניב ישראל (ללא הרשאה)","נדל""ן ובנייה",,מניות בארץ,2026-05-31,105800000.0,הראל,,True,False,0.001,0.0,1058.0,0.001,1058.0,0
5131438,מגדל סין (ללא הרשאה),"מניות גיאוגרפי אחר חשופת מט""ח",,"מניות בחו""ל",2026-05-31,7730000.0,מגדל,,False,False,0.0125,0.0035,966.25,0.009000000000000001,695.7,0
5131446,"MTF מחקה Bluestar Top 10 US Banks מנוטרלת מט""ח (ללא הרשאה)",Banking,,"מניות בחו""ל",2026-05-31,287600000.0,מגדל,,True,False,0.005,0.0,14380.0,0.005,14380.0,0
5131453,"מגדל מניות ישראל ת""א 125 (ללא הרשאה)",מניות Large & Mid Cap,,מניות בארץ,2026-05-31,123210000.0,מגדל,,False,False,0.0149,0.0035,18358.289999999997,0.0114,14045.94,0
5131461,דרך מניות ערך בינלאומי כשר (ללא הרשאה),"מניות כללי בחו""ל חשופת מט""ח",,"מניות בחו""ל",2026-05-31,18630000.0,סיגמא,דרך אינבסט,False,False,0.018500000000000003,0.0035,3446.5500000000006,0.015000000000000003,2794.500000000001,0
5131479,"מגדל אג""ח ישראל סולידית (ללא הרשאה)","אג""ח כללי בארץ בדירוג גבוה בלבד (AA ומעלה ו/ או מדינה)",,"אג""ח בארץ - כללי",2026-05-31,6600000.0,מגדל,,False,False,0.0059,0.0035,389.4,0.0024,158.39999999999998,0
5131487,"קסם KTF ת""א-מניב ישראל (ללא הרשאה)","נדל""ן ובנייה",,מניות בארץ,2026-05-31,100250000.0,קסם,,True,False,0.0015,0.0,1503.75,0.0015,1503.75,0
5131503,"MTF מחקה Bluestar Travel & Vacation מנוטרלת מט""ח (ללא הרשאה)",Travel,,"מניות בחו""ל",2026-05-31,60800000.0,מגדל,,True,False,0.008,0.0,4864.0,0.008,4864.0,0
5131529,MTF מחקה אינדקס צריכה בסיסית ישראל (ללא הרשאה),צריכה בסיסית,,מניות בארץ,2026-05-31,119220000.0,מגדל,,True,False,0.005,0.0,5961.0,0.005,5961.0,0
5131537,"תכלית NASDAQ Clean Edge Green Energy EW TTF מנוטרלת מט""ח (ללא הרשאה)",Cleantech,,"מניות בחו""ל",2026-05-31,70460000.0,מיטב,,True,False,0.008,0.0,5636.8,0.008,5636.8,0
5131545,אקורד 10/90 (ללא הרשאה),"אג""ח כללי בארץ- עד 10% מניות ללא סימן קריאה",,"אג""ח בארץ - כללי",2026-05-31,242550000.0,איילון,אקורד ניהול השקעות,False,False,0.0075,0.0035,18191.25,0.004,9702.0,0
5131552,"אקורד אג""ח מדורגות (ללא הרשאה)",חברות והמרה ללא מניות וללא סימן קריאה,,"אג""ח בארץ- חברות והמרה",2026-05-31,297440000.0,איילון,אקורד ניהול השקעות,False,False,0.0077,0.0035,22902.88,0.004200000000000001,12492.480000000001,0
5131560,אקורד 20/80 (ללא הרשאה),"אג""ח כללי בארץ- עד 20% מניות",,"אג""ח בארץ - כללי",2026-05-31,342340000.0,איילון,אקורד ניהול השקעות,False,False,0.0079,0.0035,27044.860000000004,0.004400000000000001,15062.960000000005,0
5131578,קסם KTF אינדקס מזון ישראלי (ללא הרשאה),צריכה בסיסית,,מניות בארץ,2026-05-31,81900000.0,קסם,,True,False,0.005,0.0,4095.0,0.005,4095.0,0
5131586,"מור (!) אג""ח חברות עם רכיב בטוחה (ללא הרשאה)",חברות והמרה ללא מניות עם סימן קריאה,,"אג""ח בארץ- חברות והמרה",2026-05-31,463620000.0,מור,,False,False,0.008199999999999999,0.0035,38016.84,0.004699999999999999,21790.139999999996,0
5131602,אי בי אי מחקה אינדקס A תקרת מנפיק (ללא הרשאה),"אג""ח חברות שקלי וצמוד",,"אג""ח בארץ- חברות והמרה",2026-05-31,475390000.0,אי.בי.אי,,True,False,0.003,0.0,14261.7,0.003,14261.7,0
5131610,אי בי אי מחקה תל בונד צמודות בנקים ללא COCO (ללא הרשאה),בריבית קבועה,,"אג""ח בארץ- חברות והמרה",2026-05-31,175230000.0,אי.בי.אי,,True,False,0.0018,0.0,3154.14,0.0018,3154.14,0
5131628,"אי בי אי מחקה S&P 500 מנוטרלת מט""ח (ללא הרשאה)",אמריקה- שווקים מפותחים,,"מניות בחו""ל",2026-05-31,1258810000.0,אי.בי.אי,,True,False,0.0025,0.0,31470.25,0.0025,31470.25,0
5131636,אי בי אי מחקה תל בונד מאגר (ללא הרשאה),"אג""ח חברות שקלי וצמוד",,"אג""ח בארץ- חברות והמרה",2026-05-31,74000000.0,אי.בי.אי,,True,False,0.0015,0.0,1110.0,0.0015,1110.0,0
5131644,"אי בי אי מחקה NASDAQ 100 מנוטרלת מט""ח (ללא הרשאה)",אמריקה- שווקים מפותחים,,"מניות בחו""ל",2026-05-31,1035890000.0000001,אי.בי.אי,,True,False,0.003,0.0,31076.700000000004,0.003,31076.700000000004,0
5131701,אי בי אי מחקה תל גוב-צמודות 0-2 (ללא הרשאה),צמודות מדד ממשלתיות - קצר,,"אג""ח בארץ- מדינה",2026-05-31,203860000.0,אי.בי.אי,,True,False,0.001,0.0,2038.6000000000001,0.001,2038.6000000000001,0
5131719,קסם KTFי Indxx China Internet (ללא הרשאה),Internet,,"מניות בחו""ל",2026-05-31,3330000.0,קסם,,True,False,0.008,0.0,266.40000000000003,0.008,266.40000000000003,0
5131727,MTF מחקה אינדקס A-AA שקלי (ללא הרשאה),בריבית קבועה,,"אג""ח בארץ- חברות והמרה",2026-05-31,65150000.00000001,מגדל,,True,False,0.0,0.0,0.0,0.0,0.0,0
5131735,MTF מחקה אינדקס A-AA צמוד (ללא הרשאה),בריבית קבועה,,"אג""ח בארץ- חברות והמרה",2026-05-31,270480000.0,מגדל,,True,False,0.0025,0.0,6762.0,0.0025,6762.0,0
5131743,מור מחקה אינדקס צריכה ישראלית (ללא הרשאה),שילוב ענפים,,מניות בארץ,2026-05-31,24670000.0,מור,,True,False,0.0055000000000000005,0.0,1356.8500000000001,0.0055000000000000005,1356.8500000000001,0
5131768,תכלית TTFי INDXX TOURISM & LEISURE EW (ללא הרשאה),Travel,,"מניות בחו""ל",2026-05-31,13640000.0,מיטב,,True,False,0.006,0.0,818.4,0.006,818.4,0
5131792,הראל מחקה תל גוב-כללי (ללא הרשאה),"אג""ח מדינה שיקלי וצמוד",,"אג""ח בארץ- מדינה",2026-05-31,163750000.0,הראל,,True,False,0.001,0.0,1637.5000000000002,0.001,1637.5000000000002,0
5131818,קסם KTFי משולבת S&P ארהב צריכה מחזורית (50%) בסיסית (50%) חודשי מנוטרלת מטח (ללא הרשאה),"מניות בחו""ל קרן משולבת",,"מניות בחו""ל",2026-05-31,14930000.0,קסם,,True,False,0.0,0.0,0.0,0.0,0.0,0
5131826,"קסם KTFי משולבת S&P ארה""ב צריכה מחזורית (50%) בסיסית (50%) חודשי (ללא הרשאה)","מניות בחו""ל קרן משולבת",,"מניות בחו""ל",2026-05-31,10440000.0,קסם,,True,False,0.0,0.0,0.0,0.0,0.0,0
5131834,אי בי אי מחקה DJ US Real Estate (ללא הרשאה),REIT - Real Estate,,"מניות בחו""ל",2026-05-31,134640000.0,אי.בי.אי,,True,False,0.008,0.0,10771.2,0.008,10771.2,0
5131842,קסם KTF משולבת S&P ארהב פיננסים (70%) בנקים אזוריים (30%) חודשי מנוטרלת מטח (ללא הרשאה),"מניות בחו""ל קרן משולבת",,"מניות בחו""ל",2026-05-31,23790000.0,קסם,,True,False,0.0,0.0,0.0,0.0,0.0,0
5131867,ISP Asset Managementי 20/80 (ללא הרשאה),"אג""ח כללי בארץ- עד 20% מניות",,"אג""ח בארץ - כללי",2026-05-31,34130000.0,איילון,איי.אס.פי.,False,False,0.008,0.0035,2730.4,0.0045000000000000005,1535.8500000000001,0
5131875,"ISP Asset Management אג""ח ללא מניות (ללא הרשאה)","אג""ח כללי בארץ ללא מניות וללא סימן קריאה",,"אג""ח בארץ - כללי",2026-05-31,104560000.0,איילון,איי.אס.פי.,False,False,0.006999999999999999,0.0035,7319.199999999999,0.003499999999999999,3659.599999999999,0
5131883,"מור מחקה אינדקס תשתיות ובינוי ארה""ב (ללא הרשאה)",REIT - Real Estate,,"מניות בחו""ל",2026-05-31,311940000.0,מור,,True,False,0.008,0.0,24955.2,0.008,24955.2,0
5131891,מור מחקה אינדקס טכנולוגיה ישראל רווחיות משקל שווה (ללא הרשאה),טכנולוגיה,,מניות בארץ,2026-05-31,47250000.0,מור,,True,False,0.0055000000000000005,0.0,2598.7500000000005,0.0055000000000000005,2598.7500000000005,0
5131909,אי בי אי מחקה (!) תל בונד תשואות שקל (ללא הרשאה),בריבית קבועה,,"אג""ח בארץ- חברות והמרה",2026-05-31,101920000.0,אי.בי.אי,,True,False,0.002,0.0,2038.4,0.002,2038.4,0
5131925,תכלית TTF אינדקס בנקים ישראל (ללא הרשאה),בנקאות ואשראי חוץ בנקאי,,מניות בארץ,2026-05-31,525450000.00000006,מיטב,,True,False,0.002,0.0,10509.000000000002,0.002,10509.000000000002,0
5131941,קסם KTFי ISE Cyber Security מנוטרלת דולר (ללא הרשאה),Cyber Security,,"מניות בחו""ל",2026-05-31,38810000.0,קסם,,True,False,0.006999999999999999,0.0,2716.7,0.006999999999999999,2716.7,0
5131958,דיאמונד 30/70 (ללא הרשאה),"אג""ח כללי בארץ- עד 30% מניות",,"אג""ח בארץ - כללי",2026-05-31,154240000.0,איילון,דיאמונד,False,False,0.0089,0.0035,13727.359999999999,0.0054,8328.960000000001,0
5131966,מור מחקה אינדקס בנקים משקל שווה (ללא הרשאה),בנקאות ואשראי חוץ בנקאי,,מניות בארץ,2026-05-31,1009910000.0,מור,,True,False,0.005,0.0,50495.5,0.005,50495.5,0
5131974,הורייזן פיוצ'ר טק גלובלי (ללא הרשאה),"מניות לפי ענפים בחו""ל",,"מניות בחו""ל",2026-05-31,25440000.0,איילון,הורייזן,False,False,0.016,0.0035,4070.4000000000005,0.0125,3180.0,0
5131982,איביאי גמישה (ללא הרשאה),גמישות,,גמישות,2026-05-31,22920000.0,אי.בי.אי,,False,False,0.009000000000000001,0.0035,2062.8,0.005500000000000001,1260.6000000000004,0
5131990,איילון תיק לרשויות מקומיות (ללא הרשאה),"אג""ח כללי בארץ- עד 5% מניות",,"אג""ח בארץ - כללי",2026-05-31,46210000.0,איילון,,False,False,0.0054,0.0035,2495.34,0.0019000000000000002,877.99,0
5132006,קסם KTF אינדקס eGaming מנוטרלת דולר (ללא הרשאה),e-Gaming,,"מניות בחו""ל",2026-05-31,4790000.0,קסם,,True,False,0.006,0.0,287.40000000000003,0.006,287.40000000000003,0
5132014,איילון אנרגיה ירוקה ישראל (ללא הרשאה),מניות לפי ענפים,,מניות בארץ,2026-05-31,97170000.0,איילון,,False,False,0.0125,0.0035,12146.25,0.009000000000000001,8745.300000000001,0
5132030,הראל מחקה אינדקס A שקלי מנפיקים ישראלים (ללא הרשאה),בריבית קבועה,,"אג""ח בארץ- חברות והמרה",2026-05-31,74540000.0,הראל,,True,False,0.003,0.0,2236.2000000000003,0.003,2236.2000000000003,0
5132055,ב. אלטרנטיב 10/90 (ללא הרשאה),"אג""ח כללי בארץ- עד 10% מניות ללא סימן קריאה",,"אג""ח בארץ - כללי",2026-05-31,342100000.0,איילון,בסט אלטרנטיב,False,False,0.0079,0.0035,27025.9,0.004400000000000001,15052.400000000005,0
5132063,"אי בי אי מחקה משולבת S&P סקטורים ארה""ב חודשי מנוטרלת מט""ח (ללא הרשאה)","מניות בחו""ל קרן משולבת",,"מניות בחו""ל",2026-05-31,22300000.0,אי.בי.אי,,True,False,0.005,0.0,1115.0,0.005,1115.0,0
5132071,"אי בי אי מחקה DJ Internet Composite מנוטרלת מט""ח (ללא הרשאה)",Internet,,"מניות בחו""ל",2026-05-31,30670000.0,אי.בי.אי,,True,False,0.008,0.0,2453.6000000000004,0.008,2453.6000000000004,0
5132089,"קסם KTFי משולבת S&P סקטורים ארה""ב חודשי (ללא הרשאה)","מניות בחו""ל קרן משולבת",,"מניות בחו""ל",2026-05-31,74350000.0,קסם,,True,False,0.0,0.0,0.0,0.0,0.0,0
5132113,איילון בונד A-AA (ללא הרשאה),חברות והמרה עם מניות ללא סימן קריאה,,"אג""ח בארץ- חברות והמרה",2026-05-31,5640000.0,איילון,,False,False,0.0075,0.0035,422.99999999999994,0.004,225.60000000000002,0
5132121,"קבין אג""ח ללא מניות (ללא הרשאה)","אג""ח כללי בארץ ללא מניות וללא סימן קריאה",,"אג""ח בארץ - כללי",2026-05-31,1270920000.0,איילון,קבין,False,False,0.0079,0.0035,100402.68000000001,0.004400000000000001,55920.48000000002,0
5132139,איביאי מחקה משולבת טכנולוגיה עולמי חודשי (ללא הרשאה),"מניות בחו""ל קרן משולבת",,"מניות בחו""ל",2026-05-31,24160000.0,אי.בי.אי,,True,False,0.005,0.0,1208.0,0.005,1208.0,0
5132147,אי בי אי מחקה S&P Technology (ללא הרשאה),Technology,,"מניות בחו""ל",2026-05-31,117010000.0,אי.בי.אי,,True,False,0.005,0.0,5850.5,0.005,5850.5,0
5132154,"אי בי אי מחקה S&P Technology מנוטרלת מט""ח (ללא הרשאה)",Technology,,"מניות בחו""ל",2026-05-31,184040000.0,אי.בי.אי,,True,False,0.005,0.0,9202.0,0.005,9202.0,0
5132162,"תכלית TTF אינדקס ביג טק 30 ארה""ב מנוטרלת מט""ח (ללא הרשאה)",Technology,,"מניות בחו""ל",2026-05-31,258170000.00000003,מיטב,,True,False,0.005,0.0,12908.500000000002,0.005,12908.500000000002,0
5132204,פסטרנק שהם (!) 10/90 (ללא הרשאה),"אג""ח כללי בארץ- עד 10% מניות ועם סימן קריאה",,"אג""ח בארץ - כללי",2026-05-31,270220000.0,איילון,פסטרנק שהם,False,False,0.0073,0.0035,19726.06,0.0038,10268.36,0
5132220,מור מחקה אינדקס סייבר למחשוב ענן גלובלי (ללא הרשאה),Cyber Security,,"מניות בחו""ל",2026-05-31,81050000.0,מור,,True,False,0.008,0.0,6484.000000000001,0.008,6484.000000000001,0
5132279,"קסם KTF אינדקס מחשוב ענן ארה""ב מנוטרלת מט""ח (ללא הרשאה)",Cloud Computing,,"מניות בחו""ל",2026-05-31,10400000.0,קסם,,True,False,0.005,0.0,520.0,0.005,520.0,0
5132287,איילון ואליו 2 מניות חו''ל ESG עד 30% מט''ח (ללא הרשאה),"מניות כללי בחו""ל מוגנת מט""ח",,"מניות בחו""ל",2026-05-31,5050000.0,איילון,,False,False,0.0148,0.0035,747.4000000000001,0.011300000000000001,570.6500000000001,0
5132295,הראל מחקה אינדקס קמעונאות ומסחר ישראל (ללא הרשאה),שילוב ענפים,,מניות בארץ,2026-05-31,33130000.000000004,הראל,,True,False,0.0034999999999999996,0.0,1159.55,0.0034999999999999996,1159.55,0
5132303,אילים מניות בנקים (ללא הרשאה),מניות לפי ענפים,,מניות בארץ,2026-05-31,405970000.0,אילים,,False,False,0.0069,0.0035,28011.93,0.0034,13802.98,0
5132329,אי בי אי מחקה DJ Asia Dividend 30 (ללא הרשאה),אסיה ופסיפיק- כללי,,"מניות בחו""ל",2026-05-31,17570000.0,אי.בי.אי,,True,False,0.008,0.0,1405.6000000000001,0.008,1405.6000000000001,0
5132337,אי בי אי מחקה S&P Regional Banks (ללא הרשאה),Banking,,"מניות בחו""ל",2026-05-31,6480000.0,אי.בי.אי,,True,False,0.0,0.0,0.0,0.0,0.0,0
5132345,"אי בי אי מחקה Japan 50 Dividend iNDEX מנוטרלת מט""ח (ללא הרשאה)",אסיה ופסיפיק- שווקים מפותחים,,"מניות בחו""ל",2026-05-31,47610000.0,אי.בי.אי,,True,False,0.008,0.0,3808.8,0.008,3808.8,0
5132360,אי בי אי מחקה S&P Communication Services (ללא הרשאה),Communication,,"מניות בחו""ל",2026-05-31,24950000.0,אי.בי.אי,,True,False,0.005,0.0,1247.5,0.005,1247.5,0
5132378,"קסם KTF אינדקס תיירות ארה""ב מנוטרלת מט""ח (ללא הרשאה)",Travel,,"מניות בחו""ל",2026-05-31,11830000.0,קסם,,True,False,0.006999999999999999,0.0,828.0999999999999,0.006999999999999999,828.0999999999999,0
5132386,"פוקוס (!) אג""ח חברות (ללא הרשאה)",חברות והמרה ללא מניות עם סימן קריאה,,"אג""ח בארץ- חברות והמרה",2026-05-31,115480000.0,איילון,פוקוס,False,False,0.0089,0.0035,10277.72,0.0054,6235.920000000001,0
5132394,קסם KTFי CSI300 (ללא הרשאה),אסיה ופסיפיק- שווקים מתעוררים,,"מניות בחו""ל",2026-05-31,6100000.0,קסם,,True,False,0.005,0.0,305.0,0.005,305.0,0
5132402,קסם KTF תל בונד צמודות-בנקים ללא COCO (ללא הרשאה),בריבית קבועה,,"אג""ח בארץ- חברות והמרה",2026-05-31,93300000.0,קסם,,True,False,0.0015,0.0,1399.5,0.0015,1399.5,0
5132410,פלקון 20/80 (ללא הרשאה),"אג""ח כללי בארץ- עד 20% מניות",,"אג""ח בארץ - כללי",2026-05-31,48160000.0,סיגמא,פלקון,False,False,0.0079,0.0035,3804.6400000000003,0.004400000000000001,2119.0400000000004,0
5132428,אלפי בנדק עוקבת תיק 3 הבנק הבינלאומי (ללא הרשאה),"אג""ח כללי בארץ- עד 30% מניות",,"אג""ח בארץ - כללי",2026-05-31,59940000.0,הראל,אלפי בנדק,False,False,0.0059,0.0035,3536.46,0.0024,1438.56,0
5132436,"אלפי בנדק מניות חו""ל (ללא הרשאה)","מניות כללי בחו""ל חשופת מט""ח",,"מניות בחו""ל",2026-05-31,93230000.0,הראל,אלפי בנדק,False,False,0.0169,0.0035,15755.869999999999,0.013399999999999999,12492.819999999998,0
5132493,איביאי מחקה BlueStar Global GreenTech (ללא הרשאה),Technology,,"מניות בחו""ל",2026-05-31,8990000.0,אי.בי.אי,,True,False,0.008,0.0,719.2,0.008,719.2,0
5132519,אי בי אי מחקה תל בונד שקלי 50 (ללא הרשאה),בריבית קבועה,,"אג""ח בארץ- חברות והמרה",2026-05-31,303020000.0,אי.בי.אי,,True,False,0.002,0.0,6060.400000000001,0.002,6060.400000000001,0
5132527,אי בי אי מחקה ISE Cyber Security (ללא הרשאה),Cyber Security,,"מניות בחו""ל",2026-05-31,16700000.0,אי.בי.אי,,True,False,0.005,0.0,835.0,0.005,835.0,0
5132535,"תכלית TTF אינדקס ישראל A ומעלה פקטור מרווח מאג""ח ממשלתי (ללא הרשאה)","אג""ח חברות שקלי וצמוד",,"אג""ח בארץ- חברות והמרה",2026-05-31,209990000.0,מיטב,,True,False,0.0025,0.0,5249.75,0.0025,5249.75,0
5132568,"תמיר פישמן (!) אג""ח חברות (ללא הרשאה)",חברות והמרה ללא מניות עם סימן קריאה,,"אג""ח בארץ- חברות והמרה",2026-05-31,69710000.0,תמיר פישמן,,False,False,0.0055000000000000005,0.0035,3834.0500000000006,0.0020000000000000005,1394.2000000000003,0
5132592,"הראל מחקה אינדקס A-AAA ת""א שקלי - נקובה $ (ללא הרשאה)",בריבית קבועה,,"אג""ח בארץ- חברות והמרה",2026-05-31,121950000.0,הראל,,True,False,0.0034999999999999996,0.0,4268.25,0.0034999999999999996,4268.25,0
5132626,"אי בי אי מחקה אינדקס אג""ח במרווח גבוה (ללא הרשאה)","אג""ח חברות שקלי וצמוד",,"אג""ח בארץ- חברות והמרה",2026-05-31,327150000.0,אי.בי.אי,,True,False,0.003,0.0,9814.5,0.003,9814.5,0
5132634,"הראל אג""ח ישראל - נקובה $ (ללא הרשאה)","אג""ח כללי בארץ ללא מניות וללא סימן קריאה",,"אג""ח בארץ - כללי",2026-05-31,33980000.0,הראל,,False,False,0.0049,0.0035,1665.02,0.0013999999999999998,475.7199999999999,0
5132709,איביאי מחקה אינדקס רכב חשמלי גלובלי (ללא הרשאה),Transportation,,"מניות בחו""ל",2026-05-31,4530000.0,אי.בי.אי,,True,False,0.008,0.0,362.40000000000003,0.008,362.40000000000003,0
5132782,"קסם KTF ת""א-בנייה (ללא הרשאה)","נדל""ן ובנייה",,מניות בארץ,2026-05-31,53810000.0,קסם,,True,False,0.0,0.0,0.0,0.0,0.0,0
5132790,קבין 10/90 (ללא הרשאה),"אג""ח כללי בארץ- עד 10% מניות ללא סימן קריאה",,"אג""ח בארץ - כללי",2026-05-31,1081150000.0,איילון,קבין,False,False,0.0079,0.0035,85410.85,0.004400000000000001,47570.60000000001,0
5132832,קסם אקטיב דולר פי 3 (ללא הרשאה),ממונפות בסיכון גבוה,,ממונפות ואסטרטגיות,2026-05-31,33500000.0,קסם,,False,False,0.01,0.0035,3350.0,0.006500000000000001,2177.5000000000005,0
5132865,הראל מחקה אינדקס A-AA צמוד 0-2 (ללא הרשאה),בריבית קבועה - קצר,,"אג""ח בארץ- חברות והמרה",2026-05-31,129259999.99999999,הראל,,True,False,0.002,0.0,2585.2,0.002,2585.2,0
5132873,אקורד 30/70 (ללא הרשאה),"אג""ח כללי בארץ- עד 30% מניות",,"אג""ח בארץ - כללי",2026-05-31,201580000.0,איילון,אקורד ניהול השקעות,False,False,0.0088,0.0035,17739.04,0.005300000000000001,10683.740000000002,0
5132923,תכלית TTF אינדקס ביג טק 30 סין מנוטרלת דולר (ללא הרשאה),Technology,,"מניות בחו""ל",2026-05-31,9250000.0,מיטב,,True,False,0.008,0.0,740.0000000000001,0.008,740.0000000000001,0
5132931,"קסם KTF אינדקס אג""ח A משקל שווה (ללא הרשאה)","אג""ח חברות שקלי וצמוד",,"אג""ח בארץ- חברות והמרה",2026-05-31,78630000.0,קסם,,True,False,0.002,0.0,1572.6000000000001,0.002,1572.6000000000001,0
5132949,"קסם KTF אינדקס אג""ח AA משקל שווה (ללא הרשאה)","אג""ח חברות שקלי וצמוד",,"אג""ח בארץ- חברות והמרה",2026-05-31,62920000.0,קסם,,True,False,0.0034999999999999996,0.0,2202.2,0.0034999999999999996,2202.2,0
5132956,"קסם KTF אינדקס אג""ח סקטור באלאנס (ללא הרשאה)","אג""ח חברות שקלי וצמוד",,"אג""ח בארץ- חברות והמרה",2026-05-31,52120000.0,קסם,,True,False,0.0,0.0,0.0,0.0,0.0,0
5132972,"קסם KTFי MVIS US Listed Semiconductor 25 מנוטרלת מט""ח (ללא הרשאה)",Semiconductor,,"מניות בחו""ל",2026-05-31,543790000.0,קסם,,True,False,0.005,0.0,27189.5,0.005,27189.5,0
5132998,הראל 15/85 - נקובה $ (ללא הרשאה),"אג""ח כללי בארץ- עד 15% מניות",,"אג""ח בארץ - כללי",2026-05-31,246120000.0,הראל,,False,False,0.0069,0.0035,16982.28,0.0034,8368.08,0
5133038,"MTF מחקה אינדקס הייטק ישראלי בחו""ל מנוטרלת דולר (ללא הרשאה)",Technology,,"מניות בחו""ל",2026-05-31,3790000.0,מגדל,,True,False,0.005,0.0,189.5,0.005,189.5,0
5133061,MTF מחקה S&P CHINA 500 מנוטרלת דולר (ללא הרשאה),אסיה ופסיפיק- שווקים מתעוררים,,"מניות בחו""ל",2026-05-31,11550000.0,מגדל,,True,False,0.005,0.0,577.5,0.005,577.5,0
5133111,"פסטרנק שהם מניות חו""ל (ללא הרשאה)","מניות כללי בחו""ל חשופת מט""ח",,"מניות בחו""ל",2026-05-31,305350000.0,איילון,פסטרנק שהם,False,False,0.0175,0.0035,53436.25000000001,0.014000000000000002,42749.00000000001,0
5133129,מור מניות צמיחה גלובלי (ללא הרשאה),"מניות כללי בחו""ל חשופת מט""ח",,"מניות בחו""ל",2026-05-31,250000000.0,מור,,False,False,0.0176,0.0035,44000.00000000001,0.014100000000000001,35250.0,0
5133137,איביאי צמודה 20/90 (ללא הרשאה),אסטרטגיות (לא ממונפות),,ממונפות ואסטרטגיות,2026-05-31,672320000.0,אי.בי.אי,,False,False,0.0089,0.0035,59836.479999999996,0.0054,36305.280000000006,0
5133145,הראל מחקה אינדקס A-AAA ריאליות פקטור מרווח מאג''ח ממשלתי (ללא הרשאה),"אג""ח חברות שקלי וצמוד",,"אג""ח בארץ- חברות והמרה",2026-05-31,47110000.0,הראל,,True,False,0.003,0.0,1413.3,0.003,1413.3,0
5133152,"הראל מחקה אינדקס אג""ח מנפיקים ישראלים במשקל שווה (ללא הרשאה)","אג""ח חברות שקלי וצמוד",,"אג""ח בארץ- חברות והמרה",2026-05-31,14790000.0,הראל,,True,False,0.002,0.0,295.8,0.002,295.8,0
5133186,אביב - שגב גמישה (ללא הרשאה),גמישות,,גמישות,2026-05-31,22410000.0,איילון,אביב-שגב,False,False,0.018500000000000003,0.0035,4145.85,0.015000000000000003,3361.500000000001,0
5133202,MTF מחקה תל בונד-שקלי AA-AAA (ללא הרשאה),בריבית קבועה,,"אג""ח בארץ- חברות והמרה",2026-05-31,89200000.0,מגדל,,True,False,0.0,0.0,0.0,0.0,0.0,0
5133210,MTF מחקה תל בונד-צמודות AA-AAA (ללא הרשאה),בריבית קבועה,,"אג""ח בארץ- חברות והמרה",2026-05-31,406040000.0,מגדל,,True,False,0.001,0.0,4060.4000000000005,0.001,4060.4000000000005,0
5133236,ATF מחקה אינדקס בנקים וביטוח ישראל (ללא הרשאה),שילוב ענפים,,מניות בארץ,2026-05-31,723610000.0,אנליסט,,True,False,0.005,0.0,36180.5,0.005,36180.5,0
5133269,"אלטשולר שחם מחקה A.B SmartBeta USA Pure Value מנוטרלת מט""ח (ללא הרשאה)",אמריקה- כללי,,"מניות בחו""ל",2026-05-31,4099999.9999999995,אלטשולר שחם,,True,False,0.009000000000000001,0.0,369.0,0.009000000000000001,369.0,0
5133293,"אי בי אי מחקה S&P Semiconductor Select Industry מנוטרלת מט""ח (ללא הרשאה)",Semiconductor,,"מניות בחו""ל",2026-05-31,87100000.0,אי.בי.אי,,True,False,0.004,0.0,3484.0000000000005,0.004,3484.0000000000005,0
5133301,סיגמא 50/50 (ללא הרשאה),"אג""ח כללי בארץ - חשיפה מרבית מעל 30% מניות",,"אג""ח בארץ - כללי",2026-05-31,68130000.0,סיגמא,,False,False,0.0079,0.0035,5382.27,0.004400000000000001,2997.7200000000007,0
5133335,"תכלית TTFי Nasdaq CTA US Artificial Intelligence and Robotics מנוטרלת מט""ח (ללא הרשאה)",Robotics,,"מניות בחו""ל",2026-05-31,8730000.0,מיטב,,True,False,0.008,0.0,698.4000000000001,0.008,698.4000000000001,0
5133343,סלע 20/80 (ללא הרשאה),"אג""ח כללי בארץ- עד 20% מניות",,"אג""ח בארץ - כללי",2026-05-31,9230000.0,איילון,סלע בית השקעות,False,False,0.0075,0.0035,692.2499999999999,0.004,369.20000000000005,0
5133376,"תכלית TTF אינדקס ישראל צמוד A ומעלה פקטור מרווח מאג""ח ממשלתי (ללא הרשאה)",בריבית קבועה,,"אג""ח בארץ- חברות והמרה",2026-05-31,123480000.0,מיטב,,True,False,0.0015,0.0,1852.2,0.0015,1852.2,0
5133384,"קסם אקטיב מניות נדל""ן (ללא הרשאה)",מניות לפי ענפים,,מניות בארץ,2026-05-31,8420000.0,קסם,,False,False,0.006999999999999999,0.0035,589.4,0.003499999999999999,294.69999999999993,0
5133392,קסם KTF תל בונד-צמודות A (ללא הרשאה),בריבית קבועה,,"אג""ח בארץ- חברות והמרה",2026-05-31,795180000.0,קסם,,True,False,0.0025,0.0,19879.5,0.0025,19879.5,0
5133434,"קסם KTFי Indxx US Infrastructure מנוטרלת מט""ח (ללא הרשאה)",Utilities,,"מניות בחו""ל",2026-05-31,93360000.0,קסם,,True,False,0.005,0.0,4668.0,0.005,4668.0,0
5133459,פורצ'ן 20/80 (ללא הרשאה),"אג""ח כללי בארץ- עד 20% מניות",,"אג""ח בארץ - כללי",2026-05-31,70930000.0,איילון,פורצ'ן,False,False,0.0079,0.0035,5603.47,0.004400000000000001,3120.920000000001,0
5133525,פוקוס מניות (ללא הרשאה),מניות All Cap,,מניות בארץ,2026-05-31,81740000.0,איילון,פוקוס,False,False,0.0169,0.0035,13814.06,0.013399999999999999,10953.159999999998,0
5133533,איביאי מחקה אינדקס פיננסים ישראל איזון ענפי (ללא הרשאה),פיננסים,,מניות בארץ,2026-05-31,352860000.0,אי.בי.אי,,True,False,0.006500000000000001,0.0,22935.9,0.006500000000000001,22935.9,0
5133541,"תכלית TTF ת""א-בנייה (ללא הרשאה)","נדל""ן ובנייה",,מניות בארץ,2026-05-31,237420000.0,מיטב,,True,False,0.002,0.0,4748.400000000001,0.002,4748.400000000001,0
5133574,"הראל מחקה NASDAQ 100 מנוטרלת מט""ח (ללא הרשאה)",אמריקה- שווקים מפותחים,,"מניות בחו""ל",2026-05-31,1067020000.0,הראל,,True,False,0.0,0.0,0.0,0.0,0.0,0
5133582,"תכלית TTF ת""א-ביטוח ושירותים פיננסים (ללא הרשאה)",ביטוח,,מניות בארץ,2026-05-31,680900000.0,מיטב,,True,False,0.003,0.0,20427.0,0.003,20427.0,0
5133608,"הראל מחקה אינדקס AA-AAA ת""א 0-2 - נקובה $ (ללא הרשאה)","אג""ח חברות שקלי וצמוד",,"אג""ח בארץ- חברות והמרה",2026-05-31,39460000.0,הראל,,True,False,0.0025,0.0,986.5,0.0025,986.5,0
5133616,הראל מחקה אינדקס בנקים ישראל (ללא הרשאה),בנקאות ואשראי חוץ בנקאי,,מניות בארץ,2026-05-31,252130000.0,הראל,,True,False,0.005,0.0,12606.5,0.005,12606.5,0
5133632,ילין לפידות אגד ישראלי עד 30% מניות (ללא הרשאה),אגד ישראלי,,אגד קרנות,2026-05-31,56540000.0,ילין לפידות,,False,False,0.0,0.0035,0.0,-0.0035,-1978.9000000000003,0
5133640,ילין לפידות אגד ישראלי עד 15% מניות (ללא הרשאה),אגד ישראלי,,אגד קרנות,2026-05-31,64470000.0,ילין לפידות,,False,False,0.0,0.0035,0.0,-0.0035,-2256.4500000000003,0
5133657,איביאי מחקה אינדקס שבבים גלובלי משקל שווה מנוטרלת דולר (ללא הרשאה),Semiconductor,,"מניות בחו""ל",2026-05-31,122240000.0,אי.בי.אי,,True,False,0.008,0.0,9779.2,0.008,9779.2,0
5133673,אי בי אי מחקה אינדקס A-AA שקלי 0-2 - נקובה $ (ללא הרשאה),בריבית קבועה - קצר,,"אג""ח בארץ- חברות והמרה",2026-05-31,26450000.0,אי.בי.אי,,True,False,0.0,0.0,0.0,0.0,0.0,0
5133681,"תכלית TTFי S&P 900 Pure Value מנוטרלת מט""ח (ללא הרשאה)",אמריקה- שווקים מפותחים,,"מניות בחו""ל",2026-05-31,54330000.0,מיטב,,True,False,0.005,0.0,2716.5,0.005,2716.5,0
5133699,קסם KTFי Bloomberg Agriculture (ללא הרשאה),מדד סחורות,,סחורות,2026-05-31,8720000.0,קסם,,True,False,0.008,0.0,697.6,0.008,697.6,0
5133707,דולפין 25/75 (ללא הרשאה),"אג""ח כללי בארץ- עד 25% מניות",,"אג""ח בארץ - כללי",2026-05-31,330570000.0,איילון,דולפין 1 השקעות,False,False,0.0079,0.0035,26115.030000000002,0.004400000000000001,14545.080000000004,0
5133715,MTF מחקה אינדקס יצרניות גלובלי מנוטרלת דולר (ללא הרשאה),שילוב ענפים,,"מניות בחו""ל",2026-05-31,10190000.0,מגדל,,True,False,0.008,0.0,815.2,0.008,815.2,0
5133731,איילון השקעות (ללא הרשאה),גמישות,,גמישות,2026-05-31,15730000.0,איילון,,False,False,0.0154,0.0035,2422.42,0.0119,1871.8700000000001,0
5133756,הראל מחקה All Bond כללי (ללא הרשאה),"אג""ח בארץ כללי",,"אג""ח בארץ כללי",2026-05-31,25870000.0,הראל,,True,False,0.002,0.0,517.4000000000001,0.002,517.4000000000001,0
5133764,"הראל מחקה ת""א All-Share (ללא הרשאה)",All Cap,,מניות בארץ,2026-05-31,30850000.0,הראל,,True,False,0.0025,0.0,771.25,0.0025,771.25,0
5133772,קסם KTF אינדקס צמוד מדורג Top60 ללא בנקים (ללא הרשאה),בריבית קבועה,,"אג""ח בארץ- חברות והמרה",2026-05-31,259610000.0,קסם,,True,False,0.001,0.0,2596.1000000000004,0.001,2596.1000000000004,0
5133780,מור אגד ישראלי עד 30% מניות (ללא הרשאה),אגד ישראלי,,אגד קרנות,2026-05-31,196610000.0,מור,,False,False,0.0,0.0035,0.0,-0.0035,-6881.35,0
5133798,מור אגד ישראלי עד 15% מניות (ללא הרשאה),אגד ישראלי,,אגד קרנות,2026-05-31,227680000.0,מור,,False,False,0.0,0.0035,0.0,-0.0035,-7968.800000000001,0
5133822,מיטב תיק עד 15% מניות-אגד ישראלי (ללא הרשאה),אגד ישראלי,,אגד קרנות,2026-05-31,108150000.0,מיטב,,False,False,0.0,0.0035,0.0,-0.0035,-3785.2500000000005,0
5133830,מיטב תיק עד 30% מניות-אגד ישראלי (ללא הרשאה),אגד ישראלי,,אגד קרנות,2026-05-31,98490000.0,מיטב,,False,False,0.0,0.0035,0.0,-0.0035,-3447.1500000000005,0
5133871,פלקון תיק השקעות + 30% (ללא הרשאה),"אג""ח כללי בארץ- עד 30% מניות",,"אג""ח בארץ - כללי",2026-05-31,33100000.0,סיגמא,פלקון,False,False,0.0079,0.0035,2614.9,0.004400000000000001,1456.4000000000003,0
5133897,"MTF מחקה אינדקס נדל""ן למגורים ארה""ב Top10 מנוטרלת מט""ח (ללא הרשאה)",REIT - Real Estate,,"מניות בחו""ל",2026-05-31,4880000.0,מגדל,,True,False,0.005,0.0,244.0,0.005,244.0,0
5133905,"ATF מחקה אינדקס אג""ח חברות ישראל EW TOP 100 (ללא הרשאה)","אג""ח חברות שקלי וצמוד",,"אג""ח בארץ- חברות והמרה",2026-05-31,137670000.0,אנליסט,,True,False,0.002,0.0,2753.4,0.002,2753.4,0
5133939,"מיטב תיק אג""ח + 15% (ללא הרשאה)","אג""ח כללי בארץ- עד 15% מניות",,"אג""ח בארץ - כללי",2026-05-31,73170000.0,מיטב,,False,False,0.0034999999999999996,0.0035,2560.95,-4.336808689942018e-19,-3.1732429184305744e-13,0
5133947,"מור 20/80 מניות חו""ל (ללא הרשאה)","אג""ח כללי בארץ- עד 20% מניות",,"אג""ח בארץ - כללי",2026-05-31,1358830000.0,מור,,False,False,0.008199999999999999,0.0035,111424.05999999998,0.004699999999999999,63865.00999999999,0
5133954,"אלטשולר שחם אג""ח מדינה שקליות (ללא הרשאה)","אג""ח מדינה שקליות- ללא מניות",,"אג""ח בארץ- מדינה",2026-05-31,57840000.0,אלטשולר שחם,,False,False,0.006999999999999999,0.0035,4048.7999999999997,0.003499999999999999,2024.3999999999994,0
5133996,"איביאי מחקה משולבת מניות נדל""ן ישראליות חודשי (ללא הרשאה)",מניות בארץ קרן משולבת,,מניות בארץ,2026-05-31,12150000.0,אי.בי.אי,,True,False,0.005,0.0,607.5,0.005,607.5,0
5134002,קסם אקטיב אגד ישראלי עד 15% מניות (ללא הרשאה),אגד ישראלי,,אגד קרנות,2026-05-31,172350000.0,קסם,,False,False,0.0,0.0035,0.0,-0.0035,-6032.250000000001,0
5134010,קסם אקטיב אגד ישראלי עד 30% מניות (ללא הרשאה),אגד ישראלי,,אגד קרנות,2026-05-31,142040000.0,קסם,,False,False,0.0,0.0035,0.0,-0.0035,-4971.400000000001,0
5134028,מיטב 25/75 (ללא הרשאה),"אג""ח כללי בארץ- עד 25% מניות",,"אג""ח בארץ - כללי",2026-05-31,958220000.0,מיטב,,False,False,0.0059,0.0035,56534.979999999996,0.0024,22997.28,0
5134036,"מיטב אג""ח ללא מניות (ללא הרשאה)","אג""ח כללי בארץ ללא מניות וללא סימן קריאה",,"אג""ח בארץ - כללי",2026-05-31,436290000.0,מיטב,,False,False,0.0059,0.0035,25741.11,0.0024,10470.96,0
5134044,איביאי מחקה אינדקס פודטק גלובלי מנוטרלת דולר (ללא הרשאה),Technology,,"מניות בחו""ל",2026-05-31,1640000.0,אי.בי.אי,,True,False,0.008,0.0,131.20000000000002,0.008,131.20000000000002,0
5134069,פוקוס 30/70 (ללא הרשאה),"אג""ח כללי בארץ- עד 30% מניות",,"אג""ח בארץ - כללי",2026-05-31,670790000.0,איילון,פוקוס,False,False,0.0079,0.0035,52992.41,0.004400000000000001,29514.76000000001,0
5134077,איילון מניות בלוקצ'יין וכרייה (ללא הרשאה),"מניות לפי ענפים בחו""ל",,"מניות בחו""ל",2026-05-31,23090000.0,איילון,,False,False,0.018500000000000003,0.0035,4271.650000000001,0.015000000000000003,3463.500000000001,0
5134093,"אי בי אי מחקה ת""א-ביטוח (ללא הרשאה)",ביטוח,,מניות בארץ,2026-05-31,535770000.0,אי.בי.אי,,True,False,0.006,0.0,32146.2,0.006,32146.2,0
5134101,הראל מחקה אינדקס מניות ערך ישראל (ללא הרשאה),Large & Mid Cap,,מניות בארץ,2026-05-31,439850000.0,הראל,,True,False,0.006500000000000001,0.0,28590.250000000004,0.006500000000000001,28590.250000000004,0
5134119,מור מחקה אינדקס יצרני ציוד לשבבים גלובלי (ללא הרשאה),Semiconductor,,"מניות בחו""ל",2026-05-31,197190000.0,מור,,True,False,0.0075,0.0,14789.249999999998,0.0075,14789.249999999998,0
5134135,MTF מחקה אינדקס מתכות ומינרלים גלובלי מנוטרלת דולר (ללא הרשאה),Materials,,"מניות בחו""ל",2026-05-31,116190000.0,מגדל,,True,False,0.008,0.0,9295.2,0.008,9295.2,0
5134143,אימפקט Global Shares (ללא הרשאה),"מניות כללי בחו""ל חשופת מט""ח",,"מניות בחו""ל",2026-05-31,392260000.0,איילון,אימפקט,False,False,0.0167,0.0035,65507.42,0.0132,51778.32000000001,0
5134150,אלטשולר שחם מחקה A.B SmartBeta Mid - Small Cap MultiFactor Top 30 TA (ללא הרשאה),Mid  & Small Cap,,מניות בארץ,2026-05-31,16090000.0,אלטשולר שחם,,True,False,0.008,0.0,1287.2,0.008,1287.2,0
5134168,אי בי אי מחקה אינדקס בנקים ישראל (ללא הרשאה),בנקאות ואשראי חוץ בנקאי,,מניות בארץ,2026-05-31,597220000.0,אי.בי.אי,,True,False,0.005,0.0,29861.0,0.005,29861.0,0
5134176,אילים מניות תשתיות (ללא הרשאה),מניות לפי ענפים,,מניות בארץ,2026-05-31,332650000.0,אילים,,False,False,0.0069,0.0035,22952.85,0.0034,11310.1,0
5134200,איביאי מחקה משולבת מניות ישראל חודשי (ללא הרשאה),מניות בארץ קרן משולבת,,מניות בארץ,2026-05-31,94090000.0,אי.בי.אי,,True,False,0.0,0.0,0.0,0.0,0.0,0
5134218,קבין גמישה (ללא הרשאה),גמישות,,גמישות,2026-05-31,21250000.0,איילון,קבין,False,False,0.018000000000000002,0.0035,3825.0000000000005,0.014500000000000002,3081.2500000000005,0
5134226,"פסטרנק שהם אג""ח כללי ללא מניות (ללא הרשאה)","אג""ח כללי בארץ ללא מניות וללא סימן קריאה",,"אג""ח בארץ - כללי",2026-05-31,227400000.0,איילון,פסטרנק שהם,False,False,0.0075,0.0035,17055.0,0.004,9096.0,0
5134234,פסטרנק שהם 20/80 (ללא הרשאה),"אג""ח כללי בארץ- עד 20% מניות",,"אג""ח בארץ - כללי",2026-05-31,477140000.0,איילון,פסטרנק שהם,False,False,0.0078000000000000005,0.0035,37216.92,0.0043,20517.02,0
5134242,MTF מחקה אינדקס שבבים גלובלי מנוטרלת דולר (ללא הרשאה),Semiconductor,,"מניות בחו""ל",2026-05-31,128050000.00000001,מגדל,,True,False,0.008,0.0,10244.000000000002,0.008,10244.000000000002,0
5134267,איביאי אגד ישראלי עד 30% מניות (ללא הרשאה),אגד ישראלי,,אגד קרנות,2026-05-31,124450000.0,אי.בי.אי,,False,False,0.0,0.0035,0.0,-0.0035,-4355.750000000001,0
5134275,איביאי אגד ישראלי עד 15% מניות (ללא הרשאה),אגד ישראלי,,אגד קרנות,2026-05-31,156960000.0,אי.בי.אי,,False,False,0.0,0.0035,0.0,-0.0035,-5493.6,0
5134283,"פורצ'ן מניות חו""ל (ללא הרשאה)","מניות כללי בחו""ל חשופת מט""ח",,"מניות בחו""ל",2026-05-31,33790000.0,איילון,פורצ'ן,False,False,0.018000000000000002,0.0035,6082.200000000001,0.014500000000000002,4899.550000000001,0
5134291,דיאמונד 10/90 (ללא הרשאה),"אג""ח כללי בארץ- עד 10% מניות ללא סימן קריאה",,"אג""ח בארץ - כללי",2026-05-31,58200000.0,איילון,דיאמונד,False,False,0.0079,0.0035,4597.8,0.004400000000000001,2560.8000000000006,0
5134309,מגדל כספית (ללא הרשאה),כספית שקלית עם קונצרני,,קרן כספית,2026-05-31,5249200000.0,מגדל,,False,False,0.0023899999999999998,0.001,125455.87999999999,0.0013899999999999997,72963.87999999999,1
5134317,ילין לפידות Large & Mid cap ישראל (ללא הרשאה),מניות Large & Mid Cap,,מניות בארץ,2026-05-31,230490000.0,ילין לפידות,,False,False,0.012,0.0035,27658.8,0.0085,19591.65,0
5134333,פינסה 20/80 (ללא הרשאה),"אג""ח כללי בארץ- עד 20% מניות",,"אג""ח בארץ - כללי",2026-05-31,473330000.0,סיגמא,פינסה ניהול נכסים,False,False,0.0079,0.0035,37393.07000000001,0.004400000000000001,20826.520000000004,0
5134341,פינסה 10/90 (ללא הרשאה),"אג""ח כללי בארץ- עד 10% מניות ללא סימן קריאה",,"אג""ח בארץ - כללי",2026-05-31,113340000.0,סיגמא,פינסה ניהול נכסים,False,False,0.0079,0.0035,8953.86,0.004400000000000001,4986.960000000002,0
5134358,פינסה מניות (ללא הרשאה),מניות All Cap,,מניות בארץ,2026-05-31,159880000.0,סיגמא,פינסה ניהול נכסים,False,False,0.018000000000000002,0.0035,28778.4,0.014500000000000002,23182.600000000006,0
5134366,"פינסה אג""ח ללא מניות (ללא הרשאה)","אג""ח כללי בארץ ללא מניות וללא סימן קריאה",,"אג""ח בארץ - כללי",2026-05-31,985630000.0,סיגמא,פינסה ניהול נכסים,False,False,0.0075,0.0035,73922.25,0.004,39425.200000000004,0
5134374,פינסה גמישה (ללא הרשאה),גמישות,,גמישות,2026-05-31,50680000.0,סיגמא,פינסה ניהול נכסים,False,False,0.017,0.0035,8615.6,0.013500000000000002,6841.800000000001,0
5134390,"תכלית TTF אינדקס ישראל שקלי A ומעלה פקטור מרווח מאג""ח ממשלתי (ללא הרשאה)",בריבית קבועה,,"אג""ח בארץ- חברות והמרה",2026-05-31,36850000.0,מיטב,,True,False,0.0015,0.0,552.75,0.0015,552.75,0
5134416,"איביאי מחקה אינדקס מניות ערך ארה""ב פיזור סקטוריאלי מנוטרלת מט""ח (ללא הרשאה)",אמריקה- כללי,,"מניות בחו""ל",2026-05-31,17080000.0,אי.בי.אי,,True,False,0.008,0.0,1366.4,0.008,1366.4,0
5134424,מור מחקה אינדקס ביטוח משקל שווה (ללא הרשאה),ביטוח,,מניות בארץ,2026-05-31,400580000.0,מור,,True,False,0.004,0.0,16023.2,0.004,16023.2,0
5134432,פורטה 30/70 (ללא הרשאה),"אג""ח כללי בארץ- עד 30% מניות",,"אג""ח בארץ - כללי",2026-05-31,726370000.0,סיגמא,פורטה,False,False,0.0075,0.0035,54477.74999999999,0.004,29054.800000000003,0
5134457,קסם אקטיב 25/75 (ללא הרשאה),"אג""ח כללי בארץ- עד 25% מניות",,"אג""ח בארץ - כללי",2026-05-31,39710000.0,קסם,,False,False,0.0059,0.0035,2342.89,0.0024,953.0399999999998,0
5134465,קסם אקטיב תיק השקעות + 30% (ללא הרשאה),"אג""ח כללי בארץ- עד 30% מניות",,"אג""ח בארץ - כללי",2026-05-31,363110000.0,קסם,,False,False,0.0079,0.0035,28685.690000000002,0.004400000000000001,15976.840000000004,0
5134473,"קסם אקטיב אג""ח + 10% (ללא הרשאה)","אג""ח כללי בארץ- עד 10% מניות ללא סימן קריאה",,"אג""ח בארץ - כללי",2026-05-31,217200000.0,קסם,,False,False,0.0074,0.0035,16072.800000000003,0.0039000000000000003,8470.8,0
5134481,"קסם אקטיב אג""ח חברות + 10% (ללא הרשאה)",חברות והמרה עם מניות ללא סימן קריאה,,"אג""ח בארץ- חברות והמרה",2026-05-31,359970000.0,קסם,,False,False,0.0075,0.0035,26997.749999999996,0.004,14398.800000000001,0
5134523,איילון 30/70 (ללא הרשאה),"אג""ח כללי בארץ- עד 30% מניות",,"אג""ח בארץ - כללי",2026-05-31,42010000.0,איילון,,False,False,0.0089,0.0035,3738.89,0.0054,2268.5400000000004,0
5134531,MTF מחקה Nasdaq 100 (ללא הרשאה),אמריקה- שווקים מפותחים,,"מניות בחו""ל",2026-05-31,723530000.0,מגדל,,True,False,0.0,0.0,0.0,0.0,0.0,0
5134549,"MTF מחקה Nasdaq 100 מנוטרלת מט""ח (ללא הרשאה)",אמריקה- שווקים מפותחים,,"מניות בחו""ל",2026-05-31,1192950000.0,מגדל,,True,False,0.0,0.0,0.0,0.0,0.0,0
5134556,תכלית TTFי Indxx Semiconductor Equipment Providers מנוטרלת דולר (ללא הרשאה),Semiconductor,,"מניות בחו""ל",2026-05-31,68720000.0,מיטב,,True,False,0.006,0.0,4123.2,0.006,4123.2,0
5134564,אי בי אי מחקה תל גוב-משתנה שקלי (ללא הרשאה),ריבית משתנה ממשלתיות,,"אג""ח בארץ- מדינה",2026-05-31,4930000.0,אי.בי.אי,,True,False,0.0015,0.0,73.95,0.0015,73.95,0
5134606,"מיטב (!) תיק אג""ח ללא מניות (ללא הרשאה)","אג""ח כללי בארץ ללא מניות עם סימן קריאה",,"אג""ח בארץ - כללי",2026-05-31,19110000.0,מיטב,,False,False,0.0069,0.0035,1318.59,0.0034,649.74,0
5134614,"מיטב (!) תיק אג""ח + 10% (ללא הרשאה)","אג""ח כללי בארץ- עד 10% מניות ועם סימן קריאה",,"אג""ח בארץ - כללי",2026-05-31,13040000.0,מיטב,,False,False,0.0079,0.0035,1030.16,0.004400000000000001,573.7600000000002,0
5134663,"מיטב אג""ח מדינה ללא מניות (ללא הרשאה)","אג""ח מדינה כללי- ללא מניות",,"אג""ח בארץ- מדינה",2026-05-31,665160000.0,מיטב,,False,False,0.0059,0.0035,39244.439999999995,0.0024,15963.839999999998,0
5134671,"אי בי אי מחקה ת""א 125 - נקובה $ (ללא הרשאה)",Large & Mid Cap,,מניות בארץ,2026-05-31,468850000.0,אי.בי.אי,,True,False,0.0025,0.0,11721.25,0.0025,11721.25,0
5134689,"אי בי אי מחקה Shiller Barclays CAPE® US Core Mid-Month Sector מנוטרלת מט""ח (ללא הרשאה)",אמריקה- שווקים מפותחים,,"מניות בחו""ל",2026-05-31,605070000.0,אי.בי.אי,,True,False,0.0079,0.0,47800.530000000006,0.0079,47800.530000000006,0
5134705,הראל מחקה אינדקס לפדיון 2026 מנפיקים במשקל שווה (מתגלגל כל 6 שנים) (ללא הרשאה),"אג""ח חברות שקלי וצמוד",,"אג""ח בארץ- חברות והמרה",2026-05-31,37360000.0,הראל,,True,False,0.002,0.0,747.2,0.002,747.2,0
5134713,"MTF מחקה אינדקס ת""א-125 Smart Momentum (ללא הרשאה)",Large & Mid Cap,,מניות בארץ,2026-05-31,86200000.0,מגדל,,True,False,0.0,0.0,0.0,0.0,0.0,0
5134754,הראל אגד ישראלי עד 15% מניות (ללא הרשאה),אגד ישראלי,,אגד קרנות,2026-05-31,19220000.0,הראל,,False,False,0.0,0.0035,0.0,-0.0035,-672.7,0
5134762,הראל אגד ישראלי עד 30% מניות (ללא הרשאה),אגד ישראלי,,אגד קרנות,2026-05-31,21390000.0,הראל,,False,False,0.0,0.0035,0.0,-0.0035,-748.6500000000001,0
5134788,MTF מחקה אינדקס A מנגנון שקלי-צמוד (ללא הרשאה),"אג""ח חברות שקלי וצמוד",,"אג""ח בארץ- חברות והמרה",2026-05-31,44820000.0,מגדל,,True,False,0.002,0.0,896.4000000000001,0.002,896.4000000000001,0
5134796,MTF מחקה אינדקס AA מנגנון שקלי-צמוד (ללא הרשאה),"אג""ח חברות שקלי וצמוד",,"אג""ח בארץ- חברות והמרה",2026-05-31,31770000.0,מגדל,,True,False,0.002,0.0,635.4000000000001,0.002,635.4000000000001,0
5134804,"אילים (!) אג""ח קונצרני (ללא הרשאה)",חברות והמרה ללא מניות עם סימן קריאה,,"אג""ח בארץ- חברות והמרה",2026-05-31,731750000.0,אילים,,False,False,0.0069,0.0035,50490.75,0.0034,24879.5,0
5134812,אי בי אי מחקה Bloomberg US Corporate 1-5 Years (ללא הרשאה),"חברות והמרה חשופת מט""ח - בינוני",,"אג""ח בחו""ל",2026-05-31,78000000.0,אי.בי.אי,,True,False,0.004,0.0,3120.0000000000005,0.004,3120.0000000000005,0
5134820,אי בי אי מחקה Bloomberg US Intermediate Credit (ללא הרשאה),"אג""ח בחו""ל - אחר",,"אג""ח בחו""ל",2026-05-31,8790000.0,אי.בי.אי,,True,False,0.003,0.0,263.7,0.003,263.7,0
5134838,"אי בי אי מחקה Bloomberg US Corporate 1-5 Years מנוטרלת מט""ח (ללא הרשאה)","חברות והמרה  מנוטרלת מט""ח - בינוני",,"אג""ח בחו""ל",2026-05-31,200400000.0,אי.בי.אי,,True,False,0.004,0.0,8016.000000000001,0.004,8016.000000000001,0
5134846,פרופאונד 30/70 (ללא הרשאה),"אג""ח כללי בארץ- עד 30% מניות",,"אג""ח בארץ - כללי",2026-05-31,47210000.0,איילון,פרופאונד,False,False,0.0069,0.0035,3257.49,0.0034,1605.14,0
5134853,MTF מחקה אינדקס A שקלי אופק דירוג יציב או חיובי (ללא הרשאה),בריבית קבועה,,"אג""ח בארץ- חברות והמרה",2026-05-31,60960000.0,מגדל,,True,False,0.002,0.0,1219.2,0.002,1219.2,0
5134879,אי בי אי מחקה S&P Industrial (ללא הרשאה),Industrials,,"מניות בחו""ל",2026-05-31,28290000.0,אי.בי.אי,,True,False,0.006999999999999999,0.0,1980.2999999999997,0.006999999999999999,1980.2999999999997,0
5134887,אי בי אי מחקה S&P 500 Low Volatility High Dividend (ללא הרשאה),אמריקה- שווקים מפותחים,,"מניות בחו""ל",2026-05-31,11870000.0,אי.בי.אי,,True,False,0.0,0.0,0.0,0.0,0.0,0
5134895,"אי בי אי מחקה iBoxx US Liquid Investment Grade 0-5 Years מנוטרלת מט""ח (ללא הרשאה)","חברות והמרה  מנוטרלת מט""ח",,"אג""ח בחו""ל",2026-05-31,71220000.0,אי.בי.אי,,True,False,0.003,0.0,2136.6,0.003,2136.6,0
5134911,אי בי אי מחקה תל בונד-שקלי A (ללא הרשאה),בריבית קבועה,,"אג""ח בארץ- חברות והמרה",2026-05-31,160460000.0,אי.בי.אי,,True,False,0.0,0.0,0.0,0.0,0.0,0
5134929,קסם KTFי iBoxx USD Liquid FRN Investment Grade Corporates 100 (ללא הרשאה),"חברות והמרה חשופת מט""ח",,"אג""ח בחו""ל",2026-05-31,14320000.0,קסם,,True,False,0.005,0.0,716.0,0.005,716.0,0
5134960,איילון תיק עד 30% מניות - אגד ישראלי (ללא הרשאה),אגד ישראלי,,אגד קרנות,2026-05-31,77420000.0,איילון,,False,False,0.0,0.0035,0.0,-0.0035,-2709.7000000000003,0
5134978,איילון תיק עד 15% מניות - אגד ישראלי (ללא הרשאה),אגד ישראלי,,אגד קרנות,2026-05-31,71320000.0,איילון,,False,False,0.0,0.0035,0.0,-0.0035,-2496.2000000000003,0
5134986,"קסם KTFי Indxx US Tech Top 10 - MR מנוטרלת מט""ח (ללא הרשאה)",Technology,,"מניות בחו""ל",2026-05-31,310890000.0,קסם,,True,False,0.006,0.0,18653.4,0.006,18653.4,0
5135009,"מור (!) אג""ח + 10% (ללא הרשאה)","אג""ח כללי בארץ- עד 10% מניות ועם סימן קריאה",,"אג""ח בארץ - כללי",2026-05-31,1141860000.0,מור,,False,False,0.0075,0.0035,85639.49999999999,0.004,45674.4,0
5135017,"מור (!) אג""ח חברות זיקה לישראל- נקוב $ (ללא הרשאה)",חברות והמרה עם מניות ועם סימן קריאה,,"אג""ח בארץ- חברות והמרה",2026-05-31,70450000.0,מור,,False,False,0.0079,0.0035,5565.550000000001,0.004400000000000001,3099.800000000001,0
5135025,איביאי מחקה אינדקס סייבר גלובלי משקל שווה מנוטרלת דולר (ללא הרשאה),Cyber Security,,"מניות בחו""ל",2026-05-31,5940000.0,אי.בי.אי,,True,False,0.004,0.0,237.60000000000002,0.004,237.60000000000002,0
5135041,הראל איתן אסטרטגיות (ללא הרשאה),אסטרטגיות (לא ממונפות),,ממונפות ואסטרטגיות,2026-05-31,6750000.0,הראל,,False,False,0.0,0.0035,0.0,-0.0035,-236.25000000000003,0
5135058,Gse Spot מניות (ללא הרשאה),מניות All Cap,,מניות בארץ,2026-05-31,10790000.0,איילון,ג'י. אס. אי. ספוט,False,False,0.018500000000000003,0.0035,1996.1500000000003,0.015000000000000003,1618.5000000000005,0
5135074,"תכלית TTFי PHLX Semiconductor Sector מנוטרלת מט""ח (ללא הרשאה)",Semiconductor,,"מניות בחו""ל",2026-05-31,592050000.0,מיטב,,True,False,0.005,0.0,29602.5,0.005,29602.5,0
5135090,"MTF מחקה ת""א-90 נקובה $ (ללא הרשאה)",Mid Cap,,מניות בארץ,2026-05-31,85550000.0,מגדל,,True,False,0.0,0.0,0.0,0.0,0.0,0
5135108,"MTF מחקה Bloomberg US Analyst Recommendations מנוטרלת מט""ח (ללא הרשאה)",אמריקה- שווקים מפותחים,,"מניות בחו""ל",2026-05-31,437370000.0,מגדל,,True,False,0.008,0.0,34989.600000000006,0.008,34989.600000000006,0
5135116,קסם KTF אינדקס Top 60 צמוד - משקל תשואה לפדיון (ללא הרשאה),בריבית קבועה,,"אג""ח בארץ- חברות והמרה",2026-05-31,30840000.0,קסם,,True,False,0.001,0.0,308.40000000000003,0.001,308.40000000000003,0
5135132,"קסם KTF ת""א-פמילי (ללא הרשאה)",אחר,,מניות בארץ,2026-05-31,20120000.0,קסם,,True,False,0.0025,0.0,503.0,0.0025,503.0,0
5135140,תכלית TTF תל בונד-שקלי A (ללא הרשאה),בריבית קבועה,,"אג""ח בארץ- חברות והמרה",2026-05-31,187550000.0,מיטב,,True,False,0.0,0.0,0.0,0.0,0.0,0
5135157,"ילין לפידות מחקה אינדקס סייבר ארה""ב - מבוסס AI מנוטרלת מט""ח (ללא הרשאה)",Cyber Security,,"מניות בחו""ל",2026-05-31,15100000.0,ילין לפידות,,True,False,0.0077,0.0,1162.7,0.0077,1162.7,0
5135165,"ATF מחקה אינדקס ת""א-125 מומנטום ענפי (ללא הרשאה)",Large & Mid Cap,,מניות בארץ,2026-05-31,133020000.00000001,אנליסט,,True,False,0.005,0.0,6651.000000000001,0.005,6651.000000000001,0
5135173,"ברק אולטרה ת""א 35 פי 3 (ללא הרשאה)",ממונפות בסיכון גבוה,,ממונפות ואסטרטגיות,2026-05-31,61260000.0,ברק,,False,False,0.018000000000000002,0.0035,11026.800000000001,0.014500000000000002,8882.700000000003,0
5135181,ברק אולטרה S&P 500 פי 3 (ללא הרשאה),ממונפות בסיכון גבוה,,ממונפות ואסטרטגיות,2026-05-31,12110000.0,ברק,,False,False,0.018000000000000002,0.0035,2179.8,0.014500000000000002,1755.9500000000003,0
5135199,ברק אולטרה דאקס פי 3 (ללא הרשאה),ממונפות בסיכון גבוה,,ממונפות ואסטרטגיות,2026-05-31,9140000.0,ברק,,False,False,0.036000000000000004,0.0035,3290.4,0.0325,2970.5,0
5135207,"ברק אולטרה נאסד""ק 100 פי 3 (ללא הרשאה)",ממונפות בסיכון גבוה,,ממונפות ואסטרטגיות,2026-05-31,40410000.0,ברק,,False,False,0.018000000000000002,0.0035,7273.8,0.014500000000000002,5859.450000000001,0
5135215,"ברק אולטרה ת""א 125 פי 3 (ללא הרשאה)",ממונפות בסיכון גבוה,,ממונפות ואסטרטגיות,2026-05-31,62780000.0,ברק,,False,False,0.018000000000000002,0.0035,11300.400000000001,0.014500000000000002,9103.100000000002,0
5135223,קסם אקטיב ברקת 30/70 (ללא הרשאה),"אג""ח כללי בארץ- עד 30% מניות",,"אג""ח בארץ - כללי",2026-05-31,65930000.00000001,קסם,,False,False,0.0058,0.0035,3823.94,0.0022999999999999995,1516.3899999999999,0
5135256,"ISP Asset Management מניות חו""ל (ללא הרשאה)","מניות כללי בחו""ל חשופת מט""ח",,"מניות בחו""ל",2026-05-31,56040000.0,איילון,איי.אס.פי.,False,False,0.016,0.0035,8966.400000000001,0.0125,7005.0,0
5135264,"פרופאונד אג""ח ללא מניות (ללא הרשאה)","אג""ח כללי בארץ ללא מניות וללא סימן קריאה",,"אג""ח בארץ - כללי",2026-05-31,174580000.0,איילון,פרופאונד,False,False,0.009899999999999999,0.0035,17283.42,0.0063999999999999994,11173.119999999999,0
5135272,"קסם KTFי משולבת מניות חו""ל מפותחות MidCap חודשי מנוטרלת מט""ח (ללא הרשאה)","מניות בחו""ל קרן משולבת",,"מניות בחו""ל",2026-05-31,19040000.0,קסם,,True,False,0.0,0.0,0.0,0.0,0.0,0
5135280,"אי בי אי מחקה EURO STOXX Dividend 30 מנוטרלת מט""ח (ללא הרשאה)",אירופה- כללי,,"מניות בחו""ל",2026-05-31,83950000.0,אי.בי.אי,,True,False,0.005,0.0,4197.5,0.005,4197.5,0
5135306,"אי בי אי מחקה iBoxx US Liquid Investment Grade Top 30 מנוטרלת מט""ח (ללא הרשאה)","חברות והמרה  מנוטרלת מט""ח",,"אג""ח בחו""ל",2026-05-31,10750000.0,אי.בי.אי,,True,False,0.006,0.0,645.0,0.006,645.0,0
5135322,אלפי בנדק גמישה,גמישות,,גמישות,2026-05-31,1300000.0,הראל,אלפי בנדק,False,False,0.025,0.0035,325.0,0.021500000000000002,279.5,0
5135330,קסם KTFי MSCI AC World (ללא הרשאה),"מניות גלובליות - חשופת מט""ח",,"מניות בחו""ל",2026-05-31,159560000.0,קסם,,True,False,0.003,0.0,4786.8,0.003,4786.8,0
5135348,"הראל מחקה ת""א 90 - נקובה $ (ללא הרשאה)",Mid Cap,,מניות בארץ,2026-05-31,50150000.0,הראל,,True,False,0.0,0.0,0.0,0.0,0.0,0
5135371,אי בי אי מחקה אינדקס מותגי מזון גלובלי Top10 מנוטרלת דולר (ללא הרשאה),Consumer Staples,,"מניות בחו""ל",2026-05-31,2490000.0,אי.בי.אי,,True,False,0.006500000000000001,0.0,161.85000000000002,0.006500000000000001,161.85000000000002,0
5135405,MTF מחקה תל גוב-צמודות 5-10 (ללא הרשאה),צמודות מדד ממשלתיות - ארוך,,"אג""ח בארץ- מדינה",2026-05-31,167670000.0,מגדל,,True,False,0.0,0.0,0.0,0.0,0.0,0
5135413,MTF מחקה תל גוב-שקלי 5-10 (ללא הרשאה),ריבית קבועה - ארוך,,"אג""ח בארץ- מדינה",2026-05-31,579630000.0,מגדל,,True,False,0.0,0.0,0.0,0.0,0.0,0
5135421,"מור מחקה אינדקס A-AA מח""מ 3 סינטטי (ללא הרשאה)",אחר,,"אג""ח בארץ- חברות והמרה",2026-05-31,35320000.0,מור,,True,False,0.002,0.0,706.4000000000001,0.002,706.4000000000001,0
5135439,"מור מחקה אינדקס A מח""מ 4 סינטטי (ללא הרשאה)",אחר,,"אג""ח בארץ- חברות והמרה",2026-05-31,209960000.0,מור,,True,False,0.002,0.0,4199.200000000001,0.002,4199.200000000001,0
5135470,MTF מחקה אינדקס תעשיה ישראל (ללא הרשאה),תעשיה,,מניות בארץ,2026-05-31,119340000.0,מגדל,,True,False,0.005,0.0,5967.0,0.005,5967.0,0
5135496,"אלטשולר שחם מחקה נדל""ן ישראל A.B SmartBeta (ללא הרשאה)","נדל""ן ובנייה",,מניות בארץ,2026-05-31,6440000.0,אלטשולר שחם,,True,False,0.009000000000000001,0.0,579.6,0.009000000000000001,579.6,0
5135504,אלטשולר שחם מחקה מחקה טכנולוגיה ישראל A.B SmartBeta (ללא הרשאה),טכנולוגיה,,מניות בארץ,2026-05-31,41430000.0,אלטשולר שחם,,True,False,0.009000000000000001,0.0,3728.7000000000003,0.009000000000000001,3728.7000000000003,0
5135512,אביב מניות גלובלי כשרה (ללא הרשאה),"מניות כללי בחו""ל חשופת מט""ח",,"מניות בחו""ל",2026-05-31,43800000.0,איילון,אביב בית השקעות,False,False,0.0195,0.0035,8541.0,0.016,7008.000000000001,0
5135520,אביב מניות ישראל ESG כשרה (ללא הרשאה),מניות All Cap,,מניות בארץ,2026-05-31,96260000.0,איילון,אביב בית השקעות,False,False,0.0195,0.0035,18770.7,0.016,15401.6,0
5135538,אביב 20/80 תיק ESG כשרה (ללא הרשאה),"אג""ח כללי בארץ- עד 20% מניות",,"אג""ח בארץ - כללי",2026-05-31,27250000.0,איילון,אביב בית השקעות,False,False,0.009300000000000001,0.0035,2534.2500000000005,0.005800000000000001,1580.5000000000005,0
5135546,אביב ESG מניות ישראל (ללא הרשאה),מניות All Cap,,מניות בארץ,2026-05-31,41880000.0,איילון,אביב בית השקעות,False,False,0.0195,0.0035,8166.599999999999,0.016,6700.8,0
5135553,"אביב אג""ח חברות ESG כשרה (ללא הרשאה)",חברות והמרה ללא מניות וללא סימן קריאה,,"אג""ח בארץ- חברות והמרה",2026-05-31,78450000.0,איילון,אביב בית השקעות,False,False,0.0089,0.0035,6982.049999999999,0.0054,4236.3,0
5135587,"אילים אג""ח Floaters לנזילות דולרית - נקובה $ (ללא הרשאה)","אג""ח נקובת מט""ח",,"אג""ח בחו""ל",2026-05-31,26140000.0,אילים,,False,False,0.0059,0.0035,1542.26,0.0024,627.3599999999999,0
5135595,"אילים אג""ח Floaters לנזילות דולרית (ללא הרשאה)","אג""ח חשופת דולר",,"אג""ח בחו""ל",2026-05-31,8020000.0,אילים,,False,False,0.0059,0.0035,473.18,0.0024,192.48,0
5135603,"MTF מחקה S&P 500 VALUE מנוטרלת מט""ח (ללא הרשאה)",אמריקה- שווקים מפותחים,,"מניות בחו""ל",2026-05-31,22080000.0,מגדל,,True,False,0.005,0.0,1104.0,0.005,1104.0,0
5135611,"קסם KTFי BlueStar נדל""ן למגורים ארה""ב - Top 10 מנוטרלת מט""ח (ללא הרשאה)",REIT - Real Estate,,"מניות בחו""ל",2026-05-31,2330000.0,קסם,,True,False,0.0,0.0,0.0,0.0,0.0,0
5135629,גביש גמישה (ללא הרשאה),גמישות,,גמישות,2026-05-31,22610000.0,סיגמא,גביש פיננסים,False,False,0.018500000000000003,0.0035,4182.85,0.015000000000000003,3391.500000000001,0
5135652,ברק אולטרה בנקים פי 3 (ללא הרשאה),ממונפות בסיכון גבוה,,ממונפות ואסטרטגיות,2026-05-31,163290000.0,ברק,,False,False,0.036000000000000004,0.0035,58784.4,0.0325,53069.25,0
5135686,איביאי מחקה אינדקס ישראל הנהגה נשית (ללא הרשאה),אחר,,מניות בארץ,2026-05-31,3320000.0,אי.בי.אי,,True,False,0.0,0.0,0.0,0.0,0.0,0
5135694,"אי בי אי מחקה ת""א-נדל""ן (ללא הרשאה)","נדל""ן ובנייה",,מניות בארץ,2026-05-31,143380000.0,אי.בי.אי,,True,False,0.004,0.0,5735.200000000001,0.004,5735.200000000001,0
5135702,קסם אקטיב 20/80 נקובה $ (ללא הרשאה),"אג""ח כללי בארץ- עד 20% מניות",,"אג""ח בארץ - כללי",2026-05-31,26460000.0,קסם,,False,False,0.0058,0.0035,1534.6799999999998,0.0022999999999999995,608.5799999999999,0
5135710,"אי בי אי מחקה ת""א-פיננסים (ללא הרשאה)",פיננסים,,מניות בארץ,2026-05-31,322590000.0,אי.בי.אי,,True,False,0.005,0.0,16129.5,0.005,16129.5,0
5135736,"הראל מחקה תל גוב-מק""מ - נקובה $ (ללא הרשאה)","מק""מ",,"אג""ח בארץ- מדינה",2026-05-31,11740000.0,הראל,,True,False,0.002,0.0,234.8,0.002,234.8,0
5135744,אלטשולר שחם אגד ישראלי עד 15% מניות (ללא הרשאה),אגד ישראלי,,אגד קרנות,2026-05-31,21050000.0,אלטשולר שחם,,False,False,0.0,0.0035,0.0,-0.0035,-736.7500000000001,0
5135751,אלטשולר שחם אגד ישראלי עד 30% מניות (ללא הרשאה),אגד ישראלי,,אגד קרנות,2026-05-31,19040000.0,אלטשולר שחם,,False,False,0.0,0.0035,0.0,-0.0035,-666.4000000000001,0
5135769,ב. אלטרנטיב 20/80 (ללא הרשאה),"אג""ח כללי בארץ- עד 20% מניות",,"אג""ח בארץ - כללי",2026-05-31,647950000.0,איילון,בסט אלטרנטיב,False,False,0.0079,0.0035,51188.05,0.004400000000000001,28509.800000000007,0
5135777,קסם KTF אינדקס AA ומעלה שקלי 0-3 (ללא הרשאה),בריבית קבועה,,"אג""ח בארץ- חברות והמרה",2026-05-31,80450000.0,קסם,,True,False,0.001,0.0,804.5000000000001,0.001,804.5000000000001,0
5135785,קסם KTF אינדקס AA ומעלה צמוד 0-3 (ללא הרשאה),בריבית קבועה,,"אג""ח בארץ- חברות והמרה",2026-05-31,242170000.0,קסם,,True,False,0.001,0.0,2421.7000000000003,0.001,2421.7000000000003,0
5135793,אינווסטור 360 מניות ערך ישראל (ללא הרשאה),מניות All Cap,,מניות בארץ,2026-05-31,35340000.0,איילון,אינווסט 360,False,False,0.008,0.0035,2827.2000000000003,0.0045000000000000005,1590.3000000000002,0
5135801,"אינווסטור 360 מניות חו""ל (ללא הרשאה)","מניות כללי בחו""ל חשופת מט""ח",,"מניות בחו""ל",2026-05-31,26650000.0,איילון,אינווסט 360,False,False,0.0075,0.0035,1998.7499999999998,0.004,1066.0,0
5135819,תכלית TTF תל בונד-צמודות 1-3 (ללא הרשאה),בריבית קבועה - קצר,,"אג""ח בארץ- חברות והמרה",2026-05-31,711830000.0,מיטב,,True,False,0.002,0.0,14236.6,0.002,14236.6,0
5135835,הראל מחקה תל גוב-שקלי 10+ (ללא הרשאה),ריבית קבועה - ארוך,,"אג""ח בארץ- מדינה",2026-05-31,88710000.0,הראל,,True,False,0.001,0.0,887.1,0.001,887.1,0
5135843,הראל מחקה תל גוב-צמודות 10+ (ללא הרשאה),צמודות מדד ממשלתיות - ארוך,,"אג""ח בארץ- מדינה",2026-05-31,9680000.0,הראל,,True,False,0.001,0.0,96.80000000000001,0.001,96.80000000000001,0
5135884,איביאי מחקה אינדקס אשראי חוץ בנקאי ושירותים פיננסיים אחרים בישראל (ללא הרשאה),בנקאות ואשראי חוץ בנקאי,,מניות בארץ,2026-05-31,63080000.0,אי.בי.אי,,True,False,0.008,0.0,5046.400000000001,0.008,5046.400000000001,0
5135926,מיטב כספית ניהול נזילות (ללא הרשאה),כספית שקלית עם קונצרני,,קרן כספית,2026-05-31,4651150000.0,מיטב,,False,False,0.0022,0.001,102325.30000000002,0.0012000000000000001,55813.8,1
5135942,MTF מחקה אינדקס A-AAA לפדיון 2029 (מתגלגל כל 4 שנים) (ללא הרשאה),"אג""ח חברות שקלי וצמוד",,"אג""ח בארץ- חברות והמרה",2026-05-31,78480000.0,מגדל,,True,False,0.002,0.0,1569.6000000000001,0.002,1569.6000000000001,0
5135975,"ATF מחקה אינדקס אג""ח בנקים וחב' ממשלתיות (ללא הרשאה)","אג""ח חברות שקלי וצמוד",,"אג""ח בארץ- חברות והמרה",2026-05-31,166240000.0,אנליסט,,True,False,0.0025,0.0,4156.0,0.0025,4156.0,0
5135983,"MTF מחקה אינדקס שבבים ארה""ב Top10 מנוטרלת מט""ח (ללא הרשאה)",Semiconductor,,"מניות בחו""ל",2026-05-31,670110000.0,מגדל,,True,False,0.005,0.0,33505.5,0.005,33505.5,0
5135991,ילין לפידות 30/70 ערך (ללא הרשאה),"אג""ח כללי בארץ- עד 30% מניות",,"אג""ח בארץ - כללי",2026-05-31,1060839999.9999999,ילין לפידות,,False,False,0.0059,0.0035,62589.55999999999,0.0024,25460.159999999993,0
5136015,ISP Asset Management מניות ישראל (ללא הרשאה),מניות All Cap,,מניות בארץ,2026-05-31,98070000.0,איילון,איי.אס.פי.,False,False,0.012,0.0035,11768.4,0.0085,8335.95,0
5136023,תכלית TTF אינדקס A-AA לפדיון 2028 (מתגלגל כל 3 שנים) (ללא הרשאה),"אג""ח חברות שקלי וצמוד",,"אג""ח בארץ- חברות והמרה",2026-05-31,14650000.0,מיטב,,True,False,0.0015,0.0,219.75,0.0015,219.75,0
5136031,תכלית TTF אינדקס ישראל AA מאוזן 2-4 (ללא הרשאה),"אג""ח חברות שקלי וצמוד",,"אג""ח בארץ- חברות והמרה",2026-05-31,94350000.0,מיטב,,True,False,0.0015,0.0,1415.25,0.0015,1415.25,0
5136056,"קסם S&P Health Care KTF מנוטרלת מט""ח (ללא הרשאה)",Health Care,,"מניות בחו""ל",2026-05-31,51180000.0,קסם,,True,False,0.0055000000000000005,0.0,2814.9000000000005,0.0055000000000000005,2814.9000000000005,0
5136064,קסם NIKKEI 225 KTF (ללא הרשאה),אסיה ופסיפיק- שווקים מפותחים,,"מניות בחו""ל",2026-05-31,90170000.0,קסם,,True,False,0.0055000000000000005,0.0,4959.35,0.0055000000000000005,4959.35,0
5136080,פסטרנק שהם 15/85 (ללא הרשאה),"אג""ח כללי בארץ- עד 15% מניות",,"אג""ח בארץ - כללי",2026-05-31,73430000.0,איילון,פסטרנק שהם,False,False,0.0075,0.0035,5507.249999999999,0.004,2937.2000000000003,0
5136098,פסטרנק שהם מניות Mid Cap ישראל (ללא הרשאה),מניות Large & Mid Cap,,מניות בארץ,2026-05-31,252450000.0,איילון,פסטרנק שהם,False,False,0.0155,0.0035,39129.75,0.012,30294.0,0
5136114,קסם KTF אינדקס Bullet ישראל 2026 (ללא הרשאה),"אג""ח חברות שקלי וצמוד",,"אג""ח בארץ- חברות והמרה",2026-05-31,192490000.0,קסם,,True,False,0.002,0.0,3849.8,0.002,3849.8,0
5136122,ב. אלטרנטיב גמישה (ללא הרשאה),גמישות,,גמישות,2026-05-31,83580000.0,איילון,בסט אלטרנטיב,False,False,0.0168,0.0035,14041.439999999999,0.0133,11116.139999999998,0
5136130,"קסם KTF ת""א מעלה (ללא הרשאה)",אחר,,מניות בארץ,2026-05-31,87380000.0,קסם,,True,False,0.005,0.0,4369.0,0.005,4369.0,0
5136148,ילין לפידות מחקה אינדקס אנרגיה ירוקה גלובלי - מבוסס AI (ללא הרשאה),Alternative / Renewable Energy,,"מניות בחו""ל",2026-05-31,24350000.0,ילין לפידות,,True,False,0.0077,0.0,1874.95,0.0077,1874.95,0
5136163,"מיטב נדל""ן - תשתיות (ללא הרשאה)",מניות לפי ענפים,,מניות בארץ,2026-05-31,57200000.0,מיטב,,False,False,0.0095,0.0035,5433.999999999999,0.006,3432.0,0
5136171,"תכלית TTF אינדקס בנקים ארה""ב MEGA 20 מנוטרלת מט""ח (ללא הרשאה)",Banking,,"מניות בחו""ל",2026-05-31,82830000.0,מיטב,,True,False,0.004,0.0,3313.2000000000003,0.004,3313.2000000000003,0
5136189,ילין לפידות (!) 10/90 (ללא הרשאה),"אג""ח כללי בארץ- עד 10% מניות ועם סימן קריאה",,"אג""ח בארץ - כללי",2026-05-31,176180000.0,ילין לפידות,,False,False,0.0054,0.0035,9513.720000000001,0.0019000000000000002,3347.42,0
5136213,הראל מחקה תל בונד-שקלי 1-3 (ללא הרשאה),בריבית קבועה - קצר,,"אג""ח בארץ- חברות והמרה",2026-05-31,148610000.0,הראל,,True,False,0.0,0.0,0.0,0.0,0.0,0
5136221,הראל מחקה תל בונד-שקלי 3-5 (ללא הרשאה),בריבית קבועה - בינוני,,"אג""ח בארץ- חברות והמרה",2026-05-31,78530000.0,הראל,,True,False,0.0,0.0,0.0,0.0,0.0,0
5136239,קבין 20/80 (ללא הרשאה),"אג""ח כללי בארץ- עד 20% מניות",,"אג""ח בארץ - כללי",2026-05-31,328730000.0,איילון,קבין,False,False,0.0084,0.0035,27613.32,0.0049,16107.769999999999,0
5136247,"אי בי אי מחקה ת""א צמיחה (ללא הרשאה)",Small Cap,,מניות בארץ,2026-05-31,8270000.0,אי.בי.אי,,True,False,0.0,0.0,0.0,0.0,0.0,0
5136254,בול מרקט השקעות (ללא הרשאה),גמישות,,גמישות,2026-05-31,19600000.0,איילון,בול מרקט,False,False,0.015,0.0035,2939.9999999999995,0.0115,2254.0,0
5136262,אינווסטור 360 גמישה (ללא הרשאה),גמישות,,גמישות,2026-05-31,421120000.0,איילון,אינווסט 360,False,False,0.009000000000000001,0.0035,37900.8,0.005500000000000001,23161.600000000006,0
5136270,פיטנגו 10/90 (ללא הרשאה),"אג""ח כללי בארץ- עד 10% מניות ללא סימן קריאה",,"אג""ח בארץ - כללי",2026-05-31,11550000.0,איילון,פיטנגו,False,False,0.0083,0.0035,958.65,0.0048000000000000004,554.4,0
5136288,FORESTי 30/70 (ללא הרשאה),"אג""ח כללי בארץ- עד 30% מניות",,"אג""ח בארץ - כללי",2026-05-31,118720000.0,פורסט,,False,False,0.0095,0.0035,11278.4,0.006,7123.2,0
5136296,"איילון אג""ח שקלי לפדיון עד 06/2030 (ללא הרשאה)","אג""ח כללי בארץ ללא מניות וללא סימן קריאה, עם מגבלת מח""מ עד 5 שנים",,"אג""ח בארץ - כללי",2026-05-31,20570000.0,איילון,,False,False,0.006,0.0035,1234.2,0.0025,514.25,0
5136304,דיאמונד אסטרטגיות השקעות כשרות (ללא הרשאה),אסטרטגיות (לא ממונפות),,ממונפות ואסטרטגיות,2026-05-31,23630000.0,איילון,דיאמונד,False,False,0.018000000000000002,0.0035,4253.400000000001,0.014500000000000002,3426.350000000001,0
5136312,MTF מחקה אינדקס ממשלתי שקלי לפדיון-רבעון 4 (ללא הרשאה),ריבית קבועה  - קצר,,"אג""ח בארץ- מדינה",2026-05-31,35070000.0,מגדל,,True,False,0.001,0.0,350.70000000000005,0.001,350.70000000000005,0
5136338,מגדל מניות צמיחה (ללא הרשאה),מניות All Cap,,מניות בארץ,2026-05-31,19000000.0,מגדל,,False,False,0.005,0.0035,950.0,0.0015,285.0,0
5136361,"פוקוס אג""ח (!) (ללא הרשאה)","אג""ח כללי בארץ ללא מניות עם סימן קריאה",,"אג""ח בארץ - כללי",2026-05-31,79080000.0,איילון,פוקוס,False,False,0.0079,0.0035,6247.320000000001,0.004400000000000001,3479.520000000001,0
5136379,הראל מחקה תל בונד-צמודות 3-5 (ללא הרשאה),בריבית קבועה - בינוני,,"אג""ח בארץ- חברות והמרה",2026-05-31,229130000.0,הראל,,True,False,0.0012,0.0,2749.5599999999995,0.0012,2749.5599999999995,0
5136395,ילין לפידות מחקה אינדקס שבבים גלובלי - מבוסס AI (ללא הרשאה),Semiconductor,,"מניות בחו""ל",2026-05-31,84870000.0,ילין לפידות,,True,False,0.0077,0.0,6534.99,0.0077,6534.99,0
5136429,דולפין 20/80 (ללא הרשאה),"אג""ח כללי בארץ- עד 20% מניות",,"אג""ח בארץ - כללי",2026-05-31,272860000.0,איילון,דולפין 1 השקעות,False,False,0.0079,0.0035,21555.940000000002,0.004400000000000001,12005.840000000004,0
5136437,אילים אגד ישראלי עד 15% מניות (ללא הרשאה),אגד ישראלי,,אגד קרנות,2026-05-31,282460000.0,אילים,,False,False,0.0,0.0035,0.0,-0.0035,-9886.1,0
5136445,אילים אגד ישראלי עד 30% מניות (ללא הרשאה),אגד ישראלי,,אגד קרנות,2026-05-31,307580000.0,אילים,,False,False,0.0,0.0035,0.0,-0.0035,-10765.300000000001,0
5136544,מיטב כספית שקלית כשרה (ללא הרשאה),כספית שקלית עם קונצרני,,קרן כספית,2026-05-31,8584670000.0,מיטב,,False,False,0.0016,0.001,137354.72,0.0006000000000000001,51508.020000000004,1
5136551,"איילון מדינה שקלי ואג""ח בנקים - עד 2.5 שנים (ללא הרשאה)","אג""ח מדינה שקליות- ללא מניות",,"אג""ח בארץ- מדינה",2026-05-31,19840000.0,איילון,,False,False,0.0043,0.002,853.12,0.0023,456.32,0
5136569,פורטה תיק השקעות עד 50% (ללא הרשאה),"אג""ח כללי בארץ - חשיפה מרבית מעל 30% מניות",,"אג""ח בארץ - כללי",2026-05-31,226860000.0,סיגמא,פורטה,False,False,0.0095,0.0035,21551.699999999997,0.006,13611.6,0
5136593,"פורטה אג""ח מדינה + 10% (ללא הרשאה)","אג""ח מדינה כללי- עד 10% מניות",,"אג""ח בארץ- מדינה",2026-05-31,148380000.0,סיגמא,פורטה,False,False,0.0059,0.0035,8754.42,0.0024,3561.1199999999994,0
5136601,"אזימוט מניות חו""ל (ללא הרשאה)","מניות כללי בחו""ל חשופת מט""ח",,"מניות בחו""ל",2026-05-31,16260000.000000002,איילון,אזימוטליין,False,False,0.02,0.0035,3252.0000000000005,0.0165,2682.9,0
5136619,"פלקון תיק אג""ח ללא מניות (ללא הרשאה)","אג""ח כללי בארץ ללא מניות וללא סימן קריאה",,"אג""ח בארץ - כללי",2026-05-31,33400000.0,סיגמא,פלקון,False,False,0.0079,0.0035,2638.6000000000004,0.004400000000000001,1469.6000000000004,0
5136627,סיגמא 20/80 (ללא הרשאה),"אג""ח כללי בארץ- עד 20% מניות",,"אג""ח בארץ - כללי",2026-05-31,1163660000.0,סיגמא,,False,False,0.0069,0.0035,80292.54,0.0034,39564.44,0
5136635,"קסם אקטיב חלל והגנה ארה""ב (ללא הרשאה)","מניות לפי ענפים בחו""ל",,"מניות בחו""ל",2026-05-31,25040000.0,קסם,,False,False,0.015,0.0035,3755.9999999999995,0.0115,2879.6,0
5136650,מגדל תיק עד 30% מניות - אגד ישראלי (ללא הרשאה),אגד ישראלי,,אגד קרנות,2026-05-31,15480000.0,מגדל,,False,False,0.0,0.0035,0.0,-0.0035,-541.8000000000001,0
5136668,מגדל תיק עד 15% מניות - אגד ישראלי (ללא הרשאה),אגד ישראלי,,אגד קרנות,2026-05-31,45930000.0,מגדל,,False,False,0.0,0.0035,0.0,-0.0035,-1607.5500000000002,0
5136676,"ATF מחקה משולבת אינדקס מנגנון אג""ח (75%) מניות (25%) חודשי (ללא הרשאה)",עד 30% מניות,,"אג""ח בארץ משולבת",2026-05-31,16710000.0,אנליסט,,True,False,0.0029,0.0,484.5899999999999,0.0029,484.5899999999999,0
5136684,"דיאמונד אג""ח שקלי לפדיון עד 06/2027 (ללא הרשאה)","אג""ח כללי בארץ ללא מניות וללא סימן קריאה, עם מגבלת מח""מ עד 5 שנים",,"אג""ח בארץ - כללי",2026-05-31,73010000.0,איילון,דיאמונד,False,False,0.006999999999999999,0.0035,5110.7,0.003499999999999999,2555.3499999999995,0
5136692,קסם S&P Consumer Staples KTF (ללא הרשאה),Consumer Staples,,"מניות בחו""ל",2026-05-31,18290000.0,קסם,,True,False,0.0015,0.0,274.35,0.0015,274.35,0
5136700,"אלטשולר שחם 30/70 מניות ת""א (ללא הרשאה)","אג""ח כללי בארץ- עד 30% מניות",,"אג""ח בארץ - כללי",2026-05-31,12740000.0,אלטשולר שחם,,False,False,0.0049,0.0035,624.26,0.0013999999999999998,178.35999999999999,0
5136718,"אלטשולר שחם 20/80 מניות ת""א (ללא הרשאה)","אג""ח כללי בארץ- עד 20% מניות",,"אג""ח בארץ - כללי",2026-05-31,358580000.0,אלטשולר שחם,,False,False,0.0049,0.0035,17570.42,0.0013999999999999998,5020.119999999999,0
5136726,"אלטשולר שחם 10/90 מניות ת""א (ללא הרשאה)","אג""ח כללי בארץ- עד 10% מניות ללא סימן קריאה",,"אג""ח בארץ - כללי",2026-05-31,10570000.0,אלטשולר שחם,,False,False,0.0049,0.0035,517.93,0.0013999999999999998,147.98,0
5136734,אלטשולר שחם MSCI World (ללא הרשאה),"מניות גיאוגרפי אחר חשופת מט""ח",,"מניות בחו""ל",2026-05-31,289790000.0,אלטשולר שחם,,False,False,0.015,0.0035,43468.49999999999,0.0115,33325.85,0
5136742,אלטשולר שחם כספית נקובת דולר (ללא הרשאה),"נקובת מט""ח",,קרן כספית,2026-05-31,392330000.0,אלטשולר שחם,,False,False,0.0013,0.001,5100.29,0.0002999999999999999,1176.9899999999998,1
5136759,"אלטשולר שחם אג""ח קונצרני מדורג (ללא הרשאה)",חברות והמרה ללא מניות וללא סימן קריאה,,"אג""ח בארץ- חברות והמרה",2026-05-31,229770000.0,אלטשולר שחם,,False,False,0.0079,0.0035,18151.83,0.004400000000000001,10109.880000000003,0
5136767,עציוני גמישה - קרן נאמנות (ללא הרשאה),גמישות,,גמישות,2026-05-31,124320000.0,סיגמא,עציוני ניהול תיקים,False,False,0.015,0.0035,18648.0,0.0115,14296.800000000001,0
5136775,"ATF מחקה אינדקס מניות ארה""ב Large Cap מומנטום ענפי מנוטרלת מט""ח (ללא הרשאה)",אמריקה- שווקים מפותחים,,"מניות בחו""ל",2026-05-31,124170000.0,אנליסט,,True,False,0.006500000000000001,0.0,8071.050000000001,0.006500000000000001,8071.050000000001,0
5136783,קסם אקטיב מניות בלוקצ'יין (ללא הרשאה),"מניות לפי ענפים בחו""ל",,"מניות בחו""ל",2026-05-31,28030000.0,קסם,,False,False,0.0175,0.0035,4905.250000000001,0.014000000000000002,3924.2000000000003,0
5136791,"איילון אג""ח שקלי לפדיון עד 06/2028 (ללא הרשאה)","אג""ח כללי בארץ בדירוג גבוה בלבד (AA ומעלה ו/ או מדינה)",,"אג""ח בארץ - כללי",2026-05-31,36400000.0,איילון,,False,False,0.006,0.0035,2184.0,0.0025,910.0,0
5136817,ברומטר גמישה (ללא הרשאה),גמישות,,גמישות,2026-05-31,26490000.0,איילון,ברומטר,False,False,0.0148,0.0035,3920.5200000000004,0.011300000000000001,2993.3700000000003,0
5136825,"MTF מחקה אינדקס A-AAA שכבות מדורגות מח""מ (ללא הרשאה)","אג""ח חברות שקלי וצמוד",,"אג""ח בארץ- חברות והמרה",2026-05-31,35630000.0,מגדל,,True,False,0.0,0.0,0.0,0.0,0.0,0
5136833,"אי בי אי מחקה S&P 500 Equal Weight מנוטרלת מט""ח (ללא הרשאה)",אמריקה- שווקים מפותחים,,"מניות בחו""ל",2026-05-31,123760000.0,אי.בי.אי,,True,False,0.0,0.0,0.0,0.0,0.0,0
5136841,"אי בי אי מחקה ת""א סקטור-באלאנס (ללא הרשאה)",Large & Mid Cap,,מניות בארץ,2026-05-31,82530000.0,אי.בי.אי,,True,False,0.005,0.0,4126.5,0.005,4126.5,0
5136858,אי בי אי מחקה תל בונד-צמודות 1-3 (ללא הרשאה),בריבית קבועה - קצר,,"אג""ח בארץ- חברות והמרה",2026-05-31,453940000.0,אי.בי.אי,,True,False,0.002,0.0,9078.800000000001,0.002,9078.800000000001,0
5136866,איילון כספית ניהול הנזילות (ללא הרשאה),כספית שקלית עם קונצרני,,קרן כספית,2026-05-31,3964220000.0,איילון,,False,False,0.0018,0.001,71355.96,0.0007999999999999999,31713.76,1
5136874,קסם אקטיב כספית (ללא הרשאה),כספית שקלית עם קונצרני,,קרן כספית,2026-05-31,1587880000.0,קסם,,False,False,0.0024,0.001,38109.119999999995,0.0013999999999999998,22230.319999999996,1
5136882,קסם KTF (!) אינדקס Bullet ישראל 2027 (ללא הרשאה),"אג""ח חברות שקלי וצמוד",,"אג""ח בארץ- חברות והמרה",2026-05-31,310600000.0,קסם,,True,False,0.002,0.0,6212.000000000001,0.002,6212.000000000001,0
5136890,מגדל כספית דולרית - נקובה $ (ללא הרשאה),"נקובת מט""ח",,קרן כספית,2026-05-31,912940000.0,מגדל,,False,False,0.0021,0.001,19171.739999999998,0.0010999999999999998,10042.339999999998,1
5136916,תכלית TTF תל בונד מאגר (ללא הרשאה),"אג""ח חברות שקלי וצמוד",,"אג""ח בארץ- חברות והמרה",2026-05-31,411160000.0,מיטב,,True,False,0.0,0.0,0.0,0.0,0.0,0
5136924,איילון כספית דולרית (ללא הרשאה),חשופת דולר,,קרן כספית,2026-05-31,148170000.0,איילון,,False,False,0.0015,0.001,2222.55,0.0005,740.85,1
5136932,"MTF מחקה משולבת S&P 500י (70%) Nasdaq 100י (30%) חודשי מנוטרלת מט""ח (ללא הרשאה)","מניות בחו""ל קרן משולבת",,"מניות בחו""ל",2026-05-31,362160000.0,מגדל,,True,False,0.0025,0.0,9054.0,0.0025,9054.0,0
5136940,ילין לפידות מחקה תל בונד 100 צמודות (ללא הרשאה),בריבית קבועה,,"אג""ח בארץ- חברות והמרה",2026-05-31,163920000.0,ילין לפידות,,True,False,0.0025,0.0,4098.0,0.0025,4098.0,0
5136957,ילין לפידות מחקה תל בונד שקלי 100 (ללא הרשאה),בריבית קבועה,,"אג""ח בארץ- חברות והמרה",2026-05-31,96320000.0,ילין לפידות,,True,False,0.0025,0.0,2408.0,0.0025,2408.0,0
5136965,תכלית TTF תל בונד 60 צמודות (ללא הרשאה),בריבית קבועה,,"אג""ח בארץ- חברות והמרה",2026-05-31,755930000.0,מיטב,,True,False,0.0,0.0,0.0,0.0,0.0,0
5136981,ילין לפידות מחקה אינדקס תשתיות חיוניות גלובלי - מבוסס AI (ללא הרשאה),Utilities,,"מניות בחו""ל",2026-05-31,13230000.0,ילין לפידות,,True,False,0.0077,0.0,1018.71,0.0077,1018.71,0
5136999,תכלית S&P 500 Bond Mega 30 Investment Grade 3-5 (ללא הרשאה),"חברות והמרה חשופת מט""ח - בינוני",,"אג""ח בחו""ל",2026-05-31,260459999.99999997,מיטב,,True,False,0.0015,0.0,3906.8999999999996,0.0015,3906.8999999999996,0
5137013,MTF מחקה תל דיב (ללא הרשאה),All Cap,,מניות בארץ,2026-05-31,33460000.0,מגדל,,True,False,0.006,0.0,2007.6000000000001,0.006,2007.6000000000001,0
5137021,הראל מחקה iBoxx $ Corps Liquid 3-7 Years (ללא הרשאה),"חברות והמרה חשופת מט""ח - בינוני",,"אג""ח בחו""ל",2026-05-31,109150000.0,הראל,,True,False,0.002,0.0,2183.0,0.002,2183.0,0
5137039,הראל מחקה MSCI INDIA (ללא הרשאה),אסיה ופסיפיק- שווקים מתעוררים,,"מניות בחו""ל",2026-05-31,33189999.999999996,הראל,,True,False,0.0085,0.0,2821.15,0.0085,2821.15,0
5137047,"MTF מחקה משולבת ת""א 125 (70%) ת""א 90 (30%) חודשי (ללא הרשאה)",מניות בארץ קרן משולבת,,מניות בארץ,2026-05-31,122280000.0,מגדל,,True,False,0.0,0.0,0.0,0.0,0.0,0
5137054,MTF מחקה משולבת תל בונד שקלי 50 (70%) תל בונד שקלי (30%) חודשי (ללא הרשאה),משולבת,,"אג""ח בארץ- חברות והמרה",2026-05-31,16340000.0,מגדל,,True,False,0.0,0.0,0.0,0.0,0.0,0
5137070,אנליסט סולידית (ללא הרשאה),"אג""ח כללי בארץ בדירוג גבוה בלבד (AA ומעלה ו/ או מדינה)",,"אג""ח בארץ - כללי",2026-05-31,4860000.0,אנליסט,,False,False,0.0048,0.0035,233.27999999999997,0.0012999999999999995,63.17999999999998,0
5137088,הראל מחקה Hang Seng (ללא הרשאה),אסיה ופסיפיק- שווקים מתעוררים,,"מניות בחו""ל",2026-05-31,6500000.0,הראל,,True,False,0.005,0.0,325.0,0.005,325.0,0
5137112,"MTF מחקה Indxx US Healthcare Top 10 מנוטרלת מט""ח (ללא הרשאה)",Health Care,,"מניות בחו""ל",2026-05-31,16810000.0,מגדל,,True,False,0.005,0.0,840.5,0.005,840.5,0
5137120,מגדל A-AAA שקלי לפדיון עד 2028 (ללא הרשאה),חברות והמרה שקלי ללא מניות,,"אג""ח בארץ- חברות והמרה",2026-05-31,49730000.0,מגדל,,False,False,0.0055000000000000005,0.0035,2735.1500000000005,0.0020000000000000005,994.6000000000003,0
5137146,"פורטה מניות חו""ל (ללא הרשאה)","מניות כללי בחו""ל חשופת מט""ח",,"מניות בחו""ל",2026-05-31,149200000.0,סיגמא,פורטה,False,False,0.017,0.0035,25364.000000000004,0.013500000000000002,20142.000000000004,0
5137153,"מור אג""ח לפדיון עד 12/27 (ללא הרשאה)","אג""ח כללי בארץ ללא מניות וללא סימן קריאה, עם מגבלת מח""מ עד 5 שנים",,"אג""ח בארץ - כללי",2026-05-31,20420000.0,מור,,False,False,0.006500000000000001,0.0035,1327.3000000000002,0.0030000000000000005,612.6000000000001,0
5137161,קסם אקטיב שורט דולר פי 2 (ללא הרשאה),ממונפות בסיכון גבוה,,ממונפות ואסטרטגיות,2026-05-31,4170000.0,קסם,,False,False,0.01,0.0035,417.0,0.006500000000000001,271.05,0
5137179,אי בי אי מחקה Shiller Barclays CAPE US Core Mid-Month Sector - נקובה $ (ללא הרשאה),אמריקה- שווקים מפותחים,,"מניות בחו""ל",2026-05-31,130750000.0,אי.בי.אי,,True,False,0.0079,0.0,10329.250000000002,0.0079,10329.250000000002,0
5137187,"אי.בי.אי מחקה משולבת מניות ארה""ב Large Cap מנוטרלת מט""ח חודשי (ללא הרשאה)","מניות בחו""ל קרן משולבת",,"מניות בחו""ל",2026-05-31,63400000.0,אי.בי.אי,,True,False,0.005,0.0,3170.0,0.005,3170.0,0
5137195,הראל מחקה תל בונד שקלי-50 (ללא הרשאה),בריבית קבועה,,"אג""ח בארץ- חברות והמרה",2026-05-31,755870000.0,הראל,,True,False,0.0007000000000000001,0.0,5291.09,0.0007000000000000001,5291.09,0
5137203,הראל מחקה STOXX Europe 600 מנוטרלת אירו (ללא הרשאה),אירופה- כללי,,"מניות בחו""ל",2026-05-31,214920000.0,הראל,,True,False,0.0,0.0,0.0,0.0,0.0,0
5137211,"פורצ'ן תיק אג""ח (ללא הרשאה)","אג""ח כללי בארץ ללא מניות וללא סימן קריאה",,"אג""ח בארץ - כללי",2026-05-31,58090000.0,איילון,פורצ'ן,False,False,0.0079,0.0035,4589.110000000001,0.004400000000000001,2555.960000000001,0
5137229,"תכלית TTF אינדקס מדינה מאוזן - מח""מ 4 קבוע (ללא הרשאה)","אג""ח מדינה שיקלי וצמוד",,"אג""ח בארץ- מדינה",2026-05-31,31620000.0,מיטב,,True,False,0.0015,0.0,474.3,0.0015,474.3,0
5137237,אי בי אי מחקה אינדקס מניות דיבידנד ישראל מחלקת (ללא הרשאה),Large & Mid Cap,,מניות בארץ,2026-05-31,80350000.0,אי.בי.אי,,True,False,0.005,0.0,4017.5,0.005,4017.5,0
5137245,"הורייזן אג""ח חו""ל מדורג - נקובת דולר (ללא הרשאה)","אג""ח נקובת מט""ח",,"אג""ח בחו""ל",2026-05-31,35120000.0,איילון,הורייזן,False,False,0.0089,0.0035,3125.68,0.0054,1896.4800000000002,0
5137252,"הורייזן (!) אג""ח דולר בינלאומי (ללא הרשאה)","אג""ח חשופת דולר",,"אג""ח בחו""ל",2026-05-31,35420000.0,איילון,הורייזן,False,False,0.0098,0.0035,3471.16,0.0063,2231.46,0
5137278,קסם אקטיב כספית אירו (ללא הרשאה),חשופת יורו,,קרן כספית,2026-05-31,21590000.0,קסם,,False,False,0.0014000000000000002,0.001,302.26000000000005,0.0004000000000000002,86.36000000000003,1
5137286,"איילון אג""ח צמוד לפדיון עד 12/2028 (ללא הרשאה)","אג""ח כללי בארץ בדירוג גבוה בלבד (AA ומעלה ו/ או מדינה)",,"אג""ח בארץ - כללי",2026-05-31,299770000.0,איילון,,False,False,0.006,0.0035,17986.2,0.0025,7494.25,0
5137294,"ילין לפידות מחקה ת""א 125 משקל שווה (ללא הרשאה)",Large & Mid Cap,,מניות בארץ,2026-05-31,107070000.0,ילין לפידות,,True,False,0.001,0.0,1070.7,0.001,1070.7,0
5137302,"ילין לפידות מחקה ת""א בנקים (ללא הרשאה)",בנקאות ואשראי חוץ בנקאי,,מניות בארץ,2026-05-31,677930000.0,ילין לפידות,,True,False,0.0049,0.0,33218.57,0.0049,33218.57,0
5137310,הראל כספית יורו (ללא הרשאה),חשופת יורו,,קרן כספית,2026-05-31,95660000.0,הראל,,False,False,0.0014000000000000002,0.001,1339.2400000000002,0.0004000000000000002,382.64000000000016,1
5137328,תכלית TTF אינדקס AA-AAA י0-3 - פקטור מינוף פיננסי נמוך (ללא הרשאה),"אג""ח חברות שקלי וצמוד",,"אג""ח בארץ- חברות והמרה",2026-05-31,61910000.0,מיטב,,True,False,0.0015,0.0,928.65,0.0015,928.65,0
5137336,"ATF מחקה אינדקס מניות ארה""ב Large Cap מומנטום ענפי (ללא הרשאה)",אמריקה- שווקים מפותחים,,"מניות בחו""ל",2026-05-31,44170000.0,אנליסט,,True,False,0.006500000000000001,0.0,2871.05,0.006500000000000001,2871.05,0
5137344,"איילון אג""ח בנקים וביטוח (ללא הרשאה)",חברות והמרה ללא מניות וללא סימן קריאה,,"אג""ח בארץ- חברות והמרה",2026-05-31,169230000.0,איילון,,False,False,0.006,0.0035,10153.800000000001,0.0025,4230.75,0
5137401,ילין לפידות מחקה תל בונד תשואות צמודות פיזור רחב (ללא הרשאה),בריבית קבועה,,"אג""ח בארץ- חברות והמרה",2026-05-31,175760000.0,ילין לפידות,,True,False,0.0025,0.0,4394.0,0.0025,4394.0,0
5137435,הראל מחקה אינדקס Top10 Tech (ללא הרשאה),Technology,,"מניות בחו""ל",2026-05-31,44510000.0,הראל,,True,False,0.005,0.0,2225.5,0.005,2225.5,0
5137443,גביש 30/70 (ללא הרשאה),"אג""ח כללי בארץ- עד 30% מניות",,"אג""ח בארץ - כללי",2026-05-31,30720000.0,סיגמא,גביש פיננסים,False,False,0.0079,0.0035,2426.88,0.004400000000000001,1351.6800000000003,0
5137450,"פינסה (!) אג""ח חברות (ללא הרשאה)",חברות והמרה ללא מניות עם סימן קריאה,,"אג""ח בארץ- חברות והמרה",2026-05-31,472570000.0,סיגמא,פינסה ניהול נכסים,False,False,0.0085,0.0035,40168.450000000004,0.005000000000000001,23628.500000000004,0
5137468,פינסה Global Equity (ללא הרשאה),"מניות כללי בחו""ל חשופת מט""ח",,"מניות בחו""ל",2026-05-31,42650000.0,סיגמא,פינסה ניהול נכסים,False,False,0.013999999999999999,0.0035,5970.999999999999,0.010499999999999999,4478.25,0
5137476,"פסטרנק שהם (!) אג""ח ללא מניות (ללא הרשאה)","אג""ח כללי בארץ ללא מניות עם סימן קריאה",,"אג""ח בארץ - כללי",2026-05-31,436190000.0,איילון,פסטרנק שהם,False,False,0.01,0.0035,43619.0,0.006500000000000001,28352.350000000002,0
5137484,"ילין לפידות מחקה quabify אג""ח לפדיון 2027 צמוד (ללא הרשאה)",בריבית קבועה,,"אג""ח בארץ- חברות והמרה",2026-05-31,261399999.99999997,ילין לפידות,,True,False,0.0024,0.0,6273.5999999999985,0.0024,6273.5999999999985,0
5137492,"ילין לפידות מחקה quabify אג""ח לפדיון 2026 צמוד (ללא הרשאה)",בריבית קבועה,,"אג""ח בארץ- חברות והמרה",2026-05-31,107190000.0,ילין לפידות,,True,False,0.0024,0.0,2572.5599999999995,0.0024,2572.5599999999995,0
5137500,"ילין לפידות מחקה quabify אג""ח לפדיון 2027 שקלי (ללא הרשאה)",בריבית קבועה,,"אג""ח בארץ- חברות והמרה",2026-05-31,95200000.0,ילין לפידות,,True,False,0.0024,0.0,2284.7999999999997,0.0024,2284.7999999999997,0
5137518,"ילין לפידות מחקה quabify אג""ח לפדיון 2026 שקלי (ללא הרשאה)",בריבית קבועה,,"אג""ח בארץ- חברות והמרה",2026-05-31,32880000.000000004,ילין לפידות,,True,False,0.0024,0.0,789.12,0.0024,789.12,0
5137526,"אי בי אי מחקה אינדקס אג""ח קופון גבוה מחלקת (ללא הרשאה)","אג""ח חברות שקלי וצמוד",,"אג""ח בארץ- חברות והמרה",2026-05-31,18790000.0,אי.בי.אי,,True,False,0.002,0.0,375.8,0.002,375.8,0
5137534,"אילים מניות AI בינה מלאכותית חו""ל (ללא הרשאה)","מניות לפי ענפים בחו""ל",,"מניות בחו""ל",2026-05-31,459260000.0,אילים,,False,False,0.0089,0.0035,40874.14,0.0054,24800.04,0
5137542,אי.בי.אי. מחקה אינדקס A-AAA שקלי 1-4 (ללא הרשאה),בריבית קבועה,,"אג""ח בארץ- חברות והמרה",2026-05-31,92270000.0,אי.בי.אי,,True,False,0.0025,0.0,2306.75,0.0025,2306.75,0
5137559,מגדל כספית מחלקת חודשי (ללא הרשאה),כספית שקלית עם קונצרני,,קרן כספית,2026-05-31,216900000.0,מגדל,,False,False,0.0016,0.001,3470.3999999999996,0.0006000000000000001,1301.4,1
5137567,"קסם KTFי Indxx US Banks Top 10 מנוטרלת מט""ח (ללא הרשאה)",Banking,,"מניות בחו""ל",2026-05-31,9040000.0,קסם,,True,False,0.0034999999999999996,0.0,316.4,0.0034999999999999996,316.4,0
5137575,קסם KTF אינדקס Bullet דולר 2026 - גלובלי (ללא הרשאה),"חברות והמרה חשופת מט""ח",,"אג""ח בחו""ל",2026-05-31,6060000.0,קסם,,True,False,0.0045000000000000005,0.0,272.70000000000005,0.0045000000000000005,272.70000000000005,0
5137625,"איילון זבולון מניות חו""ל (ללא הרשאה)","מניות כללי בחו""ל חשופת מט""ח",,"מניות בחו""ל",2026-05-31,199000000.0,איילון,זבולון שרותי מחקר,False,False,0.0175,0.0035,34825.00000000001,0.014000000000000002,27860.000000000004,0
5137633,"איילון זבולון (!) אג""ח חו""ל HY (ללא הרשאה)","אג""ח חשופת מט""ח",,"אג""ח בחו""ל",2026-05-31,407020000.0,איילון,זבולון שרותי מחקר,False,False,0.01,0.0035,40702.0,0.006500000000000001,26456.300000000003,0
5137641,ילין לפידות כספית (ללא הרשאה),כספית שקלית עם קונצרני,,קרן כספית,2026-05-31,5151740000.0,ילין לפידות,,False,False,0.0022,0.001,113338.28000000001,0.0012000000000000001,61820.880000000005,1
5137666,תכלית TTF משולבת S&P 500י (70%) Nasdaq 100י (30%) חודשי (ללא הרשאה),"מניות בחו""ל קרן משולבת",,"מניות בחו""ל",2026-05-31,44460000.0,מיטב,,True,False,0.0,0.0,0.0,0.0,0.0,0
5137682,מור עוקבת תיק 3 הבנק הבינלאומי (ללא הרשאה),"אג""ח כללי בארץ- עד 30% מניות",,"אג""ח בארץ - כללי",2026-05-31,190870000.0,מור,,False,False,0.0066,0.0035,12597.42,0.0031,5916.97,0
5137690,מיטב כספית שקלית ללא קונצרני (ללא הרשאה),כספית שקלית ללא קונצרני,,קרן כספית,2026-05-31,3012010000.0,מיטב,,False,False,0.0014000000000000002,0.001,42168.14000000001,0.0004000000000000002,12048.040000000005,1
5137708,"דולפין אג""ח ללא מניות (ללא הרשאה)","אג""ח כללי בארץ ללא מניות וללא סימן קריאה",,"אג""ח בארץ - כללי",2026-05-31,9900000.0,איילון,דולפין 1 השקעות,False,False,0.0072,0.0035,712.8000000000001,0.0036999999999999997,366.29999999999995,0
5137716,MTF מחקה S&P 500 Bond Mega 30 Investment Grade 5-7 Year נקובה דולר (ללא הרשאה),"חברות והמרה חשופת מט""ח - ארוך",,"אג""ח בחו""ל",2026-05-31,80230000.0,מגדל,,True,False,0.0025,0.0,2005.75,0.0025,2005.75,0
5137724,"קסם S&P U.S. Treasury Bond 7-10 Year KTF מנוטרלת מט""ח (ללא הרשאה)","ממשלתיות מנוטרלת מט""ח - ארוך",,"אג""ח בחו""ל",2026-05-31,181560000.0,קסם,,True,False,0.0015,0.0,2723.4,0.0015,2723.4,0
5137732,אי.בי.אי. כספית ניהול נזילות (ללא הרשאה),כספית שקלית עם קונצרני,,קרן כספית,2026-05-31,6116020000.0,אי.בי.אי,,False,False,0.00169,0.001,103360.73800000001,0.0006900000000000001,42200.53800000001,1
5137740,קסם אקטיב כספית שקלית (ללא הרשאה),כספית שקלית עם קונצרני,,קרן כספית,2026-05-31,8992430000.0,קסם,,False,False,0.0019,0.001,170856.17,0.0009,80931.87,1
5137757,עציוני מניות ישראל (ללא הרשאה),מניות All Cap,,מניות בארץ,2026-05-31,279890000.0,סיגמא,עציוני ניהול תיקים,False,False,0.015,0.0035,41983.49999999999,0.0115,32187.350000000002,0
5137765,פסטרנק שהם 10/90 (ללא הרשאה),"אג""ח כללי בארץ- עד 10% מניות ללא סימן קריאה",,"אג""ח בארץ - כללי",2026-05-31,93940000.0,איילון,פסטרנק שהם,False,False,0.0059,0.0035,5542.46,0.0024,2254.56,0
5137773,"MTF מחקה אינדקס אג""ח ממשלת ארה""ב - מח""מ 10 קבוע מנוטרלת מט""ח (ללא הרשאה)","ממשלתיות מנוטרלת מט""ח - ארוך",,"אג""ח בחו""ל",2026-05-31,330560000.0,מגדל,,True,False,0.001,0.0,3305.6000000000004,0.001,3305.6000000000004,0
5137781,תכלית S&P 500 Bond Mega 30 Investment Grade 5-7 Year TTF (ללא הרשאה),"חברות והמרה חשופת מט""ח - ארוך",,"אג""ח בחו""ל",2026-05-31,33490000.000000004,מיטב,,True,False,0.0025,0.0,837.2500000000001,0.0025,837.2500000000001,0
5137799,"מיטב אג""ח קונצרני A ומעלה (ללא הרשאה)",חברות והמרה ללא מניות וללא סימן קריאה,,"אג""ח בארץ- חברות והמרה",2026-05-31,259070000.0,מיטב,,False,False,0.0059,0.0035,15285.13,0.0024,6217.679999999999,0
5137807,הראל מחקה S&P 500 Equal Weight (ללא הרשאה),אמריקה- שווקים מפותחים,,"מניות בחו""ל",2026-05-31,164380000.0,הראל,,True,False,0.0015,0.0,2465.7000000000003,0.0015,2465.7000000000003,0
5137815,הראל כספית שקלית כשרה (ללא הרשאה),כספית שקלית עם קונצרני,,קרן כספית,2026-05-31,2741900000.0,הראל,,False,False,0.0014000000000000002,0.001,38386.600000000006,0.0004000000000000002,10967.600000000004,1
5137823,סלע אגד חוץ מנייתי - נקוב $ (ללא הרשאה),אגד חוץ,,אגד קרנות,2026-05-31,18350000.0,איילון,סלע בית השקעות,False,False,0.013500000000000002,0.0035,2477.2500000000005,0.010000000000000002,1835.0000000000002,0
5137831,"איילון אג""ח קונצרני מדורג A ומעלה (ללא הרשאה)",חברות והמרה ללא מניות וללא סימן קריאה,,"אג""ח בארץ- חברות והמרה",2026-05-31,199760000.0,איילון,יועץ השקעות,False,False,0.0059,0.0035,11785.84,0.0024,4794.24,0
5137849,"מור (!) אג""ח דירוג פנימי תשואה גבוהה (ללא הרשאה)",חברות והמרה בסיכון גבוה,,"אג""ח בארץ- חברות והמרה",2026-05-31,292800000.0,מור,,False,False,0.013999999999999999,0.0035,40992.0,0.010499999999999999,30743.999999999996,0
5137872,מיטב 10/90 מודל ESG (ללא הרשאה),"אג""ח כללי בארץ- עד 10% מניות ללא סימן קריאה",,"אג""ח בארץ - כללי",2026-05-31,319540000.0,מיטב,,False,False,0.0059,0.0035,18852.86,0.0024,7668.959999999999,0
5137880,מיטב 20/80 מודל ESG (ללא הרשאה),"אג""ח כללי בארץ- עד 20% מניות",,"אג""ח בארץ - כללי",2026-05-31,203750000.0,מיטב,,False,False,0.006500000000000001,0.0035,13243.750000000002,0.0030000000000000005,6112.500000000001,0
5137898,מיטב 30/70 מודל ESG (ללא הרשאה),"אג""ח כללי בארץ- עד 30% מניות",,"אג""ח בארץ - כללי",2026-05-31,59620000.0,מיטב,,False,False,0.006500000000000001,0.0035,3875.3000000000006,0.0030000000000000005,1788.6000000000001,0
5137906,איביאי כספית דולרית - נקובה $ (ללא הרשאה),"נקובת מט""ח",,קרן כספית,2026-05-31,982140000.0,אי.בי.אי,,False,False,0.0025,0.001,24553.5,0.0015,14732.1,1
5137914,ברק תיק 20/80 (ללא הרשאה),"אג""ח כללי בארץ- עד 20% מניות",,"אג""ח בארץ - כללי",2026-05-31,4080000.0,ברק,,False,False,0.0075,0.0035,306.0,0.004,163.20000000000002,0
5137922,ברק תיק 10/90 (ללא הרשאה),"אג""ח כללי בארץ- עד 10% מניות ללא סימן קריאה",,"אג""ח בארץ - כללי",2026-05-31,4830000.0,ברק,,False,False,0.0075,0.0035,362.24999999999994,0.004,193.20000000000002,0
5137948,הראל מחקה אינדקס אנרגיה ישראלית (ללא הרשאה),"נפט, גז ואנרגיה",,מניות בארץ,2026-05-31,299410000.0,הראל,,True,False,0.004,0.0,11976.400000000001,0.004,11976.400000000001,0
5137955,קסם Cboe S&P 500 15% Buffer MAR IC KTF - מובנה שנתי (ללא הרשאה),אמריקה- שווקים מפותחים,,"מניות בחו""ל",2026-05-31,7390000.0,קסם,,True,False,0.009000000000000001,0.0,665.1,0.009000000000000001,665.1,0
5137963,"אי בי אי מחקה אינדקס אג""ח במרווח גבוה - מח""מ 0-2 (ללא הרשאה)","אג""ח חברות שקלי וצמוד",,"אג""ח בארץ- חברות והמרה",2026-05-31,246760000.0,אי.בי.אי,,True,False,0.0034999999999999996,0.0,8636.599999999999,0.0034999999999999996,8636.599999999999,0
5137989,איביאי מחקה אינדקס A-AAA צמוד 1-4 (ללא הרשאה),בריבית קבועה,,"אג""ח בארץ- חברות והמרה",2026-05-31,121450000.0,אי.בי.אי,,True,False,0.0025,0.0,3036.25,0.0025,3036.25,0
5137997,ATF מחקה אינדקס שקלים ארוכים עד 20% מדינה (ללא הרשאה),בריבית קבועה - ארוך,,"אג""ח בארץ- חברות והמרה",2026-05-31,379060000.0,אנליסט,,True,False,0.002,0.0,7581.200000000001,0.002,7581.200000000001,0
5138003,מור כספית דולרית (ללא הרשאה),חשופת דולר,,קרן כספית,2026-05-31,64800000.0,מור,,False,False,0.0025,0.001,1620.0,0.0015,972.0,1
5138011,"קסם S&P 500 TOP 50 KTF מנוטרלת מט""ח (ללא הרשאה)",אמריקה- שווקים מפותחים,,"מניות בחו""ל",2026-05-31,160900000.0,קסם,,True,False,0.005,0.0,8045.0,0.005,8045.0,0
5138029,אלטשולר שחם מחקה A.B SmartBeta USA MultiFactor (ללא הרשאה),אמריקה- שווקים מפותחים,,"מניות בחו""ל",2026-05-31,1210000.0,אלטשולר שחם,,True,False,0.008,0.0,96.80000000000001,0.008,96.80000000000001,0
5138037,"אלטשולר שחם S&P 500 - מנוטרלת מט""ח (ללא הרשאה)","מניות גיאוגרפי מוגנת מט""ח",,"מניות בחו""ל",2026-05-31,54990000.0,אלטשולר שחם,,False,False,0.014499999999999999,0.0035,7973.55,0.011,6048.9,0
5138045,"ילין לפידות מחקה quabify אג""ח לפדיון 2028 צמוד (ללא הרשאה)",בריבית קבועה,,"אג""ח בארץ- חברות והמרה",2026-05-31,183170000.0,ילין לפידות,,True,False,0.0024,0.0,4396.08,0.0024,4396.08,0
5138052,"ילין לפידות מחקה quabify אג""ח לפדיון 2029 צמוד (ללא הרשאה)",בריבית קבועה,,"אג""ח בארץ- חברות והמרה",2026-05-31,173370000.0,ילין לפידות,,True,False,0.0024,0.0,4160.879999999999,0.0024,4160.879999999999,0
5138060,"ילין לפידות מחקה quabify אג""ח לפדיון 2028 שקלי (ללא הרשאה)",בריבית קבועה,,"אג""ח בארץ- חברות והמרה",2026-05-31,86500000.0,ילין לפידות,,True,False,0.0024,0.0,2075.9999999999995,0.0024,2075.9999999999995,0
5138078,"ילין לפידות מחקה quabify אג""ח לפדיון 2029 שקלי (ללא הרשאה)",בריבית קבועה,,"אג""ח בארץ- חברות והמרה",2026-05-31,162540000.0,ילין לפידות,,True,False,0.0024,0.0,3900.9599999999996,0.0024,3900.9599999999996,0
5138086,תכלית TTF אינדקס CoCo ישראל-10 (ללא הרשאה),בריבית קבועה,,"אג""ח בארץ- חברות והמרה",2026-05-31,35120000.0,מיטב,,True,False,0.001,0.0,351.20000000000005,0.001,351.20000000000005,0
5138094,מגדל כספית שקלית כשרה (ללא הרשאה),כספית שקלית עם קונצרני,,קרן כספית,2026-05-31,5481830000.0,מגדל,,False,False,0.00149,0.001,81679.26699999999,0.00049,26860.966999999997,1
5138102,קסם KTF (!) אינדקס Bullet ישראל 2028 (ללא הרשאה),"אג""ח חברות שקלי וצמוד",,"אג""ח בארץ- חברות והמרה",2026-05-31,132840000.0,קסם,,True,False,0.0025,0.0,3321.0,0.0025,3321.0,0
5138110,קסם KTF (!) אינדקס Bullet ישראל 2029 (ללא הרשאה),"אג""ח חברות שקלי וצמוד",,"אג""ח בארץ- חברות והמרה",2026-05-31,120970000.0,קסם,,True,False,0.0025,0.0,3024.25,0.0025,3024.25,0
5138128,קסם KTF (!) אינדקס Bullet ישראל 2030 (ללא הרשאה),"אג""ח חברות שקלי וצמוד",,"אג""ח בארץ- חברות והמרה",2026-05-31,109780000.0,קסם,,True,False,0.0025,0.0,2744.5,0.0025,2744.5,0
5138151,MTF מחקה S&P 500 Top 50 (ללא הרשאה),אמריקה- שווקים מפותחים,,"מניות בחו""ל",2026-05-31,55100000.0,מגדל,,True,False,0.0015,0.0,826.5,0.0015,826.5,0
5138169,אי בי אי מחקה אינדקס A-AAA שקלי 3-6 (ללא הרשאה),בריבית קבועה - בינוני,,"אג""ח בארץ- חברות והמרה",2026-05-31,144130000.0,אי.בי.אי,,True,False,0.0,0.0,0.0,0.0,0.0,0
5138201,"MTF מחקה Russell 2000 מנוטרלת מט""ח (ללא הרשאה)",אמריקה- שווקים מפותחים,,"מניות בחו""ל",2026-05-31,166310000.0,מגדל,,True,False,0.0025,0.0,4157.75,0.0025,4157.75,0
5138219,"פרופאונד (!) תיק אג""ח ללא מניות (ללא הרשאה)","אג""ח כללי בארץ ללא מניות עם סימן קריאה",,"אג""ח בארץ - כללי",2026-05-31,45770000.0,איילון,פרופאונד,False,False,0.0069,0.0035,3158.1299999999997,0.0034,1556.18,0
5138227,קסם KTF אינדקס AA ומעלה 3+ (ללא הרשאה),"אג""ח חברות שקלי וצמוד",,"אג""ח בארץ- חברות והמרה",2026-05-31,50100000.0,קסם,,True,False,0.0025,0.0,1252.5,0.0025,1252.5,0
5138235,"מור מחקה אינדקס ארה""ב מודל תמחור מומנטום (ללא הרשאה)",אמריקה- שווקים מפותחים,,"מניות בחו""ל",2026-05-31,2860000.0,מור,,True,False,0.006,0.0,171.6,0.006,171.6,0
5138243,"סיגמא אג""ח ללא מניות (ללא הרשאה)","אג""ח כללי בארץ ללא מניות וללא סימן קריאה",,"אג""ח בארץ - כללי",2026-05-31,39570000.0,סיגמא,,False,False,0.0069,0.0035,2730.33,0.0034,1345.3799999999999,0
5138250,"קסם iBoxx US Liquid Investment Grade Top 30 KTF מנוטרלת מט""ח (ללא הרשאה)","חברות והמרה  מנוטרלת מט""ח",,"אג""ח בחו""ל",2026-05-31,172880000.0,קסם,,True,False,0.0015,0.0,2593.2000000000003,0.0015,2593.2000000000003,0
5138268,קסם KTF אינדקס בינוי והנדסת תשתיות (ללא הרשאה),שילוב ענפים,,מניות בארץ,2026-05-31,238340000.0,קסם,,True,False,0.005,0.0,11917.0,0.005,11917.0,0
5138276,"MTF מחקה AB אג""ח מאוזן AAA-A 2028 Bullet (ללא הרשאה)","אג""ח חברות שקלי וצמוד",,"אג""ח בארץ- חברות והמרה",2026-05-31,49070000.0,מגדל,,True,False,0.002,0.0,981.4000000000001,0.002,981.4000000000001,0
5138284,מגדל אגח בינלאומי לפדיון עד 2030 (ללא הרשאה),"אג""ח חשופת דולר",,"אג""ח בחו""ל",2026-05-31,21800000.0,מגדל,,False,False,0.005600000000000001,0.0035,1220.8000000000002,0.0021000000000000007,457.8000000000002,0
5138300,"הראל מחקה S&P Health Care מנוטרלת מט""ח (ללא הרשאה)",Health Care,,"מניות בחו""ל",2026-05-31,81020000.0,הראל,,True,False,0.006500000000000001,0.0,5266.300000000001,0.006500000000000001,5266.300000000001,0
5138318,MTF מחקה אינדקס CoCo ישראל-10 (ללא הרשאה),בריבית קבועה,,"אג""ח בארץ- חברות והמרה",2026-05-31,67080000.0,מגדל,,True,False,0.0,0.0,0.0,0.0,0.0,0
5138326,מיטב כספית דולרית - נקובה $ (ללא הרשאה),"נקובת מט""ח",,קרן כספית,2026-05-31,2420040000.0,מיטב,,False,False,0.0014000000000000002,0.001,33880.560000000005,0.0004000000000000002,9680.160000000003,1
5138334,"תכלית S&P 500 Bond Mega 30 Investment Grade 3-5 Year TTF מנוטרלת מט""ח (ללא הרשאה)","חברות והמרה  מנוטרלת מט""ח - בינוני",,"אג""ח בחו""ל",2026-05-31,84120000.0,מיטב,,True,False,0.002,0.0,1682.4,0.002,1682.4,0
5138342,MTF מחקה אינדקס AA-AAA ישראל 5-7 (ללא הרשאה),"אג""ח חברות שקלי וצמוד",,"אג""ח בארץ- חברות והמרה",2026-05-31,321360000.0,מגדל,,True,False,0.0,0.0,0.0,0.0,0.0,0
5138359,"ATF מחקה אינדקס EW TOP100 מרווח מעל הממוצע מותאם מח""מ (ללא הרשאה)","אג""ח חברות שקלי וצמוד",,"אג""ח בארץ- חברות והמרה",2026-05-31,105840000.0,אנליסט,,True,False,0.002,0.0,2116.8,0.002,2116.8,0
5138383,"תכלית S&P 500 Equal Weight TTF מנוטרלת מט""ח (ללא הרשאה)",אמריקה- שווקים מפותחים,,"מניות בחו""ל",2026-05-31,34710000.0,מיטב,,True,False,0.001,0.0,347.1,0.001,347.1,0
5138391,"מגדל אג""ח לפדיון עד 2030 (ללא הרשאה)","אג""ח כללי בארץ ללא מניות וללא סימן קריאה",,"אג""ח בארץ - כללי",2026-05-31,66989999.99999999,מגדל,,False,False,0.0049,0.0035,3282.5099999999993,0.0013999999999999998,937.8599999999998,0
5138409,הראל מחקה אינדקס תעשיות ביטחוניות ארה''ב וישראל (ללא הרשאה),Aerospace & Defense,,"מניות בחו""ל",2026-05-31,600800000.0,הראל,,True,False,0.006999999999999999,0.0,42055.99999999999,0.006999999999999999,42055.99999999999,0
5138417,תכלית TTF אינדקס AA-AAA י5+ פקטור מינוף פיננסי נמוך (ללא הרשאה),"אג""ח חברות שקלי וצמוד",,"אג""ח בארץ- חברות והמרה",2026-05-31,13460000.0,מיטב,,True,False,0.002,0.0,269.20000000000005,0.002,269.20000000000005,0
5138425,"פורצ'ן (!) אג""ח גלובלי - נקובה $ (ללא הרשאה)","אג""ח נקובת מט""ח",,"אג""ח בחו""ל",2026-05-31,350500000.0,איילון,פורצ'ן,False,False,0.009000000000000001,0.0035,31545.000000000004,0.005500000000000001,19277.500000000004,0
5138433,MTF מחקה Bloomberg US Analyst Recommendations (ללא הרשאה),אמריקה- שווקים מפותחים,,"מניות בחו""ל",2026-05-31,23580000.0,מגדל,,True,False,0.008,0.0,1886.4,0.008,1886.4,0
5138441,קסם S&P 500 TOP 50 KTF (ללא הרשאה),אמריקה- שווקים מפותחים,,"מניות בחו""ל",2026-05-31,6620000.0,קסם,,True,False,0.0025,0.0,165.5,0.0025,165.5,0
5138458,MTF מחקה אינדקס Top 10 US Banks Bonds (ללא הרשאה),"חברות והמרה חשופת מט""ח",,"אג""ח בחו""ל",2026-05-31,29110000.0,מגדל,,True,False,0.0025,0.0,727.75,0.0025,727.75,0
5138466,MTF מחקה iBoxx US Liquid Investment Grade Top 30 (ללא הרשאה),"חברות והמרה חשופת מט""ח",,"אג""ח בחו""ל",2026-05-31,73530000.0,מגדל,,True,False,0.002,0.0,1470.6000000000001,0.002,1470.6000000000001,0
5138474,"MTF מחקה S&P 500 Equal Weight מנוטרלת מט""ח (ללא הרשאה)",אמריקה- שווקים מפותחים,,"מניות בחו""ל",2026-05-31,99170000.0,מגדל,,True,False,0.0,0.0,0.0,0.0,0.0,0
5138482,"MTF מחקה S&P 500 Bond Mega 30 Investment Grade 3-5 Year מנוטרלת מט""ח (ללא הרשאה)","חברות והמרה  מנוטרלת מט""ח - בינוני",,"אג""ח בחו""ל",2026-05-31,170990000.0,מגדל,,True,False,0.002,0.0,3419.8,0.002,3419.8,0
5138490,"קסם אקטיב תיק מחקות אג""ח ומניות - אגד ישראלי (ללא הרשאה)",אגד ישראלי,,אגד קרנות,2026-05-31,5220000.0,קסם,,False,False,0.0,0.0035,0.0,-0.0035,-182.70000000000002,0
5138524,"מגדל נאסד""ק 100 כשרה מנוטרלת מט""ח (ללא הרשאה)","מניות גיאוגרפי מוגנת מט""ח",,"מניות בחו""ל",2026-05-31,29810000.0,מגדל,,False,False,0.005,0.0035,1490.5,0.0015,447.15000000000003,0
5138532,"מגדל 10/90 - אג""ח מדורג (ללא הרשאה)",חברות והמרה עם מניות ללא סימן קריאה,,"אג""ח בארץ- חברות והמרה",2026-05-31,7370000.0,מגדל,,False,False,0.0049,0.0035,361.13,0.0013999999999999998,103.17999999999999,0
5138557,קסם KTF אינדקס Bullet צמוד 2026 (ללא הרשאה),בריבית קבועה,,"אג""ח בארץ- חברות והמרה",2026-05-31,30280000.0,קסם,,True,False,0.0025,0.0,757.0,0.0025,757.0,0
5138565,קסם KTF אינדקס Bullet שקלי 2026 (ללא הרשאה),בריבית קבועה,,"אג""ח בארץ- חברות והמרה",2026-05-31,78690000.0,קסם,,True,False,0.002,0.0,1573.8000000000002,0.002,1573.8000000000002,0
5138573,קסם KTF (!) אינדקס Bullet שקלי 2027 (ללא הרשאה),בריבית קבועה,,"אג""ח בארץ- חברות והמרה",2026-05-31,78090000.0,קסם,,True,False,0.002,0.0,1561.8000000000002,0.002,1561.8000000000002,0
5138581,קסם KTF (!) אינדקס Bullet צמוד 2027 (ללא הרשאה),בריבית קבועה,,"אג""ח בארץ- חברות והמרה",2026-05-31,227630000.0,קסם,,True,False,0.002,0.0,4552.6,0.002,4552.6,0
5138599,קסם KTF (!) אינדקס Bullet צמוד 2029 (ללא הרשאה),בריבית קבועה,,"אג""ח בארץ- חברות והמרה",2026-05-31,129550000.00000001,קסם,,True,False,0.0025,0.0,3238.7500000000005,0.0025,3238.7500000000005,0
5138607,קסם KTF (!) אינדקס Bullet שקלי 2029 (ללא הרשאה),בריבית קבועה,,"אג""ח בארץ- חברות והמרה",2026-05-31,96590000.0,קסם,,True,False,0.0025,0.0,2414.75,0.0025,2414.75,0
5138615,"דולפין מניות חו""ל (ללא הרשאה)","מניות כללי בחו""ל חשופת מט""ח",,"מניות בחו""ל",2026-05-31,76020000.0,איילון,דולפין 1 השקעות,False,False,0.0179,0.0035,13607.579999999998,0.0144,10946.880000000001,0
5138623,תכלית Indxx Blockchain Ecosystem TTF (ללא הרשאה),Blockchain,,"מניות בחו""ל",2026-05-31,3000000.0,מיטב,,True,False,0.0095,0.0,285.0,0.0095,285.0,0
5138631,קסם Russell 2000 KTF (ללא הרשאה),אמריקה- שווקים מפותחים,,"מניות בחו""ל",2026-05-31,32220000.0,קסם,,True,False,0.0,0.0,0.0,0.0,0.0,0
5138649,ילין לפידות מחקה תל בונד צמודות בנקים (ללא הרשאה),בריבית קבועה,,"אג""ח בארץ- חברות והמרה",2026-05-31,19130000.0,ילין לפידות,,True,False,0.0025,0.0,478.25,0.0025,478.25,0
5138656,"מגדל (!) הזדמנויות אג""ח ללא מניות (ללא הרשאה)","אג""ח כללי בארץ ללא מניות עם סימן קריאה",,"אג""ח בארץ - כללי",2026-05-31,2930000.0,מגדל,,False,False,0.0059,0.0035,172.87,0.0024,70.32,0
5138664,קסם Cboe S&P 500 15% Buffer JUN IC KTF - מובנה שנתי (ללא הרשאה),אמריקה- שווקים מפותחים,,"מניות בחו""ל",2026-05-31,8890000.0,קסם,,True,False,0.0085,0.0,755.6500000000001,0.0085,755.6500000000001,0
5138672,אילים מניות ישראל (ללא הרשאה),מניות All Cap,,מניות בארץ,2026-05-31,24640000.0,אילים,,False,False,0.0079,0.0035,1946.5600000000002,0.004400000000000001,1084.1600000000003,0
5138680,"אילים תיק אג""ח +10% (ללא הרשאה)","אג""ח כללי בארץ- עד 10% מניות ללא סימן קריאה",,"אג""ח בארץ - כללי",2026-05-31,87600000.0,אילים,,False,False,0.0059,0.0035,5168.4,0.0024,2102.3999999999996,0
5138698,דולפין כספית (ללא הרשאה),כספית שקלית עם קונצרני,,קרן כספית,2026-05-31,5802810000.0,איילון,דולפין 1 השקעות,False,False,0.00149,0.001,86461.86899999999,0.00049,28433.768999999997,1
5138706,אזימוט כספית (ללא הרשאה),כספית שקלית עם קונצרני,,קרן כספית,2026-05-31,200850000.0,איילון,אזימוטליין,False,False,0.0014000000000000002,0.001,2811.9,0.0004000000000000002,803.4000000000003,1
5138714,"אילים 10/90 תיק אג""ח חו""ל ומניות (ללא הרשאה)","אג""ח חשופת מט""ח",,"אג""ח בחו""ל",2026-05-31,19870000.0,אילים,,False,False,0.0059,0.0035,1172.33,0.0024,476.87999999999994,0
5138722,הראל מחקה iBoxx USD Liquid 5-9 Top 50 (ללא הרשאה),"חברות והמרה חשופת מט""ח - ארוך",,"אג""ח בחו""ל",2026-05-31,94060000.0,הראל,,True,False,0.001,0.0,940.6,0.001,940.6,0
5138730,הורייזן אסטרטגיות (ללא הרשאה),אסטרטגיות (לא ממונפות),,ממונפות ואסטרטגיות,2026-05-31,32030000.0,איילון,הורייזן,False,False,0.015,0.0035,4804.5,0.0115,3683.4500000000003,0
5138748,קסם KTF אינדקס תעשיות ביטחוניות גלובלי (ללא הרשאה),Aerospace & Defense,,"מניות בחו""ל",2026-05-31,340560000.0,קסם,,True,False,0.006999999999999999,0.0,23839.199999999997,0.006999999999999999,23839.199999999997,0
5138755,תכלית MSCI India (USD) TTF (ללא הרשאה),אסיה ופסיפיק- שווקים מתעוררים,,"מניות בחו""ל",2026-05-31,9310000.0,מיטב,,True,False,0.0055000000000000005,0.0,512.0500000000001,0.0055000000000000005,512.0500000000001,0
5138763,אלטשולר שחם כספית (ללא הרשאה),כספית שקלית עם קונצרני,,קרן כספית,2026-05-31,2844860000.0,אלטשולר שחם,,False,False,0.00234,0.001,66569.724,0.00134,38121.124,1
5138771,"דרך אג""ח ללא מניות כשרה (ללא הרשאה)","אג""ח כללי בארץ ללא מניות וללא סימן קריאה",,"אג""ח בארץ - כללי",2026-05-31,29580000.0,סיגמא,דרך אינבסט,False,False,0.0075,0.0035,2218.5,0.004,1183.2,0
5138789,"מור 30/70 מניות חו""ל - כשרה (ללא הרשאה)","אג""ח כללי בארץ- עד 30% מניות",,"אג""ח בארץ - כללי",2026-05-31,83870000.0,מור,,False,False,0.006500000000000001,0.0035,5451.550000000001,0.0030000000000000005,2516.1000000000004,0
5138797,תכלית Indxx Global Financial Exchanges And Data TTF (ללא הרשאה),Financial,,"מניות בחו""ל",2026-05-31,86460000.0,מיטב,,True,False,0.006,0.0,5187.6,0.006,5187.6,0
5138805,תכלית S&P 500 Growth TTF (ללא הרשאה),אמריקה- שווקים מפותחים,,"מניות בחו""ל",2026-05-31,5300000.0,מיטב,,True,False,0.003,0.0,159.0,0.003,159.0,0
5138813,תכלית TTF אינדקס ישראליות צמיחה-מומנטום (ללא הרשאה),אחר,,מניות בארץ,2026-05-31,70070000.0,מיטב,,True,False,0.004,0.0,2802.8,0.004,2802.8,0
5138821,"אקורד (!) אג""ח פלוס (ללא הרשאה)","אג""ח כללי בארץ- עד 10% מניות ועם סימן קריאה",,"אג""ח בארץ - כללי",2026-05-31,36290000.0,איילון,אקורד ניהול השקעות,False,False,0.0075,0.0035,2721.7499999999995,0.004,1451.6000000000001,0
5138839,אנליסט כספית דולרית - נקובה $ (ללא הרשאה),"נקובת מט""ח",,קרן כספית,2026-05-31,1918570000.0,אנליסט,,False,False,0.0013,0.001,24941.41,0.0002999999999999999,5755.709999999998,1
5138847,הראל מחקה תל בונד צמודות בנקים וחברות ממשלתיות (ללא הרשאה),אחר,,"אג""ח בארץ- חברות והמרה",2026-05-31,70200000.0,הראל,,True,False,0.001,0.0,702.0000000000001,0.001,702.0000000000001,0
5138854,הראל מחקה תל בונד צמודות 5-10 (ללא הרשאה),בריבית קבועה - ארוך,,"אג""ח בארץ- חברות והמרה",2026-05-31,29250000.0,הראל,,True,False,0.0,0.0,0.0,0.0,0.0,0
5138862,הראל מחקה תל בונד שקלי 5-10 (ללא הרשאה),בריבית קבועה - ארוך,,"אג""ח בארץ- חברות והמרה",2026-05-31,205110000.0,הראל,,True,False,0.0,0.0,0.0,0.0,0.0,0
5138888,"הראל עוקבת תיק מניות חו""ל - הבנק הבינלאומי עד 30% מט""ח (ללא הרשאה)","מניות כללי בחו""ל מוגנת מט""ח",,"מניות בחו""ל",2026-05-31,18070000.0,הראל,,False,False,0.0125,0.0035,2258.75,0.009000000000000001,1626.3000000000002,0
5138896,קסם MSCI India KTF (ללא הרשאה),אסיה ופסיפיק- שווקים מתעוררים,,"מניות בחו""ל",2026-05-31,11140000.0,קסם,,True,False,0.0055000000000000005,0.0,612.7,0.0055000000000000005,612.7,0
5138904,קסם TipRanks US Momentum Analysts iNDEX KTF (ללא הרשאה),אמריקה- שווקים מפותחים,,"מניות בחו""ל",2026-05-31,31270000.0,קסם,,True,False,0.006999999999999999,0.0,2188.8999999999996,0.006999999999999999,2188.8999999999996,0
5138912,bmeniv גמישה (ללא הרשאה),גמישות,,גמישות,2026-05-31,28000000.0,סיגמא,בי מניב,False,False,0.023,0.0035,6440.0,0.0195,5460.0,0
5138920,אביב שגב ניהול תיק השקעות 20/80 (ללא הרשאה),"אג""ח כללי בארץ- עד 20% מניות",,"אג""ח בארץ - כללי",2026-05-31,9550000.0,איילון,אביב-שגב,False,False,0.0053,0.0035,506.15000000000003,0.0018,171.9,0
5138938,"FOREST תיק אג""ח ללא מניות (ללא הרשאה)","אג""ח כללי בארץ ללא מניות וללא סימן קריאה",,"אג""ח בארץ - כללי",2026-05-31,127200000.0,פורסט,,False,False,0.0075,0.0035,9540.0,0.004,5088.0,0
5138946,"אלטשולר שחם מחקה אינדקס בנקים לפדיון - מח""מ עד 3 שנים (ללא הרשאה)","אג""ח חברות שקלי וצמוד",,"אג""ח בארץ- חברות והמרה",2026-05-31,6170000.0,אלטשולר שחם,,True,False,0.0015,0.0,92.55,0.0015,92.55,0
5138953,אלטשולר שחם מחקה מחקה אינדקס AAA צמוד (ללא הרשאה),בריבית קבועה,,"אג""ח בארץ- חברות והמרה",2026-05-31,72050000.0,אלטשולר שחם,,True,False,0.0015,0.0,1080.75,0.0015,1080.75,0
5138961,ילין לפידות קונצרני צמוד A ומעלה (ללא הרשאה),חברות והמרה ללא מניות וללא סימן קריאה,,"אג""ח בארץ- חברות והמרה",2026-05-31,435140000.0,ילין לפידות,,False,False,0.0059,0.0035,25673.26,0.0024,10443.359999999999,0
5138979,קסם Cboe S&P 500 15% Buffer AUG IC KTF - מובנה שנתי (ללא הרשאה),אמריקה- שווקים מפותחים,,"מניות בחו""ל",2026-05-31,2140000.0,קסם,,True,False,0.0085,0.0,181.9,0.0085,181.9,0
5138987,"ילין לפידות מחקה quabify אג""ח לפדיון 2026 מאוזן (ללא הרשאה)","אג""ח חברות שקלי וצמוד",,"אג""ח בארץ- חברות והמרה",2026-05-31,5060000.0,ילין לפידות,,True,False,0.0024,0.0,121.43999999999998,0.0024,121.43999999999998,0
5138995,"ילין לפידות מחקה quabify אג""ח לפדיון 2027 מאוזן (ללא הרשאה)","אג""ח חברות שקלי וצמוד",,"אג""ח בארץ- חברות והמרה",2026-05-31,7430000.0,ילין לפידות,,True,False,0.0024,0.0,178.32,0.0024,178.32,0
5139001,"ילין לפידות מחקה quabify אג""ח לפדיון 2028 מאוזן (ללא הרשאה)","אג""ח חברות שקלי וצמוד",,"אג""ח בארץ- חברות והמרה",2026-05-31,34320000.0,ילין לפידות,,True,False,0.0024,0.0,823.68,0.0024,823.68,0
5139019,"ילין לפידות מחקה quabify אג""ח לפדיון 2029 מאוזן (ללא הרשאה)","אג""ח חברות שקלי וצמוד",,"אג""ח בארץ- חברות והמרה",2026-05-31,23450000.0,ילין לפידות,,True,False,0.0024,0.0,562.8,0.0024,562.8,0
5139027,MTF מחקה אינדקס בנייה ישראל - פקטור מינוף פיננסי נמוך (ללא הרשאה),"נדל""ן ובנייה",,מניות בארץ,2026-05-31,46040000.0,מגדל,,True,False,0.0,0.0,0.0,0.0,0.0,0
5139035,"דיאמונד עוקבת תיק מניות חו""ל - הבנק הבינלאומי (ללא הרשאה)","מניות כללי בחו""ל חשופת מט""ח",,"מניות בחו""ל",2026-05-31,4019999.9999999995,איילון,דיאמונד,False,False,0.0125,0.0035,502.49999999999994,0.009000000000000001,361.79999999999995,0
5139050,קסם KTF אינדקס Bullet מדינת ישראל דולר 2030 (ללא הרשאה),"ממשלתיות חשופת מט""ח - בינוני",,"אג""ח בחו""ל",2026-05-31,57680000.0,קסם,,True,False,0.0025,0.0,1442.0,0.0025,1442.0,0
5139068,"MTF מחקה משולבת Russell 2000 (70%) S&P 500 (30%) חודשי מנוטרלת מט""ח (ללא הרשאה)","מניות בחו""ל קרן משולבת",,"מניות בחו""ל",2026-05-31,14270000.0,מגדל,,True,False,0.0,0.0,0.0,0.0,0.0,0
5139076,איילון כספית דולרית - נקובה דולר (ללא הרשאה),"נקובת מט""ח",,קרן כספית,2026-05-31,436370000.0,איילון,,False,False,0.0012,0.001,5236.44,0.00019999999999999987,872.7399999999994,1
5139084,תכלית TTF אינדקס תעשיות ביטחוניות גלובלי Top30 EW (ללא הרשאה),Aerospace & Defense,,"מניות בחו""ל",2026-05-31,192530000.0,מיטב,,True,False,0.0045000000000000005,0.0,8663.85,0.0045000000000000005,8663.85,0
5139092,תכלית EURO STOXX 50 TTF (ללא הרשאה),אירופה- כללי,,"מניות בחו""ל",2026-05-31,15300000.0,מיטב,,True,False,0.0025,0.0,382.5,0.0025,382.5,0
5139100,אלטשולר שחם מחקה S&P 500 (ללא הרשאה),אמריקה- שווקים מפותחים,,"מניות בחו""ל",2026-05-31,57020000.0,אלטשולר שחם,,True,False,0.0,0.0,0.0,0.0,0.0,0
5139118,אלטשולר שחם מחקה אינדקס שקלי A-AAA פיזור רחב (ללא הרשאה),בריבית קבועה,,"אג""ח בארץ- חברות והמרה",2026-05-31,5860000.0,אלטשולר שחם,,True,False,0.0015,0.0,87.9,0.0015,87.9,0
5139126,"אלטשולר שחם מחקה (!) אינדקס אג""ח עד A פיזור רחב (ללא הרשאה)",חברות והמרה בסיכון גבוה,,"אג""ח בארץ- חברות והמרה",2026-05-31,10330000.0,אלטשולר שחם,,True,False,0.0015,0.0,154.95000000000002,0.0015,154.95000000000002,0
5139134,אלטשולר שחם מחקה אינדקס צמוד A-AAA פיזור רחב (ללא הרשאה),בריבית קבועה,,"אג""ח בארץ- חברות והמרה",2026-05-31,20790000.0,אלטשולר שחם,,True,False,0.0015,0.0,311.85,0.0015,311.85,0
5139142,אי בי אי מחקה אינדקס מדינת ישראל דולר 1-5 (ללא הרשאה),"ממשלתיות חשופת מט""ח - בינוני",,"אג""ח בחו""ל",2026-05-31,58120000.0,אי.בי.אי,,True,False,0.0025,0.0,1453.0,0.0025,1453.0,0
5139159,אי בי אי מחקה אינדקס מדינת ישראל דולר 5-10 (ללא הרשאה),"ממשלתיות חשופת מט""ח - ארוך",,"אג""ח בחו""ל",2026-05-31,67130000.0,אי.בי.אי,,True,False,0.0025,0.0,1678.25,0.0025,1678.25,0
5139167,MTF מחקה תל בונד - שקלי A (ללא הרשאה),בריבית קבועה,,"אג""ח בארץ- חברות והמרה",2026-05-31,45530000.0,מגדל,,True,False,0.0,0.0,0.0,0.0,0.0,0
5139175,ATF מחקה אינדקס בנקים ישראל (ללא הרשאה),בנקאות ואשראי חוץ בנקאי,,מניות בארץ,2026-05-31,261630000.0,אנליסט,,True,False,0.0045000000000000005,0.0,11773.35,0.0045000000000000005,11773.35,0
5139183,מגדל מניות בנקים (ללא הרשאה),מניות לפי ענפים,,מניות בארץ,2026-05-31,112130000.0,מגדל,,False,False,0.0049,0.0035,5494.37,0.0013999999999999998,1569.8199999999997,0
5139191,TTF משולבת מניות ישראל חודשי (ללא הרשאה),מניות בארץ קרן משולבת,,מניות בארץ,2026-05-31,82450000.0,מיטב,,True,False,0.0,0.0,0.0,0.0,0.0,0
5139209,ברק מניות ישראל (ללא הרשאה),מניות All Cap,,מניות בארץ,2026-05-31,4280000.0,ברק,,False,False,0.018000000000000002,0.0035,770.4000000000001,0.014500000000000002,620.6000000000001,0
5139217,"ברק מניות חו""ל (ללא הרשאה)","מניות כללי בחו""ל חשופת מט""ח",,"מניות בחו""ל",2026-05-31,1060000.0,ברק,,False,False,0.018000000000000002,0.0035,190.8,0.014500000000000002,153.70000000000002,0
5139233,"קסם KTF ת""א-125 ערך (ללא הרשאה)",Large & Mid Cap,,מניות בארץ,2026-05-31,138950000.0,קסם,,True,False,0.004,0.0,5558.0,0.004,5558.0,0
5139241,קסם KTF אינדקס Bullet ישראל AA ומעלה 2028 (ללא הרשאה),"אג""ח חברות שקלי וצמוד",,"אג""ח בארץ- חברות והמרה",2026-05-31,31990000.0,קסם,,True,False,0.0025,0.0,799.75,0.0025,799.75,0
5139258,ילין לפידות כספית ניהול נזילות (ללא הרשאה),כספית שקלית עם קונצרני,,קרן כספית,2026-05-31,9809300000.0,ילין לפידות,,False,False,0.0019,0.001,186376.7,0.0009,88283.7,1
5139274,MTF מחקה Europe Top20 iNDEX מנוטרלת אירו (ללא הרשאה),אירופה- שווקים מפותחים,,"מניות בחו""ל",2026-05-31,24200000.0,מגדל,,True,False,0.005,0.0,1210.0,0.005,1210.0,0
5139282,ילין לפידות מחקה S&P 500 (ללא הרשאה),אמריקה- שווקים מפותחים,,"מניות בחו""ל",2026-05-31,151550000.0,ילין לפידות,,True,False,0.0,0.0,0.0,0.0,0.0,0
5139290,"ילין לפידות מחקה S&P 500 מנוטרלת מט""ח (ללא הרשאה)",אמריקה- שווקים מפותחים,,"מניות בחו""ל",2026-05-31,265890000.0,ילין לפידות,,True,False,0.0,0.0,0.0,0.0,0.0,0
5139308,ילין לפידות מחקה S&P World (ללא הרשאה),גלובלי- שווקים מפותחים,,"מניות בחו""ל",2026-05-31,9270000.0,ילין לפידות,,True,False,0.0,0.0,0.0,0.0,0.0,0
5139316,ילין לפידות מחקה S&P World מנוטרלת דולר (ללא הרשאה),גלובלי- שווקים מפותחים,,"מניות בחו""ל",2026-05-31,13460000.0,ילין לפידות,,True,False,0.0,0.0,0.0,0.0,0.0,0
5139324,מור כספית ניהול נזילות (ללא הרשאה),כספית שקלית עם קונצרני,,קרן כספית,2026-05-31,2526920000.0,מור,,False,False,0.0015,0.001,37903.8,0.0005,12634.6,1
5139332,מיטב מניות מומנטום (ללא הרשאה),מניות All Cap,,מניות בארץ,2026-05-31,170260000.0,מיטב,,False,False,0.0105,0.0035,17877.3,0.007000000000000001,11918.2,0
5139340,איילון אקסטרים בנקים פי 3 (ללא הרשאה),ממונפות בסיכון גבוה,,ממונפות ואסטרטגיות,2026-05-31,52040000.0,איילון,,False,False,0.018500000000000003,0.0035,9627.400000000001,0.015000000000000003,7806.000000000002,0
5139357,"איילון אקסטרים ת""א 90 פי 3 (ללא הרשאה)",ממונפות בסיכון גבוה,,ממונפות ואסטרטגיות,2026-05-31,16410000.0,איילון,,False,False,0.018500000000000003,0.0035,3035.8500000000004,0.015000000000000003,2461.5000000000005,0
5139365,MTF מחקה (S&P Israel 100 (ILS (ללא הרשאה),Large & Mid Cap,,מניות בארץ,2026-05-31,359320000.0,מגדל,,True,False,0.0,0.0,0.0,0.0,0.0,0
5139399,"מור אג""ח מדורג ללא מניות (ללא הרשאה)",חברות והמרה ללא מניות וללא סימן קריאה,,"אג""ח בארץ- חברות והמרה",2026-05-31,92260000.0,מור,,False,False,0.006500000000000001,0.0035,5996.900000000001,0.0030000000000000005,2767.8,0
5139423,פינסה 30/70 (ללא הרשאה),"אג""ח כללי בארץ- עד 30% מניות",,"אג""ח בארץ - כללי",2026-05-31,9580000.0,סיגמא,פינסה ניהול נכסים,False,False,0.0079,0.0035,756.82,0.004400000000000001,421.5200000000001,0
5139431,אי.בי.אי. מחקה תל בונד-צמודות A (ללא הרשאה),בריבית קבועה,,"אג""ח בארץ- חברות והמרה",2026-05-31,43810000.0,אי.בי.אי,,True,False,0.0,0.0,0.0,0.0,0.0,0
5139449,אנליסט (!) תיק קונצרני (ללא הרשאה),חברות והמרה ללא מניות עם סימן קריאה,,"אג""ח בארץ- חברות והמרה",2026-05-31,42420000.0,אנליסט,,False,False,0.0054,0.0035,2290.6800000000003,0.0019000000000000002,805.98,0
5139456,"דולפין (!) אג""ח חברות (ללא הרשאה)",חברות והמרה ללא מניות עם סימן קריאה,,"אג""ח בארץ- חברות והמרה",2026-05-31,14510000.0,איילון,דולפין 1 השקעות,False,False,0.0079,0.0035,1146.2900000000002,0.004400000000000001,638.4400000000002,0
5139464,"הורייזן אג""ח ללא מניות (ללא הרשאה)","אג""ח כללי בארץ ללא מניות וללא סימן קריאה",,"אג""ח בארץ - כללי",2026-05-31,18880000.0,איילון,הורייזן,False,False,0.009000000000000001,0.0035,1699.2,0.005500000000000001,1038.4000000000003,0
5139472,דולפין 30/70 (ללא הרשאה),"אג""ח כללי בארץ- עד 30% מניות",,"אג""ח בארץ - כללי",2026-05-31,16790000.0,איילון,דולפין 1 השקעות,False,False,0.0079,0.0035,1326.41,0.004400000000000001,738.7600000000002,0
5139480,הורייזן 10/90 (ללא הרשאה),"אג""ח כללי בארץ- עד 10% מניות ללא סימן קריאה",,"אג""ח בארץ - כללי",2026-05-31,7060000.0,איילון,הורייזן,False,False,0.009000000000000001,0.0035,635.4000000000001,0.005500000000000001,388.3000000000001,0
5139498,"הורייזן (!) אג""ח חברות ללא מניות (ללא הרשאה)",חברות והמרה ללא מניות עם סימן קריאה,,"אג""ח בארץ- חברות והמרה",2026-05-31,17420000.0,איילון,הורייזן,False,False,0.009000000000000001,0.0035,1567.8000000000002,0.005500000000000001,958.1000000000003,0
5139506,קסם Cboe S&P 500 15% Buffer NOV IC KTF - מובנה שנתי (ללא הרשאה),אמריקה- שווקים מפותחים,,"מניות בחו""ל",2026-05-31,3030000.0,קסם,,True,False,0.0075,0.0,227.24999999999997,0.0075,227.24999999999997,0
5139514,MTF מחקה אינדקס מדינת ישראל דולר לפדיון 2030 (מתגלגל כל 6 שנים) נקובה $ (ללא הרשאה),"ממשלתיות חשופת מט""ח - בינוני",,"אג""ח בחו""ל",2026-05-31,231960000.0,מגדל,,True,False,0.002,0.0,4639.200000000001,0.002,4639.200000000001,0
5139522,איביאי כספית שקלית כשרה (ללא הרשאה),כספית שקלית עם קונצרני,,קרן כספית,2026-05-31,4449370000.0,אי.בי.אי,,False,False,0.00149,0.001,66295.613,0.00049,21801.912999999997,1
5139530,"ילין לפידות מחקה quabify אג""ח לפדיון 2030 מאוזן (ללא הרשאה)","אג""ח חברות שקלי וצמוד",,"אג""ח בארץ- חברות והמרה",2026-05-31,44070000.0,ילין לפידות,,True,False,0.0024,0.0,1057.6799999999998,0.0024,1057.6799999999998,0
5139548,"ילין לפידות מחקה quabify אג""ח לפדיון 2030 שקלי (ללא הרשאה)",בריבית קבועה,,"אג""ח בארץ- חברות והמרה",2026-05-31,84520000.0,ילין לפידות,,True,False,0.0024,0.0,2028.4799999999998,0.0024,2028.4799999999998,0
5139555,"ילין לפידות מחקה quabify אג""ח לפדיון 2030 צמוד (ללא הרשאה)",בריבית קבועה,,"אג""ח בארץ- חברות והמרה",2026-05-31,42410000.0,ילין לפידות,,True,False,0.0024,0.0,1017.8399999999999,0.0024,1017.8399999999999,0
5139563,איביאי מחקה אינדקס מדינת ישראל דולר 1-5 נקובה $ (ללא הרשאה),"ממשלתיות חשופת מט""ח - בינוני",,"אג""ח בחו""ל",2026-05-31,191020000.0,אי.בי.אי,,True,False,0.0025,0.0,4775.5,0.0025,4775.5,0
5139571,הראל מחקה S&P 500 Momentum (ללא הרשאה),אמריקה- שווקים מפותחים,,"מניות בחו""ל",2026-05-31,132830000.00000001,הראל,,True,False,0.005,0.0,6641.500000000001,0.005,6641.500000000001,0
5139597,"אי בי אי (!) הזדמנויות אג""ח תשואה גבוהה (ללא הרשאה)",חברות והמרה בסיכון גבוה,,"אג""ח בארץ- חברות והמרה",2026-05-31,35060000.0,אי.בי.אי,,False,False,0.0095,0.0035,3330.7,0.006,2103.6,0
5139605,אי בי אי מחקה MSCI AC World (ללא הרשאה),"מניות גלובליות - חשופת מט""ח",,"מניות בחו""ל",2026-05-31,62840000.0,אי.בי.אי,,True,False,0.0015,0.0,942.6,0.0015,942.6,0
5139613,קסם Cboe S&P 500 15% Buffer DEC IC KTF - מובנה שנתי (ללא הרשאה),אמריקה- שווקים מפותחים,,"מניות בחו""ל",2026-05-31,3530000.0,קסם,,True,False,0.0075,0.0,264.75,0.0075,264.75,0
5139621,אי בי אי תיק השקעות (ללא הרשאה),"אג""ח כללי בארץ - חשיפה מרבית מעל 30% מניות",,"אג""ח בארץ - כללי",2026-05-31,170720000.0,אי.בי.אי,GREMMY ADVISORS,False,False,0.0089,0.0035,15194.08,0.0054,9218.880000000001,0
5139639,"הראל מחקה ת""א 90 ובנקים (ללא הרשאה)",Large & Mid Cap,,מניות בארץ,2026-05-31,374490000.0,הראל,,True,False,0.0,0.0,0.0,0.0,0.0,0
5139662,אלטשולר שחם Electrification (ללא הרשאה),"מניות לפי ענפים בחו""ל",,"מניות בחו""ל",2026-05-31,379180000.0,אלטשולר שחם,,False,False,0.015,0.0035,56876.99999999999,0.0115,43605.700000000004,0
5139670,אנליסט מניות ערך (ללא הרשאה),מניות All Cap,,מניות בארץ,2026-05-31,43070000.0,אנליסט,,False,False,0.0129,0.0035,5556.03,0.0094,4048.5800000000004,0
5139688,"אנליסט אג""ח ללא מניות (ללא הרשאה)","אג""ח כללי בארץ ללא מניות וללא סימן קריאה",,"אג""ח בארץ - כללי",2026-05-31,23500000.0,אנליסט,,False,False,0.0048,0.0035,1127.9999999999998,0.0012999999999999995,305.4999999999999,0
5139696,קסם MSCI World KTF מנוטרלת דולר (ללא הרשאה),גלובלי- שווקים מפותחים,,"מניות בחו""ל",2026-05-31,167980000.0,קסם,,True,False,0.0,0.0,0.0,0.0,0.0,0
5139712,אנליסט 30/70 (ללא הרשאה),"אג""ח כללי בארץ- עד 30% מניות",,"אג""ח בארץ - כללי",2026-05-31,358380000.0,אנליסט,,False,False,0.0058,0.0035,20786.039999999997,0.0022999999999999995,8242.739999999998,0
5139720,"תכלית TTF Russel 2000 מנוטרלת מט""ח (ללא הרשאה)",אמריקה- שווקים מפותחים,,"מניות בחו""ל",2026-05-31,62070000.0,מיטב,,True,False,0.0,0.0,0.0,0.0,0.0,0
5139738,"קסם KTF ת""א 90 ובנקים (ללא הרשאה)",Large & Mid Cap,,מניות בארץ,2026-05-31,99310000.0,קסם,,True,False,0.0,0.0,0.0,0.0,0.0,0
5139753,"פורצ'ן תיק אג""ח בינלאומי עד 20% מט""ח (ללא הרשאה)","אג""ח מוגנת מט""ח",,"אג""ח בחו""ל",2026-05-31,348810000.0,איילון,פורצ'ן,False,False,0.009000000000000001,0.0035,31392.9,0.005500000000000001,19184.550000000007,0
5139761,"תכלית US REITs iNDEX TTF מנוטרלת מט""ח (ללא הרשאה)",REIT - Real Estate,,"מניות בחו""ל",2026-05-31,9470000.0,מיטב,,True,False,0.0034999999999999996,0.0,331.45,0.0034999999999999996,331.45,0
5139779,"תכלית TTF אינדקס צמוד 1-3 פקטור מרווח מאג""ח ממשלתי (ללא הרשאה)",בריבית קבועה - קצר,,"אג""ח בארץ- חברות והמרה",2026-05-31,7520000.0,מיטב,,True,False,0.0015,0.0,112.8,0.0015,112.8,0
5139787,תכלית CME CF Bitcoin Reference Rate (BRRNY) TTF (ללא הרשאה),Bitcoin,,נכסים דיגיטליים,2026-05-31,67790000.0,מיטב,,True,False,0.002,0.0,1355.8000000000002,0.002,1355.8000000000002,0
5139811,אלטשולר שחם מחקה Nasdaq 100 (ללא הרשאה),אמריקה- שווקים מפותחים,,"מניות בחו""ל",2026-05-31,51280000.0,אלטשולר שחם,,True,False,0.0,0.0,0.0,0.0,0.0,0
5139829,"ברק אולטרה ת""א 90 פי 3 (ללא הרשאה)",ממונפות בסיכון גבוה,,ממונפות ואסטרטגיות,2026-05-31,39610000.0,ברק,,False,False,0.018000000000000002,0.0035,7129.8,0.014500000000000002,5743.450000000001,0
5139837,הראל מחקה Russell 2000 (ללא הרשאה),אמריקה- שווקים מפותחים,,"מניות בחו""ל",2026-05-31,12730000.0,הראל,,True,False,0.0,0.0,0.0,0.0,0.0,0
5139845,איילון חשיפה לביטקוין (ללא הרשאה),Bitcoin,,נכסים דיגיטליים,2026-05-31,16730000.0,איילון,,False,False,0.006500000000000001,0.0035,1087.45,0.0030000000000000005,501.9000000000001,0
5139852,"תכלית TTF ת""א 90 ובנקים (ללא הרשאה)",Large & Mid Cap,,מניות בארץ,2026-05-31,62910000.0,מיטב,,True,False,0.0,0.0,0.0,0.0,0.0,0
5139860,מיטב בנקים פי 3 (ללא הרשאה),ממונפות בסיכון גבוה,,ממונפות ואסטרטגיות,2026-05-31,80440000.0,מיטב,,False,False,0.015,0.0035,12065.999999999998,0.0115,9250.6,0
5139878,קסם CME CF Bitcoin Reference Rate (BRRNY) KTF (ללא הרשאה),Bitcoin,,נכסים דיגיטליים,2026-05-31,25270000.0,קסם,,True,False,0.002,0.0,505.40000000000003,0.002,505.40000000000003,0
5139886,MTF מחקה Indxx Bitcoin Reference (ללא הרשאה),Bitcoin,,נכסים דיגיטליים,2026-05-31,25080000.0,מגדל,,True,False,0.0,0.0,0.0,0.0,0.0,0
5139902,קסם S&P/TSX 60 KTF (ללא הרשאה),אמריקה- שווקים מפותחים,,"מניות בחו""ל",2026-05-31,11900000.0,קסם,,True,False,0.006,0.0,714.0,0.006,714.0,0
5139910,אי בי אי מחקה S&P Bitcoin (ללא הרשאה),Bitcoin,,נכסים דיגיטליים,2026-05-31,40370000.0,אי.בי.אי,,True,False,0.002,0.0,807.4000000000001,0.002,807.4000000000001,0
5139928,מור מחקה S&P Bitcoin Futures Daily Roll Index (ללא הרשאה),Bitcoin,,נכסים דיגיטליים,2026-05-31,7610000.0,מור,,True,False,0.002,0.0,152.20000000000002,0.002,152.20000000000002,0
5139936,"ATF מחקה ת""א-20 (ללא הרשאה)",Large Cap,,מניות בארץ,2026-05-31,8780000.0,אנליסט,,True,False,0.002,0.0,175.60000000000002,0.002,175.60000000000002,0
5139944,"ATF מחקה ת""א-50 ריאלי (ללא הרשאה)",Large & Mid Cap,,מניות בארץ,2026-05-31,8440000.0,אנליסט,,True,False,0.002,0.0,168.8,0.002,168.8,0
5139951,"ATF מחקה ת""א-200 (ללא הרשאה)",All Cap,,מניות בארץ,2026-05-31,64250000.0,אנליסט,,True,False,0.002,0.0,1285.0,0.002,1285.0,0
5139969,DCMS תיק השקעות גלובלי עד 30% מניות (ללא הרשאה),"אג""ח חשופת מט""ח",,"אג""ח בחו""ל",2026-05-31,15100000.0,איילון,דימונד קפיטל,False,False,0.009000000000000001,0.0035,1359.0,0.005500000000000001,830.5000000000002,0
5139977,קסם Cboe S&P 500 15% Buffer FEB IC KTF - מובנה שנתי (ללא הרשאה),אמריקה- שווקים מפותחים,,"מניות בחו""ל",2026-05-31,5570000.0,קסם,,True,False,0.0075,0.0,417.74999999999994,0.0075,417.74999999999994,0
5139985,הראל מחקה (!) תל בונד - תשואות צמודות (ללא הרשאה),בריבית קבועה,,"אג""ח בארץ- חברות והמרה",2026-05-31,24350000.0,הראל,,True,False,0.0,0.0,0.0,0.0,0.0,0
5140009,"הראל מחקה ת""א- ביטוח (ללא הרשאה)",ביטוח,,מניות בארץ,2026-05-31,202110000.0,הראל,,True,False,0.0,0.0,0.0,0.0,0.0,0
5140025,תכלית TTFי משולבת מניות מקומיות חודשי (ללא הרשאה),מניות בארץ קרן משולבת,,מניות בארץ,2026-05-31,27350000.0,מיטב,,True,False,0.0,0.0,0.0,0.0,0.0,0
5140033,אקורד מניות (ללא הרשאה),מניות All Cap,,מניות בארץ,2026-05-31,7880000.0,איילון,אקורד ניהול השקעות,False,False,0.014499999999999999,0.0035,1142.6,0.011,866.8,0
5140041,מגדל מניות שבבים גלובלי (ללא הרשאה),"מניות לפי ענפים בחו""ל",,"מניות בחו""ל",2026-05-31,43050000.0,מגדל,,False,False,0.005,0.0035,2152.5,0.0015,645.75,0
5140058,קסם KTF תל בונד צמודות 1-3 (ללא הרשאה),בריבית קבועה - קצר,,"אג""ח בארץ- חברות והמרה",2026-05-31,158630000.0,קסם,,True,False,0.0,0.0,0.0,0.0,0.0,0
5140066,"אי בי אי מחקה אינדקס נדל""ן למגורים בישראל (ללא הרשאה)","נדל""ן ובנייה",,מניות בארץ,2026-05-31,15420000.0,אי.בי.אי,,True,False,0.0,0.0,0.0,0.0,0.0,0
5140116,ATF מחקה תל בונד-צמודות A (ללא הרשאה),בריבית קבועה,,"אג""ח בארץ- חברות והמרה",2026-05-31,7500000.0,אנליסט,,True,False,0.0,0.0,0.0,0.0,0.0,0
5140124,ATF מחקה (!) תל בונד-תשואות צמודות (ללא הרשאה),בריבית קבועה,,"אג""ח בארץ- חברות והמרה",2026-05-31,52000000.0,אנליסט,,True,False,0.0,0.0,0.0,0.0,0.0,0
5140132,"הראל מחקה S&P 500 Momentum מנוטרלת מט""ח (ללא הרשאה)",אמריקה- שווקים מפותחים,,"מניות בחו""ל",2026-05-31,144270000.0,הראל,,True,False,0.005,0.0,7213.5,0.005,7213.5,0
5140140,MTF מחקה World Top 100 iNDEX מנוטרלת דולר (ללא הרשאה),"מניות גלובליות - מנוטרלת מט""ח",,"מניות בחו""ל",2026-05-31,15420000.0,מגדל,,True,False,0.0,0.0,0.0,0.0,0.0,0
5140157,"MTF מחקה ת""א 90 ובנקים (ללא הרשאה)",Large & Mid Cap,,מניות בארץ,2026-05-31,12580000.0,מגדל,,True,False,0.0,0.0,0.0,0.0,0.0,0
5140165,MTF מחקה MSCI World מנוטרלת דולר (ללא הרשאה),גלובלי- שווקים מפותחים,,"מניות בחו""ל",2026-05-31,99670000.0,מגדל,,True,False,0.0,0.0,0.0,0.0,0.0,0
5140199,MTF מחקה אינדקס כלכלת ישראל 125 (ללא הרשאה),Large & Mid Cap,,מניות בארץ,2026-05-31,142450000.0,מגדל,,True,False,0.0,0.0,0.0,0.0,0.0,0
5140207,"MTF מחקה Indxx US 2000 Profitability מנוטרלת מט""ח (ללא הרשאה)",אמריקה- שווקים מפותחים,,"מניות בחו""ל",2026-05-31,17470000.0,מגדל,,True,False,0.005,0.0,873.5,0.005,873.5,0
5140215,"MTF מחקה Bloomberg New Constructs Core Earnings Leaders מנוטרלת מט""ח (ללא הרשאה)",אמריקה- שווקים מפותחים,,"מניות בחו""ל",2026-05-31,41300000.0,מגדל,,True,False,0.008,0.0,3304.0000000000005,0.008,3304.0000000000005,0
5140223,אלטשולר שחם מחקה A.B US Top Tech Ex Top 5 (ללא הרשאה),Technology,,"מניות בחו""ל",2026-05-31,1270000.0,אלטשולר שחם,,True,False,0.005,0.0,63.5,0.005,63.5,0
5140231,תכלית TTF (!) תל-בונד בולט 2029 שקלי (ללא הרשאה),בריבית קבועה,,"אג""ח בארץ- חברות והמרה",2026-05-31,11100000.0,מיטב,,True,False,0.0015,0.0,166.5,0.0015,166.5,0
5140249,תכלית TTF תל-בונד בולט 10/2028 צמוד (ללא הרשאה),בריבית קבועה,,"אג""ח בארץ- חברות והמרה",2026-05-31,8560000.0,מיטב,,True,False,0.0015,0.0,128.4,0.0015,128.4,0
5140256,תכלית TTF (!) תל-בונד בולט 2029 ישראל (ללא הרשאה),"אג""ח חברות שקלי וצמוד",,"אג""ח בארץ- חברות והמרה",2026-05-31,10950000.0,מיטב,,True,False,0.002,0.0,219.00000000000003,0.002,219.00000000000003,0
5140272,"ילין לפידות מחקה S&P 500 Market Leaders מנוטרלת מט""ח (ללא הרשאה)",אמריקה- שווקים מפותחים,,"מניות בחו""ל",2026-05-31,12730000.0,ילין לפידות,,True,False,0.0049,0.0,623.77,0.0049,623.77,0
5140280,ילין לפידות מחקה S&P 500 Market Leaders (ללא הרשאה),אמריקה- שווקים מפותחים,,"מניות בחו""ל",2026-05-31,4550000.0,ילין לפידות,,True,False,0.0049,0.0,222.95,0.0049,222.95,0
5140298,אי בי אי מחקה Indxx Nuclear Energy Industry מנוטרלת דולר (ללא הרשאה),Alternative / Renewable Energy,,"מניות בחו""ל",2026-05-31,321890000.0,אי.בי.אי,,True,False,0.006500000000000001,0.0,20922.850000000002,0.006500000000000001,20922.850000000002,0
5140306,"אי בי אי מחקה ת""א-90 ו- CAP 0.8% SME60 (ללא הרשאה)",Mid  & Small Cap,,מניות בארץ,2026-05-31,9020000.0,אי.בי.אי,,True,False,0.0,0.0,0.0,0.0,0.0,0
5140314,אי בי אי מחקה תל גוב-שקלי (ללא הרשאה),ריבית קבועה,,"אג""ח בארץ- מדינה",2026-05-31,21410000.0,אי.בי.אי,,True,False,0.0,0.0,0.0,0.0,0.0,0
5140322,אי בי אי מחקה תל גוב-צמודות (ללא הרשאה),צמודות מדד ממשלתיות - אחר,,"אג""ח בארץ- מדינה",2026-05-31,16129999.999999998,אי.בי.אי,,True,False,0.001,0.0,161.29999999999998,0.001,161.29999999999998,0
5140330,אי בי אי מחקה תל גוב-לא צמודות (ללא הרשאה),שקליות ממשלתיות -  אחר,,"אג""ח בארץ- מדינה",2026-05-31,22540000.0,אי.בי.אי,,True,False,0.0015,0.0,338.1,0.0015,338.1,0
5140348,מיטב 15/85 מודל ESG (ללא הרשאה),"אג""ח כללי בארץ- עד 15% מניות",,"אג""ח בארץ - כללי",2026-05-31,6520000.0,מיטב,,False,False,0.006500000000000001,0.0035,423.80000000000007,0.0030000000000000005,195.60000000000002,0
5140355,"מיטב אג""ח מודל ESG (ללא הרשאה)","אג""ח כללי בארץ ללא מניות וללא סימן קריאה",,"אג""ח בארץ - כללי",2026-05-31,55330000.0,מיטב,,False,False,0.0059,0.0035,3264.47,0.0024,1327.9199999999998,0
5140363,"קסם TipRanks US Momentum Analysts iNDEX KTF מנוטרלת מט""ח (ללא הרשאה)",אמריקה- שווקים מפותחים,,"מניות בחו""ל",2026-05-31,27200000.0,קסם,,True,False,0.006999999999999999,0.0,1903.9999999999998,0.006999999999999999,1903.9999999999998,0
5140371,אביב 10/90 תיק מודל ESG כשרה (ללא הרשאה),"אג""ח כללי בארץ- עד 10% מניות ללא סימן קריאה",,"אג""ח בארץ - כללי",2026-05-31,32540000.0,איילון,אביב בית השקעות,False,False,0.0087,0.0035,2830.98,0.0052,1692.08,0
5140397,MTF מחקה אינדקס כלכלת ישראל 90 (ללא הרשאה),Mid Cap,,מניות בארץ,2026-05-31,7930000.0,מגדל,,True,False,0.0,0.0,0.0,0.0,0.0,0
5140413,אנליסט כספית חיסכון (ללא הרשאה),כספית שקלית עם קונצרני,,קרן כספית,2026-05-31,1584490000.0,אנליסט,,False,False,0.0012,0.001,19013.879999999997,0.00019999999999999987,3168.9799999999977,1
5140439,MTF מחקה Indxx Top 10 Europe Defense מנוטרלת אירו (ללא הרשאה),Aerospace & Defense,,"מניות בחו""ל",2026-05-31,37330000.0,מגדל,,True,False,0.004,0.0,1493.2,0.004,1493.2,0
5140447,"MTF מחקה ת""א - ביטוח (ללא הרשאה)",ביטוח,,מניות בארץ,2026-05-31,200340000.0,מגדל,,True,False,0.0,0.0,0.0,0.0,0.0,0
5140454,תכלית CME CF Ethereum Reference Rate (ETHUSDNY) TTF (ללא הרשאה),Ethereum,,נכסים דיגיטליים,2026-05-31,20190000.0,מיטב,,True,False,0.005,0.0,1009.5,0.005,1009.5,0
5140462,אי בי אי מדורגות A ומעלה (ללא הרשאה),"אג""ח כללי בארץ ללא מניות וללא סימן קריאה, עם מגבלת מח""מ עד 5 שנים",,"אג""ח בארץ - כללי",2026-05-31,1110000.0,אי.בי.אי,,False,False,0.005,0.0035,55.5,0.0015,16.650000000000002,0
5140470,"אקורד אג""ח ללא מניות (ללא הרשאה)","אג""ח כללי בארץ ללא מניות וללא סימן קריאה",,"אג""ח בארץ - כללי",2026-05-31,10940000.0,איילון,אקורד ניהול השקעות,False,False,0.0075,0.0035,820.4999999999999,0.004,437.6,0
5140496,דולפין תיק השקעות גמיש (ללא הרשאה),גמישות,,גמישות,2026-05-31,16440000.000000002,איילון,דולפין 1 השקעות,False,False,0.012,0.0035,1972.8000000000002,0.0085,1397.4000000000003,0
5140504,"מיטב ת""א 125 מומנטום (ללא הרשאה)",מניות Large & Mid Cap,,מניות בארץ,2026-05-31,155690000.0,מיטב,,False,False,0.0105,0.0035,16347.45,0.007000000000000001,10898.300000000001,0
5140512,"קסם KTF (!) אינדקס אג""ח תשואות 100 (ללא הרשאה)",חברות והמרה בסיכון גבוה,,"אג""ח בארץ- חברות והמרה",2026-05-31,94880000.0,קסם,,True,False,0.0022,0.0,2087.36,0.0022,2087.36,0
5140520,קסם KTF (!) אינדקס Bullet ישראל 2032 (ללא הרשאה),"אג""ח חברות שקלי וצמוד",,"אג""ח בארץ- חברות והמרה",2026-05-31,160070000.0,קסם,,True,False,0.0022,0.0,3521.5400000000004,0.0022,3521.5400000000004,0
5140538,קסם KTF (!) אינדקס Bullet שקלי 2031 (ללא הרשאה),בריבית קבועה,,"אג""ח בארץ- חברות והמרה",2026-05-31,42290000.0,קסם,,True,False,0.0022,0.0,930.3800000000001,0.0022,930.3800000000001,0
5140546,"אלטשולר שחם מחקה S&P 500 מנוטרלת מט""ח (ללא הרשאה)",אמריקה- שווקים מפותחים,,"מניות בחו""ל",2026-05-31,92950000.0,אלטשולר שחם,,True,False,0.0,0.0,0.0,0.0,0.0,0
5140553,פסטרנק שהם 25/75 (ללא הרשאה),"אג""ח כללי בארץ- עד 25% מניות",,"אג""ח בארץ - כללי",2026-05-31,15350000.0,איילון,פסטרנק שהם,False,False,0.0059,0.0035,905.65,0.0024,368.4,0
5140561,"הראל מחקה אינדקס תעשיות ביטחוניות ארה""ב וישראל מנוטרלת מט""ח (ללא הרשאה)",Aerospace & Defense,,"מניות בחו""ל",2026-05-31,149100000.0,הראל,,True,False,0.005,0.0,7455.0,0.005,7455.0,0
5140579,אקהאוס מניות ישראל (ללא הרשאה),מניות All Cap,,מניות בארץ,2026-05-31,36790000.0,איילון,אקהאוס קפיטל,False,False,0.017,0.0035,6254.3,0.013500000000000002,4966.6500000000015,0
5140587,"איילון זבולון מניות חו""ל - נקובת דולר (ללא הרשאה)","מניות בחו""ל נקובת מט""ח",,"מניות בחו""ל",2026-05-31,103430000.0,איילון,זבולון שרותי מחקר,False,False,0.0175,0.0035,18100.250000000004,0.014000000000000002,14480.2,0
5140595,"MTF מחקה ת""א-נפט וגז (ללא הרשאה)","נפט, גז ואנרגיה",,מניות בארץ,2026-05-31,70460000.0,מגדל,,True,False,0.0,0.0,0.0,0.0,0.0,0
5140603,"קסם אקטיב מניות ארה""ב שריעה (ללא הרשאה)","ארה""ב חשופת מט""ח",,"מניות בחו""ל",2026-05-31,2250000.0,קסם,,False,False,0.015,0.0035,337.49999999999994,0.0115,258.75,0
5140611,אי בי אי קונצרני מדורג (ללא הרשאה),חברות והמרה ללא מניות וללא סימן קריאה,,"אג""ח בארץ- חברות והמרה",2026-05-31,3520000.0,אי.בי.אי,,False,False,0.005,0.0035,176.0,0.0015,52.800000000000004,0
5140629,"הראל מחקה אינדקס תשתיות ובינוי ארה""ב וישראל (ללא הרשאה)",שילוב ענפים,,"מניות בחו""ל",2026-05-31,9670000.0,הראל,,True,False,0.004,0.0,386.8,0.004,386.8,0
5140637,"תכלית US Capital Markets iNDEX TTF מנוטרלת מט""ח (ללא הרשאה)",Financial,,"מניות בחו""ל",2026-05-31,15440000.0,מיטב,,True,False,0.005,0.0,772.0,0.005,772.0,0
5140645,אלטשולר שחם מחקה A.B US Tech Ex Top 30 (ללא הרשאה),Technology,,"מניות בחו""ל",2026-05-31,420000.0,אלטשולר שחם,,True,False,0.008,0.0,33.6,0.008,33.6,0
5140652,אלטשולר שחם מחקה אינדקס AAA שקלי (ללא הרשאה),"אג""ח בארץ כללי",,"אג""ח בארץ כללי",2026-05-31,4040000.0,אלטשולר שחם,,True,False,0.0015,0.0,60.6,0.0015,60.6,0
5140660,אלטשולר שחם מחקה אינדקס חברות ניהול השקעות ומסחר בישראל (ללא הרשאה),פיננסים,,מניות בארץ,2026-05-31,50810000.0,אלטשולר שחם,,True,False,0.005,0.0,2540.5,0.005,2540.5,0
5140678,ילין לפידות מחקה S&P 500 Market Leaders נקובה $ (ללא הרשאה),אמריקה- שווקים מפותחים,,"מניות בחו""ל",2026-05-31,9000000.0,ילין לפידות,,True,False,0.006999999999999999,0.0,630.0,0.006999999999999999,630.0,0
5140686,אנליסט מניות ממונפת (ללא הרשאה),ממונפות בסיכון גבוה,,ממונפות ואסטרטגיות,2026-05-31,1240000.0,אנליסט,,False,False,0.0375,0.0035,465.0,0.033999999999999996,421.59999999999997,0
5140694,פרופאונד מניות Large & Mid Cap ישראל (ללא הרשאה),מניות Large & Mid Cap,,מניות בארץ,2026-05-31,45630000.0,איילון,פרופאונד,False,False,0.01,0.0035,4563.0,0.006500000000000001,2965.9500000000003,0
5140702,"מור אג""ח חברות + 20% (ללא הרשאה)",חברות והמרה עם מניות ללא סימן קריאה,,"אג""ח בארץ- חברות והמרה",2026-05-31,133360000.00000001,מור,,False,False,0.0079,0.0035,10535.440000000002,0.004400000000000001,5867.840000000002,0
5140710,"הראל מחקה ת""א SME60 מודל רווחיות משקל שווה (ללא הרשאה)",Mid  & Small Cap,,מניות בארץ,2026-05-31,5280000.0,הראל,,True,False,0.004,0.0,211.20000000000002,0.004,211.20000000000002,0
5140728,"הראל מחקה ת""א-90 מודל רווחיות משקל שווה (ללא הרשאה)",Mid Cap,,מניות בארץ,2026-05-31,890000.0,הראל,,True,False,0.004,0.0,35.6,0.004,35.6,0
5140736,תכלית TTF אינדקס 150 Cap Mid-Small ישראל (ללא הרשאה),Mid  & Small Cap,,מניות בארץ,2026-05-31,8260000.0,מיטב,,True,False,0.0025,0.0,206.5,0.0025,206.5,0
5140744,מגדל מניות AI בינה מלאכותית (ללא הרשאה),"מניות לפי ענפים בחו""ל",,"מניות בחו""ל",2026-05-31,5750000.0,מגדל,,False,False,0.005,0.0035,287.5,0.0015,86.25,0
5140751,אי בי אי ויינשטיין אגד ישראלי (ללא הרשאה),אגד ישראלי,,אגד קרנות,2026-05-31,9820000.0,אי.בי.אי,GREMMY ADVISORS,False,False,0.0,0.0035,0.0,-0.0035,-343.70000000000005,0
5140769,אי בי אי מחקה S&P 500 Equal Weight (ללא הרשאה),אמריקה- שווקים מפותחים,,"מניות בחו""ל",2026-05-31,30760000.0,אי.בי.אי,,True,False,0.0,0.0,0.0,0.0,0.0,0
5140777,קסם KTF אינדקס Bullet דולר 2030 - גלובלי נקובה $ (ללא הרשאה),"חברות והמרה חשופת מט""ח",,"אג""ח בחו""ל",2026-05-31,9470000.0,קסם,,True,False,0.004,0.0,378.8,0.004,378.8,0
5140785,מגדל כספית שקלית ללא קונצרני (ללא הרשאה),כספית שקלית ללא קונצרני,,קרן כספית,2026-05-31,3680890000.0,מגדל,,False,False,0.0006,0.001,22085.339999999997,-0.0004000000000000001,-14723.560000000003,1
5140793,קסם Cboe S&P 500 15% Buffer JUL IC KTF - מובנה שנתי (ללא הרשאה),אמריקה- שווקים מפותחים,,"מניות בחו""ל",2026-05-31,1910000.0,קסם,,True,False,0.0075,0.0,143.25,0.0075,143.25,0
5140801,ברק אולטרה זהב פי 3 (ללא הרשאה),ממונפות בסיכון גבוה,,ממונפות ואסטרטגיות,2026-05-31,17700000.0,ברק,,False,False,0.018000000000000002,0.0035,3186.0,0.014500000000000002,2566.5000000000005,0
5140819,"ברק אג""ח ללא מניות (ללא הרשאה)","אג""ח כללי בארץ ללא מניות וללא סימן קריאה",,"אג""ח בארץ - כללי",2026-05-31,910000.0,ברק,,False,False,0.008,0.0035,72.80000000000001,0.0045000000000000005,40.95,0
5140827,"אי בי אי מחקה ת""א-נפט וגז (ללא הרשאה)","נפט, גז ואנרגיה",,מניות בארץ,2026-05-31,54420000.0,אי.בי.אי,,True,False,0.0,0.0,0.0,0.0,0.0,0
5140835,"אילים אג""ח מדורגות (ללא הרשאה)",חברות והמרה ללא מניות וללא סימן קריאה,,"אג""ח בארץ- חברות והמרה",2026-05-31,1080000.0,אילים,,False,False,0.0059,0.0035,63.72,0.0024,25.919999999999998,0
5140843,אי בי אי מחקה MarketVector Global Defense (ללא הרשאה),Aerospace & Defense,,"מניות בחו""ל",2026-05-31,46790000.0,אי.בי.אי,,True,False,0.0,0.0,0.0,0.0,0.0,0
5140850,MTF מחקה S&P 500 Momentum (ללא הרשאה),אמריקה- שווקים מפותחים,,"מניות בחו""ל",2026-05-31,13060000.0,מגדל,,True,False,0.0025,0.0,326.5,0.0025,326.5,0
5140868,MTF מחקה (!) אינדקס 0-3 שקלי עד A (ללא הרשאה),בריבית קבועה - קצר,,"אג""ח בארץ- חברות והמרה",2026-05-31,7630000.0,מגדל,,True,False,0.0,0.0,0.0,0.0,0.0,0
5140884,"MTF מחקה Bluestar TOP 10 US Listed Alternative Asset Managers מנוטרלת מט""ח (ללא הרשאה)",Financial,,"מניות בחו""ל",2026-05-31,2120000.0,מגדל,,True,False,0.005,0.0,106.0,0.005,106.0,0
5140892,"MTF מחקה ת""א - נדל""ן (ללא הרשאה)","נדל""ן ובנייה",,מניות בארץ,2026-05-31,81230000.0,מגדל,,True,False,0.0,0.0,0.0,0.0,0.0,0
5140900,"MTF מחקה אינדקס מדינת ישראל - מח""מ 10 קבוע שקלי (ללא הרשאה)",ריבית קבועה - ארוך,,"אג""ח בארץ- מדינה",2026-05-31,58530000.0,מגדל,,True,False,0.0,0.0,0.0,0.0,0.0,0
5140918,אלטשולר שחם כספית ניהול נזילות (ללא הרשאה),כספית שקלית עם קונצרני,,קרן כספית,2026-05-31,10709380000.0,אלטשולר שחם,,False,False,0.0006,0.001,64256.27999999999,-0.0004000000000000001,-42837.520000000004,1
5140926,הראל מחקה אינדקס תעשיות ביטחוניות אירופה Top10 (ללא הרשאה),Aerospace & Defense,,"מניות בחו""ל",2026-05-31,8039999.999999999,הראל,,True,False,0.004,0.0,321.59999999999997,0.004,321.59999999999997,0
5140942,דולפין (!) Israeli global bond נקובה $ (ללא הרשאה),"אג""ח נקובת מט""ח",,"אג""ח בחו""ל",2026-05-31,262820000.0,איילון,דולפין 1 השקעות,False,False,0.0069,0.0035,18134.579999999998,0.0034,8935.88,0
5140959,אלטשולר שחם מחקה A.B TLV-NY Israel Top 25 (ללא הרשאה),אחר,,מניות בארץ,2026-05-31,380000.0,אלטשולר שחם,,True,False,0.008,0.0,30.400000000000002,0.008,30.400000000000002,0
5140967,קסם KTF אינדקס תשתיות ובינוי אירופה מנוטרלת אירו (ללא הרשאה),REIT - Real Estate,,"מניות בחו""ל",2026-05-31,25230000.0,קסם,,True,False,0.006999999999999999,0.0,1766.1,0.006999999999999999,1766.1,0
5140975,תכלית TTF אינדקס תשתיות חיוניות ובנייה בישראל (ללא הרשאה),שילוב ענפים,,מניות בארץ,2026-05-31,43300000.0,מיטב,,True,False,0.004,0.0,1732.0000000000002,0.004,1732.0000000000002,0
5140983,איילון מניות ביטוח (ללא הרשאה),מניות לפי ענפים,,מניות בארץ,2026-05-31,19940000.0,איילון,,False,False,0.0059,0.0035,1176.46,0.0024,478.55999999999995,0
5140991,הראל מחקה אינדקס לפדיון 2029 (מתגלגל כל 4 שנים) (ללא הרשאה),"אג""ח חברות שקלי וצמוד",,"אג""ח בארץ- חברות והמרה",2026-05-31,24800000.0,הראל,,True,False,0.0015,0.0,372.0,0.0015,372.0,0
5141007,MTF מחקה Bloomberg US Analyst Recommendations נקובה $ (ללא הרשאה),אמריקה- שווקים מפותחים,,"מניות בחו""ל",2026-05-31,3060000.0,מגדל,,True,False,0.008,0.0,244.8,0.008,244.8,0
5141031,"אי בי אי מחקה אינדקס ת""א Small Cap 60 רווחיות (ללא הרשאה)",Small Cap,,מניות בארץ,2026-05-31,16280000.000000002,אי.בי.אי,,True,False,0.0025,0.0,407.00000000000006,0.0025,407.00000000000006,0
5141049,"פרופאונד (!) תיק אג""ח + 10% (ללא הרשאה)","אג""ח כללי בארץ- עד 10% מניות ועם סימן קריאה",,"אג""ח בארץ - כללי",2026-05-31,19140000.0,איילון,פרופאונד,False,False,0.0069,0.0035,1320.6599999999999,0.0034,650.76,0
5141056,"אלטשולר שחם מחקה ת""א 90 (ללא הרשאה)",Mid Cap,,מניות בארץ,2026-05-31,38360000.0,אלטשולר שחם,,True,False,0.0,0.0,0.0,0.0,0.0,0
5141064,אלטשולר שחם מחקה תל בונד-צמודות 1-3 (ללא הרשאה),בריבית קבועה - קצר,,"אג""ח בארץ- חברות והמרה",2026-05-31,10970000.0,אלטשולר שחם,,True,False,0.0,0.0,0.0,0.0,0.0,0
5141072,MTF מחקה אינדקס פיננסים ישראל Top15 (ללא הרשאה),פיננסים,,מניות בארץ,2026-05-31,44030000.0,מגדל,,True,False,0.004,0.0,1761.2,0.004,1761.2,0
5141080,קסם אקטיב סוקוק חשופת דולר - שריעה (ללא הרשאה),"אג""ח חשופת דולר",,"אג""ח בחו""ל",2026-05-31,7190000.0,קסם,,False,False,0.006999999999999999,0.0035,503.29999999999995,0.003499999999999999,251.64999999999992,0
5141098,דולפין כספית שקלית (ללא הרשאה),כספית שקלית עם קונצרני,,קרן כספית,2026-05-31,272160000.0,איילון,דולפין 1 השקעות,False,False,0.0005,0.001,1360.8000000000002,-0.0005,-1360.8000000000002,1
5141106,אי בי אי מדינה + 20% (ללא הרשאה),"אג""ח מדינה כללי- עד 20% מניות",,"אג""ח בארץ- מדינה",2026-05-31,20300000.0,אי.בי.אי,,False,False,0.006,0.0035,1218.0,0.0025,507.5,0
5141114,"MTF מחקה S&P 500 Momentum מנוטרלת מט""ח (ללא הרשאה)",אמריקה- שווקים מפותחים,,"מניות בחו""ל",2026-05-31,12800000.0,מגדל,,True,False,0.0025,0.0,320.0,0.0025,320.0,0
5141122,"ילין לפידות מחקה quabify אג""ח לפדיון 2031 צמוד (ללא הרשאה)",בריבית קבועה,,"אג""ח בארץ- חברות והמרה",2026-05-31,48600000.0,ילין לפידות,,True,False,0.0024,0.0,1166.3999999999999,0.0024,1166.3999999999999,0
5141130,"ילין לפידות מחקה quabify אג""ח לפדיון 2031 שקלי (ללא הרשאה)",בריבית קבועה,,"אג""ח בארץ- חברות והמרה",2026-05-31,13540000.0,ילין לפידות,,True,False,0.0024,0.0,324.96,0.0024,324.96,0
5141148,"ילין לפידות מחקה quabify אג""ח לפדיון 2031 מאוזן (ללא הרשאה)","אג""ח חברות שקלי וצמוד",,"אג""ח בארץ- חברות והמרה",2026-05-31,4990000.0,ילין לפידות,,True,False,0.0024,0.0,119.75999999999999,0.0024,119.75999999999999,0
5141155,"ילין לפידות מחקה quabify אג""ח לפדיון 2032 מאוזן (ללא הרשאה)","אג""ח חברות שקלי וצמוד",,"אג""ח בארץ- חברות והמרה",2026-05-31,11160000.0,ילין לפידות,,True,False,0.0024,0.0,267.84,0.0024,267.84,0
5141163,"ילין לפידות מחקה quabify אג""ח לפדיון 2032 שקלי (ללא הרשאה)",בריבית קבועה,,"אג""ח בארץ- חברות והמרה",2026-05-31,31000000.0,ילין לפידות,,True,False,0.0024,0.0,743.9999999999999,0.0024,743.9999999999999,0
5141171,"ילין לפידות מחקה quabify אג""ח לפדיון 2032 צמוד (ללא הרשאה)",בריבית קבועה,,"אג""ח בארץ- חברות והמרה",2026-05-31,9190000.0,ילין לפידות,,True,False,0.0024,0.0,220.55999999999997,0.0024,220.55999999999997,0
5141189,אי בי אי מניות תעשיות ביטחוניות ישראל (ללא הרשאה),מניות לפי ענפים,,מניות בארץ,2026-05-31,1052400000.0000001,אי.בי.אי,,False,False,0.0095,0.0035,99978.0,0.006,63144.00000000001,0
5141197,אי בי אי כספית חיסכון (ללא הרשאה),כספית שקלית עם קונצרני,,קרן כספית,2026-05-31,2394220000.0,אי.בי.אי,,False,False,0.0007000000000000001,0.001,16759.54,-0.0002999999999999999,-7182.659999999998,1
5141205,"אלטשולר שחם מחקה ת""א 125 (ללא הרשאה)",Large & Mid Cap,,מניות בארץ,2026-05-31,72090000.0,אלטשולר שחם,,True,False,0.0,0.0,0.0,0.0,0.0,0
5141213,"MTF מחקה Indxx Building America Infrastructure מנוטרלת מט""ח (ללא הרשאה)",שילוב ענפים,,"מניות בחו""ל",2026-05-31,11350000.0,מגדל,,True,False,0.005,0.0,567.5,0.005,567.5,0
5141221,אי בי אי מניות ערך (ללא הרשאה),מניות All Cap,,מניות בארץ,2026-05-31,1000000.0,אי.בי.אי,,False,False,0.006999999999999999,0.0035,70.0,0.003499999999999999,34.99999999999999,0
5141239,אלטשולר שחם מחקה בנקים בישראל A.B (ללא הרשאה),בנקאות ואשראי חוץ בנקאי,,מניות בארץ,2026-05-31,33600000.0,אלטשולר שחם,,True,False,0.0,0.0,0.0,0.0,0.0,0
5141247,אנליסט מניות Mid Cap ישראל (ללא הרשאה),מניות Large & Mid Cap,,מניות בארץ,2026-05-31,2870000.0,אנליסט,,False,False,0.0095,0.0035,272.65,0.006,172.20000000000002,0
5141254,אנליסט מדינה צמודה פלוס (ללא הרשאה),"אג""ח מדינה צמוד מדד- עד 10% מניות",,"אג""ח בארץ- מדינה",2026-05-31,2500000.0,אנליסט,,False,False,0.0058,0.0035,144.99999999999997,0.0022999999999999995,57.49999999999999,0
5141262,"MTF מחקה Indxx Top 10 US-Israel Banks מנוטרלת מט""ח (ללא הרשאה)","מניות גלובליות - מנוטרלת מט""ח",,"מניות בחו""ל",2026-05-31,4130000.0,מגדל,,True,False,0.005,0.0,206.5,0.005,206.5,0
5141270,"פינסה (!) תיק אג""ח (ללא הרשאה)","אג""ח כללי בארץ ללא מניות עם סימן קריאה",,"אג""ח בארץ - כללי",2026-05-31,95470000.0,סיגמא,פינסה ניהול נכסים,False,False,0.0075,0.0035,7160.249999999999,0.004,3818.8,0
5141288,אלטשולר שחם מחקה INDXX US Big Data (ללא הרשאה),Technology,,"מניות בחו""ל",2026-05-31,420000.0,אלטשולר שחם,,True,False,0.008,0.0,33.6,0.008,33.6,0
5141296,מיטב כספית ג'מבו (ללא הרשאה),כספית שקלית עם קונצרני,,קרן כספית,2026-05-31,1394960000.0,מיטב,,False,False,0.0012,0.001,16739.519999999997,0.00019999999999999987,2789.9199999999983,1
5141304,מגדל כספית חיסכון (ללא הרשאה),כספית שקלית עם קונצרני,,קרן כספית,2026-05-31,88330000.0,מגדל,,False,False,0.001,0.001,883.3000000000001,0.0,0.0,1
5141312,קסם KTF אינדקס בנקים ישראל (ללא הרשאה),בנקאות ואשראי חוץ בנקאי,,מניות בארץ,2026-05-31,137690000.0,קסם,,True,False,0.0,0.0,0.0,0.0,0.0,0
5141320,קסם TipRanks Global Momentum Analysts iNDEX KTF מנוטרלת דולר (ללא הרשאה),גלובלי- שווקים מפותחים,,"מניות בחו""ל",2026-05-31,25910000.0,קסם,,True,False,0.006999999999999999,0.0,1813.6999999999998,0.006999999999999999,1813.6999999999998,0
5141353,FOREST כספית (ללא הרשאה),כספית שקלית עם קונצרני,,קרן כספית,2026-05-31,2924250000.0,פורסט,,False,False,0.0005,0.001,14621.250000000002,-0.0005,-14621.250000000002,1
5141361,מור מחקה Nuclear Energy Industry iNDEX (ללא הרשאה),Alternative / Renewable Energy,,"מניות בחו""ל",2026-05-31,24320000.0,מור,,True,False,0.0,0.0,0.0,0.0,0.0,0
5141387,"אי בי אי תיק מניות חו""ל עד 30% מט""ח (ללא הרשאה)","מניות כללי בחו""ל מוגנת מט""ח",,"מניות בחו""ל",2026-05-31,58780000.0,אי.בי.אי,,False,False,0.006999999999999999,0.0035,4114.599999999999,0.003499999999999999,2057.2999999999993,0
5141395,פורטה Quality Equity USA (ללא הרשאה),"ארה""ב חשופת מט""ח",,"מניות בחו""ל",2026-05-31,282210000.0,סיגמא,פורטה,False,False,0.012,0.0035,33865.200000000004,0.0085,23987.850000000002,0
5141403,"קסם CME CF Bitcoin Reference Rate (BRRNY) KTF מנוטרלת מט""ח (ללא הרשאה)",Bitcoin,,נכסים דיגיטליים,2026-05-31,8119999.999999999,קסם,,True,False,0.005,0.0,406.0,0.005,406.0,0
5141411,מור מניות MID CAP ישראל (ללא הרשאה),מניות Large & Mid Cap,,מניות בארץ,2026-05-31,55750000.0,מור,,False,False,0.0095,0.0035,5296.249999999999,0.006,3345.0,0
5141429,תכלית TTF אינדקס שוק ההון ישראל (ללא הרשאה),פיננסים,,מניות בארץ,2026-05-31,33500000.0,מיטב,,True,False,0.005,0.0,1675.0,0.005,1675.0,0
5141437,"מיטב ת""א 90 פי 3 (ללא הרשאה)",ממונפות בסיכון גבוה,,ממונפות ואסטרטגיות,2026-05-31,10020000.0,מיטב,,False,False,0.015,0.0035,1502.9999999999998,0.0115,1152.3,0
5141445,איילון מניות ביטחוניות ישראל (ללא הרשאה),מניות לפי ענפים,,מניות בארץ,2026-05-31,69240000.0,איילון,,False,False,0.008,0.0035,5539.200000000001,0.0045000000000000005,3115.8,0
5141452,ילין לפידות כספית כשרה (ללא הרשאה),כספית שקלית עם קונצרני,,קרן כספית,2026-05-31,2150250000.0,ילין לפידות,,False,False,0.0006,0.001,12901.499999999998,-0.0004000000000000001,-8601.000000000002,1
5141460,הראל מחקה אינדקס לפדיון 2031 (מתגלגל כל 4 שנים) (ללא הרשאה),"אג""ח חברות שקלי וצמוד",,"אג""ח בארץ- חברות והמרה",2026-05-31,10230000.0,הראל,,True,False,0.0015,0.0,153.45000000000002,0.0015,153.45000000000002,0
5141478,"קסם KTF ת""א נדל""ן (ללא הרשאה)","נדל""ן ובנייה",,מניות בארץ,2026-05-31,8860000.0,קסם,,True,False,0.0,0.0,0.0,0.0,0.0,0
5141486,מיטב בנקים - ביטוח ושוק ההון (ללא הרשאה),מניות לפי ענפים,,מניות בארץ,2026-05-31,10650000.0,מיטב,,False,False,0.0095,0.0035,1011.7499999999999,0.006,639.0,0
5141494,קסם MarketVector Global Nuclear Energy Industry Index KTF מנוטרלת דולר (ללא הרשאה),Alternative / Renewable Energy,,"מניות בחו""ל",2026-05-31,10150000.0,קסם,,True,False,0.006,0.0,609.0,0.006,609.0,0
5141502,ב. אלטרנטיב 30/70 (ללא הרשאה),"אג""ח כללי בארץ- עד 30% מניות",,"אג""ח בארץ - כללי",2026-05-31,18780000.0,איילון,בסט אלטרנטיב,False,False,0.0078000000000000005,0.0035,1464.84,0.0043,807.5400000000001,0
5141510,"אקהאוס מניות חו""ל (ללא הרשאה)","מניות כללי בחו""ל חשופת מט""ח",,"מניות בחו""ל",2026-05-31,5080000.0,איילון,אקהאוס קפיטל,False,False,0.0175,0.0035,889.0000000000001,0.014000000000000002,711.2,0
5141528,פוקוס 50/50 (ללא הרשאה),"אג""ח כללי בארץ - חשיפה מרבית מעל 30% מניות",,"אג""ח בארץ - כללי",2026-05-31,29160000.0,איילון,פוקוס,False,False,0.0089,0.0035,2595.24,0.0054,1574.64,0
5141536,כרמים 30/70 (ללא הרשאה),"אג""ח כללי בארץ- עד 30% מניות",,"אג""ח בארץ - כללי",2026-05-31,34630000.0,איילון,כרמים,False,False,0.0085,0.0035,2943.55,0.005000000000000001,1731.5000000000002,0
5141544,"סיגמא תיק אג""ח + 30% (ללא הרשאה)","אג""ח כללי בארץ- עד 30% מניות",,"אג""ח בארץ - כללי",2026-05-31,48030000.0,סיגמא,,False,False,0.0069,0.0035,3314.0699999999997,0.0034,1633.02,0
5141551,גביש מניות ישראל (ללא הרשאה),מניות All Cap,,מניות בארץ,2026-05-31,6660000.0,סיגמא,גביש פיננסים,False,False,0.018500000000000003,0.0035,1232.1000000000001,0.015000000000000003,999.0000000000002,0
5141569,"אלטשולר שחם מחקה Nasdaq 100 מנוטרלת מט""ח (ללא הרשאה)",אמריקה- שווקים מפותחים,,"מניות בחו""ל",2026-05-31,8940000.0,אלטשולר שחם,,True,False,0.0,0.0,0.0,0.0,0.0,0
5141577,אילים מדינה צמודה פלוס (ללא הרשאה),"אג""ח מדינה צמוד מדד- עד 10% מניות",,"אג""ח בארץ- מדינה",2026-05-31,22030000.0,אילים,,False,False,0.0059,0.0035,1299.77,0.0024,528.7199999999999,0
5141585,תמיר פישמן 20/80 (ללא הרשאה),"אג""ח כללי בארץ- עד 20% מניות",,"אג""ח בארץ - כללי",2026-05-31,610000.0,תמיר פישמן,,False,False,0.0069,0.0035,42.089999999999996,0.0034,20.74,0
5141593,תמיר פישמן 30/70 (ללא הרשאה),"אג""ח כללי בארץ- עד 30% מניות",,"אג""ח בארץ - כללי",2026-05-31,2340000.0,תמיר פישמן,,False,False,0.0069,0.0035,161.45999999999998,0.0034,79.56,0
5141601,תמיר פישמן גמישה (ללא הרשאה),גמישות,,גמישות,2026-05-31,4320000.0,תמיר פישמן,,False,False,0.0149,0.0035,643.68,0.0114,492.48,0
5141619,מיטב מניות גלובלי כשרה (ללא הרשאה),"מניות כללי בחו""ל חשופת מט""ח",,"מניות בחו""ל",2026-05-31,6720000.0,מיטב,,False,False,0.0095,0.0035,638.4,0.006,403.2,0
5141627,"תכלית LBMA Gold price AM TTF מנוטרלת מט""ח (ללא הרשאה)",סחורה,,סחורות,2026-05-31,82760000.0,מיטב,,True,False,0.0095,0.0,7862.199999999999,0.0095,7862.199999999999,0
5141635,אלטשולר שחם מחקה תל בונד-שקלי 5-15 (ללא הרשאה),בריבית קבועה - ארוך,,"אג""ח בארץ- חברות והמרה",2026-05-31,820000.0,אלטשולר שחם,,True,False,0.0,0.0,0.0,0.0,0.0,0
5141643,"סיגמא מניות ת""א 125 (ללא הרשאה)",מניות Large & Mid Cap,,מניות בארץ,2026-05-31,4340000.0,סיגמא,,False,False,0.0125,0.0035,542.5,0.009000000000000001,390.6,0
5141650,סיגמא מניות ערך (ללא הרשאה),מניות All Cap,,מניות בארץ,2026-05-31,12440000.0,סיגמא,,False,False,0.0125,0.0035,1555.0,0.009000000000000001,1119.6000000000001,0
5141668,"סיגמא אג""ח מדורג ללא מניות (ללא הרשאה)",חברות והמרה ללא מניות וללא סימן קריאה,,"אג""ח בארץ- חברות והמרה",2026-05-31,1220000.0,סיגמא,,False,False,0.006500000000000001,0.0035,79.30000000000001,0.0030000000000000005,36.60000000000001,0
5141676,תכלית S&P 500 Momentum TTF (ללא הרשאה),אמריקה- שווקים מפותחים,,"מניות בחו""ל",2026-05-31,4820000.0,מיטב,,True,False,0.0025,0.0,120.5,0.0025,120.5,0
5141684,"תכלית S&P 500 Momentum TTF מנוטרלת מט""ח (ללא הרשאה)",אמריקה- שווקים מפותחים,,"מניות בחו""ל",2026-05-31,8430000.0,מיטב,,True,False,0.0025,0.0,210.75,0.0025,210.75,0
5141692,ברק כספית (ללא הרשאה),כספית שקלית עם קונצרני,,קרן כספית,2026-05-31,152420000.0,ברק,,False,False,0.0,0.001,0.0,-0.001,-1524.2,1
5141718,תכלית Quantum Computing Ecosystem iNDEX TTF (ללא הרשאה),Technology,,"מניות בחו""ל",2026-05-31,45260000.0,מיטב,,True,False,0.008,0.0,3620.8,0.008,3620.8,0
5141726,קסם CME CF Ethereum Reference Rate (ETHUSDNY) KTF (ללא הרשאה),Ethereum,,נכסים דיגיטליים,2026-05-31,1000000.0,קסם,,True,False,0.005,0.0,50.0,0.005,50.0,0
5141734,קסם KTF אינדקס אג''ח תשואות 100-שקלי (ללא הרשאה),בריבית קבועה,,"אג""ח בארץ- חברות והמרה",2026-05-31,66620000.00000001,קסם,,True,False,0.0022,0.0,1465.6400000000003,0.0022,1465.6400000000003,0
5141742,ילין לפידות מניות Mid Cap ישראל (ללא הרשאה),מניות Large & Mid Cap,,מניות בארץ,2026-05-31,17380000.0,ילין לפידות,,False,False,0.0095,0.0035,1651.1,0.006,1042.8,0
5141759,"MTF מחקה משולבת ת""א-125 (50%) S&P 500 י(50%) חודשי מנוטרלת מט""ח (ללא הרשאה)",אחר,,אחר,2026-05-31,25960000.0,מגדל,,True,False,0.0,0.0,0.0,0.0,0.0,0
5141767,אנליסט תיק השקעות עד 50% (ללא הרשאה),"אג""ח כללי בארץ - חשיפה מרבית מעל 30% מניות",,"אג""ח בארץ - כללי",2026-05-31,17380000.0,אנליסט,,False,False,0.0068000000000000005,0.0035,1181.84,0.0033000000000000004,573.5400000000001,0
5141775,"הראל מחקה ת""א בטחוניות (ללא הרשאה)",תעשיה,,מניות בארץ,2026-05-31,310650000.0,הראל,,True,False,0.0034999999999999996,0.0,10872.749999999998,0.0034999999999999996,10872.749999999998,0
5141783,"הראל מחקה ת""א תשתיות (ללא הרשאה)",תשתיות,,מניות בארץ,2026-05-31,68590000.0,הראל,,True,False,0.0025,0.0,1714.75,0.0025,1714.75,0
5141791,סלע מניות ערך ישראל (ללא הרשאה),מניות All Cap,,מניות בארץ,2026-05-31,17280000.0,איילון,סלע בית השקעות,False,False,0.0159,0.0035,2747.5200000000004,0.012400000000000001,2142.7200000000003,0
5141809,דולפין מניות Large & Mid Cap ישראל (ללא הרשאה),מניות Large & Mid Cap,,מניות בארץ,2026-05-31,11790000.0,איילון,דולפין 1 השקעות,False,False,0.0159,0.0035,1874.6100000000001,0.012400000000000001,1461.96,0
5141817,"ATF מחקה אינדקס אג""ח ממשלת ארה""ב - מח""מ דינמי מנוטרלת מט""ח (ללא הרשאה)","ממשלתיות מנוטרלת מט""ח - ארוך",,"אג""ח בחו""ל",2026-05-31,790000.0,אנליסט,,True,False,0.001,0.0,7.9,0.001,7.9,0
5141825,"יתרונות פיננסיים מניות חו""ל (ללא הרשאה)","מניות כללי בחו""ל חשופת מט""ח",,"מניות בחו""ל",2026-05-31,43210000.0,איילון,יתרונות פיננסיים,False,False,0.018000000000000002,0.0035,7777.8,0.014500000000000002,6265.450000000002,0
5141833,תכלית TTFי Indxx Super Institutional Investors Holdings 13F מנוטרלת דולר (ללא הרשאה),אמריקה- שווקים מפותחים,,"מניות בחו""ל",2026-05-31,30190000.0,מיטב,,True,False,0.006500000000000001,0.0,1962.3500000000001,0.006500000000000001,1962.3500000000001,0
5141841,ברק אולטרה נפט WTI פי 3 (ללא הרשאה),ממונפות בסיכון גבוה,,ממונפות ואסטרטגיות,2026-05-31,5370000.0,ברק,,False,False,0.018000000000000002,0.0035,966.6,0.014500000000000002,778.6500000000002,0
5141858,"אי בי אי מחקה S&P Ethereum מנוטרלת מט""ח (ללא הרשאה)",Ethereum,,נכסים דיגיטליים,2026-05-31,730000.0,אי.בי.אי,,True,False,0.005,0.0,36.5,0.005,36.5,0
5141866,"אי בי אי מחקה S&P Bitcoin מנוטרלת מט""ח (ללא הרשאה)",Bitcoin,,נכסים דיגיטליים,2026-05-31,5930000.0,אי.בי.אי,,True,False,0.002,0.0,118.60000000000001,0.002,118.60000000000001,0
5141874,"מור (!) אג""ח ללא מניות (ללא הרשאה)","אג""ח כללי בארץ ללא מניות עם סימן קריאה",,"אג""ח בארץ - כללי",2026-05-31,59400000.0,מור,,False,False,0.0069,0.0035,4098.599999999999,0.0034,2019.6,0
5141882,תכלית TTF אינדקס תעשיות ביטחוניות ישראל (ללא הרשאה),תעשיה,,מניות בארץ,2026-05-31,285970000.0,מיטב,,True,False,0.0034999999999999996,0.0,10008.949999999999,0.0034999999999999996,10008.949999999999,0
5141890,פלקון תיק השקעות גמיש (ללא הרשאה),גמישות,,גמישות,2026-05-31,18540000.0,סיגמא,פלקון,False,False,0.0095,0.0035,1761.3,0.006,1112.4,0
5141908,"MTF מחקה ת""א-125 אקלים נקי מדלקים פוסיליים (ללא הרשאה)",Large & Mid Cap,,מניות בארץ,2026-05-31,53950000.0,מגדל,,True,False,0.002,0.0,1079.0,0.002,1079.0,0
5141916,MTF מחקה (S&P Israel 70 MidCap (ILS (ללא הרשאה),Mid Cap,,מניות בארץ,2026-05-31,2550000.0,מגדל,,True,False,0.0,0.0,0.0,0.0,0.0,0
5141924,MTF מחקה (S&P Israel 30 LargeCap (ILS (ללא הרשאה),Large Cap,,מניות בארץ,2026-05-31,15130000.0,מגדל,,True,False,0.0,0.0,0.0,0.0,0.0,0
5141932,אלפי בנדק תיק השקעות עד 50% (ללא הרשאה),"אג""ח כללי בארץ - חשיפה מרבית מעל 30% מניות",,"אג""ח בארץ - כללי",2026-05-31,8220000.000000001,הראל,אלפי בנדק,False,False,0.0085,0.0035,698.7000000000002,0.005000000000000001,411.0000000000001,0
5141940,פורצ'ן 30/70 (ללא הרשאה),"אג""ח כללי בארץ- עד 30% מניות",,"אג""ח בארץ - כללי",2026-05-31,18960000.0,איילון,פורצ'ן,False,False,0.0089,0.0035,1687.4399999999998,0.0054,1023.8400000000001,0
5141957,קסם KTF (!) אינדקס Bullet ישראל 2035 (ללא הרשאה),"אג""ח חברות שקלי וצמוד",,"אג""ח בארץ- חברות והמרה",2026-05-31,20420000.0,קסם,,True,False,0.0022,0.0,449.24000000000007,0.0022,449.24000000000007,0
5141965,קסם KTF (!) אינדקס Bullet ישראל 2034 (ללא הרשאה),"אג""ח חברות שקלי וצמוד",,"אג""ח בארץ- חברות והמרה",2026-05-31,37300000.0,קסם,,True,False,0.0022,0.0,820.6000000000001,0.0022,820.6000000000001,0
5141973,קסם KTF (!) אינדקס Bullet ישראל 2033 (ללא הרשאה),"אג""ח חברות שקלי וצמוד",,"אג""ח בארץ- חברות והמרה",2026-05-31,23990000.0,קסם,,True,False,0.0022,0.0,527.7800000000001,0.0022,527.7800000000001,0
5141981,"MTF מחקה ת""א - בנייה (ללא הרשאה)","נדל""ן ובנייה",,מניות בארץ,2026-05-31,7260000.0,מגדל,,True,False,0.0,0.0,0.0,0.0,0.0,0
5141999,"אלטשולר שחם מחקה INDXX US Data Center Ecosystem מנוטרלת מט""ח (ללא הרשאה)",שילוב ענפים,,"מניות בחו""ל",2026-05-31,19860000.0,אלטשולר שחם,,True,False,0.008,0.0,1588.8000000000002,0.008,1588.8000000000002,0
5142005,MTF מחקה BlueStar Top 10 Nuclear Industry מנוטרלת דולר (ללא הרשאה),Alternative / Renewable Energy,,"מניות בחו""ל",2026-05-31,4760000.0,מגדל,,True,False,0.0,0.0,0.0,0.0,0.0,0
5142013,אי בי אי מחקה אינדקס מבטחי משנה גלובלי מנוטרלת דולר (ללא הרשאה),Financial,,"מניות בחו""ל",2026-05-31,7830000.0,אי.בי.אי,,True,False,0.004,0.0,313.20000000000005,0.004,313.20000000000005,0
5142021,"הראל מחקה ת""א נדל""ן-35 (ללא הרשאה)","נדל""ן ובנייה",,מניות בארץ,2026-05-31,6060000.0,הראל,,True,False,0.0,0.0,0.0,0.0,0.0,0
5142039,"תכלית TTF ת""א נדל""ן-35 (ללא הרשאה)","נדל""ן ובנייה",,מניות בארץ,2026-05-31,23660000.0,מיטב,,True,False,0.0,0.0,0.0,0.0,0.0,0
5142047,MTF מחקה Indxx US Industrial Electrification Ecosystem (ללא הרשאה),Industrials,,"מניות בחו""ל",2026-05-31,56750000.0,מגדל,,True,False,0.008,0.0,4540.0,0.008,4540.0,0
5142054,MTF מחקה Crypto Ecosystem iNDEX (ללא הרשאה),Technology,,"מניות בחו""ל",2026-05-31,2280000.0,מגדל,,True,False,0.008,0.0,182.4,0.008,182.4,0
5142062,מגדל כספית דולרית נקובה $ - כשרה (ללא הרשאה),"נקובת מט""ח",,קרן כספית,2026-05-31,123340000.0,מגדל,,False,False,0.001,0.001,1233.4,0.0,0.0,1
5142070,MTF מחקה Indxx US Quantum Computing Ecosystem (ללא הרשאה),Technology,,"מניות בחו""ל",2026-05-31,3800000.0,מגדל,,True,False,0.008,0.0,304.0,0.008,304.0,0
5142088,קסם KTFי MarketVector תעשיות בטחוניות ישראליות (ללא הרשאה),תעשיה,,מניות בארץ,2026-05-31,98580000.0,קסם,,True,False,0.002,0.0,1971.6000000000001,0.002,1971.6000000000001,0
5142096,"קסם KTFי LBMA GOLD PRICE PM USD מנוטרלת מט""ח (ללא הרשאה)",סחורה,,סחורות,2026-05-31,24660000.0,קסם,,True,False,0.0095,0.0,2342.7,0.0095,2342.7,0
5142104,קסם KTF תל בונד שקלי A (ללא הרשאה),בריבית קבועה,,"אג""ח בארץ- חברות והמרה",2026-05-31,28190000.0,קסם,,True,False,0.0,0.0,0.0,0.0,0.0,0
5142112,קסם KTF תל בונד שקלי 5-15 (ללא הרשאה),בריבית קבועה - ארוך,,"אג""ח בארץ- חברות והמרה",2026-05-31,15010000.0,קסם,,True,False,0.0,0.0,0.0,0.0,0.0,0
5142120,קסם KTF תל בונד צמודות 5-15 (ללא הרשאה),בריבית קבועה - ארוך,,"אג""ח בארץ- חברות והמרה",2026-05-31,4260000.0,קסם,,True,False,0.0,0.0,0.0,0.0,0.0,0
5142138,ילין לפידות מחקה quabify קונצרני ארוך צמוד (ללא הרשאה),בריבית קבועה - ארוך,,"אג""ח בארץ- חברות והמרה",2026-05-31,70000.0,ילין לפידות,,True,False,0.001,0.0,0.7000000000000001,0.001,0.7000000000000001,0
5142146,ילין לפידות מחקה quabify קונצרני ארוך שקלי (ללא הרשאה),בריבית קבועה - ארוך,,"אג""ח בארץ- חברות והמרה",2026-05-31,190000.0,ילין לפידות,,True,False,0.001,0.0,1.9000000000000001,0.001,1.9000000000000001,0
5142153,ילין לפידות מחקה Nasdaq 100 (ללא הרשאה),אמריקה- שווקים מפותחים,,"מניות בחו""ל",2026-05-31,5890000.0,ילין לפידות,,True,False,0.0,0.0,0.0,0.0,0.0,0
5142161,"ילין לפידות מחקה Nasdaq 100 מנוטרלת מט""ח (ללא הרשאה)",אמריקה- שווקים מפותחים,,"מניות בחו""ל",2026-05-31,12750000.0,ילין לפידות,,True,False,0.0,0.0,0.0,0.0,0.0,0
5142179,"ילין לפידות מחקה quabify ממשלתי שקלי מח""מ קבוע 10 (ללא הרשאה)",ריבית קבועה - ארוך,,"אג""ח בארץ- מדינה",2026-05-31,1070000.0,ילין לפידות,,True,False,0.001,0.0,10.700000000000001,0.001,10.700000000000001,0
5142187,"הראל מחקה ת""א-בנקים וביטוח משקל שווה (ללא הרשאה)",שילוב ענפים,,מניות בארץ,2026-05-31,5660000.0,הראל,,True,False,0.003,0.0,169.8,0.003,169.8,0
5142195,"קסם iBoxx $ Treasuries 10Y + KTF מנוטרלת מט""ח (ללא הרשאה)","ממשלתיות מנוטרלת מט""ח - ארוך",,"אג""ח בחו""ל",2026-05-31,67270000.0,קסם,,True,False,0.002,0.0,1345.4,0.002,1345.4,0
5142203,איילון פאי ביטחוניות עולמי (ללא הרשאה),"מניות לפי ענפים בחו""ל",,"מניות בחו""ל",2026-05-31,4320000.0,איילון,,False,False,0.0085,0.0035,367.20000000000005,0.005000000000000001,216.00000000000003,0
5142211,דרך 10/90 כשרה (ללא הרשאה),"אג""ח כללי בארץ- עד 10% מניות ללא סימן קריאה",,"אג""ח בארץ - כללי",2026-05-31,5550000.0,סיגמא,דרך אינבסט,False,False,0.008,0.0035,444.00000000000006,0.0045000000000000005,249.75000000000003,0
5142229,דרך מניות ישראל כשרה (ללא הרשאה),מניות All Cap,,מניות בארץ,2026-05-31,9160000.0,סיגמא,דרך אינבסט,False,False,0.018500000000000003,0.0035,1694.6000000000001,0.015000000000000003,1374.0000000000005,0
5142237,MTF מחקה INDXX ביטחוניות ישראל (ללא הרשאה),תעשיה,,מניות בארץ,2026-05-31,12370000.0,מגדל,,True,False,0.0,0.0,0.0,0.0,0.0,0
5142245,"MTF מחקה אינדקס אג""ח בנקים וביטוח 5-10 (ללא הרשאה)","אג""ח חברות שקלי וצמוד",,"אג""ח בארץ- חברות והמרה",2026-05-31,7610000.0,מגדל,,True,False,0.0,0.0,0.0,0.0,0.0,0
5142252,איילון כספית כשרה (ללא הרשאה),כספית שקלית עם קונצרני,,קרן כספית,2026-05-31,773690000.0,איילון,,False,False,0.0005,0.001,3868.4500000000003,-0.0005,-3868.4500000000003,1
5142260,אקורד (!) תיק קונצרני (ללא הרשאה),חברות והמרה ללא מניות עם סימן קריאה,,"אג""ח בארץ- חברות והמרה",2026-05-31,5210000.0,איילון,אקורד ניהול השקעות,False,False,0.0077,0.0035,401.17,0.004200000000000001,218.82000000000002,0
5142278,"אינווסטור 360 מניות חו""ל נקובת דולר (ללא הרשאה)","מניות בחו""ל נקובת מט""ח",,"מניות בחו""ל",2026-05-31,22930000.0,איילון,אינווסט 360,False,False,0.009000000000000001,0.0035,2063.7000000000003,0.005500000000000001,1261.1500000000003,0
5142294,מיטב מניות יתר (ללא הרשאה),מניות Small Cap,,מניות בארץ,2026-05-31,2550000.0,מיטב,,False,False,0.012,0.0035,306.0,0.0085,216.75000000000003,0
5142310,אלטשולר שחם LeadingApp (ללא הרשאה),"מניות לפי ענפים בחו""ל",,"מניות בחו""ל",2026-05-31,1120000.0,אלטשולר שחם,,False,False,0.0125,0.0035,140.0,0.009000000000000001,100.80000000000001,0
5142336,מגדל זהב (ללא הרשאה),"מניות לפי ענפים בחו""ל",,"מניות בחו""ל",2026-05-31,1900000.0,מגדל,,False,False,0.006999999999999999,0.0035,133.0,0.003499999999999999,66.49999999999999,0
5142344,MTF מחקה אינדקס מדינת ישראל דולר לפדיון 2035 (מתגלגל כל 10 שנים) נקובה $ (ללא הרשאה),"ממשלתיות חשופת מט""ח - ארוך",,"אג""ח בחו""ל",2026-05-31,38620000.0,מגדל,,True,False,0.002,0.0,772.4000000000001,0.002,772.4000000000001,0
5142351,"איילון מניות נדל""ן למגורים (ללא הרשאה)",מניות לפי ענפים,,מניות בארץ,2026-05-31,280000.0,איילון,,False,False,0.0069,0.0035,19.32,0.0034,9.52,0
5142369,קסם אקטיב מניות תעשיות בטחוניות (ללא הרשאה),מניות לפי ענפים,,מניות בארץ,2026-05-31,3220000.0,קסם,,False,False,0.006500000000000001,0.0035,209.3,0.0030000000000000005,96.60000000000001,0
5142377,קסם אקטיב כספית כשרה (ללא הרשאה),כספית שקלית עם קונצרני,,קרן כספית,2026-05-31,760030000.0,קסם,,False,False,0.00025,0.001,1900.075,-0.00075,-5700.225,1
5142401,אנליסט 10/90 מודל ESG (ללא הרשאה),"אג""ח כללי בארץ- עד 10% מניות ללא סימן קריאה",,"אג""ח בארץ - כללי",2026-05-31,900000.0,אנליסט,,False,False,0.0048,0.0035,43.199999999999996,0.0012999999999999995,11.699999999999996,0
5142419,"אלטשולר שחם מחקה ת""א 35 (ללא הרשאה)",Large Cap,,מניות בארץ,2026-05-31,47720000.0,אלטשולר שחם,,True,False,0.0,0.0,0.0,0.0,0.0,0
5142427,קסם KTF אינדקס אנרגיה ישראלית (ללא הרשאה),"נפט, גז ואנרגיה",,מניות בארץ,2026-05-31,4179999.9999999995,קסם,,True,False,0.0025,0.0,104.5,0.0025,104.5,0
5142435,קסם MarketVector KTF תשתיות ישראל (ללא הרשאה),תשתיות,,מניות בארץ,2026-05-31,2420000.0,קסם,,True,False,0.002,0.0,48.400000000000006,0.002,48.400000000000006,0
5142443,הראל מחקה תל בונד שקלי - בנקים וביטוח (ללא הרשאה),בריבית קבועה,,"אג""ח בארץ- חברות והמרה",2026-05-31,20990000.0,הראל,,True,False,0.0,0.0,0.0,0.0,0.0,0
5142450,ברק אולטרה RUSSELL 2000 פי 3 (ללא הרשאה),ממונפות בסיכון גבוה,,ממונפות ואסטרטגיות,2026-05-31,2260000.0,ברק,,False,False,0.018000000000000002,0.0035,406.8,0.014500000000000002,327.70000000000005,0
5142476,אי בי אי מחקה MSCI AC World EX USA מנוטרלת דולר (ללא הרשאה),"מניות גלובליות - מנוטרלת מט""ח",,"מניות בחו""ל",2026-05-31,16690000.000000002,אי.בי.אי,,True,False,0.0,0.0,0.0,0.0,0.0,0
5142484,אי בי אי מחקה MarketVector Space Industry מנוטרלת דולר (ללא הרשאה),Aerospace & Defense,,"מניות בחו""ל",2026-05-31,147630000.0,אי.בי.אי,,True,False,0.006500000000000001,0.0,9595.95,0.006500000000000001,9595.95,0
5142492,אלטשולר שחם מחקה A.B US Top 15 Healthcare (ללא הרשאה),Health Care,,"מניות בחו""ל",2026-05-31,500000.0,אלטשולר שחם,,True,False,0.008,0.0,40.0,0.008,40.0,0
5142575,תכלית TTF אינדקס תעשיית החלל גלובלי מנוטרלת דולר (ללא הרשאה),Aerospace & Defense,,"מניות בחו""ל",2026-05-31,22440000.0,מיטב,,True,False,0.005,0.0,1122.0,0.005,1122.0,0
5142609,תכלית TTF אינדקס אנרגיה ישראלית (ללא הרשאה),"נפט, גז ואנרגיה",,מניות בארץ,2026-05-31,4910000.0,מיטב,,True,False,0.0025,0.0,122.75,0.0025,122.75,0
5142625,"תכלית TTF ת""א טכנולוגיה 35 (ללא הרשאה)",טכנולוגיה,,מניות בארץ,2026-05-31,11480000.0,מיטב,,True,False,0.0,0.0,0.0,0.0,0.0,0
5142633,"ATF מחקה אינדקס חברות פרויקטים מניבים (נדל""ן ואנרגיה) ישראל (ללא הרשאה)",שילוב ענפים,,מניות בארץ,2026-05-31,2140000.0,אנליסט,,True,False,0.0045000000000000005,0.0,96.30000000000001,0.0045000000000000005,96.30000000000001,0
5142666,קסם אקטיב מניות אנרגיה מתחדשת (ללא הרשאה),מניות לפי ענפים,,מניות בארץ,2026-05-31,920000.0,קסם,,False,False,0.006500000000000001,0.0035,59.800000000000004,0.0030000000000000005,27.600000000000005,0
5142674,"אילים אג""ח והנפקות (ללא הרשאה)","אג""ח כללי בארץ ללא מניות וללא סימן קריאה",,"אג""ח בארץ - כללי",2026-05-31,800000.0,אילים,,False,False,0.0059,0.0035,47.199999999999996,0.0024,19.2,0
5142682,מור מחקה אינדקס US Technology Services 50 (ללא הרשאה),Technology,,"מניות בחו""ל",2026-05-31,10270000.0,מור,,True,False,0.005,0.0,513.5,0.005,513.5,0
5231030,הראל שקלית קונצרני פלוס (ללא הרשאה),חברות והמרה שקלי עם מניות,,"אג""ח בארץ- חברות והמרה",2026-05-31,60790000.0,הראל,,False,False,0.0055000000000000005,0.0035,3343.4500000000007,0.0020000000000000005,1215.8000000000004,0
5231055,"הראל (!) נבחרת אג""ח (ללא הרשאה)","אג""ח כללי בארץ ללא מניות עם סימן קריאה",,"אג""ח בארץ - כללי",2026-05-31,118610000.0,הראל,,False,False,0.0058,0.0035,6879.379999999999,0.0022999999999999995,2728.0299999999997,0
5231097,הראל כספית דולרית (ללא הרשאה),חשופת דולר,,קרן כספית,2026-05-31,47910000.0,הראל,,False,False,0.0078000000000000005,0.001,3736.98,0.0068000000000000005,3257.88,1
5520044,מיטב סקיי השקעות (ללא הרשאה),גמישות,,גמישות,2026-05-31,263300000.0,מיטב,,False,False,0.015,0.0035,39495.0,0.0115,30279.5,0
