FundBno,ShortName,SubClass,MainClass,SuperClass,eom,fdAUM,ManagerCmp,Manager_ext,IsTracking,IsKerenSal,ManagerFee,DistClassificationVal,Revenues,Net_Fees,Net_Revenues,Is_Caspit
1142538,אי.בי.אי. (5D)י TECH FUND - טכנולוגיה עילית,,קרן טכנולוגיה עילית,קרן סגורה,7/30/2026 0:00,504753777.9,אי.בי.אי,ראה פירוט אודות היועצים בקרן בתחתית דוח זה.,FALSE,FALSE,0.013,0,65617.99219,0.013,65617.99219,0
1143700,"תכלית סל (40) ת""א 35",Large Cap,מניות לפי שווי שוק,מניות בארץ,7/30/2026 0:00,3298951619,מיטב,,TRUE,TRUE,0.0025,0,82473.78906,0.0025,82473.78906,0
1143718,"תכלית סל (40) ת""א 125",Mid Cap & Large ,מניות לפי שווי שוק,מניות בארץ,7/30/2026 0:00,6018163898,מיטב,,TRUE,TRUE,0.0025,0,150454.0938,0.0025,150454.0938,0
1143726,תכלית סל (40) אינדקס בנקים ישראל,בנקאות ואשראי חוץ בנקאי,מניות לפי ענפים,מניות בארץ,7/30/2026 0:00,2434342547,מיטב,,TRUE,TRUE,0.006,0,146060.5625,0.006,146060.5625,0
1143734,"תכלית סל (4A)י NASDAQ 100 מנוטרלת מט""ח",אמריקה- שווקים מפותחים,"מניות גיאוגרפי - מנוטרלת מט""ח","מניות בחו""ל",7/30/2026 0:00,1467475411,מיטב,,TRUE,TRUE,0.008,0,117398.0469,0.008,117398.0469,0
1143742,"תכלית סל (4A)י Hang Seng China מנוטרלת מט""ח",אסיה ופסיפיק- שווקים מתעוררים,"מניות גיאוגרפי - מנוטרלת מט""ח","מניות בחו""ל",7/30/2026 0:00,3225283.74,מיטב,,TRUE,TRUE,0.015,0,483.7925415,0.015,483.7925415,0
1143767,"תכלית סל (4A)י EURO STOXX 50 מנוטרלת מט""ח",אירופה- כללי,"מניות גיאוגרפי - מנוטרלת מט""ח","מניות בחו""ל",7/30/2026 0:00,67218429.4,מיטב,,TRUE,TRUE,0.008,0,5377.475098,0.008,5377.475098,0
1143783,"תכלית סל (40) ת""א 90",Mid Cap,מניות לפי שווי שוק,מניות בארץ,7/30/2026 0:00,2401963779,מיטב,,TRUE,TRUE,0.006,0,144117.8281,0.006,144117.8281,0
1143791,תכלית סל (00) תל בונד 20 צמודות,בריבית קבועה ,"אג""ח חברות צמודות מדד","אג""ח בארץ - חברות והמרה",7/30/2026 0:00,659723233.9,מיטב,,TRUE,TRUE,0.0025,0,16493.08203,0.0025,16493.08203,0
1143817,"תכלית סל (4A)י S&P 500 מנוטרלת מט""ח",אמריקה- שווקים מפותחים,"מניות גיאוגרפי - מנוטרלת מט""ח","מניות בחו""ל",7/30/2026 0:00,1745583105,מיטב,,TRUE,TRUE,0.008,0,139646.6563,0.008,139646.6563,0
1143825,"תכלית סל (4A)י DAX מנוטרלת מט""ח",אירופה- שווקים מפותחים,"מניות גיאוגרפי - מנוטרלת מט""ח","מניות בחו""ל",7/30/2026 0:00,189794258.2,מיטב,,TRUE,TRUE,0.008,0,15183.54102,0.008,15183.54102,0
1143833,תכלית סל (4A)י STOXX Europe 600 מנוטרלת אירו,אירופה- כללי,"מניות גיאוגרפי - מנוטרלת מט""ח","מניות בחו""ל",7/30/2026 0:00,170774777.3,מיטב,,TRUE,TRUE,0.008,0,13661.9834,0.008,13661.9834,0
1143841,תכלית סל (4D) ‏S&P Financial,Financial,"מניות לפי ענפים בחו""ל - חשופת מט""ח","מניות בחו""ל",7/30/2026 0:00,11321248.92,מיטב,,TRUE,TRUE,0.0045,0,509.4561768,0.0045,509.4561768,0
1143858,"תכלית סל (4A)י S&P Industrial מנוטרלת מט""ח",Industrials,"מניות לפי ענפים בחו""ל - מנוטרלת מט""ח","מניות בחו""ל",7/30/2026 0:00,46165283.42,מיטב,,TRUE,TRUE,0.008,0,3693.2229,0.008,3693.2229,0
1143866,תכלית סל (4A)י MSCI World מנוטרלת דולר,גלובלי- שווקים מפותחים,"מניות גיאוגרפי - מנוטרלת מט""ח","מניות בחו""ל",7/30/2026 0:00,51325070.27,מיטב,,TRUE,TRUE,0.008,0,4106.005859,0.008,4106.005859,0
1143882,"תכלית סל (4A) משולבת S&P Consumer י(50%) S&P Staples י(50%) מנוטרלת מט""ח חודשי",,"מניות בחו""ל קרן משולבת","מניות בחו""ל",7/30/2026 0:00,13433285.51,מיטב,,TRUE,TRUE,0,0,0,0,0,0
1143957,תכלית סל (4D) ‏S&P Consumer Discretionary,Consumer Discretionary,"מניות לפי ענפים בחו""ל - חשופת מט""ח","מניות בחו""ל",7/30/2026 0:00,15095257.86,מיטב,,TRUE,TRUE,0.007,0,1056.668091,0.007,1056.668091,0
1143965,"תכלית סל (4A)י S&P Technology מנוטרלת מט""ח",Technology,"מניות לפי ענפים בחו""ל - מנוטרלת מט""ח","מניות בחו""ל",7/30/2026 0:00,49462382.64,מיטב,,TRUE,TRUE,0.006,0,2967.743164,0.006,2967.743164,0
1143981,תכלית סל (4D) ‏S&P Consumer Staples,Consumer Staples,"מניות לפי ענפים בחו""ל - חשופת מט""ח","מניות בחו""ל",7/30/2026 0:00,10064639.34,מיטב,,TRUE,TRUE,0.006,0,603.8783569,0.006,603.8783569,0
1143999,תכלית סל (4D) ‏S&P Health Care,Health Care,"מניות לפי ענפים בחו""ל - חשופת מט""ח","מניות בחו""ל",7/30/2026 0:00,13258564.27,מיטב,,TRUE,TRUE,0.005,0,662.9281616,0.005,662.9281616,0
1144013,תכלית סל (0B) תל בונד מאגר,"אג""ח חברות שקלי וצמוד","אג""ח חברות ","אג""ח בארץ - חברות והמרה",7/30/2026 0:00,1182939698,מיטב,,TRUE,TRUE,0.0025,0,29573.49023,0.0025,29573.49023,0
1144054,"תכלית סל (4A)י CAC 40 מנוטרלת מט""ח",אירופה- שווקים מפותחים,"מניות גיאוגרפי - מנוטרלת מט""ח","מניות בחו""ל",7/30/2026 0:00,8855905.1,מיטב,,TRUE,TRUE,0.008,0,708.4724731,0.008,708.4724731,0
1144104,תכלית סל (4D) ‏‏‏DAX,אירופה- שווקים מפותחים,"מניות גיאוגרפי - חשופת מט""ח","מניות בחו""ל",7/30/2026 0:00,18146386.82,מיטב,,TRUE,TRUE,0.006,0,1088.783203,0.006,1088.783203,0
1144112,תכלית סל (4D)‏ MSCI India,אסיה ופסיפיק- שווקים מתעוררים,"מניות גיאוגרפי - חשופת מט""ח","מניות בחו""ל",7/30/2026 0:00,14952761.78,מיטב,,TRUE,TRUE,0.012,0,1794.331543,0.012,1794.331543,0
1144161,"תכלית סל (40) ת""א פיננסים",פיננסים,מניות לפי ענפים,מניות בארץ,7/30/2026 0:00,240229527.1,מיטב,,TRUE,TRUE,0.005,0,12011.47559,0.005,12011.47559,0
1144237,תכלית סל (4D) ‏‏‏MSCI AC World,,"מניות גלובליות - חשופת מט""ח","מניות בחו""ל",7/30/2026 0:00,363595534.3,מיטב,,TRUE,TRUE,0.01,0,36359.55078,0.01,36359.55078,0
1144252,תכלית סל (4D) ‏ISE Cyber Security,Cyber Security,"מניות לפי ענפים בחו""ל - חשופת מט""ח","מניות בחו""ל",7/30/2026 0:00,103407660.3,מיטב,,TRUE,TRUE,0.006,0,6204.459961,0.006,6204.459961,0
1144260,תכלית סל (00)(!) תל בונד תשואות שקל,בריבית קבועה,"אג""ח חברות שקלי","אג""ח בארץ - חברות והמרה",7/30/2026 0:00,333252511.7,מיטב,,TRUE,TRUE,0.002,0,6665.050781,0.002,6665.050781,0
1144278,תכלית סל (4D) ‏S&P Energy,Energy,"מניות לפי ענפים בחו""ל - חשופת מט""ח","מניות בחו""ל",7/30/2026 0:00,10286726.09,מיטב,,TRUE,TRUE,0.0035,0,360.0354309,0.0035,360.0354309,0
1144310,תכלית סל (4D) ‏S&P Aerospace & Defense,Aerospace & Defense,"מניות לפי ענפים בחו""ל - חשופת מט""ח","מניות בחו""ל",7/30/2026 0:00,121257904.4,מיטב,,TRUE,TRUE,0.006,0,7275.474609,0.006,7275.474609,0
1144336,תכלית סל (4A) ‏‏MSCI AC World מנוטרלת דולר,,"מניות גלובליות - מנוטרלת מט""ח","מניות בחו""ל",7/30/2026 0:00,310107335.9,מיטב,,TRUE,TRUE,0.006,0,18606.43945,0.006,18606.43945,0
1144377,תכלית סל (00)(!) תל בונד גלובל שקלי,בריבית קבועה,"אג""ח חברות שקלי","אג""ח בארץ - חברות והמרה",7/30/2026 0:00,148178212.6,מיטב,,TRUE,TRUE,0.002,0,2963.564453,0.002,2963.564453,0
1144385,תכלית סל (4D) ‏‏S&P 500,אמריקה- שווקים מפותחים,"מניות גיאוגרפי - חשופת מט""ח","מניות בחו""ל",7/30/2026 0:00,7797720525,מיטב,,TRUE,TRUE,0.007,0,545840.4375,0.007,545840.4375,0
1144401,תכלית סל (4D) ‏‏‏NASDAQ 100,אמריקה- שווקים מפותחים,"מניות גיאוגרפי - חשופת מט""ח","מניות בחו""ל",7/30/2026 0:00,885087935.5,מיטב,,TRUE,TRUE,0.007,0,61956.15625,0.007,61956.15625,0
1144419,תכלית סל (4D) ‏‏‏‏NIKKEI 225,אסיה ופסיפיק- שווקים מפותחים,"מניות גיאוגרפי - חשופת מט""ח","מניות בחו""ל",7/30/2026 0:00,154234303.3,מיטב,,TRUE,TRUE,0.007,0,10796.40137,0.007,10796.40137,0
1144427,תכלית סל (4D) ‏‏EURO STOXX 50,אירופה- כללי,"מניות גיאוגרפי - חשופת מט""ח","מניות בחו""ל",7/30/2026 0:00,28179241.43,מיטב,,TRUE,TRUE,0.006,0,1690.754639,0.006,1690.754639,0
1144450,תכלית סל (4D) ‏‏‏MSCI Emerging Markets,גלובלי- שווקים מתעוררים,"מניות גיאוגרפי - חשופת מט""ח","מניות בחו""ל",7/30/2026 0:00,109063228.3,מיטב,,TRUE,TRUE,0.0055,0,5998.478027,0.0055,5998.478027,0
1144468,"תכלית סל (4A)י NIKKEI 225 מנוטרלת מט""ח",אסיה ופסיפיק- שווקים מפותחים,"מניות גיאוגרפי - מנוטרלת מט""ח","מניות בחו""ל",7/30/2026 0:00,116339299.3,מיטב,,TRUE,TRUE,0.0095,0,11052.23242,0.0095,11052.23242,0
1144484,תכלית סל (4D) ‏‏‏Russell 2000,אמריקה- שווקים מפותחים,"מניות גיאוגרפי - חשופת מט""ח","מניות בחו""ל",7/30/2026 0:00,107437588.9,מיטב,,TRUE,TRUE,0.006,0,6446.255859,0.006,6446.255859,0
1144518,תכלית סל (4D) משולבת מניות ארהב חודשי,,"מניות בחו""ל קרן משולבת","מניות בחו""ל",7/30/2026 0:00,156682435.4,מיטב,,TRUE,TRUE,0,0,0,0,0,0
1144526,תכלית סל (4D) ‏‏‏NASDAQ Biotechnology,Biotechnology,"מניות לפי ענפים בחו""ל - חשופת מט""ח","מניות בחו""ל",7/30/2026 0:00,34726464.37,מיטב,,TRUE,TRUE,0.012,0,4167.175781,0.012,4167.175781,0
1144534,תכלית סל (4D) חוזה Bloomberg Brent Crude,,סחורה ,סחורות,7/30/2026 0:00,7069973.15,מיטב,,TRUE,TRUE,0.015,0,1060.49585,0.015,1060.49585,0
1144542,תכלית סל (4D) חוזה ‏Bloomberg Silver,,סחורה ,סחורות,7/30/2026 0:00,65046029.19,מיטב,,TRUE,TRUE,0.015,0,9756.90332,0.015,9756.90332,0
1144559,"תכלית סל (40) ת""א נדל""ן","נדל""ן ובנייה",מניות לפי ענפים,מניות בארץ,7/30/2026 0:00,261356650.9,מיטב,,TRUE,TRUE,0.0045,0,11761.04883,0.0045,11761.04883,0
1144575,"תכלית סל (40) ת""א צמיחה",Small Cap,מניות לפי שווי שוק,מניות בארץ,7/30/2026 0:00,66296576.48,מיטב,,TRUE,TRUE,0.01,0,6629.657227,0.01,6629.657227,0
1144591,תכלית סל (00) תל גוב-צמודות 0-2,צמודות מדד ממשלתיות - קצר,"אג""ח מדינה צמוד מדד","אג""ח בארץ - מדינה",7/30/2026 0:00,16227823.29,מיטב,,TRUE,TRUE,0.0015,0,243.4173584,0.0015,243.4173584,0
1144609,תכלית סל (00) תל גוב-שקלי 0-2,‏ריבית קבועה  - קצר,"אג""ח מדינה שקליות ","אג""ח בארץ - מדינה",7/30/2026 0:00,25285423.36,מיטב,,TRUE,TRUE,0.0015,0,379.2813721,0.0015,379.2813721,0
1144633,"תכלית סל (00) תל גוב-מק""מ","מק""מ","אג""ח מדינה שקליות ","אג""ח בארץ - מדינה",7/30/2026 0:00,40846188.38,מיטב,,TRUE,TRUE,0,0,0,0,0,0
1144658,"תכלית סל (60) ממונפת ת""א 35 פי 2 חודשי",מניות בארץ,ממונפות בסיכון גבוה,ממונפות,7/30/2026 0:00,27036131.62,מיטב,,TRUE,TRUE,0.015,0,4055.419678,0.015,4055.419678,0
1144666,תכלית סל (4D) ‏‏‏LBMA Gold Price AM,,סחורה ,סחורות,7/30/2026 0:00,61396315.9,מיטב,,TRUE,TRUE,0.015,0,9209.447266,0.015,9209.447266,0
1144690,תכלית סל (00) תל בונד צמודות-יתר,בריבית קבועה ,"אג""ח חברות צמודות מדד","אג""ח בארץ - חברות והמרה",7/30/2026 0:00,270653157.3,מיטב,,TRUE,TRUE,0.002,0,5413.063477,0.002,5413.063477,0
1144708,"תכלית סל (60) ממונפת ת""א 35 פי 3 חודשי",מניות בארץ,ממונפות בסיכון גבוה,ממונפות,7/30/2026 0:00,200935153.9,מיטב,,TRUE,TRUE,0.0125,0,25116.89453,0.0125,25116.89453,0
1144716,"תכלית סל (60) ממונפת בחסר ת""א 35 פי 2 חודשי",מניות בארץ,ממונפות בחסר בסיכון גבוה,ממונפות,7/30/2026 0:00,6336074.83,מיטב,,TRUE,TRUE,0.015,0,950.4111938,0.015,950.4111938,0
1144724,תכלית סל (4D)י STOXX Europe 600,אירופה- כללי,"מניות גיאוגרפי - חשופת מט""ח","מניות בחו""ל",7/30/2026 0:00,48183553.44,מיטב,,TRUE,TRUE,0.006,0,2891.013184,0.006,2891.013184,0
1144807,"תכלית סל (40) ת""א נפט וגז","נפט, גז ואנרגיה",מניות לפי ענפים,מניות בארץ,7/30/2026 0:00,201696666.2,מיטב,,TRUE,TRUE,0.005,0,10084.83301,0.005,10084.83301,0
1144823,תכלית סל (00) תל בונד צמודות-בנקים ללא COCO,בריבית קבועה ,"אג""ח חברות צמודות מדד","אג""ח בארץ - חברות והמרה",7/30/2026 0:00,164685804.8,מיטב,,TRUE,TRUE,0.002,0,3293.716309,0.002,3293.716309,0
1144831,"תכלית סל (4A) ‏‏‏DJ Internet Composite מנוטרלת מט""ח",Internet,"מניות לפי ענפים בחו""ל - מנוטרלת מט""ח","מניות בחו""ל",7/30/2026 0:00,37437092.78,מיטב,,TRUE,TRUE,0.008,0,2994.967529,0.008,2994.967529,0
1144849,"תכלית סל (4A)י S&P Financial מנוטרלת מט""ח",Financial,"מניות לפי ענפים בחו""ל - מנוטרלת מט""ח","מניות בחו""ל",7/30/2026 0:00,26276728.78,מיטב,,TRUE,TRUE,0.005,0,1313.836426,0.005,1313.836426,0
1144856,"תכלית סל (4A)י FTSE 250 מנוטרלת מט""ח",אירופה- שווקים מפותחים,"מניות גיאוגרפי - מנוטרלת מט""ח","מניות בחו""ל",7/30/2026 0:00,11795104.4,מיטב,,TRUE,TRUE,0.01,0,1179.510376,0.01,1179.510376,0
1144906,תכלית סל (4D) ‏‏‏S&P 500 Dividend Aristocrats,אמריקה- שווקים מפותחים,"מניות גיאוגרפי - חשופת מט""ח","מניות בחו""ל",7/30/2026 0:00,31796884.95,מיטב,,TRUE,TRUE,0.007,0,2225.781982,0.007,2225.781982,0
1144914,"תכלית סל (4A)י S&P 500 Dividend Aristocrats מנוטרלת מט""ח",אמריקה- שווקים מפותחים,"מניות גיאוגרפי - מנוטרלת מט""ח","מניות בחו""ל",7/30/2026 0:00,32667414.37,מיטב,,TRUE,TRUE,0.009,0,2940.067139,0.009,2940.067139,0
1144948,"תכלית סל (4A)י IPOX 100 US מנוטרלת מט""ח",אמריקה- שווקים מפותחים,"מניות גיאוגרפי - מנוטרלת מט""ח","מניות בחו""ל",7/30/2026 0:00,28811088.9,מיטב,,TRUE,TRUE,0.0125,0,3601.38623,0.0125,3601.38623,0
1144955,"תכלית סל (4A)י S&P MidCap 400 מנוטרלת מט""ח",אמריקה- שווקים מפותחים,"מניות גיאוגרפי - מנוטרלת מט""ח","מניות בחו""ל",7/30/2026 0:00,39039236.69,מיטב,,TRUE,TRUE,0.009,0,3513.531006,0.009,3513.531006,0
1144971,תכלית סל (00) תל גוב-לא צמודות,שקליות ממשלתיות - אחר,"אג""ח מדינה שקליות ","אג""ח בארץ - מדינה",7/30/2026 0:00,103487809.5,מיטב,,TRUE,TRUE,0.0015,0,1552.317139,0.0015,1552.317139,0
1144997,תכלית סל (4D) משולבת ‏‏אגח ממשלתי (80%) מניות חול (20%) חודשי,,"אג""ח מדינה משולבת - חשיפה מרבית מעל 10% מניות","אג""ח בארץ - מדינה",7/30/2026 0:00,15324728.29,מיטב,,TRUE,TRUE,0.007,0,1072.730957,0.007,1072.730957,0
1145036,תכלית סל (40) תל דיב, All Cap,מניות לפי שווי שוק,מניות בארץ,7/30/2026 0:00,80898831.07,מיטב,,TRUE,TRUE,0.005,0,4044.941406,0.005,4044.941406,0
1145044,"תכלית סל (40) ת""א SME60",Small Cap & Mid,מניות לפי שווי שוק,מניות בארץ,7/30/2026 0:00,207004403.5,מיטב,,TRUE,TRUE,0.01,0,20700.43945,0.01,20700.43945,0
1145085,תכלית סל (00) תל גוב-צמודות 2-5,צמודות מדד ממשלתיות - בינוני,"אג""ח מדינה צמוד מדד","אג""ח בארץ - מדינה",7/30/2026 0:00,66365813.11,מיטב,,TRUE,TRUE,0.0015,0,995.4872437,0.0015,995.4872437,0
1145093,תכלית סל (00) תל בונד 40 צמודות,בריבית קבועה ,"אג""ח חברות צמודות מדד","אג""ח בארץ - חברות והמרה",7/30/2026 0:00,137104887.6,מיטב,,TRUE,TRUE,0.002,0,2742.0979,0.002,2742.0979,0
1145101,תכלית סל (00) תל בונד 60 צמודות,בריבית קבועה ,"אג""ח חברות צמודות מדד","אג""ח בארץ - חברות והמרה",7/30/2026 0:00,1284859483,מיטב,,TRUE,TRUE,0.0025,0,32121.48633,0.0025,32121.48633,0
1145127,"תכלית סל (4A)י FTSE 100 מנוטרלת מט""ח",אירופה- שווקים מפותחים,"מניות גיאוגרפי - מנוטרלת מט""ח","מניות בחו""ל",7/30/2026 0:00,12526332,מיטב,,TRUE,TRUE,0.013,0,1628.423218,0.013,1628.423218,0
1145150,תכלית סל (00) תל גוב-שקלי 2-5,‏ריבית קבועה  - בינוני,"אג""ח מדינה שקליות ","אג""ח בארץ - מדינה",7/30/2026 0:00,50294187.73,מיטב,,TRUE,TRUE,0.0015,0,754.4128418,0.0015,754.4128418,0
1145168,תכלית סל (00) תל גוב-שקלי 5+,‏ריבית קבועה - ארוך,"אג""ח מדינה שקליות ","אג""ח בארץ - מדינה",7/30/2026 0:00,54751296.75,מיטב,,TRUE,TRUE,0.0015,0,821.2694702,0.0015,821.2694702,0
1145176,תכלית סל (00) תל גוב-צמודות 5-10,צמודות מדד ממשלתיות - ארוך,"אג""ח מדינה צמוד מדד","אג""ח בארץ - מדינה",7/30/2026 0:00,17833636.51,מיטב,,TRUE,TRUE,0.0015,0,267.5045471,0.0015,267.5045471,0
1145184,תכלית סל (00) תל בונד שקלי,בריבית קבועה,"אג""ח חברות שקלי","אג""ח בארץ - חברות והמרה",7/30/2026 0:00,1287506108,מיטב,,TRUE,TRUE,0.0025,0,32187.65039,0.0025,32187.65039,0
1145234,"תכלית סל (4A)י Russell 2000 מנוטרלת מט""ח",אמריקה- שווקים מפותחים,"מניות גיאוגרפי - מנוטרלת מט""ח","מניות בחו""ל",7/30/2026 0:00,267905003.4,מיטב,,TRUE,TRUE,0.007,0,18753.35156,0.007,18753.35156,0
1145242,"תכלית סל (4A) משולבת מניות חול מנוטרלת מט""ח חודשי",,"מניות בחו""ל קרן משולבת","מניות בחו""ל",7/30/2026 0:00,658146322.1,מיטב,,TRUE,TRUE,0,0,0,0,0,0
1145259,תכלית סל (00)(!) תל בונד-תשואות צמודות,בריבית קבועה ,"אג""ח חברות צמודות מדד","אג""ח בארץ - חברות והמרה",7/30/2026 0:00,585561243.7,מיטב,,TRUE,TRUE,0.002,0,11711.22461,0.002,11711.22461,0
1145283,תכלית סל (4D)‏ MDAX,אירופה- שווקים מפותחים,"מניות גיאוגרפי - חשופת מט""ח","מניות בחו""ל",7/30/2026 0:00,5033706.38,מיטב,,TRUE,TRUE,0.0065,0,327.190918,0.0065,327.190918,0
1145309,"תכלית סל (4A)י MDAX מנוטרלת מט""ח",אירופה- שווקים מפותחים,"מניות גיאוגרפי - מנוטרלת מט""ח","מניות בחו""ל",7/30/2026 0:00,13162555.23,מיטב,,TRUE,TRUE,0.0085,0,1118.817261,0.0085,1118.817261,0
1145333,"תכלית סל (4A)י S&P Health Care מנוטרלת מט""ח",Health Care,"מניות לפי ענפים בחו""ל - מנוטרלת מט""ח","מניות בחו""ל",7/30/2026 0:00,11402535.31,מיטב,,TRUE,TRUE,0.008,0,912.2028809,0.008,912.2028809,0
1145713,קסם Russell 2000 (4D) ETF,אמריקה- שווקים מפותחים,"מניות גיאוגרפי - חשופת מט""ח","מניות בחו""ל",7/30/2026 0:00,99849557.67,קסם,,TRUE,TRUE,0.0047,0,4692.929199,0.0047,4692.929199,0
1145739,קסם ETFי (00) תל גוב- צמודות 5-10,צמודות מדד ממשלתיות - ארוך,"אג""ח מדינה צמוד מדד","אג""ח בארץ - מדינה",7/30/2026 0:00,103067606.1,קסם,,TRUE,TRUE,0.0015,0,1546.01416,0.0015,1546.01416,0
1145747,קסם MSCI India (!)(4D) ETF,אסיה ופסיפיק- שווקים מתעוררים,"מניות גיאוגרפי - חשופת מט""ח","מניות בחו""ל",7/30/2026 0:00,394505569.1,קסם,,TRUE,TRUE,0.01,0,39450.55469,0.01,39450.55469,0
1145754,קסם KOSPI 200 (!)(4D) ETF,אסיה ופסיפיק- שווקים מפותחים,"מניות גיאוגרפי - חשופת מט""ח","מניות בחו""ל",7/30/2026 0:00,356895064.1,קסם,,TRUE,TRUE,0.006,0,21413.70508,0.006,21413.70508,0
1145804,קסם MSCI World (4D) ETF,גלובלי- שווקים מפותחים,"מניות גיאוגרפי - חשופת מט""ח","מניות בחו""ל",7/30/2026 0:00,55887003.43,קסם,,TRUE,TRUE,0.0083,0,4638.621094,0.0083,4638.621094,0
1145812,קסם MSCI Emerging Markets (4D) ETF,גלובלי- שווקים מתעוררים,"מניות גיאוגרפי - חשופת מט""ח","מניות בחו""ל",7/30/2026 0:00,675616223.3,קסם,,TRUE,TRUE,0.0114,0,77020.25,0.0114,77020.25,0
1145820,קסם LBMA Gold Price PM USD (4D) ETF,,סחורה ,סחורות,7/30/2026 0:00,73059472.65,קסם,,TRUE,TRUE,0.0148,0,10812.80273,0.0148,10812.80273,0
1145838,קסם MSCI AC Far East EX Japan (4D) ETF,אסיה ופסיפיק- כללי,"מניות גיאוגרפי - חשופת מט""ח","מניות בחו""ל",7/30/2026 0:00,35569251.16,קסם,,TRUE,TRUE,0.0095,0,3379.078857,0.0095,3379.078857,0
1145879,קסם DJ Health Care Titans 30 (4D) ETF,Health Care,"מניות לפי ענפים בחו""ל - חשופת מט""ח","מניות בחו""ל",7/30/2026 0:00,45494312.26,קסם,,TRUE,TRUE,0.01,0,4549.431152,0.01,4549.431152,0
1145887,קסם ISE Clean Edge Water (4D) ETF,Cleantech,"מניות לפי ענפים בחו""ל - חשופת מט""ח","מניות בחו""ל",7/30/2026 0:00,19065115.51,קסם,,TRUE,TRUE,0.008,0,1525.209351,0.008,1525.209351,0
1145903,קסם S&P Energy (4D) ETF,Energy,"מניות לפי ענפים בחו""ל - חשופת מט""ח","מניות בחו""ל",7/30/2026 0:00,45800812.78,קסם,,TRUE,TRUE,0.0028,0,1282.422729,0.0028,1282.422729,0
1145911,קסם 4A) ETF) תל דיב, All Cap,מניות לפי שווי שוק,מניות בארץ,7/30/2026 0:00,79782282.27,קסם,,TRUE,TRUE,0.0053,0,4228.460938,0.0053,4228.460938,0
1145929,קסם ETFי (4D) חוזה Bloomberg Brent Crude,,סחורה ,סחורות,7/30/2026 0:00,18875156.35,קסם,,TRUE,TRUE,0.015,0,2831.273193,0.015,2831.273193,0
1145945,"קסם NIKKEI 225 (4A) ETF מנוטרלת מט""ח",אסיה ופסיפיק- שווקים מפותחים,"מניות גיאוגרפי - מנוטרלת מט""ח","מניות בחו""ל",7/30/2026 0:00,114873054.1,קסם,,TRUE,TRUE,0.0123,0,14129.38477,0.0123,14129.38477,0
1145952,"קסם EURO STOXX 50 (4A) ETF מנוטרלת מט""ח",אירופה- כללי,"מניות גיאוגרפי - מנוטרלת מט""ח","מניות בחו""ל",7/30/2026 0:00,111543111.6,קסם,,TRUE,TRUE,0.0068,0,7584.931641,0.0068,7584.931641,0
1145960,קסם ETFי (00) תל בונד 20 צמודות,בריבית קבועה ,"אג""ח חברות צמודות מדד","אג""ח בארץ - חברות והמרה",7/30/2026 0:00,1091480737,קסם,,TRUE,TRUE,0.0025,0,27287.01758,0.0025,27287.01758,0
1145994,"קסם 4A) ETF) ת""א צמיחה",Small Cap,מניות לפי שווי שוק,מניות בארץ,7/30/2026 0:00,12288130.45,קסם,,TRUE,TRUE,0.01,0,1228.812988,0.01,1228.812988,0
1146000,קסם STOXX Europe MID 200 (4D) ETF,אירופה- כללי,"מניות גיאוגרפי - חשופת מט""ח","מניות בחו""ל",7/30/2026 0:00,8820704.509,קסם,,TRUE,TRUE,0.009,0,793.8634033,0.009,793.8634033,0
1146059,"קסם 6A) ETF) ממונפת בחסר ת""א 35 פי 2 חודשי",מניות בארץ,ממונפות בחסר בסיכון גבוה,ממונפות,7/30/2026 0:00,24188721.84,קסם,,TRUE,TRUE,0.0275,0,6651.898438,0.0275,6651.898438,0
1146067,קסם DJ US Dividend (4D) ETF,אמריקה- שווקים מפותחים,"מניות גיאוגרפי - חשופת מט""ח","מניות בחו""ל",7/30/2026 0:00,91958423.82,קסם,,TRUE,TRUE,0.0114,0,10483.26074,0.0114,10483.26074,0
1146091,קסם IBOVESPA(!)(4D) ETF,אמריקה- שווקים מתעוררים,"מניות גיאוגרפי - חשופת מט""ח","מניות בחו""ל",7/30/2026 0:00,13370403.79,קסם,,TRUE,TRUE,0.01,0,1337.040405,0.01,1337.040405,0
1146125,"קסם 4A) ETF) ת""א-ביטוח",ביטוח,מניות לפי ענפים,מניות בארץ,7/30/2026 0:00,677018699.8,קסם,,TRUE,TRUE,0.0065,0,44006.21484,0.0065,44006.21484,0
1146133,קסם ETFי (00) תל גוב- צמודות 0-2,צמודות מדד ממשלתיות - קצר,"אג""ח מדינה צמוד מדד","אג""ח בארץ - מדינה",7/30/2026 0:00,22829198.99,קסם,,TRUE,TRUE,0.0015,0,342.4379883,0.0015,342.4379883,0
1146141,"קסם NASDAQ US BuyBack Achievers (4A) ETF מנוטרלת מט""ח",אמריקה- שווקים מפותחים,"מניות גיאוגרפי - מנוטרלת מט""ח","מניות בחו""ל",7/30/2026 0:00,55993412.94,קסם,,TRUE,TRUE,0.0108,0,6047.288574,0.0108,6047.288574,0
1146158,קסם ETFי (00) תל גוב- צמודות 2-5,צמודות מדד ממשלתיות - בינוני,"אג""ח מדינה צמוד מדד","אג""ח בארץ - מדינה",7/30/2026 0:00,105677171.8,קסם,,TRUE,TRUE,0.0015,0,1585.157593,0.0015,1585.157593,0
1146166,קסם ETFי (00) תל גוב - שקלי 0-2,‏ריבית קבועה  - קצר,"אג""ח מדינה שקליות ","אג""ח בארץ - מדינה",7/30/2026 0:00,24881433.02,קסם,,TRUE,TRUE,0,0,0,0,0,0
1146174,קסם ETFי (00) תל גוב- שקלי 5+,‏ריבית קבועה - ארוך,"אג""ח מדינה שקליות ","אג""ח בארץ - מדינה",7/30/2026 0:00,64008579.43,קסם,,TRUE,TRUE,0.0015,0,960.1287231,0.0015,960.1287231,0
1146182,קסם STOXX Europe 600 (4A) ETF מנוטרלת אירו,אירופה- כללי,"מניות גיאוגרפי - מנוטרלת מט""ח","מניות בחו""ל",7/30/2026 0:00,117632776.5,קסם,,TRUE,TRUE,0.0093,0,10939.84863,0.0093,10939.84863,0
1146190,קסם ETFי (00) תל גוב- שקלי 2-5,‏ריבית קבועה  - בינוני,"אג""ח מדינה שקליות ","אג""ח בארץ - מדינה",7/30/2026 0:00,67492839.44,קסם,,TRUE,TRUE,0.0015,0,1012.392639,0.0015,1012.392639,0
1146208,קסם STOXX Europe 600 (4D) ETF,אירופה- כללי,"מניות גיאוגרפי - חשופת מט""ח","מניות בחו""ל",7/30/2026 0:00,319186213.7,קסם,,TRUE,TRUE,0.0073,0,23300.59375,0.0073,23300.59375,0
1146216,קסם ETFי (00) תל בונד 40 צמודות,בריבית קבועה ,"אג""ח חברות צמודות מדד","אג""ח בארץ - חברות והמרה",7/30/2026 0:00,125373966.9,קסם,,TRUE,TRUE,0.0025,0,3134.349121,0.0025,3134.349121,0
1146224,קסם NASDAQ US BuyBack Achievers (4D) ETF,אמריקה- שווקים מפותחים,"מניות גיאוגרפי - חשופת מט""ח","מניות בחו""ל",7/30/2026 0:00,62807893.66,קסם,,TRUE,TRUE,0.0078,0,4899.015625,0.0078,4899.015625,0
1146232,קסם ETFי (00) תל בונד 60 צמודות,בריבית קבועה ,"אג""ח חברות צמודות מדד","אג""ח בארץ - חברות והמרה",7/30/2026 0:00,708042379.7,קסם,,TRUE,TRUE,0.0025,0,17701.05859,0.0025,17701.05859,0
1146240,קסם STOXX Europe MID 200 (4A) ETF מנוטרלת אירו,אירופה- כללי,"מניות גיאוגרפי - מנוטרלת מט""ח","מניות בחו""ל",7/30/2026 0:00,23328617.38,קסם,,TRUE,TRUE,0.009,0,2099.575439,0.009,2099.575439,0
1146257,קסם ETFי (00) תל גוב-צמודות,צמודות מדד ממשלתיות - אחר,"אג""ח מדינה צמוד מדד","אג""ח בארץ - מדינה",7/30/2026 0:00,135163165.4,קסם,,TRUE,TRUE,0.0015,0,2027.447632,0.0015,2027.447632,0
1146265,קסם 4A) ETF) משולבת מניות אירופה חודשי מנוטרלת אירו,,"מניות בחו""ל קרן משולבת","מניות בחו""ל",7/30/2026 0:00,29832989.4,קסם,,TRUE,TRUE,0,0,0,0,0,0
1146273,"קסם ETFי (00) תל גוב- מק""מ","מק""מ","אג""ח מדינה שקליות ","אג""ח בארץ - מדינה",7/30/2026 0:00,20667369.44,קסם,,TRUE,TRUE,0.0015,0,310.0105591,0.0015,310.0105591,0
1146281,קסם ETFי (00) תל בונד צמודות- בנקים ללא COCO,בריבית קבועה ,"אג""ח חברות צמודות מדד","אג""ח בארץ - חברות והמרה",7/30/2026 0:00,246782633.3,קסם,,TRUE,TRUE,0.0023,0,5676.000977,0.0023,5676.000977,0
1146307,קסם STOXX Europe 600 Banks (4A) ETF מנוטרלת אירו,Banking,"מניות לפי ענפים בחו""ל - מנוטרלת מט""ח","מניות בחו""ל",7/30/2026 0:00,207313055.2,קסם,,TRUE,TRUE,0.0025,0,5182.826172,0.0025,5182.826172,0
1146331,"קסם 4A) ETF) ת""א 90",Mid Cap,מניות לפי שווי שוק,מניות בארץ,7/30/2026 0:00,3567627333,קסם,,TRUE,TRUE,0.006,0,214057.6406,0.006,214057.6406,0
1146356,"קסם 4A) ETF) ת""א 125",Mid Cap & Large ,מניות לפי שווי שוק,מניות בארץ,7/30/2026 0:00,9556887298,קסם,,TRUE,TRUE,0.0025,0,238922.1875,0.0025,238922.1875,0
1146364,"קסם 4A) ETF) ת""א גלובל בלוטק",טכנולוגיה,מניות לפי ענפים,מניות בארץ,7/30/2026 0:00,43760547.25,קסם,,TRUE,TRUE,0.004,0,1750.421997,0.004,1750.421997,0
1146372,קסם MDAX (4D) ETF,אירופה- שווקים מפותחים,"מניות גיאוגרפי - חשופת מט""ח","מניות בחו""ל",7/30/2026 0:00,4835990.83,קסם,,TRUE,TRUE,0,0,0,0,0,0
1146380,"קסם 6A) ETF) ממונפת ת""א 35 פי 3 חודשי",מניות בארץ,ממונפות בסיכון גבוה,ממונפות,7/30/2026 0:00,582424795,קסם,,TRUE,TRUE,0.0275,0,160166.8125,0.0275,160166.8125,0
1146406,קסם EURO STOXX 50 (4D) ETF,אירופה- כללי,"מניות גיאוגרפי - חשופת מט""ח","מניות בחו""ל",7/30/2026 0:00,32801816.07,קסם,,TRUE,TRUE,0.008,0,2624.145508,0.008,2624.145508,0
1146414,קסם ETFי (00) תל בונד שקלי,בריבית קבועה,"אג""ח חברות שקלי","אג""ח בארץ - חברות והמרה",7/30/2026 0:00,1689910032,קסם,,TRUE,TRUE,0.0025,0,42247.75,0.0025,42247.75,0
1146422,"קסם LBMA Gold Price PM USD (4A) ETF מנוטרלת מט""ח",,סחורה ,סחורות,7/30/2026 0:00,202767225.4,קסם,,TRUE,TRUE,0.0148,0,30009.55078,0.0148,30009.55078,0
1146430,קסם 4A) ETF) אינדקס בנקים ישראל,בנקאות ואשראי חוץ בנקאי,מניות לפי ענפים,מניות בארץ,7/30/2026 0:00,1649331535,קסם,,TRUE,TRUE,0.0065,0,107206.5547,0.0065,107206.5547,0
1146448,קסם DJ Industrial Average (4D) ETF,אמריקה- שווקים מפותחים,"מניות גיאוגרפי - חשופת מט""ח","מניות בחו""ל",7/30/2026 0:00,145985431.9,קסם,,TRUE,TRUE,0.006,0,8759.125977,0.006,8759.125977,0
1146455,קסם ETFי (00) חסר תל בונד 40 צמודות (534),"אג""ח בארץ",ממונפות בחסר בסיכון גבוה,ממונפות,7/30/2026 0:00,5884815.5,קסם,,TRUE,TRUE,0.005,0,294.2407532,0.005,294.2407532,0
1146471,קסם S&P 500 (4D) ETF,אמריקה- שווקים מפותחים,"מניות גיאוגרפי - חשופת מט""ח","מניות בחו""ל",7/30/2026 0:00,5602666586,קסם,,TRUE,TRUE,0.006,0,336160,0.006,336160,0
1146497,קסם FTSE 100 (4D) ETF,אירופה- שווקים מפותחים,"מניות גיאוגרפי - חשופת מט""ח","מניות בחו""ל",7/30/2026 0:00,37674825.71,קסם,,TRUE,TRUE,0.004,0,1506.993042,0.004,1506.993042,0
1146505,קסם NASDAQ 100 (4D) ETF,אמריקה- שווקים מפותחים,"מניות גיאוגרפי - חשופת מט""ח","מניות בחו""ל",7/30/2026 0:00,1487312816,קסם,,TRUE,TRUE,0.0059,0,87751.45313,0.0059,87751.45313,0
1146513,קסם DAX (4D) ETF,אירופה- שווקים מפותחים,"מניות גיאוגרפי - חשופת מט""ח","מניות בחו""ל",7/30/2026 0:00,95023465.56,קסם,,TRUE,TRUE,0.0053,0,5036.243652,0.0053,5036.243652,0
1146521,קסם FTSE China 50 (4D) ETF,אסיה ופסיפיק- שווקים מתעוררים,"מניות גיאוגרפי - חשופת מט""ח","מניות בחו""ל",7/30/2026 0:00,16606993.93,קסם,,TRUE,TRUE,0.0095,0,1577.664307,0.0095,1577.664307,0
1146539,"קסם 4A) ETF) ת""א SME60",Small Cap & Mid,מניות לפי שווי שוק,מניות בארץ,7/30/2026 0:00,185177032.1,קסם,,TRUE,TRUE,0.0098,0,18147.35156,0.0098,18147.35156,0
1146547,"קסם 4A) ETF) ת""א נדל""ן","נדל""ן ובנייה",מניות לפי ענפים,מניות בארץ,7/30/2026 0:00,435378899.3,קסם,,TRUE,TRUE,0.0053,0,23075.08203,0.0053,23075.08203,0
1146554,"קסם 4A) ETF) ת""א פיננסים",פיננסים,מניות לפי ענפים,מניות בארץ,7/30/2026 0:00,595946466.1,קסם,,TRUE,TRUE,0.006,0,35756.79297,0.006,35756.79297,0
1146562,קסם ETFי (00) תל גוב- שקלי,ריבית קבועה,"אג""ח מדינה שקליות ","אג""ח בארץ - מדינה",7/30/2026 0:00,114748537.6,קסם,,TRUE,TRUE,0.0015,0,1721.228149,0.0015,1721.228149,0
1146570,"קסם 4A) ETF) ת""א 35",Large Cap,מניות לפי שווי שוק,מניות בארץ,7/30/2026 0:00,5201044855,קסם,,TRUE,TRUE,0.0025,0,130026.125,0.0025,130026.125,0
1146588,"קסם MDAX (4A) ETF מנוטרלת מט""ח",אירופה- שווקים מפותחים,"מניות גיאוגרפי - מנוטרלת מט""ח","מניות בחו""ל",7/30/2026 0:00,21283422.51,קסם,,TRUE,TRUE,0.0074,0,1574.973267,0.0074,1574.973267,0
1146604,"קסם S&P 500 (4A) ETF מנוטרלת מט""ח",אמריקה- שווקים מפותחים,"מניות גיאוגרפי - מנוטרלת מט""ח","מניות בחו""ל",7/30/2026 0:00,1861501025,קסם,,TRUE,TRUE,0.009,0,167535.0781,0.009,167535.0781,0
1146612,"קסם NASDAQ 100 (4A) ETF מנוטרלת מט""ח",אמריקה- שווקים מפותחים,"מניות גיאוגרפי - מנוטרלת מט""ח","מניות בחו""ל",7/30/2026 0:00,1373262156,קסם,,TRUE,TRUE,0.0089,0,122220.3359,0.0089,122220.3359,0
1146620,"קסם ETFי (4A) חוזה Bloomberg Brent Crude מנוטרלת מט""ח",,סחורה ,סחורות,7/30/2026 0:00,23350453.28,קסם,,TRUE,TRUE,0.015,0,3502.567871,0.015,3502.567871,0
1146638,קסם ETFי (0A) משולבת תל גוב-כללי (65%) וקונצרני ישראל (35%) חודשי,,ללא מניות,"אג""ח בארץ משולבת",7/30/2026 0:00,41522713.34,קסם,,TRUE,TRUE,0,0,0,0,0,0
1146646,קסם 0A) ETF) תל גוב-כללי,,"אג""ח מדינה שקלי וצמוד","אג""ח בארץ - מדינה",7/30/2026 0:00,267967199.4,קסם,,TRUE,TRUE,0.0015,0,4019.508057,0.0015,4019.508057,0
1146661,קסם 2A) ETF) משולבת אגח כללי ישראל (90%) ומניות ישראל (10%) חודשי,,עד 10% מניות,"אג""ח בארץ משולבת",7/30/2026 0:00,45371683.53,קסם,,TRUE,TRUE,0,0,0,0,0,0
1146679,קסם MSCI AC World (4D) ETF,,"מניות גלובליות - חשופת מט""ח","מניות בחו""ל",7/30/2026 0:00,157009917.7,קסם,,TRUE,TRUE,0.0095,0,14915.94141,0.0095,14915.94141,0
1146687,"קסם Hang Seng China (4A) ETF מנוטרלת מט""ח",אסיה ופסיפיק- שווקים מתעוררים,"מניות גיאוגרפי - מנוטרלת מט""ח","מניות בחו""ל",7/30/2026 0:00,7154925.65,קסם,,TRUE,TRUE,0.01,0,715.4925537,0.01,715.4925537,0
1146695,קסם 2A) ETF) משולבת אגח כללי ישראל (80%) ומניות (20%) חודשי,,עד 20% מניות,"אג""ח בארץ משולבת",7/30/2026 0:00,33426272.01,קסם,,TRUE,TRUE,0,0,0,0,0,0
1146703,"קסם DAX (4A) ETF מנוטרלת מט""ח",אירופה- שווקים מפותחים,"מניות גיאוגרפי - מנוטרלת מט""ח","מניות בחו""ל",7/30/2026 0:00,66161593.14,קסם,,TRUE,TRUE,0.01,0,6616.15918,0.01,6616.15918,0
1146729,"קסם Russell 2000 (4A) ETF מנוטרלת מט""ח",אמריקה- שווקים מפותחים,"מניות גיאוגרפי - מנוטרלת מט""ח","מניות בחו""ל",7/30/2026 0:00,116926714,קסם,,TRUE,TRUE,0.0035,0,4092.435059,0.0035,4092.435059,0
1146737,קסם MSCI Emerging Markets (4A) ETF מנוטרלת דולר,גלובלי- שווקים מתעוררים,"מניות גיאוגרפי - מנוטרלת מט""ח","מניות בחו""ל",7/30/2026 0:00,63680426.9,קסם,,TRUE,TRUE,0.014,0,8915.259766,0.014,8915.259766,0
1146745,"קסם 6A) ETF) חסר ת""א 35 (5,337.49)",מניות בארץ,ממונפות בחסר בסיכון גבוה,ממונפות,7/30/2026 0:00,44506497.59,קסם,,TRUE,TRUE,0.0075,0,3337.987061,0.0075,3337.987061,0
1146786,קסם S&P Financial (4D) ETF,Financial,"מניות לפי ענפים בחו""ל - חשופת מט""ח","מניות בחו""ל",7/30/2026 0:00,72184215.57,קסם,,TRUE,TRUE,0.0075,0,5413.815918,0.0075,5413.815918,0
1146794,קסם S&P Consumer Discretionary (4D) ETF,Consumer Discretionary,"מניות לפי ענפים בחו""ל - חשופת מט""ח","מניות בחו""ל",7/30/2026 0:00,53594510.64,קסם,,TRUE,TRUE,0.0076,0,4073.183105,0.0076,4073.183105,0
1146810,"קסם DJ Internet Composite (4A) ETF מנוטרלת מט""ח",Internet,"מניות לפי ענפים בחו""ל - מנוטרלת מט""ח","מניות בחו""ל",7/30/2026 0:00,43945435.43,קסם,,TRUE,TRUE,0.019750001,0,8679.223633,0.019750001,8679.223633,0
1146828,"קסם 4A) ETF) משולבת מניות MidCap מפותחות חודשי מנוטרלת מט""ח",,"מניות בחו""ל קרן משולבת","מניות בחו""ל",7/30/2026 0:00,10954148.22,קסם,,TRUE,TRUE,0,0,0,0,0,0
1146885,"קסם 4A) ETF) ת""א נפט וגז","נפט, גז ואנרגיה",מניות לפי ענפים,מניות בארץ,7/30/2026 0:00,236449588.4,קסם,,TRUE,TRUE,0.006,0,14186.97559,0.006,14186.97559,0
1146919,קסם iBoxx US Liquid Investment Grade Top 30 (0D) ETF,,"חברות והמרה חשופת מט""ח","אג""ח בחו""ל",7/30/2026 0:00,41553321.59,קסם,,TRUE,TRUE,0.006,0,2493.199219,0.006,2493.199219,0
1146927,קסם ETFי (00) תל בונד צמודות,בריבית קבועה ,"אג""ח חברות צמודות מדד","אג""ח בארץ - חברות והמרה",7/30/2026 0:00,101334328.2,קסם,,TRUE,TRUE,0.0025,0,2533.358154,0.0025,2533.358154,0
1146935,קסם ETFי (00) תל בונד צמודות-יתר,בריבית קבועה ,"אג""ח חברות צמודות מדד","אג""ח בארץ - חברות והמרה",7/30/2026 0:00,207722857.8,קסם,,TRUE,TRUE,0.0022,0,4569.902832,0.0022,4569.902832,0
1146943,קסם S&P Homebuilders (4D) ETF,REIT &  Real Estate,"מניות לפי ענפים בחו""ל - חשופת מט""ח","מניות בחו""ל",7/30/2026 0:00,136050931.8,קסם,,TRUE,TRUE,0.006,0,8163.056152,0.006,8163.056152,0
1146950,קסם ETFי (00)(!) תל בונד-תשואות צמודות,בריבית קבועה ,"אג""ח חברות צמודות מדד","אג""ח בארץ - חברות והמרה",7/30/2026 0:00,446222127.9,קסם,,TRUE,TRUE,0.0025,0,11155.55273,0.0025,11155.55273,0
1146968,קסם 6D) ETF) ממונפת S&P 500 פי 3 חודשי,"מניות בחו""ל",ממונפות בסיכון גבוה,ממונפות,7/30/2026 0:00,138934200.7,קסם,,TRUE,TRUE,0.0275,0,38206.90625,0.0275,38206.90625,0
1146976,קסם 6D) ETF) ממונפת NASDAQ 100 פי 3 חודשי,"מניות בחו""ל",ממונפות בסיכון גבוה,ממונפות,7/30/2026 0:00,588515037.9,קסם,,TRUE,TRUE,0.0275,0,161841.625,0.0275,161841.625,0
1146984,קסם 6D) ETF) ממונפת DAX פי 3 חודשי,"מניות בחו""ל",ממונפות בסיכון גבוה,ממונפות,7/30/2026 0:00,76064784.87,קסם,,TRUE,TRUE,0.0275,0,20917.81641,0.0275,20917.81641,0
1146992,קסם 6D) ETF) ממונפת בחסר S&P 500 פי 2 חודשי,"מניות בחו""ל",ממונפות בחסר בסיכון גבוה,ממונפות,7/30/2026 0:00,9986958.15,קסם,,TRUE,TRUE,0.0275,0,2746.41333,0.0275,2746.41333,0
1147008,קסם 6D) ETF) ממונפת בחסר NASDAQ 100 פי 2 חודשי,"מניות בחו""ל",ממונפות בחסר בסיכון גבוה,ממונפות,7/30/2026 0:00,26395740.97,קסם,,TRUE,TRUE,0.0275,0,7258.828613,0.0275,7258.828613,0
1147016,קסם 6D) ETF) ממונפת בחסר DAX פי 2 חודשי,"מניות בחו""ל",ממונפות בחסר בסיכון גבוה,ממונפות,7/30/2026 0:00,8504876.64,קסם,,TRUE,TRUE,0.0275,0,2338.841064,0.0275,2338.841064,0
1147024,"קסם S&P SmallCap 600 (4A) ETF מנוטרלת מט""ח",אמריקה- שווקים מפותחים,"מניות גיאוגרפי - מנוטרלת מט""ח","מניות בחו""ל",7/30/2026 0:00,55219546.01,קסם,,TRUE,TRUE,0.008,0,4417.563965,0.008,4417.563965,0
1147032,קסם Morningstar Wide Moat Focus (4D) ETF,אמריקה- כללי,"מניות גיאוגרפי - חשופת מט""ח","מניות בחו""ל",7/30/2026 0:00,112579539.2,קסם,,TRUE,TRUE,0.0065,0,7317.669922,0.0065,7317.669922,0
1147040,"קסם 4A) ETF) משולבת מניות ארהב חודשי מנוטרלת מט""ח",,"מניות בחו""ל קרן משולבת","מניות בחו""ל",7/30/2026 0:00,117377280.3,קסם,,TRUE,TRUE,0,0,0,0,0,0
1147057,"קסם 2A) ETF) משולבת תל גוב-כללי(55%) קונצרני(30%) ומניות(15%) חודשי מנוטרלת מט""ח",,עד 20% מניות,"אג""ח בארץ משולבת",7/30/2026 0:00,29600055.07,קסם,,TRUE,TRUE,0,0,0,0,0,0
1147065,קסם S&P 500 Low Volatility High Dividend (4D) ETF,אמריקה- שווקים מפותחים,"מניות גיאוגרפי - חשופת מט""ח","מניות בחו""ל",7/30/2026 0:00,13219000.35,קסם,,TRUE,TRUE,0.0098,0,1295.462036,0.0098,1295.462036,0
1147073,קסם MSCI World (4A) ETF מנוטרלת דולר,גלובלי- שווקים מפותחים,"מניות גיאוגרפי - מנוטרלת מט""ח","מניות בחו""ל",7/30/2026 0:00,34804661.59,קסם,,TRUE,TRUE,0.01,0,3480.46582,0.01,3480.46582,0
1147081,קסם 0A) ETF) תל בונד מאגר,"אג""ח חברות שקלי וצמוד","אג""ח חברות ","אג""ח בארץ - חברות והמרה",7/30/2026 0:00,955757494.1,קסם,,TRUE,TRUE,0.0025,0,23893.9375,0.0025,23893.9375,0
1147099,"קסם FTSE 250 (4A) ETF מנוטרלת מט""ח",אירופה- שווקים מפותחים,"מניות גיאוגרפי - מנוטרלת מט""ח","מניות בחו""ל",7/30/2026 0:00,11670193.49,קסם,,TRUE,TRUE,0.005,0,583.5096436,0.005,583.5096436,0
1147107,"קסם DJ US Dividend (4A) ETF מנוטרלת מט""ח",אמריקה- שווקים מפותחים,"מניות גיאוגרפי - מנוטרלת מט""ח","מניות בחו""ל",7/30/2026 0:00,23285674.89,קסם,,TRUE,TRUE,0.0093,0,2165.567627,0.0093,2165.567627,0
1147131,קסם ETFי (00)(!) חסר תל בונד- תשואות צמודות (742.24),"אג""ח בארץ",ממונפות בחסר בסיכון גבוה,ממונפות,7/30/2026 0:00,4611237.16,קסם,,TRUE,TRUE,0.005,0,230.5618439,0.005,230.5618439,0
1147156,קסם 4D) ETF) משולבת מניות ארהב חודשי,,"מניות בחו""ל קרן משולבת","מניות בחו""ל",7/30/2026 0:00,39890241.27,קסם,,TRUE,TRUE,0,0,0,0,0,0
1147172,קסם S&P Health Care (4D) ETF,Health Care,"מניות לפי ענפים בחו""ל - חשופת מט""ח","מניות בחו""ל",7/30/2026 0:00,80858064.24,קסם,,TRUE,TRUE,0.007,0,5660.064453,0.007,5660.064453,0
1147198,קסם ETFי (00) All-Bond ריבית משתנה שקלי,,,"אג""ח בארץ כללי",7/30/2026 0:00,14170853.87,קסם,,TRUE,TRUE,0.0023,0,325.929657,0.0023,325.929657,0
1147214,קסם 4D) ETF) משולבת מניות סקטורים ארהב S&P חודשי,,"מניות בחו""ל קרן משולבת","מניות בחו""ל",7/30/2026 0:00,20015378.38,קסם,,TRUE,TRUE,0,0,0,0,0,0
1147230,קסם S&P Technology (4D) ETF,Technology,"מניות לפי ענפים בחו""ל - חשופת מט""ח","מניות בחו""ל",7/30/2026 0:00,890761726.2,קסם,,TRUE,TRUE,0.0064,0,57008.75,0.0064,57008.75,0
1147263,"קסם iBoxx $ Corps Liquid 3-7 Years (0A) ETF מנוטרלת מט""ח",,"חברות והמרה  מנוטרלת מט""ח - בינוני","אג""ח בחו""ל",7/30/2026 0:00,52950057.01,קסם,,TRUE,TRUE,0.003,0,1588.501709,0.003,1588.501709,0
1147271,קסם Bluestar Israel Global Technology (4D) ETF,Technology,"מניות לפי ענפים בחו""ל - חשופת מט""ח","מניות בחו""ל",7/30/2026 0:00,37336327.59,קסם,,TRUE,TRUE,0.006,0,2240.179688,0.006,2240.179688,0
1147297,קסם iBoxx $ Corps Liquid 3-7 Years (0D) ETF,,"חברות והמרה חשופת מט""ח - בינוני","אג""ח בחו""ל",7/30/2026 0:00,30526693.91,קסם,,TRUE,TRUE,0.003,0,915.8008423,0.003,915.8008423,0
1147347,"קסם ETF י(6A) חסר ת""א SME60י (1913.2)",מניות בארץ,ממונפות בחסר בסיכון גבוה,ממונפות,7/30/2026 0:00,36636762.14,קסם,,TRUE,TRUE,0.023499999,0,8609.638672,0.023499999,8609.638672,0
1147362,קסם MSCI AC World (4A) ETF מנוטרלת דולר,,"מניות גלובליות - מנוטרלת מט""ח","מניות בחו""ל",7/30/2026 0:00,294416087.2,קסם,,TRUE,TRUE,0.0022,0,6477.154297,0.0022,6477.154297,0
1147396,קסם ETFי (00) תל בונד שקלי 3-5,בריבית קבועה - בינוני ,"אג""ח חברות שקלי","אג""ח בארץ - חברות והמרה",7/30/2026 0:00,60883610.52,קסם,,TRUE,TRUE,0.0025,0,1522.09021,0.0025,1522.09021,0
1147529,קסם S&P Industrial (4D) ETF,Industrials,"מניות לפי ענפים בחו""ל - חשופת מט""ח","מניות בחו""ל",7/30/2026 0:00,16082236.47,קסם,,TRUE,TRUE,0.008,0,1286.578979,0.008,1286.578979,0
1147545,"קסם FTSE 100 (4A) ETF מנוטרלת מט""ח",אירופה- שווקים מפותחים,"מניות גיאוגרפי - מנוטרלת מט""ח","מניות בחו""ל",7/30/2026 0:00,11366903.38,קסם,,TRUE,TRUE,0.008,0,909.3522949,0.008,909.3522949,0
1147875,אי.בי.אי. סל (4D)י LBMA Gold Price AM,,סחורה ,סחורות,7/30/2026 0:00,93360767.09,אי.בי.אי,,TRUE,TRUE,0.015,0,14004.11426,0.015,14004.11426,0
1147966,אי.בי.אי. סל (0D)י iBoxx US Liquid Investment Grade Top 30,,"חברות והמרה חשופת מט""ח","אג""ח בחו""ל",7/30/2026 0:00,15638559.63,אי.בי.אי,,TRUE,TRUE,0.002,0,312.7712097,0.002,312.7712097,0
1147974,אי.בי.אי. סל (00) תל בונד 40 צמודות,בריבית קבועה ,"אג""ח חברות צמודות מדד","אג""ח בארץ - חברות והמרה",7/30/2026 0:00,160461475.2,אי.בי.אי,,TRUE,TRUE,0.0025,0,4011.536621,0.0025,4011.536621,0
1148006,אי.בי.אי. סל (00) תל בונד 60 צמודות,בריבית קבועה ,"אג""ח חברות צמודות מדד","אג""ח בארץ - חברות והמרה",7/30/2026 0:00,700233129.3,אי.בי.אי,,TRUE,TRUE,0.0025,0,17505.82813,0.0025,17505.82813,0
1148048,אי.בי.אי. סל (00) תל בונד צמודות,בריבית קבועה ,"אג""ח חברות צמודות מדד","אג""ח בארץ - חברות והמרה",7/30/2026 0:00,107864616,אי.בי.אי,,TRUE,TRUE,0.002,0,2157.29248,0.002,2157.29248,0
1148162,אי.בי.אי. סל (4D)י S&P 500,אמריקה- שווקים מפותחים,"מניות גיאוגרפי - חשופת מט""ח","מניות בחו""ל",7/30/2026 0:00,3875279720,אי.בי.אי,,TRUE,TRUE,0.008,0,310022.375,0.008,310022.375,0
1148212,"אי.בי.אי. סל (4A)י S&P Health Care מנוטרלת מט""ח",Health Care,"מניות לפי ענפים בחו""ל - מנוטרלת מט""ח","מניות בחו""ל",7/30/2026 0:00,22554842.58,אי.בי.אי,,TRUE,TRUE,0.008,0,1804.387451,0.008,1804.387451,0
1148477,אי.בי.אי. סל (00) תל בונד צמודות A,בריבית קבועה ,"אג""ח חברות צמודות מדד","אג""ח בארץ - חברות והמרה",7/30/2026 0:00,347369954.7,אי.בי.אי,,TRUE,TRUE,0.0025,0,8684.249023,0.0025,8684.249023,0
1148774,אי.בי.אי. סל (4A) אינדקס בנקים ישראל,בנקאות ואשראי חוץ בנקאי,מניות לפי ענפים,מניות בארץ,7/30/2026 0:00,11112880550,אי.בי.אי,,TRUE,TRUE,0.0065,0,722337.1875,0.0065,722337.1875,0
1148808,"אי.בי.אי. סל (4A) ת""א 125",Mid Cap & Large ,מניות לפי שווי שוק,מניות בארץ,7/30/2026 0:00,3425862284,אי.בי.אי,,TRUE,TRUE,0.0035,0,119905.1875,0.0035,119905.1875,0
1148899,"הראל סל (4A) ת""א 125",Mid Cap & Large ,מניות לפי שווי שוק,מניות בארץ,7/30/2026 0:00,5057737920,הראל,,TRUE,TRUE,0.0025,0,126443.4375,0.0025,126443.4375,0
1148907,"הראל סל (4A) ת""א 35",Large Cap,מניות לפי שווי שוק,מניות בארץ,7/30/2026 0:00,1882127824,הראל,,TRUE,TRUE,0.0025,0,47053.19531,0.0025,47053.19531,0
1148931,"הראל סל (4A) ת""א 90",Mid Cap,מניות לפי שווי שוק,מניות בארץ,7/30/2026 0:00,2653735711,הראל,,TRUE,TRUE,0.006,0,159224.1406,0.006,159224.1406,0
1148949,הראל סל (4A) אינדקס בנקים ישראל,בנקאות ואשראי חוץ בנקאי,מניות לפי ענפים,מניות בארץ,7/30/2026 0:00,1701657131,הראל,,TRUE,TRUE,0.006,0,102099.4297,0.006,102099.4297,0
1148956,"הראל סל (4A) ת""א SME60",Small Cap & Mid,מניות לפי שווי שוק,מניות בארץ,7/30/2026 0:00,105895536.1,הראל,,TRUE,TRUE,0.008,0,8471.643555,0.008,8471.643555,0
1148964,"הראל סל (4A) ת""א נדל""ן","נדל""ן ובנייה",מניות לפי ענפים,מניות בארץ,7/30/2026 0:00,367984131.6,הראל,,TRUE,TRUE,0.006,0,22079.04883,0.006,22079.04883,0
1148980,"הראל סל (4A) ת""א פיננסים",פיננסים,מניות לפי ענפים,מניות בארץ,7/30/2026 0:00,392910306,הראל,,TRUE,TRUE,0.006,0,23574.61914,0.006,23574.61914,0
1149020,הראל סל (4D) ‏S&P 500,אמריקה- שווקים מפותחים,"מניות גיאוגרפי - חשופת מט""ח","מניות בחו""ל",7/30/2026 0:00,6203668311,הראל,,TRUE,TRUE,0.006,0,372220.125,0.006,372220.125,0
1149038,הראל סל (4D) ‏NASDAQ 100,אמריקה- שווקים מפותחים,"מניות גיאוגרפי - חשופת מט""ח","מניות בחו""ל",7/30/2026 0:00,424922352.2,הראל,,TRUE,TRUE,0.007,0,29744.56641,0.007,29744.56641,0
1149053,הראל סל (4D) ‏DAX,אירופה- שווקים מפותחים,"מניות גיאוגרפי - חשופת מט""ח","מניות בחו""ל",7/30/2026 0:00,45626798.72,הראל,,TRUE,TRUE,0.005,0,2281.339844,0.005,2281.339844,0
1149103,"הראל סל (4A) ‏NASDAQ 100 מנוטרלת מט""ח",אמריקה- שווקים מפותחים,"מניות גיאוגרפי - מנוטרלת מט""ח","מניות בחו""ל",7/30/2026 0:00,782750153.8,הראל,,TRUE,TRUE,0.008,0,62620.01563,0.008,62620.01563,0
1149137,"הראל סל (4A) ‏S&P 500 מנוטרלת מט""ח",אמריקה- שווקים מפותחים,"מניות גיאוגרפי - מנוטרלת מט""ח","מניות בחו""ל",7/30/2026 0:00,1321619946,הראל,,TRUE,TRUE,0.008,0,105729.6016,0.008,105729.6016,0
1149160,"הראל סל (4A) ‏DAX מנוטרלת מט""ח",אירופה- שווקים מפותחים,"מניות גיאוגרפי - מנוטרלת מט""ח","מניות בחו""ל",7/30/2026 0:00,70329011.86,הראל,,TRUE,TRUE,0.008,0,5626.320801,0.008,5626.320801,0
1149228,הראל סל (4D) ‏DJ Industrial Average,אמריקה- שווקים מפותחים,"מניות גיאוגרפי - חשופת מט""ח","מניות בחו""ל",7/30/2026 0:00,142756644.8,הראל,,TRUE,TRUE,0.0045,0,6424.04834,0.0045,6424.04834,0
1149236,"אי.בי.אי. סל (6A) חסר ת""א 90 (6582.848)",מניות בארץ,ממונפות בחסר בסיכון גבוה,ממונפות,7/30/2026 0:00,4741083.5,אי.בי.אי,,TRUE,TRUE,0.005,0,237.0541687,0.005,237.0541687,0
1149244,הראל סל (4D) ‏EURO STOXX 50,אירופה- כללי,"מניות גיאוגרפי - חשופת מט""ח","מניות בחו""ל",7/30/2026 0:00,26400342.6,הראל,,TRUE,TRUE,0.0045,0,1188.015259,0.0045,1188.015259,0
1149251,"הראל סל (4A) ‏NIKKEI 225 מנוטרלת מט""ח",אסיה ופסיפיק- שווקים מפותחים,"מניות גיאוגרפי - מנוטרלת מט""ח","מניות בחו""ל",7/30/2026 0:00,93788319.25,הראל,,TRUE,TRUE,0.0078,0,7315.48877,0.0078,7315.48877,0
1149285,הראל סל (4D) ‏S&P Industrial,Industrials,"מניות לפי ענפים בחו""ל - חשופת מט""ח","מניות בחו""ל",7/30/2026 0:00,51587496.11,הראל,,TRUE,TRUE,0.007,0,3611.124756,0.007,3611.124756,0
1149301,הראל סל (4D) ‏MSCI Emerging Markets,גלובלי- שווקים מתעוררים,"מניות גיאוגרפי - חשופת מט""ח","מניות בחו""ל",7/30/2026 0:00,31433852.84,הראל,,TRUE,TRUE,0.004,0,1257.354126,0.004,1257.354126,0
1149335,הראל סל (4D) ‏MSCI AC World,,"מניות גלובליות - חשופת מט""ח","מניות בחו""ל",7/30/2026 0:00,246090198.6,הראל,,TRUE,TRUE,0.0055,0,13534.96094,0.0055,13534.96094,0
1149772,אי.בי.אי. סל (4D)י MSCI AC World,,"מניות גלובליות - חשופת מט""ח","מניות בחו""ל",7/30/2026 0:00,602924122.9,אי.בי.אי,,TRUE,TRUE,0.008,0,48233.92969,0.008,48233.92969,0
1149830,"אי.בי.אי. סל (4A)י DAX מנוטרלת מט""ח",אירופה- שווקים מפותחים,"מניות גיאוגרפי - מנוטרלת מט""ח","מניות בחו""ל",7/30/2026 0:00,59216826.76,אי.בי.אי,,TRUE,TRUE,0.008,0,4737.34668,0.008,4737.34668,0
1149848,הראל סל (4D) ‏S&P Health Care,Health Care,"מניות לפי ענפים בחו""ל - חשופת מט""ח","מניות בחו""ל",7/30/2026 0:00,48771354.62,הראל,,TRUE,TRUE,0.005,0,2438.567627,0.005,2438.567627,0
1149855,הראל סל (4D) ‏S&P Financial,Financial,"מניות לפי ענפים בחו""ל - חשופת מט""ח","מניות בחו""ל",7/30/2026 0:00,54048059.8,הראל,,TRUE,TRUE,0.0045,0,2432.162598,0.0045,2432.162598,0
1149863,הראל סל (4D) ‏S&P Consumer Staples,Consumer Staples,"מניות לפי ענפים בחו""ל - חשופת מט""ח","מניות בחו""ל",7/30/2026 0:00,29580152.29,הראל,,TRUE,TRUE,0.005,0,1479.007568,0.005,1479.007568,0
1149871,הראל סל (4D) ‏STOXX Europe 600,אירופה- כללי,"מניות גיאוגרפי - חשופת מט""ח","מניות בחו""ל",7/30/2026 0:00,70522123.21,הראל,,TRUE,TRUE,0.006,0,4231.327148,0.006,4231.327148,0
1149889,הראל סל (4A) ‏STOXX Europe 600 מנוטרלת אירו,אירופה- כללי,"מניות גיאוגרפי - מנוטרלת מט""ח","מניות בחו""ל",7/30/2026 0:00,78568623.93,הראל,,TRUE,TRUE,0.008,0,6285.490234,0.008,6285.490234,0
1149897,"הראל סל (4A) ‏S&P Financial מנוטרלת מט""ח",Financial,"מניות לפי ענפים בחו""ל - מנוטרלת מט""ח","מניות בחו""ל",7/30/2026 0:00,111609041.9,הראל,,TRUE,TRUE,0.005,0,5580.45166,0.005,5580.45166,0
1149905,"הראל סל (4A) ‏S&P 500 Low Volatility מנוטרלת מט""ח",אמריקה- שווקים מפותחים,"מניות גיאוגרפי - מנוטרלת מט""ח","מניות בחו""ל",7/30/2026 0:00,35505545.46,הראל,,TRUE,TRUE,0.0065,0,2307.860352,0.0065,2307.860352,0
1149939,הראל סל (4D) ‏S&P Technology,Technology,"מניות לפי ענפים בחו""ל - חשופת מט""ח","מניות בחו""ל",7/30/2026 0:00,651555961.1,הראל,,TRUE,TRUE,0.006,0,39093.35938,0.006,39093.35938,0
1149954,‏MTF סל (00) תל גוב-שקלי,ריבית קבועה,"אג""ח מדינה שקליות ","אג""ח בארץ - מדינה",7/30/2026 0:00,87686222.13,מגדל,,TRUE,TRUE,0.002,0,1753.724609,0.002,1753.724609,0
1149962,MTF סל (00) תל גוב-שקלי 2-5,‏ריבית קבועה  - בינוני,"אג""ח מדינה שקליות ","אג""ח בארץ - מדינה",7/30/2026 0:00,99299965.05,מגדל,,TRUE,TRUE,0.0015,0,1489.499512,0.0015,1489.499512,0
1149970,"הראל סל (4A) ‏S&P 500 Equal Weight מנוטרלת מט""ח",אמריקה- שווקים מפותחים,"מניות גיאוגרפי - מנוטרלת מט""ח","מניות בחו""ל",7/30/2026 0:00,325375748.5,הראל,,TRUE,TRUE,0.004,0,13015.03027,0.004,13015.03027,0
1149988,MTF סל (00) תל בונד 20 צמודות,בריבית קבועה ,"אג""ח חברות צמודות מדד","אג""ח בארץ - חברות והמרה",7/30/2026 0:00,496715598.8,מגדל,,TRUE,TRUE,0.0025,0,12417.88965,0.0025,12417.88965,0
1149996,MTF סל (00) תל בונד 60 צמודות,בריבית קבועה ,"אג""ח חברות צמודות מדד","אג""ח בארץ - חברות והמרה",7/30/2026 0:00,858320397.3,מגדל,,TRUE,TRUE,0.0025,0,21458.00977,0.0025,21458.00977,0
1150002,MTF סל (00) תל בונד שקלי,בריבית קבועה,"אג""ח חברות שקלי","אג""ח בארץ - חברות והמרה",7/30/2026 0:00,881992254.3,מגדל,,TRUE,TRUE,0.0025,0,22049.80664,0.0025,22049.80664,0
1150010,MTF סל‏ (00) תל גוב-צמודות 2-5,צמודות מדד ממשלתיות - בינוני,"אג""ח מדינה צמוד מדד","אג""ח בארץ - מדינה",7/30/2026 0:00,94200744.08,מגדל,,TRUE,TRUE,0.0015,0,1413.01123,0.0015,1413.01123,0
1150036,הראל סל (4D) ‏S&P Energy,Energy,"מניות לפי ענפים בחו""ל - חשופת מט""ח","מניות בחו""ל",7/30/2026 0:00,21365860.93,הראל,,TRUE,TRUE,0.003,0,640.9758301,0.003,640.9758301,0
1150051,MTF סל (00) תל גוב-שקלי 5+,‏ריבית קבועה - ארוך,"אג""ח מדינה שקליות ","אג""ח בארץ - מדינה",7/30/2026 0:00,296188215,מגדל,,TRUE,TRUE,0.0015,0,4442.82373,0.0015,4442.82373,0
1150069,MTF סל (00) תל גוב-צמודות 5-10,צמודות מדד ממשלתיות - ארוך,"אג""ח מדינה צמוד מדד","אג""ח בארץ - מדינה",7/30/2026 0:00,68129538.35,מגדל,,TRUE,TRUE,0.0015,0,1021.943054,0.0015,1021.943054,0
1150101,MTF סל (00) תל בונד צמודות,בריבית קבועה ,"אג""ח חברות צמודות מדד","אג""ח בארץ - חברות והמרה",7/30/2026 0:00,192908084.9,מגדל,,TRUE,TRUE,0.0025,0,4822.70166,0.0025,4822.70166,0
1150119,MTF סל (00)(!) תל - בונד תשואות צמודות,בריבית קבועה ,"אג""ח חברות צמודות מדד","אג""ח בארץ - חברות והמרה",7/30/2026 0:00,229876063.9,מגדל,,TRUE,TRUE,0.0025,0,5746.901367,0.0025,5746.901367,0
1150135,MTF סל (00)(!) תל בונד - גלובל שקלי,בריבית קבועה,"אג""ח חברות שקלי","אג""ח בארץ - חברות והמרה",7/30/2026 0:00,143323082.4,מגדל,,TRUE,TRUE,0,0,0,0,0,0
1150168,MTF סל‏ (00) תל בונד שקלי 50,בריבית קבועה,"אג""ח חברות שקלי","אג""ח בארץ - חברות והמרה",7/30/2026 0:00,765390077,מגדל,,TRUE,TRUE,0.0025,0,19134.75195,0.0025,19134.75195,0
1150184,"MTF סל (4A) ת""א 35",Large Cap,מניות לפי שווי שוק,מניות בארץ,7/30/2026 0:00,1385535655,מגדל,,TRUE,TRUE,0.0024,0,33252.85547,0.0024,33252.85547,0
1150192,הראל סל (4A) ‏ISE Cyber Security מנוטרלת דולר,Cyber Security,"מניות לפי ענפים בחו""ל - מנוטרלת מט""ח","מניות בחו""ל",7/30/2026 0:00,101151712.8,הראל,,TRUE,TRUE,0.007,0,7080.620117,0.007,7080.620117,0
1150200,הראל סל (4A) ‏MSCI AC World מנוטרלת דולר,,"מניות גלובליות - מנוטרלת מט""ח","מניות בחו""ל",7/30/2026 0:00,258598640.8,הראל,,TRUE,TRUE,0.0025,0,6464.96582,0.0025,6464.96582,0
1150226,MTF סל (STOXX Europe 600 (4D,אירופה- כללי,"מניות גיאוגרפי - חשופת מט""ח","מניות בחו""ל",7/30/2026 0:00,72476755.82,מגדל,,TRUE,TRUE,0.004,0,2899.070313,0.004,2899.070313,0
1150242,MTF סל (RUSSELL 2000 (4D,אמריקה- שווקים מפותחים,"מניות גיאוגרפי - חשופת מט""ח","מניות בחו""ל",7/30/2026 0:00,68733058.68,מגדל,,TRUE,TRUE,0.0024,0,1649.593384,0.0024,1649.593384,0
1150259,"MTF סל‏ (4A) ת""א 90",Mid Cap,מניות לפי שווי שוק,מניות בארץ,7/30/2026 0:00,2633471979,מגדל,,TRUE,TRUE,0.006,0,158008.3281,0.006,158008.3281,0
1150267,"MTF סל‏ (4A) ת""א טק-עילית",טכנולוגיה,מניות לפי ענפים,מניות בארץ,7/30/2026 0:00,78891672.91,מגדל,,TRUE,TRUE,0.005,0,3944.583496,0.005,3944.583496,0
1150275,MTF סל (MSCI Emerging Markets (4D,גלובלי- שווקים מתעוררים,"מניות גיאוגרפי - חשופת מט""ח","מניות בחו""ל",7/30/2026 0:00,177114659.5,מגדל,,TRUE,TRUE,0.0035,0,6199.013184,0.0035,6199.013184,0
1150283,"MTF סל (4A) ת""א 125",Mid Cap & Large ,מניות לפי שווי שוק,מניות בארץ,7/30/2026 0:00,5043851494,מגדל,,TRUE,TRUE,0.0024,0,121052.4375,0.0024,121052.4375,0
1150333,MTF סל (S&P 500 (4D,אמריקה- שווקים מפותחים,"מניות גיאוגרפי - חשופת מט""ח","מניות בחו""ל",7/30/2026 0:00,5997549011,מגדל,,TRUE,TRUE,0.0025,0,149938.7188,0.0025,149938.7188,0
1150341,MTF סל (S&P Aerospace & Defense (4D,Aerospace & Defense,"מניות לפי ענפים בחו""ל - חשופת מט""ח","מניות בחו""ל",7/30/2026 0:00,105108557.6,מגדל,,TRUE,TRUE,0.008,0,8408.685547,0.008,8408.685547,0
1150358,MTF סל (S&P Consumer Discretionary (4D,Consumer Discretionary,"מניות לפי ענפים בחו""ל - חשופת מט""ח","מניות בחו""ל",7/30/2026 0:00,14389908,מגדל,,TRUE,TRUE,0.0015,0,215.8486328,0.0015,215.8486328,0
1150366,MTF סל (S&P Consumer Staples (4D,Consumer Staples,"מניות לפי ענפים בחו""ל - חשופת מט""ח","מניות בחו""ל",7/30/2026 0:00,16300265.35,מגדל,,TRUE,TRUE,0.0015,0,244.5039825,0.0015,244.5039825,0
1150374,הראל סל (4D) ‏ISE Cyber Security,Cyber Security,"מניות לפי ענפים בחו""ל - חשופת מט""ח","מניות בחו""ל",7/30/2026 0:00,81117190.02,הראל,,TRUE,TRUE,0.006,0,4867.031738,0.006,4867.031738,0
1150382,MTF סל (S&P Financial (4D,Financial,"מניות לפי ענפים בחו""ל - חשופת מט""ח","מניות בחו""ל",7/30/2026 0:00,30395304.32,מגדל,,TRUE,TRUE,0.008,0,2431.624512,0.008,2431.624512,0
1150390,MTF סל (S&P Health Care (4D,Health Care,"מניות לפי ענפים בחו""ל - חשופת מט""ח","מניות בחו""ל",7/30/2026 0:00,55037801.36,מגדל,,TRUE,TRUE,0.0015,0,825.5670166,0.0015,825.5670166,0
1150408,MTF סל (S&P Industrial (4D,Industrials,"מניות לפי ענפים בחו""ל - חשופת מט""ח","מניות בחו""ל",7/30/2026 0:00,72459316.41,מגדל,,TRUE,TRUE,0.0015,0,1086.889893,0.0015,1086.889893,0
1150416,"MTF סל (DAX (4A מנוטרלת מט""ח",אירופה- שווקים מפותחים,"מניות גיאוגרפי - מנוטרלת מט""ח","מניות בחו""ל",7/30/2026 0:00,87965517.85,מגדל,,TRUE,TRUE,0.0045,0,3958.448242,0.0045,3958.448242,0
1150424,MTF סל (S&P Technology (4D,Technology,"מניות לפי ענפים בחו""ל - חשופת מט""ח","מניות בחו""ל",7/30/2026 0:00,249837890.4,מגדל,,TRUE,TRUE,0.006,0,14990.27344,0.006,14990.27344,0
1150432,"MTF סל (S&P Health Care (4A מנוטרלת מט""ח",Health Care,"מניות לפי ענפים בחו""ל - מנוטרלת מט""ח","מניות בחו""ל",7/30/2026 0:00,47676471.71,מגדל,,TRUE,TRUE,0.008,0,3814.11792,0.008,3814.11792,0
1150440,הראל סל (00) תל בונד 20 צמודות,בריבית קבועה ,"אג""ח חברות צמודות מדד","אג""ח בארץ - חברות והמרה",7/30/2026 0:00,532796376.1,הראל,,TRUE,TRUE,0.0025,0,13319.90918,0.0025,13319.90918,0
1150457,"MTF סל (S&P Industrial (4A מנוטרלת מט""ח",Industrials,"מניות לפי ענפים בחו""ל - מנוטרלת מט""ח","מניות בחו""ל",7/30/2026 0:00,85189739.73,מגדל,,TRUE,TRUE,0.008,0,6815.179199,0.008,6815.179199,0
1150473,הראל סל (00) תל בונד 60 צמודות,בריבית קבועה ,"אג""ח חברות צמודות מדד","אג""ח בארץ - חברות והמרה",7/30/2026 0:00,799450986.4,הראל,,TRUE,TRUE,0.0032,0,25582.43164,0.0032,25582.43164,0
1150481,"MTF סל (S&P Technology (4A מנוטרלת מט""ח",Technology,"מניות לפי ענפים בחו""ל - מנוטרלת מט""ח","מניות בחו""ל",7/30/2026 0:00,457266162.2,מגדל,,TRUE,TRUE,0.008,0,36581.29688,0.008,36581.29688,0
1150499,הראל סל (00) תל בונד 40 צמודות,בריבית קבועה ,"אג""ח חברות צמודות מדד","אג""ח בארץ - חברות והמרה",7/30/2026 0:00,111688192.1,הראל,,TRUE,TRUE,0.002,0,2233.763916,0.002,2233.763916,0
1150507,"MTF סל (S&P Utilities (4A מנוטרלת מט""ח",Utilities,"מניות לפי ענפים בחו""ל - מנוטרלת מט""ח","מניות בחו""ל",7/30/2026 0:00,92610859.45,מגדל,,TRUE,TRUE,0.0015,0,1389.162842,0.0015,1389.162842,0
1150523,הראל סל (00) תל בונד שקלי,בריבית קבועה,"אג""ח חברות שקלי","אג""ח בארץ - חברות והמרה",7/30/2026 0:00,1204564273,הראל,,TRUE,TRUE,0.0028,0,33727.79688,0.0028,33727.79688,0
1150531,"MTF סל (NIKKEI 225 (4A מנוטרלת מט""ח",אסיה ופסיפיק- שווקים מפותחים,"מניות גיאוגרפי - מנוטרלת מט""ח","מניות בחו""ל",7/30/2026 0:00,153269411.8,מגדל,,TRUE,TRUE,0.0077,0,11801.74414,0.0077,11801.74414,0
1150549,"MTF סל (RUSSELL 2000 (4A מנוטרלת מט""ח",אמריקה- שווקים מפותחים,"מניות גיאוגרפי - מנוטרלת מט""ח","מניות בחו""ל",7/30/2026 0:00,159010539.3,מגדל,,TRUE,TRUE,0.005,0,7950.526855,0.005,7950.526855,0
1150564,"MTF סל (S&P Aerospace & Defense (4A מנוטרלת מט""ח",Aerospace & Defense,"מניות לפי ענפים בחו""ל - מנוטרלת מט""ח","מניות בחו""ל",7/30/2026 0:00,95208612.04,מגדל,,TRUE,TRUE,0.008,0,7616.689941,0.008,7616.689941,0
1150572,"MTF סל (S&P 500 (4A מנוטרלת מט""ח",אמריקה- שווקים מפותחים,"מניות גיאוגרפי - מנוטרלת מט""ח","מניות בחו""ל",7/30/2026 0:00,2435938479,מגדל,,TRUE,TRUE,0.0025,0,60898.46094,0.0025,60898.46094,0
1150598,"MTF סל (S&P Financial (4A מנוטרלת מט""ח",Financial,"מניות לפי ענפים בחו""ל - מנוטרלת מט""ח","מניות בחו""ל",7/30/2026 0:00,35051607.43,מגדל,,TRUE,TRUE,0.008,0,2804.128906,0.008,2804.128906,0
1150606,הראל סל (00) תל בונד צמודות,בריבית קבועה ,"אג""ח חברות צמודות מדד","אג""ח בארץ - חברות והמרה",7/30/2026 0:00,172424144.1,הראל,,TRUE,TRUE,0.0025,0,4310.603516,0.0025,4310.603516,0
1150614,"MTF סל (STOXX Europe 600 (4A מנוטרלת מט""ח",אירופה- כללי,"מניות גיאוגרפי - מנוטרלת מט""ח","מניות בחו""ל",7/30/2026 0:00,446173315.1,מגדל,,TRUE,TRUE,0.0055,0,24539.5332,0.0055,24539.5332,0
1150622,הראל סל (00)(!) תל בונד-תשואות צמודות,בריבית קבועה ,"אג""ח חברות צמודות מדד","אג""ח בארץ - חברות והמרה",7/30/2026 0:00,449484708.4,הראל,,TRUE,TRUE,0.0025,0,11237.11719,0.0025,11237.11719,0
1150663,"MTF סל (S&P Consumer Discretionary (4A מנוטרלת מט""ח",Consumer Discretionary,"מניות לפי ענפים בחו""ל - מנוטרלת מט""ח","מניות בחו""ל",7/30/2026 0:00,20673189.86,מגדל,,TRUE,TRUE,0.008,0,1653.855347,0.008,1653.855347,0
1150671,הראל סל (00)(!) תל בונד תשואות שקל,בריבית קבועה,"אג""ח חברות שקלי","אג""ח בארץ - חברות והמרה",7/30/2026 0:00,246049057.5,הראל,,TRUE,TRUE,0.002,0,4920.981445,0.002,4920.981445,0
1150689,"MTF סל (S&P Consumer Staples (4A מנוטרלת מט""ח",Consumer Staples,"מניות לפי ענפים בחו""ל - מנוטרלת מט""ח","מניות בחו""ל",7/30/2026 0:00,50387828.18,מגדל,,TRUE,TRUE,0.0065,0,3275.20874,0.0065,3275.20874,0
1150713,הראל סל (00) תל בונד שקלי 50,בריבית קבועה,"אג""ח חברות שקלי","אג""ח בארץ - חברות והמרה",7/30/2026 0:00,955191514.4,הראל,,TRUE,TRUE,0.0025,0,23879.78711,0.0025,23879.78711,0
1150721,"MTF סל (S&P Energy (4A מנוטרלת מט""ח",Energy,"מניות לפי ענפים בחו""ל - מנוטרלת מט""ח","מניות בחו""ל",7/30/2026 0:00,45172618.54,מגדל,,TRUE,TRUE,0.001,0,451.7262268,0.001,451.7262268,0
1150739,הראל סל (00)(!) תל בונד גלובל שקלי,בריבית קבועה,"אג""ח חברות שקלי","אג""ח בארץ - חברות והמרה",7/30/2026 0:00,46030415.29,הראל,,TRUE,TRUE,0.0025,0,1150.760376,0.0025,1150.760376,0
1150747,הראל סל (00) תל בונד שקלי-בנקים וביטוח,בריבית קבועה,"אג""ח חברות שקלי","אג""ח בארץ - חברות והמרה",7/30/2026 0:00,149808694.4,הראל,,TRUE,TRUE,0.0035,0,5243.304199,0.0035,5243.304199,0
1150754,קסם ETFי (00) תל בונד צמודות 3-5,בריבית קבועה - בינוני ,"אג""ח חברות צמודות מדד","אג""ח בארץ - חברות והמרה",7/30/2026 0:00,165758005.8,קסם,,TRUE,TRUE,0.0025,0,4143.949707,0.0025,4143.949707,0
1150762,קסם ETFי (00) תל בונד שקלי 50,בריבית קבועה,"אג""ח חברות שקלי","אג""ח בארץ - חברות והמרה",7/30/2026 0:00,1095743827,קסם,,TRUE,TRUE,0.0025,0,27393.5957,0.0025,27393.5957,0
1150770,קסם ETFי (00)(!) תל בונד גלובל שקלי,בריבית קבועה,"אג""ח חברות שקלי","אג""ח בארץ - חברות והמרה",7/30/2026 0:00,185736848.8,קסם,,TRUE,TRUE,0.0025,0,4643.420898,0.0025,4643.420898,0
1150796,קסם S&P MidCap 400 (4D) ETF,אמריקה- שווקים מפותחים,"מניות גיאוגרפי - חשופת מט""ח","מניות בחו""ל",7/30/2026 0:00,24540461.04,קסם,,TRUE,TRUE,0.001,0,245.4046326,0.001,245.4046326,0
1150861,MTF סל (DAX (4D,אירופה- שווקים מפותחים,"מניות גיאוגרפי - חשופת מט""ח","מניות בחו""ל",7/30/2026 0:00,41458337.06,מגדל,,TRUE,TRUE,0.0045,0,1865.625,0.0045,1865.625,0
1155076,אי.בי.אי. סל (00) כשרה תל בונד 60 צמודות,בריבית קבועה ,"אג""ח חברות צמודות מדד","אג""ח בארץ - חברות והמרה",7/30/2026 0:00,493576237.5,אי.בי.אי,,TRUE,TRUE,0,0,0,0,0,0
1155092,הראל סל (00) כשרה תל בונד 60 צמודות,בריבית קבועה ,"אג""ח חברות צמודות מדד","אג""ח בארץ - חברות והמרה",7/30/2026 0:00,472004237.8,הראל,,TRUE,TRUE,0,0,0,0,0,0
1155100,תכלית סל (00)(!) כשרה תל בונד-תשואות צמודות,בריבית קבועה ,"אג""ח חברות צמודות מדד","אג""ח בארץ - חברות והמרה",7/30/2026 0:00,116146271,מיטב,,TRUE,TRUE,0,0,0,0,0,0
1155118,תכלית סל (00) כשרה תל בונד צמודות-יתר,בריבית קבועה ,"אג""ח חברות צמודות מדד","אג""ח בארץ - חברות והמרה",7/30/2026 0:00,30476349.66,מיטב,,TRUE,TRUE,0,0,0,0,0,0
1155126,קסם ETFי (00) כשרה תל בונד 60 צמודות,בריבית קבועה ,"אג""ח חברות צמודות מדד","אג""ח בארץ - חברות והמרה",7/30/2026 0:00,403329538.1,קסם,,TRUE,TRUE,0,0,0,0,0,0
1155159,קסם ETFי (00) כשרה תל בונד שקלי,בריבית קבועה,"אג""ח חברות שקלי","אג""ח בארץ - חברות והמרה",7/30/2026 0:00,226355602.6,קסם,,TRUE,TRUE,0,0,0,0,0,0
1155183,תכלית סל (00) כשרה תל בונד שקלי,בריבית קבועה,"אג""ח חברות שקלי","אג""ח בארץ - חברות והמרה",7/30/2026 0:00,196575726.4,מיטב,,TRUE,TRUE,0,0,0,0,0,0
1155191,הראל סל (00) כשרה תל בונד שקלי,בריבית קבועה,"אג""ח חברות שקלי","אג""ח בארץ - חברות והמרה",7/30/2026 0:00,224304694.8,הראל,,TRUE,TRUE,0,0,0,0,0,0
1155324,"אי.בי.אי. סל (4A) כשרה ת""א 125",Mid Cap & Large ,מניות לפי שווי שוק,מניות בארץ,7/30/2026 0:00,856766133.1,אי.בי.אי,,TRUE,TRUE,0,0,0,0,0,0
1155340,"הראל סל (4A) כשרה ת""א 125",Mid Cap & Large ,מניות לפי שווי שוק,מניות בארץ,7/30/2026 0:00,717862942.9,הראל,,TRUE,TRUE,0,0,0,0,0,0
1155365,"קסם 4A) ETF) כשרה ת""א 125",Mid Cap & Large ,מניות לפי שווי שוק,מניות בארץ,7/30/2026 0:00,825569923,קסם,,TRUE,TRUE,0,0,0,0,0,0
1155373,"תכלית סל (40) כשרה ת""א 125",Mid Cap & Large ,מניות לפי שווי שוק,מניות בארץ,7/30/2026 0:00,772857356.3,מיטב,,TRUE,TRUE,0,0,0,0,0,0
1157379,"קסם ETFי (0D)י All-Bond-מט""ח וטופ 5 תל בונד-20 צמודות",,,"אג""ח בארץ כללי",7/30/2026 0:00,28837614.86,קסם,,TRUE,TRUE,0.0025,0,720.9403076,0.0025,720.9403076,0
1157908,קסם S&P U.S. Treasury Bond 1-3 Year (0D) ETF,,"ממשלתיות חשופת מט""ח - קצר","אג""ח בחו""ל",7/30/2026 0:00,164487578.1,קסם,,TRUE,TRUE,0.0015,0,2467.313965,0.0015,2467.313965,0
1157916,קסם S&P U.S. Treasury Bond 3-5 Year (0D) ETF,,"ממשלתיות חשופת מט""ח - בינוני","אג""ח בחו""ל",7/30/2026 0:00,33236216.88,קסם,,TRUE,TRUE,0.0015,0,498.5432434,0.0015,498.5432434,0
1157924,קסם S&P U.S. Treasury Bond 7-10 Year (0D) ETF,,"ממשלתיות חשופת מט""ח - ארוך","אג""ח בחו""ל",7/30/2026 0:00,208335072.1,קסם,,TRUE,TRUE,0.0015,0,3125.026123,0.0015,3125.026123,0
1157957,קסם NIFTY 50 (!)(4D) ETF,אסיה ופסיפיק- שווקים מתעוררים,"מניות גיאוגרפי - חשופת מט""ח","מניות בחו""ל",7/30/2026 0:00,32516935.02,קסם,,TRUE,TRUE,0.008,0,2601.35498,0.008,2601.35498,0
1158328,MTF סל (Indxx USA Cloud Computing (4D,Cloud Computing,"מניות לפי ענפים בחו""ל - חשופת מט""ח","מניות בחו""ל",7/30/2026 0:00,12993669.28,מגדל,,TRUE,TRUE,0.008,0,1039.49353,0.008,1039.49353,0
1159698,MTF סל (00) כשרה תל בונד 60 צמודות,בריבית קבועה ,"אג""ח חברות צמודות מדד","אג""ח בארץ - חברות והמרה",7/30/2026 0:00,228617706.1,מגדל,,TRUE,TRUE,0,0,0,0,0,0
1159706,MTF סל (00) כשרה תל בונד שקלי,בריבית קבועה,"אג""ח חברות שקלי","אג""ח בארץ - חברות והמרה",7/30/2026 0:00,249840369.2,מגדל,,TRUE,TRUE,0,0,0,0,0,0
1159714,"MTF סל (4A) כשרה ת""א-125",Mid Cap & Large ,מניות לפי שווי שוק,מניות בארץ,7/30/2026 0:00,461725534.2,מגדל,,TRUE,TRUE,0,0,0,0,0,0
1160159,תכלית סל (4D)י Indxx US Industrial Real Estate & Logistics,REIT &  Real Estate,"מניות לפי ענפים בחו""ל - חשופת מט""ח","מניות בחו""ל",7/30/2026 0:00,67525567.56,מיטב,,TRUE,TRUE,0.008,0,5402.045898,0.008,5402.045898,0
1161033,"תכלית סל (60) חסר ת""א 90 (5767.86)",מניות בארץ,ממונפות בחסר בסיכון גבוה,ממונפות,7/30/2026 0:00,6663017.18,מיטב,,TRUE,TRUE,0.005,0,333.1508484,0.005,333.1508484,0
1161058,"קסם ETF י(60) חסר ת""א 90 (6123.68)",מניות בארץ,ממונפות בחסר בסיכון גבוה,ממונפות,7/30/2026 0:00,3633891.419,קסם,,TRUE,TRUE,0.004,0,145.3556671,0.004,145.3556671,0
1161827,"הראל סל (4A) ת""א טכנולוגיה",טכנולוגיה,מניות לפי ענפים,מניות בארץ,7/30/2026 0:00,268471973.2,הראל,,TRUE,TRUE,0.0045,0,12081.2373,0.0045,12081.2373,0
1161884,"קסם ETFי (60) חסר ת""א 125 (6,727.62) (מספר קרן: 1161884)",מניות בארץ,ממונפות בחסר בסיכון גבוה,ממונפות,7/30/2026 0:00,4661930.54,קסם,,TRUE,TRUE,0.005,0,233.0965118,0.005,233.0965118,0
1162189,MTF סל (4D)י S&P 500 Scored & Screened,אמריקה- שווקים מפותחים,"מניות גיאוגרפי - חשופת מט""ח","מניות בחו""ל",7/30/2026 0:00,84440256.94,מגדל,,TRUE,TRUE,0,0,0,0,0,0
1162361,"MTF סל (00) אינדקס אג""ח בנקים וביטוח - רובד 2","אג""ח חברות שקלי וצמוד","אג""ח חברות ","אג""ח בארץ - חברות והמרה",7/30/2026 0:00,185016533.3,מגדל,,TRUE,TRUE,0.0025,0,4625.413086,0.0025,4625.413086,0
1162783,קסם CSI300 (4D) ETF,אסיה ופסיפיק- שווקים מתעוררים,"מניות גיאוגרפי - חשופת מט""ח","מניות בחו""ל",7/30/2026 0:00,44113130.21,קסם,,TRUE,TRUE,0.005,0,2205.656494,0.005,2205.656494,0
1165653,"MTF סל (4A) ת""א-בנייה","נדל""ן ובנייה",מניות לפי ענפים,מניות בארץ,7/30/2026 0:00,255358882.8,מגדל,,TRUE,TRUE,0.004,0,10214.35547,0.004,10214.35547,0
1165661,"MTF סל (4A) ת""א-מניב ישראל","נדל""ן ובנייה",מניות לפי ענפים,מניות בארץ,7/30/2026 0:00,326367787.9,מגדל,,TRUE,TRUE,0.004,0,13054.71191,0.004,13054.71191,0
1165810,מור סל (4D)י S&P 500,אמריקה- שווקים מפותחים,"מניות גיאוגרפי - חשופת מט""ח","מניות בחו""ל",7/30/2026 0:00,6018488581,מור,,TRUE,TRUE,0.001,0,60184.89063,0.001,60184.89063,0
1165828,"מור סל (4A)י S&P 500 מנוטרלת מט""ח",אמריקה- שווקים מפותחים,"מניות גיאוגרפי - מנוטרלת מט""ח","מניות בחו""ל",7/30/2026 0:00,3280582717,מור,,TRUE,TRUE,0.001,0,32805.82813,0.001,32805.82813,0
1165836,מור סל (4D)י NASDAQ 100,אמריקה- שווקים מפותחים,"מניות גיאוגרפי - חשופת מט""ח","מניות בחו""ל",7/30/2026 0:00,912875786,מור,,TRUE,TRUE,0.001,0,9128.758789,0.001,9128.758789,0
1165844,"מור סל (4A)י NASDAQ 100 מנוטרלת מט""ח",אמריקה- שווקים מפותחים,"מניות גיאוגרפי - מנוטרלת מט""ח","מניות בחו""ל",7/30/2026 0:00,1982751062,מור,,TRUE,TRUE,0.001,0,19827.51172,0.001,19827.51172,0
1166172,"הראל סל (4A) כשרה ת""א 90",Mid Cap,מניות לפי שווי שוק,מניות בארץ,7/30/2026 0:00,170261350.2,הראל,,TRUE,TRUE,0,0,0,0,0,0
1167261,"קסם 4A) ETF) ת""א סקטור-באלאנס",Mid Cap & Large ,מניות לפי שווי שוק,מניות בארץ,7/30/2026 0:00,192387187,קסם,,TRUE,TRUE,0.003,0,5771.615723,0.003,5771.615723,0
1167329,קסם Indxx Climate Change Solutions (4D) ETF,Alternative / Renewable Energy,"מניות לפי ענפים בחו""ל - חשופת מט""ח","מניות בחו""ל",7/30/2026 0:00,22609732.87,קסם,,TRUE,TRUE,0.005,0,1130.486572,0.005,1130.486572,0
1167568,"הראל סל (6A) ממונפת NASDAQ 100 פי 3 חודשי מנוטרלת מט""ח","מניות בחו""ל",ממונפות בסיכון גבוה,ממונפות,7/30/2026 0:00,81559829.74,הראל,,TRUE,TRUE,0.025,0,20389.95898,0.025,20389.95898,0
1167576,הראל סל (6D) ממונפת בחסר NASDAQ 100 פי 2 חודשי,"מניות בחו""ל",ממונפות בחסר בסיכון גבוה,ממונפות,7/30/2026 0:00,5489353.26,הראל,,TRUE,TRUE,0.0175,0,960.6368408,0.0175,960.6368408,0
1167584,MTF סל (Bluestar Travel & Vacation (4D,Travel,"מניות לפי ענפים בחו""ל - חשופת מט""ח","מניות בחו""ל",7/30/2026 0:00,37190251.42,מגדל,,TRUE,TRUE,0.008,0,2975.220459,0.008,2975.220459,0
1168715,קסם ETF י(4D)י ISE Cyber Security,Cyber Security,"מניות לפי ענפים בחו""ל - חשופת מט""ח","מניות בחו""ל",7/30/2026 0:00,26023142.12,קסם,,TRUE,TRUE,0.0045,0,1171.04126,0.0045,1171.04126,0
1168723,MTF סל (4A) אינדקס אנרגיה מתחדשת ישראל,"נפט, גז ואנרגיה",מניות לפי ענפים,מניות בארץ,7/30/2026 0:00,542271383,מגדל,,TRUE,TRUE,0.005,0,27113.56641,0.005,27113.56641,0
1169333,תכלית סל (00) תל בונד שקלי 50,בריבית קבועה,"אג""ח חברות שקלי","אג""ח בארץ - חברות והמרה",7/30/2026 0:00,764919262.9,מיטב,,TRUE,TRUE,0.0015,0,11473.78906,0.0015,11473.78906,0
1169341,"תכלית סל (4D) אינדקס ביג טק 30 ארה""ב",Technology,"מניות לפי ענפים בחו""ל - חשופת מט""ח","מניות בחו""ל",7/30/2026 0:00,121432424.2,מיטב,,TRUE,TRUE,0.005,0,6071.621094,0.005,6071.621094,0
1169408,"MTF סל (4A) ת""א-טכנולוגיה",טכנולוגיה,מניות לפי ענפים,מניות בארץ,7/30/2026 0:00,171969139,מגדל,,TRUE,TRUE,0.004,0,6878.766113,0.004,6878.766113,0
1169622,הראל סל (0A) תל בונד מאגר,"אג""ח חברות שקלי וצמוד","אג""ח חברות ","אג""ח בארץ - חברות והמרה",7/30/2026 0:00,293792485.9,הראל,,TRUE,TRUE,0.0025,0,7344.812012,0.0025,7344.812012,0
1169796,MTF סל (Bluestar Top 10 US Banks (4D,Banking,"מניות לפי ענפים בחו""ל - חשופת מט""ח","מניות בחו""ל",7/30/2026 0:00,83254728.2,מגדל,,TRUE,TRUE,0.005,0,4162.736328,0.005,4162.736328,0
1170703,תכלית סל (4D)י PHLX Semiconductor Sector,Semiconductor,"מניות לפי ענפים בחו""ל - חשופת מט""ח","מניות בחו""ל",7/30/2026 0:00,426974009.1,מיטב,,TRUE,TRUE,0.005,0,21348.70117,0.005,21348.70117,0
1170836,קסם ETFי (00)(!) תל בונד-תשואות שקל,בריבית קבועה,"אג""ח חברות שקלי","אג""ח בארץ - חברות והמרה",7/30/2026 0:00,306202881.4,קסם,,TRUE,TRUE,0.0025,0,7655.071777,0.0025,7655.071777,0
1170844,קסם Indxx China Internet (4D) ETF,Internet,"מניות לפי ענפים בחו""ל - חשופת מט""ח","מניות בחו""ל",7/30/2026 0:00,14855998.6,קסם,,TRUE,TRUE,0.008,0,1188.47998,0.008,1188.47998,0
1171099,"MTF סל (6A) חסר ת""א 90 (4,574.35)",מניות בארץ,ממונפות בחסר בסיכון גבוה,ממונפות,7/30/2026 0:00,11410313.76,מגדל,,TRUE,TRUE,0.0025,0,285.257843,0.0025,285.257843,0
1171321,"MTF סל (4D) אינדקס REIT ארה""ב מרכזי קניות",REIT &  Real Estate,"מניות לפי ענפים בחו""ל - חשופת מט""ח","מניות בחו""ל",7/30/2026 0:00,67468947.27,מגדל,,TRUE,TRUE,0.008,0,5397.516113,0.008,5397.516113,0
1171586,MTF סל (Bluestar China Internet Software (4D,Internet,"מניות לפי ענפים בחו""ל - חשופת מט""ח","מניות בחו""ל",7/30/2026 0:00,3097897.76,מגדל,,TRUE,TRUE,0.001,0,30.97897911,0.001,30.97897911,0
1171594,MTF סל (00) תל בונד - צמודות A,בריבית קבועה ,"אג""ח חברות צמודות מדד","אג""ח בארץ - חברות והמרה",7/30/2026 0:00,414921561.3,מגדל,,TRUE,TRUE,0.001,0,4149.21582,0.001,4149.21582,0
1172824,MTF סל (00) תל בונד - שקלי A,בריבית קבועה,"אג""ח חברות שקלי","אג""ח בארץ - חברות והמרה",7/30/2026 0:00,259857105.7,מגדל,,TRUE,TRUE,0,0,0,0,0,0
1174119,קסם ETF י(4D)י MVIS US Listed Semiconductor 25,Semiconductor,"מניות לפי ענפים בחו""ל - חשופת מט""ח","מניות בחו""ל",7/30/2026 0:00,519272437.1,קסם,,TRUE,TRUE,0.0045,0,23367.25781,0.0045,23367.25781,0
1176031,MTF סל ‏‏‏MSCI AC World (4A) מנוטרלת דולר,,"מניות גלובליות - מנוטרלת מט""ח","מניות בחו""ל",7/30/2026 0:00,101962666.5,מגדל,,TRUE,TRUE,0.002,0,2039.253418,0.002,2039.253418,0
1176320,קסם ETFי (00) תל בונד-צמודות A,בריבית קבועה ,"אג""ח חברות צמודות מדד","אג""ח בארץ - חברות והמרה",7/30/2026 0:00,105253448.4,קסם,,TRUE,TRUE,0.002,0,2105.069092,0.002,2105.069092,0
1176536,"תכלית סל (40) ת""א-בנייה","נדל""ן ובנייה",מניות לפי ענפים,מניות בארץ,7/30/2026 0:00,148335727.8,מיטב,,TRUE,TRUE,0,0,0,0,0,0
1178359,"קסם 4A) ETF) ת""א-בנייה","נדל""ן ובנייה",מניות לפי ענפים,מניות בארץ,7/30/2026 0:00,163736524.4,קסם,,TRUE,TRUE,0.0025,0,4093.413086,0.0025,4093.413086,0
1181023,MTF סל FTSE China A50 (4D),אסיה ופסיפיק- שווקים מתעוררים,"מניות גיאוגרפי - חשופת מט""ח","מניות בחו""ל",7/30/2026 0:00,22637547.92,מגדל,,TRUE,TRUE,0.001,0,226.3754883,0.001,226.3754883,0
1181387,MTF סל Nasdaq 100 (4D),אמריקה- שווקים מפותחים,"מניות גיאוגרפי - חשופת מט""ח","מניות בחו""ל",7/30/2026 0:00,597653929.2,מגדל,,TRUE,TRUE,0,0,0,0,0,0
1181445,"MTF סל Nasdaq 100 (4A) מנוטרלת מט""ח",אמריקה- שווקים מפותחים,"מניות גיאוגרפי - מנוטרלת מט""ח","מניות בחו""ל",7/30/2026 0:00,1079738346,מגדל,,TRUE,TRUE,0,0,0,0,0,0
1183953,"MTF סל (4A) ת""א-נדל""ן","נדל""ן ובנייה",מניות לפי ענפים,מניות בארץ,7/30/2026 0:00,303372645.9,מגדל,,TRUE,TRUE,0.004,0,12134.90625,0.004,12134.90625,0
1184092,הראל סל (4A)יS&P North American Expanded Tech Software מנוטרלת מט''ח,Technology,"מניות לפי ענפים בחו""ל - מנוטרלת מט""ח","מניות בחו""ל",7/30/2026 0:00,156340469.4,הראל,,TRUE,TRUE,0.005,0,7817.022949,0.005,7817.022949,0
1185123,קסם ETFי (00) תל בונד-שקלי 5-15,בריבית קבועה - ארוך,"אג""ח חברות שקלי","אג""ח בארץ - חברות והמרה",7/30/2026 0:00,168408386.3,קסם,,TRUE,TRUE,0,0,0,0,0,0
1186634,"קסם ETF י(60) חסר ת""א נדל""ן (2649.49)",מניות בארץ,ממונפות בחסר בסיכון גבוה,ממונפות,7/30/2026 0:00,10747775.72,קסם,,TRUE,TRUE,0.01,0,1074.777588,0.01,1074.777588,0
1187079,MTF סל (6D) ממונפת Nasdaq 100 פי 3 חודשי,"מניות בחו""ל",ממונפות בסיכון גבוה,ממונפות,7/30/2026 0:00,100031513.3,מגדל,,TRUE,TRUE,0.0135,0,13504.25488,0.0135,13504.25488,0
1187764,מור סל (4A) אינדקס בנקים משקל שווה,בנקאות ואשראי חוץ בנקאי,מניות לפי ענפים,מניות בארץ,7/30/2026 0:00,2744100952,מור,,TRUE,TRUE,0.005,0,137205.0469,0.005,137205.0469,0
1188069,MTF סל (6D) ממונפת בחסר Nasdaq 100 פי 2 חודשי,"מניות בחו""ל",ממונפות בחסר בסיכון גבוה,ממונפות,7/30/2026 0:00,5371169.76,מגדל,,TRUE,TRUE,0,0,0,0,0,0
1189018,קסם ETF י(4D) אינדקס ערך עולמי,,"מניות גלובליות - חשופת מט""ח","מניות בחו""ל",7/30/2026 0:00,924289192.2,קסם,,TRUE,TRUE,0.004,0,36971.57031,0.004,36971.57031,0
1189372,קסם ETF י(4D) אינדקס צמיחה עולמי,,"מניות גלובליות - חשופת מט""ח","מניות בחו""ל",7/30/2026 0:00,993629110.3,קסם,,TRUE,TRUE,0.004,0,39745.16797,0.004,39745.16797,0
1189596,תכלית סל (4D) אינדקס ערך עולמי מנוטרלת דולר,,"מניות גלובליות - מנוטרלת מט""ח","מניות בחו""ל",7/30/2026 0:00,612434816.5,מיטב,,TRUE,TRUE,0.004,0,24497.39453,0.004,24497.39453,0
1189604,תכלית סל (4D) אינדקס צמיחה עולמי,,"מניות גלובליות - חשופת מט""ח","מניות בחו""ל",7/30/2026 0:00,775065934.9,מיטב,,TRUE,TRUE,0.004,0,31002.63867,0.004,31002.63867,0
1189802,קסם ETF י(6D) ממונפת בחסר חוזה Bloomberg Brent Crude פי 2 חודשי,סחורה,ממונפות בחסר בסיכון גבוה,ממונפות,7/30/2026 0:00,10509765.6,קסם,,TRUE,TRUE,0.015,0,1576.464844,0.015,1576.464844,0
1189810,MTF סל (4D) אינדקס צמיחה עולמי,,"מניות גלובליות - חשופת מט""ח","מניות בחו""ל",7/30/2026 0:00,995273086.4,מגדל,,TRUE,TRUE,0.0012,0,11943.27734,0.0012,11943.27734,0
1189828,MTF סל (4D) אינדקס ערך עולמי,,"מניות גלובליות - חשופת מט""ח","מניות בחו""ל",7/30/2026 0:00,927918686.1,מגדל,,TRUE,TRUE,0.0012,0,11135.02441,0.0012,11135.02441,0
1190347,"אי.בי.אי. סל (4A) אינדקס מומנטום ארה""ב מנוטרלת מט""ח",אמריקה- שווקים מפותחים,"מניות גיאוגרפי - מנוטרלת מט""ח","מניות בחו""ל",7/30/2026 0:00,1191881957,אי.בי.אי,,TRUE,TRUE,0.004,0,47675.28125,0.004,47675.28125,0
1190354,אי.בי.אי. סל (4D) אינדקס ערך עולמי,,"מניות גלובליות - חשופת מט""ח","מניות בחו""ל",7/30/2026 0:00,458384144,אי.בי.אי,,TRUE,TRUE,0.004,0,18335.36719,0.004,18335.36719,0
1190362,אי.בי.אי. סל (4D) אינדקס צמיחה עולמי,,"מניות גלובליות - חשופת מט""ח","מניות בחו""ל",7/30/2026 0:00,519905276.7,אי.בי.אי,,TRUE,TRUE,0.004,0,20796.21289,0.004,20796.21289,0
1190685,הראל סל (4A) אינדקס ישראל 100 רווחיות משקל שווה,Mid Cap & Large ,מניות לפי שווי שוק,מניות בארץ,7/30/2026 0:00,419408010,הראל,,TRUE,TRUE,0.0025,0,10485.2002,0.0025,10485.2002,0
1190776,הראל סל (00) תל בונד צמודות-בנקים ללא COCO,בריבית קבועה ,"אג""ח חברות צמודות מדד","אג""ח בארץ - חברות והמרה",7/30/2026 0:00,31906879.18,הראל,,TRUE,TRUE,0.002,0,638.1376343,0.002,638.1376343,0
1190859,"הראל סל (4D) אינדקס מומנטום ארה""ב",אמריקה- שווקים מפותחים,"מניות גיאוגרפי - חשופת מט""ח","מניות בחו""ל",7/30/2026 0:00,406345664,הראל,,TRUE,TRUE,0.005,0,20317.2832,0.005,20317.2832,0
1191881,MTF סל iBoxx US Liquid Investment Grade Top 30 (0D),,"חברות והמרה חשופת מט""ח","אג""ח בחו""ל",7/30/2026 0:00,114580504.2,מגדל,,TRUE,TRUE,0.0025,0,2864.512451,0.0025,2864.512451,0
1192384,"קסם ETF י(00) אינדקס מדינה צמוד- מח""מ 5 קבוע",צמודות מדד ממשלתיות - בינוני,"אג""ח מדינה צמוד מדד","אג""ח בארץ - מדינה",7/30/2026 0:00,165420894.6,קסם,,TRUE,TRUE,0.001,0,1654.209106,0.001,1654.209106,0
1192392,"קסם ETF י(00) אינדקס מדינה שקלי- מח""מ 5 קבוע",‏ריבית קבועה  - בינוני,"אג""ח מדינה שקליות ","אג""ח בארץ - מדינה",7/30/2026 0:00,175007489.3,קסם,,TRUE,TRUE,0.001,0,1750.074951,0.001,1750.074951,0
1193044,MTF סל (00) תל בונד-שקלי 5-15,בריבית קבועה - ארוך,"אג""ח חברות שקלי","אג""ח בארץ - חברות והמרה",7/30/2026 0:00,77452594.62,מגדל,,TRUE,TRUE,0,0,0,0,0,0
1193051,MTF סל (00) תל בונד-שקלי 1-3‏,בריבית קבועה - קצר,"אג""ח חברות שקלי","אג""ח בארץ - חברות והמרה",7/30/2026 0:00,98580657.11,מגדל,,TRUE,TRUE,0,0,0,0,0,0
1193069,MTF סל (0A) תל גוב – כללי,,"אג""ח מדינה שקלי וצמוד","אג""ח בארץ - מדינה",7/30/2026 0:00,236638936.1,מגדל,,TRUE,TRUE,0,0,0,0,0,0
1193127,MTF סל (00) תל בונד-צמודות 1-3,בריבית קבועה - קצר,"אג""ח חברות צמודות מדד","אג""ח בארץ - חברות והמרה",7/30/2026 0:00,189877346.2,מגדל,,TRUE,TRUE,0.0025,0,4746.933594,0.0025,4746.933594,0
1193135,MTF סל (00) תל בונד-צמודות 5-15,בריבית קבועה - ארוך,"אג""ח חברות צמודות מדד","אג""ח בארץ - חברות והמרה",7/30/2026 0:00,60408338.74,מגדל,,TRUE,TRUE,0,0,0,0,0,0
1193317,MTF סל (0A) תל בונד-מאגר,"אג""ח חברות שקלי וצמוד","אג""ח חברות ","אג""ח בארץ - חברות והמרה",7/30/2026 0:00,866225233.6,מגדל,,TRUE,TRUE,0.002,0,17324.50586,0.002,17324.50586,0
1193614,קסם ETF‏י (00) תל בונד-צמודות 1-3,בריבית קבועה - קצר,"אג""ח חברות צמודות מדד","אג""ח בארץ - חברות והמרה",7/30/2026 0:00,230461043.2,קסם,,TRUE,TRUE,0.0025,0,5761.525879,0.0025,5761.525879,0
1193648,קסם ETFי (00) תל בונד צמודות AA-AAA,בריבית קבועה ,"אג""ח חברות צמודות מדד","אג""ח בארץ - חברות והמרה",7/30/2026 0:00,198173077.4,קסם,,TRUE,TRUE,0.0025,0,4954.32666,0.0025,4954.32666,0
1193655,קסם ETFי (00) תל בונד שקלי A,בריבית קבועה,"אג""ח חברות שקלי","אג""ח בארץ - חברות והמרה",7/30/2026 0:00,213982454.3,קסם,,TRUE,TRUE,0.0025,0,5349.561035,0.0025,5349.561035,0
1193663,קסם ETFי (00) תל בונד שקלי AA-AAA,בריבית קבועה,"אג""ח חברות שקלי","אג""ח בארץ - חברות והמרה",7/30/2026 0:00,143016941.8,קסם,,TRUE,TRUE,0.0025,0,3575.423584,0.0025,3575.423584,0
1193671,קסם ETFי (00) תל בונד צמודות 5-15,בריבית קבועה - ארוך,"אג""ח חברות צמודות מדד","אג""ח בארץ - חברות והמרה",7/30/2026 0:00,107892997.2,קסם,,TRUE,TRUE,0.0015,0,1618.39502,0.0015,1618.39502,0
1193689,קסם ETFי (00) תל בונד-שקלי 1-3,בריבית קבועה - קצר,"אג""ח חברות שקלי","אג""ח בארץ - חברות והמרה",7/30/2026 0:00,124215210.7,קסם,,TRUE,TRUE,0.0025,0,3105.380127,0.0025,3105.380127,0
1193713,"קסם S&P Financial (4A) ETF מנוטרלת מט""ח",Financial,"מניות לפי ענפים בחו""ל - מנוטרלת מט""ח","מניות בחו""ל",7/30/2026 0:00,58433403.78,קסם,,TRUE,TRUE,0.005,0,2921.670166,0.005,2921.670166,0
1193739,"קסם S&P Technology (4A) ETF מנוטרלת מט""ח",Technology,"מניות לפי ענפים בחו""ל - מנוטרלת מט""ח","מניות בחו""ל",7/30/2026 0:00,74755250.72,קסם,,TRUE,TRUE,0.008,0,5980.42041,0.008,5980.42041,0
1193747,"קסם S&P MidCap 400 (4A) ETF מנוטרלת מט""ח",אמריקה- שווקים מפותחים,"מניות גיאוגרפי - מנוטרלת מט""ח","מניות בחו""ל",7/30/2026 0:00,79562774.26,קסם,,TRUE,TRUE,0.006,0,4773.766602,0.006,4773.766602,0
1193754,"קסם S&P Consumer Discretionary (4A) ETF מנוטרלת מט""ח",Consumer Discretionary,"מניות לפי ענפים בחו""ל - מנוטרלת מט""ח","מניות בחו""ל",7/30/2026 0:00,33780359.7,קסם,,TRUE,TRUE,0.008,0,2702.428955,0.008,2702.428955,0
1193762,"קסם S&P Regional Banks (4A) ETF מנוטרלת מט""ח",Banking,"מניות לפי ענפים בחו""ל - מנוטרלת מט""ח","מניות בחו""ל",7/30/2026 0:00,17609768.11,קסם,,TRUE,TRUE,0.008,0,1408.781494,0.008,1408.781494,0
1193788,"קסם S&P Consumer Staples (4A) ETF מנוטרלת מט""ח",Consumer Staples,"מניות לפי ענפים בחו""ל - מנוטרלת מט""ח","מניות בחו""ל",7/30/2026 0:00,13472214.11,קסם,,TRUE,TRUE,0.007,0,943.0549927,0.007,943.0549927,0
1193820,קסם S&P Consumer Staples (4D) ETF,Consumer Staples,"מניות לפי ענפים בחו""ל - חשופת מט""ח","מניות בחו""ל",7/30/2026 0:00,12571360.88,קסם,,TRUE,TRUE,0.007,0,879.9953003,0.007,879.9953003,0
1194067,קסם ETF י(4D)י MSCI ACWI Sustainable Development,,"מניות גלובליות - חשופת מט""ח","מניות בחו""ל",7/30/2026 0:00,51962124.19,קסם,,TRUE,TRUE,0.005,0,2598.106201,0.005,2598.106201,0
1194141,הראל (4D)יMulti-Strategy - קרן גידור בנאמנות,,,קרן גידור בנאמנות,7/30/2026 0:00,1179838303,הראל,"קרן טוליפ קפיטל ג'י פי בע""מ ",FALSE,FALSE,0.015,0.0035,176975.7344,0.011499999,135681.3906,0
1194158,סיגמא (5E) לונג/שורט מניות - קרן גידור בנאמנות,,,קרן גידור בנאמנות,7/30/2026 0:00,123726916.6,סיגמא,,FALSE,FALSE,0.0135,0.0035,16703.13477,0.01,12372.69141,0
1194166,"סיגמא (2B) לונג/שורט אג""ח - קרן גידור בנאמנות",,,קרן גידור בנאמנות,7/30/2026 0:00,111415863.1,סיגמא,,FALSE,FALSE,0.0079,0.0035,8801.852539,0.0044,4902.297852,0
1194182,"הראל (4D) אסטרטגיות מניות חו""ל- קרן גידור בנאמנות",,,קרן גידור בנאמנות,7/30/2026 0:00,292570677.1,הראל,"גלוסקה השקעות בע""מ ",FALSE,FALSE,0.0125,0.0035,36571.33594,0.009,26331.35938,0
1194208,אי.בי.אי. (6F)י Macro Strategies קרן גידור בנאמנות,,,קרן גידור בנאמנות,7/30/2026 0:00,106097458.7,אי.בי.אי,IGS CAPITAL Ltd. באמצעות מר גיל שלום,FALSE,FALSE,0.015,0.0035,15914.61719,0.011499999,12201.20605,0
1194216,ילין לפידות (6F)י Multi-Strategy קרן גידור בנאמנות,,,קרן גידור בנאמנות,7/30/2026 0:00,186668035.2,ילין,,FALSE,FALSE,0.015,0.0035,28000.20313,0.011499999,21466.82227,0
1194224,מיטב סקיי (4D)י Multi Strategy קרן גידור בנאמנות,,,קרן גידור בנאמנות,7/30/2026 0:00,92037897.49,מיטב,"רונן זכריה השקעות בע""מ ",FALSE,FALSE,0.0135,0.0035,12425.11719,0.01,9203.789063,0
1194232,מיטב (4D) לונג שורט מניות קרן גידור בנאמנות,,,קרן גידור בנאמנות,7/30/2026 0:00,225685160.3,מיטב,"דנרב השקעות בע""מ ",FALSE,FALSE,0.0135,0.0035,30467.5,0.01,22568.51563,0
1194240,מיטב (4C)י iQM לונג שורט ישראל קרן גידור בנאמנות,,,קרן גידור בנאמנות,7/30/2026 0:00,18144452.66,מיטב,"אינדקס מחקר ופיתוח מדדים בע""מ ",FALSE,FALSE,0.0135,0.0035,2449.501221,0.01,1814.44519,0
1194265,גידור MQ ישראל,,,קרן גידור בנאמנות,7/30/2026 0:00,39816254.66,מגדל,,FALSE,FALSE,0.015,0.0035,5972.437988,0.011499999,4578.869141,0
1194273,"מור (2E)(!) אסטרטגיות אג""ח קרן גידור בנאמנות",,,קרן גידור בנאמנות,7/30/2026 0:00,828400710.1,מור,"על.עמ.נועם השקעות בע""מ",FALSE,FALSE,0.0088,0.0035,72899.26563,0.0053,43905.23828,0
1194281,אושן יצירה (5E)י Multi-Strategy קרן גידור בנאמנות,,,קרן גידור בנאמנות,7/30/2026 0:00,34764453.93,סיגמא,"אושן פרטנרס בע""מ",FALSE,FALSE,0.015,0.0035,5214.66748,0.011499999,3997.911621,0
1194315,אימפקט (6F) לונג/שורט - קרן גידור בנאמנות,,,קרן גידור בנאמנות,7/30/2026 0:00,64259470.03,איילון,אימפקט,FALSE,FALSE,0.015,0.0035,9638.919922,0.011499999,7389.838379,0
1194323,פסטרנק שהם (6F) לונג/שורט - קרן גידור בנאמנות,,,קרן גידור בנאמנות,7/30/2026 0:00,198088406.5,איילון,פסטרנק,FALSE,FALSE,0.0125,0.0035,24761.05078,0.009,17827.95508,0
1194356,"אנליסט (5D) נדל""ן ישראל - חו""ל Multi Strategy- קרן גידור בנאמנות",,,קרן גידור בנאמנות,7/30/2026 0:00,33069615.61,אנליסט,,FALSE,FALSE,0.015,0.0035,4960.442383,0.011499999,3803.005371,0
1194364,אנליסט (6D) מניות Multi Strategy- קרן גידור בנאמנות,,,קרן גידור בנאמנות,7/30/2026 0:00,59832062.85,אנליסט,,FALSE,FALSE,0.015,0.0035,8974.80957,0.011499999,6880.686523,0
1194380,"מור סל (4A) ת""א-35",Large Cap,מניות לפי שווי שוק,מניות בארץ,7/30/2026 0:00,945672710.3,מור,,TRUE,TRUE,0.002,0,18913.45508,0.002,18913.45508,0
1195304,מור סל (00) תל בונד 60 צמודות,בריבית קבועה ,"אג""ח חברות צמודות מדד","אג""ח בארץ - חברות והמרה",7/30/2026 0:00,229152305.2,מור,,TRUE,TRUE,0.0025,0,5728.807617,0.0025,5728.807617,0
1195312,מור סל (0A) תל בונד מאגר,אחר,"אג""ח חברות ","אג""ח בארץ - חברות והמרה",7/30/2026 0:00,605904516.7,מור,,TRUE,TRUE,0.002,0,12118.09082,0.002,12118.09082,0
1196146,"מור סל (4A) ת""א-90",Mid Cap,מניות לפי שווי שוק,מניות בארץ,7/30/2026 0:00,1108517363,מור,,TRUE,TRUE,0.0045,0,49883.27734,0.0045,49883.27734,0
1196153,"מור סל (4A) ת""א-125",Mid Cap & Large ,מניות לפי שווי שוק,מניות בארץ,7/30/2026 0:00,1876778611,מור,,TRUE,TRUE,0.002,0,37535.57422,0.002,37535.57422,0
1196187,הורייזן (5E) לונג/שורט - קרן גידור בנאמנות,,,קרן גידור בנאמנות,7/30/2026 0:00,4667652.96,איילון,הורייזן,FALSE,FALSE,0.015,0.0035,700.1478882,0.011499999,536.7800293,0
1197698,"תכלית סל (40) ת""א -ביטוח",ביטוח,מניות לפי ענפים,מניות בארץ,7/30/2026 0:00,602414484.5,מיטב,,TRUE,TRUE,0.004,0,24096.58008,0.004,24096.58008,0
1199058,קסם ETFי(00)י(!) כשרה תל בונד-תשואות צמודות,בריבית קבועה ,"אג""ח חברות צמודות מדד","אג""ח בארץ - חברות והמרה",7/30/2026 0:00,10236461.9,קסם,,TRUE,TRUE,0,0,0,0,0,0
1200195,MTF סל (4D) אינדקס Top10 Tech,Technology,"מניות לפי ענפים בחו""ל - חשופת מט""ח","מניות בחו""ל",7/30/2026 0:00,58457101.66,מגדל,,TRUE,TRUE,0.005,0,2922.85498,0.005,2922.85498,0
1200351,MTF סל (Indxx US Healthcare Top 10 (4D,Health Care,"מניות לפי ענפים בחו""ל - חשופת מט""ח","מניות בחו""ל",7/30/2026 0:00,23518343.53,מגדל,,TRUE,TRUE,0.002,0,470.3669128,0.002,470.3669128,0
1200435,"אי.בי.אי. סל (4A)י 500 S&P מנוטרלת מט""ח",אמריקה- שווקים מפותחים,"מניות גיאוגרפי - מנוטרלת מט""ח","מניות בחו""ל",7/30/2026 0:00,765676824.5,אי.בי.אי,,TRUE,TRUE,0,0,0,0,0,0
1200443,"אי.בי.אי. סל (4A)י Nasdaq 100 מנוטרלת מט""ח",אמריקה- שווקים מפותחים,"מניות גיאוגרפי - מנוטרלת מט""ח","מניות בחו""ל",7/30/2026 0:00,664061517.9,אי.בי.אי,,TRUE,TRUE,0,0,0,0,0,0
1200450,אי.בי.אי. סל (4D)י Nasdaq 100,אמריקה- שווקים מפותחים,"מניות גיאוגרפי - חשופת מט""ח","מניות בחו""ל",7/30/2026 0:00,197718198.1,אי.בי.אי,,TRUE,TRUE,0,0,0,0,0,0
1200989,אלטשולר שחם (5E) לונג/שורט מניות - קרן גידור בנאמנות,,,קרן גידור בנאמנות,7/30/2026 0:00,56263683.86,אלטשולר,,FALSE,FALSE,0.01,0.0035,5626.368164,0.0065,3657.139404,0
1201003,MTF סל (MSCI AC World (4D,,"מניות גלובליות - חשופת מט""ח","מניות בחו""ל",7/30/2026 0:00,273597239.8,מגדל,,TRUE,TRUE,0.0017,0,4651.15332,0.0017,4651.15332,0
1201557,גידור MQ Global,,,קרן גידור בנאמנות,7/30/2026 0:00,15137270.85,מגדל,,FALSE,FALSE,0.015,0.0035,2270.590576,0.011499999,1740.786011,0
1201565,גידור L/S,,,קרן גידור בנאמנות,7/30/2026 0:00,70004363.57,מגדל,,FALSE,FALSE,0.0035,0.0035,2450.152588,0,0,0
1201623,MTF סל (4A) אינדקס 120 ישראל,Mid Cap & Large ,מניות לפי שווי שוק,מניות בארץ,7/30/2026 0:00,395998803.4,מגדל,,TRUE,TRUE,0.001,0,3959.988525,0.001,3959.988525,0
1201656,ילין לפידות סל (4D)י S&P 500,אמריקה- שווקים מפותחים,"מניות גיאוגרפי - חשופת מט""ח","מניות בחו""ל",7/30/2026 0:00,633916617.6,ילין,,TRUE,TRUE,0,0,0,0,0,0
1201664,"ילין לפידות סל (4A)י S&P 500 מנוטרלת מט""ח",אמריקה- שווקים מפותחים,"מניות גיאוגרפי - מנוטרלת מט""ח","מניות בחו""ל",7/30/2026 0:00,408975044.8,ילין,,TRUE,TRUE,0,0,0,0,0,0
1201672,ילין לפידות סל (4D)י Nasdaq 100,אמריקה- שווקים מפותחים,"מניות גיאוגרפי - חשופת מט""ח","מניות בחו""ל",7/30/2026 0:00,86957312.21,ילין,,TRUE,TRUE,0,0,0,0,0,0
1201680,אלטשולר שחם (6F)י Multi-Strategy- קרן גידור בנאמנות,,,קרן גידור בנאמנות,7/30/2026 0:00,25906132.05,אלטשולר,,FALSE,FALSE,0.01,0.0035,2590.613037,0.0065,1683.89856,0
1201698,"ילין לפידות סל (4A)י Nasdaq 100 מנוטרלת מט""ח",אמריקה- שווקים מפותחים,"מניות גיאוגרפי - מנוטרלת מט""ח","מניות בחו""ל",7/30/2026 0:00,260859294.8,ילין,,TRUE,TRUE,0,0,0,0,0,0
1202183,קסם ETF י(4D)י 50 S&P 500 TOP,אמריקה- שווקים מפותחים,"מניות גיאוגרפי - חשופת מט""ח","מניות בחו""ל",7/30/2026 0:00,53703159.7,קסם,,TRUE,TRUE,0.0025,0,1342.578979,0.0025,1342.578979,0
1203835,קסם ETF י(4D)י S&P 500 Equal Weight,אמריקה- שווקים מפותחים,"מניות גיאוגרפי - חשופת מט""ח","מניות בחו""ל",7/30/2026 0:00,22258573.48,קסם,,TRUE,TRUE,0.002,0,445.1715088,0.002,445.1715088,0
1204742,"מור (4D) לונג שורט נדל""ן אירופה קרן גידור בנאמנות",,,קרן גידור בנאמנות,7/30/2026 0:00,11157934.58,מור,ICAMAP S.a r.l. ,FALSE,FALSE,0.0135,0.0035,1506.321289,0.01,1115.793457,0
1204783,איילון זבולון (5E) לונג שורט גלובלי קרן גידור בנאמנות,,,קרן גידור בנאמנות,7/30/2026 0:00,143010533.7,איילון,זבולון שרותי מחקר בע״מ ,FALSE,FALSE,0.01,0.0035,14301.05273,0.0065,9295.68457,0
1204916,גידור אגח $,,,קרן גידור בנאמנות,7/30/2026 0:00,31236746.97,מגדל,,FALSE,FALSE,0.009,0.0035,2811.306885,0.0055,1718.020874,0
1205657,MTF סל (Bloomberg US Analyst Recommendations (4D,אמריקה- שווקים מפותחים,"מניות גיאוגרפי - חשופת מט""ח","מניות בחו""ל",7/30/2026 0:00,71281318.73,מגדל,,TRUE,TRUE,0.008,0,5702.505859,0.008,5702.505859,0
1206549,"ילין לפידות סל (4A) ת""א בנקים",בנקאות ואשראי חוץ בנקאי,מניות לפי ענפים,מניות בארץ,7/30/2026 0:00,1464358320,ילין,,TRUE,TRUE,0.0049,0,71753.55469,0.0049,71753.55469,0
1207646,פורצ'ן (6F)י Multi-Strategy - קרן גידור בנאמנות,,,קרן גידור בנאמנות,7/30/2026 0:00,29189495.09,איילון,פורצן,FALSE,FALSE,0.015,0.0035,4378.424316,0.011499999,3356.791748,0
1207729,"אלפי בנדק (1A) לונג/שורט אג""ח – קרן גידור בנאמנות",,,קרן גידור בנאמנות,7/30/2026 0:00,39658727.02,הראל,אלפי בנדק,FALSE,FALSE,0.0075,0.0035,2974.404541,0.004,1586.349121,0
1207786,גידור אגח,,,קרן גידור בנאמנות,7/30/2026 0:00,96228900.47,מגדל,,FALSE,FALSE,0.0075,0.0035,7217.16748,0.004,3849.156006,0
1207885,פוקוס (5D) לונג/שורט - קרן גידור בנאמנות,,,קרן גידור בנאמנות,7/30/2026 0:00,16320973.33,איילון,פוקוס,FALSE,FALSE,0.015,0.0035,2448.145752,0.011499999,1876.911743,0
1207901,"MTF סל (4D) אינדקס שבבים ארה""ב Top10",Semiconductor,"מניות לפי ענפים בחו""ל - חשופת מט""ח","מניות בחו""ל",7/30/2026 0:00,247793692.8,מגדל,,TRUE,TRUE,0.001,0,2477.937012,0.001,2477.937012,0
1208891,"פיינאל קפיטל (2E)(!) אסטרטגיות אג""ח קרן גידור בנאמנות",,,קרן גידור בנאמנות,7/30/2026 0:00,94015915.42,סיגמא,"פיינאל קפיטל בע""מ",FALSE,FALSE,0.0115,0.0035,10811.83008,0.007999999,7521.272949,0
1209444,"אי.בי.אי. סל (4A) ת""א-90",Mid Cap,מניות לפי שווי שוק,מניות בארץ,7/30/2026 0:00,1313136189,אי.בי.אי,,TRUE,TRUE,0.001,0,13131.3623,0.001,13131.3623,0
1209808,אלטשולר שחם AlphaBetaי (5D)י Portable Alpha מבוסס AI – קרן גידור בנאמנות,,,קרן גידור בנאמנות,7/30/2026 0:00,354203.24,אלטשולר,פקטור השקעות בע״מ,FALSE,FALSE,0.01,0.0035,35.42032242,0.0065,23.02321053,0
1209931,Quantitative strategies (5E) FINQ מבוסס AI קרן גידור בנאמנות,,,קרן גידור בנאמנות,7/30/2026 0:00,9669823.08,תמיר,"פינק דיגיטל בע""מ",FALSE,FALSE,0,0.0035,0,-0.0035,-338.4438171,0
1210970,"הראל (2E)(!) אסטרטגיות אג""ח – קרן גידור בנאמנות",,,קרן גידור בנאמנות,7/30/2026 0:00,131523577.2,הראל,,FALSE,FALSE,0.0085,0.0035,11179.50488,0.005,6576.179199,0
1212521,"פסטרנק שהם (2D)(!) אסטרטגיות אג""ח - קרן גידור בנאמנות",,,קרן גידור בנאמנות,7/30/2026 0:00,57933327.76,איילון,פסטרנק,FALSE,FALSE,0.0075,0.0035,4344.999512,0.004,2317.333008,0
1212703,קבין (5E)י Multi-Strategy - קרן גידור בנאמנות,,,קרן גידור בנאמנות,7/30/2026 0:00,4574972.65,איילון,קבין,FALSE,FALSE,0.014,0.0035,640.4961548,0.010500001,480.3721313,0
1212794,MTF סל S&P Israel 100 (ILS) (4A),Mid Cap & Large ,מניות לפי שווי שוק,מניות בארץ,7/30/2026 0:00,35033727.98,מגדל,,TRUE,TRUE,0,0,0,0,0,0
1213420,תכלית סל (4A)י World Quality iNDEX מנוטרלת דולר,,"מניות גלובליות - מנוטרלת מט""ח","מניות בחו""ל",7/30/2026 0:00,788493358.6,מיטב,,TRUE,TRUE,0.004,0,31539.73633,0.004,31539.73633,0
1213461,תכלית סל (0A) אינדקס מדורג פיזור רחב,"אג""ח חברות שקלי וצמוד","אג""ח חברות ","אג""ח בארץ - חברות והמרה",7/30/2026 0:00,171154257.2,מיטב,,TRUE,TRUE,0.0025,0,4278.856445,0.0025,4278.856445,0
1213594,"הראל סל (4A) ת""א 90 ובנקים",Mid Cap & Large ,מניות לפי שווי שוק,מניות בארץ,7/30/2026 0:00,183779391.6,הראל,,TRUE,TRUE,0.001,0,1837.794067,0.001,1837.794067,0
1213636,אי.בי.אי. (4D) מניות ישראל Multi Strategy קרן גידור בנאמנות,,,קרן גידור בנאמנות,7/30/2026 0:00,186397211.5,אי.בי.אי,,FALSE,FALSE,0.015,0.0035,27959.58008,0.011499999,21435.67773,0
1213644,"אי.בי.אי. (3E)(!) אסטרטגיות אג""ח קרן גידור בנאמנות",,,קרן גידור בנאמנות,7/30/2026 0:00,158763442.4,אי.בי.אי,,FALSE,FALSE,0.0088,0.0035,13971.18262,0.0053,8414.461914,0
1213651,אי.בי.אי. ספרה (4D) לונג/שורט גלובל אקוויטי קרן גידור בנאמנות,,,קרן גידור בנאמנות,7/30/2026 0:00,60789873.66,אי.בי.אי,"ספרה ניהול קרנות טכנולוגיה בע""מ",FALSE,FALSE,0.015,0.0035,9118.480469,0.011499999,6990.834473,0
1214840,פינסה (2E)(!) אסטרטגיות חוב קרן גידור בנאמנות,,,קרן גידור בנאמנות,7/30/2026 0:00,82523207.15,סיגמא,"פינסה מגיטס ניהול נכסים בע""מ",FALSE,FALSE,0.0085,0.0035,7014.473145,0.005,4126.160645,0
1215375,קסם אקטיב (5B) לונג/שורט מניות ישראל קרן גידור בנאמנות,,,קרן גידור בנאמנות,7/30/2026 0:00,210320413.8,קסם,Bridgewise Analytics LTD,FALSE,FALSE,0.011,0.0035,23135.24609,0.0075,15774.03027,0
1215383,"קסם אקטיב (5E) לונג/שורט מניות ארה""ב קרן גידור בנאמנות",,,קרן גידור בנאמנות,7/30/2026 0:00,42427659.26,קסם,Bridgewise Analytics LTD,FALSE,FALSE,0.011,0.0035,4667.04248,0.0075,3182.074463,0
1215771,"אי.בי.אי. סל (4A) ת""א-ביטוח",ביטוח,מניות לפי ענפים,מניות בארץ,7/30/2026 0:00,2806648831,אי.בי.אי,,TRUE,TRUE,0.002,0,56132.98047,0.002,56132.98047,0
1216050,סיגמא (5E)י Multi-Strategy ישראל קרן גידור בנאמנות,,,קרן גידור בנאמנות,7/30/2026 0:00,28776823.9,סיגמא,,FALSE,FALSE,0.0135,0.0035,3884.871582,0.01,2877.682373,0
1216480,תכלית סל (00) כשרה תל בונד 60 צמודות,בריבית קבועה ,"אג""ח חברות צמודות מדד","אג""ח בארץ - חברות והמרה",7/30/2026 0:00,74983486.67,מיטב,,TRUE,TRUE,0,0,0,0,0,0
1216670,סלע (5E)י Multi-Strategy - קרן גידור בנאמנות,,,קרן גידור בנאמנות,7/30/2026 0:00,82884922.71,איילון,סלע,FALSE,FALSE,0.015,0.0035,12432.7373,0.011499999,9531.764648,0
1216761,"ב. אלטרנטיב (3E) אסטרטגיות אג""ח ומניות - קרן גידור בנאמנות",,,קרן גידור בנאמנות,7/30/2026 0:00,75787339.38,איילון,בסט אלטרנטיב,FALSE,FALSE,0.0085,0.0035,6441.924316,0.005,3789.366943,0
1217231,"מור (3C) אסטרטגיות אג""ח ומניות - קרן גידור בנאמנות",,,קרן גידור בנאמנות,7/30/2026 0:00,345479727.7,מור,,FALSE,FALSE,0.012,0.0035,41457.56641,0.0085,29365.77734,0
1217397,אקרמן (4D)י Multi-Strategy - קרן גידור בנאמנות,,,קרן גידור בנאמנות,7/30/2026 0:00,46758876.68,איילון,"אקרמן כפיר נ.ת.ה בע""מ",FALSE,FALSE,0.015,0.0035,7013.831055,0.011499999,5377.27002,0
1217561,MTF סל (4D) אינדקס US Top10 Pure Cyber Security,Cyber Security,"מניות לפי ענפים בחו""ל - חשופת מט""ח","מניות בחו""ל",7/30/2026 0:00,19860685.08,מגדל,,TRUE,TRUE,0.005,0,993.0343018,0.005,993.0343018,0
1217835,תכלית סל (4D)י CME CF Bitcoin Reference Rate (BRRNY),,Bitcoin,נכסים דיגיטליים,7/30/2026 0:00,53605074.54,מיטב,,TRUE,TRUE,0.002,0,1072.101563,0.002,1072.101563,0
1217843,אי.בי.אי. סל (4A) אינדקס מיד קאפ ובנקים בישראל,Mid Cap & Large ,מניות לפי שווי שוק,מניות בארץ,7/30/2026 0:00,533433.9,אי.בי.אי,,TRUE,TRUE,0.001,0,5.334339142,0.001,5.334339142,0
1218692,תמיר פישמן (6F)י Long-Short קרן גידור בנאמנות,,,קרן גידור בנאמנות,7/30/2026 0:00,21928057.83,תמיר,,FALSE,FALSE,0.01,0.0035,2192.805664,0.0065,1425.32373,0
1218916,ATF סל (4D)י S&P 500,אמריקה- שווקים מפותחים,"מניות גיאוגרפי - חשופת מט""ח","מניות בחו""ל",7/30/2026 0:00,31479025.38,אנליסט,,TRUE,TRUE,0,0,0,0,0,0
1218924,"ATF סל (4A)י S&P 500 מנוטרלת מט""ח",אמריקה- שווקים מפותחים,"מניות גיאוגרפי - מנוטרלת מט""ח","מניות בחו""ל",7/30/2026 0:00,95862624.21,אנליסט,,TRUE,TRUE,0,0,0,0,0,0
1219294,"MTF סל (0D) אינדקס אג""ח ממשלת ארה""ב - מח""מ 10 קבוע",,"ממשלתיות חשופת מט""ח - ארוך","אג""ח בחו""ל",7/30/2026 0:00,39901558.51,מגדל,,TRUE,TRUE,0.001,0,399.015625,0.001,399.015625,0
1220151,קסם ETF י(4A) אינדקס ישראל 100 רווחיות משקל שווה,Mid Cap & Large ,מניות לפי שווי שוק,מניות בארץ,7/30/2026 0:00,111397755,קסם,,TRUE,TRUE,0.0025,0,2784.943848,0.0025,2784.943848,0
1220227,מיטב (00) כספית מתחדשת חודשי ב- 14/08/2026,חודשי,כספית מתחדשת,קרן כספית,7/30/2026 0:00,28054461.18,מיטב,,FALSE,FALSE,0.002,0.001,561.0892944,0.001,280.5446472,1
1220391,הראל סל (4D)י (CME CF Bitcoin Reference Rate (BRRNY,,Bitcoin,נכסים דיגיטליים,7/30/2026 0:00,10365429.72,הראל,,TRUE,TRUE,0.002,0,207.308609,0.002,207.308609,0
1220409,תכלית סל י(4D)י CME CF Ethereum Reference Rate (ETHUSDNY),,Ethereum,נכסים דיגיטליים,7/30/2026 0:00,3332283.77,מיטב,,TRUE,TRUE,0.005,0,166.6141815,0.005,166.6141815,0
1221654,תכלית סל (6D) ממונפת S&P 500 פי 3 חודשי,"מניות בחו""ל",ממונפות בסיכון גבוה,ממונפות,7/30/2026 0:00,2119358.3,מיטב,,TRUE,TRUE,0.0195,0,413.2748718,0.0195,413.2748718,0
1221662,תכלית סל (6D) ממונפת NASDAQ 100 פי 3 חודשי,"מניות בחו""ל",ממונפות בסיכון גבוה,ממונפות,7/30/2026 0:00,1522689.75,מיטב,,TRUE,TRUE,0.0145,0,220.7900085,0.0145,220.7900085,0
1221670,MTF סל (Indxx Top 10 US Oil Industry (4D,Energy,"מניות לפי ענפים בחו""ל - חשופת מט""ח","מניות בחו""ל",7/30/2026 0:00,8907492.72,מגדל,,TRUE,TRUE,0.001,0,89.07493591,0.001,89.07493591,0
1222249,אי.בי.אי. סל (4D)י S&P Bitcoin,,Bitcoin,נכסים דיגיטליים,7/30/2026 0:00,2557625.93,אי.בי.אי,,TRUE,TRUE,0.002,0,51.15252304,0.002,51.15252304,0
1222439,MTF סל (Indxx Top 10 Europe Defense (4D מנוטרלת אירו,Aerospace & Defense,"מניות לפי ענפים בחו""ל - מנוטרלת מט""ח","מניות בחו""ל",7/30/2026 0:00,19323832.04,מגדל,,TRUE,TRUE,0.001,0,193.238327,0.001,193.238327,0
1223866,אלטשולר שחם (00) כספית מתחדשת חודשי לפדיון 14/08/2026,חודשי,כספית מתחדשת,קרן כספית,7/30/2026 0:00,13132137.3,אלטשולר,,FALSE,FALSE,0.0019,0.001,249.5106201,0.0009,118.1892242,1
1225994,"אי.בי.אי. סל (4A) ת""א-35",Large Cap,מניות לפי שווי שוק,מניות בארץ,7/30/2026 0:00,213072630.8,אי.בי.אי,,TRUE,TRUE,0.001,0,2130.726318,0.001,2130.726318,0
1226927,"הראל סל (4A) ת""א-נפט וגז","נפט, גז ואנרגיה",מניות לפי ענפים,מניות בארץ,7/30/2026 0:00,15144803.19,הראל,,TRUE,TRUE,0.004,0,605.7921753,0.004,605.7921753,0
1230473,קסם ETF י(4D)י MSCI China,אסיה ופסיפיק- שווקים מתעוררים,"מניות גיאוגרפי - חשופת מט""ח","מניות בחו""ל",7/30/2026 0:00,2595203.22,קסם,,TRUE,TRUE,0.005,0,129.7601624,0.005,129.7601624,0
1231919,הראל סל (00) תל גוב-לא צמודות,שקליות ממשלתיות - אחר,"אג""ח מדינה שקליות ","אג""ח בארץ - מדינה",7/30/2026 0:00,15835959.95,הראל,,TRUE,TRUE,0.0015,0,237.5394135,0.0015,237.5394135,0
1233170,"הראל סל (4A) ת""א בטחוניות",תעשיה,מניות לפי ענפים,מניות בארץ,7/30/2026 0:00,181487088.8,הראל,,TRUE,TRUE,0.0035,0,6352.04834,0.0035,6352.04834,0
1235803,"הראל סל (4A) ת""א תשתיות",תשתיות,מניות לפי ענפים,מניות בארץ,7/30/2026 0:00,9187172.56,הראל,,TRUE,TRUE,0.0035,0,321.5510559,0.0035,321.5510559,0
1235985,תכלית סל (4A) אינדקס תעשיות ביטחוניות ישראל,תעשיה,מניות לפי ענפים,מניות בארץ,7/30/2026 0:00,19708166.4,מיטב,,TRUE,TRUE,0.003,0,591.2449951,0.003,591.2449951,0
1236744,"MTF סל (6A) חסר ת""א - בנייה (3,451.81)",מניות בארץ,ממונפות בחסר בסיכון גבוה,ממונפות,7/30/2026 0:00,4645421.15,מגדל,,TRUE,TRUE,0.005,0,232.2710419,0.005,232.2710419,0
1236751,MTF סל (4A)י Indxx ביטחוניות ישראל,תעשיה,מניות לפי ענפים,מניות בארץ,7/30/2026 0:00,9010500.66,מגדל,,TRUE,TRUE,0.001,0,90.10501862,0.001,90.10501862,0
1237064,"קסם ETF י(0A)י +iBoxx $ Treasuries 10Y מנוטרלת מט""ח",,"ממשלתיות מנוטרלת מט""ח - ארוך","אג""ח בחו""ל",7/30/2026 0:00,126667995.5,קסם,,TRUE,TRUE,0.002,0,2533.360107,0.002,2533.360107,0
1237916,MTF סל (4D) י Indxx US Industrial Electrification Ecosystem,Industrials,"מניות לפי ענפים בחו""ל - חשופת מט""ח","מניות בחו""ל",7/30/2026 0:00,39137982.07,מגדל,,TRUE,TRUE,0.005,0,1956.89917,0.005,1956.89917,0
1238104,"ATF סל (4A) ת""א 200", All Cap,מניות לפי שווי שוק,מניות בארץ,7/30/2026 0:00,6684763.83,אנליסט,,TRUE,TRUE,0,0,0,0,0,0
1238203,"ATF סל (4A) ת""א 125",Mid Cap & Large ,מניות לפי שווי שוק,מניות בארץ,7/30/2026 0:00,18652701.35,אנליסט,,TRUE,TRUE,0,0,0,0,0,0
1238559,"קסם ETFי (4A) ת""א -טכנולוגיה",טכנולוגיה,מניות לפי ענפים,מניות בארץ,7/30/2026 0:00,4443081.919,קסם,,TRUE,TRUE,0.001,0,44.43082428,0.001,44.43082428,0
1238567,קסם ETF י(4A)י אינדקס אנרגיה ישראלית,"נפט, גז ואנרגיה",מניות לפי ענפים,מניות בארץ,7/30/2026 0:00,4152017.259,קסם,,TRUE,TRUE,0.002,0,83.04035187,0.002,83.04035187,0
1239698,קסם ETF י(4A)י MarketVector תעשיות בטחוניות ישראליות,תעשיה,מניות לפי ענפים,מניות בארץ,7/30/2026 0:00,370727.229,קסם,,TRUE,TRUE,0.0025,0,9.268179893,0.0025,9.268179893,0
1242940,"קסם ETF י(4D)י משולבת ת""א 125 (50%) S&P 500 י(50%) חודשי",,,אחר,7/30/2026 0:00,222622.6,קסם,,TRUE,TRUE,0,0,0,0,0,0
5100110,הראל (00) מדורג שקלי ללא מניות,,חברות והמרה שקלי ללא מניות,"אג""ח בארץ - חברות והמרה",7/30/2026 0:00,77258261.82,הראל,,FALSE,FALSE,0.0085,0.0035,6566.953125,0.005,3862.91333,0
5100144,אי.בי.אי. (4A) יתר,מניות Small Cap,מניות לפי שווי שוק,מניות בארץ,7/30/2026 0:00,41484807,אי.בי.אי,,FALSE,FALSE,0.027100001,0.0035,11242.38281,0.023600001,9790.415039,0
5100151,"קסם אקטיב (4D) ענקיות טכנולוגיה חו""ל",,"מניות לפי ענפים בחו""ל","מניות בחו""ל",7/30/2026 0:00,341622117.2,קסם,,FALSE,FALSE,0.019400001,0.0035,66274.69531,0.015900001,54317.91797,0
5100169,הראל (4D) אודם,,,גמישות,7/30/2026 0:00,84050914.07,הראל,"בינה בית השקעות בע""מ",FALSE,FALSE,0.0119,0.0035,10002.05859,0.008400001,7060.277344,0
5100193,"אילים (2B) תיק אג""ח + 30%",,"אג""ח כללי בארץ - עד 30% מניות","אג""ח בארץ - כללי",7/30/2026 0:00,312626454.8,אילים,,FALSE,FALSE,0.0069,0.0035,21571.22656,0.0034,10629.29883,0
5100235,"אלטשולר שחם (1D)י 10/90 תיק חו""ל",,"אג""ח חשופת דולר","אג""ח בחו""ל ",7/30/2026 0:00,63569053.05,אלטשולר,,FALSE,FALSE,0.0078,0.0035,4958.385742,0.0043,2733.468994,0
5100243,קסם אקטיב (4D) מניות דיבידנד גלובלי,"מניות כללי בחו""ל חשופת מט""ח","מניות כללי בחו""ל","מניות בחו""ל",7/30/2026 0:00,51299447.56,קסם,,FALSE,FALSE,0.0189,0.0035,9695.595703,0.0154,7900.114746,0
5100284,קסם אקטיב (1A)י 10/90 תיק סולידי,"אג""ח כללי בארץ בדירוג גבוה (AA ומעלה ו/ או מדינה)- עד 10% מניות","אג""ח כללי בארץ - עד 10% מניות","אג""ח בארץ - כללי",7/30/2026 0:00,364293154.5,קסם,,FALSE,FALSE,0.008,0.0035,29143.45313,0.0045,16393.19336,0
5100300,"תמיר פישמן (0D) (!) אג""ח בינלאומי",,"אג""ח חשופת דולר","אג""ח בחו""ל ",7/30/2026 0:00,53042913.42,תמיר,,FALSE,FALSE,0.0089,0.0035,4720.819336,0.0054,2864.317139,0
5100318,קסם אקטיב (0B) מדינה ללא מניות כשרה,,"אג""ח מדינה כללי - ללא מניות","אג""ח בארץ - מדינה",7/30/2026 0:00,66630940.74,קסם,,FALSE,FALSE,0.0067,0.0035,4464.272949,0.0032,2132.189941,0
5100383,מיטב (0B) מדורגות A ומעלה,"חברות והמרה ללא מניות וללא סימן קריאה, עם מגבלת מח""מ עד 5 שנים",חברות והמרה ללא מניות,"אג""ח בארץ - חברות והמרה",7/30/2026 0:00,239694174.4,מיטב,,FALSE,FALSE,0.0089,0.0035,21332.78125,0.0054,12943.48438,0
5100474,מיטב (4A) ת״א 125,מניות Large & Mid Cap ,מניות לפי שווי שוק,מניות בארץ,7/30/2026 0:00,1884604547,מיטב,,FALSE,FALSE,0.0185,0.0035,348651.8438,0.015000001,282690.6875,0
5100482,אי.בי.אי. (4D) גלובל אקוויטי,"מניות כללי בחו""ל חשופת מט""ח","מניות כללי בחו""ל","מניות בחו""ל",7/30/2026 0:00,127696397.8,אי.בי.אי,,FALSE,FALSE,0.021,0.0035,26816.24414,0.0175,22346.86914,0
5100565,הראל (00) מדינה שקלית ארוכה,,"אג""ח מדינה שקליות- ללא מניות ","אג""ח בארץ - מדינה",7/30/2026 0:00,159279256.4,הראל,,FALSE,FALSE,0.0069,0.0035,10990.26953,0.0034,5415.494629,0
5100581,קסם אקטיב (00) שקלי - A ומעלה,,חברות והמרה שקלי ללא מניות,"אג""ח בארץ - חברות והמרה",7/30/2026 0:00,79623334.84,קסם,,FALSE,FALSE,0.0071,0.0035,5653.256836,0.0036,2866.439941,0
5100615,"אי.בי.אי. (0D)(!) אג""ח יורו בינלאומי",,"אג""ח חשופת מט""ח","אג""ח בחו""ל ",7/30/2026 0:00,3083398.14,אי.בי.אי,,FALSE,FALSE,0.01,0.0035,308.3398132,0.0065,200.4208832,0
5100672,מיטב (0D) כספית דולרית,חשופת דולר,"כספית מט""חית עם קונצרני",קרן כספית,7/30/2026 0:00,280847676.5,מיטב,,FALSE,FALSE,0.0028,0.001,7863.734863,0.0018,5055.257813,1
5100680,עוקבת נזילות בינלאומי,"חברות והמרה ללא מניות וללא סימן קריאה, עם מגבלת מח""מ עד 5 שנים",חברות והמרה ללא מניות,"אג""ח בארץ - חברות והמרה",7/30/2026 0:00,27556784.23,מגדל,,FALSE,FALSE,0.0049,0.0035,1350.282471,0.0014,385.7949524,0
5100771,"הראל (4B) סקטורים עולמי עד 30% מט""ח","מניות כללי בחו""ל מוגנת מט""ח","מניות כללי בחו""ל","מניות בחו""ל",7/30/2026 0:00,30926686.21,הראל,,FALSE,FALSE,0.0117,0.0035,3618.422119,0.008199999,2535.988037,0
5100813,"אלטשולר שחם (0A) תיק אג""ח שקלי","אג""ח כללי בארץ ללא מניות וללא סימן קריאה ","אג""ח כללי בארץ - ללא מניות","אג""ח בארץ - כללי",7/30/2026 0:00,436765540.6,אלטשולר,,FALSE,FALSE,0.0078,0.0035,34067.71094,0.0043,18780.91602,0
5100821,"אי.בי.אי. (4D) מניות ארה""ב","ארה""ב חשופת מט""ח",מניות גיאוגרפי,"מניות בחו""ל",7/30/2026 0:00,127325993,אי.בי.אי,,FALSE,FALSE,0.022500001,0.0035,28648.34961,0.019000001,24191.93945,0
5100953,קסם אקטיב (3D) תיק מנוהל,,"אג""ח כללי בארץ - חשיפה מרבית מעל 30% מניות","אג""ח בארץ - כללי",7/30/2026 0:00,173573961.3,קסם,,FALSE,FALSE,0.0045,0.0035,7810.828125,0.001,1735.739136,0
5100961,מיטב (5D) זהב,,"מניות לפי ענפים בחו""ל","מניות בחו""ל",7/30/2026 0:00,48154833.6,מיטב,,FALSE,FALSE,0.0252,0.0035,12135.01758,0.0217,10449.59863,0
5101019,"מיטב (4D) מניות טכנולוגיה חו""ל",,"מניות לפי ענפים בחו""ל","מניות בחו""ל",7/30/2026 0:00,502372191.7,מיטב,,FALSE,FALSE,0.016899999,0.0035,84900.89844,0.0134,67317.875,0
5101092,"אנליסט (4D) טכנולוגיות חו""ל",,"מניות לפי ענפים בחו""ל","מניות בחו""ל",7/30/2026 0:00,474838347.2,אנליסט,,FALSE,FALSE,0.0195,0.0035,92593.47656,0.016000001,75974.14063,0
5101118,"איילון (4D) ארה""ב חייבת","ארה""ב חשופת מט""ח",מניות גיאוגרפי,"מניות בחו""ל",7/30/2026 0:00,82876777.18,איילון,,FALSE,FALSE,0.0095,0.0035,7873.293457,0.006,4972.605957,0
5101159,איילון (4D) מניות US,"ארה""ב חשופת מט""ח",מניות גיאוגרפי,"מניות בחו""ל",7/30/2026 0:00,44017285.43,איילון,,FALSE,FALSE,0.0195,0.0035,8583.370117,0.016000001,7042.766113,0
5101183,אי.בי.אי. (4D) ביוטכנולוגיה גלובלי,,"מניות לפי ענפים בחו""ל","מניות בחו""ל",7/30/2026 0:00,17936947.7,אי.בי.אי,,FALSE,FALSE,0.011,0.0035,1973.064331,0.0075,1345.270996,0
5101191,75/25+,,"אג""ח כללי בארץ- עד 25% מניות","אג""ח בארץ - כללי",7/30/2026 0:00,51649715.74,מגדל,,FALSE,FALSE,0.0089,0.0035,4596.824707,0.0054,2789.084473,0
5101233,סיגמא (4D) מניות ערך גלובלי,"מניות כללי בחו""ל חשופת מט""ח","מניות כללי בחו""ל","מניות בחו""ל",7/30/2026 0:00,57417929.36,סיגמא,,FALSE,FALSE,0.0242,0.0035,13895.13867,0.0207,11885.51172,0
5101258,אנליסט (4B) מניות ישראל Large & mid cap,מניות Large & Mid Cap ,מניות לפי שווי שוק,מניות בארץ,7/30/2026 0:00,533120396.5,אנליסט,,FALSE,FALSE,0.016899999,0.0035,90097.34375,0.0134,71438.13281,0
5101266,"אנליסט (4B) נדל""ן",,מניות לפי ענפים,מניות בארץ,7/30/2026 0:00,41215659.28,אנליסט,,FALSE,FALSE,0.0185,0.0035,7624.896973,0.015000001,6182.349121,0
5101308,"קסם אקטיב (4D) ארה""ב חייבת","ארה""ב חשופת מט""ח",מניות גיאוגרפי,"מניות בחו""ל",7/30/2026 0:00,42105327.53,קסם,,FALSE,FALSE,0.0095,0.0035,4000.006104,0.006,2526.31958,0
5101381,איילון (4B) מניות – קרן נאמנות,מניות All Cap,מניות לפי שווי שוק,מניות בארץ,7/30/2026 0:00,22344915.68,איילון,,FALSE,FALSE,0.024900001,0.0035,5563.884277,0.021400001,4781.8125,0
5101399,"סיגמא (0A) אג""ח מדינה",,"אג""ח מדינה כללי - ללא מניות","אג""ח בארץ - מדינה",7/30/2026 0:00,224284864.9,סיגמא,,FALSE,FALSE,0.0064,0.0035,14354.23145,0.0029,6504.260254,0
5101431,קסם אקטיב (4D) שווקים מתעוררים,"מניות גיאוגרפי אחר חשופת מט""ח",מניות גיאוגרפי,"מניות בחו""ל",7/30/2026 0:00,6574587.77,קסם,,FALSE,FALSE,0.0195,0.0035,1282.044678,0.016000001,1051.934204,0
5101480,"קסם אקטיב (2B)י אג""ח + 25%",,"אג""ח כללי בארץ- עד 25% מניות","אג""ח בארץ - כללי",7/30/2026 0:00,80380791.84,קסם,,FALSE,FALSE,0.0068,0.0035,5465.894043,0.0033,2652.566162,0
5101506,"מור מחקה (4A) ת""א 35",Large Cap,מניות לפי שווי שוק,מניות בארץ,7/30/2026 0:00,152343913.1,מור,,TRUE,FALSE,0.0045,0,6855.476074,0.0045,6855.476074,0
5101563,מיטב (00) מדינה שקלית כשרה,,"אג""ח מדינה שקליות- ללא מניות ","אג""ח בארץ - מדינה",7/30/2026 0:00,86302051.94,מיטב,,FALSE,FALSE,0.0069,0.0035,5954.841309,0.0034,2934.269287,0
5101571,שקלים ארוכים,,"אג""ח מדינה שקליות- ללא מניות ","אג""ח בארץ - מדינה",7/30/2026 0:00,287703721.5,מגדל,,FALSE,FALSE,0.0069,0.0035,19851.55664,0.0034,9781.925781,0
5101621,"קסם אקטיב (0D) אג""ח גלובלי מדורג",,"אג""ח חשופת מט""ח","אג""ח בחו""ל ",7/30/2026 0:00,59991950.39,קסם,,FALSE,FALSE,0.0075,0.0035,4499.395996,0.004,2399.677979,0
5101639,אנליסט (4D) השקעות,,,גמישות,7/30/2026 0:00,468370991.7,אנליסט,,FALSE,FALSE,0.019400001,0.0035,90863.97656,0.015900001,74470.98438,0
5101670,"הראל (1B)(!) אג""ח תאגידים",חברות והמרה עם מניות ועם סימן קריאה,חברות והמרה עם מניות,"אג""ח בארץ - חברות והמרה",7/30/2026 0:00,34407839.77,הראל,הראל פיננסים,FALSE,FALSE,0.0065,0.0035,2236.509521,0.003,1032.235229,0
5101704,הראל (1B)(!) קונצרני פלוס,חברות והמרה עם מניות ועם סימן קריאה,חברות והמרה עם מניות,"אג""ח בארץ - חברות והמרה",7/30/2026 0:00,6315944.9,הראל,,FALSE,FALSE,0.0059,0.0035,372.6407776,0.0024,151.5826874,0
5101712,"הראל (0D) אג""ח חו""ל יורו",,"אג""ח חשופת מט""ח","אג""ח בחו""ל ",7/30/2026 0:00,14568443.15,הראל,,FALSE,FALSE,0.0117,0.0035,1704.507813,0.008199999,1194.612183,0
5101795,איילון (1B) סולידית + 10%,"אג""ח כללי בארץ בדירוג גבוה (AA ומעלה ו/ או מדינה)- עד 10% מניות","אג""ח כללי בארץ - עד 10% מניות","אג""ח בארץ - כללי",7/30/2026 0:00,23745024.27,איילון,,FALSE,FALSE,0.0065,0.0035,1543.426514,0.003,712.350769,0
5101811,איילון (1A) מדינה שקלית פלוס 10%,,"אג""ח מדינה שקליות- עד 10% מניות","אג""ח בארץ - מדינה",7/30/2026 0:00,25508344.56,איילון,,FALSE,FALSE,0.0064,0.0035,1632.534058,0.0029,739.7418823,0
5101902,"אי.בי.אי. (0D) אג""ח $ חו""ל נקובה $ - תיק עד 3 שנים",,"אג""ח נקובת מט""ח","אג""ח בחו""ל ",7/30/2026 0:00,31394776.77,אי.בי.אי,,FALSE,FALSE,0.0066,0.0035,2072.055176,0.0031,973.2380371,0
5101951,מיטב (4A) גז ונפט,,מניות לפי ענפים,מניות בארץ,7/30/2026 0:00,61859992.28,מיטב,,FALSE,FALSE,0.020500001,0.0035,12681.29883,0.017000001,10516.19922,0
5102132,אי.בי.אי. (4A) מניות,מניות All Cap,מניות לפי שווי שוק,מניות בארץ,7/30/2026 0:00,289517401.1,אי.בי.אי,,FALSE,FALSE,0.0229,0.0035,66299.48438,0.019400001,56166.37891,0
5102157,איילון פאי (2B)י 30/70,,"אג""ח כללי בארץ - עד 30% מניות","אג""ח בארץ - כללי",7/30/2026 0:00,46513147.07,איילון,"פאי פיננסיים בע""מ ",FALSE,FALSE,0.0085,0.0035,3953.61792,0.005,2325.657471,0
5102207,מיטב (LONG RUN (4D,,,גמישות,7/30/2026 0:00,348757460.6,מיטב,,FALSE,FALSE,0.0148,0.0035,51616.10938,0.011299999,39409.59375,0
5102256,"מיטב (4D) מניות ארה""ב","ארה""ב חשופת מט""ח",מניות גיאוגרפי,"מניות בחו""ל",7/30/2026 0:00,786454900.4,מיטב,,FALSE,FALSE,0.0176,0.0035,138416.0625,0.0141,110890.1406,0
5102298,"אלטשולר שחם (4B) ת""א MID CAP STOCK PICKING",מניות Large & Mid Cap ,מניות לפי שווי שוק,מניות בארץ,7/30/2026 0:00,233012156.5,אלטשולר,,FALSE,FALSE,0.015,0.0035,34951.82422,0.011499999,26796.39648,0
5102330,מיטב (2B) תיק השקעות 25/75,,"אג""ח כללי בארץ- עד 25% מניות","אג""ח בארץ - כללי",7/30/2026 0:00,332882231.4,מיטב,,FALSE,FALSE,0.0089,0.0035,29626.51953,0.0054,17975.64063,0
5102371,"הראל (0D) אג""ח דולר בינלאומי",,"אג""ח חשופת דולר","אג""ח בחו""ל ",7/30/2026 0:00,269302187.3,הראל,,FALSE,FALSE,0.0076,0.0035,20466.9668,0.0041,11041.38867,0
5102421,קסם אקטיב (2B) עוקבת תיק 2 הבנק הבינלאומי,,"אג""ח כללי בארץ- עד 15% מניות","אג""ח בארץ - כללי",7/30/2026 0:00,448251853.2,קסם,,FALSE,FALSE,0.0076,0.0035,34067.14063,0.0041,18378.32422,0
5102470,הראל (1A) מדינה שקלי 0-3 שנים + 10%,,"אג""ח מדינה שקליות- עד 10% מניות","אג""ח בארץ - מדינה",7/30/2026 0:00,40583139.66,הראל,,FALSE,FALSE,0.0135,0.0035,5478.724121,0.01,4058.313965,0
5102488,הראל (2B) ישראל 25/75,,"אג""ח כללי בארץ- עד 25% מניות","אג""ח בארץ - כללי",7/30/2026 0:00,1538928394,הראל,,FALSE,FALSE,0.0063,0.0035,96952.48438,0.0028,43089.99219,0
5102652,"הראל (4B) אירופה עד 30% מט""ח","מניות גיאוגרפי מוגנת מט""ח",מניות גיאוגרפי,"מניות בחו""ל",7/30/2026 0:00,5920354.15,הראל,,FALSE,FALSE,0.0115,0.0035,680.8406982,0.007999999,473.6282959,0
5102678,תיק השקעות 70/30,,"אג""ח כללי בארץ - עד 30% מניות","אג""ח בארץ - כללי",7/30/2026 0:00,452253418.3,מגדל,,FALSE,FALSE,0.0079,0.0035,35728.01953,0.0044,19899.14844,0
5102850,"הראל (0B) אג""ח סולידית מחלקת","אג""ח כללי בארץ ללא מניות וללא סימן קריאה, עם מגבלת מח""מ עד 5 שנים","אג""ח כללי בארץ - ללא מניות","אג""ח בארץ - כללי",7/30/2026 0:00,21370377.99,הראל,,FALSE,FALSE,0.0117,0.0035,2500.334229,0.008199999,1752.37085,0
5102876,הראל (4A) תשתיות ישראל,,מניות לפי ענפים,מניות בארץ,7/30/2026 0:00,100456705,הראל,,FALSE,FALSE,0.0125,0.0035,12557.08887,0.009,9041.102539,0
5102926,עוקבת תיק 2,,"אג""ח כללי בארץ- עד 15% מניות","אג""ח בארץ - כללי",7/30/2026 0:00,160784638,מגדל,,FALSE,FALSE,0.0079,0.0035,12701.98633,0.0044,7074.523438,0
5102991,כספית שקלית,כספית שקלית עם קונצרני,כספית שקלית,קרן כספית,7/30/2026 0:00,5743002689,מגדל,,FALSE,FALSE,0.00239,0.001,137257.7656,0.00139,79827.74219,1
5103056,"קסם אקטיב (0B) אג""ח","אג""ח כללי בארץ ללא מניות וללא סימן קריאה ","אג""ח כללי בארץ - ללא מניות","אג""ח בארץ - כללי",7/30/2026 0:00,180479544.3,קסם,,FALSE,FALSE,0.0115,0.0035,20755.14844,0.007999999,14438.36426,0
5103106,"קסם אקטיב (0A) אג""ח גלובלי - מנוטרלת מט""ח",,"אג""ח מוגנת מט""ח","אג""ח בחו""ל ",7/30/2026 0:00,134543621.4,קסם,,FALSE,FALSE,0.0075,0.002,10090.77051,0.0055,7399.898926,0
5103114,קסם אקטיב (1B) מדינה צמוד + 10%,,"אג""ח מדינה צמוד מדד- עד 10% מניות ","אג""ח בארץ - מדינה",7/30/2026 0:00,432959670.6,קסם,,FALSE,FALSE,0.0068,0.0035,29441.25781,0.0033,14287.66992,0
5103148,סקטור US,"מניות גיאוגרפי מוגנת מט""ח",מניות גיאוגרפי,"מניות בחו""ל",7/30/2026 0:00,90318199.51,מגדל,,FALSE,FALSE,0.015,0.0035,13547.72949,0.011499999,10386.5918,0
5103163,A+10%,,חברות והמרה שקלי עם מניות,"אג""ח בארץ - חברות והמרה",7/30/2026 0:00,14454767.84,מגדל,,FALSE,FALSE,0.0059,0.0035,852.8313599,0.0024,346.9144592,0
5103247,"הראל (0D) אג""ח מדינות בחו""ל - נקובה $",,"אג""ח נקובת מט""ח","אג""ח בחו""ל ",7/30/2026 0:00,60553606.47,הראל,,FALSE,FALSE,0.005,0.0035,3027.68042,0.0015,908.3040161,0
5103296,"מיטב (4A) מניות ת""א MID CAP",מניות Large & Mid Cap ,מניות לפי שווי שוק,מניות בארץ,7/30/2026 0:00,381658631.2,מיטב,,FALSE,FALSE,0.017899999,0.0035,68316.89063,0.0144,54958.83984,0
5103304,מעוף X2,,ממונפות בסיכון גבוה,ממונפות ואסטרטגיות,7/30/2026 0:00,72158532.7,מגדל,,FALSE,FALSE,0.028100001,0.0035,20276.54883,0.024600001,17751,0
5103361,"קסם אקטיב (0B) אג""ח מדינה",,"אג""ח מדינה כללי - ללא מניות","אג""ח בארץ - מדינה",7/30/2026 0:00,41269098.35,קסם,,FALSE,FALSE,0.0107,0.002,4415.793945,0.0087,3590.411621,0
5103387,"קסם אקטיב (0A)(!) קונצרני חו""ל מנוטרלת מט""ח חייבת",,"אג""ח מוגנת מט""ח","אג""ח בחו""ל ",7/30/2026 0:00,273633611.9,קסם,,FALSE,FALSE,0.0059,0.0035,16144.38281,0.0024,6567.206543,0
5103403,הראל (0D) כספית דולר נזיל חייבת,חשופת דולר,"כספית מט""חית עם קונצרני",קרן כספית,7/30/2026 0:00,40571920.5,הראל,,FALSE,FALSE,0.0059,0.001,2393.743408,0.0049,1988.02417,1
5103486,קסם אקטיב (4D) מניות US,"ארה""ב חשופת מט""ח",מניות גיאוגרפי,"מניות בחו""ל",7/30/2026 0:00,7912089.56,קסם,,FALSE,FALSE,0.017000001,0.0035,1345.055298,0.013500001,1068.132202,0
5103494,אי.בי.אי. (4A) מניות ישראל Large & mid cap,מניות Large & Mid Cap ,מניות לפי שווי שוק,מניות בארץ,7/30/2026 0:00,98351525.32,אי.בי.אי,,FALSE,FALSE,0.0155,0.0035,15244.4873,0.012,11802.18359,0
5103510,אי.בי.אי. (00) כספית שקלית,כספית שקלית עם קונצרני,כספית שקלית,קרן כספית,7/30/2026 0:00,2425689613,אי.בי.אי,,FALSE,FALSE,0.002,0.001,48513.79688,0.001,24256.89844,1
5103569,כוון (2B)י 30/70,,"אג""ח כללי בארץ - עד 30% מניות","אג""ח בארץ - כללי",7/30/2026 0:00,18759715.76,איילון,כוון,FALSE,FALSE,0.0079,0.0035,1482.017578,0.0044,825.4274292,0
5103585,"אג""ח $ בינלאומי",,"אג""ח נקובת מט""ח","אג""ח בחו""ל ",7/30/2026 0:00,30205936.11,מגדל,,FALSE,FALSE,0.0095,0.0035,2869.563721,0.006,1812.355957,0
5103593,אי.בי.אי. (4D) סין,"מניות גיאוגרפי אחר חשופת מט""ח",מניות גיאוגרפי,"מניות בחו""ל",7/30/2026 0:00,14670134.41,אי.בי.אי,,FALSE,FALSE,0.0195,0.0035,2860.676025,0.016000001,2347.22168,0
5103676,אגח ללא מניות,"אג""ח כללי בארץ ללא מניות וללא סימן קריאה ","אג""ח כללי בארץ - ללא מניות","אג""ח בארץ - כללי",7/30/2026 0:00,258214189.3,מגדל,,FALSE,FALSE,0.0069,0.0035,17816.7793,0.0034,8779.282227,0
5103692,מיטב סקיי (4A) מניות,מניות All Cap,מניות לפי שווי שוק,מניות בארץ,7/30/2026 0:00,611677004.9,מיטב,"רונן זכריה השקעות בע""מ",FALSE,FALSE,0.015900001,0.0035,97256.64063,0.012400001,75847.95313,0
5103700,"אלטשולר שחם (4B) נדל""ן",,מניות לפי ענפים,מניות בארץ,7/30/2026 0:00,130176673.8,אלטשולר,,FALSE,FALSE,0.0124,0.0035,16141.90723,0.0089,11585.72363,0
5103718,"קסם אקטיב (0D) אג""ח חו""ל 2029 נקובה בדולר",,"אג""ח נקובת מט""ח","אג""ח בחו""ל ",7/30/2026 0:00,98030442.31,קסם,,FALSE,FALSE,0.0046,0.0035,4509.400391,0.0011,1078.334839,0
5103726,קסם אקטיב (2D) תיק + 20% - אגד חוץ,,אגד חוץ,אגד קרנות,7/30/2026 0:00,4566919.95,קסם,,FALSE,FALSE,0.0075,0.0035,342.5189819,0.004,182.6767883,0
5103759,הודו,"מניות גיאוגרפי אחר חשופת מט""ח",מניות גיאוגרפי,"מניות בחו""ל",7/30/2026 0:00,37528781.11,מגדל,,FALSE,FALSE,0.0195,0.0035,7318.112305,0.016000001,6004.60498,0
5103767,מיטב (1B) עוקבת תיק 1 הבנק הבינלאומי,,"אג""ח כללי בארץ- עד 5% מניות","אג""ח בארץ - כללי",7/30/2026 0:00,75217901.75,מיטב,,FALSE,FALSE,0.0069,0.0035,5190.035645,0.0034,2557.408447,0
5103809,איילון (2B)י 15/85,,"אג""ח כללי בארץ- עד 15% מניות","אג""ח בארץ - כללי",7/30/2026 0:00,21351304.84,איילון,,FALSE,FALSE,0.0065,0.0035,1387.834717,0.003,640.5391235,0
5103999,הראל (4B) ספיר מניות,מניות All Cap,מניות לפי שווי שוק,מניות בארץ,7/30/2026 0:00,105382178.7,הראל,"בינה בית השקעות בע""מ",FALSE,FALSE,0.0059,0.0035,6217.54834,0.0024,2529.172363,0
5104153,מיטב (4B) מניות ישראל,מניות All Cap,מניות לפי שווי שוק,מניות בארץ,7/30/2026 0:00,244756341.4,מיטב,,FALSE,FALSE,0.016799999,0.0035,41119.0625,0.0133,32552.5918,0
5104237,"אנליסט (0D)(!) אג""ח חו""ל ללא מניות",,"אג""ח חשופת מט""ח","אג""ח בחו""ל ",7/30/2026 0:00,49263926.24,אנליסט,,FALSE,FALSE,0.0079,0.0035,3891.850098,0.0044,2167.612549,0
5104252,קסם אקטיב (0A) עוקבת מרכיב נזילות הבנק הבינלאומי,"חברות והמרה ללא מניות וללא סימן קריאה, עם מגבלת מח""מ עד 5 שנים",חברות והמרה ללא מניות,"אג""ח בארץ - חברות והמרה",7/30/2026 0:00,80917689.61,קסם,,FALSE,FALSE,0.0052,0.0035,4207.719727,0.0017,1375.600586,0
5104278,קסם אקטיב (4D) יפן,"מניות גיאוגרפי אחר חשופת מט""ח",מניות גיאוגרפי,"מניות בחו""ל",7/30/2026 0:00,27185325.32,קסם,,FALSE,FALSE,0.0195,0.0035,5301.138672,0.016000001,4349.652344,0
5104328,אנליסט (5C) אסטרטגיות,,אסטרטגיות (לא ממונפות) ,ממונפות ואסטרטגיות,7/30/2026 0:00,12970912.12,אנליסט,,FALSE,FALSE,0.0352,0.0035,4565.76123,0.0317,4111.779297,0
5104393,"אי.בי.אי. (0D)(!) אג""ח דולר בינלאומי",,"אג""ח חשופת דולר","אג""ח בחו""ל ",7/30/2026 0:00,115483034.2,אי.בי.אי,,FALSE,FALSE,0.0098,0.0035,11317.33789,0.0063,7275.431152,0
5104419,אסט אג מדנ,,אסטרטגיות (לא ממונפות) ,ממונפות ואסטרטגיות,7/30/2026 0:00,49913799.89,מגדל,מגדל ניהול תיקים,FALSE,FALSE,0.0109,0.0035,5440.604004,0.0074,3693.621338,0
5104476,הראל (1B)י10/90 - כשרה,"אג""ח כללי בארץ- עד 10% מניות ללא סימן קריאה","אג""ח כללי בארץ - עד 10% מניות","אג""ח בארץ - כללי",7/30/2026 0:00,56705351.75,הראל,,FALSE,FALSE,0.0123,0.0035,6974.757813,0.0088,4990.070801,0
5104518,תמיר פישמן (2B)י 15/85,,"אג""ח כללי בארץ- עד 15% מניות","אג""ח בארץ - כללי",7/30/2026 0:00,827228093.6,תמיר,,FALSE,FALSE,0.0069,0.0035,57078.73828,0.0034,28125.75195,0
5104666,MIDCAP מטח,"מניות גיאוגרפי מוגנת מט""ח",מניות גיאוגרפי,"מניות בחו""ל",7/30/2026 0:00,6627936.56,מגדל,,FALSE,FALSE,0.0185,0.0035,1226.168213,0.015000001,994.1905518,0
5104732,הפניקס קסם (0B) תיק קונצרני מדורג,חברות והמרה ללא מניות וללא סימן קריאה,חברות והמרה ללא מניות,"אג""ח בארץ - חברות והמרה",7/30/2026 0:00,620827568.1,קסם,,FALSE,FALSE,0.0089,0.0035,55253.65625,0.0054,33524.6875,0
5104773,קסם אקטיב (0B)(!) תיק קונצרני עד 4 שנים,חברות והמרה ללא מניות עם סימן קריאה,חברות והמרה ללא מניות,"אג""ח בארץ - חברות והמרה",7/30/2026 0:00,388494150.1,קסם,,FALSE,FALSE,0.0077,0.0035,29914.04883,0.0042,16316.75391,0
5104781,קסם אקטיב (4D) מניות אירופה,"מניות גיאוגרפי אחר חשופת מט""ח",מניות גיאוגרפי,"מניות בחו""ל",7/30/2026 0:00,23488094.11,קסם,,FALSE,FALSE,0.019400001,0.0035,4556.69043,0.015900001,3734.606934,0
5104823,הראל (1B) נבחרת 10/90,"אג""ח כללי בארץ- עד 10% מניות ללא סימן קריאה","אג""ח כללי בארץ - עד 10% מניות","אג""ח בארץ - כללי",7/30/2026 0:00,265288948.3,הראל,,FALSE,FALSE,0.0069,0.0035,18304.9375,0.0034,9019.823242,0
5104831,עוקבת תיק 1,,"אג""ח כללי בארץ- עד 5% מניות","אג""ח בארץ - כללי",7/30/2026 0:00,54597723.66,מגדל,,FALSE,FALSE,0.0065,0.0035,3548.852051,0.003,1637.931763,0
5104849,חברות,חברות והמרה ללא מניות עם סימן קריאה,חברות והמרה ללא מניות,"אג""ח בארץ - חברות והמרה",7/30/2026 0:00,367984950.5,מגדל,,FALSE,FALSE,0.0088,0.0035,32382.67578,0.0053,19503.20313,0
5104922,איילון (4A) מניות בנקים,,מניות לפי ענפים,מניות בארץ,7/30/2026 0:00,998295895.2,איילון,,FALSE,FALSE,0.0115,0.0035,114804.0313,0.007999999,79863.66406,0
5104948,קסם אקטיב (4D) אירופה,"מניות גיאוגרפי אחר חשופת מט""ח",מניות גיאוגרפי,"מניות בחו""ל",7/30/2026 0:00,9484032.83,קסם,,FALSE,FALSE,0.0195,0.0035,1849.386475,0.016000001,1517.445435,0
5105143,מיטב (1B) בונד A ומעלה,חברות והמרה עם מניות ללא סימן קריאה,חברות והמרה עם מניות,"אג""ח בארץ - חברות והמרה",7/30/2026 0:00,289751875.3,מיטב,,FALSE,FALSE,0.0102,0.0035,29554.69336,0.0067,19413.375,0
5105176,הפניקס קסם (0A) ממשלתי שקלי,,"אג""ח מדינה שקליות- ללא מניות ","אג""ח בארץ - מדינה",7/30/2026 0:00,266061954.5,קסם,,FALSE,FALSE,0.0085,0.0035,22615.26758,0.005,13303.09863,0
5105218,אלטשולר שחם (4D) ירוקה גלובלי,,"מניות לפי ענפים בחו""ל","מניות בחו""ל",7/30/2026 0:00,33248889.67,אלטשולר,,FALSE,FALSE,0.022500001,0.0035,7481.000488,0.019000001,6317.289063,0
5105259,85/15,,"אג""ח כללי בארץ- עד 15% מניות","אג""ח בארץ - כללי",7/30/2026 0:00,392078045.9,מגדל,,FALSE,FALSE,0.0089,0.0035,34894.94531,0.0054,21172.21289,0
5105267,ברומטר (2B)י 15/85,,"אג""ח כללי בארץ- עד 15% מניות","אג""ח בארץ - כללי",7/30/2026 0:00,720336906.2,איילון,ברומטר,FALSE,FALSE,0.0093,0.0035,66991.33594,0.0058,41779.53906,0
5105317,כוון (2B)י 20/80,,"אג""ח כללי בארץ - עד 20% מניות","אג""ח בארץ - כללי",7/30/2026 0:00,25754960.01,איילון,כוון,FALSE,FALSE,0.0089,0.0035,2292.191406,0.0054,1390.7677,0
5105382,"אילים (1B) אג""ח מדינה + 10%",,"אג""ח מדינה כללי - עד 10% מניות","אג""ח בארץ - מדינה",7/30/2026 0:00,686233645,אילים,,FALSE,FALSE,0.0069,0.0035,47350.125,0.0034,23331.94336,0
5105390,"הראל (0D)(!) אג""ח עולמי",,"אג""ח חשופת מט""ח","אג""ח בחו""ל ",7/30/2026 0:00,52879044.95,הראל,,FALSE,FALSE,0.0078,0.0035,4124.56543,0.0043,2273.798584,0
5105531,אלטשולר שחם (4D)י S&P 500,"ארה""ב חשופת מט""ח",מניות גיאוגרפי,"מניות בחו""ל",7/30/2026 0:00,607435385.8,אלטשולר,,FALSE,FALSE,0.016000001,0.0035,97189.67188,0.012500001,75929.42969,0
5105580,מיטב (2B) עוקבת תיק 2 הבנק הבינלאומי,,"אג""ח כללי בארץ- עד 15% מניות","אג""ח בארץ - כללי",7/30/2026 0:00,443696314.6,מיטב,,FALSE,FALSE,0.0074,0.0035,32833.52734,0.0039,17304.15625,0
5105614,"איילון (1D)י 10/90 תיק אג""ח חול - נקובה $",,"אג""ח נקובת מט""ח","אג""ח בחו""ל ",7/30/2026 0:00,97184325.06,איילון,,FALSE,FALSE,0.0088,0.0035,8552.220703,0.0053,5150.769531,0
5105648,קסם אקטיב (0A) קונצרני A ומעלה,"חברות והמרה ללא מניות וללא סימן קריאה, עם מגבלת מח""מ עד 5 שנים",חברות והמרה ללא מניות,"אג""ח בארץ - חברות והמרה",7/30/2026 0:00,493670259.8,קסם,,FALSE,FALSE,0.0072,0.0035,35544.25781,0.0037,18265.79883,0
5105697,"אלטשולר שחם (0B)(!) אג""ח חברות ללא מניות",חברות והמרה ללא מניות עם סימן קריאה,חברות והמרה ללא מניות,"אג""ח בארץ - חברות והמרה",7/30/2026 0:00,291796131.4,אלטשולר,,FALSE,FALSE,0.0124,0.0035,36182.71875,0.0089,25969.85547,0
5105705,אלטשולר שחם (2C)י 25-75,,"אג""ח כללי בארץ- עד 25% מניות","אג""ח בארץ - כללי",7/30/2026 0:00,128216281.6,אלטשולר,,FALSE,FALSE,0.0079,0.0035,10129.08594,0.0044,5641.516113,0
5105713,מיטב (1D)(!) אגד חוץ BOND נקוב $,,אגד חוץ,אגד קרנות,7/30/2026 0:00,21361182.03,מיטב,,FALSE,FALSE,0.0123,0.0035,2627.425293,0.0088,1879.784058,0
5105820,אלטשולר שחם (00) כספית ללא קונצרני,כספית שקלית ללא קונצרני,כספית שקלית,קרן כספית,7/30/2026 0:00,1057697699,אלטשולר,,FALSE,FALSE,0.0021,0.001,22211.65234,0.0011,11634.67383,1
5105846,"קסם אקטיב (0A)(!) תיק אג""ח ללא מניות","אג""ח כללי בארץ ללא מניות עם סימן קריאה","אג""ח כללי בארץ - ללא מניות","אג""ח בארץ - כללי",7/30/2026 0:00,869379771.4,קסם,,FALSE,FALSE,0.0068,0.0035,59117.82422,0.0033,28689.5332,0
5105895,אלטשולר שחם (6F) – קרן ממונפת,,ממונפות בסיכון גבוה,ממונפות ואסטרטגיות,7/30/2026 0:00,44873399.27,אלטשולר,,FALSE,FALSE,0.022,0.0035,9872.148438,0.0185,8301.579102,0
5105903,אלטשולר שחם (40) יתר,מניות Small Cap,מניות לפי שווי שוק,מניות בארץ,7/30/2026 0:00,134103144.2,אלטשולר,,FALSE,FALSE,0.025,0.0035,33525.78906,0.021500001,28832.17773,0
5105911,"אלטשולר שחם (0D)(!) אג""ח גלובלי ללא מניות",,"אג""ח חשופת מט""ח","אג""ח בחו""ל ",7/30/2026 0:00,158406734.9,אלטשולר,,FALSE,FALSE,0.0095,0.0035,15048.63965,0.006,9504.40332,0
5105929,"אנליסט (4D) מניות ארה""ב","ארה""ב חשופת מט""ח",מניות גיאוגרפי,"מניות בחו""ל",7/30/2026 0:00,83192060.29,אנליסט,,FALSE,FALSE,0.024,0.0035,19966.0957,0.020500001,17054.37305,0
5105978,קסם אקטיב (0A) מדינה צמוד ללא מניות,,"אג""ח מדינה צמוד מדד- ללא מניות","אג""ח בארץ - מדינה",7/30/2026 0:00,555431959.4,קסם,,FALSE,FALSE,0.0071,0.0035,39435.66797,0.0036,19995.54883,0
5106158,"איילון (0B) אג""ח חברות ללא מניות",חברות והמרה ללא מניות וללא סימן קריאה,חברות והמרה ללא מניות,"אג""ח בארץ - חברות והמרה",7/30/2026 0:00,35119316.16,איילון,,FALSE,FALSE,0.0078,0.0035,2739.306641,0.0043,1510.130493,0
5106190,השק קנצ יש,חברות והמרה עם מניות ועם סימן קריאה,חברות והמרה עם מניות,"אג""ח בארץ - חברות והמרה",7/30/2026 0:00,97406418.35,מגדל,מגדל ניהול תיקים,FALSE,FALSE,0.0152,0.0035,14805.77637,0.011700001,11396.55078,0
5106208,תשואה 90/10,"אג""ח כללי בארץ- עד 10% מניות ועם סימן קריאה","אג""ח כללי בארץ - עד 10% מניות","אג""ח בארץ - כללי",7/30/2026 0:00,395406081.3,מגדל,,FALSE,FALSE,0.0059,0.0035,23328.95898,0.0024,9489.746094,0
5106273,ילין לפידות (4B) מנייתית,מניות All Cap,מניות לפי שווי שוק,מניות בארץ,7/30/2026 0:00,1363682578,ילין,,FALSE,FALSE,0.0232,0.0035,316374.3438,0.0197,268645.4688,0
5106422,הראל (2B) נבחרת 20/80,,"אג""ח כללי בארץ - עד 20% מניות","אג""ח בארץ - כללי",7/30/2026 0:00,86882986.17,הראל,,FALSE,FALSE,0.0059,0.0035,5126.096191,0.0024,2085.19165,0
5106430,הראל (2B)(!) תיק השקעות,,חברות והמרה בסיכון גבוה,"אג""ח בארץ - חברות והמרה",7/30/2026 0:00,18349567.28,הראל,,FALSE,FALSE,0.0089,0.0035,1633.111572,0.0054,990.8765869,0
5106547,אגח עד2027,"אג""ח כללי בארץ ללא מניות וללא סימן קריאה, עם מגבלת מח""מ עד 5 שנים","אג""ח כללי בארץ - ללא מניות","אג""ח בארץ - כללי",7/30/2026 0:00,200224624.4,מגדל,,FALSE,FALSE,0.0055,0.0035,11012.35449,0.002,4004.492432,0
5106562,"0A) FOREST) אגם - אג""ח מדינה",,"אג""ח מדינה כללי - ללא מניות","אג""ח בארץ - מדינה",7/30/2026 0:00,1039790179,פורסט,,FALSE,FALSE,0.0059,0.0035,61347.625,0.0024,24954.9668,0
5106653,הפניקס קסם (4D) תיק מניות עולמי - נקובה $,"מניות חו""ל נקובת מט""ח","מניות כללי בחו""ל","מניות בחו""ל",7/30/2026 0:00,47735399.06,קסם,,FALSE,FALSE,0.0174,0.0035,8305.959961,0.013900001,6635.221191,0
5106745,"איילון (1A) אג""ח + 10%","אג""ח כללי בארץ- עד 10% מניות ללא סימן קריאה","אג""ח כללי בארץ - עד 10% מניות","אג""ח בארץ - כללי",7/30/2026 0:00,142854084.9,איילון,,FALSE,FALSE,0.0073,0.0035,10428.34863,0.0038,5428.455078,0
5106778,איילון (1B) מדינה + 10%,,"אג""ח מדינה כללי - עד 10% מניות","אג""ח בארץ - מדינה",7/30/2026 0:00,25730920.39,איילון,,FALSE,FALSE,0.0057,0.0035,1466.662476,0.0022,566.0802612,0
5106810,אילים (4B) נבחרת מניות LARGE & MID CAP ישראל,מניות Large & Mid Cap ,מניות לפי שווי שוק,מניות בארץ,7/30/2026 0:00,1952136602,אילים,,FALSE,FALSE,0.0105,0.0035,204974.3438,0.007,136649.5469,0
5106885,"הראל (4D) מניות חו""ל","מניות כללי בחו""ל חשופת מט""ח","מניות כללי בחו""ל","מניות בחו""ל",7/30/2026 0:00,89266233.22,הראל,,FALSE,FALSE,0.0195,0.0035,17406.91602,0.016000001,14282.59766,0
5106968,"סיגמא (4B) ת""א 125 מודל ESG",מניות Large & Mid Cap ,מניות לפי שווי שוק,מניות בארץ,7/30/2026 0:00,33344886.34,סיגמא,,FALSE,FALSE,0.0145,0.0035,4835.008301,0.011,3667.9375,0
5106992,"מיטב (0B)(!) הזדמנויות אג""ח בסיכון גבוה",,חברות והמרה בסיכון גבוה,"אג""ח בארץ - חברות והמרה",7/30/2026 0:00,171025011.9,מיטב,,FALSE,FALSE,0.0152,0.0035,25995.80273,0.011700001,20009.92578,0
5107131,"מיטב (0B)(!) אג""ח חברות",חברות והמרה ללא מניות עם סימן קריאה,חברות והמרה ללא מניות,"אג""ח בארץ - חברות והמרה",7/30/2026 0:00,414731458.7,מיטב,,FALSE,FALSE,0.0102,0.0035,42302.60938,0.0067,27787.00781,0
5107156,הראל (0C) קונצרני A ומעלה,חברות והמרה ללא מניות וללא סימן קריאה,חברות והמרה ללא מניות,"אג""ח בארץ - חברות והמרה",7/30/2026 0:00,87458591.13,הראל,,FALSE,FALSE,0.0059,0.0035,5160.057129,0.0024,2099.006348,0
5107305,"אי.בי.אי. (00) מק""מ",,"אג""ח מדינה שקליות- ללא מניות ","אג""ח בארץ - מדינה",7/30/2026 0:00,25975018.1,אי.בי.אי,,FALSE,FALSE,0.0046,0.002,1194.85083,0.0026,675.3504639,0
5107313,"אי.בי.אי. (1A) מק""מ פלוס",,"אג""ח מדינה שקליות- עד 10% מניות","אג""ח בארץ - מדינה",7/30/2026 0:00,156303600,אי.בי.אי,,FALSE,FALSE,0.0045,0.002,7033.661621,0.0025,3907.5896,0
5107321,סיגמא (00) בונד שקלי A ומעלה,,חברות והמרה שקלי ללא מניות,"אג""ח בארץ - חברות והמרה",7/30/2026 0:00,55234986.66,סיגמא,,FALSE,FALSE,0.0069,0.0035,3811.214355,0.0034,1877.98938,0
5107362,"אי.בי.אי. (0D) אג""ח גלובלי",,"אג""ח חשופת מט""ח","אג""ח בחו""ל ",7/30/2026 0:00,6709689.12,אי.בי.אי,,FALSE,FALSE,0.0097,0.0035,650.8398438,0.0062,416.0007019,0
5107420,אי.בי.אי. (2B) עד 3 שנים 20/80,,"אג""ח כללי בארץ - עד 20% מניות","אג""ח בארץ - כללי",7/30/2026 0:00,1064739749,אי.בי.אי,,FALSE,FALSE,0.0079,0.0035,84114.4375,0.0044,46848.54688,0
5107453,הראל (0A)(!) הזדמנויות קונצרני בסיכון גבוה,,חברות והמרה בסיכון גבוה,"אג""ח בארץ - חברות והמרה",7/30/2026 0:00,20310118.27,הראל,,FALSE,FALSE,0.0156,0.0035,3168.378418,0.0121,2457.52417,0
5107495,ילין לפידות (2B) תיק + 30%,,"אג""ח כללי בארץ - עד 30% מניות","אג""ח בארץ - כללי",7/30/2026 0:00,169989196.8,ילין,,FALSE,FALSE,0.0145,0.0035,24648.43359,0.011,18698.8125,0
5107503,הראל (1A) קונצרני שקלי + 10%,,חברות והמרה שקלי עם מניות,"אג""ח בארץ - חברות והמרה",7/30/2026 0:00,93681126.17,הראל,,FALSE,FALSE,0.005,0.0035,4684.056152,0.0015,1405.216675,0
5107651,מיטב (1A) ממשלתי+ 10%,,"אג""ח מדינה כללי - עד 10% מניות","אג""ח בארץ - מדינה",7/30/2026 0:00,743859686.6,מיטב,,FALSE,FALSE,0.0065,0.0035,48350.88281,0.003,22315.79297,0
5107693,"מור אג""ח פלוס (1A)","אג""ח כללי בארץ- עד 10% מניות ללא סימן קריאה","אג""ח כללי בארץ - עד 10% מניות","אג""ח בארץ - כללי",7/30/2026 0:00,1558112172,מור,,FALSE,FALSE,0.0079,0.0035,123090.8516,0.0044,68556.92969,0
5107701,"מור (4A) מניות ת""א 125",מניות Large & Mid Cap ,מניות לפי שווי שוק,מניות בארץ,7/30/2026 0:00,450930006.4,מור,,FALSE,FALSE,0.0175,0.0035,78912.75,0.014,63130.20313,0
5107727,מיטב (2B)י 15/85,,"אג""ח כללי בארץ- עד 15% מניות","אג""ח בארץ - כללי",7/30/2026 0:00,405407009.4,מיטב,,FALSE,FALSE,0.0089,0.0035,36081.22266,0.0054,21891.97656,0
5107784,"אלטשולר שחם (0A)(!) אג""ח חו""ל עד 10% מט""ח",,"אג""ח מוגנת מט""ח","אג""ח בחו""ל ",7/30/2026 0:00,576440701,אלטשולר,,FALSE,FALSE,0.008,0.0035,46115.25781,0.0045,25939.83398,0
5107800,"אלטשולר שחם (1A) אג""ח מדינה + 10%",,"אג""ח מדינה כללי - עד 10% מניות","אג""ח בארץ - מדינה",7/30/2026 0:00,77302974.57,אלטשולר,,FALSE,FALSE,0.0059,0.0035,4560.875488,0.0024,1855.271484,0
5107859,"הראל (2B) אג""ח מדורג ומניות",חברות והמרה עם מניות ללא סימן קריאה,חברות והמרה עם מניות,"אג""ח בארץ - חברות והמרה",7/30/2026 0:00,7256206.25,הראל,,FALSE,FALSE,0.0049,0.0035,355.5541077,0.0014,101.5868759,0
5107883,אקסיומה (2B)י 30/70,,"אג""ח כללי בארץ - עד 30% מניות","אג""ח בארץ - כללי",7/30/2026 0:00,191181280.7,סיגמא,אקסיומה,FALSE,FALSE,0.0075,0.0035,14338.5957,0.004,7647.250977,0
5107958,כוון (2B)י 15/85,,"אג""ח כללי בארץ- עד 15% מניות","אג""ח בארץ - כללי",7/30/2026 0:00,22888058.41,איילון,כוון,FALSE,FALSE,0.0089,0.0035,2037.037231,0.0054,1235.955078,0
5108006,"הראל (4B) שווקים מפותחים עד 30% מט""ח","מניות גיאוגרפי מוגנת מט""ח",מניות גיאוגרפי,"מניות בחו""ל",7/30/2026 0:00,32433342.13,הראל,,FALSE,FALSE,0.0139,0.0035,4508.234375,0.010399999,3373.067383,0
5108030,אפיקים חול,,"אג""ח כללי בארץ- עד 5% מניות","אג""ח בארץ - כללי",7/30/2026 0:00,126991355.5,מגדל,,FALSE,FALSE,0.0178,0.0035,22604.46094,0.0143,18159.76367,0
5108048,סיגמא (1A) שקלית סולידית + 10%,"אג""ח כללי בארץ בדירוג גבוה (AA ומעלה ו/ או מדינה)- עד 10% מניות","אג""ח כללי בארץ - עד 10% מניות","אג""ח בארץ - כללי",7/30/2026 0:00,96992032.34,סיגמא,,FALSE,FALSE,0.0059,0.0035,5722.530273,0.0024,2327.808838,0
5108055,מגדל אפיקים (1C)(!) 10/90,"אג""ח כללי בארץ- עד 10% מניות ועם סימן קריאה","אג""ח כללי בארץ - עד 10% מניות","אג""ח בארץ - כללי",7/30/2026 0:00,42864522.09,מגדל,,FALSE,FALSE,0.0079,0.0035,3386.297363,0.0044,1886.03894,0
5108105,קסם אקטיב (3C) פרימיום,,"אג""ח כללי בארץ - חשיפה מרבית מעל 30% מניות","אג""ח בארץ - כללי",7/30/2026 0:00,327370463.9,קסם,,FALSE,FALSE,0.0085,0.0035,27826.49219,0.005,16368.52441,0
5108147,כרמים (2A)י 15/85,,"אג""ח כללי בארץ- עד 15% מניות","אג""ח בארץ - כללי",7/30/2026 0:00,182620644.5,איילון,כרמים,FALSE,FALSE,0.0075,0.0035,13696.54688,0.004,7304.825195,0
5108162,"כרמים (1A) (!) אג""ח חברות",חברות והמרה עם מניות ועם סימן קריאה,חברות והמרה עם מניות,"אג""ח בארץ - חברות והמרה",7/30/2026 0:00,127433642.4,איילון,כרמים,FALSE,FALSE,0.0145,0.0035,18477.87695,0.011,14017.7002,0
5108188,כרמים (00) צמוד מדד מדורג,חברות והמרה ללא מניות וללא סימן קריאה,חברות והמרה ללא מניות,"אג""ח בארץ - חברות והמרה",7/30/2026 0:00,45329417.24,איילון,כרמים,FALSE,FALSE,0.0135,0.0035,6119.47168,0.01,4532.941406,0
5108220,"קסם אקטיב (00) עוקבת מרכיב אג""ח – תיק 2 הבנק הבינלאומי","אג""ח כללי בארץ ללא מניות וללא סימן קריאה ","אג""ח כללי בארץ - ללא מניות","אג""ח בארץ - כללי",7/30/2026 0:00,100400110.5,קסם,,FALSE,FALSE,0.0062,0.0035,6224.806641,0.0027,2710.802979,0
5108238,קסם אקטיב (1B) קונצרני שקלי + 10,,חברות והמרה שקלי עם מניות,"אג""ח בארץ - חברות והמרה",7/30/2026 0:00,5899956.6,קסם,,FALSE,FALSE,0.0108,0.0035,637.1953125,0.0073,430.6968384,0
5108253,הראל (2C) פרימיום קונצרני + 25%,חברות והמרה עם מניות ללא סימן קריאה,חברות והמרה עם מניות,"אג""ח בארץ - חברות והמרה",7/30/2026 0:00,24542680.42,הראל,"בינה בית השקעות בע""מ",FALSE,FALSE,0.0079,0.0035,1938.871704,0.0044,1079.877808,0
5108279,אזימוט (1A)י 5/95,,"אג""ח כללי בארץ- עד 5% מניות","אג""ח בארץ - כללי",7/30/2026 0:00,205040156.8,איילון,אזימוטליין,FALSE,FALSE,0.0069,0.0035,14147.77148,0.0034,6971.364746,0
5108329,"אלטשולר שחם (4B) מניות גלובלי עד 30% מט""ח","מניות כללי בחו""ל מוגנת מט""ח","מניות כללי בחו""ל","מניות בחו""ל",7/30/2026 0:00,235585358,אלטשולר,,FALSE,FALSE,0.0178,0.0035,41934.19531,0.0143,33688.70703,0
5108402,אלטשולר שחם (2B) עוקבת תיק 2 הבנק הבינלאומי,,"אג""ח כללי בארץ- עד 15% מניות","אג""ח בארץ - כללי",7/30/2026 0:00,51218472.09,אלטשולר,,FALSE,FALSE,0.0079,0.0035,4046.259277,0.0044,2253.612549,0
5108428,"סיגמא (00)(!) אג""ח חברות",חברות והמרה ללא מניות עם סימן קריאה,חברות והמרה ללא מניות,"אג""ח בארץ - חברות והמרה",7/30/2026 0:00,77066272.43,סיגמא,,FALSE,FALSE,0.0089,0.0035,6858.898438,0.0054,4161.578613,0
5108501,3B) FOREST) עיטם,,"אג""ח כללי בארץ - חשיפה מרבית מעל 30% מניות","אג""ח בארץ - כללי",7/30/2026 0:00,881818796.1,פורסט,,FALSE,FALSE,0.0117,0.0035,103172.7969,0.008199999,72309.13281,0
5108519,"FORESTי (1B)(!) אג""ח","אג""ח כללי בארץ- עד 10% מניות ועם סימן קריאה","אג""ח כללי בארץ - עד 10% מניות","אג""ח בארץ - כללי",7/30/2026 0:00,1244405578,פורסט,,FALSE,FALSE,0.0088,0.0035,109507.6953,0.0053,65953.5,0
5108626,מיטב (1A) מדדית ממשלתית כשרה,,"אג""ח מדינה צמוד מדד- עד 10% מניות ","אג""ח בארץ - מדינה",7/30/2026 0:00,60477852.74,מיטב,,FALSE,FALSE,0.0095,0.0035,5745.395508,0.006,3628.670898,0
5108642,"אלטשולר שחם (1B)(!) אג""ח הזדמנויות",חברות והמרה עם מניות ועם סימן קריאה,חברות והמרה עם מניות,"אג""ח בארץ - חברות והמרה",7/30/2026 0:00,167803721.3,אלטשולר,,FALSE,FALSE,0.0149,0.0035,25002.75586,0.011399999,19129.625,0
5108667,"אלטשולר שחם (00) אג""ח מדינה צמודי מדד ללא מניות",,"אג""ח מדינה צמוד מדד- ללא מניות","אג""ח בארץ - מדינה",7/30/2026 0:00,579039294.5,אלטשולר,,FALSE,FALSE,0.0078,0.0035,45165.0625,0.0043,24898.6875,0
5108683,"מיטב (0D) (!) אג""ח דולר",,"אג""ח חשופת דולר","אג""ח בחו""ל ",7/30/2026 0:00,377717319.1,מיטב,,FALSE,FALSE,0.0079,0.0035,29839.66602,0.0044,16619.56055,0
5108733,"קסם אקטיב (2B)(!) אג""ח הזדמנויות פלוס",,חברות והמרה בסיכון גבוה,"אג""ח בארץ - חברות והמרה",7/30/2026 0:00,36732944.96,קסם,,FALSE,FALSE,0.0134,0.0035,4922.214355,0.0099,3636.561279,0
5108774,"אקסיומה (0B) אג""ח מדורג ללא מניות",חברות והמרה ללא מניות וללא סימן קריאה,חברות והמרה ללא מניות,"אג""ח בארץ - חברות והמרה",7/30/2026 0:00,780232011.9,סיגמא,אקסיומה,FALSE,FALSE,0.0075,0.0035,58517.39844,0.004,31209.2793,0
5108857,תכלית TTF י(00) תל גוב-שקלי 2-5,‏ריבית קבועה  - בינוני,"אג""ח מדינה שקליות ","אג""ח בארץ - מדינה",7/30/2026 0:00,339886298.5,מיטב,,TRUE,FALSE,0.001,0,3398.863281,0.001,3398.863281,0
5108865,"אקסיומה (4B) נבחרת מניות ת""א 125",מניות Large & Mid Cap ,מניות לפי שווי שוק,מניות בארץ,7/30/2026 0:00,56102043.83,סיגמא,אקסיומה,FALSE,FALSE,0.0138,0.0035,7742.082031,0.010299999,5778.510254,0
5108873,ילין לפידות (4B) יתר,מניות Small Cap,מניות לפי שווי שוק,מניות בארץ,7/30/2026 0:00,317956588.5,ילין,,FALSE,FALSE,0.024599999,0.0035,78217.3125,0.0211,67088.83594,0
5108899,"ילין לפידות (1B)(!) אג""ח פוטנציאל חברות בסיכון גבוה +10%",,חברות והמרה בסיכון גבוה,"אג""ח בארץ - חברות והמרה",7/30/2026 0:00,855425131.4,ילין,,FALSE,FALSE,0.017000001,0.0035,145422.2813,0.013500001,115482.4063,0
5109004,סיגמא (1B)י 10/90,"אג""ח כללי בארץ- עד 10% מניות ללא סימן קריאה","אג""ח כללי בארץ - עד 10% מניות","אג""ח בארץ - כללי",7/30/2026 0:00,849400410.8,סיגמא,,FALSE,FALSE,0.0075,0.0035,63705.02734,0.004,33976.01563,0
5109053,קסם אקטיב (0D)י Bond Dollar Plus,,"אג""ח חשופת דולר","אג""ח בחו""ל ",7/30/2026 0:00,57908867.04,קסם,,FALSE,FALSE,0.0075,0.0035,4343.165039,0.004,2316.354736,0
5109079,כרמים (1A) מדינה שקלית + 10%,,"אג""ח מדינה שקליות- עד 10% מניות","אג""ח בארץ - מדינה",7/30/2026 0:00,112744574.6,איילון,כרמים,FALSE,FALSE,0.0059,0.0035,6651.930176,0.0024,2705.869873,0
5109129,פיטנגו (4B) מניות,מניות All Cap,מניות לפי שווי שוק,מניות בארץ,7/30/2026 0:00,27687642,איילון,פיטנגו,FALSE,FALSE,0.0283,0.0035,7835.602539,0.024800001,6866.535156,0
5109137,פיטנגו (2B)י 25/75,,"אג""ח כללי בארץ- עד 25% מניות","אג""ח בארץ - כללי",7/30/2026 0:00,99509485.4,איילון,פיטנגו,FALSE,FALSE,0.0185,0.0035,18409.25586,0.015000001,14926.42383,0
5109160,קסם אקטיב (0A)(!) קונצרני שקלי,,חברות והמרה שקלי ללא מניות,"אג""ח בארץ - חברות והמרה",7/30/2026 0:00,55761034.02,קסם,,FALSE,FALSE,0.0098,0.0035,5464.581543,0.0063,3512.945313,0
5109319,קסם אקטיב (2C)י 30/70,,"אג""ח כללי בארץ - עד 30% מניות","אג""ח בארץ - כללי",7/30/2026 0:00,175816019.3,קסם,,FALSE,FALSE,0.0076,0.0035,13362.01758,0.0041,7208.456543,0
5109384,"אילים (0A)(!) תיק אג""ח ללא מניות","אג""ח כללי בארץ ללא מניות עם סימן קריאה","אג""ח כללי בארץ - ללא מניות","אג""ח בארץ - כללי",7/30/2026 0:00,479273491.1,אילים,,FALSE,FALSE,0.0069,0.0035,33069.87109,0.0034,16295.29785,0
5109418,"תכלית TTF י(40) ת""א 35",Large Cap,מניות לפי שווי שוק,מניות בארץ,7/30/2026 0:00,181382473.7,מיטב,,TRUE,FALSE,0.003,0,5441.474609,0.003,5441.474609,0
5109558,קסם אקטיב (2B) עוקבת תיק 3 הבנק הבינלאומי,,"אג""ח כללי בארץ - עד 30% מניות","אג""ח בארץ - כללי",7/30/2026 0:00,240815136.6,קסם,,FALSE,FALSE,0.0061,0.0035,14689.72266,0.0026,6261.192871,0
5109608,"איילון (1B)(!) אג""ח + 10%","אג""ח כללי בארץ- עד 10% מניות ועם סימן קריאה","אג""ח כללי בארץ - עד 10% מניות","אג""ח בארץ - כללי",7/30/2026 0:00,12268837.3,איילון,,FALSE,FALSE,0.008,0.0035,981.507019,0.0045,552.0977173,0
5109624,"כוון (0B) אג""ח ללא מניות","אג""ח כללי בארץ ללא מניות וללא סימן קריאה ","אג""ח כללי בארץ - ללא מניות","אג""ח בארץ - כללי",7/30/2026 0:00,13292456.05,איילון,כוון,FALSE,FALSE,0.0069,0.0035,917.1795044,0.0034,451.9434509,0
5109632,כוון (1B)י 10/90,"אג""ח כללי בארץ- עד 10% מניות ללא סימן קריאה","אג""ח כללי בארץ - עד 10% מניות","אג""ח בארץ - כללי",7/30/2026 0:00,7061007.67,איילון,כוון,FALSE,FALSE,0.0074,0.0035,522.5145874,0.0039,275.3792725,0
5109673,"איילון (0B)(!) אג""ח והנפקות ללא מניות","אג""ח כללי בארץ ללא מניות עם סימן קריאה","אג""ח כללי בארץ - ללא מניות","אג""ח בארץ - כללי",7/30/2026 0:00,259371356.7,איילון,אקורד,FALSE,FALSE,0.0069,0.0035,17896.625,0.0034,8818.625,0
5109731,מור גמישה (4D),,,גמישות,7/30/2026 0:00,1313200638,מור,,FALSE,FALSE,0.0188,0.0035,246881.7031,0.0153,200919.7031,0
5109749,"מור (1A) מעשר אג""ח - כשרה",,"אג""ח כללי בארץ- עד 5% מניות","אג""ח בארץ - כללי",7/30/2026 0:00,100639098.2,מור,,FALSE,FALSE,0.0088,0.0035,8856.240234,0.0053,5333.87207,0
5109756,מור שקלית מדינה (00) ללא מניות - כשרה,,"אג""ח מדינה שקליות- ללא מניות ","אג""ח בארץ - מדינה",7/30/2026 0:00,235794539.8,מור,,FALSE,FALSE,0.0065,0.0035,15326.64551,0.003,7073.836426,0
5109848,"קסם אקטיב (4D) ארה""ב נקוב $","מניות חו""ל נקובת מט""ח","מניות כללי בחו""ל","מניות בחו""ל",7/30/2026 0:00,29164117.71,קסם,,FALSE,FALSE,0.014,0.0035,4082.976563,0.010500001,3062.232666,0
5109863,קסם אקטיב (2A) ממשלתי+15%,,"אג""ח מדינה כללי- עד 20% מניות","אג""ח בארץ - מדינה",7/30/2026 0:00,70737946.61,קסם,,FALSE,FALSE,0.0073,0.0035,5163.870117,0.0038,2688.041992,0
5109871,"סיגמא (00) אג""ח כללי ללא מניות","אג""ח כללי בארץ ללא מניות וללא סימן קריאה ","אג""ח כללי בארץ - ללא מניות","אג""ח בארץ - כללי",7/30/2026 0:00,34053237.16,סיגמא,,FALSE,FALSE,0.0149,0.0035,5073.932129,0.011399999,3882.068848,0
5109889,"MTF מחקה (4A) ת""א 125",Mid Cap & Large ,מניות לפי שווי שוק,מניות בארץ,7/30/2026 0:00,2307706292,מגדל,,TRUE,FALSE,0.001,0,23077.06445,0.001,23077.06445,0
5109897,"MTF מחקה (4A) ת""א 35",Large Cap,מניות לפי שווי שוק,מניות בארץ,7/30/2026 0:00,754136544,מגדל,,TRUE,FALSE,0.001,0,7541.365723,0.001,7541.365723,0
5109988,קסם אקטיב (0B)י AA ומעלה ו/או מדינה,"אג""ח כללי בארץ בדירוג גבוה בלבד (AA ומעלה ו/ או מדינה)","אג""ח כללי בארץ - ללא מניות","אג""ח בארץ - כללי",7/30/2026 0:00,124506214.4,קסם,,FALSE,FALSE,0.0059,0.0035,7345.867188,0.0024,2988.14917,0
5110051,"הראל (4B) ת""א-Midcap150",מניות All Cap,מניות לפי שווי שוק,מניות בארץ,7/30/2026 0:00,97517231.46,הראל,,FALSE,FALSE,0.0195,0.0035,19015.85938,0.016000001,15602.75781,0
5110085,"אלטשולר שחם (00) אג""ח תל בונד",חברות והמרה ללא מניות וללא סימן קריאה,חברות והמרה ללא מניות,"אג""ח בארץ - חברות והמרה",7/30/2026 0:00,291517141.3,אלטשולר,,FALSE,FALSE,0.0079,0.0035,23029.85352,0.0044,12826.75391,0
5110150,הראל (1D) קונצרני דולרי,חברות והמרה עם מניות ללא סימן קריאה,חברות והמרה עם מניות,"אג""ח בארץ - חברות והמרה",7/30/2026 0:00,15007682.07,הראל,,FALSE,FALSE,0.0132,0.0035,1981.014038,0.0097,1455.745239,0
5110176,הראל (3C) מעורבת,,"אג""ח כללי בארץ - חשיפה מרבית מעל 30% מניות","אג""ח בארץ - כללי",7/30/2026 0:00,43565471.3,הראל,,FALSE,FALSE,0.02249,0.0035,9797.875,0.018990001,8273.083008,0
5110192,הראל (1B) מדד בינוני ממשלתי,,"אג""ח מדינה צמוד מדד- עד 10% מניות ","אג""ח בארץ - מדינה",7/30/2026 0:00,51278871.26,הראל,,FALSE,FALSE,0.0127,0.0035,6512.416504,0.009199999,4717.655762,0
5110226,קסם אקטיב (0C)(!) תיק קרנות ללא מניות-אגד ישראלי,,אגד ישראלי,אגד קרנות,7/30/2026 0:00,18361775.14,קסם,,FALSE,FALSE,0,0.0035,0,-0.0035,-642.6621704,0
5110309,קסם אקטיב (00) מדינה – AA ומעלה,,"אג""ח מדינה כללי - ללא מניות","אג""ח בארץ - מדינה",7/30/2026 0:00,163760537.3,קסם,,FALSE,FALSE,0.0062,0.0035,10153.15332,0.0027,4421.534668,0
5110333,"הראל (0D) אג""ח חו""ל דולר",,"אג""ח חשופת דולר","אג""ח בחו""ל ",7/30/2026 0:00,116500797.6,הראל,,FALSE,FALSE,0.0079,0.0035,9203.5625,0.0044,5126.034668,0
5110341,הראל (0D) כספית נקובה ב-$,"נקובת מט""ח","כספית מט""חית עם קונצרני",קרן כספית,7/30/2026 0:00,4057518855,הראל,,FALSE,FALSE,0.0025,0.001,101437.9688,0.0015,60862.77734,1
5110374,הראל (4B) מניות דיבידנד,מניות All Cap,מניות לפי שווי שוק,מניות בארץ,7/30/2026 0:00,43888025.58,הראל,,FALSE,FALSE,0.0147,0.0035,6451.539551,0.0112,4915.458496,0
5110382,קסם אקטיב (0D) כספית נקובה דולר,"נקובת מט""ח","כספית מט""חית עם קונצרני",קרן כספית,7/30/2026 0:00,525418638,קסם,,FALSE,FALSE,0.0025,0.001,13135.46484,0.0015,7881.278809,1
5110523,"אנליסט (0B)(!) אג""ח","אג""ח כללי בארץ ללא מניות עם סימן קריאה","אג""ח כללי בארץ - ללא מניות","אג""ח בארץ - כללי",7/30/2026 0:00,319673875.6,אנליסט,,FALSE,FALSE,0.0089,0.0035,28450.97656,0.0054,17262.38867,0
5110531,"הראל (4D) מניות חו""ל - נקובה $","מניות חו""ל נקובת מט""ח","מניות כללי בחו""ל","מניות בחו""ל",7/30/2026 0:00,36937131.16,הראל,אלי אייזן,FALSE,FALSE,0.018100001,0.0035,6685.621094,0.014600001,5392.821289,0
5110564,אלטשולר שחם (0B) תיק השקעות ללא מניות,"אג""ח כללי בארץ ללא מניות וללא סימן קריאה ","אג""ח כללי בארץ - ללא מניות","אג""ח בארץ - כללי",7/30/2026 0:00,92669204.36,אלטשולר,,FALSE,FALSE,0.0092,0.0035,8525.567383,0.0057,5282.14502,0
5110580,"אי.בי.אי. (0B)(!) אג""ח ללא מניות","אג""ח כללי בארץ ללא מניות עם סימן קריאה","אג""ח כללי בארץ - ללא מניות","אג""ח בארץ - כללי",7/30/2026 0:00,199967681.9,אי.בי.אי,,FALSE,FALSE,0.0089,0.0035,17797.12305,0.0054,10798.25391,0
5110655,"הראל (2D) בונד חו""ל מדורג נקובה $",,"אג""ח נקובת מט""ח","אג""ח בחו""ל ",7/30/2026 0:00,36765379.46,הראל,,FALSE,FALSE,0.0097,0.0035,3566.241943,0.0062,2279.453613,0
5110713,"קסם אקטיב (4A) ת""א 90",מניות Large & Mid Cap ,מניות לפי שווי שוק,מניות בארץ,7/30/2026 0:00,244981565.3,קסם,,FALSE,FALSE,0.022,0.0035,53895.94531,0.0185,45321.58984,0
5110739,"הפניקס קסם (0D)(!) אג""ח גלובלי",,"אג""ח חשופת מט""ח","אג""ח בחו""ל ",7/30/2026 0:00,80063423.25,קסם,,FALSE,FALSE,0.0085,0.0035,6805.391602,0.005,4003.171387,0
5110788,"הפניקס קסם (4A) ת""א 125",מניות Large & Mid Cap ,מניות לפי שווי שוק,מניות בארץ,7/30/2026 0:00,1049876003,קסם,,FALSE,FALSE,0.0184,0.0035,193177.1875,0.014900001,156431.5469,0
5110820,קסם אקטיב (4A) מניות יתר,מניות Small Cap,מניות לפי שווי שוק,מניות בארץ,7/30/2026 0:00,87578189.02,קסם,,FALSE,FALSE,0.0284,0.0035,24872.20703,0.024900001,21806.9707,0
5110838,"קסם אקטיב (4D) מניות חו""ל גלובלי","מניות כללי בחו""ל חשופת מט""ח","מניות כללי בחו""ל","מניות בחו""ל",7/30/2026 0:00,100210578,קסם,Eagle Labs Capital (Israel) Ltd,FALSE,FALSE,0.0222,0.0035,22246.74805,0.0187,18739.37695,0
5110879,קסם אקטיב (4D) גלוב,,,לתושבי חוץ בלבד,7/30/2026 0:00,8999769.59,קסם,,FALSE,FALSE,0.0219,0.0035,1970.949585,0.0184,1655.957764,0
5110929,"הראל (1B)(!) תיק אג""ח פלוס 10%","אג""ח כללי בארץ- עד 10% מניות ועם סימן קריאה","אג""ח כללי בארץ - עד 10% מניות","אג""ח בארץ - כללי",7/30/2026 0:00,19914318.93,הראל,,FALSE,FALSE,0.0075,0.0035,1493.57373,0.004,796.5726929,0
5111000,אלטשולר שחם (00) מדינה צמוד בינוני,,"אג""ח מדינה צמוד מדד- ללא מניות","אג""ח בארץ - מדינה",7/30/2026 0:00,80475630.22,אלטשולר,,FALSE,FALSE,0.0069,0.0035,5552.818848,0.0034,2736.171143,0
5111059,"הראל (0B) אג""ח קונצרני ללא מניות",חברות והמרה ללא מניות וללא סימן קריאה,חברות והמרה ללא מניות,"אג""ח בארץ - חברות והמרה",7/30/2026 0:00,51508138.69,הראל,,FALSE,FALSE,0.0059,0.0035,3038.980469,0.0024,1236.195435,0
5111117,"הראל (2B) אג""ח חו""ל ומניות עד 20% מט""ח",,"אג""ח מוגנת מט""ח","אג""ח בחו""ל ",7/30/2026 0:00,541591916.5,הראל,,FALSE,FALSE,0.0074,0.0035,40077.80469,0.0039,21122.08398,0
5111133,הראל (4B) מניות ערך Buy Side ישראל,מניות All Cap,מניות לפי שווי שוק,מניות בארץ,7/30/2026 0:00,668513655.6,הראל,,FALSE,FALSE,0.015900001,0.0035,106293.6719,0.012400001,82895.70313,0
5111190,"הראל (4D) חו""ל סקטורים בצמיחה","מניות כללי בחו""ל חשופת מט""ח","מניות כללי בחו""ל","מניות בחו""ל",7/30/2026 0:00,72030260.83,הראל,,FALSE,FALSE,0.0195,0.0035,14045.90137,0.016000001,11524.84277,0
5111216,"הראל (2B) תיק אג""ח + 20%",,"אג""ח כללי בארץ - עד 20% מניות","אג""ח בארץ - כללי",7/30/2026 0:00,93793687.26,הראל,,FALSE,FALSE,0.016899999,0.0035,15851.13281,0.0134,12568.35449,0
5111240,אי.בי.אי. מחקה‏ (00) תל גוב-צמודות 2-5,צמודות מדד ממשלתיות - בינוני,"אג""ח מדינה צמוד מדד","אג""ח בארץ - מדינה",7/30/2026 0:00,104508427.4,אי.בי.אי,,TRUE,FALSE,0.0015,0,1567.626465,0.0015,1567.626465,0
5111265,"אי.בי.אי. מחקה‏ (00) תל גוב-מק""מ","מק""מ","אג""ח מדינה שקליות ","אג""ח בארץ - מדינה",7/30/2026 0:00,45828151.39,אי.בי.אי,,TRUE,FALSE,0.0009,0,412.4533386,0.0009,412.4533386,0
5111273,הראל (4B) נבחרת מניות,מניות All Cap,מניות לפי שווי שוק,מניות בארץ,7/30/2026 0:00,1109768246,הראל,הראל פיננסים,FALSE,FALSE,0.0198,0.0035,219734.0938,0.0163,180892.2188,0
5111299,הראל (4C) מניות Mid Cap ישראל,מניות Large & Mid Cap ,מניות לפי שווי שוק,מניות בארץ,7/30/2026 0:00,57360865.44,הראל,,FALSE,FALSE,0.023399999,0.0035,13422.44141,0.0199,11414.8125,0
5111307,מיטב (2A) מדינה + 20%,,"אג""ח מדינה כללי- עד 20% מניות","אג""ח בארץ - מדינה",7/30/2026 0:00,553407224.5,מיטב,,FALSE,FALSE,0.0065,0.0035,35971.46875,0.003,16602.2168,0
5111331,הראל (1A) מדינה צמוד + 10%,,"אג""ח מדינה צמוד מדד- עד 10% מניות ","אג""ח בארץ - מדינה",7/30/2026 0:00,737240580.8,הראל,,FALSE,FALSE,0.0059,0.0035,43497.19531,0.0024,17693.77539,0
5111356,הראל (0A) שקלים מדורגות ללא מניות,,חברות והמרה שקלי ללא מניות,"אג""ח בארץ - חברות והמרה",7/30/2026 0:00,34437143.29,הראל,,FALSE,FALSE,0.0135,0.0035,4649.014648,0.01,3443.714355,0
5111364,קסם אקטיב (0A)(!) קונצרני לונג שורט,,ממונפות אחר,ממונפות ואסטרטגיות,7/30/2026 0:00,18591966.6,קסם,,FALSE,FALSE,0.0113,0.0035,2100.89209,0.0078,1450.173462,0
5111398,HAREL (4D) US EQUITY לתושבי חוץ,,,לתושבי חוץ בלבד,7/30/2026 0:00,7271949.88,הראל,,FALSE,FALSE,0.029200001,0.0035,2123.409424,0.025700001,1868.891235,0
5111406,קסם אקטיב (4B) מניות,מניות All Cap,מניות לפי שווי שוק,מניות בארץ,7/30/2026 0:00,14923368.33,קסם,,FALSE,FALSE,0.011,0.0035,1641.570435,0.0075,1119.252563,0
5111414,"הראל (4D) חו""ל US","ארה""ב חשופת מט""ח",מניות גיאוגרפי,"מניות בחו""ל",7/30/2026 0:00,10391741.9,הראל,,FALSE,FALSE,0.028000001,0.0035,2909.687744,0.024500001,2545.976807,0
5111422,אי.בי.אי. מחקה‏ (00) תל גוב-שקלי 2-5,‏ריבית קבועה  - בינוני,"אג""ח מדינה שקליות ","אג""ח בארץ - מדינה",7/30/2026 0:00,106991502.2,אי.בי.אי,,TRUE,FALSE,0.0015,0,1604.872559,0.0015,1604.872559,0
5111448,איילון (0A) מדדית מדינה ללא מניות,,"אג""ח מדינה צמוד מדד- ללא מניות","אג""ח בארץ - מדינה",7/30/2026 0:00,9332591.7,איילון,,FALSE,FALSE,0.0068,0.0035,634.616272,0.0033,307.9755249,0
5111455,הראל (‏‎4A‎‏) מניות צמיחה,מניות All Cap,מניות לפי שווי שוק,מניות בארץ,7/30/2026 0:00,52868186.17,הראל,,FALSE,FALSE,0.0125,0.0035,6608.523926,0.009,4758.136719,0
5111489,אי.בי.אי. מחקה‏ (00) תל גוב-שקלי 5+,‏ריבית קבועה - ארוך,"אג""ח מדינה שקליות ","אג""ח בארץ - מדינה",7/30/2026 0:00,221878029.6,אי.בי.אי,,TRUE,FALSE,0,0,0,0,0,0
5111570,"הראל (6A) מעו""ף בריבוע",,ממונפות בסיכון גבוה,ממונפות ואסטרטגיות,7/30/2026 0:00,52429778.06,הראל,,FALSE,FALSE,0.0283,0.0035,14837.62793,0.024800001,13002.58496,0
5111620,אי.בי.אי. (00) ממשלתי שקלי קצר פלוס,,"אג""ח מדינה שקליות- ללא מניות ","אג""ח בארץ - מדינה",7/30/2026 0:00,49036722.87,אי.בי.אי,,FALSE,FALSE,0.0035,0.002,1716.2854,0.0015,735.5509033,0
5111638,אי.בי.אי. (00)(!) מדינה צמוד ללא מניות,,"אג""ח מדינה צמוד מדד- ללא מניות","אג""ח בארץ - מדינה",7/30/2026 0:00,154677416.8,אי.בי.אי,,FALSE,FALSE,0.0065,0.0035,10054.03223,0.003,4640.322754,0
5111661,"קסם אקטיב (0D)(!) תיק אג""ח חו""ל HY – נקובה $ ",,"אג""ח נקובת מט""ח","אג""ח בחו""ל ",7/30/2026 0:00,57752893.8,קסם,"הפניקס קפיטל פרטנרס בע""מ",FALSE,FALSE,0.0075,0.0035,4331.466797,0.004,2310.115723,0
5111695,הראל (4B) מניות Large Cap ישראל,מניות Large & Mid Cap ,מניות לפי שווי שוק,מניות בארץ,7/30/2026 0:00,200571420.8,הראל,הראל פיננסים,FALSE,FALSE,0.0233,0.0035,46733.14063,0.0198,39713.14063,0
5111711,פרימיום,,"אג""ח כללי בארץ - חשיפה מרבית מעל 30% מניות","אג""ח בארץ - כללי",7/30/2026 0:00,237278195,מגדל,,FALSE,FALSE,0.0078,0.0035,18507.69922,0.0043,10202.96094,0
5111836,"הראל (0A) מסלול אג""ח","אג""ח כללי בארץ ללא מניות וללא סימן קריאה ","אג""ח כללי בארץ - ללא מניות","אג""ח בארץ - כללי",7/30/2026 0:00,152041257.4,הראל,הראל פיננסים,FALSE,FALSE,0.00934,0.0035,14200.65527,0.00584,8879.209961,0
5111869,הראל (0B) מדינה שקלית,,"אג""ח מדינה שקליות- ללא מניות ","אג""ח בארץ - מדינה",7/30/2026 0:00,380166478.6,הראל,,FALSE,FALSE,0.0037,0.0035,14066.16016,0.0002,760.3325195,0
5111885,הראל (0A) מדינה,,"אג""ח מדינה כללי - ללא מניות","אג""ח בארץ - מדינה",7/30/2026 0:00,142179510.7,הראל,,FALSE,FALSE,0.0072,0.0035,10236.92383,0.0037,5260.641602,0
5111935,"ילין לפידות (00) אג""ח מדורג ללא מניות",חברות והמרה ללא מניות וללא סימן קריאה,חברות והמרה ללא מניות,"אג""ח בארץ - חברות והמרה",7/30/2026 0:00,329037903.9,ילין,,FALSE,FALSE,0.007,0.0035,23032.65234,0.0035,11516.32617,0
5111992,הראל (1A) נכסים סולידיים,"אג""ח כללי בארץ בדירוג גבוה (AA ומעלה ו/ או מדינה)- עד 10% מניות","אג""ח כללי בארץ - עד 10% מניות","אג""ח בארץ - כללי",7/30/2026 0:00,220573743,הראל,,FALSE,FALSE,0.0038,0.0035,8381.802734,0.0003,661.7211304,0
5112271,אי.בי.אי. מחקה (0A) תל גוב-כללי,,"אג""ח מדינה שקלי וצמוד","אג""ח בארץ - מדינה",7/30/2026 0:00,54836074.05,אי.בי.אי,,TRUE,FALSE,0.002,0,1096.721558,0.002,1096.721558,0
5112404,MTF מחקה‏ (00) תל בונד 40 צמודות,בריבית קבועה ,"אג""ח חברות צמודות מדד","אג""ח בארץ - חברות והמרה",7/30/2026 0:00,35300174.75,מגדל,,TRUE,FALSE,0.0025,0,882.5043945,0.0025,882.5043945,0
5112479,"קסם אקטיב (0D) אג""ח דולר בינלאומי",,"אג""ח חשופת דולר","אג""ח בחו""ל ",7/30/2026 0:00,22233137.63,קסם,"הפניקס קפיטל פרטנרס בע""מ ",FALSE,FALSE,0.0127,0.0035,2823.608398,0.009199999,2045.448608,0
5112487,"קסם אקטיב (0A)(!) אג""ח קונצרני Buy Side",חברות והמרה ללא מניות עם סימן קריאה,חברות והמרה ללא מניות,"אג""ח בארץ - חברות והמרה",7/30/2026 0:00,181815613.8,קסם,,FALSE,FALSE,0.0065,0.0035,11818.01465,0.003,5454.46875,0
5112560,הראל (0B) תיק מדינה,,"אג""ח מדינה כללי - ללא מניות","אג""ח בארץ - מדינה",7/30/2026 0:00,136419940,הראל,,FALSE,FALSE,0.0049,0.0035,6684.577148,0.0014,1909.879028,0
5112586,"הראל מחקה (2A) משולבת אג""ח ישראל (90%) מניות ישראל-חול (10%) חודשי",,עד 10% מניות,"אג""ח בארץ משולבת",7/30/2026 0:00,119205799.4,הראל,,TRUE,FALSE,0,0,0,0,0,0
5112628,"אי.בי.אי. מחקה (4A) ת""א 125",Mid Cap & Large ,מניות לפי שווי שוק,מניות בארץ,7/30/2026 0:00,2455299781,אי.בי.אי,,TRUE,FALSE,0.001,0,24553,0.001,24553,0
5112669,מדורג A ומעלה,חברות והמרה ללא מניות וללא סימן קריאה,חברות והמרה ללא מניות,"אג""ח בארץ - חברות והמרה",7/30/2026 0:00,319449236.2,מגדל,,FALSE,FALSE,0.0055,0.0035,17569.70898,0.002,6388.984863,0
5112677,בונד שקלי A,,חברות והמרה שקלי ללא מניות,"אג""ח בארץ - חברות והמרה",7/30/2026 0:00,108034318.2,מגדל,,FALSE,FALSE,0.0074,0.0035,7994.540039,0.0039,4213.338379,0
5112693,"קסם אקטיב (4D) מניות חו""ל","מניות כללי בחו""ל חשופת מט""ח","מניות כללי בחו""ל","מניות בחו""ל",7/30/2026 0:00,25565904.13,קסם,,FALSE,FALSE,0.0187,0.0035,4780.824219,0.0152,3886.017578,0
5112719,קסם אקטיב (1A)י 10-90,"אג""ח כללי בארץ- עד 10% מניות ללא סימן קריאה","אג""ח כללי בארץ - עד 10% מניות","אג""ח בארץ - כללי",7/30/2026 0:00,464556263.9,קסם,,FALSE,FALSE,0.0079,0.0035,36699.94141,0.0044,20440.47461,0
5112768,הראל (2B)י 30/70,,"אג""ח כללי בארץ - עד 30% מניות","אג""ח בארץ - כללי",7/30/2026 0:00,380278082.9,הראל,,FALSE,FALSE,0.0069,0.0035,26239.1875,0.0034,12929.45313,0
5112826,תיק השקעות 85/15,,"אג""ח כללי בארץ- עד 15% מניות","אג""ח בארץ - כללי",7/30/2026 0:00,403532617,מגדל,,FALSE,FALSE,0.0079,0.0035,31879.07422,0.0044,17755.43359,0
5112842,אינפ מדינה,,"אג""ח מדינה צמוד מדד- עד 10% מניות ","אג""ח בארץ - מדינה",7/30/2026 0:00,186005889.7,מגדל,,FALSE,FALSE,0.0068,0.0035,12648.40039,0.0033,6138.194336,0
5112909,אגח דרג בטח,חברות והמרה ללא מניות עם סימן קריאה,חברות והמרה ללא מניות,"אג""ח בארץ - חברות והמרה",7/30/2026 0:00,235527172.8,מגדל,,FALSE,FALSE,0.0089,0.0035,20961.91797,0.0054,12718.46582,0
5112917,מיטב (2C) עוקבת תיק 3 הבנק הבינלאומי,,"אג""ח כללי בארץ - עד 30% מניות","אג""ח בארץ - כללי",7/30/2026 0:00,581448370.1,מיטב,,FALSE,FALSE,0.0079,0.0035,45934.42188,0.0044,25583.72656,0
5112925,איילון (2B)י 20/80,,"אג""ח כללי בארץ - עד 20% מניות","אג""ח בארץ - כללי",7/30/2026 0:00,74207773.41,איילון,,FALSE,FALSE,0.0075,0.0035,5565.583008,0.004,2968.311035,0
5112933,"איילון (0B) שקלי ממשלתי ואג""ח מדורגות",,"אג""ח מדינה שקליות- ללא מניות ","אג""ח בארץ - מדינה",7/30/2026 0:00,20318472.41,איילון,,FALSE,FALSE,0.0061,0.0035,1239.426758,0.0026,528.2802124,0
5112941,איילון (2B) מדינה + 20%,,"אג""ח מדינה כללי- עד 20% מניות","אג""ח בארץ - מדינה",7/30/2026 0:00,25826109.59,איילון,,FALSE,FALSE,0.0069,0.0035,1782.001587,0.0034,878.0876465,0
5113006,מור מחקה (00) תל גוב- צמודות 2-5,צמודות מדד ממשלתיות - בינוני,"אג""ח מדינה צמוד מדד","אג""ח בארץ - מדינה",7/30/2026 0:00,12965768.53,מור,,TRUE,FALSE,0.0015,0,194.4865417,0.0015,194.4865417,0
5113014,אי.בי.אי. מחקה (00) תל בונד 20 צמודות,בריבית קבועה ,"אג""ח חברות צמודות מדד","אג""ח בארץ - חברות והמרה",7/30/2026 0:00,36515188.14,אי.בי.אי,,TRUE,FALSE,0.0025,0,912.8796997,0.0025,912.8796997,0
5113022,מור מחקה (00) תל גוב- שקלי 2-5,‏ריבית קבועה  - בינוני,"אג""ח מדינה שקליות ","אג""ח בארץ - מדינה",7/30/2026 0:00,29952550.4,מור,,TRUE,FALSE,0.0015,0,449.288269,0.0015,449.288269,0
5113048,אי.בי.אי. (00)(!) קונצרני ריבית משתנה,,חברות והמרה שקלי ללא מניות,"אג""ח בארץ - חברות והמרה",7/30/2026 0:00,19228544.7,אי.בי.אי,,FALSE,FALSE,0.0065,0.0035,1249.855347,0.003,576.8563232,0
5113063,"מור מחקה (4A) ת""א 125",Mid Cap & Large ,מניות לפי שווי שוק,מניות בארץ,7/30/2026 0:00,281173875.7,מור,,TRUE,FALSE,0,0,0,0,0,0
5113071,אי.בי.אי. מחקה‏ (00) תל בונד שקלי,בריבית קבועה,"אג""ח חברות שקלי","אג""ח בארץ - חברות והמרה",7/30/2026 0:00,400897149.9,אי.בי.אי,,TRUE,FALSE,0.002,0,8017.943359,0.002,8017.943359,0
5113105,הראל (1A) מדינה שמרני + 10%,,"אג""ח מדינה כללי - עד 10% מניות","אג""ח בארץ - מדינה",7/30/2026 0:00,1167179442,הראל,,FALSE,FALSE,0.0064,0.0035,74699.48438,0.0029,33848.19922,0
5113121,הראל מחקה (00) משולבת מדינה חודשי,,"אג""ח מדינה משולבת - ללא מניות","אג""ח בארץ - מדינה",7/30/2026 0:00,45166779.99,הראל,,TRUE,FALSE,0.0025,0,1129.169434,0.0025,1129.169434,0
5113188,הראל (0A) קונצרני AA ומעלה,"חברות והמרה ללא מניות וללא סימן קריאה, עם מגבלת מח""מ עד 5 שנים",חברות והמרה ללא מניות,"אג""ח בארץ - חברות והמרה",7/30/2026 0:00,36969353.5,הראל,,FALSE,FALSE,0.0059,0.0035,2181.191895,0.0024,887.2644653,0
5113303,קסם KTFי (00) תל בונד 40 צמודות,בריבית קבועה ,"אג""ח חברות צמודות מדד","אג""ח בארץ - חברות והמרה",7/30/2026 0:00,29363440.66,קסם,,TRUE,FALSE,0.0035,0,1027.720459,0.0035,1027.720459,0
5113329,קסם KTFי (00) תל גוב- צמודות 2-5,צמודות מדד ממשלתיות - בינוני,"אג""ח מדינה צמוד מדד","אג""ח בארץ - מדינה",7/30/2026 0:00,99679171.11,קסם,,TRUE,FALSE,0.0025,0,2491.979248,0.0025,2491.979248,0
5113345,"קסם 4A) KTF) ת""א 125",Mid Cap & Large ,מניות לפי שווי שוק,מניות בארץ,7/30/2026 0:00,1513632704,קסם,,TRUE,FALSE,0.001,0,15136.3291,0.001,15136.3291,0
5113386,קסם KTFי (00) תל גוב- צמודות,צמודות מדד ממשלתיות - אחר,"אג""ח מדינה צמוד מדד","אג""ח בארץ - מדינה",7/30/2026 0:00,33196329.56,קסם,,TRUE,FALSE,0.0025,0,829.9082031,0.0025,829.9082031,0
5113402,"קסם KTFי (00) תל גוב- מק""מ","מק""מ","אג""ח מדינה שקליות ","אג""ח בארץ - מדינה",7/30/2026 0:00,135260242.6,קסם,,TRUE,FALSE,0.0008,0,1082.081909,0.0008,1082.081909,0
5113428,קסם 0A) KTF) תל גוב- כללי,,"אג""ח מדינה שקלי וצמוד","אג""ח בארץ - מדינה",7/30/2026 0:00,138299277.6,קסם,,TRUE,FALSE,0.0025,0,3457.481934,0.0025,3457.481934,0
5113444,קסם KTFי (00) תל גוב- שקלי 2-5,‏ריבית קבועה  - בינוני,"אג""ח מדינה שקליות ","אג""ח בארץ - מדינה",7/30/2026 0:00,109520131.5,קסם,,TRUE,FALSE,0.0015,0,1642.802002,0.0015,1642.802002,0
5113527,"סיגמא (2A) אג""ח משולבת + 20%",,"אג""ח כללי בארץ - עד 20% מניות","אג""ח בארץ - כללי",7/30/2026 0:00,148054961.6,סיגמא,,FALSE,FALSE,0.0085,0.0035,12584.67285,0.005,7402.748535,0
5113543,"סיגמא (4D) מניות חו""ל","מניות כללי בחו""ל חשופת מט""ח","מניות כללי בחו""ל","מניות בחו""ל",7/30/2026 0:00,77761509.61,סיגמא,,FALSE,FALSE,0.0125,0.0035,9720.189453,0.009,6998.535645,0
5113568,"הראל (0D) בונד חו""ל - נקובה $",,"אג""ח נקובת מט""ח","אג""ח בחו""ל ",7/30/2026 0:00,200272198.6,הראל,,FALSE,FALSE,0.0069,0.0035,13818.78125,0.0034,6809.253906,0
5113618,מיטב (4A) מניות צמיחה,מניות All Cap,מניות לפי שווי שוק,מניות בארץ,7/30/2026 0:00,128107452.8,מיטב,,FALSE,FALSE,0.016899999,0.0035,21650.1582,0.0134,17166.39844,0
5113683,מדינה+15,,"אג""ח מדינה כללי- עד 20% מניות","אג""ח בארץ - מדינה",7/30/2026 0:00,10526441.46,מגדל,,FALSE,FALSE,0.0057,0.0035,600.0071411,0.0022,231.5817108,0
5113709,אנליסט (2B) עוקבת תיק 2 הבנק הבינלאומי,,"אג""ח כללי בארץ- עד 15% מניות","אג""ח בארץ - כללי",7/30/2026 0:00,52296821.12,אנליסט,,FALSE,FALSE,0.0069,0.0035,3608.480713,0.0034,1778.091675,0
5113956,"מיטב (1B) אג""ח קונצרני + 10%",חברות והמרה עם מניות ללא סימן קריאה,חברות והמרה עם מניות,"אג""ח בארץ - חברות והמרה",7/30/2026 0:00,17632855.42,מיטב,,FALSE,FALSE,0.0129,0.0035,2274.638672,0.009400001,1657.488647,0
5113998,תכלית S&P 500 (4D) TTF,אמריקה- שווקים מפותחים,"מניות גיאוגרפי - חשופת מט""ח","מניות בחו""ל",7/30/2026 0:00,1275570356,מיטב,,TRUE,FALSE,0.003,0,38267.10938,0.003,38267.10938,0
5114020,מור (00) בונד שקלי A ומעלה,,חברות והמרה שקלי ללא מניות,"אג""ח בארץ - חברות והמרה",7/30/2026 0:00,74195386.08,מור,,FALSE,FALSE,0.0074,0.0035,5490.458496,0.0039,2893.619873,0
5114079,מיטב (2B) י30/70,,"אג""ח כללי בארץ - עד 30% מניות","אג""ח בארץ - כללי",7/30/2026 0:00,655544334.1,מיטב,,FALSE,FALSE,0.0079,0.0035,51788,0.0044,28843.94727,0
5114087,ילין לפידות (4D) גמישה,,,גמישות,7/30/2026 0:00,390967015.2,ילין,,FALSE,FALSE,0.019099999,0.0035,74674.69531,0.0156,60990.85156,0
5114160,אזימוט 10/90 דיבידנד (1B),"אג""ח כללי בארץ- עד 10% מניות ללא סימן קריאה","אג""ח כללי בארץ - עד 10% מניות","אג""ח בארץ - כללי",7/30/2026 0:00,108215312.2,איילון,אזימוטליין,FALSE,FALSE,0.0089,0.0035,9631.163086,0.0054,5843.626465,0
5114178,"אילים (0A) אג""ח + מגובה בביטחונות","אג""ח כללי בארץ ללא מניות וללא סימן קריאה, עם מגבלת מח""מ עד 5 שנים","אג""ח כללי בארץ - ללא מניות","אג""ח בארץ - כללי",7/30/2026 0:00,173999583.9,אילים,,FALSE,FALSE,0.0059,0.0035,10265.97559,0.0024,4175.990234,0
5114210,"קסם אקטיב (1D) (!) אגד חוץ אג""ח ופקדונות נקוב $",,אגד חוץ,אגד קרנות,7/30/2026 0:00,7483114.41,קסם,,FALSE,FALSE,0.0147,0.0035,1100.017822,0.0112,838.1087646,0
5114228,"קסם אקטיב (0A)(!) אג""ח מדורג - רכיב בטוחה",חברות והמרה ללא מניות עם סימן קריאה,חברות והמרה ללא מניות,"אג""ח בארץ - חברות והמרה",7/30/2026 0:00,136335360.5,קסם,,FALSE,FALSE,0.0087,0.0035,11861.17676,0.0052,7089.438477,0
5114236,אלטשולר שחם (2B)י 20-80,,"אג""ח כללי בארץ - עד 20% מניות","אג""ח בארץ - כללי",7/30/2026 0:00,146149177.5,אלטשולר,,FALSE,FALSE,0.0079,0.0035,11545.78516,0.0044,6430.563477,0
5114285,אזימוט השקעות (4D),,,גמישות,7/30/2026 0:00,46209847.59,איילון,אזימוטליין,FALSE,FALSE,0.019400001,0.0035,8964.710938,0.015900001,7347.365723,0
5114319,מור מחקה (00) תל בונד שקלי,בריבית קבועה,"אג""ח חברות שקלי","אג""ח בארץ - חברות והמרה",7/30/2026 0:00,68460955.51,מור,,TRUE,FALSE,0.0025,0,1711.523804,0.0025,1711.523804,0
5114327,אי.בי.אי. מחקה (00) תל בונד 40 צמודות,בריבית קבועה ,"אג""ח חברות צמודות מדד","אג""ח בארץ - חברות והמרה",7/30/2026 0:00,12208342.27,אי.בי.אי,,TRUE,FALSE,0.002,0,244.1668549,0.002,244.1668549,0
5114350,אנליסט 10/90 (1A),"אג""ח כללי בארץ- עד 10% מניות ללא סימן קריאה","אג""ח כללי בארץ - עד 10% מניות","אג""ח בארץ - כללי",7/30/2026 0:00,74278991.02,אנליסט,,FALSE,FALSE,0.0074,0.0035,5496.645508,0.0039,2896.880615,0
5114392,ילין לפידות (1B) עוקבת תיק 1 הבנק הבינלאומי,,"אג""ח כללי בארץ- עד 5% מניות","אג""ח בארץ - כללי",7/30/2026 0:00,51983464.56,ילין,,FALSE,FALSE,0.0054,0.0035,2807.107178,0.0019,987.6858521,0
5114434,מיטב (0A) עוקבת תיק מרכיב הנזילות הבנק הבינלאומי,"חברות והמרה ללא מניות וללא סימן קריאה, עם מגבלת מח""מ עד 5 שנים",חברות והמרה ללא מניות,"אג""ח בארץ - חברות והמרה",7/30/2026 0:00,257020323.5,מיטב,,FALSE,FALSE,0.0052,0.0035,13365.05664,0.0017,4369.345215,0
5114491,תכלית TTF י(00) תל בונד שקלי,בריבית קבועה,"אג""ח חברות שקלי","אג""ח בארץ - חברות והמרה",7/30/2026 0:00,192899589.5,מיטב,,TRUE,FALSE,0.002,0,3857.991943,0.002,3857.991943,0
5114558,קסם אקטיב (1A)י 5-95,,"אג""ח כללי בארץ- עד 5% מניות","אג""ח בארץ - כללי",7/30/2026 0:00,46034171.05,קסם,,FALSE,FALSE,0.006,0.0035,2762.050537,0.0025,1150.854248,0
5114566,קסם KTFי (00) תל בונד שקלי,בריבית קבועה,"אג""ח חברות שקלי","אג""ח בארץ - חברות והמרה",7/30/2026 0:00,421695833.4,קסם,,TRUE,FALSE,0.001,0,4216.958496,0.001,4216.958496,0
5114624,איילון (0A) מדינה פרימיום כשרה,,"אג""ח מדינה כללי - ללא מניות","אג""ח בארץ - מדינה",7/30/2026 0:00,32006529.9,איילון,,FALSE,FALSE,0.0064,0.0035,2048.417969,0.0029,928.18927,0
5114632,אי.בי.אי. (1A) מדינה +10%,,"אג""ח מדינה כללי - עד 10% מניות","אג""ח בארץ - מדינה",7/30/2026 0:00,1002272653,אי.בי.אי,,FALSE,FALSE,0.0058,0.0035,58131.8125,0.0023,23052.26953,0
5114640,מיטב (1A)(!) קונצרני פלוס,חברות והמרה עם מניות ועם סימן קריאה,חברות והמרה עם מניות,"אג""ח בארץ - חברות והמרה",7/30/2026 0:00,127633965.9,מיטב,,FALSE,FALSE,0.0079,0.0035,10083.08301,0.0044,5615.894043,0
5114657,"תכלית TTF י(40) ת""א 125",Mid Cap & Large ,מניות לפי שווי שוק,מניות בארץ,7/30/2026 0:00,2228391848,מיטב,,TRUE,FALSE,0.001,0,22283.91992,0.001,22283.91992,0
5114749,קסם אקטיב (1A) מדינה שקלי פלוס,,"אג""ח מדינה שקליות- עד 10% מניות","אג""ח בארץ - מדינה",7/30/2026 0:00,156855072.1,קסם,,FALSE,FALSE,0.0062,0.0035,9725.014648,0.0027,4235.086914,0
5114780,"מיטב (0B)(!) אג""ח ממשלתי",,"אג""ח מדינה כללי - ללא מניות","אג""ח בארץ - מדינה",7/30/2026 0:00,678639559.9,מיטב,,FALSE,FALSE,0.0084,0.0035,57005.72266,0.0049,33253.33594,0
5114798,מיטב (1B)(!) י10/90,"אג""ח כללי בארץ- עד 10% מניות ועם סימן קריאה","אג""ח כללי בארץ - עד 10% מניות","אג""ח בארץ - כללי",7/30/2026 0:00,461256733.3,מיטב,,FALSE,FALSE,0.0081,0.0035,37361.79688,0.0046,21217.81055,0
5114830,מיטב (1A) מדינה צמודה + 10%,,"אג""ח מדינה צמוד מדד- עד 10% מניות ","אג""ח בארץ - מדינה",7/30/2026 0:00,21134003.21,מיטב,,FALSE,FALSE,0.0059,0.0035,1246.90625,0.0024,507.2161255,0
5114897,ילין לפידות (4A) מניות דיבידנד,מניות All Cap,מניות לפי שווי שוק,מניות בארץ,7/30/2026 0:00,622852355.1,ילין,,FALSE,FALSE,0.0195,0.0035,121456.2109,0.016000001,99656.38281,0
5114913,ילין לפידות (2A) קונצרני שקלי + 20%,,חברות והמרה שקלי עם מניות,"אג""ח בארץ - חברות והמרה",7/30/2026 0:00,55295621.2,ילין,,FALSE,FALSE,0.0077,0.0035,4257.762695,0.0042,2322.416016,0
5114939,הראל מחקה (00) תל בונד צמודות-יתר,בריבית קבועה ,"אג""ח חברות צמודות מדד","אג""ח בארץ - חברות והמרה",7/30/2026 0:00,54321569.27,הראל,,TRUE,FALSE,0.0015,0,814.8235474,0.0015,814.8235474,0
5115001,כספ נקוב $,"נקובת מט""ח","כספית מט""חית עם קונצרני",קרן כספית,7/30/2026 0:00,297331460.1,מגדל,,FALSE,FALSE,0.00249,0.001,7403.553223,0.00149,4430.23877,1
5115027,"אנליסט (4B) מניות ת""א 125 במומנטום",מניות Large & Mid Cap ,מניות לפי שווי שוק,מניות בארץ,7/30/2026 0:00,97816057.8,אנליסט,,FALSE,FALSE,0.020500001,0.0035,20052.29102,0.017000001,16628.73047,0
5115050,קבין (6F) השקעות - קרן ממונפת,,ממונפות בסיכון גבוה,ממונפות ואסטרטגיות,7/30/2026 0:00,25026911.01,איילון,קבין,FALSE,FALSE,0.028000001,0.0035,7007.535645,0.024500001,6131.59375,0
5115068,הראל (0A) צמודים ממשלתי ללא מניות,,"אג""ח מדינה צמוד מדד- ללא מניות","אג""ח בארץ - מדינה",7/30/2026 0:00,75871729.55,הראל,,FALSE,FALSE,0.0065,0.0035,4931.662109,0.003,2276.151855,0
5115076,הראל (0B) מדינה צמודה,,"אג""ח מדינה צמוד מדד- ללא מניות","אג""ח בארץ - מדינה",7/30/2026 0:00,492020038.7,הראל,,FALSE,FALSE,0.0069,0.0035,33949.38281,0.0034,16728.67969,0
5115092,"ילין לפידות (2C) תיק אג""ח + 15%",,"אג""ח כללי בארץ- עד 15% מניות","אג""ח בארץ - כללי",7/30/2026 0:00,331030415.2,ילין,,FALSE,FALSE,0.0076,0.0035,25158.3125,0.0041,13572.24609,0
5115100,אי.בי.אי. מחקה (00) תל בונד 60 צמודות,בריבית קבועה ,"אג""ח חברות צמודות מדד","אג""ח בארץ - חברות והמרה",7/30/2026 0:00,69299693.83,אי.בי.אי,,TRUE,FALSE,0.0025,0,1732.49231,0.0025,1732.49231,0
5115118,מור מחקה (00) תל גוב- צמודות 5-10,צמודות מדד ממשלתיות - ארוך,"אג""ח מדינה צמוד מדד","אג""ח בארץ - מדינה",7/30/2026 0:00,34800948.39,מור,,TRUE,FALSE,0.0015,0,522.0142212,0.0015,522.0142212,0
5115126,"מור מחקה (4A) ת""א 90",Mid Cap,מניות לפי שווי שוק,מניות בארץ,7/30/2026 0:00,160276529.5,מור,,TRUE,FALSE,0.0045,0,7212.443359,0.0045,7212.443359,0
5115167,אלטשולר שחם (1B)י 10-90,"אג""ח כללי בארץ- עד 10% מניות ללא סימן קריאה","אג""ח כללי בארץ - עד 10% מניות","אג""ח בארץ - כללי",7/30/2026 0:00,486182243.1,אלטשולר,,FALSE,FALSE,0.0075,0.0035,36463.66797,0.004,19447.28906,0
5115225,אנליסט (00) שקלית קונצרנית ללא מניות,,חברות והמרה שקלי ללא מניות,"אג""ח בארץ - חברות והמרה",7/30/2026 0:00,14517816.38,אנליסט,,FALSE,FALSE,0.0054,0.0035,783.9620361,0.0019,275.8385315,0
5115258,FOREST י(2A) סלקט 15/85,,"אג""ח כללי בארץ- עד 15% מניות","אג""ח בארץ - כללי",7/30/2026 0:00,304439468,פורסט,,FALSE,FALSE,0.0087,0.0035,26486.23242,0.0052,15830.85156,0
5115274,"MTF מחקה (2A) משולבת אג""ח ישראל (80%) מניות ישראל (20%) חודשי ",,עד 20% מניות,"אג""ח בארץ משולבת",7/30/2026 0:00,23447767.38,מגדל,,TRUE,FALSE,0.0049,0,1148.940674,0.0049,1148.940674,0
5115290,הראל 10/90 (1A) מחלקת,"אג""ח כללי בארץ- עד 10% מניות ללא סימן קריאה","אג""ח כללי בארץ - עד 10% מניות","אג""ח בארץ - כללי",7/30/2026 0:00,23546365.7,הראל,,FALSE,FALSE,0.0077,0.0035,1813.070068,0.0042,988.9473877,0
5115324,סולידית,"אג""ח כללי בארץ בדירוג גבוה בלבד (AA ומעלה ו/ או מדינה)","אג""ח כללי בארץ - ללא מניות","אג""ח בארץ - כללי",7/30/2026 0:00,50357540.23,מגדל,,FALSE,FALSE,0.0059,0.0035,2971.094971,0.0024,1208.581055,0
5115332,מדינה+10,,"אג""ח מדינה כללי - עד 10% מניות","אג""ח בארץ - מדינה",7/30/2026 0:00,70638046.74,מגדל,,FALSE,FALSE,0.0049,0.0035,3461.264404,0.0014,988.9326172,0
5115365,הראל (1B)(!)י 10/90 פלטינום,"אג""ח כללי בארץ- עד 10% מניות ועם סימן קריאה","אג""ח כללי בארץ - עד 10% מניות","אג""ח בארץ - כללי",7/30/2026 0:00,86000793.36,הראל,,FALSE,FALSE,0.007,0.0035,6020.055664,0.0035,3010.027832,0
5115373,כוון (4D) מניות גלובלית U.S,"ארה""ב חשופת מט""ח",מניות גיאוגרפי,"מניות בחו""ל",7/30/2026 0:00,19824970.16,איילון,כוון,FALSE,FALSE,0.0187,0.0035,3707.269287,0.0152,3013.395508,0
5115407,"אלטשולר שחם (2D) עוקבת תיק חו""ל 2 הבנק הבינלאומי",,"אג""ח חשופת מט""ח","אג""ח בחו""ל ",7/30/2026 0:00,91357082.26,אלטשולר,,FALSE,FALSE,0.0092,0.0035,8404.851563,0.0057,5207.353516,0
5115449,"טופ אלפא (0A)(!) אג""ח ללא מניות","אג""ח כללי בארץ ללא מניות עם סימן קריאה","אג""ח כללי בארץ - ללא מניות","אג""ח בארץ - כללי",7/30/2026 0:00,31329192.77,איילון,טופ אלפא,FALSE,FALSE,0.0076,0.0035,2381.018799,0.0041,1284.496826,0
5115456,"טופ אלפא (4D) מניות חו""ל","מניות כללי בחו""ל חשופת מט""ח","מניות כללי בחו""ל","מניות בחו""ל",7/30/2026 0:00,123634509.2,איילון,טופ אלפא,FALSE,FALSE,0.0244,0.0035,30166.82031,0.0209,25839.61328,0
5115464,איילון (0A) עוקבת תיק מרכיב הנזילות פלוס - הבנק הבינלאומי,"חברות והמרה ללא מניות וללא סימן קריאה, עם מגבלת מח""מ עד 5 שנים",חברות והמרה ללא מניות,"אג""ח בארץ - חברות והמרה",7/30/2026 0:00,28148744.85,איילון,,FALSE,FALSE,0.0052,0.0035,1463.734619,0.0017,478.528595,0
5115472,תכלית TTF י(00) תל בונד 20 צמודות,בריבית קבועה ,"אג""ח חברות צמודות מדד","אג""ח בארץ - חברות והמרה",7/30/2026 0:00,194966888.2,מיטב,,TRUE,FALSE,0.002,0,3899.338135,0.002,3899.338135,0
5115498,מיטב (00) קונצרני שקלי,,חברות והמרה שקלי ללא מניות,"אג""ח בארץ - חברות והמרה",7/30/2026 0:00,26008593.4,מיטב,,FALSE,FALSE,0.0064,0.0035,1664.550049,0.0029,754.2491455,0
5115506,סיגמא (00)(!) מודל דירוג פנימי,חברות והמרה ללא מניות עם סימן קריאה,חברות והמרה ללא מניות,"אג""ח בארץ - חברות והמרה",7/30/2026 0:00,54014539.65,סיגמא,,FALSE,FALSE,0.0127,0.0035,6859.846191,0.009199999,4969.337402,0
5115514,סיגמא (2B) מדינה + 20%,,"אג""ח מדינה כללי- עד 20% מניות","אג""ח בארץ - מדינה",7/30/2026 0:00,1269575019,סיגמא,,FALSE,FALSE,0.0059,0.0035,74904.92969,0.0024,30469.80273,0
5115548,הראל (1B)י 10/90 פלוס,"אג""ח כללי בארץ- עד 10% מניות ללא סימן קריאה","אג""ח כללי בארץ - עד 10% מניות","אג""ח בארץ - כללי",7/30/2026 0:00,95227024.33,הראל,,FALSE,FALSE,0.00689,0.0035,6561.14209,0.00339,3228.195801,0
5115555,הראל (2B)י 30/70 פלוס,,"אג""ח כללי בארץ - עד 30% מניות","אג""ח בארץ - כללי",7/30/2026 0:00,22965399.98,הראל,,FALSE,FALSE,0.0059,0.0035,1354.958618,0.0024,551.1696167,0
5115589,קסם KTFי (00) תל בונד 20 צמודות,בריבית קבועה ,"אג""ח חברות צמודות מדד","אג""ח בארץ - חברות והמרה",7/30/2026 0:00,323342816.4,קסם,,TRUE,FALSE,0.0025,0,8083.570313,0.0025,8083.570313,0
5115597,קסם 0A) KTF) תל בונד מאגר,"אג""ח חברות שקלי וצמוד","אג""ח חברות ","אג""ח בארץ - חברות והמרה",7/30/2026 0:00,155243596.9,קסם,,TRUE,FALSE,0.0025,0,3881.089844,0.0025,3881.089844,0
5115605,קסם KTFי (00) תל בונד צמודות יתר,בריבית קבועה ,"אג""ח חברות צמודות מדד","אג""ח בארץ - חברות והמרה",7/30/2026 0:00,34844354.13,קסם,,TRUE,FALSE,0.0035,0,1219.55249,0.0035,1219.55249,0
5115621,"מור מק""מ פלוס (1A)",,"אג""ח מדינה שקליות- עד 10% מניות","אג""ח בארץ - מדינה",7/30/2026 0:00,316062377.2,מור,,FALSE,FALSE,0.0055,0.002,17383.42969,0.0035,11062.18164,0
5115647,"הפניקס קסם (0D) אג""ח חו""ל מדורג - נקובה $",,"אג""ח נקובת מט""ח","אג""ח בחו""ל ",7/30/2026 0:00,114044695.2,קסם,,FALSE,FALSE,0.007,0.0035,7983.128906,0.0035,3991.564453,0
5115704,ילין לפידות (1A)י 10/90,"אג""ח כללי בארץ- עד 10% מניות ללא סימן קריאה","אג""ח כללי בארץ - עד 10% מניות","אג""ח בארץ - כללי",7/30/2026 0:00,917857799.9,ילין,,FALSE,FALSE,0.008,0.0035,73428.625,0.0045,41303.60547,0
5115712,ילין לפידות (00) מדינה שקלי ללא מניות,,"אג""ח מדינה שקליות- ללא מניות ","אג""ח בארץ - מדינה",7/30/2026 0:00,11434530.99,ילין,,FALSE,FALSE,0.0076,0.0035,869.0244141,0.0041,468.8157654,0
5115738,"הראל מחקה (2B) משולבת אג""ח ישראל (80%) מניות ישראל-חול (20%) חודשי",,עד 20% מניות,"אג""ח בארץ משולבת",7/30/2026 0:00,89266601.88,הראל,,TRUE,FALSE,0,0,0,0,0,0
5115761,אי.בי.אי. מחקה (2A) משולבת קונצרני (80%) מניות (20%) חודשי,,עד 20% מניות,"אג""ח בארץ משולבת",7/30/2026 0:00,45504299.77,אי.בי.אי,,TRUE,FALSE,0.005,0,2275.214844,0.005,2275.214844,0
5115787,ילין לפידות (1B) מדינה + 10%,,"אג""ח מדינה כללי - עד 10% מניות","אג""ח בארץ - מדינה",7/30/2026 0:00,63454178.52,ילין,,FALSE,FALSE,0.0064,0.0035,4061.067627,0.0029,1840.171021,0
5115795,מיטב (0D) כספית נקובה ב - $,"נקובת מט""ח","כספית מט""חית עם קונצרני",קרן כספית,7/30/2026 0:00,406097394,מיטב,,FALSE,FALSE,0.0028,0.001,11370.72656,0.0018,7309.75293,1
5115803,אנליסט (1A) ממשלתית תיק סולידי עד שנתיים,,"אג""ח מדינה כללי - עד 10% מניות","אג""ח בארץ - מדינה",7/30/2026 0:00,94840166.08,אנליסט,,FALSE,FALSE,0.0058,0.002,5500.729492,0.0038,3603.92627,0
5115811,תמיר פישמן (1B)י 10/90,"אג""ח כללי בארץ- עד 10% מניות ללא סימן קריאה","אג""ח כללי בארץ - עד 10% מניות","אג""ח בארץ - כללי",7/30/2026 0:00,131202517.4,תמיר,,FALSE,FALSE,0.0075,0.0035,9840.188477,0.004,5248.100586,0
5115837,תכלית TTF י(2A) משולבת אגח ממשלתי קונצרני (90%) מניות (10%) חודשי,,עד 10% מניות,"אג""ח בארץ משולבת",7/30/2026 0:00,25754721.86,מיטב,,TRUE,FALSE,0.005,0,1287.736084,0.005,1287.736084,0
5115886,"ילין לפידות (1A) תיק אג""ח סולידי +10%","אג""ח כללי בארץ בדירוג גבוה (AA ומעלה ו/ או מדינה)- עד 10% מניות","אג""ח כללי בארץ - עד 10% מניות","אג""ח בארץ - כללי",7/30/2026 0:00,258931269,ילין,,FALSE,FALSE,0.0069,0.0035,17866.25781,0.0034,8803.662109,0
5115894,הראל (0B) תיק סולידי ללא מניות,"אג""ח כללי בארץ בדירוג גבוה בלבד (AA ומעלה ו/ או מדינה)","אג""ח כללי בארץ - ללא מניות","אג""ח בארץ - כללי",7/30/2026 0:00,37163822.17,הראל,,FALSE,FALSE,0.0068,0.0035,2527.140137,0.0033,1226.40625,0
5115928,הראל (0A)(!) נבחרת קונצרני,חברות והמרה ללא מניות עם סימן קריאה,חברות והמרה ללא מניות,"אג""ח בארץ - חברות והמרה",7/30/2026 0:00,48605292.27,הראל,,FALSE,FALSE,0.0059,0.0035,2867.712402,0.0024,1166.5271,0
5115936,"הראל (0B) אג""ח Total Return","אג""ח כללי בארץ ללא מניות וללא סימן קריאה, עם מגבלת מח""מ עד 5 שנים","אג""ח כללי בארץ - ללא מניות","אג""ח בארץ - כללי",7/30/2026 0:00,47609513.53,הראל,,FALSE,FALSE,0.0049,0.0035,2332.866211,0.0014,666.5331421,0
5115977,הראל (2B) מדינה + 20%,,"אג""ח מדינה כללי- עד 20% מניות","אג""ח בארץ - מדינה",7/30/2026 0:00,145419355,הראל,,FALSE,FALSE,0.0049,0.0035,7125.548828,0.0014,2035.870972,0
5115985,הראל (00) צמודים ממשלתיים,,"אג""ח מדינה צמוד מדד- ללא מניות","אג""ח בארץ - מדינה",7/30/2026 0:00,62323555.02,הראל,הראל פיננסים,FALSE,FALSE,0.0025,0.0035,1558.088867,-0.001,-623.2356567,0
5115993,"הראל (1A) אג""ח קונצרני + 10%",חברות והמרה עם מניות ללא סימן קריאה,חברות והמרה עם מניות,"אג""ח בארץ - חברות והמרה",7/30/2026 0:00,148238257,הראל,,FALSE,FALSE,0.0049,0.0035,7263.674805,0.0014,2075.335449,0
5116009,הראל (00) שקלית ממשלתית,,"אג""ח מדינה שקליות- ללא מניות ","אג""ח בארץ - מדינה",7/30/2026 0:00,96989876.36,הראל,הראל פיננסים,FALSE,FALSE,0.0025,0.0035,2424.746826,-0.001,-969.8989258,0
5116017,"אלטשולר שחם (0D) אג""ח גלובלי נקובה בדולר",,"אג""ח נקובת מט""ח","אג""ח בחו""ל ",7/30/2026 0:00,331968526.2,אלטשולר,,FALSE,FALSE,0.007,0.0035,23237.79688,0.0035,11618.89844,0
5116033,אנליסט (2B)י 20/80,,"אג""ח כללי בארץ - עד 20% מניות","אג""ח בארץ - כללי",7/30/2026 0:00,2346551587,אנליסט,,FALSE,FALSE,0.0084,0.0035,197110.3281,0.0049,114981.0156,0
5116041,סיגמא (00) ממשלתי שקלי,,"אג""ח מדינה שקליות- ללא מניות ","אג""ח בארץ - מדינה",7/30/2026 0:00,31868779.15,סיגמא,,FALSE,FALSE,0.009,0.0035,2868.189941,0.0055,1752.782837,0
5116082,"אזימוט (0B) אג""ח ללא מניות","אג""ח כללי בארץ ללא מניות וללא סימן קריאה, עם מגבלת מח""מ עד 5 שנים","אג""ח כללי בארץ - ללא מניות","אג""ח בארץ - כללי",7/30/2026 0:00,83258202.21,איילון,אזימוטליין,FALSE,FALSE,0.0089,0.0035,7409.97998,0.0054,4495.942383,0
5116140,מדינה,,"אג""ח מדינה כללי - ללא מניות","אג""ח בארץ - מדינה",7/30/2026 0:00,342927740.7,מגדל,,FALSE,FALSE,0.0047,0.0035,16117.60352,0.0012,4115.132324,0
5116165,טכנ חדש ממ,"מניות כללי בחו""ל מוגנת מט""ח","מניות כללי בחו""ל","מניות בחו""ל",7/30/2026 0:00,78571276.02,מגדל,,FALSE,FALSE,0.0195,0.0035,15321.39941,0.016000001,12571.40527,0
5116181,MTF מחקה (0A) תל גוב-כללי,,"אג""ח מדינה שקלי וצמוד","אג""ח בארץ - מדינה",7/30/2026 0:00,267276477.6,מגדל,,TRUE,FALSE,0.0015,0,4009.147461,0.0015,4009.147461,0
5116470,"קסם אקטיב (0B) תיק אג""ח ללא מניות","אג""ח כללי בארץ ללא מניות וללא סימן קריאה ","אג""ח כללי בארץ - ללא מניות","אג""ח בארץ - כללי",7/30/2026 0:00,1067460005,קסם,,FALSE,FALSE,0.0072,0.0035,76857.11719,0.0037,39496.01953,0
5116488,ילין לפידות (2B)י 20/80,,"אג""ח כללי בארץ - עד 20% מניות","אג""ח בארץ - כללי",7/30/2026 0:00,998023953.3,ילין,,FALSE,FALSE,0.0095,0.0035,94812.27344,0.006,59881.42969,0
5116512,"קסם אקטיב (00) אג""ח ממוצע AA","חברות והמרה ללא מניות וללא סימן קריאה, עם מגבלת מח""מ עד 5 שנים",חברות והמרה ללא מניות,"אג""ח בארץ - חברות והמרה",7/30/2026 0:00,119524345.3,קסם,,FALSE,FALSE,0.0065,0.0035,7769.08252,0.003,3585.730469,0
5116553,"קסם אקטיב (1A) אג""ח מדינה + 10%",,"אג""ח מדינה כללי - עד 10% מניות","אג""ח בארץ - מדינה",7/30/2026 0:00,153088450.6,קסם,,FALSE,FALSE,0.0062,0.0035,9491.483398,0.0027,4133.388184,0
5116629,"FOREST (י0A)(!) אג""ח מדורג",חברות והמרה ללא מניות עם סימן קריאה,חברות והמרה ללא מניות,"אג""ח בארץ - חברות והמרה",7/30/2026 0:00,578756207.5,פורסט,,FALSE,FALSE,0.0086,0.0035,49773.03516,0.0051,29516.56836,0
5116637,"טרגט (0A) אג""ח ללא מניות","אג""ח כללי בארץ ללא מניות וללא סימן קריאה ","אג""ח כללי בארץ - ללא מניות","אג""ח בארץ - כללי",7/30/2026 0:00,316006408.9,איילון,טרגט,FALSE,FALSE,0.0055,0.0035,17380.35156,0.002,6320.12793,0
5116660,"הראל (2B) שנהב אג""ח",,"אג""ח כללי בארץ- עד 15% מניות","אג""ח בארץ - כללי",7/30/2026 0:00,39578238.72,הראל,,FALSE,FALSE,0.0028,0.0035,1108.190674,-0.0007,-277.04776,0
5116736,"דיאמונד (4A) מניות ת""א 125",מניות Large & Mid Cap ,מניות לפי שווי שוק,מניות בארץ,7/30/2026 0:00,43029063.84,איילון,דיאמונד,FALSE,FALSE,0.013,0.0035,5593.77832,0.009500001,4087.76123,0
5116777,ילין לפידות (00)(!) קונצרני שקלי,,חברות והמרה שקלי ללא מניות,"אג""ח בארץ - חברות והמרה",7/30/2026 0:00,141699658.2,ילין,,FALSE,FALSE,0.0069,0.0035,9777.277344,0.0034,4817.788086,0
5116785,הראל מחקה (00) תל גוב-צמודות 5-10,צמודות מדד ממשלתיות - ארוך,"אג""ח מדינה צמוד מדד","אג""ח בארץ - מדינה",7/30/2026 0:00,205151718.8,הראל,,TRUE,FALSE,0,0,0,0,0,0
5116793,"הראל מחקה (00) משולבת אג""ח ישראל צמוד חודשי",,ללא מניות,"אג""ח בארץ משולבת",7/30/2026 0:00,24836496.99,הראל,,TRUE,FALSE,0.0035,0,869.2774048,0.0035,869.2774048,0
5116918,MTF מחקה‏ (00) תל בונד צמודות יתר,בריבית קבועה ,"אג""ח חברות צמודות מדד","אג""ח בארץ - חברות והמרה",7/30/2026 0:00,59809864.91,מגדל,,TRUE,FALSE,0.0025,0,1495.246582,0.0025,1495.246582,0
5116926,בונד מדורג,"חברות והמרה ללא מניות וללא סימן קריאה, עם מגבלת מח""מ עד 5 שנים",חברות והמרה ללא מניות,"אג""ח בארץ - חברות והמרה",7/30/2026 0:00,967469227.8,מגדל,,FALSE,FALSE,0.0075,0.0035,72560.1875,0.004,38698.76953,0
5116934,אנליסט (0B) מודל דירוג פנימי,חברות והמרה ללא מניות וללא סימן קריאה,חברות והמרה ללא מניות,"אג""ח בארץ - חברות והמרה",7/30/2026 0:00,257553854.8,אנליסט,,FALSE,FALSE,0.0079,0.0035,20346.75391,0.0044,11332.36914,0
5116942,"קסם אקטיב (0A) אג""ח מדורג ללא מניות",חברות והמרה ללא מניות וללא סימן קריאה,חברות והמרה ללא מניות,"אג""ח בארץ - חברות והמרה",7/30/2026 0:00,243712612.3,קסם,,FALSE,FALSE,0.0071,0.0035,17303.5957,0.0036,8773.65332,0
5116967,מור מחקה (00) תל גוב- שקלי 5+,‏ריבית קבועה - ארוך,"אג""ח מדינה שקליות ","אג""ח בארץ - מדינה",7/30/2026 0:00,34967837.64,מור,,TRUE,FALSE,0.0015,0,524.5175781,0.0015,524.5175781,0
5116975,"אלטשולר שחם (0A) אג""ח קונצרני A ומעלה","חברות והמרה ללא מניות וללא סימן קריאה, עם מגבלת מח""מ עד 5 שנים",חברות והמרה ללא מניות,"אג""ח בארץ - חברות והמרה",7/30/2026 0:00,245200436.8,אלטשולר,,FALSE,FALSE,0.0069,0.0035,16918.83008,0.0034,8336.813477,0
5116983,"אלטשולר שחם (0A) אג""ח מדינה ללא מניות",,"אג""ח מדינה כללי - ללא מניות","אג""ח בארץ - מדינה",7/30/2026 0:00,259864572.8,אלטשולר,,FALSE,FALSE,0.0063,0.0035,16371.46777,0.0028,7276.20752,0
5117007,"הראל מחקה (00) משולבת אג""ח ישראל שקלי חודשי",,ללא מניות,"אג""ח בארץ משולבת",7/30/2026 0:00,23725164.13,הראל,,TRUE,FALSE,0,0,0,0,0,0
5117023,אי.בי.אי. מחקה (00) תל בונד צמודות,בריבית קבועה ,"אג""ח חברות צמודות מדד","אג""ח בארץ - חברות והמרה",7/30/2026 0:00,62379310.32,אי.בי.אי,,TRUE,FALSE,0.0025,0,1559.482788,0.0025,1559.482788,0
5117049,מור מחקה (00) תל בונד צמודות- יתר,בריבית קבועה ,"אג""ח חברות צמודות מדד","אג""ח בארץ - חברות והמרה",7/30/2026 0:00,15275229.66,מור,,TRUE,FALSE,0.002,0,305.5046082,0.002,305.5046082,0
5117080,MTF מחקה‏ (00) משולבת תל גוב-שקלי 2-5 (75%) תל בונד שקלי (25%) חודשי,,ללא מניות,"אג""ח בארץ משולבת",7/30/2026 0:00,11876477.42,מגדל,,TRUE,FALSE,0.0039,0,463.1825867,0.0039,463.1825867,0
5117122,קסם אקטיב (00) שקלית ממשלתית כשרה,,"אג""ח מדינה שקליות- ללא מניות ","אג""ח בארץ - מדינה",7/30/2026 0:00,68786482.42,קסם,,FALSE,FALSE,0.0054,0.0035,3714.469971,0.0019,1306.943237,0
5117130,"הראל (0B) אג""ח בינלאומי עד 20% מט""ח",,"אג""ח מוגנת מט""ח","אג""ח בחו""ל ",7/30/2026 0:00,89415682.16,הראל,,FALSE,FALSE,0.0078,0.0035,6974.422852,0.0043,3844.874023,0
5117239,"הראל (1B) תיק אג""ח סולידי + 10%","אג""ח כללי בארץ בדירוג גבוה (AA ומעלה ו/ או מדינה)- עד 10% מניות","אג""ח כללי בארץ - עד 10% מניות","אג""ח בארץ - כללי",7/30/2026 0:00,57177103.75,הראל,,FALSE,FALSE,0.0055,0.0035,3144.740723,0.002,1143.541992,0
5117247,הראל מחקה (00) תל גוב-צמודות 2-5,צמודות מדד ממשלתיות - בינוני,"אג""ח מדינה צמוד מדד","אג""ח בארץ - מדינה",7/30/2026 0:00,311203948.2,הראל,,TRUE,FALSE,0.0005,0,1556.019775,0.0005,1556.019775,0
5117262,הראל מחקה (00) תל גוב-שקלי 2-5,‏ריבית קבועה  - בינוני,"אג""ח מדינה שקליות ","אג""ח בארץ - מדינה",7/30/2026 0:00,208458872.1,הראל,,TRUE,FALSE,0,0,0,0,0,0
5117270,הראל מחקה (00) תל בונד 20 צמודות,בריבית קבועה ,"אג""ח חברות צמודות מדד","אג""ח בארץ - חברות והמרה",7/30/2026 0:00,697488054.1,הראל,,TRUE,FALSE,0.001,0,6974.880859,0.001,6974.880859,0
5117288,הראל מחקה (00) תל בונד שקלי,בריבית קבועה,"אג""ח חברות שקלי","אג""ח בארץ - חברות והמרה",7/30/2026 0:00,206701714.7,הראל,,TRUE,FALSE,0.002,0,4134.034668,0.002,4134.034668,0
5117296,ילין לפידות (00) מדינה שקלי 1-4 שנים,,"אג""ח מדינה שקליות- ללא מניות ","אג""ח בארץ - מדינה",7/30/2026 0:00,64303928.7,ילין,,FALSE,FALSE,0.0042,0.0035,2700.764893,0.0007,450.1273193,0
5117304,"ילין לפידות (0B) תיק אג""ח ללא מניות","אג""ח כללי בארץ ללא מניות וללא סימן קריאה ","אג""ח כללי בארץ - ללא מניות","אג""ח בארץ - כללי",7/30/2026 0:00,272512728.1,ילין,,FALSE,FALSE,0.0074,0.0035,20165.94336,0.0039,10627.99609,0
5117312,ילין לפידות (2B) עוקבת תיק 2 הבנק הבינלאומי,,"אג""ח כללי בארץ- עד 15% מניות","אג""ח בארץ - כללי",7/30/2026 0:00,463550661.2,ילין,,FALSE,FALSE,0.0079,0.0035,36620.5,0.0044,20396.22656,0
5117346,"תכלית TTF י(2A) משולבת אגח ממשלתי קונצרני (85%) מניות (15%) מנוטרלת מט""ח חודשי",,עד 20% מניות,"אג""ח בארץ משולבת",7/30/2026 0:00,31153693.11,מיטב,,TRUE,FALSE,0.0065,0,2024.990112,0.0065,2024.990112,0
5117379,תכלית TTF י(00) תל גוב-צמודות 2-5,צמודות מדד ממשלתיות - בינוני,"אג""ח מדינה צמוד מדד","אג""ח בארץ - מדינה",7/30/2026 0:00,462178818.1,מיטב,,TRUE,FALSE,0.002,0,9243.577148,0.002,9243.577148,0
5117429,אי.בי.אי. (0D) כספית נקובה דולר $,"נקובת מט""ח","כספית מט""חית עם קונצרני",קרן כספית,7/30/2026 0:00,1769070680,אי.בי.אי,,FALSE,FALSE,0.0025,0.001,44226.76563,0.0015,26536.05859,1
5117437,קסם KTFי (00) תל בונד צמודות,בריבית קבועה ,"אג""ח חברות צמודות מדד","אג""ח בארץ - חברות והמרה",7/30/2026 0:00,343434377.5,קסם,,TRUE,FALSE,0.0026,0,8929.293945,0.0026,8929.293945,0
5117445,Gse Spotי (0A) מחקר קונצרני,חברות והמרה ללא מניות וללא סימן קריאה,חברות והמרה ללא מניות,"אג""ח בארץ - חברות והמרה",7/30/2026 0:00,31844333.9,איילון,"ג'י. אס. אי. ספוט שוקי הון בע""מ",FALSE,FALSE,0.009,0.0035,2865.98999,0.0055,1751.438232,0
5117460,"הראל (2B) תיק אג""ח + 15%",,"אג""ח כללי בארץ- עד 15% מניות","אג""ח בארץ - כללי",7/30/2026 0:00,226090901.7,הראל,,FALSE,FALSE,0.0074,0.0035,16730.72656,0.0039,8817.544922,0
5117494,אי.בי.אי. מחקה‏ (00) תל בונד צמודות-יתר,בריבית קבועה ,"אג""ח חברות צמודות מדד","אג""ח בארץ - חברות והמרה",7/30/2026 0:00,93179216.98,אי.בי.אי,,TRUE,FALSE,0.002,0,1863.584473,0.002,1863.584473,0
5117502,"ילין לפידות (1A)(!) אג""ח חברות + 10%",חברות והמרה עם מניות ועם סימן קריאה,חברות והמרה עם מניות,"אג""ח בארץ - חברות והמרה",7/30/2026 0:00,1003104617,ילין,,FALSE,FALSE,0.0091,0.0035,91282.52344,0.0056,56173.86328,0
5117510,מור (00) מדדית מדינה ללא מניות,,"אג""ח מדינה צמוד מדד- ללא מניות","אג""ח בארץ - מדינה",7/30/2026 0:00,105865510.7,מור,,FALSE,FALSE,0.0065,0.0035,6881.258301,0.003,3175.965576,0
5117536,SP 500,"ארה""ב חשופת מט""ח",מניות גיאוגרפי,"מניות בחו""ל",7/30/2026 0:00,16591019.36,מגדל,,FALSE,FALSE,0.005,0.0035,829.5509033,0.0015,248.8652496,0
5117577,"אי.בי.אי. (0B) אג""ח חברות מדורג",חברות והמרה ללא מניות וללא סימן קריאה,חברות והמרה ללא מניות,"אג""ח בארץ - חברות והמרה",7/30/2026 0:00,323784440.9,אי.בי.אי,,FALSE,FALSE,0.0095,0.0035,30759.52148,0.006,19427.06445,0
5117585,מור מחקה (4D)י NASDAQ 100,אמריקה- שווקים מפותחים,"מניות גיאוגרפי - חשופת מט""ח","מניות בחו""ל",7/30/2026 0:00,763782887.5,מור,,TRUE,FALSE,0.005,0,38189.14453,0.005,38189.14453,0
5117601,מור מחקה (4D)י S&P 500,אמריקה- שווקים מפותחים,"מניות גיאוגרפי - חשופת מט""ח","מניות בחו""ל",7/30/2026 0:00,260533498,מור,,TRUE,FALSE,0.004,0,10421.34082,0.004,10421.34082,0
5117619,"אי.בי.אי. (0B) תיק אג""ח כללי","אג""ח כללי בארץ ללא מניות וללא סימן קריאה ","אג""ח כללי בארץ - ללא מניות","אג""ח בארץ - כללי",7/30/2026 0:00,61024139.21,אי.בי.אי,,FALSE,FALSE,0.0089,0.0035,5431.148438,0.0054,3295.303223,0
5117627,אי.בי.אי. מחקה (00) משולבת ממשלתי חודשי,,"אג""ח מדינה משולבת - ללא מניות","אג""ח בארץ - מדינה",7/30/2026 0:00,34397830.74,אי.בי.אי,,TRUE,FALSE,0.005,0,1719.891602,0.005,1719.891602,0
5117650,איילון (2C)י 25/75 כשרה,,"אג""ח כללי בארץ- עד 25% מניות","אג""ח בארץ - כללי",7/30/2026 0:00,138714056.2,איילון,,FALSE,FALSE,0.0065,0.0035,9016.414063,0.003,4161.421875,0
5117668,איילון (0B) תיק השקעות ללא מניות,"אג""ח כללי בארץ ללא מניות וללא סימן קריאה ","אג""ח כללי בארץ - ללא מניות","אג""ח בארץ - כללי",7/30/2026 0:00,39931607.84,איילון,,FALSE,FALSE,0.0061,0.0035,2435.828125,0.0026,1038.22168,0
5117684,"איילון (6A) אקסטרים ת""א 125 פי 3",,ממונפות בסיכון גבוה,ממונפות ואסטרטגיות,7/30/2026 0:00,165299467.6,איילון,,FALSE,FALSE,0.0185,0.0035,30580.40234,0.015000001,24794.92188,0
5117692,"איילון (60) אקסטרים ת""א 35 פי 3",,ממונפות בסיכון גבוה,ממונפות ואסטרטגיות,7/30/2026 0:00,148299299.6,איילון,,FALSE,FALSE,0.0185,0.0035,27435.36914,0.015000001,22244.89453,0
5117700,איילון (00) כספית,כספית שקלית עם קונצרני,כספית שקלית,קרן כספית,7/30/2026 0:00,7988688789,איילון,רון סגרה,FALSE,FALSE,0.0018,0.001,143796.3906,0.0008,63909.50391,1
5117734,אימפקט (2B)י 20/80,,"אג""ח כללי בארץ - עד 20% מניות","אג""ח בארץ - כללי",7/30/2026 0:00,72080356.61,איילון,אימפקט,FALSE,FALSE,0.0085,0.0035,6126.831055,0.005,3604.018066,0
5117742,"איילון (4B) משקל שווה ת""א 35",מניות Large & Mid Cap ,מניות לפי שווי שוק,מניות בארץ,7/30/2026 0:00,18883403.87,איילון,,FALSE,FALSE,0.0115,0.0035,2171.591553,0.007999999,1510.672241,0
5117759,איילון (6D) אקסטרים 500 S&P פי 3,,ממונפות בסיכון גבוה,ממונפות ואסטרטגיות,7/30/2026 0:00,155672317.2,איילון,,FALSE,FALSE,0.0185,0.0035,28799.37891,0.015000001,23350.84961,0
5117809,איילון (0F) אקסטרים דולר פי 3,,ממונפות בסיכון גבוה,ממונפות ואסטרטגיות,7/30/2026 0:00,11817958.57,איילון,,FALSE,FALSE,0.015,0.0035,1772.693726,0.011499999,1359.065186,0
5117817,MTF מחקה (00) תל בונד צמודות – בנקים ללא COCO,בריבית קבועה ,"אג""ח חברות צמודות מדד","אג""ח בארץ - חברות והמרה",7/30/2026 0:00,102659436.2,מגדל,,TRUE,FALSE,0.0015,0,1539.891602,0.0015,1539.891602,0
5117833,אי.בי.אי. מחקה‏ (00) תל גוב-צמודות 5-10,צמודות מדד ממשלתיות - ארוך,"אג""ח מדינה צמוד מדד","אג""ח בארץ - מדינה",7/30/2026 0:00,55559291.46,אי.בי.אי,,TRUE,FALSE,0.0015,0,833.3894043,0.0015,833.3894043,0
5117841,הראל (2B) עוקבת תיק מס` 2 - הבנק הבינלאומי,,"אג""ח כללי בארץ- עד 15% מניות","אג""ח בארץ - כללי",7/30/2026 0:00,200274482.1,הראל,,FALSE,FALSE,0.0076,0.0035,15220.86133,0.0041,8211.253906,0
5117866,MTF מחקה‏ (00) תל גוב-צמודות,צמודות מדד ממשלתיות - אחר,"אג""ח מדינה צמוד מדד","אג""ח בארץ - מדינה",7/30/2026 0:00,35381118.54,מגדל,,TRUE,FALSE,0.001,0,353.8112183,0.001,353.8112183,0
5117932,צמוד A ומעלה,חברות והמרה ללא מניות וללא סימן קריאה,חברות והמרה ללא מניות,"אג""ח בארץ - חברות והמרה",7/30/2026 0:00,411157410.8,מגדל,,FALSE,FALSE,0.0079,0.0035,32481.43359,0.0044,18090.92383,0
5117957,אי.בי.אי. מחקה (00)(!) תל בונד-תשואות צמודות,בריבית קבועה ,"אג""ח חברות צמודות מדד","אג""ח בארץ - חברות והמרה",7/30/2026 0:00,237857798.3,אי.בי.אי,,TRUE,FALSE,0.002,0,4757.15625,0.002,4757.15625,0
5117973,"קסם אקטיב (4A) אירופה Index Plus - מנוטרלת מט""ח","מניות גיאוגרפי מוגנת מט""ח",מניות גיאוגרפי,"מניות בחו""ל",7/30/2026 0:00,30340449.17,קסם,,FALSE,FALSE,0.0125,0.0035,3792.556396,0.009,2730.640381,0
5118021,קסם KTFי (00) תל בונד 60 צמודות,בריבית קבועה ,"אג""ח חברות צמודות מדד","אג""ח בארץ - חברות והמרה",7/30/2026 0:00,718078363.7,קסם,,TRUE,FALSE,0.0025,0,17951.95703,0.0025,17951.95703,0
5118039,קסם KTFי (00) תל גוב שקלי 5+,‏ריבית קבועה - ארוך,"אג""ח מדינה שקליות ","אג""ח בארץ - מדינה",7/30/2026 0:00,54839278.18,קסם,,TRUE,FALSE,0,0,0,0,0,0
5118047,קסם KTFי (00) תל גוב- שקלי,ריבית קבועה,"אג""ח מדינה שקליות ","אג""ח בארץ - מדינה",7/30/2026 0:00,134301445.7,קסם,,TRUE,FALSE,0.0025,0,3357.535889,0.0025,3357.535889,0
5118054,קסם KTFי (00) תל גוב- צמודות 5-10,צמודות מדד ממשלתיות - ארוך,"אג""ח מדינה צמוד מדד","אג""ח בארץ - מדינה",7/30/2026 0:00,157162154.9,קסם,,TRUE,FALSE,0.0025,0,3929.053955,0.0025,3929.053955,0
5118062,קסם אקטיב (1B) עוקבת תיק 1 הבנק הבינלאומי,,"אג""ח כללי בארץ- עד 5% מניות","אג""ח בארץ - כללי",7/30/2026 0:00,51443194.9,קסם,,FALSE,FALSE,0.0058,0.0035,2983.705322,0.0023,1183.193481,0
5118088,"ילין לפידות (0B)(!) אג""ח TOTAL RETURN IL","אג""ח כללי בארץ ללא מניות עם סימן קריאה","אג""ח כללי בארץ - ללא מניות","אג""ח בארץ - כללי",7/30/2026 0:00,848990674,ילין,,FALSE,FALSE,0.0075,0.0035,63674.29688,0.004,33959.625,0
5118112,"קסם אקטיב (4D) ארה""ב Index Plus כשרה","ארה""ב חשופת מט""ח",מניות גיאוגרפי,"מניות בחו""ל",7/30/2026 0:00,254549076.1,קסם,,FALSE,FALSE,0.018200001,0.0035,46327.93359,0.014700001,37418.71875,0
5118120,קסם KTFי (00)(!) תל בונד-תשואות צמודות,בריבית קבועה ,"אג""ח חברות צמודות מדד","אג""ח בארץ - חברות והמרה",7/30/2026 0:00,156141747.1,קסם,,TRUE,FALSE,0.002,0,3122.835205,0.002,3122.835205,0
5118138,"קסם אקטיב (0C) אג""ח מדורג",חברות והמרה ללא מניות וללא סימן קריאה,חברות והמרה ללא מניות,"אג""ח בארץ - חברות והמרה",7/30/2026 0:00,286599634.5,קסם,,FALSE,FALSE,0.0077,0.0035,22068.17188,0.0042,12037.18555,0
5118146,קסם אקטיב (4D) תיק השקעות גמיש,,,גמישות,7/30/2026 0:00,406405234.5,קסם,,FALSE,FALSE,0.0184,0.0035,74778.57031,0.014900001,60554.38672,0
5118179,קסם iBoxx US Liquid Investment Grade Top 30 (0D) KTF,,"חברות והמרה חשופת מט""ח","אג""ח בחו""ל",7/30/2026 0:00,85667709.18,קסם,,TRUE,FALSE,0.0025,0,2141.692627,0.0025,2141.692627,0
5118187,אגח תשואה גבוה,,חברות והמרה בסיכון גבוה,"אג""ח בארץ - חברות והמרה",7/30/2026 0:00,292708538.7,מגדל,,FALSE,FALSE,0.0125,0.0035,36588.57031,0.009,26343.76758,0
5118195,90/10+,"אג""ח כללי בארץ- עד 10% מניות ועם סימן קריאה","אג""ח כללי בארץ - עד 10% מניות","אג""ח בארץ - כללי",7/30/2026 0:00,51435210.62,מגדל,,FALSE,FALSE,0.0089,0.0035,4577.733887,0.0054,2777.501221,0
5118237,"מיטב (2B) אג""ח + 20%",,"אג""ח כללי בארץ - עד 20% מניות","אג""ח בארץ - כללי",7/30/2026 0:00,275515607.7,מיטב,,FALSE,FALSE,0.0079,0.0035,21765.73242,0.0044,12122.68652,0
5118260,טרגט (2B)י 20/80,,"אג""ח כללי בארץ - עד 20% מניות","אג""ח בארץ - כללי",7/30/2026 0:00,29781854.8,איילון,טרגט,FALSE,FALSE,0.0055,0.0035,1638.001953,0.002,595.637085,0
5118310,אי.בי.אי. (1A)י 10/90,"אג""ח כללי בארץ- עד 10% מניות ללא סימן קריאה","אג""ח כללי בארץ - עד 10% מניות","אג""ח בארץ - כללי",7/30/2026 0:00,272876991.2,אי.בי.אי,,FALSE,FALSE,0.0075,0.0035,20465.77344,0.004,10915.0791,0
5118328,"אנליסט (0A) אג""ח מדורג A ומעלה מח""מ 1-4 שנים","חברות והמרה ללא מניות וללא סימן קריאה, עם מגבלת מח""מ עד 5 שנים",חברות והמרה ללא מניות,"אג""ח בארץ - חברות והמרה",7/30/2026 0:00,412394893.7,אנליסט,,FALSE,FALSE,0.0068,0.0035,28042.85156,0.0033,13609.03125,0
5118369,ילין לפידות (00) מדינה ללא מניות,,"אג""ח מדינה כללי - ללא מניות","אג""ח בארץ - מדינה",7/30/2026 0:00,83219487.65,ילין,,FALSE,FALSE,0.0055,0.0035,4577.071777,0.002,1664.389771,0
5118377,ילין לפידות (1A) מדינה צמוד קצר,,"אג""ח מדינה צמוד מדד- עד 10% מניות ","אג""ח בארץ - מדינה",7/30/2026 0:00,644780299.2,ילין,,FALSE,FALSE,0.0068,0.0035,43845.05859,0.0033,21277.75,0
5118385,75/25,,"אג""ח כללי בארץ- עד 25% מניות","אג""ח בארץ - כללי",7/30/2026 0:00,282923964.6,מגדל,,FALSE,FALSE,0.0079,0.0035,22350.99219,0.0044,12448.65332,0
5118393,תכלית 0A) TTF) תל גוב-כללי,,"אג""ח מדינה שקלי וצמוד","אג""ח בארץ - מדינה",7/30/2026 0:00,89499939.97,מיטב,,TRUE,FALSE,0.0015,0,1342.499146,0.0015,1342.499146,0
5118419,הראל מחקה (4D)י S&P 500 נקובה ב-$,אמריקה- שווקים מפותחים,"מניות גיאוגרפי - חשופת מט""ח","מניות בחו""ל",7/30/2026 0:00,145359801.3,הראל,,TRUE,FALSE,0.002,0,2907.196289,0.002,2907.196289,0
5118435,דיאמונד (2B)י 20/80 כשרה,,"אג""ח כללי בארץ - עד 20% מניות","אג""ח בארץ - כללי",7/30/2026 0:00,56381606.94,איילון,דיאמונד,FALSE,FALSE,0.0139,0.0035,7837.043457,0.010399999,5863.686523,0
5118450,"MTF מחקה‏ (2A) משולבת אג""ח ישראל (90%) מניות חו""ל (10%) חודשי מנוטרלת מט""ח",,עד 10% מניות,"אג""ח בארץ משולבת",7/30/2026 0:00,54154657.41,מגדל,,TRUE,FALSE,0.0049,0,2653.578369,0.0049,2653.578369,0
5118476,"אלטשולר שחם (2B) אג""ח מדינה + 20%",,"אג""ח מדינה כללי- עד 20% מניות","אג""ח בארץ - מדינה",7/30/2026 0:00,55528760.1,אלטשולר,,FALSE,FALSE,0.0075,0.0035,4164.656738,0.004,2221.150391,0
5118534,"קסם אקטיב (0D)(!) אג""ח חו""ל דולר HY",,"אג""ח חשופת דולר","אג""ח בחו""ל ",7/30/2026 0:00,25789515.11,קסם,"הפניקס קפיטל פרטנרס בע""מ",FALSE,FALSE,0.0075,0.0035,1934.213623,0.004,1031.580566,0
5118559,מור מחקה (00) תל בונד צמודות- בנקים ללא COCO,בריבית קבועה ,"אג""ח חברות צמודות מדד","אג""ח בארץ - חברות והמרה",7/30/2026 0:00,21798552.35,מור,,TRUE,FALSE,0.002,0,435.9710693,0.002,435.9710693,0
5118591,"אלטשולר שחם (0A)(!) אג""ח ארה""ב/חו""ל קונצרני עד 10% מט""ח",,"אג""ח מוגנת מט""ח","אג""ח בחו""ל ",7/30/2026 0:00,352286218.5,אלטשולר,,FALSE,FALSE,0.0095,0.0035,33467.1875,0.006,21137.16992,0
5118609,"אלטשולר שחם (4B) שווקים מפותחים עד 30% מט""ח","מניות גיאוגרפי מוגנת מט""ח",מניות גיאוגרפי,"מניות בחו""ל",7/30/2026 0:00,951859144.1,אלטשולר,,FALSE,FALSE,0.015,0.0035,142778.8594,0.011499999,109463.7891,0
5118617,ילין לפידות (2C)י 25/75,,"אג""ח כללי בארץ- עד 25% מניות","אג""ח בארץ - כללי",7/30/2026 0:00,849141443.9,ילין,,FALSE,FALSE,0.0079,0.0035,67082.17188,0.0044,37362.21875,0
5118625,איילון (2C) עוקבת תיק 3 הבנק הבינלאומי,,"אג""ח כללי בארץ - עד 30% מניות","אג""ח בארץ - כללי",7/30/2026 0:00,235839204.9,איילון,,FALSE,FALSE,0.006,0.0035,14150.35254,0.0025,5895.97998,0
5118633,"מור (0A)(!) תיק אג""ח קונצרני",חברות והמרה ללא מניות עם סימן קריאה,חברות והמרה ללא מניות,"אג""ח בארץ - חברות והמרה",7/30/2026 0:00,727356728.9,מור,,FALSE,FALSE,0.0088,0.0035,64007.39453,0.0053,38549.90625,0
5118641,"מור (00) אג""ח מדינה - כשרה",,"אג""ח מדינה כללי - ללא מניות","אג""ח בארץ - מדינה",7/30/2026 0:00,152456086.3,מור,,FALSE,FALSE,0.0064,0.0035,9757.189453,0.0029,4421.226074,0
5118666,"תמיר פישמן (0A) אג""ח מדינה פלוס",,"אג""ח מדינה כללי - ללא מניות","אג""ח בארץ - מדינה",7/30/2026 0:00,24530379.59,תמיר,,FALSE,FALSE,0.0055,0.0035,1349.170898,0.002,490.6075745,0
5118674,FOREST י(2B)י 20/80,,"אג""ח כללי בארץ - עד 20% מניות","אג""ח בארץ - כללי",7/30/2026 0:00,1116197666,פורסט,,FALSE,FALSE,0.0095,0.0035,106038.7734,0.006,66971.85156,0
5118690,"אי.בי.אי. מחקה (4A) משולבת DAX (70%) STOXX Europe 600י (30%) חודשי מנוטרלת מט""ח",,"מניות בחו""ל קרן משולבת","מניות בחו""ל",7/30/2026 0:00,58704989.43,אי.בי.אי,,TRUE,FALSE,0.008,0,4696.399414,0.008,4696.399414,0
5118716,מיטב (2B) תיק השקעות + 30%,,"אג""ח כללי בארץ - עד 30% מניות","אג""ח בארץ - כללי",7/30/2026 0:00,508259070.7,מיטב,,FALSE,FALSE,0.0079,0.0035,40152.46484,0.0044,22363.39844,0
5118724,"תכלית TTF י(2B) משולבת אגח ממשלתי קונצרני (90%) מניות (20%) מנוטרלת מט""ח חודשי",,עד 20% מניות,"אג""ח בארץ משולבת",7/30/2026 0:00,50629571.87,מיטב,,TRUE,FALSE,0.0065,0,3290.922119,0.0065,3290.922119,0
5118740,"תכלית TTF י(40) ת""א 90",Mid Cap,מניות לפי שווי שוק,מניות בארץ,7/30/2026 0:00,567519836.2,מיטב,,TRUE,FALSE,0,0,0,0,0,0
5118757,תכלית TTF י(00) תל בונד צמודות-בנקים ללא COCO,בריבית קבועה ,"אג""ח חברות צמודות מדד","אג""ח בארץ - חברות והמרה",7/30/2026 0:00,56607147.22,מיטב,,TRUE,FALSE,0.002,0,1132.143066,0.002,1132.143066,0
5118765,טרגט (1B)י 10/90,"אג""ח כללי בארץ- עד 10% מניות ללא סימן קריאה","אג""ח כללי בארץ - עד 10% מניות","אג""ח בארץ - כללי",7/30/2026 0:00,87340543.97,איילון,טרגט,FALSE,FALSE,0.0055,0.0035,4803.72998,0.002,1746.810791,0
5118773,"טרגט אג""ח חברות (0A)(!) ללא מניות",חברות והמרה ללא מניות עם סימן קריאה,חברות והמרה ללא מניות,"אג""ח בארץ - חברות והמרה",7/30/2026 0:00,47062750.26,איילון,טרגט,FALSE,FALSE,0.0055,0.0035,2588.451416,0.002,941.2550049,0
5118781,"קסם Morningstar Wide Moat Focus (4A) KTF מנוטרלת מט""ח",אמריקה- כללי,"מניות גיאוגרפי - מנוטרלת מט""ח","מניות בחו""ל",7/30/2026 0:00,281389758.8,קסם,,TRUE,FALSE,0.008,0,22511.18164,0.008,22511.18164,0
5118799,עוקבת תיק 3,,"אג""ח כללי בארץ - עד 30% מניות","אג""ח בארץ - כללי",7/30/2026 0:00,202750713.3,מגדל,,FALSE,FALSE,0.0069,0.0035,13989.7998,0.0034,6893.523926,0
5118815,קסם אקטיב (1A)(!) מבחר קונצרני +10%,חברות והמרה עם מניות ועם סימן קריאה,חברות והמרה עם מניות,"אג""ח בארץ - חברות והמרה",7/30/2026 0:00,89290497.13,קסם,,FALSE,FALSE,0.0083,0.0035,7411.11084,0.0048,4285.943848,0
5118849,הראל (4A) מניות ישראל Large & Mid Cap,מניות Large & Mid Cap ,מניות לפי שווי שוק,מניות בארץ,7/30/2026 0:00,240310382.9,הראל,,FALSE,FALSE,0.0195,0.0035,46860.52344,0.016000001,38449.66406,0
5118872,"קסם אקטיב (4A) סקטורים חו""ל - מנוטרלת מט""ח",,"מניות לפי ענפים בחו""ל","מניות בחו""ל",7/30/2026 0:00,67258822.02,קסם,Eagle Labs Capital (Israel) Ltd,FALSE,FALSE,0.0155,0.0035,10425.11816,0.012,8071.059082,0
5118880,קסם אקטיב (0D) קונצרני צמוד דולר פלוס,חברות והמרה ללא מניות וללא סימן קריאה,חברות והמרה ללא מניות,"אג""ח בארץ - חברות והמרה",7/30/2026 0:00,22912896.06,קסם,,FALSE,FALSE,0.0078,0.0035,1787.205811,0.0043,985.2544556,0
5118898,קסם אקטיב (4B) מניות ישראל Buy Side,מניות All Cap,מניות לפי שווי שוק,מניות בארץ,7/30/2026 0:00,115744096.3,קסם,,FALSE,FALSE,0.016100001,0.0035,18634.80078,0.012600001,14583.75781,0
5118930,מיטב (4B) מניות ESG ישראל,מניות All Cap,מניות לפי שווי שוק,מניות בארץ,7/30/2026 0:00,295432715.5,מיטב,,FALSE,FALSE,0.015,0.0035,44314.90234,0.011499999,33974.75781,0
5118948,הורייזן (2B)י 30/70,,"אג""ח כללי בארץ - עד 30% מניות","אג""ח בארץ - כללי",7/30/2026 0:00,212144865.8,איילון,הורייזן,FALSE,FALSE,0.009,0.0035,19093.03711,0.0055,11667.9668,0
5118955,הורייזן (2B)י 20/80,,"אג""ח כללי בארץ - עד 20% מניות","אג""ח בארץ - כללי",7/30/2026 0:00,155444834.6,איילון,הורייזן,FALSE,FALSE,0.009,0.0035,13990.03418,0.0055,8549.464844,0
5118963,אנליסט (1A) פיזור רחב 10/90,"אג""ח כללי בארץ- עד 10% מניות ללא סימן קריאה","אג""ח כללי בארץ - עד 10% מניות","אג""ח בארץ - כללי",7/30/2026 0:00,291287218.6,אנליסט,,FALSE,FALSE,0.0076,0.0035,22137.83008,0.0041,11942.77637,0
5118997,"MTF מחקה (4A) ת""א SME60",Small Cap & Mid,מניות לפי שווי שוק,מניות בארץ,7/30/2026 0:00,226539140.3,מגדל,,TRUE,FALSE,0.005,0,11326.95605,0.005,11326.95605,0
5119003,"קסם אקטיב (4D) מניות ארה""ב","ארה""ב חשופת מט""ח",מניות גיאוגרפי,"מניות בחו""ל",7/30/2026 0:00,150842923.8,קסם,"הפניקס קפיטל פרטנרס בע""מ ",FALSE,FALSE,0.016100001,0.0035,24285.71289,0.012600001,19006.21094,0
5119060,ילין לפידות (1B)י 5/95,,"אג""ח כללי בארץ- עד 5% מניות","אג""ח בארץ - כללי",7/30/2026 0:00,67582424.31,ילין,,FALSE,FALSE,0.0054,0.0035,3649.450928,0.0019,1284.066162,0
5119078,מור (1A) מדינה + 10%,,"אג""ח מדינה כללי - עד 10% מניות","אג""ח בארץ - מדינה",7/30/2026 0:00,696780754.6,מור,,FALSE,FALSE,0.0059,0.0035,41110.06641,0.0024,16722.73828,0
5119086,"מור (2A) תיק אג""ח + 30%",,"אג""ח כללי בארץ - עד 30% מניות","אג""ח בארץ - כללי",7/30/2026 0:00,1053102580,מור,,FALSE,FALSE,0.0076,0.0035,80035.80469,0.0041,43177.20703,0
5119144,"אנליסט (4D) מניות חו""ל","מניות כללי בחו""ל חשופת מט""ח","מניות כללי בחו""ל","מניות בחו""ל",7/30/2026 0:00,26855951.91,אנליסט,,FALSE,FALSE,0.024,0.0035,6445.428711,0.020500001,5505.470215,0
5119151,MTF מחקה‏ (0A) תל בונד מאגר,"אג""ח חברות שקלי וצמוד","אג""ח חברות ","אג""ח בארץ - חברות והמרה",7/30/2026 0:00,168495875,מגדל,,TRUE,FALSE,0.0017,0,2864.429932,0.0017,2864.429932,0
5119177,מור מחקה (0A) תל בונד מאגר,אחר,"אג""ח חברות ","אג""ח בארץ - חברות והמרה",7/30/2026 0:00,44935773.49,מור,,TRUE,FALSE,0.0025,0,1123.394287,0.0025,1123.394287,0
5119185,"אי.בי.אי. מחקה (4A) משולבת מניות ארה""ב חודשי מנוטרלת מט""ח",,"מניות בחו""ל קרן משולבת","מניות בחו""ל",7/30/2026 0:00,412231007.9,אי.בי.אי,,TRUE,FALSE,0.005,0,20611.55078,0.005,20611.55078,0
5119201,"אלטשולר שחם מחקה (4A)י Low Volatility ת""א 125 A.B SmartBeta",Mid Cap & Large ,מניות לפי שווי שוק,מניות בארץ,7/30/2026 0:00,261177831.8,אלטשולר,,TRUE,FALSE,0.008,0,20894.22656,0.008,20894.22656,0
5119219,"אלטשולר שחם מחקה (4A) מולטי פקטור ת""א 125 A.B SmartBeta",Mid Cap & Large ,מניות לפי שווי שוק,מניות בארץ,7/30/2026 0:00,536305408.4,אלטשולר,,TRUE,FALSE,0.008,0,42904.43359,0.008,42904.43359,0
5119227,"אלטשולר שחם מחקה (2A)י SmartBeta משולבת אג""ח (90%) ומניות (10%) חודשי",,עד 10% מניות,"אג""ח בארץ משולבת",7/30/2026 0:00,15094971.01,אלטשולר,,TRUE,FALSE,0.0055,0,830.2233887,0.0055,830.2233887,0
5119235,אלטשולר שחם מחקה (00) מומנטום קונצרני (-A) ומעלה A.B SmartBeta,"אג""ח חברות שקלי וצמוד","אג""ח חברות ","אג""ח בארץ - חברות והמרה",7/30/2026 0:00,12366231.19,אלטשולר,,TRUE,FALSE,0.005,0,618.3115234,0.005,618.3115234,0
5119243,ילין לפידות (1B)(!)י 10/90 צמיחה,"אג""ח כללי בארץ- עד 10% מניות ועם סימן קריאה","אג""ח כללי בארץ - עד 10% מניות","אג""ח בארץ - כללי",7/30/2026 0:00,1041866885,ילין,,FALSE,FALSE,0.0079,0.0035,82307.48438,0.0044,45842.14063,0
5119318,אי.בי.אי. מחקה (4D)י MSCI Emerging Markets,גלובלי- שווקים מתעוררים,"מניות גיאוגרפי - חשופת מט""ח","מניות בחו""ל",7/30/2026 0:00,115017233.6,אי.בי.אי,,TRUE,FALSE,0.008,0,9201.378906,0.008,9201.378906,0
5119359,מיטב (1A)י 5/95,,"אג""ח כללי בארץ- עד 5% מניות","אג""ח בארץ - כללי",7/30/2026 0:00,39658478.15,מיטב,,FALSE,FALSE,0.0056,0.0035,2220.874756,0.0021,832.8279419,0
5119367,"מיטב (1B) אג""ח פלוס","אג""ח כללי בארץ- עד 10% מניות ללא סימן קריאה","אג""ח כללי בארץ - עד 10% מניות","אג""ח בארץ - כללי",7/30/2026 0:00,78559460.71,מיטב,,FALSE,FALSE,0.0069,0.0035,5420.603027,0.0034,2671.021484,0
5119375,תכלית TTF י(00) תל גוב-שקלי 5+,‏ריבית קבועה - ארוך,"אג""ח מדינה שקליות ","אג""ח בארץ - מדינה",7/30/2026 0:00,185766939,מיטב,,TRUE,FALSE,0,0,0,0,0,0
5119383,תכלית TTF י(00) תל גוב-צמודות 5-10,צמודות מדד ממשלתיות - ארוך,"אג""ח מדינה צמוד מדד","אג""ח בארץ - מדינה",7/30/2026 0:00,99298884.78,מיטב,,TRUE,FALSE,0,0,0,0,0,0
5119409,הראל (00) כספית שקלית,כספית שקלית עם קונצרני,כספית שקלית,קרן כספית,7/30/2026 0:00,4300075794,הראל,,FALSE,FALSE,0.0019,0.001,81701.44531,0.0009,38700.68359,1
5119417,אי.בי.אי. (2B) י 15/85,,"אג""ח כללי בארץ- עד 15% מניות","אג""ח בארץ - כללי",7/30/2026 0:00,408556394.7,אי.בי.אי,,FALSE,FALSE,0.0079,0.0035,32275.95313,0.0044,17976.48047,0
5119425,"אי.בי.אי. (0B)(!) אג""ח חברות",חברות והמרה ללא מניות עם סימן קריאה,חברות והמרה ללא מניות,"אג""ח בארץ - חברות והמרה",7/30/2026 0:00,529235606.9,אי.בי.אי,,FALSE,FALSE,0.0089,0.0035,47101.96875,0.0054,28578.7207,0
5119441,"הראל (0B) תיק אג""ח קונצרני - כשרה","חברות והמרה ללא מניות וללא סימן קריאה, עם מגבלת מח""מ עד 5 שנים",חברות והמרה ללא מניות,"אג""ח בארץ - חברות והמרה",7/30/2026 0:00,444067293.6,הראל,הראל פיננסים,FALSE,FALSE,0.011,0.0035,48847.40234,0.0075,33305.04688,0
5119458,"הראל (0B)(!) תיק אג""ח כללי - כשרה","אג""ח כללי בארץ ללא מניות עם סימן קריאה","אג""ח כללי בארץ - ללא מניות","אג""ח בארץ - כללי",7/30/2026 0:00,514939884.8,הראל,הראל פיננסים,FALSE,FALSE,0.0114,0.0035,58703.14844,0.0079,40680.25,0
5119466,מור (4B) מניות ישראל,מניות All Cap,מניות לפי שווי שוק,מניות בארץ,7/30/2026 0:00,2451287482,מור,,FALSE,FALSE,0.016899999,0.0035,414267.5625,0.0134,328472.5313,0
5119508,ילין לפידות (4D) מניות צמיחה,מניות All Cap,מניות לפי שווי שוק,מניות בארץ,7/30/2026 0:00,474548273.6,ילין,,FALSE,FALSE,0.017999999,0.0035,85418.6875,0.0145,68809.5,0
5119607,"אנליסט (00) אג""ח מדינה עד 5 שנים ללא מניות",,"אג""ח מדינה כללי - ללא מניות","אג""ח בארץ - מדינה",7/30/2026 0:00,221840910.6,אנליסט,,FALSE,FALSE,0.0062,0.0035,13754.13672,0.0027,5989.70459,0
5119615,"MTF מחקה‏ (2A) משולבת אג""ח ישראל (85%) מניות (15%) חודשי מנוטרלת מט""ח",,עד 20% מניות,"אג""ח בארץ משולבת",7/30/2026 0:00,17618078.62,מגדל,,TRUE,FALSE,0.0049,0,863.2858276,0.0049,863.2858276,0
5119623,"MTF מחקה (2A) משולבת ממשלתי (90%) מניות (10%) חודשי מנוטרלת מט""ח",,"אג""ח מדינה משולבת - עד 10% מניות","אג""ח בארץ - מדינה",7/30/2026 0:00,15309245.48,מגדל,,TRUE,FALSE,0.0049,0,750.1530151,0.0049,750.1530151,0
5119664,קסם אקטיב (00) ממשלתי צמוד בינוני,,"אג""ח מדינה צמוד מדד- ללא מניות","אג""ח בארץ - מדינה",7/30/2026 0:00,785163777.3,קסם,,FALSE,FALSE,0.0064,0.0035,50250.48047,0.0029,22769.74805,0
5119672,"אנליסט (0A)(!) אג""ח פיזור רחב ללא מניות","אג""ח כללי בארץ ללא מניות עם סימן קריאה","אג""ח כללי בארץ - ללא מניות","אג""ח בארץ - כללי",7/30/2026 0:00,74273312.28,אנליסט,,FALSE,FALSE,0.0065,0.0035,4827.765137,0.003,2228.199463,0
5119706,"אי.בי.אי. מחקה (2A) משולבת אג""ח (90%) מניות (10%) חודשי",,עד 10% מניות,"אג""ח בארץ משולבת",7/30/2026 0:00,64076563.83,אי.בי.אי,,TRUE,FALSE,0.005,0,3203.828125,0.005,3203.828125,0
5119730,"קסם אקטיב (2D) ספיר חו""ל 30/70 - נקובה $",,"אג""ח נקובת מט""ח","אג""ח בחו""ל ",7/30/2026 0:00,360945595.7,קסם,,FALSE,FALSE,0.0079,0.0035,28514.70117,0.0044,15881.60547,0
5119813,מור כספית (00),כספית שקלית עם קונצרני,כספית שקלית,קרן כספית,7/30/2026 0:00,4333990245,מור,,FALSE,FALSE,0.0024,0.001,104015.7734,0.0014,60675.87109,1
5119821,מור 15/85 (2A),,"אג""ח כללי בארץ- עד 15% מניות","אג""ח בארץ - כללי",7/30/2026 0:00,1026890101,מור,,FALSE,FALSE,0.0073,0.0035,74962.98438,0.0038,39021.82813,0
5119839,"אי. בי. אי. (0A)(!) אג""ח חו""ל מנוטרלת מט""ח",,"אג""ח מוגנת מט""ח","אג""ח בחו""ל ",7/30/2026 0:00,21673488.32,אי.בי.אי,,FALSE,FALSE,0.007,0.0035,1517.144165,0.0035,758.5720825,0
5119854,פרופאונד (4B) מנייתית,מניות All Cap,מניות לפי שווי שוק,מניות בארץ,7/30/2026 0:00,750767972.4,איילון,פרופאונד,FALSE,FALSE,0.0185,0.0035,138892.0781,0.015000001,112615.2031,0
5119862,"דיאמונד (0A) אג""ח ללא מניות אור החיים","אג""ח כללי בארץ ללא מניות וללא סימן קריאה ","אג""ח כללי בארץ - ללא מניות","אג""ח בארץ - כללי",7/30/2026 0:00,980088054.3,איילון,דיאמונד,FALSE,FALSE,0.0079,0.0035,77426.95313,0.0044,43123.87109,0
5119904,"אי.בי.אי. מחקה (0A) משולבת אג""ח ישראל (100%) חודשי",,ללא מניות,"אג""ח בארץ משולבת",7/30/2026 0:00,51851307.9,אי.בי.אי,,TRUE,FALSE,0.005,0,2592.56543,0.005,2592.56543,0
5119953,ילין לפידות (0A)י A ומעלה עד 4 שנים,"חברות והמרה ללא מניות וללא סימן קריאה, עם מגבלת מח""מ עד 5 שנים",חברות והמרה ללא מניות,"אג""ח בארץ - חברות והמרה",7/30/2026 0:00,748429918.9,ילין,,FALSE,FALSE,0.0076,0.0035,56880.67578,0.0041,30685.625,0
5119961,"ילין לפידות (0D)(!) אג""ח חו""ל",,"אג""ח חשופת מט""ח","אג""ח בחו""ל ",7/30/2026 0:00,73454862.99,ילין,,FALSE,FALSE,0.0079,0.0035,5802.934082,0.0044,3232.013672,0
5119987,אושן יצירה (4B) תיק מניות,מניות All Cap,מניות לפי שווי שוק,מניות בארץ,7/30/2026 0:00,65614176.82,סיגמא,"אושן פרטנרס בע""מ ",FALSE,FALSE,0.0185,0.0035,12138.62207,0.015000001,9842.126953,0
5120068,"ילין לפידות (0B)(!) אג""ח קונצרני",חברות והמרה ללא מניות עם סימן קריאה,חברות והמרה ללא מניות,"אג""ח בארץ - חברות והמרה",7/30/2026 0:00,1165979771,ילין,,FALSE,FALSE,0.0089,0.0035,103772.2031,0.0054,62962.90234,0
5120126,"ילין לפידות (1D)י 10/90 תיק אג""ח חו""ל ומניות",,"אג""ח חשופת מט""ח","אג""ח בחו""ל ",7/30/2026 0:00,329890556.8,ילין,,FALSE,FALSE,0.0079,0.0035,26061.35352,0.0044,14515.18359,0
5120225,אימפקט (4B) מניות,מניות All Cap,מניות לפי שווי שוק,מניות בארץ,7/30/2026 0:00,92758909.75,איילון,אימפקט,FALSE,FALSE,0.016000001,0.0035,14841.42676,0.012500001,11594.86426,0
5120282,"אי.בי.אי. מחקה (4A)י Solactive נדל""ן מניב ישראל","נדל""ן ובנייה",מניות לפי ענפים,מניות בארץ,7/30/2026 0:00,128395586.1,אי.בי.אי,,TRUE,FALSE,0.008,0,10271.64746,0.008,10271.64746,0
5120340,הראל (0A) עוקבת מרכיב נזילות - הבנק הבינלאומי,"חברות והמרה ללא מניות וללא סימן קריאה, עם מגבלת מח""מ עד 5 שנים",חברות והמרה ללא מניות,"אג""ח בארץ - חברות והמרה",7/30/2026 0:00,43077660.52,הראל,,FALSE,FALSE,0.0049,0.0035,2110.80542,0.0014,603.0872192,0
5120381,"איילון (0B)(!) אג""ח ללא מניות","אג""ח כללי בארץ ללא מניות עם סימן קריאה","אג""ח כללי בארץ - ללא מניות","אג""ח בארץ - כללי",7/30/2026 0:00,58789519.92,איילון,,FALSE,FALSE,0.0068,0.0035,3997.6875,0.0033,1940.054199,0
5120423,מגדל (1B) תיק 10/90,"אג""ח כללי בארץ- עד 10% מניות ללא סימן קריאה","אג""ח כללי בארץ - עד 10% מניות","אג""ח בארץ - כללי",7/30/2026 0:00,602501556.1,מגדל,,FALSE,FALSE,0.0079,0.0035,47597.62109,0.0044,26510.06641,0
5120464,"תמיר פישמן (1D) אג""ח חו""ל בריבית משתנה",,"אג""ח חשופת מט""ח","אג""ח בחו""ל ",7/30/2026 0:00,47780624.09,תמיר,,FALSE,FALSE,0.0085,0.0035,4061.353271,0.005,2389.03125,0
5120514,אפיקים חול,"מניות כללי בחו""ל חשופת מט""ח","מניות כללי בחו""ל","מניות בחו""ל",7/30/2026 0:00,70212585.17,מגדל,מגדל ניהול תיקים,FALSE,FALSE,0.0297,0.0035,20853.13672,0.0262,18395.69727,0
5120522,תמיר פישמן (4C) מניות,מניות All Cap,מניות לפי שווי שוק,מניות בארץ,7/30/2026 0:00,2692707694,תמיר,,FALSE,FALSE,0.017899999,0.0035,481994.6563,0.0144,387749.875,0
5120563,אי.בי.אי. מחקה (00) All-Bond-ריבית משתנה שקלי,בריבית  משתנה,"אג""ח חברות שקלי","אג""ח בארץ - חברות והמרה",7/30/2026 0:00,16370021.92,אי.בי.אי,,TRUE,FALSE,0.002,0,327.4004517,0.002,327.4004517,0
5120613,סיגמא (4C) מניות ישראל,מניות All Cap,מניות לפי שווי שוק,מניות בארץ,7/30/2026 0:00,1889181804,סיגמא,,FALSE,FALSE,0.015900001,0.0035,300379.9063,0.012400001,234258.5781,0
5120647,אי.בי.אי. (0A) מדינה פלוס A ומעלה,,"אג""ח מדינה כללי - ללא מניות","אג""ח בארץ - מדינה",7/30/2026 0:00,905861285.3,אי.בי.אי,,FALSE,FALSE,0.007,0.0035,63410.29297,0.0035,31705.14648,0
5120662,"אי.בי.אי. (1B)(!) תיק אג""ח + 10%","אג""ח כללי בארץ- עד 10% מניות ועם סימן קריאה","אג""ח כללי בארץ - עד 10% מניות","אג""ח בארץ - כללי",7/30/2026 0:00,800124817.5,אי.בי.אי,,FALSE,FALSE,0.0069,0.0035,55208.61328,0.0034,27204.24023,0
5120704,"סיגמא (0A)(!) תיק אג""ח ללא מניות","אג""ח כללי בארץ ללא מניות עם סימן קריאה","אג""ח כללי בארץ - ללא מניות","אג""ח בארץ - כללי",7/30/2026 0:00,75345662.78,סיגמא,,FALSE,FALSE,0.0076,0.0035,5726.270996,0.0041,3089.172119,0
5120720,"סיגמא (1B)(!) תיק אג""ח + 10%","אג""ח כללי בארץ- עד 10% מניות ועם סימן קריאה","אג""ח כללי בארץ - עד 10% מניות","אג""ח בארץ - כללי",7/30/2026 0:00,65453478.98,סיגמא,,FALSE,FALSE,0.0079,0.0035,5170.824707,0.0044,2879.952881,0
5120738,מיטב (0A)(!) שקלי קונצרני עד 4 שנים,,חברות והמרה שקלי ללא מניות,"אג""ח בארץ - חברות והמרה",7/30/2026 0:00,49737103.63,מיטב,,FALSE,FALSE,0.0062,0.0035,3083.700439,0.0027,1342.901855,0
5120779,"הראל (4B) השקעות ת""א Large & Mid Cap",מניות Large & Mid Cap ,מניות לפי שווי שוק,מניות בארץ,7/30/2026 0:00,62577866.78,הראל,"בינה בית השקעות בע""מ",FALSE,FALSE,0.014,0.0035,8760.901367,0.010500001,6570.676758,0
5120795,אנליסט (4D) גמישה,,,גמישות,7/30/2026 0:00,392398330.4,אנליסט,,FALSE,FALSE,0.019300001,0.0035,75732.88281,0.015800001,61998.94141,0
5120811,אנליסט (4B) מניות,מניות All Cap,מניות לפי שווי שוק,מניות בארץ,7/30/2026 0:00,436978500.3,אנליסט,,FALSE,FALSE,0.020500001,0.0035,89580.59375,0.017000001,74286.35156,0
5120837,אנליסט (4B) תעשיות,,מניות לפי ענפים,מניות בארץ,7/30/2026 0:00,143470518.8,אנליסט,,FALSE,FALSE,0.020500001,0.0035,29411.45508,0.017000001,24389.98828,0
5120852,אנליסט (00) כספית שקלית,כספית שקלית עם קונצרני,כספית שקלית,קרן כספית,7/30/2026 0:00,6683935610,אנליסט,,FALSE,FALSE,0.00169,0.001,112958.5078,0.00069,46119.14844,1
5120886,מיטב (0B) סולידית,"אג""ח כללי בארץ בדירוג גבוה בלבד (AA ומעלה ו/ או מדינה)","אג""ח כללי בארץ - ללא מניות","אג""ח בארץ - כללי",7/30/2026 0:00,530331358.5,מיטב,,FALSE,FALSE,0.0079,0.0035,41896.17578,0.0044,23334.57813,0
5120894,"אנליסט (2C) אג""ח חברות + 30%",חברות והמרה עם מניות ללא סימן קריאה,חברות והמרה עם מניות,"אג""ח בארץ - חברות והמרה",7/30/2026 0:00,28769586.53,אנליסט,,FALSE,FALSE,0.018999999,0.0035,5466.221191,0.0155,4459.285645,0
5120902,"מיטב (2D) עוקבת תיק 2 חו""ל הבנק הבינלאומי",,"אג""ח חשופת מט""ח","אג""ח בחו""ל ",7/30/2026 0:00,83180872.51,מיטב,,FALSE,FALSE,0.0069,0.0035,5739.480469,0.0034,2828.149414,0
5120910,"אנליסט (1C) אג""ח מדינה + 10%",,"אג""ח מדינה כללי - עד 10% מניות","אג""ח בארץ - מדינה",7/30/2026 0:00,31334416.91,אנליסט,,FALSE,FALSE,0.0059,0.0035,1848.730591,0.0024,752.026001,0
5120951,אזימוט (2B)י 25/75,,"אג""ח כללי בארץ- עד 25% מניות","אג""ח בארץ - כללי",7/30/2026 0:00,16623499.18,איילון,אזימוטליין,FALSE,FALSE,0.0075,0.0035,1246.762329,0.004,664.9399414,0
5120977,"ילין לפידות (4D) מניות חו""ל","מניות כללי בחו""ל חשופת מט""ח","מניות כללי בחו""ל","מניות בחו""ל",7/30/2026 0:00,505762129.9,ילין,,FALSE,FALSE,0.017000001,0.0035,85979.57031,0.013500001,68277.89063,0
5120993,"קסם אקטיב (1A) אג""ח חו""ל מנוטרלת מט""ח",,"אג""ח מוגנת מט""ח","אג""ח בחו""ל ",7/30/2026 0:00,219384690.7,קסם,,FALSE,FALSE,0.0075,0.0035,16453.85156,0.004,8775.387695,0
5121025,קסם KTFי (00) All-Bond -ריבית משתנה שקלי,,,"אג""ח בארץ כללי",7/30/2026 0:00,16377747.11,קסם,,TRUE,FALSE,0.0035,0,573.2211304,0.0035,573.2211304,0
5121058,קסם אקטיב (0D) כספית דולר מגמת ריבית,חשופת דולר,"כספית מט""חית עם קונצרני",קרן כספית,7/30/2026 0:00,167114481.4,קסם,,FALSE,FALSE,0.0019,0.001,3175.175293,0.0009,1504.030273,1
5121090,מור (2A) מדדית מדינה +20%,,"אג""ח מדינה כללי- עד 20% מניות","אג""ח בארץ - מדינה",7/30/2026 0:00,435953720.6,מור,,FALSE,FALSE,0.0065,0.0035,28336.99219,0.003,13078.6123,0
5121132,קסם Bluestar Israel Global Technology (4D) KTF,Technology,"מניות לפי ענפים בחו""ל - חשופת מט""ח","מניות בחו""ל",7/30/2026 0:00,18032539.54,קסם,,TRUE,FALSE,0.008,0,1442.603271,0.008,1442.603271,0
5121140,אנליסט (00) כספית,כספית שקלית עם קונצרני,כספית שקלית,קרן כספית,7/30/2026 0:00,5459763078,אנליסט,,FALSE,FALSE,0.00215,0.001,117384.9063,0.00115,62787.27734,1
5121181,"ילין לפידות (1B)י 10/90 תיק אג""ח חו""ל ומניות עד 30% מט""ח",,"אג""ח מוגנת מט""ח","אג""ח בחו""ל ",7/30/2026 0:00,24070855.49,ילין,,FALSE,FALSE,0.007,0.0035,1684.959961,0.0035,842.4799805,0
5121207,"MTF מחקה (iBoxx US Liquid Investment Grade Top 30 (0A מנוטרלת מט""ח",,"חברות והמרה  מנוטרלת מט""ח  ","אג""ח בחו""ל",7/30/2026 0:00,435705853.6,מגדל,,TRUE,FALSE,0.0025,0,10892.64648,0.0025,10892.64648,0
5121223,קסם KTFי (00)(!) תל בונד תשואות שקל,בריבית קבועה,"אג""ח חברות שקלי","אג""ח בארץ - חברות והמרה",7/30/2026 0:00,29014606.5,קסם,,TRUE,FALSE,0.0025,0,725.3651123,0.0025,725.3651123,0
5121249,"מור (1D)י 10/90 תיק אג""ח חו""ל",,"אג""ח חשופת מט""ח","אג""ח בחו""ל ",7/30/2026 0:00,180983120.4,מור,,FALSE,FALSE,0.0084,0.0035,15202.58203,0.0049,8868.171875,0
5121272,מיטב (0B) מדינה,,"אג""ח מדינה כללי - ללא מניות","אג""ח בארץ - מדינה",7/30/2026 0:00,529374463.8,מיטב,,FALSE,FALSE,0.0069,0.0035,36526.83984,0.0034,17998.73047,0
5121306,"אלטשולר שחם מחקה (4A)י SmartBeta משולבת ת""א Large Cap חודשי",,מניות בארץ קרן משולבת,מניות בארץ,7/30/2026 0:00,170999575.3,אלטשולר,,TRUE,FALSE,0.008,0,13679.9668,0.008,13679.9668,0
5121322,"תכלית 4D) TTF) משולבת סל מניות חו""ל חודשי",,"מניות בחו""ל קרן משולבת","מניות בחו""ל",7/30/2026 0:00,75716698.47,מיטב,,TRUE,FALSE,0.007,0,5300.168945,0.007,5300.168945,0
5121330,"קסם אקטיב (3D) ספיר תיק אג""ח ומניות חו""ל",,"אג""ח חשופת מט""ח","אג""ח בחו""ל ",7/30/2026 0:00,109289119.8,קסם,,FALSE,FALSE,0.0075,0.0035,8196.683594,0.004,4371.564453,0
5121363,אלפי בנדק (2C)י 20/80,,"אג""ח כללי בארץ - עד 20% מניות","אג""ח בארץ - כללי",7/30/2026 0:00,44991248.59,הראל,אלפי בנדק,FALSE,FALSE,0.0079,0.0035,3554.308594,0.0044,1979.614746,0
5121405,MTF מחקה (00) משולבת תל גוב-צמודות 2-5 (60%) קונצרני צמוד (40%) חודשי,,ללא מניות,"אג""ח בארץ משולבת",7/30/2026 0:00,46152423.26,מגדל,,TRUE,FALSE,0.0039,0,1799.944458,0.0039,1799.944458,0
5121413,MTF מחקה (00) משולבת ממשלתיות (60%) קונצרני ישראלי (40%) חודשי ,,ללא מניות,"אג""ח בארץ משולבת",7/30/2026 0:00,30545249.61,מגדל,,TRUE,FALSE,0.0039,0,1191.264648,0.0039,1191.264648,0
5121439,קסם אקטיב (2B)י 20/80,,"אג""ח כללי בארץ - עד 20% מניות","אג""ח בארץ - כללי",7/30/2026 0:00,707052713.4,קסם,,FALSE,FALSE,0.0079,0.0035,55857.16406,0.0044,31110.31836,0
5121470,"אי.בי.אי. מחקה (4A)י DAX מנוטרלת מט""ח",אירופה- שווקים מפותחים,"מניות גיאוגרפי - מנוטרלת מט""ח","מניות בחו""ל",7/30/2026 0:00,33867374.24,אי.בי.אי,,TRUE,FALSE,0.004,0,1354.695068,0.004,1354.695068,0
5121504,"MTF מחקה‏ (2A) משולבת אג""ח ישראל (75%) מניות (25%) חודשי מנוטרלת מט""ח",,עד 30% מניות,"אג""ח בארץ משולבת",7/30/2026 0:00,16721139.2,מגדל,,TRUE,FALSE,0.0049,0,819.3358154,0.0049,819.3358154,0
5121587,מור 1A) 10/90),"אג""ח כללי בארץ- עד 10% מניות ללא סימן קריאה","אג""ח כללי בארץ - עד 10% מניות","אג""ח בארץ - כללי",7/30/2026 0:00,2336004894,מור,,FALSE,FALSE,0.0078,0.0035,182208.375,0.0043,100448.2031,0
5121686,MTF מחקה‏ (00) תל גוב-צמודות 2-5,צמודות מדד ממשלתיות - בינוני,"אג""ח מדינה צמוד מדד","אג""ח בארץ - מדינה",7/30/2026 0:00,164473309.7,מגדל,,TRUE,FALSE,0.0015,0,2467.099854,0.0015,2467.099854,0
5121694,"מיטב (1B)(!)י 10/90 תיק אג""ח חו""ל עד 30% מט""ח.",,"אג""ח מוגנת מט""ח","אג""ח בחו""ל ",7/30/2026 0:00,1323141272,מיטב,,FALSE,FALSE,0.0065,0.0035,86004.17969,0.003,39694.23828,0
5121710,"ילין לפידות (1D)(!) אג""ח חו""ל נקוב $",,"אג""ח נקובת מט""ח","אג""ח בחו""ל ",7/30/2026 0:00,162898903.1,ילין,,FALSE,FALSE,0.0079,0.0035,12869.0127,0.0044,7167.550781,0
5121728,ילין לפידות (2D)י 30/70,,"אג""ח כללי בארץ - עד 30% מניות","אג""ח בארץ - כללי",7/30/2026 0:00,1395377565,ילין,,FALSE,FALSE,0.0079,0.0035,110234.8203,0.0044,61396.60547,0
5121736,"מיטב (4B) מניות חו""ל עד 30% מט""ח","מניות כללי בחו""ל מוגנת מט""ח","מניות כללי בחו""ל","מניות בחו""ל",7/30/2026 0:00,210288212.2,מיטב,"דנרב השקעות בע""מ ",FALSE,FALSE,0.0149,0.0035,31332.94336,0.011399999,23972.85547,0
5121777,"אנליסט (0A)(!) אג""ח חו""ל ללא מניות מנוטרלת מט""ח",,"אג""ח מוגנת מט""ח","אג""ח בחו""ל ",7/30/2026 0:00,51918368.98,אנליסט,,FALSE,FALSE,0.0079,0.0035,4101.550781,0.0044,2284.407959,0
5121801,"הראל מחקה (2A) משולבת אג''ח ישראל (75%) מניות ישראל-חול (25%) חודשי מנוטרלת מט""ח",,עד 30% מניות,"אג""ח בארץ משולבת",7/30/2026 0:00,131456816.7,הראל,,TRUE,FALSE,0,0,0,0,0,0
5121835,הראל מחקה (00) תל בונד 60 צמודות,בריבית קבועה ,"אג""ח חברות צמודות מדד","אג""ח בארץ - חברות והמרה",7/30/2026 0:00,647050333.9,הראל,,TRUE,FALSE,0.002,0,12941.00684,0.002,12941.00684,0
5121843,MTF מחקה (STOXX Europe 600 (4D,אירופה- כללי,"מניות גיאוגרפי - חשופת מט""ח","מניות בחו""ל",7/30/2026 0:00,52724738.39,מגדל,,TRUE,FALSE,0.002,0,1054.494873,0.002,1054.494873,0
5121868,סיגמא (4D) מניות דיבידנד אירופה,"מניות גיאוגרפי אחר חשופת מט""ח",מניות גיאוגרפי,"מניות בחו""ל",7/30/2026 0:00,48538222.25,סיגמא,,FALSE,FALSE,0.016899999,0.0035,8202.958984,0.0134,6504.12207,0
5121892,"אי.בי.אי. מחקה (4A)י S&P Financial מנוטרלת מט""ח",Financial,"מניות לפי ענפים בחו""ל - מנוטרלת מט""ח","מניות בחו""ל",7/30/2026 0:00,48470272.56,אי.בי.אי,,TRUE,FALSE,0.004,0,1938.811035,0.004,1938.811035,0
5121983,"MTF מחקה (4A) משולבת DAXי (50%) STOXX Europe 600י (50%) חודשי מנוטרלת מט""ח",,"מניות בחו""ל קרן משולבת","מניות בחו""ל",7/30/2026 0:00,12092837.03,מגדל,,TRUE,FALSE,0.005,0,604.6418457,0.005,604.6418457,0
5122031,קסם אקטיב (00) ממשלתי שקלי עד שנתיים,,"אג""ח מדינה שקליות- ללא מניות ","אג""ח בארץ - מדינה",7/30/2026 0:00,102496663.3,קסם,,FALSE,FALSE,0.0044,0.0035,4509.853027,0.0009,922.4698486,0
5122056,קסם אקטיב (2B) ספיר 30/70,,"אג""ח כללי בארץ - עד 30% מניות","אג""ח בארץ - כללי",7/30/2026 0:00,157680517.7,קסם,,FALSE,FALSE,0.0058,0.0035,9145.469727,0.0023,3626.651611,0
5122064,קסם אקטיב (4D) ספיר גמישה,,,גמישות,7/30/2026 0:00,111630301.4,קסם,,FALSE,FALSE,0.002,0.0035,2232.606201,-0.0015,-1674.45459,0
5122080,"אלטשולר שחם (4A) ת""א 125",מניות Large & Mid Cap ,מניות לפי שווי שוק,מניות בארץ,7/30/2026 0:00,266343487.9,אלטשולר,,FALSE,FALSE,0.015,0.0035,39951.51953,0.011499999,30629.49805,0
5122098,"מור מחקה (4A)י NASDAQ 100 מנוטרלת מט""ח",אמריקה- שווקים מפותחים,"מניות גיאוגרפי - מנוטרלת מט""ח","מניות בחו""ל",7/30/2026 0:00,242081319.9,מור,,TRUE,FALSE,0.005,0,12104.06543,0.005,12104.06543,0
5122114,הראל (4D) לשם,,,גמישות,7/30/2026 0:00,91043094.58,הראל,,FALSE,FALSE,0.002,0.0035,1820.862061,-0.0015,-1365.646484,0
5122122,,,,,7/30/2026 0:00,3778416.66,,,,,,,,,,0
5122163,"MTF מחקה (STOXX Europe 600 (4A מנוטרלת מט""ח",אירופה- כללי,"מניות גיאוגרפי - מנוטרלת מט""ח","מניות בחו""ל",7/30/2026 0:00,134669400.2,מגדל,,TRUE,FALSE,0,0,0,0,0,0
5122221,ילין לפידות (1B) קונצרני + 10%,חברות והמרה עם מניות ללא סימן קריאה,חברות והמרה עם מניות,"אג""ח בארץ - חברות והמרה",7/30/2026 0:00,514597175.8,ילין,,FALSE,FALSE,0.0079,0.0035,40653.17578,0.0044,22642.27344,0
5122239,ילין לפידות (2B)י 20/80 צמיחה,,"אג""ח כללי בארץ - עד 20% מניות","אג""ח בארץ - כללי",7/30/2026 0:00,595156993.1,ילין,,FALSE,FALSE,0.0084,0.0035,49993.1875,0.0049,29162.68945,0
5122247,גביש (2B)י 20/80,,"אג""ח כללי בארץ - עד 20% מניות","אג""ח בארץ - כללי",7/30/2026 0:00,66068773.23,סיגמא,"גביש פיננסים ניהול תיקי השקעות בע""מ ",FALSE,FALSE,0.0079,0.0035,5219.432617,0.0044,2907.025635,0
5122262,MTF מחקה (00) תל בונד 60 צמודות,בריבית קבועה ,"אג""ח חברות צמודות מדד","אג""ח בארץ - חברות והמרה",7/30/2026 0:00,321466085.4,מגדל,,TRUE,FALSE,0.0025,0,8036.651855,0.0025,8036.651855,0
5122288,"MTF מחקה‏ (4A) משולבת ת""א 125 (70%) ת""א בנקים 5 (30%) חודשי ",,מניות בארץ קרן משולבת,מניות בארץ,7/30/2026 0:00,428361499.9,מגדל,,TRUE,FALSE,0.005,0,21418.07422,0.005,21418.07422,0
5122304,תיק 20/80,,"אג""ח כללי בארץ - עד 20% מניות","אג""ח בארץ - כללי",7/30/2026 0:00,586129768.4,מגדל,,FALSE,FALSE,0.0085,0.0035,49821.03516,0.005,29306.49023,0
5122320,MTF מחקה (00)(!) תל בונד תשואות שקל,בריבית קבועה,"אג""ח חברות שקלי","אג""ח בארץ - חברות והמרה",7/30/2026 0:00,55695666.77,מגדל,,TRUE,FALSE,0.0015,0,835.4350586,0.0015,835.4350586,0
5122338,"קסם אקטיב (4B) ת""א Large & Mid Cap",מניות Large & Mid Cap ,מניות לפי שווי שוק,מניות בארץ,7/30/2026 0:00,228959994.7,קסם,,FALSE,FALSE,0.0124,0.0035,28391.03906,0.0089,20377.43945,0
5122379,תיק השקעות 90/10,"אג""ח כללי בארץ- עד 10% מניות ללא סימן קריאה","אג""ח כללי בארץ - עד 10% מניות","אג""ח בארץ - כללי",7/30/2026 0:00,443939000,מגדל,,FALSE,FALSE,0.0077,0.0035,34183.30078,0.0042,18645.4375,0
5122395,מור מחקה (00)(!) תל בונד תשואות שקל,בריבית קבועה,"אג""ח חברות שקלי","אג""ח בארץ - חברות והמרה",7/30/2026 0:00,40668534.78,מור,,TRUE,FALSE,0.002,0,813.3707886,0.002,813.3707886,0
5122411,"קבין (4D) מניות חו""ל","מניות כללי בחו""ל חשופת מט""ח","מניות כללי בחו""ל","מניות בחו""ל",7/30/2026 0:00,84723499.84,איילון,קבין,FALSE,FALSE,0.017000001,0.0035,14402.99512,0.013500001,11437.67285,0
5122460,אי.בי.אי. מחקה‏ (00) אינדקס A מאוזן,"אג""ח חברות שקלי וצמוד","אג""ח חברות ","אג""ח בארץ - חברות והמרה",7/30/2026 0:00,215951825.8,אי.בי.אי,,TRUE,FALSE,0.003,0,6478.555176,0.003,6478.555176,0
5122478,אי.בי.אי. מחקה‏ (00) אינדקס AAומעלה מאוזן,"אג""ח חברות שקלי וצמוד","אג""ח חברות ","אג""ח בארץ - חברות והמרה",7/30/2026 0:00,430308977.4,אי.בי.אי,,TRUE,FALSE,0.003,0,12909.27051,0.003,12909.27051,0
5122494,אי.בי.אי. (2B)י 20/80,,"אג""ח כללי בארץ - עד 20% מניות","אג""ח בארץ - כללי",7/30/2026 0:00,275465442.6,אי.בי.אי,,FALSE,FALSE,0.0079,0.0035,21761.76953,0.0044,12120.47852,0
5122502,אי.בי.אי. (2C)י 30/70,,"אג""ח כללי בארץ - עד 30% מניות","אג""ח בארץ - כללי",7/30/2026 0:00,1156291499,אי.בי.אי,,FALSE,FALSE,0.0089,0.0035,102909.9375,0.0054,62439.73438,0
5122510,"הראל מחקה (4A) ת""א 125",Mid Cap & Large ,מניות לפי שווי שוק,מניות בארץ,7/30/2026 0:00,1801836314,הראל,,TRUE,FALSE,0,0,0,0,0,0
5122536,אלפא טק (4D) אירופה E.S.G,"מניות גיאוגרפי אחר חשופת מט""ח",מניות גיאוגרפי,"מניות בחו""ל",7/30/2026 0:00,26670417.2,הראל,הראל פיננסים,FALSE,FALSE,0.0098,0.0035,2613.701172,0.0063,1680.236328,0
5122551,הראל מחקה (00) All-Bond-ריבית משתנה שקלי,בריבית  משתנה,"אג""ח חברות שקלי","אג""ח בארץ - חברות והמרה",7/30/2026 0:00,16577700.65,הראל,,TRUE,FALSE,0.002,0,331.5540466,0.002,331.5540466,0
5122569,MTF מחקה (MSCI World (4D,גלובלי- שווקים מפותחים,"מניות גיאוגרפי - חשופת מט""ח","מניות בחו""ל",7/30/2026 0:00,622474418.5,מגדל,,TRUE,FALSE,0.0025,0,15561.86035,0.0025,15561.86035,0
5122593,אזימוט (2A)י 18/82 חי דיבידנד,,"אג""ח כללי בארץ - עד 20% מניות","אג""ח בארץ - כללי",7/30/2026 0:00,31947595.98,איילון,אזימוטליין,FALSE,FALSE,0.0095,0.0035,3035.021484,0.006,1916.855591,0
5122601,מיטב (2B)י 20/80,,"אג""ח כללי בארץ - עד 20% מניות","אג""ח בארץ - כללי",7/30/2026 0:00,1024343760,מיטב,,FALSE,FALSE,0.0084,0.0035,86044.875,0.0049,50192.83984,0
5122619,מיטב (0B) מדינה צמודה,,"אג""ח מדינה צמוד מדד- ללא מניות","אג""ח בארץ - מדינה",7/30/2026 0:00,227444934.5,מיטב,,FALSE,FALSE,0.0064,0.0035,14556.47559,0.0029,6595.902344,0
5122627,MTF מחקה (S&P 500 (4D,אמריקה- שווקים מפותחים,"מניות גיאוגרפי - חשופת מט""ח","מניות בחו""ל",7/30/2026 0:00,2073944827,מגדל,,TRUE,FALSE,0,0,0,0,0,0
5122635,MTF מחקה (00)(!) תל - בונד תשואות צמודות,בריבית קבועה ,"אג""ח חברות צמודות מדד","אג""ח בארץ - חברות והמרה",7/30/2026 0:00,208804260.7,מגדל,,TRUE,FALSE,0.002,0,4176.085449,0.002,4176.085449,0
5122668,"קסם אקטיב (4A) ארה""ב מנוטרלת מט""ח","מניות גיאוגרפי מוגנת מט""ח",מניות גיאוגרפי,"מניות בחו""ל",7/30/2026 0:00,70954301.86,קסם,,FALSE,FALSE,0.012,0.0035,8514.516602,0.0085,6031.116211,0
5122676,ברק (6F) אסטרטגיות – קרן ממונפת,,ממונפות בסיכון גבוה,ממונפות ואסטרטגיות,7/30/2026 0:00,12938293.93,ברק,,FALSE,FALSE,0.037999999,0.0035,4916.55127,0.034499999,4463.710938,0
5122692,אי.בי.אי. מחקה (4D)י Solactive US REIT,REIT &  Real Estate,"מניות לפי ענפים בחו""ל - חשופת מט""ח","מניות בחו""ל",7/30/2026 0:00,11954967.59,אי.בי.אי,,TRUE,FALSE,0.008,0,956.397522,0.008,956.397522,0
5122718,מור סולידית (0A),"אג""ח כללי בארץ בדירוג גבוה בלבד (AA ומעלה ו/ או מדינה)","אג""ח כללי בארץ - ללא מניות","אג""ח בארץ - כללי",7/30/2026 0:00,177286348.8,מור,,FALSE,FALSE,0.0063,0.0035,11169.04004,0.0028,4964.017578,0
5122726,מור 20/80 (2B),,"אג""ח כללי בארץ - עד 20% מניות","אג""ח בארץ - כללי",7/30/2026 0:00,1122294721,מור,,FALSE,FALSE,0.0083,0.0035,93150.46875,0.0048,53870.14844,0
5122791,איילון (2B) עוקבת תיק מס' 2 הבנק הבינלאומי,,"אג""ח כללי בארץ- עד 15% מניות","אג""ח בארץ - כללי",7/30/2026 0:00,62659657.86,איילון,,FALSE,FALSE,0.0069,0.0035,4323.516602,0.0034,2130.428223,0
5122809,טרגט (4D) מניות אירופה,"מניות גיאוגרפי אחר חשופת מט""ח",מניות גיאוגרפי,"מניות בחו""ל",7/30/2026 0:00,7825694.3,איילון,טרגט,FALSE,FALSE,0.015900001,0.0035,1244.2854,0.012400001,970.3862305,0
5122817,"מור (2B) תיק אג""ח + 15%",,"אג""ח כללי בארץ- עד 15% מניות","אג""ח בארץ - כללי",7/30/2026 0:00,419669358.8,מור,,FALSE,FALSE,0.0077,0.0035,32314.53906,0.0042,17626.11328,0
5122825,אלטשולר שחם (2B)י 30-70,,"אג""ח כללי בארץ - עד 30% מניות","אג""ח בארץ - כללי",7/30/2026 0:00,103380645.7,אלטשולר,,FALSE,FALSE,0.008,0.0035,8270.452148,0.0045,4652.129395,0
5122841,MTF מחקה‏ (00) משולבת שקליות ממשלתיות (50%) מדדיות ממשלתיות (50%) חודשי,,"אג""ח מדינה משולבת - ללא מניות","אג""ח בארץ - מדינה",7/30/2026 0:00,70833556.84,מגדל,,TRUE,FALSE,0.0025,0,1770.838989,0.0025,1770.838989,0
5122890,"אי.בי.אי. מחקה(4A)משולבת Staplesי(50%) S&P Discretionaryי(50%)חודשי מנוטרלת מט""ח",,"מניות בחו""ל קרן משולבת","מניות בחו""ל",7/30/2026 0:00,11778814.19,אי.בי.אי,,TRUE,FALSE,0.005,0,588.9406738,0.005,588.9406738,0
5122908,מור מחקה (4D)י S&P Health Care,Health Care,"מניות לפי ענפים בחו""ל - חשופת מט""ח","מניות בחו""ל",7/30/2026 0:00,33239172.09,מור,,TRUE,FALSE,0.005,0,1661.958618,0.005,1661.958618,0
5122924,MTF מחקה‏ (S&P 500 Dividend Aristocrats (4D,אמריקה- שווקים מפותחים,"מניות גיאוגרפי - חשופת מט""ח","מניות בחו""ל",7/30/2026 0:00,36247932.37,מגדל,,TRUE,FALSE,0.006,0,2174.875977,0.006,2174.875977,0
5122932,"הראל (0A) אג""ח ממשלתיות",,"אג""ח מדינה כללי - ללא מניות","אג""ח בארץ - מדינה",7/30/2026 0:00,24858976.24,הראל,הראל פיננסים,FALSE,FALSE,0.0043,0.0035,1068.935913,0.0008,198.8718109,0
5122940,קסם STOXX Europe 600 (4A) KTF מנוטרלת אירו,אירופה- כללי,"מניות גיאוגרפי - מנוטרלת מט""ח","מניות בחו""ל",7/30/2026 0:00,105921606.4,קסם,,TRUE,FALSE,0.0025,0,2648.040039,0.0025,2648.040039,0
5122957,"קסם S&P 500 (4A) KTF מנוטרלת מט""ח",אמריקה- שווקים מפותחים,"מניות גיאוגרפי - מנוטרלת מט""ח","מניות בחו""ל",7/30/2026 0:00,2990602767,קסם,,TRUE,FALSE,0,0,0,0,0,0
5122965,"קסם 4A) KTF) משולבת (S&P 500 (70%) Nasdaq (30% חודשי מנוטרלת מט""ח",,"מניות בחו""ל קרן משולבת","מניות בחו""ל",7/30/2026 0:00,131388303.7,קסם,,TRUE,FALSE,0.007,0,9197.181641,0.007,9197.181641,0
5122973,MTF מחקה (00) תל גוב-שקלי 2-5,‏ריבית קבועה  - בינוני,"אג""ח מדינה שקליות ","אג""ח בארץ - מדינה",7/30/2026 0:00,194683645.9,מגדל,,TRUE,FALSE,0.0015,0,2920.254883,0.0015,2920.254883,0
5123005,"ילין לפידות (0B) תיק אג""ח LV","אג""ח כללי בארץ ללא מניות וללא סימן קריאה, עם מגבלת מח""מ עד 5 שנים","אג""ח כללי בארץ - ללא מניות","אג""ח בארץ - כללי",7/30/2026 0:00,113720826.9,ילין,,FALSE,FALSE,0.005,0.0035,5686.041016,0.0015,1705.812134,0
5123021,"מור מחקה (4A)י S&P 500 מנוטרלת מט""ח",אמריקה- שווקים מפותחים,"מניות גיאוגרפי - מנוטרלת מט""ח","מניות בחו""ל",7/30/2026 0:00,306541344,מור,,TRUE,FALSE,0,0,0,0,0,0
5123039,MTF מחקה (00) תל בונד 20 צמודות,בריבית קבועה ,"אג""ח חברות צמודות מדד","אג""ח בארץ - חברות והמרה",7/30/2026 0:00,410095395.3,מגדל,,TRUE,FALSE,0.0025,0,10252.38477,0.0025,10252.38477,0
5123096,סיגמא (2B)י 30/70,,"אג""ח כללי בארץ - עד 30% מניות","אג""ח בארץ - כללי",7/30/2026 0:00,1322195079,סיגמא,,FALSE,FALSE,0.0079,0.0035,104453.4063,0.0044,58176.57813,0
5123104,"הראל מחקה (00) אינדקס קונצרני מאוזן מח""מ 2-4","אג""ח חברות שקלי וצמוד","אג""ח חברות ","אג""ח בארץ - חברות והמרה",7/30/2026 0:00,37092487.68,הראל,,TRUE,FALSE,0.002,0,741.8497925,0.002,741.8497925,0
5123112,הראל מחקה (00) אינדקס קונצרני צמוד A,בריבית קבועה ,"אג""ח חברות צמודות מדד","אג""ח בארץ - חברות והמרה",7/30/2026 0:00,113582385.2,הראל,,TRUE,FALSE,0.0035,0,3975.383545,0.0035,3975.383545,0
5123120,מיטב (00) מדינה שקלי עד 4 שנים,,"אג""ח מדינה שקליות- ללא מניות ","אג""ח בארץ - מדינה",7/30/2026 0:00,175493149.5,מיטב,,FALSE,FALSE,0.0049,0.0035,8599.165039,0.0014,2456.904053,0
5123138,"מיטב (0B) אג""ח","אג""ח כללי בארץ ללא מניות וללא סימן קריאה ","אג""ח כללי בארץ - ללא מניות","אג""ח בארץ - כללי",7/30/2026 0:00,583098816.3,מיטב,,FALSE,FALSE,0.0069,0.0035,40233.82031,0.0034,19825.35742,0
5123146,מיטב (1A) קונצרני שקלי פלוס,,חברות והמרה שקלי עם מניות,"אג""ח בארץ - חברות והמרה",7/30/2026 0:00,189017998.3,מיטב,,FALSE,FALSE,0.0069,0.0035,13042.24219,0.0034,6426.611328,0
5123153,תכלית STOXX Europe 600 (4A) TTF מנוטרלת אירו,אירופה- כללי,"מניות גיאוגרפי - מנוטרלת מט""ח","מניות בחו""ל",7/30/2026 0:00,196440810.1,מיטב,,TRUE,FALSE,0.0025,0,4911.020508,0.0025,4911.020508,0
5123161,"תכלית S&P 500 (4A) TTF מנוטרלת מט""ח",אמריקה- שווקים מפותחים,"מניות גיאוגרפי - מנוטרלת מט""ח","מניות בחו""ל",7/30/2026 0:00,2061219789,מיטב,,TRUE,FALSE,0,0,0,0,0,0
5123179,"תכלית NASDAQ 100 (4A) TTF מנוטרלת מט""ח",אמריקה- שווקים מפותחים,"מניות גיאוגרפי - מנוטרלת מט""ח","מניות בחו""ל",7/30/2026 0:00,1091559856,מיטב,,TRUE,FALSE,0,0,0,0,0,0
5123211,קסם אקטיב (4D) זהב וכרייה,,"מניות לפי ענפים בחו""ל","מניות בחו""ל",7/30/2026 0:00,97096108.53,קסם,,FALSE,FALSE,0.018999999,0.0035,18448.25977,0.0155,15049.89746,0
5123237,"סיגמא (1A) אג""ח מדינה + 10%",,"אג""ח מדינה כללי - עד 10% מניות","אג""ח בארץ - מדינה",7/30/2026 0:00,553205144.2,סיגמא,,FALSE,FALSE,0.0067,0.0035,37064.74219,0.0032,17702.5625,0
5123260,MTF מחקה (00) אינדקס AA ומעלה שקלי ,בריבית קבועה,"אג""ח חברות שקלי","אג""ח בארץ - חברות והמרה",7/30/2026 0:00,270943556.8,מגדל,,TRUE,FALSE,0.0025,0,6773.588867,0.0025,6773.588867,0
5123278,MTF מחקה (00) אינדקס AA ומעלה צמוד,בריבית קבועה ,"אג""ח חברות צמודות מדד","אג""ח בארץ - חברות והמרה",7/30/2026 0:00,409812132.9,מגדל,,TRUE,FALSE,0.0025,0,10245.30273,0.0025,10245.30273,0
5123286,אילים (1B)י 10/90,"אג""ח כללי בארץ- עד 10% מניות ללא סימן קריאה","אג""ח כללי בארץ - עד 10% מניות","אג""ח בארץ - כללי",7/30/2026 0:00,835139666.8,אילים,,FALSE,FALSE,0.0074,0.0035,61800.33594,0.0039,32570.44531,0
5123294,"מור (0A) אג""ח ישראל - כשרה","אג""ח כללי בארץ ללא מניות וללא סימן קריאה ","אג""ח כללי בארץ - ללא מניות","אג""ח בארץ - כללי",7/30/2026 0:00,241774474.1,מור,,FALSE,FALSE,0.0075,0.0035,18133.08594,0.004,9670.978516,0
5123302,ברומטר (4D) מניות גלובאלי,"מניות כללי בחו""ל חשופת מט""ח","מניות כללי בחו""ל","מניות בחו""ל",7/30/2026 0:00,169752362.9,איילון,ברומטר,FALSE,FALSE,0.0148,0.0035,25123.35156,0.011299999,19182.01758,0
5123328,דולפין (1B)י 10/90,"אג""ח כללי בארץ- עד 10% מניות ללא סימן קריאה","אג""ח כללי בארץ - עד 10% מניות","אג""ח בארץ - כללי",7/30/2026 0:00,2114757240,איילון,דולפין,FALSE,FALSE,0.0075,0.0035,158606.7813,0.004,84590.28906,0
5123336,דולפין (4B) מניות,מניות All Cap,מניות לפי שווי שוק,מניות בארץ,7/30/2026 0:00,292177684.7,איילון,דולפין,FALSE,FALSE,0.0178,0.0035,52007.62891,0.0143,41781.41016,0
5123344,MTF מחקה (00) אינדקס A צמוד,בריבית קבועה ,"אג""ח חברות צמודות מדד","אג""ח בארץ - חברות והמרה",7/30/2026 0:00,382040856.1,מגדל,,TRUE,FALSE,0.0025,0,9551.021484,0.0025,9551.021484,0
5123351,MTF מחקה (00)(!) אינדקס HY-BBB כללי,,חברות והמרה בסיכון גבוה ,"אג""ח בארץ - חברות והמרה",7/30/2026 0:00,106453793,מגדל,,TRUE,FALSE,0.005,0,5322.689453,0.005,5322.689453,0
5123369,MTF מחקה (00) אינדקס A שקלי,בריבית קבועה,"אג""ח חברות שקלי","אג""ח בארץ - חברות והמרה",7/30/2026 0:00,201681076.5,מגדל,,TRUE,FALSE,0.0025,0,5042.026855,0.0025,5042.026855,0
5123393,‏MTF מחקה (00) תל גוב-שקלי,ריבית קבועה,"אג""ח מדינה שקליות ","אג""ח בארץ - מדינה",7/30/2026 0:00,81930115.93,מגדל,,TRUE,FALSE,0.0013,0,1065.091431,0.0013,1065.091431,0
5123419,מור מחקה (S&P 500 Low Volatility High Dividend (4D,אמריקה- שווקים מפותחים,"מניות גיאוגרפי - חשופת מט""ח","מניות בחו""ל",7/30/2026 0:00,15664425.36,מור,,TRUE,FALSE,0.005,0,783.2212524,0.005,783.2212524,0
5123443,"MTF מחקה (S&P 500 Dividend Aristocrats (4A מנוטרלת מט""ח",אמריקה- שווקים מפותחים,"מניות גיאוגרפי - מנוטרלת מט""ח","מניות בחו""ל",7/30/2026 0:00,25609300.77,מגדל,,TRUE,FALSE,0.006,0,1536.558105,0.006,1536.558105,0
5123468,"קסם אקטיב (1B)(!)י אג""ח +10%","אג""ח כללי בארץ- עד 10% מניות ועם סימן קריאה","אג""ח כללי בארץ - עד 10% מניות","אג""ח בארץ - כללי",7/30/2026 0:00,113740382.9,קסם,,FALSE,FALSE,0.0069,0.0035,7848.086914,0.0034,3867.172607,0
5123476,"קסם אקטיב (0A) אג""ח מדינה ללא מניות",,"אג""ח מדינה כללי - ללא מניות","אג""ח בארץ - מדינה",7/30/2026 0:00,157282225.8,קסם,,FALSE,FALSE,0.0064,0.0035,10066.0625,0.0029,4561.184082,0
5123518,MTF מחקה‏ (00) תל בונד צמודות,בריבית קבועה ,"אג""ח חברות צמודות מדד","אג""ח בארץ - חברות והמרה",7/30/2026 0:00,119841169.3,מגדל,,TRUE,FALSE,0.0025,0,2996.029053,0.0025,2996.029053,0
5123542,FOREST י(2B) סלקט 25/75,,"אג""ח כללי בארץ- עד 25% מניות","אג""ח בארץ - כללי",7/30/2026 0:00,202703968.4,פורסט,,FALSE,FALSE,0.0089,0.0035,18040.6543,0.0054,10946.01367,0
5123559,הראל מחקה (00) אינדקס קונצרני שקלי A,בריבית קבועה,"אג""ח חברות שקלי","אג""ח בארץ - חברות והמרה",7/30/2026 0:00,47807143.86,הראל,,TRUE,FALSE,0.0025,0,1195.178589,0.0025,1195.178589,0
5123567,"MTF מחקה (S&P Aerospace & Defense (4A מנוטרלת מט""ח",Aerospace & Defense,"מניות לפי ענפים בחו""ל - מנוטרלת מט""ח","מניות בחו""ל",7/30/2026 0:00,354253782.5,מגדל,,TRUE,FALSE,0.008,0,28340.30469,0.008,28340.30469,0
5123575,"MTF מחקה (S&P 500 Low Volatility High Dividend (4A מנוטרלת מט""ח",אמריקה- שווקים מפותחים,"מניות גיאוגרפי - מנוטרלת מט""ח","מניות בחו""ל",7/30/2026 0:00,16959964.66,מגדל,,TRUE,FALSE,0.005,0,847.9981689,0.005,847.9981689,0
5123609,דיאמונד (4D) גמישה,,,גמישות,7/30/2026 0:00,230948634,איילון,דיאמונד,FALSE,FALSE,0.0164,0.0035,37875.57813,0.0129,29792.37695,0
5123641,"MTF מחקה (4A) ת""א צמיחה",Small Cap,מניות לפי שווי שוק,מניות בארץ,7/30/2026 0:00,21551560.85,מגדל,,TRUE,FALSE,0.0025,0,538.7890015,0.0025,538.7890015,0
5123716,דולפין (4B) יתר,מניות Small Cap,מניות לפי שווי שוק,מניות בארץ,7/30/2026 0:00,84280937.42,איילון,דולפין,FALSE,FALSE,0.0185,0.0035,15591.97266,0.015000001,12642.14063,0
5123724,"קסם אקטיב (2A) אג""ח חברות פלוס",חברות והמרה עם מניות ללא סימן קריאה,חברות והמרה עם מניות,"אג""ח בארץ - חברות והמרה",7/30/2026 0:00,134558185.8,קסם,,FALSE,FALSE,0.013,0.0035,17492.56445,0.009500001,12783.02832,0
5123740,מור (4D) מניות גלובלי,"מניות כללי בחו""ל חשופת מט""ח","מניות כללי בחו""ל","מניות בחו""ל",7/30/2026 0:00,515468132.6,מור,,FALSE,FALSE,0.0185,0.0035,95361.60156,0.015000001,77320.22656,0
5123757,"ילין לפידות (0B)(!) אג""ח פוטנציאל חברות בסיכון גבוה",,חברות והמרה בסיכון גבוה,"אג""ח בארץ - חברות והמרה",7/30/2026 0:00,391113537,ילין,,FALSE,FALSE,0.0155,0.0035,60622.59766,0.012,46933.625,0
5123799,גמישה,,,גמישות,7/30/2026 0:00,35110550.15,מגדל,,FALSE,FALSE,0.0125,0.0035,4388.819336,0.009,3159.949463,0
5123815,סלע (4B) מניות,מניות All Cap,מניות לפי שווי שוק,מניות בארץ,7/30/2026 0:00,82592222.48,איילון,סלע,FALSE,FALSE,0.0149,0.0035,12306.24121,0.011399999,9415.512695,0
5123823,סלע (1B)י 10/90,"אג""ח כללי בארץ- עד 10% מניות ללא סימן קריאה","אג""ח כללי בארץ - עד 10% מניות","אג""ח בארץ - כללי",7/30/2026 0:00,46206793.52,איילון,סלע,FALSE,FALSE,0.0075,0.0035,3465.509277,0.004,1848.271606,0
5123831,"סלע (0B)(!) אג""ח כללי ללא מניות","אג""ח כללי בארץ ללא מניות עם סימן קריאה","אג""ח כללי בארץ - ללא מניות","אג""ח בארץ - כללי",7/30/2026 0:00,46349730.33,איילון,סלע,FALSE,FALSE,0.0069,0.0035,3198.131592,0.0034,1575.890747,0
5123872,"מיטב (1A) אג""ח + 10%","אג""ח כללי בארץ- עד 10% מניות ללא סימן קריאה","אג""ח כללי בארץ - עד 10% מניות","אג""ח בארץ - כללי",7/30/2026 0:00,1069385206,מיטב,,FALSE,FALSE,0.0079,0.0035,84481.42969,0.0044,47052.94531,0
5123880,"מיטב (0A) אג""ח מדורגות ללא מניות",חברות והמרה ללא מניות וללא סימן קריאה,חברות והמרה ללא מניות,"אג""ח בארץ - חברות והמרה",7/30/2026 0:00,415740212.1,מיטב,,FALSE,FALSE,0.0069,0.0035,28686.07617,0.0034,14135.16602,0
5123898,מיטב (00) כספית,כספית שקלית עם קונצרני,כספית שקלית,קרן כספית,7/30/2026 0:00,4687662983,מיטב,,FALSE,FALSE,0.0025,0.001,117191.5781,0.0015,70314.9375,1
5123930,"אי.בי.אי. מחקה (00)(!) אינדקס אג""ח עם רכיב בטוחה","אג""ח חברות שקלי וצמוד","אג""ח חברות ","אג""ח בארץ - חברות והמרה",7/30/2026 0:00,154975504.1,אי.בי.אי,,TRUE,FALSE,0.005,0,7748.774902,0.005,7748.774902,0
5123948,"מיטב (0A) (!) אג""ח קונצרני",חברות והמרה ללא מניות עם סימן קריאה,חברות והמרה ללא מניות,"אג""ח בארץ - חברות והמרה",7/30/2026 0:00,227063060,מיטב,,FALSE,FALSE,0.0079,0.0035,17937.98047,0.0044,9990.773438,0
5123955,"מיטב (0B) אג""ח ישראל סולידית","אג""ח כללי בארץ בדירוג גבוה בלבד (AA ומעלה ו/ או מדינה)","אג""ח כללי בארץ - ללא מניות","אג""ח בארץ - כללי",7/30/2026 0:00,684578902.7,מיטב,,FALSE,FALSE,0.0069,0.0035,47235.94531,0.0034,23275.67969,0
5123963,ילין לפידות (3C) תיק השקעות עד 50%,,"אג""ח כללי בארץ - חשיפה מרבית מעל 30% מניות","אג""ח בארץ - כללי",7/30/2026 0:00,367398774,ילין,,FALSE,FALSE,0.0093,0.0035,34168.08594,0.0058,21309.12891,0
5123971,"ילין לפידות (1B)(!) אג""ח חברות חו""ל עד 30% מט""ח",,"אג""ח מוגנת מט""ח","אג""ח בחו""ל ",7/30/2026 0:00,61215574.46,ילין,,FALSE,FALSE,0.0069,0.0035,4223.875,0.0034,2081.329346,0
5123997,מור מחקה (4D)י S&P Financial,Financial,"מניות לפי ענפים בחו""ל - חשופת מט""ח","מניות בחו""ל",7/30/2026 0:00,14482300.01,מור,,TRUE,FALSE,0.0015,0,217.2345123,0.0015,217.2345123,0
5124003,"אלטשולר שחם מחקה (4A) אירופה A.B SmartBeta מנוטרלת מט""ח",אירופה- כללי,"מניות גיאוגרפי - מנוטרלת מט""ח","מניות בחו""ל",7/30/2026 0:00,65980609.6,אלטשולר,,TRUE,FALSE,0.008,0,5278.449219,0.008,5278.449219,0
5124045,"סיגמא (0D)(!) אג""ח דולר בינלאומי",,"אג""ח חשופת דולר","אג""ח בחו""ל ",7/30/2026 0:00,66099033.53,סיגמא,"Andorra Gestio Agricol Reig, SAU, SGOIC; 
ובאנגלית",FALSE,FALSE,0.0079,0.0035,5221.823242,0.0044,2908.357178,0
5124060,סיגמא (2C)י 25/75,,"אג""ח כללי בארץ- עד 25% מניות","אג""ח בארץ - כללי",7/30/2026 0:00,52780351.01,סיגמא,,FALSE,FALSE,0.0059,0.0035,3114.040771,0.0024,1266.728516,0
5124144,אלטשולר שחם (4A) מניות ישראל SmartBeta,מניות All Cap,מניות לפי שווי שוק,מניות בארץ,7/30/2026 0:00,43549383.22,אלטשולר,פקטור השקעות בע״מ,FALSE,FALSE,0.0195,0.0035,8492.129883,0.016000001,6967.901855,0
5124201,אלטשולר שחם (4D) גמישה,,,גמישות,7/30/2026 0:00,56132873.41,אלטשולר,,FALSE,FALSE,0.015,0.0035,8419.930664,0.011499999,6455.279785,0
5124268,אושן יצירה (4D) גלובל אקוויטי,"מניות כללי בחו""ל חשופת מט""ח","מניות כללי בחו""ל","מניות בחו""ל",7/30/2026 0:00,48619235.69,סיגמא,"אושן פרטנרס בע""מ",FALSE,FALSE,0.0185,0.0035,8994.558594,0.015000001,7292.885742,0
5124284,אי.בי.אי. מחקה (4D)י Russell 2000,אמריקה- שווקים מפותחים,"מניות גיאוגרפי - חשופת מט""ח","מניות בחו""ל",7/30/2026 0:00,84921912.91,אי.בי.אי,,TRUE,FALSE,0.004,0,3396.876709,0.004,3396.876709,0
5124292,קסם אקטיב (4C) אנרגיה,,מניות לפי ענפים,מניות בארץ,7/30/2026 0:00,14026110.85,קסם,,FALSE,FALSE,0.027899999,0.0035,3913.284912,0.0244,3422.371094,0
5124300,"מור (4B) נדל""ן",,מניות לפי ענפים,מניות בארץ,7/30/2026 0:00,305904081.1,מור,,FALSE,FALSE,0.0132,0.0035,40379.33984,0.0097,29672.69922,0
5124326,מור (4B) יתר,מניות Small Cap,מניות לפי שווי שוק,מניות בארץ,7/30/2026 0:00,272118813.9,מור,,FALSE,FALSE,0.022,0.0035,59866.14063,0.0185,50341.98047,0
5124342,"מור (1A)(!) הזדמנויות אג""ח קונצרני",חברות והמרה עם מניות ועם סימן קריאה,חברות והמרה עם מניות,"אג""ח בארץ - חברות והמרה",7/30/2026 0:00,1434446464,מור,,FALSE,FALSE,0.0118,0.0035,169264.6875,0.008300001,119059.0625,0
5124409,תכלית TTF י(00)(!) אינדקס HY-BBB כללי,,חברות והמרה בסיכון גבוה ,"אג""ח בארץ - חברות והמרה",7/30/2026 0:00,20416975.19,מיטב,,TRUE,FALSE,0.005,0,1020.848755,0.005,1020.848755,0
5124417,תכלית TTF י(00) אינדקס מדורג 5+ מאוזן,"אג""ח חברות שקלי וצמוד","אג""ח חברות ","אג""ח בארץ - חברות והמרה",7/30/2026 0:00,84679285.71,מיטב,,TRUE,FALSE,0.002,0,1693.585815,0.002,1693.585815,0
5124425,תכלית TTF י(00) אינדקס מדורג 2-5 מאוזן,"אג""ח חברות שקלי וצמוד","אג""ח חברות ","אג""ח בארץ - חברות והמרה",7/30/2026 0:00,86587963.08,מיטב,,TRUE,FALSE,0.002,0,1731.759277,0.002,1731.759277,0
5124466,קסם אקטיב (1A)(!)י 10/90,"אג""ח כללי בארץ- עד 10% מניות ועם סימן קריאה","אג""ח כללי בארץ - עד 10% מניות","אג""ח בארץ - כללי",7/30/2026 0:00,103258939.4,קסם,,FALSE,FALSE,0.0074,0.0035,7641.161621,0.0039,4027.098389,0
5124482,קסם S&P 500 (4D) KTF,אמריקה- שווקים מפותחים,"מניות גיאוגרפי - חשופת מט""ח","מניות בחו""ל",7/30/2026 0:00,4047886129,קסם,,TRUE,FALSE,0,0,0,0,0,0
5124490,"קסם 4A) KTF) ת""א 35",Large Cap,מניות לפי שווי שוק,מניות בארץ,7/30/2026 0:00,707554138.5,קסם,,TRUE,FALSE,0.001,0,7075.541504,0.001,7075.541504,0
5124508,"קסם 4A) KTF) ת""א 90",Mid Cap,מניות לפי שווי שוק,מניות בארץ,7/30/2026 0:00,433037804.9,קסם,,TRUE,FALSE,0.004,0,17321.51367,0.004,17321.51367,0
5124516,"קסם NASDAQ 100 (4A) KTF מנוטרלת מט""ח",אמריקה- שווקים מפותחים,"מניות גיאוגרפי - מנוטרלת מט""ח","מניות בחו""ל",7/30/2026 0:00,922030718.5,קסם,,TRUE,FALSE,0,0,0,0,0,0
5124532,תכלית NASDAQ 100 (4D) TTF,אמריקה- שווקים מפותחים,"מניות גיאוגרפי - חשופת מט""ח","מניות בחו""ל",7/30/2026 0:00,314820754.6,מיטב,,TRUE,FALSE,0.003,0,9444.623047,0.003,9444.623047,0
5124557,תכלית DAX (4D) TTF,אירופה- שווקים מפותחים,"מניות גיאוגרפי - חשופת מט""ח","מניות בחו""ל",7/30/2026 0:00,66274593.84,מיטב,,TRUE,FALSE,0,0,0,0,0,0
5124573,תכלית MSCI WORLD (4D) TTF,גלובלי- שווקים מפותחים,"מניות גיאוגרפי - חשופת מט""ח","מניות בחו""ל",7/30/2026 0:00,353594707.4,מיטב,,TRUE,FALSE,0.0031,0,10961.43652,0.0031,10961.43652,0
5124581,תכלית DJ Industrial Average (4D) TTF,אמריקה- שווקים מפותחים,"מניות גיאוגרפי - חשופת מט""ח","מניות בחו""ל",7/30/2026 0:00,89998913,מיטב,,TRUE,FALSE,0.005,0,4499.945313,0.005,4499.945313,0
5124615,אלטשולר שחם (3C)י 50-50,,"אג""ח כללי בארץ - חשיפה מרבית מעל 30% מניות","אג""ח בארץ - כללי",7/30/2026 0:00,53302107.7,אלטשולר,,FALSE,FALSE,0.009,0.0035,4797.189453,0.0055,2931.615723,0
5124672,הראל (3B) תיק השקעות עד 50%,,"אג""ח כללי בארץ - חשיפה מרבית מעל 30% מניות","אג""ח בארץ - כללי",7/30/2026 0:00,39042863.03,הראל,,FALSE,FALSE,0.0077,0.0035,3006.300293,0.0042,1639.800293,0
5124698,"הראל (0A) תיק אג""ח סולידי עד שלוש שנים","אג""ח כללי בארץ בדירוג גבוה בלבד (AA ומעלה ו/ או מדינה)","אג""ח כללי בארץ - ללא מניות","אג""ח בארץ - כללי",7/30/2026 0:00,180501197.9,הראל,,FALSE,FALSE,0.0049,0.0035,8844.55957,0.0014,2527.016602,0
5124706,הראל (0D)(!) קונצרני דולרי ללא מניות,חברות והמרה ללא מניות עם סימן קריאה,חברות והמרה ללא מניות,"אג""ח בארץ - חברות והמרה",7/30/2026 0:00,14099653.54,הראל,,FALSE,FALSE,0.0072,0.0035,1015.175049,0.0037,521.6871948,0
5124730,MTF מחקה (Russell 1000 Growth (4D,אמריקה- שווקים מפותחים,"מניות גיאוגרפי - חשופת מט""ח","מניות בחו""ל",7/30/2026 0:00,66431509.05,מגדל,,TRUE,FALSE,0.006,0,3985.890625,0.006,3985.890625,0
5124755,"אי.בי.אי. מחקה (4A)י Solactive ת""א 125 Low Volatility High Dividends",Mid Cap & Large ,מניות לפי שווי שוק,מניות בארץ,7/30/2026 0:00,39456802.97,אי.בי.אי,,TRUE,FALSE,0.008,0,3156.544434,0.008,3156.544434,0
5124763,איילון (2B) תיק 20/80,,"אג""ח כללי בארץ - עד 20% מניות","אג""ח בארץ - כללי",7/30/2026 0:00,22853116.43,איילון,,FALSE,FALSE,0.0075,0.0035,1713.983643,0.004,914.1246338,0
5124805,מור (3B) תיק השקעות 50%,,"אג""ח כללי בארץ - חשיפה מרבית מעל 30% מניות","אג""ח בארץ - כללי",7/30/2026 0:00,986742871.6,מור,,FALSE,FALSE,0.0089,0.0035,87820.11719,0.0054,53284.10938,0
5124862,תיק 50/50,,"אג""ח כללי בארץ - חשיפה מרבית מעל 30% מניות","אג""ח בארץ - כללי",7/30/2026 0:00,102344115.8,מגדל,,FALSE,FALSE,0.0079,0.0035,8085.18457,0.0044,4503.140625,0
5124888,פרופאונד (1A)י 10/90,"אג""ח כללי בארץ- עד 10% מניות ללא סימן קריאה","אג""ח כללי בארץ - עד 10% מניות","אג""ח בארץ - כללי",7/30/2026 0:00,84884640.34,איילון,פרופאונד,FALSE,FALSE,0.0079,0.0035,6705.88623,0.0044,3734.923828,0
5124912,הראל מחקה (00) אינדקס לפדיון 2028 (מתגלגל כל 6 שנים),"אג""ח חברות שקלי וצמוד","אג""ח חברות ","אג""ח בארץ - חברות והמרה",7/30/2026 0:00,175547752.4,הראל,,TRUE,FALSE,0.0024,0,4213.146484,0.0024,4213.146484,0
5124938,מיטב (4A) מניות LONG RUN,מניות All Cap,מניות לפי שווי שוק,מניות בארץ,7/30/2026 0:00,397354809,מיטב,,FALSE,FALSE,0.008,0.0035,31788.38672,0.0045,17880.96875,0
5124979,ברומטר (4B) מניות,מניות All Cap,מניות לפי שווי שוק,מניות בארץ,7/30/2026 0:00,203950667.6,איילון,ברומטר,FALSE,FALSE,0.0148,0.0035,30184.70117,0.011299999,23046.42578,0
5124995,פורטה (4D) השקעות,,,גמישות,7/30/2026 0:00,251797600,סיגמא,פורטה,FALSE,FALSE,0.015,0.0035,37769.63672,0.011499999,28956.7207,0
5125000,פורטה (2B)י 20/80,,"אג""ח כללי בארץ - עד 20% מניות","אג""ח בארץ - כללי",7/30/2026 0:00,360721680.5,סיגמא,פורטה,FALSE,FALSE,0.0085,0.0035,30661.3457,0.005,18036.08594,0
5125018,פורטה (4B) מניות ישראל,מניות All Cap,מניות לפי שווי שוק,מניות בארץ,7/30/2026 0:00,555251088,סיגמא,פורטה,FALSE,FALSE,0.017999999,0.0035,99945.1875,0.0145,80511.40625,0
5125026,ילין לפידות (1B)י 10/90 ערך,"אג""ח כללי בארץ- עד 10% מניות ללא סימן קריאה","אג""ח כללי בארץ - עד 10% מניות","אג""ח בארץ - כללי",7/30/2026 0:00,291657262.4,ילין,,FALSE,FALSE,0.0079,0.0035,23040.92188,0.0044,12832.91797,0
5125042,ילין לפידות (2B) עוקבת תיק 3 הבנק הבינלאומי,,"אג""ח כללי בארץ - עד 30% מניות","אג""ח בארץ - כללי",7/30/2026 0:00,342783535,ילין,,FALSE,FALSE,0.0074,0.0035,25365.98242,0.0039,13368.55664,0
5125067,תכלית TTF י(00) אינדקס שקלי מדורג תקרת סדרה 500 מ',בריבית קבועה,"אג""ח חברות שקלי","אג""ח בארץ - חברות והמרה",7/30/2026 0:00,24390318.62,מיטב,,TRUE,FALSE,0.002,0,487.8063965,0.002,487.8063965,0
5125109,אנליסט (2B) פיזור רחב 20/80,,"אג""ח כללי בארץ - עד 20% מניות","אג""ח בארץ - כללי",7/30/2026 0:00,103584187.9,אנליסט,,FALSE,FALSE,0.0074,0.0035,7665.22998,0.0039,4039.782959,0
5125133,אי.בי.אי. מחקה (00)(!) תל בונד גלובל שקלי,בריבית קבועה,"אג""ח חברות שקלי","אג""ח בארץ - חברות והמרה",7/30/2026 0:00,23351633.38,אי.בי.אי,,TRUE,FALSE,0.0025,0,583.7908325,0.0025,583.7908325,0
5125158,"קסם DAX (4A) KTF מנוטרלת מט""ח",אירופה- שווקים מפותחים,"מניות גיאוגרפי - מנוטרלת מט""ח","מניות בחו""ל",7/30/2026 0:00,139295182.1,קסם,,TRUE,FALSE,0,0,0,0,0,0
5125166,"קסם DJ Industrial Average (4A) KTF מנוטרלת מט""ח",אמריקה- שווקים מפותחים,"מניות גיאוגרפי - מנוטרלת מט""ח","מניות בחו""ל",7/30/2026 0:00,128816470,קסם,,TRUE,FALSE,0.0025,0,3220.411621,0.0025,3220.411621,0
5125174,"קסם S&P Financial (4A) KTF מנוטרלת מט""ח",Financial,"מניות לפי ענפים בחו""ל - מנוטרלת מט""ח","מניות בחו""ל",7/30/2026 0:00,64280335.63,קסם,,TRUE,FALSE,0.004,0,2571.213623,0.004,2571.213623,0
5125182,"קסם S&P Industrial (4A) KTF מנוטרלת מט""ח",Industrials,"מניות לפי ענפים בחו""ל - מנוטרלת מט""ח","מניות בחו""ל",7/30/2026 0:00,141210329.8,קסם,,TRUE,FALSE,0.002,0,2824.206787,0.002,2824.206787,0
5125190,אי.בי.אי. (3C) תיק השקעות 50/50,,"אג""ח כללי בארץ - חשיפה מרבית מעל 30% מניות","אג""ח בארץ - כללי",7/30/2026 0:00,10180361.83,אי.בי.אי,,FALSE,FALSE,0.0085,0.0035,865.3308105,0.005,509.0181274,0
5125208,אלפי בנדק (2B)י 30/70 תיק ישראל,,"אג""ח כללי בארץ - עד 30% מניות","אג""ח בארץ - כללי",7/30/2026 0:00,222125648,הראל,אלפי בנדק,FALSE,FALSE,0.0079,0.0035,17547.92578,0.0044,9773.527344,0
5125216,אלפי בנדק (1A)י 10/90,"אג""ח כללי בארץ- עד 10% מניות ללא סימן קריאה","אג""ח כללי בארץ - עד 10% מניות","אג""ח בארץ - כללי",7/30/2026 0:00,30622281.07,הראל,אלפי בנדק,FALSE,FALSE,0.0076,0.0035,2327.293457,0.0041,1255.51355,0
5125224,"אי.בי.אי. מחקה (4A) אינדקס ת""א Mid Cap רווחיות",Mid Cap,מניות לפי שווי שוק,מניות בארץ,7/30/2026 0:00,196036508.8,אי.בי.אי,,TRUE,FALSE,0.005,0,9801.825195,0.005,9801.825195,0
5125257,מור מניות ערך (4D),מניות All Cap,מניות לפי שווי שוק,מניות בארץ,7/30/2026 0:00,992789220.8,מור,,FALSE,FALSE,0.015900001,0.0035,157853.5,0.012400001,123105.8828,0
5125265,FOREST י(1B)י 10/90,"אג""ח כללי בארץ- עד 10% מניות ללא סימן קריאה","אג""ח כללי בארץ - עד 10% מניות","אג""ח בארץ - כללי",7/30/2026 0:00,1541427245,פורסט,,FALSE,FALSE,0.0079,0.0035,121772.7422,0.0044,67822.78906,0
5125281,הראל (3C) חושן,,"אג""ח כללי בארץ - חשיפה מרבית מעל 30% מניות","אג""ח בארץ - כללי",7/30/2026 0:00,54605147.08,הראל,,FALSE,FALSE,0.0035,0.0035,1911.180176,0,0,0
5125323,תכלית TTF י(00) תל בונד שקלי 50,בריבית קבועה,"אג""ח חברות שקלי","אג""ח בארץ - חברות והמרה",7/30/2026 0:00,231614891.7,מיטב,,TRUE,FALSE,0.0025,0,5790.37207,0.0025,5790.37207,0
5125331,MTF מחקה‏ (00) תל בונד שקלי 3-5,בריבית קבועה - בינוני ,"אג""ח חברות שקלי","אג""ח בארץ - חברות והמרה",7/30/2026 0:00,126153238.5,מגדל,,TRUE,FALSE,0,0,0,0,0,0
5125349,MTF מחקה‏ (00) תל בונד צמודות 5-15,בריבית קבועה - ארוך,"אג""ח חברות צמודות מדד","אג""ח בארץ - חברות והמרה",7/30/2026 0:00,212316407.1,מגדל,,TRUE,FALSE,0,0,0,0,0,0
5125356,MTF מחקה‏ (00) תל בונד צמודות 3-5,בריבית קבועה - בינוני ,"אג""ח חברות צמודות מדד","אג""ח בארץ - חברות והמרה",7/30/2026 0:00,241041015.2,מגדל,,TRUE,FALSE,0.0025,0,6026.024902,0.0025,6026.024902,0
5125364,MTF מחקה‏ (00) תל בונד שקלי 5-15 ,בריבית קבועה - ארוך,"אג""ח חברות שקלי","אג""ח בארץ - חברות והמרה",7/30/2026 0:00,239677150.4,מגדל,,TRUE,FALSE,0,0,0,0,0,0
5125372,MTF מחקה‏ (00) תל בונד-שקלי 1-3,בריבית קבועה - קצר,"אג""ח חברות שקלי","אג""ח בארץ - חברות והמרה",7/30/2026 0:00,186634107.4,מגדל,,TRUE,FALSE,0.0025,0,4665.852539,0.0025,4665.852539,0
5125380,קסם אקטיב (5D)י גמישה FLEX,,,גמישות,7/30/2026 0:00,116187621.4,קסם,,FALSE,FALSE,0.0146,0.0035,16963.39453,0.0111,12896.82617,0
5125406,אגח סולידית 90/10,"אג""ח כללי בארץ בדירוג גבוה (AA ומעלה ו/ או מדינה)- עד 10% מניות","אג""ח כללי בארץ - עד 10% מניות","אג""ח בארץ - כללי",7/30/2026 0:00,41807440.67,מגדל,,FALSE,FALSE,0.0049,0.0035,2048.564697,0.0014,585.3041382,0
5125414,B.SID20/80,,"אג""ח כללי בארץ - עד 20% מניות","אג""ח בארץ - כללי",7/30/2026 0:00,105399832.7,מגדל,,FALSE,FALSE,0.0073,0.0035,7694.187988,0.0038,4005.193848,0
5125422,B.SID30/70,,"אג""ח כללי בארץ - עד 30% מניות","אג""ח בארץ - כללי",7/30/2026 0:00,65410157.44,מגדל,,FALSE,FALSE,0.0079,0.0035,5167.402344,0.0044,2878.046631,0
5125430,"MTF מחקה (Indxx US E-Commerce (4A מנוטרלת מט""ח",e-Commerce,"מניות לפי ענפים בחו""ל - מנוטרלת מט""ח","מניות בחו""ל",7/30/2026 0:00,220692569.2,מגדל,,TRUE,FALSE,0.008,0,17655.4082,0.008,17655.4082,0
5125448,ילין לפידות (1B) תיק ממשלתי + 10%,,"אג""ח מדינה כללי - עד 10% מניות","אג""ח בארץ - מדינה",7/30/2026 0:00,68878088.99,ילין,,FALSE,FALSE,0.0054,0.0035,3719.416748,0.0019,1308.683716,0
5125455,"ילין לפידות (0B) תיק אג""ח סולידי","אג""ח כללי בארץ בדירוג גבוה בלבד (AA ומעלה ו/ או מדינה)","אג""ח כללי בארץ - ללא מניות","אג""ח בארץ - כללי",7/30/2026 0:00,67838477.97,ילין,,FALSE,FALSE,0.0064,0.0035,4341.662598,0.0029,1967.315674,0
5125463,"פסטרנק שהם (A0)(!) אג""ח חברות ללא מניות",חברות והמרה ללא מניות עם סימן קריאה,חברות והמרה ללא מניות,"אג""ח בארץ - חברות והמרה",7/30/2026 0:00,730727104.5,איילון,פסטרנק,FALSE,FALSE,0.0085,0.0035,62111.80859,0.005,36536.35547,0
5125562,"פורטה (1B) תיק אג""ח עד 10%","אג""ח כללי בארץ- עד 10% מניות ללא סימן קריאה","אג""ח כללי בארץ - עד 10% מניות","אג""ח בארץ - כללי",7/30/2026 0:00,316351766.1,סיגמא,פורטה,FALSE,FALSE,0.008,0.0035,25308.14453,0.0045,14235.83105,0
5125570,"פורטה (1B)(!) אג""ח חברות",חברות והמרה עם מניות ועם סימן קריאה,חברות והמרה עם מניות,"אג""ח בארץ - חברות והמרה",7/30/2026 0:00,622040948.1,סיגמא,פורטה,FALSE,FALSE,0.01,0.0035,62204.09375,0.0065,40432.66406,0
5125604,קסם S&P Financial (4D) KTF,Financial,"מניות לפי ענפים בחו""ל - חשופת מט""ח","מניות בחו""ל",7/30/2026 0:00,75977625.07,קסם,,TRUE,FALSE,0.0025,0,1899.440552,0.0025,1899.440552,0
5125612,קסם STOXX Europe 600 (4D) KTF,אירופה- כללי,"מניות גיאוגרפי - חשופת מט""ח","מניות בחו""ל",7/30/2026 0:00,94896071.09,קסם,,TRUE,FALSE,0.0025,0,2372.401855,0.0025,2372.401855,0
5125620,"קסם S&P Technology (4A) KTF מנוטרלת מט""ח",Technology,"מניות לפי ענפים בחו""ל - מנוטרלת מט""ח","מניות בחו""ל",7/30/2026 0:00,332042235.7,קסם,,TRUE,FALSE,0.004,0,13281.69043,0.004,13281.69043,0
5125638,"קסם S&P Consumer Discretionary (4A) KTF מנוטרלת מט""ח",Consumer Discretionary,"מניות לפי ענפים בחו""ל - מנוטרלת מט""ח","מניות בחו""ל",7/30/2026 0:00,85940877.69,קסם,,TRUE,FALSE,0.003,0,2578.226563,0.003,2578.226563,0
5125646,הראל (2B) אייל,,"אג""ח כללי בארץ - עד 30% מניות","אג""ח בארץ - כללי",7/30/2026 0:00,191565892.3,הראל,הראל פיננסים,FALSE,FALSE,0.0058,0.0035,11110.82129,0.0023,4406.015137,0
5125653,"סיגמא (0A) אג""ח לפדיון עד 12/2027","אג""ח כללי בארץ ללא מניות וללא סימן קריאה, עם מגבלת מח""מ עד 5 שנים","אג""ח כללי בארץ - ללא מניות","אג""ח בארץ - כללי",7/30/2026 0:00,97489157.54,סיגמא,,FALSE,FALSE,0.0059,0.0035,5751.86084,0.0024,2339.73999,0
5125661,סיגמא (2B)י 15/85,,"אג""ח כללי בארץ- עד 15% מניות","אג""ח בארץ - כללי",7/30/2026 0:00,265186994.8,סיגמא,,FALSE,FALSE,0.0076,0.0035,20154.21289,0.0041,10872.66602,0
5125679,סיגמא (4D) גמישה,,,גמישות,7/30/2026 0:00,488454273,סיגמא,,FALSE,FALSE,0.0125,0.0035,61056.78516,0.009,43960.88281,0
5125687,אגח BUY SIDE,"אג""ח כללי בארץ ללא מניות עם סימן קריאה","אג""ח כללי בארץ - ללא מניות","אג""ח בארץ - כללי",7/30/2026 0:00,39982230.35,מגדל,,FALSE,FALSE,0.0059,0.0035,2358.95166,0.0024,959.5736084,0
5125695,BuySide 90/10,חברות והמרה עם מניות ועם סימן קריאה,חברות והמרה עם מניות,"אג""ח בארץ - חברות והמרה",7/30/2026 0:00,527328296,מגדל,,FALSE,FALSE,0.0069,0.0035,36385.65234,0.0034,17929.16016,0
5125703,MTF מחקה (Bluestar Fintech (4D מנוטרלת דולר,Fintech,"מניות לפי ענפים בחו""ל - מנוטרלת מט""ח","מניות בחו""ל",7/30/2026 0:00,16736838.64,מגדל,,TRUE,FALSE,0.008,0,1338.947266,0.008,1338.947266,0
5125729,אילים (2C)י 30/70,,"אג""ח כללי בארץ - עד 30% מניות","אג""ח בארץ - כללי",7/30/2026 0:00,586977633.6,אילים,,FALSE,FALSE,0.0069,0.0035,40501.46094,0.0034,19957.23828,0
5125737,אילים (2B) עוקבת תיק 2 הבנק הבינלאומי,,"אג""ח כללי בארץ- עד 15% מניות","אג""ח בארץ - כללי",7/30/2026 0:00,192485756.1,אילים,,FALSE,FALSE,0.0078,0.0035,15013.88867,0.0043,8276.886719,0
5125745,אילים (2C) עוקבת תיק 3 הבנק הבינלאומי,,"אג""ח כללי בארץ - עד 30% מניות","אג""ח בארץ - כללי",7/30/2026 0:00,87629561.98,אילים,,FALSE,FALSE,0.0078,0.0035,6835.105469,0.0043,3768.070801,0
5125752,MTF מחקה (Indxx Global Aerospace & Defense (4D,Aerospace & Defense,"מניות לפי ענפים בחו""ל - חשופת מט""ח","מניות בחו""ל",7/30/2026 0:00,1901844131,מגדל,,TRUE,FALSE,0.008,0,152147.5313,0.008,152147.5313,0
5125760,"MTF מחקה (S&P Technology (4A מנוטרלת מט""ח",Technology,"מניות לפי ענפים בחו""ל - מנוטרלת מט""ח","מניות בחו""ל",7/30/2026 0:00,162512965.3,מגדל,,TRUE,FALSE,0.008,0,13001.03809,0.008,13001.03809,0
5125778,אילים (3A)י 50/50,,"אג""ח כללי בארץ - חשיפה מרבית מעל 30% מניות","אג""ח בארץ - כללי",7/30/2026 0:00,118480125.4,אילים,,FALSE,FALSE,0.0069,0.0035,8175.128906,0.0034,4028.323975,0
5125794,אילים (2A)י 20/80,,"אג""ח כללי בארץ - עד 20% מניות","אג""ח בארץ - כללי",7/30/2026 0:00,3117339606,אילים,,FALSE,FALSE,0.0075,0.0035,233800.4688,0.004,124693.5859,0
5125802,"קסם אקטיב (0B) אג""ח עד 3 שנים","אג""ח כללי בארץ ללא מניות וללא סימן קריאה, עם מגבלת מח""מ עד 5 שנים","אג""ח כללי בארץ - ללא מניות","אג""ח בארץ - כללי",7/30/2026 0:00,237581161.1,קסם,,FALSE,FALSE,0.0054,0.0035,12829.38281,0.0019,4514.04248,0
5125828,אלפי בנדק (0A)(!)י All Bond כללי,"אג""ח כללי בארץ ללא מניות עם סימן קריאה","אג""ח כללי בארץ - ללא מניות","אג""ח בארץ - כללי",7/30/2026 0:00,143655611.3,הראל,אלפי בנדק,FALSE,FALSE,0.0069,0.0035,9912.237305,0.0034,4884.290527,0
5125836,אלפא טק (4A) מניות ESG ישראל,מניות All Cap,מניות לפי שווי שוק,מניות בארץ,7/30/2026 0:00,42444961.27,הראל,הראל פיננסים,FALSE,FALSE,0.0125,0.0035,5305.620117,0.009,3820.046143,0
5125869,"MTF מחקה (S&P 500 (4A מנוטרלת מט""ח",אמריקה- שווקים מפותחים,"מניות גיאוגרפי - מנוטרלת מט""ח","מניות בחו""ל",7/30/2026 0:00,1860232311,מגדל,,TRUE,FALSE,0,0,0,0,0,0
5125885,מור (1B)י 5/95,,"אג""ח כללי בארץ- עד 5% מניות","אג""ח בארץ - כללי",7/30/2026 0:00,249296271.4,מור,,FALSE,FALSE,0.0061,0.0035,15207.07227,0.0026,6481.702637,0
5125901,"מור אג""ח חברות (1A)",חברות והמרה עם מניות ללא סימן קריאה,חברות והמרה עם מניות,"אג""ח בארץ - חברות והמרה",7/30/2026 0:00,577065165.6,מור,,FALSE,FALSE,0.0079,0.0035,45588.14453,0.0044,25390.86523,0
5125919,מור 25/75 (2B),,"אג""ח כללי בארץ- עד 25% מניות","אג""ח בארץ - כללי",7/30/2026 0:00,1062595557,מור,,FALSE,FALSE,0.0085,0.0035,90320.63281,0.005,53129.78125,0
5125935,הראל (2B)י 15/85,,"אג""ח כללי בארץ- עד 15% מניות","אג""ח בארץ - כללי",7/30/2026 0:00,169684408.6,הראל,,FALSE,FALSE,0.0058,0.0035,9841.695313,0.0023,3902.741455,0
5125943,הראל (2B)י 25/75,,"אג""ח כללי בארץ- עד 25% מניות","אג""ח בארץ - כללי",7/30/2026 0:00,10270940.9,הראל,,FALSE,FALSE,0.0049,0.0035,503.276123,0.0014,143.7931671,0
5125950,הראל (2B)י 20/80,,"אג""ח כללי בארץ - עד 20% מניות","אג""ח בארץ - כללי",7/30/2026 0:00,454821377.3,הראל,,FALSE,FALSE,0.0084,0.0035,38204.99609,0.0049,22286.24414,0
5125968,ילין לפידות (2B)י 15/85,,"אג""ח כללי בארץ- עד 15% מניות","אג""ח בארץ - כללי",7/30/2026 0:00,381178381.4,ילין,,FALSE,FALSE,0.0079,0.0035,30113.08984,0.0044,16771.84766,0
5125984,MTF מחקה‏ (00) תל בונד-צמודות 1-3,בריבית קבועה - קצר,"אג""ח חברות צמודות מדד","אג""ח בארץ - חברות והמרה",7/30/2026 0:00,417307565.8,מגדל,,TRUE,FALSE,0.0025,0,10432.68848,0.0025,10432.68848,0
5125992,"הראל (0A)(!) אג""ח מדורג - רכיב בטוחה",חברות והמרה ללא מניות עם סימן קריאה,חברות והמרה ללא מניות,"אג""ח בארץ - חברות והמרה",7/30/2026 0:00,54522121.3,הראל,,FALSE,FALSE,0.0058,0.0035,3162.282959,0.0023,1254.008667,0
5126008,"מיטב (1B) אג""ח עד 5% מניות",,"אג""ח כללי בארץ- עד 5% מניות","אג""ח בארץ - כללי",7/30/2026 0:00,181789506.9,מיטב,,FALSE,FALSE,0.0055,0.0035,9998.422852,0.002,3635.790039,0
5126024,מיטב (3C) תיק השקעות עד 50%,,"אג""ח כללי בארץ - חשיפה מרבית מעל 30% מניות","אג""ח בארץ - כללי",7/30/2026 0:00,399451535.6,מיטב,,FALSE,FALSE,0.0078,0.0035,31157.2168,0.0043,17176.41406,0
5126065,מיטב (3B)י 40/60,,"אג""ח כללי בארץ - חשיפה מרבית מעל 30% מניות","אג""ח בארץ - כללי",7/30/2026 0:00,310780630,מיטב,,FALSE,FALSE,0.0079,0.0035,24551.66992,0.0044,13674.34668,0
5126081,פוקוס (4D) גמישה,,,גמישות,7/30/2026 0:00,141377853.1,איילון,פוקוס,FALSE,FALSE,0.016000001,0.0035,22620.45898,0.012500001,17672.23242,0
5126099,"אילים (4D) מניות חו""ל","מניות כללי בחו""ל חשופת מט""ח","מניות כללי בחו""ל","מניות בחו""ל",7/30/2026 0:00,47781774.62,אילים,,FALSE,FALSE,0.0125,0.0035,5972.722168,0.009,4300.359375,0
5126107,פוקוס (1A)י 10/90,"אג""ח כללי בארץ- עד 10% מניות ללא סימן קריאה","אג""ח כללי בארץ - עד 10% מניות","אג""ח בארץ - כללי",7/30/2026 0:00,252967657.7,איילון,פוקוס,FALSE,FALSE,0.0079,0.0035,19984.44531,0.0044,11130.57617,0
5126123,פוקוס (2B)י 20/80,,"אג""ח כללי בארץ - עד 20% מניות","אג""ח בארץ - כללי",7/30/2026 0:00,394758689.3,איילון,פוקוס,FALSE,FALSE,0.0085,0.0035,33554.49219,0.005,19737.93555,0
5126164,אלטשולר שחם (2B)י 15-85,,"אג""ח כללי בארץ- עד 15% מניות","אג""ח בארץ - כללי",7/30/2026 0:00,55009455.4,אלטשולר,,FALSE,FALSE,0.0075,0.0035,4125.708984,0.004,2200.378174,0
5126180,אלטשולר שחם (3C)י 35-65,,"אג""ח כללי בארץ - חשיפה מרבית מעל 30% מניות","אג""ח בארץ - כללי",7/30/2026 0:00,16514793.96,אלטשולר,,FALSE,FALSE,0.0085,0.0035,1403.757568,0.005,825.7397461,0
5126214,אי.בי.אי. (1A) תיק קונצרני + 10%,חברות והמרה עם מניות ללא סימן קריאה,חברות והמרה עם מניות,"אג""ח בארץ - חברות והמרה",7/30/2026 0:00,50848831.78,אי.בי.אי,,FALSE,FALSE,0.0065,0.0035,3305.174072,0.003,1525.464966,0
5126230,אי.בי.אי. (2B) גיא 25/75,,"אג""ח כללי בארץ- עד 25% מניות","אג""ח בארץ - כללי",7/30/2026 0:00,83628643.51,אי.בי.אי,,FALSE,FALSE,0.0121,0.0035,10119.06543,0.0086,7192.062988,0
5126271,"אילים (2B) תיק אג""ח + 20%",,"אג""ח כללי בארץ - עד 20% מניות","אג""ח בארץ - כללי",7/30/2026 0:00,79142585.09,אילים,,FALSE,FALSE,0.0069,0.0035,5460.838379,0.0034,2690.847656,0
5126289,איילון (2B) תיק 15/85,,"אג""ח כללי בארץ- עד 15% מניות","אג""ח בארץ - כללי",7/30/2026 0:00,26338446.13,איילון,,FALSE,FALSE,0.0065,0.0035,1711.999023,0.003,790.1533813,0
5126347,מיטב (2C) תיק השקעות 15/85,,"אג""ח כללי בארץ- עד 15% מניות","אג""ח בארץ - כללי",7/30/2026 0:00,315719726.2,מיטב,,FALSE,FALSE,0.0069,0.0035,21784.66016,0.0034,10734.46973,0
5126420,כוון גמישה (4D) קרן נאמנות,,,גמישות,7/30/2026 0:00,65197088.72,איילון,כוון,FALSE,FALSE,0.0187,0.0035,12191.85547,0.0152,9909.958008,0
5126438,"נאסד""ק X2",,ממונפות בסיכון גבוה,ממונפות ואסטרטגיות,7/30/2026 0:00,338755656.3,מגדל,,FALSE,FALSE,0.035999998,0.0035,121952.0234,0.032499999,110095.5859,0
5126453,אי.בי.אי. (00) נטע מדינה ללא מניות,,"אג""ח מדינה כללי - ללא מניות","אג""ח בארץ - מדינה",7/30/2026 0:00,650728400.1,אי.בי.אי,,FALSE,FALSE,0.0048,0.0035,31234.96289,0.0013,8459.469727,0
5126479,אי.בי.אי. (2B)(!) נוגה 25/75,,"אג""ח כללי בארץ- עד 25% מניות","אג""ח בארץ - כללי",7/30/2026 0:00,100198294.1,אי.בי.אי,,FALSE,FALSE,0.0089,0.0035,8917.648438,0.0054,5410.70752,0
5126487,יתר,מניות Small Cap,מניות לפי שווי שוק,מניות בארץ,7/30/2026 0:00,21171496.96,מגדל,,FALSE,FALSE,0.0125,0.0035,2646.437012,0.009,1905.43457,0
5126495,"אי.בי.אי. (1A)(!) אג""ח פלוס 10/90","אג""ח כללי בארץ- עד 10% מניות ועם סימן קריאה","אג""ח כללי בארץ - עד 10% מניות","אג""ח בארץ - כללי",7/30/2026 0:00,229413516.3,אי.בי.אי,,FALSE,FALSE,0.0055,0.0035,12617.74414,0.002,4588.270508,0
5126511,הזדמנויות,,חברות והמרה בסיכון גבוה,"אג""ח בארץ - חברות והמרה",7/30/2026 0:00,101672717.9,מגדל,,FALSE,FALSE,0.019099999,0.0035,19419.49023,0.0156,15860.94336,0
5126560,כוון מניות ישראל (4B),מניות All Cap,מניות לפי שווי שוק,מניות בארץ,7/30/2026 0:00,50658715.37,איילון,כוון,FALSE,FALSE,0.0145,0.0035,7345.513672,0.011,5572.458984,0
5126586,"אי.בי.אי. (00) אג""ח חברות שקלי",,חברות והמרה שקלי ללא מניות,"אג""ח בארץ - חברות והמרה",7/30/2026 0:00,46691709.39,אי.בי.אי,,FALSE,FALSE,0.006,0.0035,2801.502686,0.0025,1167.292725,0
5126685,אנליסט (4B) מניות SMALL CAP ישראל,מניות Small Cap,מניות לפי שווי שוק,מניות בארץ,7/30/2026 0:00,239814683,אנליסט,,FALSE,FALSE,0.0221,0.0035,52999.04297,0.0186,44605.53125,0
5126701,אלטשולר שחם (4B) סופה מניות,מניות All Cap,מניות לפי שווי שוק,מניות בארץ,7/30/2026 0:00,645459395.4,אלטשולר,,FALSE,FALSE,0.022,0.0035,142001.0625,0.0185,119409.9844,0
5126727,"אלטשולר שחם (0B)(!) תיק אג""ח ללא מניות","אג""ח כללי בארץ ללא מניות עם סימן קריאה","אג""ח כללי בארץ - ללא מניות","אג""ח בארץ - כללי",7/30/2026 0:00,127707675.9,אלטשולר,,FALSE,FALSE,0.007,0.0035,8939.537109,0.0035,4469.768555,0
5126776,קסם אקטיב (2B)י 20-80,,"אג""ח כללי בארץ - עד 20% מניות","אג""ח בארץ - כללי",7/30/2026 0:00,594078426.1,קסם,,FALSE,FALSE,0.0082,0.0035,48714.42969,0.0047,27921.68359,0
5126818,מור מחקה (00)(!) תל בונד- תשואות צמודות,בריבית קבועה ,"אג""ח חברות צמודות מדד","אג""ח בארץ - חברות והמרה",7/30/2026 0:00,15052274.99,מור,,TRUE,FALSE,0.002,0,301.0455322,0.002,301.0455322,0
5126941,אילים (1A) מדינה שקלית פלוס,,"אג""ח מדינה שקליות- עד 10% מניות","אג""ח בארץ - מדינה",7/30/2026 0:00,402653239.6,אילים,,FALSE,FALSE,0.0059,0.0035,23756.54297,0.0024,9663.678711,0
5126990,כספ דולר,חשופת דולר,"כספית מט""חית עם קונצרני",קרן כספית,7/30/2026 0:00,158239069,מגדל,,FALSE,FALSE,0.0025,0.001,3955.976807,0.0015,2373.585938,1
5127006,אזימוט (4B) מניות,מניות All Cap,מניות לפי שווי שוק,מניות בארץ,7/30/2026 0:00,33825063.95,איילון,אזימוטליין,FALSE,FALSE,0.0218,0.0035,7373.86377,0.018300001,6189.987305,0
5127030,מיטב (1A) סולידית פלוס,"אג""ח כללי בארץ בדירוג גבוה (AA ומעלה ו/ או מדינה)- עד 10% מניות","אג""ח כללי בארץ - עד 10% מניות","אג""ח בארץ - כללי",7/30/2026 0:00,175494960.2,מיטב,,FALSE,FALSE,0.0059,0.0035,10354.20313,0.0024,4211.879395,0
5127055,"תכלית S&P Aerospace & Defense (4A) TTF מנוטרלת מט""ח",Aerospace & Defense,"מניות לפי ענפים בחו""ל - מנוטרלת מט""ח","מניות בחו""ל",7/30/2026 0:00,396868092.1,מיטב,,TRUE,FALSE,0.0055,0,21827.74609,0.0055,21827.74609,0
5127063,תכלית ISE Cyber Security (4B) TTF מנוטרלת דולר,Cyber Security,"מניות לפי ענפים בחו""ל - מנוטרלת מט""ח","מניות בחו""ל",7/30/2026 0:00,141577998.4,מיטב,,TRUE,FALSE,0.008,0,11326.24121,0.008,11326.24121,0
5127089,"ילין לפידות (4D) מניות חו""ל נקובה $","מניות חו""ל נקובת מט""ח","מניות כללי בחו""ל","מניות בחו""ל",7/30/2026 0:00,206654998.3,ילין,,FALSE,FALSE,0.017000001,0.0035,35131.35156,0.013500001,27898.42578,0
5127105,תמיר פישמן (1A) ממשלתי עד שנתיים +5%,,"אג""ח מדינה כללי - עד 10% מניות","אג""ח בארץ - מדינה",7/30/2026 0:00,110367421.6,תמיר,,FALSE,FALSE,0.0055,0.002,6070.208496,0.0035,3862.859619,0
5127121,תמיר פישמן (2C) עוקבת תיק 3 הבנק הבינלאומי,,"אג""ח כללי בארץ - עד 30% מניות","אג""ח בארץ - כללי",7/30/2026 0:00,675193691.5,תמיר,,FALSE,FALSE,0.0069,0.0035,46588.36328,0.0034,22956.58203,0
5127139,שופן (2B)י 20/80,,"אג""ח כללי בארץ - עד 20% מניות","אג""ח בארץ - כללי",7/30/2026 0:00,49265513.82,סיגמא,א.נ.נ.י שופן,FALSE,FALSE,0.0082,0.0035,4039.771973,0.0047,2315.479004,0
5127147,אי.בי.אי. מחקה (4D)י Solactive US Internet,Internet,"מניות לפי ענפים בחו""ל - חשופת מט""ח","מניות בחו""ל",7/30/2026 0:00,37087874.21,אי.בי.אי,,TRUE,FALSE,0.008,0,2967.030273,0.008,2967.030273,0
5127162,MTF מחקה (Bluestar Robotics (4D מנוטרלת דולר,Robotics,"מניות לפי ענפים בחו""ל - מנוטרלת מט""ח","מניות בחו""ל",7/30/2026 0:00,117194380.7,מגדל,,TRUE,FALSE,0.008,0,9375.551758,0.008,9375.551758,0
5127188,אלפי בנדק (4B) מניות ישראל,מניות All Cap,מניות לפי שווי שוק,מניות בארץ,7/30/2026 0:00,153164375.5,הראל,אלפי בנדק,FALSE,FALSE,0.016899999,0.0035,25884.77734,0.0134,20524.02539,0
5127204,"אי.בי.אי. (2B) אג""ח + 15%",,"אג""ח כללי בארץ- עד 15% מניות","אג""ח בארץ - כללי",7/30/2026 0:00,126039421.1,אי.בי.אי,,FALSE,FALSE,0.0069,0.0035,8696.720703,0.0034,4285.339844,0
5127212,מוניטר (4D) גמישה,,,גמישות,7/30/2026 0:00,6336006.72,איילון,מוניטר,FALSE,FALSE,0.012,0.0035,760.3208008,0.0085,538.5606079,0
5127220,מוניטר (2D)י 30/70- נקובה $,,"אג""ח נקובת מט""ח","אג""ח בחו""ל ",7/30/2026 0:00,10767670.93,איילון,מוניטר,FALSE,FALSE,0.0095,0.0035,1022.928711,0.006,646.0601807,0
5127253,"קסם אקטיב (4D) מניות רובוטיקה חו""ל",,"מניות לפי ענפים בחו""ל","מניות בחו""ל",7/30/2026 0:00,78872936.73,קסם,,FALSE,FALSE,0.019400001,0.0035,15301.35059,0.015900001,12540.79688,0
5127279,דולפין (4D) גמישה,,,גמישות,7/30/2026 0:00,59290170.29,איילון,דולפין,FALSE,FALSE,0.018999999,0.0035,11265.13184,0.0155,9189.976563,0
5127287,"תכלית S&P Utilities (4A) TTF מנוטרלת מט""ח",Utilities,"מניות לפי ענפים בחו""ל - מנוטרלת מט""ח","מניות בחו""ל",7/30/2026 0:00,70029319.22,מיטב,,TRUE,FALSE,0.006,0,4201.759277,0.006,4201.759277,0
5127329,תכלית PHLX Semiconductor Sector (4D) TTF,Semiconductor,"מניות לפי ענפים בחו""ל - חשופת מט""ח","מניות בחו""ל",7/30/2026 0:00,1724062013,מיטב,,TRUE,FALSE,0.008,0,137924.9688,0.008,137924.9688,0
5127360,"הראל (0A) אג""ח קונצרני מדורג",חברות והמרה ללא מניות וללא סימן קריאה,חברות והמרה ללא מניות,"אג""ח בארץ - חברות והמרה",7/30/2026 0:00,146954609.8,הראל,הראל פיננסים,FALSE,FALSE,0.003,0.0035,4408.638184,-0.0005,-734.7731323,0
5127378,MTF מחקה (Bluestar Artificial Intelligence (4D מנוטרלת דולר,Technology,"מניות לפי ענפים בחו""ל - מנוטרלת מט""ח","מניות בחו""ל",7/30/2026 0:00,138480237.1,מגדל,,TRUE,FALSE,0.008,0,11078.41992,0.008,11078.41992,0
5127402,MTF מחקה (Indxx US E-Commerce (4D,e-Commerce,"מניות לפי ענפים בחו""ל - חשופת מט""ח","מניות בחו""ל",7/30/2026 0:00,36109502.82,מגדל,,TRUE,FALSE,0.008,0,2888.760498,0.008,2888.760498,0
5127428,"MTF מחקה (4A) ת""א סקטור-באלאנס",Mid Cap & Large ,מניות לפי שווי שוק,מניות בארץ,7/30/2026 0:00,126355097.8,מגדל,,TRUE,FALSE,0.0025,0,3158.877441,0.0025,3158.877441,0
5127469,אי.בי.אי. מחקה (4D)י S&P 500,אמריקה- שווקים מפותחים,"מניות גיאוגרפי - חשופת מט""ח","מניות בחו""ל",7/30/2026 0:00,1238978828,אי.בי.אי,,TRUE,FALSE,0.0025,0,30974.46875,0.0025,30974.46875,0
5127477,"מור (2A) אג""ח מדינה + 15%",,"אג""ח מדינה כללי- עד 20% מניות","אג""ח בארץ - מדינה",7/30/2026 0:00,274507208.7,מור,,FALSE,FALSE,0.0063,0.0035,17293.95313,0.0028,7686.201172,0
5127493,אי.בי.אי. (D.A. MODEL (4D,"ארה""ב חשופת מט""ח",מניות גיאוגרפי,"מניות בחו""ל",7/30/2026 0:00,2180542.26,אי.בי.אי,,FALSE,FALSE,0.0135,0.0035,294.37323,0.01,218.0542145,0
5127501,"הראל מחקה (4A)י Dax - מנוטרלת מט""ח",אירופה- שווקים מפותחים,"מניות גיאוגרפי - מנוטרלת מט""ח","מניות בחו""ל",7/30/2026 0:00,182654984.4,הראל,,TRUE,FALSE,0,0,0,0,0,0
5127527,"הראל מחקה (4A)י S&P 500 - מנוטרלת מט""ח",אמריקה- שווקים מפותחים,"מניות גיאוגרפי - מנוטרלת מט""ח","מניות בחו""ל",7/30/2026 0:00,1222346919,הראל,,TRUE,FALSE,0,0,0,0,0,0
5127535,"קסם 4A) KTF) ת""א סקטור-באלאנס",Mid Cap & Large ,מניות לפי שווי שוק,מניות בארץ,7/30/2026 0:00,226153523.9,קסם,,TRUE,FALSE,0.0025,0,5653.837891,0.0025,5653.837891,0
5127543,קסם DAX (4D) KTF,אירופה- שווקים מפותחים,"מניות גיאוגרפי - חשופת מט""ח","מניות בחו""ל",7/30/2026 0:00,21008454.61,קסם,,TRUE,FALSE,0,0,0,0,0,0
5127550,"קסם S&P Aerospace & Defense (4A) KTF מנוטרלת מט""ח",Aerospace & Defense,"מניות לפי ענפים בחו""ל - מנוטרלת מט""ח","מניות בחו""ל",7/30/2026 0:00,80553205.61,קסם,,TRUE,FALSE,0.007,0,5638.724609,0.007,5638.724609,0
5127568,"איילון (4D) קנאביס חו""ל",,"מניות לפי ענפים בחו""ל","מניות בחו""ל",7/30/2026 0:00,2285884.35,איילון,,FALSE,FALSE,0.016000001,0.0035,365.7415161,0.012500001,285.7355347,0
5127576,פסטרנק שהם (4B) מניות,מניות All Cap,מניות לפי שווי שוק,מניות בארץ,7/30/2026 0:00,2067500020,איילון,פסטרנק,FALSE,FALSE,0.0175,0.0035,361812.5,0.014,289450,0
5127584,"תכלית TTF י(4A) ת""א סקטור-באלאנס",Mid Cap & Large ,מניות לפי שווי שוק,מניות בארץ,7/30/2026 0:00,93044720.67,מיטב,,TRUE,FALSE,0.0025,0,2326.11792,0.0025,2326.11792,0
5127592,"MTF מחקה (Indxx US Cloud Computing (4A מנוטרלת מט""ח",Cloud Computing,"מניות לפי ענפים בחו""ל - מנוטרלת מט""ח","מניות בחו""ל",7/30/2026 0:00,41959281.86,מגדל,,TRUE,FALSE,0.008,0,3356.742676,0.008,3356.742676,0
5127600,"תכלית ISE CTA Cloud Computing (4A) TTF מנוטרלת מט""ח",Cloud Computing,"מניות לפי ענפים בחו""ל - מנוטרלת מט""ח","מניות בחו""ל",7/30/2026 0:00,78703752.11,מיטב,,TRUE,FALSE,0.008,0,6296.300781,0.008,6296.300781,0
5127642,MTF מחקה (DAX (4D,אירופה- שווקים מפותחים,"מניות גיאוגרפי - חשופת מט""ח","מניות בחו""ל",7/30/2026 0:00,46232414.92,מגדל,,TRUE,FALSE,0,0,0,0,0,0
5127659,"MTF מחקה (DAX (4A מנוטרלת מט""ח",אירופה- שווקים מפותחים,"מניות גיאוגרפי - מנוטרלת מט""ח","מניות בחו""ל",7/30/2026 0:00,52102995.45,מגדל,,TRUE,FALSE,0,0,0,0,0,0
5127667,MTF מחקה (S&P 500 Bond Mega 30 Investment Grade 3-5 Year (0D,,"חברות והמרה חשופת מט""ח - בינוני","אג""ח בחו""ל",7/30/2026 0:00,107660443.3,מגדל,,TRUE,FALSE,0.0025,0,2691.510986,0.0025,2691.510986,0
5127709,MTF מחקה (00) תל בונד שקלי,בריבית קבועה,"אג""ח חברות שקלי","אג""ח בארץ - חברות והמרה",7/30/2026 0:00,701865364,מגדל,,TRUE,FALSE,0.002,0,14037.30762,0.002,14037.30762,0
5127717,קסם אקטיב (2B)י 15/85,,"אג""ח כללי בארץ- עד 15% מניות","אג""ח בארץ - כללי",7/30/2026 0:00,281794838.4,קסם,,FALSE,FALSE,0.0068,0.0035,19162.05078,0.0033,9299.230469,0
5127725,מור (4D) השקעות,,,גמישות,7/30/2026 0:00,874472757.7,מור,,FALSE,FALSE,0.0155,0.0035,135543.2813,0.012,104936.7344,0
5127733,אי.בי.אי. מחקה (4D)י Solactive North American Cannabis,Cannabis,"מניות לפי ענפים בחו""ל - חשופת מט""ח","מניות בחו""ל",7/30/2026 0:00,5006050.58,אי.בי.אי,,TRUE,FALSE,0.01,0,500.6050415,0.01,500.6050415,0
5127766,אי.בי.אי. מחקה (4D)י Nasdaq 100,אמריקה- שווקים מפותחים,"מניות גיאוגרפי - חשופת מט""ח","מניות בחו""ל",7/30/2026 0:00,818308922.5,אי.בי.אי,,TRUE,FALSE,0.003,0,24549.26953,0.003,24549.26953,0
5127774,"הראל (2D) תיק אג""ח חו""ל - נקובה $",,"אג""ח נקובת מט""ח","אג""ח בחו""ל ",7/30/2026 0:00,23317546.85,הראל,,FALSE,FALSE,0.003,0.0035,699.5264282,-0.0005,-116.5877457,0
5127782,הראל (1B) מדינה + 10%,,"אג""ח מדינה כללי - עד 10% מניות","אג""ח בארץ - מדינה",7/30/2026 0:00,18364615.26,הראל,,FALSE,FALSE,0.0043,0.0035,789.6784668,0.0008,146.9169312,0
5127790,הראל (00) כספית מגמת ריבית,כספית שקלית עם קונצרני,כספית שקלית,קרן כספית,7/30/2026 0:00,10665488233,הראל,,FALSE,FALSE,0.0018,0.001,191978.7813,0.0008,85323.89844,1
5127808,הראל (0D) כספית דולרית מגמת ריבית,חשופת דולר,"כספית מט""חית עם קונצרני",קרן כספית,7/30/2026 0:00,664601431,הראל,,FALSE,FALSE,0.002,0.001,13292.0293,0.001,6646.014648,1
5127857,"קסם Indxx USD Disruptive Technologies (4A) KTF מנוטרלת מט""ח",Technology,"מניות לפי ענפים בחו""ל - מנוטרלת מט""ח","מניות בחו""ל",7/30/2026 0:00,15775408.27,קסם,,TRUE,FALSE,0.007,0,1104.278564,0.007,1104.278564,0
5127865,אי.בי.אי. מחקה (4D)י Solactive FinTech,Fintech,"מניות לפי ענפים בחו""ל - חשופת מט""ח","מניות בחו""ל",7/30/2026 0:00,3665091.32,אי.בי.אי,,TRUE,FALSE,0.008,0,293.2073059,0.008,293.2073059,0
5127881,קסם אקטיב (00) כספית פטורה,כספית שקלית עם קונצרני,כספית שקלית,קרן כספית,7/30/2026 0:00,6278736354,קסם,,FALSE,FALSE,0.0024,0.001,150689.6719,0.0014,87902.3125,1
5127907,MTF מחקה (00) תל בונד שקלי 50,בריבית קבועה,"אג""ח חברות שקלי","אג""ח בארץ - חברות והמרה",7/30/2026 0:00,386601891.6,מגדל,,TRUE,FALSE,0.0025,0,9665.046875,0.0025,9665.046875,0
5127915,תכלית ISE CTA Cloud Computing (4D) TTF,Cloud Computing,"מניות לפי ענפים בחו""ל - חשופת מט""ח","מניות בחו""ל",7/30/2026 0:00,36929232.33,מיטב,,TRUE,FALSE,0.006,0,2215.753906,0.006,2215.753906,0
5127923,"מיטב (1D)י 10/90 תיק אג""ח חו""ל",,"אג""ח חשופת מט""ח","אג""ח בחו""ל ",7/30/2026 0:00,17218575.02,מיטב,,FALSE,FALSE,0.0075,0.0035,1291.393188,0.004,688.743042,0
5127931,מיטב (1B) מדינה + 10%,,"אג""ח מדינה כללי - עד 10% מניות","אג""ח בארץ - מדינה",7/30/2026 0:00,226291612.2,מיטב,,FALSE,FALSE,0.0059,0.0035,13351.20605,0.0024,5430.999023,0
5127949,אי.בי.אי. (1B) עד 3 שנים 10/90,"אג""ח כללי בארץ- עד 10% מניות ללא סימן קריאה","אג""ח כללי בארץ - עד 10% מניות","אג""ח בארץ - כללי",7/30/2026 0:00,1526422636,אי.בי.אי,,FALSE,FALSE,0.0069,0.0035,105323.1641,0.0034,51898.36719,0
5127980,ISP Asset Managementי (1B)י 10/90,"אג""ח כללי בארץ- עד 10% מניות ללא סימן קריאה","אג""ח כללי בארץ - עד 10% מניות","אג""ח בארץ - כללי",7/30/2026 0:00,140264551.7,איילון,ISP,FALSE,FALSE,0.008,0.0035,11221.16406,0.0045,6311.905273,0
5127998,"אי.בי.אי. (2D) אג""ח דולר ריבית משתנה פלוס",,"אג""ח חשופת דולר","אג""ח בחו""ל ",7/30/2026 0:00,15333144.35,אי.בי.אי,,FALSE,FALSE,0.0089,0.0035,1364.64978,0.0054,827.9897461,0
5128004,"אלטשולר שחם (0D) ממשלת ארה""ב עד שנתיים דולרית",,"אג""ח חשופת דולר","אג""ח בחו""ל ",7/30/2026 0:00,8652243.51,אלטשולר,,FALSE,FALSE,0.006,0.0035,519.1346436,0.0025,216.3060913,0
5128020,MTF מחקה (Indxx Global Medical Devices (4D מנוטרלת דולר,Health Care,"מניות לפי ענפים בחו""ל - מנוטרלת מט""ח","מניות בחו""ל",7/30/2026 0:00,18637400.01,מגדל,,TRUE,FALSE,0.008,0,1490.992065,0.008,1490.992065,0
5128038,MTF מחקה (0D)י S&P 500 Bond Mega 30 Investment Grade 1-3 Year,,"חברות והמרה חשופת מט""ח - קצר ","אג""ח בחו""ל",7/30/2026 0:00,237724667.7,מגדל,,TRUE,FALSE,0.0025,0,5943.116699,0.0025,5943.116699,0
5128079,"קסם Russell 2000 (4A) KTF מנוטרלת מט""ח",אמריקה- שווקים מפותחים,"מניות גיאוגרפי - מנוטרלת מט""ח","מניות בחו""ל",7/30/2026 0:00,176551537.3,קסם,,TRUE,FALSE,0.0025,0,4413.788086,0.0025,4413.788086,0
5128087,קסם אקטיב (0D) כספית דולרית,חשופת דולר,"כספית מט""חית עם קונצרני",קרן כספית,7/30/2026 0:00,306964397.1,קסם,,FALSE,FALSE,0.002,0.001,6139.288086,0.001,3069.644043,1
5128095,הראל מחקה (0A) תל בונד מאגר,"אג""ח חברות שקלי וצמוד","אג""ח חברות ","אג""ח בארץ - חברות והמרה",7/30/2026 0:00,181721972,הראל,,TRUE,FALSE,0,0,0,0,0,0
5128103,הראל מחקה (00) תל גוב-משתנה שקלי,‏ריבית משתנה ממשלתיות,"אג""ח מדינה שקליות ","אג""ח בארץ - מדינה",7/30/2026 0:00,23286017.98,הראל,,TRUE,FALSE,0.001,0,232.860199,0.001,232.860199,0
5128111,הראל מחקה (00) תל גוב-שקלי,ריבית קבועה,"אג""ח מדינה שקליות ","אג""ח בארץ - מדינה",7/30/2026 0:00,79598376.48,הראל,,TRUE,FALSE,0.0014,0,1114.377197,0.0014,1114.377197,0
5128137,הראל מחקה (00) תל גוב-שקלי 5+,‏ריבית קבועה - ארוך,"אג""ח מדינה שקליות ","אג""ח בארץ - מדינה",7/30/2026 0:00,45888535.3,הראל,,TRUE,FALSE,0.0015,0,688.328064,0.0015,688.328064,0
5128202,"הראל מחקה (4A) משולבת מניות חו""ל חודשי מנוטרלת מט""ח",,"מניות בחו""ל קרן משולבת","מניות בחו""ל",7/30/2026 0:00,313600987.6,הראל,,TRUE,FALSE,0,0,0,0,0,0
5128210,"הראל מחקה (2A) משולבת אג""ח ישראל (85%) מניות ישראל-חול (15%) חודשי מנוטרלת מט""ח",,עד 20% מניות,"אג""ח בארץ משולבת",7/30/2026 0:00,49232488.84,הראל,,TRUE,FALSE,0,0,0,0,0,0
5128236,"הראל מחקה (4D) משולבת מניות חו""ל חודשי",,"מניות בחו""ל קרן משולבת","מניות בחו""ל",7/30/2026 0:00,91204520.85,הראל,,TRUE,FALSE,0,0,0,0,0,0
5128244,"הראל מחקה (4D) משולבת מניות סקטורים ארה""ב חודשי",,"מניות בחו""ל קרן משולבת","מניות בחו""ל",7/30/2026 0:00,57219888.65,הראל,,TRUE,FALSE,0,0,0,0,0,0
5128251,"הראל מחקה (4A) משולבת מניות סקטורים ארה""ב חודשי מנוטרלת מט""ח",,"מניות בחו""ל קרן משולבת","מניות בחו""ל",7/30/2026 0:00,35561320.76,הראל,,TRUE,FALSE,0,0,0,0,0,0
5128293,אלפא טק (4D) גמישה,,,גמישות,7/30/2026 0:00,15405298.21,הראל,הראל פיננסים,FALSE,FALSE,0.0095,0.0035,1463.503296,0.006,924.3178101,0
5128343,ילין לפידות (0A) צמוד מדינה,,"אג""ח מדינה צמוד מדד- ללא מניות","אג""ח בארץ - מדינה",7/30/2026 0:00,34781505.1,ילין,,FALSE,FALSE,0.0059,0.0035,2052.108887,0.0024,834.7561035,0
5128350,"ילין לפידות (0A)(!) אג""ח ישראל","אג""ח כללי בארץ ללא מניות עם סימן קריאה","אג""ח כללי בארץ - ללא מניות","אג""ח בארץ - כללי",7/30/2026 0:00,263674890,ילין,,FALSE,FALSE,0.0075,0.0035,19775.61719,0.004,10546.99512,0
5128368,"ילין לפידות (4B) מניות ערך ת""א 125",מניות Large & Mid Cap ,מניות לפי שווי שוק,מניות בארץ,7/30/2026 0:00,636873719.4,ילין,,FALSE,FALSE,0.015,0.0035,95531.05469,0.011499999,73240.46875,0
5128376,מור (2B)י 30/70,,"אג""ח כללי בארץ - עד 30% מניות","אג""ח בארץ - כללי",7/30/2026 0:00,1061511088,מור,,FALSE,FALSE,0.0079,0.0035,83859.375,0.0044,46706.48438,0
5128418,"דולפין (0B) אג""ח סולידית","אג""ח כללי בארץ בדירוג גבוה בלבד (AA ומעלה ו/ או מדינה)","אג""ח כללי בארץ - ללא מניות","אג""ח בארץ - כללי",7/30/2026 0:00,106326161.9,איילון,דולפין,FALSE,FALSE,0.0059,0.0035,6273.243652,0.0024,2551.827881,0
5128434,אי.בי.אי. (0B)(!) תיק קונצרני,חברות והמרה ללא מניות עם סימן קריאה,חברות והמרה ללא מניות,"אג""ח בארץ - חברות והמרה",7/30/2026 0:00,1456289509,אי.בי.אי,,FALSE,FALSE,0.0089,0.0035,129609.7734,0.0054,78639.63281,0
5128442,אי.בי.אי. מחקה (4D)י Nasdaq Global Smart Airlines,Transportation,"מניות לפי ענפים בחו""ל - חשופת מט""ח","מניות בחו""ל",7/30/2026 0:00,37641256.45,אי.בי.אי,,TRUE,FALSE,0.008,0,3011.300781,0.008,3011.300781,0
5128459,MTF מחקה (Bluestar China Internet Software (4D,Internet,"מניות לפי ענפים בחו""ל - חשופת מט""ח","מניות בחו""ל",7/30/2026 0:00,9046364.54,מגדל,,TRUE,FALSE,0.008,0,723.7092285,0.008,723.7092285,0
5128467,MTF מחקה (Bluestar Asia Technology (4D,Technology,"מניות לפי ענפים בחו""ל - חשופת מט""ח","מניות בחו""ל",7/30/2026 0:00,68635495.67,מגדל,,TRUE,FALSE,0.006,0,4118.129883,0.006,4118.129883,0
5128475,פורטה (1B)י 10/90,"אג""ח כללי בארץ- עד 10% מניות ללא סימן קריאה","אג""ח כללי בארץ - עד 10% מניות","אג""ח בארץ - כללי",7/30/2026 0:00,516492298.1,סיגמא,פורטה,FALSE,FALSE,0.0062,0.0035,32022.52148,0.0027,13945.29199,0
5128483,"פורטה (0B)(!) אג""ח כללי","אג""ח כללי בארץ ללא מניות עם סימן קריאה","אג""ח כללי בארץ - ללא מניות","אג""ח בארץ - כללי",7/30/2026 0:00,106833027.5,סיגמא,פורטה,FALSE,FALSE,0.006,0.0035,6409.981445,0.0025,2670.825439,0
5128491,ילין לפידות (2B)י 25/75 צמיחה,,"אג""ח כללי בארץ- עד 25% מניות","אג""ח בארץ - כללי",7/30/2026 0:00,344998454.1,ילין,,FALSE,FALSE,0.0079,0.0035,27254.87695,0.0044,15179.93164,0
5128509,דיאמונד (4D) מניות גלובאלי,"מניות כללי בחו""ל חשופת מט""ח","מניות כללי בחו""ל","מניות בחו""ל",7/30/2026 0:00,14165354.35,איילון,דיאמונד,FALSE,FALSE,0.0144,0.0035,2039.810791,0.0109,1544.02356,0
5128525,פורטה (4D) מניות,מניות All Cap,מניות לפי שווי שוק,מניות בארץ,7/30/2026 0:00,353660937,סיגמא,פורטה,FALSE,FALSE,0.0185,0.0035,65427.26953,0.015000001,53049.14063,0
5128541,"פורטה (0B) אג""ח ללא מניות","אג""ח כללי בארץ ללא מניות וללא סימן קריאה ","אג""ח כללי בארץ - ללא מניות","אג""ח בארץ - כללי",7/30/2026 0:00,516881348.1,סיגמא,פורטה,FALSE,FALSE,0.0075,0.0035,38766.09766,0.004,20675.25391,0
5128566,"גביש (0B)(!) אג""ח חברות ללא מניות",חברות והמרה ללא מניות עם סימן קריאה,חברות והמרה ללא מניות,"אג""ח בארץ - חברות והמרה",7/30/2026 0:00,39081656.34,סיגמא,"גביש פיננסים ניהול תיקי השקעות בע""מ ",FALSE,FALSE,0.0089,0.0035,3478.267334,0.0054,2110.40918,0
5128590,"הראל גביש (0B) תיק אג""ח ללא מניות","אג""ח כללי בארץ ללא מניות וללא סימן קריאה ","אג""ח כללי בארץ - ללא מניות","אג""ח בארץ - כללי",7/30/2026 0:00,856054369.5,הראל,"גביש פיננסים בע""מ",FALSE,FALSE,0.0073,0.0035,62491.97266,0.0038,32530.06836,0
5128616,FOREST י(4B) מניות,מניות All Cap,מניות לפי שווי שוק,מניות בארץ,7/30/2026 0:00,206486945.7,פורסט,,FALSE,FALSE,0.012,0.0035,24778.43359,0.0085,17551.39258,0
5128624,MTF מחקה (Bluestar E-Games (4D,e-Gaming,"מניות לפי ענפים בחו""ל - חשופת מט""ח","מניות בחו""ל",7/30/2026 0:00,9053420.86,מגדל,,TRUE,FALSE,0.008,0,724.2737427,0.008,724.2737427,0
5128632,"מיטב (0B)(!) אג""ח תשואה כוללת","אג""ח כללי בארץ ללא מניות עם סימן קריאה","אג""ח כללי בארץ - ללא מניות","אג""ח בארץ - כללי",7/30/2026 0:00,170709804.5,מיטב,,FALSE,FALSE,0.0074,0.0035,12632.52637,0.0039,6657.682129,0
5128640,מיטב (0B)(!) נבחרת קונצרני,חברות והמרה ללא מניות עם סימן קריאה,חברות והמרה ללא מניות,"אג""ח בארץ - חברות והמרה",7/30/2026 0:00,651493656.6,מיטב,,FALSE,FALSE,0.0079,0.0035,51467.99609,0.0044,28665.7168,0
5128665,אי.בי.אי. (2C) עד 3 שנים 30/70,,"אג""ח כללי בארץ - עד 30% מניות","אג""ח בארץ - כללי",7/30/2026 0:00,210689957.7,אי.בי.אי,,FALSE,FALSE,0.0069,0.0035,14537.60742,0.0034,7163.45752,0
5128673,סיגמא (1A) מדינה צמודה פלוס,,"אג""ח מדינה צמוד מדד- עד 10% מניות ","אג""ח בארץ - מדינה",7/30/2026 0:00,2043526575,סיגמא,,FALSE,FALSE,0.0064,0.0035,130785.6953,0.0029,59262.26172,0
5128756,תכלית Dow Jones Internet Composite (4D) TTF,Internet,"מניות לפי ענפים בחו""ל - חשופת מט""ח","מניות בחו""ל",7/30/2026 0:00,9749618.23,מיטב,,TRUE,FALSE,0.006,0,584.9771118,0.006,584.9771118,0
5128772,"תכלית TTFי (0D)י All-Bond מט""ח וטופ 5 תל בונד-20 צמודות",,,"אג""ח בארץ כללי",7/30/2026 0:00,37487110.53,מיטב,,TRUE,FALSE,0.002,0,749.7423096,0.002,749.7423096,0
5128814,תמיר פישמן (4D)י DIGITAL ECONOMY,"מניות כללי בחו""ל חשופת מט""ח","מניות כללי בחו""ל","מניות בחו""ל",7/30/2026 0:00,41609995.04,תמיר,,FALSE,FALSE,0.0149,0.0035,6199.88916,0.011399999,4743.539551,0
5128848,"ב. אלטרנטיב (0C)(!) אג""ח קונצרני",חברות והמרה ללא מניות עם סימן קריאה,חברות והמרה ללא מניות,"אג""ח בארץ - חברות והמרה",7/30/2026 0:00,402007374.8,איילון,בסט אלטרנטיב,FALSE,FALSE,0.0089,0.0035,35778.65625,0.0054,21708.39648,0
5128855,איילון (4D) מניות גלובאלי,"מניות כללי בחו""ל חשופת מט""ח","מניות כללי בחו""ל","מניות בחו""ל",7/30/2026 0:00,132189587.8,איילון,"זליקוביץ השקעות פיננסיות איי.אר.איי בע""מ",FALSE,FALSE,0.015,0.0035,19828.4375,0.011499999,15201.80078,0
5128871,הראל (2B) עוקבת תיק מס` 3 - הבנק הבינלאומי,,"אג""ח כללי בארץ - עד 30% מניות","אג""ח בארץ - כללי",7/30/2026 0:00,116249987.7,הראל,,FALSE,FALSE,0.0055,0.0035,6393.749023,0.002,2324.999512,0
5128897,"הראל (00) שהם אג""ח סולידי ללא מניות","אג""ח כללי בארץ בדירוג גבוה בלבד (AA ומעלה ו/ או מדינה)","אג""ח כללי בארץ - ללא מניות","אג""ח בארץ - כללי",7/30/2026 0:00,68440358.57,הראל,,FALSE,FALSE,0.0025,0.0035,1711.008911,-0.001,-684.4036865,0
5128905,קסם NASDAQ 100 (4D) KTF,אמריקה- שווקים מפותחים,"מניות גיאוגרפי - חשופת מט""ח","מניות בחו""ל",7/30/2026 0:00,1784806950,קסם,,TRUE,FALSE,0,0,0,0,0,0
5128939,תכלית TTF י(4D)י Indxx US eGaming & Virtual Reality,e-Gaming,"מניות לפי ענפים בחו""ל - חשופת מט""ח","מניות בחו""ל",7/30/2026 0:00,24077143.21,מיטב,,TRUE,FALSE,0.008,0,1926.171631,0.008,1926.171631,0
5128947,"איילון (6D) אקסטרים נאסד""ק 100 פי 3",,ממונפות בסיכון גבוה,ממונפות ואסטרטגיות,7/30/2026 0:00,155866590.6,איילון,,FALSE,FALSE,0.0185,0.0035,28835.31836,0.015000001,23379.99023,0
5128962,מור (4D) מניות טכנולוגיה גלובלי,,"מניות לפי ענפים בחו""ל","מניות בחו""ל",7/30/2026 0:00,225734606.5,מור,אוראל לוי,FALSE,FALSE,0.021,0.0035,47404.26563,0.0175,39503.55469,0
5128970,"תכלית TTF י(4A) ת""א-פמילי",אחר,מניות לפי שווי שוק,מניות בארץ,7/30/2026 0:00,90192392.73,מיטב,,TRUE,FALSE,0.005,0,4509.619629,0.005,4509.619629,0
5128988,תכלית TTF י(4D)י Indxx US Junior Cybersecurity,Cyber Security,"מניות לפי ענפים בחו""ל - חשופת מט""ח","מניות בחו""ל",7/30/2026 0:00,24206597.19,מיטב,,TRUE,FALSE,0.008,0,1936.527954,0.008,1936.527954,0
5128996,"קסם אקטיב (3D) תיק אג""ח ומניות",,"אג""ח כללי בארץ - חשיפה מרבית מעל 30% מניות","אג""ח בארץ - כללי",7/30/2026 0:00,109360921.5,קסם,,FALSE,FALSE,0.0079,0.0035,8639.512695,0.0044,4811.879883,0
5129002,קסם KTFי (00) תל בונד-שקלי AA-AAA,בריבית קבועה,"אג""ח חברות שקלי","אג""ח בארץ - חברות והמרה",7/30/2026 0:00,194655810.7,קסם,,TRUE,FALSE,0.002,0,3893.116455,0.002,3893.116455,0
5129010,קסם KTFי (00) תל בונד-צמודות AA-AAA,בריבית קבועה ,"אג""ח חברות צמודות מדד","אג""ח בארץ - חברות והמרה",7/30/2026 0:00,402194710.9,קסם,,TRUE,FALSE,0.002,0,8043.89502,0.002,8043.89502,0
5129028,קסם KTFי (00) תל בונד-צמודות 3-5,בריבית קבועה - בינוני ,"אג""ח חברות צמודות מדד","אג""ח בארץ - חברות והמרה",7/30/2026 0:00,64556044.38,קסם,,TRUE,FALSE,0.0035,0,2259.46167,0.0035,2259.46167,0
5129036,"קסם KTFי (0D)י All-Bond-מט""ח וטופ 5 תל בונד-20 צמודות",,,"אג""ח בארץ כללי",7/30/2026 0:00,30061708.42,קסם,,TRUE,FALSE,0.0035,0,1052.15979,0.0035,1052.15979,0
5129069,MTF מחקה (00) אינדקס A-AA ישראל 1-3,"אג""ח חברות שקלי וצמוד","אג""ח חברות ","אג""ח בארץ - חברות והמרה",7/30/2026 0:00,146157244.9,מגדל,,TRUE,FALSE,0.0025,0,3653.931152,0.0025,3653.931152,0
5129093,פורצ'ן (4D) גמישה,,,גמישות,7/30/2026 0:00,177806312,איילון,פורצן,FALSE,FALSE,0.017999999,0.0035,32005.13477,0.0145,25781.91602,0
5129101,"פורצ'ן (0D)(!) אג""ח בינלאומי",,"אג""ח חשופת מט""ח","אג""ח בחו""ל ",7/30/2026 0:00,546659022.7,איילון,פורצן,FALSE,FALSE,0.009,0.0035,49199.30859,0.0055,30066.24414,0
5129119,פורצ'ן (1B)י 10/90,"אג""ח כללי בארץ- עד 10% מניות ללא סימן קריאה","אג""ח כללי בארץ - עד 10% מניות","אג""ח בארץ - כללי",7/30/2026 0:00,348983464.4,איילון,פורצן,FALSE,FALSE,0.008,0.0035,27918.67773,0.0045,15704.25684,0
5129127,קסם S&P 500 Bond Mega 30 Investment Grade 3-5 Year (0D) KTF,,"חברות והמרה חשופת מט""ח - בינוני","אג""ח בחו""ל",7/30/2026 0:00,229658812.1,קסם,,TRUE,FALSE,0.0025,0,5741.470215,0.0025,5741.470215,0
5129143,הראל (2B) אמלפי,,"אג""ח כללי בארץ - עד 30% מניות","אג""ח בארץ - כללי",7/30/2026 0:00,87585834.26,הראל,,FALSE,FALSE,0.0043,0.0035,3766.190674,0.0008,700.6866455,0
5129168,"הראל (4A) מניות תנודתיות נמוכה ת""א Large & Mid Cap",מניות Large & Mid Cap ,מניות לפי שווי שוק,מניות בארץ,7/30/2026 0:00,16683650.22,הראל,א. י. אוריון יעוץ (2003) בע״מ ,FALSE,FALSE,0.0119,0.0035,1985.35437,0.008400001,1401.426758,0
5129184,"קסם אקטיב (2A) תיק אג""ח + 15",,"אג""ח כללי בארץ- עד 15% מניות","אג""ח בארץ - כללי",7/30/2026 0:00,206340062.7,קסם,,FALSE,FALSE,0.0089,0.0035,18364.26563,0.0054,11142.3623,0
5129192,קסם KTFי (00) תל גוב- שקלי 5-10,‏ריבית קבועה - ארוך,"אג""ח מדינה שקליות ","אג""ח בארץ - מדינה",7/30/2026 0:00,529094129.1,קסם,,TRUE,FALSE,0.001,0,5290.941895,0.001,5290.941895,0
5129200,"ברומטר (0B)(!) אג""ח חברות ללא מניות",חברות והמרה ללא מניות עם סימן קריאה,חברות והמרה ללא מניות,"אג""ח בארץ - חברות והמרה",7/30/2026 0:00,111310210.5,איילון,ברומטר,FALSE,FALSE,0.0079,0.0035,8793.505859,0.0044,4897.648926,0
5129218,אי.בי.אי. מחקה (4A)י STOXX Europe 600 מנוטרלת אירו,אירופה- כללי,"מניות גיאוגרפי - מנוטרלת מט""ח","מניות בחו""ל",7/30/2026 0:00,91321635.24,אי.בי.אי,,TRUE,FALSE,0.0025,0,2283.040771,0.0025,2283.040771,0
5129226,אי.בי.אי. מחקה (4D)י S&P Consumer Staples,Consumer Staples,"מניות לפי ענפים בחו""ל - חשופת מט""ח","מניות בחו""ל",7/30/2026 0:00,28787479.16,אי.בי.אי,,TRUE,FALSE,0.003,0,863.6244507,0.003,863.6244507,0
5129242,אי.בי.אי. מחקה (4D)י S&P Financial,Financial,"מניות לפי ענפים בחו""ל - חשופת מט""ח","מניות בחו""ל",7/30/2026 0:00,117030953.5,אי.בי.אי,,TRUE,FALSE,0.0025,0,2925.773682,0.0025,2925.773682,0
5129259,אי.בי.אי. מחקה (4D)י S&P Health Care,Health Care,"מניות לפי ענפים בחו""ל - חשופת מט""ח","מניות בחו""ל",7/30/2026 0:00,78320569.15,אי.בי.אי,,TRUE,FALSE,0.005,0,3916.02832,0.005,3916.02832,0
5129267,MTF מחקה (Indxx Global E-Commerce (4D,e-Commerce,"מניות לפי ענפים בחו""ל - חשופת מט""ח","מניות בחו""ל",7/30/2026 0:00,8351613.45,מגדל,,TRUE,FALSE,0.008,0,668.1291504,0.008,668.1291504,0
5129275,הראל מחקה (4D)יS&P 500,אמריקה- שווקים מפותחים,"מניות גיאוגרפי - חשופת מט""ח","מניות בחו""ל",7/30/2026 0:00,3439677781,הראל,,TRUE,FALSE,0,0,0,0,0,0
5129283,הראל מחקה (4D)יNASDAQ 100,אמריקה- שווקים מפותחים,"מניות גיאוגרפי - חשופת מט""ח","מניות בחו""ל",7/30/2026 0:00,1565301001,הראל,,TRUE,FALSE,0,0,0,0,0,0
5129309,"אי.בי.אי. מחקה (4D) משולבת מניות ארה""ב חודשי",,"מניות בחו""ל קרן משולבת","מניות בחו""ל",7/30/2026 0:00,242352834.1,אי.בי.אי,,TRUE,FALSE,0.005,0,12117.6416,0.005,12117.6416,0
5129317,איילון (3D) עוקבת תיק 4 הבנק הבינלאומי,,"אג""ח כללי בארץ - חשיפה מרבית מעל 30% מניות","אג""ח בארץ - כללי",7/30/2026 0:00,60462711.32,איילון,,FALSE,FALSE,0.0075,0.0035,4534.703125,0.004,2418.508301,0
5129333,"פוקוס (0A) אג""ח","אג""ח כללי בארץ ללא מניות וללא סימן קריאה ","אג""ח כללי בארץ - ללא מניות","אג""ח בארץ - כללי",7/30/2026 0:00,237047296.6,איילון,פוקוס,FALSE,FALSE,0.0075,0.0035,17778.54688,0.004,9481.891602,0
5129374,תכלית TTF י(4D)י INDXX US Industrial Real Estate&Logistics,REIT &  Real Estate,"מניות לפי ענפים בחו""ל - חשופת מט""ח","מניות בחו""ל",7/30/2026 0:00,29260274.37,מיטב,,TRUE,FALSE,0.008,0,2340.822021,0.008,2340.822021,0
5129382,"שופן (0B) אג""ח גלאט בפקוח ועד ההלכה של הגר""ש ואזנר והגר""נ קרליץ","אג""ח כללי בארץ ללא מניות וללא סימן קריאה ","אג""ח כללי בארץ - ללא מניות","אג""ח בארץ - כללי",7/30/2026 0:00,21215520.8,סיגמא,א.נ.נ.י שופן,FALSE,FALSE,0.0089,0.0035,1888.181274,0.0054,1145.638062,0
5129408,הראל (00) כספית ניהול נזילות,כספית שקלית עם קונצרני,כספית שקלית,קרן כספית,7/30/2026 0:00,4664433728,הראל,,FALSE,FALSE,0.0017,0.001,79295.375,0.0007,32651.0332,1
5129424,הראל מחקה (00) אינדקס לפדיון 2030 (מתגלגל כל 6 שנים),"אג""ח חברות שקלי וצמוד","אג""ח חברות ","אג""ח בארץ - חברות והמרה",7/30/2026 0:00,94643941.41,הראל,,TRUE,FALSE,0.002,0,1892.879028,0.002,1892.879028,0
5129432,קסם KTFי (00) תל בונד שקלי-50,בריבית קבועה,"אג""ח חברות שקלי","אג""ח בארץ - חברות והמרה",7/30/2026 0:00,194437866.8,קסם,,TRUE,FALSE,0,0,0,0,0,0
5129457,מור (2B) עוקבת תיק 2 הבנק הבינלאומי,,"אג""ח כללי בארץ- עד 15% מניות","אג""ח בארץ - כללי",7/30/2026 0:00,552427677.8,מור,,FALSE,FALSE,0.0074,0.0035,40879.64844,0.0039,21544.67773,0
5129465,"הראל (4A) מניות במומנטום ת""א Large & Mid Cap",מניות Large & Mid Cap ,מניות לפי שווי שוק,מניות בארץ,7/30/2026 0:00,807169654.3,הראל,הראל פיננסים,FALSE,FALSE,0.0129,0.0035,104124.8906,0.009400001,75873.95313,0
5129473,"אלפא טק (4D) מניות חו""ל ESG","מניות כללי בחו""ל חשופת מט""ח","מניות כללי בחו""ל","מניות בחו""ל",7/30/2026 0:00,44967020.84,הראל,הראל פיננסים,FALSE,FALSE,0.009,0.0035,4047.031494,0.0055,2473.186035,0
5129499,עוקבת תיק 2 אגח,"אג""ח כללי בארץ ללא מניות וללא סימן קריאה ","אג""ח כללי בארץ - ללא מניות","אג""ח בארץ - כללי",7/30/2026 0:00,12303654.65,מגדל,,FALSE,FALSE,0.0061,0.0035,750.5229492,0.0026,319.894989,0
5129507,אי.בי.אי. מחקה (4D)י Solactive Electronic Payment,e-Commerce,"מניות לפי ענפים בחו""ל - חשופת מט""ח","מניות בחו""ל",7/30/2026 0:00,1836249.15,אי.בי.אי,,TRUE,FALSE,0.008,0,146.8999329,0.008,146.8999329,0
5129523,הראל (0D) כספית דולרית - נקובה $,"נקובת מט""ח","כספית מט""חית עם קונצרני",קרן כספית,7/30/2026 0:00,8119410885,הראל,,FALSE,FALSE,0.0015,0.001,121791.1641,0.0005,40597.05078,1
5129531,MTF מחקה (00) אינדקס A ישראל 2-4,"אג""ח חברות שקלי וצמוד","אג""ח חברות ","אג""ח בארץ - חברות והמרה",7/30/2026 0:00,176548168.3,מגדל,,TRUE,FALSE,0.0025,0,4413.704102,0.0025,4413.704102,0
5129549,"MTF מחקה (00) אינדקס אג""ח במינוף פיננסי נמוך","אג""ח חברות שקלי וצמוד","אג""ח חברות ","אג""ח בארץ - חברות והמרה",7/30/2026 0:00,148285693.5,מגדל,,TRUE,FALSE,0.0025,0,3707.142334,0.0025,3707.142334,0
5129564,"הפניקס קסם (00) אג""ח כללי A ומעלה","אג""ח כללי בארץ ללא מניות וללא סימן קריאה ","אג""ח כללי בארץ - ללא מניות","אג""ח בארץ - כללי",7/30/2026 0:00,487011109.8,קסם,,FALSE,FALSE,0.0037,0.0035,18019.41211,0.0002,974.0216675,0
5129598,אלטשולר שחם (2B) עוקבת תיק 3 הבנק הבינלאומי,,"אג""ח כללי בארץ - עד 30% מניות","אג""ח בארץ - כללי",7/30/2026 0:00,11596371.08,אלטשולר,,FALSE,FALSE,0.007,0.0035,811.7459717,0.0035,405.8729858,0
5129606,פסטרנק שהם (4D) גמישה,,,גמישות,7/30/2026 0:00,26791665.15,איילון,פסטרנק,FALSE,FALSE,0.017000001,0.0035,4554.583496,0.013500001,3616.875244,0
5129648,MTF מחקה (4D)י Bluestar Global Connective Technologies,Internet,"מניות לפי ענפים בחו""ל - חשופת מט""ח","מניות בחו""ל",7/30/2026 0:00,48565656.97,מגדל,,TRUE,FALSE,0.008,0,3885.252686,0.008,3885.252686,0
5129655,אנליסט (2B) עוקבת תיק 3 הבנק הבינלאומי,,"אג""ח כללי בארץ - עד 30% מניות","אג""ח בארץ - כללי",7/30/2026 0:00,73930035.08,אנליסט,,FALSE,FALSE,0.0069,0.0035,5101.172363,0.0034,2513.62085,0
5129663,"הראל מחקה (00) אינדקס אג""ח תזרימיות A ומעלה","אג""ח חברות שקלי וצמוד","אג""ח חברות ","אג""ח בארץ - חברות והמרה",7/30/2026 0:00,66690884.28,הראל,,TRUE,FALSE,0.0015,0,1000.363281,0.0015,1000.363281,0
5129689,הראל מחקה (00) תל בונד צמודות- בנקים ללא COCO,בריבית קבועה ,"אג""ח חברות צמודות מדד","אג""ח בארץ - חברות והמרה",7/30/2026 0:00,368548713.1,הראל,,TRUE,FALSE,0.0015,0,5528.230957,0.0015,5528.230957,0
5129697,הראל מחקה (4A) תל דיב, All Cap,מניות לפי שווי שוק,מניות בארץ,7/30/2026 0:00,63449513.3,הראל,,TRUE,FALSE,0.006,0,3806.970947,0.006,3806.970947,0
5129705,"הראל מחקה (4A) ת""א סקטור-באלאנס",Mid Cap & Large ,מניות לפי שווי שוק,מניות בארץ,7/30/2026 0:00,167003907.9,הראל,,TRUE,FALSE,0.0013,0,2171.050781,0.0013,2171.050781,0
5129721,הראל מחקה (4D) ‏DJ US Dividend,אמריקה- שווקים מפותחים,"מניות גיאוגרפי - חשופת מט""ח","מניות בחו""ל",7/30/2026 0:00,20862251.6,הראל,,TRUE,FALSE,0.007,0,1460.357666,0.007,1460.357666,0
5129739,"הראל מחקה (4A)יRussell 2000 מנוטרלת מט""ח",אמריקה- שווקים מפותחים,"מניות גיאוגרפי - מנוטרלת מט""ח","מניות בחו""ל",7/30/2026 0:00,114409435.2,הראל,,TRUE,FALSE,0.004,0,4576.377441,0.004,4576.377441,0
5129762,"הראל מחקה (4A)יS&P Consumer Staples מנוטרלת מט""ח",Consumer Staples,"מניות לפי ענפים בחו""ל - מנוטרלת מט""ח","מניות בחו""ל",7/30/2026 0:00,20685068.67,הראל,,TRUE,FALSE,0.006,0,1241.104126,0.006,1241.104126,0
5129770,"הראל מחקה (0A)יiBoxx $ Corps Liquid 3-7 Years מנוטרלת מט""ח",,"חברות והמרה  מנוטרלת מט""ח - בינוני","אג""ח בחו""ל",7/30/2026 0:00,474321727,הראל,,TRUE,FALSE,0.0022,0,10435.07813,0.0022,10435.07813,0
5129788,"הראל מחקה (4A)יS&P Technology מנוטרלת מט""ח",Technology,"מניות לפי ענפים בחו""ל - מנוטרלת מט""ח","מניות בחו""ל",7/30/2026 0:00,302659910.3,הראל,,TRUE,FALSE,0.007,0,21186.19336,0.007,21186.19336,0
5129887,"MTF מחקה (4A) אינדקס ת""א 125 Quality",Mid Cap & Large ,מניות לפי שווי שוק,מניות בארץ,7/30/2026 0:00,77429857.76,מגדל,,TRUE,FALSE,0.006,0,4645.791504,0.006,4645.791504,0
5129937,מור (0A)י A ומעלה עד 4 שנים,"חברות והמרה ללא מניות וללא סימן קריאה, עם מגבלת מח""מ עד 5 שנים",חברות והמרה ללא מניות,"אג""ח בארץ - חברות והמרה",7/30/2026 0:00,542204729.2,מור,,FALSE,FALSE,0.0076,0.0035,41207.5625,0.0041,22230.39453,0
5129978,"FOREST (י0B)(!) אג""ח ללא מניות","אג""ח כללי בארץ ללא מניות עם סימן קריאה","אג""ח כללי בארץ - ללא מניות","אג""ח בארץ - כללי",7/30/2026 0:00,720046676.7,פורסט,,FALSE,FALSE,0.0075,0.0035,54003.49609,0.004,28801.86523,0
5130000,"MTF מחקה (00) אינדקס אג""ח בנקים וביטוח","אג""ח חברות שקלי וצמוד","אג""ח חברות ","אג""ח בארץ - חברות והמרה",7/30/2026 0:00,128303516.6,מגדל,,TRUE,FALSE,0.0025,0,3207.587891,0.0025,3207.587891,0
5130018,"הראל מחקה (00) אינדקס אג""ח CoCo בנקים","אג""ח חברות שקלי וצמוד","אג""ח חברות ","אג""ח בארץ - חברות והמרה",7/30/2026 0:00,560979344,הראל,,TRUE,FALSE,0.0036,0,20195.25391,0.0036,20195.25391,0
5130026,הראל מחקה (4D)י Dow Jones U.S. Select Medical Equipment,Health Care,"מניות לפי ענפים בחו""ל - חשופת מט""ח","מניות בחו""ל",7/30/2026 0:00,49883236.28,הראל,,TRUE,FALSE,0.008,0,3990.65918,0.008,3990.65918,0
5130042,איילון (4B) תיק מניות כשרה,מניות All Cap,מניות לפי שווי שוק,מניות בארץ,7/30/2026 0:00,133409963.6,איילון,,FALSE,FALSE,0.008,0.0035,10672.79785,0.0045,6003.44873,0
5130059,ורדן (4D)י Flexible,,,גמישות,7/30/2026 0:00,4162133.66,איילון,ורדן,FALSE,FALSE,0.0188,0.0035,782.4810791,0.0153,636.8064575,0
5130067,אי.בי.אי. (6F) אסטרטגיות - ממונפת,,ממונפות בסיכון גבוה,ממונפות ואסטרטגיות,7/30/2026 0:00,567281636.2,אי.בי.אי,GREMMY ADVISORS LIMITED,FALSE,FALSE,0.02,0.0035,113456.3281,0.0165,93601.47656,0
5130083,MTF מחקה (00) אינדקס צמודות בנקים וביטוח ,בריבית קבועה ,"אג""ח חברות צמודות מדד","אג""ח בארץ - חברות והמרה",7/30/2026 0:00,79487319.94,מגדל,,TRUE,FALSE,0.002,0,1589.74646,0.002,1589.74646,0
5130091,קסם אקטיב (0D) כספית דולרית - נקובה $,"נקובת מט""ח","כספית מט""חית עם קונצרני",קרן כספית,7/30/2026 0:00,608486885.4,קסם,,FALSE,FALSE,0.0025,0.001,15212.17285,0.0015,9127.302734,1
5130133,תכלית TTF י(00) תל בונד שקלי 3-5,בריבית קבועה - בינוני ,"אג""ח חברות שקלי","אג""ח בארץ - חברות והמרה",7/30/2026 0:00,69941996.23,מיטב,,TRUE,FALSE,0,0,0,0,0,0
5130141,"תכלית TTF י(4A)י Nasdaq Golden Dragon China מנוטרלת מט""ח",אסיה ופסיפיק- שווקים מתעוררים,"מניות גיאוגרפי - מנוטרלת מט""ח","מניות בחו""ל",7/30/2026 0:00,5538450.14,מיטב,,TRUE,FALSE,0.008,0,443.0760193,0.008,443.0760193,0
5130158,תכלית TTF י(00) תל בונד צמודות AA-AAA,בריבית קבועה ,"אג""ח חברות צמודות מדד","אג""ח בארץ - חברות והמרה",7/30/2026 0:00,193398870.2,מיטב,,TRUE,FALSE,0.002,0,3867.977539,0.002,3867.977539,0
5130166,תכלית TTF י(00) תל בונד-שקלי 1-3,בריבית קבועה - קצר,"אג""ח חברות שקלי","אג""ח בארץ - חברות והמרה",7/30/2026 0:00,177920736,מיטב,,TRUE,FALSE,0,0,0,0,0,0
5130174,תכלית TTF י(00) תל בונד שקלי 5-15,בריבית קבועה - ארוך,"אג""ח חברות שקלי","אג""ח בארץ - חברות והמרה",7/30/2026 0:00,547984821.7,מיטב,,TRUE,FALSE,0.0005,0,2739.924316,0.0005,2739.924316,0
5130182,ילין לפידות (3C)י 40/60,,"אג""ח כללי בארץ - חשיפה מרבית מעל 30% מניות","אג""ח בארץ - כללי",7/30/2026 0:00,287935437.2,ילין,,FALSE,FALSE,0.0084,0.0035,24186.57617,0.0049,14108.83398,0
5130190,ילין לפידות (1A)י A ומעלה + 10%,חברות והמרה עם מניות ללא סימן קריאה,חברות והמרה עם מניות,"אג""ח בארץ - חברות והמרה",7/30/2026 0:00,330583266.5,ילין,,FALSE,FALSE,0.0079,0.0035,26116.07617,0.0044,14545.66211,0
5130208,ילין לפידות (2B) מדינה + 20%,,"אג""ח מדינה כללי- עד 20% מניות","אג""ח בארץ - מדינה",7/30/2026 0:00,26480846.2,ילין,,FALSE,FALSE,0.0054,0.0035,1429.965698,0.0019,503.1361084,0
5130224,אגח חבר+25,חברות והמרה עם מניות ללא סימן קריאה,חברות והמרה עם מניות,"אג""ח בארץ - חברות והמרה",7/30/2026 0:00,19251815.2,מגדל,,FALSE,FALSE,0.0069,0.0035,1328.375366,0.0034,654.5617065,0
5130240,ברק (4D) גמישה,,,גמישות,7/30/2026 0:00,5069578.89,ברק,,FALSE,FALSE,0.017999999,0.0035,912.5241699,0.0145,735.0889282,0
5130265,אי.בי.אי. (2C)י 20/90,,אסטרטגיות (לא ממונפות) ,ממונפות ואסטרטגיות,7/30/2026 0:00,274337164,אי.בי.אי,GREMMY ADVISORS LIMITED,FALSE,FALSE,0.0089,0.0035,24416.00586,0.0054,14814.20508,0
5130273,הראל (4A) מניות פיננסים,,מניות לפי ענפים,מניות בארץ,7/30/2026 0:00,123585423.6,הראל,,FALSE,FALSE,0.015,0.0035,18537.8125,0.011499999,14212.32227,0
5130299,אי.בי.אי. מחקה (4D)י BlueStar Defense & Cyber & Intelligence,Cyber Security,"מניות לפי ענפים בחו""ל - חשופת מט""ח","מניות בחו""ל",7/30/2026 0:00,8417587.14,אי.בי.אי,,TRUE,FALSE,0.008,0,673.4069824,0.008,673.4069824,0
5130307,איילון (1B)י 10/90,"אג""ח כללי בארץ- עד 10% מניות ללא סימן קריאה","אג""ח כללי בארץ - עד 10% מניות","אג""ח בארץ - כללי",7/30/2026 0:00,571054132,איילון,"ו.ע בינה בע""מ",FALSE,FALSE,0.008,0.0035,45684.33594,0.0045,25697.43945,0
5130315,"איילון (0B) אג""ח ללא מניות","אג""ח כללי בארץ ללא מניות וללא סימן קריאה ","אג""ח כללי בארץ - ללא מניות","אג""ח בארץ - כללי",7/30/2026 0:00,1701425314,איילון,"ו.ע בינה בע""מ",FALSE,FALSE,0.0079,0.0035,134412.5938,0.0044,74862.70313,0
5130323,איילון (4B) מימון ואשראי חוץ בנקאי,,מניות לפי ענפים,מניות בארץ,7/30/2026 0:00,16618957.88,איילון,,FALSE,FALSE,0.015,0.0035,2492.843506,0.011499999,1911.179932,0
5130349,ב. אלטרנטיב (4B) מניות ישראל,מניות All Cap,מניות לפי שווי שוק,מניות בארץ,7/30/2026 0:00,480052605.9,איילון,בסט אלטרנטיב,FALSE,FALSE,0.017999999,0.0035,86409.46094,0.0145,69607.625,0
5130356,ילין לפידות (0A)(!) קונצרני ישראל,חברות והמרה ללא מניות עם סימן קריאה,חברות והמרה ללא מניות,"אג""ח בארץ - חברות והמרה",7/30/2026 0:00,556691088.6,ילין,,FALSE,FALSE,0.0075,0.0035,41751.82813,0.004,22267.64258,0
5130364,מור (2B) ברקת 30/70,,"אג""ח כללי בארץ - עד 30% מניות","אג""ח בארץ - כללי",7/30/2026 0:00,161746351.8,מור,,FALSE,FALSE,0.0058,0.0035,9381.288086,0.0023,3720.165771,0
5130372,MTF מחקה (20) מדד משולב אינדקס בנקים ישראל 20/80 חודשי,,עד 20% מניות,"אג""ח בארץ משולבת",7/30/2026 0:00,182003986.7,מגדל,,TRUE,FALSE,0.0025,0,4550.099609,0.0025,4550.099609,0
5130380,אי.בי.אי. מחקה‏ (00) תל בונד שקלי בנקים וביטוח,בריבית קבועה,"אג""ח חברות שקלי","אג""ח בארץ - חברות והמרה",7/30/2026 0:00,330773581.2,אי.בי.אי,,TRUE,FALSE,0.002,0,6615.47168,0.002,6615.47168,0
5130398,MTF מחקה (Indxx Pure Cyber (4D מנוטרלת דולר,Cyber Security,"מניות לפי ענפים בחו""ל - מנוטרלת מט""ח","מניות בחו""ל",7/30/2026 0:00,21622852.56,מגדל,,TRUE,FALSE,0.008,0,1729.828247,0.008,1729.828247,0
5130414,"פרופאונד אג""ח מדורגות (0A)(!)",חברות והמרה ללא מניות עם סימן קריאה,חברות והמרה ללא מניות,"אג""ח בארץ - חברות והמרה",7/30/2026 0:00,102307796.6,איילון,פרופאונד,FALSE,FALSE,0.008,0.0035,8184.624512,0.0045,4603.851563,0
5130422,פרופאונד גמישה (4D),,,גמישות,7/30/2026 0:00,104586984.8,איילון,פרופאונד,FALSE,FALSE,0.0175,0.0035,18302.7207,0.014,14642.17773,0
5130430,פרופאונד 20/80 (2B),,"אג""ח כללי בארץ - עד 20% מניות","אג""ח בארץ - כללי",7/30/2026 0:00,30141352.76,איילון,פרופאונד,FALSE,FALSE,0.0077,0.0035,2320.884033,0.0042,1265.936768,0
5130455,"מיטב (0B) אג""ח קונצרני מדורג עד 5 שנים","חברות והמרה ללא מניות וללא סימן קריאה, עם מגבלת מח""מ עד 5 שנים",חברות והמרה ללא מניות,"אג""ח בארץ - חברות והמרה",7/30/2026 0:00,111019810.9,מיטב,,FALSE,FALSE,0.0068,0.0035,7549.347168,0.0033,3663.653809,0
5130463,"מיטב (0A) אג""ח עד 4 שנים","אג""ח כללי בארץ ללא מניות וללא סימן קריאה, עם מגבלת מח""מ עד 5 שנים","אג""ח כללי בארץ - ללא מניות","אג""ח בארץ - כללי",7/30/2026 0:00,222407564.7,מיטב,,FALSE,FALSE,0.0059,0.0035,13122.04688,0.0024,5337.781738,0
5130505,הראל (4D) איתן,,,גמישות,7/30/2026 0:00,423599776.8,הראל,הראל פיננסים,FALSE,FALSE,0,0.0035,0,-0.0035,-14825.99219,0
5130513,MTF מחקה (00) תל גוב-שקלי 5+,‏ריבית קבועה - ארוך,"אג""ח מדינה שקליות ","אג""ח בארץ - מדינה",7/30/2026 0:00,319752430,מגדל,,TRUE,FALSE,0,0,0,0,0,0
5130521,"MTF מחקה (4A)י S&P 500 Scored & Screened מנוטרלת מט""ח",אמריקה- שווקים מפותחים,"מניות גיאוגרפי - מנוטרלת מט""ח","מניות בחו""ל",7/30/2026 0:00,160260599.9,מגדל,,TRUE,FALSE,0,0,0,0,0,0
5130539,"הפניקס קסם (0A)(!) אג""ח ללא מניות","אג""ח כללי בארץ ללא מניות עם סימן קריאה","אג""ח כללי בארץ - ללא מניות","אג""ח בארץ - כללי",7/30/2026 0:00,707592496.6,קסם,,FALSE,FALSE,0.0084,0.0035,59437.76953,0.0049,34672.03125,0
5130554,"הפניקס קסם (4D) מניות חו""ל","מניות כללי בחו""ל חשופת מט""ח","מניות כללי בחו""ל","מניות בחו""ל",7/30/2026 0:00,456572285.6,קסם,,FALSE,FALSE,0.017899999,0.0035,81726.4375,0.0144,65746.40625,0
5130588,"קסם אקטיב (00) עוקבת מרכיב אג""ח – תיק 3 הבנק הבינלאומי","אג""ח כללי בארץ ללא מניות וללא סימן קריאה ","אג""ח כללי בארץ - ללא מניות","אג""ח בארץ - כללי",7/30/2026 0:00,30806768.56,קסם,,FALSE,FALSE,0.0062,0.0035,1910.019531,0.0027,831.7827148,0
5130596,"MTF מחקה (2A) מדד משולב אינדקס נדל""ן מניב 20/80 חודשי",,עד 20% מניות,"אג""ח בארץ משולבת",7/30/2026 0:00,18471323.09,מגדל,,TRUE,FALSE,0,0,0,0,0,0
5130604,MTF מחקה (4A) אינדקס תשתיות לאומיות ישראל,תשתיות,מניות לפי ענפים,מניות בארץ,7/30/2026 0:00,1306643728,מגדל,,TRUE,FALSE,0.005,0,65332.18359,0.005,65332.18359,0
5130612,סיגמא (0A) מדינה עד 5 שנים ללא מניות,,"אג""ח מדינה כללי - ללא מניות","אג""ח בארץ - מדינה",7/30/2026 0:00,711164826.7,סיגמא,,FALSE,FALSE,0.0055,0.0035,39114.0625,0.002,14223.2959,0
5130620,"MTF מחקה (4A) ת""א 90",Mid Cap,מניות לפי שווי שוק,מניות בארץ,7/30/2026 0:00,797661523.4,מגדל,,TRUE,FALSE,0.001,0,7976.615723,0.001,7976.615723,0
5130638,"הראל מחקה (4A) ת""א 90",Mid Cap,מניות לפי שווי שוק,מניות בארץ,7/30/2026 0:00,1356881862,הראל,,TRUE,FALSE,0,0,0,0,0,0
5130661,"הראל מחקה (4A) ת""א 35",Large Cap,מניות לפי שווי שוק,מניות בארץ,7/30/2026 0:00,1738867954,הראל,,TRUE,FALSE,0,0,0,0,0,0
5130687,"אי.בי.אי. מחקה (4A) ת""א 35",Large Cap,מניות לפי שווי שוק,מניות בארץ,7/30/2026 0:00,386887854.2,אי.בי.אי,,TRUE,FALSE,0.0025,0,9672.195313,0.0025,9672.195313,0
5130695,אי.בי.אי. מחקה‏ (00) תל בונד צמודות 3-5,בריבית קבועה - בינוני ,"אג""ח חברות צמודות מדד","אג""ח בארץ - חברות והמרה",7/30/2026 0:00,283414189.3,אי.בי.אי,,TRUE,FALSE,0.002,0,5668.283691,0.002,5668.283691,0
5130703,אי.בי.אי. מחקה‏ (00) אינדקס A-AA מנגנון מרווח,"אג""ח חברות שקלי וצמוד","אג""ח חברות ","אג""ח בארץ - חברות והמרה",7/30/2026 0:00,536608406.2,אי.בי.אי,,TRUE,FALSE,0.003,0,16098.25293,0.003,16098.25293,0
5130729,אימפקט (1B)י 10/90,"אג""ח כללי בארץ- עד 10% מניות ללא סימן קריאה","אג""ח כללי בארץ - עד 10% מניות","אג""ח בארץ - כללי",7/30/2026 0:00,53627386.69,איילון,אימפקט,FALSE,FALSE,0.008,0.0035,4290.191406,0.0045,2413.232666,0
5130737,אי.בי.אי. מחקה (4D)י Shiller Barclays CAPE® US Core Mid-Month Sector,אמריקה- שווקים מפותחים,"מניות גיאוגרפי - חשופת מט""ח","מניות בחו""ל",7/30/2026 0:00,459429244.1,אי.בי.אי,,TRUE,FALSE,0.0079,0,36294.91016,0.0079,36294.91016,0
5130745,MTF מחקה (Indxx Renewable Energy (4D מנוטרלת דולר,Alternative / Renewable Energy,"מניות לפי ענפים בחו""ל - מנוטרלת מט""ח","מניות בחו""ל",7/30/2026 0:00,38908724.23,מגדל,,TRUE,FALSE,0.008,0,3112.698242,0.008,3112.698242,0
5130752,אי.בי.אי. מחקה (4D)י STOXX Europe 600,אירופה- כללי,"מניות גיאוגרפי - חשופת מט""ח","מניות בחו""ל",7/30/2026 0:00,147583811.3,אי.בי.אי,,TRUE,FALSE,0.0025,0,3689.595215,0.0025,3689.595215,0
5130802,"פורצ'ן (0B)(!) אג""ח ללא מניות","אג""ח כללי בארץ ללא מניות עם סימן קריאה","אג""ח כללי בארץ - ללא מניות","אג""ח בארץ - כללי",7/30/2026 0:00,170734136.1,איילון,פורצן,FALSE,FALSE,0.0079,0.0035,13487.99707,0.0044,7512.301758,0
5130810,פסטרנק שהם (2B)י 30/70,,"אג""ח כללי בארץ - עד 30% מניות","אג""ח בארץ - כללי",7/30/2026 0:00,801460143.1,איילון,פסטרנק,FALSE,FALSE,0.0078,0.0035,62513.89063,0.0043,34462.78516,0
5130828,תכלית TTF י(00) תל בונד שקלי בנקים וביטוח,בריבית קבועה,"אג""ח חברות שקלי","אג""ח בארץ - חברות והמרה",7/30/2026 0:00,194437337.5,מיטב,,TRUE,FALSE,0,0,0,0,0,0
5130836,תכלית TTF י(00) תל בונד שקלי AA-AAA,בריבית קבועה,"אג""ח חברות שקלי","אג""ח בארץ - חברות והמרה",7/30/2026 0:00,218595007.1,מיטב,,TRUE,FALSE,0,0,0,0,0,0
5130851,קסם S&P 500 (4D) KTF נקובה $,אמריקה- שווקים מפותחים,"מניות גיאוגרפי - חשופת מט""ח","מניות בחו""ל",7/30/2026 0:00,94654001.72,קסם,,TRUE,FALSE,0.002,0,1893.080078,0.002,1893.080078,0
5130869,קסם Indxx Climate Change Solutions (4D) KTF,Alternative / Renewable Energy,"מניות לפי ענפים בחו""ל - חשופת מט""ח","מניות בחו""ל",7/30/2026 0:00,14202828.67,קסם,,TRUE,FALSE,0.008,0,1136.22644,0.008,1136.22644,0
5130893,"MTF מחקה (4A) ת""א-טכנולוגיה",טכנולוגיה,מניות לפי ענפים,מניות בארץ,7/30/2026 0:00,193075742.8,מגדל,,TRUE,FALSE,0.0045,0,8688.408203,0.0045,8688.408203,0
5130919,"אי.בי.אי. מחקה (4A) ת""א 90",Mid Cap,מניות לפי שווי שוק,מניות בארץ,7/30/2026 0:00,528373100.7,אי.בי.אי,,TRUE,FALSE,0.002,0,10567.46289,0.002,10567.46289,0
5130927,"קסם 4A) KTF) ת""א -טכנולוגיה",טכנולוגיה,מניות לפי ענפים,מניות בארץ,7/30/2026 0:00,192258093.1,קסם,,TRUE,FALSE,0.0025,0,4806.452148,0.0025,4806.452148,0
5130943,"קסם KTFי (00) אינדקס אג""ח שקלי ביטוח ושירותים פיננסיים",בריבית קבועה,"אג""ח חברות שקלי","אג""ח בארץ - חברות והמרה",7/30/2026 0:00,46581073.58,קסם,,TRUE,FALSE,0,0,0,0,0,0
5130950,אנליסט (0B) סולידית LV,"אג""ח כללי בארץ בדירוג גבוה בלבד (AA ומעלה ו/ או מדינה)","אג""ח כללי בארץ - ללא מניות","אג""ח בארץ - כללי",7/30/2026 0:00,38348356.36,אנליסט,,FALSE,FALSE,0.005,0.0035,1917.417725,0.0015,575.2252808,0
5130976,MTF מחקה (Bluestar Solar Energy Industry (4D מנוטרלת דולר,Alternative / Renewable Energy,"מניות לפי ענפים בחו""ל - מנוטרלת מט""ח","מניות בחו""ל",7/30/2026 0:00,12252856.78,מגדל,,TRUE,FALSE,0.008,0,980.2286377,0.008,980.2286377,0
5130984,"ילין לפידות (4B) מניות נדל""ן",,מניות לפי ענפים,מניות בארץ,7/30/2026 0:00,36236876.65,ילין,,FALSE,FALSE,0.012,0.0035,4348.425293,0.0085,3080.134766,0
5130992,אי.בי.אי. מחקה (00) תל בונד שקלי AA-AAA,בריבית קבועה,"אג""ח חברות שקלי","אג""ח בארץ - חברות והמרה",7/30/2026 0:00,223238313.8,אי.בי.אי,,TRUE,FALSE,0.002,0,4464.766602,0.002,4464.766602,0
5131008,אי.בי.אי. מחקה (00) תל בונד צמודות AA-AAA,בריבית קבועה ,"אג""ח חברות צמודות מדד","אג""ח בארץ - חברות והמרה",7/30/2026 0:00,330548457.6,אי.בי.אי,,TRUE,FALSE,0.002,0,6610.969238,0.002,6610.969238,0
5131040,מור (4D) אנרגיה נקיה גלובלי,,"מניות לפי ענפים בחו""ל","מניות בחו""ל",7/30/2026 0:00,37213616.23,מור,Blue Sun Investment Research ,FALSE,FALSE,0.0185,0.0035,6884.519043,0.015000001,5582.04248,0
5131057,מדינה ומניות +10,,"אג""ח מדינה כללי - עד 10% מניות","אג""ח בארץ - מדינה",7/30/2026 0:00,317425184.9,מגדל,,FALSE,FALSE,0.0043,0.0035,13649.2832,0.0008,2539.401367,0
5131081,"הראל מחקה (4A) ת""א טכנולוגיה",טכנולוגיה,מניות לפי ענפים,מניות בארץ,7/30/2026 0:00,283399133.3,הראל,,TRUE,FALSE,0.0015,0,4250.987305,0.0015,4250.987305,0
5131099,אגח ומניות 20%,,"אג""ח כללי בארץ - עד 20% מניות","אג""ח בארץ - כללי",7/30/2026 0:00,78041169.66,מגדל,,FALSE,FALSE,0.0075,0.0035,5853.087402,0.004,3121.646729,0
5131107,"הראל (0C)(!) איתן אג""ח","אג""ח כללי בארץ ללא מניות עם סימן קריאה","אג""ח כללי בארץ - ללא מניות","אג""ח בארץ - כללי",7/30/2026 0:00,182430279.6,הראל,הראל פיננסים,FALSE,FALSE,0,0.0035,0,-0.0035,-6385.05957,0
5131115,הכנסה חודשית,,"אג""ח כללי בארץ- עד 15% מניות","אג""ח בארץ - כללי",7/30/2026 0:00,32362565.07,מגדל,,FALSE,FALSE,0.0118,0.0035,3818.782959,0.008300001,2686.093262,0
5131131,מדינה+A ומעלה,,"אג""ח מדינה כללי - ללא מניות","אג""ח בארץ - מדינה",7/30/2026 0:00,398368071.3,מגדל,,FALSE,FALSE,0.0059,0.0035,23503.7168,0.0024,9560.833984,0
5131164,הראל מחקה (00) אינדקס AA-AAA ריאליות שקלי,בריבית קבועה,"אג""ח חברות שקלי","אג""ח בארץ - חברות והמרה",7/30/2026 0:00,37821553.37,הראל,,TRUE,FALSE,0.0029,0,1096.824951,0.0029,1096.824951,0
5131172,מדד מדינה,,"אג""ח מדינה צמוד מדד- עד 10% מניות ","אג""ח בארץ - מדינה",7/30/2026 0:00,207113415,מגדל,,FALSE,FALSE,0.0069,0.0035,14290.8252,0.0034,7041.855469,0
5131180,הראל מחקה (00) אינדקס AA-AAA ריאליות צמוד,בריבית קבועה ,"אג""ח חברות צמודות מדד","אג""ח בארץ - חברות והמרה",7/30/2026 0:00,76596574.35,הראל,,TRUE,FALSE,0.0029,0,2221.300537,0.0029,2221.300537,0
5131198,תכלית TTF י(4D)י S&P 500 Scored & Screened,אמריקה- שווקים מפותחים,"מניות גיאוגרפי - חשופת מט""ח","מניות בחו""ל",7/30/2026 0:00,56585735.6,מיטב,,TRUE,FALSE,0,0,0,0,0,0
5131206,"קסם NASDAQ Biotechnology (4A) KTF מנוטרלת מט""ח",Biotechnology,"מניות לפי ענפים בחו""ל - מנוטרלת מט""ח","מניות בחו""ל",7/30/2026 0:00,14911655.53,קסם,,TRUE,FALSE,0.004,0,596.4663086,0.004,596.4663086,0
5131222,"MTF מחקה (00) אינדקס אג""ח חברות ממשלתיות ","אג""ח חברות שקלי וצמוד","אג""ח חברות ","אג""ח בארץ - חברות והמרה",7/30/2026 0:00,189307721.4,מגדל,,TRUE,FALSE,0.002,0,3786.154785,0.002,3786.154785,0
5131230,דולר אגרסיבית,,"אג""ח חשופת דולר","אג""ח בחו""ל ",7/30/2026 0:00,9448010.92,מגדל,,FALSE,FALSE,0.0137,0.0035,1294.377441,0.010199999,963.6970215,0
5131263,אנליסט (2A)י 15/85,,"אג""ח כללי בארץ- עד 15% מניות","אג""ח בארץ - כללי",7/30/2026 0:00,23502927.27,אנליסט,,FALSE,FALSE,0.0045,0.0035,1057.631714,0.001,235.0292053,0
5131271, מניות BUY SIDE,מניות All Cap,מניות לפי שווי שוק,מניות בארץ,7/30/2026 0:00,138211528.3,מגדל,,FALSE,FALSE,0.0175,0.0035,24187.01758,0.014,19349.61523,0
5131289,"אי.בי.אי. מחקה (2A) משולבת אג""ח מדינה (90%) אינדקס בנקים ישראל (10%) חודשי",,"אג""ח מדינה משולבת - עד 10% מניות","אג""ח בארץ - מדינה",7/30/2026 0:00,62723180.59,אי.בי.אי,,TRUE,FALSE,0.005,0,3136.158936,0.005,3136.158936,0
5131297,"נדל""ן",,מניות לפי ענפים,מניות בארץ,7/30/2026 0:00,27740327.38,מגדל,,FALSE,FALSE,0.0125,0.0035,3467.54126,0.009,2496.629395,0
5131313,סייבר,,"מניות לפי ענפים בחו""ל","מניות בחו""ל",7/30/2026 0:00,103542044.6,מגדל,,FALSE,FALSE,0.019400001,0.0035,20087.1582,0.015900001,16463.18555,0
5131339,מגדל (4D) שווקים מתעוררים,"מניות גיאוגרפי אחר חשופת מט""ח",מניות גיאוגרפי,"מניות בחו""ל",7/30/2026 0:00,48642764.86,מגדל,,FALSE,FALSE,0.0125,0.0035,6080.345703,0.009,4377.848633,0
5131347,"קסם KTFי (00) משולבת אג""ח חברות (50%) אג""ח מדינה (50%) חודשי",,ללא מניות,"אג""ח בארץ משולבת",7/30/2026 0:00,19580344.36,קסם,,TRUE,FALSE,0,0,0,0,0,0
5131354,תא MID CAP,מניות Large & Mid Cap ,מניות לפי שווי שוק,מניות בארץ,7/30/2026 0:00,18982128.36,מגדל,,FALSE,FALSE,0.0069,0.0035,1309.766846,0.0034,645.3922729,0
5131362,איילון (4B) טכנולוגיה ישראל,,מניות לפי ענפים,מניות בארץ,7/30/2026 0:00,28046083.37,איילון,,FALSE,FALSE,0.0125,0.0035,3505.760742,0.009,2524.147461,0
5131388,מנ חול נק$,"מניות חו""ל נקובת מט""ח","מניות כללי בחו""ל","מניות בחו""ל",7/30/2026 0:00,22391138.54,מגדל,מגדל ניהול תיקים,FALSE,FALSE,0.0195,0.0035,4366.271973,0.016000001,3582.582275,0
5131404,"הראל מחקה (4A) ת""א בנייה","נדל""ן ובנייה",מניות לפי ענפים,מניות בארץ,7/30/2026 0:00,80123511.07,הראל,,TRUE,FALSE,0.0025,0,2003.087769,0.0025,2003.087769,0
5131420,"הראל מחקה (4A) ת""א מניב ישראל","נדל""ן ובנייה",מניות לפי ענפים,מניות בארץ,7/30/2026 0:00,98012218.19,הראל,,TRUE,FALSE,0.001,0,980.1222534,0.001,980.1222534,0
5131438,סין,"מניות גיאוגרפי אחר חשופת מט""ח",מניות גיאוגרפי,"מניות בחו""ל",7/30/2026 0:00,7240724.09,מגדל,,FALSE,FALSE,0.0125,0.0035,905.0905151,0.009,651.6651001,0
5131446,"MTF מחקה (Bluestar Top 10 US Banks (4A מנוטרלת מט""ח",Banking,"מניות לפי ענפים בחו""ל - מנוטרלת מט""ח","מניות בחו""ל",7/30/2026 0:00,310135155,מגדל,,TRUE,FALSE,0.005,0,15506.75781,0.005,15506.75781,0
5131453,MQ ישראל,מניות Large & Mid Cap ,מניות לפי שווי שוק,מניות בארץ,7/30/2026 0:00,107804838.3,מגדל,,FALSE,FALSE,0.0149,0.0035,16062.9209,0.011399999,12289.75098,0
5131461,דרך (4D) מניות ערך בינלאומי כשר,"מניות כללי בחו""ל חשופת מט""ח","מניות כללי בחו""ל","מניות בחו""ל",7/30/2026 0:00,18898764.99,סיגמא,דרך אינבסט,FALSE,FALSE,0.0185,0.0035,3496.27124,0.015000001,2834.814697,0
5131479,אג ישר סלד,"אג""ח כללי בארץ בדירוג גבוה בלבד (AA ומעלה ו/ או מדינה)","אג""ח כללי בארץ - ללא מניות","אג""ח בארץ - כללי",7/30/2026 0:00,6390826.33,מגדל,,FALSE,FALSE,0.0059,0.0035,377.0587769,0.0024,153.379837,0
5131487,"קסם KTFי (40) ת""א -מניב ישראל","נדל""ן ובנייה",מניות לפי ענפים,מניות בארץ,7/30/2026 0:00,93367603.1,קסם,,TRUE,FALSE,0.0015,0,1400.514038,0.0015,1400.514038,0
5131503,"MTF מחקה (Bluestar Travel & Vacation (4A מנוטרלת מט""ח",Travel,"מניות לפי ענפים בחו""ל - מנוטרלת מט""ח","מניות בחו""ל",7/30/2026 0:00,62570866.06,מגדל,,TRUE,FALSE,0.008,0,5005.669922,0.008,5005.669922,0
5131529,MTF מחקה (4A) אינדקס צריכה בסיסית ישראל,צריכה בסיסית,מניות לפי ענפים,מניות בארץ,7/30/2026 0:00,104268892.4,מגדל,,TRUE,FALSE,0.005,0,5213.444824,0.005,5213.444824,0
5131537,"תכלית NASDAQ Clean Edge Green Energy EW (4A) TTF מנוטרלת מט""ח",Cleantech,"מניות לפי ענפים בחו""ל - מנוטרלת מט""ח","מניות בחו""ל",7/30/2026 0:00,69734489.92,מיטב,,TRUE,FALSE,0.008,0,5578.759277,0.008,5578.759277,0
5131545,אקורד (1A)י 10/90,"אג""ח כללי בארץ- עד 10% מניות ללא סימן קריאה","אג""ח כללי בארץ - עד 10% מניות","אג""ח בארץ - כללי",7/30/2026 0:00,222201121.9,איילון,אקורד,FALSE,FALSE,0.0075,0.0035,16665.08398,0.004,8888.044922,0
5131552,"אקורד (00) אג""ח מדורגות",חברות והמרה ללא מניות וללא סימן קריאה,חברות והמרה ללא מניות,"אג""ח בארץ - חברות והמרה",7/30/2026 0:00,350103850.6,איילון,אקורד,FALSE,FALSE,0.0077,0.0035,26957.99414,0.0042,14704.36133,0
5131560,אקורד (2B)י 20/80,,"אג""ח כללי בארץ - עד 20% מניות","אג""ח בארץ - כללי",7/30/2026 0:00,320906035.8,איילון,אקורד,FALSE,FALSE,0.0079,0.0035,25351.57617,0.0044,14119.86523,0
5131578,קסם KTFי (4A)י אינדקס מזון ישראלי,צריכה בסיסית,מניות לפי ענפים,מניות בארץ,7/30/2026 0:00,73445110.59,קסם,,TRUE,FALSE,0.005,0,3672.255615,0.005,3672.255615,0
5131586,"מור (0A)(!) אג""ח חברות עם רכיב בטוחה",חברות והמרה ללא מניות עם סימן קריאה,חברות והמרה ללא מניות,"אג""ח בארץ - חברות והמרה",7/30/2026 0:00,464137484,מור,,FALSE,FALSE,0.0082,0.0035,38059.27344,0.0047,21814.46094,0
5131602,אי.בי.אי. מחקה (00) אינדקס A תקרת מנפיק,"אג""ח חברות שקלי וצמוד","אג""ח חברות ","אג""ח בארץ - חברות והמרה",7/30/2026 0:00,471350969.1,אי.בי.אי,,TRUE,FALSE,0.003,0,14140.5293,0.003,14140.5293,0
5131610,אי.בי.אי. מחקה (00) תל בונד צמודות-בנקים ללא COCO,בריבית קבועה ,"אג""ח חברות צמודות מדד","אג""ח בארץ - חברות והמרה",7/30/2026 0:00,178737046.5,אי.בי.אי,,TRUE,FALSE,0.0018,0,3217.266602,0.0018,3217.266602,0
5131628,"אי.בי.אי. מחקה (4A)י S&P 500 מנוטרלת מט""ח",אמריקה- שווקים מפותחים,"מניות גיאוגרפי - מנוטרלת מט""ח","מניות בחו""ל",7/30/2026 0:00,1251165208,אי.בי.אי,,TRUE,FALSE,0.0025,0,31279.12891,0.0025,31279.12891,0
5131636,אי.בי.אי. מחקה (0A) תל בונד מאגר,"אג""ח חברות שקלי וצמוד","אג""ח חברות ","אג""ח בארץ - חברות והמרה",7/30/2026 0:00,78431011.01,אי.בי.אי,,TRUE,FALSE,0.0015,0,1176.46521,0.0015,1176.46521,0
5131644,"אי.בי.אי. מחקה (4A)י NASDAQ 100 מנוטרלת מט""ח",אמריקה- שווקים מפותחים,"מניות גיאוגרפי - מנוטרלת מט""ח","מניות בחו""ל",7/30/2026 0:00,1035088169,אי.בי.אי,,TRUE,FALSE,0.003,0,31052.64648,0.003,31052.64648,0
5131701,אי.בי.אי. מחקה (00) תל גוב-צמודות 0-2,צמודות מדד ממשלתיות - קצר,"אג""ח מדינה צמוד מדד","אג""ח בארץ - מדינה",7/30/2026 0:00,202341263.9,אי.בי.אי,,TRUE,FALSE,0.001,0,2023.41272,0.001,2023.41272,0
5131719,קסם Indxx China Internet (4D) KTF,Internet,"מניות לפי ענפים בחו""ל - חשופת מט""ח","מניות בחו""ל",7/30/2026 0:00,3372763.1,קסם,,TRUE,FALSE,0.008,0,269.8210449,0.008,269.8210449,0
5131727,MTF מחקה (00) אינדקס A-AA שקלי,בריבית קבועה,"אג""ח חברות שקלי","אג""ח בארץ - חברות והמרה",7/30/2026 0:00,66933156.49,מגדל,,TRUE,FALSE,0,0,0,0,0,0
5131735,MTF מחקה (00) אינדקס A-AA צמוד,בריבית קבועה ,"אג""ח חברות צמודות מדד","אג""ח בארץ - חברות והמרה",7/30/2026 0:00,278703719.9,מגדל,,TRUE,FALSE,0.0025,0,6967.592773,0.0025,6967.592773,0
5131743,מור מחקה (4A) אינדקס צריכה ישראלית,שילוב ענפים,מניות לפי ענפים,מניות בארץ,7/30/2026 0:00,23245809.21,מור,,TRUE,FALSE,0.0055,0,1278.519531,0.0055,1278.519531,0
5131768,תכלית TTF י(4D) INDXX TOURISM & LEISURE EW,Travel,"מניות לפי ענפים בחו""ל - חשופת מט""ח","מניות בחו""ל",7/30/2026 0:00,16113683.59,מיטב,,TRUE,FALSE,0.006,0,966.8210449,0.006,966.8210449,0
5131792,הראל מחקה (0A) תל גוב-כללי,,"אג""ח מדינה שקלי וצמוד","אג""ח בארץ - מדינה",7/30/2026 0:00,169524056.8,הראל,,TRUE,FALSE,0.001,0,1695.240723,0.001,1695.240723,0
5131818,קסם KTFי (4A) משולבת S&P ארהב צריכה מחזורית (50%) בסיסית (50%) חודשי מנוטרלת מטח,,"מניות בחו""ל קרן משולבת","מניות בחו""ל",7/30/2026 0:00,14389876.96,קסם,,TRUE,FALSE,0,0,0,0,0,0
5131826,"קסם KTFי (4D) משולבת S&P ארה""ב צריכה מחזורית (50%) בסיסית (50%) חודשי",,"מניות בחו""ל קרן משולבת","מניות בחו""ל",7/30/2026 0:00,10491987.66,קסם,,TRUE,FALSE,0,0,0,0,0,0
5131834,אי.בי.אי. מחקה (4D)י DJ US Real Estate,REIT &  Real Estate,"מניות לפי ענפים בחו""ל - חשופת מט""ח","מניות בחו""ל",7/30/2026 0:00,137914036.9,אי.בי.אי,,TRUE,FALSE,0.008,0,11033.12305,0.008,11033.12305,0
5131842,קסם 4A) KTF) משולבת S&P ארהב פיננסים (70%) בנקים אזוריים (30%) חודשי מנוטרלת מטח,,"מניות בחו""ל קרן משולבת","מניות בחו""ל",7/30/2026 0:00,24860583.76,קסם,,TRUE,FALSE,0,0,0,0,0,0
5131867,ISP Asset Managementי (2B)י 20/80,,"אג""ח כללי בארץ - עד 20% מניות","אג""ח בארץ - כללי",7/30/2026 0:00,29616352.25,איילון,ISP,FALSE,FALSE,0.008,0.0035,2369.30835,0.0045,1332.735962,0
5131875,"ISP Asset Managementי (0B) אג""ח ללא מניות","אג""ח כללי בארץ ללא מניות וללא סימן קריאה ","אג""ח כללי בארץ - ללא מניות","אג""ח בארץ - כללי",7/30/2026 0:00,105644512.4,איילון,ISP,FALSE,FALSE,0.007,0.0035,7395.116211,0.0035,3697.558105,0
5131883,"מור מחקה (4D) אינדקס תשתיות ובינוי ארה""ב",REIT &  Real Estate,"מניות לפי ענפים בחו""ל - חשופת מט""ח","מניות בחו""ל",7/30/2026 0:00,355618325.4,מור,,TRUE,FALSE,0.008,0,28449.46875,0.008,28449.46875,0
5131891,מור מחקה (4A) אינדקס טכנולוגיה ישראל רווחיות משקל שווה,טכנולוגיה,מניות לפי ענפים,מניות בארץ,7/30/2026 0:00,43426141.53,מור,,TRUE,FALSE,0.0055,0,2388.437744,0.0055,2388.437744,0
5131909,אי.בי.אי. מחקה (00)(!) תל בונד תשואות שקל,בריבית קבועה,"אג""ח חברות שקלי","אג""ח בארץ - חברות והמרה",7/30/2026 0:00,102016800.9,אי.בי.אי,,TRUE,FALSE,0.002,0,2040.336182,0.002,2040.336182,0
5131925,תכלית TTFי (40) אינדקס בנקים ישראל,בנקאות ואשראי חוץ בנקאי,מניות לפי ענפים,מניות בארץ,7/30/2026 0:00,511651333.2,מיטב,,TRUE,FALSE,0.002,0,10233.02734,0.002,10233.02734,0
5131941,קסם KTF י(4D)י ISE Cyber Security מנוטרלת דולר,Cyber Security,"מניות לפי ענפים בחו""ל - מנוטרלת מט""ח","מניות בחו""ל",7/30/2026 0:00,40021101.55,קסם,,TRUE,FALSE,0.007,0,2801.477051,0.007,2801.477051,0
5131958,דיאמונד (2B)י 30/70,,"אג""ח כללי בארץ - עד 30% מניות","אג""ח בארץ - כללי",7/30/2026 0:00,156349983.3,איילון,דיאמונד,FALSE,FALSE,0.0089,0.0035,13915.14844,0.0054,8442.898438,0
5131966,מור מחקה (4A) אינדקס בנקים משקל שווה,בנקאות ואשראי חוץ בנקאי,מניות לפי ענפים,מניות בארץ,7/30/2026 0:00,920398451.4,מור,,TRUE,FALSE,0.005,0,46019.92188,0.005,46019.92188,0
5131974,הורייזן (4D) פיוצ'ר טק גלובלי,,"מניות לפי ענפים בחו""ל","מניות בחו""ל",7/30/2026 0:00,28953635.46,איילון,הורייזן,FALSE,FALSE,0.016000001,0.0035,4632.582031,0.012500001,3619.20459,0
5131982,אי.בי.אי. (4D) גמישה,,,גמישות,7/30/2026 0:00,34295747.83,אי.בי.אי,,FALSE,FALSE,0.009,0.0035,3086.617188,0.0055,1886.265991,0
5131990,איילון (10) תיק לרשויות מקומיות,,"אג""ח כללי בארץ- עד 5% מניות","אג""ח בארץ - כללי",7/30/2026 0:00,59898168.33,איילון,"אופטימום מינוף כלכלי בע""מ",FALSE,FALSE,0.0054,0.0035,3234.500977,0.0019,1138.065308,0
5132006,קסם KTF י(4D)י אינדקס eGaming מנוטרלת דולר,e-Gaming,"מניות לפי ענפים בחו""ל - מנוטרלת מט""ח","מניות בחו""ל",7/30/2026 0:00,4598219.849,קסם,,TRUE,FALSE,0.006,0,275.893219,0.006,275.893219,0
5132014,איילון (4B) אנרגיה ירוקה ישראל,,מניות לפי ענפים,מניות בארץ,7/30/2026 0:00,83611535.07,איילון,,FALSE,FALSE,0.0125,0.0035,10451.44238,0.009,7525.037598,0
5132030,הראל מחקה (00) אינדקס A שקלי מנפיקים ישראלים,בריבית קבועה,"אג""ח חברות שקלי","אג""ח בארץ - חברות והמרה",7/30/2026 0:00,73686447.27,הראל,,TRUE,FALSE,0.003,0,2210.593506,0.003,2210.593506,0
5132055,ב. אלטרנטיב (1B)י 10/90,"אג""ח כללי בארץ- עד 10% מניות ללא סימן קריאה","אג""ח כללי בארץ - עד 10% מניות","אג""ח בארץ - כללי",7/30/2026 0:00,391179271,איילון,בסט אלטרנטיב,FALSE,FALSE,0.0079,0.0035,30903.16016,0.0044,17211.88672,0
5132063,"אי.בי.אי. מחקה (4A) משולבת S&P סקטורים ארה""ב חודשי מנוטרלת מט""ח",,"מניות בחו""ל קרן משולבת","מניות בחו""ל",7/30/2026 0:00,23071413.26,אי.בי.אי,,TRUE,FALSE,0.005,0,1153.570679,0.005,1153.570679,0
5132071,"אי.בי.אי. מחקה (4A)י DJ Internet Composite מנוטרלת מט""ח",Internet,"מניות לפי ענפים בחו""ל - מנוטרלת מט""ח","מניות בחו""ל",7/30/2026 0:00,28676265.3,אי.בי.אי,,TRUE,FALSE,0.008,0,2294.101318,0.008,2294.101318,0
5132089,"קסם KTFי (4D) משולבת S&P סקטורים ארה""ב חודשי",,"מניות בחו""ל קרן משולבת","מניות בחו""ל",7/30/2026 0:00,80613300.32,קסם,,TRUE,FALSE,0,0,0,0,0,0
5132113,איילון (1A) בונד A-AA,חברות והמרה עם מניות ללא סימן קריאה,חברות והמרה עם מניות,"אג""ח בארץ - חברות והמרה",7/30/2026 0:00,5582245.33,איילון,,FALSE,FALSE,0.0075,0.0035,418.668396,0.004,223.2898102,0
5132121,"קבין (0B) אג""ח ללא מניות","אג""ח כללי בארץ ללא מניות וללא סימן קריאה ","אג""ח כללי בארץ - ללא מניות","אג""ח בארץ - כללי",7/30/2026 0:00,1234591766,איילון,קבין,FALSE,FALSE,0.0079,0.0035,97532.74219,0.0044,54322.03125,0
5132139,אי.בי.אי. מחקה (4D) משולבת טכנולוגיה עולמי חודשי,,"מניות בחו""ל קרן משולבת","מניות בחו""ל",7/30/2026 0:00,24659418.81,אי.בי.אי,,TRUE,FALSE,0.005,0,1232.970825,0.005,1232.970825,0
5132147,אי.בי.אי. מחקה (4D)י S&P Technology,Technology,"מניות לפי ענפים בחו""ל - חשופת מט""ח","מניות בחו""ל",7/30/2026 0:00,129890997.3,אי.בי.אי,,TRUE,FALSE,0.005,0,6494.549805,0.005,6494.549805,0
5132154,"אי.בי.אי. מחקה (4A)י S&P Technology מנוטרלת מט""ח",Technology,"מניות לפי ענפים בחו""ל - מנוטרלת מט""ח","מניות בחו""ל",7/30/2026 0:00,194318055.8,אי.בי.אי,,TRUE,FALSE,0.005,0,9715.902344,0.005,9715.902344,0
5132162,"תכלית TTF (י4A) אינדקס ביג טק 30 ארה""ב מנוטרלת מט""ח",Technology,"מניות לפי ענפים בחו""ל - מנוטרלת מט""ח","מניות בחו""ל",7/30/2026 0:00,263702153.1,מיטב,,TRUE,FALSE,0.005,0,13185.10742,0.005,13185.10742,0
5132204,פסטרנק שהם (1B)(!)י 10/90,"אג""ח כללי בארץ- עד 10% מניות ועם סימן קריאה","אג""ח כללי בארץ - עד 10% מניות","אג""ח בארץ - כללי",7/30/2026 0:00,258588826.5,איילון,פסטרנק,FALSE,FALSE,0.0073,0.0035,18876.98633,0.0038,9826.375977,0
5132220,מור מחקה (4D) אינדקס סייבר למחשוב ענן גלובלי,Cyber Security,"מניות לפי ענפים בחו""ל - חשופת מט""ח","מניות בחו""ל",7/30/2026 0:00,91805610.69,מור,,TRUE,FALSE,0.008,0,7344.449219,0.008,7344.449219,0
5132279,"קסם KTF י(4A) אינדקס מחשוב ענן ארה""ב מנוטרלת מט""ח",Cloud Computing,"מניות לפי ענפים בחו""ל - מנוטרלת מט""ח","מניות בחו""ל",7/30/2026 0:00,9807281.31,קסם,,TRUE,FALSE,0.005,0,490.3640442,0.005,490.3640442,0
5132287,איילון ואליו 2 (4B) מניות חו''ל ESG עד 30% מט''ח,"מניות כללי בחו""ל מוגנת מט""ח","מניות כללי בחו""ל","מניות בחו""ל",7/30/2026 0:00,5388084.61,איילון,"ואליו בריבוע - השקעות אחראיות בע""מ",FALSE,FALSE,0.0148,0.0035,797.4365234,0.011299999,608.8535156,0
5132295,הראל מחקה (4A) אינדקס קמעונאות ומסחר ישראל,שילוב ענפים,מניות לפי ענפים,מניות בארץ,7/30/2026 0:00,30066361.07,הראל,,TRUE,FALSE,0.0035,0,1052.322754,0.0035,1052.322754,0
5132303,אילים (4B) מניות בנקים,,מניות לפי ענפים,מניות בארץ,7/30/2026 0:00,361621085.9,אילים,,FALSE,FALSE,0.0069,0.0035,24951.85547,0.0034,12295.11621,0
5132329,אי.בי.אי. מחקה (4D)י DJ Asia Dividend 30,אסיה ופסיפיק- כללי,"מניות גיאוגרפי - חשופת מט""ח","מניות בחו""ל",7/30/2026 0:00,16835755.59,אי.בי.אי,,TRUE,FALSE,0.008,0,1346.860596,0.008,1346.860596,0
5132337,אי.בי.אי. מחקה (4D)י S&P Regional Banks,Banking,"מניות לפי ענפים בחו""ל - חשופת מט""ח","מניות בחו""ל",7/30/2026 0:00,7541417.45,אי.בי.אי,,TRUE,FALSE,0,0,0,0,0,0
5132345,"אי.בי.אי. מחקה (4A)י Japan 50 Dividend iNDEX מנוטרלת מט""ח",אסיה ופסיפיק- שווקים מפותחים,"מניות גיאוגרפי - מנוטרלת מט""ח","מניות בחו""ל",7/30/2026 0:00,50472810.95,אי.בי.אי,,TRUE,FALSE,0.008,0,4037.825195,0.008,4037.825195,0
5132360,אי.בי.אי. מחקה (4D)י S&P Communication Services,Communication,"מניות לפי ענפים בחו""ל - חשופת מט""ח","מניות בחו""ל",7/30/2026 0:00,22929294.14,אי.בי.אי,,TRUE,FALSE,0.005,0,1146.464722,0.005,1146.464722,0
5132378,"קסם KTF י(4A)י אינדקס תיירות ארה""ב מנוטרלת מט""ח",Travel,"מניות לפי ענפים בחו""ל - מנוטרלת מט""ח","מניות בחו""ל",7/30/2026 0:00,11898088.59,קסם,,TRUE,FALSE,0.007,0,832.866272,0.007,832.866272,0
5132386,"פוקוס (0A)(!) אג""ח חברות",חברות והמרה ללא מניות עם סימן קריאה,חברות והמרה ללא מניות,"אג""ח בארץ - חברות והמרה",7/30/2026 0:00,115780995.7,איילון,פוקוס,FALSE,FALSE,0.0089,0.0035,10304.50879,0.0054,6252.17334,0
5132394,קסם CSI300 (4D) KTF,אסיה ופסיפיק- שווקים מתעוררים,"מניות גיאוגרפי - חשופת מט""ח","מניות בחו""ל",7/30/2026 0:00,4369240.23,קסם,,TRUE,FALSE,0.005,0,218.4619904,0.005,218.4619904,0
5132402,קסם KTFי (00) תל בונד צמודות- בנקים ללא COCO,בריבית קבועה ,"אג""ח חברות צמודות מדד","אג""ח בארץ - חברות והמרה",7/30/2026 0:00,93505601.89,קסם,,TRUE,FALSE,0.0015,0,1402.584106,0.0015,1402.584106,0
5132410,פלקון (2B)י 20/80,,"אג""ח כללי בארץ - עד 20% מניות","אג""ח בארץ - כללי",7/30/2026 0:00,48196903.1,סיגמא,פלקון,FALSE,FALSE,0.0079,0.0035,3807.55542,0.0044,2120.663574,0
5132428,אלפי בנדק (2B) עוקבת תיק 3 הבנק הבינלאומי,,"אג""ח כללי בארץ - עד 30% מניות","אג""ח בארץ - כללי",7/30/2026 0:00,55539367.17,הראל,אלפי בנדק,FALSE,FALSE,0.0059,0.0035,3276.822754,0.0024,1332.944824,0
5132436,"אלפי בנדק (4D) מניות חו""ל","מניות כללי בחו""ל חשופת מט""ח","מניות כללי בחו""ל","מניות בחו""ל",7/30/2026 0:00,98622917.15,הראל,אלפי בנדק,FALSE,FALSE,0.016899999,0.0035,16667.27344,0.0134,13215.47168,0
5132493,אי.בי.אי. מחקה (4D)י BlueStar Global GreenTech,Technology,"מניות לפי ענפים בחו""ל - חשופת מט""ח","מניות בחו""ל",7/30/2026 0:00,8899529.72,אי.בי.אי,,TRUE,FALSE,0.008,0,711.9624634,0.008,711.9624634,0
5132519,אי.בי.אי. מחקה‏ (00) תל בונד שקלי 50,בריבית קבועה,"אג""ח חברות שקלי","אג""ח בארץ - חברות והמרה",7/30/2026 0:00,309015130.3,אי.בי.אי,,TRUE,FALSE,0.002,0,6180.303223,0.002,6180.303223,0
5132527,אי.בי.אי. מחקה (4D)י ISE Cyber Security,Cyber Security,"מניות לפי ענפים בחו""ל - חשופת מט""ח","מניות בחו""ל",7/30/2026 0:00,18260920.72,אי.בי.אי,,TRUE,FALSE,0.005,0,913.0459595,0.005,913.0459595,0
5132535,"תכלית TTF י(00) אינדקס ישראל A ומעלה פקטור מרווח מאג""ח ממשלתי","אג""ח חברות שקלי וצמוד","אג""ח חברות ","אג""ח בארץ - חברות והמרה",7/30/2026 0:00,210735545.5,מיטב,,TRUE,FALSE,0.0025,0,5268.388672,0.0025,5268.388672,0
5132568,"תמיר פישמן (0B)(!) אג""ח חברות",חברות והמרה ללא מניות עם סימן קריאה,חברות והמרה ללא מניות,"אג""ח בארץ - חברות והמרה",7/30/2026 0:00,77838026.03,תמיר,,FALSE,FALSE,0.0055,0.0035,4281.091309,0.002,1556.760498,0
5132592,"הראל מחקה (0D) אינדקס A-AAA ת""א שקלי - נקובה $",בריבית קבועה,"אג""ח חברות שקלי","אג""ח בארץ - חברות והמרה",7/30/2026 0:00,131530245.2,הראל,,TRUE,FALSE,0.0035,0,4603.558594,0.0035,4603.558594,0
5132626,"אי.בי.אי. מחקה (00) אינדקס אג""ח במרווח גבוה","אג""ח חברות שקלי וצמוד","אג""ח חברות ","אג""ח בארץ - חברות והמרה",7/30/2026 0:00,325630243,אי.בי.אי,,TRUE,FALSE,0.003,0,9768.907227,0.003,9768.907227,0
5132634,"הראל (0D) אג""ח ישראל - נקובה $","אג""ח כללי בארץ ללא מניות וללא סימן קריאה ","אג""ח כללי בארץ - ללא מניות","אג""ח בארץ - כללי",7/30/2026 0:00,38434918.19,הראל,,FALSE,FALSE,0.0049,0.0035,1883.311157,0.0014,538.0888672,0
5132709,אי.בי.אי. מחקה (4D) אינדקס רכב חשמלי גלובלי,Transportation,"מניות לפי ענפים בחו""ל - חשופת מט""ח","מניות בחו""ל",7/30/2026 0:00,4051522.39,אי.בי.אי,,TRUE,FALSE,0.008,0,324.1218262,0.008,324.1218262,0
5132782,"קסם 4A) KTF) ת""א-בנייה","נדל""ן ובנייה",מניות לפי ענפים,מניות בארץ,7/30/2026 0:00,47498207.62,קסם,,TRUE,FALSE,0,0,0,0,0,0
5132790,קבין (1B)י 10/90,"אג""ח כללי בארץ- עד 10% מניות ללא סימן קריאה","אג""ח כללי בארץ - עד 10% מניות","אג""ח בארץ - כללי",7/30/2026 0:00,1014709890,איילון,קבין,FALSE,FALSE,0.0079,0.0035,80162.07813,0.0044,44647.23047,0
5132832,קסם אקטיב (0F) דולר פי 3,,ממונפות בסיכון גבוה,ממונפות ואסטרטגיות,7/30/2026 0:00,33232688.67,קסם,,FALSE,FALSE,0.01,0.0035,3323.268799,0.0065,2160.124756,0
5132865,הראל מחקה (00) אינדקס A-AA צמוד 0-2,בריבית קבועה - קצר,"אג""ח חברות צמודות מדד","אג""ח בארץ - חברות והמרה",7/30/2026 0:00,128185711.5,הראל,,TRUE,FALSE,0.002,0,2563.714355,0.002,2563.714355,0
5132873,אקורד (2B)י 30/70,,"אג""ח כללי בארץ - עד 30% מניות","אג""ח בארץ - כללי",7/30/2026 0:00,185373811.9,איילון,אקורד,FALSE,FALSE,0.0088,0.0035,16312.89551,0.0053,9824.811523,0
5132923,תכלית TTF י(4D) אינדקס ביג טק 30 סין מנוטרלת דולר,Technology,"מניות לפי ענפים בחו""ל - מנוטרלת מט""ח","מניות בחו""ל",7/30/2026 0:00,8285343.66,מיטב,,TRUE,FALSE,0.008,0,662.8275146,0.008,662.8275146,0
5132931,"קסם KTFי (00) אינדקס אג""ח A משקל שווה","אג""ח חברות שקלי וצמוד","אג""ח חברות ","אג""ח בארץ - חברות והמרה",7/30/2026 0:00,79139185.79,קסם,,TRUE,FALSE,0.002,0,1582.783813,0.002,1582.783813,0
5132949,"קסם KTFי (00) אינדקס אג""ח AA משקל שווה","אג""ח חברות שקלי וצמוד","אג""ח חברות ","אג""ח בארץ - חברות והמרה",7/30/2026 0:00,78021775.65,קסם,,TRUE,FALSE,0.0035,0,2730.762207,0.0035,2730.762207,0
5132972,"קסם KTF י(4A)י MVIS US Listed Semiconductor 25 מנוטרלת מט""ח",Semiconductor,"מניות לפי ענפים בחו""ל - מנוטרלת מט""ח","מניות בחו""ל",7/30/2026 0:00,614541771.4,קסם,,TRUE,FALSE,0.005,0,30727.08789,0.005,30727.08789,0
5132998,הראל (2D)י 15/85 - נקובה $,,"אג""ח כללי בארץ- עד 15% מניות","אג""ח בארץ - כללי",7/30/2026 0:00,276762354.8,הראל,,FALSE,FALSE,0.0069,0.0035,19096.60352,0.0034,9409.919922,0
5133038,"MTF מחקה (4D) אינדקס הייטק ישראלי בחו""ל מנוטרלת דולר",Technology,"מניות לפי ענפים בחו""ל - מנוטרלת מט""ח","מניות בחו""ל",7/30/2026 0:00,3841926.14,מגדל,,TRUE,FALSE,0.005,0,192.0963135,0.005,192.0963135,0
5133061,MTF מחקה S&P CHINA 500 (4A) מנוטרלת דולר,אסיה ופסיפיק- שווקים מתעוררים,"מניות גיאוגרפי - מנוטרלת מט""ח","מניות בחו""ל",7/30/2026 0:00,11371014.52,מגדל,,TRUE,FALSE,0.005,0,568.5507202,0.005,568.5507202,0
5133111,"פסטרנק שהם (4D) מניות חו""ל","מניות כללי בחו""ל חשופת מט""ח","מניות כללי בחו""ל","מניות בחו""ל",7/30/2026 0:00,326481117.1,איילון,פסטרנק,FALSE,FALSE,0.0175,0.0035,57134.19531,0.014,45707.35938,0
5133129,מור (4D) מניות צמיחה גלובלי,"מניות כללי בחו""ל חשופת מט""ח","מניות כללי בחו""ל","מניות בחו""ל",7/30/2026 0:00,259023563.4,מור,,FALSE,FALSE,0.0176,0.0035,45588.14844,0.0141,36522.32031,0
5133137,אי.בי.אי. (2C) צמודה 20/90,,אסטרטגיות (לא ממונפות) ,ממונפות ואסטרטגיות,7/30/2026 0:00,665780579.7,אי.בי.אי,GREMMY ADVISORS LIMITED,FALSE,FALSE,0.0089,0.0035,59254.47656,0.0054,35952.15234,0
5133145,הראל מחקה (00) אינדקס A-AAA ריאליות פקטור מרווח מאג''ח ממשלתי,"אג""ח חברות שקלי וצמוד","אג""ח חברות ","אג""ח בארץ - חברות והמרה",7/30/2026 0:00,47079513.88,הראל,,TRUE,FALSE,0.003,0,1412.385376,0.003,1412.385376,0
5133152,"הראל מחקה (0A) אינדקס אג""ח מנפיקים ישראלים במשקל שווה","אג""ח חברות שקלי וצמוד","אג""ח חברות ","אג""ח בארץ - חברות והמרה",7/30/2026 0:00,14878545.18,הראל,,TRUE,FALSE,0.002,0,297.5709229,0.002,297.5709229,0
5133186,אביב - שגב (4D) גמישה,,,גמישות,7/30/2026 0:00,22727042.93,איילון,"אביב - שגב ניהול השקעות בע""מ",FALSE,FALSE,0.0185,0.0035,4204.50293,0.015000001,3409.056396,0
5133202,MTF מחקה (00) תל בונד-שקלי AA-AAA,בריבית קבועה,"אג""ח חברות שקלי","אג""ח בארץ - חברות והמרה",7/30/2026 0:00,99726019.93,מגדל,,TRUE,FALSE,0,0,0,0,0,0
5133210,MTF מחקה (00) תל בונד-צמודות AA-AAA,בריבית קבועה ,"אג""ח חברות צמודות מדד","אג""ח בארץ - חברות והמרה",7/30/2026 0:00,429630062.7,מגדל,,TRUE,FALSE,0.001,0,4296.300781,0.001,4296.300781,0
5133236,ATF מחקה (40) אינדקס בנקים וביטוח ישראל,שילוב ענפים,מניות לפי ענפים,מניות בארץ,7/30/2026 0:00,626648442.9,אנליסט,,TRUE,FALSE,0.005,0,31332.42188,0.005,31332.42188,0
5133269,"אלטשולר שחם מחקה (4A)י A.B SmartBeta USA Pure Value מנוטרלת מט""ח",אמריקה- כללי,"מניות גיאוגרפי - מנוטרלת מט""ח","מניות בחו""ל",7/30/2026 0:00,3851067.01,אלטשולר,,TRUE,FALSE,0.009,0,346.5960083,0.009,346.5960083,0
5133293,"אי.בי.אי. מחקה (4A)י S&P Semiconductor Select Industry מנוטרלת מט""ח",Semiconductor,"מניות לפי ענפים בחו""ל - מנוטרלת מט""ח","מניות בחו""ל",7/30/2026 0:00,92313267.14,אי.בי.אי,,TRUE,FALSE,0.004,0,3692.530762,0.004,3692.530762,0
5133301,סיגמא (3D)י 50/50,,"אג""ח כללי בארץ - חשיפה מרבית מעל 30% מניות","אג""ח בארץ - כללי",7/30/2026 0:00,64687174,סיגמא,"פייננשל טראסט השקעות בע""מ",FALSE,FALSE,0.0079,0.0035,5110.286621,0.0044,2846.235596,0
5133335,"תכלית TTF י(4A)י Nasdaq CTA US Artificial Intelligence and Robotics מנוטרלת מט""ח",Robotics,"מניות לפי ענפים בחו""ל - מנוטרלת מט""ח","מניות בחו""ל",7/30/2026 0:00,8390601.58,מיטב,,TRUE,FALSE,0.008,0,671.24823,0.008,671.24823,0
5133343,סלע (2B)י 20/80,,"אג""ח כללי בארץ - עד 20% מניות","אג""ח בארץ - כללי",7/30/2026 0:00,11340574.65,איילון,סלע,FALSE,FALSE,0.0075,0.0035,850.5430908,0.004,453.6229858,0
5133376,"תכלית TTF י(00) אינדקס ישראל צמוד A ומעלה פקטור מרווח מאג""ח ממשלתי",בריבית קבועה ,"אג""ח חברות צמודות מדד","אג""ח בארץ - חברות והמרה",7/30/2026 0:00,122556222.6,מיטב,,TRUE,FALSE,0.0015,0,1838.343384,0.0015,1838.343384,0
5133384,"קסם אקטיב (4B) מניות נדל""ן",,מניות לפי ענפים,מניות בארץ,7/30/2026 0:00,7760849.25,קסם,,FALSE,FALSE,0.007,0.0035,543.2594604,0.0035,271.6297302,0
5133392,קסם KTFי (00) תל בונד-צמודות A,בריבית קבועה ,"אג""ח חברות צמודות מדד","אג""ח בארץ - חברות והמרה",7/30/2026 0:00,796664157,קסם,,TRUE,FALSE,0.0025,0,19916.60352,0.0025,19916.60352,0
5133434,"קסם KTF י(4A)י Indxx US Infrastructure מנוטרלת מט""ח",Utilities,"מניות לפי ענפים בחו""ל - מנוטרלת מט""ח","מניות בחו""ל",7/30/2026 0:00,115478342.9,קסם,,TRUE,FALSE,0.005,0,5773.916992,0.005,5773.916992,0
5133459,פורצ'ן (2B)י 20/80,,"אג""ח כללי בארץ - עד 20% מניות","אג""ח בארץ - כללי",7/30/2026 0:00,68506964.02,איילון,פורצן,FALSE,FALSE,0.0079,0.0035,5412.050293,0.0044,3014.306396,0
5133525,פוקוס (4B) מניות,מניות All Cap,מניות לפי שווי שוק,מניות בארץ,7/30/2026 0:00,74713504.03,איילון,פוקוס,FALSE,FALSE,0.016899999,0.0035,12626.58203,0.0134,10011.60938,0
5133533,אי.בי.אי. מחקה (4A) אינדקס פיננסים ישראל איזון ענפי,פיננסים,מניות לפי ענפים,מניות בארץ,7/30/2026 0:00,298223053.6,אי.בי.אי,,TRUE,FALSE,0.0065,0,19384.49805,0.0065,19384.49805,0
5133541,"תכלית TTF י(40) ת""א-בנייה","נדל""ן ובנייה",מניות לפי ענפים,מניות בארץ,7/30/2026 0:00,209895620.9,מיטב,,TRUE,FALSE,0.002,0,4197.912598,0.002,4197.912598,0
5133574,"הראל מחקה (4A)י NASDAQ 100 מנוטרלת מט""ח",אמריקה- שווקים מפותחים,"מניות גיאוגרפי - מנוטרלת מט""ח","מניות בחו""ל",7/30/2026 0:00,1112041704,הראל,,TRUE,FALSE,0,0,0,0,0,0
5133582,"תכלית TTF י(40) ת""א-ביטוח ושירותים פיננסים",ביטוח,מניות לפי ענפים,מניות בארץ,7/30/2026 0:00,553864693.1,מיטב,,TRUE,FALSE,0.003,0,16615.94141,0.003,16615.94141,0
5133608,"הראל מחקה (0D) אינדקס AA-AAA ת""א 0-2 - נקובה $","אג""ח חברות שקלי וצמוד","אג""ח חברות ","אג""ח בארץ - חברות והמרה",7/30/2026 0:00,42213881.38,הראל,,TRUE,FALSE,0.0025,0,1055.346924,0.0025,1055.346924,0
5133616,הראל מחקה (4A)י אינדקס בנקים ישראל,בנקאות ואשראי חוץ בנקאי,מניות לפי ענפים,מניות בארץ,7/30/2026 0:00,229191440.2,הראל,,TRUE,FALSE,0.005,0,11459.57129,0.005,11459.57129,0
5133632,ילין לפידות (2B) אגד ישראלי עד 30% מניות,,אגד ישראלי,אגד קרנות,7/30/2026 0:00,56643327.33,ילין,,FALSE,FALSE,0,0.0035,0,-0.0035,-1982.516479,0
5133640,ילין לפידות (2B) אגד ישראלי עד 15% מניות,,אגד ישראלי,אגד קרנות,7/30/2026 0:00,63273238.31,ילין,,FALSE,FALSE,0,0.0035,0,-0.0035,-2214.563477,0
5133657,אי.בי.אי. מחקה (4D) אינדקס שבבים גלובלי משקל שווה מנוטרלת דולר,Semiconductor,"מניות לפי ענפים בחו""ל - מנוטרלת מט""ח","מניות בחו""ל",7/30/2026 0:00,145907596.5,אי.בי.אי,,TRUE,FALSE,0.008,0,11672.6084,0.008,11672.6084,0
5133673,אי.בי.אי. מחקה (0D) אינדקס A-AA שקלי 0-2-נקובה $,בריבית קבועה - קצר,"אג""ח חברות שקלי","אג""ח בארץ - חברות והמרה",7/30/2026 0:00,29036422.74,אי.בי.אי,,TRUE,FALSE,0.001,0,290.3642273,0.001,290.3642273,0
5133681,"תכלית TTF י(4A)י S&P 900 Pure Value מנוטרלת מט""ח",אמריקה- שווקים מפותחים,"מניות גיאוגרפי - מנוטרלת מט""ח","מניות בחו""ל",7/30/2026 0:00,55054999.03,מיטב,,TRUE,FALSE,0.005,0,2752.75,0.005,2752.75,0
5133699,קסם KTFי (4D)י Bloomberg Agriculture,,מדד סחורות,סחורות,7/30/2026 0:00,8135650.69,קסם,,TRUE,FALSE,0.008,0,650.8521118,0.008,650.8521118,0
5133707,דולפין (2B)י 25/75,,"אג""ח כללי בארץ- עד 25% מניות","אג""ח בארץ - כללי",7/30/2026 0:00,312682572,איילון,דולפין,FALSE,FALSE,0.0079,0.0035,24701.92188,0.0044,13758.03125,0
5133715,MTF מחקה (4D) אינדקס יצרניות גלובלי מנוטרלת דולר,שילוב ענפים,"מניות לפי ענפים בחו""ל - מנוטרלת מט""ח","מניות בחו""ל",7/30/2026 0:00,10110760.2,מגדל,,TRUE,FALSE,0.008,0,808.8608398,0.008,808.8608398,0
5133731,איילון (4D) השקעות,,,גמישות,7/30/2026 0:00,15420471.73,איילון,אלדד ברק,FALSE,FALSE,0.0154,0.0035,2374.752686,0.0119,1835.036255,0
5133756,הראל מחקה (0A)י All Bond כללי,,,"אג""ח בארץ כללי",7/30/2026 0:00,27042759.44,הראל,,TRUE,FALSE,0.002,0,540.8552246,0.002,540.8552246,0
5133764,"הראל מחקה (4A) ת""א All-Share", All Cap,מניות לפי שווי שוק,מניות בארץ,7/30/2026 0:00,30621009.72,הראל,,TRUE,FALSE,0.0025,0,765.5252075,0.0025,765.5252075,0
5133772,קסם KTFי (00) אינדקס צמוד מדורג Top60 ללא בנקים,בריבית קבועה ,"אג""ח חברות צמודות מדד","אג""ח בארץ - חברות והמרה",7/30/2026 0:00,261504678.8,קסם,,TRUE,FALSE,0.001,0,2615.046875,0.001,2615.046875,0
5133780,מור (2C) אגד ישראלי עד 30% מניות,,אגד ישראלי,אגד קרנות,7/30/2026 0:00,196269300.1,מור,,FALSE,FALSE,0,0.0035,0,-0.0035,-6869.425781,0
5133798,מור (2B) אגד ישראלי עד 15% מניות,,אגד ישראלי,אגד קרנות,7/30/2026 0:00,231920213.6,מור,,FALSE,FALSE,0,0.0035,0,-0.0035,-8117.20752,0
5133822,מיטב (2B) תיק עד 15% מניות- אגד ישראלי,,אגד ישראלי,אגד קרנות,7/30/2026 0:00,112284160,מיטב,,FALSE,FALSE,0,0.0035,0,-0.0035,-3929.945801,0
5133830,מיטב (3C) תיק עד 30% מניות-אגד ישראלי,,אגד ישראלי,אגד קרנות,7/30/2026 0:00,101073041.4,מיטב,,FALSE,FALSE,0,0.0035,0,-0.0035,-3537.556396,0
5133871,פלקון (2B) תיק השקעות + 30%,,"אג""ח כללי בארץ - עד 30% מניות","אג""ח בארץ - כללי",7/30/2026 0:00,33720245.06,סיגמא,פלקון,FALSE,FALSE,0.0079,0.0035,2663.89917,0.0044,1483.690674,0
5133897,"MTF מחקה (4A) אינדקס נדל""ן למגורים ארה""ב Top10 מנוטרלת מט""ח",REIT &  Real Estate,"מניות לפי ענפים בחו""ל - מנוטרלת מט""ח","מניות בחו""ל",7/30/2026 0:00,4755278.76,מגדל,,TRUE,FALSE,0.005,0,237.7639465,0.005,237.7639465,0
5133905,"ATF מחקה (00) אינדקס אג""ח חברות ישראל EW TOP 100","אג""ח חברות שקלי וצמוד","אג""ח חברות ","אג""ח בארץ - חברות והמרה",7/30/2026 0:00,140695626.2,אנליסט,,TRUE,FALSE,0.002,0,2813.912842,0.002,2813.912842,0
5133939,"מיטב (2A) תיק אג""ח + 15%",,"אג""ח כללי בארץ- עד 15% מניות","אג""ח בארץ - כללי",7/30/2026 0:00,72499423.59,מיטב,,FALSE,FALSE,0.0035,0.0035,2537.47998,0,0,0
5133947,"מור (2B)י 20/80 מניות חו""ל",,"אג""ח כללי בארץ - עד 20% מניות","אג""ח בארץ - כללי",7/30/2026 0:00,1365628904,מור,,FALSE,FALSE,0.0082,0.0035,111981.5703,0.0047,64184.55469,0
5133954,"אלטשולר שחם (0A) אג""ח מדינה שקליות",,"אג""ח מדינה שקליות- ללא מניות ","אג""ח בארץ - מדינה",7/30/2026 0:00,58155975.75,אלטשולר,,FALSE,FALSE,0.007,0.0035,4070.918457,0.0035,2035.459229,0
5133996,"אי.בי.אי. מחקה (4A) משולבת מניות נדל""ן ישראליות חודשי",,מניות בארץ קרן משולבת,מניות בארץ,7/30/2026 0:00,10819953.59,אי.בי.אי,,TRUE,FALSE,0.005,0,540.9976807,0.005,540.9976807,0
5134002,קסם אקטיב (2B) אגד ישראלי עד 15% מניות,,אגד ישראלי,אגד קרנות,7/30/2026 0:00,173695376.3,קסם,,FALSE,FALSE,0,0.0035,0,-0.0035,-6079.338379,0
5134010,קסם אקטיב (2B) אגד ישראלי עד 30% מניות,,אגד ישראלי,אגד קרנות,7/30/2026 0:00,139497724.5,קסם,,FALSE,FALSE,0,0.0035,0,-0.0035,-4882.42041,0
5134028,מיטב (2B)י 25/75,,"אג""ח כללי בארץ- עד 25% מניות","אג""ח בארץ - כללי",7/30/2026 0:00,1033546927,מיטב,,FALSE,FALSE,0.0059,0.0035,60979.27344,0.0024,24805.12695,0
5134036,"מיטב (0B) אג""ח ללא מניות","אג""ח כללי בארץ ללא מניות וללא סימן קריאה ","אג""ח כללי בארץ - ללא מניות","אג""ח בארץ - כללי",7/30/2026 0:00,475076602.8,מיטב,,FALSE,FALSE,0.0059,0.0035,28029.52148,0.0024,11401.83887,0
5134044,אי.בי.אי. מחקה (4D) אינדקס פודטק גלובלי מנוטרלת דולר,Technology,"מניות לפי ענפים בחו""ל - מנוטרלת מט""ח","מניות בחו""ל",7/30/2026 0:00,1611465.55,אי.בי.אי,,TRUE,FALSE,0.008,0,128.9172516,0.008,128.9172516,0
5134069,פוקוס (2B)י 30/70,,"אג""ח כללי בארץ - עד 30% מניות","אג""ח בארץ - כללי",7/30/2026 0:00,678574241.7,איילון,פוקוס,FALSE,FALSE,0.0079,0.0035,53607.36719,0.0044,29857.26563,0
5134077,איילון (4D) מניות בלוקצ'יין וכרייה,,"מניות לפי ענפים בחו""ל","מניות בחו""ל",7/30/2026 0:00,19195896.49,איילון,,FALSE,FALSE,0.0185,0.0035,3551.240723,0.015000001,2879.384521,0
5134093,"אי.בי.אי. מחקה (4A) ת""א-ביטוח",ביטוח,מניות לפי ענפים,מניות בארץ,7/30/2026 0:00,443495491.9,אי.בי.אי,,TRUE,FALSE,0.006,0,26609.73047,0.006,26609.73047,0
5134101,הראל מחקה (4A) אינדקס מניות ערך ישראל,Mid Cap & Large ,מניות לפי שווי שוק,מניות בארץ,7/30/2026 0:00,400620278.3,הראל,,TRUE,FALSE,0.0065,0,26040.31836,0.0065,26040.31836,0
5134119,מור מחקה (4D) אינדקס יצרני ציוד לשבבים גלובלי,Semiconductor,"מניות לפי ענפים בחו""ל - חשופת מט""ח","מניות בחו""ל",7/30/2026 0:00,270651906.8,מור,,TRUE,FALSE,0.0075,0,20298.89258,0.0075,20298.89258,0
5134135,MTF מחקה (4D) אינדקס מתכות ומינרלים גלובלי מנוטרלת דולר,Materials,"מניות לפי ענפים בחו""ל - מנוטרלת מט""ח","מניות בחו""ל",7/30/2026 0:00,96582791.41,מגדל,,TRUE,FALSE,0.008,0,7726.624023,0.008,7726.624023,0
5134143,אימפקט (4D)י Global Shares,"מניות כללי בחו""ל חשופת מט""ח","מניות כללי בחו""ל","מניות בחו""ל",7/30/2026 0:00,448826733.4,איילון,אימפקט,FALSE,FALSE,0.0167,0.0035,74954.05469,0.0132,59245.12891,0
5134150,אלטשולר שחם מחקה (4A)י A.B SmartBeta Mid – Small Cap MultiFactor Top 30 TA,Small Cap & Mid,מניות לפי שווי שוק,מניות בארץ,7/30/2026 0:00,13916463.8,אלטשולר,,TRUE,FALSE,0.008,0,1113.317139,0.008,1113.317139,0
5134168,אי.בי.אי. מחקה (4A) אינדקס בנקים ישראל,בנקאות ואשראי חוץ בנקאי,מניות לפי ענפים,מניות בארץ,7/30/2026 0:00,545745897.8,אי.בי.אי,,TRUE,FALSE,0.005,0,27287.29492,0.005,27287.29492,0
5134176,אילים (4B) מניות תשתיות,,מניות לפי ענפים,מניות בארץ,7/30/2026 0:00,303589247.8,אילים,,FALSE,FALSE,0.0069,0.0035,20947.6582,0.0034,10322.0332,0
5134200,אי.בי.אי. מחקה (4A) משולבת מניות ישראל חודשי,,מניות בארץ קרן משולבת,מניות בארץ,7/30/2026 0:00,85706989.51,אי.בי.אי,,TRUE,FALSE,0,0,0,0,0,0
5134218,קבין (4D) גמישה,,,גמישות,7/30/2026 0:00,19016119.26,איילון,קבין,FALSE,FALSE,0.017999999,0.0035,3422.901367,0.0145,2757.337402,0
5134226,"פסטרנק שהם (0B) אג""ח כללי ללא מניות","אג""ח כללי בארץ ללא מניות וללא סימן קריאה ","אג""ח כללי בארץ - ללא מניות","אג""ח בארץ - כללי",7/30/2026 0:00,222684152.6,איילון,פסטרנק,FALSE,FALSE,0.0075,0.0035,16701.31055,0.004,8907.366211,0
5134234,פסטרנק שהם (2B)י 20/80,,"אג""ח כללי בארץ - עד 20% מניות","אג""ח בארץ - כללי",7/30/2026 0:00,465742459.2,איילון,פסטרנק,FALSE,FALSE,0.0078,0.0035,36327.91016,0.0043,20026.92383,0
5134242,MTF מחקה (4D) אינדקס שבבים גלובלי מנוטרלת דולר,Semiconductor,"מניות לפי ענפים בחו""ל - מנוטרלת מט""ח","מניות בחו""ל",7/30/2026 0:00,142686785.1,מגדל,,TRUE,FALSE,0.008,0,11414.94336,0.008,11414.94336,0
5134267,אי.בי.אי. (2B) אגד ישראלי עד 30% מניות,,אגד ישראלי,אגד קרנות,7/30/2026 0:00,123058849.8,אי.בי.אי,,FALSE,FALSE,0,0.0035,0,-0.0035,-4307.05957,0
5134275,אי.בי.אי. (2B) אגד ישראלי עד 15% מניות,,אגד ישראלי,אגד קרנות,7/30/2026 0:00,160253829.8,אי.בי.אי,,FALSE,FALSE,0,0.0035,0,-0.0035,-5608.883789,0
5134283,"פורצ'ן (4D) מניות חו""ל","מניות כללי בחו""ל חשופת מט""ח","מניות כללי בחו""ל","מניות בחו""ל",7/30/2026 0:00,38385752.16,איילון,פורצן,FALSE,FALSE,0.017999999,0.0035,6909.435059,0.0145,5565.934082,0
5134291,דיאמונד (1B)י 10/90,"אג""ח כללי בארץ- עד 10% מניות ללא סימן קריאה","אג""ח כללי בארץ - עד 10% מניות","אג""ח בארץ - כללי",7/30/2026 0:00,68265659.57,איילון,דיאמונד,FALSE,FALSE,0.0079,0.0035,5392.986816,0.0044,3003.688721,0
5134309,כספית,כספית שקלית עם קונצרני,כספית שקלית,קרן כספית,7/30/2026 0:00,5127636995,מגדל,,FALSE,FALSE,0.00239,0.001,122550.5234,0.00139,71274.15625,1
5134317,ילין לפידות (4B)י Large & mid cap ישראל,מניות Large & Mid Cap ,מניות לפי שווי שוק,מניות בארץ,7/30/2026 0:00,210315573.6,ילין,,FALSE,FALSE,0.012,0.0035,25237.86914,0.0085,17876.82422,0
5134333,פינסה (2B)י 20/80,,"אג""ח כללי בארץ - עד 20% מניות","אג""ח בארץ - כללי",7/30/2026 0:00,453925092.5,סיגמא,"פינסה מגיטס ניהול נכסים בע""מ",FALSE,FALSE,0.0079,0.0035,35860.08203,0.0044,19972.70313,0
5134341,פינסה (1B)י 10/90,"אג""ח כללי בארץ- עד 10% מניות ללא סימן קריאה","אג""ח כללי בארץ - עד 10% מניות","אג""ח בארץ - כללי",7/30/2026 0:00,106500163.3,סיגמא,"פינסה מגיטס ניהול נכסים בע""מ",FALSE,FALSE,0.0079,0.0035,8413.512695,0.0044,4686.006836,0
5134358,פינסה (4B) מניות,מניות All Cap,מניות לפי שווי שוק,מניות בארץ,7/30/2026 0:00,144605538,סיגמא,"פינסה מגיטס ניהול נכסים בע""מ",FALSE,FALSE,0.017999999,0.0035,26028.99414,0.0145,20967.80273,0
5134366,"פינסה (0B) אג""ח ללא מניות","אג""ח כללי בארץ ללא מניות וללא סימן קריאה ","אג""ח כללי בארץ - ללא מניות","אג""ח בארץ - כללי",7/30/2026 0:00,930109167.4,סיגמא,"פינסה מגיטס ניהול נכסים בע""מ",FALSE,FALSE,0.0075,0.0035,69758.1875,0.004,37204.36719,0
5134374,פינסה (4D) גמישה,,,גמישות,7/30/2026 0:00,49615515.6,סיגמא,"פינסה מגיטס ניהול נכסים בע""מ",FALSE,FALSE,0.017000001,0.0035,8434.638672,0.013500001,6698.095215,0
5134390,"תכלית TTF י(00) אינדקס ישראל שקלי A ומעלה פקטור מרווח מאג""ח ממשלתי",בריבית קבועה,"אג""ח חברות שקלי","אג""ח בארץ - חברות והמרה",7/30/2026 0:00,37372411.07,מיטב,,TRUE,FALSE,0.0015,0,560.5861816,0.0015,560.5861816,0
5134416,"אי.בי.אי. מחקה (4A) אינדקס מניות ערך ארה""ב פיזור סקטוריאלי מנוטרלת מט""ח",אמריקה- כללי,"מניות גיאוגרפי - מנוטרלת מט""ח","מניות בחו""ל",7/30/2026 0:00,18115892.74,אי.בי.אי,,TRUE,FALSE,0.008,0,1449.271484,0.008,1449.271484,0
5134424,מור מחקה (4A) אינדקס ביטוח משקל שווה,ביטוח,מניות לפי ענפים,מניות בארץ,7/30/2026 0:00,344457531.7,מור,,TRUE,FALSE,0.004,0,13778.30273,0.004,13778.30273,0
5134432,פורטה (2B)י 30/70,,"אג""ח כללי בארץ - עד 30% מניות","אג""ח בארץ - כללי",7/30/2026 0:00,738450780,סיגמא,פורטה,FALSE,FALSE,0.0075,0.0035,55383.80469,0.004,29538.0293,0
5134457,קסם אקטיב (2B)י 25/75,,"אג""ח כללי בארץ- עד 25% מניות","אג""ח בארץ - כללי",7/30/2026 0:00,39051501.87,קסם,,FALSE,FALSE,0.0059,0.0035,2304.038574,0.0024,937.2360229,0
5134465,קסם אקטיב (2C) תיק השקעות + 30%,,"אג""ח כללי בארץ - עד 30% מניות","אג""ח בארץ - כללי",7/30/2026 0:00,350093766.1,קסם,,FALSE,FALSE,0.0079,0.0035,27657.40625,0.0044,15404.12402,0
5134473,"קסם אקטיב (1A) אג""ח + 10%","אג""ח כללי בארץ- עד 10% מניות ללא סימן קריאה","אג""ח כללי בארץ - עד 10% מניות","אג""ח בארץ - כללי",7/30/2026 0:00,214536963.1,קסם,,FALSE,FALSE,0.0074,0.0035,15875.73535,0.0039,8366.941406,0
5134481,"קסם אקטיב (1B) אג""ח חברות + 10%",חברות והמרה עם מניות ללא סימן קריאה,חברות והמרה עם מניות,"אג""ח בארץ - חברות והמרה",7/30/2026 0:00,350970773.1,קסם,,FALSE,FALSE,0.0075,0.0035,26322.80664,0.004,14038.83105,0
5134523,איילון (2C)י 30/70,,"אג""ח כללי בארץ - עד 30% מניות","אג""ח בארץ - כללי",7/30/2026 0:00,44058384.7,איילון,,FALSE,FALSE,0.0089,0.0035,3921.196289,0.0054,2379.152588,0
5134531,MTF מחקה (Nasdaq 100 (4D,אמריקה- שווקים מפותחים,"מניות גיאוגרפי - חשופת מט""ח","מניות בחו""ל",7/30/2026 0:00,767428632.4,מגדל,,TRUE,FALSE,0,0,0,0,0,0
5134549,"MTF מחקה (Nasdaq 100 (4A מנוטרלת מט""ח",אמריקה- שווקים מפותחים,"מניות גיאוגרפי - מנוטרלת מט""ח","מניות בחו""ל",7/30/2026 0:00,1251768615,מגדל,,TRUE,FALSE,0,0,0,0,0,0
5134556,תכלית TTF י(4D)י Indxx Semiconductor Equipment Providers מנוטרלת דולר,Semiconductor,"מניות לפי ענפים בחו""ל - מנוטרלת מט""ח","מניות בחו""ל",7/30/2026 0:00,91697399.95,מיטב,,TRUE,FALSE,0.006,0,5501.844238,0.006,5501.844238,0
5134564,אי.בי.אי. מחקה (00) תל גוב-משתנה שקלי,‏ריבית משתנה ממשלתיות,"אג""ח מדינה שקליות ","אג""ח בארץ - מדינה",7/30/2026 0:00,4939951,אי.בי.אי,,TRUE,FALSE,0.0015,0,74.09926605,0.0015,74.09926605,0
5134606,"מיטב (0A)(!) תיק אג""ח ללא מניות","אג""ח כללי בארץ ללא מניות עם סימן קריאה","אג""ח כללי בארץ - ללא מניות","אג""ח בארץ - כללי",7/30/2026 0:00,18760949.04,מיטב,,FALSE,FALSE,0.0069,0.0035,1294.505615,0.0034,637.8722534,0
5134614,"מיטב (1A)(!) תיק אג""ח + 10%","אג""ח כללי בארץ- עד 10% מניות ועם סימן קריאה","אג""ח כללי בארץ - עד 10% מניות","אג""ח בארץ - כללי",7/30/2026 0:00,12949020.92,מיטב,,FALSE,FALSE,0.0079,0.0035,1022.972656,0.0044,569.756897,0
5134663,"מיטב (0A) אג""ח מדינה ללא מניות",,"אג""ח מדינה כללי - ללא מניות","אג""ח בארץ - מדינה",7/30/2026 0:00,748480561.7,מיטב,,FALSE,FALSE,0.0059,0.0035,44160.35547,0.0024,17963.53516,0
5134671,"אי.בי.אי. מחקה (4D) ת""א 125–נקובה $",Mid Cap & Large ,מניות לפי שווי שוק,מניות בארץ,7/30/2026 0:00,465226953.4,אי.בי.אי,,TRUE,FALSE,0.0025,0,11630.67285,0.0025,11630.67285,0
5134689,אי.בי.אי. מחקה (4A)י Shiller Barclays CAPE® US Core Mid-Month Sector מנוטרלת מטח,אמריקה- שווקים מפותחים,"מניות גיאוגרפי - מנוטרלת מט""ח","מניות בחו""ל",7/30/2026 0:00,570042153.8,אי.בי.אי,,TRUE,FALSE,0.0079,0,45033.33203,0.0079,45033.33203,0
5134705,הראל מחקה (0A) אינדקס לפדיון 2026 מנפיקים במשקל שווה (מתגלגל כל 6 שנים),"אג""ח חברות שקלי וצמוד","אג""ח חברות ","אג""ח בארץ - חברות והמרה",7/30/2026 0:00,36433334.9,הראל,,TRUE,FALSE,0.002,0,728.666748,0.002,728.666748,0
5134713,"MTF מחקה (4A) אינדקס ת""א-125 Smart Momentum",Mid Cap & Large ,מניות לפי שווי שוק,מניות בארץ,7/30/2026 0:00,77076389.72,מגדל,,TRUE,FALSE,0,0,0,0,0,0
5134754,הראל (2C) אגד ישראלי עד 15% מניות,,אגד ישראלי,אגד קרנות,7/30/2026 0:00,20004443.48,הראל,,FALSE,FALSE,0,0.0035,0,-0.0035,-700.1555786,0
5134762,הראל (2C) אגד ישראלי עד 30% מניות,,אגד ישראלי,אגד קרנות,7/30/2026 0:00,20943375.82,הראל,,FALSE,FALSE,0,0.0035,0,-0.0035,-733.0181885,0
5134788,MTF מחקה (00) אינדקס A מנגנון שקלי-צמוד,"אג""ח חברות שקלי וצמוד","אג""ח חברות ","אג""ח בארץ - חברות והמרה",7/30/2026 0:00,45007976.45,מגדל,,TRUE,FALSE,0.002,0,900.1596069,0.002,900.1596069,0
5134796,MTF מחקה (00) אינדקס AA מנגנון שקלי-צמוד,"אג""ח חברות שקלי וצמוד","אג""ח חברות ","אג""ח בארץ - חברות והמרה",7/30/2026 0:00,31578991.51,מגדל,,TRUE,FALSE,0.002,0,631.579895,0.002,631.579895,0
5134804,"אילים (0A)(!) אג""ח קונצרני",חברות והמרה ללא מניות עם סימן קריאה,חברות והמרה ללא מניות,"אג""ח בארץ - חברות והמרה",7/30/2026 0:00,787704004.4,אילים,,FALSE,FALSE,0.0069,0.0035,54351.57813,0.0034,26781.93359,0
5134812,אי.בי.אי. מחקה (0D)י Bloomberg US Corporate 1-5 Years,,"חברות והמרה חשופת מט""ח - בינוני","אג""ח בחו""ל",7/30/2026 0:00,79953381.68,אי.בי.אי,,TRUE,FALSE,0.004,0,3198.135498,0.004,3198.135498,0
5134820,אי.בי.אי. מחקה (0D)י Bloomberg US Intermediate Credit,,"אג""ח בחו""ל - אחר ","אג""ח בחו""ל",7/30/2026 0:00,8551298.92,אי.בי.אי,,TRUE,FALSE,0.003,0,256.5389709,0.003,256.5389709,0
5134838,"אי.בי.אי. מחקה (0A)י Bloomberg US Corporate 1-5 Years מנוטרלת מט""ח",,"חברות והמרה  מנוטרלת מט""ח - בינוני","אג""ח בחו""ל",7/30/2026 0:00,196385817.3,אי.בי.אי,,TRUE,FALSE,0.004,0,7855.433594,0.004,7855.433594,0
5134846,פרופאונד (2B)י 30/70,,"אג""ח כללי בארץ - עד 30% מניות","אג""ח בארץ - כללי",7/30/2026 0:00,46883551.35,איילון,"פרופאונד ניהול הון (סי. אם) בע""מ",FALSE,FALSE,0.0069,0.0035,3234.965088,0.0034,1594.040649,0
5134853,MTF מחקה (00) אינדקס A שקלי אופק דירוג יציב או חיובי,בריבית קבועה,"אג""ח חברות שקלי","אג""ח בארץ - חברות והמרה",7/30/2026 0:00,61013678.66,מגדל,,TRUE,FALSE,0.002,0,1220.273682,0.002,1220.273682,0
5134879,אי.בי.אי. מחקה (4D)י S&P Industrial,Industrials,"מניות לפי ענפים בחו""ל - חשופת מט""ח","מניות בחו""ל",7/30/2026 0:00,32884299.72,אי.בי.אי,,TRUE,FALSE,0.007,0,2301.901123,0.007,2301.901123,0
5134887,אי.בי.אי. מחקה (4D)י S&P 500 Low Volatility High Dividend,אמריקה- שווקים מפותחים,"מניות גיאוגרפי - חשופת מט""ח","מניות בחו""ל",7/30/2026 0:00,20416402.36,אי.בי.אי,,TRUE,FALSE,0,0,0,0,0,0
5134895,"אי.בי.אי. מחקה (0A)י iBoxx US Liquid Investment Grade 0-5 Years מנוטרלת מט""ח",,"חברות והמרה  מנוטרלת מט""ח  ","אג""ח בחו""ל",7/30/2026 0:00,72018290.07,אי.בי.אי,,TRUE,FALSE,0.003,0,2160.548828,0.003,2160.548828,0
5134911,אי.בי.אי. מחקה (00) תל בונד-שקלי A,בריבית קבועה,"אג""ח חברות שקלי","אג""ח בארץ - חברות והמרה",7/30/2026 0:00,168006944,אי.בי.אי,,TRUE,FALSE,0,0,0,0,0,0
5134929,קסם iBoxx USD Liquid FRN Investment Grade Corporates 100 (0D) KTF,,"חברות והמרה חשופת מט""ח","אג""ח בחו""ל",7/30/2026 0:00,14437857.51,קסם,,TRUE,FALSE,0.005,0,721.8928833,0.005,721.8928833,0
5134960,איילון (2B) תיק עד 30% מניות – אגד ישראלי,,אגד ישראלי,אגד קרנות,7/30/2026 0:00,77566554.12,איילון,,FALSE,FALSE,0,0.0035,0,-0.0035,-2714.829346,0
5134978,איילון (2B) תיק עד 15% מניות – אגד ישראלי,,אגד ישראלי,אגד קרנות,7/30/2026 0:00,71031793.41,איילון,,FALSE,FALSE,0,0.0035,0,-0.0035,-2486.112793,0
5134986,"קסם KTFי (4A)י Indxx US Tech Top 10 - MR מנוטרלת מט""ח",Technology,"מניות לפי ענפים בחו""ל - מנוטרלת מט""ח","מניות בחו""ל",7/30/2026 0:00,283488361,קסם,,TRUE,FALSE,0.006,0,17009.30078,0.006,17009.30078,0
5135009,"מור (1A)(!) אג""ח + 10%","אג""ח כללי בארץ- עד 10% מניות ועם סימן קריאה","אג""ח כללי בארץ - עד 10% מניות","אג""ח בארץ - כללי",7/30/2026 0:00,1140728178,מור,,FALSE,FALSE,0.0075,0.0035,85554.60938,0.004,45629.125,0
5135017,"מור (1D)(!) אג""ח חברות זיקה לישראל- נקוב $",חברות והמרה עם מניות ועם סימן קריאה,חברות והמרה עם מניות,"אג""ח בארץ - חברות והמרה",7/30/2026 0:00,73781262.77,מור,,FALSE,FALSE,0.0079,0.0035,5828.719727,0.0044,3246.375488,0
5135025,אי.בי.אי. מחקה (4D) אינדקס סייבר גלובלי משקל שווה מנוטרלת דולר,Cyber Security,"מניות לפי ענפים בחו""ל - מנוטרלת מט""ח","מניות בחו""ל",7/30/2026 0:00,5229460.5,אי.בי.אי,,TRUE,FALSE,0.004,0,209.1784363,0.004,209.1784363,0
5135041,הראל (5D) איתן אסטרטגיות,,אסטרטגיות (לא ממונפות) ,ממונפות ואסטרטגיות,7/30/2026 0:00,6933951.43,הראל,הראל פיננסים,FALSE,FALSE,0,0.0035,0,-0.0035,-242.6883087,0
5135058,Gse Spotי (4B) מניות,מניות All Cap,מניות לפי שווי שוק,מניות בארץ,7/30/2026 0:00,9445290.61,איילון,"ג'י. אס. אי. ספוט שוקי הון בע""מ",FALSE,FALSE,0.0185,0.0035,1747.378784,0.015000001,1416.793701,0
5135074,"תכלית PHLX Semiconductor Sector (4A) TTF מנוטרלת מט""ח",Semiconductor,"מניות לפי ענפים בחו""ל - מנוטרלת מט""ח","מניות בחו""ל",7/30/2026 0:00,686079418,מיטב,,TRUE,FALSE,0.005,0,34303.96875,0.005,34303.96875,0
5135090,"MTF מחקה (4D) ת""א-90 נקובה $",Mid Cap,מניות לפי שווי שוק,מניות בארץ,7/30/2026 0:00,80418641.61,מגדל,,TRUE,FALSE,0,0,0,0,0,0
5135108,"MTF מחקה (Bloomberg US Analyst Recommendations (4A מנוטרלת מט""ח",אמריקה- שווקים מפותחים,"מניות גיאוגרפי - מנוטרלת מט""ח","מניות בחו""ל",7/30/2026 0:00,410384131.9,מגדל,,TRUE,FALSE,0.008,0,32830.73047,0.008,32830.73047,0
5135116,קסם KTFי (00) אינדקס Top 60 צמוד - משקל תשואה לפדיון,בריבית קבועה ,"אג""ח חברות צמודות מדד","אג""ח בארץ - חברות והמרה",7/30/2026 0:00,31978147.59,קסם,,TRUE,FALSE,0.001,0,319.7814941,0.001,319.7814941,0
5135132,"קסם KTFי (4A) ת""א -פמילי",אחר,מניות לפי שווי שוק,מניות בארץ,7/30/2026 0:00,17833396.85,קסם,,TRUE,FALSE,0.0025,0,445.8348999,0.0025,445.8348999,0
5135140,תכלית TTF י(00) תל בונד-שקלי A,בריבית קבועה,"אג""ח חברות שקלי","אג""ח בארץ - חברות והמרה",7/30/2026 0:00,187730733.6,מיטב,,TRUE,FALSE,0,0,0,0,0,0
5135157,"ילין לפידות מחקה (4A) אינדקס סייבר ארה""ב - מבוסס AI מנוטרלת מט""ח",Cyber Security,"מניות לפי ענפים בחו""ל - מנוטרלת מט""ח","מניות בחו""ל",7/30/2026 0:00,17436373.33,ילין,,TRUE,FALSE,0.0077,0,1342.600708,0.0077,1342.600708,0
5135165,"ATF מחקה (4A) אינדקס ת""א-125 מומנטום ענפי",Mid Cap & Large ,מניות לפי שווי שוק,מניות בארץ,7/30/2026 0:00,123518511.2,אנליסט,,TRUE,FALSE,0.005,0,6175.925293,0.005,6175.925293,0
5135173,"ברק (60) אולטרה ת""א 35 פי 3",,ממונפות בסיכון גבוה,ממונפות ואסטרטגיות,7/30/2026 0:00,39862494.52,ברק,,FALSE,FALSE,0.017999999,0.0035,7175.249023,0.0145,5780.062012,0
5135181,ברק (6D) אולטרה S&P 500 פי 3,,ממונפות בסיכון גבוה,ממונפות ואסטרטגיות,7/30/2026 0:00,12482675.03,ברק,,FALSE,FALSE,0.017999999,0.0035,2246.881348,0.0145,1809.987793,0
5135199,ברק (6D) אולטרה דאקס פי 3,,ממונפות בסיכון גבוה,ממונפות ואסטרטגיות,7/30/2026 0:00,8657934.05,ברק,,FALSE,FALSE,0.035999998,0.0035,3116.855957,0.032499999,2813.828613,0
5135207,"ברק (6D) אולטרה נאסד""ק 100 פי 3",,ממונפות בסיכון גבוה,ממונפות ואסטרטגיות,7/30/2026 0:00,41934652.4,ברק,,FALSE,FALSE,0.017999999,0.0035,7548.236816,0.0145,6080.524414,0
5135215,"ברק (6A) אולטרה ת""א 125 פי 3",,ממונפות בסיכון גבוה,ממונפות ואסטרטגיות,7/30/2026 0:00,44763301,ברק,,FALSE,FALSE,0.017999999,0.0035,8057.393555,0.0145,6490.678223,0
5135223,קסם אקטיב (2B) ברקת 30/70,,"אג""ח כללי בארץ - עד 30% מניות","אג""ח בארץ - כללי",7/30/2026 0:00,65692696.55,קסם,,FALSE,FALSE,0.0058,0.0035,3810.17627,0.0023,1510.931885,0
5135256,"ISP Asset Management י(4D) מניות חו""ל","מניות כללי בחו""ל חשופת מט""ח","מניות כללי בחו""ל","מניות בחו""ל",7/30/2026 0:00,60334847.16,איילון,"איי.אס.פי. אסט מנג'מנט בע""מ (ISP Asset Management)",FALSE,FALSE,0.016000001,0.0035,9653.576172,0.012500001,7541.856445,0
5135264,"פרופאונד (0B) אג""ח ללא מניות","אג""ח כללי בארץ ללא מניות וללא סימן קריאה ","אג""ח כללי בארץ - ללא מניות","אג""ח בארץ - כללי",7/30/2026 0:00,176951464.3,איילון,"פרופאונד ניהול הון (סי. אם) בע""מ",FALSE,FALSE,0.0099,0.0035,17518.19531,0.0064,11324.89453,0
5135272,"קסם KTFי (4A) משולבת מניות חו""ל מפותחות MidCap חודשי מנוטרלת מט""ח",,"מניות בחו""ל קרן משולבת","מניות בחו""ל",7/30/2026 0:00,19010744.84,קסם,,TRUE,FALSE,0,0,0,0,0,0
5135280,"אי.בי.אי. מחקה (4A)י EURO STOXX Dividend 30 מנוטרלת מט""ח",אירופה- כללי,"מניות גיאוגרפי - מנוטרלת מט""ח","מניות בחו""ל",7/30/2026 0:00,83415565.41,אי.בי.אי,,TRUE,FALSE,0.005,0,4170.77832,0.005,4170.77832,0
5135306,"אי.בי.אי. מחקה (0A)י iBoxx US Liquid Investment Grade Top 30 מנוטרלת מט""ח",,"חברות והמרה  מנוטרלת מט""ח  ","אג""ח בחו""ל",7/30/2026 0:00,10275570.57,אי.בי.אי,,TRUE,FALSE,0.006,0,616.5343018,0.006,616.5343018,0
5135330,קסם KTF י(4D)י MSCI AC World,,"מניות גלובליות - חשופת מט""ח","מניות בחו""ל",7/30/2026 0:00,166384826.4,קסם,,TRUE,FALSE,0.003,0,4991.544922,0.003,4991.544922,0
5135348,"הראל מחקה (4D) ת""א 90 - נקובה $",Mid Cap,מניות לפי שווי שוק,מניות בארץ,7/30/2026 0:00,44762253.27,הראל,,TRUE,FALSE,0,0,0,0,0,0
5135371,אי.בי.אי. מחקה (4D) אינדקס מותגי מזון גלובלי Top10 מנוטרלת דולר,Consumer Staples,"מניות לפי ענפים בחו""ל - מנוטרלת מט""ח","מניות בחו""ל",7/30/2026 0:00,2470402.1,אי.בי.אי,,TRUE,FALSE,0.0065,0,160.5761261,0.0065,160.5761261,0
5135405,MTF מחקה (00) תל גוב-צמודות 5-10,צמודות מדד ממשלתיות - ארוך,"אג""ח מדינה צמוד מדד","אג""ח בארץ - מדינה",7/30/2026 0:00,165845809.5,מגדל,,TRUE,FALSE,0,0,0,0,0,0
5135413,MTF מחקה (00) תל גוב-שקלי 5-10,‏ריבית קבועה - ארוך,"אג""ח מדינה שקליות ","אג""ח בארץ - מדינה",7/30/2026 0:00,683911559.4,מגדל,,TRUE,FALSE,0,0,0,0,0,0
5135421,"מור מחקה (00) אינדקס A-AA מח""מ 3 סינטטי",אחר,"אג""ח חברות ","אג""ח בארץ - חברות והמרה",7/30/2026 0:00,34951327.44,מור,,TRUE,FALSE,0.002,0,699.0266113,0.002,699.0266113,0
5135439,"מור מחקה (00) אינדקס A מח""מ 4 סינטטי",אחר,"אג""ח חברות ","אג""ח בארץ - חברות והמרה",7/30/2026 0:00,217275209.3,מור,,TRUE,FALSE,0.002,0,4345.504395,0.002,4345.504395,0
5135470,MTF מחקה (4A) אינדקס תעשיה ישראל,תעשיה,מניות לפי ענפים,מניות בארץ,7/30/2026 0:00,112466904,מגדל,,TRUE,FALSE,0.005,0,5623.345215,0.005,5623.345215,0
5135496,"אלטשולר שחם מחקה (4A) נדל""ן ישראל A.B SmartBeta","נדל""ן ובנייה",מניות לפי ענפים,מניות בארץ,7/30/2026 0:00,6010634.77,אלטשולר,,TRUE,FALSE,0.009,0,540.9570923,0.009,540.9570923,0
5135504,אלטשולר שחם מחקה (4A)י טכנולוגיה ישראל A.B SmartBeta,טכנולוגיה,מניות לפי ענפים,מניות בארץ,7/30/2026 0:00,37102303.37,אלטשולר,,TRUE,FALSE,0.009,0,3339.207031,0.009,3339.207031,0
5135512,אביב (4D) מניות גלובלי כשרה,"מניות כללי בחו""ל חשופת מט""ח","מניות כללי בחו""ל","מניות בחו""ל",7/30/2026 0:00,47270847.04,איילון,"אביב בית השקעות (2022) בע""מ",FALSE,FALSE,0.0195,0.0035,9217.81543,0.016000001,7563.335938,0
5135520,אביב (4B) מניות ישראל ESG כשרה,מניות All Cap,מניות לפי שווי שוק,מניות בארץ,7/30/2026 0:00,89636523.17,איילון,"אביב בית השקעות (2022) בע""מ",FALSE,FALSE,0.0195,0.0035,17479.12109,0.016000001,14341.84375,0
5135538,אביב (2B)י 20/80 תיק ESG כשרה,,"אג""ח כללי בארץ - עד 20% מניות","אג""ח בארץ - כללי",7/30/2026 0:00,28605371.33,איילון,"אביב בית השקעות (2022) בע""מ",FALSE,FALSE,0.0093,0.0035,2660.299561,0.0058,1659.111572,0
5135546,אביב (4B)י ESG מניות ישראל,מניות All Cap,מניות לפי שווי שוק,מניות בארץ,7/30/2026 0:00,40172565.8,איילון,"אביב בית השקעות (2022) בע""מ",FALSE,FALSE,0.0195,0.0035,7833.649902,0.016000001,6427.61084,0
5135553,"אביב (0A) אג""ח חברות ESG כשרה",חברות והמרה ללא מניות וללא סימן קריאה,חברות והמרה ללא מניות,"אג""ח בארץ - חברות והמרה",7/30/2026 0:00,82534062.14,איילון,"אביב בית השקעות (2022) בע""מ",FALSE,FALSE,0.0089,0.0035,7345.531738,0.0054,4456.839355,0
5135587,"אילים (0D) אג""ח Floaters לנזילות דולרית - נקובה $",,"אג""ח נקובת מט""ח","אג""ח בחו""ל ",7/30/2026 0:00,26014747.04,אילים,,FALSE,FALSE,0.0059,0.0035,1534.870239,0.0024,624.3540039,0
5135595,"אילים (0D) אג""ח Floaters לנזילות דולרית",,"אג""ח חשופת דולר","אג""ח בחו""ל ",7/30/2026 0:00,8254083.18,אילים,,FALSE,FALSE,0.0059,0.0035,486.9909058,0.0024,198.0979919,0
5135603,"MTF מחקה (S&P 500 VALUE (4A מנוטרלת מט""ח",אמריקה- שווקים מפותחים,"מניות גיאוגרפי - מנוטרלת מט""ח","מניות בחו""ל",7/30/2026 0:00,21732645.19,מגדל,,TRUE,FALSE,0.005,0,1086.632324,0.005,1086.632324,0
5135611,"קסם KTF י(4A)י BlueStar נדל""ן למגורים ארה""ב - Top 10 מנוטרלת מט""ח",REIT &  Real Estate,"מניות לפי ענפים בחו""ל - מנוטרלת מט""ח","מניות בחו""ל",7/30/2026 0:00,2211768.35,קסם,,TRUE,FALSE,0,0,0,0,0,0
5135629,גביש (4D) גמישה,,,גמישות,7/30/2026 0:00,22868020.46,סיגמא,"גביש פיננסים ניהול תיקי השקעות בע""מ ",FALSE,FALSE,0.0185,0.0035,4230.583496,0.015000001,3430.203125,0
5135652,ברק (6A) אולטרה בנקים פי 3,,ממונפות בסיכון גבוה,ממונפות ואסטרטגיות,7/30/2026 0:00,133552236.7,ברק,,FALSE,FALSE,0.035999998,0.0035,48078.80469,0.032499999,43404.47656,0
5135686,אי.בי.אי. מחקה (4A) אינדקס ישראל הנהגה נשית,אחר,מניות לפי שווי שוק,מניות בארץ,7/30/2026 0:00,3092971.58,אי.בי.אי,,TRUE,FALSE,0,0,0,0,0,0
5135694,"אי.בי.אי. מחקה (4A) ת""א-נדל""ן","נדל""ן ובנייה",מניות לפי ענפים,מניות בארץ,7/30/2026 0:00,127281082.9,אי.בי.אי,,TRUE,FALSE,0.004,0,5091.243652,0.004,5091.243652,0
5135702,קסם אקטיב (2D)י 20/80 נקובה $,,"אג""ח כללי בארץ - עד 20% מניות","אג""ח בארץ - כללי",7/30/2026 0:00,30472509.79,קסם,,FALSE,FALSE,0.0058,0.0035,1767.405518,0.0023,700.8676758,0
5135710,"אי.בי.אי. מחקה (4A) ת""א-פיננסים",פיננסים,מניות לפי ענפים,מניות בארץ,7/30/2026 0:00,274466324,אי.בי.אי,,TRUE,FALSE,0.005,0,13723.31641,0.005,13723.31641,0
5135736,"הראל מחקה (0D) תל גוב-מק""מ - נקובה $","מק""מ","אג""ח מדינה שקליות ","אג""ח בארץ - מדינה",7/30/2026 0:00,12598464.76,הראל,,TRUE,FALSE,0.002,0,251.9693146,0.002,251.9693146,0
5135744,אלטשולר שחם (2B) אגד ישראלי עד 15% מניות,,אגד ישראלי,אגד קרנות,7/30/2026 0:00,21526476.7,אלטשולר,,FALSE,FALSE,0,0.0035,0,-0.0035,-753.4266968,0
5135751,אלטשולר שחם (2B) אגד ישראלי עד 30% מניות,,אגד ישראלי,אגד קרנות,7/30/2026 0:00,18826869.61,אלטשולר,,FALSE,FALSE,0,0.0035,0,-0.0035,-658.9404907,0
5135769,ב. אלטרנטיב (2B)י 20/80,,"אג""ח כללי בארץ - עד 20% מניות","אג""ח בארץ - כללי",7/30/2026 0:00,724273090.3,איילון,בסט אלטרנטיב,FALSE,FALSE,0.0079,0.0035,57217.57031,0.0044,31868.01367,0
5135777,קסם KTF י(00) אינדקס AA ומעלה שקלי 0-3,בריבית קבועה,"אג""ח חברות שקלי","אג""ח בארץ - חברות והמרה",7/30/2026 0:00,86490983.75,קסם,,TRUE,FALSE,0.001,0,864.9099121,0.001,864.9099121,0
5135785,קסם KTF י(00) אינדקס AA ומעלה צמוד 0-3,בריבית קבועה ,"אג""ח חברות צמודות מדד","אג""ח בארץ - חברות והמרה",7/30/2026 0:00,246940150.7,קסם,,TRUE,FALSE,0.001,0,2469.401611,0.001,2469.401611,0
5135793,אינווסטור 360 (4B) מניות ערך ישראל,מניות All Cap,מניות לפי שווי שוק,מניות בארץ,7/30/2026 0:00,31520565.26,איילון,"אינווסט 360 ניהול השקעות בע""מ",FALSE,FALSE,0.008,0.0035,2521.645508,0.0045,1418.425659,0
5135801,"אינווסטור 360 (4D) מניות חו""ל","מניות כללי בחו""ל חשופת מט""ח","מניות כללי בחו""ל","מניות בחו""ל",7/30/2026 0:00,28190961.27,איילון,"אינווסט 360 ניהול השקעות בע""מ",FALSE,FALSE,0.0075,0.0035,2114.322021,0.004,1127.638428,0
5135819,תכלית TTF י(00) תל בונד-צמודות 1-3,בריבית קבועה - קצר,"אג""ח חברות צמודות מדד","אג""ח בארץ - חברות והמרה",7/30/2026 0:00,707548032.5,מיטב,,TRUE,FALSE,0.002,0,14150.96191,0.002,14150.96191,0
5135835,הראל מחקה (00) תל גוב-שקלי 10+,‏ריבית קבועה - ארוך,"אג""ח מדינה שקליות ","אג""ח בארץ - מדינה",7/30/2026 0:00,83916702.75,הראל,,TRUE,FALSE,0.001,0,839.1671143,0.001,839.1671143,0
5135843,הראל מחקה (00) תל גוב-צמודות 10+,צמודות מדד ממשלתיות - ארוך,"אג""ח מדינה צמוד מדד","אג""ח בארץ - מדינה",7/30/2026 0:00,9691710.68,הראל,,TRUE,FALSE,0.001,0,96.91711426,0.001,96.91711426,0
5135884,אי.בי.אי מחקה (4A) אינדקס אשראי חוץ בנקאי ושירותים פיננסיים אחרים בישראל,בנקאות ואשראי חוץ בנקאי,מניות לפי ענפים,מניות בארץ,7/30/2026 0:00,54712729.52,אי.בי.אי,,TRUE,FALSE,0.008,0,4377.018555,0.008,4377.018555,0
5135926,מיטב (00) כספית ניהול נזילות,כספית שקלית עם קונצרני,כספית שקלית,קרן כספית,7/30/2026 0:00,4640875139,מיטב,,FALSE,FALSE,0.0022,0.001,102099.25,0.0012,55690.49609,1
5135942,MTF מחקה (0A) אינדקס A-AAA לפדיון 2029 (מתגלגל כל 4 שנים),"אג""ח חברות שקלי וצמוד","אג""ח חברות ","אג""ח בארץ - חברות והמרה",7/30/2026 0:00,78835223.64,מגדל,,TRUE,FALSE,0.002,0,1576.70459,0.002,1576.70459,0
5135975,"ATF מחקה (00) אינדקס אג""ח בנקים וחב' ממשלתיות","אג""ח חברות שקלי וצמוד","אג""ח חברות ","אג""ח בארץ - חברות והמרה",7/30/2026 0:00,182979791.5,אנליסט,,TRUE,FALSE,0.0025,0,4574.494629,0.0025,4574.494629,0
5135983,"MTF מחקה (4A) אינדקס שבבים ארה""ב Top10 מנוטרלת מט""ח",Semiconductor,"מניות לפי ענפים בחו""ל - מנוטרלת מט""ח","מניות בחו""ל",7/30/2026 0:00,787370500.8,מגדל,,TRUE,FALSE,0.005,0,39368.52344,0.005,39368.52344,0
5135991,ילין לפידות (2B)י 30/70 ערך,,"אג""ח כללי בארץ - עד 30% מניות","אג""ח בארץ - כללי",7/30/2026 0:00,1070105766,ילין,,FALSE,FALSE,0.0059,0.0035,63136.24219,0.0024,25682.53906,0
5136015,ISP Asset Managementי (4B) מניות ישראל,מניות All Cap,מניות לפי שווי שוק,מניות בארץ,7/30/2026 0:00,90195581.83,איילון,"איי.אס.פי. אסט מנג'מנט בע""מ (ISP Asset Management)",FALSE,FALSE,0.012,0.0035,10823.4707,0.0085,7666.625488,0
5136023,תכלית TTF י(00) אינדקס A-AA לפדיון 2028 (מתגלגל כל 3 שנים),"אג""ח חברות שקלי וצמוד","אג""ח חברות ","אג""ח בארץ - חברות והמרה",7/30/2026 0:00,14665816.4,מיטב,,TRUE,FALSE,0.0015,0,219.9872437,0.0015,219.9872437,0
5136031,תכלית TTF י(00) אינדקס ישראל AA מאוזן 2-4,"אג""ח חברות שקלי וצמוד","אג""ח חברות ","אג""ח בארץ - חברות והמרה",7/30/2026 0:00,96715571.88,מיטב,,TRUE,FALSE,0.0015,0,1450.733521,0.0015,1450.733521,0
5136056,"קסם KTFי (4A)י S&P Health Care מנוטרלת מט""ח",Health Care,"מניות לפי ענפים בחו""ל - מנוטרלת מט""ח","מניות בחו""ל",7/30/2026 0:00,55674519.75,קסם,,TRUE,FALSE,0.0055,0,3062.098633,0.0055,3062.098633,0
5136064,קסם KTFי (4D)י NIKKEI 225,אסיה ופסיפיק- שווקים מפותחים,"מניות גיאוגרפי - חשופת מט""ח","מניות בחו""ל",7/30/2026 0:00,103777776.8,קסם,,TRUE,FALSE,0.0055,0,5707.777832,0.0055,5707.777832,0
5136080,פסטרנק שהם (2B)י 15/85,,"אג""ח כללי בארץ- עד 15% מניות","אג""ח בארץ - כללי",7/30/2026 0:00,69995590.92,איילון,פסטרנק,FALSE,FALSE,0.0075,0.0035,5249.668945,0.004,2799.82373,0
5136098,פסטרנק שהם (4B) מניות Mid Cap ישראל,מניות Large & Mid Cap ,מניות לפי שווי שוק,מניות בארץ,7/30/2026 0:00,227143909.7,איילון,פסטרנק,FALSE,FALSE,0.0155,0.0035,35207.30469,0.012,27257.26953,0
5136114,קסם KTF י(00) אינדקס Bullet ישראל 2026,"אג""ח חברות שקלי וצמוד","אג""ח חברות ","אג""ח בארץ - חברות והמרה",7/30/2026 0:00,180317563.7,קסם,,TRUE,FALSE,0.002,0,3606.351563,0.002,3606.351563,0
5136122,ב. אלטרנטיב (4D) גמישה,,,גמישות,7/30/2026 0:00,96021473.78,איילון,בסט אלטרנטיב,FALSE,FALSE,0.016799999,0.0035,16131.60742,0.0133,12770.85547,0
5136130,"קסם KTFי (4A) ת""א מעלה",אחר,מניות לפי שווי שוק,מניות בארץ,7/30/2026 0:00,75569109.93,קסם,,TRUE,FALSE,0.005,0,3778.455566,0.005,3778.455566,0
5136148,ילין לפידות מחקה (4D) אינדקס אנרגיה ירוקה גלובלי - מבוסס AI,Alternative / Renewable Energy,"מניות לפי ענפים בחו""ל - חשופת מט""ח","מניות בחו""ל",7/30/2026 0:00,23751601.15,ילין,,TRUE,FALSE,0.0077,0,1828.873291,0.0077,1828.873291,0
5136163,"מיטב (4B) נדל""ן - תשתיות",,מניות לפי ענפים,מניות בארץ,7/30/2026 0:00,53433851.68,מיטב,,FALSE,FALSE,0.0095,0.0035,5076.21582,0.006,3206.030762,0
5136171,"תכלית TTF י(4A)י אינדקס בנקים ארה""ב MEGA 20 מנוטרלת מט""ח",Banking,"מניות לפי ענפים בחו""ל - מנוטרלת מט""ח","מניות בחו""ל",7/30/2026 0:00,91467745.12,מיטב,,TRUE,FALSE,0.004,0,3658.709961,0.004,3658.709961,0
5136189,ילין לפידות (1B)(!)י 10/90,"אג""ח כללי בארץ- עד 10% מניות ועם סימן קריאה","אג""ח כללי בארץ - עד 10% מניות","אג""ח בארץ - כללי",7/30/2026 0:00,200875853.3,ילין,,FALSE,FALSE,0.0054,0.0035,10847.2959,0.0019,3816.641357,0
5136213,הראל מחקה (00) תל בונד-שקלי 1-3,בריבית קבועה - קצר,"אג""ח חברות שקלי","אג""ח בארץ - חברות והמרה",7/30/2026 0:00,147248274.6,הראל,,TRUE,FALSE,0,0,0,0,0,0
5136221,הראל מחקה (00) תל בונד-שקלי 3-5,בריבית קבועה - בינוני ,"אג""ח חברות שקלי","אג""ח בארץ - חברות והמרה",7/30/2026 0:00,85436080.19,הראל,,TRUE,FALSE,0,0,0,0,0,0
5136239,קבין (2B)י 20/80,,"אג""ח כללי בארץ - עד 20% מניות","אג""ח בארץ - כללי",7/30/2026 0:00,272016117.6,איילון,קבין,FALSE,FALSE,0.0084,0.0035,22849.35547,0.0049,13328.78906,0
5136247,"אי.בי.אי. מחקה (4A) ת""א צמיחה",Small Cap,מניות לפי שווי שוק,מניות בארץ,7/30/2026 0:00,7175957.81,אי.בי.אי,,TRUE,FALSE,0,0,0,0,0,0
5136254,בול מרקט (4D) השקעות,,,גמישות,7/30/2026 0:00,16172309.98,איילון,"בול מרקט (א.ד.מ) ניהול השקעות בע""מ",FALSE,FALSE,0.015,0.0035,2425.846436,0.011499999,1859.81543,0
5136262,אינווסטור 360 (4D) גמישה,,,גמישות,7/30/2026 0:00,386068418.8,איילון,"אינווסט 360 ניהול השקעות בע""מ",FALSE,FALSE,0.009,0.0035,34746.15625,0.0055,21233.76172,0
5136270,פיטנגו (1B)י 10/90,"אג""ח כללי בארץ- עד 10% מניות ללא סימן קריאה","אג""ח כללי בארץ - עד 10% מניות","אג""ח בארץ - כללי",7/30/2026 0:00,11376491.81,איילון,פיטנגו,FALSE,FALSE,0.0083,0.0035,944.2488403,0.0048,546.0715942,0
5136288,FOREST י(2B)י 30/70,,"אג""ח כללי בארץ - עד 30% מניות","אג""ח בארץ - כללי",7/30/2026 0:00,108392841.2,פורסט,,FALSE,FALSE,0.0095,0.0035,10297.31934,0.006,6503.569824,0
5136296,"איילון (00) אג""ח שקלי לפדיון עד 06/2030","אג""ח כללי בארץ ללא מניות וללא סימן קריאה, עם מגבלת מח""מ עד 5 שנים","אג""ח כללי בארץ - ללא מניות","אג""ח בארץ - כללי",7/30/2026 0:00,20734347.84,איילון,,FALSE,FALSE,0.006,0.0035,1244.060913,0.0025,518.3587036,0
5136304,דיאמונד (5E) אסטרטגיות השקעות כשרות,,אסטרטגיות (לא ממונפות) ,ממונפות ואסטרטגיות,7/30/2026 0:00,22686418.04,איילון,דיאמונד,FALSE,FALSE,0.017999999,0.0035,4083.554932,0.0145,3289.530518,0
5136312,MTF מחקה (00) אינדקס ממשלתי שקלי לפדיון - רבעון 4,‏ריבית קבועה  - קצר,"אג""ח מדינה שקליות ","אג""ח בארץ - מדינה",7/30/2026 0:00,35248776.88,מגדל,,TRUE,FALSE,0.001,0,352.487793,0.001,352.487793,0
5136338,מנ צמיחה,מניות All Cap,מניות לפי שווי שוק,מניות בארץ,7/30/2026 0:00,18620013.33,מגדל,,FALSE,FALSE,0.005,0.0035,931.0006714,0.0015,279.3001709,0
5136361,"פוקוס אג""ח (0B)(!)","אג""ח כללי בארץ ללא מניות עם סימן קריאה","אג""ח כללי בארץ - ללא מניות","אג""ח בארץ - כללי",7/30/2026 0:00,78731357.76,איילון,פוקוס,FALSE,FALSE,0.0079,0.0035,6219.777344,0.0044,3464.179688,0
5136379,הראל מחקה (00) תל בונד-צמודות 3-5,בריבית קבועה - בינוני ,"אג""ח חברות צמודות מדד","אג""ח בארץ - חברות והמרה",7/30/2026 0:00,238246334.9,הראל,,TRUE,FALSE,0.0012,0,2858.956055,0.0012,2858.956055,0
5136395,ילין לפידות מחקה (4D) אינדקס שבבים גלובלי - מבוסס AI,Semiconductor,"מניות לפי ענפים בחו""ל - חשופת מט""ח","מניות בחו""ל",7/30/2026 0:00,109174507.1,ילין,,TRUE,FALSE,0.0077,0,8406.436523,0.0077,8406.436523,0
5136429,דולפין (2B)י 20/80,,"אג""ח כללי בארץ - עד 20% מניות","אג""ח בארץ - כללי",7/30/2026 0:00,256880275,איילון,דולפין,FALSE,FALSE,0.0079,0.0035,20293.54102,0.0044,11302.73145,0
5136437,אילים (2B) אגד ישראלי עד 15% מניות,,אגד ישראלי,אגד קרנות,7/30/2026 0:00,289259383,אילים,,FALSE,FALSE,0,0.0035,0,-0.0035,-10124.0791,0
5136445,אילים (2C) אגד ישראלי עד 30% מניות,,אגד ישראלי,אגד קרנות,7/30/2026 0:00,306799857.3,אילים,,FALSE,FALSE,0,0.0035,0,-0.0035,-10737.99609,0
5136544,מיטב (00) כספית שקלית כשרה,כספית שקלית עם קונצרני,כספית שקלית,קרן כספית,7/30/2026 0:00,8792713413,מיטב,,FALSE,FALSE,0.0016,0.001,140683.4063,0.0006,52756.27344,1
5136551,"איילון (00) מדינה שקלי ואג""ח בנקים - עד 2.5 שנים",,"אג""ח מדינה שקליות- ללא מניות ","אג""ח בארץ - מדינה",7/30/2026 0:00,17861984.12,איילון,סלע,FALSE,FALSE,0.0043,0.002,768.0653076,0.0023,410.8256531,0
5136569,פורטה (3C) תיק השקעות עד 50%,,"אג""ח כללי בארץ - חשיפה מרבית מעל 30% מניות","אג""ח בארץ - כללי",7/30/2026 0:00,227665127.5,סיגמא,פורטה,FALSE,FALSE,0.0095,0.0035,21628.18555,0.006,13659.90625,0
5136593,"פורטה (1A) אג""ח מדינה + 10%",,"אג""ח מדינה כללי - עד 10% מניות","אג""ח בארץ - מדינה",7/30/2026 0:00,150469711.6,סיגמא,פורטה,FALSE,FALSE,0.0059,0.0035,8877.712891,0.0024,3611.273193,0
5136601,"אזימוט (4D) מניות חו""ל","מניות כללי בחו""ל חשופת מט""ח","מניות כללי בחו""ל","מניות בחו""ל",7/30/2026 0:00,19847706.63,איילון,אזימוטליין,FALSE,FALSE,0.02,0.0035,3969.541016,0.0165,3274.871582,0
5136619,"פלקון (0A) תיק אג""ח ללא מניות","אג""ח כללי בארץ ללא מניות וללא סימן קריאה ","אג""ח כללי בארץ - ללא מניות","אג""ח בארץ - כללי",7/30/2026 0:00,33974808.78,סיגמא,פלקון,FALSE,FALSE,0.0079,0.0035,2684.009766,0.0044,1494.891479,0
5136627,סיגמא (2B)י 20/80,,"אג""ח כללי בארץ - עד 20% מניות","אג""ח בארץ - כללי",7/30/2026 0:00,1178410287,סיגמא,,FALSE,FALSE,0.0069,0.0035,81310.30469,0.0034,40065.94531,0
5136635,"קסם אקטיב (4D) חלל והגנה ארה""ב",,"מניות לפי ענפים בחו""ל","מניות בחו""ל",7/30/2026 0:00,22492739.02,קסם,,FALSE,FALSE,0.015,0.0035,3373.910889,0.011499999,2586.664795,0
5136650,30מנאגד,,אגד ישראלי,אגד קרנות,7/30/2026 0:00,15891028.81,מגדל,,FALSE,FALSE,0,0.0035,0,-0.0035,-556.1860352,0
5136668,15מנאגד,,אגד ישראלי,אגד קרנות,7/30/2026 0:00,45342109.75,מגדל,,FALSE,FALSE,0,0.0035,0,-0.0035,-1586.973877,0
5136676,"ATF מחקה (2B) משולבת אינדקס מנגנון אג""ח (75%) מניות (25%) חודשי",,עד 30% מניות,"אג""ח בארץ משולבת",7/30/2026 0:00,17304941.78,אנליסט,,TRUE,FALSE,0.0029,0,501.8432922,0.0029,501.8432922,0
5136684,"דיאמונד (00) אג""ח שקלי לפדיון עד 06/2027","אג""ח כללי בארץ ללא מניות וללא סימן קריאה, עם מגבלת מח""מ עד 5 שנים","אג""ח כללי בארץ - ללא מניות","אג""ח בארץ - כללי",7/30/2026 0:00,70287979.67,איילון,דיאמונד,FALSE,FALSE,0.007,0.0035,4920.158691,0.0035,2460.079346,0
5136692,קסם KTFי (4D)י S&P Consumer Staples,Consumer Staples,"מניות לפי ענפים בחו""ל - חשופת מט""ח","מניות בחו""ל",7/30/2026 0:00,18485713.92,קסם,,TRUE,FALSE,0.0015,0,277.2857056,0.0015,277.2857056,0
5136700,"אלטשולר שחם (2A)י 30/70 מניות ת""א",,"אג""ח כללי בארץ - עד 30% מניות","אג""ח בארץ - כללי",7/30/2026 0:00,11486237.48,אלטשולר,,FALSE,FALSE,0.0049,0.0035,562.8256226,0.0014,160.807312,0
5136718,"אלטשולר שחם (2A)י 20/80 מניות ת""א",,"אג""ח כללי בארץ - עד 20% מניות","אג""ח בארץ - כללי",7/30/2026 0:00,377689588.5,אלטשולר,,FALSE,FALSE,0.0049,0.0035,18506.79102,0.0014,5287.654297,0
5136726,"אלטשולר שחם (1A)י 10/90 מניות ת""א","אג""ח כללי בארץ- עד 10% מניות ללא סימן קריאה","אג""ח כללי בארץ - עד 10% מניות","אג""ח בארץ - כללי",7/30/2026 0:00,10982543.16,אלטשולר,,FALSE,FALSE,0.0049,0.0035,538.1446533,0.0014,153.7556,0
5136734,אלטשולר שחם (4D)י MSCI World,"מניות גיאוגרפי אחר חשופת מט""ח",מניות גיאוגרפי,"מניות בחו""ל",7/30/2026 0:00,304737519.4,אלטשולר,,FALSE,FALSE,0.015,0.0035,45710.625,0.011499999,35044.80859,0
5136742,אלטשולר שחם (OD) כספית נקובת דולר,"נקובת מט""ח","כספית מט""חית עם קונצרני",קרן כספית,7/30/2026 0:00,528732130.5,אלטשולר,,FALSE,FALSE,0.0013,0.001,6873.517578,0.0003,1586.196167,1
5136759,"אלטשולר שחם (0B) אג""ח קונצרני מדורג",חברות והמרה ללא מניות וללא סימן קריאה,חברות והמרה ללא מניות,"אג""ח בארץ - חברות והמרה",7/30/2026 0:00,227861171.7,אלטשולר,,FALSE,FALSE,0.0079,0.0035,18001.03125,0.0044,10025.89063,0
5136767,עציוני (4D) גמישה,,,גמישות,7/30/2026 0:00,113014448.5,סיגמא,"עציוני ניהול תיקים בגישת ""ערך"" בע""מ",FALSE,FALSE,0.015,0.0035,16952.16602,0.011499999,12996.66016,0
5136775,"ATF מחקה (4A) אינדקס מניות ארה""ב Large Cap מומנטום ענפי מנוטרלת מט""ח",אמריקה- שווקים מפותחים,"מניות גיאוגרפי - מנוטרלת מט""ח","מניות בחו""ל",7/30/2026 0:00,120166218.9,אנליסט,,TRUE,FALSE,0.0065,0,7810.804199,0.0065,7810.804199,0
5136783,קסם אקטיב (4D) מניות בלוקצ'יין,,"מניות לפי ענפים בחו""ל","מניות בחו""ל",7/30/2026 0:00,27919604.14,קסם,"פאי קריפטו בע""מ ",FALSE,FALSE,0.0175,0.0035,4885.930664,0.014,3908.744629,0
5136791,"איילון (00) אג""ח שקלי לפדיון עד 06/2028","אג""ח כללי בארץ בדירוג גבוה בלבד (AA ומעלה ו/ או מדינה)","אג""ח כללי בארץ - ללא מניות","אג""ח בארץ - כללי",7/30/2026 0:00,35916883.32,איילון,,FALSE,FALSE,0.006,0.0035,2155.013184,0.0025,897.9220581,0
5136817,ברומטר (4D) גמישה,,,גמישות,7/30/2026 0:00,26537595.67,איילון,ברומטר,FALSE,FALSE,0.0148,0.0035,3927.564453,0.011299999,2998.748291,0
5136825,"MTF מחקה (00) אינדקס A-AAA שכבות מדורגות מח""מ","אג""ח חברות שקלי וצמוד","אג""ח חברות ","אג""ח בארץ - חברות והמרה",7/30/2026 0:00,37138521.67,מגדל,,TRUE,FALSE,0,0,0,0,0,0
5136833,"אי.בי.אי. מחקה (4A)י S&P 500 Equal Weight מנוטרלת מט""ח",אמריקה- שווקים מפותחים,"מניות גיאוגרפי - מנוטרלת מט""ח","מניות בחו""ל",7/30/2026 0:00,127163146.9,אי.בי.אי,,TRUE,FALSE,0,0,0,0,0,0
5136841,"אי.בי.אי. מחקה (4A) ת""א סקטור-באלאנס",Mid Cap & Large ,מניות לפי שווי שוק,מניות בארץ,7/30/2026 0:00,73047917.09,אי.בי.אי,,TRUE,FALSE,0.005,0,3652.395996,0.005,3652.395996,0
5136858,אי.בי.אי. מחקה (00) תל בונד-צמודות 1-3,בריבית קבועה - קצר,"אג""ח חברות צמודות מדד","אג""ח בארץ - חברות והמרה",7/30/2026 0:00,450952438.6,אי.בי.אי,,TRUE,FALSE,0.002,0,9019.049805,0.002,9019.049805,0
5136866,איילון (00) כספית ניהול הנזילות,כספית שקלית עם קונצרני,כספית שקלית,קרן כספית,7/30/2026 0:00,3936331032,איילון,מר רון סגרה,FALSE,FALSE,0.0018,0.001,70853.95313,0.0008,31490.64453,1
5136874,קסם אקטיב (00) כספית,כספית שקלית עם קונצרני,כספית שקלית,קרן כספית,7/30/2026 0:00,1538141562,קסם,,FALSE,FALSE,0.0024,0.001,36915.39844,0.0014,21533.98438,1
5136882,קסם KTFי(00)(!) אינדקס Bullet ישראל 2027,"אג""ח חברות שקלי וצמוד","אג""ח חברות ","אג""ח בארץ - חברות והמרה",7/30/2026 0:00,307698747.1,קסם,,TRUE,FALSE,0.002,0,6153.975586,0.002,6153.975586,0
5136890,כספית$ נק$,"נקובת מט""ח","כספית מט""חית עם קונצרני",קרן כספית,7/30/2026 0:00,961263551.6,מגדל,,FALSE,FALSE,0.0021,0.001,20186.53516,0.0011,10573.89844,1
5136916,תכלית TTF י(0A) תל בונד מאגר,"אג""ח חברות שקלי וצמוד","אג""ח חברות ","אג""ח בארץ - חברות והמרה",7/30/2026 0:00,419928448.7,מיטב,,TRUE,FALSE,0,0,0,0,0,0
5136924,איילון (0D) כספית דולרית,חשופת דולר,"כספית מט""חית עם קונצרני",קרן כספית,7/30/2026 0:00,218398104.6,איילון,,FALSE,FALSE,0.0015,0.001,3275.97168,0.0005,1091.990479,1
5136932,"MTF מחקה (4A) משולבת S&P 500י (70%) Nasdaq 100י (30%) חודשי מנוטרלת מט""ח",,"מניות בחו""ל קרן משולבת","מניות בחו""ל",7/30/2026 0:00,364538889.3,מגדל,,TRUE,FALSE,0.0025,0,9113.47168,0.0025,9113.47168,0
5136940,ילין לפידות מחקה (00) תל בונד 100 צמודות,בריבית קבועה ,"אג""ח חברות צמודות מדד","אג""ח בארץ - חברות והמרה",7/30/2026 0:00,166476353.3,ילין,,TRUE,FALSE,0.0025,0,4161.908691,0.0025,4161.908691,0
5136957,ילין לפידות מחקה (00) תל בונד שקלי 100,בריבית קבועה,"אג""ח חברות שקלי","אג""ח בארץ - חברות והמרה",7/30/2026 0:00,100621046.7,ילין,,TRUE,FALSE,0.0025,0,2515.526123,0.0025,2515.526123,0
5136965,תכלית TTF י(00) תל בונד 60 צמודות,בריבית קבועה ,"אג""ח חברות צמודות מדד","אג""ח בארץ - חברות והמרה",7/30/2026 0:00,790167473.6,מיטב,,TRUE,FALSE,0,0,0,0,0,0
5136981,ילין לפידות מחקה (4D) אינדקס תשתיות חיוניות גלובלי - מבוסס AI,Utilities,"מניות לפי ענפים בחו""ל - חשופת מט""ח","מניות בחו""ל",7/30/2026 0:00,12769249.04,ילין,,TRUE,FALSE,0.0077,0,983.2321167,0.0077,983.2321167,0
5136999,תכלית TTF י(0D)י S&P 500 Bond Mega 30 Investment Grade 3-5 Year,,"חברות והמרה חשופת מט""ח - בינוני","אג""ח בחו""ל",7/30/2026 0:00,266966217.1,מיטב,,TRUE,FALSE,0.0015,0,4004.493408,0.0015,4004.493408,0
5137013,MTF מחקה (4A) תל-דיב, All Cap,מניות לפי שווי שוק,מניות בארץ,7/30/2026 0:00,30107013.48,מגדל,,TRUE,FALSE,0.006,0,1806.420898,0.006,1806.420898,0
5137021,הראל מחקה (0D)י iBoxx $ Corps Liquid 3-7 Years,,"חברות והמרה חשופת מט""ח - בינוני","אג""ח בחו""ל",7/30/2026 0:00,112343484.5,הראל,,TRUE,FALSE,0.002,0,2246.869873,0.002,2246.869873,0
5137039,הראל מחקה (4D)י MSCI INDIA,אסיה ופסיפיק- שווקים מתעוררים,"מניות גיאוגרפי - חשופת מט""ח","מניות בחו""ל",7/30/2026 0:00,33891920.31,הראל,,TRUE,FALSE,0.0085,0,2880.813477,0.0085,2880.813477,0
5137047,"MTF מחקה (4A) משולבת ת""א 125 (70%) ת""א 90 (30%) חודשי",,מניות בארץ קרן משולבת,מניות בארץ,7/30/2026 0:00,108981072.1,מגדל,,TRUE,FALSE,0,0,0,0,0,0
5137054,MTF מחקה (00) משולבת תל בונד שקלי 50 (70%) תל בונד שקלי (30%) חודשי,משולבת,"אג""ח חברות ","אג""ח בארץ - חברות והמרה",7/30/2026 0:00,16489186.25,מגדל,,TRUE,FALSE,0,0,0,0,0,0
5137070,אנליסט (0A) סולידית,"אג""ח כללי בארץ בדירוג גבוה בלבד (AA ומעלה ו/ או מדינה)","אג""ח כללי בארץ - ללא מניות","אג""ח בארץ - כללי",7/30/2026 0:00,6159412.82,אנליסט,,FALSE,FALSE,0.0048,0.0035,295.651825,0.0013,80.07237244,0
5137088,הראל מחקה (4D)י Hang Seng,אסיה ופסיפיק- שווקים מתעוררים,"מניות גיאוגרפי - חשופת מט""ח","מניות בחו""ל",7/30/2026 0:00,6575590.25,הראל,,TRUE,FALSE,0.005,0,328.77948,0.005,328.77948,0
5137112,"MTF מחקה (Indxx US Healthcare Top 10 (4A מנוטרלת מט""ח",Health Care,"מניות לפי ענפים בחו""ל - מנוטרלת מט""ח","מניות בחו""ל",7/30/2026 0:00,17313317.22,מגדל,,TRUE,FALSE,0.005,0,865.6658936,0.005,865.6658936,0
5137120,A-AAA 2028,,חברות והמרה שקלי ללא מניות,"אג""ח בארץ - חברות והמרה",7/30/2026 0:00,49151966.85,מגדל,,FALSE,FALSE,0.0055,0.0035,2703.358154,0.002,983.0393066,0
5137146,"פורטה (4D) מניות חו""ל","מניות כללי בחו""ל חשופת מט""ח","מניות כללי בחו""ל","מניות בחו""ל",7/30/2026 0:00,158537035.9,סיגמא,פורטה,FALSE,FALSE,0.017000001,0.0035,26951.29883,0.013500001,21402.50195,0
5137153,"מור (00) אג""ח לפדיון עד 12/27","אג""ח כללי בארץ ללא מניות וללא סימן קריאה, עם מגבלת מח""מ עד 5 שנים","אג""ח כללי בארץ - ללא מניות","אג""ח בארץ - כללי",7/30/2026 0:00,19652855.37,מור,,FALSE,FALSE,0.0065,0.0035,1277.435669,0.003,589.5856934,0
5137161,קסם אקטיב (0F) שורט דולר פי 2,,ממונפות בסיכון גבוה,ממונפות ואסטרטגיות,7/30/2026 0:00,3606570.07,קסם,,FALSE,FALSE,0.01,0.0035,360.6569824,0.0065,234.4270477,0
5137179,אי.בי.אי. מחקה (4D)י Shiller Barclays CAPE® US Core Mid-Month Sector-נקובה $,אמריקה- שווקים מפותחים,"מניות גיאוגרפי - חשופת מט""ח","מניות בחו""ל",7/30/2026 0:00,132455791.1,אי.בי.אי,,TRUE,FALSE,0.0079,0,10464.00684,0.0079,10464.00684,0
5137187,"אי.בי.אי מחקה (4A) משולבת מניות ארה""ב Large Cap מנוטרלת מט""ח חודשי",,"מניות בחו""ל קרן משולבת","מניות בחו""ל",7/30/2026 0:00,64399668.62,אי.בי.אי,,TRUE,FALSE,0.005,0,3219.983398,0.005,3219.983398,0
5137195,הראל מחקה (00) תל בונד שקלי-50,בריבית קבועה,"אג""ח חברות שקלי","אג""ח בארץ - חברות והמרה",7/30/2026 0:00,784013596.3,הראל,,TRUE,FALSE,0.0007,0,5488.094727,0.0007,5488.094727,0
5137203,הראל מחקה (4A)יSTOXX Europe 600 מנוטרלת אירו,אירופה- כללי,"מניות גיאוגרפי - מנוטרלת מט""ח","מניות בחו""ל",7/30/2026 0:00,221731299.2,הראל,,TRUE,FALSE,0,0,0,0,0,0
5137211,"פורצ'ן (0B) תיק אג""ח","אג""ח כללי בארץ ללא מניות וללא סימן קריאה ","אג""ח כללי בארץ - ללא מניות","אג""ח בארץ - כללי",7/30/2026 0:00,58969255.85,איילון,פורצן,FALSE,FALSE,0.0079,0.0035,4658.571289,0.0044,2594.646973,0
5137229,"תכלית TTF י(00) אינדקס מדינה מאוזן - מח""מ 4 קבוע",,"אג""ח מדינה שקלי וצמוד","אג""ח בארץ - מדינה",7/30/2026 0:00,36201238.89,מיטב,,TRUE,FALSE,0.0015,0,543.0186157,0.0015,543.0186157,0
5137237,אי.בי.אי. מחקה (4A) אינדקס מניות דיבידנד ישראל מחלקת,Mid Cap & Large ,מניות לפי שווי שוק,מניות בארץ,7/30/2026 0:00,73736672.41,אי.בי.אי,,TRUE,FALSE,0.005,0,3686.833496,0.005,3686.833496,0
5137245,"הורייזן (0D) אג""ח חו""ל מדורג - נקובת דולר",,"אג""ח נקובת מט""ח","אג""ח בחו""ל ",7/30/2026 0:00,36355186.24,איילון,הורייזן,FALSE,FALSE,0.0089,0.0035,3235.611816,0.0054,1963.180054,0
5137252,"הורייזן (0D)(!) אג""ח דולר בינלאומי",,"אג""ח חשופת דולר","אג""ח בחו""ל ",7/30/2026 0:00,35868242.72,איילון,הורייזן,FALSE,FALSE,0.0098,0.0035,3515.088135,0.0063,2259.699463,0
5137278,קסם אקטיב (0D) כספית אירו,חשופת יורו,"כספית מט""חית עם קונצרני",קרן כספית,7/30/2026 0:00,25791000.3,קסם,,FALSE,FALSE,0.0014,0.001,361.0739746,0.0004,103.1639786,1
5137286,"איילון (00) אג""ח צמוד לפדיון עד 12/2028","אג""ח כללי בארץ בדירוג גבוה בלבד (AA ומעלה ו/ או מדינה)","אג""ח כללי בארץ - ללא מניות","אג""ח בארץ - כללי",7/30/2026 0:00,295471581,איילון,,FALSE,FALSE,0.006,0.0035,17728.29492,0.0025,7386.789551,0
5137294,"ילין לפידות מחקה (4A) ת""א 125 משקל שווה",Mid Cap & Large ,מניות לפי שווי שוק,מניות בארץ,7/30/2026 0:00,96592240.66,ילין,,TRUE,FALSE,0.001,0,965.9224854,0.001,965.9224854,0
5137302,"ילין לפידות מחקה (4A) ת""א בנקים",בנקאות ואשראי חוץ בנקאי,מניות לפי ענפים,מניות בארץ,7/30/2026 0:00,628971451.7,ילין,,TRUE,FALSE,0.0049,0,30819.60352,0.0049,30819.60352,0
5137310,הראל (0D) כספית יורו,חשופת יורו,"כספית מט""חית עם קונצרני",קרן כספית,7/30/2026 0:00,106700719.1,הראל,,FALSE,FALSE,0.0014,0.001,1493.810059,0.0004,426.8027954,1
5137328,תכלית TTF י(00) אינדקס AA-AAA י0-3 - פקטור מינוף פיננסי נמוך,"אג""ח חברות שקלי וצמוד","אג""ח חברות ","אג""ח בארץ - חברות והמרה",7/30/2026 0:00,62574146.49,מיטב,,TRUE,FALSE,0.0015,0,938.6122437,0.0015,938.6122437,0
5137336,"ATF מחקה (4D) אינדקס מניות ארה""ב Large Cap מומנטום ענפי",אמריקה- שווקים מפותחים,"מניות גיאוגרפי - חשופת מט""ח","מניות בחו""ל",7/30/2026 0:00,44362203.91,אנליסט,,TRUE,FALSE,0.0065,0,2883.543213,0.0065,2883.543213,0
5137344,"איילון (00) אג""ח בנקים וביטוח",חברות והמרה ללא מניות וללא סימן קריאה,חברות והמרה ללא מניות,"אג""ח בארץ - חברות והמרה",7/30/2026 0:00,171334161.9,איילון,,FALSE,FALSE,0.006,0.0035,10280.0498,0.0025,4283.354004,0
5137401,ילין לפידות מחקה (00) תל בונד תשואות צמודות פיזור רחב,בריבית קבועה ,"אג""ח חברות צמודות מדד","אג""ח בארץ - חברות והמרה",7/30/2026 0:00,177632546.6,ילין,,TRUE,FALSE,0.0025,0,4440.813477,0.0025,4440.813477,0
5137435,הראל מחקה (4D) אינדקס Top10 Tech,Technology,"מניות לפי ענפים בחו""ל - חשופת מט""ח","מניות בחו""ל",7/30/2026 0:00,40844342.42,הראל,,TRUE,FALSE,0.005,0,2042.217163,0.005,2042.217163,0
5137443,גביש (2B)י 30/70,,"אג""ח כללי בארץ - עד 30% מניות","אג""ח בארץ - כללי",7/30/2026 0:00,29545272.11,סיגמא,"גביש פיננסים ניהול תיקי השקעות בע""מ ",FALSE,FALSE,0.0079,0.0035,2334.076416,0.0044,1299.991821,0
5137450,"פינסה (0B)(!) אג""ח חברות",חברות והמרה ללא מניות עם סימן קריאה,חברות והמרה ללא מניות,"אג""ח בארץ - חברות והמרה",7/30/2026 0:00,389935531.5,סיגמא,"פינסה מגיטס ניהול נכסים בע""מ ",FALSE,FALSE,0.0085,0.0035,33144.52344,0.005,19496.77734,0
5137468,פינסה (4D)י Global Equity,"מניות כללי בחו""ל חשופת מט""ח","מניות כללי בחו""ל","מניות בחו""ל",7/30/2026 0:00,42766752.24,סיגמא,"פינסה מגיטס ניהול נכסים בע""מ ",FALSE,FALSE,0.014,0.0035,5987.345215,0.010500001,4490.509277,0
5137476,"פסטרנק שהם (0B)(!) אג""ח ללא מניות","אג""ח כללי בארץ ללא מניות עם סימן קריאה","אג""ח כללי בארץ - ללא מניות","אג""ח בארץ - כללי",7/30/2026 0:00,440316525.4,איילון,פסטרנק,FALSE,FALSE,0.01,0.0035,44031.64844,0.0065,28620.57422,0
5137484,ילין לפידות מחקה (00) quabify אג״ח לפדיון 2027 צמוד,בריבית קבועה ,"אג""ח חברות צמודות מדד","אג""ח בארץ - חברות והמרה",7/30/2026 0:00,259338807.6,ילין,,TRUE,FALSE,0.0024,0,6224.131348,0.0024,6224.131348,0
5137492,ילין לפידות מחקה (00) quabify אג״ח לפדיון 2026 צמוד,בריבית קבועה ,"אג""ח חברות צמודות מדד","אג""ח בארץ - חברות והמרה",7/30/2026 0:00,103688467.5,ילין,,TRUE,FALSE,0.0024,0,2488.523193,0.0024,2488.523193,0
5137500,ילין לפידות מחקה (00) quabify אג״ח לפדיון 2027 שקלי,בריבית קבועה,"אג""ח חברות שקלי","אג""ח בארץ - חברות והמרה",7/30/2026 0:00,94684312.61,ילין,,TRUE,FALSE,0.0024,0,2272.423584,0.0024,2272.423584,0
5137518,ילין לפידות מחקה (00) quabify אג״ח לפדיון 2026 שקלי,בריבית קבועה,"אג""ח חברות שקלי","אג""ח בארץ - חברות והמרה",7/30/2026 0:00,32625102.44,ילין,,TRUE,FALSE,0.0024,0,783.0025024,0.0024,783.0025024,0
5137526,"אי.בי.אי. מחקה (00) אינדקס אג""ח קופון גבוה מחלקת","אג""ח חברות שקלי וצמוד","אג""ח חברות ","אג""ח בארץ - חברות והמרה",7/30/2026 0:00,18380764.84,אי.בי.אי,,TRUE,FALSE,0.002,0,367.6152954,0.002,367.6152954,0
5137534,"אילים (4D) מניות AI בינה מלאכותית חו""ל",,"מניות לפי ענפים בחו""ל","מניות בחו""ל",7/30/2026 0:00,456696419.1,אילים,,FALSE,FALSE,0.0089,0.0035,40645.98047,0.0054,24661.60547,0
5137542,אי.בי.אי. מחקה (00) אינדקס A-AAA שקלי 1-4,בריבית קבועה,"אג""ח חברות שקלי","אג""ח בארץ - חברות והמרה",7/30/2026 0:00,92442409.65,אי.בי.אי,,TRUE,FALSE,0.0025,0,2311.060059,0.0025,2311.060059,0
5137559,כספית מחלקת,כספית שקלית עם קונצרני,כספית שקלית,קרן כספית,7/30/2026 0:00,213266919.2,מגדל,,FALSE,FALSE,0.0016,0.001,3412.270508,0.0006,1279.601318,1
5137567,"קסם KTFי(4A)י Indxx US Banks Top 10 מנוטרלת מט""ח",Banking,"מניות לפי ענפים בחו""ל - מנוטרלת מט""ח","מניות בחו""ל",7/30/2026 0:00,21594453.23,קסם,,TRUE,FALSE,0.0035,0,755.8059082,0.0035,755.8059082,0
5137575,קסם KTF י(0D) אינדקס Bullet דולר 2026 - גלובלי,,"חברות והמרה חשופת מט""ח","אג""ח בחו""ל",7/30/2026 0:00,5754125.69,קסם,,TRUE,FALSE,0.0045,0,258.9356384,0.0045,258.9356384,0
5137625,"איילון זבולון (4D) מניות חו""ל","מניות כללי בחו""ל חשופת מט""ח","מניות כללי בחו""ל","מניות בחו""ל",7/30/2026 0:00,207299234.5,איילון,זבולון שרותי מחקר בע״מ ,FALSE,FALSE,0.0175,0.0035,36277.36328,0.014,29021.89258,0
5137633,"איילון זבולון (0D)(!) אג""ח חו""ל HY",,"אג""ח חשופת מט""ח","אג""ח בחו""ל ",7/30/2026 0:00,449311215.9,איילון,זבולון שרותי מחקר בע״מ. ,FALSE,FALSE,0.01,0.0035,44931.11719,0.0065,29205.22852,0
5137641,ילין לפידות (00) כספית,כספית שקלית עם קונצרני,כספית שקלית,קרן כספית,7/30/2026 0:00,5179200931,ילין,,FALSE,FALSE,0.0022,0.001,113942.4219,0.0012,62150.41016,1
5137666,תכלית TTF י(4D)י משולבת S&P 500י (70%) Nasdaq 100י (30%) חודשי,,"מניות בחו""ל קרן משולבת","מניות בחו""ל",7/30/2026 0:00,47760128.66,מיטב,,TRUE,FALSE,0,0,0,0,0,0
5137682,מור (2B) עוקבת תיק 3 הבנק הבינלאומי,,"אג""ח כללי בארץ - עד 30% מניות","אג""ח בארץ - כללי",7/30/2026 0:00,197167036.2,מור,,FALSE,FALSE,0.0066,0.0035,13013.02441,0.0031,6112.178223,0
5137690,מיטב (00) כספית שקלית ללא קונצרני,כספית שקלית ללא קונצרני,כספית שקלית,קרן כספית,7/30/2026 0:00,2987842137,מיטב,,FALSE,FALSE,0.0014,0.001,41829.78516,0.0004,11951.36523,1
5137708,"דולפין (0B) אג""ח ללא מניות","אג""ח כללי בארץ ללא מניות וללא סימן קריאה ","אג""ח כללי בארץ - ללא מניות","אג""ח בארץ - כללי",7/30/2026 0:00,10044926.25,איילון,דולפין,FALSE,FALSE,0.0072,0.0035,723.2346191,0.0037,371.6622314,0
5137716,MTF מחקה (0D)י S&P 500 Bond Mega 30 Investment Grade 5-7 Year נקובה דולר,,"חברות והמרה חשופת מט""ח - ארוך ","אג""ח בחו""ל",7/30/2026 0:00,83066704.37,מגדל,,TRUE,FALSE,0.0025,0,2076.66748,0.0025,2076.66748,0
5137724,"קסם KTF י(0A)י S&P U.S. Treasury Bond 7-10 Year מנוטרלת מט""ח",,"ממשלתיות מנוטרלת מט""ח - ארוך","אג""ח בחו""ל",7/30/2026 0:00,161403606.3,קסם,,TRUE,FALSE,0.0015,0,2421.054199,0.0015,2421.054199,0
5137732,אי.בי.אי. (00) כספית ניהול נזילות,כספית שקלית עם קונצרני,כספית שקלית,קרן כספית,7/30/2026 0:00,6035469187,אי.בי.אי,,FALSE,FALSE,0.00169,0.001,101999.4297,0.00069,41644.73047,1
5137740,קסם אקטיב (00) כספית שקלית,כספית שקלית עם קונצרני,כספית שקלית,קרן כספית,7/30/2026 0:00,8801574990,קסם,,FALSE,FALSE,0.0019,0.001,167229.9375,0.0009,79214.17188,1
5137757,עציוני (4B) מניות ישראל,מניות All Cap,מניות לפי שווי שוק,מניות בארץ,7/30/2026 0:00,246512825.9,סיגמא,"עציוני ניהול תיקים בגישת ""ערך"" בע""מ",FALSE,FALSE,0.015,0.0035,36976.92188,0.011499999,28348.97266,0
5137765,פסטרנק שהם (1B)י 10/90,"אג""ח כללי בארץ- עד 10% מניות ללא סימן קריאה","אג""ח כללי בארץ - עד 10% מניות","אג""ח בארץ - כללי",7/30/2026 0:00,93400879.25,איילון,פסטרנק,FALSE,FALSE,0.0059,0.0035,5510.651855,0.0024,2241.621094,0
5137773,"MTF מחקה (0A) אינדקס אג""ח ממשלת ארה""ב - מח""מ 10 קבוע מנוטרלת מט""ח",,"ממשלתיות מנוטרלת מט""ח - ארוך","אג""ח בחו""ל",7/30/2026 0:00,340305576.6,מגדל,,TRUE,FALSE,0.001,0,3403.055908,0.001,3403.055908,0
5137781,תכלית TTF י(0D)י S&P 500 Bond Mega 30 Investment Grade 5-7 Year,,"חברות והמרה חשופת מט""ח - ארוך ","אג""ח בחו""ל",7/30/2026 0:00,34381709.55,מיטב,,TRUE,FALSE,0.0025,0,859.5426636,0.0025,859.5426636,0
5137799,"מיטב (0B) אג""ח קונצרני A ומעלה",חברות והמרה ללא מניות וללא סימן קריאה,חברות והמרה ללא מניות,"אג""ח בארץ - חברות והמרה",7/30/2026 0:00,268243993.7,מיטב,,FALSE,FALSE,0.0059,0.0035,15826.39648,0.0024,6437.856445,0
5137807,הראל מחקה (4D)י S&P 500 Equal Weight,אמריקה- שווקים מפותחים,"מניות גיאוגרפי - חשופת מט""ח","מניות בחו""ל",7/30/2026 0:00,175777497.8,הראל,,TRUE,FALSE,0.0015,0,2636.662598,0.0015,2636.662598,0
5137815,הראל (00) כספית שקלית כשרה,כספית שקלית עם קונצרני,כספית שקלית,קרן כספית,7/30/2026 0:00,2683699067,הראל,,FALSE,FALSE,0.0014,0.001,37571.78516,0.0004,10734.79297,1
5137823,סלע (4D) אגד חוץ מנייתי - נקוב $,,אגד חוץ,אגד קרנות,7/30/2026 0:00,20117795.83,איילון,סלע,FALSE,FALSE,0.0135,0.0035,2715.902588,0.01,2011.779541,0
5137831,"איילון (00) אג""ח קונצרני מדורג A ומעלה",חברות והמרה ללא מניות וללא סימן קריאה,חברות והמרה ללא מניות,"אג""ח בארץ - חברות והמרה",7/30/2026 0:00,198854781.7,איילון,אופיר בוכניק,FALSE,FALSE,0.0059,0.0035,11732.43262,0.0024,4772.515137,0
5137849,"מור (1B)(!) אג""ח דירוג פנימי תשואה גבוהה",,חברות והמרה בסיכון גבוה,"אג""ח בארץ - חברות והמרה",7/30/2026 0:00,280209212.7,מור,,FALSE,FALSE,0.014,0.0035,39229.29297,0.010500001,29421.96875,0
5137872,מיטב (1B)י 10/90 מודל ESG,"אג""ח כללי בארץ- עד 10% מניות ללא סימן קריאה","אג""ח כללי בארץ - עד 10% מניות","אג""ח בארץ - כללי",7/30/2026 0:00,375212880.4,מיטב,,FALSE,FALSE,0.0059,0.0035,22137.5625,0.0024,9005.109375,0
5137880,מיטב (2B)י 20/80 מודל ESG,,"אג""ח כללי בארץ - עד 20% מניות","אג""ח בארץ - כללי",7/30/2026 0:00,207739876.8,מיטב,,FALSE,FALSE,0.0065,0.0035,13503.0918,0.003,6232.196289,0
5137898,מיטב (2B)י 30/70 מודל ESG,,"אג""ח כללי בארץ - עד 30% מניות","אג""ח בארץ - כללי",7/30/2026 0:00,57756968.7,מיטב,,FALSE,FALSE,0.0065,0.0035,3754.202881,0.003,1732.709106,0
5137906,אי.בי.אי. (0D) כספית דולרית – נקובה $,"נקובת מט""ח","כספית מט""חית עם קונצרני",קרן כספית,7/30/2026 0:00,1013262645,אי.בי.אי,,FALSE,FALSE,0.0025,0.001,25331.56641,0.0015,15198.93848,1
5137914,ברק (2B) תיק 20/80,,"אג""ח כללי בארץ - עד 20% מניות","אג""ח בארץ - כללי",7/30/2026 0:00,4039622.83,ברק,,FALSE,FALSE,0.0075,0.0035,302.9716797,0.004,161.5848999,0
5137922,ברק (1B) תיק 10/90,"אג""ח כללי בארץ- עד 10% מניות ללא סימן קריאה","אג""ח כללי בארץ - עד 10% מניות","אג""ח בארץ - כללי",7/30/2026 0:00,4815375.35,ברק,,FALSE,FALSE,0.0075,0.0035,361.1531372,0.004,192.6150208,0
5137948,הראל מחקה (4A) אינדקס אנרגיה ישראלית,"נפט, גז ואנרגיה",מניות לפי ענפים,מניות בארץ,7/30/2026 0:00,238524240.1,הראל,,TRUE,FALSE,0.004,0,9540.970703,0.004,9540.970703,0
5137955,קסם KTFי(4D)י Cboe S&P 500 15% Buffer MAR IC - מובנה שנתי,אמריקה- שווקים מפותחים,"מניות גיאוגרפי - חשופת מט""ח","מניות בחו""ל",7/30/2026 0:00,7554468.809,קסם,,TRUE,FALSE,0.009,0,679.9021606,0.009,679.9021606,0
5137963,"אי.בי.אי. מחקה (00) אינדקס אג""ח במרווח גבוה-מח""מ 0-2","אג""ח חברות שקלי וצמוד","אג""ח חברות ","אג""ח בארץ - חברות והמרה",7/30/2026 0:00,243046326.5,אי.בי.אי,,TRUE,FALSE,0.0035,0,8506.621094,0.0035,8506.621094,0
5137989,אי.בי.אי. מחקה (00) אינדקס A-AAA צמוד 1-4,בריבית קבועה ,"אג""ח חברות צמודות מדד","אג""ח בארץ - חברות והמרה",7/30/2026 0:00,120744885.8,אי.בי.אי,,TRUE,FALSE,0.0025,0,3018.62207,0.0025,3018.62207,0
5137997,ATF מחקה (00) אינדקס שקלים ארוכים עד 20% מדינה,בריבית קבועה - ארוך,"אג""ח חברות שקלי","אג""ח בארץ - חברות והמרה",7/30/2026 0:00,416535553.6,אנליסט,,TRUE,FALSE,0.002,0,8330.711914,0.002,8330.711914,0
5138003,מור (0D) כספית דולרית,חשופת דולר,"כספית מט""חית עם קונצרני",קרן כספית,7/30/2026 0:00,70198886.8,מור,,FALSE,FALSE,0.0025,0.001,1754.972168,0.0015,1052.983276,1
5138011,"קסם KTF י(4A)י 50 S&P 500 TOP מנוטרלת מט""ח",אמריקה- שווקים מפותחים,"מניות גיאוגרפי - מנוטרלת מט""ח","מניות בחו""ל",7/30/2026 0:00,147169395,קסם,,TRUE,FALSE,0.005,0,7358.469238,0.005,7358.469238,0
5138029,אלטשולר שחם מחקה (4D)י A.B SmartBeta USA MultiFactor,אמריקה- שווקים מפותחים,"מניות גיאוגרפי - חשופת מט""ח","מניות בחו""ל",7/30/2026 0:00,1334847.91,אלטשולר,,TRUE,FALSE,0.008,0,106.7878342,0.008,106.7878342,0
5138037,"אלטשולר שחם (4A)י S&P 500 – מנוטרלת מט""ח","מניות גיאוגרפי מוגנת מט""ח",מניות גיאוגרפי,"מניות בחו""ל",7/30/2026 0:00,58550023.82,אלטשולר,,FALSE,FALSE,0.0145,0.0035,8489.75293,0.011,6440.50293,0
5138045,ילין לפידות מחקה (00) quabify אג״ח לפדיון 2028 צמוד,בריבית קבועה ,"אג""ח חברות צמודות מדד","אג""ח בארץ - חברות והמרה",7/30/2026 0:00,182712832.6,ילין,,TRUE,FALSE,0.0024,0,4385.10791,0.0024,4385.10791,0
5138052,ילין לפידות מחקה (00) quabify אג״ח לפדיון 2029 צמוד,בריבית קבועה ,"אג""ח חברות צמודות מדד","אג""ח בארץ - חברות והמרה",7/30/2026 0:00,177389000.7,ילין,,TRUE,FALSE,0.0024,0,4257.336426,0.0024,4257.336426,0
5138060,ילין לפידות מחקה (00) quabify אג״ח לפדיון 2028 שקלי,בריבית קבועה,"אג""ח חברות שקלי","אג""ח בארץ - חברות והמרה",7/30/2026 0:00,85705479.14,ילין,,TRUE,FALSE,0.0024,0,2056.931641,0.0024,2056.931641,0
5138078,ילין לפידות מחקה (00) quabify אג״ח לפדיון 2029 שקלי,בריבית קבועה,"אג""ח חברות שקלי","אג""ח בארץ - חברות והמרה",7/30/2026 0:00,163944994.5,ילין,,TRUE,FALSE,0.0024,0,3934.679932,0.0024,3934.679932,0
5138086,תכלית TTF י(00) אינדקס CoCo ישראל-10,בריבית קבועה ,"אג""ח חברות צמודות מדד","אג""ח בארץ - חברות והמרה",7/30/2026 0:00,35666926.63,מיטב,,TRUE,FALSE,0.001,0,356.6693115,0.001,356.6693115,0
5138094,כספית כשרה,כספית שקלית עם קונצרני,כספית שקלית,קרן כספית,7/30/2026 0:00,5599460220,מגדל,,FALSE,FALSE,0.00149,0.001,83431.96094,0.00049,27437.35547,1
5138102,קסם KTFי(00)(!) אינדקס Bullet ישראל 2028,"אג""ח חברות שקלי וצמוד","אג""ח חברות ","אג""ח בארץ - חברות והמרה",7/30/2026 0:00,135086334.1,קסם,,TRUE,FALSE,0.0025,0,3377.158203,0.0025,3377.158203,0
5138110,קסם KTFי(00)(!) אינדקס Bullet ישראל 2029,"אג""ח חברות שקלי וצמוד","אג""ח חברות ","אג""ח בארץ - חברות והמרה",7/30/2026 0:00,118162568.1,קסם,,TRUE,FALSE,0.0025,0,2954.064209,0.0025,2954.064209,0
5138128,קסם KTFי(00)(!) אינדקס Bullet ישראל 2030,"אג""ח חברות שקלי וצמוד","אג""ח חברות ","אג""ח בארץ - חברות והמרה",7/30/2026 0:00,111380266.2,קסם,,TRUE,FALSE,0.0025,0,2784.506592,0.0025,2784.506592,0
5138151,MTF מחקה (S&P 500 Top 50 (4D,אמריקה- שווקים מפותחים,"מניות גיאוגרפי - חשופת מט""ח","מניות בחו""ל",7/30/2026 0:00,56886812.14,מגדל,,TRUE,FALSE,0.0015,0,853.3021851,0.0015,853.3021851,0
5138169,אי.בי.אי. מחקה (00) אינדקס A-AAA שקלי 3-6,בריבית קבועה - בינוני ,"אג""ח חברות שקלי","אג""ח בארץ - חברות והמרה",7/30/2026 0:00,134109398.8,אי.בי.אי,,TRUE,FALSE,0,0,0,0,0,0
5138201,"MTF מחקה (Russell 2000 (4A מנוטרלת מט""ח",אמריקה- שווקים מפותחים,"מניות גיאוגרפי - מנוטרלת מט""ח","מניות בחו""ל",7/30/2026 0:00,171750088.7,מגדל,,TRUE,FALSE,0.0025,0,4293.752441,0.0025,4293.752441,0
5138219,"פרופאונד (0B)(!) תיק אג""ח ללא מניות","אג""ח כללי בארץ ללא מניות עם סימן קריאה","אג""ח כללי בארץ - ללא מניות","אג""ח בארץ - כללי",7/30/2026 0:00,45367751.36,איילון,"פרופאונד ניהול הון (סי. אם) בע""מ",FALSE,FALSE,0.0069,0.0035,3130.375,0.0034,1542.503418,0
5138227,קסם KTF י(00) אינדקס AA ומעלה 3+,"אג""ח חברות שקלי וצמוד","אג""ח חברות ","אג""ח בארץ - חברות והמרה",7/30/2026 0:00,50747984.98,קסם,,TRUE,FALSE,0.0025,0,1268.699585,0.0025,1268.699585,0
5138235,,,,,7/30/2026 0:00,2213913.77,,,,,,,,,,0
5138243,"סיגמא (0B) אג""ח ללא מניות","אג""ח כללי בארץ ללא מניות וללא סימן קריאה ","אג""ח כללי בארץ - ללא מניות","אג""ח בארץ - כללי",7/30/2026 0:00,41813904.17,סיגמא,,FALSE,FALSE,0.0069,0.0035,2885.159424,0.0034,1421.672607,0
5138250,"קסם KTFי (0A)י iBoxx US Liquid Investment Grade Top 30 מנוטרלת מט""ח",,"חברות והמרה  מנוטרלת מט""ח  ","אג""ח בחו""ל",7/30/2026 0:00,173648530.7,קסם,,TRUE,FALSE,0.0015,0,2604.728027,0.0015,2604.728027,0
5138268,קסם KTFי (4A) אינדקס בינוי והנדסת תשתיות,שילוב ענפים,מניות לפי ענפים,מניות בארץ,7/30/2026 0:00,215134622.2,קסם,,TRUE,FALSE,0.005,0,10756.73047,0.005,10756.73047,0
5138276,"MTF מחקה (A.B. (0A אג""ח מאוזן AAA-A 2028 Bullet","אג""ח חברות שקלי וצמוד","אג""ח חברות ","אג""ח בארץ - חברות והמרה",7/30/2026 0:00,49092362.43,מגדל,,TRUE,FALSE,0.002,0,981.8473511,0.002,981.8473511,0
5138284,אגח בינלאומי 2030,,"אג""ח חשופת דולר","אג""ח בחו""ל ",7/30/2026 0:00,21671462.76,מגדל,,FALSE,FALSE,0.0056,0.0035,1213.601807,0.0021,455.1006165,0
5138300,"הראל מחקה (4A)י S&P Health Care מנוטרלת מט""ח",Health Care,"מניות לפי ענפים בחו""ל - מנוטרלת מט""ח","מניות בחו""ל",7/30/2026 0:00,83331375.33,הראל,,TRUE,FALSE,0.0065,0,5416.539551,0.0065,5416.539551,0
5138318,MTF מחקה (00) אינדקס CoCo ישראל-10,בריבית קבועה ,"אג""ח חברות צמודות מדד","אג""ח בארץ - חברות והמרה",7/30/2026 0:00,70188165.38,מגדל,,TRUE,FALSE,0,0,0,0,0,0
5138326,מיטב (0D) כספית דולרית - נקובה $,"נקובת מט""ח","כספית מט""חית עם קונצרני",קרן כספית,7/30/2026 0:00,2696948105,מיטב,,FALSE,FALSE,0.0014,0.001,37757.27344,0.0004,10787.79004,1
5138334,"תכלית TTF י(0A)י S&P 500 Bond Mega 30 Investment Grade 3-5 Year מנוטרלת מט""ח",,"חברות והמרה  מנוטרלת מט""ח - בינוני","אג""ח בחו""ל",7/30/2026 0:00,83930885.64,מיטב,,TRUE,FALSE,0.002,0,1678.61792,0.002,1678.61792,0
5138342,MTF מחקה (0A) אינדקס AA-AAA ישראל 5-7,"אג""ח חברות שקלי וצמוד","אג""ח חברות ","אג""ח בארץ - חברות והמרה",7/30/2026 0:00,359719423.8,מגדל,,TRUE,FALSE,0,0,0,0,0,0
5138359,"ATF מחקה (00) אינדקס EW TOP100 מרווח מעל הממוצע מותאם מח""מ","אג""ח חברות שקלי וצמוד","אג""ח חברות ","אג""ח בארץ - חברות והמרה",7/30/2026 0:00,103963539,אנליסט,,TRUE,FALSE,0.002,0,2079.270752,0.002,2079.270752,0
5138383,"תכלית TTF י(4A)י S&P 500 Equal Weight מנוטרלת מט""ח",אמריקה- שווקים מפותחים,"מניות גיאוגרפי - מנוטרלת מט""ח","מניות בחו""ל",7/30/2026 0:00,39115395.15,מיטב,,TRUE,FALSE,0.001,0,391.1539917,0.001,391.1539917,0
5138391,אגח עד2030,"אג""ח כללי בארץ ללא מניות וללא סימן קריאה ","אג""ח כללי בארץ - ללא מניות","אג""ח בארץ - כללי",7/30/2026 0:00,67796253.73,מגדל,,FALSE,FALSE,0.0049,0.0035,3322.016602,0.0014,949.147522,0
5138409,הראל מחקה (4D) אינדקס תעשיות ביטחוניות ארה''ב וישראל,Aerospace & Defense,"מניות לפי ענפים בחו""ל - חשופת מט""ח","מניות בחו""ל",7/30/2026 0:00,573830804.1,הראל,,TRUE,FALSE,0.007,0,40168.15625,0.007,40168.15625,0
5138417,תכלית TTF י(00) אינדקס AA-AAA י5+ פקטור מינוף פיננסי נמוך,"אג""ח חברות שקלי וצמוד","אג""ח חברות ","אג""ח בארץ - חברות והמרה",7/30/2026 0:00,13702250.18,מיטב,,TRUE,FALSE,0.002,0,274.0450134,0.002,274.0450134,0
5138425,"פורצ'ן (0D)(!) אג""ח גלובלי – נקובה $",,"אג""ח נקובת מט""ח","אג""ח בחו""ל ",7/30/2026 0:00,387800074.1,איילון,פורצן,FALSE,FALSE,0.009,0.0035,34902.00391,0.0055,21329.00195,0
5138433,MTF מחקה (Bloomberg US Analyst Recommendations (4D,אמריקה- שווקים מפותחים,"מניות גיאוגרפי - חשופת מט""ח","מניות בחו""ל",7/30/2026 0:00,22890690.29,מגדל,,TRUE,FALSE,0.008,0,1831.255371,0.008,1831.255371,0
5138441,קסם KTF י(4D)י 50 S&P 500 TOP,אמריקה- שווקים מפותחים,"מניות גיאוגרפי - חשופת מט""ח","מניות בחו""ל",7/30/2026 0:00,6640439.82,קסם,,TRUE,FALSE,0.0025,0,166.0110016,0.0025,166.0110016,0
5138458,MTF מחקה (0D) אינדקס Top 10 US Banks Bonds,,"חברות והמרה חשופת מט""ח","אג""ח בחו""ל",7/30/2026 0:00,29644854.29,מגדל,,TRUE,FALSE,0.0025,0,741.1213379,0.0025,741.1213379,0
5138466,MTF מחקה (iBoxx US Liquid Investment Grade Top 30 (0D,,"חברות והמרה חשופת מט""ח","אג""ח בחו""ל",7/30/2026 0:00,75650038.41,מגדל,,TRUE,FALSE,0.002,0,1513.000854,0.002,1513.000854,0
5138474,"MTF מחקה (S&P 500 Equal Weight (4A מנוטרלת מט""ח",אמריקה- שווקים מפותחים,"מניות גיאוגרפי - מנוטרלת מט""ח","מניות בחו""ל",7/30/2026 0:00,107829115,מגדל,,TRUE,FALSE,0,0,0,0,0,0
5138482,"MTF מחקה (S&P 500 Bond Mega 30 Investment Grade 3-5 Year (0A מנוטרלת מט""ח",,"חברות והמרה  מנוטרלת מט""ח - בינוני","אג""ח בחו""ל",7/30/2026 0:00,167573252.2,מגדל,,TRUE,FALSE,0.002,0,3351.465088,0.002,3351.465088,0
5138490,"קסם אקטיב (3C) תיק מחקות אג""ח ומניות - אגד ישראלי",,אגד ישראלי,אגד קרנות,7/30/2026 0:00,4743196.49,קסם,,FALSE,FALSE,0,0.0035,0,-0.0035,-166.0118866,0
5138524,נסדק100כממ,"מניות גיאוגרפי מוגנת מט""ח",מניות גיאוגרפי,"מניות בחו""ל",7/30/2026 0:00,32090524.1,מגדל,,FALSE,FALSE,0.005,0.0035,1604.526123,0.0015,481.3577881,0
5138532,90/10 מדורג,חברות והמרה עם מניות ללא סימן קריאה,חברות והמרה עם מניות,"אג""ח בארץ - חברות והמרה",7/30/2026 0:00,8303360.09,מגדל,,FALSE,FALSE,0.0049,0.0035,406.8646545,0.0014,116.2470322,0
5138557,קסם KTFי (00) אינדקס Bullet צמוד 2026,בריבית קבועה ,"אג""ח חברות צמודות מדד","אג""ח בארץ - חברות והמרה",7/30/2026 0:00,24845178.21,קסם,,TRUE,FALSE,0.0025,0,621.1294556,0.0025,621.1294556,0
5138565,קסם KTF י(00) אינדקס Bullet שקלי 2026,בריבית קבועה,"אג""ח חברות שקלי","אג""ח בארץ - חברות והמרה",7/30/2026 0:00,77060610.5,קסם,,TRUE,FALSE,0.002,0,1541.21228,0.002,1541.21228,0
5138573,קסם KTFי (00)(!) אינדקס Bullet שקלי 2027,בריבית קבועה,"אג""ח חברות שקלי","אג""ח בארץ - חברות והמרה",7/30/2026 0:00,76968346.89,קסם,,TRUE,FALSE,0.002,0,1539.366943,0.002,1539.366943,0
5138581,קסם KTFי (00)(!) אינדקס Bullet צמוד 2027,בריבית קבועה ,"אג""ח חברות צמודות מדד","אג""ח בארץ - חברות והמרה",7/30/2026 0:00,228538843.3,קסם,,TRUE,FALSE,0.002,0,4570.777344,0.002,4570.777344,0
5138599,קסם KTFי (00)(!) אינדקס Bullet צמוד 2029,בריבית קבועה ,"אג""ח חברות צמודות מדד","אג""ח בארץ - חברות והמרה",7/30/2026 0:00,134372766.2,קסם,,TRUE,FALSE,0.0025,0,3359.319092,0.0025,3359.319092,0
5138607,קסם KTFי (00)(!) אינדקס Bullet שקלי 2029,בריבית קבועה,"אג""ח חברות שקלי","אג""ח בארץ - חברות והמרה",7/30/2026 0:00,98080029.99,קסם,,TRUE,FALSE,0.0025,0,2452.000732,0.0025,2452.000732,0
5138615,"דולפין (4D) מניות חו""ל","מניות כללי בחו""ל חשופת מט""ח","מניות כללי בחו""ל","מניות בחו""ל",7/30/2026 0:00,79379147.47,איילון,דולפין,FALSE,FALSE,0.017899999,0.0035,14208.86621,0.0144,11430.5957,0
5138623,תכלית TTF י(4D)י Indxx Blockchain Ecosystem,Blockchain,"מניות לפי ענפים בחו""ל - חשופת מט""ח","מניות בחו""ל",7/30/2026 0:00,2549554.07,מיטב,,TRUE,FALSE,0.0095,0,242.2076263,0.0095,242.2076263,0
5138631,קסם KTF י(4D)י Russell 2000,אמריקה- שווקים מפותחים,"מניות גיאוגרפי - חשופת מט""ח","מניות בחו""ל",7/30/2026 0:00,34700709.93,קסם,,TRUE,FALSE,0,0,0,0,0,0
5138649,ילין לפידות מחקה (00) תל בונד צמודות בנקים,בריבית קבועה ,"אג""ח חברות צמודות מדד","אג""ח בארץ - חברות והמרה",7/30/2026 0:00,19695771.91,ילין,,TRUE,FALSE,0.0025,0,492.3942871,0.0025,492.3942871,0
5138656,הזד אגחלמנ,"אג""ח כללי בארץ ללא מניות עם סימן קריאה","אג""ח כללי בארץ - ללא מניות","אג""ח בארץ - כללי",7/30/2026 0:00,2505380.38,מגדל,,FALSE,FALSE,0.0059,0.0035,147.8174591,0.0024,60.12913513,0
5138664,קסם KTFי(4D)י Cboe S&P 500 15% Buffer JUN IC - מובנה שנתי,אמריקה- שווקים מפותחים,"מניות גיאוגרפי - חשופת מט""ח","מניות בחו""ל",7/30/2026 0:00,10645161.74,קסם,,TRUE,FALSE,0.0085,0,904.8388672,0.0085,904.8388672,0
5138672,אילים (4B) מניות ישראל,מניות All Cap,מניות לפי שווי שוק,מניות בארץ,7/30/2026 0:00,21657497.86,אילים,,FALSE,FALSE,0.0079,0.0035,1710.942261,0.0044,952.9298706,0
5138680,"אילים (1A) תיק אג""ח +10%","אג""ח כללי בארץ- עד 10% מניות ללא סימן קריאה","אג""ח כללי בארץ - עד 10% מניות","אג""ח בארץ - כללי",7/30/2026 0:00,95919324.41,אילים,,FALSE,FALSE,0.0059,0.0035,5659.240723,0.0024,2302.063965,0
5138698,דולפין (00) כספית,כספית שקלית עם קונצרני,כספית שקלית,קרן כספית,7/30/2026 0:00,5686539813,איילון,דולפין,FALSE,FALSE,0.00149,0.001,84729.44531,0.00049,27864.04492,1
5138706,אזימוט (00) כספית,כספית שקלית עם קונצרני,כספית שקלית,קרן כספית,7/30/2026 0:00,218656183.6,איילון,אזימוטליין,FALSE,FALSE,0.0014,0.001,3061.186279,0.0004,874.6245117,1
5138714,"אילים (1D)י 10/90 תיק אג""ח חו""ל ומניות",,"אג""ח חשופת מט""ח","אג""ח בחו""ל ",7/30/2026 0:00,20377335.35,אילים,,FALSE,FALSE,0.0059,0.0035,1202.262817,0.0024,489.0560913,0
5138722,הראל מחקה (0D)י iBoxx USD Liquid 5-9 Top 50,,"חברות והמרה חשופת מט""ח - ארוך ","אג""ח בחו""ל",7/30/2026 0:00,100560397.3,הראל,,TRUE,FALSE,0.001,0,1005.604065,0.001,1005.604065,0
5138730,הורייזן (4D) אסטרטגיות,,אסטרטגיות (לא ממונפות) ,ממונפות ואסטרטגיות,7/30/2026 0:00,33516152.07,איילון,הורייזן,FALSE,FALSE,0.015,0.0035,5027.422363,0.011499999,3854.357178,0
5138748,קסם KTF י(4D) אינדקס תעשיות ביטחוניות גלובלי,Aerospace & Defense,"מניות לפי ענפים בחו""ל - חשופת מט""ח","מניות בחו""ל",7/30/2026 0:00,328446294.7,קסם,,TRUE,FALSE,0.007,0,22991.24219,0.007,22991.24219,0
5138755,תכלית TTF י(4D)י (MSCI India (USD,אסיה ופסיפיק- שווקים מתעוררים,"מניות גיאוגרפי - חשופת מט""ח","מניות בחו""ל",7/30/2026 0:00,9225332.05,מיטב,,TRUE,FALSE,0.0055,0,507.3932495,0.0055,507.3932495,0
5138763,אלטשולר שחם (00) כספית,כספית שקלית עם קונצרני,כספית שקלית,קרן כספית,7/30/2026 0:00,2775438645,אלטשולר,,FALSE,FALSE,0.00234,0.001,64945.25781,0.00134,37190.87109,1
5138771,"דרך (0A) אג""ח ללא מניות כשרה","אג""ח כללי בארץ ללא מניות וללא סימן קריאה ","אג""ח כללי בארץ - ללא מניות","אג""ח בארץ - כללי",7/30/2026 0:00,29375065.98,סיגמא,דרך אינבסט,FALSE,FALSE,0.0075,0.0035,2203.129883,0.004,1175.002563,0
5138789,"מור (2B)י 30/70 מניות חו""ל - כשרה",,"אג""ח כללי בארץ - עד 30% מניות","אג""ח בארץ - כללי",7/30/2026 0:00,88973841.61,מור,,FALSE,FALSE,0.0065,0.0035,5783.299805,0.003,2669.215332,0
5138797,תכלית TTF י(4D)י Indxx Global Financial Exchanges And Data,Financial,"מניות לפי ענפים בחו""ל - חשופת מט""ח","מניות בחו""ל",7/30/2026 0:00,87455440.45,מיטב,,TRUE,FALSE,0.006,0,5247.32666,0.006,5247.32666,0
5138805,תכלית TTF י(4D)י S&P 500 Growth,אמריקה- שווקים מפותחים,"מניות גיאוגרפי - חשופת מט""ח","מניות בחו""ל",7/30/2026 0:00,5370377.15,מיטב,,TRUE,FALSE,0.003,0,161.1113129,0.003,161.1113129,0
5138813,תכלית TTF י(4C) אינדקס ישראליות צמיחה-מומנטום,אחר,מניות לפי שווי שוק,מניות בארץ,7/30/2026 0:00,64746065.15,מיטב,,TRUE,FALSE,0.004,0,2589.842773,0.004,2589.842773,0
5138821,"אקורד (1B)(!) אג""ח פלוס","אג""ח כללי בארץ- עד 10% מניות ועם סימן קריאה","אג""ח כללי בארץ - עד 10% מניות","אג""ח בארץ - כללי",7/30/2026 0:00,35642874.4,איילון,אקורד,FALSE,FALSE,0.0075,0.0035,2673.215576,0.004,1425.714966,0
5138839,אנליסט (0D) כספית דולרית - נקובה $,"נקובת מט""ח","כספית מט""חית עם קונצרני",קרן כספית,7/30/2026 0:00,2168427457,אנליסט,,FALSE,FALSE,0.0013,0.001,28189.55664,0.0003,6505.281738,1
5138847,הראל מחקה (00) תל בונד צמודות בנקים וחברות ממשלתיות,אחר,"אג""ח חברות ","אג""ח בארץ - חברות והמרה",7/30/2026 0:00,71236270.33,הראל,,TRUE,FALSE,0.001,0,712.362793,0.001,712.362793,0
5138854,הראל מחקה (00) תל בונד צמודות 5-10,בריבית קבועה - ארוך,"אג""ח חברות צמודות מדד","אג""ח בארץ - חברות והמרה",7/30/2026 0:00,29886790.69,הראל,,TRUE,FALSE,0,0,0,0,0,0
5138862,הראל מחקה (00) תל בונד שקלי 5-10,בריבית קבועה - ארוך,"אג""ח חברות שקלי","אג""ח בארץ - חברות והמרה",7/30/2026 0:00,224026539.2,הראל,,TRUE,FALSE,0,0,0,0,0,0
5138888,"הראל (4B) עוקבת תיק מניות חו""ל - הבנק הבינלאומי עד 30% מט""ח","מניות כללי בחו""ל מוגנת מט""ח","מניות כללי בחו""ל","מניות בחו""ל",7/30/2026 0:00,18406906.94,הראל,,FALSE,FALSE,0.0125,0.0035,2300.863281,0.009,1656.62146,0
5138896,קסם KTF י(4D)י MSCI India,אסיה ופסיפיק- שווקים מתעוררים,"מניות גיאוגרפי - חשופת מט""ח","מניות בחו""ל",7/30/2026 0:00,11391233.61,קסם,,TRUE,FALSE,0.0055,0,626.5178833,0.0055,626.5178833,0
5138904,קסם KTF י(4D)י TipRanks US Momentum Analysts iNDEX,אמריקה- שווקים מפותחים,"מניות גיאוגרפי - חשופת מט""ח","מניות בחו""ל",7/30/2026 0:00,45227221.46,קסם,,TRUE,FALSE,0.007,0,3165.905518,0.007,3165.905518,0
5138912,bmeniv י(4D) גמישה,,,גמישות,7/30/2026 0:00,27220143.12,סיגמא,"בי מניב בע""מ",FALSE,FALSE,0.023,0.0035,6260.633301,0.0195,5307.928223,0
5138920,אביב שגב (2A) ניהול תיק השקעות 20/80,,"אג""ח כללי בארץ - עד 20% מניות","אג""ח בארץ - כללי",7/30/2026 0:00,9472184.45,איילון,"אביב - שגב ניהול השקעות בע""מ.",FALSE,FALSE,0.0053,0.0035,502.0257568,0.0018,170.4992828,0
5138938,"FOREST י(0B) תיק אג""ח ללא מניות","אג""ח כללי בארץ ללא מניות וללא סימן קריאה ","אג""ח כללי בארץ - ללא מניות","אג""ח בארץ - כללי",7/30/2026 0:00,132049427,פורסט,,FALSE,FALSE,0.0075,0.0035,9903.706055,0.004,5281.977051,0
5138946,"אלטשולר שחם מחקה (00) אינדקס בנקים לפדיון - מח""מ עד 3 שנים","אג""ח חברות שקלי וצמוד","אג""ח חברות ","אג""ח בארץ - חברות והמרה",7/30/2026 0:00,6199686.96,אלטשולר,,TRUE,FALSE,0.0015,0,92.99530792,0.0015,92.99530792,0
5138953,אלטשולר שחם מחקה (00) אינדקס AAA צמוד,בריבית קבועה ,"אג""ח חברות צמודות מדד","אג""ח בארץ - חברות והמרה",7/30/2026 0:00,72524288.57,אלטשולר,,TRUE,FALSE,0.0015,0,1087.86438,0.0015,1087.86438,0
5138961,ילין לפידות (0A) קונצרני צמוד A ומעלה,חברות והמרה ללא מניות וללא סימן קריאה,חברות והמרה ללא מניות,"אג""ח בארץ - חברות והמרה",7/30/2026 0:00,491890902.2,ילין,,FALSE,FALSE,0.0059,0.0035,29021.56445,0.0024,11805.38184,0
5138979,קסם KTFי(4D)י Cboe S&P 500 15% Buffer AUG IC - מובנה שנתי,אמריקה- שווקים מפותחים,"מניות גיאוגרפי - חשופת מט""ח","מניות בחו""ל",7/30/2026 0:00,1659099.81,קסם,,TRUE,FALSE,0.0085,0,141.0234833,0.0085,141.0234833,0
5138987,ילין לפידות מחקה (00) quabify אג״ח לפדיון 2026 מאוזן,"אג""ח חברות שקלי וצמוד","אג""ח חברות ","אג""ח בארץ - חברות והמרה",7/30/2026 0:00,4818205.59,ילין,,TRUE,FALSE,0.0024,0,115.6369324,0.0024,115.6369324,0
5138995,ילין לפידות מחקה (00) quabify אג״ח לפדיון 2027 מאוזן,"אג""ח חברות שקלי וצמוד","אג""ח חברות ","אג""ח בארץ - חברות והמרה",7/30/2026 0:00,7345435.73,ילין,,TRUE,FALSE,0.0024,0,176.290451,0.0024,176.290451,0
5139001,ילין לפידות מחקה (00) quabify אג״ח לפדיון 2028 מאוזן,"אג""ח חברות שקלי וצמוד","אג""ח חברות ","אג""ח בארץ - חברות והמרה",7/30/2026 0:00,35974701.96,ילין,,TRUE,FALSE,0.0024,0,863.3928223,0.0024,863.3928223,0
5139019,ילין לפידות מחקה (00) quabify אג״ח לפדיון 2029 מאוזן,"אג""ח חברות שקלי וצמוד","אג""ח חברות ","אג""ח בארץ - חברות והמרה",7/30/2026 0:00,25181718.86,ילין,,TRUE,FALSE,0.0024,0,604.3612671,0.0024,604.3612671,0
5139027,MTF מחקה (4A) אינדקס בנייה ישראל - פקטור מינוף פיננסי נמוך,"נדל""ן ובנייה",מניות לפי ענפים,מניות בארץ,7/30/2026 0:00,43528777.61,מגדל,,TRUE,FALSE,0,0,0,0,0,0
5139035,"דיאמונד (4D) עוקבת תיק מניות חו""ל – הבנק הבינלאומי","מניות כללי בחו""ל חשופת מט""ח","מניות כללי בחו""ל","מניות בחו""ל",7/30/2026 0:00,4374461.63,איילון,דיאמונד,FALSE,FALSE,0.0125,0.0035,546.8077393,0.009,393.7015076,0
5139050,קסם KTF י(0D) אינדקס Bullet מדינת ישראל דולר 2030,,"ממשלתיות חשופת מט""ח - בינוני","אג""ח בחו""ל",7/30/2026 0:00,60821791.42,קסם,,TRUE,FALSE,0.0025,0,1520.5448,0.0025,1520.5448,0
5139068,"MTF מחקה (4A) משולבת S&P 500י (70%) Russell 2000י (30%) חודשי מנוטרלת מט""ח",,"מניות בחו""ל קרן משולבת","מניות בחו""ל",7/30/2026 0:00,14299063.66,מגדל,,TRUE,FALSE,0,0,0,0,0,0
5139076,איילון (0D) כספית דולרית – נקובה דולר,"נקובת מט""ח","כספית מט""חית עם קונצרני",קרן כספית,7/30/2026 0:00,559018694.3,איילון,,FALSE,FALSE,0.0012,0.001,6708.224609,0.0002,1118.037354,1
5139084,תכלית TTF י(4D) אינדקס תעשיות ביטחוניות גלובלי Top30 EW,Aerospace & Defense,"מניות לפי ענפים בחו""ל - חשופת מט""ח","מניות בחו""ל",7/30/2026 0:00,183036267.7,מיטב,,TRUE,FALSE,0.0045,0,8236.631836,0.0045,8236.631836,0
5139092,תכלית TTF י(4D)י EURO STOXX 50,אירופה- כללי,"מניות גיאוגרפי - חשופת מט""ח","מניות בחו""ל",7/30/2026 0:00,16623056.7,מיטב,,TRUE,FALSE,0.0025,0,415.576416,0.0025,415.576416,0
5139100,אלטשולר שחם מחקה (4D)י S&P 500,אמריקה- שווקים מפותחים,"מניות גיאוגרפי - חשופת מט""ח","מניות בחו""ל",7/30/2026 0:00,61192110.62,אלטשולר,,TRUE,FALSE,0,0,0,0,0,0
5139118,אלטשולר שחם מחקה (00) אינדקס שקלי A-AAA פיזור רחב,בריבית קבועה,"אג""ח חברות שקלי","אג""ח בארץ - חברות והמרה",7/30/2026 0:00,5488528.88,אלטשולר,,TRUE,FALSE,0.0015,0,82.32793427,0.0015,82.32793427,0
5139126,"אלטשולר שחם מחקה (00)(!) אינדקס אג""ח עד A פיזור רחב",,חברות והמרה בסיכון גבוה ,"אג""ח בארץ - חברות והמרה",7/30/2026 0:00,10512369.44,אלטשולר,,TRUE,FALSE,0.0015,0,157.6855469,0.0015,157.6855469,0
5139134,אלטשולר שחם מחקה (00) אינדקס צמוד A-AAA פיזור רחב,בריבית קבועה ,"אג""ח חברות צמודות מדד","אג""ח בארץ - חברות והמרה",7/30/2026 0:00,20722312.25,אלטשולר,,TRUE,FALSE,0.0015,0,310.8346863,0.0015,310.8346863,0
5139142,אי.בי.אי. מחקה (0D) אינדקס מדינת ישראל דולר 1-5,,"ממשלתיות חשופת מט""ח - בינוני","אג""ח בחו""ל",7/30/2026 0:00,65595339.99,אי.בי.אי,,TRUE,FALSE,0.0025,0,1639.883423,0.0025,1639.883423,0
5139159,אי.בי.אי. מחקה (0D) אינדקס מדינת ישראל דולר 5-10,,"ממשלתיות חשופת מט""ח - ארוך","אג""ח בחו""ל",7/30/2026 0:00,74874804.87,אי.בי.אי,,TRUE,FALSE,0.0025,0,1871.870117,0.0025,1871.870117,0
5139167,MTF מחקה (00) תל בונד - שקלי A,בריבית קבועה,"אג""ח חברות שקלי","אג""ח בארץ - חברות והמרה",7/30/2026 0:00,48100347.23,מגדל,,TRUE,FALSE,0,0,0,0,0,0
5139175,ATF מחקה (4A) אינדקס בנקים ישראל,בנקאות ואשראי חוץ בנקאי,מניות לפי ענפים,מניות בארץ,7/30/2026 0:00,241306001.5,אנליסט,,TRUE,FALSE,0.0045,0,10858.76953,0.0045,10858.76953,0
5139183,בנקים,,מניות לפי ענפים,מניות בארץ,7/30/2026 0:00,99134865.82,מגדל,,FALSE,FALSE,0.0049,0.0035,4857.608398,0.0014,1387.888062,0
5139191,תכלית TTF י(40) משולבת מניות ישראל חודשי,,מניות בארץ קרן משולבת,מניות בארץ,7/30/2026 0:00,72459484.02,מיטב,,TRUE,FALSE,0,0,0,0,0,0
5139209,ברק (4B) מניות ישראל,מניות All Cap,מניות לפי שווי שוק,מניות בארץ,7/30/2026 0:00,4011264.04,ברק,,FALSE,FALSE,0.017999999,0.0035,722.0274658,0.0145,581.6333008,0
5139217,"ברק (4D) מניות חו""ל","מניות כללי בחו""ל חשופת מט""ח","מניות כללי בחו""ל","מניות בחו""ל",7/30/2026 0:00,1366024.22,ברק,,FALSE,FALSE,0.017999999,0.0035,245.8843536,0.0145,198.0735168,0
5139233,"קסם KTFי (4A) ת""א-125 ערך",Mid Cap & Large ,מניות לפי שווי שוק,מניות בארץ,7/30/2026 0:00,116359456.9,קסם,,TRUE,FALSE,0.004,0,4654.378418,0.004,4654.378418,0
5139241,קסם KTF י(00) אינדקס Bullet ישראל AA ומעלה 2028,"אג""ח חברות שקלי וצמוד","אג""ח חברות ","אג""ח בארץ - חברות והמרה",7/30/2026 0:00,31797140.82,קסם,,TRUE,FALSE,0.0025,0,794.9284668,0.0025,794.9284668,0
5139258,ילין לפידות (00) כספית ניהול נזילות,כספית שקלית עם קונצרני,כספית שקלית,קרן כספית,7/30/2026 0:00,9703011836,ילין,,FALSE,FALSE,0.0019,0.001,184357.2188,0.0009,87327.09375,1
5139274,MTF מחקה (Europe Top20 iNDEX (4D מנוטרלת אירו,אירופה- שווקים מפותחים,"מניות גיאוגרפי - מנוטרלת מט""ח","מניות בחו""ל",7/30/2026 0:00,24720718.32,מגדל,,TRUE,FALSE,0.005,0,1236.035889,0.005,1236.035889,0
5139282,ילין לפידות מחקה (4D)י S&P 500,אמריקה- שווקים מפותחים,"מניות גיאוגרפי - חשופת מט""ח","מניות בחו""ל",7/30/2026 0:00,175853080.3,ילין,,TRUE,FALSE,0,0,0,0,0,0
5139290,"ילין לפידות מחקה (4A)י S&P 500 מנוטרלת מט""ח",אמריקה- שווקים מפותחים,"מניות גיאוגרפי - מנוטרלת מט""ח","מניות בחו""ל",7/30/2026 0:00,290213459.9,ילין,,TRUE,FALSE,0,0,0,0,0,0
5139308,ילין לפידות מחקה (4D)י S&P World,גלובלי- שווקים מפותחים,"מניות גיאוגרפי - חשופת מט""ח","מניות בחו""ל",7/30/2026 0:00,10445940.54,ילין,,TRUE,FALSE,0,0,0,0,0,0
5139316,ילין לפידות מחקה (4A)י S&P World מנוטרלת דולר,גלובלי- שווקים מפותחים,"מניות גיאוגרפי - מנוטרלת מט""ח","מניות בחו""ל",7/30/2026 0:00,14295325.98,ילין,,TRUE,FALSE,0,0,0,0,0,0
5139324,מור (00) כספית ניהול נזילות,כספית שקלית עם קונצרני,כספית שקלית,קרן כספית,7/30/2026 0:00,2605128508,מור,,FALSE,FALSE,0.0015,0.001,39076.92969,0.0005,13025.6416,1
5139332,מיטב (4B) מניות מומנטום,מניות All Cap,מניות לפי שווי שוק,מניות בארץ,7/30/2026 0:00,165302676.9,מיטב,,FALSE,FALSE,0.0105,0.0035,17356.78125,0.007,11571.18652,0
5139340,איילון (6A) אקסטרים בנקים פי 3,,ממונפות בסיכון גבוה,ממונפות ואסטרטגיות,7/30/2026 0:00,41328026.34,איילון,,FALSE,FALSE,0.0185,0.0035,7645.685059,0.015000001,6199.20459,0
5139357,"איילון (6A) אקסטרים ת""א 90 פי 3",,ממונפות בסיכון גבוה,ממונפות ואסטרטגיות,7/30/2026 0:00,11563091.27,איילון,,FALSE,FALSE,0.0185,0.0035,2139.171875,0.015000001,1734.463745,0
5139365,MTF מחקה S&P Israel 100 (ILS) (4A),Mid Cap & Large ,מניות לפי שווי שוק,מניות בארץ,7/30/2026 0:00,324253969.9,מגדל,,TRUE,FALSE,0,0,0,0,0,0
5139399,"מור (0A) אג""ח מדורג ללא מניות",חברות והמרה ללא מניות וללא סימן קריאה,חברות והמרה ללא מניות,"אג""ח בארץ - חברות והמרה",7/30/2026 0:00,87097492.15,מור,,FALSE,FALSE,0.0065,0.0035,5661.337402,0.003,2612.925049,0
5139423,פינסה (2C)י 30/70,,"אג""ח כללי בארץ - עד 30% מניות","אג""ח בארץ - כללי",7/30/2026 0:00,8647539.82,סיגמא,"פינסה מגיטס ניהול נכסים בע""מ.",FALSE,FALSE,0.0079,0.0035,683.1556396,0.0044,380.4917297,0
5139431,אי.בי.אי. מחקה (00) תל בונד-צמודות A,בריבית קבועה ,"אג""ח חברות צמודות מדד","אג""ח בארץ - חברות והמרה",7/30/2026 0:00,46923493.03,אי.בי.אי,,TRUE,FALSE,0,0,0,0,0,0
5139449,אנליסט (0B)(!) תיק קונצרני,חברות והמרה ללא מניות עם סימן קריאה,חברות והמרה ללא מניות,"אג""ח בארץ - חברות והמרה",7/30/2026 0:00,76250670.66,אנליסט,,FALSE,FALSE,0.0054,0.0035,4117.536133,0.0019,1448.762817,0
5139456,"דולפין (0B)(!) אג""ח חברות",חברות והמרה ללא מניות עם סימן קריאה,חברות והמרה ללא מניות,"אג""ח בארץ - חברות והמרה",7/30/2026 0:00,14528222.61,איילון,דולפין,FALSE,FALSE,0.0079,0.0035,1147.729614,0.0044,639.2417603,0
5139464,"הורייזן (0B) אג""ח ללא מניות","אג""ח כללי בארץ ללא מניות וללא סימן קריאה ","אג""ח כללי בארץ - ללא מניות","אג""ח בארץ - כללי",7/30/2026 0:00,18219249.97,איילון,הורייזן,FALSE,FALSE,0.009,0.0035,1639.732422,0.0055,1002.058716,0
5139472,דולפין (2B)י 30/70,,"אג""ח כללי בארץ - עד 30% מניות","אג""ח בארץ - כללי",7/30/2026 0:00,15073458.43,איילון,דולפין,FALSE,FALSE,0.0079,0.0035,1190.803101,0.0044,663.2321167,0
5139480,הורייזן (1B)י 10/90,"אג""ח כללי בארץ- עד 10% מניות ללא סימן קריאה","אג""ח כללי בארץ - עד 10% מניות","אג""ח בארץ - כללי",7/30/2026 0:00,6446112.07,איילון,הורייזן,FALSE,FALSE,0.009,0.0035,580.1500244,0.0055,354.5361328,0
5139498,"הורייזן (0B)(!) אג""ח חברות ללא מניות",חברות והמרה ללא מניות עם סימן קריאה,חברות והמרה ללא מניות,"אג""ח בארץ - חברות והמרה",7/30/2026 0:00,16469453.67,איילון,הורייזן,FALSE,FALSE,0.009,0.0035,1482.250732,0.0055,905.8199463,0
5139506,קסם KTFי(4D)י Cboe S&P 500 15% Buffer NOV IC - מובנה שנתי,אמריקה- שווקים מפותחים,"מניות גיאוגרפי - חשופת מט""ח","מניות בחו""ל",7/30/2026 0:00,2390748.129,קסם,,TRUE,FALSE,0.0075,0,179.3061066,0.0075,179.3061066,0
5139514,MTF מחקה (0D) אינדקס מדינת ישראל דולר לפדיון 2030 (מתגלגל כל 6 שנים) נקובה $,,"ממשלתיות חשופת מט""ח - בינוני","אג""ח בחו""ל",7/30/2026 0:00,237977311.3,מגדל,,TRUE,FALSE,0.002,0,4759.546387,0.002,4759.546387,0
5139522,אי.בי.אי. (00) כספית שקלית כשרה,כספית שקלית עם קונצרני,כספית שקלית,קרן כספית,7/30/2026 0:00,4409267780,אי.בי.אי,,FALSE,FALSE,0.00149,0.001,65698.09375,0.00049,21605.41211,1
5139530,"ילין לפידות מחקה (00) quabify אג""ח לפדיון 2030 מאוזן","אג""ח חברות שקלי וצמוד","אג""ח חברות ","אג""ח בארץ - חברות והמרה",7/30/2026 0:00,45734441.35,ילין,,TRUE,FALSE,0.0024,0,1097.626587,0.0024,1097.626587,0
5139548,"ילין לפידות מחקה (00) quabify אג""ח לפדיון 2030 שקלי",בריבית קבועה,"אג""ח חברות שקלי","אג""ח בארץ - חברות והמרה",7/30/2026 0:00,100672262.4,ילין,,TRUE,FALSE,0.0024,0,2416.134521,0.0024,2416.134521,0
5139555,"ילין לפידות מחקה (00) quabify אג""ח לפדיון 2030 צמוד",בריבית קבועה ,"אג""ח חברות צמודות מדד","אג""ח בארץ - חברות והמרה",7/30/2026 0:00,44794514.82,ילין,,TRUE,FALSE,0.0024,0,1075.068481,0.0024,1075.068481,0
5139563,אי.בי.אי. מחקה (0D) אינדקס מדינת ישראל דולר 1-5 נקובה $,,"ממשלתיות חשופת מט""ח - בינוני","אג""ח בחו""ל",7/30/2026 0:00,206863946,אי.בי.אי,,TRUE,FALSE,0.0025,0,5171.598633,0.0025,5171.598633,0
5139571,הראל מחקה (4D)י S&P 500 Momentum,אמריקה- שווקים מפותחים,"מניות גיאוגרפי - חשופת מט""ח","מניות בחו""ל",7/30/2026 0:00,159162641.2,הראל,,TRUE,FALSE,0.005,0,7958.131836,0.005,7958.131836,0
5139597,"אי.בי.אי. (1B)(!) הזדמנויות אג""ח תשואה גבוהה",,חברות והמרה בסיכון גבוה,"אג""ח בארץ - חברות והמרה",7/30/2026 0:00,33992585.82,אי.בי.אי,,FALSE,FALSE,0.0095,0.0035,3229.29541,0.006,2039.55481,0
5139605,אי.בי.אי. מחקה (4D)י MSCI AC World,,"מניות גלובליות - חשופת מט""ח","מניות בחו""ל",7/30/2026 0:00,70833472.58,אי.בי.אי,,TRUE,FALSE,0.0015,0,1062.502075,0.0015,1062.502075,0
5139613,קסם KTFי(4D)י Cboe S&P 500 15% Buffer DEC IC - מובנה שנתי,אמריקה- שווקים מפותחים,"מניות גיאוגרפי - חשופת מט""ח","מניות בחו""ל",7/30/2026 0:00,3676443.58,קסם,,TRUE,FALSE,0.0075,0,275.7332458,0.0075,275.7332458,0
5139621,אי.בי.אי. (3C) תיק השקעות,,"אג""ח כללי בארץ - חשיפה מרבית מעל 30% מניות","אג""ח בארץ - כללי",7/30/2026 0:00,191492603.1,אי.בי.אי,GREMMY ADVISORS LIMITED,FALSE,FALSE,0.0089,0.0035,17042.8418,0.0054,10340.60059,0
5139639,"הראל מחקה (4A) ת""א 90 ובנקים",Mid Cap & Large ,מניות לפי שווי שוק,מניות בארץ,7/30/2026 0:00,329568757.8,הראל,,TRUE,FALSE,0,0,0,0,0,0
5139662,אלטשולר שחם (4D)י Electrification,,"מניות לפי ענפים בחו""ל","מניות בחו""ל",7/30/2026 0:00,411222713.1,אלטשולר,,FALSE,FALSE,0.015,0.0035,61683.40625,0.011499999,47290.60938,0
5139670,אנליסט (4B) מניות ערך,מניות All Cap,מניות לפי שווי שוק,מניות בארץ,7/30/2026 0:00,39340124.52,אנליסט,,FALSE,FALSE,0.0129,0.0035,5074.876465,0.009400001,3697.972168,0
5139688,"אנליסט (0B) אג""ח ללא מניות","אג""ח כללי בארץ ללא מניות וללא סימן קריאה ","אג""ח כללי בארץ - ללא מניות","אג""ח בארץ - כללי",7/30/2026 0:00,31947108.25,אנליסט,,FALSE,FALSE,0.0048,0.0035,1533.461182,0.0013,415.312439,0
5139696,קסם KTF י(4D)י MSCI World מנוטרלת דולר,גלובלי- שווקים מפותחים,"מניות גיאוגרפי - מנוטרלת מט""ח","מניות בחו""ל",7/30/2026 0:00,177243700.8,קסם,,TRUE,FALSE,0,0,0,0,0,0
5139712,אנליסט (2B)י 30/70,,"אג""ח כללי בארץ - עד 30% מניות","אג""ח בארץ - כללי",7/30/2026 0:00,389502919,אנליסט,,FALSE,FALSE,0.0058,0.0035,22591.16797,0.0023,8958.566406,0
5139720,"תכלית TTF‏‏ (4A) ‏Russell 2000 מנוטרלת מט""ח",אמריקה- שווקים מפותחים,"מניות גיאוגרפי - מנוטרלת מט""ח","מניות בחו""ל",7/30/2026 0:00,66062783.99,מיטב,,TRUE,FALSE,0,0,0,0,0,0
5139738,"קסם KTFי (4A) ת""א 90 ובנקים",Mid Cap & Large ,מניות לפי שווי שוק,מניות בארץ,7/30/2026 0:00,87715922.3,קסם,,TRUE,FALSE,0,0,0,0,0,0
5139753,"פורצ'ן (1B) תיק אג""ח בינלאומי עד 20% מט""ח",,"אג""ח מוגנת מט""ח","אג""ח בחו""ל ",7/30/2026 0:00,377262112.2,איילון,פורצן,FALSE,FALSE,0.009,0.0035,33953.58594,0.0055,20749.41406,0
5139761,"תכלית TTF י(4A)י US REITs iNDEX מנוטרלת מט""ח",REIT &  Real Estate,"מניות לפי ענפים בחו""ל - מנוטרלת מט""ח","מניות בחו""ל",7/30/2026 0:00,9690352.41,מיטב,,TRUE,FALSE,0.0035,0,339.162323,0.0035,339.162323,0
5139779,"תכלית TTF י(00) אינדקס צמוד 1-3 פקטור מרווח מאג""ח ממשלתי",בריבית קבועה - קצר,"אג""ח חברות צמודות מדד","אג""ח בארץ - חברות והמרה",7/30/2026 0:00,7584408.52,מיטב,,TRUE,FALSE,0.0015,0,113.7661285,0.0015,113.7661285,0
5139787,תכלית TTF י(4D)י CME CF Bitcoin Reference Rate (BRRNY),,Bitcoin,נכסים דיגיטליים,7/30/2026 0:00,57600954.24,מיטב,,TRUE,FALSE,0.002,0,1152.019165,0.002,1152.019165,0
5139811,אלטשולר שחם מחקה (4D)י Nasdaq 100,אמריקה- שווקים מפותחים,"מניות גיאוגרפי - חשופת מט""ח","מניות בחו""ל",7/30/2026 0:00,60774823.64,אלטשולר,,TRUE,FALSE,0,0,0,0,0,0
5139829,"ברק (6A) אולטרה ת""א 90 פי 3",,ממונפות בסיכון גבוה,ממונפות ואסטרטגיות,7/30/2026 0:00,27982307.13,ברק,,FALSE,FALSE,0.017999999,0.0035,5036.814941,0.0145,4057.43457,0
5139837,הראל מחקה (4D)י Russell 2000,אמריקה- שווקים מפותחים,"מניות גיאוגרפי - חשופת מט""ח","מניות בחו""ל",7/30/2026 0:00,14843721.24,הראל,,TRUE,FALSE,0,0,0,0,0,0
5139845,איילון (4D) חשיפה לביטקוין,,Bitcoin,נכסים דיגיטליים,7/30/2026 0:00,14591976.41,איילון,,FALSE,FALSE,0.0065,0.0035,948.4784546,0.003,437.7593079,0
5139852,"תכלית TTFי (40) ת""א 90 ובנקים",Mid Cap & Large ,מניות לפי שווי שוק,מניות בארץ,7/30/2026 0:00,56633601.21,מיטב,,TRUE,FALSE,0,0,0,0,0,0
5139860,מיטב (6A) בנקים פי 3,,ממונפות בסיכון גבוה,ממונפות ואסטרטגיות,7/30/2026 0:00,76437388.2,מיטב,,FALSE,FALSE,0.015,0.0035,11465.6084,0.011499999,8790.298828,0
5139878,קסם KTF י(4D)י CME CF Bitcoin Reference Rate (BRRNY),,Bitcoin,נכסים דיגיטליים,7/30/2026 0:00,21892620.9,קסם,,TRUE,FALSE,0.002,0,437.852417,0.002,437.852417,0
5139886,MTF מחקה (Indxx Bitcoin Reference (4D,,Bitcoin,נכסים דיגיטליים,7/30/2026 0:00,20885340.26,מגדל,,TRUE,FALSE,0,0,0,0,0,0
5139902,קסם S&P/TSX 60 (4D) KTF,אמריקה- שווקים מפותחים,"מניות גיאוגרפי - חשופת מט""ח","מניות בחו""ל",7/30/2026 0:00,12391804.42,קסם,,TRUE,FALSE,0.006,0,743.5082397,0.006,743.5082397,0
5139910,אי.בי.אי. מחקה (4D)י S&P Bitcoin,,Bitcoin,נכסים דיגיטליים,7/30/2026 0:00,34694246.63,אי.בי.אי,,TRUE,FALSE,0.002,0,693.8850098,0.002,693.8850098,0
5139928,מור מחקה (4D)י S&P Bitcoin Futures Daily Roll Index,,Bitcoin,נכסים דיגיטליים,7/30/2026 0:00,6989972.02,מור,,TRUE,FALSE,0.002,0,139.7994537,0.002,139.7994537,0
5139936,"ATF מחקה (4A) ת""א-20",Large Cap,מניות לפי שווי שוק,מניות בארץ,7/30/2026 0:00,7820257.42,אנליסט,,TRUE,FALSE,0.002,0,156.4051666,0.002,156.4051666,0
5139944,"ATF מחקה (4A) ת""א-50 ריאלי",Mid Cap & Large ,מניות לפי שווי שוק,מניות בארץ,7/30/2026 0:00,7506589.33,אנליסט,,TRUE,FALSE,0.002,0,150.1318054,0.002,150.1318054,0
5139951,"ATF מחקה (4A) ת""א-200", All Cap,מניות לפי שווי שוק,מניות בארץ,7/30/2026 0:00,57417259.81,אנליסט,,TRUE,FALSE,0.002,0,1148.345215,0.002,1148.345215,0
5139969,DCMSי (2D) תיק השקעות גלובלי עד 30% מניות,,"אג""ח חשופת מט""ח","אג""ח בחו""ל ",7/30/2026 0:00,16064597.2,איילון,"דימונד קפיטל שירותי ניהול בע""מ",FALSE,FALSE,0.009,0.0035,1445.813599,0.0055,883.5527954,0
5139977,קסם KTFי(4D)י Cboe S&P 500 15% Buffer FEB IC - מובנה שנתי,אמריקה- שווקים מפותחים,"מניות גיאוגרפי - חשופת מט""ח","מניות בחו""ל",7/30/2026 0:00,5375023.679,קסם,,TRUE,FALSE,0.0075,0,403.1267395,0.0075,403.1267395,0
5139985,הראל מחקה (00)(!) תל בונד- תשואות צמודות,בריבית קבועה ,"אג""ח חברות צמודות מדד","אג""ח בארץ - חברות והמרה",7/30/2026 0:00,25927125.36,הראל,,TRUE,FALSE,0,0,0,0,0,0
5140009,"הראל מחקה (4A) ת""א- ביטוח",ביטוח,מניות לפי ענפים,מניות בארץ,7/30/2026 0:00,172488453.2,הראל,,TRUE,FALSE,0,0,0,0,0,0
5140025,תכלית TTFי (40) משולבת מניות מקומיות חודשי,,מניות בארץ קרן משולבת,מניות בארץ,7/30/2026 0:00,24995397.74,מיטב,,TRUE,FALSE,0,0,0,0,0,0
5140033,אקורד (4B) מניות,מניות All Cap,מניות לפי שווי שוק,מניות בארץ,7/30/2026 0:00,6903353.28,איילון,אקורד,FALSE,FALSE,0.0145,0.0035,1000.986267,0.011,759.3688965,0
5140041,מנשבבגלובל,,"מניות לפי ענפים בחו""ל","מניות בחו""ל",7/30/2026 0:00,85088539.35,מגדל,,FALSE,FALSE,0.005,0.0035,4254.426758,0.0015,1276.327881,0
5140058,קסם KTF י(00)י תל בונד צמודות 1-3,בריבית קבועה - קצר,"אג""ח חברות צמודות מדד","אג""ח בארץ - חברות והמרה",7/30/2026 0:00,164640103.1,קסם,,TRUE,FALSE,0,0,0,0,0,0
5140066,"אי.בי.אי. מחקה (4A) אינדקס נדל""ן למגורים בישראל","נדל""ן ובנייה",מניות לפי ענפים,מניות בארץ,7/30/2026 0:00,14459386.65,אי.בי.אי,,TRUE,FALSE,0,0,0,0,0,0
5140116,ATF מחקה (00) תל בונד-צמודות A,בריבית קבועה ,"אג""ח חברות צמודות מדד","אג""ח בארץ - חברות והמרה",7/30/2026 0:00,8457297.16,אנליסט,,TRUE,FALSE,0,0,0,0,0,0
5140124,ATF מחקה (00)(!) תל בונד-תשואות צמודות,בריבית קבועה ,"אג""ח חברות צמודות מדד","אג""ח בארץ - חברות והמרה",7/30/2026 0:00,56320807.02,אנליסט,,TRUE,FALSE,0,0,0,0,0,0
5140132,"הראל מחקה (4A)י S&P 500 Momentum מנוטרלת מט""ח",אמריקה- שווקים מפותחים,"מניות גיאוגרפי - מנוטרלת מט""ח","מניות בחו""ל",7/30/2026 0:00,173000992,הראל,,TRUE,FALSE,0.005,0,8650.049805,0.005,8650.049805,0
5140140,MTF מחקה (World Top 100 iNDEX (4D מנוטרלת דולר,,"מניות גלובליות - מנוטרלת מט""ח","מניות בחו""ל",7/30/2026 0:00,15051738.52,מגדל,,TRUE,FALSE,0,0,0,0,0,0
5140157,"MTF מחקה (4A) ת""א 90 ובנקים",Mid Cap & Large ,מניות לפי שווי שוק,מניות בארץ,7/30/2026 0:00,11740961.34,מגדל,,TRUE,FALSE,0,0,0,0,0,0
5140165,MTF מחקה (MSCI World (4D מנוטרלת דולר,גלובלי- שווקים מפותחים,"מניות גיאוגרפי - מנוטרלת מט""ח","מניות בחו""ל",7/30/2026 0:00,101599196.6,מגדל,,TRUE,FALSE,0,0,0,0,0,0
5140199,MTF מחקה (4A) אינדקס כלכלת ישראל 125,Mid Cap & Large ,מניות לפי שווי שוק,מניות בארץ,7/30/2026 0:00,125905339.9,מגדל,,TRUE,FALSE,0,0,0,0,0,0
5140207,"MTF מחקה (Indxx US 2000 Profitability (4A מנוטרלת מט""ח",אמריקה- שווקים מפותחים,"מניות גיאוגרפי - מנוטרלת מט""ח","מניות בחו""ל",7/30/2026 0:00,18830524.71,מגדל,,TRUE,FALSE,0.005,0,941.5261841,0.005,941.5261841,0
5140215,"MTF מחקה (Bloomberg New Constructs Core Earnings Leaders (4A מנוטרלת מט""ח",אמריקה- שווקים מפותחים,"מניות גיאוגרפי - מנוטרלת מט""ח","מניות בחו""ל",7/30/2026 0:00,40856462.25,מגדל,,TRUE,FALSE,0.008,0,3268.517334,0.008,3268.517334,0
5140223,אלטשולר שחם מחקה (4D)י A.B US Top Tech Ex Top 5,Technology,"מניות לפי ענפים בחו""ל - חשופת מט""ח","מניות בחו""ל",7/30/2026 0:00,7968812.71,אלטשולר,,TRUE,FALSE,0.005,0,398.4406128,0.005,398.4406128,0
5140231,תכלית TTF י(00)(!) תל-בונד בולט 2029 שקלי,בריבית קבועה,"אג""ח חברות שקלי","אג""ח בארץ - חברות והמרה",7/30/2026 0:00,12227514.1,מיטב,,TRUE,FALSE,0.0015,0,183.4127197,0.0015,183.4127197,0
5140249,תכלית TTF י(00) תל-בונד בולט 10/2028 צמוד,בריבית קבועה ,"אג""ח חברות צמודות מדד","אג""ח בארץ - חברות והמרה",7/30/2026 0:00,8602193.53,מיטב,,TRUE,FALSE,0.0015,0,129.0329132,0.0015,129.0329132,0
5140256,תכלית TTF י(00)(!) תל-בונד בולט 2029 ישראל,"אג""ח חברות שקלי וצמוד","אג""ח חברות ","אג""ח בארץ - חברות והמרה",7/30/2026 0:00,11336357.8,מיטב,,TRUE,FALSE,0.002,0,226.7271729,0.002,226.7271729,0
5140272,"ילין לפידות מחקה (4A)י S&P 500 Market Leaders מנוטרלת מט""ח",אמריקה- שווקים מפותחים,"מניות גיאוגרפי - מנוטרלת מט""ח","מניות בחו""ל",7/30/2026 0:00,13061452.34,ילין,,TRUE,FALSE,0.0049,0,640.0111694,0.0049,640.0111694,0
5140280,ילין לפידות מחקה (4D)י S&P 500 Market Leaders,אמריקה- שווקים מפותחים,"מניות גיאוגרפי - חשופת מט""ח","מניות בחו""ל",7/30/2026 0:00,4662562.54,ילין,,TRUE,FALSE,0.0049,0,228.4655762,0.0049,228.4655762,0
5140298,אי.בי.אי. מחקה (4D)י Indxx Nuclear Energy Industry מנוטרלת דולר,Alternative / Renewable Energy,"מניות לפי ענפים בחו""ל - מנוטרלת מט""ח","מניות בחו""ל",7/30/2026 0:00,271335520.7,אי.בי.אי,,TRUE,FALSE,0.0065,0,17636.80859,0.0065,17636.80859,0
5140306,"אי.בי.אי. מחקה (4A) ת""א-90 ו- CAP 0.8% SME60",Small Cap & Mid,מניות לפי שווי שוק,מניות בארץ,7/30/2026 0:00,7818603.78,אי.בי.אי,,TRUE,FALSE,0,0,0,0,0,0
5140314,אי.בי.אי. מחקה (00) תל גוב-שקלי,ריבית קבועה,"אג""ח מדינה שקליות ","אג""ח בארץ - מדינה",7/30/2026 0:00,36357105.54,אי.בי.אי,,TRUE,FALSE,0,0,0,0,0,0
5140322,אי.בי.אי. מחקה (00) תל גוב-צמודות,צמודות מדד ממשלתיות - אחר,"אג""ח מדינה צמוד מדד","אג""ח בארץ - מדינה",7/30/2026 0:00,16945370.54,אי.בי.אי,,TRUE,FALSE,0.001,0,169.4537048,0.001,169.4537048,0
5140330,אי.בי.אי. מחקה (00) תל גוב-לא צמודות,שקליות ממשלתיות - אחר,"אג""ח מדינה שקליות ","אג""ח בארץ - מדינה",7/30/2026 0:00,22628114.65,אי.בי.אי,,TRUE,FALSE,0.0015,0,339.4217224,0.0015,339.4217224,0
5140348,מיטב (2B)י 15/85 מודל ESG,,"אג""ח כללי בארץ- עד 15% מניות","אג""ח בארץ - כללי",7/30/2026 0:00,8220020.73,מיטב,,FALSE,FALSE,0.0065,0.0035,534.3013306,0.003,246.6006165,0
5140355,"מיטב (0B) אג""ח מודל ESG","אג""ח כללי בארץ ללא מניות וללא סימן קריאה ","אג""ח כללי בארץ - ללא מניות","אג""ח בארץ - כללי",7/30/2026 0:00,196593246.9,מיטב,,FALSE,FALSE,0.0059,0.0035,11599.00195,0.0024,4718.238281,0
5140363,"קסם KTF י(4A)י TipRanks US Momentum Analysts iNDEX מנוטרלת מט""ח",אמריקה- שווקים מפותחים,"מניות גיאוגרפי - מנוטרלת מט""ח","מניות בחו""ל",7/30/2026 0:00,36415170.41,קסם,,TRUE,FALSE,0.007,0,2549.062012,0.007,2549.062012,0
5140371,אביב (1B)י 10/90 תיק מודל ESG כשרה,"אג""ח כללי בארץ- עד 10% מניות ללא סימן קריאה","אג""ח כללי בארץ - עד 10% מניות","אג""ח בארץ - כללי",7/30/2026 0:00,32733045.14,איילון,"אביב בית השקעות (2022) בע""מ",FALSE,FALSE,0.0087,0.0035,2847.774902,0.0052,1702.118408,0
5140397,MTF מחקה (4A) אינדקס כלכלת ישראל 90,Mid Cap,מניות לפי שווי שוק,מניות בארץ,7/30/2026 0:00,7352777.51,מגדל,,TRUE,FALSE,0,0,0,0,0,0
5140413,אנליסט (00) כספית חיסכון,כספית שקלית עם קונצרני,כספית שקלית,קרן כספית,7/30/2026 0:00,1593442763,אנליסט,,FALSE,FALSE,0.0012,0.001,19121.31445,0.0002,3186.885742,1
5140439,MTF מחקה (Indxx Top 10 Europe Defense (4D מנוטרלת אירו,Aerospace & Defense,"מניות לפי ענפים בחו""ל - מנוטרלת מט""ח","מניות בחו""ל",7/30/2026 0:00,35065133.96,מגדל,,TRUE,FALSE,0.004,0,1402.605347,0.004,1402.605347,0
5140447,"MTF מחקה (4A) ת""א - ביטוח",ביטוח,מניות לפי ענפים,מניות בארץ,7/30/2026 0:00,171337313.8,מגדל,,TRUE,FALSE,0,0,0,0,0,0
5140454,תכלית TTF י(4D)י CME CF Ethereum Reference Rate (ETHUSDNY),,Ethereum,נכסים דיגיטליים,7/30/2026 0:00,17061460.24,מיטב,,TRUE,FALSE,0.005,0,853.072998,0.005,853.072998,0
5140462,אי.בי.אי. (0B) מדורגות A ומעלה,"חברות והמרה ללא מניות וללא סימן קריאה, עם מגבלת מח""מ עד 5 שנים",חברות והמרה ללא מניות,"אג""ח בארץ - חברות והמרה",7/30/2026 0:00,894715.28,אי.בי.אי,,FALSE,FALSE,0.005,0.0035,44.73575974,0.0015,13.42072678,0
5140470,"אקורד (0B) אג""ח ללא מניות","אג""ח כללי בארץ ללא מניות וללא סימן קריאה ","אג""ח כללי בארץ - ללא מניות","אג""ח בארץ - כללי",7/30/2026 0:00,17088340.3,איילון,אקורד,FALSE,FALSE,0.0075,0.0035,1281.625488,0.004,683.5335693,0
5140496,דולפין (4D) תיק השקעות גמיש,,,גמישות,7/30/2026 0:00,17564135.06,איילון,דולפין,FALSE,FALSE,0.012,0.0035,2107.696289,0.0085,1492.95166,0
5140504,"מיטב (4A) ת""א 125 מומנטום",מניות Large & Mid Cap ,מניות לפי שווי שוק,מניות בארץ,7/30/2026 0:00,136017660.8,מיטב,,FALSE,FALSE,0.0105,0.0035,14281.85449,0.007,9521.235352,0
5140512,"קסם KTFי(00)(!) אינדקס אג""ח תשואות 100",,חברות והמרה בסיכון גבוה ,"אג""ח בארץ - חברות והמרה",7/30/2026 0:00,92104294.58,קסם,,TRUE,FALSE,0.0022,0,2026.294556,0.0022,2026.294556,0
5140520,קסם KTFי(00)(!) אינדקס Bullet ישראל 2032,"אג""ח חברות שקלי וצמוד","אג""ח חברות ","אג""ח בארץ - חברות והמרה",7/30/2026 0:00,171189141.3,קסם,,TRUE,FALSE,0.0022,0,3766.161133,0.0022,3766.161133,0
5140538,קסם KTFי(00)(!) אינדקס Bullet שקלי 2031,בריבית קבועה,"אג""ח חברות שקלי","אג""ח בארץ - חברות והמרה",7/30/2026 0:00,43775989.19,קסם,,TRUE,FALSE,0.0022,0,963.0717163,0.0022,963.0717163,0
5140546,"אלטשולר שחם מחקה (4A)י S&P 500 מנוטרלת מט""ח",אמריקה- שווקים מפותחים,"מניות גיאוגרפי - מנוטרלת מט""ח","מניות בחו""ל",7/30/2026 0:00,106537676.6,אלטשולר,,TRUE,FALSE,0,0,0,0,0,0
5140553,פסטרנק שהם (2B)י 25/75,,"אג""ח כללי בארץ- עד 25% מניות","אג""ח בארץ - כללי",7/30/2026 0:00,15164880.7,איילון,פסטרנק,FALSE,FALSE,0.0059,0.0035,894.7280273,0.0024,363.9571533,0
5140561,"הראל מחקה (4A) אינדקס תעשיות ביטחוניות ארה""ב וישראל מנוטרלת מט""ח",Aerospace & Defense,"מניות לפי ענפים בחו""ל - מנוטרלת מט""ח","מניות בחו""ל",7/30/2026 0:00,133957034.6,הראל,,TRUE,FALSE,0.005,0,6697.851563,0.005,6697.851563,0
5140579,אקהאוס (4B) מניות ישראל,מניות All Cap,מניות לפי שווי שוק,מניות בארץ,7/30/2026 0:00,33127490.84,איילון,"אקהאוס קפיטל בע""מ",FALSE,FALSE,0.017000001,0.0035,5631.673828,0.013500001,4472.211426,0
5140587,"איילון זבולון (4D) מניות חו""ל - נקובת דולר","מניות חו""ל נקובת מט""ח","מניות כללי בחו""ל","מניות בחו""ל",7/30/2026 0:00,150206541.1,איילון,זבולון שרותי מחקר בע״מ ,FALSE,FALSE,0.0175,0.0035,26286.14453,0.014,21028.91602,0
5140595,"MTF מחקה (4A) ת""א -נפט וגז","נפט, גז ואנרגיה",מניות לפי ענפים,מניות בארץ,7/30/2026 0:00,55321595.36,מגדל,,TRUE,FALSE,0,0,0,0,0,0
5140603,"קסם אקטיב (4D) מניות ארה""ב שריעה","ארה""ב חשופת מט""ח",מניות גיאוגרפי,"מניות בחו""ל",7/30/2026 0:00,4597579.94,קסם,"אלברכה השקעות ופיננסים שריעה בע""מ ",FALSE,FALSE,0.015,0.0035,689.6369629,0.011499999,528.7216187,0
5140611,אי.בי.אי. (0A) קונצרני מדורג,חברות והמרה ללא מניות וללא סימן קריאה,חברות והמרה ללא מניות,"אג""ח בארץ - חברות והמרה",7/30/2026 0:00,3575376.48,אי.בי.אי,,FALSE,FALSE,0.005,0.0035,178.7688141,0.0015,53.63063812,0
5140629,"הראל מחקה (4D) אינדקס תשתיות ובינוי ארה""ב וישראל",שילוב ענפים,"מניות לפי ענפים בחו""ל - חשופת מט""ח","מניות בחו""ל",7/30/2026 0:00,9713180.91,הראל,,TRUE,FALSE,0.004,0,388.5272522,0.004,388.5272522,0
5140637,"תכלית TTF י(4A)י US Capital Markets iNDEX מנוטרלת מט""ח",Financial,"מניות לפי ענפים בחו""ל - מנוטרלת מט""ח","מניות בחו""ל",7/30/2026 0:00,14241068.83,מיטב,,TRUE,FALSE,0.005,0,712.0534058,0.005,712.0534058,0
5140645,אלטשולר שחם מחקה (4D)י A.B US Tech Ex Top 30,Technology,"מניות לפי ענפים בחו""ל - חשופת מט""ח","מניות בחו""ל",7/30/2026 0:00,1092306.25,אלטשולר,,TRUE,FALSE,0.008,0,87.38450623,0.008,87.38450623,0
5140652,אלטשולר שחם מחקה (00) אינדקס AAA שקלי,,,"אג""ח בארץ כללי",7/30/2026 0:00,4458432.86,אלטשולר,,TRUE,FALSE,0.0015,0,66.87649536,0.0015,66.87649536,0
5140660,אלטשולר שחם מחקה (4A) אינדקס חברות ניהול השקעות ומסחר בישראל,פיננסים,מניות לפי ענפים,מניות בארץ,7/30/2026 0:00,41277312.13,אלטשולר,,TRUE,FALSE,0.005,0,2063.865479,0.005,2063.865479,0
5140678,ילין לפידות מחקה (4D)י S&P 500 Market Leaders נקובה $,אמריקה- שווקים מפותחים,"מניות גיאוגרפי - חשופת מט""ח","מניות בחו""ל",7/30/2026 0:00,8367347.24,ילין,,TRUE,FALSE,0.007,0,585.7142944,0.007,585.7142944,0
5140686,אנליסט (6F) מניות ממונפת,,ממונפות בסיכון גבוה,ממונפות ואסטרטגיות,7/30/2026 0:00,1116245.13,אנליסט,,FALSE,FALSE,0.037500001,0.0035,418.5919189,0.034000002,379.5233765,0
5140694,פרופאונד (4B) מניות Large & Mid Cap ישראל,מניות Large & Mid Cap ,מניות לפי שווי שוק,מניות בארץ,7/30/2026 0:00,41865352.17,איילון,פרופאונד,FALSE,FALSE,0.01,0.0035,4186.535156,0.0065,2721.247803,0
5140702,"מור (2B) אג""ח חברות + 20%",חברות והמרה עם מניות ללא סימן קריאה,חברות והמרה עם מניות,"אג""ח בארץ - חברות והמרה",7/30/2026 0:00,144493023.4,מור,,FALSE,FALSE,0.0079,0.0035,11414.94824,0.0044,6357.692383,0
5140710,"הראל מחקה (4A) ת""א SME60 מודל רווחיות משקל שווה",Small Cap & Mid,מניות לפי שווי שוק,מניות בארץ,7/30/2026 0:00,5312349.22,הראל,,TRUE,FALSE,0.004,0,212.4939728,0.004,212.4939728,0
5140728,"הראל מחקה (4A) ת""א-90 מודל רווחיות משקל שווה",Mid Cap,מניות לפי שווי שוק,מניות בארץ,7/30/2026 0:00,813479.44,הראל,,TRUE,FALSE,0.004,0,32.53918076,0.004,32.53918076,0
5140736,תכלית TTFי (4A)י ‏אינדקס 150 Small-Mid Cap ישראל,Small Cap & Mid,מניות לפי שווי שוק,מניות בארץ,7/30/2026 0:00,7454372.02,מיטב,,TRUE,FALSE,0.0025,0,186.3592987,0.0025,186.3592987,0
5140744,Ai,,"מניות לפי ענפים בחו""ל","מניות בחו""ל",7/30/2026 0:00,9256216.08,מגדל,,FALSE,FALSE,0.005,0.0035,462.810791,0.0015,138.8432159,0
5140751,אי.בי.אי. ויינשטיין (3C) אגד ישראלי,,אגד ישראלי,אגד קרנות,7/30/2026 0:00,9866481.03,אי.בי.אי,GREMMY ADVISORS LIMITED,FALSE,FALSE,0,0.0035,0,-0.0035,-345.3268433,0
5140769,אי.בי.אי. מחקה (4D)י S&P 500 Equal Weight,אמריקה- שווקים מפותחים,"מניות גיאוגרפי - חשופת מט""ח","מניות בחו""ל",7/30/2026 0:00,30585519.89,אי.בי.אי,,TRUE,FALSE,0,0,0,0,0,0
5140777,קסם KTF י(0D) אינדקס Bullet דולר 2030 - גלובלי נקובה $,,"חברות והמרה חשופת מט""ח","אג""ח בחו""ל",7/30/2026 0:00,10278692.68,קסם,,TRUE,FALSE,0.004,0,411.1477356,0.004,411.1477356,0
5140785,כספית ללא קונצרני,כספית שקלית ללא קונצרני,כספית שקלית,קרן כספית,7/30/2026 0:00,3892359714,מגדל,,FALSE,FALSE,0.0006,0.001,23354.1582,-0.0004,-15569.43848,1
5140793,קסם KTFי(4D)י Cboe S&P 500 15% Buffer JUL IC - מובנה שנתי,אמריקה- שווקים מפותחים,"מניות גיאוגרפי - חשופת מט""ח","מניות בחו""ל",7/30/2026 0:00,1459257.76,קסם,,TRUE,FALSE,0.0075,0,109.4443283,0.0075,109.4443283,0
5140801,ברק (6D) אולטרה זהב פי 3,,ממונפות בסיכון גבוה,ממונפות ואסטרטגיות,7/30/2026 0:00,11037744.62,ברק,,FALSE,FALSE,0.017999999,0.0035,1986.793945,0.0145,1600.473022,0
5140819,"ברק (0C) אג""ח ללא מניות","אג""ח כללי בארץ ללא מניות וללא סימן קריאה ","אג""ח כללי בארץ - ללא מניות","אג""ח בארץ - כללי",7/30/2026 0:00,921114.71,ברק,,FALSE,FALSE,0.008,0.0035,73.68917847,0.0045,41.45016479,0
5140827,"אי.בי.אי. מחקה (4A) ת""א-נפט וגז","נפט, גז ואנרגיה",מניות לפי ענפים,מניות בארץ,7/30/2026 0:00,48105964.24,אי.בי.אי,,TRUE,FALSE,0,0,0,0,0,0
5140835,"אילים (0B) אג""ח מדורגות",חברות והמרה ללא מניות וללא סימן קריאה,חברות והמרה ללא מניות,"אג""ח בארץ - חברות והמרה",7/30/2026 0:00,1141724.25,אילים,,FALSE,FALSE,0.0059,0.0035,67.36173248,0.0024,27.40138245,0
5140843,אי.בי.אי. מחקה (4D)י MarketVector Global Defense,Aerospace & Defense,"מניות לפי ענפים בחו""ל - חשופת מט""ח","מניות בחו""ל",7/30/2026 0:00,43832177.73,אי.בי.אי,,TRUE,FALSE,0,0,0,0,0,0
5140850,MTF מחקה (4D)י S&P 500 Momentum,אמריקה- שווקים מפותחים,"מניות גיאוגרפי - חשופת מט""ח","מניות בחו""ל",7/30/2026 0:00,21005204.67,מגדל,,TRUE,FALSE,0.0025,0,525.1300659,0.0025,525.1300659,0
5140868,MTF מחקה (00)(!) אינדקס 0-3 שקלי עד A,בריבית קבועה - קצר,"אג""ח חברות שקלי","אג""ח בארץ - חברות והמרה",7/30/2026 0:00,8318390.93,מגדל,,TRUE,FALSE,0,0,0,0,0,0
5140884,"MTF מחקה (4A)י Bluestar TOP 10 US Listed Alternative Asset Managers מנוטרלת מט""ח",Financial,"מניות לפי ענפים בחו""ל - מנוטרלת מט""ח","מניות בחו""ל",7/30/2026 0:00,1686903.13,מגדל,,TRUE,FALSE,0.005,0,84.34515381,0.005,84.34515381,0
5140892,"MTF מחקה (4A) ת""א – נדל""ן","נדל""ן ובנייה",מניות לפי ענפים,מניות בארץ,7/30/2026 0:00,68143517.92,מגדל,,TRUE,FALSE,0,0,0,0,0,0
5140900,"MTF מחקה (00) אינדקס מדינת ישראל - מח""מ 10 קבוע שקלי",‏ריבית קבועה - ארוך,"אג""ח מדינה שקליות ","אג""ח בארץ - מדינה",7/30/2026 0:00,60160313.51,מגדל,,TRUE,FALSE,0,0,0,0,0,0
5140918,אלטשולר שחם (00) כספית ניהול נזילות,כספית שקלית עם קונצרני,כספית שקלית,קרן כספית,7/30/2026 0:00,11423943548,אלטשולר,,FALSE,FALSE,0.0006,0.001,68543.66406,-0.0004,-45695.77344,1
5140926,הראל מחקה (4D) אינדקס תעשיות ביטחוניות אירופה Top10,Aerospace & Defense,"מניות לפי ענפים בחו""ל - חשופת מט""ח","מניות בחו""ל",7/30/2026 0:00,7624684.17,הראל,,TRUE,FALSE,0.004,0,304.9873657,0.004,304.9873657,0
5140942,דולפין (0D)(!)י Israeli global bond נקובה $,,"אג""ח נקובת מט""ח","אג""ח בחו""ל ",7/30/2026 0:00,289370721.2,איילון,דולפין,FALSE,FALSE,0.0069,0.0035,19966.58008,0.0034,9838.603516,0
5140959,אלטשולר שחם מחקה (4C)י A.B TLV-NY Israel Top 25,אחר,מניות לפי שווי שוק,מניות בארץ,7/30/2026 0:00,409286.45,אלטשולר,,TRUE,FALSE,0.008,0,32.74291611,0.008,32.74291611,0
5140967,קסם KTFי (4D) אינדקס תשתיות ובינוי אירופה מנוטרלת אירו,REIT &  Real Estate,"מניות לפי ענפים בחו""ל - מנוטרלת מט""ח","מניות בחו""ל",7/30/2026 0:00,25989085.82,קסם,,TRUE,FALSE,0.007,0,1819.236084,0.007,1819.236084,0
5140975,תכלית 4A) TTF) ‏אינדקס תשתיות חיוניות ובנייה בישראל,שילוב ענפים,מניות לפי ענפים,מניות בארץ,7/30/2026 0:00,39522821.3,מיטב,,TRUE,FALSE,0.004,0,1580.912964,0.004,1580.912964,0
5140983,איילון (4A) מניות ביטוח,,מניות לפי ענפים,מניות בארץ,7/30/2026 0:00,15616444.19,איילון,,FALSE,FALSE,0.0059,0.0035,921.3702393,0.0024,374.7946777,0
5140991,הראל מחקה (00) אינדקס לפדיון 2029 (מתגלגל כל 4 שנים),"אג""ח חברות שקלי וצמוד","אג""ח חברות ","אג""ח בארץ - חברות והמרה",7/30/2026 0:00,25775087.52,הראל,,TRUE,FALSE,0.0015,0,386.6263428,0.0015,386.6263428,0
5141007,MTF מחקה (4D)י Bloomberg US Analyst Recommendations נקובה $,אמריקה- שווקים מפותחים,"מניות גיאוגרפי - חשופת מט""ח","מניות בחו""ל",7/30/2026 0:00,3113368.46,מגדל,,TRUE,FALSE,0.008,0,249.0695038,0.008,249.0695038,0
5141031,"אי.בי.אי. מחקה (4A) אינדקס ת""א Small Cap 60 רווחיות",Small Cap,מניות לפי שווי שוק,מניות בארץ,7/30/2026 0:00,14510953.16,אי.בי.אי,,TRUE,FALSE,0.0025,0,362.7738037,0.0025,362.7738037,0
5141049,"פרופאונד (1B)(!) תיק אג""ח + 10%","אג""ח כללי בארץ- עד 10% מניות ועם סימן קריאה","אג""ח כללי בארץ - עד 10% מניות","אג""ח בארץ - כללי",7/30/2026 0:00,19668882.62,איילון,"פרופאונד ניהול הון (סי. אם) בע""מ",FALSE,FALSE,0.0069,0.0035,1357.152832,0.0034,668.7419434,0
5141056,"אלטשולר שחם מחקה (4A) ת""א 90",Mid Cap,מניות לפי שווי שוק,מניות בארץ,7/30/2026 0:00,34794624.99,אלטשולר,,TRUE,FALSE,0,0,0,0,0,0
5141064,אלטשולר שחם מחקה (00) תל בונד-צמודות 1-3,בריבית קבועה - קצר,"אג""ח חברות צמודות מדד","אג""ח בארץ - חברות והמרה",7/30/2026 0:00,11572962.89,אלטשולר,,TRUE,FALSE,0,0,0,0,0,0
5141072,MTF מחקה (4A) אינדקס פיננסים ישראל Top15,פיננסים,מניות לפי ענפים,מניות בארץ,7/30/2026 0:00,38649511.84,מגדל,,TRUE,FALSE,0.004,0,1545.980591,0.004,1545.980591,0
5141080,קסם אקטיב (0D) סוקוק חשופת דולר - שריעה,,"אג""ח חשופת דולר","אג""ח בחו""ל ",7/30/2026 0:00,9879556.38,קסם,"אלברכה השקעות ופיננסים שריעה בע""מ",FALSE,FALSE,0.007,0.0035,691.5689087,0.0035,345.7844543,0
5141098,דולפין (00) כספית שקלית,כספית שקלית עם קונצרני,כספית שקלית,קרן כספית,7/30/2026 0:00,354138546.1,איילון,דולפין,FALSE,FALSE,0.0005,0.001,1770.692871,-0.0005,-1770.692871,1
5141106,אי.בי.אי. (2B) מדינה + 20%,,"אג""ח מדינה כללי- עד 20% מניות","אג""ח בארץ - מדינה",7/30/2026 0:00,21005737.23,אי.בי.אי,,FALSE,FALSE,0.006,0.0035,1260.34436,0.0025,525.1434326,0
5141114,"MTF מחקה (4A)י S&P 500 Momentum מנוטרלת מט""ח",אמריקה- שווקים מפותחים,"מניות גיאוגרפי - מנוטרלת מט""ח","מניות בחו""ל",7/30/2026 0:00,24077697.86,מגדל,,TRUE,FALSE,0.0025,0,601.9424438,0.0025,601.9424438,0
5141122,"ילין לפידות מחקה (00) quabify אג""ח לפדיון 2031 צמוד",בריבית קבועה ,"אג""ח חברות צמודות מדד","אג""ח בארץ - חברות והמרה",7/30/2026 0:00,51964575.12,ילין,,TRUE,FALSE,0.0024,0,1247.149902,0.0024,1247.149902,0
5141130,"ילין לפידות מחקה (00) quabify אג""ח לפדיון 2031 שקלי",בריבית קבועה,"אג""ח חברות שקלי","אג""ח בארץ - חברות והמרה",7/30/2026 0:00,13691987.24,ילין,,TRUE,FALSE,0.0024,0,328.6076965,0.0024,328.6076965,0
5141148,ילין לפידות מחקה (00) quabify אג״ח לפדיון 2031 מאוזן,"אג""ח חברות שקלי וצמוד","אג""ח חברות ","אג""ח בארץ - חברות והמרה",7/30/2026 0:00,17631033.01,ילין,,TRUE,FALSE,0.0024,0,423.1448364,0.0024,423.1448364,0
5141155,ילין לפידות מחקה (00) quabify אג״ח לפדיון 2032 מאוזן,"אג""ח חברות שקלי וצמוד","אג""ח חברות ","אג""ח בארץ - חברות והמרה",7/30/2026 0:00,13035642.05,ילין,,TRUE,FALSE,0.0024,0,312.8554077,0.0024,312.8554077,0
5141163,"ילין לפידות מחקה (00) quabify אג""ח לפדיון 2032 שקלי",בריבית קבועה,"אג""ח חברות שקלי","אג""ח בארץ - חברות והמרה",7/30/2026 0:00,37131543.13,ילין,,TRUE,FALSE,0.0024,0,891.1571045,0.0024,891.1571045,0
5141171,"ילין לפידות מחקה (00) quabify אג""ח לפדיון 2032 צמוד",בריבית קבועה ,"אג""ח חברות צמודות מדד","אג""ח בארץ - חברות והמרה",7/30/2026 0:00,12405448.37,ילין,,TRUE,FALSE,0.0024,0,297.7307739,0.0024,297.7307739,0
5141189,אי.בי.אי. (4B) מניות תעשיות ביטחוניות ישראל,,מניות לפי ענפים,מניות בארץ,7/30/2026 0:00,898159456.2,אי.בי.אי,,FALSE,FALSE,0.0095,0.0035,85325.14844,0.006,53889.56641,0
5141197,אי.בי.אי. (00) כספית חיסכון,כספית שקלית עם קונצרני,כספית שקלית,קרן כספית,7/30/2026 0:00,2716574356,אי.בי.אי,,FALSE,FALSE,0.0007,0.001,19016.01953,-0.0003,-8149.725586,1
5141205,"אלטשולר שחם מחקה (4A) ת""א 125",Mid Cap & Large ,מניות לפי שווי שוק,מניות בארץ,7/30/2026 0:00,69921555.7,אלטשולר,,TRUE,FALSE,0,0,0,0,0,0
5141213,"MTF מחקה (Indxx Building America Infrastructure (4A מנוטרלת מט""ח",שילוב ענפים,"מניות לפי ענפים בחו""ל - מנוטרלת מט""ח","מניות בחו""ל",7/30/2026 0:00,12505854.11,מגדל,,TRUE,FALSE,0.005,0,625.2926636,0.005,625.2926636,0
5141221,אי.בי.אי. (4B) מניות ערך,מניות All Cap,מניות לפי שווי שוק,מניות בארץ,7/30/2026 0:00,937047.25,אי.בי.אי,,FALSE,FALSE,0.007,0.0035,65.5933075,0.0035,32.79665375,0
5141239,אלטשולר שחם מחקה (4A) בנקים בישראל A.B,בנקאות ואשראי חוץ בנקאי,מניות לפי ענפים,מניות בארץ,7/30/2026 0:00,31678825.2,אלטשולר,,TRUE,FALSE,0,0,0,0,0,0
5141247,אנליסט (4B) מניות Mid Cap ישראל,מניות Large & Mid Cap ,מניות לפי שווי שוק,מניות בארץ,7/30/2026 0:00,3599582.2,אנליסט,,FALSE,FALSE,0.0095,0.0035,341.9602966,0.006,215.9749146,0
5141254,אנליסט (1A) מדינה צמודה פלוס,,"אג""ח מדינה צמוד מדד- עד 10% מניות ","אג""ח בארץ - מדינה",7/30/2026 0:00,2916864.25,אנליסט,,FALSE,FALSE,0.0058,0.0035,169.1781158,0.0023,67.08787537,0
5141262,"MTF מחקה (Indxx Top 10 US-Israel Banks (4A מנוטרלת מט""ח",,"מניות גלובליות - מנוטרלת מט""ח","מניות בחו""ל",7/30/2026 0:00,4277771.58,מגדל,,TRUE,FALSE,0.005,0,213.8885651,0.005,213.8885651,0
5141270,"פינסה (0B)(!) תיק אג""ח","אג""ח כללי בארץ ללא מניות עם סימן קריאה","אג""ח כללי בארץ - ללא מניות","אג""ח בארץ - כללי",7/30/2026 0:00,92013719.2,סיגמא,"פינסה מגיטס ניהול נכסים בע""מ.",FALSE,FALSE,0.0075,0.0035,6901.028809,0.004,3680.548828,0
5141288,אלטשולר שחם מחקה (4D)י INDXX US Big Data,Technology,"מניות לפי ענפים בחו""ל - חשופת מט""ח","מניות בחו""ל",7/30/2026 0:00,461298.04,אלטשולר,,TRUE,FALSE,0.008,0,36.90384674,0.008,36.90384674,0
5141296,מיטב (00) כספית ג'מבו,כספית שקלית עם קונצרני,כספית שקלית,קרן כספית,7/30/2026 0:00,1620518472,מיטב,,FALSE,FALSE,0.0012,0.001,19446.22266,0.0002,3241.037109,1
5141304,מגדל (00) כספית חיסכון,כספית שקלית עם קונצרני,כספית שקלית,קרן כספית,7/30/2026 0:00,98810821.3,מגדל,,FALSE,FALSE,0.001,0.001,988.1082764,0,0,1
5141312,קסם KTFי (4A) אינדקס בנקים ישראל,בנקאות ואשראי חוץ בנקאי,מניות לפי ענפים,מניות בארץ,7/30/2026 0:00,183339561,קסם,,TRUE,FALSE,0,0,0,0,0,0
5141320,קסם KTF י(4D)י TipRanks Global Momentum Analysts iNDEX מנוטרלת דולר,גלובלי- שווקים מפותחים,"מניות גיאוגרפי - מנוטרלת מט""ח","מניות בחו""ל",7/30/2026 0:00,26925529.63,קסם,,TRUE,FALSE,0.007,0,1884.787109,0.007,1884.787109,0
5141353,FOREST י(00) כספית,כספית שקלית עם קונצרני,כספית שקלית,קרן כספית,7/30/2026 0:00,3489450037,פורסט,,FALSE,FALSE,0.0005,0.001,17447.25195,-0.0005,-17447.25195,1
5141361,מור מחקה י(4D)י Nuclear Energy Industry iNDEX,Alternative / Renewable Energy,"מניות לפי ענפים בחו""ל - חשופת מט""ח","מניות בחו""ל",7/30/2026 0:00,24747812.48,מור,,TRUE,FALSE,0,0,0,0,0,0
5141387,"אי.בי.אי. (4B) תיק מניות חו""ל עד 30% מט""ח","מניות כללי בחו""ל מוגנת מט""ח","מניות כללי בחו""ל","מניות בחו""ל",7/30/2026 0:00,152860630.2,אי.בי.אי,,FALSE,FALSE,0.007,0.0035,10700.24414,0.0035,5350.12207,0
5141395,פורטה (4D)י Quality Equity USA,"ארה""ב חשופת מט""ח",מניות גיאוגרפי,"מניות בחו""ל",7/30/2026 0:00,296764669.8,סיגמא,"פורטה ניהול תיקי השקעות בע""מ.",FALSE,FALSE,0.012,0.0035,35611.76172,0.0085,25225,0
5141403,"קסם KTF י(4A)י CME CF Bitcoin Reference Rate (BRRNY) מנוטרלת מט""ח",,Bitcoin,נכסים דיגיטליים,7/30/2026 0:00,6297831.7,קסם,,TRUE,FALSE,0.005,0,314.891571,0.005,314.891571,0
5141411,מור (4A) מניות MID CAP ישראל,מניות Large & Mid Cap ,מניות לפי שווי שוק,מניות בארץ,7/30/2026 0:00,48333415.88,מור,,FALSE,FALSE,0.0095,0.0035,4591.674316,0.006,2900.004639,0
5141429,תכלית TTFי (4B)‏ אינדקס שוק ההון ישראל,פיננסים,מניות לפי ענפים,מניות בארץ,7/30/2026 0:00,30520613.77,מיטב,,TRUE,FALSE,0.005,0,1526.03064,0.005,1526.03064,0
5141437,"מיטב (6A) ת""א 90 פי 3",,ממונפות בסיכון גבוה,ממונפות ואסטרטגיות,7/30/2026 0:00,7345499.05,מיטב,,FALSE,FALSE,0.015,0.0035,1101.824829,0.011499999,844.7322998,0
5141445,איילון (4B) מניות ביטחוניות ישראל,,מניות לפי ענפים,מניות בארץ,7/30/2026 0:00,57300421.06,איילון,,FALSE,FALSE,0.008,0.0035,4584.033691,0.0045,2578.519043,0
5141452,ילין לפידות (00) כספית כשרה,כספית שקלית עם קונצרני,כספית שקלית,קרן כספית,7/30/2026 0:00,3747710622,ילין,,FALSE,FALSE,0.0006,0.001,22486.26563,-0.0004,-14990.84277,1
5141460,הראל מחקה (00) אינדקס לפדיון 2031 (מתגלגל כל 4 שנים),"אג""ח חברות שקלי וצמוד","אג""ח חברות ","אג""ח בארץ - חברות והמרה",7/30/2026 0:00,12007365.95,הראל,,TRUE,FALSE,0.0015,0,180.1104889,0.0015,180.1104889,0
5141478,"קסם KTFי (4A) ת""א נדל""ן","נדל""ן ובנייה",מניות לפי ענפים,מניות בארץ,7/30/2026 0:00,8328220.65,קסם,,TRUE,FALSE,0,0,0,0,0,0
5141486,מיטב (4B) בנקים – ביטוח ושוק ההון,,מניות לפי ענפים,מניות בארץ,7/30/2026 0:00,9921292.41,מיטב,,FALSE,FALSE,0.0095,0.0035,942.5227051,0.006,595.2774658,0
5141494,קסם KTF י(4D)י MarketVector Global Nuclear Energy Industry Index מנוטרלת דולר,Alternative / Renewable Energy,"מניות לפי ענפים בחו""ל - מנוטרלת מט""ח","מניות בחו""ל",7/30/2026 0:00,9664444.039,קסם,,TRUE,FALSE,0.006,0,579.8666382,0.006,579.8666382,0
5141502,ב. אלטרנטיב (2B)י 30/70,,"אג""ח כללי בארץ - עד 30% מניות","אג""ח בארץ - כללי",7/30/2026 0:00,20322314.8,איילון,בסט אלטרנטיב,FALSE,FALSE,0.0078,0.0035,1585.140381,0.0043,873.859436,0
5141510,"אקהאוס (4D) מניות חו""ל","מניות כללי בחו""ל חשופת מט""ח","מניות כללי בחו""ל","מניות בחו""ל",7/30/2026 0:00,7308731.13,איילון,"אקהאוס קפיטל בע""מ",FALSE,FALSE,0.0175,0.0035,1279.027832,0.014,1023.222351,0
5141528,פוקוס (3C)י 50/50,,"אג""ח כללי בארץ - חשיפה מרבית מעל 30% מניות","אג""ח בארץ - כללי",7/30/2026 0:00,27593473.17,איילון,פוקוס,FALSE,FALSE,0.0089,0.0035,2455.819336,0.0054,1490.047485,0
5141536,כרמים (2B)י 30/70,,"אג""ח כללי בארץ - עד 30% מניות","אג""ח בארץ - כללי",7/30/2026 0:00,34265795.73,איילון,כרמים,FALSE,FALSE,0.0085,0.0035,2912.593018,0.005,1713.289917,0
5141544,"סיגמא (2B) תיק אג""ח + 30%",,"אג""ח כללי בארץ - עד 30% מניות","אג""ח בארץ - כללי",7/30/2026 0:00,52774371.66,סיגמא,,FALSE,FALSE,0.0069,0.0035,3641.431641,0.0034,1794.328491,0
5141551,גביש (4B) מניות ישראל,מניות All Cap,מניות לפי שווי שוק,מניות בארץ,7/30/2026 0:00,6388444.12,סיגמא,"גביש פיננסים ניהול תיקי השקעות בע""מ ",FALSE,FALSE,0.0185,0.0035,1181.862183,0.015000001,958.2666626,0
5141569,"אלטשולר שחם מחקה (4A)י Nasdaq 100 מנוטרלת מט""ח",אמריקה- שווקים מפותחים,"מניות גיאוגרפי - מנוטרלת מט""ח","מניות בחו""ל",7/30/2026 0:00,12805027.53,אלטשולר,,TRUE,FALSE,0,0,0,0,0,0
5141577,אילים (1B) מדינה צמודה פלוס,,"אג""ח מדינה צמוד מדד- עד 10% מניות ","אג""ח בארץ - מדינה",7/30/2026 0:00,23878967.57,אילים,,FALSE,FALSE,0.0059,0.0035,1408.859131,0.0024,573.0952759,0
5141585,תמיר פישמן (2B)י 20/80,,"אג""ח כללי בארץ - עד 20% מניות","אג""ח בארץ - כללי",7/30/2026 0:00,1388333.27,תמיר,,FALSE,FALSE,0.0069,0.0035,95.79499817,0.0034,47.20332718,0
5141593,תמיר פישמן (2B)י 30/70,,"אג""ח כללי בארץ - עד 30% מניות","אג""ח בארץ - כללי",7/30/2026 0:00,2541702.66,תמיר,,FALSE,FALSE,0.0069,0.0035,175.3774872,0.0034,86.41788483,0
5141601,תמיר פישמן (4D)י גמישה,,,גמישות,7/30/2026 0:00,4717330.5,תמיר,,FALSE,FALSE,0.0149,0.0035,702.8822632,0.011399999,537.7756348,0
5141619,מיטב (4D) מניות גלובלי כשרה,"מניות כללי בחו""ל חשופת מט""ח","מניות כללי בחו""ל","מניות בחו""ל",7/30/2026 0:00,7545091.93,מיטב,,FALSE,FALSE,0.0095,0.0035,716.7836914,0.006,452.7054749,0
5141627,"תכלית TTFי (4A)י ‏‏‏LBMA Gold Price AM מנוטרלת מט""ח",,סחורה ,סחורות,7/30/2026 0:00,69106003.49,מיטב,,TRUE,FALSE,0.0095,0,6565.069824,0.0095,6565.069824,0
5141635,אלטשולר שחם מחקה (00) תל בונד-שקלי 5-15,בריבית קבועה - ארוך,"אג""ח חברות שקלי","אג""ח בארץ - חברות והמרה",7/30/2026 0:00,1311912.32,אלטשולר,,TRUE,FALSE,0,0,0,0,0,0
5141643,"סיגמא (4B) מניות ת""א 125",מניות Large & Mid Cap ,מניות לפי שווי שוק,מניות בארץ,7/30/2026 0:00,4081211.95,סיגמא,,FALSE,FALSE,0.0125,0.0035,510.1515198,0.009,367.3090515,0
5141650,סיגמא (4B) מניות ערך,מניות All Cap,מניות לפי שווי שוק,מניות בארץ,7/30/2026 0:00,8843115.93,סיגמא,,FALSE,FALSE,0.0125,0.0035,1105.389526,0.009,795.8803711,0
5141668,"סיגמא (0B) אג""ח מדורג ללא מניות",חברות והמרה ללא מניות וללא סימן קריאה,חברות והמרה ללא מניות,"אג""ח בארץ - חברות והמרה",7/30/2026 0:00,1127281.96,סיגמא,,FALSE,FALSE,0.0065,0.0035,73.27333069,0.003,33.81846237,0
5141676,תכלית TTF י(4D)י S&P 500 Momentum,אמריקה- שווקים מפותחים,"מניות גיאוגרפי - חשופת מט""ח","מניות בחו""ל",7/30/2026 0:00,7978955.04,מיטב,,TRUE,FALSE,0.0025,0,199.473877,0.0025,199.473877,0
5141684,"תכלית TTF י(4A)י S&P 500 Momentum מנוטרלת מט""ח",אמריקה- שווקים מפותחים,"מניות גיאוגרפי - מנוטרלת מט""ח","מניות בחו""ל",7/30/2026 0:00,12776099.12,מיטב,,TRUE,FALSE,0.0025,0,319.4024658,0.0025,319.4024658,0
5141692,ברק (00) כספית,כספית שקלית עם קונצרני,כספית שקלית,קרן כספית,7/30/2026 0:00,168114490.1,ברק,,FALSE,FALSE,0,0.001,0,-0.001,-1681.14502,1
5141718,תכלית TTFי (4D) ‏Quantum Computing Ecosystem iNDEX,Technology,"מניות לפי ענפים בחו""ל - חשופת מט""ח","מניות בחו""ל",7/30/2026 0:00,45454084.45,מיטב,,TRUE,FALSE,0.008,0,3636.326904,0.008,3636.326904,0
5141726,קסם KTF י(4D)י CME CF Ethereum Reference Rate (ETHUSDNY),,Ethereum,נכסים דיגיטליים,7/30/2026 0:00,767958.579,קסם,,TRUE,FALSE,0.005,0,38.39792633,0.005,38.39792633,0
5141734,קסם KTFי (00) אינדקס אג''ח תשואות 100-שקלי,בריבית קבועה,"אג""ח חברות שקלי","אג""ח בארץ - חברות והמרה",7/30/2026 0:00,66142065.58,קסם,,TRUE,FALSE,0.0022,0,1455.125366,0.0022,1455.125366,0
5141742,ילין לפידות (4A) מניות Mid Cap ישראל,מניות Large & Mid Cap ,מניות לפי שווי שוק,מניות בארץ,7/30/2026 0:00,15912798.77,ילין,,FALSE,FALSE,0.0095,0.0035,1511.71582,0.006,954.7678833,0
5141759,"MTF מחקה (4A) משולבת ת""א-125 (50%) S&P 500 י(50%) חודשי מנוטרלת מט""ח",,,אחר,7/30/2026 0:00,24534978.27,מגדל,,TRUE,FALSE,0,0,0,0,0,0
5141767,אנליסט (3C) תיק השקעות עד 50%,,"אג""ח כללי בארץ - חשיפה מרבית מעל 30% מניות","אג""ח בארץ - כללי",7/30/2026 0:00,17709656.01,אנליסט,,FALSE,FALSE,0.0068,0.0035,1204.256592,0.0033,584.4186401,0
5141775,"הראל מחקה (4A) ת""א בטחוניות",תעשיה,מניות לפי ענפים,מניות בארץ,7/30/2026 0:00,267421268,הראל,,TRUE,FALSE,0.0035,0,9359.744141,0.0035,9359.744141,0
5141783,"הראל מחקה (4A) ת""א תשתיות",תשתיות,מניות לפי ענפים,מניות בארץ,7/30/2026 0:00,60972614.34,הראל,,TRUE,FALSE,0.0025,0,1524.315308,0.0025,1524.315308,0
5141791,סלע (4B) מניות ערך ישראל,מניות All Cap,מניות לפי שווי שוק,מניות בארץ,7/30/2026 0:00,18071642.2,איילון,סלע,FALSE,FALSE,0.015900001,0.0035,2873.391113,0.012400001,2240.883789,0
5141809,דולפין (4B) מניות Large & Mid Cap ישראל,מניות Large & Mid Cap ,מניות לפי שווי שוק,מניות בארץ,7/30/2026 0:00,15453767.24,איילון,דולפין,FALSE,FALSE,0.015900001,0.0035,2457.148926,0.012400001,1916.267334,0
5141817,"ATF מחקה (0A) אינדקס אג""ח ממשלת ארה""ב - מח""מ דינמי מנוטרלת מט""ח",,"ממשלתיות מנוטרלת מט""ח - ארוך","אג""ח בחו""ל",7/30/2026 0:00,1065214.13,אנליסט,,TRUE,FALSE,0.001,0,10.65214157,0.001,10.65214157,0
5141825,"יתרונות פיננסיים (4D) מניות חו""ל","מניות כללי בחו""ל חשופת מט""ח","מניות כללי בחו""ל","מניות בחו""ל",7/30/2026 0:00,43618317.17,איילון,"יתרונות פיננסיים קפיטל מרקט בע""מ",FALSE,FALSE,0.017999999,0.0035,7851.296387,0.0145,6324.655762,0
5141833,תכלית TTF י(4B)י Indxx Super Institutional Investors Holdings 13F מנוטרלת דולר,אמריקה- שווקים מפותחים,"מניות גיאוגרפי - מנוטרלת מט""ח","מניות בחו""ל",7/30/2026 0:00,39338215.42,מיטב,,TRUE,FALSE,0.0065,0,2556.984131,0.0065,2556.984131,0
5141841,ברק (6D) אולטרה נפט WTI פי 3,,ממונפות בסיכון גבוה,ממונפות ואסטרטגיות,7/30/2026 0:00,2103005.39,ברק,,FALSE,FALSE,0.017999999,0.0035,378.5409546,0.0145,304.935791,0
5141858,"אי.בי.אי. מחקה (4A)י S&P Ethereum מנוטרלת מט""ח",,Ethereum,נכסים דיגיטליים,7/30/2026 0:00,638059.72,אי.בי.אי,,TRUE,FALSE,0.005,0,31.90298653,0.005,31.90298653,0
5141866,"אי.בי.אי. מחקה (4A)י S&P Bitcoin מנוטרלת מט""ח",,Bitcoin,נכסים דיגיטליים,7/30/2026 0:00,5591095.12,אי.בי.אי,,TRUE,FALSE,0.002,0,111.821907,0.002,111.821907,0
5141874,"מור (0A)(!) אג""ח ללא מניות","אג""ח כללי בארץ ללא מניות עם סימן קריאה","אג""ח כללי בארץ - ללא מניות","אג""ח בארץ - כללי",7/30/2026 0:00,58541078.83,מור,,FALSE,FALSE,0.0069,0.0035,4039.334717,0.0034,1990.396484,0
5141882,תכלית TTF י(4A) אינדקס תעשיות ביטחוניות ישראל,תעשיה,מניות לפי ענפים,מניות בארץ,7/30/2026 0:00,231557094.7,מיטב,,TRUE,FALSE,0.0035,0,8104.498535,0.0035,8104.498535,0
5141890,פלקון (4D) תיק השקעות גמיש,,,גמישות,7/30/2026 0:00,18003149.37,סיגמא,פלקון,FALSE,FALSE,0.0095,0.0035,1710.299194,0.006,1080.188965,0
5141908,"MTF סל (4A) ת""א-125 אקלים נקי מדלקים פוסיליים",Mid Cap & Large ,מניות לפי שווי שוק,מניות בארץ,7/30/2026 0:00,48706901.16,מגדל,,TRUE,FALSE,0.002,0,974.1380615,0.002,974.1380615,0
5141916,MTF מחקה (4A)י (ILS)י S&P Israel 70 MidCap,Mid Cap,מניות לפי שווי שוק,מניות בארץ,7/30/2026 0:00,2230790.35,מגדל,,TRUE,FALSE,0,0,0,0,0,0
5141924,MTF מחקה (4A)י (ILS)י S&P Israel 30 LargeCap,Large Cap,מניות לפי שווי שוק,מניות בארץ,7/30/2026 0:00,14613295.38,מגדל,,TRUE,FALSE,0,0,0,0,0,0
5141932,אלפי בנדק (3C) תיק השקעות עד 50%,,"אג""ח כללי בארץ - חשיפה מרבית מעל 30% מניות","אג""ח בארץ - כללי",7/30/2026 0:00,8181181.22,הראל,אלפי בנדק,FALSE,FALSE,0.0085,0.0035,695.4004517,0.005,409.059082,0
5141940,פורצ'ן (2B)י 30/70,,"אג""ח כללי בארץ - עד 30% מניות","אג""ח בארץ - כללי",7/30/2026 0:00,19608533.33,איילון,פורצן,FALSE,FALSE,0.0089,0.0035,1745.159546,0.0054,1058.860718,0
5141957,קסם KTFי(00)(!) אינדקס Bullet ישראל 2035,"אג""ח חברות שקלי וצמוד","אג""ח חברות ","אג""ח בארץ - חברות והמרה",7/30/2026 0:00,24324278.46,קסם,,TRUE,FALSE,0.0022,0,535.1340942,0.0022,535.1340942,0
5141965,קסם KTFי(00)(!) אינדקס Bullet ישראל 2034,"אג""ח חברות שקלי וצמוד","אג""ח חברות ","אג""ח בארץ - חברות והמרה",7/30/2026 0:00,41341339.14,קסם,,TRUE,FALSE,0.0022,0,909.5094604,0.0022,909.5094604,0
5141973,קסם KTFי(00)(!) אינדקס Bullet ישראל 2033,"אג""ח חברות שקלי וצמוד","אג""ח חברות ","אג""ח בארץ - חברות והמרה",7/30/2026 0:00,31102452.88,קסם,,TRUE,FALSE,0.0022,0,684.2539673,0.0022,684.2539673,0
5141981,"MTF מחקה (4A) ת""א - בנייה","נדל""ן ובנייה",מניות לפי ענפים,מניות בארץ,7/30/2026 0:00,6310104.82,מגדל,,TRUE,FALSE,0,0,0,0,0,0
5141999,"אלטשולר שחם מחקה (4A)י INDXX US Data Center Ecosystem מנוטרלת מט""ח",שילוב ענפים,"מניות לפי ענפים בחו""ל - מנוטרלת מט""ח","מניות בחו""ל",7/30/2026 0:00,106461051,אלטשולר,,TRUE,FALSE,0.008,0,8516.884766,0.008,8516.884766,0
5142005,MTF מחקה (4D)י BlueStar Top 10 Nuclear Industry מנוטרלת דולר,Alternative / Renewable Energy,"מניות לפי ענפים בחו""ל - מנוטרלת מט""ח","מניות בחו""ל",7/30/2026 0:00,3745448.4,מגדל,,TRUE,FALSE,0,0,0,0,0,0
5142013,אי.בי.אי. מחקה (4D) אינדקס מבטחי משנה גלובלי מנוטרלת דולר,Financial,"מניות לפי ענפים בחו""ל - מנוטרלת מט""ח","מניות בחו""ל",7/30/2026 0:00,7684082.83,אי.בי.אי,,TRUE,FALSE,0.004,0,307.3633423,0.004,307.3633423,0
5142021,"הראל מחקה (4A) ת""א נדל""ן-35","נדל""ן ובנייה",מניות לפי ענפים,מניות בארץ,7/30/2026 0:00,5556856.75,הראל,,TRUE,FALSE,0,0,0,0,0,0
5142039,"תכלית TTF י(4A) ‏ת""א נדל""ן-35","נדל""ן ובנייה",מניות לפי ענפים,מניות בארץ,7/30/2026 0:00,20740083.39,מיטב,,TRUE,FALSE,0,0,0,0,0,0
5142047,MTF מחקה (4D)י Indxx US Industrial Electrification Ecosystem,Industrials,"מניות לפי ענפים בחו""ל - חשופת מט""ח","מניות בחו""ל",7/30/2026 0:00,65466235.58,מגדל,,TRUE,FALSE,0.008,0,5237.299316,0.008,5237.299316,0
5142054,MTF מחקה (4D)י Crypto Ecosystem iNDEX,Technology,"מניות לפי ענפים בחו""ל - חשופת מט""ח","מניות בחו""ל",7/30/2026 0:00,1845560.34,מגדל,,TRUE,FALSE,0.008,0,147.6448364,0.008,147.6448364,0
5142062,מגדל (0D) כספית דולרית נקובה $ - כשרה,"נקובת מט""ח","כספית מט""חית עם קונצרני",קרן כספית,7/30/2026 0:00,187954313.3,מגדל,,FALSE,FALSE,0.001,0.001,1879.543335,0,0,1
5142070,MTF מחקה (4D)י Indxx US Quantum Computing Ecosystem,Technology,"מניות לפי ענפים בחו""ל - חשופת מט""ח","מניות בחו""ל",7/30/2026 0:00,10396054.85,מגדל,,TRUE,FALSE,0.008,0,831.6844482,0.008,831.6844482,0
5142088,קסם KTF י(4A)י MarketVector תעשיות בטחוניות ישראליות,תעשיה,מניות לפי ענפים,מניות בארץ,7/30/2026 0:00,79665690.04,קסם,,TRUE,FALSE,0.002,0,1593.313843,0.002,1593.313843,0
5142096,"קסם KTF י(4A)י LBMA GOLD PRICE PM USD מנוטרלת מט""ח",,סחורה ,סחורות,7/30/2026 0:00,21895596.12,קסם,,TRUE,FALSE,0.0095,0,2080.081543,0.0095,2080.081543,0
5142104,קסם KTFי (00) תל בונד שקלי A,בריבית קבועה,"אג""ח חברות שקלי","אג""ח בארץ - חברות והמרה",7/30/2026 0:00,28561045.18,קסם,,TRUE,FALSE,0,0,0,0,0,0
5142112,קסם KTF י(00)י תל בונד שקלי 5-15,בריבית קבועה - ארוך,"אג""ח חברות שקלי","אג""ח בארץ - חברות והמרה",7/30/2026 0:00,19615131.79,קסם,,TRUE,FALSE,0,0,0,0,0,0
5142120,קסם KTF י(00)י תל בונד צמודות 5-15,בריבית קבועה - ארוך,"אג""ח חברות צמודות מדד","אג""ח בארץ - חברות והמרה",7/30/2026 0:00,4279787.44,קסם,,TRUE,FALSE,0,0,0,0,0,0
5142138,ילין לפידות מחקה (00) quabify קונצרני ארוך צמוד,בריבית קבועה - ארוך,"אג""ח חברות צמודות מדד","אג""ח בארץ - חברות והמרה",7/30/2026 0:00,259606.82,ילין,,TRUE,FALSE,0.001,0,2.596068382,0.001,2.596068382,0
5142146,ילין לפידות מחקה (00) quabify קונצרני ארוך שקלי,בריבית קבועה - ארוך,"אג""ח חברות שקלי","אג""ח בארץ - חברות והמרה",7/30/2026 0:00,2045809.55,ילין,,TRUE,FALSE,0.001,0,20.45809555,0.001,20.45809555,0
5142153,ילין לפידות מחקה (4D)י Nasdaq 100,אמריקה- שווקים מפותחים,"מניות גיאוגרפי - חשופת מט""ח","מניות בחו""ל",7/30/2026 0:00,10987109.16,ילין,,TRUE,FALSE,0,0,0,0,0,0
5142161,"ילין לפידות מחקה (4A)י Nasdaq 100 מנוטרלת מט""ח",אמריקה- שווקים מפותחים,"מניות גיאוגרפי - מנוטרלת מט""ח","מניות בחו""ל",7/30/2026 0:00,18482534.9,ילין,,TRUE,FALSE,0,0,0,0,0,0
5142179,"ילין לפידות מחקה (00) quabify ממשלתי שקלי מח""מ קבוע 10",‏ריבית קבועה - ארוך,"אג""ח מדינה שקליות ","אג""ח בארץ - מדינה",7/30/2026 0:00,4082444.6,ילין,,TRUE,FALSE,0,0,0,0,0,0
5142187,"הראל מחקה (4A) ת""א-בנקים וביטוח משקל שווה",שילוב ענפים,מניות לפי ענפים,מניות בארץ,7/30/2026 0:00,4537619.22,הראל,,TRUE,FALSE,0.003,0,136.1285706,0.003,136.1285706,0
5142195,"קסם KTF י(0A)י +iBoxx $ Treasuries 10Y מנוטרלת מט""ח",,"ממשלתיות מנוטרלת מט""ח - ארוך","אג""ח בחו""ל",7/30/2026 0:00,107664184.2,קסם,,TRUE,FALSE,0.0015,0,1614.962769,0.0015,1614.962769,0
5142203,איילון פאי (4D) ביטחוניות עולמי,,"מניות לפי ענפים בחו""ל","מניות בחו""ל",7/30/2026 0:00,3804510.89,איילון,פאי פיננסיים בע״מ,FALSE,FALSE,0.0085,0.0035,323.3834534,0.005,190.2255554,0
5142211,דרך (1A)י 10/90 כשרה,"אג""ח כללי בארץ- עד 10% מניות ללא סימן קריאה","אג""ח כללי בארץ - עד 10% מניות","אג""ח בארץ - כללי",7/30/2026 0:00,7320664.88,סיגמא,דרך אינבסט,FALSE,FALSE,0.008,0.0035,585.6532593,0.0045,329.4299622,0
5142229,דרך (4A) מניות ישראל כשרה,מניות All Cap,מניות לפי שווי שוק,מניות בארץ,7/30/2026 0:00,7652271.71,סיגמא,דרך אינבסט,FALSE,FALSE,0.0185,0.0035,1415.670166,0.015000001,1147.84082,0
5142237,MTF מחקה (4A)י INDXX ביטחוניות ישראל,תעשיה,מניות לפי ענפים,מניות בארץ,7/30/2026 0:00,11552161.39,מגדל,,TRUE,FALSE,0,0,0,0,0,0
5142245,"MTF מחקה (00) אינדקס אג""ח בנקים וביטוח 5-10","אג""ח חברות שקלי וצמוד","אג""ח חברות ","אג""ח בארץ - חברות והמרה",7/30/2026 0:00,31690595.12,מגדל,,TRUE,FALSE,0,0,0,0,0,0
5142252,איילון (00) כספית כשרה,כספית שקלית עם קונצרני,כספית שקלית,קרן כספית,7/30/2026 0:00,1133780340,איילון,,FALSE,FALSE,0.0005,0.001,5668.902344,-0.0005,-5668.902344,1
5142260,אקורד (0A)(!) תיק קונצרני,חברות והמרה ללא מניות עם סימן קריאה,חברות והמרה ללא מניות,"אג""ח בארץ - חברות והמרה",7/30/2026 0:00,6023664.36,איילון,אקורד,FALSE,FALSE,0.0077,0.0035,463.8221436,0.0042,252.9939117,0
5142278,"אינווסטור 360 (4D) מניות חו""ל נקובת דולר","מניות חו""ל נקובת מט""ח","מניות כללי בחו""ל","מניות בחו""ל",7/30/2026 0:00,29528535.09,איילון,"אינווסט 360 ניהול השקעות בע""מ",FALSE,FALSE,0.009,0.0035,2657.568115,0.0055,1624.069336,0
5142294,מיטב (4B) מניות יתר,מניות Small Cap,מניות לפי שווי שוק,מניות בארץ,7/30/2026 0:00,2858982.17,מיטב,,FALSE,FALSE,0.012,0.0035,343.0778809,0.0085,243.013504,0
5142302,MTF מחקה (4D)י Indxx Pure Space Industry מנוטרלת דולר,Aerospace & Defense,"מניות לפי ענפים בחו""ל - מנוטרלת מט""ח","מניות בחו""ל",7/30/2026 0:00,5309782.85,מגדל,,TRUE,FALSE,0.005,0,265.4891357,0.005,265.4891357,0
5142310,אלטשולר שחם (4D)י LeadingApp,,"מניות לפי ענפים בחו""ל","מניות בחו""ל",7/30/2026 0:00,1145339.38,אלטשולר,,FALSE,FALSE,0.0125,0.0035,143.1674347,0.009,103.0805359,0
5142328,"MTF מחקה (4D) אינדקס רחפנים וכטב""מים גלובלי מנוטרלת דולר",Technology,"מניות לפי ענפים בחו""ל - מנוטרלת מט""ח","מניות בחו""ל",7/30/2026 0:00,2882246,מגדל,,TRUE,FALSE,0.008,0,230.5796967,0.008,230.5796967,0
5142336,זהב,,"מניות לפי ענפים בחו""ל","מניות בחו""ל",7/30/2026 0:00,6980764.56,מגדל,,FALSE,FALSE,0.007,0.0035,488.6535339,0.0035,244.326767,0
5142344,MTF מחקה (0D) אינדקס מדינת ישראל דולר לפדיון 2035 (מתגלגל כל 10 שנים) נקובה $,,"ממשלתיות חשופת מט""ח - ארוך","אג""ח בחו""ל",7/30/2026 0:00,49541409.99,מגדל,,TRUE,FALSE,0.002,0,990.8282471,0.002,990.8282471,0
5142351,"איילון (4A) מניות נדל""ן למגורים",,מניות לפי ענפים,מניות בארץ,7/30/2026 0:00,264174.26,איילון,,FALSE,FALSE,0.0069,0.0035,18.22802353,0.0034,8.981924057,0
5142369,קסם אקטיב (4B) מניות תעשיות בטחוניות,,מניות לפי ענפים,מניות בארץ,7/30/2026 0:00,3014997.82,קסם,,FALSE,FALSE,0.0065,0.0035,195.9748535,0.003,90.44993591,0
5142377,קסם אקטיב (00) כספית כשרה,כספית שקלית עם קונצרני,כספית שקלית,קרן כספית,7/30/2026 0:00,1452315967,קסם,,FALSE,FALSE,0.00025,0.001,3630.790039,-0.00075,-10892.37012,1
5142393,סלע (3C)י 50/50,,"אג""ח כללי בארץ - חשיפה מרבית מעל 30% מניות","אג""ח בארץ - כללי",7/30/2026 0:00,5926664.9,איילון,סלע,FALSE,FALSE,0.0085,0.0035,503.766571,0.005,296.333252,0
5142401,אנליסט (1B)י 10/90 מודל ESG,"אג""ח כללי בארץ- עד 10% מניות ללא סימן קריאה","אג""ח כללי בארץ - עד 10% מניות","אג""ח בארץ - כללי",7/30/2026 0:00,1178511.36,אנליסט,,FALSE,FALSE,0.0048,0.0035,56.5685463,0.0013,15.32064915,0
5142419,"אלטשולר שחם מחקה (4A) ת""א 35",Large Cap,מניות לפי שווי שוק,מניות בארץ,7/30/2026 0:00,44966081.78,אלטשולר,,TRUE,FALSE,0,0,0,0,0,0
5142427,קסם KTF י(4A)י אינדקס אנרגיה ישראלית,"נפט, גז ואנרגיה",מניות לפי ענפים,מניות בארץ,7/30/2026 0:00,3521543.87,קסם,,TRUE,FALSE,0.0025,0,88.03858948,0.0025,88.03858948,0
5142435,קסם KTF י(4A)י MarketVector תשתיות ישראל,תשתיות,מניות לפי ענפים,מניות בארץ,7/30/2026 0:00,3608142.13,קסם,,TRUE,FALSE,0.002,0,72.16284943,0.002,72.16284943,0
5142443,הראל מחקה (00) תל בונד שקלי - בנקים וביטוח,בריבית קבועה,"אג""ח חברות שקלי","אג""ח בארץ - חברות והמרה",7/30/2026 0:00,27542520.27,הראל,,TRUE,FALSE,0,0,0,0,0,0
5142450,ברק (6D) אולטרה RUSSELL 2000 פי 3,,ממונפות בסיכון גבוה,ממונפות ואסטרטגיות,7/30/2026 0:00,2405014.25,ברק,,FALSE,FALSE,0.017999999,0.0035,432.9025269,0.0145,348.7270508,0
5142476,אי.בי.אי. מחקה (4A)י MSCI AC World EX USA מנוטרלת דולר,,"מניות גלובליות - מנוטרלת מט""ח","מניות בחו""ל",7/30/2026 0:00,31031801.71,אי.בי.אי,,TRUE,FALSE,0,0,0,0,0,0
5142484,אי.בי.אי. מחקה (4D)י MarketVector Space Industry מנוטרלת דולר,Aerospace & Defense,"מניות לפי ענפים בחו""ל - מנוטרלת מט""ח","מניות בחו""ל",7/30/2026 0:00,129193485.2,אי.בי.אי,,TRUE,FALSE,0.0065,0,8397.577148,0.0065,8397.577148,0
5142492,אלטשולר שחם מחקה (4D)י A.B US Top 15 Healthcare,Health Care,"מניות לפי ענפים בחו""ל - חשופת מט""ח","מניות בחו""ל",7/30/2026 0:00,610025.08,אלטשולר,,TRUE,FALSE,0.008,0,48.80200958,0.008,48.80200958,0
5142534,ילין לפידות (0D) כספית דולרית – נקובה $,"נקובת מט""ח","כספית מט""חית עם קונצרני",קרן כספית,7/30/2026 0:00,812850.26,ילין,,FALSE,FALSE,0.001,0.001,8.128502846,0,0,1
5142567,תשתיות ישראל,,מניות לפי ענפים,מניות בארץ,7/30/2026 0:00,106012,מגדל,,FALSE,FALSE,0.005,0.0035,5.300600052,0.0015,1.590179801,0
5142575,תכלית TTFי (4D) אינדקס תעשיית החלל גלובלי מנוטרלת דולר,Aerospace & Defense,"מניות לפי ענפים בחו""ל - מנוטרלת מט""ח","מניות בחו""ל",7/30/2026 0:00,24327666.84,מיטב,,TRUE,FALSE,0.005,0,1216.383301,0.005,1216.383301,0
5142591,תכלית MSCI Emerging Markets (4A) TTF מנוטרלת דולר,גלובלי- שווקים מתעוררים,"מניות גיאוגרפי - מנוטרלת מט""ח","מניות בחו""ל",7/30/2026 0:00,6462510.08,מיטב,,TRUE,FALSE,0.0059,0,381.2881165,0.0059,381.2881165,0
5142609,תכלית TTF י(4A) אינדקס אנרגיה ישראלית,"נפט, גז ואנרגיה",מניות לפי ענפים,מניות בארץ,7/30/2026 0:00,5082757.51,מיטב,,TRUE,FALSE,0.0025,0,127.0689316,0.0025,127.0689316,0
5142617,תכלית TTF י(4D)י World Top 100 ex US iNDEX מנוטרלת דולר,גלובלי- שווקים מפותחים,"מניות גיאוגרפי - מנוטרלת מט""ח","מניות בחו""ל",7/30/2026 0:00,4205116.35,מיטב,,TRUE,FALSE,0.005,0,210.2558136,0.005,210.2558136,0
5142625,"תכלית TTF י(4A) ת""א טכנולוגיה 35",טכנולוגיה,מניות לפי ענפים,מניות בארץ,7/30/2026 0:00,16039503.25,מיטב,,TRUE,FALSE,0,0,0,0,0,0
5142633,"ATF מחקה (4A) אינדקס חברות פרויקטים מניבים (נדל""ן ואנרגיה) ישראל",שילוב ענפים,מניות לפי ענפים,מניות בארץ,7/30/2026 0:00,2060339.07,אנליסט,,TRUE,FALSE,0.0045,0,92.71525574,0.0045,92.71525574,0
5142641,"תכלית TTF י(4A)י S&P 500 3AI Sector Rotator נתמך AI מנוטרלת מט""ח",אמריקה- שווקים מפותחים,"מניות גיאוגרפי - מנוטרלת מט""ח","מניות בחו""ל",7/30/2026 0:00,4037132.1,מיטב,,TRUE,FALSE,0.0065,0,262.4135742,0.0065,262.4135742,0
5142658,אנרגיה ישראל,,מניות לפי ענפים,מניות בארץ,7/30/2026 0:00,808727.32,מגדל,,FALSE,FALSE,0.005,0.0035,40.43636322,0.0015,12.13090801,0
5142666,קסם אקטיב (4B) מניות אנרגיה מתחדשת,,מניות לפי ענפים,מניות בארץ,7/30/2026 0:00,1111666.45,קסם,,FALSE,FALSE,0.0065,0.0035,72.25832367,0.003,33.34999466,0
5142674,"אילים (0B) אג""ח והנפקות","אג""ח כללי בארץ ללא מניות וללא סימן קריאה ","אג""ח כללי בארץ - ללא מניות","אג""ח בארץ - כללי",7/30/2026 0:00,1523033.61,אילים,,FALSE,FALSE,0.0059,0.0035,89.8589859,0.0024,36.55280685,0
5142682,מור מחקה (4D) אינדקס US Technology Services 50,Technology,"מניות לפי ענפים בחו""ל - חשופת מט""ח","מניות בחו""ל",7/30/2026 0:00,21853350.16,מור,,TRUE,FALSE,0.005,0,1092.66748,0.005,1092.66748,0
5142690,MTF מחקה (4A) אינדקס אנרגיה מתחדשת ישראל,"נפט, גז ואנרגיה",מניות לפי ענפים,מניות בארץ,7/30/2026 0:00,1214403.54,מגדל,,TRUE,FALSE,0.005,0,60.72017288,0.005,60.72017288,0
5142732,ATF מחקה (00) תל בונד 60 שקלי,בריבית קבועה,"אג""ח חברות שקלי","אג""ח בארץ - חברות והמרה",7/30/2026 0:00,7952329.91,אנליסט,,TRUE,FALSE,0.001,0,79.5233078,0.001,79.5233078,0
5142740,ATF מחקה (00) תל בונד AA פיזור מנפיקים,"אג""ח חברות שקלי וצמוד","אג""ח חברות ","אג""ח בארץ - חברות והמרה",7/30/2026 0:00,1316062.88,אנליסט,,TRUE,FALSE,0.001,0,13.16062927,0.001,13.16062927,0
5142757,ATF מחקה (00) תל בונד A פיזור מנפיקים,"אג""ח חברות שקלי וצמוד","אג""ח חברות ","אג""ח בארץ - חברות והמרה",7/30/2026 0:00,5789593.17,אנליסט,,TRUE,FALSE,0.001,0,57.89593506,0.001,57.89593506,0
5142765,אי.בי.אי. מחקה (4A) אינדקס תיירות ישראל,ענפים אחרים,מניות לפי ענפים,מניות בארץ,7/30/2026 0:00,962319.49,אי.בי.אי,,TRUE,FALSE,0.004,0,38.49278259,0.004,38.49278259,0
5142799,"הראל מחקה (4D) ת""א 125 - נקובה $",Mid Cap & Large ,מניות לפי שווי שוק,מניות בארץ,7/30/2026 0:00,16334808.3,הראל,,TRUE,FALSE,0,0,0,0,0,0
5142831,LargeCap תוכנה,,"מניות לפי ענפים בחו""ל","מניות בחו""ל",7/30/2026 0:00,3025679.78,מגדל,,FALSE,FALSE,0.005,0.0035,151.2839813,0.0015,45.38518906,0
5142856,פורטה (4B) תיק מניות Large & Mid Cap ישראל,מניות Large & Mid Cap ,מניות לפי שווי שוק,מניות בארץ,7/30/2026 0:00,12040642.22,סיגמא,פורטה,FALSE,FALSE,0.015,0.0035,1806.096191,0.011499999,1384.673706,0
5142864,אי.בי.אי. (0D) כספית דולרית נקובה $ - כשרה,"נקובת מט""ח","כספית מט""חית עם קונצרני",קרן כספית,7/30/2026 0:00,109003868.6,אי.בי.אי,,FALSE,FALSE,0.001,0.001,1090.038818,0,0,1
5142872,"הראל מחקה (4D) ת""א ביטחוניות - נקובה $",תעשיה,מניות לפי ענפים,מניות בארץ,7/30/2026 0:00,574024.74,הראל,,TRUE,FALSE,0.0035,0,20.09086609,0.0035,20.09086609,0
5142880,"קסם KTF י(4D) אינדקס אנרגיה מתחדשת ארה""ב וישראל","נפט, גז ואנרגיה",מניות לפי ענפים,מניות בארץ,7/30/2026 0:00,1068081.58,קסם,,TRUE,FALSE,0.005,0,53.40407944,0.005,53.40407944,0
5142898,"פורטה (0A)(!) אג""ח קונצרני",חברות והמרה ללא מניות עם סימן קריאה,חברות והמרה ללא מניות,"אג""ח בארץ - חברות והמרה",7/30/2026 0:00,539806.59,סיגמא,פורטה,FALSE,FALSE,0.0085,0.0035,45.88356018,0.005,26.99032974,0
5142906,אנליסט (00) כספית שקלית כשרה,כספית שקלית עם קונצרני,כספית שקלית,קרן כספית,7/30/2026 0:00,32850744.89,אנליסט,,FALSE,FALSE,0.0004,0.001,131.4029694,-0.0006,-197.1044769,1
5142914,סיגמא (4D) אנרגיה אקו-סיסטם גלובלי,,"מניות לפי ענפים בחו""ל","מניות בחו""ל",7/30/2026 0:00,1088677.52,סיגמא,,FALSE,FALSE,0.0089,0.0035,96.89229584,0.0054,58.78858185,0
5142963,ברק (6D) אולטרה PHLX SEMICONDUCTOR פי 3,,ממונפות בסיכון גבוה,ממונפות ואסטרטגיות,7/30/2026 0:00,258800,ברק,,FALSE,FALSE,0.017999999,0.0035,46.58399582,0.0145,37.52600098,0
5231030,הראל (2B) שקלית קונצרני פלוס,,חברות והמרה שקלי עם מניות,"אג""ח בארץ - חברות והמרה",7/30/2026 0:00,60227154.79,הראל,,FALSE,FALSE,0.0055,0.0035,3312.493652,0.002,1204.543091,0
5231055,"הראל (0B)(!) נבחרת אג""ח","אג""ח כללי בארץ ללא מניות עם סימן קריאה","אג""ח כללי בארץ - ללא מניות","אג""ח בארץ - כללי",7/30/2026 0:00,121241790.9,הראל,,FALSE,FALSE,0.0058,0.0035,7032.023438,0.0023,2788.561035,0
5231097,הראל (0D) כספית דולרית,חשופת דולר,"כספית מט""חית עם קונצרני",קרן כספית,7/30/2026 0:00,51008818.99,הראל,,FALSE,FALSE,0.0078,0.001,3978.687744,0.0068,3468.599365,1
5520044,מיטב סקיי (4D) השקעות,,,גמישות,7/30/2026 0:00,243156454.8,מיטב,"רונן זכריה השקעות בע""מ",FALSE,FALSE,0.015,0.0035,36473.46484,0.011499999,27962.98828,0
